episode_seed,agent_returns,agent_reward_components,any_kill,at_least_two_kill,blue_attack_kills,blue_boundary_hard_contacts,blue_boundary_soft_recovery_step_rate,blue_boundary_soft_recovery_steps,blue_combat_survivors,blue_half_lock_active_step_rate,blue_half_lock_active_steps,blue_half_lock_episode_rate,blue_half_lock_ever,blue_lock_active_step_rate,blue_lock_active_steps,blue_lock_episode_rate,blue_lock_ever,blue_lock_kills,blue_max_lock_progress,death_causes,dense_clip_negative_saturation_rate,dense_clip_positive_saturation_rate,dense_clip_saturation_rate,environment_outcome,environment_variant,episode_length,episode_return,first_kill_time,full_elimination,full_elimination_consistency_pass,full_elimination_rate,half_lock_episode_rate,lock_episode_rate,mean_blue_boundary_hard_contacts,mean_blue_max_lock_progress,mean_max_lock_progress,mean_red_boundary_hard_contacts,mean_red_max_lock_progress,mean_support_boundary_hard_contacts,mutual_elimination_draw,non_lock_blue_death_count,non_lock_red_combat_death_count,raw_dense_reward_max,raw_dense_reward_mean,raw_dense_reward_min,red_1_half_lock,red_1_kills,red_1_max_lock,red_1_survival,red_2_half_lock,red_2_kills,red_2_max_lock,red_2_survival,red_3_half_lock,red_3_kills,red_3_max_lock,red_3_survival,red_any_attack_kill,red_attack_kill_distribution,red_attack_kills,red_boundary_hard_contacts,red_boundary_soft_recovery_step_rate,red_boundary_soft_recovery_steps,red_combat_survivors,red_complete_elimination_success,red_full_elimination,red_half_lock_active_step_rate,red_half_lock_active_steps,red_half_lock_episode_rate,red_half_lock_ever,red_lock_active_step_rate,red_lock_active_steps,red_lock_episode_rate,red_lock_ever,red_lock_kills,red_max_lock_progress,red_total_loss,red_win,reward_components,strict_full_elimination,strict_full_elimination_rate,support_active_cue_pair_steps,support_active_cue_steps,support_assisted_episode_rate,support_assisted_kill_rate,support_assisted_kills,support_boundary_hard_contacts,support_boundary_soft_recovery_step_rate,support_boundary_soft_recovery_steps,support_cue_count,support_cue_pair_step_rate,support_cue_rate,support_cue_to_direct_rate,support_cue_to_half_lock_rate,support_cue_update_count,support_eligible_steps,support_survived,target_switch_count,task_win,termination_reason,timeout_draw,timeout_red_loss,timeout_red_win
50042,"{""red_0"": 0.9949914588389546, ""red_1"": -9.51442002403659, ""red_2"": -9.062113395234661, ""red_3"": -8.817814540322194}","{""red_0"": {""agent_total_reward"": 0.9949914588389546, ""angle_state_reward"": 0.0, ""boundary_penalty"": 0.0, ""combat_state_reward"": 0.0, ""death_penalty"": 0.0, ""distance_state_reward"": 0.0, ""own_kill_reward"": 0.0, ""support_awareness_state_reward"": 278.0, ""support_position_state_reward"": -19.501423526840902, ""support_state_reward"": 0.9949914588389546, ""team_kill_reward"": 0.0}, ""red_1"": {""agent_total_reward"": -9.51442002403659, ""angle_state_reward"": -274.9183088636504, ""boundary_penalty"": 0.0, ""combat_state_reward"": -5.514420024036591, ""death_penalty"": -4.0, ""distance_state_reward"": 130.87136282633426, ""own_kill_reward"": 0.0, ""support_awareness_state_reward"": 0.0, ""support_position_state_reward"": 0.0, ""support_state_reward"": 0.0, ""team_kill_reward"": 0.0}, ""red_2"": {""agent_total_reward"": -9.062113395234661, ""angle_state_reward"": -253.09950306487917, ""boundary_penalty"": 0.0, ""combat_state_reward"": -5.06211339523466, ""death_penalty"": -4.0, ""distance_state_reward"": 169.52201052320905, ""own_kill_reward"": 0.0, ""support_awareness_state_reward"": 0.0, ""support_position_state_reward"": 0.0, ""support_state_reward"": 0.0, ""team_kill_reward"": 0.0}, ""red_3"": {""agent_total_reward"": -8.817814540322194, ""angle_state_reward"": -240.89071826986952, ""boundary_penalty"": 0.0, ""combat_state_reward"": -4.817814540322194, ""death_penalty"": -4.0, ""distance_state_reward"": 159.16469558767395, ""own_kill_reward"": 0.0, ""support_awareness_state_reward"": 0.0, ""support_position_state_reward"": 0.0, ""support_state_reward"": 0.0, ""team_kill_reward"": 0.0}}",False,False,3,0,0.0,0.0,3,0.20863309352517986,58.0,1.0,True,0.460431654676259,128.0,1.0,True,3,1.0,"{""blue_0"": 0, ""blue_1"": 0, ""blue_2"": 0, ""red_0"": 0, ""red_1"": 5, ""red_2"": 5, ""red_3"": 5}",0.0,0.0,0.0,blue,functional_heterogeneous_4v3_v15_paper_compact_attack_reward,278,-6.599839125188621,,False,True,0.0,0.0,1.0,0.0,1.0,0.24316578765142088,0.0,0.24316578765142088,0.0,False,0,0,0.0,0.0,0.0,0.0,0.0,0.0969093069434166,0.0,0.0,0.0,0.2431657910346985,0.0,0.0,0.0,0.17725028097629547,0.0,False,"{""0"": 1.0, ""1"": 0.0, ""2"": 0.0, ""3"": 0.0}",0,0,0.0,0.0,0,False,False,0.0,0.0,0.0,False,0.21942446043165467,61.0,1.0,True,0,0.24316578765142088,True,False,"{""boundary_penalty"": 0.0, ""combat_state_reward"": -3.848586989898363, ""death_penalty"": -3.0, ""own_kill_reward"": 0.0, ""support_state_reward"": 0.24874786470973864, ""team_kill_reward"": 0.0, ""team_total_reward"": -6.599839125188621}",False,0.0,779.0,278.0,0.0,0.0,0,0,0.0,0.0,6,0.934052757793765,1.0,1.0,0.0,14,278.0,True,7,False,red_total_loss,False,False,False
50043,"{""red_0"": 1.4360277028647703, ""red_1"": -6.260000000000002, ""red_2"": -11.458244233933929, ""red_3"": -8.722595861908776}","{""red_0"": {""agent_total_reward"": 1.4360277028647703, ""angle_state_reward"": 0.0, ""boundary_penalty"": 0.0, ""combat_state_reward"": 0.0, ""death_penalty"": 0.0, ""distance_state_reward"": 0.0, ""own_kill_reward"": 0.0, ""support_awareness_state_reward"": 376.0, ""support_position_state_reward"": -11.328716189205249, ""support_state_reward"": 1.4360277028647703, ""team_kill_reward"": 0.0}, ""red_1"": {""agent_total_reward"": -6.260000000000002, ""angle_state_reward"": -113.0, ""boundary_penalty"": 0.0, ""combat_state_reward"": -2.2600000000000016, ""death_penalty"": -4.0, ""distance_state_reward"": 14.833382520365838, ""own_kill_reward"": 0.0, ""support_awareness_state_reward"": 0.0, ""support_position_state_reward"": 0.0, ""support_state_reward"": 0.0, ""team_kill_reward"": 0.0}, ""red_2"": {""agent_total_reward"": -11.458244233933929, ""angle_state_reward"": -372.91221169669956, ""boundary_penalty"": 0.0, ""combat_state_reward"": -7.45824423393393, ""death_penalty"": -4.0, ""distance_state_reward"": 243.5353313799633, ""own_kill_reward"": 0.0, ""support_awareness_state_reward"": 0.0, ""support_position_state_reward"": 0.0, ""support_state_reward"": 0.0, ""team_kill_reward"": 0.0}, ""red_3"": {""agent_total_reward"": -8.722595861908776, ""angle_state_reward"": -236.12979309543877, ""boundary_penalty"": 0.0, ""combat_state_reward"": -4.722595861908775, ""death_penalty"": -4.0, ""distance_state_reward"": 138.68500762750705, ""own_kill_reward"": 0.0, ""support_awareness_state_reward"": 0.0, ""support_position_state_reward"": 0.0, ""support_state_reward"": 0.0, ""team_kill_reward"": 0.0}}",False,False,3,0,0.0,0.0,3,0.26063829787234044,98.0,1.0,True,0.7686170212765957,289.0,1.0,True,3,1.0,"{""blue_0"": 0, ""blue_1"": 0, ""blue_2"": 0, ""red_0"": 0, ""red_1"": 5, ""red_2"": 5, ""red_3"": 5}",0.0,0.0,0.0,blue,functional_heterogeneous_4v3_v15_paper_compact_attack_reward,376,-6.251203098244497,,False,True,0.0,0.0,1.0,0.0,1.0,0.17728661642250357,0.0,0.17728661642250357,0.0,False,0,0,0.0,0.0,0.0,0.0,0.0,0.0,0.0,0.0,0.0,0.17728661000728607,0.0,0.0,0.0,0.07371878623962402,0.0,False,"{""0"": 1.0, ""1"": 0.0, ""2"": 0.0, ""3"": 0.0}",0,0,0.0,0.0,0,False,False,0.0,0.0,0.0,False,0.13829787234042554,52.0,1.0,True,0,0.17728661642250357,True,False,"{""boundary_penalty"": 0.0, ""combat_state_reward"": -3.6102100239606605, ""death_penalty"": -3.0, ""own_kill_reward"": 0.0, ""support_state_reward"": 0.3590069257161926, ""team_kill_reward"": 0.0, ""team_total_reward"": -6.251203098244497}",False,0.0,728.0,376.0,0.0,0.0,0,0,0.0,0.0,6,0.6453900709219859,1.0,1.0,0.0,19,376.0,True,7,False,red_total_loss,False,False,False
50044,"{""red_0"": 1.400432143552581, ""red_1"": -13.708113617932577, ""red_2"": -9.626330247541324, ""red_3"": -9.372163746762094}","{""red_0"": {""agent_total_reward"": 1.400432143552581, ""angle_state_reward"": 0.0, ""boundary_penalty"": 0.0, ""combat_state_reward"": 0.0, ""death_penalty"": 0.0, ""distance_state_reward"": 0.0, ""own_kill_reward"": 0.0, ""support_awareness_state_reward"": 488.0, ""support_position_state_reward"": -91.92797607456954, ""support_state_reward"": 1.400432143552581, ""team_kill_reward"": 0.0}, ""red_1"": {""agent_total_reward"": -13.708113617932577, ""angle_state_reward"": -485.36957925861964, ""boundary_penalty"": 0.0, ""combat_state_reward"": -9.708113617932577, ""death_penalty"": -4.0, ""distance_state_reward"": 239.4394801162328, ""own_kill_reward"": 0.0, ""support_awareness_state_reward"": 0.0, ""support_position_state_reward"": 0.0, ""support_state_reward"": 0.0, ""team_kill_reward"": 0.0}, ""red_2"": {""agent_total_reward"": -9.626330247541324, ""angle_state_reward"": -281.19941473628114, ""boundary_penalty"": 0.0, ""combat_state_reward"": -5.626330247541324, ""death_penalty"": -4.0, ""distance_state_reward"": 179.78331571606606, ""own_kill_reward"": 0.0, ""support_awareness_state_reward"": 0.0, ""support_position_state_reward"": 0.0, ""support_state_reward"": 0.0, ""team_kill_reward"": 0.0}, ""red_3"": {""agent_total_reward"": -9.372163746762094, ""angle_state_reward"": -268.31213312651647, ""boundary_penalty"": 0.0, ""combat_state_reward"": -5.372163746762094, ""death_penalty"": -4.0, ""distance_state_reward"": 150.57665050210545, ""own_kill_reward"": 0.0, ""support_awareness_state_reward"": 0.0, ""support_position_state_reward"": 0.0, ""support_state_reward"": 0.0, ""team_kill_reward"": 0.0}}",False,False,3,0,0.0,0.0,3,0.13319672131147542,65.0,1.0,True,0.5594262295081968,273.0,1.0,True,3,1.0,"{""blue_0"": 0, ""blue_1"": 0, ""blue_2"": 0, ""red_0"": 0, ""red_1"": 5, ""red_2"": 5, ""red_3"": 5}",0.0,0.0,0.0,blue,functional_heterogeneous_4v3_v15_paper_compact_attack_reward,488,-7.826543867170853,,False,True,0.0,0.0,1.0,0.0,1.0,0.3079513304372069,0.0,0.3079513304372069,0.0,False,0,0,0.0,0.0,0.0,0.0,0.0,0.12923327088356018,0.0,0.0,0.0,0.30795133113861084,0.0,0.0,0.0,0.28325915336608887,0.0,False,"{""0"": 1.0, ""1"": 0.0, ""2"": 0.0, ""3"": 0.0}",0,0,0.0,0.0,0,False,False,0.0,0.0,0.0,False,0.16393442622950818,80.0,1.0,True,0,0.3079513304372069,True,False,"{""boundary_penalty"": 0.0, ""combat_state_reward"": -5.176651903059003, ""death_penalty"": -3.0, ""own_kill_reward"": 0.0, ""support_state_reward"": 0.35010803588814526, ""team_kill_reward"": 0.0, ""team_total_reward"": -7.826543867170853}",False,0.0,1047.0,488.0,0.0,0.0,0,0,0.0,0.0,7,0.7151639344262295,1.0,1.0,0.0,25,488.0,True,12,False,red_total_loss,False,False,False
50045,"{""red_0"": 1.5281383107529993, ""red_1"": -6.120000000000001, ""red_2"": -8.978140200859979, ""red_3"": -6.420000000000002}","{""red_0"": {""agent_total_reward"": 1.5281383107529993, ""angle_state_reward"": 0.0, ""boundary_penalty"": 0.0, ""combat_state_reward"": 0.0, ""death_penalty"": 0.0, ""distance_state_reward"": 0.0, ""own_kill_reward"": 0.0, ""support_awareness_state_reward"": 252.0, ""support_position_state_reward"": 86.68971845883362, ""support_state_reward"": 1.5281383107529993, ""team_kill_reward"": 0.0}, ""red_1"": {""agent_total_reward"": -6.120000000000001, ""angle_state_reward"": -106.0, ""boundary_penalty"": 0.0, ""combat_state_reward"": -2.1200000000000014, ""death_penalty"": -4.0, ""distance_state_reward"": -16.109741729579405, ""own_kill_reward"": 0.0, ""support_awareness_state_reward"": 0.0, ""support_position_state_reward"": 0.0, ""support_state_reward"": 0.0, ""team_kill_reward"": 0.0}, ""red_2"": {""agent_total_reward"": -8.978140200859979, ""angle_state_reward"": -248.90701004299916, ""boundary_penalty"": 0.0, ""combat_state_reward"": -4.978140200859978, ""death_penalty"": -4.0, ""distance_state_reward"": 132.76077844725512, ""own_kill_reward"": 0.0, ""support_awareness_state_reward"": 0.0, ""support_position_state_reward"": 0.0, ""support_state_reward"": 0.0, ""team_kill_reward"": 0.0}, ""red_3"": {""agent_total_reward"": -6.420000000000002, ""angle_state_reward"": -121.0, ""boundary_penalty"": 0.0, ""combat_state_reward"": -2.4200000000000017, ""death_penalty"": -4.0, ""distance_state_reward"": 5.2069239326095555, ""own_kill_reward"": 0.0, ""support_awareness_state_reward"": 0.0, ""support_position_state_reward"": 0.0, ""support_state_reward"": 0.0, ""team_kill_reward"": 0.0}}",False,False,3,0,0.0,0.0,3,0.32142857142857145,81.0,1.0,True,0.7619047619047619,192.0,1.0,True,3,1.0,"{""blue_0"": 0, ""blue_1"": 0, ""blue_2"": 0, ""red_0"": 0, ""red_1"": 5, ""red_2"": 5, ""red_3"": 5}",0.0,0.0,0.0,blue,functional_heterogeneous_4v3_v15_paper_compact_attack_reward,252,-4.997500472526748,,False,True,0.0,0.0,1.0,0.0,1.0,0.17777023543690432,0.0,0.17777023543690432,0.0,False,0,0,0.0,0.0,0.0,0.0,0.0,0.0,0.0,0.0,0.0,0.1777702420949936,0.0,0.0,0.0,0.0,0.0,False,"{""0"": 1.0, ""1"": 0.0, ""2"": 0.0, ""3"": 0.0}",0,0,0.0,0.0,0,False,False,0.0,0.0,0.0,False,0.1746031746031746,44.0,1.0,True,0,0.17777023543690432,True,False,"{""boundary_penalty"": 0.0, ""combat_state_reward"": -2.379535050214984, ""death_penalty"": -3.0, ""own_kill_reward"": 0.0, ""support_state_reward"": 0.38203457768824983, ""team_kill_reward"": 0.0, ""team_total_reward"": -4.997500472526748}",False,0.0,481.0,252.0,0.0,0.0,0,0,0.0,0.0,6,0.6362433862433863,1.0,1.0,0.0,13,252.0,True,8,False,red_total_loss,False,False,False
50046,"{""red_0"": 1.2941548600379988, ""red_1"": -6.999797968498019, ""red_2"": -7.999857305106512, ""red_3"": -6.8000000000000025}","{""red_0"": {""agent_total_reward"": 1.2941548600379988, ""angle_state_reward"": 0.0, ""boundary_penalty"": 0.0, ""combat_state_reward"": 0.0, ""death_penalty"": 0.0, ""distance_state_reward"": 0.0, ""own_kill_reward"": 0.0, ""support_awareness_state_reward"": 201.0, ""support_position_state_reward"": 81.69247667299959, ""support_state_reward"": 1.2941548600379988, ""team_kill_reward"": 0.0}, ""red_1"": {""agent_total_reward"": -6.999797968498019, ""angle_state_reward"": -149.9844554839722, ""boundary_penalty"": 0.0, ""combat_state_reward"": -2.9997979684980183, ""death_penalty"": -4.0, ""distance_state_reward"": 29.206033544808513, ""own_kill_reward"": 0.0, ""support_awareness_state_reward"": 0.0, ""support_position_state_reward"": 0.0, ""support_state_reward"": 0.0, ""team_kill_reward"": 0.0}, ""red_2"": {""agent_total_reward"": -7.999857305106512, ""angle_state_reward"": -199.99286525532548, ""boundary_penalty"": 0.0, ""combat_state_reward"": -3.999857305106512, ""death_penalty"": -4.0, ""distance_state_reward"": 83.83197769922991, ""own_kill_reward"": 0.0, ""support_awareness_state_reward"": 0.0, ""support_position_state_reward"": 0.0, ""support_state_reward"": 0.0, ""team_kill_reward"": 0.0}, ""red_3"": {""agent_total_reward"": -6.8000000000000025, ""angle_state_reward"": -140.0, ""boundary_penalty"": 0.0, ""combat_state_reward"": -2.800000000000002, ""death_penalty"": -4.0, ""distance_state_reward"": 22.06242712124363, ""own_kill_reward"": 0.0, ""support_awareness_state_reward"": 0.0, ""support_position_state_reward"": 0.0, ""support_state_reward"": 0.0, ""team_kill_reward"": 0.0}}",False,False,3,0,0.0,0.0,3,0.19402985074626866,39.0,1.0,True,0.527363184079602,106.0,1.0,True,3,1.0,"{""blue_0"": 0, ""blue_1"": 0, ""blue_2"": 0, ""red_0"": 0, ""red_1"": 5, ""red_2"": 5, ""red_3"": 5}",0.0,0.0,0.0,blue,functional_heterogeneous_4v3_v15_paper_compact_attack_reward,201,-5.126375103391625,,False,True,0.0,0.0,1.0,0.0,1.0,0.009388635806953757,0.0,0.009388635806953757,0.0,False,0,0,0.0,0.0,0.0,0.0,0.0,0.0008586338954046369,0.0,0.0,0.0,0.0006064532790333033,0.0,0.0,0.0,0.0,0.0,False,"{""0"": 1.0, ""1"": 0.0, ""2"": 0.0, ""3"": 0.0}",0,0,0.0,0.0,0,False,False,0.0,0.0,0.0,False,0.01990049751243781,4.0,1.0,True,0,0.009388635806953757,True,False,"{""boundary_penalty"": 0.0, ""combat_state_reward"": -2.4499138184011198, ""death_penalty"": -3.0, ""own_kill_reward"": 0.0, ""support_state_reward"": 0.3235387150094997, ""team_kill_reward"": 0.0, ""team_total_reward"": -5.126375103391625}",False,0.0,493.0,201.0,0.0,0.0,0,0,0.0,0.0,7,0.8175787728026535,1.0,1.0,0.0,11,201.0,True,9,False,red_total_loss,False,False,False
50047,"{""red_0"": 1.6184689042606137, ""red_1"": -8.619729852621987, ""red_2"": -7.909359032900104, ""red_3"": -9.146517750870133}","{""red_0"": {""agent_total_reward"": 1.6184689042606137, ""angle_state_reward"": 0.0, ""boundary_penalty"": 0.0, ""combat_state_reward"": 0.0, ""death_penalty"": 0.0, ""distance_state_reward"": 0.0, ""own_kill_reward"": 0.0, ""support_awareness_state_reward"": 259.0, ""support_position_state_reward"": 97.07815071010228, ""support_state_reward"": 1.6184689042606137, ""team_kill_reward"": 0.0}, ""red_1"": {""agent_total_reward"": -8.619729852621987, ""angle_state_reward"": -230.98649263109982, ""boundary_penalty"": 0.0, ""combat_state_reward"": -4.619729852621987, ""death_penalty"": -4.0, ""distance_state_reward"": 117.2588688453682, ""own_kill_reward"": 0.0, ""support_awareness_state_reward"": 0.0, ""support_position_state_reward"": 0.0, ""support_state_reward"": 0.0, ""team_kill_reward"": 0.0}, ""red_2"": {""agent_total_reward"": -7.909359032900104, ""angle_state_reward"": -195.46795164500512, ""boundary_penalty"": 0.0, ""combat_state_reward"": -3.909359032900104, ""death_penalty"": -4.0, ""distance_state_reward"": 79.71935646499429, ""own_kill_reward"": 0.0, ""support_awareness_state_reward"": 0.0, ""support_position_state_reward"": 0.0, ""support_state_reward"": 0.0, ""team_kill_reward"": 0.0}, ""red_3"": {""agent_total_reward"": -9.146517750870133, ""angle_state_reward"": -257.322340179736, ""boundary_penalty"": 0.0, ""combat_state_reward"": -5.146517750870133, ""death_penalty"": -4.0, ""distance_state_reward"": 146.1533200037501, ""own_kill_reward"": 0.0, ""support_awareness_state_reward"": 0.0, ""support_position_state_reward"": 0.0, ""support_state_reward"": 0.0, ""team_kill_reward"": 0.0}}",False,False,3,0,0.0,0.0,3,0.14671814671814673,38.0,1.0,True,0.4942084942084942,128.0,1.0,True,3,1.0,"{""blue_0"": 0, ""blue_1"": 0, ""blue_2"": 0, ""red_0"": 0, ""red_1"": 5, ""red_2"": 5, ""red_3"": 5}",0.0,0.0,0.0,blue,functional_heterogeneous_4v3_v15_paper_compact_attack_reward,259,-6.014284433032903,,False,True,0.0,0.0,1.0,0.0,1.0,0.0987915690611483,0.0,0.0987915690611483,0.0,False,0,0,0.0,0.0,0.0,0.0,0.0,0.001148126320913434,0.0,0.0,0.0,0.09879156947135925,0.0,0.0,0.0,0.05391966179013252,0.0,False,"{""0"": 1.0, ""1"": 0.0, ""2"": 0.0, ""3"": 0.0}",0,0,0.0,0.0,0,False,False,0.0,0.0,0.0,False,0.2277992277992278,59.0,1.0,True,0,0.0987915690611483,True,False,"{""boundary_penalty"": 0.0, ""combat_state_reward"": -3.4189016590980583, ""death_penalty"": -3.0, ""own_kill_reward"": 0.0, ""support_state_reward"": 0.40461722606515343, ""team_kill_reward"": 0.0, ""team_total_reward"": -6.014284433032903}",False,0.0,689.0,259.0,0.0,0.0,0,0,0.0,0.0,7,0.8867438867438867,1.0,1.0,0.0,13,259.0,True,12,False,red_total_loss,False,False,False
50048,"{""red_0"": 1.2728021622234618, ""red_1"": -9.26849351735477, ""red_2"": -8.754618419418085, ""red_3"": -8.705284502147887}","{""red_0"": {""agent_total_reward"": 1.2728021622234618, ""angle_state_reward"": 0.0, ""boundary_penalty"": 0.0, ""combat_state_reward"": 0.0, ""death_penalty"": 0.0, ""distance_state_reward"": 0.0, ""own_kill_reward"": 0.0, ""support_awareness_state_reward"": 265.0, ""support_position_state_reward"": 35.4670270372437, ""support_state_reward"": 1.2728021622234618, ""team_kill_reward"": 0.0}, ""red_1"": {""agent_total_reward"": -9.26849351735477, ""angle_state_reward"": -263.38150478499233, ""boundary_penalty"": 0.0, ""combat_state_reward"": -5.268493517354769, ""death_penalty"": -4.0, ""distance_state_reward"": 147.65423183927626, ""own_kill_reward"": 0.0, ""support_awareness_state_reward"": 0.0, ""support_position_state_reward"": 0.0, ""support_state_reward"": 0.0, ""team_kill_reward"": 0.0}, ""red_2"": {""agent_total_reward"": -8.754618419418085, ""angle_state_reward"": -237.73092097090426, ""boundary_penalty"": 0.0, ""combat_state_reward"": -4.754618419418085, ""death_penalty"": -4.0, ""distance_state_reward"": 138.70370360163577, ""own_kill_reward"": 0.0, ""support_awareness_state_reward"": 0.0, ""support_position_state_reward"": 0.0, ""support_state_reward"": 0.0, ""team_kill_reward"": 0.0}, ""red_3"": {""agent_total_reward"": -8.705284502147887, ""angle_state_reward"": -235.2642251073941, ""boundary_penalty"": 0.0, ""combat_state_reward"": -4.705284502147886, ""death_penalty"": -4.0, ""distance_state_reward"": 133.98198689845987, ""own_kill_reward"": 0.0, ""support_awareness_state_reward"": 0.0, ""support_position_state_reward"": 0.0, ""support_state_reward"": 0.0, ""team_kill_reward"": 0.0}}",False,False,3,0,0.0,0.0,3,0.12830188679245283,34.0,1.0,True,0.4867924528301887,129.0,1.0,True,3,1.0,"{""blue_0"": 0, ""blue_1"": 0, ""blue_2"": 0, ""red_0"": 0, ""red_1"": 5, ""red_2"": 5, ""red_3"": 5}",0.0,0.0,0.0,blue,functional_heterogeneous_4v3_v15_paper_compact_attack_reward,265,-6.363898569174318,,False,True,0.0,0.0,1.0,0.0,1.0,0.10696706254267276,0.0,0.10696706254267276,0.0,False,0,0,0.0,0.0,0.0,0.0,0.0,0.02796074189245701,0.0,0.0,0.0,0.10696706175804138,0.0,0.0,0.0,0.0618954636156559,0.0,False,"{""0"": 1.0, ""1"": 0.0, ""2"": 0.0, ""3"": 0.0}",0,0,0.0,0.0,0,False,False,0.0,0.0,0.0,False,0.17358490566037735,46.0,1.0,True,0,0.10696706254267276,True,False,"{""boundary_penalty"": 0.0, ""combat_state_reward"": -3.6820991097301876, ""death_penalty"": -3.0, ""own_kill_reward"": 0.0, ""support_state_reward"": 0.31820054055586544, ""team_kill_reward"": 0.0, ""team_total_reward"": -6.363898569174318}",False,0.0,742.0,265.0,0.0,0.0,0,0,0.0,0.0,4,0.9333333333333333,1.0,1.0,0.0,14,265.0,True,6,False,red_total_loss,False,False,False
50049,"{""red_0"": 1.289746083367332, ""red_1"": -6.700000000000002, ""red_2"": -8.271593877124516, ""red_3"": -6.552357184052763}","{""red_0"": {""agent_total_reward"": 1.289746083367332, ""angle_state_reward"": 0.0, ""boundary_penalty"": 0.0, ""combat_state_reward"": 0.0, ""death_penalty"": 0.0, ""distance_state_reward"": 0.0, ""own_kill_reward"": 0.0, ""support_awareness_state_reward"": 215.0, ""support_position_state_reward"": 71.6243472278888, ""support_state_reward"": 1.289746083367332, ""team_kill_reward"": 0.0}, ""red_1"": {""agent_total_reward"": -6.700000000000002, ""angle_state_reward"": -135.0, ""boundary_penalty"": 0.0, ""combat_state_reward"": -2.700000000000002, ""death_penalty"": -4.0, ""distance_state_reward"": 25.225680974848622, ""own_kill_reward"": 0.0, ""support_awareness_state_reward"": 0.0, ""support_position_state_reward"": 0.0, ""support_state_reward"": 0.0, ""team_kill_reward"": 0.0}, ""red_2"": {""agent_total_reward"": -8.271593877124516, ""angle_state_reward"": -213.57969385622576, ""boundary_penalty"": 0.0, ""combat_state_reward"": -4.271593877124515, ""death_penalty"": -4.0, ""distance_state_reward"": 111.89747288092836, ""own_kill_reward"": 0.0, ""support_awareness_state_reward"": 0.0, ""support_position_state_reward"": 0.0, ""support_state_reward"": 0.0, ""team_kill_reward"": 0.0}, ""red_3"": {""agent_total_reward"": -6.552357184052763, ""angle_state_reward"": -127.61785920263804, ""boundary_penalty"": 0.0, ""combat_state_reward"": -2.552357184052763, ""death_penalty"": -4.0, ""distance_state_reward"": 22.984529645937172, ""own_kill_reward"": 0.0, ""support_awareness_state_reward"": 0.0, ""support_position_state_reward"": 0.0, ""support_state_reward"": 0.0, ""team_kill_reward"": 0.0}}",False,False,3,0,0.0,0.0,3,0.15813953488372093,34.0,1.0,True,0.5441860465116279,117.0,1.0,True,3,1.0,"{""blue_0"": 0, ""blue_1"": 0, ""blue_2"": 0, ""red_0"": 0, ""red_1"": 5, ""red_2"": 5, ""red_3"": 5}",0.0,0.0,0.0,blue,functional_heterogeneous_4v3_v15_paper_compact_attack_reward,215,-5.058551244452487,,False,True,0.0,0.0,1.0,0.0,1.0,0.03820351901767135,0.0,0.03820351901767135,0.0,False,0,0,0.0,0.0,0.0,0.0,0.0,0.0,0.0,0.0,0.0,0.0236656591296196,0.0,0.0,0.0,0.03248196840286255,0.0,False,"{""0"": 1.0, ""1"": 0.0, ""2"": 0.0, ""3"": 0.0}",0,0,0.0,0.0,0,False,False,0.0,0.0,0.0,False,0.09767441860465116,21.0,1.0,True,0,0.03820351901767135,True,False,"{""boundary_penalty"": 0.0, ""combat_state_reward"": -2.3809877652943086, ""death_penalty"": -3.0, ""own_kill_reward"": 0.0, ""support_state_reward"": 0.322436520841833, ""team_kill_reward"": 0.0, ""team_total_reward"": -5.058551244452487}",False,0.0,480.0,215.0,0.0,0.0,0,0,0.0,0.0,6,0.7441860465116279,1.0,1.0,0.0,11,215.0,True,7,False,red_total_loss,False,False,False
50050,"{""red_0"": 1.3001036438150024, ""red_1"": -6.260000000000002, ""red_2"": -6.839987014826582, ""red_3"": -6.480000000000002}","{""red_0"": {""agent_total_reward"": 1.3001036438150024, ""angle_state_reward"": 0.0, ""boundary_penalty"": 0.0, ""combat_state_reward"": 0.0, ""death_penalty"": 0.0, ""distance_state_reward"": 0.0, ""own_kill_reward"": 0.0, ""support_awareness_state_reward"": 143.0, ""support_position_state_reward"": 121.3506073025005, ""support_state_reward"": 1.3001036438150024, ""team_kill_reward"": 0.0}, ""red_1"": {""agent_total_reward"": -6.260000000000002, ""angle_state_reward"": -113.0, ""boundary_penalty"": 0.0, ""combat_state_reward"": -2.2600000000000016, ""death_penalty"": -4.0, ""distance_state_reward"": -3.0083171962766855, ""own_kill_reward"": 0.0, ""support_awareness_state_reward"": 0.0, ""support_position_state_reward"": 0.0, ""support_state_reward"": 0.0, ""team_kill_reward"": 0.0}, ""red_2"": {""agent_total_reward"": -6.839987014826582, ""angle_state_reward"": -141.99935074132898, ""boundary_penalty"": 0.0, ""combat_state_reward"": -2.839987014826582, ""death_penalty"": -4.0, ""distance_state_reward"": 27.932811268876222, ""own_kill_reward"": 0.0, ""support_awareness_state_reward"": 0.0, ""support_position_state_reward"": 0.0, ""support_state_reward"": 0.0, ""team_kill_reward"": 0.0}, ""red_3"": {""agent_total_reward"": -6.480000000000002, ""angle_state_reward"": -124.0, ""boundary_penalty"": 0.0, ""combat_state_reward"": -2.4800000000000018, ""death_penalty"": -4.0, ""distance_state_reward"": 14.306487355865684, ""own_kill_reward"": 0.0, ""support_awareness_state_reward"": 0.0, ""support_position_state_reward"": 0.0, ""support_state_reward"": 0.0, ""team_kill_reward"": 0.0}}",False,False,3,0,0.0,0.0,3,0.27972027972027974,40.0,1.0,True,0.5664335664335665,81.0,1.0,True,3,1.0,"{""blue_0"": 0, ""blue_1"": 0, ""blue_2"": 0, ""red_0"": 0, ""red_1"": 5, ""red_2"": 5, ""red_3"": 5}",0.0,0.0,0.0,blue,functional_heterogeneous_4v3_v15_paper_compact_attack_reward,143,-4.569970842752895,,False,True,0.0,0.0,1.0,0.0,1.0,5.5186987035743716e-05,0.0,5.5186987035743716e-05,0.0,False,0,0,0.0,0.0,0.0,0.0,0.0,0.0,0.0,0.0,0.0,5.518698526429944e-05,0.0,0.0,0.0,0.0,0.0,False,"{""0"": 1.0, ""1"": 0.0, ""2"": 0.0, ""3"": 0.0}",0,0,0.0,0.0,0,False,False,0.0,0.0,0.0,False,0.006993006993006993,1.0,1.0,True,0,5.5186987035743716e-05,True,False,"{""boundary_penalty"": 0.0, ""combat_state_reward"": -1.8949967537066394, ""death_penalty"": -3.0, ""own_kill_reward"": 0.0, ""support_state_reward"": 0.3250259109537506, ""team_kill_reward"": 0.0, ""team_total_reward"": -4.569970842752895}",False,0.0,382.0,143.0,0.0,0.0,0,0,0.0,0.0,5,0.8904428904428905,1.0,1.0,0.0,8,143.0,True,5,False,red_total_loss,False,False,False
50051,"{""red_0"": 1.348454616354958, ""red_1"": -6.260000000000002, ""red_2"": -7.49993031619827, ""red_3"": -6.400000000000002}","{""red_0"": {""agent_total_reward"": 1.348454616354958, ""angle_state_reward"": 0.0, ""boundary_penalty"": 0.0, ""combat_state_reward"": 0.0, ""death_penalty"": 0.0, ""distance_state_reward"": 0.0, ""own_kill_reward"": 0.0, ""support_awareness_state_reward"": 176.0, ""support_position_state_reward"": 107.40910272582639, ""support_state_reward"": 1.348454616354958, ""team_kill_reward"": 0.0}, ""red_1"": {""agent_total_reward"": -6.260000000000002, ""angle_state_reward"": -113.0, ""boundary_penalty"": 0.0, ""combat_state_reward"": -2.2600000000000016, ""death_penalty"": -4.0, ""distance_state_reward"": 13.575595244439715, ""own_kill_reward"": 0.0, ""support_awareness_state_reward"": 0.0, ""support_position_state_reward"": 0.0, ""support_state_reward"": 0.0, ""team_kill_reward"": 0.0}, ""red_2"": {""agent_total_reward"": -7.49993031619827, ""angle_state_reward"": -174.99651580991338, ""boundary_penalty"": 0.0, ""combat_state_reward"": -3.49993031619827, ""death_penalty"": -4.0, ""distance_state_reward"": 76.42847713681229, ""own_kill_reward"": 0.0, ""support_awareness_state_reward"": 0.0, ""support_position_state_reward"": 0.0, ""support_state_reward"": 0.0, ""team_kill_reward"": 0.0}, ""red_3"": {""agent_total_reward"": -6.400000000000002, ""angle_state_reward"": -120.0, ""boundary_penalty"": 0.0, ""combat_state_reward"": -2.4000000000000017, ""death_penalty"": -4.0, ""distance_state_reward"": 19.297051291788758, ""own_kill_reward"": 0.0, ""support_awareness_state_reward"": 0.0, ""support_position_state_reward"": 0.0, ""support_state_reward"": 0.0, ""team_kill_reward"": 0.0}}",False,False,3,0,0.0,0.0,3,0.4318181818181818,76.0,1.0,True,0.625,110.0,1.0,True,3,1.0,"{""blue_0"": 0, ""blue_1"": 0, ""blue_2"": 0, ""red_0"": 0, ""red_1"": 5, ""red_2"": 5, ""red_3"": 5}",0.0,0.0,0.0,blue,functional_heterogeneous_4v3_v15_paper_compact_attack_reward,176,-4.702868924960827,,False,True,0.0,0.0,1.0,0.0,1.0,0.00029615615736311007,0.0,0.00029615615736311007,0.0,False,0,0,0.0,0.0,0.0,0.0,0.0,0.0,0.0,0.0,0.0,0.00029615615494549274,0.0,0.0,0.0,0.0,0.0,False,"{""0"": 1.0, ""1"": 0.0, ""2"": 0.0, ""3"": 0.0}",0,0,0.0,0.0,0,False,False,0.0,0.0,0.0,False,0.011363636363636364,2.0,1.0,True,0,0.00029615615736311007,True,False,"{""boundary_penalty"": 0.0, ""combat_state_reward"": -2.039982579049558, ""death_penalty"": -3.0, ""own_kill_reward"": 0.0, ""support_state_reward"": 0.3371136540887395, ""team_kill_reward"": 0.0, ""team_total_reward"": -4.702868924960827}",False,0.0,411.0,176.0,0.0,0.0,0,0,0.0,0.0,6,0.7784090909090909,1.0,1.0,0.0,9,176.0,True,6,False,red_total_loss,False,False,False
50052,"{""red_0"": 1.0867192616504628, ""red_1"": -8.768800423414255, ""red_2"": -6.738523827045594, ""red_3"": -8.234650725591477}","{""red_0"": {""agent_total_reward"": 1.0867192616504628, ""angle_state_reward"": 0.0, ""boundary_penalty"": 0.0, ""combat_state_reward"": 0.0, ""death_penalty"": 0.0, ""distance_state_reward"": 0.0, ""own_kill_reward"": 0.0, ""support_awareness_state_reward"": 240.0, ""support_position_state_reward"": 21.11987694174377, ""support_state_reward"": 1.0867192616504628, ""team_kill_reward"": 0.0}, ""red_1"": {""agent_total_reward"": -8.768800423414255, ""angle_state_reward"": -238.44002117071295, ""boundary_penalty"": 0.0, ""combat_state_reward"": -4.7688004234142545, ""death_penalty"": -4.0, ""distance_state_reward"": 153.1947860043761, ""own_kill_reward"": 0.0, ""support_awareness_state_reward"": 0.0, ""support_position_state_reward"": 0.0, ""support_state_reward"": 0.0, ""team_kill_reward"": 0.0}, ""red_2"": {""agent_total_reward"": -6.738523827045594, ""angle_state_reward"": -136.92538857247575, ""boundary_penalty"": 0.0, ""combat_state_reward"": -2.738523827045594, ""death_penalty"": -4.0, ""distance_state_reward"": 47.385825129395066, ""own_kill_reward"": 0.0, ""support_awareness_state_reward"": 0.0, ""support_position_state_reward"": 0.0, ""support_state_reward"": 0.0, ""team_kill_reward"": 0.0}, ""red_3"": {""agent_total_reward"": -8.234650725591477, ""angle_state_reward"": -211.7325362795738, ""boundary_penalty"": 0.0, ""combat_state_reward"": -4.234650725591477, ""death_penalty"": -4.0, ""distance_state_reward"": 127.79554209832784, ""own_kill_reward"": 0.0, ""support_awareness_state_reward"": 0.0, ""support_position_state_reward"": 0.0, ""support_state_reward"": 0.0, ""team_kill_reward"": 0.0}}",False,False,3,0,0.0,0.0,3,0.19166666666666668,46.0,1.0,True,0.5166666666666667,124.0,1.0,True,3,1.0,"{""blue_0"": 0, ""blue_1"": 0, ""blue_2"": 0, ""red_0"": 0, ""red_1"": 5, ""red_2"": 5, ""red_3"": 5}",0.0,0.0,0.0,blue,functional_heterogeneous_4v3_v15_paper_compact_attack_reward,240,-5.663813928600212,,False,True,0.0,0.0,1.0,0.0,1.0,0.045535921111025016,0.0,0.045535921111025016,0.0,False,0,0,0.0,0.0,0.0,0.0,0.0,0.045535922050476074,0.0,0.0,0.0,0.006273734848946333,0.0,0.0,0.0,0.022438419982790947,0.0,False,"{""0"": 1.0, ""1"": 0.0, ""2"": 0.0, ""3"": 0.0}",0,0,0.0,0.0,0,False,False,0.0,0.0,0.0,False,0.16666666666666666,40.0,1.0,True,0,0.045535921111025016,True,False,"{""boundary_penalty"": 0.0, ""combat_state_reward"": -2.9354937440128146, ""death_penalty"": -3.0, ""own_kill_reward"": 0.0, ""support_state_reward"": 0.2716798154126157, ""team_kill_reward"": 0.0, ""team_total_reward"": -5.663813928600212}",False,0.0,591.0,240.0,0.0,0.0,0,0,0.0,0.0,7,0.8208333333333333,1.0,1.0,0.0,12,240.0,True,10,False,red_total_loss,False,False,False
50053,"{""red_0"": 1.2315116088281377, ""red_1"": -8.944756312554862, ""red_2"": -7.980000000000003, ""red_3"": -6.5495688911162855}","{""red_0"": {""agent_total_reward"": 1.2315116088281377, ""angle_state_reward"": 0.0, ""boundary_penalty"": 0.0, ""combat_state_reward"": 0.0, ""death_penalty"": 0.0, ""distance_state_reward"": 0.0, ""own_kill_reward"": 0.0, ""support_awareness_state_reward"": 250.0, ""support_position_state_reward"": 38.58526813802294, ""support_state_reward"": 1.2315116088281377, ""team_kill_reward"": 0.0}, ""red_1"": {""agent_total_reward"": -8.944756312554862, ""angle_state_reward"": -247.23781562774326, ""boundary_penalty"": 0.0, ""combat_state_reward"": -4.944756312554861, ""death_penalty"": -4.0, ""distance_state_reward"": 153.82886234551486, ""own_kill_reward"": 0.0, ""support_awareness_state_reward"": 0.0, ""support_position_state_reward"": 0.0, ""support_state_reward"": 0.0, ""team_kill_reward"": 0.0}, ""red_2"": {""agent_total_reward"": -7.980000000000003, ""angle_state_reward"": -199.0, ""boundary_penalty"": 0.0, ""combat_state_reward"": -3.980000000000003, ""death_penalty"": -4.0, ""distance_state_reward"": 102.3370400650515, ""own_kill_reward"": 0.0, ""support_awareness_state_reward"": 0.0, ""support_position_state_reward"": 0.0, ""support_state_reward"": 0.0, ""team_kill_reward"": 0.0}, ""red_3"": {""agent_total_reward"": -6.5495688911162855, ""angle_state_reward"": -127.47844455581418, ""boundary_penalty"": 0.0, ""combat_state_reward"": -2.549568891116285, ""death_penalty"": -4.0, ""distance_state_reward"": 29.841997586033408, ""own_kill_reward"": 0.0, ""support_awareness_state_reward"": 0.0, ""support_position_state_reward"": 0.0, ""support_state_reward"": 0.0, ""team_kill_reward"": 0.0}}",False,False,3,0,0.0,0.0,3,0.16,40.0,1.0,True,0.516,129.0,1.0,True,3,1.0,"{""blue_0"": 0, ""blue_1"": 0, ""blue_2"": 0, ""red_0"": 0, ""red_1"": 5, ""red_2"": 5, ""red_3"": 5}",0.0,0.0,0.0,blue,functional_heterogeneous_4v3_v15_paper_compact_attack_reward,250,-5.5607033987107455,,False,True,0.0,0.0,1.0,0.0,1.0,0.14964001813307165,0.0,0.14964001813307165,0.0,False,0,0,0.0,0.0,0.0,0.0,0.0,0.1496400237083435,0.0,0.0,0.0,0.0,0.0,0.0,0.0,0.04433221369981766,0.0,False,"{""0"": 1.0, ""1"": 0.0, ""2"": 0.0, ""3"": 0.0}",0,0,0.0,0.0,0,False,False,0.0,0.0,0.0,False,0.176,44.0,1.0,True,0,0.14964001813307165,True,False,"{""boundary_penalty"": 0.0, ""combat_state_reward"": -2.8685813009177665, ""death_penalty"": -3.0, ""own_kill_reward"": 0.0, ""support_state_reward"": 0.3078779022070344, ""team_kill_reward"": 0.0, ""team_total_reward"": -5.5607033987107455}",False,0.0,579.0,250.0,0.0,0.0,0,0,0.0,0.0,8,0.772,1.0,1.0,0.0,13,250.0,True,12,False,red_total_loss,False,False,False
50054,"{""red_0"": 1.6948718920283825, ""red_1"": -9.152408554411547, ""red_2"": -8.819638341330018, ""red_3"": -8.799203851344826}","{""red_0"": {""agent_total_reward"": 1.6948718920283825, ""angle_state_reward"": 0.0, ""boundary_penalty"": 0.0, ""combat_state_reward"": 0.0, ""death_penalty"": 0.0, ""distance_state_reward"": 0.0, ""own_kill_reward"": 0.0, ""support_awareness_state_reward"": 259.0, ""support_position_state_reward"": 109.81198200473088, ""support_state_reward"": 1.6948718920283825, ""team_kill_reward"": 0.0}, ""red_1"": {""agent_total_reward"": -9.152408554411547, ""angle_state_reward"": -257.6204277205777, ""boundary_penalty"": 0.0, ""combat_state_reward"": -5.152408554411546, ""death_penalty"": -4.0, ""distance_state_reward"": 161.90407080244287, ""own_kill_reward"": 0.0, ""support_awareness_state_reward"": 0.0, ""support_position_state_reward"": 0.0, ""support_state_reward"": 0.0, ""team_kill_reward"": 0.0}, ""red_2"": {""agent_total_reward"": -8.819638341330018, ""angle_state_reward"": -240.9819170665016, ""boundary_penalty"": 0.0, ""combat_state_reward"": -4.819638341330018, ""death_penalty"": -4.0, ""distance_state_reward"": 151.01687223268755, ""own_kill_reward"": 0.0, ""support_awareness_state_reward"": 0.0, ""support_position_state_reward"": 0.0, ""support_state_reward"": 0.0, ""team_kill_reward"": 0.0}, ""red_3"": {""agent_total_reward"": -8.799203851344826, ""angle_state_reward"": -239.95928512049073, ""boundary_penalty"": 0.0, ""combat_state_reward"": -4.799203851344826, ""death_penalty"": -4.0, ""distance_state_reward"": 148.16397974036636, ""own_kill_reward"": 0.0, ""support_awareness_state_reward"": 0.0, ""support_position_state_reward"": 0.0, ""support_state_reward"": 0.0, ""team_kill_reward"": 0.0}}",False,False,3,0,0.0,0.0,3,0.10038610038610038,26.0,1.0,True,0.44015444015444016,114.0,1.0,True,3,1.0,"{""blue_0"": 0, ""blue_1"": 0, ""blue_2"": 0, ""red_0"": 0, ""red_1"": 5, ""red_2"": 5, ""red_3"": 5}",0.0,0.0,0.0,blue,functional_heterogeneous_4v3_v15_paper_compact_attack_reward,259,-6.269094713764505,,False,True,0.0,0.0,1.0,0.0,1.0,0.03103854223005516,0.0,0.03103854223005516,0.0,False,0,0,0.0,0.0,0.0,0.0,0.0,0.031038541346788406,0.0,0.0,0.0,0.0015370493056252599,0.0,0.0,0.0,0.003383631817996502,0.0,False,"{""0"": 1.0, ""1"": 0.0, ""2"": 0.0, ""3"": 0.0}",0,0,0.0,0.0,0,False,False,0.0,0.0,0.0,False,0.13127413127413126,34.0,1.0,True,0,0.03103854223005516,True,False,"{""boundary_penalty"": 0.0, ""combat_state_reward"": -3.6928126867716107, ""death_penalty"": -3.0, ""own_kill_reward"": 0.0, ""support_state_reward"": 0.4237179730070956, ""team_kill_reward"": 0.0, ""team_total_reward"": -6.269094713764505}",False,0.0,742.0,259.0,0.0,0.0,0,0,0.0,0.0,7,0.954954954954955,1.0,1.0,0.0,13,259.0,True,7,False,red_total_loss,False,False,False
50055,"{""red_0"": -3.016108545226882, ""red_1"": -6.060000000000001, ""red_2"": -11.730951906050581, ""red_3"": -8.863533889478855}","{""red_0"": {""agent_total_reward"": -3.016108545226882, ""angle_state_reward"": 0.0, ""boundary_penalty"": 0.0, ""combat_state_reward"": 0.0, ""death_penalty"": -4.0, ""distance_state_reward"": 0.0, ""own_kill_reward"": 0.0, ""support_awareness_state_reward"": 300.0, ""support_position_state_reward"": -36.018090871147024, ""support_state_reward"": 0.9838914547731181, ""team_kill_reward"": 0.0}, ""red_1"": {""agent_total_reward"": -6.060000000000001, ""angle_state_reward"": -103.0, ""boundary_penalty"": 0.0, ""combat_state_reward"": -2.0600000000000014, ""death_penalty"": -4.0, ""distance_state_reward"": -1.5372854167088335, ""own_kill_reward"": 0.0, ""support_awareness_state_reward"": 0.0, ""support_position_state_reward"": 0.0, ""support_state_reward"": 0.0, ""team_kill_reward"": 0.0}, ""red_2"": {""agent_total_reward"": -11.730951906050581, ""angle_state_reward"": -386.5475953025323, ""boundary_penalty"": 0.0, ""combat_state_reward"": -7.730951906050582, ""death_penalty"": -4.0, ""distance_state_reward"": 266.87435046810094, ""own_kill_reward"": 0.0, ""support_awareness_state_reward"": 0.0, ""support_position_state_reward"": 0.0, ""support_state_reward"": 0.0, ""team_kill_reward"": 0.0}, ""red_3"": {""agent_total_reward"": -8.863533889478855, ""angle_state_reward"": -243.1766944739428, ""boundary_penalty"": 0.0, ""combat_state_reward"": -4.863533889478856, ""death_penalty"": -4.0, ""distance_state_reward"": 136.85938511760142, ""own_kill_reward"": 0.0, ""support_awareness_state_reward"": 0.0, ""support_position_state_reward"": 0.0, ""support_state_reward"": 0.0, ""team_kill_reward"": 0.0}}",False,False,4,0,0.0,0.0,3,0.3,117.0,1.0,True,0.6794871794871795,265.0,1.0,True,4,1.0,"{""blue_0"": 0, ""blue_1"": 0, ""blue_2"": 0, ""red_0"": 5, ""red_1"": 5, ""red_2"": 5, ""red_3"": 5}",0.0,0.0,0.0,blue,functional_heterogeneous_4v3_v15_paper_compact_attack_reward,390,-7.417648585189066,,False,True,0.0,0.0,1.0,0.0,1.0,0.20142186669909712,0.0,0.20142186669909712,0.0,False,0,0,0.0,0.0,0.0,0.0,0.0,0.0,0.0,0.0,0.0,0.20142187178134918,0.0,0.0,0.0,0.15496565401554108,0.0,False,"{""0"": 1.0, ""1"": 0.0, ""2"": 0.0, ""3"": 0.0}",0,0,0.0,0.0,0,False,False,0.0,0.0,0.0,False,0.15128205128205127,59.0,1.0,True,0,0.20142186669909712,True,False,"{""boundary_penalty"": 0.0, ""combat_state_reward"": -3.663621448882346, ""death_penalty"": -4.0, ""own_kill_reward"": 0.0, ""support_state_reward"": 0.24597286369327953, ""team_kill_reward"": 0.0, ""team_total_reward"": -7.417648585189066}",False,0.0,651.0,301.0,0.0,0.0,0,0,0.0,0.0,8,0.7209302325581395,1.0,1.0,0.0,20,301.0,False,10,False,red_total_loss,False,False,False
50056,"{""red_0"": 2.6570876434450525, ""red_1"": -5.160000000000002, ""red_2"": -1.7365668545138218, ""red_3"": -7.498443539644592}","{""red_0"": {""agent_total_reward"": 2.6570876434450525, ""angle_state_reward"": 0.0, ""boundary_penalty"": 0.0, ""combat_state_reward"": 0.0, ""death_penalty"": 0.0, ""distance_state_reward"": 0.0, ""own_kill_reward"": 0.0, ""support_awareness_state_reward"": 359.0, ""support_position_state_reward"": 36.84794057417633, ""support_state_reward"": 1.6570876434450568, ""team_kill_reward"": 1.0}, ""red_1"": {""agent_total_reward"": -5.160000000000002, ""angle_state_reward"": -108.0, ""boundary_penalty"": 0.0, ""combat_state_reward"": -2.1600000000000015, ""death_penalty"": -4.0, ""distance_state_reward"": 13.250248029373282, ""own_kill_reward"": 0.0, ""support_awareness_state_reward"": 0.0, ""support_position_state_reward"": 0.0, ""support_state_reward"": 0.0, ""team_kill_reward"": 1.0}, ""red_2"": {""agent_total_reward"": -1.7365668545138218, ""angle_state_reward"": -336.81833844738867, ""boundary_penalty"": 0.0, ""combat_state_reward"": -6.736566854513796, ""death_penalty"": -4.0, ""distance_state_reward"": 257.2302092362695, ""own_kill_reward"": 8.0, ""support_awareness_state_reward"": 0.0, ""support_position_state_reward"": 0.0, ""support_state_reward"": 0.0, ""team_kill_reward"": 1.0}, ""red_3"": {""agent_total_reward"": -7.498443539644592, ""angle_state_reward"": -224.9221769822295, ""boundary_penalty"": 0.0, ""combat_state_reward"": -4.498443539644592, ""death_penalty"": -4.0, ""distance_state_reward"": 131.01106875175591, ""own_kill_reward"": 0.0, ""support_awareness_state_reward"": 0.0, ""support_position_state_reward"": 0.0, ""support_state_reward"": 0.0, ""team_kill_reward"": 1.0}}",True,False,3,0,0.0,0.0,2,0.298050139275766,107.0,1.0,True,0.7353760445682451,264.0,1.0,True,3,1.0,"{""blue_0"": 0, ""blue_1"": 0, ""blue_2"": 5, ""red_0"": 0, ""red_1"": 5, ""red_2"": 5, ""red_3"": 5}",0.0,0.0,0.0,blue,functional_heterogeneous_4v3_v15_paper_compact_attack_reward,359,-2.934480687678337,250,False,True,0.0,1.0,1.0,0.0,1.0,1.0,0.0,1.0,0.0,False,0,0,0.0,0.0,0.0,0.0,0.0,0.0,0.0,1.0,1.0,0.993408203125,0.0,0.0,0.0,0.09160223603248596,0.0,True,"{""0"": 0.0, ""1"": 1.0, ""2"": 0.0, ""3"": 0.0}",1,0,0.0,0.0,0,False,False,0.1671309192200557,60.0,1.0,True,0.3871866295264624,139.0,1.0,True,1,1.0,True,False,"{""boundary_penalty"": 0.0, ""combat_state_reward"": -3.3487525985395843, ""death_penalty"": -3.0, ""own_kill_reward"": 2.0, ""support_state_reward"": 0.4142719108612642, ""team_kill_reward"": 1.0, ""team_total_reward"": -2.934480687678337}",False,0.0,685.0,349.0,1.0,1.0,1,0,0.0,0.0,8,0.6360259981429898,0.9721448467966574,1.0,0.25,18,359.0,True,13,False,red_total_loss,False,False,False
50057,"{""red_0"": 1.722255965513578, ""red_1"": -10.07160539312057, ""red_2"": -9.468719775181768, ""red_3"": -9.709570520383679}","{""red_0"": {""agent_total_reward"": 1.722255965513578, ""angle_state_reward"": 0.0, ""boundary_penalty"": 0.0, ""combat_state_reward"": 0.0, ""death_penalty"": 0.0, ""distance_state_reward"": 0.0, ""own_kill_reward"": 0.0, ""support_awareness_state_reward"": 306.0, ""support_position_state_reward"": 83.04266091892981, ""support_state_reward"": 1.722255965513578, ""team_kill_reward"": 0.0}, ""red_1"": {""agent_total_reward"": -10.07160539312057, ""angle_state_reward"": -303.56232307093256, ""boundary_penalty"": 0.0, ""combat_state_reward"": -6.071605393120572, ""death_penalty"": -4.0, ""distance_state_reward"": 147.29612993962064, ""own_kill_reward"": 0.0, ""support_awareness_state_reward"": 0.0, ""support_position_state_reward"": 0.0, ""support_state_reward"": 0.0, ""team_kill_reward"": 0.0}, ""red_2"": {""agent_total_reward"": -9.468719775181768, ""angle_state_reward"": -273.4359887590887, ""boundary_penalty"": 0.0, ""combat_state_reward"": -5.468719775181768, ""death_penalty"": -4.0, ""distance_state_reward"": 152.15868005781397, ""own_kill_reward"": 0.0, ""support_awareness_state_reward"": 0.0, ""support_position_state_reward"": 0.0, ""support_state_reward"": 0.0, ""team_kill_reward"": 0.0}, ""red_3"": {""agent_total_reward"": -9.709570520383679, ""angle_state_reward"": -285.1523337202097, ""boundary_penalty"": 0.0, ""combat_state_reward"": -5.709570520383679, ""death_penalty"": -4.0, ""distance_state_reward"": 135.8713206822149, ""own_kill_reward"": 0.0, ""support_awareness_state_reward"": 0.0, ""support_position_state_reward"": 0.0, ""support_state_reward"": 0.0, ""team_kill_reward"": 0.0}}",False,False,3,0,0.0,0.0,3,0.16993464052287582,52.0,1.0,True,0.43790849673202614,134.0,1.0,True,3,1.0,"{""blue_0"": 0, ""blue_1"": 0, ""blue_2"": 0, ""red_0"": 0, ""red_1"": 5, ""red_2"": 5, ""red_3"": 5}",0.0,0.0,0.0,blue,functional_heterogeneous_4v3_v15_paper_compact_attack_reward,306,-6.881909930793118,,False,True,0.0,0.0,1.0,0.0,1.0,0.29586538596677087,0.0,0.29586538596677087,0.0,False,0,0,0.0,0.0,0.0,0.0,0.0,0.10439542680978775,0.0,0.0,0.0,0.2152639478445053,0.0,0.0,0.0,0.29586538672447205,0.0,False,"{""0"": 1.0, ""1"": 0.0, ""2"": 0.0, ""3"": 0.0}",0,0,0.0,0.0,0,False,False,0.0,0.0,0.0,False,0.2679738562091503,82.0,1.0,True,0,0.29586538596677087,True,False,"{""boundary_penalty"": 0.0, ""combat_state_reward"": -4.312473922171518, ""death_penalty"": -3.0, ""own_kill_reward"": 0.0, ""support_state_reward"": 0.4305639913783945, ""team_kill_reward"": 0.0, ""team_total_reward"": -6.881909930793118}",False,0.0,873.0,306.0,0.0,0.0,0,0,0.0,0.0,7,0.9509803921568627,1.0,1.0,0.0,16,306.0,True,7,False,red_total_loss,False,False,False
50058,"{""red_0"": 1.232978773796721, ""red_1"": -8.956516039775645, ""red_2"": -6.639981014705281, ""red_3"": -8.411190733349756}","{""red_0"": {""agent_total_reward"": 1.232978773796721, ""angle_state_reward"": 0.0, ""boundary_penalty"": 0.0, ""combat_state_reward"": 0.0, ""death_penalty"": 0.0, ""distance_state_reward"": 0.0, ""own_kill_reward"": 0.0, ""support_awareness_state_reward"": 249.0, ""support_position_state_reward"": 39.49646229945348, ""support_state_reward"": 1.232978773796721, ""team_kill_reward"": 0.0}, ""red_1"": {""agent_total_reward"": -8.956516039775645, ""angle_state_reward"": -247.8170945718392, ""boundary_penalty"": 0.0, ""combat_state_reward"": -4.956516039775645, ""death_penalty"": -4.0, ""distance_state_reward"": 121.66059695121426, ""own_kill_reward"": 0.0, ""support_awareness_state_reward"": 0.0, ""support_position_state_reward"": 0.0, ""support_state_reward"": 0.0, ""team_kill_reward"": 0.0}, ""red_2"": {""agent_total_reward"": -6.639981014705281, ""angle_state_reward"": -131.99905073526398, ""boundary_penalty"": 0.0, ""combat_state_reward"": -2.6399810147052816, ""death_penalty"": -4.0, ""distance_state_reward"": 6.363544859717486, ""own_kill_reward"": 0.0, ""support_awareness_state_reward"": 0.0, ""support_position_state_reward"": 0.0, ""support_state_reward"": 0.0, ""team_kill_reward"": 0.0}, ""red_3"": {""agent_total_reward"": -8.411190733349756, ""angle_state_reward"": -220.55953666748806, ""boundary_penalty"": 0.0, ""combat_state_reward"": -4.4111907333497555, ""death_penalty"": -4.0, ""distance_state_reward"": 91.28227507941011, ""own_kill_reward"": 0.0, ""support_awareness_state_reward"": 0.0, ""support_position_state_reward"": 0.0, ""support_state_reward"": 0.0, ""team_kill_reward"": 0.0}}",False,False,3,0,0.0,0.0,3,0.1566265060240964,39.0,1.0,True,0.5502008032128514,137.0,1.0,True,3,1.0,"{""blue_0"": 0, ""blue_1"": 0, ""blue_2"": 0, ""red_0"": 0, ""red_1"": 5, ""red_2"": 5, ""red_3"": 5}",0.0,0.0,0.0,blue,functional_heterogeneous_4v3_v15_paper_compact_attack_reward,249,-5.693677253508491,,False,True,0.0,0.0,1.0,0.0,1.0,0.0704770407141034,0.0,0.0704770407141034,0.0,False,0,0,0.0,0.0,0.0,0.0,0.0,0.010435669682919979,0.0,0.0,0.0,8.06875032139942e-05,0.0,0.0,0.0,0.07047703862190247,0.0,False,"{""0"": 1.0, ""1"": 0.0, ""2"": 0.0, ""3"": 0.0}",0,0,0.0,0.0,0,False,False,0.0,0.0,0.0,False,0.14859437751004015,37.0,1.0,True,0,0.0704770407141034,True,False,"{""boundary_penalty"": 0.0, ""combat_state_reward"": -3.00192194695765, ""death_penalty"": -3.0, ""own_kill_reward"": 0.0, ""support_state_reward"": 0.30824469344918026, ""team_kill_reward"": 0.0, ""team_total_reward"": -5.693677253508491}",False,0.0,605.0,249.0,0.0,0.0,0,0,0.0,0.0,6,0.8099062918340026,1.0,1.0,0.0,13,249.0,True,9,False,red_total_loss,False,False,False
50059,"{""red_0"": 1.3424883555616898, ""red_1"": -10.12292735718507, ""red_2"": -13.079110401791622, ""red_3"": -8.984596868371025}","{""red_0"": {""agent_total_reward"": 1.3424883555616898, ""angle_state_reward"": 0.0, ""boundary_penalty"": 0.0, ""combat_state_reward"": 0.0, ""death_penalty"": 0.0, ""distance_state_reward"": 0.0, ""own_kill_reward"": 0.0, ""support_awareness_state_reward"": 441.6666666666662, ""support_position_state_reward"": -70.69638518416292, ""support_state_reward"": 1.3424883555616898, ""team_kill_reward"": 0.0}, ""red_1"": {""agent_total_reward"": -10.12292735718507, ""angle_state_reward"": -306.0768534115431, ""boundary_penalty"": 0.0, ""combat_state_reward"": -6.122927357185069, ""death_penalty"": -4.0, ""distance_state_reward"": 206.1538824833901, ""own_kill_reward"": 0.0, ""support_awareness_state_reward"": 0.0, ""support_position_state_reward"": 0.0, ""support_state_reward"": 0.0, ""team_kill_reward"": 0.0}, ""red_2"": {""agent_total_reward"": -13.079110401791622, ""angle_state_reward"": -453.46472648043016, ""boundary_penalty"": 0.0, ""combat_state_reward"": -9.079110401791622, ""death_penalty"": -4.0, ""distance_state_reward"": 183.06037833623523, ""own_kill_reward"": 0.0, ""support_awareness_state_reward"": 0.0, ""support_position_state_reward"": 0.0, ""support_state_reward"": 0.0, ""team_kill_reward"": 0.0}, ""red_3"": {""agent_total_reward"": -8.984596868371025, ""angle_state_reward"": -249.22525976909736, ""boundary_penalty"": 0.0, ""combat_state_reward"": -4.984596868371026, ""death_penalty"": -4.0, ""distance_state_reward"": 151.44187964055487, ""own_kill_reward"": 0.0, ""support_awareness_state_reward"": 0.0, ""support_position_state_reward"": 0.0, ""support_state_reward"": 0.0, ""team_kill_reward"": 0.0}}",False,False,3,0,0.0,0.0,3,0.1568627450980392,72.0,1.0,True,0.5533769063180828,254.0,1.0,True,3,1.0,"{""blue_0"": 0, ""blue_1"": 0, ""blue_2"": 0, ""red_0"": 0, ""red_1"": 5, ""red_2"": 5, ""red_3"": 5}",0.0,0.0,0.0,blue,functional_heterogeneous_4v3_v15_paper_compact_attack_reward,459,-7.711036567946524,,False,True,0.0,0.0,1.0,0.0,1.0,0.33488011692393505,0.0,0.33488011692393505,0.0,False,0,0,0.0,0.0,0.0,0.0,0.0,0.07255873084068298,0.0,0.0,0.0,0.33488011360168457,0.0,0.0,0.0,0.06191281974315643,0.0,False,"{""0"": 1.0, ""1"": 0.0, ""2"": 0.0, ""3"": 0.0}",0,0,0.0,0.0,0,False,False,0.0,0.0,0.0,False,0.20915032679738563,96.0,1.0,True,0,0.33488011692393505,True,False,"{""boundary_penalty"": 0.0, ""combat_state_reward"": -5.046658656836942, ""death_penalty"": -3.0, ""own_kill_reward"": 0.0, ""support_state_reward"": 0.33562208889042244, ""team_kill_reward"": 0.0, ""team_total_reward"": -7.711036567946524}",False,0.0,1018.0,459.0,0.0,0.0,0,0,0.0,0.0,9,0.739288307915759,1.0,1.0,0.0,23,459.0,True,16,False,red_total_loss,False,False,False
50060,"{""red_0"": 1.2788257450545157, ""red_1"": -9.13815886508614, ""red_2"": -8.757199156185123, ""red_3"": -8.613169905342266}","{""red_0"": {""agent_total_reward"": 1.2788257450545157, ""angle_state_reward"": 0.0, ""boundary_penalty"": 0.0, ""combat_state_reward"": 0.0, ""death_penalty"": 0.0, ""distance_state_reward"": 0.0, ""own_kill_reward"": 0.0, ""support_awareness_state_reward"": 258.0, ""support_position_state_reward"": 41.13762417575277, ""support_state_reward"": 1.2788257450545157, ""team_kill_reward"": 0.0}, ""red_1"": {""agent_total_reward"": -9.13815886508614, ""angle_state_reward"": -256.9070329623305, ""boundary_penalty"": 0.0, ""combat_state_reward"": -5.138158865086141, ""death_penalty"": -4.0, ""distance_state_reward"": 137.44860937258323, ""own_kill_reward"": 0.0, ""support_awareness_state_reward"": 0.0, ""support_position_state_reward"": 0.0, ""support_state_reward"": 0.0, ""team_kill_reward"": 0.0}, ""red_2"": {""agent_total_reward"": -8.757199156185123, ""angle_state_reward"": -237.85995780925603, ""boundary_penalty"": 0.0, ""combat_state_reward"": -4.7571991561851235, ""death_penalty"": -4.0, ""distance_state_reward"": 134.64914087009984, ""own_kill_reward"": 0.0, ""support_awareness_state_reward"": 0.0, ""support_position_state_reward"": 0.0, ""support_state_reward"": 0.0, ""team_kill_reward"": 0.0}, ""red_3"": {""agent_total_reward"": -8.613169905342266, ""angle_state_reward"": -230.65849526711335, ""boundary_penalty"": 0.0, ""combat_state_reward"": -4.613169905342266, ""death_penalty"": -4.0, ""distance_state_reward"": 120.54540861038274, ""own_kill_reward"": 0.0, ""support_awareness_state_reward"": 0.0, ""support_position_state_reward"": 0.0, ""support_state_reward"": 0.0, ""team_kill_reward"": 0.0}}",False,False,3,0,0.0,0.0,3,0.17054263565891473,44.0,1.0,True,0.5116279069767442,132.0,1.0,True,3,1.0,"{""blue_0"": 0, ""blue_1"": 0, ""blue_2"": 0, ""red_0"": 0, ""red_1"": 5, ""red_2"": 5, ""red_3"": 5}",0.0,0.0,0.0,blue,functional_heterogeneous_4v3_v15_paper_compact_attack_reward,258,-6.307425545389755,,False,True,0.0,0.0,1.0,0.0,1.0,0.09602811087374398,0.0,0.09602811087374398,0.0,False,0,0,0.0,0.0,0.0,0.0,0.0,0.005712297745049,0.0,0.0,0.0,0.09602811187505722,0.0,0.0,0.0,0.028747495263814926,0.0,False,"{""0"": 1.0, ""1"": 0.0, ""2"": 0.0, ""3"": 0.0}",0,0,0.0,0.0,0,False,False,0.0,0.0,0.0,False,0.1744186046511628,45.0,1.0,True,0,0.09602811087374398,True,False,"{""boundary_penalty"": 0.0, ""combat_state_reward"": -3.6271319816533865, ""death_penalty"": -3.0, ""own_kill_reward"": 0.0, ""support_state_reward"": 0.31970643626362893, ""team_kill_reward"": 0.0, ""team_total_reward"": -6.307425545389755}",False,0.0,730.0,258.0,0.0,0.0,0,0,0.0,0.0,6,0.9431524547803618,1.0,1.0,0.0,13,258.0,True,6,False,red_total_loss,False,False,False
50061,"{""red_0"": 1.6816749506888113, ""red_1"": -9.784645943364083, ""red_2"": -9.33965001882422, ""red_3"": -9.268153213930548}","{""red_0"": {""agent_total_reward"": 1.6816749506888113, ""angle_state_reward"": 0.0, ""boundary_penalty"": 0.0, ""combat_state_reward"": 0.0, ""death_penalty"": 0.0, ""distance_state_reward"": 0.0, ""own_kill_reward"": 0.0, ""support_awareness_state_reward"": 291.0, ""support_position_state_reward"": 86.27915844813533, ""support_state_reward"": 1.6816749506888113, ""team_kill_reward"": 0.0}, ""red_1"": {""agent_total_reward"": -9.784645943364083, ""angle_state_reward"": -289.2169899831344, ""boundary_penalty"": 0.0, ""combat_state_reward"": -5.784645943364084, ""death_penalty"": -4.0, ""distance_state_reward"": 150.11510718906652, ""own_kill_reward"": 0.0, ""support_awareness_state_reward"": 0.0, ""support_position_state_reward"": 0.0, ""support_state_reward"": 0.0, ""team_kill_reward"": 0.0}, ""red_2"": {""agent_total_reward"": -9.33965001882422, ""angle_state_reward"": -266.982500941211, ""boundary_penalty"": 0.0, ""combat_state_reward"": -5.339650018824218, ""death_penalty"": -4.0, ""distance_state_reward"": 165.6502263909012, ""own_kill_reward"": 0.0, ""support_awareness_state_reward"": 0.0, ""support_position_state_reward"": 0.0, ""support_state_reward"": 0.0, ""team_kill_reward"": 0.0}, ""red_3"": {""agent_total_reward"": -9.268153213930548, ""angle_state_reward"": -263.27691389458005, ""boundary_penalty"": 0.0, ""combat_state_reward"": -5.268153213930548, ""death_penalty"": -4.0, ""distance_state_reward"": 146.29086047314908, ""own_kill_reward"": 0.0, ""support_awareness_state_reward"": 0.0, ""support_position_state_reward"": 0.0, ""support_state_reward"": 0.0, ""team_kill_reward"": 0.0}}",False,False,3,0,0.0,0.0,3,0.13058419243986255,38.0,1.0,True,0.42955326460481097,125.0,1.0,True,3,1.0,"{""blue_0"": 0, ""blue_1"": 0, ""blue_2"": 0, ""red_0"": 0, ""red_1"": 5, ""red_2"": 5, ""red_3"": 5}",0.0,0.0,0.0,blue,functional_heterogeneous_4v3_v15_paper_compact_attack_reward,291,-6.677693556357516,,False,True,0.0,0.0,1.0,0.0,1.0,0.2537195744031681,0.0,0.2537195744031681,0.0,False,0,0,0.0,0.0,0.0,0.0,0.0,0.06083177775144577,0.0,0.0,0.0,0.2537195682525635,0.0,0.0,0.0,0.2156088650226593,0.0,False,"{""0"": 1.0, ""1"": 0.0, ""2"": 0.0, ""3"": 0.0}",0,0,0.0,0.0,0,False,False,0.0,0.0,0.0,False,0.23367697594501718,68.0,1.0,True,0,0.2537195744031681,True,False,"{""boundary_penalty"": 0.0, ""combat_state_reward"": -4.09811229402972, ""death_penalty"": -3.0, ""own_kill_reward"": 0.0, ""support_state_reward"": 0.42041873767220284, ""team_kill_reward"": 0.0, ""team_total_reward"": -6.677693556357516}",False,0.0,829.0,291.0,0.0,0.0,0,0,0.0,0.0,5,0.9495990836197021,1.0,1.0,0.0,15,291.0,True,7,False,red_total_loss,False,False,False
50062,"{""red_0"": 1.7381220944419924, ""red_1"": -9.31598269689228, ""red_2"": -8.973490723100017, ""red_3"": -8.939120706933142}","{""red_0"": {""agent_total_reward"": 1.7381220944419924, ""angle_state_reward"": 0.0, ""boundary_penalty"": 0.0, ""combat_state_reward"": 0.0, ""death_penalty"": 0.0, ""distance_state_reward"": 0.0, ""own_kill_reward"": 0.0, ""support_awareness_state_reward"": 267.0, ""support_position_state_reward"": 111.68701574033193, ""support_state_reward"": 1.7381220944419924, ""team_kill_reward"": 0.0}, ""red_1"": {""agent_total_reward"": -9.31598269689228, ""angle_state_reward"": -265.79913484461485, ""boundary_penalty"": 0.0, ""combat_state_reward"": -5.315982696892282, ""death_penalty"": -4.0, ""distance_state_reward"": 160.65465667657799, ""own_kill_reward"": 0.0, ""support_awareness_state_reward"": 0.0, ""support_position_state_reward"": 0.0, ""support_state_reward"": 0.0, ""team_kill_reward"": 0.0}, ""red_2"": {""agent_total_reward"": -8.973490723100017, ""angle_state_reward"": -248.6745361550009, ""boundary_penalty"": 0.0, ""combat_state_reward"": -4.973490723100017, ""death_penalty"": -4.0, ""distance_state_reward"": 162.01415205044498, ""own_kill_reward"": 0.0, ""support_awareness_state_reward"": 0.0, ""support_position_state_reward"": 0.0, ""support_state_reward"": 0.0, ""team_kill_reward"": 0.0}, ""red_3"": {""agent_total_reward"": -8.939120706933142, ""angle_state_reward"": -246.94987167921778, ""boundary_penalty"": 0.0, ""combat_state_reward"": -4.939120706933141, ""death_penalty"": -4.0, ""distance_state_reward"": 158.91994137422347, ""own_kill_reward"": 0.0, ""support_awareness_state_reward"": 0.0, ""support_position_state_reward"": 0.0, ""support_state_reward"": 0.0, ""team_kill_reward"": 0.0}}",False,False,3,0,0.0,0.0,3,0.10486891385767791,28.0,1.0,True,0.42696629213483145,114.0,1.0,True,3,1.0,"{""blue_0"": 0, ""blue_1"": 0, ""blue_2"": 0, ""red_0"": 0, ""red_1"": 5, ""red_2"": 5, ""red_3"": 5}",0.0,0.0,0.0,blue,functional_heterogeneous_4v3_v15_paper_compact_attack_reward,267,-6.372618008120864,,False,True,0.0,0.0,1.0,0.0,1.0,0.02576651108775897,0.0,0.02576651108775897,0.0,False,0,0,0.0,0.0,0.0,0.0,0.0,0.01508783083409071,0.0,0.0,0.0,0.025766510516405106,0.0,0.0,0.0,0.0037369956262409687,0.0,False,"{""0"": 1.0, ""1"": 0.0, ""2"": 0.0, ""3"": 0.0}",0,0,0.0,0.0,0,False,False,0.0,0.0,0.0,False,0.14232209737827714,38.0,1.0,True,0,0.02576651108775897,True,False,"{""boundary_penalty"": 0.0, ""combat_state_reward"": -3.8071485317313716, ""death_penalty"": -3.0, ""own_kill_reward"": 0.0, ""support_state_reward"": 0.4345305236104981, ""team_kill_reward"": 0.0, ""team_total_reward"": -6.372618008120864}",False,0.0,765.0,267.0,0.0,0.0,0,0,0.0,0.0,6,0.9550561797752809,1.0,1.0,0.0,14,267.0,True,8,False,red_total_loss,False,False,False
50063,"{""red_0"": 1.4254218766319122, ""red_1"": -6.200000000000001, ""red_2"": -8.79956606016599, ""red_3"": -6.340000000000002}","{""red_0"": {""agent_total_reward"": 1.4254218766319122, ""angle_state_reward"": 0.0, ""boundary_penalty"": 0.0, ""combat_state_reward"": 0.0, ""death_penalty"": 0.0, ""distance_state_reward"": 0.0, ""own_kill_reward"": 0.0, ""support_awareness_state_reward"": 243.0, ""support_position_state_reward"": 75.57031277198509, ""support_state_reward"": 1.4254218766319122, ""team_kill_reward"": 0.0}, ""red_1"": {""agent_total_reward"": -6.200000000000001, ""angle_state_reward"": -110.0, ""boundary_penalty"": 0.0, ""combat_state_reward"": -2.2000000000000015, ""death_penalty"": -4.0, ""distance_state_reward"": 18.9105233791254, ""own_kill_reward"": 0.0, ""support_awareness_state_reward"": 0.0, ""support_position_state_reward"": 0.0, ""support_state_reward"": 0.0, ""team_kill_reward"": 0.0}, ""red_2"": {""agent_total_reward"": -8.79956606016599, ""angle_state_reward"": -239.97830300829963, ""boundary_penalty"": 0.0, ""combat_state_reward"": -4.799566060165989, ""death_penalty"": -4.0, ""distance_state_reward"": 145.5404307432799, ""own_kill_reward"": 0.0, ""support_awareness_state_reward"": 0.0, ""support_position_state_reward"": 0.0, ""support_state_reward"": 0.0, ""team_kill_reward"": 0.0}, ""red_3"": {""agent_total_reward"": -6.340000000000002, ""angle_state_reward"": -117.0, ""boundary_penalty"": 0.0, ""combat_state_reward"": -2.3400000000000016, ""death_penalty"": -4.0, ""distance_state_reward"": 25.817569284105062, ""own_kill_reward"": 0.0, ""support_awareness_state_reward"": 0.0, ""support_position_state_reward"": 0.0, ""support_state_reward"": 0.0, ""team_kill_reward"": 0.0}}",False,False,3,0,0.0,0.0,3,0.21810699588477367,53.0,1.0,True,0.6625514403292181,161.0,1.0,True,3,1.0,"{""blue_0"": 0, ""blue_1"": 0, ""blue_2"": 0, ""red_0"": 0, ""red_1"": 5, ""red_2"": 5, ""red_3"": 5}",0.0,0.0,0.0,blue,functional_heterogeneous_4v3_v15_paper_compact_attack_reward,243,-4.978536045883524,,False,True,0.0,0.0,1.0,0.0,1.0,0.1650994075682737,0.0,0.1650994075682737,0.0,False,0,0,0.0,0.0,0.0,0.0,0.0,0.0,0.0,0.0,0.0,0.16509941220283508,0.0,0.0,0.0,0.0,0.0,False,"{""0"": 1.0, ""1"": 0.0, ""2"": 0.0, ""3"": 0.0}",0,0,0.0,0.0,0,False,False,0.0,0.0,0.0,False,0.2222222222222222,54.0,1.0,True,0,0.1650994075682737,True,False,"{""boundary_penalty"": 0.0, ""combat_state_reward"": -2.3348915150414875, ""death_penalty"": -3.0, ""own_kill_reward"": 0.0, ""support_state_reward"": 0.35635546915797806, ""team_kill_reward"": 0.0, ""team_total_reward"": -4.978536045883524}",False,0.0,472.0,243.0,0.0,0.0,0,0,0.0,0.0,5,0.6474622770919067,1.0,1.0,0.0,13,243.0,True,8,False,red_total_loss,False,False,False
50064,"{""red_0"": 1.9336884527552785, ""red_1"": -9.918658052816548, ""red_2"": -9.415598317119787, ""red_3"": -9.662111316976507}","{""red_0"": {""agent_total_reward"": 1.9336884527552785, ""angle_state_reward"": 0.0, ""boundary_penalty"": 0.0, ""combat_state_reward"": 0.0, ""death_penalty"": 0.0, ""distance_state_reward"": 0.0, ""own_kill_reward"": 0.0, ""support_awareness_state_reward"": 298.0, ""support_position_state_reward"": 123.61474212587974, ""support_state_reward"": 1.9336884527552785, ""team_kill_reward"": 0.0}, ""red_1"": {""agent_total_reward"": -9.918658052816548, ""angle_state_reward"": -295.93290264082844, ""boundary_penalty"": 0.0, ""combat_state_reward"": -5.918658052816548, ""death_penalty"": -4.0, ""distance_state_reward"": 151.70956079039425, ""own_kill_reward"": 0.0, ""support_awareness_state_reward"": 0.0, ""support_position_state_reward"": 0.0, ""support_state_reward"": 0.0, ""team_kill_reward"": 0.0}, ""red_2"": {""agent_total_reward"": -9.415598317119787, ""angle_state_reward"": -270.77991585598994, ""boundary_penalty"": 0.0, ""combat_state_reward"": -5.415598317119788, ""death_penalty"": -4.0, ""distance_state_reward"": 145.67527861089775, ""own_kill_reward"": 0.0, ""support_awareness_state_reward"": 0.0, ""support_position_state_reward"": 0.0, ""support_state_reward"": 0.0, ""team_kill_reward"": 0.0}, ""red_3"": {""agent_total_reward"": -9.662111316976507, ""angle_state_reward"": -282.8730487436273, ""boundary_penalty"": 0.0, ""combat_state_reward"": -5.662111316976508, ""death_penalty"": -4.0, ""distance_state_reward"": 127.20482860921062, ""own_kill_reward"": 0.0, ""support_awareness_state_reward"": 0.0, ""support_position_state_reward"": 0.0, ""support_state_reward"": 0.0, ""team_kill_reward"": 0.0}}",False,False,3,0,0.0,0.0,3,0.14429530201342283,43.0,1.0,True,0.4597315436241611,137.0,1.0,True,3,1.0,"{""blue_0"": 0, ""blue_1"": 0, ""blue_2"": 0, ""red_0"": 0, ""red_1"": 5, ""red_2"": 5, ""red_3"": 5}",0.0,0.0,0.0,blue,functional_heterogeneous_4v3_v15_paper_compact_attack_reward,298,-6.765669808539403,,False,True,0.0,0.0,1.0,0.0,1.0,0.1595076294608937,0.0,0.1595076294608937,0.0,False,0,0,0.0,0.0,0.0,0.0,0.0,0.08876071125268936,0.0,0.0,0.0,0.102338045835495,0.0,0.0,0.0,0.15843014419078827,0.0,False,"{""0"": 1.0, ""1"": 0.0, ""2"": 0.0, ""3"": 0.0}",0,0,0.0,0.0,0,False,False,0.0,0.0,0.0,False,0.19798657718120805,59.0,1.0,True,0,0.1595076294608937,True,False,"{""boundary_penalty"": 0.0, ""combat_state_reward"": -4.249091921728225, ""death_penalty"": -3.0, ""own_kill_reward"": 0.0, ""support_state_reward"": 0.4834221131888196, ""team_kill_reward"": 0.0, ""team_total_reward"": -6.765669808539403}",False,0.0,857.0,298.0,0.0,0.0,0,0,0.0,0.0,7,0.9586129753914989,1.0,1.0,0.0,15,298.0,True,6,False,red_total_loss,False,False,False
50065,"{""red_0"": 1.27543824976361, ""red_1"": -6.240000000000002, ""red_2"": -6.560000000000002, ""red_3"": -8.679999438056424}","{""red_0"": {""agent_total_reward"": 1.27543824976361, ""angle_state_reward"": 0.0, ""boundary_penalty"": 0.0, ""combat_state_reward"": 0.0, ""death_penalty"": 0.0, ""distance_state_reward"": 0.0, ""own_kill_reward"": 0.0, ""support_awareness_state_reward"": 236.0, ""support_position_state_reward"": 55.23970829393503, ""support_state_reward"": 1.27543824976361, ""team_kill_reward"": 0.0}, ""red_1"": {""agent_total_reward"": -6.240000000000002, ""angle_state_reward"": -112.0, ""boundary_penalty"": 0.0, ""combat_state_reward"": -2.2400000000000015, ""death_penalty"": -4.0, ""distance_state_reward"": 10.330404842845077, ""own_kill_reward"": 0.0, ""support_awareness_state_reward"": 0.0, ""support_position_state_reward"": 0.0, ""support_state_reward"": 0.0, ""team_kill_reward"": 0.0}, ""red_2"": {""agent_total_reward"": -6.560000000000002, ""angle_state_reward"": -128.0, ""boundary_penalty"": 0.0, ""combat_state_reward"": -2.560000000000002, ""death_penalty"": -4.0, ""distance_state_reward"": 26.34254885017028, ""own_kill_reward"": 0.0, ""support_awareness_state_reward"": 0.0, ""support_position_state_reward"": 0.0, ""support_state_reward"": 0.0, ""team_kill_reward"": 0.0}, ""red_3"": {""agent_total_reward"": -8.679999438056424, ""angle_state_reward"": -233.99997190282096, ""boundary_penalty"": 0.0, ""combat_state_reward"": -4.679999438056423, ""death_penalty"": -4.0, ""distance_state_reward"": 129.05710626493692, ""own_kill_reward"": 0.0, ""support_awareness_state_reward"": 0.0, ""support_position_state_reward"": 0.0, ""support_state_reward"": 0.0, ""team_kill_reward"": 0.0}}",False,False,3,0,0.0,0.0,3,0.2669491525423729,63.0,1.0,True,0.6610169491525424,156.0,1.0,True,3,1.0,"{""blue_0"": 0, ""blue_1"": 0, ""blue_2"": 0, ""red_0"": 0, ""red_1"": 5, ""red_2"": 5, ""red_3"": 5}",0.0,0.0,0.0,blue,functional_heterogeneous_4v3_v15_paper_compact_attack_reward,236,-5.0511402970732,,False,True,0.0,0.0,1.0,0.0,1.0,0.08499741402624726,0.0,0.08499741402624726,0.0,False,0,0,0.0,0.0,0.0,0.0,0.0,0.0,0.0,0.0,0.0,0.0,0.0,0.0,0.0,0.08499741554260254,0.0,False,"{""0"": 1.0, ""1"": 0.0, ""2"": 0.0, ""3"": 0.0}",0,0,0.0,0.0,0,False,False,0.0,0.0,0.0,False,0.1440677966101695,34.0,1.0,True,0,0.08499741402624726,True,False,"{""boundary_penalty"": 0.0, ""combat_state_reward"": -2.3699998595140945, ""death_penalty"": -3.0, ""own_kill_reward"": 0.0, ""support_state_reward"": 0.3188595624409025, ""team_kill_reward"": 0.0, ""team_total_reward"": -5.0511402970732}",False,0.0,478.0,236.0,0.0,0.0,0,0,0.0,0.0,4,0.6751412429378532,1.0,1.0,0.0,12,236.0,True,5,False,red_total_loss,False,False,False
50066,"{""red_0"": 1.2166852549689104, ""red_1"": -14.0081263798661, ""red_2"": -14.347745570878642, ""red_3"": -14.814539838609443}","{""red_0"": {""agent_total_reward"": 1.2166852549689104, ""angle_state_reward"": 0.0, ""boundary_penalty"": 0.0, ""combat_state_reward"": 0.0, ""death_penalty"": 0.0, ""distance_state_reward"": 0.0, ""own_kill_reward"": 0.0, ""support_awareness_state_reward"": 548.0, ""support_position_state_reward"": -162.552457505182, ""support_state_reward"": 1.2166852549689104, ""team_kill_reward"": 0.0}, ""red_1"": {""agent_total_reward"": -14.0081263798661, ""angle_state_reward"": -499.5493509609487, ""boundary_penalty"": 0.0, ""combat_state_reward"": -10.0081263798661, ""death_penalty"": -4.0, ""distance_state_reward"": 216.0159413057328, ""own_kill_reward"": 0.0, ""support_awareness_state_reward"": 0.0, ""support_position_state_reward"": 0.0, ""support_state_reward"": 0.0, ""team_kill_reward"": 0.0}, ""red_2"": {""agent_total_reward"": -14.347745570878642, ""angle_state_reward"": -507.39718623540983, ""boundary_penalty"": 0.0, ""combat_state_reward"": -10.347745570878642, ""death_penalty"": -4.0, ""distance_state_reward"": 259.6865217530378, ""own_kill_reward"": 0.0, ""support_awareness_state_reward"": 0.0, ""support_position_state_reward"": 0.0, ""support_state_reward"": 0.0, ""team_kill_reward"": 0.0}, ""red_3"": {""agent_total_reward"": -14.814539838609443, ""angle_state_reward"": -516.3824461538279, ""boundary_penalty"": 0.0, ""combat_state_reward"": -10.814539838609443, ""death_penalty"": -4.0, ""distance_state_reward"": 213.89297425412957, ""own_kill_reward"": 0.0, ""support_awareness_state_reward"": 0.0, ""support_position_state_reward"": 0.0, ""support_state_reward"": 0.0, ""team_kill_reward"": 0.0}}",False,False,3,0,0.0,0.0,3,0.14051094890510948,77.0,1.0,True,0.6131386861313869,336.0,1.0,True,3,1.0,"{""blue_0"": 0, ""blue_1"": 0, ""blue_2"": 0, ""red_0"": 0, ""red_1"": 5, ""red_2"": 5, ""red_3"": 5}",0.0,0.0,0.0,blue,functional_heterogeneous_4v3_v15_paper_compact_attack_reward,548,-10.488431633596417,,False,True,0.0,1.0,1.0,0.0,1.0,0.5669637265967379,0.0,0.5669637265967379,0.0,False,0,0,0.0,0.0,0.0,0.0,0.0,0.11764891445636749,0.0,1.0,0.0,0.5669637322425842,0.0,0.0,0.0,0.4326043128967285,0.0,False,"{""0"": 1.0, ""1"": 0.0, ""2"": 0.0, ""3"": 0.0}",0,0,0.0,0.0,0,False,False,0.012773722627737226,7.0,1.0,True,0.32116788321167883,176.0,1.0,True,0,0.5669637265967379,True,False,"{""boundary_penalty"": 0.0, ""combat_state_reward"": -7.792602947338569, ""death_penalty"": -3.0, ""own_kill_reward"": 0.0, ""support_state_reward"": 0.3041713137422276, ""team_kill_reward"": 0.0, ""team_total_reward"": -10.488431633596417}",False,0.0,1580.0,548.0,0.0,0.0,0,0,0.021897810218978103,12.0,9,0.9610705596107056,1.0,1.0,0.1111111111111111,28,548.0,True,22,False,red_total_loss,False,False,False
50067,"{""red_0"": 1.3367350471960089, ""red_1"": -6.300000000000002, ""red_2"": -7.079237505225159, ""red_3"": -6.440000000000001}","{""red_0"": {""agent_total_reward"": 1.3367350471960089, ""angle_state_reward"": 0.0, ""boundary_penalty"": 0.0, ""combat_state_reward"": 0.0, ""death_penalty"": 0.0, ""distance_state_reward"": 0.0, ""own_kill_reward"": 0.0, ""support_awareness_state_reward"": 155.0, ""support_position_state_reward"": 119.4558411993347, ""support_state_reward"": 1.3367350471960089, ""team_kill_reward"": 0.0}, ""red_1"": {""agent_total_reward"": -6.300000000000002, ""angle_state_reward"": -115.0, ""boundary_penalty"": 0.0, ""combat_state_reward"": -2.3000000000000016, ""death_penalty"": -4.0, ""distance_state_reward"": 26.02493556355056, ""own_kill_reward"": 0.0, ""support_awareness_state_reward"": 0.0, ""support_position_state_reward"": 0.0, ""support_state_reward"": 0.0, ""team_kill_reward"": 0.0}, ""red_2"": {""agent_total_reward"": -7.079237505225159, ""angle_state_reward"": -153.96187526125783, ""boundary_penalty"": 0.0, ""combat_state_reward"": -3.079237505225159, ""death_penalty"": -4.0, ""distance_state_reward"": 60.52318626351938, ""own_kill_reward"": 0.0, ""support_awareness_state_reward"": 0.0, ""support_position_state_reward"": 0.0, ""support_state_reward"": 0.0, ""team_kill_reward"": 0.0}, ""red_3"": {""agent_total_reward"": -6.440000000000001, ""angle_state_reward"": -122.0, ""boundary_penalty"": 0.0, ""combat_state_reward"": -2.4400000000000017, ""death_penalty"": -4.0, ""distance_state_reward"": 34.91195147103234, ""own_kill_reward"": 0.0, ""support_awareness_state_reward"": 0.0, ""support_position_state_reward"": 0.0, ""support_state_reward"": 0.0, ""team_kill_reward"": 0.0}}",False,False,3,0,0.0,0.0,3,0.25806451612903225,40.0,1.0,True,0.5548387096774193,86.0,1.0,True,3,1.0,"{""blue_0"": 0, ""blue_1"": 0, ""blue_2"": 0, ""red_0"": 0, ""red_1"": 5, ""red_2"": 5, ""red_3"": 5}",0.0,0.0,0.0,blue,functional_heterogeneous_4v3_v15_paper_compact_attack_reward,155,-4.620625614507286,,False,True,0.0,0.0,1.0,0.0,1.0,0.0032406027930844267,0.0,0.0032406027930844267,0.0,False,0,0,0.0,0.0,0.0,0.0,0.0,0.0,0.0,0.0,0.0,0.0032406027894467115,0.0,0.0,0.0,0.0,0.0,False,"{""0"": 1.0, ""1"": 0.0, ""2"": 0.0, ""3"": 0.0}",0,0,0.0,0.0,0,False,False,0.0,0.0,0.0,False,0.025806451612903226,4.0,1.0,True,0,0.0032406027930844267,True,False,"{""boundary_penalty"": 0.0, ""combat_state_reward"": -1.954809376306282, ""death_penalty"": -3.0, ""own_kill_reward"": 0.0, ""support_state_reward"": 0.3341837617990022, ""team_kill_reward"": 0.0, ""team_total_reward"": -4.620625614507286}",False,0.0,394.0,155.0,0.0,0.0,0,0,0.0,0.0,5,0.8473118279569892,1.0,1.0,0.0,8,155.0,True,8,False,red_total_loss,False,False,False
50068,"{""red_0"": -1.751075467269716, ""red_1"": -5.159983620741035, ""red_2"": -2.895345658293179, ""red_3"": -7.683567457631797}","{""red_0"": {""agent_total_reward"": -1.751075467269716, ""angle_state_reward"": 0.0, ""boundary_penalty"": 0.0, ""combat_state_reward"": 0.0, ""death_penalty"": -4.0, ""distance_state_reward"": 0.0, ""own_kill_reward"": 0.0, ""support_awareness_state_reward"": 309.0, ""support_position_state_reward"": 2.154088788380549, ""support_state_reward"": 1.2489245327302823, ""team_kill_reward"": 1.0}, ""red_1"": {""agent_total_reward"": -5.159983620741035, ""angle_state_reward"": -107.99918103705168, ""boundary_penalty"": 0.0, ""combat_state_reward"": -2.159983620741035, ""death_penalty"": -4.0, ""distance_state_reward"": 21.049857192840065, ""own_kill_reward"": 0.0, ""support_awareness_state_reward"": 0.0, ""support_position_state_reward"": 0.0, ""support_state_reward"": 0.0, ""team_kill_reward"": 1.0}, ""red_2"": {""agent_total_reward"": -2.895345658293179, ""angle_state_reward"": -394.7672829146585, ""boundary_penalty"": 0.0, ""combat_state_reward"": -7.895345658293125, ""death_penalty"": -4.0, ""distance_state_reward"": 299.81401288483835, ""own_kill_reward"": 8.0, ""support_awareness_state_reward"": 0.0, ""support_position_state_reward"": 0.0, ""support_state_reward"": 0.0, ""team_kill_reward"": 1.0}, ""red_3"": {""agent_total_reward"": -7.683567457631797, ""angle_state_reward"": -234.17837288158972, ""boundary_penalty"": 0.0, ""combat_state_reward"": -4.683567457631797, ""death_penalty"": -4.0, ""distance_state_reward"": 138.79439409546268, ""own_kill_reward"": 0.0, ""support_awareness_state_reward"": 0.0, ""support_position_state_reward"": 0.0, ""support_state_reward"": 0.0, ""team_kill_reward"": 1.0}}",True,False,4,0,0.0,0.0,2,0.24330900243309003,100.0,1.0,True,0.7445255474452555,306.0,1.0,True,4,1.0,"{""blue_0"": 0, ""blue_1"": 0, ""blue_2"": 5, ""red_0"": 5, ""red_1"": 5, ""red_2"": 5, ""red_3"": 5}",0.0,0.0,0.0,blue,functional_heterogeneous_4v3_v15_paper_compact_attack_reward,411,-4.372493050983919,259,False,True,0.0,1.0,1.0,0.0,1.0,1.0,0.0,1.0,0.0,False,0,0,0.0,0.0,0.0,0.0,0.0,6.961185135878623e-05,0.0,1.0,1.0,0.9788902997970581,0.0,0.0,0.0,0.15443624556064606,0.0,True,"{""0"": 0.0, ""1"": 1.0, ""2"": 0.0, ""3"": 0.0}",1,0,0.0,0.0,0,False,False,0.06569343065693431,27.0,1.0,True,0.2749391727493917,113.0,1.0,True,1,1.0,True,False,"{""boundary_penalty"": 0.0, ""combat_state_reward"": -3.684724184166475, ""death_penalty"": -4.0, ""own_kill_reward"": 2.0, ""support_state_reward"": 0.31223113318257056, ""team_kill_reward"": 1.0, ""team_total_reward"": -4.372493050983919}",False,0.0,655.0,309.0,1.0,1.0,1,0,0.0,0.0,7,0.7043010752688172,0.9967741935483871,1.0,0.14285714285714285,21,310.0,False,13,False,red_total_loss,False,False,False
50069,"{""red_0"": 1.1644361377494983, ""red_1"": -9.194264173131405, ""red_2"": -8.840335805348161, ""red_3"": -8.749010757672465}","{""red_0"": {""agent_total_reward"": 1.1644361377494983, ""angle_state_reward"": 0.0, ""boundary_penalty"": 0.0, ""combat_state_reward"": 0.0, ""death_penalty"": 0.0, ""distance_state_reward"": 0.0, ""own_kill_reward"": 0.0, ""support_awareness_state_reward"": 262.0, ""support_position_state_reward"": 19.406022958249622, ""support_state_reward"": 1.1644361377494983, ""team_kill_reward"": 0.0}, ""red_1"": {""agent_total_reward"": -9.194264173131405, ""angle_state_reward"": -258.8657815150325, ""boundary_penalty"": 0.0, ""combat_state_reward"": -5.194264173131404, ""death_penalty"": -4.0, ""distance_state_reward"": 108.404376355487, ""own_kill_reward"": 0.0, ""support_awareness_state_reward"": 0.0, ""support_position_state_reward"": 0.0, ""support_state_reward"": 0.0, ""team_kill_reward"": 0.0}, ""red_2"": {""agent_total_reward"": -8.840335805348161, ""angle_state_reward"": -242.01679026740797, ""boundary_penalty"": 0.0, ""combat_state_reward"": -4.84033580534816, ""death_penalty"": -4.0, ""distance_state_reward"": 154.9293216946223, ""own_kill_reward"": 0.0, ""support_awareness_state_reward"": 0.0, ""support_position_state_reward"": 0.0, ""support_state_reward"": 0.0, ""team_kill_reward"": 0.0}, ""red_3"": {""agent_total_reward"": -8.749010757672465, ""angle_state_reward"": -237.4505378836231, ""boundary_penalty"": 0.0, ""combat_state_reward"": -4.749010757672465, ""death_penalty"": -4.0, ""distance_state_reward"": 150.0088444721094, ""own_kill_reward"": 0.0, ""support_awareness_state_reward"": 0.0, ""support_position_state_reward"": 0.0, ""support_state_reward"": 0.0, ""team_kill_reward"": 0.0}}",False,False,3,0,0.0,0.0,3,0.13740458015267176,36.0,1.0,True,0.45038167938931295,118.0,1.0,True,3,1.0,"{""blue_0"": 0, ""blue_1"": 0, ""blue_2"": 0, ""red_0"": 0, ""red_1"": 5, ""red_2"": 5, ""red_3"": 5}",0.0,0.0,0.0,blue,functional_heterogeneous_4v3_v15_paper_compact_attack_reward,262,-6.404793649600626,,False,True,0.0,0.0,1.0,0.0,1.0,0.1668525525275553,0.0,0.1668525525275553,0.0,False,0,0,0.0,0.0,0.0,0.0,0.0,0.09734652936458588,0.0,0.0,0.0,0.16685254871845245,0.0,0.0,0.0,0.13007527589797974,0.0,False,"{""0"": 1.0, ""1"": 0.0, ""2"": 0.0, ""3"": 0.0}",0,0,0.0,0.0,0,False,False,0.0,0.0,0.0,False,0.2099236641221374,55.0,1.0,True,0,0.1668525525275553,True,False,"{""boundary_penalty"": 0.0, ""combat_state_reward"": -3.6959026840380087, ""death_penalty"": -3.0, ""own_kill_reward"": 0.0, ""support_state_reward"": 0.29110903443737457, ""team_kill_reward"": 0.0, ""team_total_reward"": -6.404793649600626}",False,0.0,747.0,262.0,0.0,0.0,0,0,0.0,0.0,7,0.950381679389313,1.0,1.0,0.0,14,262.0,True,6,False,red_total_loss,False,False,False
50070,"{""red_0"": 0.9927157631752808, ""red_1"": -6.080000000000002, ""red_2"": -6.160000000000002, ""red_3"": -9.086435744639516}","{""red_0"": {""agent_total_reward"": 0.9927157631752808, ""angle_state_reward"": 0.0, ""boundary_penalty"": 0.0, ""combat_state_reward"": 0.0, ""death_penalty"": 0.0, ""distance_state_reward"": 0.0, ""own_kill_reward"": 0.0, ""support_awareness_state_reward"": 258.0, ""support_position_state_reward"": -6.547372804119789, ""support_state_reward"": 0.9927157631752808, ""team_kill_reward"": 0.0}, ""red_1"": {""agent_total_reward"": -6.080000000000002, ""angle_state_reward"": -104.0, ""boundary_penalty"": 0.0, ""combat_state_reward"": -2.0800000000000014, ""death_penalty"": -4.0, ""distance_state_reward"": 3.167338117690356, ""own_kill_reward"": 0.0, ""support_awareness_state_reward"": 0.0, ""support_position_state_reward"": 0.0, ""support_state_reward"": 0.0, ""team_kill_reward"": 0.0}, ""red_2"": {""agent_total_reward"": -6.160000000000002, ""angle_state_reward"": -108.0, ""boundary_penalty"": 0.0, ""combat_state_reward"": -2.1600000000000015, ""death_penalty"": -4.0, ""distance_state_reward"": 6.752510350936724, ""own_kill_reward"": 0.0, ""support_awareness_state_reward"": 0.0, ""support_position_state_reward"": 0.0, ""support_state_reward"": 0.0, ""team_kill_reward"": 0.0}, ""red_3"": {""agent_total_reward"": -9.086435744639516, ""angle_state_reward"": -254.25677593308592, ""boundary_penalty"": 0.0, ""combat_state_reward"": -5.086435744639515, ""death_penalty"": -4.0, ""distance_state_reward"": 146.71897195552702, ""own_kill_reward"": 0.0, ""support_awareness_state_reward"": 0.0, ""support_position_state_reward"": 0.0, ""support_state_reward"": 0.0, ""team_kill_reward"": 0.0}}",False,False,3,0,0.0,0.0,3,0.23255813953488372,60.0,1.0,True,0.6085271317829457,157.0,1.0,True,3,1.0,"{""blue_0"": 0, ""blue_1"": 0, ""blue_2"": 0, ""red_0"": 0, ""red_1"": 5, ""red_2"": 5, ""red_3"": 5}",0.0,0.0,0.0,blue,functional_heterogeneous_4v3_v15_paper_compact_attack_reward,258,-5.083429995366057,,False,True,0.0,0.0,1.0,0.0,1.0,0.22705918501005534,0.0,0.22705918501005534,0.0,False,0,0,0.0,0.0,0.0,0.0,0.0,0.0,0.0,0.0,0.0,0.0,0.0,0.0,0.0,0.22705918550491333,0.0,False,"{""0"": 1.0, ""1"": 0.0, ""2"": 0.0, ""3"": 0.0}",0,0,0.0,0.0,0,False,False,0.0,0.0,0.0,False,0.23255813953488372,60.0,1.0,True,0,0.22705918501005534,True,False,"{""boundary_penalty"": 0.0, ""combat_state_reward"": -2.3316089361598644, ""death_penalty"": -3.0, ""own_kill_reward"": 0.0, ""support_state_reward"": 0.2481789407938202, ""team_kill_reward"": 0.0, ""team_total_reward"": -5.083429995366057}",False,0.0,472.0,258.0,0.0,0.0,0,0,0.0,0.0,7,0.6098191214470284,1.0,1.0,0.0,13,258.0,True,6,False,red_total_loss,False,False,False
50071,"{""red_0"": -2.23709756962176, ""red_1"": -9.540696558916952, ""red_2"": -13.604960423634614, ""red_3"": -9.415090297339209}","{""red_0"": {""agent_total_reward"": -2.23709756962176, ""angle_state_reward"": 0.0, ""boundary_penalty"": 0.0, ""combat_state_reward"": 0.0, ""death_penalty"": -4.0, ""distance_state_reward"": 0.0, ""own_kill_reward"": 0.0, ""support_awareness_state_reward"": 338.0, ""support_position_state_reward"": 68.48373839637344, ""support_state_reward"": 1.76290243037824, ""team_kill_reward"": 0.0}, ""red_1"": {""agent_total_reward"": -9.540696558916952, ""angle_state_reward"": -277.0348279458481, ""boundary_penalty"": 0.0, ""combat_state_reward"": -5.540696558916953, ""death_penalty"": -4.0, ""distance_state_reward"": 143.60623865099743, ""own_kill_reward"": 0.0, ""support_awareness_state_reward"": 0.0, ""support_position_state_reward"": 0.0, ""support_state_reward"": 0.0, ""team_kill_reward"": 0.0}, ""red_2"": {""agent_total_reward"": -13.604960423634614, ""angle_state_reward"": -480.2094037526559, ""boundary_penalty"": 0.0, ""combat_state_reward"": -9.604960423634614, ""death_penalty"": -4.0, ""distance_state_reward"": 263.7790142374024, ""own_kill_reward"": 0.0, ""support_awareness_state_reward"": 0.0, ""support_position_state_reward"": 0.0, ""support_state_reward"": 0.0, ""team_kill_reward"": 0.0}, ""red_3"": {""agent_total_reward"": -9.415090297339209, ""angle_state_reward"": -270.6773626309098, ""boundary_penalty"": 0.0, ""combat_state_reward"": -5.4150902973392085, ""death_penalty"": -4.0, ""distance_state_reward"": 153.91328720380818, ""own_kill_reward"": 0.0, ""support_awareness_state_reward"": 0.0, ""support_position_state_reward"": 0.0, ""support_state_reward"": 0.0, ""team_kill_reward"": 0.0}}",False,False,4,0,0.0,0.0,3,0.11934156378600823,58.0,1.0,True,0.49382716049382713,240.0,1.0,True,4,1.0,"{""blue_0"": 0, ""blue_1"": 0, ""blue_2"": 0, ""red_0"": 5, ""red_1"": 5, ""red_2"": 5, ""red_3"": 5}",0.0,0.0,0.0,blue,functional_heterogeneous_4v3_v15_paper_compact_attack_reward,486,-8.699461212378143,,False,True,0.0,0.0,1.0,0.0,1.0,0.39598051605863593,0.0,0.39598051605863593,0.0,False,0,0,0.0,0.0,0.0,0.0,0.0,0.16340473294258118,0.0,0.0,0.0,0.39598050713539124,0.0,0.0,0.0,0.2717994451522827,0.0,False,"{""0"": 1.0, ""1"": 0.0, ""2"": 0.0, ""3"": 0.0}",0,0,0.0,0.0,0,False,False,0.0,0.0,0.0,False,0.2139917695473251,104.0,1.0,True,0,0.39598051605863593,True,False,"{""boundary_penalty"": 0.0, ""combat_state_reward"": -5.140186819972704, ""death_penalty"": -4.0, ""own_kill_reward"": 0.0, ""support_state_reward"": 0.44072560759456, ""team_kill_reward"": 0.0, ""team_total_reward"": -8.699461212378143}",False,0.0,894.0,339.0,0.0,0.0,0,0,0.0,0.0,7,0.8790560471976401,1.0,1.0,0.0,25,339.0,False,11,False,red_total_loss,False,False,False
50072,"{""red_0"": -0.7828444770788083, ""red_1"": -18.007230548747923, ""red_2"": -18.036205432675697, ""red_3"": -9.277198203169716}","{""red_0"": {""agent_total_reward"": -0.7828444770788083, ""angle_state_reward"": 0.0, ""boundary_penalty"": -0.30000000000000004, ""combat_state_reward"": 0.0, ""death_penalty"": 0.0, ""distance_state_reward"": 0.0, ""own_kill_reward"": 0.0, ""support_awareness_state_reward"": 424.66666666666515, ""support_position_state_reward"": -363.5851906242458, ""support_state_reward"": -0.4828444770788071, ""team_kill_reward"": 0.0}, ""red_1"": {""agent_total_reward"": -18.007230548747923, ""angle_state_reward"": -879.0996238232226, ""boundary_penalty"": -0.1, ""combat_state_reward"": -17.907230548747922, ""death_penalty"": 0.0, ""distance_state_reward"": -240.50389641146566, ""own_kill_reward"": 0.0, ""support_awareness_state_reward"": 0.0, ""support_position_state_reward"": 0.0, ""support_state_reward"": 0.0, ""team_kill_reward"": 0.0}, ""red_2"": {""agent_total_reward"": -18.036205432675697, ""angle_state_reward"": -860.4466967558282, ""boundary_penalty"": -0.1, ""combat_state_reward"": -17.936205432675695, ""death_penalty"": 0.0, ""distance_state_reward"": -228.44022945420275, ""own_kill_reward"": 0.0, ""support_awareness_state_reward"": 0.0, ""support_position_state_reward"": 0.0, ""support_state_reward"": 0.0, ""team_kill_reward"": 0.0}, ""red_3"": {""agent_total_reward"": -9.277198203169716, ""angle_state_reward"": -263.85991015848583, ""boundary_penalty"": 0.0, ""combat_state_reward"": -5.277198203169716, ""death_penalty"": -4.0, ""distance_state_reward"": 156.82138027968196, ""own_kill_reward"": 0.0, ""support_awareness_state_reward"": 0.0, ""support_position_state_reward"": 0.0, ""support_state_reward"": 0.0, ""team_kill_reward"": 0.0}}",False,False,1,0,0.0,0.0,3,0.058888888888888886,53.0,1.0,True,0.21666666666666667,195.0,1.0,True,1,1.0,"{""blue_0"": 0, ""blue_1"": 0, ""blue_2"": 0, ""red_0"": 0, ""red_1"": 0, ""red_2"": 0, ""red_3"": 5}",0.0,0.0,0.0,blue,functional_heterogeneous_4v3_v15_paper_compact_attack_reward,900,-11.525869665418147,,False,True,0.0,0.0,1.0,0.0,1.0,0.4045738875434601,2.0,0.4045738875434601,3.0,False,0,0,0.0,0.0,0.0,0.0,0.0,0.24420802295207977,1.0,0.0,0.0,0.26372185349464417,1.0,0.0,0.0,0.40457388758659363,0.0,False,"{""0"": 1.0, ""1"": 0.0, ""2"": 0.0, ""3"": 0.0}",0,2,0.17666666666666667,159.0,2,False,False,0.0,0.0,0.0,False,0.13555555555555557,122.0,1.0,True,0,0.4045738875434601,False,False,"{""boundary_penalty"": -0.125, ""combat_state_reward"": -10.280158546148341, ""death_penalty"": -1.0, ""own_kill_reward"": 0.0, ""support_state_reward"": -0.12071111926970178, ""team_kill_reward"": 0.0, ""team_total_reward"": -11.525869665418147}",False,0.0,1674.0,700.0,0.0,0.0,0,3,0.23444444444444446,211.0,8,0.62,0.7777777777777778,1.0,0.0,45,900.0,True,21,False,timeout_red_loss,False,True,False
50073,"{""red_0"": 1.4215158697398411, ""red_1"": -7.054489364768031, ""red_2"": -11.07965576514357, ""red_3"": -8.616677308096031}","{""red_0"": {""agent_total_reward"": 1.4215158697398411, ""angle_state_reward"": 0.0, ""boundary_penalty"": 0.0, ""combat_state_reward"": 0.0, ""death_penalty"": 0.0, ""distance_state_reward"": 0.0, ""own_kill_reward"": 0.0, ""support_awareness_state_reward"": 355.0, ""support_position_state_reward"": 0.252644956640367, ""support_state_reward"": 1.4215158697398411, ""team_kill_reward"": 0.0}, ""red_1"": {""agent_total_reward"": -7.054489364768031, ""angle_state_reward"": -152.71769438432008, ""boundary_penalty"": 0.0, ""combat_state_reward"": -3.0544893647680316, ""death_penalty"": -4.0, ""distance_state_reward"": 30.54887046999383, ""own_kill_reward"": 0.0, ""support_awareness_state_reward"": 0.0, ""support_position_state_reward"": 0.0, ""support_state_reward"": 0.0, ""team_kill_reward"": 0.0}, ""red_2"": {""agent_total_reward"": -11.07965576514357, ""angle_state_reward"": -353.9827882571816, ""boundary_penalty"": 0.0, ""combat_state_reward"": -7.07965576514357, ""death_penalty"": -4.0, ""distance_state_reward"": 228.79590625222318, ""own_kill_reward"": 0.0, ""support_awareness_state_reward"": 0.0, ""support_position_state_reward"": 0.0, ""support_state_reward"": 0.0, ""team_kill_reward"": 0.0}, ""red_3"": {""agent_total_reward"": -8.616677308096031, ""angle_state_reward"": -230.83386540480168, ""boundary_penalty"": 0.0, ""combat_state_reward"": -4.6166773080960315, ""death_penalty"": -4.0, ""distance_state_reward"": 107.21986158665297, ""own_kill_reward"": 0.0, ""support_awareness_state_reward"": 0.0, ""support_position_state_reward"": 0.0, ""support_state_reward"": 0.0, ""team_kill_reward"": 0.0}}",False,False,3,0,0.0,0.0,3,0.15492957746478872,55.0,1.0,True,0.5746478873239437,204.0,1.0,True,3,1.0,"{""blue_0"": 0, ""blue_1"": 0, ""blue_2"": 0, ""red_0"": 0, ""red_1"": 5, ""red_2"": 5, ""red_3"": 5}",0.0,0.0,0.0,blue,functional_heterogeneous_4v3_v15_paper_compact_attack_reward,355,-6.332326642066927,,False,True,0.0,0.0,1.0,0.0,1.0,0.023339011606167276,0.0,0.023339011606167276,0.0,False,0,0,0.0,0.0,0.0,0.0,0.0,0.023339010775089264,0.0,0.0,0.0,0.0014629981014877558,0.0,0.0,0.0,0.014007138088345528,0.0,False,"{""0"": 1.0, ""1"": 0.0, ""2"": 0.0, ""3"": 0.0}",0,0,0.0,0.0,0,False,False,0.0,0.0,0.0,False,0.061971830985915494,22.0,1.0,True,0,0.023339011606167276,True,False,"{""boundary_penalty"": 0.0, ""combat_state_reward"": -3.6877056095018936, ""death_penalty"": -3.0, ""own_kill_reward"": 0.0, ""support_state_reward"": 0.3553789674349603, ""team_kill_reward"": 0.0, ""team_total_reward"": -6.332326642066927}",False,0.0,741.0,355.0,0.0,0.0,0,0,0.0,0.0,7,0.6957746478873239,1.0,1.0,0.0,18,355.0,True,10,False,red_total_loss,False,False,False
50074,"{""red_0"": 1.2391579141461684, ""red_1"": -6.340000000000002, ""red_2"": -7.999847677279867, ""red_3"": -6.640000000000002}","{""red_0"": {""agent_total_reward"": 1.2391579141461684, ""angle_state_reward"": 0.0, ""boundary_penalty"": 0.0, ""combat_state_reward"": 0.0, ""death_penalty"": 0.0, ""distance_state_reward"": 0.0, ""own_kill_reward"": 0.0, ""support_awareness_state_reward"": 201.0, ""support_position_state_reward"": 72.52631902436154, ""support_state_reward"": 1.2391579141461684, ""team_kill_reward"": 0.0}, ""red_1"": {""agent_total_reward"": -6.340000000000002, ""angle_state_reward"": -117.0, ""boundary_penalty"": 0.0, ""combat_state_reward"": -2.3400000000000016, ""death_penalty"": -4.0, ""distance_state_reward"": 16.010727452946536, ""own_kill_reward"": 0.0, ""support_awareness_state_reward"": 0.0, ""support_position_state_reward"": 0.0, ""support_state_reward"": 0.0, ""team_kill_reward"": 0.0}, ""red_2"": {""agent_total_reward"": -7.999847677279867, ""angle_state_reward"": -199.99238386399315, ""boundary_penalty"": 0.0, ""combat_state_reward"": -3.999847677279867, ""death_penalty"": -4.0, ""distance_state_reward"": 99.25842484257892, ""own_kill_reward"": 0.0, ""support_awareness_state_reward"": 0.0, ""support_position_state_reward"": 0.0, ""support_state_reward"": 0.0, ""team_kill_reward"": 0.0}, ""red_3"": {""agent_total_reward"": -6.640000000000002, ""angle_state_reward"": -132.0, ""boundary_penalty"": 0.0, ""combat_state_reward"": -2.640000000000002, ""death_penalty"": -4.0, ""distance_state_reward"": 23.71209410013257, ""own_kill_reward"": 0.0, ""support_awareness_state_reward"": 0.0, ""support_position_state_reward"": 0.0, ""support_state_reward"": 0.0, ""team_kill_reward"": 0.0}}",False,False,3,0,0.0,0.0,3,0.2885572139303483,58.0,1.0,True,0.6616915422885572,133.0,1.0,True,3,1.0,"{""blue_0"": 0, ""blue_1"": 0, ""blue_2"": 0, ""red_0"": 0, ""red_1"": 5, ""red_2"": 5, ""red_3"": 5}",0.0,0.0,0.0,blue,functional_heterogeneous_4v3_v15_paper_compact_attack_reward,201,-4.935172440783424,,False,True,0.0,0.0,1.0,0.0,1.0,0.0006473715605798732,0.0,0.0006473715605798732,0.0,False,0,0,0.0,0.0,0.0,0.0,0.0,0.0,0.0,0.0,0.0,0.0006473715766333044,0.0,0.0,0.0,0.0,0.0,False,"{""0"": 1.0, ""1"": 0.0, ""2"": 0.0, ""3"": 0.0}",0,0,0.0,0.0,0,False,False,0.0,0.0,0.0,False,0.01990049751243781,4.0,1.0,True,0,0.0006473715605798732,True,False,"{""boundary_penalty"": 0.0, ""combat_state_reward"": -2.244961919319955, ""death_penalty"": -3.0, ""own_kill_reward"": 0.0, ""support_state_reward"": 0.3097894785365421, ""team_kill_reward"": 0.0, ""team_total_reward"": -4.935172440783424}",False,0.0,452.0,201.0,0.0,0.0,0,0,0.0,0.0,6,0.7495854063018242,1.0,1.0,0.0,11,201.0,True,8,False,red_total_loss,False,False,False
50075,"{""red_0"": 1.6667047770256371, ""red_1"": -9.299288288461208, ""red_2"": -8.336328638060795, ""red_3"": -8.927340373290058}","{""red_0"": {""agent_total_reward"": 1.6667047770256371, ""angle_state_reward"": 0.0, ""boundary_penalty"": 0.0, ""combat_state_reward"": 0.0, ""death_penalty"": 0.0, ""distance_state_reward"": 0.0, ""own_kill_reward"": 0.0, ""support_awareness_state_reward"": 266.0, ""support_position_state_reward"": 100.45079617093937, ""support_state_reward"": 1.6667047770256371, ""team_kill_reward"": 0.0}, ""red_1"": {""agent_total_reward"": -9.299288288461208, ""angle_state_reward"": -264.96441442306127, ""boundary_penalty"": 0.0, ""combat_state_reward"": -5.299288288461208, ""death_penalty"": -4.0, ""distance_state_reward"": 160.19744686012882, ""own_kill_reward"": 0.0, ""support_awareness_state_reward"": 0.0, ""support_position_state_reward"": 0.0, ""support_state_reward"": 0.0, ""team_kill_reward"": 0.0}, ""red_2"": {""agent_total_reward"": -8.336328638060795, ""angle_state_reward"": -216.81643190303993, ""boundary_penalty"": 0.0, ""combat_state_reward"": -4.336328638060794, ""death_penalty"": -4.0, ""distance_state_reward"": 107.43230954947529, ""own_kill_reward"": 0.0, ""support_awareness_state_reward"": 0.0, ""support_position_state_reward"": 0.0, ""support_state_reward"": 0.0, ""team_kill_reward"": 0.0}, ""red_3"": {""agent_total_reward"": -8.927340373290058, ""angle_state_reward"": -246.36701866450318, ""boundary_penalty"": 0.0, ""combat_state_reward"": -4.9273403732900585, ""death_penalty"": -4.0, ""distance_state_reward"": 142.61037802461288, ""own_kill_reward"": 0.0, ""support_awareness_state_reward"": 0.0, ""support_position_state_reward"": 0.0, ""support_state_reward"": 0.0, ""team_kill_reward"": 0.0}}",False,False,3,0,0.0,0.0,3,0.18796992481203006,50.0,1.0,True,0.5225563909774437,139.0,1.0,True,3,1.0,"{""blue_0"": 0, ""blue_1"": 0, ""blue_2"": 0, ""red_0"": 0, ""red_1"": 5, ""red_2"": 5, ""red_3"": 5}",0.0,0.0,0.0,blue,functional_heterogeneous_4v3_v15_paper_compact_attack_reward,266,-6.224063130696609,,False,True,0.0,0.0,1.0,0.0,1.0,0.05172687023031655,0.0,0.05172687023031655,0.0,False,0,0,0.0,0.0,0.0,0.0,0.0,0.002749318489804864,0.0,0.0,0.0,0.01560328807681799,0.0,0.0,0.0,0.051726870238780975,0.0,False,"{""0"": 1.0, ""1"": 0.0, ""2"": 0.0, ""3"": 0.0}",0,0,0.0,0.0,0,False,False,0.0,0.0,0.0,False,0.15789473684210525,42.0,1.0,True,0,0.05172687023031655,True,False,"{""boundary_penalty"": 0.0, ""combat_state_reward"": -3.640739324953021, ""death_penalty"": -3.0, ""own_kill_reward"": 0.0, ""support_state_reward"": 0.4166761942564093, ""team_kill_reward"": 0.0, ""team_total_reward"": -6.224063130696609}",False,0.0,732.0,266.0,0.0,0.0,0,0,0.0,0.0,8,0.9172932330827067,1.0,1.0,0.0,14,266.0,True,9,False,red_total_loss,False,False,False
50076,"{""red_0"": 1.1701018903584397, ""red_1"": -6.1800000000000015, ""red_2"": -8.211399800968215, ""red_3"": -6.540000000000002}","{""red_0"": {""agent_total_reward"": 1.1701018903584397, ""angle_state_reward"": 0.0, ""boundary_penalty"": 0.0, ""combat_state_reward"": 0.0, ""death_penalty"": 0.0, ""distance_state_reward"": 0.0, ""own_kill_reward"": 0.0, ""support_awareness_state_reward"": 212.0, ""support_position_state_reward"": 53.68364839307344, ""support_state_reward"": 1.1701018903584397, ""team_kill_reward"": 0.0}, ""red_1"": {""agent_total_reward"": -6.1800000000000015, ""angle_state_reward"": -109.0, ""boundary_penalty"": 0.0, ""combat_state_reward"": -2.1800000000000015, ""death_penalty"": -4.0, ""distance_state_reward"": 2.3967300425997706, ""own_kill_reward"": 0.0, ""support_awareness_state_reward"": 0.0, ""support_position_state_reward"": 0.0, ""support_state_reward"": 0.0, ""team_kill_reward"": 0.0}, ""red_2"": {""agent_total_reward"": -8.211399800968215, ""angle_state_reward"": -210.56999004841057, ""boundary_penalty"": 0.0, ""combat_state_reward"": -4.2113998009682145, ""death_penalty"": -4.0, ""distance_state_reward"": 102.96464701327734, ""own_kill_reward"": 0.0, ""support_awareness_state_reward"": 0.0, ""support_position_state_reward"": 0.0, ""support_state_reward"": 0.0, ""team_kill_reward"": 0.0}, ""red_3"": {""agent_total_reward"": -6.540000000000002, ""angle_state_reward"": -127.0, ""boundary_penalty"": 0.0, ""combat_state_reward"": -2.540000000000002, ""death_penalty"": -4.0, ""distance_state_reward"": 26.06079637885754, ""own_kill_reward"": 0.0, ""support_awareness_state_reward"": 0.0, ""support_position_state_reward"": 0.0, ""support_state_reward"": 0.0, ""team_kill_reward"": 0.0}}",False,False,3,0,0.0,0.0,3,0.2028301886792453,43.0,1.0,True,0.7169811320754716,152.0,1.0,True,3,1.0,"{""blue_0"": 0, ""blue_1"": 0, ""blue_2"": 0, ""red_0"": 0, ""red_1"": 5, ""red_2"": 5, ""red_3"": 5}",0.0,0.0,0.0,blue,functional_heterogeneous_4v3_v15_paper_compact_attack_reward,212,-4.940324477652445,,False,True,0.0,0.0,1.0,0.0,1.0,0.01650296137764245,0.0,0.01650296137764245,0.0,False,0,0,0.0,0.0,0.0,0.0,0.0,0.0,0.0,0.0,0.0,0.01328357309103012,0.0,0.0,0.0,0.0,0.0,False,"{""0"": 1.0, ""1"": 0.0, ""2"": 0.0, ""3"": 0.0}",0,0,0.0,0.0,0,False,False,0.0,0.0,0.0,False,0.10377358490566038,22.0,1.0,True,0,0.01650296137764245,True,False,"{""boundary_penalty"": 0.0, ""combat_state_reward"": -2.2328499502420422, ""death_penalty"": -3.0, ""own_kill_reward"": 0.0, ""support_state_reward"": 0.2925254725896099, ""team_kill_reward"": 0.0, ""team_total_reward"": -4.940324477652445}",False,0.0,450.0,212.0,0.0,0.0,0,0,0.0,0.0,6,0.7075471698113207,1.0,1.0,0.0,11,212.0,True,8,False,red_total_loss,False,False,False
50077,"{""red_0"": 1.7152079913492948, ""red_1"": -6.459999707481989, ""red_2"": -11.274837705153093, ""red_3"": -8.361448415788487}","{""red_0"": {""agent_total_reward"": 1.7152079913492948, ""angle_state_reward"": 0.0, ""boundary_penalty"": 0.0, ""combat_state_reward"": 0.0, ""death_penalty"": 0.0, ""distance_state_reward"": 0.0, ""own_kill_reward"": 0.0, ""support_awareness_state_reward"": 366.0, ""support_position_state_reward"": 41.86799855821606, ""support_state_reward"": 1.7152079913492948, ""team_kill_reward"": 0.0}, ""red_1"": {""agent_total_reward"": -6.459999707481989, ""angle_state_reward"": -122.9999853740994, ""boundary_penalty"": 0.0, ""combat_state_reward"": -2.4599997074819897, ""death_penalty"": -4.0, ""distance_state_reward"": 33.315993202888336, ""own_kill_reward"": 0.0, ""support_awareness_state_reward"": 0.0, ""support_position_state_reward"": 0.0, ""support_state_reward"": 0.0, ""team_kill_reward"": 0.0}, ""red_2"": {""agent_total_reward"": -11.274837705153093, ""angle_state_reward"": -363.7410962432515, ""boundary_penalty"": 0.0, ""combat_state_reward"": -7.274837705153094, ""death_penalty"": -4.0, ""distance_state_reward"": 246.47377464615113, ""own_kill_reward"": 0.0, ""support_awareness_state_reward"": 0.0, ""support_position_state_reward"": 0.0, ""support_state_reward"": 0.0, ""team_kill_reward"": 0.0}, ""red_3"": {""agent_total_reward"": -8.361448415788487, ""angle_state_reward"": -218.0724207894243, ""boundary_penalty"": 0.0, ""combat_state_reward"": -4.3614484157884865, ""death_penalty"": -4.0, ""distance_state_reward"": 132.9493817489262, ""own_kill_reward"": 0.0, ""support_awareness_state_reward"": 0.0, ""support_position_state_reward"": 0.0, ""support_state_reward"": 0.0, ""team_kill_reward"": 0.0}}",False,False,3,0,0.0,0.0,3,0.14754098360655737,54.0,1.0,True,0.6639344262295082,243.0,1.0,True,3,1.0,"{""blue_0"": 0, ""blue_1"": 0, ""blue_2"": 0, ""red_0"": 0, ""red_1"": 5, ""red_2"": 5, ""red_3"": 5}",0.0,0.0,0.0,blue,functional_heterogeneous_4v3_v15_paper_compact_attack_reward,366,-6.095269459268581,,False,True,0.0,0.0,1.0,0.0,1.0,0.10668472871502434,0.0,0.10668472871502434,0.0,False,0,0,0.0,0.0,0.0,0.0,0.0,1.2432014955265913e-06,0.0,0.0,0.0,0.10668472945690155,0.0,0.0,0.0,0.06429047137498856,0.0,False,"{""0"": 1.0, ""1"": 0.0, ""2"": 0.0, ""3"": 0.0}",0,0,0.0,0.0,0,False,False,0.0,0.0,0.0,False,0.12295081967213115,45.0,1.0,True,0,0.10668472871502434,True,False,"{""boundary_penalty"": 0.0, ""combat_state_reward"": -3.5240714571058755, ""death_penalty"": -3.0, ""own_kill_reward"": 0.0, ""support_state_reward"": 0.4288019978373237, ""team_kill_reward"": 0.0, ""team_total_reward"": -6.095269459268581}",False,0.0,710.0,366.0,0.0,0.0,0,0,0.0,0.0,7,0.6466302367941712,1.0,1.0,0.0,19,366.0,True,12,False,red_total_loss,False,False,False
50078,"{""red_0"": 0.8591170919139626, ""red_1"": -9.588302470383763, ""red_2"": -11.964943762560054, ""red_3"": -8.406924307555487}","{""red_0"": {""agent_total_reward"": 0.8591170919139626, ""angle_state_reward"": 0.0, ""boundary_penalty"": 0.0, ""combat_state_reward"": 0.0, ""death_penalty"": 0.0, ""distance_state_reward"": 0.0, ""own_kill_reward"": 0.0, ""support_awareness_state_reward"": 408.0, ""support_position_state_reward"": -128.81381801433946, ""support_state_reward"": 0.8591170919139626, ""team_kill_reward"": 0.0}, ""red_1"": {""agent_total_reward"": -9.588302470383763, ""angle_state_reward"": -279.4102946641917, ""boundary_penalty"": 0.0, ""combat_state_reward"": -5.588302470383763, ""death_penalty"": -4.0, ""distance_state_reward"": 169.20665207380762, ""own_kill_reward"": 0.0, ""support_awareness_state_reward"": 0.0, ""support_position_state_reward"": 0.0, ""support_state_reward"": 0.0, ""team_kill_reward"": 0.0}, ""red_2"": {""agent_total_reward"": -11.964943762560054, ""angle_state_reward"": -397.7493592421674, ""boundary_penalty"": 0.0, ""combat_state_reward"": -7.964943762560055, ""death_penalty"": -4.0, ""distance_state_reward"": 282.00476191891596, ""own_kill_reward"": 0.0, ""support_awareness_state_reward"": 0.0, ""support_position_state_reward"": 0.0, ""support_state_reward"": 0.0, ""team_kill_reward"": 0.0}, ""red_3"": {""agent_total_reward"": -8.406924307555487, ""angle_state_reward"": -220.34621537777426, ""boundary_penalty"": 0.0, ""combat_state_reward"": -4.406924307555487, ""death_penalty"": -4.0, ""distance_state_reward"": 123.88326931286028, ""own_kill_reward"": 0.0, ""support_awareness_state_reward"": 0.0, ""support_position_state_reward"": 0.0, ""support_state_reward"": 0.0, ""team_kill_reward"": 0.0}}",False,False,3,0,0.0,0.0,3,0.2107843137254902,86.0,1.0,True,0.6225490196078431,254.0,1.0,True,3,1.0,"{""blue_0"": 0, ""blue_1"": 0, ""blue_2"": 0, ""red_0"": 0, ""red_1"": 5, ""red_2"": 5, ""red_3"": 5}",0.0,0.0,0.0,blue,functional_heterogeneous_4v3_v15_paper_compact_attack_reward,408,-7.27526336214632,,False,True,0.0,0.0,1.0,0.0,1.0,0.29626456372364524,0.0,0.29626456372364524,0.0,False,0,0,0.0,0.0,0.0,0.0,0.0,0.03910476714372635,0.0,0.0,0.0,0.29626455903053284,0.0,0.0,0.0,0.05491720512509346,0.0,False,"{""0"": 1.0, ""1"": 0.0, ""2"": 0.0, ""3"": 0.0}",0,0,0.0,0.0,0,False,False,0.0,0.0,0.0,False,0.29411764705882354,120.0,1.0,True,0,0.29626456372364524,True,False,"{""boundary_penalty"": 0.0, ""combat_state_reward"": -4.490042635124828, ""death_penalty"": -3.0, ""own_kill_reward"": 0.0, ""support_state_reward"": 0.21477927297849064, ""team_kill_reward"": 0.0, ""team_total_reward"": -7.27526336214632}",False,0.0,911.0,408.0,0.0,0.0,0,0,0.04411764705882353,18.0,7,0.744281045751634,1.0,1.0,0.0,21,408.0,True,14,False,red_total_loss,False,False,False
50079,"{""red_0"": 1.6236641449630818, ""red_1"": -13.802678411990433, ""red_2"": -9.579153149254472, ""red_3"": -9.352686738295457}","{""red_0"": {""agent_total_reward"": 1.6236641449630818, ""angle_state_reward"": 0.0, ""boundary_penalty"": 0.0, ""combat_state_reward"": 0.0, ""death_penalty"": 0.0, ""distance_state_reward"": 0.0, ""own_kill_reward"": 0.0, ""support_awareness_state_reward"": 492.0, ""support_position_state_reward"": -57.38930917281953, ""support_state_reward"": 1.6236641449630818, ""team_kill_reward"": 0.0}, ""red_1"": {""agent_total_reward"": -13.802678411990433, ""angle_state_reward"": -490.1282737228734, ""boundary_penalty"": 0.0, ""combat_state_reward"": -9.802678411990433, ""death_penalty"": -4.0, ""distance_state_reward"": 198.00058504339043, ""own_kill_reward"": 0.0, ""support_awareness_state_reward"": 0.0, ""support_position_state_reward"": 0.0, ""support_state_reward"": 0.0, ""team_kill_reward"": 0.0}, ""red_2"": {""agent_total_reward"": -9.579153149254472, ""angle_state_reward"": -278.9576574627243, ""boundary_penalty"": 0.0, ""combat_state_reward"": -5.579153149254472, ""death_penalty"": -4.0, ""distance_state_reward"": 165.74412867728938, ""own_kill_reward"": 0.0, ""support_awareness_state_reward"": 0.0, ""support_position_state_reward"": 0.0, ""support_state_reward"": 0.0, ""team_kill_reward"": 0.0}, ""red_3"": {""agent_total_reward"": -9.352686738295457, ""angle_state_reward"": -267.6343369147731, ""boundary_penalty"": 0.0, ""combat_state_reward"": -5.352686738295456, ""death_penalty"": -4.0, ""distance_state_reward"": 150.13786358041995, ""own_kill_reward"": 0.0, ""support_awareness_state_reward"": 0.0, ""support_position_state_reward"": 0.0, ""support_state_reward"": 0.0, ""team_kill_reward"": 0.0}}",False,False,3,0,0.0,0.0,3,0.18699186991869918,92.0,1.0,True,0.5467479674796748,269.0,1.0,True,3,1.0,"{""blue_0"": 0, ""blue_1"": 0, ""blue_2"": 0, ""red_0"": 0, ""red_1"": 5, ""red_2"": 5, ""red_3"": 5}",0.0,0.0,0.0,blue,functional_heterogeneous_4v3_v15_paper_compact_attack_reward,492,-7.777713538644304,,False,True,0.0,0.0,1.0,0.0,1.0,0.256242373215443,0.0,0.256242373215443,0.0,False,0,0,0.0,0.0,0.0,0.0,0.0,0.06651027500629425,0.0,0.0,0.0,0.2562423646450043,0.0,0.0,0.0,0.19809268414974213,0.0,False,"{""0"": 1.0, ""1"": 0.0, ""2"": 0.0, ""3"": 0.0}",0,0,0.0,0.0,0,False,False,0.0,0.0,0.0,False,0.13008130081300814,64.0,1.0,True,0,0.256242373215443,True,False,"{""boundary_penalty"": 0.0, ""combat_state_reward"": -5.183629574885102, ""death_penalty"": -3.0, ""own_kill_reward"": 0.0, ""support_state_reward"": 0.40591603624077044, ""team_kill_reward"": 0.0, ""team_total_reward"": -7.777713538644304}",False,0.0,1046.0,492.0,0.0,0.0,0,0,0.0,0.0,7,0.7086720867208672,1.0,1.0,0.0,25,492.0,True,9,False,red_total_loss,False,False,False
50080,"{""red_0"": 1.2706335625606255, ""red_1"": -8.058447912697538, ""red_2"": -7.359977775655816, ""red_3"": -6.354434481143318}","{""red_0"": {""agent_total_reward"": 1.2706335625606255, ""angle_state_reward"": 0.0, ""boundary_penalty"": 0.0, ""combat_state_reward"": 0.0, ""death_penalty"": 0.0, ""distance_state_reward"": 0.0, ""own_kill_reward"": 0.0, ""support_awareness_state_reward"": 204.0, ""support_position_state_reward"": 75.77226042677091, ""support_state_reward"": 1.2706335625606255, ""team_kill_reward"": 0.0}, ""red_1"": {""agent_total_reward"": -8.058447912697538, ""angle_state_reward"": -202.92080682925098, ""boundary_penalty"": 0.0, ""combat_state_reward"": -4.058447912697539, ""death_penalty"": -4.0, ""distance_state_reward"": 96.1291466795155, ""own_kill_reward"": 0.0, ""support_awareness_state_reward"": 0.0, ""support_position_state_reward"": 0.0, ""support_state_reward"": 0.0, ""team_kill_reward"": 0.0}, ""red_2"": {""agent_total_reward"": -7.359977775655816, ""angle_state_reward"": -167.99888878279063, ""boundary_penalty"": 0.0, ""combat_state_reward"": -3.3599777756558153, ""death_penalty"": -4.0, ""distance_state_reward"": 66.13798279659747, ""own_kill_reward"": 0.0, ""support_awareness_state_reward"": 0.0, ""support_position_state_reward"": 0.0, ""support_state_reward"": 0.0, ""team_kill_reward"": 0.0}, ""red_3"": {""agent_total_reward"": -6.354434481143318, ""angle_state_reward"": -117.72172405716587, ""boundary_penalty"": 0.0, ""combat_state_reward"": -2.354434481143319, ""death_penalty"": -4.0, ""distance_state_reward"": 14.49276188815918, ""own_kill_reward"": 0.0, ""support_awareness_state_reward"": 0.0, ""support_position_state_reward"": 0.0, ""support_state_reward"": 0.0, ""team_kill_reward"": 0.0}}",False,False,3,0,0.0,0.0,3,0.3627450980392157,74.0,1.0,True,0.6274509803921569,128.0,1.0,True,3,1.0,"{""blue_0"": 0, ""blue_1"": 0, ""blue_2"": 0, ""red_0"": 0, ""red_1"": 5, ""red_2"": 5, ""red_3"": 5}",0.0,0.0,0.0,blue,functional_heterogeneous_4v3_v15_paper_compact_attack_reward,204,-5.125556651734009,,False,True,0.0,0.0,1.0,0.0,1.0,0.029496001878369028,0.0,0.029496001878369028,0.0,False,0,0,0.0,0.0,0.0,0.0,0.0,0.004628493916243315,0.0,0.0,0.0,9.445346222491935e-05,0.0,0.0,0.0,0.023653455078601837,0.0,False,"{""0"": 1.0, ""1"": 0.0, ""2"": 0.0, ""3"": 0.0}",0,0,0.0,0.0,0,False,False,0.0,0.0,0.0,False,0.05392156862745098,11.0,1.0,True,0,0.029496001878369028,True,False,"{""boundary_penalty"": 0.0, ""combat_state_reward"": -2.443215042374154, ""death_penalty"": -3.0, ""own_kill_reward"": 0.0, ""support_state_reward"": 0.3176583906401564, ""team_kill_reward"": 0.0, ""team_total_reward"": -5.125556651734009}",False,0.0,492.0,204.0,0.0,0.0,0,0,0.0,0.0,4,0.803921568627451,1.0,1.0,0.0,11,204.0,True,7,False,red_total_loss,False,False,False
50081,"{""red_0"": 1.1986438609123087, ""red_1"": -8.019459639402005, ""red_2"": -7.550452087923847, ""red_3"": -6.452813045732759}","{""red_0"": {""agent_total_reward"": 1.1986438609123087, ""angle_state_reward"": 0.0, ""boundary_penalty"": 0.0, ""combat_state_reward"": 0.0, ""death_penalty"": 0.0, ""distance_state_reward"": 0.0, ""own_kill_reward"": 0.0, ""support_awareness_state_reward"": 202.0, ""support_position_state_reward"": 65.10731015205138, ""support_state_reward"": 1.1986438609123087, ""team_kill_reward"": 0.0}, ""red_1"": {""agent_total_reward"": -8.019459639402005, ""angle_state_reward"": -200.9729819701001, ""boundary_penalty"": 0.0, ""combat_state_reward"": -4.019459639402005, ""death_penalty"": -4.0, ""distance_state_reward"": 91.8963070370984, ""own_kill_reward"": 0.0, ""support_awareness_state_reward"": 0.0, ""support_position_state_reward"": 0.0, ""support_state_reward"": 0.0, ""team_kill_reward"": 0.0}, ""red_2"": {""agent_total_reward"": -7.550452087923847, ""angle_state_reward"": -177.5226043961922, ""boundary_penalty"": 0.0, ""combat_state_reward"": -3.550452087923847, ""death_penalty"": -4.0, ""distance_state_reward"": 67.03957937855543, ""own_kill_reward"": 0.0, ""support_awareness_state_reward"": 0.0, ""support_position_state_reward"": 0.0, ""support_state_reward"": 0.0, ""team_kill_reward"": 0.0}, ""red_3"": {""agent_total_reward"": -6.452813045732759, ""angle_state_reward"": -122.64065228663786, ""boundary_penalty"": 0.0, ""combat_state_reward"": -2.452813045732759, ""death_penalty"": -4.0, ""distance_state_reward"": 9.506595755143685, ""own_kill_reward"": 0.0, ""support_awareness_state_reward"": 0.0, ""support_position_state_reward"": 0.0, ""support_state_reward"": 0.0, ""team_kill_reward"": 0.0}}",False,False,3,0,0.0,0.0,3,0.35148514851485146,71.0,1.0,True,0.6534653465346535,132.0,1.0,True,3,1.0,"{""blue_0"": 0, ""blue_1"": 0, ""blue_2"": 0, ""red_0"": 0, ""red_1"": 5, ""red_2"": 5, ""red_3"": 5}",0.0,0.0,0.0,blue,functional_heterogeneous_4v3_v15_paper_compact_attack_reward,202,-5.206020228036573,,False,True,0.0,0.0,1.0,0.0,1.0,0.04052276490094821,0.0,0.04052276490094821,0.0,False,0,0,0.0,0.0,0.0,0.0,0.0,0.00229653250426054,0.0,0.0,0.0,0.04052276536822319,0.0,0.0,0.0,0.030544554814696312,0.0,False,"{""0"": 1.0, ""1"": 0.0, ""2"": 0.0, ""3"": 0.0}",0,0,0.0,0.0,0,False,False,0.0,0.0,0.0,False,0.04455445544554455,9.0,1.0,True,0,0.04052276490094821,True,False,"{""boundary_penalty"": 0.0, ""combat_state_reward"": -2.505681193264636, ""death_penalty"": -3.0, ""own_kill_reward"": 0.0, ""support_state_reward"": 0.29966096522807717, ""team_kill_reward"": 0.0, ""team_total_reward"": -5.206020228036573}",False,0.0,505.0,202.0,0.0,0.0,0,0,0.0,0.0,6,0.8333333333333334,1.0,1.0,0.0,11,202.0,True,7,False,red_total_loss,False,False,False
50082,"{""red_0"": 1.3561707382891752, ""red_1"": -6.2599983205069485, ""red_2"": -8.441421660147464, ""red_3"": -6.340000000000002}","{""red_0"": {""agent_total_reward"": 1.3561707382891752, ""angle_state_reward"": 0.0, ""boundary_penalty"": 0.0, ""combat_state_reward"": 0.0, ""death_penalty"": 0.0, ""distance_state_reward"": 0.0, ""own_kill_reward"": 0.0, ""support_awareness_state_reward"": 224.0, ""support_position_state_reward"": 76.69512304819625, ""support_state_reward"": 1.3561707382891752, ""team_kill_reward"": 0.0}, ""red_1"": {""agent_total_reward"": -6.2599983205069485, ""angle_state_reward"": -112.99991602534737, ""boundary_penalty"": 0.0, ""combat_state_reward"": -2.259998320506949, ""death_penalty"": -4.0, ""distance_state_reward"": 17.968947227598843, ""own_kill_reward"": 0.0, ""support_awareness_state_reward"": 0.0, ""support_position_state_reward"": 0.0, ""support_state_reward"": 0.0, ""team_kill_reward"": 0.0}, ""red_2"": {""agent_total_reward"": -8.441421660147464, ""angle_state_reward"": -222.07108300737318, ""boundary_penalty"": 0.0, ""combat_state_reward"": -4.441421660147464, ""death_penalty"": -4.0, ""distance_state_reward"": 124.63580993236835, ""own_kill_reward"": 0.0, ""support_awareness_state_reward"": 0.0, ""support_position_state_reward"": 0.0, ""support_state_reward"": 0.0, ""team_kill_reward"": 0.0}, ""red_3"": {""agent_total_reward"": -6.340000000000002, ""angle_state_reward"": -117.0, ""boundary_penalty"": 0.0, ""combat_state_reward"": -2.3400000000000016, ""death_penalty"": -4.0, ""distance_state_reward"": 18.87667450977903, ""own_kill_reward"": 0.0, ""support_awareness_state_reward"": 0.0, ""support_position_state_reward"": 0.0, ""support_state_reward"": 0.0, ""team_kill_reward"": 0.0}}",False,False,3,0,0.0,0.0,3,0.18303571428571427,41.0,1.0,True,0.6651785714285714,149.0,1.0,True,3,1.0,"{""blue_0"": 0, ""blue_1"": 0, ""blue_2"": 0, ""red_0"": 0, ""red_1"": 5, ""red_2"": 5, ""red_3"": 5}",0.0,0.0,0.0,blue,functional_heterogeneous_4v3_v15_paper_compact_attack_reward,224,-4.92131231059131,,False,True,0.0,0.0,1.0,0.0,1.0,0.050649621512837445,0.0,0.050649621512837445,0.0,False,0,0,0.0,0.0,0.0,0.0,0.0,7.137845386750996e-06,0.0,0.0,0.0,0.04282107204198837,0.0,0.0,0.0,0.0,0.0,False,"{""0"": 1.0, ""1"": 0.0, ""2"": 0.0, ""3"": 0.0}",0,0,0.0,0.0,0,False,False,0.0,0.0,0.0,False,0.11607142857142858,26.0,1.0,True,0,0.050649621512837445,True,False,"{""boundary_penalty"": 0.0, ""combat_state_reward"": -2.260354995163591, ""death_penalty"": -3.0, ""own_kill_reward"": 0.0, ""support_state_reward"": 0.3390426845722938, ""team_kill_reward"": 0.0, ""team_total_reward"": -4.92131231059131}",False,0.0,456.0,224.0,0.0,0.0,0,0,0.0,0.0,4,0.6785714285714286,1.0,1.0,0.0,12,224.0,True,9,False,red_total_loss,False,False,False
50083,"{""red_0"": 1.4156380037261944, ""red_1"": -10.199310246851631, ""red_2"": -9.489369656543765, ""red_3"": -9.049921011334947}","{""red_0"": {""agent_total_reward"": 1.4156380037261944, ""angle_state_reward"": 0.0, ""boundary_penalty"": 0.0, ""combat_state_reward"": 0.0, ""death_penalty"": 0.0, ""distance_state_reward"": 0.0, ""own_kill_reward"": 0.0, ""support_awareness_state_reward"": 313.0, ""support_position_state_reward"": 27.273000621032466, ""support_state_reward"": 1.4156380037261944, ""team_kill_reward"": 0.0}, ""red_1"": {""agent_total_reward"": -10.199310246851631, ""angle_state_reward"": -309.96551234258226, ""boundary_penalty"": 0.0, ""combat_state_reward"": -6.19931024685163, ""death_penalty"": -4.0, ""distance_state_reward"": 174.71525537076246, ""own_kill_reward"": 0.0, ""support_awareness_state_reward"": 0.0, ""support_position_state_reward"": 0.0, ""support_state_reward"": 0.0, ""team_kill_reward"": 0.0}, ""red_2"": {""agent_total_reward"": -9.489369656543765, ""angle_state_reward"": -274.46848282718906, ""boundary_penalty"": 0.0, ""combat_state_reward"": -5.489369656543764, ""death_penalty"": -4.0, ""distance_state_reward"": 151.3854597359636, ""own_kill_reward"": 0.0, ""support_awareness_state_reward"": 0.0, ""support_position_state_reward"": 0.0, ""support_state_reward"": 0.0, ""team_kill_reward"": 0.0}, ""red_3"": {""agent_total_reward"": -9.049921011334947, ""angle_state_reward"": -252.4960505667476, ""boundary_penalty"": 0.0, ""combat_state_reward"": -5.049921011334947, ""death_penalty"": -4.0, ""distance_state_reward"": 130.16214345072274, ""own_kill_reward"": 0.0, ""support_awareness_state_reward"": 0.0, ""support_position_state_reward"": 0.0, ""support_state_reward"": 0.0, ""team_kill_reward"": 0.0}}",False,False,3,0,0.0,0.0,3,0.26198083067092653,82.0,1.0,True,0.6837060702875399,214.0,1.0,True,3,1.0,"{""blue_0"": 0, ""blue_1"": 0, ""blue_2"": 0, ""red_0"": 0, ""red_1"": 5, ""red_2"": 5, ""red_3"": 5}",0.0,0.0,0.0,blue,functional_heterogeneous_4v3_v15_paper_compact_attack_reward,313,-6.830740727751038,,False,True,0.0,0.0,1.0,0.0,1.0,0.1720710183784715,0.0,0.1720710183784715,0.0,False,0,0,0.0,0.0,0.0,0.0,0.0,0.17207102477550507,0.0,0.0,0.0,0.024746214970946312,0.0,0.0,0.0,0.12768042087554932,0.0,False,"{""0"": 1.0, ""1"": 0.0, ""2"": 0.0, ""3"": 0.0}",0,0,0.0,0.0,0,False,False,0.0,0.0,0.0,False,0.29073482428115016,91.0,1.0,True,0,0.1720710183784715,True,False,"{""boundary_penalty"": 0.0, ""combat_state_reward"": -4.184650228682597, ""death_penalty"": -3.0, ""own_kill_reward"": 0.0, ""support_state_reward"": 0.3539095009315486, ""team_kill_reward"": 0.0, ""team_total_reward"": -6.830740727751038}",False,0.0,844.0,313.0,0.0,0.0,0,0,0.0,0.0,8,0.898828541001065,1.0,1.0,0.0,16,313.0,True,9,False,red_total_loss,False,False,False
50084,"{""red_0"": 1.5134799099229825, ""red_1"": -14.960854975984843, ""red_2"": -14.526371415966247, ""red_3"": -9.358368952564856}","{""red_0"": {""agent_total_reward"": 1.5134799099229825, ""angle_state_reward"": 0.0, ""boundary_penalty"": -0.1, ""combat_state_reward"": 0.0, ""death_penalty"": 0.0, ""distance_state_reward"": 0.0, ""own_kill_reward"": 0.0, ""support_awareness_state_reward"": 554.0, ""support_position_state_reward"": -100.42001501283646, ""support_state_reward"": 1.6134799099229824, ""team_kill_reward"": 0.0}, ""red_1"": {""agent_total_reward"": -14.960854975984843, ""angle_state_reward"": -547.8670896577835, ""boundary_penalty"": 0.0, ""combat_state_reward"": -10.960854975984843, ""death_penalty"": -4.0, ""distance_state_reward"": 194.9619426905524, ""own_kill_reward"": 0.0, ""support_awareness_state_reward"": 0.0, ""support_position_state_reward"": 0.0, ""support_state_reward"": 0.0, ""team_kill_reward"": 0.0}, ""red_2"": {""agent_total_reward"": -14.526371415966247, ""angle_state_reward"": -526.3185707983181, ""boundary_penalty"": 0.0, ""combat_state_reward"": -10.526371415966247, ""death_penalty"": -4.0, ""distance_state_reward"": 161.876360284658, ""own_kill_reward"": 0.0, ""support_awareness_state_reward"": 0.0, ""support_position_state_reward"": 0.0, ""support_state_reward"": 0.0, ""team_kill_reward"": 0.0}, ""red_3"": {""agent_total_reward"": -9.358368952564856, ""angle_state_reward"": -267.9063257575901, ""boundary_penalty"": 0.0, ""combat_state_reward"": -5.358368952564857, ""death_penalty"": -4.0, ""distance_state_reward"": 142.69616011210587, ""own_kill_reward"": 0.0, ""support_awareness_state_reward"": 0.0, ""support_position_state_reward"": 0.0, ""support_state_reward"": 0.0, ""team_kill_reward"": 0.0}}",False,False,3,0,0.0,0.0,3,0.16064981949458484,89.0,1.0,True,0.5974729241877257,331.0,1.0,True,3,1.0,"{""blue_0"": 0, ""blue_1"": 0, ""blue_2"": 0, ""red_0"": 0, ""red_1"": 5, ""red_2"": 5, ""red_3"": 5}",0.0,0.0,0.0,blue,functional_heterogeneous_4v3_v15_paper_compact_attack_reward,554,-9.33302885864836,,False,True,0.0,0.0,1.0,0.0,1.0,0.36839067281890414,0.0,0.36839067281890414,1.0,False,0,0,0.0,0.0,0.0,0.0,0.0,0.3103156089782715,0.0,0.0,0.0,0.13745328783988953,0.0,0.0,0.0,0.36839067935943604,0.0,False,"{""0"": 1.0, ""1"": 0.0, ""2"": 0.0, ""3"": 0.0}",0,0,0.0,0.0,0,False,False,0.0,0.0,0.0,False,0.2111913357400722,117.0,1.0,True,0,0.36839067281890414,True,False,"{""boundary_penalty"": -0.025, ""combat_state_reward"": -6.711398836128996, ""death_penalty"": -3.0, ""own_kill_reward"": 0.0, ""support_state_reward"": 0.4033699774807456, ""team_kill_reward"": 0.0, ""team_total_reward"": -9.33302885864836}",False,0.0,1358.0,554.0,0.0,0.0,0,1,0.0776173285198556,43.0,8,0.8170878459687124,1.0,1.0,0.0,28,554.0,True,20,False,red_total_loss,False,False,False
50085,"{""red_0"": 1.1552834458689851, ""red_1"": -9.186811428882585, ""red_2"": -8.842444989796004, ""red_3"": -8.528240687733241}","{""red_0"": {""agent_total_reward"": 1.1552834458689851, ""angle_state_reward"": 0.0, ""boundary_penalty"": 0.0, ""combat_state_reward"": 0.0, ""death_penalty"": 0.0, ""distance_state_reward"": 0.0, ""own_kill_reward"": 0.0, ""support_awareness_state_reward"": 264.0, ""support_position_state_reward"": 16.547240978164012, ""support_state_reward"": 1.1552834458689851, ""team_kill_reward"": 0.0}, ""red_1"": {""agent_total_reward"": -9.186811428882585, ""angle_state_reward"": -259.18088344629507, ""boundary_penalty"": 0.0, ""combat_state_reward"": -5.186811428882586, ""death_penalty"": -4.0, ""distance_state_reward"": 156.6533726380474, ""own_kill_reward"": 0.0, ""support_awareness_state_reward"": 0.0, ""support_position_state_reward"": 0.0, ""support_state_reward"": 0.0, ""team_kill_reward"": 0.0}, ""red_2"": {""agent_total_reward"": -8.842444989796004, ""angle_state_reward"": -242.12224948980025, ""boundary_penalty"": 0.0, ""combat_state_reward"": -4.842444989796003, ""death_penalty"": -4.0, ""distance_state_reward"": 152.8286176568156, ""own_kill_reward"": 0.0, ""support_awareness_state_reward"": 0.0, ""support_position_state_reward"": 0.0, ""support_state_reward"": 0.0, ""team_kill_reward"": 0.0}, ""red_3"": {""agent_total_reward"": -8.528240687733241, ""angle_state_reward"": -226.41203438666182, ""boundary_penalty"": 0.0, ""combat_state_reward"": -4.52824068773324, ""death_penalty"": -4.0, ""distance_state_reward"": 135.97526057335057, ""own_kill_reward"": 0.0, ""support_awareness_state_reward"": 0.0, ""support_position_state_reward"": 0.0, ""support_state_reward"": 0.0, ""team_kill_reward"": 0.0}}",False,False,3,0,0.0,0.0,3,0.20454545454545456,54.0,1.0,True,0.5113636363636364,135.0,1.0,True,3,1.0,"{""blue_0"": 0, ""blue_1"": 0, ""blue_2"": 0, ""red_0"": 0, ""red_1"": 5, ""red_2"": 5, ""red_3"": 5}",0.0,0.0,0.0,blue,functional_heterogeneous_4v3_v15_paper_compact_attack_reward,264,-6.3505534151357095,,False,True,0.0,0.0,1.0,0.0,1.0,0.3060646021381817,0.0,0.3060646021381817,0.0,False,0,0,0.0,0.0,0.0,0.0,0.0,0.3060646057128906,0.0,0.0,0.0,0.1576588898897171,0.0,0.0,0.0,0.1375700831413269,0.0,False,"{""0"": 1.0, ""1"": 0.0, ""2"": 0.0, ""3"": 0.0}",0,0,0.0,0.0,0,False,False,0.0,0.0,0.0,False,0.29545454545454547,78.0,1.0,True,0,0.3060646021381817,True,False,"{""boundary_penalty"": 0.0, ""combat_state_reward"": -3.639374276602959, ""death_penalty"": -3.0, ""own_kill_reward"": 0.0, ""support_state_reward"": 0.2888208614672463, ""team_kill_reward"": 0.0, ""team_total_reward"": -6.3505534151357095}",False,0.0,739.0,264.0,0.0,0.0,0,0,0.0,0.0,6,0.9330808080808081,1.0,1.0,0.0,14,264.0,True,7,False,red_total_loss,False,False,False
50086,"{""red_0"": 1.75005988047978, ""red_1"": -9.530840314103948, ""red_2"": -9.154621066785344, ""red_3"": -9.106672908329838}","{""red_0"": {""agent_total_reward"": 1.75005988047978, ""angle_state_reward"": 0.0, ""boundary_penalty"": 0.0, ""combat_state_reward"": 0.0, ""death_penalty"": 0.0, ""distance_state_reward"": 0.0, ""own_kill_reward"": 0.0, ""support_awareness_state_reward"": 278.0, ""support_position_state_reward"": 106.34331341329674, ""support_state_reward"": 1.75005988047978, ""team_kill_reward"": 0.0}, ""red_1"": {""agent_total_reward"": -9.530840314103948, ""angle_state_reward"": -276.54201570519825, ""boundary_penalty"": 0.0, ""combat_state_reward"": -5.530840314103947, ""death_penalty"": -4.0, ""distance_state_reward"": 152.32521011774625, ""own_kill_reward"": 0.0, ""support_awareness_state_reward"": 0.0, ""support_position_state_reward"": 0.0, ""support_state_reward"": 0.0, ""team_kill_reward"": 0.0}, ""red_2"": {""agent_total_reward"": -9.154621066785344, ""angle_state_reward"": -257.73105333926736, ""boundary_penalty"": 0.0, ""combat_state_reward"": -5.154621066785344, ""death_penalty"": -4.0, ""distance_state_reward"": 156.37750066236492, ""own_kill_reward"": 0.0, ""support_awareness_state_reward"": 0.0, ""support_position_state_reward"": 0.0, ""support_state_reward"": 0.0, ""team_kill_reward"": 0.0}, ""red_3"": {""agent_total_reward"": -9.106672908329838, ""angle_state_reward"": -255.33132457885907, ""boundary_penalty"": 0.0, ""combat_state_reward"": -5.106672908329838, ""death_penalty"": -4.0, ""distance_state_reward"": 148.50239854224654, ""own_kill_reward"": 0.0, ""support_awareness_state_reward"": 0.0, ""support_position_state_reward"": 0.0, ""support_state_reward"": 0.0, ""team_kill_reward"": 0.0}}",False,False,3,0,0.0,0.0,3,0.11510791366906475,32.0,1.0,True,0.4136690647482014,115.0,1.0,True,3,1.0,"{""blue_0"": 0, ""blue_1"": 0, ""blue_2"": 0, ""red_0"": 0, ""red_1"": 5, ""red_2"": 5, ""red_3"": 5}",0.0,0.0,0.0,blue,functional_heterogeneous_4v3_v15_paper_compact_attack_reward,278,-6.510518602184839,,False,True,0.0,0.0,1.0,0.0,1.0,0.19108633742935222,0.0,0.19108633742935222,0.0,False,0,0,0.0,0.0,0.0,0.0,0.0,0.03541642427444458,0.0,0.0,0.0,0.1903020292520523,0.0,0.0,0.0,0.05289015546441078,0.0,False,"{""0"": 1.0, ""1"": 0.0, ""2"": 0.0, ""3"": 0.0}",0,0,0.0,0.0,0,False,False,0.0,0.0,0.0,False,0.20503597122302158,57.0,1.0,True,0,0.19108633742935222,True,False,"{""boundary_penalty"": 0.0, ""combat_state_reward"": -3.9480335723047926, ""death_penalty"": -3.0, ""own_kill_reward"": 0.0, ""support_state_reward"": 0.437514970119945, ""team_kill_reward"": 0.0, ""team_total_reward"": -6.510518602184839}",False,0.0,796.0,278.0,0.0,0.0,0,0,0.0,0.0,5,0.9544364508393285,1.0,1.0,0.0,14,278.0,True,8,False,red_total_loss,False,False,False
50087,"{""red_0"": 1.2008125297746626, ""red_1"": -6.500000000000002, ""red_2"": -8.482578011278871, ""red_3"": -8.299621020246427}","{""red_0"": {""agent_total_reward"": 1.2008125297746626, ""angle_state_reward"": 0.0, ""boundary_penalty"": 0.0, ""combat_state_reward"": 0.0, ""death_penalty"": 0.0, ""distance_state_reward"": 0.0, ""own_kill_reward"": 0.0, ""support_awareness_state_reward"": 226.0, ""support_position_state_reward"": 49.46875496244385, ""support_state_reward"": 1.2008125297746626, ""team_kill_reward"": 0.0}, ""red_1"": {""agent_total_reward"": -6.500000000000002, ""angle_state_reward"": -125.0, ""boundary_penalty"": 0.0, ""combat_state_reward"": -2.5000000000000018, ""death_penalty"": -4.0, ""distance_state_reward"": 26.943869911762835, ""own_kill_reward"": 0.0, ""support_awareness_state_reward"": 0.0, ""support_position_state_reward"": 0.0, ""support_state_reward"": 0.0, ""team_kill_reward"": 0.0}, ""red_2"": {""agent_total_reward"": -8.482578011278871, ""angle_state_reward"": -224.12890056394372, ""boundary_penalty"": 0.0, ""combat_state_reward"": -4.482578011278872, ""death_penalty"": -4.0, ""distance_state_reward"": 131.70642376824287, ""own_kill_reward"": 0.0, ""support_awareness_state_reward"": 0.0, ""support_position_state_reward"": 0.0, ""support_state_reward"": 0.0, ""team_kill_reward"": 0.0}, ""red_3"": {""agent_total_reward"": -8.299621020246427, ""angle_state_reward"": -214.9810510123211, ""boundary_penalty"": 0.0, ""combat_state_reward"": -4.299621020246426, ""death_penalty"": -4.0, ""distance_state_reward"": 124.17734787410673, ""own_kill_reward"": 0.0, ""support_awareness_state_reward"": 0.0, ""support_position_state_reward"": 0.0, ""support_state_reward"": 0.0, ""team_kill_reward"": 0.0}}",False,False,3,0,0.0,0.0,3,0.2079646017699115,47.0,1.0,True,0.588495575221239,133.0,1.0,True,3,1.0,"{""blue_0"": 0, ""blue_1"": 0, ""blue_2"": 0, ""red_0"": 0, ""red_1"": 5, ""red_2"": 5, ""red_3"": 5}",0.0,0.0,0.0,blue,functional_heterogeneous_4v3_v15_paper_compact_attack_reward,226,-5.520346625437657,,False,True,0.0,1.0,1.0,0.0,1.0,0.5295996489447601,0.0,0.5295996489447601,0.0,False,0,0,0.0,0.0,0.0,0.0,0.0,0.0,0.0,0.0,0.0,0.07384908199310303,0.0,1.0,0.0,0.5114724040031433,0.0,False,"{""0"": 1.0, ""1"": 0.0, ""2"": 0.0, ""3"": 0.0}",0,0,0.0,0.0,0,False,False,0.008849557522123894,2.0,1.0,True,0.1592920353982301,36.0,1.0,True,0,0.5295996489447601,True,False,"{""boundary_penalty"": 0.0, ""combat_state_reward"": -2.8205497578813086, ""death_penalty"": -3.0, ""own_kill_reward"": 0.0, ""support_state_reward"": 0.30020313244366564, ""team_kill_reward"": 0.0, ""team_total_reward"": -5.520346625437657}",False,0.0,574.0,226.0,0.0,0.0,0,0,0.0,0.0,6,0.8466076696165191,1.0,1.0,0.16666666666666666,12,226.0,True,7,False,red_total_loss,False,False,False
50088,"{""red_0"": -2.2556068007629415, ""red_1"": -9.697409008010851, ""red_2"": -14.053120552875699, ""red_3"": -9.253904715911776}","{""red_0"": {""agent_total_reward"": -2.2556068007629415, ""angle_state_reward"": 0.0, ""boundary_penalty"": 0.0, ""combat_state_reward"": 0.0, ""death_penalty"": -4.0, ""distance_state_reward"": 0.0, ""own_kill_reward"": 0.0, ""support_awareness_state_reward"": 333.0, ""support_position_state_reward"": 68.73219987284307, ""support_state_reward"": 1.7443931992370587, ""team_kill_reward"": 0.0}, ""red_1"": {""agent_total_reward"": -9.697409008010851, ""angle_state_reward"": -284.8704504005437, ""boundary_penalty"": 0.0, ""combat_state_reward"": -5.697409008010851, ""death_penalty"": -4.0, ""distance_state_reward"": 168.90696563555497, ""own_kill_reward"": 0.0, ""support_awareness_state_reward"": 0.0, ""support_position_state_reward"": 0.0, ""support_state_reward"": 0.0, ""team_kill_reward"": 0.0}, ""red_2"": {""agent_total_reward"": -14.053120552875699, ""angle_state_reward"": -489.77143550495197, ""boundary_penalty"": 0.0, ""combat_state_reward"": -10.053120552875699, ""death_penalty"": -4.0, ""distance_state_reward"": 215.97022997179204, ""own_kill_reward"": 0.0, ""support_awareness_state_reward"": 0.0, ""support_position_state_reward"": 0.0, ""support_state_reward"": 0.0, ""team_kill_reward"": 0.0}, ""red_3"": {""agent_total_reward"": -9.253904715911776, ""angle_state_reward"": -262.6888675712401, ""boundary_penalty"": 0.0, ""combat_state_reward"": -5.2539047159117755, ""death_penalty"": -4.0, ""distance_state_reward"": 158.91609102590834, ""own_kill_reward"": 0.0, ""support_awareness_state_reward"": 0.0, ""support_position_state_reward"": 0.0, ""support_state_reward"": 0.0, ""team_kill_reward"": 0.0}}",False,False,4,0,0.0,0.0,3,0.136986301369863,70.0,1.0,True,0.5068493150684932,259.0,1.0,True,4,1.0,"{""blue_0"": 0, ""blue_1"": 0, ""blue_2"": 0, ""red_0"": 5, ""red_1"": 5, ""red_2"": 5, ""red_3"": 5}",0.0,0.0,0.0,blue,functional_heterogeneous_4v3_v15_paper_compact_attack_reward,511,-8.81501026939032,,False,True,0.0,1.0,1.0,0.0,1.0,0.5669449420578638,0.0,0.5669449420578638,0.0,False,0,0,0.0,0.0,0.0,0.0,0.0,0.008763552643358707,0.0,1.0,0.0,0.56694495677948,0.0,0.0,0.0,0.19169136881828308,0.0,False,"{""0"": 1.0, ""1"": 0.0, ""2"": 0.0, ""3"": 0.0}",0,0,0.0,0.0,0,False,False,0.05283757338551859,27.0,1.0,True,0.30724070450097846,157.0,1.0,True,0,0.5669449420578638,True,False,"{""boundary_penalty"": 0.0, ""combat_state_reward"": -5.25110856919959, ""death_penalty"": -4.0, ""own_kill_reward"": 0.0, ""support_state_reward"": 0.4360982998092647, ""team_kill_reward"": 0.0, ""team_total_reward"": -8.81501026939032}",False,0.0,886.0,334.0,0.0,0.0,0,0,0.0,0.0,9,0.8842315369261478,1.0,0.8888888888888888,0.1111111111111111,26,334.0,False,13,False,red_total_loss,False,False,False
50089,"{""red_0"": -2.9462058771601476, ""red_1"": -6.040000000000001, ""red_2"": -11.795043142571426, ""red_3"": -8.722827904880827}","{""red_0"": {""agent_total_reward"": -2.9462058771601476, ""angle_state_reward"": 0.0, ""boundary_penalty"": 0.0, ""combat_state_reward"": 0.0, ""death_penalty"": -4.0, ""distance_state_reward"": 0.0, ""own_kill_reward"": 0.0, ""support_awareness_state_reward"": 293.0, ""support_position_state_reward"": -19.700979526691242, ""support_state_reward"": 1.0537941228398524, ""team_kill_reward"": 0.0}, ""red_1"": {""agent_total_reward"": -6.040000000000001, ""angle_state_reward"": -102.0, ""boundary_penalty"": 0.0, ""combat_state_reward"": -2.0400000000000014, ""death_penalty"": -4.0, ""distance_state_reward"": 6.056108923010882, ""own_kill_reward"": 0.0, ""support_awareness_state_reward"": 0.0, ""support_position_state_reward"": 0.0, ""support_state_reward"": 0.0, ""team_kill_reward"": 0.0}, ""red_2"": {""agent_total_reward"": -11.795043142571426, ""angle_state_reward"": -389.7521571285738, ""boundary_penalty"": 0.0, ""combat_state_reward"": -7.795043142571426, ""death_penalty"": -4.0, ""distance_state_reward"": 282.96816598274097, ""own_kill_reward"": 0.0, ""support_awareness_state_reward"": 0.0, ""support_position_state_reward"": 0.0, ""support_state_reward"": 0.0, ""team_kill_reward"": 0.0}, ""red_3"": {""agent_total_reward"": -8.722827904880827, ""angle_state_reward"": -236.14139524404143, ""boundary_penalty"": 0.0, ""combat_state_reward"": -4.722827904880828, ""death_penalty"": -4.0, ""distance_state_reward"": 139.38830776005761, ""own_kill_reward"": 0.0, ""support_awareness_state_reward"": 0.0, ""support_position_state_reward"": 0.0, ""support_state_reward"": 0.0, ""team_kill_reward"": 0.0}}",False,False,4,0,0.0,0.0,3,0.2297979797979798,91.0,1.0,True,0.6388888888888888,253.0,1.0,True,4,1.0,"{""blue_0"": 0, ""blue_1"": 0, ""blue_2"": 0, ""red_0"": 5, ""red_1"": 5, ""red_2"": 5, ""red_3"": 5}",0.0,0.0,0.0,blue,functional_heterogeneous_4v3_v15_paper_compact_attack_reward,396,-7.376019231153103,,False,True,0.0,0.0,1.0,0.0,1.0,0.44595159930981054,0.0,0.44595159930981054,0.0,False,0,0,0.0,0.0,0.0,0.0,0.0,0.0,0.0,0.0,0.0,0.4459516108036041,0.0,0.0,0.0,0.156972736120224,0.0,False,"{""0"": 1.0, ""1"": 0.0, ""2"": 0.0, ""3"": 0.0}",0,0,0.0,0.0,0,False,False,0.0,0.0,0.0,False,0.24242424242424243,96.0,1.0,True,0,0.44595159930981054,True,False,"{""boundary_penalty"": 0.0, ""combat_state_reward"": -3.63946776186305, ""death_penalty"": -4.0, ""own_kill_reward"": 0.0, ""support_state_reward"": 0.2634485307099631, ""team_kill_reward"": 0.0, ""team_total_reward"": -7.376019231153103}",False,0.0,636.0,294.0,0.0,0.0,0,0,0.0,0.0,7,0.7210884353741497,1.0,1.0,0.0,20,294.0,False,12,False,red_total_loss,False,False,False
50090,"{""red_0"": 1.1112528350992683, ""red_1"": -8.963573007282044, ""red_2"": -7.999914670374287, ""red_3"": -6.200000000000001}","{""red_0"": {""agent_total_reward"": 1.1112528350992683, ""angle_state_reward"": 0.0, ""boundary_penalty"": 0.0, ""combat_state_reward"": 0.0, ""death_penalty"": 0.0, ""distance_state_reward"": 0.0, ""own_kill_reward"": 0.0, ""support_awareness_state_reward"": 251.0, ""support_position_state_reward"": 17.87547251654469, ""support_state_reward"": 1.1112528350992683, ""team_kill_reward"": 0.0}, ""red_1"": {""agent_total_reward"": -8.963573007282044, ""angle_state_reward"": -248.1783044071302, ""boundary_penalty"": 0.0, ""combat_state_reward"": -4.9635730072820445, ""death_penalty"": -4.0, ""distance_state_reward"": 136.1027358480958, ""own_kill_reward"": 0.0, ""support_awareness_state_reward"": 0.0, ""support_position_state_reward"": 0.0, ""support_state_reward"": 0.0, ""team_kill_reward"": 0.0}, ""red_2"": {""agent_total_reward"": -7.999914670374287, ""angle_state_reward"": -199.99573351871422, ""boundary_penalty"": 0.0, ""combat_state_reward"": -3.999914670374287, ""death_penalty"": -4.0, ""distance_state_reward"": 99.56989444105923, ""own_kill_reward"": 0.0, ""support_awareness_state_reward"": 0.0, ""support_position_state_reward"": 0.0, ""support_state_reward"": 0.0, ""team_kill_reward"": 0.0}, ""red_3"": {""agent_total_reward"": -6.200000000000001, ""angle_state_reward"": -110.0, ""boundary_penalty"": 0.0, ""combat_state_reward"": -2.2000000000000015, ""death_penalty"": -4.0, ""distance_state_reward"": 14.674120029317397, ""own_kill_reward"": 0.0, ""support_awareness_state_reward"": 0.0, ""support_position_state_reward"": 0.0, ""support_state_reward"": 0.0, ""team_kill_reward"": 0.0}}",False,False,3,0,0.0,0.0,3,0.250996015936255,63.0,1.0,True,0.6533864541832669,164.0,1.0,True,3,1.0,"{""blue_0"": 0, ""blue_1"": 0, ""blue_2"": 0, ""red_0"": 0, ""red_1"": 5, ""red_2"": 5, ""red_3"": 5}",0.0,0.0,0.0,blue,functional_heterogeneous_4v3_v15_paper_compact_attack_reward,251,-5.513058710639261,,False,True,0.0,0.0,1.0,0.0,1.0,0.15247015991951468,0.0,0.15247015991951468,0.0,False,0,0,0.0,0.0,0.0,0.0,0.0,0.1524701565504074,0.0,0.0,0.0,0.0003626508987508714,0.0,0.0,0.0,0.0,0.0,False,"{""0"": 1.0, ""1"": 0.0, ""2"": 0.0, ""3"": 0.0}",0,0,0.0,0.0,0,False,False,0.0,0.0,0.0,False,0.2151394422310757,54.0,1.0,True,0,0.15247015991951468,True,False,"{""boundary_penalty"": 0.0, ""combat_state_reward"": -2.7908719194140654, ""death_penalty"": -3.0, ""own_kill_reward"": 0.0, ""support_state_reward"": 0.2778132087748171, ""team_kill_reward"": 0.0, ""team_total_reward"": -5.513058710639261}",False,0.0,563.0,251.0,0.0,0.0,0,0,0.0,0.0,7,0.747675962815405,1.0,1.0,0.0,13,251.0,True,12,False,red_total_loss,False,False,False
50091,"{""red_0"": 1.2852173281342472, ""red_1"": -6.260000000000002, ""red_2"": -6.960000000000003, ""red_3"": -6.75870987223859}","{""red_0"": {""agent_total_reward"": 1.2852173281342472, ""angle_state_reward"": 0.0, ""boundary_penalty"": 0.0, ""combat_state_reward"": 0.0, ""death_penalty"": 0.0, ""distance_state_reward"": 0.0, ""own_kill_reward"": 0.0, ""support_awareness_state_reward"": 149.0, ""support_position_state_reward"": 114.86955468904094, ""support_state_reward"": 1.2852173281342472, ""team_kill_reward"": 0.0}, ""red_1"": {""agent_total_reward"": -6.260000000000002, ""angle_state_reward"": -113.0, ""boundary_penalty"": 0.0, ""combat_state_reward"": -2.2600000000000016, ""death_penalty"": -4.0, ""distance_state_reward"": -7.869648650531445, ""own_kill_reward"": 0.0, ""support_awareness_state_reward"": 0.0, ""support_position_state_reward"": 0.0, ""support_state_reward"": 0.0, ""team_kill_reward"": 0.0}, ""red_2"": {""agent_total_reward"": -6.960000000000003, ""angle_state_reward"": -148.0, ""boundary_penalty"": 0.0, ""combat_state_reward"": -2.960000000000002, ""death_penalty"": -4.0, ""distance_state_reward"": 27.136413494129513, ""own_kill_reward"": 0.0, ""support_awareness_state_reward"": 0.0, ""support_position_state_reward"": 0.0, ""support_state_reward"": 0.0, ""team_kill_reward"": 0.0}, ""red_3"": {""agent_total_reward"": -6.75870987223859, ""angle_state_reward"": -137.93549361192945, ""boundary_penalty"": 0.0, ""combat_state_reward"": -2.7587098722385908, ""death_penalty"": -4.0, ""distance_state_reward"": 15.509521945005964, ""own_kill_reward"": 0.0, ""support_awareness_state_reward"": 0.0, ""support_position_state_reward"": 0.0, ""support_state_reward"": 0.0, ""team_kill_reward"": 0.0}}",False,False,3,0,0.0,0.0,3,0.2684563758389262,40.0,1.0,True,0.610738255033557,91.0,1.0,True,3,1.0,"{""blue_0"": 0, ""blue_1"": 0, ""blue_2"": 0, ""red_0"": 0, ""red_1"": 5, ""red_2"": 5, ""red_3"": 5}",0.0,0.0,0.0,blue,functional_heterogeneous_4v3_v15_paper_compact_attack_reward,149,-4.673373136026084,,False,True,0.0,0.0,1.0,0.0,1.0,0.0054830429859975905,0.0,0.0054830429859975905,0.0,False,0,0,0.0,0.0,0.0,0.0,0.0,0.0,0.0,0.0,0.0,0.0,0.0,0.0,0.0,0.005483042914420366,0.0,False,"{""0"": 1.0, ""1"": 0.0, ""2"": 0.0, ""3"": 0.0}",0,0,0.0,0.0,0,False,False,0.0,0.0,0.0,False,0.020134228187919462,3.0,1.0,True,0,0.0054830429859975905,True,False,"{""boundary_penalty"": 0.0, ""combat_state_reward"": -1.9946774680596426, ""death_penalty"": -3.0, ""own_kill_reward"": 0.0, ""support_state_reward"": 0.3213043320335618, ""team_kill_reward"": 0.0, ""team_total_reward"": -4.673373136026084}",False,0.0,402.0,149.0,0.0,0.0,0,0,0.0,0.0,5,0.8993288590604027,1.0,1.0,0.0,8,149.0,True,7,False,red_total_loss,False,False,False
50092,"{""red_0"": 1.0789241289088218, ""red_1"": -10.95053376134076, ""red_2"": -8.47992046649225, ""red_3"": -6.536793586439865}","{""red_0"": {""agent_total_reward"": 1.0789241289088218, ""angle_state_reward"": 0.0, ""boundary_penalty"": 0.0, ""combat_state_reward"": 0.0, ""death_penalty"": 0.0, ""distance_state_reward"": 0.0, ""own_kill_reward"": 0.0, ""support_awareness_state_reward"": 357.0, ""support_position_state_reward"": -58.17931184852961, ""support_state_reward"": 1.0789241289088218, ""team_kill_reward"": 0.0}, ""red_1"": {""agent_total_reward"": -10.95053376134076, ""angle_state_reward"": -347.48663458922096, ""boundary_penalty"": 0.0, ""combat_state_reward"": -6.950533761340759, ""death_penalty"": -4.0, ""distance_state_reward"": 227.54621563929172, ""own_kill_reward"": 0.0, ""support_awareness_state_reward"": 0.0, ""support_position_state_reward"": 0.0, ""support_state_reward"": 0.0, ""team_kill_reward"": 0.0}, ""red_2"": {""agent_total_reward"": -8.47992046649225, ""angle_state_reward"": -223.9960233246128, ""boundary_penalty"": 0.0, ""combat_state_reward"": -4.479920466492248, ""death_penalty"": -4.0, ""distance_state_reward"": 102.22411460455967, ""own_kill_reward"": 0.0, ""support_awareness_state_reward"": 0.0, ""support_position_state_reward"": 0.0, ""support_state_reward"": 0.0, ""team_kill_reward"": 0.0}, ""red_3"": {""agent_total_reward"": -6.536793586439865, ""angle_state_reward"": -126.83967932199319, ""boundary_penalty"": 0.0, ""combat_state_reward"": -2.5367935864398654, ""death_penalty"": -4.0, ""distance_state_reward"": 3.6320193051497967, ""own_kill_reward"": 0.0, ""support_awareness_state_reward"": 0.0, ""support_position_state_reward"": 0.0, ""support_state_reward"": 0.0, ""team_kill_reward"": 0.0}}",False,False,3,0,0.0,0.0,3,0.1876750700280112,67.0,1.0,True,0.7338935574229691,262.0,1.0,True,3,1.0,"{""blue_0"": 0, ""blue_1"": 0, ""blue_2"": 0, ""red_0"": 0, ""red_1"": 5, ""red_2"": 5, ""red_3"": 5}",0.0,0.0,0.0,blue,functional_heterogeneous_4v3_v15_paper_compact_attack_reward,357,-6.222080921340989,,False,True,0.0,1.0,1.0,0.0,1.0,0.7144799724329983,0.0,0.7144799724329983,0.0,False,0,0,0.0,0.0,0.0,1.0,0.0,0.7129468321800232,0.0,0.0,0.0,0.000338017416652292,0.0,0.0,0.0,0.013627257198095322,0.0,False,"{""0"": 1.0, ""1"": 0.0, ""2"": 0.0, ""3"": 0.0}",0,0,0.0,0.0,0,False,False,0.0700280112044818,25.0,1.0,True,0.22128851540616246,79.0,1.0,True,0,0.7144799724329983,True,False,"{""boundary_penalty"": 0.0, ""combat_state_reward"": -3.4918119535682, ""death_penalty"": -3.0, ""own_kill_reward"": 0.0, ""support_state_reward"": 0.26973103222720546, ""team_kill_reward"": 0.0, ""team_total_reward"": -6.222080921340989}",False,0.0,710.0,357.0,0.0,0.0,0,0,0.0,0.0,8,0.6629318394024276,1.0,1.0,0.125,18,357.0,True,15,False,red_total_loss,False,False,False
50093,"{""red_0"": 1.3322466122539607, ""red_1"": -8.438898082755738, ""red_2"": -7.749752828499675, ""red_3"": -6.440000000000001}","{""red_0"": {""agent_total_reward"": 1.3322466122539607, ""angle_state_reward"": 0.0, ""boundary_penalty"": 0.0, ""combat_state_reward"": 0.0, ""death_penalty"": 0.0, ""distance_state_reward"": 0.0, ""own_kill_reward"": 0.0, ""support_awareness_state_reward"": 223.0, ""support_position_state_reward"": 73.3744353756601, ""support_state_reward"": 1.3322466122539607, ""team_kill_reward"": 0.0}, ""red_1"": {""agent_total_reward"": -8.438898082755738, ""angle_state_reward"": -221.92723379287833, ""boundary_penalty"": 0.0, ""combat_state_reward"": -4.438898082755738, ""death_penalty"": -4.0, ""distance_state_reward"": 91.26230595479325, ""own_kill_reward"": 0.0, ""support_awareness_state_reward"": 0.0, ""support_position_state_reward"": 0.0, ""support_state_reward"": 0.0, ""team_kill_reward"": 0.0}, ""red_2"": {""agent_total_reward"": -7.749752828499675, ""angle_state_reward"": -187.26344847109078, ""boundary_penalty"": 0.0, ""combat_state_reward"": -3.7497528284996755, ""death_penalty"": -4.0, ""distance_state_reward"": 57.24931033353401, ""own_kill_reward"": 0.0, ""support_awareness_state_reward"": 0.0, ""support_position_state_reward"": 0.0, ""support_state_reward"": 0.0, ""team_kill_reward"": 0.0}, ""red_3"": {""agent_total_reward"": -6.440000000000001, ""angle_state_reward"": -122.0, ""boundary_penalty"": 0.0, ""combat_state_reward"": -2.4400000000000017, ""death_penalty"": -4.0, ""distance_state_reward"": 1.6777306423788474, ""own_kill_reward"": 0.0, ""support_awareness_state_reward"": 0.0, ""support_position_state_reward"": 0.0, ""support_state_reward"": 0.0, ""team_kill_reward"": 0.0}}",False,False,3,0,0.0,0.0,3,0.3452914798206278,77.0,1.0,True,0.8071748878923767,180.0,1.0,True,3,1.0,"{""blue_0"": 0, ""blue_1"": 0, ""blue_2"": 0, ""red_0"": 0, ""red_1"": 5, ""red_2"": 5, ""red_3"": 5}",0.0,0.0,0.0,blue,functional_heterogeneous_4v3_v15_paper_compact_attack_reward,223,-5.32410107475036,,False,True,0.0,0.0,1.0,0.0,1.0,0.02551051397018832,0.0,0.02551051397018832,0.0,False,0,0,0.0,0.0,0.0,0.0,0.0,0.0024034769739955664,0.0,0.0,0.0,0.02551051415503025,0.0,0.0,0.0,0.0,0.0,False,"{""0"": 1.0, ""1"": 0.0, ""2"": 0.0, ""3"": 0.0}",0,0,0.0,0.0,0,False,False,0.0,0.0,0.0,False,0.11210762331838565,25.0,1.0,True,0,0.02551051397018832,True,False,"{""boundary_penalty"": 0.0, ""combat_state_reward"": -2.657162727813836, ""death_penalty"": -3.0, ""own_kill_reward"": 0.0, ""support_state_reward"": 0.33306165306349017, ""team_kill_reward"": 0.0, ""team_total_reward"": -5.32410107475036}",False,0.0,535.0,223.0,0.0,0.0,0,0,0.0,0.0,8,0.7997010463378177,1.0,1.0,0.0,12,223.0,True,11,False,red_total_loss,False,False,False
50094,"{""red_0"": 1.6740554059654424, ""red_1"": -9.159659295827666, ""red_2"": -8.928452077425087, ""red_3"": -8.859173330818425}","{""red_0"": {""agent_total_reward"": 1.6740554059654424, ""angle_state_reward"": 0.0, ""boundary_penalty"": 0.0, ""combat_state_reward"": 0.0, ""death_penalty"": 0.0, ""distance_state_reward"": 0.0, ""own_kill_reward"": 0.0, ""support_awareness_state_reward"": 259.0, ""support_position_state_reward"": 106.34256766090695, ""support_state_reward"": 1.6740554059654424, ""team_kill_reward"": 0.0}, ""red_1"": {""agent_total_reward"": -9.159659295827666, ""angle_state_reward"": -257.9829647913844, ""boundary_penalty"": 0.0, ""combat_state_reward"": -5.159659295827667, ""death_penalty"": -4.0, ""distance_state_reward"": 158.01892208972788, ""own_kill_reward"": 0.0, ""support_awareness_state_reward"": 0.0, ""support_position_state_reward"": 0.0, ""support_state_reward"": 0.0, ""team_kill_reward"": 0.0}, ""red_2"": {""agent_total_reward"": -8.928452077425087, ""angle_state_reward"": -246.4226038712545, ""boundary_penalty"": 0.0, ""combat_state_reward"": -4.928452077425087, ""death_penalty"": -4.0, ""distance_state_reward"": 163.5935898481842, ""own_kill_reward"": 0.0, ""support_awareness_state_reward"": 0.0, ""support_position_state_reward"": 0.0, ""support_state_reward"": 0.0, ""team_kill_reward"": 0.0}, ""red_3"": {""agent_total_reward"": -8.859173330818425, ""angle_state_reward"": -242.95860402073384, ""boundary_penalty"": 0.0, ""combat_state_reward"": -4.859173330818425, ""death_penalty"": -4.0, ""distance_state_reward"": 153.7177557949903, ""own_kill_reward"": 0.0, ""support_awareness_state_reward"": 0.0, ""support_position_state_reward"": 0.0, ""support_state_reward"": 0.0, ""team_kill_reward"": 0.0}}",False,False,3,0,0.0,0.0,3,0.10424710424710425,27.0,1.0,True,0.4362934362934363,113.0,1.0,True,3,1.0,"{""blue_0"": 0, ""blue_1"": 0, ""blue_2"": 0, ""red_0"": 0, ""red_1"": 5, ""red_2"": 5, ""red_3"": 5}",0.0,0.0,0.0,blue,functional_heterogeneous_4v3_v15_paper_compact_attack_reward,259,-6.318307324526438,,False,True,0.0,0.0,1.0,0.0,1.0,0.04718264430166265,0.0,0.04718264430166265,0.0,False,0,0,0.0,0.0,0.0,0.0,0.0,0.001447992748580873,0.0,0.0,0.0,0.04694430157542229,0.0,0.0,0.0,0.0035133440978825092,0.0,False,"{""0"": 1.0, ""1"": 0.0, ""2"": 0.0, ""3"": 0.0}",0,0,0.0,0.0,0,False,False,0.0,0.0,0.0,False,0.16988416988416988,44.0,1.0,True,0,0.04718264430166265,True,False,"{""boundary_penalty"": 0.0, ""combat_state_reward"": -3.7368211760178096, ""death_penalty"": -3.0, ""own_kill_reward"": 0.0, ""support_state_reward"": 0.4185138514913606, ""team_kill_reward"": 0.0, ""team_total_reward"": -6.318307324526438}",False,0.0,751.0,259.0,0.0,0.0,0,0,0.0,0.0,7,0.9665379665379665,1.0,1.0,0.0,13,259.0,True,7,False,red_total_loss,False,False,False
50095,"{""red_0"": 1.2362662123226391, ""red_1"": -8.179072156217675, ""red_2"": -7.399988279242396, ""red_3"": -6.500000000000002}","{""red_0"": {""agent_total_reward"": 1.2362662123226391, ""angle_state_reward"": 0.0, ""boundary_penalty"": 0.0, ""combat_state_reward"": 0.0, ""death_penalty"": 0.0, ""distance_state_reward"": 0.0, ""own_kill_reward"": 0.0, ""support_awareness_state_reward"": 210.0, ""support_position_state_reward"": 66.04436872043998, ""support_state_reward"": 1.2362662123226391, ""team_kill_reward"": 0.0}, ""red_1"": {""agent_total_reward"": -8.179072156217675, ""angle_state_reward"": -208.9426533504673, ""boundary_penalty"": 0.0, ""combat_state_reward"": -4.179072156217676, ""death_penalty"": -4.0, ""distance_state_reward"": 83.45163933937438, ""own_kill_reward"": 0.0, ""support_awareness_state_reward"": 0.0, ""support_position_state_reward"": 0.0, ""support_state_reward"": 0.0, ""team_kill_reward"": 0.0}, ""red_2"": {""agent_total_reward"": -7.399988279242396, ""angle_state_reward"": -169.99941396211966, ""boundary_penalty"": 0.0, ""combat_state_reward"": -3.399988279242396, ""death_penalty"": -4.0, ""distance_state_reward"": 49.71792896237225, ""own_kill_reward"": 0.0, ""support_awareness_state_reward"": 0.0, ""support_position_state_reward"": 0.0, ""support_state_reward"": 0.0, ""team_kill_reward"": 0.0}, ""red_3"": {""agent_total_reward"": -6.500000000000002, ""angle_state_reward"": -125.0, ""boundary_penalty"": 0.0, ""combat_state_reward"": -2.5000000000000018, ""death_penalty"": -4.0, ""distance_state_reward"": 0.8295373600273095, ""own_kill_reward"": 0.0, ""support_awareness_state_reward"": 0.0, ""support_position_state_reward"": 0.0, ""support_state_reward"": 0.0, ""team_kill_reward"": 0.0}}",False,False,3,0,0.0,0.0,3,0.3476190476190476,73.0,1.0,True,0.7095238095238096,149.0,1.0,True,3,1.0,"{""blue_0"": 0, ""blue_1"": 0, ""blue_2"": 0, ""red_0"": 0, ""red_1"": 5, ""red_2"": 5, ""red_3"": 5}",0.0,0.0,0.0,blue,functional_heterogeneous_4v3_v15_paper_compact_attack_reward,210,-5.210698555784354,,False,True,0.0,0.0,1.0,0.0,1.0,0.003943336074876411,0.0,0.003943336074876411,0.0,False,0,0,0.0,0.0,0.0,0.0,0.0,0.003943336196243763,0.0,0.0,0.0,4.981322126695886e-05,0.0,0.0,0.0,0.0,0.0,False,"{""0"": 1.0, ""1"": 0.0, ""2"": 0.0, ""3"": 0.0}",0,0,0.0,0.0,0,False,False,0.0,0.0,0.0,False,0.014285714285714285,3.0,1.0,True,0,0.003943336074876411,True,False,"{""boundary_penalty"": 0.0, ""combat_state_reward"": -2.5197651088650015, ""death_penalty"": -3.0, ""own_kill_reward"": 0.0, ""support_state_reward"": 0.3090665530806598, ""team_kill_reward"": 0.0, ""team_total_reward"": -5.210698555784354}",False,0.0,507.0,210.0,0.0,0.0,0,0,0.0,0.0,4,0.8047619047619048,1.0,1.0,0.0,11,210.0,True,8,False,red_total_loss,False,False,False
50096,"{""red_0"": 1.0935051071008777, ""red_1"": -8.648305877798057, ""red_2"": -8.417406012051348, ""red_3"": -8.001884665685209}","{""red_0"": {""agent_total_reward"": 1.0935051071008777, ""angle_state_reward"": 0.0, ""boundary_penalty"": 0.0, ""combat_state_reward"": 0.0, ""death_penalty"": 0.0, ""distance_state_reward"": 0.0, ""own_kill_reward"": 0.0, ""support_awareness_state_reward"": 236.0, ""support_position_state_reward"": 24.917517850146282, ""support_state_reward"": 1.0935051071008777, ""team_kill_reward"": 0.0}, ""red_1"": {""agent_total_reward"": -8.648305877798057, ""angle_state_reward"": -232.37659438647594, ""boundary_penalty"": 0.0, ""combat_state_reward"": -4.648305877798057, ""death_penalty"": -4.0, ""distance_state_reward"": 146.5985092352878, ""own_kill_reward"": 0.0, ""support_awareness_state_reward"": 0.0, ""support_position_state_reward"": 0.0, ""support_state_reward"": 0.0, ""team_kill_reward"": 0.0}, ""red_2"": {""agent_total_reward"": -8.417406012051348, ""angle_state_reward"": -220.8703006025676, ""boundary_penalty"": 0.0, ""combat_state_reward"": -4.417406012051347, ""death_penalty"": -4.0, ""distance_state_reward"": 137.95101126861857, ""own_kill_reward"": 0.0, ""support_awareness_state_reward"": 0.0, ""support_position_state_reward"": 0.0, ""support_state_reward"": 0.0, ""team_kill_reward"": 0.0}, ""red_3"": {""agent_total_reward"": -8.001884665685209, ""angle_state_reward"": -200.0942332842603, ""boundary_penalty"": 0.0, ""combat_state_reward"": -4.001884665685209, ""death_penalty"": -4.0, ""distance_state_reward"": 117.18484960555404, ""own_kill_reward"": 0.0, ""support_awareness_state_reward"": 0.0, ""support_position_state_reward"": 0.0, ""support_state_reward"": 0.0, ""team_kill_reward"": 0.0}}",False,False,3,0,0.0,0.0,3,0.2584745762711864,61.0,1.0,True,0.652542372881356,154.0,1.0,True,3,1.0,"{""blue_0"": 0, ""blue_1"": 0, ""blue_2"": 0, ""red_0"": 0, ""red_1"": 5, ""red_2"": 5, ""red_3"": 5}",0.0,0.0,0.0,blue,functional_heterogeneous_4v3_v15_paper_compact_attack_reward,236,-5.9935228621084295,,False,True,0.0,0.0,1.0,0.0,1.0,0.22064247595461578,0.0,0.22064247595461578,0.0,False,0,0,0.0,0.0,0.0,0.0,0.0,0.22064247727394104,0.0,0.0,0.0,0.007526757661253214,0.0,0.0,0.0,0.15449708700180054,0.0,False,"{""0"": 1.0, ""1"": 0.0, ""2"": 0.0, ""3"": 0.0}",0,0,0.0,0.0,0,False,False,0.0,0.0,0.0,False,0.288135593220339,68.0,1.0,True,0,0.22064247595461578,True,False,"{""boundary_penalty"": 0.0, ""combat_state_reward"": -3.266899138883653, ""death_penalty"": -3.0, ""own_kill_reward"": 0.0, ""support_state_reward"": 0.2733762767752194, ""team_kill_reward"": 0.0, ""team_total_reward"": -5.9935228621084295}",False,0.0,661.0,236.0,0.0,0.0,0,0,0.0,0.0,8,0.9336158192090396,1.0,1.0,0.0,12,236.0,True,10,False,red_total_loss,False,False,False
50097,"{""red_0"": 1.4128407393658422, ""red_1"": -6.480000000000002, ""red_2"": -7.459879431425966, ""red_3"": -6.755640497043751}","{""red_0"": {""agent_total_reward"": 1.4128407393658422, ""angle_state_reward"": 0.0, ""boundary_penalty"": 0.0, ""combat_state_reward"": 0.0, ""death_penalty"": 0.0, ""distance_state_reward"": 0.0, ""own_kill_reward"": 0.0, ""support_awareness_state_reward"": 174.0, ""support_position_state_reward"": 119.4734565609737, ""support_state_reward"": 1.4128407393658422, ""team_kill_reward"": 0.0}, ""red_1"": {""agent_total_reward"": -6.480000000000002, ""angle_state_reward"": -124.0, ""boundary_penalty"": 0.0, ""combat_state_reward"": -2.4800000000000018, ""death_penalty"": -4.0, ""distance_state_reward"": 2.825427839632745, ""own_kill_reward"": 0.0, ""support_awareness_state_reward"": 0.0, ""support_position_state_reward"": 0.0, ""support_state_reward"": 0.0, ""team_kill_reward"": 0.0}, ""red_2"": {""agent_total_reward"": -7.459879431425966, ""angle_state_reward"": -172.99397157129815, ""boundary_penalty"": 0.0, ""combat_state_reward"": -3.4598794314259655, ""death_penalty"": -4.0, ""distance_state_reward"": 52.2562723944809, ""own_kill_reward"": 0.0, ""support_awareness_state_reward"": 0.0, ""support_position_state_reward"": 0.0, ""support_state_reward"": 0.0, ""team_kill_reward"": 0.0}, ""red_3"": {""agent_total_reward"": -6.755640497043751, ""angle_state_reward"": -137.78202485218742, ""boundary_penalty"": 0.0, ""combat_state_reward"": -2.7556404970437507, ""death_penalty"": -4.0, ""distance_state_reward"": 18.66062717832132, ""own_kill_reward"": 0.0, ""support_awareness_state_reward"": 0.0, ""support_position_state_reward"": 0.0, ""support_state_reward"": 0.0, ""team_kill_reward"": 0.0}}",False,False,3,0,0.0,0.0,3,0.28160919540229884,49.0,1.0,True,0.6436781609195402,112.0,1.0,True,3,1.0,"{""blue_0"": 0, ""blue_1"": 0, ""blue_2"": 0, ""red_0"": 0, ""red_1"": 5, ""red_2"": 5, ""red_3"": 5}",0.0,0.0,0.0,blue,functional_heterogeneous_4v3_v15_paper_compact_attack_reward,174,-4.820669797275968,,False,True,0.0,0.0,1.0,0.0,1.0,0.02742287064953794,0.0,0.02742287064953794,0.0,False,0,0,0.0,0.0,0.0,0.0,0.0,0.0,0.0,0.0,0.0,0.0005124164163134992,0.0,0.0,0.0,0.018527887761592865,0.0,False,"{""0"": 1.0, ""1"": 0.0, ""2"": 0.0, ""3"": 0.0}",0,0,0.0,0.0,0,False,False,0.0,0.0,0.0,False,0.028735632183908046,5.0,1.0,True,0,0.02742287064953794,True,False,"{""boundary_penalty"": 0.0, ""combat_state_reward"": -2.1738799821174197, ""death_penalty"": -3.0, ""own_kill_reward"": 0.0, ""support_state_reward"": 0.35321018484146055, ""team_kill_reward"": 0.0, ""team_total_reward"": -4.820669797275968}",False,0.0,438.0,174.0,0.0,0.0,0,0,0.0,0.0,5,0.8390804597701149,1.0,1.0,0.0,9,174.0,True,8,False,red_total_loss,False,False,False
50098,"{""red_0"": 1.2200009312884137, ""red_1"": -6.240000000000002, ""red_2"": -6.915814827885237, ""red_3"": -6.380000000000002}","{""red_0"": {""agent_total_reward"": 1.2200009312884137, ""angle_state_reward"": 0.0, ""boundary_penalty"": 0.0, ""combat_state_reward"": 0.0, ""death_penalty"": 0.0, ""distance_state_reward"": 0.0, ""own_kill_reward"": 0.0, ""support_awareness_state_reward"": 147.0, ""support_position_state_reward"": 105.33348854806908, ""support_state_reward"": 1.2200009312884137, ""team_kill_reward"": 0.0}, ""red_1"": {""agent_total_reward"": -6.240000000000002, ""angle_state_reward"": -112.0, ""boundary_penalty"": 0.0, ""combat_state_reward"": -2.2400000000000015, ""death_penalty"": -4.0, ""distance_state_reward"": -2.0840015821352864, ""own_kill_reward"": 0.0, ""support_awareness_state_reward"": 0.0, ""support_position_state_reward"": 0.0, ""support_state_reward"": 0.0, ""team_kill_reward"": 0.0}, ""red_2"": {""agent_total_reward"": -6.915814827885237, ""angle_state_reward"": -145.79074139426174, ""boundary_penalty"": 0.0, ""combat_state_reward"": -2.9158148278852365, ""death_penalty"": -4.0, ""distance_state_reward"": 20.539582702489284, ""own_kill_reward"": 0.0, ""support_awareness_state_reward"": 0.0, ""support_position_state_reward"": 0.0, ""support_state_reward"": 0.0, ""team_kill_reward"": 0.0}, ""red_3"": {""agent_total_reward"": -6.380000000000002, ""angle_state_reward"": -119.0, ""boundary_penalty"": 0.0, ""combat_state_reward"": -2.3800000000000017, ""death_penalty"": -4.0, ""distance_state_reward"": 3.702056059121084, ""own_kill_reward"": 0.0, ""support_awareness_state_reward"": 0.0, ""support_position_state_reward"": 0.0, ""support_state_reward"": 0.0, ""team_kill_reward"": 0.0}}",False,False,3,0,0.0,0.0,3,0.25170068027210885,37.0,1.0,True,0.5714285714285714,84.0,1.0,True,3,1.0,"{""blue_0"": 0, ""blue_1"": 0, ""blue_2"": 0, ""red_0"": 0, ""red_1"": 5, ""red_2"": 5, ""red_3"": 5}",0.0,0.0,0.0,blue,functional_heterogeneous_4v3_v15_paper_compact_attack_reward,147,-4.578953474149205,,False,True,0.0,0.0,1.0,0.0,1.0,0.01778698148775322,0.0,0.01778698148775322,0.0,False,0,0,0.0,0.0,0.0,0.0,0.0,0.0,0.0,0.0,0.0,0.017786981537938118,0.0,0.0,0.0,0.0,0.0,False,"{""0"": 1.0, ""1"": 0.0, ""2"": 0.0, ""3"": 0.0}",0,0,0.0,0.0,0,False,False,0.0,0.0,0.0,False,0.11564625850340136,17.0,1.0,True,0,0.01778698148775322,True,False,"{""boundary_penalty"": 0.0, ""combat_state_reward"": -1.8839537069713037, ""death_penalty"": -3.0, ""own_kill_reward"": 0.0, ""support_state_reward"": 0.3050002328221034, ""team_kill_reward"": 0.0, ""team_total_reward"": -4.578953474149205}",False,0.0,380.0,147.0,0.0,0.0,0,0,0.0,0.0,6,0.8616780045351474,1.0,1.0,0.0,8,147.0,True,7,False,red_total_loss,False,False,False
50099,"{""red_0"": 1.2014993528585334, ""red_1"": -6.420000000000002, ""red_2"": -8.558196396112802, ""red_3"": -8.067615200836709}","{""red_0"": {""agent_total_reward"": 1.2014993528585334, ""angle_state_reward"": 0.0, ""boundary_penalty"": 0.0, ""combat_state_reward"": 0.0, ""death_penalty"": 0.0, ""distance_state_reward"": 0.0, ""own_kill_reward"": 0.0, ""support_awareness_state_reward"": 229.0, ""support_position_state_reward"": 47.583225476422214, ""support_state_reward"": 1.2014993528585334, ""team_kill_reward"": 0.0}, ""red_1"": {""agent_total_reward"": -6.420000000000002, ""angle_state_reward"": -121.0, ""boundary_penalty"": 0.0, ""combat_state_reward"": -2.4200000000000017, ""death_penalty"": -4.0, ""distance_state_reward"": 16.804379792932437, ""own_kill_reward"": 0.0, ""support_awareness_state_reward"": 0.0, ""support_position_state_reward"": 0.0, ""support_state_reward"": 0.0, ""team_kill_reward"": 0.0}, ""red_2"": {""agent_total_reward"": -8.558196396112802, ""angle_state_reward"": -227.9098198056402, ""boundary_penalty"": 0.0, ""combat_state_reward"": -4.558196396112803, ""death_penalty"": -4.0, ""distance_state_reward"": 123.70001547341408, ""own_kill_reward"": 0.0, ""support_awareness_state_reward"": 0.0, ""support_position_state_reward"": 0.0, ""support_state_reward"": 0.0, ""team_kill_reward"": 0.0}, ""red_3"": {""agent_total_reward"": -8.067615200836709, ""angle_state_reward"": -203.37817521412572, ""boundary_penalty"": 0.0, ""combat_state_reward"": -4.067615200836709, ""death_penalty"": -4.0, ""distance_state_reward"": 98.76934102251127, ""own_kill_reward"": 0.0, ""support_awareness_state_reward"": 0.0, ""support_position_state_reward"": 0.0, ""support_state_reward"": 0.0, ""team_kill_reward"": 0.0}}",False,False,3,0,0.0,0.0,3,0.28820960698689957,66.0,1.0,True,0.6943231441048034,159.0,1.0,True,3,1.0,"{""blue_0"": 0, ""blue_1"": 0, ""blue_2"": 0, ""red_0"": 0, ""red_1"": 5, ""red_2"": 5, ""red_3"": 5}",0.0,0.0,0.0,blue,functional_heterogeneous_4v3_v15_paper_compact_attack_reward,229,-5.461078061022737,,False,True,0.0,0.0,1.0,0.0,1.0,0.049612867781675674,0.0,0.049612867781675674,0.0,False,0,0,0.0,0.0,0.0,0.0,0.0,0.0,0.0,0.0,0.0,0.007241832558065653,0.0,0.0,0.0,0.0496128685772419,0.0,False,"{""0"": 1.0, ""1"": 0.0, ""2"": 0.0, ""3"": 0.0}",0,0,0.0,0.0,0,False,False,0.0,0.0,0.0,False,0.10480349344978165,24.0,1.0,True,0,0.049612867781675674,True,False,"{""boundary_penalty"": 0.0, ""combat_state_reward"": -2.7614528992373595, ""death_penalty"": -3.0, ""own_kill_reward"": 0.0, ""support_state_reward"": 0.30037483821463334, ""team_kill_reward"": 0.0, ""team_total_reward"": -5.461078061022737}",False,0.0,556.0,229.0,0.0,0.0,0,0,0.0,0.0,7,0.8093158660844251,1.0,1.0,0.0,12,229.0,True,9,False,red_total_loss,False,False,False
50100,"{""red_0"": 1.1647492149363725, ""red_1"": -8.904515108735035, ""red_2"": -8.472155465090811, ""red_3"": -8.399987529484724}","{""red_0"": {""agent_total_reward"": 1.1647492149363725, ""angle_state_reward"": 0.0, ""boundary_penalty"": 0.0, ""combat_state_reward"": 0.0, ""death_penalty"": 0.0, ""distance_state_reward"": 0.0, ""own_kill_reward"": 0.0, ""support_awareness_state_reward"": 247.0, ""support_position_state_reward"": 29.45820248939524, ""support_state_reward"": 1.1647492149363725, ""team_kill_reward"": 0.0}, ""red_1"": {""agent_total_reward"": -8.904515108735035, ""angle_state_reward"": -245.2219174576645, ""boundary_penalty"": 0.0, ""combat_state_reward"": -4.904515108735035, ""death_penalty"": -4.0, ""distance_state_reward"": 136.13906795386794, ""own_kill_reward"": 0.0, ""support_awareness_state_reward"": 0.0, ""support_position_state_reward"": 0.0, ""support_state_reward"": 0.0, ""team_kill_reward"": 0.0}, ""red_2"": {""agent_total_reward"": -8.472155465090811, ""angle_state_reward"": -223.6077732545405, ""boundary_penalty"": 0.0, ""combat_state_reward"": -4.472155465090811, ""death_penalty"": -4.0, ""distance_state_reward"": 118.28582540063013, ""own_kill_reward"": 0.0, ""support_awareness_state_reward"": 0.0, ""support_position_state_reward"": 0.0, ""support_state_reward"": 0.0, ""team_kill_reward"": 0.0}, ""red_3"": {""agent_total_reward"": -8.399987529484724, ""angle_state_reward"": -219.99937647423644, ""boundary_penalty"": 0.0, ""combat_state_reward"": -4.399987529484724, ""death_penalty"": -4.0, ""distance_state_reward"": 117.44203452578375, ""own_kill_reward"": 0.0, ""support_awareness_state_reward"": 0.0, ""support_position_state_reward"": 0.0, ""support_state_reward"": 0.0, ""team_kill_reward"": 0.0}}",False,False,3,0,0.0,0.0,3,0.242914979757085,60.0,1.0,True,0.6234817813765182,154.0,1.0,True,3,1.0,"{""blue_0"": 0, ""blue_1"": 0, ""blue_2"": 0, ""red_0"": 0, ""red_1"": 5, ""red_2"": 5, ""red_3"": 5}",0.0,0.0,0.0,blue,functional_heterogeneous_4v3_v15_paper_compact_attack_reward,247,-6.152977222093547,,False,True,0.0,0.0,1.0,0.0,1.0,0.05824470813287532,0.0,0.05824470813287532,0.0,False,0,0,0.0,0.0,0.0,0.0,0.0,0.05824470892548561,0.0,0.0,0.0,0.03316589817404747,0.0,0.0,0.0,3.1348132324637845e-05,0.0,False,"{""0"": 1.0, ""1"": 0.0, ""2"": 0.0, ""3"": 0.0}",0,0,0.0,0.0,0,False,False,0.0,0.0,0.0,False,0.1659919028340081,41.0,1.0,True,0,0.05824470813287532,True,False,"{""boundary_penalty"": 0.0, ""combat_state_reward"": -3.4441645258276457, ""death_penalty"": -3.0, ""own_kill_reward"": 0.0, ""support_state_reward"": 0.29118730373409313, ""team_kill_reward"": 0.0, ""team_total_reward"": -6.152977222093547}",False,0.0,693.0,247.0,0.0,0.0,0,0,0.0,0.0,9,0.9352226720647774,1.0,1.0,0.0,13,247.0,True,7,False,red_total_loss,False,False,False
50101,"{""red_0"": -1.8568377483826182, ""red_1"": -4.940000000000001, ""red_2"": -8.76762451111626, ""red_3"": -7.9442346299086335}","{""red_0"": {""agent_total_reward"": -1.8568377483826182, ""angle_state_reward"": 0.0, ""boundary_penalty"": 0.0, ""combat_state_reward"": 0.0, ""death_penalty"": -4.0, ""distance_state_reward"": 0.0, ""own_kill_reward"": 0.0, ""support_awareness_state_reward"": 297.0, ""support_position_state_reward"": -7.472958063769684, ""support_state_reward"": 1.1431622516173818, ""team_kill_reward"": 1.0}, ""red_1"": {""agent_total_reward"": -4.940000000000001, ""angle_state_reward"": -97.0, ""boundary_penalty"": 0.0, ""combat_state_reward"": -1.9400000000000013, ""death_penalty"": -4.0, ""distance_state_reward"": -3.5382178441263967, ""own_kill_reward"": 0.0, ""support_awareness_state_reward"": 0.0, ""support_position_state_reward"": 0.0, ""support_state_reward"": 0.0, ""team_kill_reward"": 1.0}, ""red_2"": {""agent_total_reward"": -8.76762451111626, ""angle_state_reward"": -888.3811067609647, ""boundary_penalty"": 0.0, ""combat_state_reward"": -17.767624511116082, ""death_penalty"": 0.0, ""distance_state_reward"": -494.9891543629278, ""own_kill_reward"": 8.0, ""support_awareness_state_reward"": 0.0, ""support_position_state_reward"": 0.0, ""support_state_reward"": 0.0, ""team_kill_reward"": 1.0}, ""red_3"": {""agent_total_reward"": -7.9442346299086335, ""angle_state_reward"": -247.21173149543176, ""boundary_penalty"": 0.0, ""combat_state_reward"": -4.9442346299086335, ""death_penalty"": -4.0, ""distance_state_reward"": 146.55896263436355, ""own_kill_reward"": 0.0, ""support_awareness_state_reward"": 0.0, ""support_position_state_reward"": 0.0, ""support_state_reward"": 0.0, ""team_kill_reward"": 1.0}}",True,False,3,0,0.27444444444444444,247.0,2,0.09,81.0,1.0,True,0.23555555555555555,212.0,1.0,True,3,1.0,"{""blue_0"": 0, ""blue_1"": 0, ""blue_2"": 5, ""red_0"": 5, ""red_1"": 5, ""red_2"": 0, ""red_3"": 5}",0.0,0.0,0.0,blue,functional_heterogeneous_4v3_v15_paper_compact_attack_reward,900,-5.877174222351839,258,False,True,0.0,1.0,1.0,0.0,1.0,1.0,0.0,1.0,0.0,False,0,0,0.0,0.0,0.0,0.0,0.0,0.0,0.0,1.0,1.0,0.9875693917274475,1.0,0.0,0.0,0.23689004778862,0.0,True,"{""0"": 0.0, ""1"": 1.0, ""2"": 0.0, ""3"": 0.0}",1,0,0.0,0.0,1,False,False,0.03,27.0,1.0,True,0.07777777777777778,70.0,1.0,True,1,1.0,False,False,"{""boundary_penalty"": 0.0, ""combat_state_reward"": -6.162964785256169, ""death_penalty"": -3.0, ""own_kill_reward"": 2.0, ""support_state_reward"": 0.28579056290434546, ""team_kill_reward"": 1.0, ""team_total_reward"": -5.877174222351839}",False,0.0,645.0,296.0,1.0,1.0,1,0,0.0,0.0,7,0.7214765100671141,0.9932885906040269,1.0,0.14285714285714285,45,298.0,False,15,False,timeout_red_loss,False,True,False
