actor_grad_norm,actor_loss,approx_kl,clip_fraction,combat_active_slot_count,combat_active_time_env_samples,combat_entropy,combat_grad_norm,combat_joint_clip_fraction,combat_joint_kl,combat_local_clip_fraction,combat_local_kl,combat_lock_quality_finite,combat_optimizer_steps,combat_policy_loss,combat_shared_std,combat_slot_1_clip_fraction,combat_slot_1_critic_explained_variance,combat_slot_1_kl,combat_slot_1_raw_advantage_mean,combat_slot_1_raw_advantage_std,combat_slot_2_clip_fraction,combat_slot_2_critic_explained_variance,combat_slot_2_kl,combat_slot_2_raw_advantage_mean,combat_slot_2_raw_advantage_std,combat_slot_3_clip_fraction,combat_slot_3_critic_explained_variance,combat_slot_3_kl,combat_slot_3_raw_advantage_mean,combat_slot_3_raw_advantage_std,combat_value_loss,credit_mode,critic_grad_norm,critic_loss,current_actor_lr,current_critic_lr,current_entropy_coef,effective_rollout_steps,entropy,env_steps,factor_max,factor_mean,factor_min,group_update_order,hidden_reset_zero_count,max_rollout_combat_state_reward,mean_rollout_boundary_penalty,mean_rollout_combat_state_reward,mean_rollout_death_penalty,mean_rollout_own_kill_reward,mean_rollout_red_0_agent_reward,mean_rollout_red_0_agent_total_reward,mean_rollout_red_0_angle_state_reward,mean_rollout_red_0_boundary_penalty,mean_rollout_red_0_combat_state_reward,mean_rollout_red_0_death_penalty,mean_rollout_red_0_distance_state_reward,mean_rollout_red_0_own_kill_reward,mean_rollout_red_0_support_awareness_state_reward,mean_rollout_red_0_support_position_state_reward,mean_rollout_red_0_support_state_reward,mean_rollout_red_0_team_kill_reward,mean_rollout_red_1_agent_reward,mean_rollout_red_1_agent_total_reward,mean_rollout_red_1_angle_state_reward,mean_rollout_red_1_boundary_penalty,mean_rollout_red_1_combat_state_reward,mean_rollout_red_1_death_penalty,mean_rollout_red_1_distance_state_reward,mean_rollout_red_1_own_kill_reward,mean_rollout_red_1_support_awareness_state_reward,mean_rollout_red_1_support_position_state_reward,mean_rollout_red_1_support_state_reward,mean_rollout_red_1_team_kill_reward,mean_rollout_red_2_agent_reward,mean_rollout_red_2_agent_total_reward,mean_rollout_red_2_angle_state_reward,mean_rollout_red_2_boundary_penalty,mean_rollout_red_2_combat_state_reward,mean_rollout_red_2_death_penalty,mean_rollout_red_2_distance_state_reward,mean_rollout_red_2_own_kill_reward,mean_rollout_red_2_support_awareness_state_reward,mean_rollout_red_2_support_position_state_reward,mean_rollout_red_2_support_state_reward,mean_rollout_red_2_team_kill_reward,mean_rollout_red_3_agent_reward,mean_rollout_red_3_agent_total_reward,mean_rollout_red_3_angle_state_reward,mean_rollout_red_3_boundary_penalty,mean_rollout_red_3_combat_state_reward,mean_rollout_red_3_death_penalty,mean_rollout_red_3_distance_state_reward,mean_rollout_red_3_own_kill_reward,mean_rollout_red_3_support_awareness_state_reward,mean_rollout_red_3_support_position_state_reward,mean_rollout_red_3_support_state_reward,mean_rollout_red_3_team_kill_reward,mean_rollout_support_state_reward,mean_rollout_team_kill_reward,mean_rollout_team_total_reward,min_rollout_combat_state_reward,policy_loss,pooled_combat_advantage_mean,pooled_combat_advantage_std,pooled_combat_critic_explained_variance,recurrent_hidden_activity,support_active_samples,support_advantage_mean,support_advantage_std,support_clip_fraction,support_critic_explained_variance,support_entropy,support_grad_norm,support_kl,support_optimizer_steps,support_policy_loss,support_std,support_value_loss,throughput_env_steps_per_second,update_count,value_loss,vector_steps,wall_clock_seconds
0.3569714713841677,-0.005268062301911414,0.004230962927942861,0.043562888819724324,5631,2048,1.2597589254379273,0.2500130690634251,0.15556640625,0.011630223708925769,0.04278984013944864,0.004156428234932475,1.0,10,-0.006779255578294396,0.3686451514561971,0.04328875367064029,-0.07555413246154785,0.004149033978708016,-0.5875928401947021,0.6804084181785583,0.04137020101770759,-0.06900453567504883,0.004088970417129273,-0.552664041519165,0.646629273891449,0.04368562893941998,-0.04492306709289551,0.004228128662803377,-0.5057344436645508,0.5887454748153687,0.22719717621803284,role_local,0.17445246875286102,0.11497070412151515,0.00029986346666666667,0.0002998293333333333,0.0029982933333333336,256.0,1.256670755147934,2048.0,3.028759002685547,1.0032109022140503,0.35023996233940125,support>combat,6,0.0,0.0,-0.01822528070382153,-0.01025390625,0.0,0.00880400845380791,0.00880400845380791,0.0,0.0,0.0,0.0,0.0,0.0,1.0,0.8006680659018457,0.00880400845380791,0.0,-0.03370989823451964,-0.03370989823451964,-0.9042392610572278,0.0,-0.01808489744871622,-0.015625,0.28854224488168256,0.0,0.0,0.0,0.0,0.0,-0.03153243233828107,-0.03153243233828107,-0.8930256140884012,0.0,-0.017860557687527034,-0.013671875,0.24582559333430254,0.0,0.0,0.0,0.0,0.0,-0.030449136909737717,-0.030449136909737717,-0.9365191066171974,0.0,-0.018730386975221336,-0.01171875,0.3048888418270508,0.0,0.0,0.0,0.0,0.0,0.00880400845380791,0.0,-0.0217218659381615,-0.019999999552965164,-0.005268062301911414,-0.5480832457542419,0.6399333477020264,-0.06419157981872559,0.0,2048,0.13267365097999573,0.04238077625632286,0.0443359375,-0.0642247200012207,1.2535825848579407,0.4639298737049103,0.004305497620953247,10,-0.003756869025528431,0.36704446872075397,0.002744232024997473,149.44700367794258,1.0,0.11497070412151515,256.0,13.703854541061446
0.3426395822316408,-0.004495315789245069,0.0032024195952544687,0.03594579652417451,5615,2048,1.2646454334259034,0.2012814052402973,0.03154296875,0.0032310885086189955,0.004313468048349023,0.001222962416068185,1.0,10,-0.004967567464336753,0.3689790964126587,0.0034748196601867678,0.022786974906921387,0.0011852847367153085,-0.4938615560531616,0.6633172035217285,0.005104532279074192,-0.033041954040527344,0.0013225233475157362,-0.4435691237449646,0.5928227305412292,0.004248695401474834,0.0279465913772583,0.0011521219224311264,-0.48479825258255005,0.6549118757247925,0.2302846997976303,role_local,0.1792536720633507,0.11697471679653973,0.0002997269333333333,0.00029965866666666665,0.0029965866666666666,256.0,1.2565478324890136,4096.0,1.7150431871414185,0.9964682459831238,0.5543904304504395,support>combat,1,0.0,0.0,-0.018143941055313917,-0.013671875,0.0,0.009134859203186352,0.009134859203186352,0.0,0.0,0.0,0.0,0.0,0.0,1.0,0.8558098690118641,0.009134859203186352,0.0,-0.03438183656180627,-0.03438183656180627,-0.8401856853161007,0.0,-0.016803712092951173,-0.017578125,0.27508779347408563,0.0,0.0,0.0,0.0,0.0,-0.03693194731749827,-0.03693194731749827,-0.967655471758917,0.0,-0.019353822826815303,-0.017578125,0.31824387158849277,0.0,0.0,0.0,0.0,0.0,-0.03780553770047845,-0.03780553770047845,-0.9137026316020638,0.0,-0.018274288246175274,-0.01953125,0.3492893376678694,0.0,0.0,0.0,0.0,0.0,0.009134859203186352,0.0,-0.024996116841066396,-0.019999999552965164,-0.004495315789245069,-0.47292324900627136,0.6365923881530762,0.009542405605316162,0.0,2048,0.11284336447715759,0.051342837512493134,0.067578125,0.1308315396308899,1.248450231552124,0.4839977592229843,0.005181876774440752,10,-0.004023064114153385,0.3667520383993785,0.003664733795449138,150.30694723719648,2.0,0.11697471679653973,512.0,27.250902737956494
0.28871469497680663,-0.004087510367389769,0.003551209361724611,0.03527951178984949,5365,2048,1.2659963607788085,0.23587439954280853,0.11328125,0.008277919184183701,0.029738711079698988,0.0030651307815482086,1.0,10,-0.005705604027025401,0.3690203030904134,0.0296584929805249,0.13754194974899292,0.003044900682678442,-0.3065110743045807,0.4888310730457306,0.030949658993631602,0.14187008142471313,0.00319456153968542,-0.43799686431884766,0.64849454164505,0.028571834985632448,0.1607121229171753,0.0029546825738870188,-0.3923488259315491,0.6138222813606262,0.19304389655590057,role_local,0.1638715911656618,0.09791140009765513,0.0002995904,0.000299488,0.00299488,256.0,1.2569141328334807,6144.0,2.4171247482299805,1.0035223960876465,0.44559839367866516,support>combat,3,0.0,0.0,-0.017354166506265756,-0.01416015625,0.0,0.00894969051660155,0.00894969051660155,0.0,0.0,0.0,0.0,0.0,0.0,1.0,0.8249484121333808,0.00894969051660155,0.0,-0.033834700461738976,-0.033834700461738976,-0.910467476118356,0.0,-0.018209700891020475,-0.015625,0.39060084652737714,0.0,0.0,0.0,0.0,0.0,-0.038564827729715034,-0.038564827729715034,-0.853694261983037,0.0,-0.017080453275411855,-0.021484375,0.37019178038462996,0.0,0.0,0.0,0.0,0.0,-0.03630359482122003,-0.03630359482122003,-0.8386170959565789,0.0,-0.016772345352364937,-0.01953125,0.37896429252577946,0.0,0.0,0.0,0.0,0.0,0.00894969051660155,0.0,-0.02493835988570936,-0.019999999552965164,-0.004087510367389769,-0.3773905634880066,0.5882911682128906,0.14757537841796875,0.0,2048,0.07173000276088715,0.06331980228424072,0.0408203125,0.3609841465950012,1.247831904888153,0.3415549904108047,0.004037287941901013,10,-0.002469416707754135,0.366788387298584,0.002778903639409691,150.4215649256987,3.0,0.09791140009765513,768.0,40.84520728816278
0.3588714972138405,-0.004315337949083187,0.004842154279315053,0.05880900315969484,5530,2048,1.2664743781089782,0.25198214054107665,0.14150390625,0.009758474107366055,0.03402425631938968,0.003533479150777963,1.0,10,-0.0011005743232090025,0.36918457349141437,0.03777020911220461,0.1692972183227539,0.003772074860793799,-0.25117114186286926,0.478822261095047,0.027823513932526113,0.338245689868927,0.003233781624203835,-0.23324057459831238,0.4707547426223755,0.035504903295077384,0.19466358423233032,0.0035453067914953174,-0.27307966351509094,0.5129476189613342,0.14234810173511506,role_local,0.12311987187713384,0.07262392906704918,0.00029945386666666664,0.00029931733333333333,0.0029931733333333336,256.0,1.2572215378284455,8192.0,1.8146284818649292,0.997959315776825,0.5396942496299744,combat>support,4,0.0,0.0,-0.017917606463015545,-0.01220703125,0.0,0.00872836619419104,0.00872836619419104,0.0,0.0,0.0,0.0,0.0,0.0,1.0,0.7880610337015241,0.00872836619419104,0.0,-0.03667658018093789,-0.03667658018093789,-0.9549228877294809,0.0,-0.019098455661151092,-0.017578125,0.5104506766074337,0.0,0.0,0.0,0.0,0.0,-0.02965672373829875,-0.02965672373829875,-0.7992230022791773,0.0,-0.01598484905116493,-0.013671875,0.3332796373288147,0.0,0.0,0.0,0.0,0.0,-0.036247639181965496,-0.036247639181965496,-0.9334513072390109,0.0,-0.018669514676730614,-0.017578125,0.4747883348027244,0.0,0.0,0.0,0.0,0.0,0.00872836619419104,0.0,-0.023463145618734416,-0.019999999552965164,-0.004315337949083187,-0.2534511685371399,0.48888370394706726,0.24624556303024292,0.0,2048,0.04848600551486015,0.07507851719856262,0.08359375,0.4225881099700928,1.2479686975479125,0.4657608538866043,0.006150829407852143,10,-0.007530101574957371,0.3667970697085063,0.0028997563989833,150.3243614916839,4.0,0.07262392906704918,1024.0,54.49549174006097
0.35259553119540216,-0.004372382555447985,0.0048839926314277705,0.05809191975276917,5120,2048,1.2682712197303772,0.30949550718069074,0.1640625,0.012040746767888777,0.057101808255538344,0.004850892906373952,1.0,10,-0.005238055848167278,0.3693688015143077,0.05909839328378439,0.3503291606903076,0.004906382883509738,-0.27024826407432556,0.5491119027137756,0.05692404587753117,0.37545275688171387,0.004941889827276497,-0.3301221430301666,0.6029830574989319,0.0554871691390872,0.3346465229988098,0.004722908282003629,-0.21726654469966888,0.4688664972782135,0.1744562178850174,role_local,0.11463598348200321,0.0886538413586095,0.00029931733333333333,0.00029914666666666667,0.0029914666666666667,256.0,1.2580024242401122,10240.0,1.6983569860458374,0.9973335266113281,0.6130300164222717,support>combat,4,0.0,0.0,-0.016552141021141626,-0.0146484375,0.0,0.008448979964668979,0.008448979964668979,0.0,0.0,0.0,0.0,0.0,0.0,1.0,0.7414966600481421,0.008448979964668979,0.0,-0.03569282275202568,-0.03569282275202568,-0.808055765228346,0.0,-0.016161573312274413,-0.01953125,0.30481814630911686,0.0,0.0,0.0,0.0,0.0,-0.03688160541423713,-0.03688160541423713,-0.7698608417995274,0.0,-0.015397230788948946,-0.021484375,0.3090397779305931,0.0,0.0,0.0,0.0,0.0,-0.035675743496540235,-0.035675743496540235,-0.9048810431268066,0.0,-0.018097618962201523,-0.017578125,0.3897593083092943,0.0,0.0,0.0,0.0,0.0,0.008448979964668979,0.0,-0.024950299331976566,-0.019999999552965164,-0.004372382555447985,-0.269586980342865,0.5415109992027283,0.35739076137542725,0.0,2048,0.02067660167813301,0.08087991923093796,0.05908203125,0.5984447002410889,1.2477336287498475,0.3956955552101135,0.0049170923564815896,10,-0.003506709262728691,0.3667105436325073,0.0028514648322016,150.43257720645693,5.0,0.0886538413586095,1280.0,68.07036208617501
0.29258049502968786,-0.005555555649334565,0.003295878805969321,0.033982159849256274,5322,2048,1.2695647120475768,0.22984324544668197,0.14619140625,0.010099578596418723,0.041987757198512554,0.0038796054455883635,1.0,10,-0.001989895210135728,0.3695286512374878,0.04093674481846392,0.5631598234176636,0.0037747737464534636,-0.09994620084762573,0.3807309567928314,0.036510054999962446,0.5775847434997559,0.003589695527534903,-0.15867753326892853,0.4632396399974823,0.04729819688946009,0.31043440103530884,0.0042070720484149605,-0.10564588010311127,0.38678479194641113,0.09939364939928055,role_local,0.050882712565362455,0.05073458282859065,0.00029918079999999997,0.00029897599999999995,0.00298976,256.0,1.2582423031330108,12288.0,2.229304075241089,1.0013254880905151,0.47358083724975586,combat>support,3,0.0,0.0,-0.01723157695111392,-0.009765625,0.0,0.008379570806937409,0.008379570806937409,0.0,0.0,0.0,0.0,0.0,0.0,1.0,0.7299284645123407,0.008379570806937409,0.0,-0.031249101572029758,-0.031249101572029758,-0.8788609714247286,0.0,-0.017577226943103597,-0.013671875,0.3263354577939026,0.0,0.0,0.0,0.0,0.0,-0.026791798929480137,-0.026791798929480137,-0.7536486504832283,0.0,-0.015073049213242484,-0.01171875,0.27663446465157904,0.0,0.0,0.0,0.0,0.0,-0.032716329296818,-0.032716329296818,-0.9521936476230621,0.0,-0.019044454696995672,-0.013671875,0.4355698152212426,0.0,0.0,0.0,0.0,0.0,0.008379570806937409,0.0,-0.020594416022504447,-0.019999999552965164,-0.005555555649334565,-0.11921558529138565,0.40948110818862915,0.5247914791107178,0.0,2048,0.027583852410316467,0.06927836686372757,0.0259765625,0.7311900854110718,1.2469198942184447,0.3553177446126938,0.002712152166350279,10,-0.0091212160885334,0.366657018661499,0.0020755162579007445,150.3634401637038,6.0,0.05073458282859065,1536.0,81.7219929699786
0.3323813319206238,-0.005838350113481283,0.008091726412644126,0.10944381849840283,5393,2048,1.2704528212547301,0.264138987660408,0.16640625,0.011640385325881653,0.04698006082326174,0.004394269204939992,1.0,10,-0.0020395348547026515,0.36955180764198303,0.045904301083646716,0.6472097635269165,0.004388375786898449,-0.13017426431179047,0.39986497163772583,0.049467159900814295,0.565966010093689,0.004518594338176049,-0.15044577419757843,0.44501015543937683,0.04567855270579457,0.3903627395629883,0.0042896687368406015,-0.08373433351516724,0.35035550594329834,0.0970580019056797,role_local,0.0515484482049942,0.06646840199828148,0.00029904426666666666,0.0002988053333333333,0.0029880533333333332,256.0,1.2587129771709442,14336.0,2.274120569229126,0.998204231262207,0.42899784445762634,combat>support,1,0.0,0.0,-0.017476497101597488,-0.01123046875,0.0,0.006621162536248448,0.006621162536248448,0.0,0.0,0.0,-0.001953125,0.0,0.0,0.96630859375,0.7848422026727349,0.008574287547162385,0.0,-0.029614991042762995,-0.029614991042762995,-0.7971332765882835,0.0,-0.015943116377457045,-0.013671875,0.3006818871363066,0.0,0.0,0.0,0.0,0.0,-0.0327773526951205,-0.0327773526951205,-0.8575665992684662,0.0,-0.017152353102574125,-0.015625,0.3632500563398935,0.0,0.0,0.0,0.0,0.0,-0.03300589654099895,-0.03300589654099895,-0.9666629999410361,0.0,-0.019334021824761294,-0.013671875,0.31335173339175526,0.0,0.0,0.0,0.0,0.0,0.008574287547162385,0.0,-0.02219427065938362,-0.019999999552965164,-0.005838350113481283,-0.11969829350709915,0.3993861675262451,0.5713604688644409,0.0,1980,-0.013182757422327995,0.2811327874660492,0.17190757617354394,0.3173595070838928,1.2469731330871583,0.40062367618083955,0.011789183620348259,10,-0.009637165372259915,0.36668023467063904,0.035878802090883254,150.57399753241256,7.0,0.06646840199828148,1792.0,95.20900178607553
0.30708285234868526,-0.00140702819917351,0.004538444467491046,0.054081375972600654,5480,2048,1.270138645172119,0.24532830938696862,0.14892578125,0.010318286183610326,0.045635357301216574,0.004018733622115561,1.0,10,-0.001496229600161314,0.36946312586466473,0.04221785748377442,0.6038328409194946,0.003685819094321208,-0.09095741808414459,0.3991096615791321,0.04872664990834892,0.6343541741371155,0.004335286632147312,-0.09035281091928482,0.4089718461036682,0.04603779315948486,0.5352337956428528,0.004043904865575154,-0.12205380946397781,0.45451620221138,0.10278160572052002,role_local,0.06798478662967682,0.09722489938139915,0.0002989077333333333,0.00029863466666666663,0.0029863466666666667,256.0,1.2586303174495697,16384.0,1.643772006034851,1.001312494277954,0.5534008145332336,combat>support,6,0.0,0.0,-0.017725175615244854,-0.013671875,0.0,0.0021897937203902984,0.0021897937203902984,0.0,0.0,0.0,-0.005859375,0.0,0.0,0.984375,0.6852781337220222,0.008049168833167641,0.0,-0.03357460975530557,-0.03357460975530557,-0.8974362132139504,0.0,-0.017949610308278352,-0.015625,0.3028253725206014,0.0,0.0,0.0,0.0,0.0,-0.033104728783655446,-0.033104728783655446,-0.8739513179752976,0.0,-0.01747972914017737,-0.015625,0.21528678038157523,0.0,0.0,0.0,0.0,0.0,-0.03532431191706564,-0.03532431191706564,-0.8870998476631939,0.0,-0.017746187397278845,-0.017578125,0.26131876214640215,0.0,0.0,0.0,0.0,0.0,0.008049168833167641,0.0,-0.0249534655813477,-0.019999999552965164,-0.00140702819917351,-0.10112585127353668,0.4217796325683594,0.5929443836212158,0.0,2019,-0.08086958527565002,0.45201852917671204,0.06252739464398474,0.3145204186439514,1.2471219897270203,0.36883739531040194,0.00505815531286653,10,-0.0013178267981857061,0.36672069629033405,0.09166819304227829,150.61837592903254,8.0,0.09722489938139915,2048.0,108.7782277490478
0.3535117842257023,-0.0013986604462843388,0.0044227518975746335,0.049376721028238535,5170,2048,1.2695213913917542,0.34827297031879423,0.16689453125,0.012998838862404227,0.06846024161204696,0.005396367242670941,1.0,10,-0.0022409648052416744,0.3694571654001872,0.06366781960241497,0.652826189994812,0.0051129614407263045,-0.07260546088218689,0.3553164303302765,0.06268283370882273,0.7710267305374146,0.005113161983350778,-0.04394729435443878,0.36341777443885803,0.0798672947101295,0.7287007570266724,0.00601183068715766,-0.07778216898441315,0.3855777680873871,0.07376746758818627,role_local,0.04774068407714367,0.0638425212353468,0.0002987712,0.00029846399999999997,0.00298464,256.0,1.2587676167488098,18432.0,1.9143201112747192,0.9978191256523132,0.5141457915306091,support>combat,3,0.0,0.0,-0.016750950084921595,-0.009765625,0.0,0.0031708332116977545,0.0031708332116977545,0.0,0.0,0.0,-0.00390625,0.0,0.0,0.8955078125,0.5825086880940944,0.0070770833517599385,0.0,-0.030346042825840414,-0.030346042825840414,-0.9312803726643324,0.0,-0.01862729316781042,-0.01171875,0.13529084308538586,0.0,0.0,0.0,0.0,0.0,-0.02753766012028791,-0.02753766012028791,-0.7909161453135312,0.0,-0.015818910404050257,-0.01171875,0.1253377120156074,0.0,0.0,0.0,0.0,0.0,-0.02752539629000239,-0.02752539629000239,-0.7903066966682673,0.0,-0.015806646682904102,-0.01171875,0.30265355960000306,0.0,0.0,0.0,0.0,0.0,0.0070770833517599385,0.0,-0.020559567674354184,-0.019999999552965164,-0.0013986604462843388,-0.06522238254547119,0.3679039776325226,0.7226335406303406,0.0,1836,-0.046216826885938644,0.36643481254577637,0.030293200444430114,0.573909342288971,1.2480138421058655,0.35875059813261034,0.0034491365524783268,10,-0.0005563560873270035,0.36697866519292194,0.05391757488250733,150.82271464431025,9.0,0.0638425212353468,2304.0,122.20970855397172
0.3834987744688988,-0.004022470558993518,0.0055791763867833865,0.0755739170126617,5276,2048,1.270801305770874,0.2967639178037643,0.1451171875,0.010842395480722189,0.04850106220692396,0.004105215271222498,1.0,10,-0.00514292404986918,0.36982473731040955,0.04587663165293634,0.8040934801101685,0.003823068554444785,-0.04306090995669365,0.27155452966690063,0.05291843875311315,0.8092985153198242,0.0045006898169847155,-0.07298456877470016,0.3654046058654785,0.047503856231924144,0.808109700679779,0.004066994010708702,-0.06458525359630585,0.34619972109794617,0.05469550117850304,role_local,0.029719647578895093,0.029718128172680734,0.00029863466666666663,0.0002982933333333333,0.0029829333333333333,256.0,1.261210596561432,20480.0,1.8283311128616333,1.0059939622879028,0.5762757062911987,support>combat,4,0.0,0.0,-0.01708781516329812,-0.00927734375,0.0,0.006358416385410237,0.006358416385410237,0.0,0.0,0.0,0.0,0.0,0.0,0.875,0.47640273036086,0.006358416385410237,0.0,-0.03132302840822376,-0.03132302840822376,-0.9801857445854694,0.0,-0.01960427875019377,-0.01171875,0.07599191818007967,0.0,0.0,0.0,0.0,0.0,-0.027439320117991883,-0.027439320117991883,-0.7859797778073698,0.0,-0.015720570379926357,-0.01171875,0.24965520214755088,0.0,0.0,0.0,0.0,0.0,-0.029610471025080187,-0.029610471025080187,-0.7968829858582467,0.0,-0.015938596359774237,-0.013671875,0.32532825181260705,0.0,0.0,0.0,0.0,0.0,0.006358416385410237,0.0,-0.020503602256212616,-0.019999999552965164,-0.004022470558993518,-0.05894302949309349,0.32650718092918396,0.8082489967346191,0.0,1792,-0.02812366746366024,0.09930279850959778,0.10264677181839943,0.9614811539649963,1.2516198873519897,0.4702336311340332,0.007053137502344276,10,-0.002902017068117857,0.3676107128461202,0.004740755166858434,151.1259108920236,10.0,0.029718128172680734,2560.0,135.51613935106434
0.34568175189197065,-0.0027241458861681166,0.0044183875560352545,0.054642443763441406,5246,2048,1.273701000213623,0.1890222556889057,0.08818359375,0.0061476499831769615,0.018207385548157616,0.0024129220787534435,1.0,10,-0.0028302489314228295,0.37001638611157733,0.02104176953434944,0.741077721118927,0.002503721349878818,-0.05278339982032776,0.3639187216758728,0.016612632584292443,0.8206069469451904,0.0023356898402642004,-0.07623264938592911,0.3964083194732666,0.016446232155431062,0.8321887254714966,0.0023816106532314253,-0.02316700667142868,0.32405513525009155,0.06408688426017761,role_local,0.06199391037225723,0.06561435610055924,0.0002984981333333333,0.00029812266666666664,0.0029812266666666668,256.0,1.264934426546097,22528.0,2.219392776489258,0.9927182197570801,0.43623125553131104,support>combat,6,0.0,0.0,-0.017008735660056118,-0.01025390625,0.0,0.0028436665979825193,0.0028436665979825193,0.0,0.0,0.0,-0.00390625,0.0,0.0,0.87646484375,0.5406761899939738,0.0067499164906621445,0.0,-0.032634799150400795,-0.032634799150400795,-0.9481259370222688,0.0,-0.01896292452875059,-0.013671875,0.13441645362763666,0.0,0.0,0.0,0.0,0.0,-0.029369497009611223,-0.029369497009611223,-0.7848765980452299,0.0,-0.01569762235158123,-0.013671875,0.32288731419248506,0.0,0.0,0.0,0.0,0.0,-0.026131284845178016,-0.026131284845178016,-0.8182698010932654,0.0,-0.016365660099836532,-0.009765625,0.21443931011890527,0.0,0.0,0.0,0.0,0.0,0.0067499164906621445,0.0,-0.0213229798428074,-0.019999999552965164,-0.0027241458861681166,-0.05051668360829353,0.36291009187698364,0.8042293190956116,0.0,1797,-0.0905359759926796,0.39553210139274597,0.09107750197872519,0.5674810409545898,1.2561678528785705,0.5023412480950356,0.006423853033317066,10,-0.0026180428409134037,0.3679783840974172,0.06714182794094085,151.30773464707755,11.0,0.06561435610055924,2816.0,148.8886212760117
0.36689539849758146,-0.003803109040018171,0.005675487094463307,0.07588811106979847,5688,2048,1.2740512251853944,0.33817867636680604,0.17880859375,0.013796461827587337,0.06486974935978651,0.0049435810439965935,1.0,10,-0.002565869432874024,0.36995624502499896,0.0700215290300548,0.7700437307357788,0.005259039454761375,-0.045099154114723206,0.31729888916015625,0.06288370862603188,0.7711374163627625,0.004829384527159363,-0.055483464151620865,0.32764163613319397,0.06167093450203538,0.7923257350921631,0.004739629247329796,-0.05212832987308502,0.3058954179286957,0.05295882523059845,role_local,0.045018273033201696,0.03136868239380419,0.00029836159999999996,0.000297952,0.0029795200000000003,256.0,1.2662612199783325,24576.0,2.0112762451171875,0.9994083642959595,0.5279281139373779,combat>support,0,0.0,0.0,-0.018439561543345917,-0.01123046875,0.0,0.005129973660586984,0.005129973660586984,0.0,0.0,0.0,-0.001953125,0.0,0.0,0.98828125,0.5216622723964974,0.0070830986314831534,0.0,-0.0322080107362126,-0.0322080107362126,-0.9267792692407966,0.0,-0.01853613558341749,-0.013671875,0.3264009341764904,0.0,0.0,0.0,0.0,0.0,-0.032058570126537234,-0.032058570126537234,-0.9192957414779812,0.0,-0.018386695497611072,-0.013671875,0.31363481707376195,0.0,0.0,0.0,0.0,0.0,-0.03402085311245173,-0.03402085311245173,-0.9197218094486743,0.0,-0.01839585354900919,-0.015625,0.16733142551311175,0.0,0.0,0.0,0.0,0.0,0.0070830986314831534,0.0,-0.02328936618141597,-0.019999999552965164,-0.003803109040018171,-0.05088774859905243,0.317096084356308,0.7775669693946838,0.0,2025,-0.029319757595658302,0.13577871024608612,0.08690647277981042,0.8369027376174927,1.2584712147712707,0.39561212062835693,0.006407393144930021,10,-0.005040348647162319,0.36825163165728253,0.009778539557009936,151.32372988225865,12.0,0.03136868239380419,3072.0,162.40678193117492
0.35153535939753056,-0.0034606959612574427,0.005055583542214223,0.0625931832153583,5603,2048,1.2740140199661254,0.2390994004905224,0.1427734375,0.009622534457594156,0.033525304245995355,0.0034753396607067667,1.0,10,-0.004390000214334578,0.3700925012429555,0.036472495761699975,0.864975094795227,0.0036443470384390996,-0.037948768585920334,0.3508566617965698,0.03254396039992571,0.7106468081474304,0.003481110065871474,-0.006775085348635912,0.3597177565097809,0.03190214112401009,0.7597808241844177,0.0033229358127691232,-0.012499137781560421,0.32963892817497253,0.057972519844770434,role_local,0.10463034585118294,0.07392529528588057,0.00029822506666666665,0.0002977813333333333,0.0029778133333333333,256.0,1.2672088980674743,26624.0,1.8501347303390503,0.9958987832069397,0.47174882888793945,support>combat,3,0.0,0.0,-0.018172050202944472,-0.01123046875,0.0,0.0008001455189514672,0.0008001455189514672,0.0,0.0,0.0,-0.005859375,0.0,0.0,0.900390625,0.5096596496878192,0.006659520404355135,0.0,-0.030368509200343397,-0.030368509200343397,-0.8348235744051635,0.0,-0.016696634484105743,-0.013671875,0.2973742415470042,0.0,0.0,0.0,0.0,0.0,-0.03232276519702282,-0.03232276519702282,-0.9325339761562645,0.0,-0.018650890509888995,-0.013671875,0.10792483365730732,0.0,0.0,0.0,0.0,0.0,-0.030887375280144624,-0.030887375280144624,-0.9584152980241925,0.0,-0.019168625614838675,-0.01171875,0.10348507043090649,0.0,0.0,0.0,0.0,0.0,0.006659520404355135,0.0,-0.02319462745435885,-0.019999999552965164,-0.0034606959612574427,-0.01833958365023136,0.34692397713661194,0.8014746904373169,0.0,1847,-0.14297252893447876,0.45043909549713135,0.09166106218472123,0.45472270250320435,1.2604037761688232,0.46397131830453875,0.00663582742372168,10,-0.0025313917081803083,0.36841391523679096,0.0898780707269907,151.30147483749386,13.0,0.07392529528588057,3328.0,175.9665596690029
0.27276503667235374,-0.0044033413520082835,0.0030537550841646583,0.02461080686189234,5605,2048,1.2758629083633424,0.2212095230817795,0.13564453125,0.00908097560168244,0.02861216263845563,0.0032880326429086336,1.0,10,-0.00586022948846221,0.3703577021757762,0.028131718467921018,0.8771399259567261,0.003233981514850287,-0.01483440212905407,0.274755597114563,0.027542561013251542,0.8594433069229126,0.003290114678044831,-0.012433832511305809,0.30390825867652893,0.030109950993210077,0.819279134273529,0.0033385975500891856,-0.022576292976737022,0.2913048565387726,0.04027053490281105,role_local,0.05203533675521612,0.023799459426663817,0.0002980885333333333,0.00029761066666666666,0.002976106666666667,256.0,1.2685924828052522,28672.0,1.8212181329727173,1.0000208616256714,0.4938840866088867,support>combat,4,0.0,0.0,-0.01815950712140572,-0.009765625,0.0,0.006653671674939687,0.006653671674939687,0.0,0.0,0.0,0.0,0.0,0.0,0.95751953125,0.470598925719969,0.006653671674939687,0.0,-0.02961689081712393,-0.02961689081712393,-0.8948725259397179,0.0,-0.017898141144542024,-0.01171875,0.3390101889090147,0.0,0.0,0.0,0.0,0.0,-0.031599809051840566,-0.031599809051840566,-0.89633046858944,0.0,-0.017927934422914404,-0.013671875,0.32393740224506473,0.0,0.0,0.0,0.0,0.0,-0.03232432039658306,-0.03232432039658306,-0.932602864690125,0.0,-0.01865244579676073,-0.013671875,0.34393756528152153,0.0,0.0,0.0,0.0,0.0,0.006653671674939687,0.0,-0.02172183854781906,-0.019999999552965164,-0.0044033413520082835,-0.016697056591510773,0.29028522968292236,0.8553921580314636,0.0,1961,-0.054733965545892715,0.11716490238904953,0.020609451085329057,0.883346438407898,1.261322057247162,0.324320550262928,0.0028194775254206826,10,-0.0029464532155543564,0.36846309900283813,0.007328383950516581,151.31571500906827,14.0,0.023799459426663817,3584.0,189.48461498715915
0.33009286858141423,-0.0037446661503054202,0.005350852047416502,0.06647006524726748,5756,2048,1.2777294516563416,0.259337168186903,0.1884765625,0.013143551355460659,0.05506221726536751,0.004628491938175966,1.0,10,-0.004251029319129884,0.37055504322052,0.05112291965633631,0.8443838953971863,0.004453658971760888,0.010486307553946972,0.24377408623695374,0.05750466724857688,0.8587890267372131,0.0046043110125655205,-0.02431432716548443,0.2841549515724182,0.056729015056043865,0.8308682441711426,0.004832374606195578,-0.010263625532388687,0.2721462845802307,0.0349776204675436,role_local,0.0811957212164998,0.03428909704089165,0.000297952,0.00029744,0.0029744,256.0,1.2696973502635955,30720.0,1.6930068731307983,0.996322751045227,0.4936246871948242,support>combat,4,0.0,0.0,-0.018676785883144476,-0.0087890625,0.0,0.004577893510941067,0.004577893510941067,0.0,0.0,0.0,-0.001953125,0.0,0.0,0.97216796875,0.44039109052391723,0.00653101837815484,0.0,-0.028876209529698826,-0.028876209529698826,-0.9554710257798433,0.0,-0.019110584813461173,-0.009765625,0.2827330278523732,0.0,0.0,0.0,0.0,0.0,-0.029997629928402603,-0.029997629928402603,-0.9139310107566416,0.0,-0.018278880255820695,-0.01171875,0.33882402876770357,0.0,0.0,0.0,0.0,0.0,-0.030359642245457508,-0.030359642245457508,-0.9319964293390512,0.0,-0.018640892580151558,-0.01171875,0.25460815882252064,0.0,0.0,0.0,0.0,0.0,0.00653101837815484,0.0,-0.02116389837465249,-0.019999999552965164,-0.0037446661503054202,-0.0077714635990560055,0.26731300354003906,0.8456215858459473,0.0,1992,-0.08563123643398285,0.2763919234275818,0.07787791322916746,0.5632473230361938,1.2616652488708495,0.40084856897592547,0.006073212156657038,10,-0.003238302981480956,0.36859167615572613,0.033600573614239695,151.2333036814692,15.0,0.03428909704089165,3840.0,203.1298612949904
0.32552511245012283,-0.0009053166257217526,0.0036440116209462622,0.04215075659158174,5356,2048,1.2798635601997375,0.3122560381889343,0.174609375,0.012504969330620952,0.05853195217787288,0.004860391697381214,1.0,10,-0.0002933698706328869,0.3709718883037567,0.060490335896611215,0.883837103843689,0.004910804950274053,-0.05978434905409813,0.3074788749217987,0.05212575492914766,0.9198930859565735,0.004522740304159989,-0.028446434065699577,0.2830135226249695,0.0624259925680235,0.8846033215522766,0.005117504044680791,0.0009395212400704622,0.26376718282699585,0.03694336153566837,role_local,0.08698555380105973,0.042825108580291274,0.0002978154666666666,0.0002972693333333333,0.0029726933333333334,256.0,1.2716643631458282,32768.0,1.8903396129608154,0.9900520443916321,0.48266515135765076,support>combat,3,0.0,0.0,-0.017366921992409818,-0.0107421875,0.0,0.001948649633959576,0.001948649633959576,0.0,0.0,0.0,-0.00390625,0.0,0.0,0.943359375,0.34691037837183103,0.005854899728547025,0.0,-0.03316229654592462,-0.03316229654592462,-0.8768354391213506,0.0,-0.01753729645133717,-0.015625,0.15578770270440145,0.0,0.0,0.0,0.0,0.0,-0.028150128498964477,-0.028150128498964477,-0.8214478772133589,0.0,-0.01643137827340979,-0.01171875,0.31787167009315453,0.0,0.0,0.0,0.0,0.0,-0.029850840946892276,-0.029850840946892276,-0.9065354794729501,0.0,-0.018132091252482496,-0.01171875,0.18941658118274063,0.0,0.0,0.0,0.0,0.0,0.005854899728547025,0.0,-0.022303655237919884,-0.019999999552965164,-0.0009053166257217526,-0.02878018468618393,0.2862396240234375,0.8989842534065247,0.0,1934,-0.09838423132896423,0.3179800808429718,0.025769561005290598,0.7104169130325317,1.263465166091919,0.33879418671131134,0.0024276315445113106,10,-0.0015172633808106183,0.3688587248325348,0.04870685562491417,151.25975495527675,16.0,0.042825108580291274,4096.0,216.63396195298992
0.3321612522006035,-0.0012577145418617875,0.0034230229939427896,0.03707660698564723,5237,2048,1.2827091217041016,0.2648135006427765,0.0744140625,0.005839206883683801,0.017946790275163948,0.0022715591340819407,1.0,10,0.001047119405120611,0.37102605899175006,0.020229067048057915,0.8890044689178467,0.0023584957376151907,-0.010184813290834427,0.2687213718891144,0.014069875981658698,0.9373183250427246,0.0021654144850281943,-0.028836874291300774,0.2863655984401703,0.019048000499606133,0.8784231543540955,0.002276094814886875,-0.05782376229763031,0.33795851469039917,0.0394035205245018,role_local,0.08869948070496321,0.034652912989258766,0.0002976789333333333,0.0002970986666666666,0.002970986666666667,256.0,1.2740633487701416,34816.0,1.8737702369689941,0.9980310797691345,0.4383780062198639,support>combat,4,0.0,0.0,-0.016968551493846462,-0.009765625,0.0,0.0016360981994694157,0.0016360981994694157,0.0,0.0,0.0,-0.001953125,0.0,0.0,0.8720703125,0.016823660931549966,0.003589223150356702,0.0,-0.028035885698045604,-0.028035885698045604,-0.9135121612343937,0.0,-0.018270260654389858,-0.009765625,0.05592058735055616,0.0,0.0,0.0,0.0,0.0,-0.027246275736615644,-0.027246275736615644,-0.7763498628046364,0.0,-0.015527525958532351,-0.01171875,0.19059846617165022,0.0,0.0,0.0,0.0,0.0,-0.03273286745388759,-0.03273286745388759,-0.855365194613114,0.0,-0.017107867868617177,-0.015625,0.12885155947878957,0.0,0.0,0.0,0.0,0.0,0.003589223150356702,0.0,-0.02159473304345738,-0.019999999552965164,-0.0012577145418617875,-0.031893398612737656,0.29952919483184814,0.9073923230171204,0.0,1787,-0.0995766893029213,0.2608322203159332,0.05620642369613051,0.7585771083831787,1.2654175758361816,0.39950900375843046,0.004574486853803639,10,-0.003562548488844186,0.36908729871114093,0.029902305454015732,151.38415598632534,17.0,0.034652912989258766,4352.0,229.984437758103
0.29014828652143476,-0.0011977242149441736,0.004393669787060775,0.052208038065873555,5038,2048,1.2810835480690002,0.18128724992275239,0.0650390625,0.0052613973035477105,0.01320459576381836,0.0021329808296780273,1.0,10,-0.0016644233408442232,0.3706351617972056,0.0164011440705508,0.8769004344940186,0.0023339990797132558,-0.04625968635082245,0.34604984521865845,0.014764927991200239,0.9433251619338989,0.0022681442723019086,0.007492172531783581,0.2745203375816345,0.00811961964936927,0.9474747776985168,0.0017767032366995006,-0.006147981621325016,0.2581142783164978,0.03760092034935951,role_local,0.05328972488641739,0.034780484065413474,0.00029754239999999995,0.00029692799999999996,0.00296928,256.0,1.2747773945331573,36864.0,1.8663017749786377,0.9965119957923889,0.38916563987731934,combat>support,4,0.0,0.0,-0.016330845530319493,-0.0107421875,0.0,0.0036919374779245118,0.0036919374779245118,0.0,0.0,0.0,-0.001953125,0.0,0.0,0.9072265631984919,0.3360260273766471,0.005645062401526957,0.0,-0.03305653187271673,-0.03305653187271673,-0.8715766654349864,0.0,-0.017431531538022682,-0.015625,0.07894059587852098,0.0,0.0,0.0,0.0,0.0,-0.029442691135045607,-0.029442691135045607,-0.7885293674189597,0.0,-0.015770816389704123,-0.013671875,0.07062779041007161,0.0,0.0,0.0,0.0,0.0,-0.027508938408573158,-0.027508938408573158,-0.7895018411800265,0.0,-0.015790188663231675,-0.01171875,0.22391293731925543,0.0,0.0,0.0,0.0,0.0,0.005645062401526957,0.0,-0.021579057651251787,-0.019999999552965164,-0.0011977242149441736,-0.016032053157687187,0.2981258034706116,0.9244200587272644,0.0,1865,-0.0416572205722332,0.2729164958000183,0.09121148036792874,0.7866637110710144,1.2684712409973145,0.39900932312011717,0.006654358744443522,10,-0.0007310250890441239,0.36965232094128925,0.03196004778146744,151.43029131921324,18.0,0.034780484065413474,4608.0,243.4387445130851
0.3072843231260777,-0.003965786390472204,0.0036954928409464573,0.03874338180758059,4885,2048,1.2778786063194274,0.2098598599433899,0.10751953125,0.007707967856549658,0.02853245446458459,0.003095928667078152,1.0,10,-0.0022057871567085384,0.3702850937843323,0.026168509235139935,0.9078133702278137,0.002870330496795093,-0.0517847016453743,0.3281671702861786,0.031000425480306147,0.9330864548683167,0.0032978858946396293,-0.01822361908853054,0.30079376697540283,0.028590993513353168,0.9487166404724121,0.0031351989186236217,-0.02951011061668396,0.2779155373573303,0.03720231503248215,role_local,0.047297957725822924,0.03343819351866841,0.00029740586666666664,0.0002967573333333333,0.0029675733333333334,256.0,1.2754973232746125,38912.0,1.895596981048584,0.997620165348053,0.5431157350540161,combat>support,3,0.0,0.0,-0.015833536781428847,-0.01025390625,0.0,0.0032904981162573677,0.0032904981162573677,0.0,0.0,0.0,-0.001953125,0.0,0.0,0.8349609375,0.31729656606330536,0.005243623144451703,0.0,-0.028436650020012166,-0.028436650020012166,-0.835884518455714,0.0,-0.016717900332878344,-0.01171875,0.0928112909605261,0.0,0.0,0.0,0.0,0.0,-0.029416778510494623,-0.029416778510494623,-0.7871258349623531,0.0,-0.015744903837912716,-0.013671875,0.06048466057109181,0.0,0.0,0.0,0.0,0.0,-0.02870968087518122,-0.02870968087518122,-0.7518816995434463,0.0,-0.015037806173495483,-0.013671875,0.30039063834556146,0.0,0.0,0.0,0.0,0.0,0.005243623144451703,0.0,-0.020818153792788507,-0.019999999552965164,-0.003965786390472204,-0.03360092639923096,0.30420222878456116,0.9312667846679688,0.0,1711,-0.041855260729789734,0.27355802059173584,0.048954309150576594,0.7309836149215698,1.2731160402297974,0.4047087863087654,0.004295057014814763,10,-0.0057257856242358685,0.37018440167109173,0.02967407200485468,151.42161877206945,19.0,0.03343819351866841,4864.0,256.9778365569655
0.2689201861619949,-0.0024738516862271354,0.002586057304544931,0.02362407755572349,5537,2048,1.2751209020614624,0.2726837769150734,0.1546875,0.010800291260238737,0.04398567792959511,0.003913136231488923,1.0,10,-0.004544662102125585,0.36991265416145325,0.0437546219676733,0.911314070224762,0.0037869550060059542,-0.019736794754862785,0.25296255946159363,0.04930991600267589,0.9136142134666443,0.004194212993075796,-0.007137689273804426,0.2477835714817047,0.039007176738232376,0.9242449998855591,0.0037633860795292517,0.002297980710864067,0.21596132218837738,0.027388175018131733,role_local,0.047002996504306796,0.028244884219020605,0.0002972693333333333,0.00029658666666666664,0.002965866666666667,256.0,1.2760421514511109,40960.0,1.67804753780365,0.9985251426696777,0.5346266031265259,support>combat,0,0.0,0.0,-0.01791035420925861,-0.00927734375,0.0,0.004908876047920785,0.004908876047920785,0.0,0.0,0.0,-0.001953125,0.0,0.0,0.95751953125,0.505320476135239,0.006862000993351103,0.0,-0.029686509318707976,-0.029686509318707976,-0.8983782848808914,0.0,-0.01796775963885011,-0.01171875,0.2594025504513411,0.0,0.0,0.0,0.0,0.0,-0.029447122858982766,-0.029447122858982766,-0.8861759449355304,0.0,-0.017728373193676816,-0.01171875,0.283985280097113,0.0,0.0,0.0,0.0,0.0,-0.02975367940234719,-0.02975367940234719,-0.9016801118850708,0.0,-0.0180349297952489,-0.01171875,0.26780996097659227,0.0,0.0,0.0,0.0,0.0,0.006862000993351103,0.0,-0.02099461038596928,-0.019999999552965164,-0.0024738516862271354,-0.008188406936824322,0.23956693708896637,0.9160626530647278,0.0,1962,-0.04801139608025551,0.24532034993171692,0.003262477181851864,0.7253837585449219,1.2769634008407593,0.26515659540891645,0.0012589783776009388,10,-0.00040304127032868563,0.3705507020155589,0.029101593419909477,151.3847889033849,20.0,0.028244884219020605,5120.0,270.5687955620233
0.29971114099025725,-0.0009442736860364676,0.004039138046165219,0.04620975328143686,5678,2048,1.2723725318908692,0.23631205558776855,0.126953125,0.009264401241671294,0.030224263272248208,0.003269585822591549,1.0,10,-0.0004501734860241413,0.36966875195503235,0.03244329569861293,0.8826731443405151,0.0034284053943894307,-0.06881286948919296,0.3197992146015167,0.02916421990375966,0.8489094376564026,0.003227366115019237,-0.04160338267683983,0.30175265669822693,0.02922920072451234,0.6486544609069824,0.0031674126524382064,-0.022937849164009094,0.29003292322158813,0.042801208421587945,role_local,0.07817444466054439,0.04755107704550028,0.0002971328,0.000296416,0.00296416,256.0,1.2757906198501587,43008.0,1.6494693756103516,1.002527117729187,0.6258437037467957,support>combat,2,0.0,0.0,-0.018395770525482174,-0.01220703125,0.0,0.002134401534931385,0.002134401534931385,0.0,0.0,0.0,-0.00390625,0.0,0.0,0.953125,0.37135860562557355,0.006040651614966919,0.0,-0.032943807516858215,-0.032943807516858215,-0.8659395033027977,0.0,-0.017318807935225777,-0.015625,0.3049898405733984,0.0,0.0,0.0,0.0,0.0,-0.033992347794992384,-0.033992347794992384,-0.9183383123017848,0.0,-0.018367348238825798,-0.015625,0.26635434782656375,0.0,0.0,0.0,0.0,0.0,-0.033173030002217274,-0.033173030002217274,-0.9749805631581694,0.0,-0.019501155402394943,-0.013671875,0.14820567294373177,0.0,0.0,0.0,0.0,0.0,0.006040651614966919,0.0,-0.024493697335856268,-0.019999999552965164,-0.0009442736860364676,-0.04356135055422783,0.30410802364349365,0.8396962881088257,0.0,1954,-0.0877019464969635,0.34397491812705994,0.062195243290625514,0.6605291366577148,1.2792087078094483,0.363110226392746,0.004808690269738888,10,-0.0014383738860487937,0.37076956033706665,0.05230094566941261,151.28858500658845,21.0,0.04755107704550028,5376.0,284.277891806094
0.31761470139026643,-0.0024101751623675227,0.0033325847406893844,0.03158464515727246,5439,2048,1.2701157212257386,0.25418335348367693,0.14140625,0.009846247517270968,0.03328295927785803,0.0036305483886225785,1.0,10,-0.0033857293194159864,0.36925331751505536,0.03322283402085304,0.9460007548332214,0.003646488791792568,-0.0514930859208107,0.2882656753063202,0.03243884332478046,0.8123189210891724,0.0035765086831808677,0.00795434694737196,0.24361197650432587,0.03422178422333673,0.9202686548233032,0.003674182262096448,-0.004140501841902733,0.24260737001895905,0.03090869579464197,role_local,0.03981136493384838,0.03306978140026331,0.0002969962666666666,0.0002962453333333333,0.0029624533333333335,256.0,1.2749494433403015,45056.0,2.101834535598755,1.000448226928711,0.41082480549812317,support>combat,8,0.0,0.0,-0.017623421459575184,-0.01123046875,0.0,0.005223193902565981,0.005223193902565981,0.0,0.0,0.0,-0.001953125,0.0,0.0,0.9931640625,0.5339437915245071,0.007176318995334441,0.0,-0.031073078309418634,-0.031073078309418634,-0.7723956927657127,0.0,-0.015448078673216514,-0.015625,0.2728482763559441,0.0,0.0,0.0,0.0,0.0,-0.03298150275804801,-0.03298150275804801,-0.965449599083513,0.0,-0.019309628143673763,-0.013671875,0.2616735351693933,0.0,0.0,0.0,0.0,0.0,-0.03178443245269591,-0.03178443245269591,-0.9056073133833706,0.0,-0.018112557561835274,-0.013671875,0.26058777378784725,0.0,0.0,0.0,0.0,0.0,0.007176318995334441,0.0,-0.02265395635913592,-0.019999999552965164,-0.0024101751623675227,-0.013569134287536144,0.25834545493125916,0.9258691072463989,0.0,2035,-0.0120310727506876,0.2696191668510437,0.0298863310366869,0.7424015998840332,1.2797831654548646,0.3810460492968559,0.0030346210927561902,10,-0.0014346210053190589,0.3705400725205739,0.035230867005884646,151.2866986500485,22.0,0.03306978140026331,5632.0,297.8186476540286
0.3296600699424744,-0.0010517646791413427,0.004094666870482014,0.04598822148982436,5607,2048,1.2671470284461974,0.2873504802584648,0.17109375,0.01231662519276142,0.05286286242771894,0.004391227940411224,1.0,10,-0.001271964842453599,0.36910057067871094,0.05099654502701014,0.9580994844436646,0.004187901167059629,0.0027215564623475075,0.19609752297401428,0.05608173534274101,0.9327052235603333,0.004685488040608321,0.007617702707648277,0.20045994222164154,0.05140490187332034,0.9157634973526001,0.004290950736613031,-0.014237816445529461,0.22042444348335266,0.020046117901802062,role_local,0.02877030111849308,0.012692697043530644,0.0002968597333333333,0.00029607466666666665,0.0029607466666666665,256.0,1.2723177433013917,47104.0,2.0951197147369385,0.9928663969039917,0.513465940952301,support>combat,3,0.0,0.0,-0.018181750923152624,-0.01025390625,0.0,0.008729359467906761,0.008729359467906761,0.0,0.0,0.0,0.0,0.0,0.0,0.99560546875,0.7911562671652064,0.008729359467906761,0.0,-0.027245144949120004,-0.027245144949120004,-0.8739760983735323,0.0,-0.017479520218330435,-0.009765625,0.2805612841475522,0.0,0.0,0.0,0.0,0.0,-0.03209671494187205,-0.03209671494187205,-0.9212178501766175,0.0,-0.01842484031294589,-0.013671875,0.36256373784272,0.0,0.0,0.0,0.0,0.0,-0.036219016859831754,-0.036219016859831754,-0.9319939543493092,0.0,-0.01864089223818155,-0.017578125,0.42917103090439923,0.0,0.0,0.0,0.0,0.0,0.008729359467906761,0.0,-0.02170788096918841,-0.019999999552965164,-0.0010517646791413427,-0.0014258987503126264,0.2063831388950348,0.9394341707229614,0.0,2039,0.011832188814878464,0.1187632605433464,0.039113580551929775,0.9118379950523376,1.2774884581565857,0.37196965962648393,0.0037981058005528033,10,-0.0008315645158290863,0.3703789512316386,0.005339276185259223,151.23226216030312,23.0,0.012692697043530644,5888.0,311.4679323520977
0.2781865827739239,-0.0042798682436114175,0.0038000865463979406,0.045463755499804394,5506,2048,1.2672168731689453,0.25822529196739197,0.0966796875,0.006929098011460156,0.02334356928477064,0.0025439184622625954,1.0,10,-0.005114504875382409,0.36927364269892377,0.02530517322011292,0.9379228949546814,0.0026553666830295697,-0.0549904964864254,0.29866382479667664,0.023525880253873765,0.8988292217254639,0.002592206323576951,-0.004662993364036083,0.2323860377073288,0.021523362235166134,0.9003601670265198,0.002402215716503542,-0.0035066630225628614,0.2218201607465744,0.029535917192697526,role_local,0.05246511772274971,0.046051202714443205,0.0002967232,0.000295904,0.00295904,256.0,1.27199826836586,49152.0,2.0315873622894287,0.993804931640625,0.43904465436935425,support>combat,4,0.0,0.0,-0.017840556506901823,-0.01318359375,0.0,0.0044186850609548856,0.0044186850609548856,0.0,0.0,0.0,-0.00390625,0.0,0.0,0.9931640625,0.7253798046149313,0.008324935059135896,0.0,-0.03745055901526939,-0.03745055901526939,-0.7983031074982136,0.0,-0.015966184553690255,-0.021484375,0.2595160876517184,0.0,0.0,0.0,0.0,0.0,-0.03234185623296071,-0.03234185623296071,-0.9334888043813407,0.0,-0.01866998162586242,-0.013671875,0.32253340946044773,0.0,0.0,0.0,0.0,0.0,-0.03255737794825109,-0.03255737794825109,-0.9442746129352599,0.0,-0.0188855033411528,-0.013671875,0.3546150545880664,0.0,0.0,0.0,0.0,0.0,0.008324935059135896,0.0,-0.024482778426317964,-0.019999999552965164,-0.0042798682436114175,-0.01930059678852558,0.25174760818481445,0.9237322807312012,0.0,2036,-0.06066521257162094,0.35387083888053894,0.06758394171483814,0.5585001707077026,1.2767796635627746,0.2981478735804558,0.005056254630533286,10,-0.003445231611840427,0.3702693581581116,0.06256648823618889,151.24226173564932,24.0,0.046051202714443205,6144.0,324.98852791497484
0.2831560678780079,-0.0022307701292447746,0.003510161220089758,0.03680075537413359,5370,2048,1.2691070199012757,0.2679089456796646,0.1728515625,0.012144508649362252,0.05201947949826717,0.0047585083129107805,1.0,10,-0.0018693876685574652,0.3695035477479299,0.057632862217724325,0.9525431990623474,0.004778715657992638,-0.06283979117870331,0.28317034244537354,0.05145190181210637,0.9211400747299194,0.004758651433017469,-0.04374191537499428,0.21105898916721344,0.04825277663767338,0.9398821592330933,0.004743404491975972,-0.015572513453662395,0.17206503450870514,0.02349331006407738,role_local,0.04123529642820358,0.014714320842176675,0.00029658666666666664,0.00029573333333333333,0.0029573333333333335,256.0,1.2726355135440826,51200.0,1.8760186433792114,0.9985321760177612,0.4446002244949341,combat>support,2,0.0,0.0,-0.01739358210276502,-0.01220703125,0.0,0.008082762928097509,0.008082762928097509,0.0,0.0,0.0,0.0,0.0,0.0,1.0,0.6804604902863503,0.008082762928097509,0.0,-0.02835756842250703,-0.02835756842250703,-0.7342756737489253,0.0,-0.01468569384451257,-0.013671875,0.2611299857671838,0.0,0.0,0.0,0.0,0.0,-0.03615928877843544,-0.03615928877843544,-0.9288970408961177,0.0,-0.018581164273200557,-0.017578125,0.3165023819601629,0.0,0.0,0.0,0.0,0.0,-0.03649201269581681,-0.03649201269581681,-0.9455960330087692,0.0,-0.01891388819058193,-0.017578125,0.4390912565140752,0.0,0.0,0.0,0.0,0.0,0.008082762928097509,0.0,-0.02323152809549356,-0.019999999552965164,-0.0022307701292447746,-0.03890750929713249,0.2225467413663864,0.9482989311218262,0.0,2048,0.002872843760997057,0.10941088944673538,0.02158203125,0.9089950323104858,1.2761640071868896,0.2984031900763512,0.0022618141272687355,10,-0.002592152589932084,0.37037230531374615,0.005935331620275974,151.21181306063556,25.0,0.014714320842176675,6400.0,338.5978844091296
0.30496677570044994,-0.002922760308138095,0.004567538219650699,0.05321845487924293,5727,2048,1.2708715200424194,0.2494077853858471,0.13203125,0.009831952047534287,0.034531688899733126,0.0034363969100244356,1.0,10,-0.0031015076441690327,0.36976005633672077,0.03798484525177628,0.9215388298034668,0.0036341833279503245,-0.05153921619057655,0.26861652731895447,0.03505037724971771,0.8657581806182861,0.0034283402739719417,-0.03559064865112305,0.24416270852088928,0.030890911514870823,0.9173412322998047,0.0032653930875422344,-0.0034701023250818253,0.17301511764526367,0.02618535403162241,role_local,0.03462193962186575,0.026528809685260057,0.00029645013333333333,0.0002955626666666666,0.0029556266666666666,256.0,1.2740847051143647,53248.0,1.6548012495040894,1.0061492919921875,0.6205101609230042,support>combat,4,0.0,0.0,-0.018542564394010697,-0.01318359375,0.0,0.007276825284861843,0.007276825284861843,0.0,0.0,0.0,-0.001953125,0.0,0.0,0.99072265625,0.8778432619292289,0.009229950230292161,0.0,-0.034938637327286415,-0.034938637327286415,-0.8680132369045168,0.0,-0.017360512814775575,-0.017578125,0.2986732083809329,0.0,0.0,0.0,0.0,0.0,-0.03851346849114634,-0.03851346849114634,-0.9490581629797816,0.0,-0.018982219000463374,-0.01953125,0.24171410570852458,0.0,0.0,0.0,0.0,0.0,-0.03295683596661547,-0.03295683596661547,-0.9642086797393858,0.0,-0.01928496136679314,-0.013671875,0.29464042980544036,0.0,0.0,0.0,0.0,0.0,0.009229950230292161,0.0,-0.024783031018159818,-0.019999999552965164,-0.002922760308138095,-0.029456384479999542,0.23164477944374084,0.9081395268440247,0.0,2030,-0.023669123649597168,0.23586326837539673,0.07190522085875273,0.6870594620704651,1.27729789018631,0.3605257660150528,0.005698679529276962,10,-0.002744012972107157,0.37046653032302856,0.026872265338897704,151.67310710696586,26.0,0.026528809685260057,6656.0,351.0708062599879
0.3388317435979843,-0.0040270269615575675,0.004412169907592714,0.055372582050040364,5372,2048,1.2727033853530885,0.21699828505516053,0.0609375,0.005351904479903169,0.01709282035008073,0.0020607222197605523,1.0,10,-0.004557639267295599,0.3698588212331136,0.01921274936757982,0.9548587799072266,0.0021254189667065716,-0.04666528478264809,0.2638028562068939,0.014739552699029445,0.9502791166305542,0.001970193284692612,-0.005691641941666603,0.21179504692554474,0.017502423841506243,0.9510986804962158,0.002090946877277433,0.005981483031064272,0.1791088730096817,0.023066503554582597,role_local,0.03833764158189297,0.015876728435978295,0.00029631359999999997,0.00029539199999999995,0.00295392,256.0,1.2754355549812317,55296.0,1.9721685647964478,0.9994431734085083,0.516349732875824,support>combat,6,0.0,0.0,-0.017389116816048045,-0.0126953125,0.0,0.009224437817465514,0.009224437817465514,0.0,0.0,0.0,0.0,0.0,0.0,1.0,0.8707396415993571,0.009224437817465514,0.0,-0.03550645762879867,-0.03550645762879867,-0.7987485576886684,0.0,-0.015975208021700382,-0.01953125,0.31116204385034507,0.0,0.0,0.0,0.0,0.0,-0.031195023540931288,-0.031195023540931288,-0.8760094461031258,0.0,-0.017523148890177254,-0.013671875,0.30443081356497714,0.0,0.0,0.0,0.0,0.0,-0.03624711951124482,-0.03624711951124482,-0.9334261403419077,0.0,-0.0186689935362665,-0.017578125,0.3447977145842742,0.0,0.0,0.0,0.0,0.0,0.009224437817465514,0.0,-0.02343104143437813,-0.019999999552965164,-0.0040270269615575675,-0.014071861281991005,0.2199086993932724,0.9537148475646973,0.0,2048,0.04044709354639053,0.13581545650959015,0.09365234375,0.85621178150177,1.278167724609375,0.4606652021408081,0.006763617595424876,10,-0.003496414655819535,0.37061601877212524,0.00868695331737399,152.15499510189616,27.0,0.015876728435978295,6912.0,363.4188937600702
0.35046435296535494,-0.003018384033930488,0.003881885720469119,0.042726676911115646,5522,2048,1.272004449367523,0.26994810104370115,0.13828125,0.009586607984965667,0.033793197572231294,0.0036344868264739706,1.0,10,-0.0025459467491600663,0.3695564369360606,0.03313983744010329,0.972355306148529,0.0035440374197371893,0.002727254992350936,0.18512733280658722,0.03385910298675299,0.9467633962631226,0.0036727842589089343,-0.0056872121058404446,0.17228887975215912,0.03431462040171027,0.9595780372619629,0.0036757495215956615,-0.0006773984641768038,0.16318176686763763,0.015432090312242509,role_local,0.02622946985065937,0.009287013078574092,0.00029617706666666666,0.0002952213333333333,0.0029522133333333336,256.0,1.2754326164722443,57344.0,2.090167999267578,0.9965986013412476,0.44122058153152466,support>combat,2,0.0,0.0,-0.01787912778854661,-0.01416015625,0.0,0.008881044790541637,0.008881044790541637,0.0,0.0,0.0,0.0,0.0,0.0,1.0,0.8135074588935822,0.008881044790541637,0.0,-0.03193271368945716,-0.03193271368945716,-0.8153546773828566,0.0,-0.016307713956848602,-0.015625,0.31383173080394045,0.0,0.0,0.0,0.0,0.0,-0.0402032902056817,-0.0402032902056817,-0.9359113122336566,0.0,-0.018718915278441273,-0.021484375,0.38289338859613054,0.0,0.0,0.0,0.0,0.0,-0.03814200357737718,-0.03814200357737718,-0.930487381061539,0.0,-0.01861075413034996,-0.01953125,0.3529406008819933,0.0,0.0,0.0,0.0,0.0,0.008881044790541637,0.0,-0.025349241914227605,-0.019999999552965164,-0.003018384033930488,-0.001391977653838694,0.17329035699367523,0.9640836119651794,0.0,2048,0.028534427285194397,0.09060578793287277,0.05166015625,0.9072732925415039,1.2788607835769654,0.4309806048870087,0.004129284614464268,10,-0.0034908213187009097,0.3705715835094452,0.0031419358449056743,152.05570959492118,28.0,0.009287013078574092,7168.0,377.12493764795363
0.2836095836013556,-0.001955853047547862,0.005104534560276655,0.0663060497958213,5434,2048,1.2695818185806274,0.19299024119973182,0.09541015625,0.00703524928248953,0.023124405648559332,0.002607061427249402,1.0,10,-0.0017175053362734616,0.3693540394306183,0.021481466444674878,0.9543964266777039,0.002655178046896889,-0.011313128285109997,0.24092166125774384,0.021932550147175787,0.9359402656555176,0.002423509062304552,0.034697528928518295,0.20657634735107422,0.025939448177814482,0.9662315845489502,0.0027599495579904375,0.027141418308019638,0.17868275940418243,0.0207200700417161,role_local,0.04319761861115694,0.035540941264480354,0.0002960405333333333,0.00029505066666666663,0.0029505066666666666,256.0,1.2735331356525421,59392.0,1.8266140222549438,1.0090539455413818,0.4805164933204651,support>combat,4,0.0,0.0,-0.017606593521122704,-0.01025390625,0.0,0.004466374735784484,0.004466374735784484,0.0,0.0,0.0,-0.00390625,0.0,0.0,0.9287109375,0.7762967949965969,0.008372624539333628,0.0,-0.030070468132180395,-0.030070468132180395,-0.8197400202043355,0.0,-0.01639859345050354,-0.013671875,0.20288106679799967,0.0,0.0,0.0,0.0,0.0,-0.028672534361248836,-0.028672534361248836,-0.9452992645092309,0.0,-0.018906909397628624,-0.009765625,0.06884673087915871,0.0,0.0,0.0,0.0,0.0,-0.031186152351438068,-0.031186152351438068,-0.8756994162686169,0.0,-0.01751427771523595,-0.013671875,0.2876287285471335,0.0,0.0,0.0,0.0,0.0,0.008372624539333628,0.0,-0.021365696342400042,-0.019999999552965164,-0.001955853047547862,0.01790488511323929,0.21040882170200348,0.9540383815765381,0.0,1904,-0.023121844977140427,0.33298924565315247,0.10948769394308329,0.560827374458313,1.2774844527244569,0.3742289260029793,0.007602007693303908,10,-0.0021942007588222623,0.3702954451243083,0.050361812487244605,152.0505216134255,29.0,0.035540941264480354,7424.0,390.60701252310537
0.3279770702123642,-0.0021676070173271,0.0046448495317000255,0.05886245637666434,5048,2048,1.2686126351356506,0.2289754718542099,0.116015625,0.007995591935468838,0.03585600177757442,0.003252820199407716,1.0,10,-0.0023043075576424598,0.3693350553512573,0.037519765936303885,0.9800066947937012,0.003287718546440027,0.005281465593725443,0.1745934933423996,0.033851779997348785,0.9545246362686157,0.0031944039866148135,-0.010686852969229221,0.19930793344974518,0.03657211968675256,0.9764910936355591,0.0032867400981388406,-0.00206954893656075,0.1764308512210846,0.016085178311914205,role_local,0.028308564424514772,0.021444276394322514,0.000295904,0.00029487999999999997,0.0029488,256.0,1.2720891177654265,61440.0,2.2905163764953613,0.9982945919036865,0.48108145594596863,combat>support,7,0.0,-1.220703143189894e-05,-0.016280875078033812,-0.01318359375,0.0,0.004677325879129057,0.004677325879129057,0.0,0.0,0.0,-0.001953125,0.0,0.0,0.86474609375,0.5285777557000984,0.006630450899137941,0.0,-0.030575136799598113,-0.030575136799598113,-0.7474604579620063,0.0,-0.014950137163395993,-0.015625,0.3333847021913243,0.0,0.0,0.0,0.0,0.0,-0.03572510596131906,-0.03572510596131906,-0.9032292137853801,-4.882812572759576e-05,-0.01809815342130605,-0.017578125,0.3242931697750464,0.0,0.0,0.0,0.0,0.0,-0.03337245907459874,-0.03337245907459874,-0.7897125449962914,0.0,-0.01579433464939939,-0.017578125,0.37345053104218096,0.0,0.0,0.0,0.0,0.0,0.006630450899137941,0.0,-0.02374884517121245,-0.019999999552965164,-0.0021676070173271,-0.0030128660146147013,0.18481014668941498,0.9731571674346924,0.0,1772,-0.022517824545502663,0.2540811598300934,0.08186891097575426,0.6644856333732605,1.2755656003952027,0.42697866857051847,0.006036878863992336,10,-0.0020309064770117403,0.37018611033757526,0.026803374476730823,152.06390816117343,30.0,0.021444276394322514,7680.0,404.0406480601523
0.30806773267686366,-0.004839268243813422,0.0033594936521809974,0.03559058866085252,5418,2048,1.2689221620559692,0.21139461323618888,0.122265625,0.008758173865498976,0.029555907376925462,0.003218885023795098,1.0,10,-0.007590102509129793,0.36941688259442645,0.01962009775452316,0.9399515986442566,0.002747265467743937,-0.012062380090355873,0.2203943133354187,0.028774498496204615,0.9600123763084412,0.0029921263122505647,-0.022281968966126442,0.19133976101875305,0.04084658531937748,0.9700751304626465,0.003955202652787615,-0.02005801908671856,0.18369847536087036,0.019313765130937098,role_local,0.020932793244719507,0.011787723447196186,0.00029576746666666663,0.0002947093333333333,0.0029470933333333336,256.0,1.2721050322055816,63488.0,2.2771313190460205,0.9996354579925537,0.5180923342704773,support>combat,3,0.0,0.0,-0.01751631855586311,-0.01220703125,0.0,0.008155589774105465,0.008155589774105465,0.0,0.0,0.0,0.0,0.0,0.0,0.9736328125,0.710176418768242,0.008155589774105465,0.0,-0.03338521032128483,-0.03338521032128483,-0.8878995021805167,0.0,-0.017760210757842287,-0.015625,0.3393773385032546,0.0,0.0,0.0,0.0,0.0,-0.035418472696619574,-0.035418472696619574,-0.8920156846288592,0.0,-0.017840348213212565,-0.017578125,0.3248672113622888,0.0,0.0,0.0,0.0,0.0,-0.03257339634001255,-0.03257339634001255,-0.8474199138581753,0.0,-0.016948396696534473,-0.015625,0.2976217530813301,0.0,0.0,0.0,0.0,0.0,0.008155589774105465,0.0,-0.02330537391389953,-0.019999999552965164,-0.004839268243813422,-0.018100684508681297,0.19940777122974396,0.9584047794342041,0.0,1994,0.007299880031496286,0.09065842628479004,0.041625269944779573,0.911956250667572,1.2752879023551942,0.40474085211753846,0.0035001022805668967,10,-0.0020884339784970505,0.37016374866167706,0.004261681763455272,152.0799898632799,31.0,0.011787723447196186,7936.0,417.4645201980602
0.31589396446943285,-0.0032557360944338145,0.003132112876104656,0.029337723576463758,5614,2048,1.2700254678726197,0.21770254969596864,0.09892578125,0.007046615198487416,0.017464509652927517,0.0025534534528269424,1.0,10,-0.003776420676149428,0.36965765555699664,0.01655991328880191,0.9755859971046448,0.0026291858256359156,-0.017023365944623947,0.1874692142009735,0.01758094420656562,0.9323961734771729,0.002560079748790947,0.009216150268912315,0.17927776277065277,0.018132259882986546,0.9409488439559937,0.002481951236179519,0.007914440706372261,0.17436176538467407,0.01629361780360341,role_local,0.016160439141094683,0.00964832364115864,0.0002956309333333333,0.00029453866666666665,0.0029453866666666667,256.0,1.2729544460773468,65536.0,1.763312578201294,1.0006822347640991,0.5695493817329407,support>combat,5,0.0,0.0,-0.018173789419355064,-0.0126953125,0.0,0.007974193369591376,0.007974193369591376,0.0,0.0,0.0,0.0,0.0,0.0,1.0,0.6623655600706115,0.007974193369591376,0.0,-0.03404141583087039,-0.03404141583087039,-0.8230830205138773,0.0,-0.016463290479805437,-0.017578125,0.3633753451576922,0.0,0.0,0.0,0.0,0.0,-0.034623122977791354,-0.034623122977791354,-0.9498810933437198,0.0,-0.018998123465280514,-0.015625,0.474104386579711,0.0,0.0,0.0,0.0,0.0,-0.03663807886186987,-0.03663807886186987,-0.9529722367879003,0.0,-0.019059954312979244,-0.017578125,0.5297287001740187,0.0,0.0,0.0,0.0,0.0,0.007974193369591376,0.0,-0.0243321075104177,-0.019999999552965164,-0.0032557360944338145,0.0008295424049720168,0.18049772083759308,0.9605724215507507,0.0,2048,0.008106338791549206,0.080445297062397,0.0412109375,0.9129877686500549,1.275883424282074,0.414085379242897,0.00371077229938237,10,-0.002735051512718201,0.37042107184727985,0.00300302947871387,152.0187377371404,32.0,0.00964832364115864,8192.0,431.1047504770104
0.31956057883799077,-0.004015053412877024,0.004356987311363259,0.05186415257485351,5688,2048,1.2720022082328797,0.21830932870507241,0.12919921875,0.008890498332038987,0.03195096139970701,0.003228637700733805,1.0,10,-0.0035390998236835003,0.36978928248087567,0.03241680134087801,0.9755856990814209,0.0033438602386335115,0.007759627886116505,0.16492459177970886,0.032344338949769735,0.934485137462616,0.0032345344791379405,0.013571985065937042,0.17903904616832733,0.03117001949576661,0.9420979022979736,0.003122026705311076,0.011295169591903687,0.1391167789697647,0.013426702097058296,role_local,0.02916749157011509,0.008242995187174529,0.00029549439999999996,0.000294368,0.00294368,256.0,1.274758780002594,67584.0,2.0573198795318604,0.9978489875793457,0.5556333065032959,support>combat,3,0.0,0.0,-0.01841788754730563,-0.01220703125,0.0,0.00810229927446926,0.00810229927446926,0.0,0.0,0.0,0.0,0.0,0.0,1.0,0.6837165498873219,0.00810229927446926,0.0,-0.0326613260403974,-0.0326613260403974,-0.8517705323174596,0.0,-0.017036326440575067,-0.015625,0.3233496881148312,0.0,0.0,0.0,0.0,0.0,-0.03638709762162762,-0.03638709762162762,-0.9404447935521603,0.0,-0.018808973109116778,-0.017578125,0.4090211567818187,0.0,0.0,0.0,0.0,0.0,-0.035033362699323334,-0.035033362699323334,-0.9704177740495652,0.0,-0.019408363092225045,-0.015625,0.45552403200417757,0.0,0.0,0.0,0.0,0.0,0.00810229927446926,0.0,-0.023994873594347155,-0.019999999552965164,-0.004015053412877024,0.010979651473462582,0.16157174110412598,0.9603493809700012,0.0,2048,0.021088112145662308,0.0830237865447998,0.07177734375,0.9158124327659607,1.2775153517723083,0.42081182897090913,0.005485336921992712,10,-0.004491007002070546,0.3703668216864268,0.0030592882772907614,151.92631572117153,33.0,0.008242995187174529,8448.0,444.84722530911677
0.29762820303440096,-0.0026771009142976254,0.005622185913881422,0.07626863718032836,5516,2048,1.2723876714706421,0.3107245296239853,0.17236328125,0.013093295361613855,0.05799842244014144,0.004673108621432798,1.0,10,-0.003170584177132696,0.3698267738024394,0.05518573364242911,0.9577125310897827,0.004432918714513306,0.006801907438784838,0.17891353368759155,0.056473548710346225,0.9632036089897156,0.0046297321826088925,0.020005330443382263,0.16646921634674072,0.06262471210211515,0.9668956995010376,0.004975853628690507,-0.0047030034475028515,0.19797800481319427,0.01605325974524021,role_local,0.0367848414927721,0.023845333140343428,0.00029535786666666665,0.0002941973333333333,0.0029419733333333332,256.0,1.2745466887950898,69632.0,2.4558465480804443,0.9959596991539001,0.5041846632957458,support>combat,3,0.0,0.0,-0.017844716129426768,-0.013671875,0.0,0.005386799914049334,0.005386799914049334,0.0,0.0,0.0,-0.001953125,0.0,0.0,0.9931640625,0.5612114270916209,0.007339924830375821,0.0,-0.03774626946687931,-0.03774626946687931,-0.9107332199346274,0.0,-0.018215020016214112,-0.01953125,0.3494375424925238,0.0,0.0,0.0,0.0,0.0,-0.03388482104492141,-0.03388482104492141,-0.9129030453041196,0.0,-0.018259821488754824,-0.015625,0.38558926348923706,0.0,0.0,0.0,0.0,0.0,-0.03463743141037412,-0.03463743141037412,-0.8529642461799085,0.0,-0.017059306883311365,-0.017578125,0.3549843459913973,0.0,0.0,0.0,0.0,0.0,0.007339924830375821,0.0,-0.025220431798516074,-0.019999999552965164,-0.0026771009142976254,0.007646618876606226,0.18146944046020508,0.9634354114532471,0.0,2035,-0.02759138122200966,0.25843900442123413,0.0945388519205153,0.5904707908630371,1.2767057061195373,0.2845318764448166,0.006571263206330047,10,-0.002183617651462555,0.3704549968242645,0.031637406535446645,151.9009280489842,34.0,0.023845333140343428,8704.0,458.40404594200663
0.3486185695976019,-0.0036496035969321382,0.005123428687094695,0.06514329060446471,5733,2048,1.2725252628326416,0.2886362485587597,0.19794921875,0.014648229911108502,0.06612642495892943,0.005146915918779527,1.0,10,-0.003919332983059576,0.369761457045873,0.06604281504405662,0.9505317211151123,0.00508317028224683,0.014776280149817467,0.14508388936519623,0.06657816163497046,0.9759077429771423,0.005243495937810377,0.011455697007477283,0.1402195543050766,0.06580826044082641,0.9511768817901611,0.0051198972234646365,0.009567267261445522,0.17049182951450348,0.01168522983789444,role_local,0.02184980418533087,0.0067105261143296955,0.0002952213333333333,0.00029402666666666666,0.0029402666666666667,256.0,1.2757351696491241,71680.0,1.7181979417800903,0.9956148862838745,0.48781758546829224,support>combat,0,0.0,0.0,-0.01853921535196908,-0.01318359375,0.0,0.00708856813616876,0.00708856813616876,0.0,0.0,0.0,0.0,0.0,0.0,1.0,0.5147613619628828,0.00708856813616876,0.0,-0.034578435246658046,-0.034578435246658046,-0.9476022240705788,0.0,-0.01895343566502561,-0.015625,0.43360831105383113,0.0,0.0,0.0,0.0,0.0,-0.0374962746645906,-0.0374962746645906,-0.8982425979338586,0.0,-0.01796502521756338,-0.01953125,0.41863574559101835,0.0,0.0,0.0,0.0,0.0,-0.03627730967127718,-0.03627730967127718,-0.9349494881462306,0.0,-0.018699185173318256,-0.017578125,0.478824483405333,0.0,0.0,0.0,0.0,0.0,0.00708856813616876,0.0,-0.025315864717413206,-0.019999999552965164,-0.0036496035969321382,0.01195602212101221,0.15263310074806213,0.9623966813087463,0.0,2048,0.0029849656857550144,0.058365896344184875,0.06416015625,0.9482215642929077,1.2789450764656067,0.4086008906364441,0.005099941455409862,10,-0.0033798742108047007,0.37085991104443866,0.0017358223907649518,151.82817099611387,35.0,0.0067105261143296955,8960.0,472.1126489881426
0.29481043219566344,-0.002180041340761818,0.004350844022881349,0.0515569367678836,5701,2048,1.271542477607727,0.25327884405851364,0.13984375,0.010314054143964312,0.0402232485357672,0.003843407478776049,1.0,10,-0.0021882404398638755,0.36962153514226276,0.03728233492001891,0.9666199684143066,0.0036957497943270355,-0.007622913923114538,0.17499081790447235,0.04335514693520963,0.958048939704895,0.003996616215994,0.0011791638098657131,0.16074135899543762,0.039887221669778226,0.9524608850479126,0.003830880568298109,0.006282179616391659,0.1387237012386322,0.0120933729223907,role_local,0.020645721536129712,0.007566890190355479,0.0002950848,0.000293856,0.0029385600000000002,256.0,1.2762479543685914,73728.0,1.9810428619384766,0.9898529052734375,0.4395320415496826,combat>support,1,0.0,0.0,-0.018456934106022043,-0.01220703125,0.0,0.007886448323915829,0.007886448323915829,0.0,0.0,0.0,0.0,0.0,0.0,1.0,0.6477413984248415,0.007886448323915829,0.0,-0.033275881523877615,-0.033275881523877615,-0.8825039768125862,0.0,-0.017650881960435072,-0.015625,0.3641553833440412,0.0,0.0,0.0,0.0,0.0,-0.0361690193094546,-0.0361690193094546,-0.9295343365520239,0.0,-0.018590894811495673,-0.017578125,0.4111304109392222,0.0,0.0,0.0,0.0,0.0,-0.03475402508775005,-0.03475402508775005,-0.9564161833841354,0.0,-0.01912902554613538,-0.015625,0.35628484094922896,0.0,0.0,0.0,0.0,0.0,0.007886448323915829,0.0,-0.02407812147794175,-0.019999999552965164,-0.002180041340761818,0.00013139327347744256,0.15849877893924713,0.9613886475563049,0.0,2048,0.024544522166252136,0.08587496727705002,0.062890625,0.9225831031799316,1.2809534311294555,0.33634202033281324,0.00485828056698665,10,-0.0021718422416597606,0.3707880179087321,0.00304040745832026,151.74441156503238,36.0,0.007566890190355479,9216.0,485.86962273996323
0.2867044821381569,-0.0011989001606707462,0.006734488956241692,0.08731843362475047,5869,2048,1.2707577705383302,0.18224793672561646,0.11005859375,0.007951346732443198,0.0221273969655158,0.002790645581475107,1.0,10,0.001170193823054433,0.36959974964459735,0.01864246018230915,0.9482606649398804,0.0025891575101895602,0.011232390068471432,0.13724307715892792,0.021019057417288423,0.9643678069114685,0.002759375441659073,0.021017732098698616,0.1140105128288269,0.026913601346313952,0.9666299819946289,0.00303328411927859,0.005934383254498243,0.14091698825359344,0.009114772733300924,role_local,0.03475456451997161,0.020644035097211598,0.0002949482666666666,0.0002936853333333333,0.0029368533333333333,256.0,1.2752126157283783,75776.0,1.8673720359802246,0.9902163743972778,0.4195927381515503,support>combat,1,0.0,0.0,-0.01900367433700012,-0.01220703125,0.0,0.005198871973334462,0.005198871973334462,0.0,0.0,0.0,-0.001953125,0.0,0.0,0.9990234375,0.5259838546044193,0.007151996922402759,0.0,-0.0368721343766083,-0.0368721343766083,-0.9646517818327993,0.0,-0.019294009885925334,-0.017578125,0.469712949678069,0.0,0.0,0.0,0.0,0.0,-0.03286700642638607,-0.03286700642638607,-0.9597505661658943,0.0,-0.01919513181928778,-0.013671875,0.4711176238488406,0.0,0.0,0.0,0.0,0.0,-0.03414688090924756,-0.03414688090924756,-0.9260703162290156,0.0,-0.018521881305787247,-0.015625,0.47522959372145124,0.0,0.0,0.0,0.0,0.0,0.007151996922402759,0.0,-0.024671789062267635,-0.019999999552965164,-0.0011989001606707462,0.012812299653887749,0.13129346072673798,0.9613505601882935,0.0,2047,-0.030714573338627815,0.25769445300102234,0.15250947028398515,0.573079526424408,1.2796674609184264,0.3911610275506973,0.010678332331008279,10,-0.003567994144395925,0.37071935335795086,0.032173297461122276,151.67150440866985,37.0,0.020644035097211598,9472.0,499.60604198812507
0.3696511786431074,-0.001860783202573657,0.005589647232836207,0.07306752062431769,5714,2048,1.2712632894515992,0.31650130078196526,0.21259765625,0.01637913126614876,0.07494363499863539,0.005761853578713912,1.0,10,-0.001765316305682063,0.3697795867919922,0.07104282435029745,0.9734659790992737,0.00552653311835916,0.00688672810792923,0.13021044433116913,0.08097957221325487,0.9783613681793213,0.006109397001156164,0.017173463478684425,0.1279786378145218,0.07292391788214445,0.949202299118042,0.005655756090716729,0.0036171884275972843,0.14134976267814636,0.009384440258145332,role_local,0.023062337283045055,0.005802699679043144,0.0002948117333333333,0.0002935146666666666,0.0029351466666666668,256.0,1.2758987426757813,77824.0,1.7413040399551392,0.9966027736663818,0.5150934457778931,support>combat,1,0.0,0.0,-0.018519309104400843,-0.01171875,0.0,0.00770119103435718,0.00770119103435718,0.0,0.0,0.0,0.0,0.0,0.0,1.0,0.6168651740299538,0.00770119103435718,0.0,-0.0318241670174757,-0.0318241670174757,-0.9075943110510707,0.0,-0.01815229238854954,-0.013671875,0.45798024581745267,0.0,0.0,0.0,0.0,0.0,-0.0337867902853759,-0.0337867902853759,-0.9080832879990339,0.0,-0.018161790736485273,-0.015625,0.3916969896235969,0.0,0.0,0.0,0.0,0.0,-0.036821968693402596,-0.036821968693402596,-0.9621762589085847,0.0,-0.019243844188167714,-0.017578125,0.4480696031168918,0.0,0.0,0.0,0.0,0.0,0.00770119103435718,0.0,-0.023682935254328186,-0.019999999552965164,-0.001860783202573657,0.009116677567362785,0.13359610736370087,0.9706383943557739,0.0,2048,0.013168912380933762,0.06429189443588257,0.07119140625,0.9486055970191956,1.2805341958999634,0.4228010565042496,0.005417440886958502,10,-0.001956250099465251,0.3710138201713562,0.0022209590999409555,151.60945979179942,38.0,0.005802699679043144,9728.0,513.3188925471622
0.33751979693770406,-0.0036314227152615787,0.004620045526908187,0.05378209261689335,5845,2048,1.2716366648674011,0.3092839434742928,0.19521484375,0.014436445801402442,0.058638403983786704,0.004953111388185877,1.0,10,-0.0048843028023839,0.3695180316766103,0.053485437855124475,0.9266493320465088,0.004774550714901271,-0.009349729865789413,0.1596090942621231,0.05748157594352961,0.9516037702560425,0.004911221264392317,0.007514039520174265,0.12889528274536133,0.06535046165809036,0.9603177905082703,0.005187660150110384,-0.019141631200909615,0.17427904903888702,0.012635060120373964,role_local,0.01888482803478837,0.007077933626715094,0.00029467519999999995,0.00029334399999999996,0.0029334400000000003,256.0,1.2777733266353608,79872.0,1.9066261053085327,1.0051814317703247,0.4633081555366516,support>combat,3,0.0,0.0,-0.018929596276090404,-0.0126953125,0.0,0.007397622908683843,0.007397622908683843,0.0,0.0,0.0,0.0,0.0,0.0,1.0,0.5662704820279032,0.007397622908683843,0.0,-0.0389040783411474,-0.0389040783411474,-0.9685881829354912,0.0,-0.01937282890867209,-0.01953125,0.4843305585964117,0.0,0.0,0.0,0.0,0.0,-0.03484527746331878,-0.03484527746331878,-0.9609353211708367,0.0,-0.01922027792170411,-0.015625,0.44320518791209906,0.0,0.0,0.0,0.0,0.0,-0.03382068156861351,-0.03382068156861351,-0.9096273425966501,0.0,-0.018195681997895008,-0.015625,0.43457165487052407,0.0,0.0,0.0,0.0,0.0,0.007397622908683843,0.0,-0.02504310522635933,-0.019999999552965164,-0.0036314227152615787,-0.006785205099731684,0.1554628163576126,0.9508495330810547,0.0,2048,0.0011512258788570762,0.056856419891119,0.04892578125,0.9552350640296936,1.2839099884033203,0.3657556504011154,0.004286979665630497,10,-0.0023785426281392576,0.37159379323323566,0.0015208071330562235,151.54174499870106,39.0,0.007077933626715094,9984.0,527.0626915420871
0.29984724149107933,-0.004065817379159853,0.0035942846099554287,0.03629764054785482,5820,2048,1.2689843416213988,0.22893776446580888,0.14814453125,0.010185260116122663,0.037536687345709654,0.003534808913140876,1.0,10,-0.002124804479535669,0.36930450797080994,0.03928108769468963,0.9816877841949463,0.003632618178750624,0.015654807910323143,0.09962503612041473,0.0361908767838031,0.9451479911804199,0.003490808157245162,0.020868344232439995,0.11874356120824814,0.03722476935945451,0.9736860394477844,0.003484663099367946,0.016757946461439133,0.10927779972553253,0.007206977671012282,role_local,0.027131005842238664,0.0041936240333598105,0.00029453866666666665,0.0002931733333333333,0.0029317333333333333,256.0,1.2786783874034882,81920.0,2.1890883445739746,1.002987265586853,0.5617730617523193,combat>support,2,0.0,0.0,-0.01886289209748308,-0.009765625,0.0,0.007363828060988453,0.007363828060988453,0.0,0.0,0.0,0.0,0.0,0.0,1.0,0.5606380039243959,0.007363828060988453,0.0,-0.030134170840028673,-0.030134170840028673,-0.9206746241543442,0.0,-0.018415421174722724,-0.01171875,0.3943214017053833,0.0,0.0,0.0,0.0,0.0,-0.03518163479748182,-0.03518163479748182,-0.9777911812998354,0.0,-0.019556635212211404,-0.015625,0.43978415930178016,0.0,0.0,0.0,0.0,0.0,-0.030335369578097016,-0.030335369578097016,-0.9308162836823612,0.0,-0.018616619905515108,-0.01171875,0.43755473286728375,0.0,0.0,0.0,0.0,0.0,0.007363828060988453,0.0,-0.022071838586271042,-0.019999999552965164,-0.004065817379159853,0.017819609493017197,0.10971330851316452,0.9722683429718018,0.0,2048,0.009835276752710342,0.05089195817708969,0.03505859375,0.9658321142196655,1.2883724331855775,0.3707567185163498,0.003653760306769982,10,-0.006006830278784037,0.37197916706403095,0.001180270395707339,151.48056268146357,40.0,0.0041936240333598105,10240.0,540.7954561950173
0.32853265702724455,-0.007737085400731303,0.005229171490741877,0.06392173668282339,5746,2048,1.2684762477874756,0.2028737783432007,0.14443359375,0.009638522344175726,0.027452848365646786,0.0033669148966609165,1.0,10,-0.0016251091205049307,0.36938761671384174,0.029661132674664258,0.9683516025543213,0.0034170201712663993,-0.010603384114801884,0.12184718996286392,0.024093925172928722,0.960396409034729,0.003230708071944638,-0.0076302215456962585,0.15588979423046112,0.028626987617462872,0.9547461271286011,0.00345608359306796,-0.03059701807796955,0.1771615594625473,0.011917106341570616,role_local,0.024080962128937244,0.0067302525625564154,0.0002944021333333333,0.00029300266666666664,0.002930026666666667,256.0,1.2796640932559966,83968.0,2.5551912784576416,1.0049560070037842,0.42866235971450806,combat>support,2,0.0,0.0,-0.018611984538438264,-0.01318359375,0.0,0.008405055794355576,0.008405055794355576,0.0,0.0,0.0,0.0,0.0,0.0,1.0,0.7341759648406878,0.008405055794355576,0.0,-0.034562144544906914,-0.034562144544906914,-0.9467903110198677,0.0,-0.018937144879600964,-0.015625,0.40549697293317877,0.0,0.0,0.0,0.0,0.0,-0.03636501116852742,-0.03636501116852742,-0.9393205710221082,0.0,-0.018786886583257,-0.017578125,0.3087975532980636,0.0,0.0,0.0,0.0,0.0,-0.03764317159948405,-0.03764317159948405,-0.9055613686796278,0.0,-0.018111922152456827,-0.01953125,0.4044539461610839,0.0,0.0,0.0,0.0,0.0,0.008405055794355576,0.0,-0.025041319513547933,-0.019999999552965164,-0.007737085400731303,-0.01609259471297264,0.15329156816005707,0.9606979489326477,0.0,2048,0.006232076790183783,0.05886903032660484,0.100390625,0.9376140236854553,1.2908519387245179,0.45419153571128845,0.0070914280848228374,10,-0.013849061680957675,0.37230520447095233,0.0015433987835422158,151.44366205104598,41.0,0.0067302525625564154,10496.0,554.4504065921064
0.4088609807193279,-0.006828931672498584,0.006492782236735226,0.08971025757491588,5620,2048,1.2693301439285278,0.2626330628991127,0.1587890625,0.011784811329562217,0.05451817139983177,0.004294830056292715,1.0,10,-0.001952952891588211,0.3695569932460785,0.05540048052789644,0.9610319137573242,0.004316358202504383,-0.06005341559648514,0.19750294089317322,0.052253805100917816,0.9797604084014893,0.004133699778901512,-0.01652255468070507,0.12009814381599426,0.055909592844545844,0.9603583216667175,0.004432290469574385,-0.017696429044008255,0.1469147652387619,0.013468936178833246,role_local,0.0517853757366538,0.007268247118918225,0.0002942656,0.000292832,0.00292832,256.0,1.281095153093338,86016.0,2.548785448074341,0.9986588358879089,0.46410122513771057,combat>support,4,0.0,0.0,-0.018182479572715238,-0.015625,0.0,0.008550350215955405,0.008550350215955405,0.0,0.0,0.0,0.0,0.0,0.0,1.0,0.7583917016163468,0.008550350215955405,0.0,-0.04278795163554605,-0.04278795163554605,-0.8698663946706802,0.0,-0.017397326169884764,-0.025390625,0.37145871296525,0.0,0.0,0.0,0.0,0.0,-0.03591660668462282,-0.03591660668462282,-0.9169076113030314,0.0,-0.018338482164836023,-0.017578125,0.39663290375028737,0.0,0.0,0.0,0.0,0.0,-0.03834287983045215,-0.03834287983045215,-0.9405816192738712,0.0,-0.018811630383424927,-0.01953125,0.4253129414864816,0.0,0.0,0.0,0.0,0.0,0.008550350215955405,0.0,-0.027124273277877364,-0.019999999552965164,-0.006828931672498584,-0.03083089366555214,0.1585739254951477,0.9670721292495728,0.0,2048,0.0053762998431921005,0.04785693809390068,0.12490234375,0.9573166370391846,1.2928601622581481,0.5550888985395431,0.008690734417177737,10,-0.011704910453408957,0.37234029173851013,0.0010675580590032042,151.39984003682994,42.0,0.007268247118918225,10752.0,568.13798468397
0.3434807606041431,-0.006185482023283839,0.00463622874543176,0.054698091340833345,5676,2048,1.2713175415992737,0.22953263074159622,0.12861328125,0.008860486911726185,0.028927432681666688,0.003189402525152321,1.0,10,-0.001404338050633669,0.36984745661417645,0.029320583597291262,0.9843622446060181,0.003237378311683259,0.0030085791368037462,0.1348971128463745,0.028247618593741208,0.9646958708763123,0.003169932999535524,0.015795519575476646,0.1232355386018753,0.029238338628783823,0.9620732069015503,0.0031657441379596583,0.0031828307546675205,0.11682000011205673,0.008554388070479035,role_local,0.028919328283518553,0.004715817986289039,0.0002941290666666666,0.0002926613333333333,0.0029266133333333334,256.0,1.2816533744335175,88064.0,2.5848770141601562,0.9996380805969238,0.4448455572128296,combat>support,1,0.0,0.0,-0.0183855062762935,-0.01025390625,0.0,0.007980901798873674,0.007980901798873674,0.0,0.0,0.0,0.0,0.0,0.0,1.0,0.6634836291777901,0.007980901798873674,0.0,-0.028598965458513703,-0.028598965458513703,-0.8440009928308427,0.0,-0.016880215764103923,-0.01171875,0.3802592034917325,0.0,0.0,0.0,0.0,0.0,-0.034691565750108566,-0.034691565750108566,-0.9532156607601792,0.0,-0.019066565670073032,-0.015625,0.5207165674073622,0.0,0.0,0.0,0.0,0.0,-0.03288161196542205,-0.03288161196542205,-0.9604737085755914,0.0,-0.019209737394703552,-0.013671875,0.5448220069811214,0.0,0.0,0.0,0.0,0.0,0.007980901798873674,0.0,-0.02204781159525737,-0.019999999552965164,-0.006185482023283839,0.007489282172173262,0.1249329075217247,0.976433277130127,0.0,2048,0.0075209131464362144,0.04319940507411957,0.08046875,0.9643253087997437,1.2919892072677612,0.45742889046669005,0.006083054965711199,10,-0.01096662599593401,0.3721550901730855,0.0008772479020990431,151.3793790457685,43.0,0.004715817986289039,11008.0,581.7436995389871
0.2872129909694195,-0.0022195985133294017,0.0035771421261175176,0.03160453604068607,5649,2048,1.274235153198242,0.21031983941793442,0.12470703125,0.008315296570071951,0.02297469708137214,0.0029665620449551592,1.0,10,-0.0034854299505241216,0.37036709984143573,0.02022435558028519,0.9741919636726379,0.002865812294666148,-0.02520104870200157,0.18154050409793854,0.02533551212400198,0.9357706308364868,0.003006409254181763,0.0010236090747639537,0.17443053424358368,0.02308710798388347,0.9616905450820923,0.0030180508721515285,-0.0020863465033471584,0.14197207987308502,0.013650123123079538,role_local,0.037849715910851955,0.007435202359920368,0.0002939925333333333,0.00029249066666666665,0.002924906666666667,256.0,1.2819316029548644,90112.0,1.8451006412506104,0.9985781908035278,0.44528478384017944,support>combat,2,0.0,0.0,-0.018302708328216493,-0.01220703125,0.0,0.007859665414798656,0.007859665414798656,0.0,0.0,0.0,0.0,0.0,0.0,1.0,0.6432775737484917,0.007859665414798656,0.0,-0.03468517468718346,-0.03468517468718346,-0.8553494191728532,0.0,-0.017107050167396665,-0.017578125,0.3061128411209211,0.0,0.0,0.0,0.0,0.0,-0.0346564355713781,-0.0346564355713781,-0.9515491165220737,0.0,-0.01903143601521151,-0.015625,0.30890717517468147,0.0,0.0,0.0,0.0,0.0,-0.03439463834365597,-0.03439463834365597,-0.9384599023032933,0.0,-0.0187696388020413,-0.015625,0.35623958258656785,0.0,0.0,0.0,0.0,0.0,0.007859665414798656,0.0,-0.02396914742712397,-0.019999999552965164,-0.0022195985133294017,-0.00821465440094471,0.16684356331825256,0.9633925557136536,0.0,2048,0.007913433946669102,0.051880061626434326,0.040234375,0.951443612575531,1.2896280527114867,0.36410614252090456,0.004187722207279876,10,-0.0009537670761346817,0.3716040352980296,0.0012202815967611968,151.33120372498811,44.0,0.007435202359920368,11264.0,595.4621240161359
0.28409621566534043,-0.0018259859178215265,0.0031181515816971982,0.03210175179119688,5744,2048,1.2779739618301391,0.2181590974330902,0.1326171875,0.009350662390352227,0.03510194108239375,0.003370349856494059,1.0,10,-0.0018081746064126491,0.3706061542034149,0.029808233305811883,0.9805011749267578,0.0031235478970730924,0.003855900838971138,0.12427219748497009,0.03213769923895597,0.9650089144706726,0.003294242367635225,0.010985193774104118,0.09929609298706055,0.043358434829860924,0.9625375270843506,0.003688968168825474,-0.024024315178394318,0.1581198126077652,0.0088473757263273,role_local,0.027037249878048897,0.004838240827666596,0.000293856,0.00029232,0.0029232,256.0,1.2813954114913941,92160.0,2.373328924179077,1.000494122505188,0.39202681183815,support>combat,0,0.0,0.0,-0.01859496016065047,-0.01220703125,0.0,0.0076691080030286685,0.0076691080030286685,0.0,0.0,0.0,0.0,0.0,0.0,1.0,0.6115179946937133,0.0076691080030286685,0.0,-0.03148099945974536,-0.03148099945974536,-0.8904563342221081,0.0,-0.0178091248308192,-0.013671875,0.432311218988616,0.0,0.0,0.0,0.0,0.0,-0.03714189986203564,-0.03714189986203564,-0.9781669389922172,0.0,-0.01956377536407672,-0.017578125,0.4762481636389566,0.0,0.0,0.0,0.0,0.0,-0.035990105774544645,-0.035990105774544645,-0.9205796264577657,0.0,-0.018411980287055485,-0.017578125,0.48317067592870444,0.0,0.0,0.0,0.0,0.0,0.0076691080030286685,0.0,-0.024235975608462468,-0.019999999552965164,-0.0018259859178215265,-0.0028434565756469965,0.12987451255321503,0.9717278480529785,0.0,2048,0.005854777060449123,0.04167112335562706,0.0291015625,0.9718752503395081,1.284816861152649,0.3500333338975906,0.0028659533069003373,10,-0.0018437972292304039,0.37115668257077533,0.0008291059290058911,151.29030555366606,45.0,0.004838240827666596,11520.0,609.1599832701031
0.3383112609386444,-0.004493229696527124,0.005248850338893531,0.06531793389003723,5837,2048,1.2793307781219483,0.2231712520122528,0.15498046875,0.010499369079479948,0.03288196153007448,0.0037523068387043806,1.0,10,-0.005918061966076494,0.37079550822575885,0.03332091774791479,0.9467101097106934,0.003858369055776356,-0.013702263124287128,0.16031484305858612,0.032256216881796716,0.9668845534324646,0.00359306439728449,0.006813519634306431,0.11581460386514664,0.03308536582626402,0.9657627940177917,0.003808925582076883,-0.008958318270742893,0.12249110639095306,0.009939324297010898,role_local,0.01951641570776701,0.005333528434857726,0.00029371946666666664,0.00029214933333333333,0.0029214933333333334,256.0,1.2808473765850068,94208.0,2.114912986755371,1.0030148029327393,0.44443175196647644,support>combat,2,0.0,0.0,-0.018894181802655414,-0.01123046875,0.0,0.007817804256774252,0.007817804256774252,0.0,0.0,0.0,0.0,0.0,0.0,1.0,0.6363007100299001,0.007817804256774252,0.0,-0.034381843615847174,-0.034381843615847174,-0.9378332840278745,0.0,-0.01875684399419697,-0.015625,0.48106517596170306,0.0,0.0,0.0,0.0,0.0,-0.034802121692337096,-0.034802121692337096,-0.9587899530306458,0.0,-0.019177122150722425,-0.015625,0.42896280804416165,0.0,0.0,0.0,0.0,0.0,-0.032420453819213435,-0.032420453819213435,-0.9374145467299968,0.0,-0.01874857926304685,-0.013671875,0.45791013597045094,0.0,0.0,0.0,0.0,0.0,0.007817804256774252,0.0,-0.023446654922736343,-0.019999999552965164,-0.004493229696527124,-0.005200905259698629,0.13448531925678253,0.9592881202697754,0.0,2048,0.005600121337920427,0.03838995099067688,0.09775390625,0.9728572368621826,1.282363975048065,0.45345126986503603,0.006745393839082681,10,-0.0030683974269777536,0.370913823445638,0.0007277325727045536,151.24973388083225,46.0,0.005333528434857726,11776.0,622.8639058249537
0.3157204031944275,-0.0030471676349407063,0.0037952179381476833,0.04222096991725266,5662,2048,1.2809568047523499,0.26689196527004244,0.1431640625,0.009948630956932903,0.04196147108450532,0.003707495992671163,1.0,10,-0.0022692434198688717,0.3709627191225688,0.04263415122404694,0.9790353775024414,0.003820974098653185,0.019931038841605186,0.1209687665104866,0.041891212482005356,0.981907069683075,0.0035479429852104047,0.010083088651299477,0.11276812106370926,0.04132694965228438,0.9764397144317627,0.0037536066810904822,-0.013993063010275364,0.13238316774368286,0.008491101209074259,role_local,0.016758539993315936,0.00461923404072877,0.00029358293333333333,0.0002919786666666666,0.002919786666666667,256.0,1.2803212106227875,96256.0,2.055898427963257,0.9986996650695801,0.47067397832870483,combat>support,4,0.0,0.0,-0.018333563149402227,-0.0126953125,0.0,0.008055308670009254,0.008055308670009254,0.0,0.0,0.0,0.0,0.0,0.0,1.0,0.6758847871096805,0.008055308670009254,0.0,-0.034297866506676655,-0.034297866506676655,-0.9335953569971025,0.0,-0.01867286695051007,-0.015625,0.42815163379418664,0.0,0.0,0.0,0.0,0.0,-0.03410434194665868,-0.03410434194665868,-0.923943295609206,0.0,-0.01847934239776805,-0.015625,0.36364530368882697,0.0,0.0,0.0,0.0,0.0,-0.03737972954695579,-0.03737972954695579,-0.8924137819558382,0.0,-0.017848480099928565,-0.01953125,0.41001385942217894,0.0,0.0,0.0,0.0,0.0,0.008055308670009254,0.0,-0.024431659192487132,-0.019999999552965164,-0.0030471676349407063,0.005606175400316715,0.12300529330968857,0.9790145754814148,0.0,2048,0.00883440487086773,0.039369963109493256,0.04248046875,0.9718179702758789,1.279685616493225,0.3645488411188126,0.0038829398836242035,10,-0.003825091850012541,0.37043168147404987,0.0007473668723832816,151.19188219919198,47.0,0.00461923404072877,12032.0,636.6479377059732
0.27857585325837136,-0.004103905346710235,0.0031235165477706437,0.03630690925056115,5759,2048,1.281618344783783,0.23176779001951217,0.12333984375,0.009636921435594558,0.039508349751122294,0.0034297634989790327,1.0,10,-0.005773140420205891,0.3709421952565511,0.03720846658106893,0.9659613370895386,0.00335894318307533,0.010062970221042633,0.1440344899892807,0.04161074801813811,0.9487816095352173,0.00354598693055016,0.005757851060479879,0.13213449716567993,0.03964673695154488,0.9782175421714783,0.0033800065213576563,-0.004550890065729618,0.13073886930942535,0.010106824338436127,role_local,0.01963494746014476,0.005534585888381116,0.00029344639999999997,0.00029180799999999995,0.00291808,256.0,1.2784978806972505,98304.0,2.5564827919006348,0.9965707659721375,0.3495294749736786,support>combat,4,0.0,0.0,-0.018648698923546665,-0.01171875,0.0,0.008233681646743207,0.008233681646743207,0.0,0.0,0.0,0.0,0.0,0.0,1.0,0.7056136090541258,0.008233681646743207,0.0,-0.03618144594656769,-0.03618144594656769,-0.930132960435003,0.0,-0.018603321426780894,-0.017578125,0.4272278843272943,0.0,0.0,0.0,0.0,0.0,-0.034801776688254904,-0.034801776688254904,-0.958826886722818,0.0,-0.019176777139364276,-0.015625,0.4308075145818293,0.0,0.0,0.0,0.0,0.0,-0.0318378728479729,-0.0318378728479729,-0.9081234883051366,0.0,-0.018165998204494826,-0.013671875,0.41429441852960736,0.0,0.0,0.0,0.0,0.0,0.008233681646743207,0.0,-0.023646855206607142,-0.019999999552965164,-0.004103905346710235,0.0038384797517210245,0.13590474426746368,0.9679875373840332,0.0,2048,0.015619962476193905,0.04562817141413689,0.03310546875,0.9541636109352112,1.2753774166107177,0.32538391649723053,0.002817269596562255,10,-0.0024346702732145785,0.36992428700129193,0.0009623474383261055,151.1486248706881,48.0,0.005534585888381116,12288.0,650.3797178710811
0.41668707244098185,-0.005115346377715468,0.006147384440923162,0.08194836291950196,4635,1696,1.2802176594734191,0.22763632163405417,0.15471540242433549,0.010775321128312499,0.043672579294070604,0.004073210793293186,1.0,10,-0.0027985662454739213,0.37054311235745746,0.03666364094242454,0.9766654968261719,0.003785982795038526,-0.007140879984945059,0.13935136795043945,0.04817451606504619,0.942884087562561,0.00419295229480543,0.002125935861840844,0.16617722809314728,0.04567960631102323,0.9607187509536743,0.0042214715578928145,0.0003101452311966568,0.14827437698841095,0.01055712066590786,role_local,0.027818491403013467,0.005620433232979849,0.0002933333333333333,0.00029166666666666664,0.002916666666666667,212.0,1.2759576678276061,100000.0,1.797550916671753,0.9938803315162659,0.48644253611564636,support>combat,0,0.0,0.0,-0.018135352871445177,-0.01179245283018868,0.0,0.008270834478163073,0.008270834478163073,0.0,0.0,0.0,0.0,0.0,0.0,1.0,0.7118057468027439,0.008270834478163073,0.0,-0.03142365550552056,-0.03142365550552056,-0.863596333647674,0.0,-0.01727271245195056,-0.014150943396226415,0.3775282622719148,0.0,0.0,0.0,0.0,0.0,-0.03543675895604604,-0.03543675895604604,-0.9463323065132465,0.0,-0.01892732545065711,-0.01650943396226415,0.4026359205819526,0.0,0.0,0.0,0.0,0.0,-0.03471545421711679,-0.03471545421711679,-0.9101954979716607,0.0,-0.01820602071172786,-0.01650943396226415,0.4717316575137512,0.0,0.0,0.0,0.0,0.0,0.008270834478163073,0.0,-0.023326260261764785,-0.019999999552965164,-0.005115346377715468,-0.0014226689236238599,0.15213695168495178,0.9643567800521851,0.0,1696,0.009413225576281548,0.03704901039600372,0.12022414654493332,0.970344066619873,1.2716976761817933,0.6057378232479096,0.008221558088553137,10,-0.007432126509957016,0.36957643429438275,0.0006837458000518382,151.1040981343413,49.0,0.005620433232979849,12500.0,661.795419414062
0.31783226430416106,-0.006258212495595217,0.005579903182275553,0.07226895327330567,5861,2048,1.277080273628235,0.21932765394449233,0.17724609375,0.013000645319698379,0.051471500296611336,0.004450899846372114,1.0,10,-0.0014864411670714617,0.370331992705663,0.05421027410775423,0.9191104769706726,0.004585134737136842,-0.0008018033695407212,0.17038396000862122,0.044395153713412586,0.9501702189445496,0.004204653365901034,0.008685099892318249,0.1472930759191513,0.05585183680523187,0.9640400409698486,0.00456274760743558,0.0007267634500749409,0.1429191678762436,0.011710343323647976,role_local,0.017645638156682252,0.006270818482153118,0.00029319679999999996,0.000291496,0.00291496,256.0,1.2736687302589416,102048.0,2.0545809268951416,1.0036418437957764,0.49712955951690674,combat>support,0,0.0,0.0,-0.018992205533625867,-0.01171875,0.0,0.007551907086963183,0.007551907086963183,0.0,0.0,0.0,0.0,0.0,0.0,1.0,0.5919845172902569,0.007551907086963183,0.0,-0.03490249207243323,-0.03490249207243323,-0.9638195435982198,0.0,-0.019277492530818563,-0.015625,0.31402923435598495,0.0,0.0,0.0,0.0,0.0,-0.03467451310280012,-0.03467451310280012,-0.9524608461651951,0.0,-0.019049513568461407,-0.015625,0.3484992223675363,0.0,0.0,0.0,0.0,0.0,-0.03427461005776422,-0.03427461005776422,-0.932449116371572,0.0,-0.018649610501597635,-0.015625,0.3644604062719736,0.0,0.0,0.0,0.0,0.0,0.007551907086963183,0.0,-0.024074928584013833,-0.019999999552965164,-0.006258212495595217,0.0028693501371890306,0.15420874953269958,0.9478487372398376,0.0,2048,0.007273790426552296,0.041376061737537384,0.09306640625,0.9663822054862976,1.2702571868896484,0.4163368746638298,0.006708906518178992,10,-0.011029983824118971,0.36956913272539776,0.0008312936406582594,123.64837495394434,50.0,0.006270818482153118,12756.0,825.308056317037
0.34528854489326477,-0.004353092686505989,0.00475103876923399,0.05867270790040493,5654,2048,1.2764898896217347,0.2741898700594902,0.196875,0.01389260659343563,0.06070479080080986,0.004911218600295519,1.0,10,-0.0026704654679633676,0.37036577860514325,0.05896420385688543,0.9244430065155029,0.004823246690398031,0.006278907414525747,0.16852951049804688,0.06713161990046501,0.9797574281692505,0.005236786366611771,0.01758560538291931,0.13316845893859863,0.05568008366972208,0.9756405353546143,0.0046568541212903105,-0.010331572964787483,0.16230368614196777,0.012611119542270899,role_local,0.02797544514760375,0.006933396647218615,0.00029306026666666666,0.0002913253333333333,0.0029132533333333334,256.0,1.2735198974609374,104096.0,2.162325382232666,1.0044620037078857,0.4563770592212677,combat>support,3,0.0,-1.220703143189894e-05,-0.01832845171156805,-0.01025390625,0.0,0.006463495879870607,0.006463495879870607,0.0,-4.882812572759576e-05,0.0,0.0,0.0,0.0,1.0,0.418720671616029,0.006512324005598202,0.0,-0.030856847217364702,-0.030856847217364702,-0.9568925094790757,0.0,-0.019138097552058753,-0.01171875,0.2265462612558622,0.0,0.0,0.0,0.0,0.0,-0.03424500134860864,-0.03424500134860864,-0.930976178497076,0.0,-0.018620001785166096,-0.015625,0.2855194988078438,0.0,0.0,0.0,0.0,0.0,-0.030899130419129506,-0.030899130419129506,-0.8612457702402025,0.0,-0.0172272557974793,-0.013671875,0.33594894502311945,0.0,0.0,0.0,0.0,0.0,0.006512324005598202,0.0,-0.02238437234336743,-0.019999999552965164,-0.004353092686505989,0.004899696446955204,0.15579111874103546,0.9684394001960754,0.0,2048,-0.004649680107831955,0.050981394946575165,0.056640625,0.9515042901039124,1.2705499053001403,0.41638721972703935,0.00459085893817246,10,-0.006035719905048609,0.3696129620075226,0.0012556737521663309,124.07367509252154,51.0,0.006933396647218615,13012.0,838.9853844691534
0.2953265182673931,-0.008212710078805686,0.003230676073619946,0.02953791856416501,5799,2048,1.2766571283340453,0.24648332297801973,0.1310546875,0.00891071225341875,0.02938833712833002,0.0031728863623772543,1.0,10,-0.0018684477545320988,0.3703700701395671,0.03263350413180888,0.9646362662315369,0.0033391293319250392,-0.005961559247225523,0.1220296323299408,0.026275446417275816,0.9604009985923767,0.0030621034965831544,0.000506535463500768,0.12667477130889893,0.029173549043480306,0.9549205899238586,0.003113466415929536,-0.005933858919888735,0.15436163544654846,0.010608973447233438,role_local,0.020117221307009457,0.005903100461000577,0.0002929237333333333,0.00029115466666666665,0.002911546666666667,256.0,1.2736043334007263,106144.0,1.833231806755066,1.0024850368499756,0.50755375623703,combat>support,2,0.0,0.0,-0.018791885340760928,-0.01123046875,0.0,0.007969385871547274,0.007969385871547274,0.0,0.0,0.0,0.0,0.0,0.0,1.0,0.6615643097320572,0.007969385871547274,0.0,-0.03467500556143932,-0.03467500556143932,-0.9524183736648411,0.0,-0.019050006012548693,-0.015625,0.4540092023962643,0.0,0.0,0.0,0.0,0.0,-0.032486420815985184,-0.032486420815985184,-0.940683092456311,0.0,-0.018814546201610938,-0.013671875,0.43050091070472263,0.0,0.0,0.0,0.0,0.0,-0.034136103371565696,-0.034136103371565696,-0.9255347501020879,0.0,-0.018511103808123153,-0.015625,0.42725113561027683,0.0,0.0,0.0,0.0,0.0,0.007969385871547274,0.0,-0.02333203755551949,-0.019999999552965164,-0.008212710078805686,-0.003795312950387597,0.13498663902282715,0.9597158432006836,0.0,2048,0.003308126935735345,0.05078886076807976,0.0296875,0.9440139532089233,1.2705515384674073,0.3441697135567665,0.0032884657848626375,10,-0.014556972403079271,0.36958446105321247,0.0011972274747677147,124.47761060924451,52.0,0.005903100461000577,13268.0,852.715596648166
0.2943101994693279,-0.0031271149055100977,0.0030747354756078147,0.029605155583703892,5733,2048,1.276815617084503,0.29895648956298826,0.13525390625,0.009835358030977659,0.03460093616740778,0.003370398713316103,1.0,10,-0.0036385478219017387,0.3704310854276021,0.0318618169054389,0.9482473134994507,0.0032821161111282527,-0.02423826977610588,0.1931091845035553,0.0344962147413753,0.8860991597175598,0.003331572320894338,0.0030945383477956057,0.1617940068244934,0.037532971776090565,0.9628438353538513,0.0035037267784888914,-0.024503137916326523,0.171150803565979,0.015206326544284821,role_local,0.06010359041392803,0.008036161225754767,0.0002927872,0.000290984,0.00290984,256.0,1.273559421300888,108192.0,1.798471212387085,0.998775839805603,0.5315001010894775,support>combat,2,0.0,0.0,-0.018575574266530264,-0.01171875,0.0,0.007654344199181651,0.007654344199181651,0.0,0.0,0.0,0.0,0.0,0.0,1.0,0.6090573666151613,0.007654344199181651,0.0,-0.03578872474463424,-0.03578872474463424,-0.910499319434166,0.0,-0.018210600246675313,-0.017578125,0.3144978120108135,0.0,0.0,0.0,0.0,0.0,-0.033364727001753636,-0.033364727001753636,-0.984603714896366,0.0,-0.019692852452863008,-0.013671875,0.2585953140514903,0.0,0.0,0.0,0.0,0.0,-0.03344826959801139,-0.03344826959801139,-0.8911005379632115,0.0,-0.01782327010005247,-0.015625,0.35368037450825796,0.0,0.0,0.0,0.0,0.0,0.007654344199181651,0.0,-0.02373684605481685,-0.019999999552965164,-0.0031271149055100977,-0.014673370867967606,0.17601026594638824,0.9481409788131714,0.0,2048,0.006040024571120739,0.043381355702877045,0.024609375,0.9620780944824219,1.270303225517273,0.28966390937566755,0.002779072237899527,10,-0.0026156819891184568,0.3695262273152669,0.0008659959072247148,124.87696631299984,53.0,0.008036161225754767,13524.0,866.3887600281741
0.32952107638120653,-0.0006844413990620523,0.003520429558461463,0.03714820226887241,5551,2048,1.2783972501754761,0.2061383381485939,0.0833984375,0.006120795028982684,0.01549695055000484,0.002260956106452916,1.0,10,-0.001458599418401718,0.37082667152086896,0.01822194193955511,0.9391642808914185,0.0024749494947884365,-0.007934938184916973,0.15901164710521698,0.016335821896791457,0.9686775207519531,0.0022891475502187174,-0.044583674520254135,0.17303575575351715,0.011647745408117771,0.9524641036987305,0.00199608090614285,-0.04943225160241127,0.22217519581317902,0.017821669392287732,role_local,0.04644857570528984,0.02358414474874735,0.0002926506666666666,0.00029081333333333333,0.0029081333333333334,256.0,1.2737900137901306,110240.0,2.4202523231506348,1.0020434856414795,0.49746397137641907,combat>support,1,0.0,0.0,-0.017946208036543492,-0.0146484375,0.0,0.0058921220879710745,0.0058921220879710745,0.0,0.0,0.0,-0.001953125,0.0,0.0,0.98779296875,0.6490125365089625,0.00784524712980783,0.0,-0.03685743721871404,-0.03685743721871404,-0.9639275695662946,0.0,-0.01927931273530703,-0.017578125,0.4187411600141786,0.0,0.0,0.0,0.0,0.0,-0.036725941299664555,-0.036725941299664555,-0.8596132411621511,0.0,-0.01719469158706488,-0.01953125,0.36983945619431324,0.0,0.0,0.0,0.0,0.0,-0.036895869292493444,-0.036895869292493444,-0.8681598317343742,0.0,-0.01736461978725856,-0.01953125,0.3215368834862602,0.0,0.0,0.0,0.0,0.0,0.00784524712980783,0.0,-0.026146782616706332,-0.019999999552965164,-0.0006844413990620523,-0.03302774950861931,0.18678387999534607,0.9582569003105164,0.0,2024,-0.025040989741683006,0.247524693608284,0.05879945398773998,0.5299375057220459,1.2691827774047852,0.4529038146138191,0.0047799030104700106,10,8.97166202776134e-05,0.3692543109258016,0.029346620105206965,125.26122901853539,54.0,0.02358414474874735,13780.0,880.0807788951788
0.3331491455435753,-0.003680807282216847,0.005282087643955722,0.06605566689249827,5719,2048,1.2815183758735658,0.21471440345048903,0.12861328125,0.009045266584143974,0.03035352128499653,0.0033008735558928528,1.0,10,-0.0011853424832224846,0.3710641860961914,0.030619125068187713,0.9655645489692688,0.003313637615745285,-0.0018455222016200423,0.12561532855033875,0.03186624008230865,0.9735419154167175,0.0033527563048612484,0.011080837808549404,0.13635143637657166,0.028553637315053493,0.9623565077781677,0.0032351633436336013,-0.019077859818935394,0.15671811997890472,0.010734935756772757,role_local,0.025591736286878587,0.005976574931992218,0.0002925141333333333,0.00029064266666666667,0.002906426666666667,256.0,1.2740259289741516,112288.0,1.9632171392440796,1.0017518997192383,0.4852335453033447,combat>support,2,0.0,0.0,-0.01852916437443734,-0.0107421875,0.0,0.007658922197151696,0.007658922197151696,0.0,0.0,0.0,0.0,0.0,0.0,1.0,0.6098203683213796,0.007658922197151696,0.0,-0.0325391733131255,-0.0325391733131255,-0.9432814712636173,0.0,-0.018867298706027213,-0.013671875,0.41935628007922787,0.0,0.0,0.0,0.0,0.0,-0.03412856582872337,-0.03412856582872337,-0.9251427948474884,0.0,-0.01850356627983274,-0.015625,0.30767300541629083,0.0,0.0,0.0,0.0,0.0,-0.03188850275182631,-0.03188850275182631,-0.9107955216895789,0.0,-0.018216628137452062,-0.013671875,0.38667227717814967,0.0,0.0,0.0,0.0,0.0,0.007658922197151696,0.0,-0.022724331265635556,-0.019999999552965164,-0.003680807282216847,-0.0031939689069986343,0.1405176818370819,0.9675912261009216,0.0,2048,0.006408678367733955,0.044680558145046234,0.1017578125,0.9707937240600586,1.2665334820747376,0.4515838876366615,0.00726330173201859,10,-0.00617627208121121,0.36890286207199097,0.0012182141072116792,125.62920050089286,55.0,0.005976574931992218,14036.0,893.8049398730509
0.32537259683012965,-0.0028779362444765868,0.004793181588890002,0.05537805161438882,5677,2048,1.2822401165962218,0.2640855133533478,0.14140625,0.010336468974128366,0.04501025695353746,0.003787612411485339,1.0,10,-0.0017072400078177452,0.37105655670166016,0.0459192453417927,0.9567515254020691,0.003818987408717883,-0.018335387110710144,0.1829579919576645,0.04907187700737268,0.9552428126335144,0.003971424782408454,0.00182650750502944,0.14599420130252838,0.039959605480544266,0.9647581577301025,0.0035692496004884693,0.005397884175181389,0.1524391770362854,0.013247676193714142,role_local,0.042218724824488164,0.01793075636960566,0.00029237759999999996,0.00029047199999999995,0.00290472,256.0,1.2733960330486298,114336.0,1.8533315658569336,1.0001341104507446,0.3916645646095276,combat>support,5,0.0,0.0,-0.018389182347164024,-0.0107421875,0.0,0.006011963183482294,0.006011963183482294,0.0,0.0,0.0,-0.001953125,0.0,0.0,0.990234375,0.6673584452364594,0.007965088168930379,0.0,-0.035571999756939476,-0.035571999756939476,-0.8995973870623857,0.0,-0.01799387517166906,-0.017578125,0.3778248003218323,0.0,0.0,0.0,0.0,0.0,-0.030495072271151002,-0.030495072271151002,-0.938770011998713,0.0,-0.018776322598569095,-0.01171875,0.2630738950392697,0.0,0.0,0.0,0.0,0.0,-0.03011609900931944,-0.03011609900931944,-0.9197485086042434,0.0,-0.018397349271253916,-0.01171875,0.28802290963358246,0.0,0.0,0.0,0.0,0.0,0.007965088168930379,0.0,-0.022542803460964933,-0.019999999552965164,-0.0028779362444765868,-0.003570657456293702,0.16135910153388977,0.959090530872345,0.0,2029,-0.007696161977946758,0.22482147812843323,0.06574584627524019,0.6727638840675354,1.2645519495010376,0.38665968030691145,0.005798750766294667,10,-0.004048632481135428,0.36887731154759723,0.02261383654549718,125.98653513603456,56.0,0.01793075636960566,14292.0,907.5255532390438
0.4464882880449295,-0.006460912711918354,0.005547535325025846,0.07313347584567964,5640,2048,1.2815552949905396,0.37331719547510145,0.1751953125,0.012983824772527441,0.05720445169135928,0.004522415207182401,1.0,10,-0.0017718733754009009,0.37084052960077923,0.06280752269085496,0.9754189848899841,0.00483640621441343,-0.016858739778399467,0.15363408625125885,0.05950076431035996,0.9798527359962463,0.004693041933056341,-0.012998448684811592,0.13474930822849274,0.04980483390390873,0.9542273879051208,0.004068160342585669,-0.013229102827608585,0.13801059126853943,0.010137858986854553,role_local,0.028829355351626874,0.006109425617614761,0.00029224106666666665,0.0002903013333333333,0.0029030133333333335,256.0,1.272893452644348,116384.0,2.0740554332733154,1.0050444602966309,0.44633573293685913,combat>support,4,0.0,0.0,-0.018258325812591163,-0.0126953125,0.0,0.008036645234824391,0.008036645234824391,0.0,0.0,0.0,0.0,0.0,0.0,1.0,0.6727742081857286,0.008036645234824391,0.0,-0.033483130326203536,-0.033483130326203536,-0.8928831163793802,0.0,-0.01785813065362163,-0.015625,0.36497878478257917,0.0,0.0,0.0,0.0,0.0,-0.035425772693997715,-0.035425772693997715,-0.8923487665597349,0.0,-0.017847648086899426,-0.017578125,0.39290933615120593,0.0,0.0,0.0,0.0,0.0,-0.036647323078796035,-0.036647323078796035,-0.9533957000821829,0.0,-0.019069198697252432,-0.017578125,0.38585607006098144,0.0,0.0,0.0,0.0,0.0,0.008036645234824391,0.0,-0.024379896804020973,-0.019999999552965164,-0.006460912711918354,-0.014337428845465183,0.14228785037994385,0.9732033610343933,0.0,2048,0.008336685597896576,0.05690011754631996,0.0890625,0.9489642381668091,1.2642316102981568,0.5196593806147576,0.006572655442869291,10,-0.011149952048435807,0.36862290898958844,0.002080992248374969,126.34064805146011,57.0,0.006109425617614761,14548.0,921.1920454341453
0.3143533430993557,-0.0013280746061354876,0.0035163338463851264,0.034295221348293124,5235,2048,1.278642511367798,0.27696121782064437,0.10517578125,0.007668814662611112,0.021321013802662492,0.002879799441819228,1.0,10,-0.0013500564265996218,0.37029515703519184,0.021094587026163937,0.983004093170166,0.002759101922923013,0.015349789522588253,0.14268997311592102,0.019901564903557302,0.9717317223548889,0.00284779526649826,0.008481425233185291,0.1939757913351059,0.02287260191515088,0.9698241353034973,0.003024917840085811,-0.0022379974834620953,0.16204530000686646,0.012493962794542313,role_local,0.041706279292702673,0.019512102100998165,0.0002921045333333333,0.00029013066666666663,0.0029013066666666665,256.0,1.269776314496994,118432.0,2.104874849319458,0.9987009763717651,0.3960273265838623,support>combat,6,0.0,-1.220703143189894e-05,-0.016965895134489983,-0.01123046875,0.0,0.004571946691612538,0.004571946691612538,0.0,-4.882812572759576e-05,0.0,-0.001953125,0.0,0.0,0.95556640625,0.45860569619981106,0.006573899750037526,0.0,-0.028522888947918545,-0.028522888947918545,-0.8402068733703345,0.0,-0.016804139122541528,-0.01171875,0.2315641818495351,0.0,0.0,0.0,0.0,0.0,-0.03212774011626607,-0.03212774011626607,-0.8250918965786695,0.0,-0.016502740494615864,-0.015625,0.14768452754651662,0.0,0.0,0.0,0.0,0.0,-0.03321580539341085,-0.03321580539341085,-0.8795345469843596,0.0,-0.017590805786312558,-0.015625,0.29254031874006614,0.0,0.0,0.0,0.0,0.0,0.006573899750037526,0.0,-0.022323623270494863,-0.019999999552965164,-0.0013280746061354876,0.00704102823510766,0.16749130189418793,0.9757731556892395,0.0,1958,-0.03151484578847885,0.24933984875679016,0.04726942889392376,0.626266360282898,1.26091011762619,0.351745468378067,0.004152868250951025,10,-0.0013060927856713533,0.3682344655195872,0.026530241407454015,126.71283408231807,58.0,0.019512102100998165,14804.0,934.6488132611848
0.2571466758847237,-0.001773396512726322,0.0052283081032099095,0.06807858216634485,5311,2048,1.2749147176742555,0.26675938814878464,0.16748046875,0.012566140812123195,0.058691707981051874,0.004836773452748064,1.0,10,-0.0019579840009100735,0.37014058232307434,0.060203953622840346,0.9892873764038086,0.004956390308017622,0.004320505540817976,0.11280035972595215,0.05695196447195485,0.950060248374939,0.004720729117604394,-0.0031723936554044485,0.1574791669845581,0.059068104962352666,0.9724341630935669,0.00484423745903122,0.0029226713813841343,0.12933683395385742,0.009223205130547285,role_local,0.03751086480915546,0.015221845917403698,0.000291968,0.00028995999999999997,0.0028996,256.0,1.2671605706214906,120480.0,2.312814712524414,0.9943556785583496,0.4397183358669281,combat>support,2,0.0,0.0,-0.017233217866305495,-0.0078125,0.0,0.005204331244385685,0.005204331244385685,0.0,0.0,0.0,-0.001953125,0.0,0.0,0.8916015625,0.5985083417035639,0.007157456264394568,0.0,-0.02833083225050359,-0.02833083225050359,-0.830604205140844,0.0,-0.01661208255609381,-0.01171875,0.2598461810994195,0.0,0.0,0.0,0.0,0.0,-0.028208719617396127,-0.028208719617396127,-0.9221185792703182,0.0,-0.018443094835674856,-0.009765625,0.233699387696106,0.0,0.0,0.0,0.0,0.0,-0.024456976010696962,-0.024456976010696962,-0.832163093611598,0.0,-0.016644476207147818,-0.0078125,0.2879849477831158,0.0,0.0,0.0,0.0,0.0,0.007157456264394568,0.0,-0.018948050717881415,-0.019999999552965164,-0.001773396512726322,0.0011985981836915016,0.13538730144500732,0.9755234718322754,0.0,1827,-0.022146712988615036,0.22600936889648438,0.07746545635163785,0.7580701112747192,1.2594064235687257,0.24753396362066268,0.005619842753671755,10,-0.00158880902454257,0.36828240752220154,0.021220486704260112,127.06877764493422,59.0,0.015221845917403698,15060.0,948.1479418701492
0.36478477865457537,0.00015707407146692276,0.005680511315157999,0.07498385007493198,5072,2048,1.2755348443984986,0.33392067402601244,0.17822265625,0.013357876727241091,0.06593804690055549,0.005390514456218265,1.0,10,-0.003061538329347968,0.37037238478660583,0.06003403016366064,0.9863980412483215,0.004983658982355632,-0.01273699663579464,0.14656536281108856,0.0650310059543699,0.9642313718795776,0.005547938812340269,-0.022654592990875244,0.1899535208940506,0.07162759946659207,0.9680328369140625,0.005557548268424228,-0.012887357734143734,0.1595727503299713,0.013045497052371503,role_local,0.051856002397835256,0.0280560958199203,0.0002918314666666666,0.0002897893333333333,0.0028978933333333335,256.0,1.2680433213710784,122528.0,2.2293221950531006,1.000166416168213,0.38781264424324036,combat>support,2,0.0,-2.441406286379788e-05,-0.01643398937085294,-0.01123046875,0.0,0.0026617215444275644,0.0026617215444275644,0.0,-4.882812572759576e-05,0.0,-0.00390625,0.0,0.0,0.89404296875,0.5067713087046286,0.006616799686526065,0.0,-0.027743409151298692,-0.027743409151298692,-0.7035716524114832,0.0,-0.01407153446416487,-0.013671875,0.27198519835656043,0.0,0.0,0.0,0.0,0.0,-0.03158285912650172,-0.03158285912650172,-0.8916484478395432,-4.882812572759576e-05,-0.017862156499177217,-0.013671875,0.2623168049904052,0.0,0.0,0.0,0.0,0.0,-0.03104015177086694,-0.03104015177086694,-0.8683704740833491,0.0,-0.017368277149216738,-0.013671875,0.18710348855529446,0.0,0.0,0.0,0.0,0.0,0.006616799686526065,0.0,-0.021926175515545765,-0.019999999552965164,0.00015707407146692276,-0.016383899375796318,0.1679198294878006,0.9766818881034851,0.0,1833,-0.03258441388607025,0.3088795840740204,0.08402965324930847,0.668449878692627,1.2605517983436585,0.3956488832831383,0.005970508174097733,10,0.0033756864722818136,0.3685210843880971,0.043066694587469104,127.39473786332013,60.0,0.0280560958199203,15316.0,961.7979679149576
0.3466562867164612,-0.007036153390072286,0.004332475104320938,0.052136267186142504,5365,2048,1.2778279662132264,0.2576353371143341,0.0884765625,0.006617384226410649,0.022143628122285007,0.002496851775232989,1.0,10,-0.0028553494717925786,0.3707167108853658,0.020913544157519937,0.9799219965934753,0.0023316911507194394,-0.008463071659207344,0.15370917320251465,0.017964609689079224,0.9766216278076172,0.0022510710631690966,1.518380486231763e-05,0.13733156025409698,0.027471069525927306,0.9596094489097595,0.0028996851465647234,-0.038021400570869446,0.19265426695346832,0.013615585677325726,role_local,0.0541267953813076,0.010334608005359769,0.0002916949333333333,0.00028961866666666665,0.0028961866666666666,256.0,1.270241242647171,124576.0,2.158125400543213,1.0017330646514893,0.44468799233436584,combat>support,3,0.0,-1.220703143189894e-05,-0.017380675478004076,-0.0107421875,0.0,0.007684072839765577,0.007684072839765577,0.0,-4.882812572759576e-05,0.0,0.0,0.0,0.0,1.0,0.6221501692198217,0.007732900965493172,0.0,-0.030653795402031392,-0.030653795402031392,-0.8490896683651954,0.0,-0.0169819207440014,-0.013671875,0.2374849066764,0.0,0.0,0.0,0.0,0.0,-0.031222805548168253,-0.031222805548168253,-0.8775345990434289,0.0,-0.017550930853758473,-0.013671875,0.29109434434212744,0.0,0.0,0.0,0.0,0.0,-0.033234174428798724,-0.033234174428798724,-0.8804250797256827,0.0,-0.01760917483625235,-0.015625,0.12779206666891696,0.0,0.0,0.0,0.0,0.0,0.007732900965493172,0.0,-0.02185667674712022,-0.019999999552965164,-0.007036153390072286,-0.015592234209179878,0.16384842991828918,0.9728667736053467,0.0,2048,0.008282714523375034,0.12638936936855316,0.08212890625,0.9115265607833862,1.2626545190811158,0.43567723631858823,0.006168098433408886,10,-0.011216957308351993,0.368747740983963,0.0070536303333938125,127.71442021587426,61.0,0.010334608005359769,15572.0,975.4262658001389
0.2722600020468235,-0.0012100575389922597,0.003912605606283176,0.04238972642924636,5097,2048,1.2804657578468324,0.22966252118349076,0.16318359375,0.011549173944513314,0.05724039035849273,0.004755241087350292,1.0,10,9.36894881306216e-05,0.3709668020407359,0.06144406786188483,0.9855577349662781,0.004924519882095723,-0.014060202054679394,0.14807888865470886,0.052359830029308795,0.9817095398902893,0.004576118102757276,-0.0037036905996501446,0.1562167853116989,0.05801986902952194,0.9645742774009705,0.0047705428988845,-0.0044875494204461575,0.21959248185157776,0.013364205323159694,role_local,0.04617389440536499,0.00909781038062647,0.00029155839999999995,0.000289448,0.00289448,256.0,1.2720221519470214,126624.0,1.6378021240234375,1.0055229663848877,0.5367558598518372,support>combat,4,0.0,0.0,-0.016508005336315062,-0.00927734375,0.0,0.006243338837521151,0.006243338837521151,0.0,0.0,0.0,0.0,0.0,0.0,0.8844401219394058,0.4509297348558903,0.006243338837521151,0.0,-0.03000741954019759,-0.03000741954019759,-0.8167397289071232,0.0,-0.01633554478030419,-0.013671875,0.32315001788083464,0.0,0.0,0.0,0.0,0.0,-0.028651891705521848,-0.028651891705521848,-0.8466446115635335,0.0,-0.01693314185467898,-0.01171875,0.2176481341884937,0.0,0.0,0.0,0.0,0.0,-0.027974079068371793,-0.027974079068371793,-0.8127445392310619,0.0,-0.016255329373962013,-0.01171875,0.13521516736363992,0.0,0.0,0.0,0.0,0.0,0.006243338837521151,0.0,-0.02009751428340678,-0.019999999552965164,-0.0012100575389922597,-0.007374695036560297,0.17729012668132782,0.977802038192749,0.0,2048,0.014029854908585548,0.10853083431720734,0.0275390625,0.9509235620498657,1.2635785460472106,0.31485748291015625,0.0030699701252160593,10,-0.002513804566115141,0.3686349888642629,0.004831415438093245,128.0271900229865,62.0,0.00909781038062647,15828.0,989.0399061110802
0.3640934132039547,-0.0022536876262165607,0.006308588192602346,0.08261476550251245,4994,2048,1.2819330096244812,0.2598227009177208,0.13349609375,0.009352233592653646,0.04310227893292904,0.0038783197588272587,1.0,10,-0.0018509011482819916,0.37107227245966595,0.03665074668824673,0.9828119874000549,0.0034649060679744713,0.016655541956424713,0.15828631818294525,0.04243268895661458,0.9801141023635864,0.0038798105770648126,0.022886624559760094,0.15248307585716248,0.04997594547457993,0.9432023167610168,0.004274265099610647,-0.0029221693985164165,0.2501135468482971,0.015041915420442819,role_local,0.04157429132610559,0.02352898116223514,0.00029142186666666664,0.0002892773333333333,0.0028927733333333336,256.0,1.271593314409256,128672.0,2.038106679916382,0.9975414276123047,0.5209436416625977,combat>support,6,0.0,-2.441406286379788e-05,-0.01620565987104783,-0.0078125,0.0,0.002986148258059984,0.002986148258059984,0.0,-9.765625145519152e-05,0.0,-0.001953125,0.0,0.0,0.740234375,0.34599864479969256,0.005036929400375811,0.0,-0.023611633201653603,-0.023611633201653603,-0.7899498019833118,0.0,-0.0157991333908285,-0.0078125,0.11405511551311065,0.0,0.0,0.0,0.0,0.0,-0.02615990148478886,-0.02615990148478886,-0.8196946019306779,0.0,-0.01639427673217142,-0.009765625,0.14003405517723877,0.0,0.0,0.0,0.0,0.0,-0.02814231935190037,-0.02814231935190037,-0.8211758367251605,0.0,-0.016423569490143564,-0.01171875,0.10994154901709408,0.0,0.0,0.0,0.0,0.0,0.005036929400375811,0.0,-0.01873192771381582,-0.019999999552965164,-0.0022536876262165607,0.012139315716922283,0.19298867881298065,0.9707396030426025,0.0,1961,-0.03693510219454765,0.27036941051483154,0.12212725207209588,0.626473069190979,1.2612536191940307,0.4683641254901886,0.008738856626377434,10,-0.00265647410415113,0.3682676355044047,0.03201604690402746,128.35887948381674,63.0,0.02352898116223514,16084.0,1002.4394145340193
0.37373619377613065,-0.004115965485107153,0.006044217030343278,0.08087647848878987,4923,2048,1.2816171169281005,0.2829472467303276,0.133984375,0.00996944580692798,0.05094234129646793,0.00431155820353821,1.0,10,-0.0039737727958709,0.37080437938372296,0.053300554491579534,0.9654154777526855,0.004427093673630414,0.019626809284090996,0.16256290674209595,0.05164591232314706,0.9716994166374207,0.0044194126005422775,-0.004187766928225756,0.18382368981838226,0.04730834501096979,0.9779113531112671,0.004059094068911762,0.009524805471301079,0.15937785804271698,0.01280844071879983,role_local,0.059603717364370826,0.033305261516943574,0.00029128533333333333,0.00028910666666666666,0.0028910666666666666,256.0,1.2705689668655396,130720.0,2.160069227218628,0.9977500438690186,0.4053506553173065,support>combat,5,0.0,-2.441406286379788e-05,-0.01596816508390475,-0.00927734375,0.0,0.0023061619613145012,0.0023061619613145012,0.0,-9.765625145519152e-05,0.0,-0.00390625,0.0,0.0,0.82470703125,0.501873372180853,0.006310068338279962,0.0,-0.027828920392494183,-0.027828920392494183,-0.9031172608956695,0.0,-0.018063295654428657,-0.009765625,0.06901617700350471,0.0,0.0,0.0,0.0,0.0,-0.0287783670501085,-0.0287783670501085,-0.755306537495926,0.0,-0.015106492246559355,-0.013671875,0.22005393990548328,0.0,0.0,0.0,0.0,0.0,-0.024500332125171553,-0.024500332125171553,-0.7367159300483763,0.0,-0.01473470735072624,-0.009765625,0.25994661304866895,0.0,0.0,0.0,0.0,0.0,0.006310068338279962,0.0,-0.019700365293829236,-0.019999999552965164,-0.004115965485107153,0.009002742357552052,0.16891878843307495,0.9728958606719971,0.0,1691,-0.05437448248267174,0.3702734410762787,0.11081061568111181,0.5287729501724243,1.2595208168029786,0.46452514082193375,0.007776875857148346,10,-0.0042581581743434075,0.36834033330281574,0.05380208231508732,128.68097716661154,64.0,0.033305261516943574,16340.0,1015.8455653530546
0.31050131767988204,-0.0018519669662055093,0.00212285176638822,0.020268635754473508,5060,2048,1.2801997184753418,0.2259804666042328,0.08447265625,0.006750531663419679,0.028368965396657585,0.0026717968420195528,1.0,10,-0.0020030538653372787,0.3709786534309387,0.02669856883585453,0.9521185755729675,0.0026355829322686985,-0.01388587523251772,0.19069965183734894,0.027871096786111594,0.9647899866104126,0.0026258033856865317,-0.0035984530113637447,0.18250469863414764,0.030973040219396352,0.9681980609893799,0.0027679530221055237,-0.01913042925298214,0.21332666277885437,0.015245610754936934,role_local,0.06677971817553044,0.03537803064100444,0.00029114879999999997,0.000288936,0.00288936,256.0,1.2708663284778594,132768.0,2.240546226501465,1.0084487199783325,0.454420268535614,support>combat,9,0.0,0.0,-0.016402868609778427,-0.009765625,0.0,0.001150155649156659,0.001150155649156659,0.0,0.0,0.0,-0.00390625,0.0,0.0,0.76318359375,0.33394522554590367,0.005056405716459267,0.0,-0.031665851769503206,-0.031665851769503206,-0.8996989508159459,0.0,-0.01799397715512896,-0.013671875,0.02826352727424819,0.0,0.0,0.0,0.0,0.0,-0.0263289599242853,-0.0263289599242853,-0.8281069123186171,0.0,-0.01656333517166786,-0.009765625,0.0606233152175264,0.0,0.0,0.0,0.0,0.0,-0.026370043313363567,-0.026370043313363567,-0.7325568275991827,0.0,-0.014651293502538465,-0.01171875,0.17138859440456145,0.0,0.0,0.0,0.0,0.0,0.005056405716459267,0.0,-0.02080367586677312,-0.019999999552965164,-0.0018519669662055093,-0.011988562531769276,0.1951981782913208,0.9635865688323975,0.0,1565,-0.0959957167506218,0.3878718316555023,0.012168306112289428,0.4741257429122925,1.2615329384803773,0.3950221687555313,0.0015739066907568878,10,-0.0017008800670737401,0.36869903405507404,0.05551045052707195,128.98041542612918,65.0,0.03537803064100444,16596.0,1029.3655789629556
0.30248247608542445,-0.006282158137037186,0.004341789951458447,0.053587032156065105,5338,2048,1.2823718428611754,0.32418941259384154,0.21865234375,0.016885600858950058,0.08643342442810535,0.006317771170616948,1.0,10,-0.004899578889308032,0.3710988958676656,0.09141461681574584,0.975641667842865,0.006485435095203751,0.005640038754791021,0.16878469288349152,0.08234520331025123,0.9596731662750244,0.006086247221864205,0.013879666104912758,0.11541980504989624,0.08622258510440588,0.9762401580810547,0.006423417024332312,0.0009409977355971932,0.1445877104997635,0.009943829197436572,role_local,0.07808482758700848,0.015844859881326556,0.00029101226666666667,0.0002887653333333333,0.0028876533333333336,256.0,1.27337589263916,134816.0,1.8892195224761963,0.9959916472434998,0.47963738441467285,combat>support,4,0.0,0.0,-0.017318030022579478,-0.00830078125,0.0,0.0032471116455781157,0.0032471116455781157,0.0,0.0,0.0,-0.001953125,0.0,0.0,0.86572265625,0.2895576843584422,0.005200236721975671,0.0,-0.026316452538594604,-0.026316452538594604,-0.8275196528993547,0.0,-0.016550827676837798,-0.009765625,0.31542074725439306,0.0,0.0,0.0,0.0,0.0,-0.028985757795453537,-0.028985757795453537,-0.9609700466971844,0.0,-0.01922013306466397,-0.009765625,0.2736541621707147,0.0,0.0,0.0,0.0,0.0,-0.02790187904247432,-0.02790187904247432,-0.8091120179742575,0.0,-0.016183129326236667,-0.01171875,0.4029484588827472,0.0,0.0,0.0,0.0,0.0,0.005200236721975671,0.0,-0.019989245574834058,-0.019999999552965164,-0.006282158137037186,0.007222245447337627,0.14333675801753998,0.9740428328514099,0.0,1774,-0.074675053358078,0.23011279106140137,0.02074063988402486,0.7797468900680542,1.2643799424171447,0.2807755395770073,0.0023658087322999456,10,-0.00766473738476634,0.36899136503537494,0.02174589056521654,129.26184935650616,66.0,0.015844859881326556,16852.0,1042.9682127491105
0.25701010078191755,-0.0023817954381229354,0.0018984684731858602,0.016438019659835844,5292,2048,1.28251394033432,0.19541002660989762,0.08828125,0.006466616655234248,0.021163175301626324,0.002496468839912691,1.0,10,-0.0018134555633878336,0.3711186746756236,0.013142000674270094,0.9860678911209106,0.0020128314185222235,-0.04654094949364662,0.151790589094162,0.028330254647880793,0.9110864996910095,0.0029007286609255443,0.03321434184908867,0.17475509643554688,0.019989773945417254,0.9774284958839417,0.00245955836574257,0.0030887809116393328,0.1452779918909073,0.011538216564804315,role_local,0.0546526201069355,0.019550945656374098,0.0002908757333333333,0.0002885946666666666,0.0028859466666666667,256.0,1.2746140956878662,136864.0,2.271362781524658,1.0118041038513184,0.5065624713897705,support>combat,1,0.0,0.0,-0.017155509628840566,-0.0107421875,0.0,0.0035581789852585644,0.0035581789852585644,0.0,0.0,0.0,-0.001953125,0.0,0.0,0.8837890625,0.3293579748715274,0.0055113040580181405,0.0,-0.03085804782313062,-0.03085804782313062,-0.7616329879965633,0.0,-0.015233048201480415,-0.015625,0.22664377238834277,0.0,0.0,0.0,0.0,0.0,-0.03338594325759914,-0.03338594325759914,-0.9856532712001354,0.0,-0.01971406801021658,-0.013671875,0.16499390566605143,0.0,0.0,0.0,0.0,0.0,-0.028238162492925767,-0.028238162492925767,-0.8258555477950722,0.0,-0.016519412674824707,-0.01171875,0.34808512165909633,0.0,0.0,0.0,0.0,0.0,0.0055113040580181405,0.0,-0.022230994476558408,-0.019999999552965164,-0.0023817954381229354,-8.299489854834974e-05,0.1623506397008896,0.9746342301368713,0.0,1811,-0.06153195723891258,0.2519819438457489,0.011712864018045365,0.7536394596099854,1.2667142510414124,0.3186101749539375,0.0013004681064590295,10,-0.0029501353128580377,0.36933942635854083,0.027563674747943877,129.68127199434377,67.0,0.019550945656374098,17108.0,1055.3875505321193
0.32595559805631635,0.00033496939358883536,0.004851593321575013,0.06203552936203778,5452,2048,1.2831817746162415,0.2507485955953598,0.119921875,0.008517127405502834,0.03060918627306819,0.003069273823770541,1.0,10,-0.0016294980465318075,0.3712456027666728,0.032638238929212096,0.9614428281784058,0.0032444125367744325,-0.03806624561548233,0.1922110617160797,0.028168685734272003,0.9601786732673645,0.0028141828569115982,0.007447933778166771,0.17654724419116974,0.03116036355495453,0.9534412026405334,0.003162727049641001,-0.012660493142902851,0.21194718778133392,0.016540120542049407,role_local,0.05631857179105282,0.024904897063970567,0.0002907392,0.00028842399999999996,0.00288424,256.0,1.2768853724002838,138912.0,1.9438761472702026,0.9971650838851929,0.4062117040157318,combat>support,2,0.0,0.0,-0.01767444062231031,-0.009765625,0.0,0.002262440195408999,0.002262440195408999,0.0,0.0,0.0,-0.00390625,0.0,0.0,0.8564453125,0.4571514697163366,0.006168690064441762,0.0,-0.029177765813074075,-0.029177765813074075,-0.8729110448621213,0.0,-0.017459015994973015,-0.01171875,0.06456656327463861,0.0,0.0,0.0,0.0,0.0,-0.03001177525584353,-0.03001177525584353,-0.9146513747982681,0.0,-0.018293025583261624,-0.01171875,0.12445041019236669,0.0,0.0,0.0,0.0,0.0,-0.02899003004131373,-0.02899003004131373,-0.8635153227951378,0.0,-0.01727128028869629,-0.01171875,0.15342254197457805,0.0,0.0,0.0,0.0,0.0,0.006168690064441762,0.0,-0.021479284310771618,-0.019999999552965164,0.00033496939358883536,-0.014082720503211021,0.194684237241745,0.9584328532218933,0.0,1756,-0.04875310882925987,0.28906336426734924,0.09346187245100737,0.7385530471801758,1.2705889701843263,0.4011626005172729,0.006633912819379484,10,0.0022994368337094784,0.36996060609817505,0.033269673585891724,129.95375689811542,68.0,0.024904897063970567,17364.0,1068.9340832901653
0.33626171201467514,-0.0014784009312279523,0.007108599012549848,0.09357140903011896,4807,2048,1.2838054895401,0.2449537083506584,0.14677734375,0.010738756996579469,0.050699288037139925,0.004520756797424807,1.0,10,-0.002536442852579057,0.3711889187494914,0.05361738997744396,0.9763801693916321,0.004676422320344461,-0.04120923578739166,0.21911966800689697,0.050559530570171776,0.9137502908706665,0.0044765385418751,0.03826077654957771,0.18773487210273743,0.04778451498132199,0.9802224040031433,0.004420016515411801,-0.04047921672463417,0.19752004742622375,0.01603828212246299,role_local,0.059018400683999064,0.03866774453781545,0.00029060266666666663,0.0002882533333333333,0.002882533333333333,256.0,1.2799078106880188,140960.0,1.9832218885421753,0.9949140548706055,0.41825735569000244,combat>support,13,0.0,-2.441406286379788e-05,-0.015611177051444733,-0.0068359375,0.0,-0.0028161291916717346,-0.0028161291916717346,0.0,-9.765625145519152e-05,0.0,-0.005859375,0.0,0.0,0.705566403339617,0.05310610236483626,0.0031409021772219603,0.0,-0.02179590043670032,-0.02179590043670032,-0.6991690553259104,0.0,-0.0139834005949524,-0.0078125,-0.3129198008100502,0.0,0.0,0.0,0.0,0.0,-0.021757261172751896,-0.021757261172751896,-0.9901946161407977,0.0,-0.019804136230959557,-0.001953125,-0.6451284163631499,0.0,0.0,0.0,0.0,0.0,-0.024764744093772606,-0.024764744093772606,-0.6522997741121799,0.0,-0.013045994328422239,-0.01171875,-0.19107460523446207,0.0,0.0,0.0,0.0,0.0,0.0031409021772219603,0.0,-0.017783509436412714,-0.019999999552965164,-0.0014784009312279523,-0.007461711298674345,0.20405466854572296,0.9720166325569153,0.0,1524,-0.0644758939743042,0.4161452651023865,0.136443530023098,0.5704740881919861,1.2760101318359376,0.42756971567869184,0.009696441227674888,10,-0.00042035900987684726,0.3706423044204712,0.06129720695316791,130.35352101595086,69.0,0.03866774453781545,17620.0,1081.3670309891459
0.4083350636065006,0.0003305788559373468,0.004412615794894303,0.05623356673168019,3988,2048,1.2830024719238282,0.2979763075709343,0.08349609375,0.006969674421998207,0.04170099089387804,0.0035061586486172303,1.0,10,-0.00411627534776926,0.3711406886577606,0.06749625205993652,0.9847621917724609,0.004910886719609131,-0.053326331079006195,0.11496391147375107,0.03203125,0.9428190588951111,0.0030149725134833716,-0.03139011561870575,0.1315700262784958,0.034086049534380436,0.9908502101898193,0.0030117056170536837,0.020342763513326645,0.10565802454948425,0.005942720826715231,role_local,0.07449380904436112,0.017909631272777914,0.00029046613333333333,0.00028808266666666664,0.0028808266666666667,256.0,1.2816546380519866,143008.0,2.3753674030303955,0.9987375736236572,0.3493444621562958,combat>support,15,0.0,-1.220703143189894e-05,-0.012971343168828753,-0.00244140625,0.0,-0.002454542727491571,-0.002454542727491571,0.0,-4.882812572759576e-05,0.0,-0.00390625,0.0,0.0,0.338053384097293,0.024720329063711688,0.0015005354955519579,0.0,-0.0120598404246266,-0.0120598404246266,-0.5053357852157205,0.0,-0.010106715461006388,-0.001953125,-0.2225277342076879,0.0,0.0,0.0,0.0,0.0,-0.02194231333123753,-0.02194231333123753,-0.9994445003103465,0.0,-0.01998918838944519,-0.001953125,-0.7302193732466549,0.0,0.0,0.0,0.0,0.0,-0.01077125062874984,-0.01077125062874984,-0.440862447489053,0.0,-0.008818125656034681,-0.001953125,-0.17144466601894237,0.0,0.0,0.0,0.0,0.0,0.0015005354955519579,0.0,-0.011806987080490217,-0.019999999552965164,0.0003305788559373468,-0.02536187879741192,0.12469584494829178,0.9852893352508545,0.0,769,-0.0679585263133049,0.38205471634864807,0.07076614256948233,0.8253733515739441,1.2803068041801453,0.518693819642067,0.005319072941171376,10,0.004777433059643954,0.3708738088607788,0.029876541718840598,130.68891467409227,70.0,0.017909631272777914,17876.0,1094.2626645620912
0.4223463341593742,-0.0004710018169134855,0.0052698331142827706,0.06498784771538339,4366,2048,1.2834852576255797,0.24703113436698915,0.101171875,0.007411522199981846,0.03229960704920813,0.003533959252807145,1.0,10,-0.0015688011422753333,0.37128469347953796,0.028361158864572644,0.98297119140625,0.0034313592560963,-0.07893417030572891,0.14420711994171143,0.035298010380938646,0.8493312001228333,0.0036164246623464403,0.043083555996418,0.30313217639923096,0.03138481061905622,0.9830855131149292,0.0035017594716566457,0.01641196198761463,0.19885732233524323,0.019802015833556653,role_local,0.07295325808227063,0.014308373094536364,0.00029032959999999997,0.000287912,0.00287912,256.0,1.282325303554535,145056.0,1.949633002281189,1.000326156616211,0.433538019657135,combat>support,4,0.0,-2.441406286379788e-05,-0.01418868193529003,-0.00341796875,0.0,0.0033638119721217663,0.0033638119721217663,0.0,0.0,0.0,0.0,0.0,0.0,0.4202473958139308,0.2804703988949768,0.0033638119721217663,0.0,-0.018095101113431156,-0.018095101113431156,-0.6093448952306062,-4.882812572759576e-05,-0.012186898113213829,-0.005859375,-0.2664726174552925,0.0,0.0,0.0,0.0,0.0,-0.025360559193359222,-0.025360559193359222,-0.9726158499252051,-4.882812572759576e-05,-0.01945235623861663,-0.005859375,-0.5329628547769971,0.0,0.0,0.0,0.0,0.0,-0.012879916435849736,-0.012879916435849736,-0.5463383418973535,0.0,-0.01092679145403963,-0.001953125,-0.08480387504096143,0.0,0.0,0.0,0.0,0.0,0.0033638119721217663,0.0,-0.013242941840871936,-0.019999999552965164,-0.0004710018169134855,0.0012795338407158852,0.24655941128730774,0.9625624418258667,0.0,882,0.02352040633559227,0.08126740902662277,0.09767608838155865,0.810525119304657,1.28116534948349,0.5976615339517594,0.007005706975758396,10,0.0006267975084483623,0.3710154592990875,0.008814730355516076,131.11917743933643,71.0,0.014308373094536364,18132.0,1106.2912598510738
0.3571615137159824,-0.0019284848407551181,0.004370360819017349,0.05090873627923429,5923,2048,1.284852921962738,0.26526988595724105,0.17626953125,0.012085707983351313,0.04547859998419881,0.004091204604322463,1.0,10,-0.0004237971268594265,0.3715071380138397,0.04311377434059978,0.9746658802032471,0.0040050315706678715,-0.005959550850093365,0.11656934767961502,0.05236441381275654,0.9564282298088074,0.004351023651061436,-0.004117381758987904,0.14399155974388123,0.04089499255642295,0.9520958065986633,0.0039151451829838365,-0.010359636507928371,0.15109789371490479,0.008836564607918262,role_local,0.04335539937019348,0.015523971524089575,0.00029019306666666666,0.0002877413333333333,0.0028774133333333333,256.0,1.2835108637809753,147104.0,2.1899430751800537,0.9957934021949768,0.5038641691207886,support>combat,4,0.0,-2.441406286379788e-05,-0.019238872674274415,-0.005859375,0.0,0.003520616932746634,0.003520616932746634,0.0,0.0,0.0,-0.001953125,0.0,0.0,0.7880859375,0.3868997143654269,0.005473742034610041,0.0,-0.02284384529775707,-0.02284384529775707,-0.9443760004360229,-4.882812572759576e-05,-0.01888876727753086,-0.00390625,-0.03378041321411729,0.0,0.0,0.0,0.0,0.0,-0.027219051014981233,-0.027219051014981233,-0.9703274199273437,0.0,-0.01940655124053592,-0.0078125,-0.04074515597312711,0.0,0.0,0.0,0.0,0.0,-0.029235752415843308,-0.029235752415843308,-0.9710412719286978,-4.882812572759576e-05,-0.019421299504756462,-0.009765625,0.02715327069745399,0.0,0.0,0.0,0.0,0.0,0.005473742034610041,0.0,-0.0189445095420524,-0.019999999552965164,-0.0019284848407551181,-0.006821304559707642,0.1382380872964859,0.9622870683670044,0.0,1615,-0.04684852808713913,0.23800653219223022,0.05633887257426977,0.7829145789146423,1.2821688055992126,0.4490531414747238,0.004649517033712236,10,-0.0034331725546508096,0.37106921275456745,0.022211378440260887,131.38333305918312,72.0,0.015523971524089575,18388.0,1119.6549560341518
0.33934288248419764,-0.0012384028406813741,0.004145225973198187,0.046457658126018944,5441,2048,1.2867295026779175,0.19898030757904053,0.096875,0.006839573927572928,0.017104782862588763,0.002472173948557285,1.0,10,-0.00208391547203064,0.37171035011609393,0.024707709811627863,0.9515823125839233,0.0028222532465537963,-0.03469051048159599,0.18965278565883636,0.014229893079027533,0.9675377011299133,0.0024696546901676886,-0.013621707446873188,0.17548885941505432,0.012118553835898637,0.9647302031517029,0.002110617320800312,-0.006089274305850267,0.17514516413211823,0.014254694618284703,role_local,0.06634217947721481,0.034144744370132686,0.0002900565333333333,0.00028757066666666665,0.0028757066666666668,256.0,1.2840056598186493,149152.0,1.8931597471237183,0.9995046854019165,0.46235936880111694,combat>support,7,0.0,-3.662109429569682e-05,-0.01766296440473525,-0.0078125,0.0,-0.001937585993346147,-0.001937585993346147,0.0,0.0,0.0,-0.005859375,0.0,0.0,0.55615234375,0.2828632969176397,0.0039217891394400795,0.0,-0.02781666337250499,-0.02781666337250499,-0.9001024167519063,-4.882812572759576e-05,-0.01800221050507389,-0.009765625,-0.28636136537534185,0.0,0.0,0.0,0.0,0.0,-0.025525201046548318,-0.025525201046548318,-0.8831714747939259,-4.882812572759576e-05,-0.01766387314273743,-0.0078125,-0.17068309252499603,0.0,0.0,0.0,0.0,0.0,-0.025184137477481272,-0.025184137477481272,-0.8661198779009283,-4.882812572759576e-05,-0.017322809566394426,-0.0078125,-0.10157276052632369,0.0,0.0,0.0,0.0,0.0,0.0039217891394400795,0.0,-0.02011589834364713,-0.019999999552965164,-0.0012384028406813741,-0.018323898315429688,0.18072852492332458,0.9615681171417236,0.0,1142,-0.08065564930438995,0.4459671378135681,0.07581053338944913,0.5941277742385864,1.2812818169593811,0.4797054573893547,0.0058182779978390884,10,-0.0003928902093321085,0.37069417039553326,0.054034794121980666,131.6815695896174,73.0,0.034144744370132686,18644.0,1132.6717965530697
0.3910988993942738,0.0023286866839043797,0.006529635995692734,0.08674084150698036,5169,2048,1.288139009475708,0.28090602308511736,0.16591796875,0.01253197121550329,0.06162929385900497,0.004915541453337691,1.0,10,-0.0021760348929092286,0.3718567391236623,0.05820009340532124,0.9663877487182617,0.004551710857356073,-0.010795910842716694,0.16418905556201935,0.06355108646675944,0.9703916907310486,0.00525554227031858,-0.02309352159500122,0.18646839261054993,0.06336171138100326,0.9628803133964539,0.004973499464921793,0.01212352979928255,0.16465003788471222,0.011531293485313654,role_local,0.05843453798443079,0.01585646183229983,0.00028992,0.0002874,0.0028740000000000003,256.0,1.2829719722270965,151200.0,2.0088188648223877,0.9980610609054565,0.4527069330215454,combat>support,8,0.0,-4.882812572759576e-05,-0.016804881136825617,-0.00244140625,0.0,0.0014283060991147067,0.0014283060991147067,0.0,0.0,0.0,-0.001953125,0.0,0.0,0.46826171875,0.2513973655295558,0.0033814310609159293,0.0,-0.019517966342391446,-0.019517966342391446,-0.8733464195393026,-9.765625145519152e-05,-0.017467185149143916,-0.001953125,-0.3806991797173396,0.0,0.0,0.0,0.0,0.0,-0.01978430176677648,-0.01978430176677648,-0.7914612584281713,-4.882812572759576e-05,-0.01582922374655027,-0.00390625,-0.26732669211924076,0.0,0.0,0.0,0.0,0.0,-0.019120187585940585,-0.019120187585940585,-0.8558546386193484,-4.882812572759576e-05,-0.01711823451478267,-0.001953125,-0.3949061042512767,0.0,0.0,0.0,0.0,0.0,0.0033814310609159293,0.0,-0.014248538856918458,-0.019999999552965164,0.0023286866839043797,-0.006879935506731272,0.172258198261261,0.966944694519043,0.0,960,-0.018885742872953415,0.295481413602829,0.11185238915495574,0.7681829929351807,1.277804934978485,0.5012917757034302,0.008143730538047778,10,0.006833408260717988,0.3704180220762889,0.020181630179286,131.99887662903288,74.0,0.01585646183229983,18900.0,1145.464293797966
0.2956411302089691,-0.003264655342354672,0.0024615166602199425,0.023607580477255398,4698,2048,1.289391005039215,0.2263189122080803,0.11240234375,0.008564953610766679,0.041925918991910296,0.0036424367194171524,1.0,10,-0.004889056819956749,0.3720317979653676,0.04713748173089698,0.9714723229408264,0.00402271790077594,0.014019375666975975,0.2111550271511078,0.04436415028758347,0.9844319820404053,0.003728917333826526,-0.03347501903772354,0.1799725890159607,0.035165172989945856,0.9763339161872864,0.00322242600884991,-0.0028936704620718956,0.15014219284057617,0.013563285302370786,role_local,0.04807155504822731,0.0172322201076895,0.00028978346666666663,0.00028722933333333333,0.0028722933333333333,256.0,1.2832962274551392,153248.0,2.403270721435547,1.0035691261291504,0.4174133241176605,support>combat,7,0.0,-4.882812572759576e-05,-0.015235538530153766,-0.0078125,0.0,0.001460347914871818,0.001460347914871818,0.0,-4.882812572759576e-05,0.0,-0.001953125,0.0,0.0,0.5349934846162796,0.2203878463478759,0.0034623010533323395,0.0,-0.02554526257154066,-0.02554526257154066,-0.7865405536722392,-4.882812572759576e-05,-0.015730809682281688,-0.009765625,-0.2724745035520755,0.0,0.0,0.0,0.0,0.0,-0.022811203740275232,-0.022811203740275232,-0.6522655587177724,0.0,-0.01304557895855396,-0.009765625,-0.18883325322531164,0.0,0.0,0.0,0.0,0.0,-0.026793507939146366,-0.026793507939146366,-0.8409814829938114,-9.765625145519152e-05,-0.01693022694962565,-0.009765625,-0.18163766065845266,0.0,0.0,0.0,0.0,0.0,0.0034623010533323395,0.0,-0.018422407629259396,-0.019999999552965164,-0.003264655342354672,-0.0057979426346719265,0.18248969316482544,0.9788393974304199,0.0,1284,-0.018567251041531563,0.26062139868736267,0.005289241962600499,0.8192840814590454,1.2772014498710633,0.36496334820985793,0.0012805966010227322,10,-0.0016402538647525943,0.37055323521296185,0.020901154913008212,132.25610220926558,75.0,0.0172322201076895,19156.0,1158.7215821431018
0.33873704373836516,4.055621684528887e-05,0.0027130762294220066,0.030530125663790385,4767,2048,1.2913284420967102,0.22746966481208802,0.10322265625,0.008032796434417833,0.04052500894467812,0.0034453966142889538,1.0,10,0.00022591445595026015,0.37233712275822956,0.05403344463557005,0.9648075699806213,0.004265866456469075,0.008569630794227123,0.23642028868198395,0.03396126260049641,0.9788801670074463,0.0029766666141297,0.048717208206653595,0.20006436109542847,0.03473309120163322,0.9496880173683167,0.0031540814909966296,0.058642059564590454,0.21364934742450714,0.016785426530987024,role_local,0.08108044192194938,0.028988387482240797,0.0002896469333333333,0.00028705866666666667,0.002870586666666667,256.0,1.2849901974201203,155296.0,2.3637218475341797,0.9989343881607056,0.38526272773742676,support>combat,10,0.0,-2.441406286379788e-05,-0.015471101736087197,-0.0048828125,0.0,-0.00199377983631166,-0.00199377983631166,0.0,-4.882812572759576e-05,0.0,-0.00390625,0.0,0.0,0.4103190111927688,0.05333705286466284,0.001961298374908438,0.0,-0.020325461999163963,-0.020325461999163963,-0.7232907670550048,0.0,-0.014466087137407158,-0.005859375,-0.32781270385021344,0.0,0.0,0.0,0.0,0.0,-0.020561536875902675,-0.020561536875902675,-0.7351022404618561,0.0,-0.014702162006869912,-0.005859375,-0.06138362598721869,0.0,0.0,0.0,0.0,0.0,-0.02120013408421073,-0.02120013408421073,-0.8612451064400375,-4.882812572759576e-05,-0.01724505606398452,-0.00390625,-0.25920811368268915,0.0,0.0,0.0,0.0,0.0,0.001961298374908438,0.0,-0.01602022978113382,-0.019999999552965164,4.055621684528887e-05,0.0398494191467762,0.21801826357841492,0.9675750136375427,0.0,1351,-0.08933786302804947,0.3590471148490906,0.020535242382902653,0.6813625693321228,1.2786519527435303,0.45000442266464236,0.00198075584455506,10,-0.0001448020222596824,0.37073586384455365,0.04119134843349457,132.52244706259881,76.0,0.028988387482240797,19412.0,1171.8467583581805
0.3167448814958334,-0.002312019478995353,0.0027920670632396324,0.02797975771827623,5199,2048,1.2937519788742065,0.21369023248553276,0.09990234375,0.007551548548508436,0.028316953382454813,0.0028747637454870716,1.0,10,-0.0018691117176786066,0.3726077675819397,0.02623409600928426,0.9647389054298401,0.00279585663130798,-0.043248433619737625,0.2024410367012024,0.028096005285624413,0.9880681037902832,0.002853392986479364,-0.0070518008433282375,0.11808443814516068,0.030306540708988906,0.9694405794143677,0.0029611718237389393,-0.001408813870511949,0.15398721396923065,0.010742918401956559,role_local,0.044896272011101246,0.007651713758241386,0.00028951039999999996,0.00028688799999999995,0.00286888,256.0,1.2868339657783507,157344.0,2.1240146160125732,0.9933770895004272,0.35429584980010986,combat>support,4,0.0,-3.662109429569682e-05,-0.016881567575183,-0.00390625,0.0,0.004382035404887574,0.004382035404887574,0.0,0.0,0.0,0.0,0.0,0.0,0.5986328125,0.3312506937654689,0.004382035404887574,0.0,-0.021786133584100753,-0.021786133584100753,-0.7914551959838718,-9.765625145519152e-05,-0.01582910249271663,-0.005859375,-0.26463077776134014,0.0,0.0,0.0,0.0,0.0,-0.020525787153019337,-0.020525787153019337,-0.8285355300176889,-4.882812572759576e-05,-0.01657070912551717,-0.00390625,-0.06352005934240879,0.0,0.0,0.0,0.0,0.0,-0.024104265954520088,-0.024104265954520088,-0.9122379720211029,0.0,-0.018244891107315198,-0.005859375,-0.05654143621723051,0.0,0.0,0.0,0.0,0.0,0.004382035404887574,0.0,-0.015508539207075955,-0.019999999552965164,-0.002312019478995353,-0.016324425116181374,0.16200491786003113,0.9757087230682373,0.0,1362,-0.022857971489429474,0.07600471377372742,0.027642562054097652,0.8720400333404541,1.279915952682495,0.41979953050613406,0.002709370380992193,10,-0.0027549272403120995,0.370841642220815,0.004560509114526212,132.81938057291185,77.0,0.007651713758241386,19668.0,1184.6463921251707
0.30711685344576833,-0.002818926758482121,0.003152540544494385,0.031954070522624535,5026,2048,1.2953389883041382,0.2679733708500862,0.0921875,0.006608513911487535,0.02939262594736647,0.0027547729393859327,1.0,10,-0.004188944486668333,0.37268245220184326,0.020378207322210073,0.9710468053817749,0.0023437432089587706,-0.027862079441547394,0.18685585260391235,0.0328735401853919,0.9797459840774536,0.0030730424922920776,-0.03612217307090759,0.1631796658039093,0.035496870859060434,0.9778573513031006,0.0028724453765657963,-0.03887779265642166,0.1720360517501831,0.01308620385825634,role_local,0.0847710270434618,0.022163739893585443,0.00028937386666666665,0.0002867173333333333,0.0028671733333333334,256.0,1.287803554534912,159392.0,2.087684154510498,0.9994574785232544,0.45193952322006226,support>combat,8,0.0,-2.441406286379788e-05,-0.016290605937683722,-0.01123046875,0.0,-0.00010224289417237742,-0.00010224289417237742,0.0,0.0,0.0,-0.00390625,0.0,0.0,0.6630859375,0.1919438894256018,0.0038040070330680464,0.0,-0.026757575069495942,-0.026757575069495942,-0.8495976007543504,0.0,-0.016991950331430417,-0.009765625,-0.4790280207525939,0.0,0.0,0.0,0.0,0.0,-0.031678932638897095,-0.031678932638897095,-0.800239235162735,-4.882812572759576e-05,-0.016005104840587592,-0.015625,-0.15699789974314626,0.0,0.0,0.0,0.0,0.0,-0.03154859029382351,-0.03154859029382351,-0.793702928815037,-4.882812572759576e-05,-0.015874762641033158,-0.015625,-0.19395025709673064,0.0,0.0,0.0,0.0,0.0,0.0038040070330680464,0.0,-0.022521836173837073,-0.019999999552965164,-0.002818926758482121,-0.03415019065141678,0.1746208369731903,0.9765138030052185,0.0,1360,-0.10629276931285858,0.30528026819229126,0.0345155150978826,0.84087073802948,1.280268120765686,0.3462603360414505,0.0035503081496028378,10,-0.0014489090302959085,0.370836466550827,0.03124127592891455,133.13235424755095,78.0,0.022163739893585443,19924.0,1197.2446585269645
0.3684079758822918,-0.003782792901620269,0.004966099862985714,0.06137651894241571,4220,2048,1.2953273892402648,0.2747540697455406,0.1701171875,0.013665407738881186,0.0826244686730206,0.006212135663099874,1.0,10,-0.005238734232261777,0.3725852072238922,0.07372091743163764,0.9617539048194885,0.005744662391953171,-0.06902908533811569,0.2533603012561798,0.1081901516765356,0.9760555624961853,0.007298546455645177,-0.062416303902864456,0.2534981369972229,0.07250761869363487,0.9759311676025391,0.005870527393665286,-0.013617203570902348,0.20686861872673035,0.01893116030842066,role_local,0.09280857034027576,0.012442538142204284,0.0002892373333333333,0.00028654666666666663,0.002865466666666667,256.0,1.287750256061554,161440.0,2.2098636627197266,1.0042617321014404,0.403999924659729,support>combat,9,0.0,0.0,-0.013659649888116595,-0.009765625,0.0,0.005342069436665042,0.005342069436665042,0.0,0.0,0.0,0.0,0.0,0.0,0.705078125,0.4202928221493494,0.005342069436665042,0.0,-0.028623896028875606,-0.028623896028875606,-0.7474702626932412,0.0,-0.014952021363569656,-0.013671875,-0.16521254589315504,0.0,0.0,0.0,0.0,0.0,-0.024774381448878557,-0.024774381448878557,-0.5551253604935482,0.0,-0.011102506692623137,-0.013671875,0.13807474925124552,0.0,0.0,0.0,0.0,0.0,-0.026643171346222516,-0.026643171346222516,-0.7462080447003245,0.0,-0.01492442160815699,-0.01171875,0.24131924138055183,0.0,0.0,0.0,0.0,0.0,0.005342069436665042,0.0,-0.018674845736313728,-0.019999999552965164,-0.003782792901620269,-0.0470675565302372,0.23889221251010895,0.9722156524658203,0.0,1444,-0.02708503231406212,0.11785444617271423,0.04012856921181083,0.9196304082870483,1.280173122882843,0.46206188201904297,0.003720064062871553,10,-0.002326851570978761,0.37084507942199707,0.005953915975987911,133.4173168950573,79.0,0.012442538142204284,20180.0,1210.0378253520466
0.3112088553607464,-0.003228825097903609,0.003601433531799557,0.03698410417418927,5001,2048,1.293375599384308,0.23596041649580002,0.10283203125,0.007459892419865355,0.027627700846642254,0.003050004665590131,1.0,10,-0.004202456842176616,0.3721273938814799,0.032946794666349886,0.951820969581604,0.00330117272410112,-0.05618857219815254,0.2657690942287445,0.024596816580742597,0.9789680242538452,0.0028451471049788122,-0.03018234856426716,0.17242078483104706,0.025379677955061197,0.9734148383140564,0.0030027471377060745,-0.032655585557222366,0.1771058887243271,0.018027676455676555,role_local,0.09492529854178429,0.021615800634026527,0.0002891008,0.00028637599999999997,0.00286376,256.0,1.2870190620422364,163488.0,2.265137195587158,1.0043106079101562,0.4120427668094635,support>combat,2,0.0,0.0,-0.0161879822978032,-0.01220703125,0.0,0.004969414674633299,0.004969414674633299,0.0,0.0,0.0,-0.001953125,0.0,0.0,0.86572265625,0.5766081649344414,0.006922539621882606,0.0,-0.03171158576515154,-0.03171158576515154,-0.803274730918929,0.0,-0.01608658622353687,-0.015625,-0.009783643006812781,0.0,0.0,0.0,0.0,0.0,-0.031590295664500445,-0.031590295664500445,-0.7982563292607665,0.0,-0.01596529610833386,-0.015625,0.12652089546463685,0.0,0.0,0.0,0.0,0.0,-0.03213706417591311,-0.03213706417591311,-0.8255444136448205,0.0,-0.016512064561538864,-0.015625,0.1391007852544135,0.0,0.0,0.0,0.0,0.0,0.006922539621882606,0.0,-0.022617384100158233,-0.019999999552965164,-0.003228825097903609,-0.039644524455070496,0.2097216695547104,0.9679639339447021,0.0,1774,-0.06151090934872627,0.23308603465557098,0.04634050750173628,0.7922038435935974,1.2806625247001648,0.38645729422569275,0.004152862398008983,10,-0.002255193353630602,0.3710161844889323,0.0252039248123765,133.62767667007907,80.0,0.021615800634026527,20436.0,1223.459122197004
0.28975780829787257,-0.0010388946888269857,0.0026732602672630773,0.02172127158846706,5148,2048,1.2895328998565674,0.1952212169766426,0.094140625,0.006760448747081682,0.021200953982770443,0.0026404298654037193,1.0,10,0.00035568647435866294,0.37172991037368774,0.02861803025007248,0.98443204164505,0.0029286981987033723,-0.056837256997823715,0.20214147865772247,0.020866212854161858,0.9631363153457642,0.0027178493566279104,0.007820280268788338,0.19895683228969574,0.016516252781730145,0.9057202339172363,0.002377970595819928,0.04065358638763428,0.17139750719070435,0.016282863076776267,role_local,0.05647954121232033,0.023345304327085613,0.0002889642666666666,0.0002862053333333333,0.0028620533333333334,256.0,1.2859217286109925,165536.0,1.829882264137268,0.9956550002098083,0.4496416449546814,support>combat,5,0.0,0.0,-0.016656828641619843,-0.013671875,0.0,0.004516132998105604,0.004516132998105604,0.0,0.0,0.0,-0.001953125,0.0,0.0,0.99169921875,0.4170768336916808,0.006469257843491505,0.0,-0.03258742995603825,-0.03258742995603825,-0.6528090632054955,0.0,-0.01305618035257794,-0.01953125,0.0850049704167759,0.0,0.0,0.0,0.0,0.0,-0.034961188430315815,-0.034961188430315815,-0.8691530879586935,0.0,-0.017383063895977102,-0.017578125,0.16550678003113717,0.0,0.0,0.0,0.0,0.0,-0.03515624119609129,-0.03515624119609129,-0.976531550521031,0.0,-0.01953124167630449,-0.015625,0.16536487921257503,0.0,0.0,0.0,0.0,0.0,0.006469257843491505,0.0,-0.024547183129470795,-0.019999999552965164,-0.0010388946888269857,0.0037218432407826185,0.19347064197063446,0.9737630486488342,0.0,2032,-0.03946832939982414,0.2472669929265976,0.02224158919416368,0.8012189865112305,1.2823105573654174,0.3842943996191025,0.002706090669122435,10,-0.002433475852012634,0.37118364373842877,0.03040774557739496,133.84762562669044,81.0,0.023345304327085613,20692.0,1236.7496190159582
0.32288111820816995,-0.003167867963202298,0.0062254013723619436,0.081543322885409,5351,2048,1.2876921772956849,0.2855606570839882,0.17294921875,0.01229584076500032,0.056647687684744596,0.004648606896999219,1.0,10,-0.0027211754117161036,0.3717821737130483,0.05397840738296509,0.9812896847724915,0.004595032214718714,-0.030948789790272713,0.17567741870880127,0.05949922041036189,0.9689668416976929,0.004739774647705924,0.027970388531684875,0.13873471319675446,0.05595293012447655,0.9546500444412231,0.004601557772706733,0.026533978059887886,0.15977753698825836,0.011875547003000975,role_local,0.039407485723495485,0.015012250328436495,0.0002888277333333333,0.00028603466666666665,0.002860346666666667,256.0,1.2855512738227843,167584.0,2.5900278091430664,1.0036654472351074,0.44417884945869446,combat>support,6,0.0,0.0,-0.017353589847819723,-0.00927734375,0.0,0.004518575900874566,0.004518575900874566,0.0,0.0,0.0,-0.001953125,0.0,0.0,0.984375,0.42236681596841663,0.006471700871770736,0.0,-0.02655117469112156,-0.02655117469112156,-0.7415851126424968,0.0,-0.014832424967607949,-0.01171875,0.08726476182346232,0.0,0.0,0.0,0.0,0.0,-0.028119423957832623,-0.028119423957832623,-0.9176900566089898,0.0,-0.018353799234319013,-0.009765625,0.22101684994413517,0.0,0.0,0.0,0.0,0.0,-0.03254641994135454,-0.03254641994135454,-0.9436933307442814,0.0,-0.018874545341532212,-0.013671875,0.036881997279124334,0.0,0.0,0.0,0.0,0.0,0.006471700871770736,0.0,-0.020674611976573942,-0.019999999552965164,-0.003167867963202298,0.010647028684616089,0.15977410972118378,0.9746528267860413,0.0,2017,-0.02296939492225647,0.19183781743049622,0.1064389580860734,0.8962274789810181,1.283410370349884,0.3602015793323517,0.007802195847724669,10,-0.0036145605146884916,0.3713233470916748,0.018148953653872014,134.0399132007239,82.0,0.015012250328436495,20948.0,1250.2544652430806
0.3206357680261135,-0.0022011849534465,0.0036671326424901674,0.03817408781178529,4531,2048,1.2891904950141906,0.20158888548612594,0.0322265625,0.002994307121844031,0.00437103673175443,0.0012830128228190295,1.0,10,-0.001270127104362473,0.3719947437445323,0.0039746516151353715,0.9838728308677673,0.0013363440257709413,0.03138246759772301,0.17585968971252441,0.006835014605894685,0.9883056879043579,0.001514067530188079,0.01893727481365204,0.16117849946022034,0.002754248527344316,0.9887802600860596,0.0010582559912366563,0.03521038591861725,0.11887727677822113,0.009589769970625639,role_local,0.05803088173270225,0.015665581868961453,0.00028869119999999995,0.000285864,0.00285864,256.0,1.2868327021598815,169632.0,1.8884069919586182,1.0011831521987915,0.40478429198265076,combat>support,9,0.0,-1.220703143189894e-05,-0.014676700588703776,-0.01025390625,0.0,0.002474505025020335,0.002474505025020335,0.0,-4.882812572759576e-05,0.0,-0.001953125,0.0,0.0,0.81884765625,0.20017791507416405,0.004476458052522503,0.0,-0.023543372977655963,-0.023543372977655963,-0.6888874595751986,0.0,-0.013777748186839744,-0.009765625,0.08278386935944582,0.0,0.0,0.0,0.0,0.0,-0.03089390323657426,-0.03089390323657426,-0.6655368738574907,0.0,-0.01331577833116171,-0.017578125,0.18245261505944654,0.0,0.0,0.0,0.0,0.0,-0.028655324946157634,-0.028655324946157634,-0.8467858403455466,0.0,-0.016936575248109875,-0.01171875,0.06438626909221057,0.0,0.0,0.0,0.0,0.0,0.004476458052522503,0.0,-0.02015452457999345,-0.019999999552965164,-0.0022011849534465,0.029082968831062317,0.15171529352664948,0.9873268604278564,0.0,1678,-0.007027260959148407,0.23539766669273376,0.07197713889181614,0.8970381617546082,1.2844749093055725,0.43968265056610106,0.006051252462161305,10,-0.003132242802530527,0.3713948428630829,0.02174139376729727,134.2854096234815,83.0,0.015665581868961453,21204.0,1263.2198872209992
0.3332615315914154,-0.00028890230314573275,0.004311379703865777,0.05364107494242489,4254,2048,1.290204608440399,0.18300520479679108,0.02705078125,0.0026165428425883874,0.00456474469974637,0.0012810365395163135,1.0,10,0.002532048083958216,0.37201907237370807,0.004655651282519102,0.978849470615387,0.0012174864638946022,-0.0024729296565055847,0.17226943373680115,0.0060967224300839005,0.991841733455658,0.0015125506975464525,0.012717853300273418,0.15427933633327484,0.0033725308137945833,0.988149106502533,0.001179588236681009,-0.006523436866700649,0.14852984249591827,0.009178691357374192,role_local,0.02786156227812171,0.01443663383834064,0.00028855466666666664,0.0002856933333333333,0.0028569333333333335,256.0,1.2873212277889252,171680.0,1.846023440361023,1.0045852661132812,0.5378556251525879,support>combat,11,0.0,0.0,-0.013789281009546054,-0.0068359375,0.0,0.0017036156818903692,0.0017036156818903692,0.0,0.0,0.0,-0.001953125,0.0,0.0,0.68408203125,0.1534021035272417,0.0036567406928043056,0.0,-0.023276021041965578,-0.023276021041965578,-0.7731439115013927,0.0,-0.015463521238416433,-0.0078125,-0.2224809944164008,0.0,0.0,0.0,0.0,0.0,-0.016727467202144908,-0.016727467202144908,-0.5433874427108094,0.0,-0.010868092302189325,-0.005859375,0.07324050166789675,0.0,0.0,0.0,0.0,0.0,-0.026754979306133464,-0.026754979306133464,-0.7517886578571051,0.0,-0.015036229488032404,-0.01171875,-0.01425254950299859,0.0,0.0,0.0,0.0,0.0,0.0036567406928043056,0.0,-0.01626371351449052,-0.019999999552965164,-0.00028890230314573275,3.7338570109568536e-05,0.15944509208202362,0.9876669049263,0.0,1402,-0.029200827702879906,0.2393062263727188,0.10271740518510342,0.8910264372825623,1.2844378471374511,0.4835178583860397,0.0073417228682152395,10,-0.0031098526902496814,0.3713183303674062,0.01969457631930709,134.51228292580294,84.0,0.01443663383834064,21460.0,1276.3146700491197
0.3284693263471127,-0.0029743997351033614,0.004616320112771195,0.05640196863096207,4734,2048,1.2903720259666442,0.21820750087499619,0.09609375,0.008284596796147525,0.041890518320724365,0.003419504333903478,1.0,10,-0.0019269911397714167,0.3721364637215932,0.04773848261684179,0.9686376452445984,0.003863933851421868,-0.027806520462036133,0.22904908657073975,0.03960027499124408,0.983748197555542,0.0031926487547689177,0.014568177983164787,0.15527355670928955,0.03839370862115175,0.9698679447174072,0.0032110518438025815,0.003186932299286127,0.2276298999786377,0.016167811304330825,role_local,0.029196567833423615,0.01724278647452593,0.00028841813333333334,0.00028552266666666666,0.002855226666666667,256.0,1.2865372359752656,173728.0,2.3744866847991943,1.0016021728515625,0.3032180964946747,support>combat,7,0.0,0.0,-0.015348031755517392,-0.0087890625,0.0,0.003475967704616778,0.003475967704616778,0.0,0.0,0.0,-0.001953125,0.0,0.0,0.78759765625,0.3797836779849604,0.005429092660961032,0.0,-0.028806673624785617,-0.028806673624785617,-0.756542029324919,0.0,-0.015134798202780075,-0.013671875,-0.02174274033495749,0.0,0.0,0.0,0.0,0.0,-0.02596106089913519,-0.02596106089913519,-0.8097275146283209,0.0,-0.0161954360519303,-0.009765625,0.12390137033071369,0.0,0.0,0.0,0.0,0.0,-0.02447948579356307,-0.02447948579356307,-0.7356468605576083,0.0,-0.0147138610118418,-0.009765625,0.26208517129998654,0.0,0.0,0.0,0.0,0.0,0.005429092660961032,0.0,-0.018942814116599038,-0.019999999552965164,-0.0029743997351033614,-0.0030127735808491707,0.20643019676208496,0.9739594459533691,0.0,1614,-0.020721392706036568,0.21220046281814575,0.07091341894119978,0.8740318417549133,1.2827024459838867,0.4387311518192291,0.0058131358916389125,10,-0.004021808330435306,0.37100282311439514,0.018317761644721032,134.70917603206684,85.0,0.01724278647452593,21716.0,1289.652309644036
0.32642998173832893,-0.00578204131743405,0.0061218608957477,0.0809751353925094,4749,2048,1.2913878679275512,0.26550876200199125,0.16337890625,0.01244115614099428,0.06826013899408281,0.005363217179967695,1.0,10,-0.0024095978122204544,0.3721445898214976,0.07649543639272452,0.9739424586296082,0.005734865678125889,-0.012373346835374832,0.2516452670097351,0.06833069807616994,0.9774267077445984,0.00543918562417596,-0.017239345237612724,0.20250168442726135,0.061619269824586806,0.9757290482521057,0.004996451459541707,-0.009484155103564262,0.17274092137813568,0.01735425544902682,role_local,0.0777765017002821,0.04315687003545463,0.0002882816,0.000285352,0.00285352,256.0,1.2861377239227294,175776.0,2.441876173019409,0.993346095085144,0.44078657031059265,combat>support,5,0.0,0.0,-0.01535665970792858,-0.01513671875,0.0,0.0009260008846467827,0.0009260008846467827,0.0,0.0,0.0,-0.005859375,0.0,0.0,0.904296875,0.5280314183328301,0.00678537601379503,0.0,-0.02921830661398417,-0.02921830661398417,-0.6796653962228447,0.0,-0.01359330691229843,-0.015625,-0.003287533560069278,0.0,0.0,0.0,0.0,0.0,-0.037028721992101055,-0.037028721992101055,-0.7772071708459407,0.0,-0.015544347508694045,-0.021484375,0.10197636840166524,0.0,0.0,0.0,0.0,0.0,-0.03451044924440794,-0.03451044924440794,-0.8466161591932178,0.0,-0.016932324702793267,-0.017578125,0.17853458982426673,0.0,0.0,0.0,0.0,0.0,0.00678537601379503,0.0,-0.024957870116850245,-0.019999999552965164,-0.00578204131743405,-0.012958509847521782,0.20856258273124695,0.9766172170639038,0.0,1855,-0.08628036826848984,0.4016072154045105,0.093690131790936,0.6265312433242798,1.2808875799179078,0.3873512014746666,0.006880504611527704,10,-0.009154484822647645,0.3709523578484853,0.06895948462188244,134.93293222985366,86.0,0.04315687003545463,21972.0,1302.6916194229852
0.32165253534913063,-0.0007627315178979188,0.005802257657953636,0.07589181882794946,5556,2048,1.2915225148200988,0.2761334449052811,0.18662109375,0.013839472146355548,0.06701786392368377,0.005100240517112642,1.0,10,-0.002985124255064875,0.3723363478978475,0.06889028521254659,0.975163459777832,0.005364792524367004,-0.0226087998598814,0.19086427986621857,0.06854350930079818,0.9656241536140442,0.005088279755426467,0.03815131634473801,0.13805946707725525,0.06392186977900564,0.925752580165863,0.004886671224927319,0.004936276935040951,0.1711679846048355,0.012863915134221315,role_local,0.046490945294499396,0.017015852499753237,0.00028814506666666667,0.0002851813333333333,0.0028518133333333335,256.0,1.2864672601222993,177824.0,2.2888681888580322,0.9943937659263611,0.41541025042533875,combat>support,4,0.0,0.0,-0.01800463677015311,-0.009765625,0.0,0.00504563054528262,0.00504563054528262,0.0,0.0,0.0,-0.001953125,0.0,0.0,0.98095703125,0.5124879234062973,0.0069987556016712915,0.0,-0.029900968125730287,-0.029900968125730287,-0.8113989040721208,0.0,-0.01622909320576582,-0.013671875,0.24280008776986506,0.0,0.0,0.0,0.0,0.0,-0.028402846721292008,-0.028402846721292008,-0.9318051752634346,0.0,-0.018637222005054355,-0.009765625,0.24055514532665256,0.0,0.0,0.0,0.0,0.0,-0.03281946969218552,-0.03281946969218552,-0.9573519297409803,0.0,-0.019147595099639148,-0.013671875,0.35106518963584676,0.0,0.0,0.0,0.0,0.0,0.0069987556016712915,0.0,-0.021519414734939346,-0.019999999552965164,-0.0007627315178979188,0.008123132400214672,0.16883790493011475,0.9647910594940186,0.0,2010,-0.028392372652888298,0.21348555386066437,0.08476577373221517,0.8565899133682251,1.2814120054244995,0.3671716257929802,0.006504274798794629,10,0.0014596612192690373,0.37113967537879944,0.02116778986528516,135.09364243116192,87.0,0.017015852499753237,22228.0,1316.3017652041744
0.3032663129270077,-0.001083241542801261,0.0060633668216543545,0.07603133551310748,5197,2048,1.2940160989761353,0.25669030249118807,0.139453125,0.009999023721320555,0.04351783092133701,0.003908093540867377,1.0,10,0.002244450943544507,0.37268124024073285,0.04618323747999966,0.9789008498191833,0.003940837448024201,0.008280794136226177,0.179179847240448,0.03847872745245695,0.9346876740455627,0.0036566313702811105,0.025860998779535294,0.13620342314243317,0.04722927333787084,0.971903383731842,0.004184679383746681,0.000703364668879658,0.17769289016723633,0.011344420071691275,role_local,0.056711390428245065,0.02645156900398433,0.0002880085333333333,0.0002850106666666666,0.0028501066666666666,256.0,1.2888485193252563,179872.0,1.9582343101501465,1.004379153251648,0.4973367154598236,support>combat,5,0.0,0.0,-0.016850451052353794,-0.009765625,0.0,0.001405651428285637,0.001405651428285637,0.0,0.0,0.0,-0.00390625,0.0,0.0,0.7685546875,0.37294713020673953,0.00531190151014016,0.0,-0.0264388435643923,-0.0264388435643923,-0.7360047558322549,0.0,-0.014720093935466139,-0.01171875,0.10354469015146606,0.0,0.0,0.0,0.0,0.0,-0.03139911793550709,-0.03139911793550709,-0.9839854205492884,0.0,-0.01968036834296072,-0.01171875,-0.0994254523247946,0.0,0.0,0.0,0.0,0.0,-0.027869640711287502,-0.027869640711287502,-0.8075424244161695,0.0,-0.016150890878634527,-0.01171875,0.12466755176501465,0.0,0.0,0.0,0.0,0.0,0.00531190151014016,0.0,-0.021075488861242775,-0.019999999552965164,-0.001083241542801261,0.012703771702945232,0.16364264488220215,0.973150372505188,0.0,1576,-0.04037513956427574,0.33484917879104614,0.10854484010487794,0.7705216407775879,1.2836809396743774,0.3498423233628273,0.008218640102441332,10,-0.004410934029147029,0.3715492784976959,0.04155871793627739,135.28053857889242,88.0,0.02645156900398433,22484.0,1329.6221458720975
0.33628147318959234,-0.0025286699907155707,0.005807339294344268,0.07689235810248647,4818,2048,1.2974588871002197,0.25697905421257017,0.12783203125,0.009193927783053368,0.047360245959134774,0.004083541466934103,1.0,10,-0.0020336309040430932,0.3732137481371562,0.043468124233186245,0.9696890711784363,0.0038981429686716085,-0.07060888409614563,0.22726069390773773,0.046381346497219055,0.9722182154655457,0.0040980257741782935,-0.01941554993391037,0.16011765599250793,0.05189683126518503,0.9744947552680969,0.004229253048237564,-0.03317194804549217,0.18675459921360016,0.014953238051384687,role_local,0.05863114409148693,0.021923842979595064,0.000287872,0.00028483999999999996,0.0028484,256.0,1.292430317401886,181920.0,2.315234422683716,0.9970401525497437,0.4679027199745178,support>combat,8,0.0,-1.220703143189894e-05,-0.015617619077602285,-0.0107421875,0.0,0.0008601075664955715,0.0008601075664955715,0.0,0.0,0.0,-0.00390625,0.0,0.0,0.64501953125,0.36437991078128107,0.00476635757195254,0.0,-0.025322073906863807,-0.025322073906863807,-0.6801518814172596,0.0,-0.013603324126961525,-0.01171875,-0.22833841522515286,0.0,0.0,0.0,0.0,0.0,-0.03151152280042879,-0.03151152280042879,-0.8895388911478221,-4.882812572759576e-05,-0.01779081996937748,-0.013671875,-0.16849295236170292,0.0,0.0,0.0,0.0,0.0,-0.02913058783087763,-0.02913058783087763,-0.7729357238858938,0.0,-0.01545871313646785,-0.013671875,-0.02318873055628501,0.0,0.0,0.0,0.0,0.0,0.00476635757195254,0.0,-0.02127602063046652,-0.019999999552965164,-0.0025286699907155707,-0.038820311427116394,0.19153638184070587,0.9729796051979065,0.0,1323,-0.055696431547403336,0.3110079765319824,0.10642447024583816,0.8682077527046204,1.2874017477035522,0.4155838921666145,0.007531137121754433,10,-0.003023709077388048,0.37198833624521893,0.028894447907805442,135.5087543958926,89.0,0.021923842979595064,22740.0,1342.496289712144
0.37704590857028963,-0.004611581773497164,0.0048626255017721305,0.059146807424258444,4760,2048,1.301068127155304,0.24682951867580413,0.13134765625,0.009390265317051671,0.042861928208731116,0.0038414814329457703,1.0,10,-0.0018552594818174839,0.37349392970403034,0.043314463715068995,0.98404860496521,0.003958784657879732,0.009374970570206642,0.15123328566551208,0.049411108181811866,0.9458115696907043,0.004074358236930931,0.03274145349860191,0.22151444852352142,0.03468380030244589,0.970012903213501,0.0034474544656243056,-0.02034679427742958,0.22751280665397644,0.016633117850869895,role_local,0.06601081881672144,0.018951639672741293,0.00028773546666666664,0.0002846693333333333,0.0028466933333333336,256.0,1.2958388388156892,183968.0,2.0521328449249268,0.9979789853096008,0.40975067019462585,combat>support,5,0.0,-1.220703143189894e-05,-0.01544062037889186,-0.00732421875,0.0,0.0025656758598415763,0.0025656758598415763,0.0,0.0,0.0,-0.001953125,0.0,0.0,0.7345377553720027,0.2634416356449947,0.0045188008380137035,0.0,-0.022681974860461196,-0.022681974860461196,-0.7410181997111067,-4.882812572759576e-05,-0.014820647000306053,-0.0078125,0.10429648536228342,0.0,0.0,0.0,0.0,0.0,-0.024863888007530477,-0.024863888007530477,-0.8525518483947963,0.0,-0.01705138821125729,-0.0078125,-0.03610267463955097,0.0,0.0,0.0,0.0,0.0,-0.02616857558314223,-0.02616857558314223,-0.7217941218987107,0.0,-0.014449825925112236,-0.01171875,0.07587009068811312,0.0,0.0,0.0,0.0,0.0,0.0045188008380137035,0.0,-0.017787191449315287,-0.019999999552965164,-0.004611581773497164,0.008691813796758652,0.20494797825813293,0.9704607725143433,0.0,1540,-0.027988934889435768,0.22522732615470886,0.07543168663978576,0.9252030849456787,1.2906095504760742,0.5072622984647751,0.005883769570598491,10,-0.007367904065176845,0.37232468525568646,0.021270161494612694,135.71497949838079,90.0,0.018951639672741293,22996.0,1355.5467545290012
0.40726047083735467,-0.003917697909128037,0.005616138471288462,0.06932746123056859,5138,2048,1.3020805835723877,0.2891673490405083,0.1296875,0.009528906751074828,0.04172933795489371,0.0039362089545153965,1.0,10,-0.003290575882419944,0.3734518686930339,0.04679075038293377,0.9565783143043518,0.004352888340940204,-0.0407947301864624,0.2077873945236206,0.046697435190435496,0.9611638188362122,0.004170080998919645,-0.04057260602712631,0.19624999165534973,0.02994242631830275,0.9847803711891174,0.003172271637366686,-0.006795654073357582,0.1665046066045761,0.01629371466115117,role_local,0.07438374720513821,0.023481915565207602,0.00028759893333333333,0.00028449866666666664,0.0028449866666666666,256.0,1.297338742017746,186016.0,1.8856631517410278,0.9955227971076965,0.3800908029079437,combat>support,7,0.0,-4.882812572759576e-05,-0.016645298318811303,-0.01171875,0.0,0.0021555771127168555,0.0021555771127168555,0.0,-9.765625145519152e-05,0.0,-0.001953125,0.0,0.0,0.7788086223881692,0.18185399484355003,0.004206358347801142,0.0,-0.03504781928495504,-0.03504781928495504,-0.8710434189997613,-4.882812572759576e-05,-0.017420866621250752,-0.017578125,0.0865740724693751,0.0,0.0,0.0,0.0,0.0,-0.033287318772636354,-0.033287318772636354,-0.871159745613113,-4.882812572759576e-05,-0.017613491050724406,-0.015625,0.010420293794595636,0.0,0.0,0.0,0.0,0.0,-0.02662028702252428,-0.02662028702252428,-0.7450769257266074,0.0,-0.014901537284458755,-0.01171875,0.12842776122852229,0.0,0.0,0.0,0.0,0.0,0.004206358347801142,0.0,-0.023199962808575947,-0.019999999552965164,-0.003917697909128037,-0.03057883307337761,0.1927790641784668,0.9707129597663879,0.0,1974,0.02218954637646675,0.2699855864048004,0.09692558450624347,0.8845181465148926,1.2925969004631042,0.525353592634201,0.007296067988061527,10,-0.004544819935836131,0.37242720524470013,0.03067011646926403,135.8974638451455,91.0,0.023481915565207602,23252.0,1368.796699634986
0.3402678597718477,-0.0026181944966083394,0.006295496924720398,0.07746960844378918,5507,2048,1.3017127990722657,0.2065140999853611,0.0916015625,0.006862190956599079,0.017907591303810477,0.0025323892795728387,1.0,10,-0.003107015648856759,0.3734404146671295,0.018862061202526093,0.9672485589981079,0.0026285733435372992,-0.017065448686480522,0.20155790448188782,0.017629478545859455,0.9691084623336792,0.0024891711411087897,0.029278255999088287,0.16450946033000946,0.01735190819017589,0.9502166509628296,0.0024892340923572593,0.021703341975808144,0.14759843051433563,0.013467498403042556,role_local,0.07684750873595476,0.018766060983762146,0.00028746239999999997,0.000284328,0.00284328,256.0,1.2973320007324218,188064.0,1.996448278427124,0.9961153268814087,0.4128391146659851,support>combat,4,0.0,-2.441406286379788e-05,-0.017866861817310564,-0.00927734375,0.0,0.003436727694406727,0.003436727694406727,0.0,-4.882812572759576e-05,0.0,-0.001953125,0.0,0.0,0.9305012812837958,0.28611259858007543,0.005438680805582408,0.0,-0.03037034234876046,-0.03037034234876046,-0.8349234634079039,0.0,-0.016698467676178552,-0.013671875,0.3079543241619831,0.0,0.0,0.0,0.0,0.0,-0.027567098564759362,-0.027567098564759362,-0.8900737829972059,0.0,-0.017801473833969794,-0.009765625,0.2234601724485401,0.0,0.0,0.0,0.0,0.0,-0.030868221743730828,-0.030868221743730828,-0.9550026268698275,-4.882812572759576e-05,-0.019100643941783346,-0.01171875,0.22881163188139908,0.0,0.0,0.0,0.0,0.0,0.005438680805582408,0.0,-0.02134223503890098,-0.019999999552965164,-0.0026181944966083394,0.012130239978432655,0.1726483255624771,0.9651901125907898,0.0,2000,0.03120684251189232,0.22314150631427765,0.13703162558376789,0.880122721195221,1.2929512023925782,0.47402161955833433,0.010058604569867957,10,-0.0021293733443599194,0.37247225642204285,0.024064623564481736,136.0415940682316,92.0,0.018766060983762146,23508.0,1382.4007377161179
0.4008380763232708,-0.0007907135412096977,0.00435176830144963,0.04911621222272515,5199,2048,1.300775909423828,0.2623019561171532,0.14736328125,0.010078528593294323,0.044198448117822406,0.003950188834331705,1.0,10,-0.002272054646164179,0.3730625907580058,0.04502423051744699,0.9797741770744324,0.004077198107251734,-0.007016169372946024,0.17658868432044983,0.04597427425906062,0.9613089561462402,0.004046847496385192,0.00545087642967701,0.21033801138401031,0.04191544530913234,0.9576035737991333,0.003760681123627971,0.043672289699316025,0.16316267848014832,0.016317206528037788,role_local,0.06230628006160259,0.010225265310145915,0.00028732586666666666,0.0002841573333333333,0.002841573333333333,256.0,1.297548097372055,190112.0,2.4111087322235107,0.9999133944511414,0.37318354845046997,combat>support,3,0.0,-3.662109429569682e-05,-0.016821544060803717,-0.01025390625,0.0,0.005448380931738939,0.005448380931738939,0.0,-9.765625145519152e-05,0.0,0.0,0.0,0.0,0.9659830734599382,0.2803508254000917,0.005546037179556151,0.0,-0.026655268600734416,-0.026655268600734416,-0.7468252186663449,0.0,-0.014936518877220806,-0.01171875,0.13459282100666314,0.0,0.0,0.0,0.0,0.0,-0.03448367190139834,-0.03448367190139834,-0.8427916280925274,-4.882812572759576e-05,-0.016856719226780115,-0.017578125,0.18642755420296453,0.0,0.0,0.0,0.0,0.0,-0.03039014371461235,-0.03039014371461235,-0.9335698042996228,0.0,-0.01867139407841023,-0.01171875,0.12967199070044444,0.0,0.0,0.0,0.0,0.0,0.005546037179556151,0.0,-0.021520177029742626,-0.019999999552965164,-0.0007907135412096977,0.01586572825908661,0.18535812199115753,0.970239520072937,0.0,2047,0.06326649338006973,0.10078208148479462,0.054033976327627894,0.9682707190513611,1.294320285320282,0.5393741965293884,0.004753347768567553,10,0.0006906275637447834,0.3727978964646657,0.004133324092254043,136.18175251601295,93.0,0.010225265310145915,23764.0,1396.0166945101228
0.3152350623160601,-0.0022549449931830168,0.0025181952170292205,0.02071100502507761,5228,2048,1.2969199061393737,0.19454706981778144,0.098046875,0.007111479304148816,0.020230603800155223,0.0027166338065099547,1.0,10,-0.0011521073058247567,0.37267614404360455,0.021310712909325957,0.9505823850631714,0.00275650919311477,0.011497247964143753,0.15753526985645294,0.02106921779923141,0.9799618721008301,0.002752040730518651,0.004438120871782303,0.16752097010612488,0.018087320716585965,0.9812607169151306,0.002632759834667603,0.007451146841049194,0.1818353235721588,0.012085901666432619,role_local,0.05335305090993643,0.008162757800891995,0.0002871893333333333,0.00028398666666666666,0.0028398666666666667,256.0,1.2968132197856903,192160.0,1.6651383638381958,0.9988888502120972,0.512669563293457,support>combat,4,0.0,-4.882812572759576e-05,-0.016950078306156986,-0.00927734375,0.0,0.006453725038227276,0.006453725038227276,0.0,-9.765625145519152e-05,0.0,0.0,0.0,0.0,0.9420573054812849,0.46385870047379285,0.006551381286044489,0.0,-0.02877135182643542,-0.02877135182643542,-0.9431095719337463,-9.765625145519152e-05,-0.01890807087329449,-0.009765625,0.1328991334012244,0.0,0.0,0.0,0.0,0.0,-0.027870725505636074,-0.027870725505636074,-0.8075889197643846,0.0,-0.016151975811226293,-0.01171875,0.18991988943889737,0.0,0.0,0.0,0.0,0.0,-0.03141518783377251,-0.03141518783377251,-0.7895063543692231,0.0,-0.015790188233950175,-0.015625,0.0881178730605825,0.0,0.0,0.0,0.0,0.0,0.006551381286044489,0.0,-0.020400886507559335,-0.019999999552965164,-0.0022549449931830168,0.007998192682862282,0.1685822457075119,0.9767175912857056,0.0,2048,0.06392988562583923,0.09642846882343292,0.02119140625,0.9543476700782776,1.296706533432007,0.4359230548143387,0.002319756627548486,10,-0.003357782680541277,0.3729439675807953,0.004239613935351372,136.4586733523226,94.0,0.008162757800891995,24020.0,1408.1919109961018
0.381084730476141,-0.0005907256854698062,0.005242501480222177,0.06587053642142564,5521,2048,1.2949882984161376,0.20538077801465987,0.11201171875,0.007744102657306939,0.02275669784285128,0.0028694071671219274,1.0,10,0.0019318345468491316,0.37253715594609577,0.024327795160934328,0.9566411375999451,0.002887431257496459,0.00045920617412775755,0.18115049600601196,0.024342817452270536,0.9717524647712708,0.003070104440785948,0.02911708690226078,0.15009477734565735,0.019502368394751102,0.9704785943031311,0.002644984313244017,0.031240912154316902,0.17047396302223206,0.01227088151499629,role_local,0.0703315943479538,0.00799259073100984,0.0002870528,0.000283816,0.00283816,256.0,1.2961959898471833,194208.0,2.0141258239746094,0.9895862936973572,0.49865832924842834,support>combat,4,0.0,0.0,-0.017899120454482425,-0.01025390625,0.0,0.007676795166844386,0.007676795166844386,0.0,0.0,0.0,0.0,0.0,0.0,1.0,0.6127991912071593,0.007676795166844386,0.0,-0.03766493654984515,-0.03766493654984515,-0.9066836012061685,0.0,-0.018133687088266015,-0.01953125,0.36811632598983124,0.0,0.0,0.0,0.0,0.0,-0.02970547021686798,-0.02970547021686798,-0.89933604397811,0.0,-0.017986720471526496,-0.01171875,0.28277298048487864,0.0,0.0,0.0,0.0,0.0,-0.027342578548996244,-0.027342578548996244,-0.8788477797061205,0.0,-0.01757695380365476,-0.009765625,0.2792087245034054,0.0,0.0,0.0,0.0,0.0,0.007676795166844386,0.0,-0.021759048679086845,-0.019999999552965164,-0.0005907256854698062,0.020120391622185707,0.16834858059883118,0.9666369557380676,0.0,2048,0.06833912432193756,0.08885368704795837,0.108984375,0.9230684041976929,1.2974036812782288,0.5567886829376221,0.007615595793322427,10,-0.003113285917788744,0.3730240265528361,0.003714299947023392,136.5874540284371,95.0,0.00799259073100984,24276.0,1421.858262030175
0.33172741197049616,-0.0016957887914031745,0.0036804637226714233,0.03783264640369453,5416,2048,1.2942906737327575,0.21069584414362907,0.10625,0.007797025161562487,0.02761841780738905,0.003019109291717492,1.0,10,-0.0014930276200175285,0.3725578486919403,0.031010105542372914,0.9692279100418091,0.003195102457329324,-0.006146627943962812,0.18674497306346893,0.02553242715075612,0.9403769969940186,0.0029375396625771154,-0.0056381504982709885,0.17286071181297302,0.026660698978230358,0.9677051901817322,0.002941806883210174,-0.004463630728423595,0.1908501833677292,0.014969099219888449,role_local,0.06533296313136816,0.008583169238409027,0.00028691626666666663,0.00028364533333333333,0.0028364533333333332,256.0,1.2959851145744323,196256.0,2.288402557373047,1.0010735988616943,0.4654621183872223,combat>support,2,0.0,0.0,-0.017547600182297174,-0.01220703125,0.0,0.0067184285253460985,0.0067184285253460985,0.0,0.0,0.0,0.0,0.0,0.0,1.0,0.4530714269494638,0.0067184285253460985,0.0,-0.028153196988569107,-0.028153196988569107,-0.8217096864245832,0.0,-0.016434446995845065,-0.01171875,0.22576314152519217,0.0,0.0,0.0,0.0,0.0,-0.03429496191529324,-0.03429496191529324,-0.9334982170257717,0.0,-0.018669962344574742,-0.015625,0.3090767139510717,0.0,0.0,0.0,0.0,0.0,-0.03902276561711915,-0.03902276561711915,-0.8769184490665793,0.0,-0.017538391206471715,-0.021484375,0.1938276141154347,0.0,0.0,0.0,0.0,0.0,0.0067184285253460985,0.0,-0.023688125009357464,-0.019999999552965164,-0.0016957887914031745,-0.005404853727668524,0.18336127698421478,0.9638910293579102,0.0,2048,0.039052870124578476,0.06696125119924545,0.048046875,0.9445236325263977,1.2976795554161071,0.4527589797973633,0.0043418181536253545,10,-0.0018985499627888203,0.37294988830884296,0.002197239256929606,136.71613984955212,96.0,0.008583169238409027,24532.0,1435.4998628250323
0.30520148277282716,-0.0012301924696657806,0.0033972331845949152,0.036609043751377614,4589,2048,1.2951345205307008,0.25073151886463163,0.10478515625,0.007735614603734575,0.033717390266247094,0.003427718637914276,1.0,10,0.0008185372687876224,0.3727123538653056,0.03126309821382165,0.9700460433959961,0.003343086129516888,-0.009423973970115185,0.19463978707790375,0.03580571375787258,0.9740359783172607,0.003549598706237489,-0.009838583879172802,0.2027110755443573,0.03436600838322192,0.9845759868621826,0.003388348505493033,-0.04204562306404114,0.21287798881530762,0.01539616109803319,role_local,0.046449204348027705,0.01994932792149484,0.0002867797333333333,0.00028347466666666667,0.0028347466666666667,256.0,1.295853501558304,198304.0,2.535282611846924,1.00104820728302,0.33091863989830017,support>combat,6,0.0,-4.882812572759576e-05,-0.014820339757231219,-0.01220703125,0.0,0.0030184062125044875,0.0030184062125044875,0.0,-9.765625145519152e-05,0.0,-0.001953125,0.0,0.0,0.9021809911355376,0.24341061199083924,0.005069187523986329,0.0,-0.03241588079254143,-0.03241588079254143,-0.8368226103484631,-4.882812572759576e-05,-0.016742052932386287,-0.015625,-0.1327643416589126,0.0,0.0,0.0,0.0,0.0,-0.03122550317493733,-0.03122550317493733,-0.7800252443412319,0.0,-0.015600503567839041,-0.015625,-0.0038379342295229435,0.0,0.0,0.0,0.0,0.0,-0.02779229058251076,-0.02779229058251076,-0.6053006238071248,-4.882812572759576e-05,-0.01211846277146833,-0.015625,-0.05454935325542465,0.0,0.0,0.0,0.0,0.0,0.005069187523986329,0.0,-0.022103817549577798,-0.019999999552965164,-0.0012301924696657806,-0.01844860427081585,0.20308735966682434,0.9787429571151733,0.0,1862,0.03550754487514496,0.2402319461107254,0.039500697236508134,0.7320836186408997,1.296572482585907,0.35967144668102263,0.0033667477312755547,10,-0.003278922208119184,0.3728191355864207,0.024502494744956492,136.89489919427953,97.0,0.01994932792149484,24788.0,1448.5857483891305
0.30966276973485946,-0.0048263009637594225,0.0030002523925854673,0.028786294627934694,4014,1696,1.2957728385925293,0.23047227859497071,0.07659505344927311,0.005706833995645866,0.0202095995657146,0.0024213096456789486,1.0,10,-0.0020078497938811777,0.37266290187835693,0.015505479043349623,0.986282467842102,0.0022954700949001177,-0.011419950053095818,0.13392622768878937,0.014710296131670474,0.9835960268974304,0.0019842155392349125,0.003332681255415082,0.1317121535539627,0.031325345113873485,0.9860079884529114,0.003041061433931727,0.04186137020587921,0.15958833694458008,0.008955719321966172,role_local,0.03726853150874376,0.005477260448969901,0.0002866666666666666,0.0002833333333333333,0.0028333333333333335,212.0,1.2963131427764893,200000.0,1.8172039985656738,1.002453088760376,0.4121987223625183,combat>support,4,0.0,-2.94811325147748e-05,-0.015725496105715022,-0.0076650943396226415,0.0,0.004749485440903677,0.004749485440903677,0.0,-5.89622650295496e-05,0.0,0.0,0.0,0.0,0.6713836448934843,0.35381885892096554,0.004808447705933226,0.0,-0.027782229724217136,-0.027782229724217136,-0.7965408172809852,-5.89622650295496e-05,-0.015930814885991223,-0.01179245283018868,0.12175477598354502,0.0,0.0,0.0,0.0,0.0,-0.028195374847372185,-0.028195374847372185,-0.8201438987030173,0.0,-0.016402922315909615,-0.01179245283018868,0.08229398590354424,0.0,0.0,0.0,0.0,0.0,-0.02191822276942713,-0.02191822276942713,-0.7421365976333618,0.0,-0.014842751115244234,-0.007075471698113208,0.23498846952504707,0.0,0.0,0.0,0.0,0.0,0.004808447705933226,0.0,-0.01828658682698349,-0.019999999552965164,-0.0048263009637594225,0.010462385602295399,0.14348942041397095,0.9853765368461609,0.0,1484,0.019653642550110817,0.07626763731241226,0.037362989690154794,0.9055581092834473,1.2968534469604491,0.38885326087474825,0.0035791951394919864,10,-0.007644752133637666,0.37311164538065594,0.00199880157597363,137.01394496141495,98.0,0.005477260448969901,25000.0,1459.7054340441246
0.27925662994384765,-6.827531760791316e-05,0.003116016231911918,0.028239287994802,5038,2048,1.2940973877906798,0.19887831956148147,0.10166015625,0.008593670508707874,0.034130692342296244,0.0034649120745145396,1.0,10,0.0030397946102311835,0.3721749484539032,0.03179902397096157,0.9728292226791382,0.003394820311839164,-0.012632553465664387,0.20968395471572876,0.025045111868530513,0.9763702750205994,0.0028741508543093874,0.028450485318899155,0.1656755805015564,0.04615454999729991,0.9625901579856873,0.004167521395369467,0.054547298699617386,0.23296044766902924,0.016956961434334516,role_local,0.05341858621686697,0.00985195287503302,0.0002865301333333333,0.00028316266666666664,0.0028316266666666666,256.0,1.29670450091362,202048.0,2.3688387870788574,0.9986406564712524,0.4135945439338684,support>combat,1,0.0,-1.220703143189894e-05,-0.016340913651220035,-0.0078125,0.0,0.003928867594368057,0.003928867594368057,0.0,-4.882812572759576e-05,0.0,0.0,0.0,0.0,0.7679036294575781,0.15101352392230183,0.003977695720095653,0.0,-0.027196317663765512,-0.027196317663765512,-0.7738709296099842,0.0,-0.015477567954803817,-0.01171875,-0.05240033057634719,0.0,0.0,0.0,0.0,0.0,-0.027141908620251343,-0.027141908620251343,-0.8687679104041308,0.0,-0.017376283882185817,-0.009765625,-0.07586149295093492,0.0,0.0,0.0,0.0,0.0,-0.025934513883839827,-0.025934513883839827,-0.8084397139027715,0.0,-0.01616888911667047,-0.009765625,-0.10138873432879336,0.0,0.0,0.0,0.0,0.0,0.003977695720095653,0.0,-0.0190859688736964,-0.019999999552965164,-6.827531760791316e-05,0.02408561483025551,0.2055533081293106,0.9704771041870117,0.0,1854,0.03467265143990517,0.07774044573307037,0.022347883647307755,0.9524701237678528,1.2993116140365601,0.35963494032621385,0.0027671203893092967,10,-0.0031763452454470096,0.37323341766993207,0.0027469443157315254,121.00455380918451,99.0,0.00985195287503302,25256.0,1669.75534093217
0.30384909063577653,-0.0018301912332390202,0.0028830597562981898,0.028521034022560343,5147,2048,1.290447187423706,0.2200957089662552,0.0607421875,0.0047473344719037415,0.015733474295120686,0.0018966213931396858,1.0,10,-0.0010039100852736738,0.3719763358434041,0.016852150834165514,0.984749972820282,0.0019921896730795696,0.01120036281645298,0.13906680047512054,0.008814723032992333,0.9817584753036499,0.001463412966309599,0.002996893599629402,0.1421535611152649,0.02133077457547188,0.9798376560211182,0.0022224787849044166,0.020655224099755287,0.1515675187110901,0.009621579945087434,role_local,0.05293960627168417,0.005802266555838287,0.00028639359999999995,0.000282992,0.00282992,256.0,1.2947322487831117,204096.0,2.2614147663116455,0.9991497993469238,0.4550219178199768,support>combat,6,0.0,-2.441406286379788e-05,-0.01668268203502521,-0.009765625,0.0,0.004973398093170545,0.004973398093170545,0.0,-4.882812572759576e-05,0.0,0.0,0.0,0.0,0.9283853871747851,0.21811409339716192,0.005022226217079151,0.0,-0.027996480697765946,-0.027996480697765946,-0.8138866103254259,0.0,-0.016277730697765946,-0.01171875,0.2710969776962884,0.0,0.0,0.0,0.0,0.0,-0.030195860992535017,-0.030195860992535017,-0.8261993923224509,0.0,-0.016523986327229068,-0.013671875,0.25800298145622946,0.0,0.0,0.0,0.0,0.0,-0.03096703177288873,-0.03096703177288873,-0.8590493698138744,-4.882812572759576e-05,-0.017246329080080613,-0.013671875,0.13321263841498876,0.0,0.0,0.0,0.0,0.0,0.005022226217079151,0.0,-0.02104649509783485,-0.019999999552965164,-0.0018301912332390202,0.01174962054938078,0.1446763426065445,0.982218325138092,0.0,2048,0.042452845722436905,0.062153685837984085,0.04130859375,0.9681288003921509,1.299017310142517,0.3876024723052979,0.0038694981194566935,10,-0.0026564723812043667,0.37315812706947327,0.001982953166589141,121.25131895477216,100.0,0.005802266555838287,25512.0,1683.2476690511685
0.3499168582260609,-0.0038693418668117375,0.005931932206949431,0.07762882524693851,5264,2048,1.2900753140449523,0.3319025456905365,0.21025390625,0.017269975505769253,0.090609212993877,0.006580447859450667,1.0,10,-0.0035080572473816574,0.3720048666000366,0.0879594774916768,0.964116096496582,0.006272057838695666,0.02777034416794777,0.1285548210144043,0.08601849041879177,0.9810494780540466,0.006408680597917269,0.005363768432289362,0.13863298296928406,0.09920025101164356,0.9826278686523438,0.0071621398687779555,-0.012743611820042133,0.17576700448989868,0.010464632976800203,role_local,0.0691571244969964,0.006340047792764381,0.00028625706666666665,0.0002828213333333333,0.0028282133333333336,256.0,1.2941982209682465,206144.0,1.8222930431365967,0.9951393604278564,0.3949059545993805,support>combat,2,0.0,0.0,-0.017052035120286746,-0.009765625,0.0,0.007372764430328971,0.007372764430328971,0.0,0.0,0.0,0.0,0.0,0.0,0.9863281233701855,0.5712419888004661,0.007372764430328971,0.0,-0.03061072256969055,-0.03061072256969055,-0.9445620458573103,0.0,-0.01889197288255673,-0.01171875,0.1468790543203795,0.0,0.0,0.0,0.0,0.0,-0.030839284110697918,-0.030839284110697918,-0.8583650437649339,0.0,-0.017167409489047714,-0.013671875,0.16494335628522094,0.0,0.0,0.0,0.0,0.0,-0.02876859788193542,-0.02876859788193542,-0.7548301119823009,0.0,-0.015096722989255795,-0.013671875,0.16610187219384898,0.0,0.0,0.0,0.0,0.0,0.007372764430328971,0.0,-0.020711461143946508,-0.019999999552965164,-0.0038693418668117375,0.008283677510917187,0.1481347382068634,0.9795892238616943,0.0,2048,0.04928430914878845,0.06392256170511246,0.0646484375,0.960394561290741,1.2983211278915405,0.3679311707615852,0.005283416554448195,10,-0.004230626486241817,0.3730083207289378,0.0022154626087285577,121.49265969811748,101.0,0.006340047792764381,25768.0,1696.7609443420079
0.33270094096660613,-0.001787586184218526,0.003067660790966645,0.03100999949965626,5707,2048,1.2902464509010314,0.3095189109444618,0.16103515625,0.011357820357079617,0.04506436511874199,0.004052625794849091,1.0,10,-0.0016371247358620167,0.371997872988383,0.03677667258307338,0.9551616907119751,0.0036529292533800995,0.03138294443488121,0.15084479749202728,0.04776435121893883,0.9585914611816406,0.0041277850492590805,0.04036923870444298,0.144269198179245,0.05096543617546558,0.9740784168243408,0.0043940039600955105,0.037684373557567596,0.13826364278793335,0.010600612591952085,role_local,0.11329290792346,0.04236818659119308,0.0002861205333333333,0.00028265066666666665,0.0028265066666666666,256.0,1.2933191239833832,208192.0,1.8451042175292969,1.007238507270813,0.4699179530143738,support>combat,9,0.0,-6.10351571594947e-05,-0.018528105666822132,-0.00634765625,0.0,-0.0010281524687343335,-0.0010281524687343335,0.0,-9.765625145519152e-05,0.0,-0.005859375,0.0,0.0,0.8725585998035967,0.23977408760401886,0.004928878839564277,0.0,-0.02872868444683263,-0.02872868444683263,-0.943248080322519,-9.765625145519152e-05,-0.01886540346458787,-0.009765625,-0.010752705245977268,0.0,0.0,0.0,0.0,0.0,-0.024561986901971977,-0.024561986901971977,-0.9350933430250734,0.0,-0.018702612069319002,-0.005859375,-0.09132102020521415,0.0,0.0,0.0,0.0,0.0,-0.021971379406750202,-0.021971379406750202,-0.9007784861605614,-4.882812572759576e-05,-0.018016301466559526,-0.00390625,-0.06421087142371107,0.0,0.0,0.0,0.0,0.0,0.004928878839564277,0.0,-0.01907255236801575,-0.019999999552965164,-0.001787586184218526,0.03645029664039612,0.144697904586792,0.9643049240112305,0.0,1842,-0.07849747687578201,0.41476210951805115,0.01695563388057053,0.44005757570266724,1.2963917970657348,0.35588297098875044,0.002082695787084199,10,-0.0019380476325750351,0.37276072303454083,0.07413576059043407,121.72753021522576,102.0,0.04236818659119308,26024.0,1710.3115427701268
0.35855618864297867,-6.086308530939277e-05,0.006335919805459886,0.08726693313801662,5585,2048,1.290757179260254,0.23690369427204133,0.153515625,0.0110988543194253,0.04954671871382743,0.004195876696767281,1.0,10,0.0018461615960404742,0.3721986711025238,0.04682835720013827,0.9780871868133545,0.004073578252611687,-0.0020634301472455263,0.14016374945640564,0.05038758344016969,0.9375358819961548,0.00430860658925557,0.010641845874488354,0.15178503096103668,0.05129434352274984,0.9719043970108032,0.004192991671625787,-0.01168665662407875,0.15518154203891754,0.010249629430472851,role_local,0.07053556069731712,0.01661417121067643,0.000285984,0.00028248,0.0028248,256.0,1.2930293560028077,210240.0,2.501178026199341,1.0036876201629639,0.4285367727279663,support>combat,3,0.0,-8.544922002329258e-05,-0.018119853990356205,-0.0068359375,0.0,0.0015850908566790167,0.0015850908566790167,0.0,-4.882812572759576e-05,0.0,-0.001953125,0.0,0.0,0.738281256519258,0.1056531581125455,0.0035870439178324887,0.0,-0.02322165712757851,-0.02322165712757851,-0.8656405771616846,-4.882812572759576e-05,-0.017313453932729317,-0.005859375,-0.09249878289847402,0.0,0.0,0.0,0.0,0.0,-0.027243427452049218,-0.027243427452049218,-0.9637387529946864,-0.00014648437718278728,-0.01928444328950718,-0.0078125,-0.08980163825617637,0.0,0.0,0.0,0.0,0.0,-0.029578070621937513,-0.029578070621937513,-0.8880572805646807,-9.765625145519152e-05,-0.017761664748832118,-0.01171875,-0.1587732736225007,0.0,0.0,0.0,0.0,0.0,0.0035870439178324887,0.0,-0.019614517554146005,-0.019999999552965164,-6.086308530939277e-05,-0.000694606511387974,0.14962024986743927,0.9694139361381531,0.0,1569,-0.05259034410119057,0.23796844482421875,0.12498714756220579,0.7849963307380676,1.2953015327453614,0.480208683013916,0.00847596291415249,10,-0.0019678877666592597,0.37277234594027203,0.022978712990880012,121.97128899511476,103.0,0.01661417121067643,26280.0,1723.6843336829916
0.3609252586960793,-0.0027652209158986808,0.004615535536460055,0.05311419869831298,5207,2048,1.2922264099121095,0.23648758828639985,0.1375,0.010085633804555983,0.03875320999068208,0.003789445425906669,1.0,10,-0.002493124664761126,0.37227680285771686,0.03849066607654095,0.9759101867675781,0.003947079045843849,-0.003954957704991102,0.18281009793281555,0.0324948653113097,0.9617565870285034,0.0033948823464427734,0.015155724249780178,0.18601246178150177,0.04588124607689679,0.9655472636222839,0.004068953439403007,-0.007272579241544008,0.20651206374168396,0.01578987091779709,role_local,0.04759387578815222,0.009181350364815443,0.0002858474666666666,0.00028230933333333333,0.002823093333333333,256.0,1.2938699960708617,212288.0,1.8953875303268433,0.9906660318374634,0.5028654336929321,support>combat,10,0.0,-2.441406286379788e-05,-0.016891948949099362,-0.0078125,0.0,0.001932831230760712,0.001932831230760712,0.0,-4.882812572759576e-05,0.0,0.0,0.0,0.0,0.6632486997405067,-0.11188923684312613,0.001981659351486087,0.0,-0.027840534698043484,-0.027840534698043484,-0.8060801052488387,0.0,-0.016121785003633704,-0.01171875,-0.2108780216658488,0.0,0.0,0.0,0.0,0.0,-0.02785604446034995,-0.02785604446034995,-0.9033159578684717,0.0,-0.01809041961314506,-0.009765625,-0.308044949430041,0.0,0.0,0.0,0.0,0.0,-0.026278095105226384,-0.026278095105226384,-0.8228781302459538,-4.882812572759576e-05,-0.016463642230519326,-0.009765625,-0.2527491068467498,0.0,0.0,0.0,0.0,0.0,0.001981659351486087,0.0,-0.020010461699712323,-0.019999999552965164,-0.0027652209158986808,0.0017905113054439425,0.19219496846199036,0.968858540058136,0.0,1639,0.002148608909919858,0.06350824981927872,0.06747518740594387,0.9563806056976318,1.2955135822296142,0.4853629291057587,0.00544162564701344,10,-0.0030373171670362354,0.37273059288660687,0.002572829811833799,122.22441666723286,104.0,0.009181350364815443,26536.0,1736.8706334510352
0.2974917694926262,-0.0029608230892335997,0.0037375855408344457,0.04080520368879661,5590,2048,1.2929652214050293,0.24132710695266724,0.165234375,0.011256623765802942,0.04623928486835212,0.004171177341953358,1.0,10,-0.0024292215472087263,0.37246591846148175,0.04284551440505311,0.9596104025840759,0.004036804033808181,0.021267175674438477,0.1363755613565445,0.05025187223218382,0.9433248043060303,0.004364999340526898,0.002764493925496936,0.1725722998380661,0.04560387516394258,0.9787729978561401,0.0041074834401304775,-0.0011562769068405032,0.13984465599060059,0.01028280882164836,role_local,0.04795559141784907,0.006137906003277749,0.0002857109333333333,0.00028213866666666667,0.0028213866666666667,256.0,1.2942389130592347,214336.0,2.102856397628784,0.9980577826499939,0.47853928804397583,combat>support,5,0.0,-4.882812572759576e-05,-0.018148897698362514,-0.00439453125,0.0,0.002844803678385688,0.002844803678385688,0.0,-0.00019531250291038305,0.0,0.0,0.0,0.0,0.8683268218301237,-0.07219851145055145,0.0030401161640156715,0.0,-0.020739509658596944,-0.020739509658596944,-0.9392839409410954,0.0,-0.018786384716804605,-0.001953125,-0.09382163471309468,0.0,0.0,0.0,0.0,0.0,-0.026377457470516674,-0.026377457470516674,-0.9281951349694282,0.0,-0.01856495757238008,-0.0078125,-0.10853129983297549,0.0,0.0,0.0,0.0,0.0,-0.024907850609451998,-0.024907850609451998,-0.8547238281462342,0.0,-0.017095350805902854,-0.0078125,-0.02746710267092567,0.0,0.0,0.0,0.0,0.0,0.0030401161640156715,0.0,-0.017295004887273535,-0.019999999552965164,-0.0029608230892335997,0.00790522899478674,0.15105104446411133,0.9648628234863281,0.0,1951,0.011344213970005512,0.07028117775917053,0.035371122509241106,0.9710357189178467,1.29551260471344,0.3536564320325851,0.0033039937397155326,10,-0.0034924246312584726,0.3728354871273041,0.0019930031849071383,122.57457591184605,105.0,0.006137906003277749,26792.0,1748.6171043671202
0.3137217044830322,0.0037206272361800076,0.005921878057586177,0.07474537639645859,4798,2048,1.2947083115577698,0.23224000930786132,0.09736328125,0.007325929691432975,0.03388222234789282,0.003142901462630654,1.0,10,0.01026469429489225,0.3726108173529307,0.03485400681383908,0.9643926024436951,0.0032027786819104342,0.05354322865605354,0.16625957190990448,0.029289977974258363,0.9827905893325806,0.0029057170229221164,0.06149785965681076,0.15963174402713776,0.038294178806245326,0.9885266423225403,0.003358297200616078,0.01928700879216194,0.157184898853302,0.011040500365197659,role_local,0.10827787742018699,0.04120485680177808,0.0002855744,0.00028196799999999995,0.00281968,256.0,1.2960719525814057,216384.0,2.8955721855163574,1.008089542388916,0.33766457438468933,support>combat,6,0.0,-8.544922002329258e-05,-0.015574128417938482,-0.0068359375,0.0,-0.006012173169210655,-0.006012173169210655,0.0,-4.882812572759576e-05,0.0,-0.005859375,0.0,0.0,0.4508463586680591,-0.31789256364572793,-0.00010396994161965267,0.0,-0.025839033667580225,-0.025839033667580225,-0.8964435062371194,-9.765625145519152e-05,-0.01792887764167972,-0.0078125,-0.4421568489924539,0.0,0.0,0.0,0.0,0.0,-0.02204574471397791,-0.02204574471397791,-0.801027373643592,-9.765625145519152e-05,-0.01608871361531783,-0.005859375,-0.38603114162106067,0.0,0.0,0.0,0.0,0.0,-0.020614950080926064,-0.020614950080926064,-0.6352397387381643,-9.765625145519152e-05,-0.012704793996817898,-0.0078125,-0.2954051474807784,0.0,0.0,0.0,0.0,0.0,-0.00010396994161965267,0.0,-0.018627976653078804,-0.019999999552965164,0.0037206272361800076,0.04696645587682724,0.16247306764125824,0.9825147986412048,0.0,1699,-0.11498746275901794,0.42718440294265747,0.11560853044502437,0.4912418723106384,1.2974355936050415,0.3952033996582031,0.0087008546525417,10,-0.0028234398225322364,0.3732047875722249,0.0713692132383585,122.8486533064367,106.0,0.04120485680177808,27048.0,1761.3868298600428
0.4042029745876789,-0.004456431178550701,0.0059087174500821295,0.07516767195193097,5246,2048,1.295580220222473,0.3052914127707481,0.1689453125,0.012114764138823375,0.05744814348872751,0.004786459695085632,1.0,10,-0.0035120136104524135,0.372789204120636,0.057073873572517184,0.9425272941589355,0.004582526193642083,-0.00576448068022728,0.1634279042482376,0.05489236060529947,0.9819880127906799,0.0046569244605749825,-0.004919786937534809,0.12260039150714874,0.06126272678375244,0.9903462529182434,0.00523220713696153,0.0016589263686910272,0.13199667632579803,0.008714478090405464,role_local,0.04716269299387932,0.006470575754065067,0.00028543786666666664,0.0002817973333333333,0.0028179733333333333,256.0,1.2981261253356933,218432.0,2.181955337524414,0.9907752871513367,0.4685392677783966,support>combat,5,0.0,-3.662109429569682e-05,-0.01703559578891145,-0.0048828125,0.0,0.0005757198009632702,0.0005757198009632702,0.0,-4.882812572759576e-05,0.0,0.0,0.0,0.0,0.3349609375,-0.11921597499167547,0.000624547926690866,0.0,-0.027040627173846588,-0.027040627173846588,-0.9614064767956734,0.0,-0.019228127399401274,-0.0078125,-0.44440768990898505,0.0,0.0,0.0,0.0,0.0,-0.025716739452036563,-0.025716739452036563,-0.8927607720252126,-4.882812572759576e-05,-0.017855411548225675,-0.0078125,-0.400738358090166,0.0,0.0,0.0,0.0,0.0,-0.01797832644660957,-0.01797832644660957,-0.7011624737642705,-4.882812572759576e-05,-0.014023248419107404,-0.00390625,-0.26120472053298727,0.0,0.0,0.0,0.0,0.0,0.000624547926690866,0.0,-0.01753999462016509,-0.019999999552965164,-0.004456431178550701,-0.003434158395975828,0.14173397421836853,0.9809885621070862,0.0,1536,0.0039492337964475155,0.10169816017150879,0.09288720041513443,0.9257205724716187,1.3006720304489137,0.5031145364046097,0.007030975205078627,10,-0.00540084874664899,0.373581995566686,0.004226673417724669,123.08692999778265,107.0,0.006470575754065067,27304.0,1774.6157126831822
0.3151464633643627,-0.001813986897468567,0.003957369122553267,0.044794701441423966,5007,2048,1.2972344875335693,0.20754899382591246,0.10234375,0.007857571526255925,0.031415752845350656,0.0031942248267205708,1.0,10,-0.0027413390576839446,0.372898409763972,0.039412806555628774,0.9396085739135742,0.0035616934617671457,0.04507232457399368,0.2728580832481384,0.031652500305790456,0.9393625855445862,0.0032331117362495465,0.024725614115595818,0.28192397952079773,0.022703993925824763,0.9563557505607605,0.0027651773138673065,0.032340243458747864,0.26627883315086365,0.026525333151221277,role_local,0.05358011033385992,0.01412467856425792,0.00028530133333333333,0.00028162666666666663,0.0028162666666666667,256.0,1.3001861155033112,220480.0,2.2240147590637207,0.9989888072013855,0.2742697596549988,combat>support,4,0.0,-2.441406286379788e-05,-0.016241786438816536,-0.00537109375,0.0,0.004702787864516722,0.004702787864516722,0.0,-4.882812572759576e-05,0.0,0.0,0.0,0.0,0.8655598962213844,0.21489607809053268,0.004751615988425328,0.0,-0.022595623900997452,-0.022595623900997452,-0.8367908489890397,0.0,-0.016736249046516605,-0.005859375,0.10329019273922313,0.0,0.0,0.0,0.0,0.0,-0.023944366992509458,-0.023944366992509458,-0.8065934309270233,0.0,-0.016131867188960314,-0.0078125,0.11791654009721242,0.0,0.0,0.0,0.0,0.0,-0.023718571013887413,-0.023718571013887413,-0.7928448989987373,-4.882812572759576e-05,-0.015857243080972694,-0.0078125,-0.03827005787752569,0.0,0.0,0.0,0.0,0.0,0.004751615988425328,0.0,-0.016388944426580565,-0.019999999552965164,-0.001813986897468567,0.03417875990271568,0.2739327549934387,0.9459924697875977,0.0,1834,0.02086576633155346,0.06112084910273552,0.05817365003749728,0.9659145474433899,1.303137743473053,0.422743932902813,0.004720513418385963,10,-0.0008866347372531891,0.37383947769800824,0.0017240239772945642,123.31978377383199,108.0,0.01412467856425792,27560.0,1787.8720936160535
0.298040034994483,0.0016896253451704978,0.00637074249927051,0.08471555446158163,5111,2048,1.2978259086608888,0.2665355458855629,0.09814453125,0.007094047218561173,0.023895466909743847,0.0026803165352123014,1.0,10,0.00713302216026932,0.37305817008018494,0.022331903083249928,0.9814146161079407,0.0027540544039890034,0.002950778231024742,0.14632731676101685,0.02239704915555194,0.9819898009300232,0.0025744500120800707,-0.030381789430975914,0.1654931753873825,0.026740562124177813,0.9646766185760498,0.0027031085082250715,-0.01063582208007574,0.18747328221797943,0.011978793796151877,role_local,0.03844328951090574,0.021058140182867648,0.00028516479999999997,0.00028145599999999997,0.0028145600000000002,256.0,1.3006995022296906,222528.0,2.5487959384918213,1.0040944814682007,0.4126562178134918,support>combat,1,0.0,-2.441406286379788e-05,-0.01656518683375907,-0.00927734375,0.0,0.002366450415138388,0.002366450415138388,0.0,-9.765625145519152e-05,0.0,-0.001953125,0.0,0.0,0.9205729302484542,0.12248998566064984,0.00441723148287565,0.0,-0.02845478921517497,-0.02845478921517497,-0.8367852815426886,0.0,-0.01673603952076519,-0.01171875,0.10686430658097379,0.0,0.0,0.0,0.0,0.0,-0.027281638132990338,-0.027281638132990338,-0.7781112766824663,0.0,-0.015562888394924812,-0.01171875,0.21518231584559544,0.0,0.0,0.0,0.0,0.0,-0.029115382374584442,-0.029115382374584442,-0.8650289373472333,0.0,-0.017396632585587213,-0.01171875,0.04875125113176182,0.0,0.0,0.0,0.0,0.0,0.00441723148287565,0.0,-0.020621340816433076,-0.019999999552965164,0.0016896253451704978,-0.012245016172528267,0.16815774142742157,0.9771079421043396,0.0,2003,-0.02283136546611786,0.25189894437789917,0.14553564201341943,0.6566174030303955,1.3035730957984923,0.32954452410340307,0.010061168463328718,10,-0.003753771469928324,0.3735307951768239,0.030137486569583417,123.53892361595184,109.0,0.021058140182867648,27816.0,1801.2784431551117
0.3124374307692051,-0.005177977948915213,0.003633746044949704,0.039712083013728264,5269,2048,1.299008846282959,0.2580427467823029,0.127734375,0.009053687445702962,0.036260103527456525,0.0035425416572384184,1.0,10,-0.0019043896114453672,0.37305234869321185,0.03564671259373427,0.9586448669433594,0.0035100237766985307,0.008752338588237762,0.16169533133506775,0.03441944699734449,0.9789433479309082,0.0035534710102976706,-0.023017851635813713,0.16112719476222992,0.03891084650531411,0.9665907621383667,0.0035692261363381994,-0.03689084202051163,0.215786412358284,0.014084469620138406,role_local,0.030666867177933453,0.008362376887816936,0.00028502826666666666,0.0002812853333333333,0.0028128533333333333,256.0,1.2997466146945953,224576.0,2.012512445449829,0.9993699789047241,0.475739449262619,combat>support,3,0.0,-1.220703143189894e-05,-0.017084743252780754,-0.009765625,0.0,0.003852765830970384,0.003852765830970384,0.0,0.0,0.0,0.0,0.0,0.0,0.9322916732635349,0.02059987437678501,0.003852765830970384,0.0,-0.030310737529362086,-0.030310737529362086,-0.9195664511062205,-4.882812572759576e-05,-0.018543159698310774,-0.01171875,0.10955765043036081,0.0,0.0,0.0,0.0,0.0,-0.030456827524176333,-0.030456827524176333,-0.8392400576267391,0.0,-0.0167849528734223,-0.013671875,0.18455287340839277,0.0,0.0,0.0,0.0,0.0,-0.029597991866467055,-0.029597991866467055,-0.7962666153907776,0.0,-0.01592611718660919,-0.013671875,0.11494403734832304,0.0,0.0,0.0,0.0,0.0,0.003852765830970384,0.0,-0.021628198512189556,-0.019999999552965164,-0.005177977948915213,-0.01584414765238762,0.1811247169971466,0.9700702428817749,0.0,2048,-0.01075237337499857,0.07671406865119934,0.0431640625,0.9310461282730103,1.3004843831062316,0.36683211475610733,0.0037249504326609894,10,-0.008451566286385059,0.3732491731643677,0.0026402841554954647,123.75592737607239,110.0,0.008362376887816936,28072.0,1814.6686365781352
0.333923626691103,-0.002032590818089375,0.005753221310241956,0.07150579656008631,5140,2048,1.2989202380180358,0.2832529127597809,0.11591796875,0.00828652774944203,0.03579943054355681,0.003303832330886733,1.0,10,6.628784358326811e-05,0.37321168184280396,0.03524440471082926,0.9607942700386047,0.0033256765782503526,-0.02042289823293686,0.17722658812999725,0.0399339668918401,0.9815031886100769,0.003503252108526078,-0.03155156597495079,0.18237969279289246,0.032715909741818906,0.9696959257125854,0.0031030460824653327,-0.03215407952666283,0.19294294714927673,0.013845832645893097,role_local,0.06461710296571255,0.0311760064214468,0.0002848917333333333,0.00028111466666666665,0.002811146666666667,256.0,1.2992556273937226,226624.0,2.0711605548858643,0.9994450807571411,0.3904029428958893,support>combat,4,0.0,-1.220703143189894e-05,-0.016671448037717102,-0.009765625,0.0,-0.0011961912006768216,-0.0011961912006768216,0.0,-4.882812572759576e-05,0.0,-0.00390625,0.0,0.0,0.7247721289750189,-0.02336691034724936,0.002758887019638223,0.0,-0.029637287567311432,-0.029637287567311432,-0.8959043142385781,0.0,-0.017918537887453567,-0.01171875,-0.008856178523274139,0.0,0.0,0.0,0.0,0.0,-0.026843472780456068,-0.026843472780456068,-0.7562180983368307,0.0,-0.0151247230496665,-0.01171875,0.2067279991315445,0.0,0.0,0.0,0.0,0.0,-0.02868983287771698,-0.02868983287771698,-0.8485348157119006,0.0,-0.016971083176031243,-0.01171875,0.040147961626644246,0.0,0.0,0.0,0.0,0.0,0.002758887019638223,0.0,-0.021591697299299994,-0.019999999552965164,-0.002032590818089375,-0.0277700312435627,0.1843203753232956,0.9731850028038025,0.0,1943,-0.07382714003324509,0.3251584470272064,0.10721216257661581,0.570875883102417,1.2995910167694091,0.3845943406224251,0.008202610289597179,10,-0.004131469479762018,0.37335678935050964,0.0485061801970005,123.97180267240367,111.0,0.0311760064214468,28328.0,1828.0285929120146
0.33970612809062006,-0.005283741874154657,0.004381857395717015,0.05291977683809819,5497,2048,1.300941002368927,0.29523235708475115,0.15791015625,0.011912869539810345,0.054303334807627834,0.0044896708391979345,1.0,10,-0.0034234083956107496,0.37342871228853863,0.061446613166481256,0.9109356999397278,0.004893732562914475,0.0031750951893627644,0.1963394582271576,0.051660486566834155,0.979217529296875,0.0043671738835069085,-0.018221884965896606,0.16165179014205933,0.04907027592416853,0.9477487206459045,0.0041691125987569615,-0.02757502906024456,0.19194333255290985,0.015929021406918764,role_local,0.037373439967632295,0.01039989860728383,0.0002847552,0.000280944,0.00280944,256.0,1.3008476555347444,228672.0,2.0506234169006348,0.9972398281097412,0.36002030968666077,combat>support,3,0.0,0.0,-0.017809780160556937,-0.00830078125,0.0,0.003790452161183566,0.003790452161183566,0.0,0.0,0.0,0.0,0.0,0.0,0.939778643194586,0.00522294282563962,0.003790452161183566,0.0,-0.03084120713174343,-0.03084120713174343,-0.9560170203913003,0.0,-0.019122457393677905,-0.01171875,0.10710943238518666,0.0,0.0,0.0,0.0,0.0,-0.026165162529650843,-0.026165162529650843,-0.8199382103048265,0.0,-0.016399537849792978,-0.009765625,0.1690523105498869,0.0,0.0,0.0,0.0,0.0,-0.029626094903505873,-0.029626094903505873,-0.8953220280818641,0.0,-0.017907345238199923,-0.01171875,0.16425923175847856,0.0,0.0,0.0,0.0,0.0,0.003790452161183566,0.0,-0.020710503988084383,-0.019999999552965164,-0.005283741874154657,-0.013703915290534496,0.18527837097644806,0.9579145312309265,0.0,1938,-0.0028459697496145964,0.0967681035399437,0.05153621886856854,0.9447033405303955,1.3007543087005615,0.384179899096489,0.0042740439522360955,10,-0.0071440753526985645,0.37340893348058063,0.004870775807648897,124.16318996315168,112.0,0.01039989860728383,28584.0,1841.7052595689893
0.2949290987104177,-0.001169799649505876,0.004452286613531526,0.05396354962140322,5498,2048,1.3017757654190063,0.23662941679358482,0.07744140625,0.006576046592090279,0.01840226538479328,0.002435492996609069,1.0,10,-0.0012055997969582677,0.3734074930349986,0.020342584745958448,0.9736855626106262,0.002585545511011922,0.002167873550206423,0.15243296325206757,0.01826342809945345,0.9512205719947815,0.0024473295174687547,0.027471134439110756,0.1707901656627655,0.01658566314727068,0.9678941965103149,0.002271035990466963,0.0007143277325667441,0.17723475396633148,0.012355763465166092,role_local,0.048665444180369374,0.02976273316890001,0.00028461866666666663,0.0002807733333333333,0.0028077333333333333,256.0,1.3013815462589264,230720.0,2.518439769744873,1.0013692378997803,0.41135168075561523,combat>support,5,0.0,-1.220703143189894e-05,-0.017838618973958848,-0.00830078125,0.0,-0.00030659096091767424,-0.00030659096091767424,0.0,-4.882812572759576e-05,0.0,-0.00390625,0.0,0.0,0.8859049293678254,0.017477911576861516,0.0036484872475739394,0.0,-0.02748891755618388,-0.02748891755618388,-0.8855707349721342,0.0,-0.01772329282539431,-0.009765625,-0.009822152449487476,0.0,0.0,0.0,0.0,0.0,-0.0281762638114742,-0.0281762638114742,-0.9201998244971037,0.0,-0.01841063902247697,-0.009765625,-0.013777875894447789,0.0,0.0,0.0,0.0,0.0,-0.027147549812070793,-0.027147549812070793,-0.8690843943040818,0.0,-0.017381925074005267,-0.009765625,-0.14580080314772204,0.0,0.0,0.0,0.0,0.0,0.0036484872475739394,0.0,-0.020779831560503226,-0.019999999552965164,-0.001169799649505876,0.010408051311969757,0.16759037971496582,0.9658917784690857,0.0,1923,-0.039812471717596054,0.32200300693511963,0.08952483385801316,0.7034723162651062,1.3009873270988463,0.35322878062725066,0.006469080230453983,10,-0.0011339995020534844,0.37351993719736737,0.04716970287263393,124.37406409139793,113.0,0.02976273316890001,28840.0,1855.049134926172
0.3289745725691319,0.0026871651702094824,0.003322391332479635,0.034329208206327164,5026,2048,1.3010848760604858,0.25174840688705447,0.1029296875,0.007200360513525084,0.02576120968151372,0.00302413975568252,1.0,10,-0.0019895291305147113,0.3732515076796214,0.03221788093214854,0.9781705737113953,0.003261282565171786,-0.03349204733967781,0.19320455193519592,0.025704120751470327,0.9618520736694336,0.002996498999671199,-0.009155655279755592,0.12417425960302353,0.01955585749819875,0.9723161458969116,0.002827500131827998,-0.07347793132066727,0.20118597149848938,0.012661296594887971,role_local,0.05813207589089871,0.02957487585954368,0.0002844821333333333,0.00028060266666666666,0.002806026666666667,256.0,1.3015764713287354,232768.0,1.7448652982711792,1.0028951168060303,0.5673711895942688,combat>support,9,0.0,0.0,-0.016301238535864588,-0.0078125,0.0,-0.0001492281849095889,-0.0001492281849095889,0.0,0.0,0.0,-0.00390625,0.0,0.0,0.6279296875,0.20755051532614743,0.0037570218296423263,0.0,-0.024520646260498324,-0.024520646260498324,-0.7377059683203697,0.0,-0.014755021493328968,-0.009765625,-0.1127238190965727,0.0,0.0,0.0,0.0,0.0,-0.024872042376955505,-0.024872042376955505,-0.9505803012289107,0.0,-0.01901266754430253,-0.005859375,-0.2845821123046335,0.0,0.0,0.0,0.0,0.0,-0.026854776286199922,-0.026854776286199922,-0.7568013253621757,0.0,-0.015136026569962269,-0.01171875,-0.16120398185012164,0.0,0.0,0.0,0.0,0.0,0.0037570218296423263,0.0,-0.019099174456641776,-0.019999999552965164,0.0026871651702094824,-0.03640982136130333,0.17464712262153625,0.9739636182785034,0.0,1288,-0.06881629675626755,0.38665592670440674,0.042897206731140614,0.6593602299690247,1.3020680665969848,0.4062007382512093,0.00362064290927675,10,0.007363859470933676,0.3736914396286011,0.04648845512419939,124.60574481098101,114.0,0.02957487585954368,29096.0,1868.0358626570087
0.3543069131672382,-0.004957324010320008,0.004041198160508287,0.04586509917862713,4970,2048,1.2996329545974732,0.23383827060461043,0.1353515625,0.009894862986402585,0.047395778354257345,0.004165878458828767,1.0,10,-0.0019938328303396704,0.37311065196990967,0.05322600235231221,0.9728372693061829,0.004530606476496007,-0.019331779330968857,0.2349715381860733,0.03249176414683461,0.9446693658828735,0.0033241589278053597,-0.03129464015364647,0.21841838955879211,0.05870251981541515,0.9590456485748291,0.004773319389996017,-0.020494023337960243,0.2215557098388672,0.02025917861610651,role_local,0.04257893152534962,0.012683146086055785,0.00028434559999999996,0.000280432,0.00280432,256.0,1.3017179250717164,234816.0,2.3817033767700195,0.9996911883354187,0.45248040556907654,combat>support,6,0.0,0.0,-0.016104847087262897,-0.0087890625,0.0,0.00458322274062084,0.00458322274062084,0.0,0.0,0.0,0.0,0.0,0.0,0.640625,0.3367871271475451,0.00458322274062084,0.0,-0.02579612782028562,-0.02579612782028562,-0.7037883562734351,0.0,-0.014077378058573231,-0.01171875,0.008421432445175014,0.0,0.0,0.0,0.0,0.0,-0.03153648201623582,-0.03153648201623582,-0.8932171838823706,0.0,-0.017864607409137534,-0.013671875,-0.10530531904078089,0.0,0.0,0.0,0.0,0.0,-0.026138180481211748,-0.026138180481211748,-0.8186258536297828,0.0,-0.016372555794077925,-0.009765625,-0.06156887559779989,0.0,0.0,0.0,0.0,0.0,0.00458322274062084,0.0,-0.019721893175301375,-0.019999999552965164,-0.004957324010320008,-0.024151617661118507,0.22448164224624634,0.962480366230011,0.0,1312,0.05604436993598938,0.1251804679632187,0.04433442000299692,0.8929848074913025,1.3038028955459595,0.474775555729866,0.003916517862187807,10,-0.007920815190300346,0.3738941252231598,0.0051071135560050605,124.83240746831154,115.0,0.012683146086055785,29352.0,1881.0499994531274
0.28230801448225973,-0.00034914392745122313,0.004890221161849536,0.06305441001895815,5400,2048,1.2986398458480835,0.26598112732172013,0.21474609375,0.01590237309865188,0.0810051878914237,0.006156825973037118,1.0,10,-0.002698292094282806,0.3729699452718099,0.07670588456094266,0.9771513342857361,0.005920673706231494,-0.020522277802228928,0.18426261842250824,0.09078677799552679,0.9705617427825928,0.006754500047088813,0.01964452676475048,0.16882124543190002,0.07564981169998646,0.9591121673583984,0.005805258142716485,0.029268741607666016,0.16004210710525513,0.012808469031006098,role_local,0.03862066306173802,0.018394154170528053,0.00028420906666666666,0.0002802613333333333,0.0028026133333333334,256.0,1.301857328414917,236864.0,1.9119518995285034,1.0012233257293701,0.46223965287208557,combat>support,3,0.0,-1.220703143189894e-05,-0.0175227659541027,-0.00830078125,0.0,0.003814551762843621,0.003814551762843621,0.0,0.0,0.0,-0.001953125,0.0,0.0,0.9013671875,0.36036800537840463,0.005767676802861388,0.0,-0.030017861194210127,-0.030017861194210127,-0.8172917475458235,0.0,-0.016345986536180135,-0.013671875,0.20712278058636002,0.0,0.0,0.0,0.0,0.0,-0.02726833484484814,-0.02726833484484814,-0.8726809972431511,-4.882812572759576e-05,-0.017453881991968956,-0.009765625,0.143363392809988,0.0,0.0,0.0,0.0,0.0,-0.02658092911588028,-0.02658092911588028,-0.9384095624554902,0.0,-0.01876842933415901,-0.0078125,0.13237860191111395,0.0,0.0,0.0,0.0,0.0,0.005767676802861388,0.0,-0.02001314450535574,-0.019999999552965164,-0.00034914392745122313,0.01057338621467352,0.1721077412366867,0.9709743857383728,0.0,1847,-0.026560189202427864,0.2360829859972,0.0451036321464926,0.728583812713623,1.3050748109817505,0.2986349016427994,0.003623616350661954,10,0.00200000423938036,0.3740777273972829,0.02397983931005001,125.02728666380428,116.0,0.018394154170528053,29608.0,1894.4984436631203
0.2601869910955429,-0.003075857134535909,0.004590148969704144,0.05641268889885396,5491,2048,1.298079001903534,0.2618174269795418,0.12958984375,0.009253284195438027,0.034849365474656224,0.003387771138170931,1.0,10,-0.003936831653118133,0.3730488220850627,0.03482115895021707,0.9844954013824463,0.0034137544182158306,0.0028503471985459328,0.17073366045951843,0.03915030215866864,0.9488320350646973,0.003605740148392955,0.008118637837469578,0.16184638440608978,0.030632632365450264,0.9284518957138062,0.0031545951360252844,0.00651392200961709,0.1560300886631012,0.011108721327036618,role_local,0.03371992129832506,0.015881744446232915,0.0002840725333333333,0.0002800906666666666,0.002800906666666667,256.0,1.30238898396492,238912.0,2.100158214569092,0.9991592764854431,0.3533029854297638,support>combat,3,0.0,0.0,-0.017780349116947036,-0.0087890625,0.0,0.004045093912282027,0.004045093912282027,0.0,0.0,0.0,-0.001953125,0.0,0.0,0.8330078125,0.4443646219733637,0.005998218972308678,0.0,-0.02484246841049753,-0.02484246841049753,-0.7538300401065499,0.0,-0.01507684362877626,-0.009765625,0.16818831078126095,0.0,0.0,0.0,0.0,0.0,-0.03053150107007241,-0.03053150107007241,-0.940630482044071,0.0,-0.01881275137566263,-0.01171875,0.12464101947261952,0.0,0.0,0.0,0.0,0.0,-0.031170202018984128,-0.031170202018984128,-0.9725727264303714,0.0,-0.01945145234640222,-0.01171875,0.10165598982712254,0.0,0.0,0.0,0.0,0.0,0.005998218972308678,0.0,-0.020624770299036754,-0.019999999552965164,-0.003075857134535909,0.006048558745533228,0.16235698759555817,0.9704591631889343,0.0,1707,-0.015537098981440067,0.22900651395320892,0.0779760123230517,0.8296887874603271,1.3066989660263062,0.258556555211544,0.005792526801237358,10,-0.002214882615953684,0.37427785992622375,0.02065476756542921,125.21908228664788,117.0,0.015881744446232915,29864.0,1907.9520120830275
0.33441428020596503,-0.0013749638572335243,0.003483190654778129,0.037433354067616165,5407,2048,1.299676775932312,0.27044719010591506,0.121484375,0.008752439376257826,0.03558521363884211,0.0031782224975315685,1.0,10,0.0020201762672513723,0.3733263611793518,0.037078928854316476,0.982537567615509,0.0031918173407686655,-0.014738008379936218,0.16314466297626495,0.034051357908174394,0.9779568314552307,0.003111023870497284,-0.021506527438759804,0.15759676694869995,0.035711104050278664,0.9473556280136108,0.0032255723641187893,-0.010340152308344841,0.12449342757463455,0.009326658211648464,role_local,0.03403844991698861,0.006082128686830402,0.000283936,0.00027991999999999996,0.0027992,256.0,1.3032453060150146,240960.0,2.4712400436401367,1.0091848373413086,0.4473593533039093,support>combat,6,0.0,-4.882812572759576e-05,-0.01754040858456089,-0.0087890625,0.0,0.003978862212079548,0.003978862212079548,0.0,-4.882812572759576e-05,0.0,0.0,0.0,0.0,0.75,0.17128173478704412,0.004027690334169165,0.0,-0.027528603015525732,-0.027528603015525732,-0.7833130790386349,-9.765625145519152e-05,-0.015712197055108845,-0.01171875,-0.09602115665620659,0.0,0.0,0.0,0.0,0.0,-0.030721820578037295,-0.030721820578037295,-0.8524951993022114,0.0,-0.01704994592728326,-0.013671875,-0.09893646472482942,0.0,0.0,0.0,0.0,0.0,-0.029673535595065914,-0.029673535595065914,-0.9903002313803881,-4.882812572759576e-05,-0.01985908277129056,-0.009765625,-0.23805248911958188,0.0,0.0,0.0,0.0,0.0,0.004027690334169165,0.0,-0.020986275216273498,-0.019999999552965164,-0.0013749638572335243,-0.01527397707104683,0.14788053929805756,0.9775969982147217,0.0,1536,0.04346580430865288,0.08763453364372253,0.03928149449639022,0.9684731960296631,1.3068138360977173,0.398381370306015,0.003788158812024689,10,-0.004770103981718421,0.37398651242256165,0.0028375991620123386,125.42429096487389,118.0,0.006082128686830402,30120.0,1921.1589569000062
0.3368959970772266,-0.0026186673319898547,0.004710692579881997,0.05926001696498133,5680,2048,1.302078378200531,0.2397814139723778,0.13818359375,0.010247426043497399,0.038517936517018826,0.0036506277848633085,1.0,10,-0.001989994035102427,0.37367769082387287,0.04586086608469486,0.9506204724311829,0.004069706919349277,0.04413324221968651,0.19340874254703522,0.040170805528759956,0.9683974981307983,0.0036002140814445777,0.01752697303891182,0.1334737241268158,0.02946361042559147,0.9334849715232849,0.0032804670294897973,0.006445163860917091,0.19470635056495667,0.01456066481769085,role_local,0.057046951912343505,0.009312340174801648,0.0002837994666666666,0.0002797493333333333,0.0027974933333333334,256.0,1.302763247489929,243008.0,2.2028656005859375,1.0024950504302979,0.41432031989097595,combat>support,1,0.0,0.0,-0.01842461682826979,-0.0078125,0.0,0.006336461869068444,0.006336461869068444,0.0,0.0,0.0,0.0,0.0,0.0,0.878743490204215,0.4702479889092501,0.006336461869068444,0.0,-0.028201028086186852,-0.028201028086186852,-0.9217321518808603,0.0,-0.018435403355397284,-0.009765625,0.190965540939942,0.0,0.0,0.0,0.0,0.0,-0.028299291916482616,-0.028299291916482616,-0.9262806258630008,0.0,-0.018533667032897938,-0.009765625,0.18865256253047846,0.0,0.0,0.0,0.0,0.0,-0.030023529776372015,-0.030023529776372015,-0.9135195373091847,0.0,-0.01830478009651415,-0.01171875,0.18342843238497153,0.0,0.0,0.0,0.0,0.0,0.006336461869068444,0.0,-0.020046848479978507,-0.019999999552965164,-0.0026186673319898547,0.022724291309714317,0.17677398025989532,0.9510113000869751,0.0,1805,0.022247441112995148,0.095891572535038,0.08000209741294384,0.8896340131759644,1.3034481167793275,0.4340105801820755,0.0057707573749006865,10,-0.0032473406288772823,0.37351154287656146,0.004064015531912446,125.60356692666356,119.0,0.009312340174801648,30376.0,1934.7221257011406
0.23880405426025392,-0.0015708931139670312,0.0037850462858244256,0.037119673419510946,5346,2048,1.3040948987007142,0.24931770712137222,0.17978515625,0.013039975074934772,0.057156468462198975,0.0048773714200636255,1.0,10,-0.0030987042700871825,0.37366752823193866,0.06102589122019708,0.9764868021011353,0.005035927343045535,0.03377139940857887,0.15290959179401398,0.05714032084215433,0.9750807881355286,0.004905746566269209,0.037162896245718,0.16456805169582367,0.053613663837313655,0.9641103744506836,0.004704066021837927,0.01292951125651598,0.1542927473783493,0.012740586698055268,role_local,0.10470518246293067,0.040938942693173885,0.0002836629333333333,0.00027957866666666664,0.002795786666666667,256.0,1.3019542574882508,245056.0,1.9760991334915161,1.0086681842803955,0.465850293636322,support>combat,2,0.0,-2.441406286379788e-05,-0.01733747549102797,-0.00927734375,0.0,-0.0019246737433604721,-0.0019246737433604721,0.0,-9.765625145519152e-05,0.0,-0.005859375,0.0,0.0,0.8826497427653521,0.0836264414829202,0.0040323575626644015,0.0,-0.02456993464147672,-0.02456993464147672,-0.8378430402372032,0.0,-0.01675743483065162,-0.0078125,-0.046424719810602255,0.0,0.0,0.0,0.0,0.0,-0.028688577309367247,-0.028688577309367247,-0.8484664829447865,0.0,-0.016969827629509382,-0.01171875,-0.027538438742340077,0.0,0.0,0.0,0.0,0.0,-0.030003913700056728,-0.030003913700056728,-0.9137796554714441,0.0,-0.018285164012922905,-0.01171875,-0.06635347105111578,0.0,0.0,0.0,0.0,0.0,0.0040323575626644015,0.0,-0.021296776303643128,-0.019999999552965164,-0.0015708931139670312,0.02754843421280384,0.1576579064130783,0.9728861451148987,0.0,1838,-0.09036262333393097,0.4061856269836426,0.01708287837682292,0.6088362336158752,1.2998136162757874,0.2282904013991356,0.0026927211515852256,10,-4.308195784687996e-05,0.37313886483510333,0.0691372986882925,125.78960832250763,120.0,0.040938942693173885,30632.0,1948.1418478679843
0.24882637336850166,-0.0008475606489810161,0.003902882340615722,0.044156559626571834,5216,2048,1.3030075907707215,0.23656814098358153,0.10234375,0.007543203508248553,0.028749309852719306,0.00296278595274562,1.0,10,-0.002417538416921161,0.37352898716926575,0.028156512044370176,0.9884108304977417,0.002811350424164172,0.007363422308117151,0.13014091551303864,0.03127906620502472,0.9803966283798218,0.0031466599148245013,0.039707452058792114,0.12164522707462311,0.02667158134281635,0.982215940952301,0.002899704059138633,0.021438630297780037,0.1135563999414444,0.00785495643503964,role_local,0.07505683004856109,0.015947774727828802,0.00028352639999999996,0.000279408,0.00279408,256.0,1.3007566034793854,247104.0,2.005681276321411,0.9967629909515381,0.4905283451080322,combat>support,4,0.0,-1.220703143189894e-05,-0.01691254260610246,-0.00732421875,0.0,0.0006709704948661965,0.0006709704948661965,0.0,-4.882812572759576e-05,0.0,-0.001953125,0.0,0.0,0.9223632735665888,-0.16942158047459088,0.0026729235887614777,0.0,-0.02624899554211879,-0.02624899554211879,-0.7086598859168589,0.0,-0.014530245833157096,-0.01171875,-0.0729444184107706,0.0,0.0,0.0,0.0,0.0,-0.025964362459490076,-0.025964362459490076,-0.8793756258673966,0.0,-0.018151862677768804,-0.0078125,-0.3226200350327417,0.0,0.0,0.0,0.0,0.0,-0.025868019089102745,-0.025868019089102745,-0.8292646065820009,0.0,-0.018055519307381473,-0.0078125,-0.2873147650389001,0.0,0.0,0.0,0.0,0.0,0.0026729235887614777,0.0,-0.019352602590515744,-0.019999999552965164,-0.0008475606489810161,0.023953212425112724,0.12208355218172073,0.9854986667633057,0.0,2008,-0.00952060054987669,0.22594457864761353,0.05956380940042436,0.80232173204422,1.2985056161880493,0.2610846057534218,0.004842978728485823,10,0.0007224171189591288,0.37330858906110126,0.02404059302061796,125.974267051482,121.0,0.015947774727828802,30888.0,1961.5434626741335
0.3791146233677864,-0.003461040067486465,0.005397029687202643,0.06958966790698469,5116,2048,1.3019495844841003,0.3614379197359085,0.19111328125,0.014302274576039053,0.07746722297742963,0.005688984276671799,1.0,10,-0.0034798400709405543,0.3733190397421519,0.07225785348564387,0.975680410861969,0.005407802545277407,-0.004864978604018688,0.16203632950782776,0.08094958700239659,0.9766297340393066,0.00585670181580405,0.02911876142024994,0.1923866719007492,0.0795556077733636,0.9626282453536987,0.005820361087288351,-0.004722749348729849,0.223758727312088,0.015145248267799616,role_local,0.06846336405724288,0.023495245492085814,0.00028338986666666665,0.0002792373333333333,0.0027923733333333335,256.0,1.3011514604091645,249152.0,2.2221827507019043,1.0089778900146484,0.4582025110721588,combat>support,3,0.0,-4.882812572759576e-05,-0.016543374353204854,-0.00732421875,0.0,0.000385419173653645,0.000385419173653645,0.0,-9.765625145519152e-05,0.0,-0.001953125,0.0,0.0,0.713378909509629,-0.06955253300839104,0.0024362003941860166,0.0,-0.025145668791083153,-0.025145668791083153,-0.8612425366882235,-4.882812572759576e-05,-0.017284340879996307,-0.0078125,-0.152692326111719,0.0,0.0,0.0,0.0,0.0,-0.02522846196734463,-0.02522846196734463,-0.755812184419483,0.0,-0.015462837414816022,-0.009765625,-0.004309502255637199,0.0,0.0,0.0,0.0,0.0,-0.026697397632233333,-0.026697397632233333,-0.8347758280579001,-4.882812572759576e-05,-0.016882944764802232,-0.009765625,-0.2180105125589762,0.0,0.0,0.0,0.0,0.0,0.0024362003941860166,0.0,-0.019171528230799595,-0.019999999552965164,-0.003461040067486465,0.005864590406417847,0.1948215663433075,0.9717322587966919,0.0,2032,-0.027875084429979324,0.26992589235305786,0.06171211283653975,0.7844206094741821,1.3003533363342286,0.3967913269996643,0.005105075097733487,10,-0.003442240064032376,0.3734184801578522,0.03184524271637201,126.15941778675989,122.0,0.023495245492085814,31144.0,1974.898143721046
0.3448642142117023,-0.00043342093704268336,0.004455155834323826,0.05085835345089436,5197,2048,1.300010085105896,0.2345884546637535,0.13720703125,0.009885820499039254,0.04185342565178871,0.004031518043835847,1.0,10,0.0033303304808214307,0.3731003701686859,0.04203513057436794,0.9622629880905151,0.00407574867011265,0.061796240508556366,0.2360123097896576,0.043367169913835824,0.9721136093139648,0.004102519431939561,0.04319225251674652,0.22055818140506744,0.04055131664499641,0.9431968331336975,0.003941142181404134,0.06206569820642471,0.10989714413881302,0.015509705618023872,role_local,0.10799992457032204,0.009390964277554304,0.0002832533333333333,0.00027906666666666666,0.0027906666666666666,256.0,1.3001676380634308,251200.0,2.527275562286377,0.9973621368408203,0.37636271119117737,support>combat,6,0.0,-2.441406286379788e-05,-0.01687364364503689,-0.00439453125,0.0,0.0022972344405047807,0.0022972344405047807,0.0,-9.765625145519152e-05,0.0,0.0,0.0,0.0,0.9140625118743628,-0.21022654353873804,0.0023948906855935093,0.0,-0.021825165629707044,-0.021825165629707044,-0.7982794612180442,0.0,-0.01596579076795024,-0.005859375,-0.13043948194535915,0.0,0.0,0.0,0.0,0.0,-0.02080131096590776,-0.02080131096590776,-0.7319860665593296,0.0,-0.014941935929527972,-0.005859375,-0.05739804293261841,0.0,0.0,0.0,0.0,0.0,-0.025572579026629683,-0.025572579026629683,-0.9771046123933047,0.0,-0.019713204237632453,-0.005859375,-0.34437201867694966,0.0,0.0,0.0,0.0,0.0,0.0023948906855935093,0.0,-0.016475456541229505,-0.019999999552965164,-0.00043342093704268336,0.056398991495370865,0.19161240756511688,0.9683797359466553,0.0,2048,0.008198495022952557,0.0871708020567894,0.05986328125,0.960559606552124,1.3003251910209657,0.4551399737596512,0.004878793624811806,10,-0.004197172354906797,0.3733166754245758,0.0032722229370847344,126.33567440913463,123.0,0.009390964277554304,31400.0,1988.3536552509759
0.3145951107144356,-0.0005279452772811056,0.004806869983437604,0.05743216442642733,5611,2048,1.298814332485199,0.21877131164073943,0.08095703125,0.006024962646188214,0.015331622608937324,0.0022141226141536687,1.0,10,0.0010818623122759163,0.37302862604459125,0.014954492333345115,0.9514497518539429,0.0022170028260251494,0.03151155635714531,0.154099702835083,0.021215664746705443,0.9684051871299744,0.0025920801789859893,0.032445378601551056,0.1403721570968628,0.0107421875,0.8804134130477905,0.0018949536388390698,0.04253942519426346,0.13907191157341003,0.011465875525027513,role_local,0.12202603071928024,0.03099822890944779,0.0002831168,0.000278896,0.00278896,256.0,1.2993604362010955,253248.0,1.9221216440200806,1.0021343231201172,0.48177918791770935,support>combat,1,0.0,-6.10351571594947e-05,-0.018240526821803844,-0.0048828125,0.0,-0.004756385504990135,-0.004756385504990135,0.0,-9.765625145519152e-05,0.0,-0.005859375,0.0,0.0,0.6697590928524733,-0.24639847717480734,0.0012006456069713067,0.0,-0.021961329453915823,-0.021961329453915823,-0.8500762968324125,-4.882812572759576e-05,-0.018006251433689613,-0.00390625,-0.30371553800068796,0.0,0.0,0.0,0.0,0.0,-0.02065225910700974,-0.02065225910700974,-0.7802689517848194,0.0,-0.016746009208873147,-0.00390625,-0.24592851920169778,0.0,0.0,0.0,0.0,0.0,-0.02592635090695694,-0.02592635090695694,-0.9857745000626892,-9.765625145519152e-05,-0.019969319822848774,-0.005859375,-0.3694777519267518,0.0,0.0,0.0,0.0,0.0,0.0012006456069713067,0.0,-0.018324082637263928,-0.019999999552965164,-0.0005279452772811056,0.03582245111465454,0.14466416835784912,0.9543256759643555,0.0,1776,-0.08754781633615494,0.34817785024642944,0.09953270624391734,0.6109893321990967,1.2999065399169922,0.4104189097881317,0.007399617352721539,10,-0.0021377528668381275,0.3733249505360921,0.050530582293868066,126.5145110116016,124.0,0.03099822890944779,31656.0,2001.730852651177
0.31781060323119165,0.0007018495234660804,0.003601003695724786,0.039959964278386904,5847,2048,1.2986890912055968,0.22062790095806123,0.0748046875,0.006151427928125485,0.016257281706202775,0.0020478726736175234,1.0,10,-0.0028178296284750103,0.37311285734176636,0.01404109172290191,0.9228894114494324,0.0018804236222686455,0.02652248553931713,0.19218939542770386,0.015386507846415043,0.930548369884491,0.0020560483732722456,0.033903978765010834,0.20745767652988434,0.019140625,0.936549186706543,0.002198498445795849,0.04658421874046326,0.1287083923816681,0.014400115329772234,role_local,0.0987544922158122,0.025134316133335232,0.0002829802666666666,0.00027872533333333333,0.0027872533333333335,256.0,1.2998564779758452,255296.0,2.475233554840088,1.0048363208770752,0.40356186032295227,combat>support,5,0.0,-3.662109429569682e-05,-0.01898095747795499,-0.0048828125,0.0,-0.0030050722402847896,-0.0030050722402847896,0.0,-4.882812572759576e-05,0.0,-0.00390625,0.0,0.0,0.38362629897892475,-0.09741653981473064,0.0009500059738911659,0.0,-0.0247643746479298,-0.0247643746479298,-0.9426491803023964,0.0,-0.018904999895312358,-0.005859375,-0.46420977683737874,0.0,0.0,0.0,0.0,0.0,-0.023966526219737716,-0.023966526219737716,-0.8949702319223434,-4.882812572759576e-05,-0.018058323264995124,-0.005859375,-0.3925371307414025,0.0,0.0,0.0,0.0,0.0,-0.023934627286507748,-0.023934627286507748,-0.998942632926628,-4.882812572759576e-05,-0.019979549273557495,-0.00390625,-0.5303250338183716,0.0,0.0,0.0,0.0,0.0,0.0009500059738911659,0.0,-0.01891765185064287,-0.019999999552965164,0.0007018495234660804,0.03589755296707153,0.17836213111877441,0.9296576976776123,0.0,1527,-0.09764643758535385,0.32150375843048096,0.06366264685057103,0.7781509160995483,1.3010238647460937,0.41499330550432206,0.0051541347178320485,10,0.004221528675407172,0.37370337049166363,0.03586851693689823,126.7352696424768,125.0,0.025134316133335232,31912.0,2014.4037308651023
0.37894978299736976,0.0026169291872065515,0.003963385529725344,0.04273444060090696,5315,2048,1.2995359182357789,0.23883440643548964,0.1318359375,0.010589234714279883,0.04211325820942875,0.0039323491746185825,1.0,10,-0.0025877135456539692,0.3731942375500997,0.046067281463183465,0.9764379262924194,0.004337801276869146,0.03615634888410568,0.1397036910057068,0.036806139163672924,0.9833124279975891,0.003430129302258145,0.03142247349023819,0.1345898061990738,0.04296899437904358,0.9665862917900085,0.003985072931505795,0.03540261834859848,0.13379976153373718,0.008443507691845297,role_local,0.07255888357758522,0.01270306974183768,0.0002828437333333333,0.0002785546666666666,0.0027855466666666666,256.0,1.3021844446659088,257344.0,1.8512911796569824,0.9960460066795349,0.4931281507015228,combat>support,7,0.0,-4.882812572759576e-05,-0.01727781023995097,-0.00390625,0.0,-0.0002692107932489307,-0.0002692107932489307,0.0,-9.765625145519152e-05,0.0,-0.001953125,0.0,0.0,0.43505859375,0.006889350450364873,0.0017815704750319128,0.0,-0.02107356895430712,-0.02107356895430712,-0.8559239653404802,-4.882812572759576e-05,-0.017118490926804952,-0.00390625,-0.5743196182884276,0.0,0.0,0.0,0.0,0.0,-0.01968722268793499,-0.01968722268793499,-0.7890344834886491,0.0,-0.01578097278252244,-0.00390625,-0.47573159635066986,0.0,0.0,0.0,0.0,0.0,-0.02484217003075173,-0.02484217003075173,-0.9461754055228084,-4.882812572759576e-05,-0.01893396701052552,-0.005859375,-0.5852441287715919,0.0,0.0,0.0,0.0,0.0,0.0017815704750319128,0.0,-0.01646804426491144,-0.019999999552965164,0.0026169291872065515,0.03443985804915428,0.13603012263774872,0.9777846336364746,0.0,1138,-0.02637515589594841,0.2557900846004486,0.04335562299238518,0.8489264845848083,1.304832971096039,0.5190651595592499,0.003994421884832106,10,0.007821571920067072,0.37421319882074994,0.016962631791830062,126.94540020776789,126.0,0.01270306974183768,32168.0,2027.2022426871117
0.3151383638381958,-0.00012043453170917928,0.004339448134826296,0.05191877433098853,5832,2048,1.2996976375579834,0.19122931361198425,0.11552734375,0.008242198440711945,0.030575694888830184,0.002996585860211038,1.0,10,-0.0016039260197430849,0.3731064796447754,0.02458367943763733,0.8347762823104858,0.002785248269183205,0.06028307229280472,0.23812653124332428,0.03624993767589331,0.8737882375717163,0.0033574736473260926,0.06093115732073784,0.2490028440952301,0.03111323229968548,0.7455110549926758,0.002858501670419429,0.08138071000576019,0.30155354738235474,0.03057778999209404,role_local,0.10468242429196835,0.016841890604700892,0.00028270719999999995,0.00027838399999999996,0.00278384,256.0,1.3038774669170379,259392.0,1.9073113203048706,0.9961932301521301,0.5739070177078247,combat>support,3,0.0,-1.220703143189894e-05,-0.018969296019349713,-0.001953125,0.0,0.00442705371278862,0.00442705371278862,0.0,-4.882812572759576e-05,0.0,0.0,0.0,0.0,0.6905924540478736,0.285585345045547,0.004475881843973184,0.0,-0.023191192871308886,-0.023191192871308886,-0.9642361698206514,0.0,-0.019284942871308886,-0.00390625,-0.2422641740704421,0.0,0.0,0.0,0.0,0.0,-0.022488402224553283,-0.022488402224553283,-0.9291053265333176,0.0,-0.018582152333692648,-0.00390625,-0.2124344579060562,0.0,0.0,0.0,0.0,0.0,-0.019040792853047606,-0.019040792853047606,-0.9519921878818423,0.0,-0.019040792853047606,0.0,-0.23976526653859764,0.0,0.0,0.0,0.0,0.0,0.004475881843973184,0.0,-0.01507333522386034,-0.019999999552965164,-0.00012043453170917928,0.06754901260137558,0.2645304799079895,0.8246180415153503,0.0,1467,0.0015990959946066141,0.09256890416145325,0.07326185377314687,0.9529670476913452,1.3080572962760926,0.43904741406440734,0.005682310409441555,10,0.0013630569563247263,0.3744090398152669,0.0031059912173077462,127.11811844277172,127.0,0.016841890604700892,32424.0,2040.5588375411462
0.35365009903907774,-0.0034799966346326983,0.005152651373057609,0.06739277079468593,5197,2048,1.2981069207191467,0.25092713832855223,0.11611328125,0.008352996758185327,0.03295513695338741,0.003314785357318062,1.0,10,-0.002328862834110623,0.3727635443210602,0.037784190627280625,0.9295883774757385,0.0035859519064932108,0.04525792971253395,0.20057787001132965,0.03981357589364052,0.9514100551605225,0.0035697875839139108,0.087908536195755,0.22445443272590637,0.01973709436133504,0.968001127243042,0.0027140167002806413,0.02543831244111061,0.21592818200588226,0.019465299509465694,role_local,0.09046215042471886,0.04073087284341455,0.00028257066666666664,0.0002782133333333333,0.0027821333333333336,256.0,1.3035161018371582,261440.0,2.3931567668914795,0.9973342418670654,0.362125962972641,combat>support,11,0.0,-4.882812572759576e-05,-0.016874015402815228,-0.00732421875,0.0,-0.005945752042407548,-0.005945752042407548,0.0,-9.765625145519152e-05,0.0,-0.0078125,0.0,0.0,0.6699218899011612,-0.1192138776241336,0.0019644041858555283,0.0,-0.02437371875566896,-0.02437371875566896,-0.8431276644114405,-4.882812572759576e-05,-0.018465515786374453,-0.005859375,-0.45479612797498703,0.0,0.0,0.0,0.0,0.0,-0.022645750643278006,-0.022645750643278006,-0.8393006641417742,0.0,-0.016786375803349074,-0.005859375,-0.3496089519758243,0.0,0.0,0.0,0.0,0.0,-0.025184607537084958,-0.025184607537084958,-0.7089321168605238,-4.882812572759576e-05,-0.015370154618722154,-0.009765625,-0.24329780181869864,0.0,0.0,0.0,0.0,0.0,0.0019644041858555283,0.0,-0.019537458054401213,-0.019999999552965164,-0.0034799966346326983,0.05336059257388115,0.21493174135684967,0.9548194408416748,0.0,1622,-0.05356856435537338,0.40331143140792847,0.10183040463598445,0.777367353439331,1.3089252829551696,0.4563730597496033,0.006990517388797158,10,-0.004631130435154773,0.374579389890035,0.0619964461773634,127.32275460663787,128.0,0.04073087284341455,32680.0,2053.364308742108
0.35365689620375634,-0.0026693267456721513,0.006036090057840901,0.08107574991881847,4746,2048,1.2962563753128051,0.29262844026088713,0.1162109375,0.008627409645123407,0.048219617642462256,0.003808080680152598,1.0,10,-0.0026782409520819785,0.3728624681631724,0.04983789632096887,0.9827315211296082,0.004020952008319689,0.02676430344581604,0.142567977309227,0.054480424674693495,0.9826574921607971,0.004227214608199597,0.020731206983327866,0.12987370789051056,0.03964185630902648,0.9805178642272949,0.003129492259217126,0.018895773217082024,0.14471811056137085,0.007526721805334091,role_local,0.07861748263239861,0.017785814125090837,0.00028243413333333333,0.00027804266666666663,0.0027804266666666667,256.0,1.3039705157279968,263488.0,1.8173086643218994,0.9997261762619019,0.5630288124084473,combat>support,8,0.0,-4.882812572759576e-05,-0.015435332192282658,-0.00244140625,0.0,-0.000372333383552359,-0.000372333383552359,0.0,-4.882812572759576e-05,0.0,-0.001953125,0.0,0.0,0.3234049470629543,0.055999981919740094,0.0016296197030669646,0.0,-0.018680690693145152,-0.018680690693145152,-0.7362806922756135,-4.882812572759576e-05,-0.014725612651091069,-0.00390625,-0.30555304419249296,0.0,0.0,0.0,0.0,0.0,-0.018729392962995917,-0.018729392962995917,-0.8323598639108241,-9.765625145519152e-05,-0.016678611769748386,-0.001953125,-0.43038386246189475,0.0,0.0,0.0,0.0,0.0,-0.016854897105076816,-0.016854897105076816,-0.7450744158122689,0.0,-0.01490177215600852,-0.001953125,-0.3243468856671825,0.0,0.0,0.0,0.0,0.0,0.0016296197030669646,0.0,-0.013659329088113736,-0.019999999552965164,-0.0026693267456721513,0.022060174494981766,0.13888812065124512,0.9819929003715515,0.0,1190,-0.08124583959579468,0.28227654099464417,0.1139318821951747,0.6846966743469238,1.3116846561431885,0.4146853521466255,0.008264099435529203,10,-0.0026604125392623245,0.375092089176178,0.028044906444847584,127.55145408525586,129.0,0.017785814125090837,32936.0,2065.738896429073
0.34486092776060107,-0.0014182148937834428,0.0037606578058093075,0.044754040928091855,5277,2048,1.297066605091095,0.2809809550642967,0.11640625,0.008932379400357604,0.04200385313015431,0.0034164041413932275,1.0,10,-0.0019185215176548808,0.3727395335833232,0.03204257150646299,0.984019935131073,0.002843819465603592,0.02363259717822075,0.10063920170068741,0.056261264998465774,0.9601929783821106,0.004196925135468615,0.04952289164066315,0.2166510373353958,0.03837125595891848,0.9703039526939392,0.0032450464362026752,0.024572085589170456,0.12249582260847092,0.009932020492851735,role_local,0.07700262255966664,0.02683516489341855,0.00028229759999999997,0.00027787199999999997,0.00277872,256.0,1.3060012221336366,265536.0,1.9887723922729492,0.9958896040916443,0.3990308940410614,support>combat,5,0.0,-3.662109429569682e-05,-0.01715663257588555,-0.00341796875,0.0,-0.0014722995761076163,-0.0014722995761076163,0.0,-4.882812572759576e-05,0.0,-0.00390625,0.0,0.0,0.4090169162955135,0.1411184477910865,0.0024827784234275896,0.0,-0.019364566898730118,-0.019364566898730118,-0.8567409908864647,-4.882812572759576e-05,-0.017362613834848162,-0.001953125,-0.48025364347267896,0.0,0.0,0.0,0.0,0.0,-0.02237134189635981,-0.02237134189635981,-0.8057992870453745,0.0,-0.01651196704187896,-0.005859375,-0.39013234022422694,0.0,0.0,0.0,0.0,0.0,-0.019597269914811477,-0.019597269914811477,-0.8632280395831913,-4.882812572759576e-05,-0.01759531685092952,-0.001953125,-0.4846351045416668,0.0,0.0,0.0,0.0,0.0,0.0024827784234275896,0.0,-0.01570137052476639,-0.019999999552965164,-0.0014182148937834428,0.032264962792396545,0.15411964058876038,0.9694548845291138,0.0,1301,-0.07361222803592682,0.3663402199745178,0.0475042287260294,0.6456838846206665,1.314935839176178,0.40874090045690536,0.0041049114702253866,10,-0.0009179082699120045,0.3752112587292989,0.04373830929398537,127.76015633056933,130.0,0.02683516489341855,33192.0,2078.3944511851296
0.4170554272830486,-0.0015541588189080357,0.0060636916057949936,0.082005214469973,5227,2048,1.2949344754219054,0.35756625384092333,0.19736328125,0.016096404136624186,0.08646374456584453,0.006303670734040212,1.0,10,-0.002662141714245081,0.3724040190378825,0.08722851928323508,0.9615345597267151,0.006481626928070572,-0.023438407108187675,0.19214539229869843,0.0853220533579588,0.9681934118270874,0.006128872398355534,-0.018549753352999687,0.1705014705657959,0.08677385672926903,0.9477314949035645,0.0062938563267253,-0.02621183544397354,0.1917395442724228,0.015086292196065188,role_local,0.04848792031407356,0.011131626972928643,0.00028216106666666666,0.0002777013333333333,0.002777013333333333,256.0,1.3044640362262725,267584.0,1.7183444499969482,1.0032870769500732,0.4380050599575043,combat>support,7,0.0,-4.882812572759576e-05,-0.016948727432463784,-0.0068359375,0.0,0.002644914589382097,0.002644914589382097,0.0,-9.765625145519152e-05,0.0,0.0,0.0,0.0,0.5203450489789248,0.11019843603935442,0.0027425708408372884,0.0,-0.02683487316244282,-0.02683487316244282,-0.8501469779293984,-4.882812572759576e-05,-0.017020420295011718,-0.009765625,-0.2531208446598612,0.0,0.0,0.0,0.0,0.0,-0.02619992793916026,-0.02619992793916026,-0.8084787633270025,0.0,-0.016434303077403456,-0.009765625,0.02776979059126461,0.0,0.0,0.0,0.0,0.0,-0.025252786836063024,-0.025252786836063024,-0.8695635565090925,-4.882812572759576e-05,-0.017391458924976178,-0.0078125,-0.3130783636588603,0.0,0.0,0.0,0.0,0.0,0.0027425708408372884,0.0,-0.018910669587057782,-0.019999999552965164,-0.0015541588189080357,-0.022801177576184273,0.18529118597507477,0.9599728584289551,0.0,1551,-0.001969404984265566,0.12489625811576843,0.07754668437410146,0.8460572957992554,1.3139935970306396,0.47654460072517396,0.005823712477549775,10,-0.00044617592357099056,0.37482012311617535,0.007176961749792099,128.08016487977616,131.0,0.011131626972928643,33448.0,2089.1915641361848
0.2592827320098877,-0.00345949066686444,0.0051779312898446676,0.06927369683398865,5352,2048,1.2923556923866273,0.2105225920677185,0.0396484375,0.0035890938888769597,0.009855450736358762,0.0013931695443584024,1.0,10,-0.002666198357474059,0.3720874488353729,0.011699639342259616,0.9585357308387756,0.0014195791106239807,0.034580666571855545,0.20444883406162262,0.010148097621276974,0.9779812097549438,0.0014885358961100187,0.00678677624091506,0.16226047277450562,0.007921331748366355,0.9395214319229126,0.0012860243844282193,0.03197817504405975,0.17942704260349274,0.014610086381435395,role_local,0.06427821516990662,0.04115564599633217,0.0002820245333333333,0.00027753066666666665,0.0027753066666666667,256.0,1.3022155821323396,269632.0,2.6639559268951416,1.0078977346420288,0.374717116355896,support>combat,2,0.0,-1.220703143189894e-05,-0.017370132971943047,-0.0068359375,0.0,-0.0005552071688725846,-0.0005552071688725846,0.0,-4.882812572759576e-05,0.0,-0.005859375,0.0,0.0,0.87548828125,0.30850716563872993,0.00535299605144246,0.0,-0.023024868431093637,-0.023024868431093637,-0.858250928344205,0.0,-0.017165493583888747,-0.005859375,0.042632682885596296,0.0,0.0,0.0,0.0,0.0,-0.024086899124085903,-0.024086899124085903,-0.8136794061865658,0.0,-0.01627439932053676,-0.0078125,0.0642535245133331,0.0,0.0,0.0,0.0,0.0,-0.02648300580040086,-0.02648300580040086,-0.933494423981756,0.0,-0.01867050601140363,-0.0078125,-0.017147020844276994,0.0,0.0,0.0,0.0,0.0,0.00535299605144246,0.0,-0.018537496329372516,-0.019999999552965164,-0.00345949066686444,0.024950409308075905,0.18349455296993256,0.9633549451828003,0.0,1928,-0.046038173139095306,0.38760215044021606,0.12869194293161854,0.724589467048645,1.3120754718780518,0.3080428719520569,0.008962693035330933,10,-0.004252782976254821,0.3749932547410329,0.06770120561122894,128.23267594805918,132.0,0.04115564599633217,33704.0,2102.6777925870847
0.30082048326730726,-0.0012042045826092362,0.003292602382738379,0.03240507790469564,5249,2048,1.2900803685188293,0.23243089616298676,0.10908203125,0.00820387018902693,0.031823117611929776,0.0032137440462353937,1.0,10,-0.002487477380782366,0.3719072639942169,0.032706055557355285,0.9781611561775208,0.003273779229041206,-0.04914916306734085,0.17444273829460144,0.03060037950053811,0.9783855676651001,0.0031345884609401157,-0.009357081726193428,0.1375676542520523,0.03228135649114847,0.9689751267433167,0.0032401840743611853,-0.012782382778823376,0.146694153547287,0.010862470231950283,role_local,0.04130942523479462,0.029050153773278,0.000281888,0.00027736,0.0027736,256.0,1.3023350059986114,271680.0,2.6140270233154297,1.005230188369751,0.40173354744911194,combat>support,10,0.0,-3.662109429569682e-05,-0.017014916680636816,-0.0087890625,0.0,0.000581064026846434,0.000581064026846434,0.0,-4.882812572759576e-05,0.0,-0.00390625,0.0,0.0,0.74755859375,0.2576513186795637,0.0045361422598944046,0.0,-0.029461236099450616,-0.029461236099450616,-0.7870029655750841,-4.882812572759576e-05,-0.01574053327567526,-0.013671875,-0.0767684172897134,0.0,0.0,0.0,0.0,0.0,-0.02741649192830664,-0.02741649192830664,-0.8726765715982765,0.0,-0.01765086720479303,-0.009765625,-0.11866031178578851,0.0,0.0,0.0,0.0,0.0,-0.025514677472529,-0.025514677472529,-0.8823526257183403,-4.882812572759576e-05,-0.017653349561442155,-0.0078125,-0.11903310872003203,0.0,0.0,0.0,0.0,0.0,0.0045361422598944046,0.0,-0.02045283685947652,-0.019999999552965164,-0.0012042045826092362,-0.0228129830211401,0.15388482809066772,0.9760825634002686,0.0,1533,-0.03826138377189636,0.36232542991638184,0.032987038197461516,0.6439438462257385,1.3145896434783935,0.3692100703716278,0.003371460719241365,10,7.906821556389332e-05,0.37525691588719684,0.047237837314605714,128.48479276958068,133.0,0.029050153773278,33960.0,2114.49148295098
0.3389812998473644,-0.0027105145156383513,0.00444170123742021,0.05368956402526237,4769,2048,1.2883596539497375,0.25169210582971574,0.12109375,0.008607334052794614,0.04111179822357371,0.0037800491980534505,1.0,10,-0.002515039313584566,0.3715330461661021,0.04563417718745768,0.9613413214683533,0.003992573241494796,0.05188305675983429,0.21597343683242798,0.042591655382420865,0.9767619371414185,0.0039212980768235425,0.013739010319113731,0.1574491262435913,0.0350579452700913,0.9727797508239746,0.00341741216519838,0.037964992225170135,0.2022830843925476,0.014907405525445939,role_local,0.053113538213074206,0.019387778639793397,0.00028175146666666663,0.0002771893333333333,0.0027718933333333333,256.0,1.3015570163726806,273728.0,2.13151216506958,1.002058744430542,0.4650830924510956,combat>support,5,0.0,-6.10351571594947e-05,-0.015461104868639572,-0.0048828125,0.0,0.0022101169497545925,0.0022101169497545925,0.0,-9.765625145519152e-05,0.0,-0.001953125,0.0,0.0,0.6731770837213844,0.2613649662089301,0.004260898104803346,0.0,-0.017272072109335568,-0.017272072109335568,-0.7470995136536658,-9.765625145519152e-05,-0.015221290916088037,-0.001953125,-0.17367356503382325,0.0,0.0,0.0,0.0,0.0,-0.021885549613216426,-0.021885549613216426,-0.7927474956959486,-4.882812572759576e-05,-0.015977346716681495,-0.005859375,-0.08790541928101447,0.0,0.0,0.0,0.0,0.0,-0.024950301740318537,-0.024950301740318537,-0.759233913384378,0.0,-0.01518467697314918,-0.009765625,-0.2502024747955147,0.0,0.0,0.0,0.0,0.0,0.004260898104803346,0.0,-0.015474452502530767,-0.019999999552965164,-0.0027105145156383513,0.03414103388786316,0.1935625672340393,0.9707582592964172,0.0,1419,-0.008913603611290455,0.26714983582496643,0.06626732982695102,0.7469520568847656,1.3147543787956237,0.42627049386501314,0.005103353276786971,10,-0.002905989717692137,0.37491850058237713,0.023868151754140855,128.6727742170592,134.0,0.019387778639793397,34216.0,2127.318709537154
0.3555966854095459,-0.0009722553222673014,0.004339011091331962,0.05321214697760297,5262,2048,1.2856401801109314,0.30058845728635786,0.1580078125,0.01258280304609798,0.06059283661597874,0.004782233824851323,1.0,10,0.0015303825959563256,0.371462086836497,0.07582866866141558,0.9819027781486511,0.0054753748036643676,0.0317838080227375,0.13183850049972534,0.05099616518709808,0.9675859212875366,0.0042561302858322185,0.0158067774027586,0.17986807227134705,0.05542612560093403,0.9691583514213562,0.004632567378494716,0.017472999170422554,0.15458396077156067,0.010407773219048977,role_local,0.04857329558581114,0.016161016188561916,0.0002816149333333333,0.00027701866666666666,0.0027701866666666668,256.0,1.2985184371471405,275776.0,2.0525684356689453,1.0020692348480225,0.2760218679904938,support>combat,8,0.0,-1.220703143189894e-05,-0.017091369092668174,-0.005859375,0.0,0.0012093619234292419,0.0012093619234292419,0.0,-4.882812572759576e-05,0.0,-0.001953125,0.0,0.0,0.599772121058777,0.13537108578020707,0.003211315074167942,0.0,-0.02250724075565813,-0.02250724075565813,-0.8032702961936593,0.0,-0.01664786591209122,-0.005859375,-0.08635183314618189,0.0,0.0,0.0,0.0,0.0,-0.026570644840830937,-0.026570644840830937,-0.8402012975420803,0.0,-0.01680502008093754,-0.009765625,-0.05274332746193977,0.0,0.0,0.0,0.0,0.0,-0.023680596124904696,-0.023680596124904696,-0.8910482076462358,0.0,-0.017821221284975763,-0.005859375,-0.2323442214728857,0.0,0.0,0.0,0.0,0.0,0.003211315074167942,0.0,-0.017887281068396987,-0.019999999552965164,-0.0009722553222673014,0.021571623161435127,0.15686272084712982,0.9729868769645691,0.0,1618,-0.02972121350467205,0.2438698410987854,0.0458314573392272,0.743468165397644,1.3113966941833497,0.41060491353273393,0.003895788357812602,10,-0.003474893240490928,0.3745515048503876,0.021914259158074857,128.83243512146942,135.0,0.016161016188561916,34472.0,2140.578960104147
0.3302967116236687,-0.0038702022575307637,0.004556178603191618,0.052781763527309525,4747,2048,1.2867561459541321,0.25280814468860624,0.1490234375,0.010729549528332428,0.053579026588704434,0.0045329705118477915,1.0,10,-0.0028631238266825674,0.3716860810915629,0.04437144678086043,0.9758519530296326,0.004074180850875564,0.0257281344383955,0.1525997668504715,0.060718484502285716,0.9802432656288147,0.004902596124036615,0.014433917589485645,0.17949475347995758,0.05755414116429165,0.9580503702163696,0.004718562166801882,0.04239288344979286,0.26646411418914795,0.016418499872088432,role_local,0.04596329238265753,0.010064970259554685,0.00028147839999999996,0.000276848,0.0027684800000000002,256.0,1.2980382919311524,277824.0,2.442844867706299,1.0013222694396973,0.39032772183418274,combat>support,6,0.0,-8.544922002329258e-05,-0.015417116842096826,-0.00390625,0.0,7.601797381084907e-05,7.601797381084907e-05,0.0,-0.00019531250291038305,0.0,0.0,0.0,0.0,0.5725911501795053,-0.3365056812763214,0.0002713304583039644,0.0,-0.023171724104031455,-0.023171724104031455,-0.8471368609461933,-4.882812572759576e-05,-0.017263521134736948,-0.005859375,-0.4985281508124899,0.0,0.0,0.0,0.0,0.0,-0.017772133214748465,-0.017772133214748465,-0.6433548107743263,-9.765625145519152e-05,-0.013768227050604764,-0.00390625,-0.3311025943257846,0.0,0.0,0.0,0.0,0.0,-0.021078977202705573,-0.021078977202705573,-0.7574914265424013,0.0,-0.015219602340948768,-0.005859375,-0.41476401055115275,0.0,0.0,0.0,0.0,0.0,0.0002713304583039644,0.0,-0.015486704982322408,-0.019999999552965164,-0.0038702022575307637,0.027859214693307877,0.20442485809326172,0.9712934494018555,0.0,1750,-0.018686484545469284,0.12643198668956757,0.05198450046591461,0.9311055541038513,1.3093204379081727,0.4077852785587311,0.004579386694535445,10,-0.00487728068837896,0.37438470125198364,0.003711440647020936,129.02433902000206,136.0,0.010064970259554685,34728.0,2153.2681516541634
0.36476876214146614,-0.005781063809990883,0.004827224892298501,0.06063464852049947,4321,2048,1.2883466839790345,0.3050327733159065,0.11396484375,0.008036223679664545,0.03962947465479374,0.003731298585145726,1.0,10,-0.003688116604462266,0.3719402650992076,0.02085849978029728,0.9850408434867859,0.002575656538442615,0.005679156165570021,0.13760977983474731,0.03205971419811249,0.9804562330245972,0.0032538122582526697,-0.0008190947701223195,0.14173927903175354,0.07252950854599476,0.9880988597869873,0.005770556934540627,-0.037668921053409576,0.18309974670410156,0.009449415374547243,role_local,0.05468578767031431,0.03128330134786665,0.00028134186666666666,0.0002766773333333333,0.0027667733333333333,256.0,1.2981263875961304,279872.0,1.9837690591812134,0.9997276067733765,0.34792768955230713,combat>support,8,0.0,-2.441406286379788e-05,-0.014016132793282546,-0.0078125,0.0,-0.004838974150743525,-0.004838974150743525,0.0,0.0,0.0,-0.005859375,0.0,0.0,0.37353516335133463,-0.07895667378579674,0.0010204006546246092,0.0,-0.02305512284510769,-0.02305512284510769,-0.739761684788391,-4.882812572759576e-05,-0.015193794992228504,-0.0078125,-0.20412241225130856,0.0,0.0,0.0,0.0,0.0,-0.022694178391247988,-0.022694178391247988,-0.7286597434431314,-4.882812572759576e-05,-0.014832850458333269,-0.0078125,-0.15999489245587029,0.0,0.0,0.0,0.0,0.0,-0.021787377943837782,-0.021787377943837782,-0.6007748565170914,0.0,-0.012021752929285867,-0.009765625,-0.05347830160462763,0.0,0.0,0.0,0.0,0.0,0.0010204006546246092,0.0,-0.01809391471397248,-0.019999999552965164,-0.005781063809990883,-0.009030808694660664,0.1544661521911621,0.9853547215461731,0.0,1666,-0.07959060370922089,0.36917316913604736,0.0816398223862052,0.5665140151977539,1.3079060912132263,0.4245047509670258,0.0059231511994512764,10,-0.007874011015519499,0.3741537729899089,0.05311718732118607,129.1786030558437,137.0,0.03128330134786665,34984.0,2166.550755151082
0.288949828594923,-0.0005334928078809753,0.003944313096789059,0.04221804671688005,4842,2048,1.2897558689117432,0.23557094782590865,0.11435546875,0.008511271179304458,0.03855039831250906,0.003671106063916796,1.0,10,-0.0019057909783441573,0.37183422843615216,0.0393087956123054,0.9508769512176514,0.003728281479716289,0.02051660045981407,0.23901614546775818,0.03521014263387769,0.9674826860427856,0.0035116099795734186,0.0001667157921474427,0.20327232778072357,0.04113956240471452,0.981898844242096,0.0037702534438678547,-0.027683282271027565,0.17632418870925903,0.017657631449401377,role_local,0.05438730549067259,0.02980045462027192,0.0002812053333333333,0.0002765066666666666,0.002765066666666667,256.0,1.2979364097118378,281920.0,2.3570168018341064,1.001518726348877,0.4178798794746399,combat>support,6,0.0,-3.662109429569682e-05,-0.015720514170728467,-0.00634765625,0.0,-0.00039681717771600233,-0.00039681717771600233,0.0,-4.882812572759576e-05,0.0,-0.00390625,0.0,0.0,0.546875,0.22846015033428557,0.003558260955287551,0.0,-0.024647528305649757,-0.024647528305649757,-0.8392724152654409,-4.882812572759576e-05,-0.01678620040183887,-0.0078125,-0.15841671070666052,0.0,0.0,0.0,0.0,0.0,-0.021499595044588204,-0.021499595044588204,-0.7794477879069746,-4.882812572759576e-05,-0.015591392053465825,-0.005859375,-0.0036373005641507916,0.0,0.0,0.0,0.0,0.0,-0.02259644984587794,-0.02259644984587794,-0.7391691508237273,0.0,-0.014783950056880713,-0.0078125,-0.004663921303290408,0.0,0.0,0.0,0.0,0.0,0.003558260955287551,0.0,-0.017285099434957374,-0.019999999552965164,-0.0005334928078809753,-0.001323050819337368,0.2100631445646286,0.9684412479400635,0.0,1734,-0.06887597590684891,0.3201671242713928,0.04588569512125105,0.7148401737213135,1.3061169505119323,0.3423287093639374,0.004217520129661323,10,0.0008388053625822067,0.373958557844162,0.041943277791142465,129.31459572806205,138.0,0.02980045462027192,35240.0,2180.109665214084
0.3312012039124966,-0.0005265129613690079,0.0042263843666118265,0.05139269046485424,5280,2048,1.2872519612312316,0.21918376833200454,0.07626953125,0.005869440489914268,0.014196035545319318,0.002238007978623907,1.0,10,-0.0018350576050579549,0.37139607469240826,0.01784569800365716,0.9499794244766235,0.0024499389225885572,-0.010169431567192078,0.16591618955135345,0.010925459116697312,0.9768138527870178,0.001954288811687399,-0.0066464850679039955,0.16658493876457214,0.013366980862338096,0.9627487063407898,0.00228809153674161,-0.04398365318775177,0.2194969356060028,0.014975990913808346,role_local,0.04296269491314888,0.02318526925519109,0.0002810688,0.00027633599999999996,0.00276336,256.0,1.2961137413978576,283968.0,2.118224859237671,1.0095884799957275,0.449596643447876,combat>support,6,0.0,0.0,-0.0171245965345103,-0.009765625,0.0,0.0008943923376136809,0.0008943923376136809,0.0,0.0,0.0,-0.00390625,0.0,0.0,0.79248046875,0.27178674380411394,0.004800642313966819,0.0,-0.03037839369062567,-0.03037839369062567,-0.9329756319057196,0.0,-0.018659644010767806,-0.01171875,0.005530871392693371,0.0,0.0,0.0,0.0,0.0,-0.02844781598105328,-0.02844781598105328,-0.8364353843498975,0.0,-0.0167290662866435,-0.01171875,0.07323042841017013,0.0,0.0,0.0,0.0,0.0,-0.027703829015081283,-0.027703829015081283,-0.7992452476173639,0.0,-0.015985079306119587,-0.01171875,-0.06442899515968747,0.0,0.0,0.0,0.0,0.0,0.004800642313966819,0.0,-0.02140891307135462,-0.019999999552965164,-0.0005265129613690079,-0.019543921574950218,0.18519867956638336,0.9664276838302612,0.0,1625,-0.024800477549433708,0.2824678122997284,0.08858934538438916,0.6978689432144165,1.3049755215644836,0.44321863949298856,0.006214760754599746,10,0.0007820316823199391,0.3738999565442403,0.03139454759657383,129.45843137806418,139.0,0.02318526925519109,35496.0,2193.5071897380985
0.3551771454513073,0.00013610205496661365,0.005826417196901546,0.07911945477826521,4305,2048,1.283659827709198,0.3739979833364487,0.16533203125,0.01291842247301247,0.08582761802244931,0.00622580382233213,1.0,10,-0.00323188645998016,0.37097781896591187,0.08823292467277496,0.9844138622283936,0.006055430881096979,0.017005883157253265,0.15300995111465454,0.06347943468717858,0.9814987182617188,0.0051118673866331395,0.003566964063793421,0.16801190376281738,0.1122938796877861,0.9694515466690063,0.007940953958407793,-0.003446029732003808,0.2778192460536957,0.013029970601201058,role_local,0.028982388973236083,0.016898314794525506,0.0002809322666666666,0.0002761653333333333,0.0027616533333333334,256.0,1.2945190787315368,286016.0,2.708401679992676,1.0058012008666992,0.39231738448143005,combat>support,7,0.0,-2.441406286379788e-05,-0.013970757840070291,-0.00634765625,0.0,0.0017331301426111168,0.0017331301426111168,0.0,-4.882812572759576e-05,0.0,-0.001953125,0.0,0.0,0.566569012356922,0.2448012018139707,0.0037350832446918503,0.0,-0.023515240016422467,-0.023515240016422467,-0.7851236842107028,0.0,-0.015702740205597365,-0.0078125,-0.06916702970920596,0.0,0.0,0.0,0.0,0.0,-0.022736085891665425,-0.022736085891665425,-0.7461649419274181,0.0,-0.014923586066288408,-0.0078125,-0.04898853198392317,0.0,0.0,0.0,0.0,0.0,-0.019147275219438598,-0.019147275219438598,-0.5641931985737756,-4.882812572759576e-05,-0.011285947248325101,-0.0078125,-0.19495323839510093,0.0,0.0,0.0,0.0,0.0,0.0037350832446918503,0.0,-0.01591636851298972,-0.019999999552965164,0.00013610205496661365,0.006709464825689793,0.199215829372406,0.9789793491363525,0.0,1350,-0.026637764647603035,0.25294601917266846,0.0724112915340811,0.8564049005508423,1.3053783297538757,0.3363563075661659,0.005427030571470962,10,0.0035040905699133874,0.37406890590985614,0.02076665898784995,129.64227806503695,140.0,0.016898314794525506,35752.0,2206.193876479985
0.34869288504123686,-0.006261753477156162,0.003809376107528574,0.04233459777024109,4700,2048,1.2806345462799071,0.34296603202819825,0.1095703125,0.009328850972815416,0.048245796764967964,0.004019519384319959,1.0,10,-0.00323481853120029,0.3706534405549367,0.0480695266276598,0.9826610088348389,0.004011634573051126,-0.022722244262695312,0.13283923268318176,0.04234027676284313,0.9703168272972107,0.0037267182572570225,-0.03581005334854126,0.16350603103637695,0.05740956468507648,0.9773061275482178,0.004473576469422822,-0.08050046116113663,0.22205770015716553,0.011542537342756986,role_local,0.05554281529039144,0.008542759623378516,0.0002807957333333333,0.00027599466666666664,0.002759946666666667,256.0,1.293402773141861,288064.0,2.515611171722412,0.9969638586044312,0.2756825387477875,combat>support,4,0.0,-2.441406286379788e-05,-0.015240214845107403,-0.0078125,0.0,0.003941747712815413,0.003941747712815413,0.0,0.0,0.0,0.0,0.0,0.0,0.56982421875,0.2770751381176524,0.003941747712815413,0.0,-0.029189014225266874,-0.029189014225266874,-0.8710712725296617,-4.882812572759576e-05,-0.017421436408767477,-0.01171875,-0.000729402519937139,0.0,0.0,0.0,0.0,0.0,-0.02681544159713667,-0.02681544159713667,-0.8500495194457471,-4.882812572759576e-05,-0.01700098872242961,-0.009765625,-0.07422654185211286,0.0,0.0,0.0,0.0,0.0,-0.021063844234959106,-0.021063844234959106,-0.5649104114854708,0.0,-0.01129821940412512,-0.009765625,-0.08940530147185655,0.0,0.0,0.0,0.0,0.0,0.003941747712815413,0.0,-0.0182816392807581,-0.019999999552965164,-0.006261753477156162,-0.041868966072797775,0.1713854968547821,0.9795663952827454,0.0,1679,-0.02192503586411476,0.11800121515989304,0.03642339877551422,0.9333173632621765,1.3061710000038147,0.3544197380542755,0.0035992328307371895,10,-0.009288688423112035,0.3740335901578267,0.005542981904000044,129.79568501525773,141.0,0.008542759623378516,36008.0,2219.3649963489734
0.30644970163702967,-0.0008108303416520357,0.004479180742811699,0.05571391582489014,5609,2048,1.2793399095535278,0.2695750296115875,0.12265625,0.008420556227792985,0.03195840576663613,0.0031484751739873596,1.0,10,0.0013957728631794452,0.3707359929879506,0.03314508162438869,0.9688597321510315,0.0031358977388940418,0.0008897559018805623,0.13671070337295532,0.03194842934608459,0.9482567310333252,0.003237033149772994,0.002336127683520317,0.19940225780010223,0.030667273700237273,0.9759089946746826,0.0030659660961034783,-0.015753313899040222,0.15578089654445648,0.012759051471948623,role_local,0.08656485304236412,0.031043153069913388,0.00028065919999999996,0.000275824,0.00275824,256.0,1.2924888193607331,290112.0,2.139216899871826,1.0033061504364014,0.40426743030548096,support>combat,3,0.0,0.0,-0.01820066581907061,-0.0087890625,0.0,-0.0007492347126571985,-0.0007492347126571985,0.0,0.0,0.0,-0.00390625,0.0,0.0,0.6689453125,0.08020567485073116,0.003157015280066844,0.0,-0.02854806781397201,-0.02854806781397201,-0.9390860269777477,0.0,-0.018782443112286273,-0.009765625,0.02273209363920614,0.0,0.0,0.0,0.0,0.0,-0.030351461529789958,-0.030351461529789958,-0.9316177987493575,0.0,-0.018632711784448475,-0.01171875,-0.0682840042427415,0.0,0.0,0.0,0.0,0.0,-0.026952467291266657,-0.026952467291266657,-0.85934221255593,0.0,-0.01718684256047709,-0.009765625,0.05112430246117583,0.0,0.0,0.0,0.0,0.0,0.003157015280066844,0.0,-0.021650309277902124,-0.019999999552965164,-0.0008108303416520357,-0.0038535543717443943,0.1664467453956604,0.9658640623092651,0.0,1816,-0.09890761971473694,0.3358214497566223,0.07946942588314414,0.6104411482810974,1.3056377291679382,0.34332437366247176,0.005809886311636037,10,-0.0030174335464835168,0.3740070164203644,0.04932725466787815,129.93492805946067,142.0,0.031043153069913388,36264.0,2232.7483789981343
0.324312187731266,-0.0009871805319562553,0.003154505011175085,0.031284525129012766,5005,2048,1.280817687511444,0.27120196372270583,0.13388671875,0.009170779667329043,0.04270597982686013,0.00391123475974646,1.0,10,-0.0005377478897571564,0.37094130118687946,0.03710191745776683,0.9143239259719849,0.003627811744624364,0.02527165412902832,0.1449117362499237,0.04755915566347539,0.9778351187705994,0.004243761041840989,-0.024640478193759918,0.16666609048843384,0.04508551829494536,0.9795668721199036,0.003913200026727281,-0.04937450587749481,0.2286822497844696,0.013727095630019902,role_local,0.04334312863647938,0.01615870064124465,0.00028052266666666665,0.0002756533333333333,0.0027565333333333334,256.0,1.2927980720996857,292160.0,1.673436164855957,1.000496745109558,0.5480342507362366,support>combat,8,0.0,0.0,-0.016228661693579245,-0.00732421875,0.0,0.0029254427454361576,0.0029254427454361576,0.0,0.0,0.0,-0.001953125,0.0,0.0,0.89404296875,0.21706598480523098,0.004878567759988073,0.0,-0.025498272334516514,-0.025498272334516514,-0.9818200189620256,0.0,-0.019638897516415454,-0.005859375,0.0016478911566082388,0.0,0.0,0.0,0.0,0.0,-0.026401398030429846,-0.026401398030429846,-0.831766817253083,0.0,-0.01663577204089961,-0.009765625,0.15336863641277887,0.0,0.0,0.0,0.0,0.0,-0.02413006528695405,-0.02413006528695405,-0.6205658144317567,0.0,-0.012411315523422672,-0.01171875,-0.023985423584235832,0.0,0.0,0.0,0.0,0.0,0.004878567759988073,0.0,-0.018276074260938913,-0.019999999552965164,-0.0009871805319562553,-0.010836796835064888,0.1796416938304901,0.9767211079597473,0.0,1832,-0.0009036626433953643,0.20522646605968475,0.0198630704311654,0.9170039296150208,1.3047784566879272,0.3774224117398262,0.00239777526260371,10,-0.0014366131741553544,0.37368786334991455,0.018590305652469396,130.07825433172604,143.0,0.01615870064124465,36520.0,2246.0326016901527
0.30638476461172104,-0.00189018290839158,0.0026847790926440504,0.024230064659786877,4990,2048,1.2817988634109496,0.21584299802780152,0.06005859375,0.005198724247748032,0.010295998721267097,0.002092757305188031,1.0,10,-0.0013916788040660322,0.3709198236465454,0.01085983202792704,0.9763490557670593,0.0020981270616910797,0.0012238015187904239,0.13438671827316284,0.012940655066631734,0.9883304834365845,0.002154522004022686,-0.01110862661153078,0.13201171159744263,0.0069757916266098615,0.9821391701698303,0.00202425308625118,-0.016299722716212273,0.15674491226673126,0.008724438957870007,role_local,0.027688041049987077,0.0058754150522872806,0.0002803861333333333,0.00027548266666666666,0.002754826666666667,256.0,1.2912326157093048,294208.0,2.0970046520233154,0.9966786503791809,0.4955419600009918,combat>support,4,0.0,-7.324218859139364e-05,-0.016194867190885514,-0.0068359375,0.0,0.0036233911964700383,0.0036233911964700383,0.0,-9.765625145519152e-05,0.0,0.0,0.0,0.0,0.7630208600312471,0.11149402211594861,0.003721047449744219,0.0,-0.03216631383111235,-0.03216631383111235,-0.9222790172789246,-4.882812572759576e-05,-0.01844561107282061,-0.013671875,-0.0016812069370644167,0.0,0.0,0.0,0.0,0.0,-0.02292310886332416,-0.02292310886332416,-0.7528829192742705,-4.882812572759576e-05,-0.015061780915857526,-0.0078125,0.1989918321778532,0.0,0.0,0.0,0.0,0.0,-0.02103424068991444,-0.02103424068991444,-0.7443449653219432,-9.765625145519152e-05,-0.015077209583978401,-0.005859375,-0.13649117548993672,0.0,0.0,0.0,0.0,0.0,0.003721047449744219,0.0,-0.018125069058442023,-0.019999999552965164,-0.00189018290839158,-0.008032144047319889,0.14120303094387054,0.9844895601272583,0.0,1792,0.00019984718528576195,0.08531511574983597,0.03816413059830666,0.9699935913085938,1.30066636800766,0.3969265311956406,0.00327680088010007,10,-0.0023886870127171277,0.37302806973457336,0.0030263911467045546,130.2106778074435,144.0,0.0058754150522872806,36776.0,2259.4767568530515
0.3217753507196903,-0.004981116089038551,0.003423801393543119,0.03581973066320643,4611,2048,1.2810072541236877,0.27379168272018434,0.0763671875,0.006088195552001708,0.02641964058857411,0.002721543518375236,1.0,10,-0.002698464971035719,0.3707896868387858,0.02378904428333044,0.9740391373634338,0.0026505206767397983,-0.008386678993701935,0.1941121220588684,0.02287848498672247,0.988217830657959,0.002495299061221845,-0.05964420363306999,0.1752670705318451,0.032213486707769336,0.969624400138855,0.002984620626037471,-0.08978442847728729,0.23170045018196106,0.016914786864072086,role_local,0.08286660052835941,0.020479981368407608,0.0002802496,0.000275312,0.00275312,256.0,1.288569414615631,296256.0,2.0355117321014404,1.0026226043701172,0.46043360233306885,combat>support,7,0.0,0.0,-0.014926680962768538,-0.01220703125,0.0,0.0017431184633096564,0.0017431184633096564,0.0,0.0,0.0,-0.001953125,0.0,0.0,0.6280924566090107,0.19731229328317568,0.0036962435815439676,0.0,-0.030604515930463094,-0.030604515930463094,-0.8466186814475805,0.0,-0.01693264127970906,-0.013671875,0.010451243750139838,0.0,0.0,0.0,0.0,0.0,-0.02817953296653286,-0.02817953296653286,-0.6277234080480412,0.0,-0.012554533299407922,-0.015625,0.15995454145013355,0.0,0.0,0.0,0.0,0.0,-0.032870992879907135,-0.032870992879907135,-0.7646434630732983,0.0,-0.015292868309188634,-0.017578125,-0.10780964745208621,0.0,0.0,0.0,0.0,0.0,0.0036962435815439676,0.0,-0.022477981830888893,-0.019999999552965164,-0.004981116089038551,-0.050585754215717316,0.20594146847724915,0.9790947437286377,0.0,1762,-0.009996788576245308,0.2405186891555786,0.04521982073783874,0.8450770378112793,1.2961315751075744,0.3697590187191963,0.004126059268711002,10,-0.007263767207041383,0.3727444609006246,0.02404517587274313,130.3456410013974,145.0,0.020479981368407608,37032.0,2272.849308377132
0.25882193222641947,-0.0017634624731726945,0.0028449711444168977,0.02682344536297023,5354,2048,1.2807662606239318,0.2491827890276909,0.146875,0.01014833951194305,0.044467203225940465,0.004098402050246609,1.0,10,-0.0017297900980338455,0.3709412217140198,0.034666396235115825,0.9680781364440918,0.0035076119776735137,-0.004730321001261473,0.13221009075641632,0.035100870113819835,0.9729145169258118,0.0037199555262566256,-0.04561920464038849,0.17126096785068512,0.06563112428411841,0.9700129628181458,0.005178226474050462,-0.0029598642140626907,0.193360835313797,0.012741551641374827,role_local,0.04916890989989042,0.007988732436206191,0.0002801130666666666,0.00027514133333333333,0.0027514133333333335,256.0,1.2877203047275543,298304.0,1.654072642326355,0.9974086284637451,0.5526830554008484,combat>support,4,0.0,-4.882812572759576e-05,-0.01737896367315746,-0.0068359375,0.0,0.005438560966467776,0.005438560966467776,0.0,-9.765625145519152e-05,0.0,0.0,0.0,0.0,0.8538411553017795,0.35347543549141847,0.005536217216103978,0.0,-0.026589788612909615,-0.026589788612909615,-0.9364231352228671,-4.882812572759576e-05,-0.01872846069454681,-0.0078125,0.23013173989238567,0.0,0.0,0.0,0.0,0.0,-0.030811420059762895,-0.030811420059762895,-0.8569076668936759,0.0,-0.017139545372629073,-0.013671875,0.30676663954363903,0.0,0.0,0.0,0.0,0.0,-0.022177088038006332,-0.022177088038006332,-0.8020844799466431,-4.882812572759576e-05,-0.016268884952296503,-0.005859375,0.02367139196030621,0.0,0.0,0.0,0.0,0.0,0.005536217216103978,0.0,-0.01853493559974595,-0.019999999552965164,-0.0017634624731726945,-0.01764257438480854,0.16725070774555206,0.9719280004501343,0.0,2048,0.018765214830636978,0.08658422529697418,0.0091796875,0.96324622631073,1.2946743488311767,0.268461075425148,0.0015915402385871858,10,-0.0017971348483115436,0.3725469410419464,0.003235913231037557,130.46425693827683,146.0,0.007988732436206191,37288.0,2286.4806576189585
0.38033507168293,-0.0010262430412694811,0.0030856979465052003,0.028239527647383512,3273,1696,1.2824553370475769,0.3539190024137497,0.09521484468132257,0.0072574658086523415,0.03425528276711702,0.0034843944871445153,1.0,10,0.001195674668997526,0.37108943859736127,0.034009646624326706,0.9873414039611816,0.0033574694592494623,-0.05131208151578903,0.21289129555225372,0.03827294623479247,0.9905580878257751,0.0038011960135271527,-0.03539285063743591,0.17105011641979218,0.03147753790253773,0.9777454733848572,0.0033325381654857227,-0.009254503063857555,0.18026602268218994,0.0122325680218637,role_local,0.04194012340158224,0.00831896890886128,0.00028,0.00027499999999999996,0.00275,212.0,1.2880054771900178,300000.0,2.1411609649658203,1.0004942417144775,0.45698684453964233,support>combat,8,0.0,-4.42216987721622e-05,-0.012789006923389792,-0.011202830188679245,0.0,0.0031618758270578495,0.0031618758270578495,0.0,-0.0001179245300590992,0.0,0.0,0.0,0.0,0.7492138881166026,0.04715750422680153,0.0032798003582152064,0.0,-0.029148545709245327,-0.029148545709245327,-0.514031099823286,0.0,-0.010280621552154562,-0.018867924528301886,0.20434547284231433,0.0,0.0,0.0,0.0,0.0,-0.02372458203748431,-0.02372458203748431,-0.5966024545003783,0.0,-0.011932129424750665,-0.01179245283018868,0.15096273947999161,0.0,0.0,0.0,0.0,0.0,-0.030364176109081733,-0.030364176109081733,-0.7977477598865077,-5.89622650295496e-05,-0.016154269793264148,-0.014150943396226415,-0.29426815543534623,0.0,0.0,0.0,0.0,0.0,0.0032798003582152064,0.0,-0.02001885782250748,-0.019999999552965164,-0.0010262430412694811,-0.028684189543128014,0.18774685263633728,0.9869849681854248,0.0,1696,0.03831390663981438,0.10514193028211594,0.02222377252765,0.9513500332832336,1.2935556173324585,0.4067511409521103,0.0026870014058658852,10,-0.0032481607515364884,0.3726059099038442,0.00440536979585886,130.59731648338294,147.0,0.00831896890886128,37500.0,2297.137552885106
0.3805964633822441,-0.0021186070167459547,0.006435416607680343,0.0867672543390654,4918,2048,1.2817818164825439,0.42791744917631147,0.253125,0.021052201985730788,0.1302727899281308,0.009090572665677097,1.0,10,-0.0031787948915734886,0.3707222243150075,0.13036642926745118,0.9924283027648926,0.008958422295131763,0.02562468871474266,0.11114250123500824,0.12276305716950446,0.9906005263328552,0.008793695611529984,0.005841540172696114,0.12695562839508057,0.13656397270970047,0.959363579750061,0.009450631742716441,0.023728080093860626,0.18642832338809967,0.009153349976986646,role_local,0.03171131070703268,0.006385473441332579,0.00027986346666666667,0.0002748293333333333,0.0027482933333333333,256.0,1.2880830347537995,302048.0,1.8768723011016846,1.0024964809417725,0.4134516716003418,combat>support,3,0.0,-1.220703143189894e-05,-0.015959352428277878,-0.00439453125,0.0,0.003211637983440596,0.003211637983440596,0.0,0.0,0.0,0.0,0.0,0.0,0.6276042021345347,0.11687020132376347,0.003211637983440596,0.0,-0.020848103977186838,-0.020848103977186838,-0.7494334739167243,0.0,-0.014988729108154075,-0.005859375,0.17480299330782145,0.0,0.0,0.0,0.0,0.0,-0.02092250186979072,-0.02092250186979072,-0.7531145876273513,0.0,-0.015063127000757959,-0.005859375,0.10038412311405409,0.0,0.0,0.0,0.0,0.0,-0.02373440415249206,-0.02373440415249206,-0.8913101456128061,-4.882812572759576e-05,-0.017826201175921597,-0.005859375,-0.1382780884159729,0.0,0.0,0.0,0.0,0.0,0.003211637983440596,0.0,-0.015573344098811503,-0.019999999552965164,-0.0021186070167459547,0.018695607781410217,0.14816932380199432,0.9850979447364807,0.0,2048,0.030676037073135376,0.09417930990457535,0.04326171875,0.9577987194061279,1.2943842530250549,0.3332754775881767,0.0037802605496835896,10,-0.0010584191419184207,0.37262724836667377,0.0036175969056785108,120.38034586225181,148.0,0.006385473441332579,37756.0,2509.113907561172
0.2985037200152874,-0.0016352747334167361,0.003671976720983136,0.040548385982401666,5570,2048,1.2783331990242004,0.3260323777794838,0.1990234375,0.013446271329303271,0.057924432773143054,0.0050358882360561795,1.0,10,-0.0009660834446549415,0.370364377895991,0.055727035459131005,0.9691387414932251,0.005085856760144708,0.0032206287141889334,0.13104340434074402,0.06409930819645523,0.9730165004730225,0.0051626539052816445,-0.0014068469172343612,0.12590782344341278,0.05381816532462835,0.9770818948745728,0.004849411852835728,0.010813802480697632,0.14611150324344635,0.008812468033283949,role_local,0.02686016671359539,0.016352056292816997,0.0002797269333333333,0.00027465866666666664,0.002746586666666667,256.0,1.286187356710434,304096.0,2.1304612159729004,0.9999450445175171,0.4484838545322418,support>combat,1,0.0,-6.10351571594947e-05,-0.01808254721011811,-0.0048828125,0.0,0.0009087281860047369,0.0009087281860047369,0.0,-9.765625145519152e-05,0.0,-0.001953125,0.0,0.0,0.638834627578035,0.06736180355073884,0.002959509360152879,0.0,-0.024568727196310647,-0.024568727196310647,-0.8870705654844642,-9.765625145519152e-05,-0.018611696104926523,-0.005859375,-0.15107910326332785,0.0,0.0,0.0,0.0,0.0,-0.024055911439063493,-0.024055911439063493,-0.8810837841592729,0.0,-0.018196536591858603,-0.005859375,-0.10824283224064857,0.0,0.0,0.0,0.0,0.0,-0.02334761189558776,-0.02334761189558776,-0.8510368566494435,-4.882812572759576e-05,-0.01743940893356921,-0.005859375,-0.24261827691225335,0.0,0.0,0.0,0.0,0.0,0.002959509360152879,0.0,-0.01776588197753881,-0.019999999552965164,-0.0016352747334167361,0.0041042109951376915,0.13451817631721497,0.9741532206535339,0.0,2020,-0.019533531740307808,0.22447830438613892,0.023172339191660285,0.7518655061721802,1.2940415143966675,0.270975062251091,0.0023080652059100926,10,-0.0023044660221785305,0.3726683259010315,0.023891644552350044,120.5441735544117,149.0,0.016352056292816997,38012.0,2522.693474377971
0.3373697638511658,0.001632667166995816,0.005551860083803445,0.07488210794690531,4732,2048,1.2769932866096496,0.26332441717386246,0.16923828125,0.01139453781361226,0.05873040756559931,0.004816842285907586,1.0,10,-0.0028304386301897465,0.37040863434473675,0.057789765729103236,0.9727402925491333,0.004774079749941013,-0.02771293930709362,0.16460803151130676,0.053566855285316704,0.9831316471099854,0.0045314904249237065,-0.05005218833684921,0.19181720912456512,0.06321678593521937,0.9761629104614258,0.005056371987899494,-0.022721776738762856,0.15444211661815643,0.011501477379351855,role_local,0.06626939959824085,0.0339841662440449,0.0002795904,0.000274488,0.00274488,256.0,1.286206418275833,306144.0,2.0158731937408447,1.0030653476715088,0.48020920157432556,combat>support,8,0.0,-3.662109429569682e-05,-0.015351273447474037,-0.00830078125,0.0,-0.005960645590221247,-0.005960645590221247,0.0,-4.882812572759576e-05,0.0,-0.005859375,0.0,0.0,0.31233722920296714,-0.21696516676456667,-5.244198496257013e-05,0.0,-0.024677503395651,-0.024677503395651,-0.8248652487527579,-4.882812572759576e-05,-0.016816175455460325,-0.0078125,-0.44434249063488096,0.0,0.0,0.0,0.0,0.0,-0.02369080601965834,-0.02369080601965834,-0.596161438152194,-4.882812572759576e-05,-0.011923228141313302,-0.01171875,-0.16719666768040042,0.0,0.0,0.0,0.0,0.0,-0.025126916600129334,-0.025126916600129334,-0.8657205100171268,0.0,-0.017314416745648487,-0.0078125,-0.4623660236829892,0.0,0.0,0.0,0.0,0.0,-5.244198496257013e-05,0.0,-0.019863968573190505,-0.019999999552965164,0.001632667166995816,-0.031640585511922836,0.16887901723384857,0.9793468713760376,0.0,1542,-0.07702703773975372,0.39724504947662354,0.09103380832821131,0.7373770475387573,1.2954195499420167,0.4114151105284691,0.0062868778816993045,10,0.006095772964181378,0.3729621469974518,0.056466855108737946,120.7606966118156,150.0,0.0339841662440449,38268.0,2535.12946338905
0.38976382166147233,-0.0026201477507129312,0.004729681864724389,0.05653318737458903,4707,2048,1.2777361035346986,0.29871618151664736,0.13642578125,0.00955582518945448,0.05059117391356267,0.004295108854537833,1.0,10,-0.0009833617135882378,0.3705282708009084,0.04992145318537951,0.9856392741203308,0.004354568097688238,0.028614606708288193,0.14054031670093536,0.041874458314850926,0.9900509119033813,0.0038008917454982584,0.021404290571808815,0.1472444236278534,0.06007297469768673,0.9813574552536011,0.004716267184489947,0.014709144830703735,0.1609950214624405,0.008790991315618158,role_local,0.03925813101232052,0.006726349052041769,0.00027945386666666664,0.0002743173333333333,0.0027431733333333334,256.0,1.2877811729907989,308192.0,1.929404377937317,1.0006999969482422,0.46516430377960205,support>combat,6,0.0,-1.220703143189894e-05,-0.015292167322816871,-0.00390625,0.0,0.001472105610446306,0.001472105610446306,0.0,0.0,0.0,0.0,0.0,0.0,0.436197935603559,-0.0454476794693619,0.001472105610446306,0.0,-0.023133774659072515,-0.023133774659072515,-0.8616923063527793,0.0,-0.017274399804591667,-0.005859375,-0.1506037026992999,0.0,0.0,0.0,0.0,0.0,-0.020155469141172944,-0.020155469141172944,-0.7147893609944731,0.0,-0.01429609427214018,-0.005859375,-0.03690346726216376,0.0,0.0,0.0,0.0,0.0,-0.01826108592649689,-0.01826108592649689,-0.7151623538229614,-4.882812572759576e-05,-0.014306007891718764,-0.00390625,-0.23515082524863828,0.0,0.0,0.0,0.0,0.0,0.001472105610446306,0.0,-0.015019556678453228,-0.019999999552965164,-0.0026201477507129312,0.022032057866454124,0.14936105906963348,0.9867833256721497,0.0,1536,-0.001955578802153468,0.10252584517002106,0.0624752008356154,0.9321425557136536,1.2978262424468994,0.4808114618062973,0.005164254874910945,10,-0.004256933787837624,0.3732578754425049,0.0046617067884653805,120.947774506316,151.0,0.006726349052041769,38524.0,2548.1411399091594
0.3082971334457397,-0.0021448780345963312,0.005133718134310322,0.06794463814003393,4957,2048,1.2786537051200866,0.30645870268344877,0.2384765625,0.01867045122780837,0.10867194840684533,0.007592797082347369,1.0,10,-0.0024111126083880665,0.37061800559361774,0.11839292361401021,0.9545693397521973,0.008328411951009185,0.029128829017281532,0.30840128660202026,0.10734087941236795,0.9717379212379456,0.007569261265674432,0.014794180169701576,0.1904253512620926,0.10172058576717972,0.9615247845649719,0.006991417745520187,-0.013938747346401215,0.21707507967948914,0.023804717138409613,role_local,0.05820106007158756,0.029047038033604623,0.00027931733333333333,0.00027414666666666666,0.002741466666666667,256.0,1.289509266614914,310240.0,2.0727713108062744,1.0053330659866333,0.40982601046562195,support>combat,4,0.0,0.0,-0.01606889028820054,-0.00830078125,0.0,0.001684609609128529,0.001684609609128529,0.0,0.0,0.0,-0.001953125,0.0,0.0,0.7451172040309757,0.1095443133090157,0.003637734621861455,0.0,-0.02618103919303394,-0.02618103919303394,-0.7230552376713604,0.0,-0.014462289389484795,-0.01171875,0.032190771660680184,0.0,0.0,0.0,0.0,0.0,-0.024527159072022187,-0.024527159072022187,-0.835715678986162,0.0,-0.016714659275749,-0.0078125,0.09713340389134828,0.0,0.0,0.0,0.0,0.0,-0.028748471857397817,-0.028748471857397817,-0.8026978468988091,0.0,-0.017029722199367825,-0.01171875,0.013040114288742188,0.0,0.0,0.0,0.0,0.0,0.003637734621861455,0.0,-0.019443015942670172,-0.019999999552965164,-0.0021448780345963312,0.008938931860029697,0.24098320305347443,0.9625398516654968,0.0,1807,-0.05437338724732399,0.2892756164073944,0.02721732787322253,0.6494413614273071,1.3003648281097413,0.3101355642080307,0.0026746391862732754,10,-0.0018786434608045965,0.3736990789572398,0.034289358928799626,121.10774320931236,152.0,0.029047038033604623,38780.0,2561.6859151921235
0.3360809586942196,0.00027875269297510384,0.0036934693564802503,0.04418414407409728,5341,2048,1.2792757749557495,0.32699493169784544,0.21533203125,0.01640915089228656,0.07753327582031488,0.005936310870671924,1.0,10,-0.0021515895146876573,0.37068552772204083,0.07304212469607592,0.9772950410842896,0.005745999531085189,0.0032034555915743113,0.15294596552848816,0.07742627523839474,0.949720025062561,0.005938854619533374,-0.021963221952319145,0.19257906079292297,0.08228293396532535,0.9629802107810974,0.0061290545662847805,-0.015630660578608513,0.1989961713552475,0.014806533977389336,role_local,0.04025964494794607,0.021467114705592392,0.00027918079999999997,0.000273976,0.00273976,256.0,1.2914803802967072,312288.0,2.0917155742645264,1.0090374946594238,0.5004785656929016,combat>support,5,0.0,0.0,-0.01731916581290231,-0.00927734375,0.0,0.0029764775126750465,0.0029764775126750465,0.0,0.0,0.0,-0.001953125,0.0,0.0,0.969563802704215,0.17522459596511908,0.004929602709125902,0.0,-0.027030084012949374,-0.027030084012949374,-0.8632064161356539,0.0,-0.017264458525460213,-0.009765625,0.187472503038407,0.0,0.0,0.0,0.0,0.0,-0.033614010011660866,-0.033614010011660866,-0.8994376021437347,0.0,-0.017989010419114493,-0.015625,0.16224970752591616,0.0,0.0,0.0,0.0,0.0,-0.0264696532394737,-0.0264696532394737,-0.8351712843868881,0.0,-0.016704028494132217,-0.009765625,-0.013955596747109666,0.0,0.0,0.0,0.0,0.0,0.004929602709125902,0.0,-0.021034318440797506,-0.019999999552965164,0.00027875269297510384,-0.011574305593967438,0.18292972445487976,0.9651704430580139,0.0,1992,0.0016425077337771654,0.2470216602087021,0.010835012327879668,0.6778715252876282,1.3036849856376649,0.34516698569059373,0.0014506278422885765,10,0.002709094900637865,0.3739781975746155,0.028127695433795452,121.2701500466051,153.0,0.021467114705592392,39036.0,2575.143181401072
0.2771632418036461,-2.2968137636780737e-05,0.002984930219506305,0.027375839446904138,5531,2048,1.2795880317687989,0.24130211919546127,0.11025390625,0.00844085524440743,0.026511317188851535,0.0030416727485405026,1.0,10,0.0035365288145840167,0.37071426709493,0.02735024681314826,0.9749544858932495,0.003083442813466425,-0.02060786634683609,0.17646005749702454,0.02802775162272155,0.9663370847702026,0.0031162310421058437,-0.021693937480449677,0.16816771030426025,0.02445277392398566,0.8506699800491333,0.0029394212692294697,-0.02317999303340912,0.19389057159423828,0.01408557891845703,role_local,0.04645754732191563,0.03071722127497196,0.00027904426666666666,0.00027380533333333333,0.0027380533333333334,256.0,1.2925113916397095,314336.0,2.258915901184082,0.9960438013076782,0.41459086537361145,support>combat,4,0.0,0.0,-0.017926169014875388,-0.0107421875,0.0,0.0009128172177952365,0.0009128172177952365,0.0,0.0,0.0,-0.00390625,0.0,0.0,0.88330078125,0.21431070886319503,0.004819067346943484,0.0,-0.030183999693690566,-0.030183999693690566,-0.825600269716233,0.0,-0.01651212505021249,-0.013671875,0.21713886593352072,0.0,0.0,0.0,0.0,0.0,-0.029331858328077942,-0.029331858328077942,-0.8806310419458896,0.0,-0.017613108655496035,-0.01171875,0.1729498433705885,0.0,0.0,0.0,0.0,0.0,-0.03332514798967168,-0.03332514798967168,-0.98257294180803,0.0,-0.019653273338917643,-0.013671875,0.04882189338968601,0.0,0.0,0.0,0.0,0.0,0.004819067346943484,0.0,-0.022982048300036695,-0.019999999552965164,-2.2968137636780737e-05,-0.02190324477851391,0.18044427037239075,0.9581944346427917,0.0,1811,-0.034540049731731415,0.33297500014305115,0.02824036170495674,0.5850068926811218,1.3054347515106202,0.3130243644118309,0.0029281876904721075,10,-0.0035824650898575784,0.3742097318172455,0.047348863631486895,121.42494914819805,154.0,0.03071722127497196,39292.0,2588.7266348891426
0.2891400672495365,0.000294179619231727,0.0027002247789329912,0.02615559001569636,5617,2048,1.280134665966034,0.21811771392822266,0.0822265625,0.006180448437226005,0.015702965739183127,0.002167714067498783,1.0,10,-0.002171810591244139,0.37082191308339435,0.011686463735532015,0.9484528303146362,0.0018889969814093188,0.010335579514503479,0.16397003829479218,0.009596515819430352,0.9773438572883606,0.0019623709731650283,-0.000280547741567716,0.1298927664756775,0.026331727858632803,0.9486551284790039,0.002679000840423118,-0.025872886180877686,0.22056114673614502,0.01253007622435689,role_local,0.0655714750289917,0.035307727614417674,0.0002789077333333333,0.00027363466666666667,0.002736346666666667,256.0,1.2938512980937957,316384.0,2.0529425144195557,1.00338876247406,0.4557839035987854,combat>support,9,0.0,-4.882812572759576e-05,-0.01822985401425588,-0.0087890625,0.0,-0.0007701743352299673,-0.0007701743352299673,0.0,0.0,0.0,-0.005859375,0.0,0.0,0.77734375,0.329970914113801,0.005089200466500188,0.0,-0.028660041411058046,-0.028660041411058046,-0.9422670523636043,-4.882812572759576e-05,-0.01884558855817886,-0.009765625,0.05843473337881733,0.0,0.0,0.0,0.0,0.0,-0.026086225974722765,-0.026086225974722765,-0.9136434914544225,0.0,-0.01827372626576107,-0.0078125,0.054066900091129355,0.0,0.0,0.0,0.0,0.0,-0.02943548139592167,-0.02943548139592167,-0.8754051919095218,-0.00014648437718278728,-0.017570247218827717,-0.01171875,-0.005876760304090567,0.0,0.0,0.0,0.0,0.0,0.005089200466500188,0.0,-0.021237981985905208,-0.019999999552965164,0.000294179619231727,-0.004851948469877243,0.17540477216243744,0.9587692022323608,0.0,1595,-0.07900102436542511,0.40608546137809753,0.0366082142922096,0.6306447982788086,1.3075679302215577,0.36016242057085035,0.0032327354903672,10,0.002760169829707593,0.37448081374168396,0.05808537900447845,121.58194688163051,155.0,0.035307727614417674,39548.0,2602.2284402800724
0.3802944354712963,-0.0052620565173128854,0.004300888509326404,0.0524258177014417,5243,2048,1.2805850386619568,0.4171291634440422,0.18623046875,0.015235639442107641,0.07490467495226767,0.005791778250179765,1.0,10,-0.007839685818180443,0.3707616627216339,0.07569413444725796,0.9761921763420105,0.0058818887753328605,0.0024662225041538477,0.15099556744098663,0.07527702432125807,0.9528211951255798,0.0057440878634378465,-0.01610451377928257,0.17484548687934875,0.07364287786185741,0.9811131954193115,0.005749038260139061,-0.012714467011392117,0.1705905795097351,0.011949186120182276,role_local,0.04273135177791119,0.008622542000375688,0.0002787712,0.00027346399999999996,0.00273464,256.0,1.294950258731842,318432.0,1.9892023801803589,0.9940301179885864,0.3773334324359894,support>combat,5,0.0,-2.441406286379788e-05,-0.017004726657129748,-0.0078125,0.0,0.005301958647578431,0.005301958647578431,0.0,0.0,0.0,0.0,0.0,0.0,0.82666015625,0.33255301023018546,0.005301958647578431,0.0,-0.026971553543262416,-0.026971553543262416,-0.8577856440097094,-4.882812572759576e-05,-0.01715710066855536,-0.009765625,0.08153243573656255,0.0,0.0,0.0,0.0,0.0,-0.029952008168038446,-0.029952008168038446,-0.9115676581859589,0.0,-0.018233258364489302,-0.01171875,0.003158362174872309,0.0,0.0,0.0,0.0,0.0,-0.025438273827603552,-0.025438273827603552,-0.7811738648451865,-4.882812572759576e-05,-0.01562382093834458,-0.009765625,0.0885222544457065,0.0,0.0,0.0,0.0,0.0,0.005301958647578431,0.0,-0.019264970145741245,-0.019999999552965164,-0.0052620565173128854,-0.008825729601085186,0.16605953872203827,0.9740228652954102,0.0,1693,-0.001649094163440168,0.10910594463348389,0.029946960450615734,0.940933883190155,1.3093154788017274,0.3434597074985504,0.002809998768473043,10,-0.0026844272164453288,0.37462562322616577,0.0052958978805691,121.74376115239767,156.0,0.008622542000375688,39804.0,2615.591936587123
0.336634773761034,-0.0024034308269619943,0.004289937249448382,0.05335449102567509,5113,2048,1.2803797245025634,0.3526634231209755,0.1259765625,0.009433456097031011,0.04593386342748999,0.003941731041312011,1.0,10,-0.002699032356031239,0.3709237774213155,0.05093815610744059,0.9446707367897034,0.00409472069063786,-0.010139632038772106,0.1761135458946228,0.04840698518091813,0.9702408909797668,0.004167939656112599,-0.003052007406949997,0.1450393795967102,0.03515030589187518,0.9877626895904541,0.0033978416463462556,-0.04072641581296921,0.17166884243488312,0.012040529306977988,role_local,0.06607109755277633,0.024571645027026533,0.00027863466666666663,0.0002732933333333333,0.0027329333333333335,256.0,1.29516242146492,320480.0,1.9888033866882324,1.0005193948745728,0.43041089177131653,combat>support,8,0.0,-3.662109429569682e-05,-0.016584675802732818,-0.00927734375,0.0,0.0010088018843816826,0.0010088018843816826,0.0,-9.765625145519152e-05,0.0,-0.00390625,0.0,0.0,0.7626953125,0.3269878024875652,0.005012708053982351,0.0,-0.026512845353863668,-0.026512845353863668,-0.9350173801649362,0.0,-0.018700345572142396,-0.0078125,-0.3671825553756207,0.0,0.0,0.0,0.0,0.0,-0.029989685346663464,-0.029989685346663464,-0.9108635738957673,-4.882812572759576e-05,-0.01822210755199194,-0.01171875,-0.3290800822105666,0.0,0.0,0.0,0.0,0.0,-0.026503449009396718,-0.026503449009396718,-0.6415787546429783,0.0,-0.012831574284064118,-0.013671875,-0.1388358268632146,0.0,0.0,0.0,0.0,0.0,0.005012708053982351,0.0,-0.020499295413173968,-0.019999999552965164,-0.0024034308269619943,-0.015445718541741371,0.16490253806114197,0.9780811071395874,0.0,1564,0.05279383808374405,0.3221145570278168,0.06077511862386018,0.7935361862182617,1.3099451184272766,0.32060612440109254,0.004638143457584754,10,-0.0021078292978927494,0.3746756116549174,0.03710276074707508,121.91176152560556,157.0,0.024571645027026533,40060.0,2628.786558323074
0.3274372570216656,-0.0024176235252525657,0.0032425977112063714,0.037466533156111835,5368,2048,1.2830430150032044,0.2430344745516777,0.10634765625,0.007800331842736341,0.031998659018427134,0.0028904538487799446,1.0,10,-0.0006335050682537257,0.3713836669921875,0.03281110320240259,0.9571221470832825,0.0028140328149450456,0.004653193987905979,0.20302774012088776,0.027568605588749052,0.9402205348014832,0.0026152981654562896,-0.004445185419172049,0.185288205742836,0.03632597648538649,0.9775301218032837,0.003299888288139019,0.019770527258515358,0.18369804322719574,0.014609346818178891,role_local,0.04916665479540825,0.010861842543818057,0.0002784981333333333,0.00027312266666666663,0.0027312266666666665,256.0,1.297360932826996,322528.0,2.892371654510498,0.9957593083381653,0.36547043919563293,support>combat,2,0.0,0.0,-0.017421989256642217,-0.00634765625,0.0,0.006191253314682399,0.006191253314682399,0.0,0.0,0.0,0.0,0.0,0.0,0.82763671875,0.4801177444351197,0.006191253314682399,0.0,-0.029237166105303913,-0.029237166105303913,-0.8759065428748727,0.0,-0.017518416374514345,-0.01171875,0.08242369316576514,0.0,0.0,0.0,0.0,0.0,-0.02667374085285701,-0.02667374085285701,-0.9430102370679379,0.0,-0.01886124103475595,-0.0078125,0.04777623166137346,0.0,0.0,0.0,0.0,0.0,-0.0217456852151372,-0.0217456852151372,-0.7943091214401647,0.0,-0.015886310360656353,-0.005859375,0.1926200848974986,0.0,0.0,0.0,0.0,0.0,0.006191253314682399,0.0,-0.017866336049337406,-0.019999999552965164,-0.0024176235252525657,0.005958820693194866,0.19120930135250092,0.9638527035713196,0.0,1695,0.056943949311971664,0.13657556474208832,0.04293440729379654,0.8373494744300842,1.3116788506507873,0.41184003949165343,0.003594741573632798,10,-0.004201741982251405,0.375108281771342,0.007114338269457221,122.0638124588248,158.0,0.010861842543818057,40316.0,2642.2900735531002
0.2743899740278721,-0.002067859907401726,0.0026720692894838375,0.024426543363370003,5275,2048,1.2863082528114318,0.2497475564479828,0.09775390625,0.007310137571766973,0.027845775708556175,0.0029734104360776446,1.0,10,-0.0025277793407440185,0.3716111977895101,0.03439933257177472,0.9510959982872009,0.0031890932810523243,0.033833179622888565,0.2108919769525528,0.02455308591015637,0.9670140743255615,0.002905930666711054,0.014864840544760227,0.16831393539905548,0.02437305183848366,0.9810975193977356,0.002815567359871174,0.025696681812405586,0.15870225429534912,0.014301240257918835,role_local,0.05509890094399452,0.02849829653277993,0.00027836159999999996,0.00027295199999999997,0.00272952,256.0,1.3004109740257264,324576.0,2.031010866165161,1.003415584564209,0.48641401529312134,combat>support,3,0.0,-1.220703143189894e-05,-0.01708782544058825,-0.00927734375,0.0,0.0018801367914420553,0.0018801367914420553,0.0,-4.882812572759576e-05,0.0,-0.00390625,0.0,0.0,0.8548177224583924,0.40265733358683065,0.005835214777107467,0.0,-0.029066721886920277,-0.029066721886920277,-0.8559302636422217,0.0,-0.017347972010611556,-0.01171875,0.09481866731948685,0.0,0.0,0.0,0.0,0.0,-0.029317020685994066,-0.029317020685994066,-0.8797254816163331,0.0,-0.01759827101341216,-0.01171875,0.06539784104097635,0.0,0.0,0.0,0.0,0.0,-0.02608285805763444,-0.02608285805763444,-0.8158617413137108,0.0,-0.01631723329774104,-0.009765625,0.0723768890456995,0.0,0.0,0.0,0.0,0.0,0.005835214777107467,0.0,-0.020646617544116452,-0.019999999552965164,-0.002067859907401726,0.02473944053053856,0.18129679560661316,0.9687249660491943,0.0,1874,-0.02704000659286976,0.30894726514816284,0.021007311018183827,0.7135269641876221,1.3145136952400207,0.2990323916077614,0.00237072814289003,10,-0.0016079404740594327,0.3752906819184621,0.04269535280764103,122.21945874559118,159.0,0.02849829653277993,40572.0,2655.68186384812
0.39719213321805,-0.0033373671351000665,0.004477173157463607,0.05982265174388886,5120,2048,1.2869088411331178,0.38126704543828965,0.128125,0.009751736975158565,0.05045408941805363,0.0039042288567997796,1.0,10,-0.00257060662843287,0.37159010767936707,0.05567339565604925,0.9877339601516724,0.004094608751002937,0.014025190845131874,0.14085347950458527,0.0457298468798399,0.9866619110107422,0.0037296430821125216,-0.00789243821054697,0.1486232578754425,0.04985610246658325,0.9544607400894165,0.003884973653405177,0.0250393059104681,0.15404655039310455,0.010192760638892651,role_local,0.05281425155699253,0.019353331159800292,0.00027822506666666665,0.0002727813333333333,0.0027278133333333335,256.0,1.3009959220886231,326624.0,2.155928373336792,1.0032867193222046,0.44916459918022156,combat>support,5,0.0,-1.220703143189894e-05,-0.016609821178159716,-0.0087890625,0.0,0.0012007419290966936,0.0012007419290966936,0.0,-4.882812572759576e-05,0.0,-0.001953125,0.0,0.0,0.6469726578798145,0.1024674158434209,0.0032026951375883073,0.0,-0.02748872597294394,-0.02748872597294394,-0.7884862623177469,0.0,-0.015769976023875643,-0.01171875,-0.07495581841067178,0.0,0.0,0.0,0.0,0.0,-0.02684396682525403,-0.02684396682525403,-0.756237494526431,0.0,-0.015125217070817598,-0.01171875,-0.10503811910166405,0.0,0.0,0.0,0.0,0.0,-0.028699895156023558,-0.028699895156023558,-0.9466340804938227,0.0,-0.018934270439785905,-0.009765625,-0.23256323913392407,0.0,0.0,0.0,0.0,0.0,0.0032026951375883073,0.0,-0.02045796332822647,-0.019999999552965164,-0.0033373671351000665,0.011550487950444221,0.14894919097423553,0.9821486473083496,0.0,1708,0.019110238179564476,0.2669234275817871,0.06919121406972409,0.6122646331787109,1.3150830030441285,0.41311722099781034,0.005050117458127434,10,-0.004104127641767263,0.3751662075519562,0.028513901680707932,122.37969878081253,160.0,0.019353331159800292,40828.0,2668.9394013381097
0.3288071721792221,-0.0038039968349039555,0.002729737854400441,0.02819303413853049,5381,2048,1.2866657018661498,0.2571276366710663,0.12294921875,0.008921098563587294,0.037844043131917714,0.003414851276331149,1.0,10,-0.001755449641495943,0.37154454986254376,0.03664963953197002,0.9828218221664429,0.0034090662755722327,-0.01944894902408123,0.11913161724805832,0.03746769241988659,0.982390284538269,0.0033959538044533444,-0.025859666988253593,0.12130356580018997,0.03931380333378911,0.9590529799461365,0.00343773748035867,-0.01715904474258423,0.18489998579025269,0.009834728483110667,role_local,0.031248313002288343,0.015112647740170359,0.0002780885333333333,0.00027261066666666665,0.0027261066666666666,256.0,1.3002790212631226,328672.0,2.136380195617676,1.0003774166107178,0.3803119361400604,combat>support,2,0.0,-3.662109429569682e-05,-0.017469449131264508,-0.00732421875,0.0,0.0027237508229518426,0.0027237508229518426,0.0,-4.882812572759576e-05,0.0,-0.001953125,0.0,0.0,0.6904296875,0.32733086025109515,0.0047257039113901556,0.0,-0.024783868895610794,-0.024783868895610794,-0.8485566184390336,0.0,-0.016971369099337608,-0.0078125,0.07727892174443696,0.0,0.0,0.0,0.0,0.0,-0.025076741680095438,-0.025076741680095438,-0.8607687712647021,-4.882812572759576e-05,-0.017215413761732634,-0.0078125,0.05140963156009093,0.0,0.0,0.0,0.0,0.0,-0.029989142341946717,-0.029989142341946717,-0.9110635095275939,-4.882812572759576e-05,-0.018221564532723278,-0.01171875,-0.09887076939048711,0.0,0.0,0.0,0.0,0.0,0.0047257039113901556,0.0,-0.019281501863588346,-0.019999999552965164,-0.0038039968349039555,-0.020757446065545082,0.1460607349872589,0.9753646850585938,0.0,1747,0.0014417312340810895,0.23136939108371735,0.01854202514514327,0.6739256381988525,1.3138923406600953,0.40048670768737793,0.002044624432469733,10,-0.005852544028311968,0.3751118779182434,0.020390566997230054,122.53086520729215,161.0,0.015112647740170359,41084.0,2682.3608846960124
0.37262063175439836,-0.00378122952679405,0.004897896068519132,0.05948174270452,5814,2048,1.2856327295303345,0.3169285625219345,0.19208984375,0.013450818159617484,0.0581252554547973,0.0048236644360066475,1.0,10,-0.0029394410812528804,0.37125510970751446,0.06210368806496262,0.9662550687789917,0.004930792797914413,0.008920809254050255,0.15288394689559937,0.057233421842101964,0.9455729722976685,0.004879336049612415,0.007692741230130196,0.1576257050037384,0.055186984967440365,0.9660245180130005,0.0046651042247624844,0.0012228185078129172,0.13843253254890442,0.010527084302157163,role_local,0.03401191886514425,0.007688084128312766,0.000277952,0.00027244,0.0027244,256.0,1.2999366343021392,330720.0,1.7775689363479614,0.99983811378479,0.49982863664627075,support>combat,0,0.0,-2.441406286379788e-05,-0.018825204378420796,-0.00830078125,0.0,0.005448272733701742,0.005448272733701742,0.0,0.0,0.0,0.0,0.0,0.0,0.8806965984404087,0.3209143786516506,0.005448272733701742,0.0,-0.03022181356936926,-0.03022181356936926,-0.9106039379257709,-4.882812572759576e-05,-0.01845423576742178,-0.01171875,0.10208769621385727,0.0,0.0,0.0,0.0,0.0,-0.0307299185442389,-0.0307299185442389,-0.9504856900312006,0.0,-0.01901116863155039,-0.01171875,0.16323031521460507,0.0,0.0,0.0,0.0,0.0,-0.028824661654653028,-0.028824661654653028,-0.9413578270468861,-4.882812572759576e-05,-0.019010208736290224,-0.009765625,0.05684015490805905,0.0,0.0,0.0,0.0,0.0,0.005448272733701742,0.0,-0.021082031653349986,-0.019999999552965164,-0.00378122952679405,0.005919893737882376,0.14989452064037323,0.960588812828064,0.0,1943,0.040877871215343475,0.10142539441585541,0.060838229954242706,0.8857806324958801,1.314240539073944,0.4283127009868622,0.004972127701031617,10,-0.004623017972335219,0.3752003610134125,0.0048490839544683695,122.6731853099654,162.0,0.007688084128312766,41340.0,2695.943691071123
0.3330078095197678,-0.002898746414575726,0.006877856401845113,0.09119456787593663,5566,2048,1.282922387123108,0.2549643203616142,0.1615234375,0.01114591741352342,0.044664062466472386,0.004036317823924588,1.0,10,-0.002377699757926166,0.3709198335806529,0.04515193505212665,0.9486738443374634,0.004027245931442802,0.01561199501156807,0.1556115746498108,0.048930672276765105,0.9755141735076904,0.004346862833754295,-0.0006031164084561169,0.13784076273441315,0.03975904346443713,0.9685209393501282,0.003728874937132376,0.0025450862012803555,0.17060892283916473,0.011968383099883795,role_local,0.041438689827919005,0.026666160533204676,0.0002778154666666666,0.0002722693333333333,0.002722693333333333,256.0,1.2987555682659149,332768.0,1.9860103130340576,1.0017930269241333,0.42340096831321716,combat>support,6,0.0,-1.220703143189894e-05,-0.018064751784550026,-0.0087890625,0.0,0.0005193055822019232,0.0005193055822019232,0.0,-4.882812572759576e-05,0.0,-0.00390625,0.0,0.0,0.8027343556750566,0.2105743619686109,0.004474383680644678,0.0,-0.02902164110855665,-0.02902164110855665,-0.9612052196171135,0.0,-0.01925601638504304,-0.009765625,0.009197553619742393,0.0,0.0,0.0,0.0,0.0,-0.029421351464407053,-0.029421351464407053,-0.885130173061043,0.0,-0.017702601668133866,-0.01171875,0.11252675393188838,0.0,0.0,0.0,0.0,0.0,-0.027001262045814656,-0.027001262045814656,-0.8617573010269552,0.0,-0.017235637300473172,-0.009765625,-0.03324939694721252,0.0,0.0,0.0,0.0,0.0,0.004474383680644678,0.0,-0.021231238926702645,-0.019999999552965164,-0.002898746414575726,0.006157499272376299,0.15529762208461761,0.9679611325263977,0.0,1992,-0.039136916399002075,0.3024747669696808,0.13772507328540087,0.6726154685020447,1.3145887494087218,0.4110512986779213,0.00971939497976564,10,-0.0034197930712252856,0.3752412398656209,0.04136393796652556,122.81648584710804,163.0,0.026666160533204676,41596.0,2709.4733879151754
0.3101378843188286,-0.0013122360047418623,0.003135928914040359,0.029623239510692657,5684,2048,1.2805444836616515,0.23283760845661164,0.0900390625,0.00666128029988613,0.02131373748416081,0.002431577698032472,1.0,10,0.0017446056357584895,0.370712012052536,0.024694806337356566,0.9636821746826172,0.0025170318238617153,0.0011878247605636716,0.15711306035518646,0.02031726235290989,0.9729359149932861,0.0024432556542559047,-0.009743339382112026,0.16668584942817688,0.018873227119911462,0.9581078886985779,0.00233586953624122,0.0020742162596434355,0.14762267470359802,0.0116894886828959,role_local,0.03445001635700464,0.007913060451392085,0.0002776789333333333,0.00027209866666666666,0.0027209866666666666,256.0,1.297679841518402,334816.0,3.1395111083984375,1.0070812702178955,0.3750739097595215,support>combat,0,0.0,0.0,-0.01842933058893929,-0.00830078125,0.0,0.005943754726104089,0.005943754726104089,0.0,0.0,0.0,0.0,0.0,0.0,0.8491210923530161,0.4245450599119067,0.005943754726104089,0.0,-0.030554100667359307,-0.030554100667359307,-0.9417323241941631,0.0,-0.018835351009329315,-0.01171875,0.19233524306036998,0.0,0.0,0.0,0.0,0.0,-0.027235181762080174,-0.027235181762080174,-0.8734774270560592,0.0,-0.01746955701673869,-0.009765625,0.14800262995413505,0.0,0.0,0.0,0.0,0.0,-0.030701833398779854,-0.030701833398779854,-0.9491384536959231,0.0,-0.018983083740749862,-0.01171875,0.2696647885168204,0.0,0.0,0.0,0.0,0.0,0.005943754726104089,0.0,-0.020636841636587633,-0.019999999552965164,-0.0013122360047418623,-0.001967823365703225,0.15716718137264252,0.9670589566230774,0.0,2009,0.01596243306994438,0.09771271049976349,0.0379327415372245,0.8929294347763062,1.3148151993751527,0.38743816018104554,0.0038402801300482458,10,-0.0043690776452422145,0.3752441505591075,0.00413663221988827,122.95124105299777,164.0,0.007913060451392085,41852.0,2723.160800432088
0.3300947517156601,-0.005119727726560086,0.0038765505518881943,0.04414108331984608,5652,2048,1.2793414354324342,0.2436598375439644,0.0865234375,0.006393797404598445,0.01474701038969215,0.002286510223825716,1.0,10,-0.0013335182098671793,0.3706676165262858,0.015439127385616303,0.982978105545044,0.002307735690671342,-0.008520655333995819,0.13601215183734894,0.01402186044724658,0.9671763777732849,0.002190165752942519,-0.002560884226113558,0.11447587609291077,0.014804775640368462,0.9753186702728271,0.002367031659643254,-0.0064190528355538845,0.12606428563594818,0.007852653972804546,role_local,0.026470731757581235,0.005030031240312383,0.00027754239999999995,0.000271928,0.00271928,256.0,1.2971263825893402,336864.0,2.08616304397583,0.9997075796127319,0.3898598551750183,combat>support,1,0.0,0.0,-0.018306615491989458,-0.00927734375,0.0,0.007157760735935881,0.007157760735935881,0.0,0.0,0.0,0.0,0.0,0.0,1.0,0.5262934591446538,0.007157760735935881,0.0,-0.031392210879857885,-0.031392210879857885,-0.8860168920364231,0.0,-0.017720336090860656,-0.013671875,0.27984853817906696,0.0,0.0,0.0,0.0,0.0,-0.030798974221397657,-0.030798974221397657,-0.9539588924963027,0.0,-0.01908022466523107,-0.01171875,0.27837511120014824,0.0,0.0,0.0,0.0,0.0,-0.029838035385182593,-0.029838035385182593,-0.9059383461717516,0.0,-0.018119285719876643,-0.01171875,0.27892081868958485,0.0,0.0,0.0,0.0,0.0,0.007157760735935881,0.0,-0.021217866506049177,-0.019999999552965164,-0.005119727726560086,-0.0057552470825612545,0.12557914853096008,0.9773989319801331,0.0,2048,0.022215260192751884,0.07131602615118027,0.07353515625,0.9277907013893127,1.3149113297462462,0.4165296658873558,0.0054665908799506726,10,-0.008905937243252993,0.3753088613351186,0.0022074085078202187,123.08119448768176,165.0,0.005030031240312383,42108.0,2736.925014436012
0.33507355973124503,-0.001891088392585516,0.006601725963094142,0.08870751147624105,5681,2048,1.2791256308555603,0.31329482346773146,0.16513671875,0.012142083258368075,0.05386916943825781,0.0043799564407342815,1.0,10,-0.002692870353348553,0.37059592207272846,0.05259785824455321,0.9580378532409668,0.004140445090946254,-0.017931217327713966,0.14356651902198792,0.05511073814705014,0.9589405655860901,0.004526413845658989,-0.02626192197203636,0.14642773568630219,0.053888855036348104,0.9553782343864441,0.004478024743881348,-0.0617217943072319,0.2082933932542801,0.013761541992425918,role_local,0.0669221330434084,0.017815467016771436,0.00027740586666666665,0.00027175733333333334,0.002717573333333333,256.0,1.297210544347763,338912.0,2.1292574405670166,0.9975478649139404,0.35840898752212524,combat>support,5,0.0,-1.220703143189894e-05,-0.018421612396195997,-0.0107421875,0.0,0.004920645284073544,0.004920645284073544,0.0,0.0,0.0,-0.001953125,0.0,0.0,0.880859375,0.5583888184628449,0.006873770402307855,0.0,-0.02853257713286439,-0.02853257713286439,-0.938294081017375,0.0,-0.01876695131068118,-0.009765625,0.025539298585499637,0.0,0.0,0.0,0.0,0.0,-0.03273965005064383,-0.03273965005064383,-0.9508874067105353,-4.882812572759576e-05,-0.01901894730690401,-0.013671875,0.0896715663948271,0.0,0.0,0.0,0.0,0.0,-0.03505706303258194,-0.03505706303258194,-0.873842544388026,0.0,-0.0174789385710028,-0.017578125,0.16510635299346177,0.0,0.0,0.0,0.0,0.0,0.006873770402307855,0.0,-0.02285216248856159,-0.019999999552965164,-0.001891088392585516,-0.03466520085930824,0.16870112717151642,0.9570391178131104,0.0,1805,0.022825706750154495,0.2270076870918274,0.12354585351422429,0.6036679744720459,1.3152954578399658,0.3568522959947586,0.008823495485454002,10,-0.0010893064318224788,0.37534605463345844,0.02186939204111695,123.21881456441092,166.0,0.017815467016771436,42364.0,2750.4890482681803
0.314090833067894,-0.005184109971128237,0.002401282073655326,0.01841719856020063,5262,2048,1.2790687680244446,0.25391089767217634,0.080859375,0.006039520128979348,0.019464493868872522,0.002339557868152482,1.0,10,-0.002079231610923671,0.37072403232256573,0.01947023078100756,0.9692716598510742,0.0023640548336413825,-0.010589211247861385,0.12663623690605164,0.02056200443767011,0.9787376523017883,0.002330911806290825,-0.014768158085644245,0.12699134647846222,0.018083319906145333,0.9846761226654053,0.002317093164736034,-0.02887723594903946,0.16857288777828217,0.009354368131607772,role_local,0.07493794932961464,0.006044163653859869,0.0002772693333333333,0.0002715866666666666,0.0027158666666666667,256.0,1.2967235684394836,340960.0,1.9883246421813965,1.0014963150024414,0.40654462575912476,combat>support,2,0.0,-1.220703143189894e-05,-0.0170497364779294,-0.0087890625,0.0,0.006609462277992861,0.006609462277992861,0.0,0.0,0.0,0.0,0.0,0.0,0.875,0.5182437129551545,0.006609462277992861,0.0,-0.03267430382402381,-0.03267430382402381,-0.9501110566779971,0.0,-0.01900242912233807,-0.013671875,0.10042379629157949,0.0,0.0,0.0,0.0,0.0,-0.02942368898948189,-0.02942368898948189,-0.8827988191042095,-4.882812572759576e-05,-0.01765611118025845,-0.01171875,0.19374217800213955,0.0,0.0,0.0,0.0,0.0,-0.024256293912912952,-0.024256293912912952,-0.7245022032875568,0.0,-0.01449066913119168,-0.009765625,0.17823615984161734,0.0,0.0,0.0,0.0,0.0,0.006609462277992861,0.0,-0.019936207121645566,-0.019999999552965164,-0.005184109971128237,-0.0172096136957407,0.14009982347488403,0.9813951253890991,0.0,1792,0.0450642965734005,0.08759311586618423,0.01736990325152874,0.908272385597229,1.3143783688545227,0.3742707684636116,0.00246300627915817,10,-0.008288988331332802,0.37490763266881305,0.0027339591761119664,123.35430815952618,167.0,0.006044163653859869,42620.0,2764.070465695113
0.3005937226116657,-0.0020912284089718014,0.005304005206375512,0.06714779331814498,5439,2048,1.2799124717712402,0.3114852994680405,0.19208984375,0.01582341823668685,0.07281407420523464,0.0056877287213285554,1.0,10,-0.0009653695859014988,0.3706657389799754,0.07461282175499946,0.9492401480674744,0.005853563939144113,0.019226551055908203,0.22161772847175598,0.07031628983095288,0.9508528113365173,0.00553921382435405,0.00975264422595501,0.2127118706703186,0.0734911005012691,0.9480130672454834,0.005673771929494776,0.007341385819017887,0.18148642778396606,0.017631293181329964,role_local,0.07421722412109374,0.05149872642941773,0.0002771328,0.00027141599999999996,0.00271416,256.0,1.2951273322105408,343008.0,2.1752867698669434,0.9954057931900024,0.5416306853294373,support>combat,7,0.0,0.0,-0.01765417490363082,-0.00830078125,0.0,-0.0001058018597177579,-0.0001058018597177579,0.0,0.0,0.0,-0.005859375,0.0,0.0,0.8307291679084301,0.40510939940577373,0.005753573045694793,0.0,-0.024948640042566694,-0.024948640042566694,-0.8567694185767323,0.0,-0.017136140217189677,-0.0078125,0.04013429967017146,0.0,0.0,0.0,0.0,0.0,-0.02703950580689707,-0.02703950580689707,-0.8636250123381615,0.0,-0.017273881068831543,-0.009765625,0.1373984444871894,0.0,0.0,0.0,0.0,0.0,-0.02831812829390401,-0.02831812829390401,-0.9275613853242248,0.0,-0.018552503424871247,-0.009765625,-0.0450005429884186,0.0,0.0,0.0,0.0,0.0,0.005753573045694793,0.0,-0.020103020753595047,-0.019999999552965164,-0.0020912284089718014,0.011972013860940933,0.20545613765716553,0.9499236941337585,0.0,1715,-0.07738946378231049,0.4572344720363617,0.061481512431055305,0.2689882516860962,1.3103421926498413,0.28970214575529096,0.004920281691422468,10,-0.003217087232042104,0.3745535711447398,0.0853661596775055,123.48379484507774,168.0,0.05149872642941773,42876.0,2777.757198265055
0.2457699529826641,-0.005070218595938059,0.002309607320010543,0.02017413785797544,5010,2048,1.2791398763656616,0.2269917383790016,0.08759765625,0.006581969896797091,0.0216674510971643,0.0025424139702266645,1.0,10,-0.001533610864134971,0.3706097702185313,0.0229539105668664,0.9707002639770508,0.002631640341000141,0.0006020816508680582,0.17011545598506927,0.01973564175423235,0.9885740876197815,0.002462859959493935,-0.005768816918134689,0.1468694806098938,0.02197146093240008,0.9735554456710815,0.0025193757195650034,-0.0018847165629267693,0.14020419120788574,0.010169139038771391,role_local,0.05389812793582678,0.03219334832392633,0.00027699626666666667,0.0002712453333333333,0.0027124533333333332,256.0,1.2942565560340882,345056.0,2.515535831451416,0.9994453191757202,0.32153162360191345,combat>support,5,0.0,-1.220703143189894e-05,-0.016248805564828217,-0.00927734375,0.0,-0.00037651919046766125,-0.00037651919046766125,0.0,0.0,0.0,-0.005859375,0.0,0.0,0.73095703125,0.426504615083104,0.005482855824084254,0.0,-0.02875785467767855,-0.02875785467767855,-0.8519553344231099,0.0,-0.017039105005096644,-0.01171875,-0.056288807216333225,0.0,0.0,0.0,0.0,0.0,-0.025577647575119045,-0.025577647575119045,-0.6929242088226601,0.0,-0.013858897335012443,-0.01171875,0.18380697294560377,0.0,0.0,0.0,0.0,0.0,-0.025709742258186452,-0.025709742258186452,-0.8919241030234843,-4.882812572759576e-05,-0.017848414354375564,-0.0078125,-0.17542710056295618,0.0,0.0,0.0,0.0,0.0,0.005482855824084254,0.0,-0.020105441777559463,-0.019999999552965164,-0.005070218595938059,-0.0021218883339315653,0.1531427651643753,0.9808266162872314,0.0,1500,-0.039190296083688736,0.4108317792415619,0.018680824618786573,0.49386972188949585,1.3093732357025147,0.2645481675863266,0.0020768006697944206,10,-0.008606826327741146,0.3746989170710246,0.05421755760908127,123.61210940164031,169.0,0.03219334832392633,43132.0,2791.4417258170433
0.36898441091179845,-0.003965330535720568,0.00457183450945593,0.05867089393141214,4940,2048,1.2787058711051942,0.2917706653475761,0.11669921875,0.0086526029946981,0.03973213818971999,0.003463974218343979,1.0,10,-0.0016093068639747798,0.3705078065395355,0.036112009547650814,0.9732025861740112,0.003233231341046866,0.012194229289889336,0.16766569018363953,0.04223902726080268,0.9837557673454285,0.0038473206492633306,-0.00047316247946582735,0.1816585212945938,0.04118887223303318,0.970524787902832,0.003391118428900808,-0.03060702234506607,0.14767253398895264,0.01120956102386117,role_local,0.06690469793975354,0.041306235501542686,0.0002768597333333333,0.00027107466666666664,0.0027107466666666667,256.0,1.2946983873844147,347104.0,2.2290642261505127,0.9979402422904968,0.31425318121910095,support>combat,14,0.0,-2.441406286379788e-05,-0.016027655963019544,-0.0087890625,0.0,-0.0017761959934432525,-0.0017761959934432525,0.0,-4.882812572759576e-05,0.0,-0.005859375,0.0,0.0,0.66845703125,0.24302987786359154,0.004132007377847913,0.0,-0.02442015845736023,-0.02442015845736023,-0.8303691588807851,0.0,-0.01660765858105151,-0.0078125,-0.23934669091249816,0.0,0.0,0.0,0.0,0.0,-0.02324519675130432,-0.02324519675130432,-0.673950465163216,0.0,-0.013479571945936186,-0.009765625,0.01583916853996925,0.0,0.0,0.0,0.0,0.0,-0.029763315178570338,-0.029763315178570338,-0.8997759458143264,-4.882812572759576e-05,-0.01799573736207094,-0.01171875,-0.22237813501851633,0.0,0.0,0.0,0.0,0.0,0.004132007377847913,0.0,-0.019801217160420492,-0.019999999552965164,-0.003965330535720568,-0.007379964459687471,0.16574376821517944,0.9784124493598938,0.0,1372,-0.09897053241729736,0.47174665331840515,0.07760964967310428,0.5584098696708679,1.3106909036636352,0.4461981564760208,0.00567969480056788,10,-0.006321354207466356,0.3747452199459076,0.0714029099792242,123.78454794045577,170.0,0.041306235501542686,43388.0,2804.0979732540436
0.4417151421308517,-0.005417058161401656,0.006672255524774458,0.08823362949769945,4260,2048,1.2778754949569702,0.3150988966226578,0.1060546875,0.007729675641166977,0.043767050933092834,0.0037523747687997627,1.0,10,-0.0028431057347916068,0.37046804030736286,0.027638852689415218,0.9882953763008118,0.002786196333765978,0.05217597633600235,0.09943042695522308,0.06053919857367873,0.9871389269828796,0.004673177221795333,0.040883779525756836,0.15170052647590637,0.04833329543471336,0.9701026678085327,0.004126932216974566,0.028858421370387077,0.2400319129228592,0.008716466231271624,role_local,0.06991393826901912,0.02368619309272617,0.0002767232,0.000270904,0.0027090400000000002,256.0,1.2940041542053222,349152.0,2.179295539855957,0.9893936514854431,0.43157094717025757,combat>support,13,0.0,-2.441406286379788e-05,-0.013850621026601099,-0.0029296875,0.0,-0.001749946970903693,-0.001749946970903693,0.0,-4.882812572759576e-05,0.0,-0.00390625,0.0,0.0,0.4931640625,0.03874581551644951,0.002205131111168157,0.0,-0.01902793942281278,-0.01902793942281278,-0.853732863208279,0.0,-0.017074814466468524,-0.001953125,-0.4491307734278962,0.0,0.0,0.0,0.0,0.0,-0.015347494154411834,-0.015347494154411834,-0.6672739197965711,-4.882812572759576e-05,-0.013345541075977962,-0.001953125,-0.2331081526062917,0.0,0.0,0.0,0.0,0.0,-0.015037757391837658,-0.015037757391837658,-0.5565674154786393,0.0,-0.01113150753735681,-0.00390625,-0.12928560230648145,0.0,0.0,0.0,0.0,0.0,0.002205131111168157,0.0,-0.01279078494917485,-0.019999999552965164,-0.005417058161401656,0.04229889437556267,0.16427354514598846,0.9827568531036377,0.0,1012,-0.0929824486374855,0.40078601241111755,0.13270020806230604,0.6496988534927368,1.3101328134536743,0.5683313876390457,0.009592136280749152,10,-0.007991010588011705,0.3746475676695506,0.03865591995418072,123.93543269827438,171.0,0.02368619309272617,43644.0,2817.2088675401174
0.35315696001052854,-0.00679783356608823,0.00476459810568893,0.05702879932941869,4065,2048,1.277862548828125,0.2783158183097839,0.148828125,0.01036234070197679,0.06054705586284399,0.005106218503085935,1.0,10,-0.007658001617528498,0.37044734756151837,0.0766509236767888,0.9733986854553223,0.006058757553442517,0.07003958523273468,0.1372622847557068,0.048650170443579555,0.9843577146530151,0.004465971304658825,0.045646555721759796,0.14353646337985992,0.04686490390449762,0.9758788347244263,0.004198474274329444,-0.006637248210608959,0.22559453547000885,0.009451415156945586,role_local,0.0905163325369358,0.019265359989367424,0.00027658666666666664,0.0002707333333333333,0.0027073333333333333,256.0,1.2938848078250884,351200.0,2.274959087371826,0.9914517402648926,0.30256524682044983,support>combat,14,0.0,-7.324218859139364e-05,-0.013215013760297248,-0.0029296875,0.0,-0.0004480366483221587,-0.0004480366483221587,0.0,-4.882812572759576e-05,0.0,-0.001953125,0.0,0.0,0.3162434895057231,0.048157100612115755,0.0015539165722202597,0.0,-0.019540284396498464,-0.019540284396498464,-0.87447524885647,-9.765625145519152e-05,-0.017489503203250933,-0.001953125,-0.5839639737969264,0.0,0.0,0.0,0.0,0.0,-0.01721450292825466,-0.01721450292825466,-0.6563146086409688,-9.765625145519152e-05,-0.013210596771386918,-0.00390625,-0.3822823050431907,0.0,0.0,0.0,0.0,0.0,-0.01290001937377383,-0.01290001937377383,-0.44492198165971786,-4.882812572759576e-05,-0.008944941306253895,-0.00390625,-0.13616076561538648,0.0,0.0,0.0,0.0,0.0,0.0015539165722202597,0.0,-0.012525711274065543,-0.019999999552965164,-0.00679783356608823,0.04459262639284134,0.1659669280052185,0.9810221195220947,0.0,944,-0.11133018136024475,0.35795220732688904,0.05351054279599339,0.6351156830787659,1.309907066822052,0.42799810171127317,0.004422977708291925,10,-0.0059376655146479605,0.374754140774409,0.029079304821789265,124.1304028046476,172.0,0.019265359989367424,43900.0,2829.2826903390232
0.4380923330783844,0.0024939364549936725,0.005702128505141933,0.07109128912561573,4568,2048,1.2772296905517577,0.3512191861867905,0.146484375,0.011424306049593724,0.05572671191766858,0.004955485508569455,1.0,10,-0.002972384449094534,0.370299090941747,0.05533095328137279,0.8877449631690979,0.005036360406297863,0.05312071368098259,0.2846487760543823,0.06211816293653101,0.9335686564445496,0.005324732574910407,0.08019635081291199,0.31702855229377747,0.048140301601961255,0.9774149656295776,0.004355846779879347,-3.711794488481246e-05,0.16716527938842773,0.02469786349684,role_local,0.08070845566689969,0.016763363196514548,0.00027645013333333333,0.00027056266666666666,0.002705626666666667,256.0,1.294170182943344,353248.0,1.8741620779037476,0.9908533096313477,0.39181017875671387,combat>support,9,0.0,-3.662109429569682e-05,-0.01484777615951316,-0.0029296875,0.0,0.001762213800191148,0.001762213800191148,0.0,-4.882812572759576e-05,0.0,0.0,0.0,0.0,0.4529622219852172,-0.0001345130440313369,0.001811041925009249,0.0,-0.021793056221213192,-0.021793056221213192,-0.8605567719787359,-4.882812572759576e-05,-0.017837978215538897,-0.00390625,-0.43331220699474216,0.0,0.0,0.0,0.0,0.0,-0.01895244406478014,-0.01895244406478014,-0.721989611396566,0.0,-0.015046194159367587,-0.00390625,-0.319871711457381,0.0,0.0,0.0,0.0,0.0,-0.015614234152963036,-0.015614234152963036,-0.5829322396311909,-4.882812572759576e-05,-0.011659156103632995,-0.00390625,-0.13361452263779938,0.0,0.0,0.0,0.0,0.0,0.001811041925009249,0.0,-0.013649380849528825,-0.019999999552965164,0.0024939364549936725,0.04834859073162079,0.2732631266117096,0.9434503316879272,0.0,1349,-0.03685962036252022,0.18575060367584229,0.08645586633356288,0.8394239544868469,1.3111106753349304,0.5249654799699783,0.006448771501714412,10,0.007960257359081879,0.37475916743278503,0.008828862896189093,124.29701347788586,173.0,0.016763363196514548,44156.0,2841.9669155031443
0.4140168480575085,-0.001238766103051603,0.00533706592409693,0.06695136344060301,3975,2048,1.2762745380401612,0.33934619277715683,0.1650390625,0.012845257969456726,0.07958570793271065,0.006190288074292874,1.0,10,-0.0006067302078008652,0.370273898045222,0.09266964662820101,0.9548254609107971,0.007127912302979884,0.04503565654158592,0.27142637968063354,0.08232080657035112,0.9841525554656982,0.006270715133916393,0.047210823744535446,0.19901809096336365,0.06250829454511404,0.9833353757858276,0.005070438988066983,0.032835133373737335,0.16698913276195526,0.014874277543276549,role_local,0.07477166056632996,0.029820312885567545,0.00027631359999999997,0.000270392,0.0027039200000000003,256.0,1.2935137927532196,355296.0,2.578054189682007,1.004082202911377,0.4286351203918457,support>combat,10,0.0,-3.662109429569682e-05,-0.01290796523123087,-0.00390625,0.0,-0.0028986732897919865,-0.0028986732897919865,0.0,-9.765625145519152e-05,0.0,-0.00390625,0.0,0.0,0.5388997303089127,-0.1750609986775089,0.0011052329593894683,0.0,-0.020245187759428518,-0.020245187759428518,-0.7144947445485741,-4.882812572759576e-05,-0.014336984768306138,-0.005859375,-0.4154308712895727,0.0,0.0,0.0,0.0,0.0,-0.015344834930147044,-0.015344834930147044,-0.5719226296059787,0.0,-0.01143858500290662,-0.00390625,-0.29104867711430416,0.0,0.0,0.0,0.0,0.0,-0.014901450878824107,-0.014901450878824107,-0.6474160843063146,0.0,-0.012948325922479853,-0.001953125,-0.38005564152263105,0.0,0.0,0.0,0.0,0.0,0.0011052329593894683,0.0,-0.013347536976652918,-0.019999999552965164,-0.001238766103051603,0.04160565510392189,0.21990226209163666,0.9754199981689453,0.0,1447,-0.08162970095872879,0.34791386127471924,0.05431701894849539,0.7025508880615234,1.310753047466278,0.4886875033378601,0.004483843773900986,10,-0.0018708019983023406,0.3747783402601878,0.04476634822785854,124.47722979976152,174.0,0.029820312885567545,44412.0,2854.305165463127
0.38864726945757866,-0.0013443480536807328,0.005860252708436214,0.07622023373842239,4190,2048,1.276936447620392,0.28817278891801834,0.04453125,0.00403202241868712,0.01089056469500065,0.0019449616320974528,1.0,10,0.0025727457366883756,0.370523343483607,0.014720733743160963,0.9775445461273193,0.002111721958495083,0.04342769831418991,0.21599218249320984,0.009577738214284181,0.9649431705474854,0.0019067947510719384,0.06793968379497528,0.28705790638923645,0.00864968034438789,0.9819980263710022,0.0018315439632452968,0.01701563596725464,0.15677528083324432,0.014935429114848376,role_local,0.06295164152979851,0.022436656663194297,0.00027617706666666666,0.00027022133333333333,0.0027022133333333333,256.0,1.2938929736614226,357344.0,2.3885931968688965,1.0049877166748047,0.34503018856048584,support>combat,7,0.0,-4.882812572759576e-05,-0.013592603746171031,-0.00390625,0.0,-0.00032110321967593336,-0.00032110321967593336,0.0,-9.765625145519152e-05,0.0,-0.001953125,0.0,0.0,0.5040690075838938,-0.04776634939480573,0.0017296779824391706,0.0,-0.016969774973404128,-0.016969774973404128,-0.6526416125707328,0.0,-0.01306352506071562,-0.00390625,-0.1730844267797238,0.0,0.0,0.0,0.0,0.0,-0.016581681946263416,-0.016581681946263416,-0.6313240714371204,-4.882812572759576e-05,-0.012626603904209333,-0.00390625,-0.19474902693764307,0.0,0.0,0.0,0.0,0.0,-0.02099588527198648,-0.02099588527198648,-0.75264602759853,-4.882812572759576e-05,-0.015087682273588143,-0.005859375,-0.15090045880060643,0.0,0.0,0.0,0.0,0.0,0.0017296779824391706,0.0,-0.013717111884034239,-0.019999999552965164,-0.0013443480536807328,0.04123302549123764,0.22355049848556519,0.9743413329124451,0.0,1504,-0.034858524799346924,0.2837570905685425,0.14154990278184415,0.6906630992889404,1.3108494997024536,0.489121749997139,0.009775543784774975,10,-0.005261441844049841,0.374694565931956,0.02993788421154022,124.66213075394768,175.0,0.022436656663194297,44668.0,2866.5000175980385
0.31373347863554957,-0.0028512269112979994,0.004079615527318813,0.04837381233810447,5071,2048,1.2790932655334473,0.28737120181322096,0.14609375,0.010742366840713658,0.05690309233032167,0.004411492183869564,1.0,10,-0.0030773004225920888,0.37064196666081745,0.059345669392496345,0.9689952731132507,0.004461289340404096,0.03530099615454674,0.20544005930423737,0.04756896249018609,0.9839025735855103,0.004073134242697757,0.028774656355381012,0.1589278131723404,0.06239321022294462,0.8885439038276672,0.00464365011817886,0.07304961234331131,0.25697603821754456,0.019306156039237975,role_local,0.05549433790147305,0.02564581772312522,0.0002760405333333333,0.0002700506666666666,0.002700506666666667,256.0,1.2946494400501252,359392.0,2.1934866905212402,0.9965131282806396,0.2872808575630188,support>combat,0,0.0,-3.662109429569682e-05,-0.016464661974168848,-0.00439453125,0.0,0.0020152822935415315,0.0020152822935415315,0.0,-4.882812572759576e-05,0.0,-0.001953125,0.0,0.0,0.58642578125,0.2785887154896045,0.004017235437459021,0.0,-0.021581294560746755,-0.021581294560746755,-0.7860960550606251,0.0,-0.015721919713541865,-0.005859375,-0.09683282978949137,0.0,0.0,0.0,0.0,0.0,-0.02094843964005122,-0.02094843964005122,-0.7520118684042245,-4.882812572759576e-05,-0.015040236656204797,-0.005859375,-0.02636503368830745,0.0,0.0,0.0,0.0,0.0,-0.022586907565710135,-0.022586907565710135,-0.9315915778279305,-4.882812572759576e-05,-0.018631829552759882,-0.00390625,-0.20879916637204587,0.0,0.0,0.0,0.0,0.0,0.004017235437459021,0.0,-0.015775341118569486,-0.019999999552965164,-0.0028512269112979994,0.047526806592941284,0.2154259979724884,0.961377739906311,0.0,1688,0.0016112846788018942,0.2837117314338684,0.03984453234588727,0.5667759776115417,1.310205614566803,0.3400957554578781,0.003747738870768061,10,-0.00262515340000391,0.37465692559878033,0.03198547940701246,124.79858613404814,176.0,0.02564581772312522,44924.0,2879.7762148841284
0.3210670195519924,-0.00152344002854079,0.005135651282809771,0.06597614183556288,4462,2048,1.2788637042045594,0.3017432004213333,0.1015625,0.00735243265517056,0.03226882186718285,0.003373674557332598,1.0,10,-0.0005293816328048706,0.37054941058158875,0.03944086411502212,0.9642029404640198,0.00393294580183768,-0.03695457801222801,0.21862386167049408,0.031006511114537717,0.975018322467804,0.003265440338715764,-0.03135465085506439,0.22152608633041382,0.02610672147711739,0.9747128486633301,0.0029023248779271984,-0.017357027158141136,0.2096535563468933,0.01697239391505718,role_local,0.05874311197549105,0.036299968510866164,0.000275904,0.00026987999999999996,0.0026988,256.0,1.2947620689868926,361440.0,2.4730641841888428,1.0076969861984253,0.46371281147003174,support>combat,10,0.0,-3.662109429569682e-05,-0.014465119966189377,-0.00927734375,0.0,0.0005426570869531133,0.0005426570869531133,0.0,-4.882812572759576e-05,0.0,-0.00390625,0.0,0.0,0.7555338502861559,0.24593326842295937,0.0044977350253248005,0.0,-0.022869391748827184,-0.022869391748827184,-0.7528386954218149,0.0,-0.015056891952553997,-0.0078125,-0.17912437094400957,0.0,0.0,0.0,0.0,0.0,-0.02737441076533287,-0.02737441076533287,-0.6783700505038723,-4.882812572759576e-05,-0.013653707883349853,-0.013671875,0.08088601735471457,0.0,0.0,0.0,0.0,0.0,-0.026452337893715594,-0.026452337893715594,-0.7228227809537202,-4.882812572759576e-05,-0.014684760062664282,-0.01171875,-0.07396291482189099,0.0,0.0,0.0,0.0,0.0,0.0044977350253248005,0.0,-0.019038371785427444,-0.019999999552965164,-0.00152344002854079,-0.02855793945491314,0.21672137081623077,0.9719884991645813,0.0,1690,-0.03708398714661598,0.37864166498184204,0.09968346180394291,0.39551830291748047,1.310660433769226,0.3403908386826515,0.0068976280082869434,10,-0.0025174984242767096,0.37488166491190594,0.05562754310667515,124.9497084211867,177.0,0.036299968510866164,45180.0,2892.6838210909627
0.35292700454592707,-0.001956462171438034,0.005529025307415181,0.07121039181947708,4549,2048,1.2784152030944824,0.3113448277115822,0.13828125,0.010065254793153145,0.05282706618309021,0.004339187826256507,1.0,10,-0.0027092085416370536,0.37052886684735614,0.04922754880972206,0.9807490110397339,0.0041637804424174306,0.007661537732928991,0.12719711661338806,0.05496094510890544,0.9861112833023071,0.004565450493880191,0.03270092234015465,0.17651361227035522,0.05535670970566571,0.9884464144706726,0.004360781619584281,0.057821907103061676,0.11548324674367905,0.006966757401823997,role_local,0.06324060373008251,0.01735435356386006,0.00027576746666666663,0.0002697093333333333,0.0026970933333333334,256.0,1.2953799843788147,363488.0,1.9617748260498047,0.9875146150588989,0.40855157375335693,combat>support,7,0.0,-3.662109429569682e-05,-0.014786359417485073,-0.00341796875,0.0,0.001030886145599652,0.001030886145599652,0.0,-4.882812572759576e-05,0.0,-0.001953125,0.0,0.0,0.5722656105645001,0.12396278420055751,0.0030328392267620075,0.0,-0.023426260471751448,-0.023426260471751448,-0.8440597751177847,-9.765625145519152e-05,-0.017469229380367324,-0.005859375,-0.23392517530010082,0.0,0.0,0.0,0.0,0.0,-0.01594400155954645,-0.01594400155954645,-0.5997375048464164,0.0,-0.012037751632306026,-0.00390625,0.07759840700600762,0.0,0.0,0.0,0.0,0.0,-0.01680522220340208,-0.01680522220340208,-0.7269346828106791,0.0,-0.01485209723978187,-0.001953125,-0.21006058753482648,0.0,0.0,0.0,0.0,0.0,0.0030328392267620075,0.0,-0.013786150677333353,-0.019999999552965164,-0.001956462171438034,0.031242042779922485,0.1405358463525772,0.9860200881958008,0.0,1503,-0.00631771981716156,0.2841435968875885,0.08959371745586395,0.5948400497436523,1.312344765663147,0.3945091813802719,0.006718862788573854,10,-0.0012037158012390137,0.3749465346336365,0.02774194972589612,125.08000742986562,178.0,0.01735435356386006,45436.0,2906.0439591340255
0.33089914321899416,-0.0003294607100542635,0.0051392779022630146,0.06485738543560729,5444,2048,1.2781200766563416,0.24882111549377442,0.0953125,0.0071419433515984565,0.021034443262033166,0.002584948209989851,1.0,10,-0.0021961007616482673,0.37041951219240826,0.033484515186864884,0.9265300631523132,0.0033906534859402537,0.04660183563828468,0.21537742018699646,0.01853790506720543,0.987382709980011,0.0026936389838988716,0.015795130282640457,0.10909057408571243,0.010765560483559967,0.9088513255119324,0.00167859557182084,0.03535771369934082,0.2211989462375641,0.01451615272089839,role_local,0.07393271699547768,0.04083906835876405,0.0002756309333333333,0.00026953866666666663,0.002695386666666667,256.0,1.2950265526771545,365536.0,2.1905901432037354,1.0044078826904297,0.3739086985588074,combat>support,2,0.0,-3.662109429569682e-05,-0.0177002006797314,-0.00439453125,0.0,-0.0033142318474119747,-0.0033142318474119747,0.0,0.0,0.0,-0.005859375,0.0,0.0,0.4557291720993817,0.12037108917138539,0.0025451432014733655,0.0,-0.02228230093169259,-0.02228230093169259,-0.9151851718779653,0.0,-0.018376051040831953,-0.00390625,-0.35804386815289035,0.0,0.0,0.0,0.0,0.0,-0.020399499189807102,-0.020399499189807102,-0.82222113548778,-4.882812572759576e-05,-0.016444421162304934,-0.00390625,-0.3059771340340376,0.0,0.0,0.0,0.0,0.0,-0.022284035971097182,-0.022284035971097182,-0.9123336751945317,-9.765625145519152e-05,-0.018280129836057313,-0.00390625,-0.36391147767426446,0.0,0.0,0.0,0.0,0.0,0.0025451432014733655,0.0,-0.017070018333470216,-0.019999999552965164,-0.0003294607100542635,0.033190444111824036,0.19167527556419373,0.9485966563224792,0.0,1289,-0.10341072082519531,0.4654279053211212,0.1086803276091814,0.4293535351753235,1.3119330286979676,0.4129771709442139,0.007693607594536178,10,0.0015371793415397406,0.37487022082010907,0.06716198399662972,125.21076792021573,179.0,0.04083906835876405,45692.0,2919.3655311891343
0.3222483441233635,-0.0036256313731428238,0.004407984671894695,0.0510337510611862,5597,2048,1.2758532404899596,0.2448415145277977,0.14072265625,0.009402143344050273,0.03536785738542676,0.00346191861964222,1.0,10,-0.003969572903588414,0.36990564068158466,0.04061696599237621,0.9694651365280151,0.0038010986383676866,-0.012733005918562412,0.1452571153640747,0.02992231985554099,0.9767107963562012,0.003122836227461359,-0.014409362338483334,0.11410242319107056,0.03576323380693793,0.9314553737640381,0.0034750137473576748,-0.002269263379275799,0.19138966500759125,0.010411903727799654,role_local,0.07102919965982438,0.02942153518088162,0.00027549439999999996,0.000269368,0.00269368,256.0,1.2938344478607178,367584.0,2.0845859050750732,0.9969426393508911,0.40650638937950134,support>combat,3,0.0,-3.662109429569682e-05,-0.018167625263837788,-0.005859375,0.0,-0.0026473891866771737,-0.0026473891866771737,0.0,0.0,0.0,-0.00390625,0.0,0.0,0.3805338515085168,-0.04387905969997519,0.0012588610966304259,0.0,-0.02332946445676498,-0.02332946445676498,-0.86862175562419,-9.765625145519152e-05,-0.017372433365380857,-0.005859375,-0.4669674756587483,0.0,0.0,0.0,0.0,0.0,-0.02397360739269061,-0.02397360739269061,-0.9057092047296464,0.0,-0.01811423254548572,-0.005859375,-0.5177524530445226,0.0,0.0,0.0,0.0,0.0,-0.02687753779173363,-0.02687753779173363,-0.9494792476762086,-4.882812572759576e-05,-0.019016209880646784,-0.0078125,-0.4764212199370377,0.0,0.0,0.0,0.0,0.0,0.0012588610966304259,0.0,-0.01920700117989327,-0.019999999552965164,-0.0036256313731428238,-0.009630830027163029,0.1545221358537674,0.9614607095718384,0.0,1378,-0.11271710693836212,0.3865673840045929,0.06669964473694563,0.5622835159301758,1.311815655231476,0.3996551737189293,0.005354050724147169,10,-0.003281689842697233,0.374958614508311,0.04843116663396359,125.36593564287575,180.0,0.02942153518088162,45948.0,2932.0883549030405
0.3097286120057106,-0.0024517241632565855,0.00518932274101625,0.06732828938402236,5425,2048,1.270956802368164,0.2691530466079712,0.15517578125,0.011469506987486966,0.04609918361529708,0.004280025685459409,1.0,10,-0.0016228936146944761,0.36924975117047626,0.050585180148482324,0.9354578852653503,0.004713467428226137,0.029607074335217476,0.16532979905605316,0.0477357966825366,0.9473690986633301,0.004205913325907402,0.029519205912947655,0.2460079789161682,0.03868601252324879,0.9382298588752747,0.0038253113756074875,0.04585703834891319,0.298878014087677,0.023099674098193645,role_local,0.07350489571690559,0.03265600809827447,0.00027535786666666665,0.0002691973333333333,0.0026919733333333334,256.0,1.2915541350841522,369632.0,2.060849905014038,1.007258653640747,0.3802734911441803,support>combat,5,0.0,0.0,-0.01762526545038175,-0.0048828125,0.0,-0.0017667983083811123,-0.0017667983083811123,0.0,0.0,0.0,-0.00390625,0.0,0.0,0.42513019271427765,0.07315514980291482,0.002139451781204116,0.0,-0.023386830122035462,-0.023386830122035462,-0.9740291200578213,0.0,-0.019480580231174827,-0.00390625,-0.27140570466872305,0.0,0.0,0.0,0.0,0.0,-0.02558294706977904,-0.02558294706977904,-0.8885094441939145,0.0,-0.017770447386283195,-0.0078125,-0.2014247149345465,0.0,0.0,0.0,0.0,0.0,-0.01953101859544404,-0.01953101859544404,-0.7777296651620418,0.0,-0.015624768733687233,-0.00390625,-0.17268165499262977,0.0,0.0,0.0,0.0,0.0,0.002139451781204116,0.0,-0.017566899812663905,-0.019999999552965164,-0.0024517241632565855,0.034382130950689316,0.23848846554756165,0.9436408877372742,0.0,1622,-0.056067027151584625,0.3266095519065857,0.08855739515274763,0.6562378406524658,1.3121514678001405,0.35030417740345,0.00609861979657309,10,-0.003280554711818695,0.3748733500639598,0.042212342098355296,125.50964096268562,181.0,0.03265600809827447,46204.0,2945.0486605239566
0.3058240614831448,-0.0012375668899039737,0.004487430454717134,0.052164988534059376,5511,2048,1.266290581226349,0.24006847590208052,0.14697265625,0.010992042909492739,0.04439251958392561,0.004054743277731016,1.0,10,-0.0009069418127182871,0.3688969810803731,0.05409063505940139,0.8661799430847168,0.00453130257577754,0.03368168696761131,0.1822417974472046,0.04274781802669168,0.9829619526863098,0.0038794669323395483,0.05402613803744316,0.10555519163608551,0.03468486960045993,0.9753482937812805,0.003675560116109561,0.029928408563137054,0.16508957743644714,0.010455312486737967,role_local,0.07104747854173184,0.028156757494434713,0.0002752213333333333,0.00026902666666666665,0.0026902666666666665,256.0,1.2886533260345459,371680.0,2.329740047454834,1.0027282238006592,0.389217734336853,support>combat,5,0.0,-2.441406286379788e-05,-0.01790818183750768,-0.0029296875,0.0,-0.0021040408264525468,-0.0021040408264525468,0.0,0.0,0.0,-0.00390625,0.0,0.0,0.5691731611732394,-0.07908059852343285,0.0018022091389866546,0.0,-0.023615157457243185,-0.023615157457243185,-0.9798969763796777,-4.882812572759576e-05,-0.019660079444292933,-0.00390625,-0.3930619979801122,0.0,0.0,0.0,0.0,0.0,-0.01736198743310524,-0.01736198743310524,-0.8680899790488183,0.0,-0.01736198743310524,0.0,-0.31498922052196576,0.0,0.0,0.0,0.0,0.0,-0.020657556655351073,-0.020657556655351073,-0.8349054660648108,-4.882812572759576e-05,-0.016702478635124862,-0.00390625,-0.23882477830920834,0.0,0.0,0.0,0.0,0.0,0.0018022091389866546,0.0,-0.015934687020489946,-0.019999999552965164,-0.0012375668899039737,0.0390787236392498,0.15604045987129211,0.9665699601173401,0.0,1575,-0.06288488209247589,0.3512985110282898,0.05993745748419314,0.6034327745437622,1.311016070842743,0.371579647064209,0.004920117631703252,10,-0.0015681919670896606,0.37481924891471863,0.04585820250213146,125.6336596026561,182.0,0.028156757494434713,46460.0,2958.4428343130276
0.32143917456269266,-0.0027207854378502815,0.002536449370691113,0.025050341349560766,5533,2048,1.264725661277771,0.243790639936924,0.08056640625,0.006058302363089752,0.020139088411815463,0.0022047119578405216,1.0,10,-0.0028995648375712336,0.36878901720046997,0.01187484092079103,0.9298816919326782,0.0017636191360821062,0.03463028743863106,0.22501178085803986,0.014207061962224543,0.9053143262863159,0.0018170088592300627,0.03910170495510101,0.16163405776023865,0.03529556014109403,0.9610664248466492,0.0030959430880542317,0.018179824575781822,0.18877559900283813,0.01567584052681923,role_local,0.07266139090061188,0.01810670206323266,0.0002750848,0.000268856,0.00268856,256.0,1.2879856050014495,373728.0,2.285383462905884,0.9964637756347656,0.4194028079509735,support>combat,5,0.0,-8.544922002329258e-05,-0.017959447778897204,-0.0029296875,0.0,-0.0021990841712522524,-0.0021990841712522524,0.0,-0.00014648437718278728,0.0,-0.001953125,0.0,0.0,0.21940103371161968,-0.1628465026151389,-9.947478633876017e-05,0.0,-0.019187954669177998,-0.019187954669177998,-0.8526910278014839,-9.765625145519152e-05,-0.01713717349775834,-0.001953125,-0.5016214915958699,0.0,0.0,0.0,0.0,0.0,-0.02364099033002276,-0.02364099033002276,-0.9793062023818493,-4.882812572759576e-05,-0.019685912324348465,-0.00390625,-0.5124932328471914,0.0,0.0,0.0,0.0,0.0,-0.021010335538449,-0.021010335538449,-0.831566632958129,-4.882812572759576e-05,-0.01705525751458481,-0.00390625,-0.4157690297579393,0.0,0.0,0.0,0.0,0.0,-9.947478633876017e-05,0.0,-0.01650959242033423,-0.019999999552965164,-0.0027207854378502815,0.031069142743945122,0.19232560694217682,0.9410172700881958,0.0,1427,-0.06799445301294327,0.23774279654026031,0.02996159428730607,0.8152220249176025,1.3112455487251282,0.3990877091884613,0.002868186783541704,10,-0.00254200603812933,0.3749206562836965,0.02053756359964609,125.7731581294559,183.0,0.01810670206323266,46716.0,2971.444826211082
0.36718897297978403,-0.0010369572904892267,0.0033881535071394187,0.04028119657014031,5454,2048,1.262954092025757,0.307541586458683,0.13994140625,0.009725699032424017,0.04038933655829169,0.0036731432511435957,1.0,10,0.0015449656173586845,0.3683989147345225,0.04532487671822309,0.9648774862289429,0.003921949935235103,0.004933700431138277,0.18861261010169983,0.043051635124720634,0.8889339566230774,0.0039004485590136027,-0.0009074715781025589,0.13804097473621368,0.033099001832306386,0.9623414278030396,0.003202461883976915,0.025751793757081032,0.15340682864189148,0.010577448923140765,role_local,0.07796814739704132,0.024941638158634306,0.0002749482666666666,0.00026868533333333333,0.0026868533333333335,256.0,1.2876293003559112,375776.0,1.754828929901123,0.997413694858551,0.48496919870376587,support>combat,4,0.0,-4.882812572759576e-05,-0.017735430842246085,-0.00244140625,0.0,-0.0055842218594079895,-0.0055842218594079895,0.0,0.0,0.0,-0.00390625,0.0,0.0,-0.030436197645030916,-0.2593711251101922,-0.001677971458320826,0.0,-0.01946272744680755,-0.01946272744680755,-0.7753825397230685,-4.882812572759576e-05,-0.015507649426581338,-0.00390625,-0.5505674336454831,0.0,0.0,0.0,0.0,0.0,-0.01999364203948062,-0.01999364203948062,-0.9947994025424123,-9.765625145519152e-05,-0.01989598578074947,0.0,-0.777158881071955,0.0,0.0,0.0,0.0,0.0,-0.019804610397841316,-0.019804610397841316,-0.8901329580694437,-4.882812572759576e-05,-0.017802657319407444,-0.001953125,-0.6868501639692113,0.0,0.0,0.0,0.0,0.0,-0.001677971458320826,0.0,-0.016211301655857824,-0.019999999552965164,-0.0010369572904892267,0.009711150079965591,0.15969905257225037,0.9568098783493042,0.0,1403,-0.12752296030521393,0.3385981619358063,0.04017305658198893,0.6537411212921143,1.3123045086860656,0.426836359500885,0.0031031637631352416,10,-0.0036188801983371376,0.37508583068847656,0.03930582739412784,125.9212727650886,184.0,0.024941638158634306,46972.0,2984.2138008009642
0.3167983673512936,-0.002463439533312339,0.003851934180121401,0.04410175820812583,5801,2048,1.2595414400100708,0.24743274301290513,0.16640625,0.01135668825590983,0.04506877297535539,0.00410478752764965,1.0,10,-0.001999332374543883,0.36803364753723145,0.05314811733551324,0.9357272982597351,0.004464569861185619,-0.0009420563583262265,0.1891055852174759,0.05072262107860297,0.8883010149002075,0.004450912103258575,0.04155564308166504,0.18428045511245728,0.030521508306264877,0.9380697011947632,0.003353754492532335,0.01486889086663723,0.20842696726322174,0.01742105036973953,role_local,0.04153368007391691,0.011502733966335655,0.0002748117333333333,0.00026851466666666667,0.0026851466666666665,256.0,1.2867466151714324,377824.0,2.0203933715820312,1.0011787414550781,0.49533164501190186,support>combat,4,0.0,-2.441406286379788e-05,-0.018846323659090558,-0.00390625,0.0,0.0039021231832521153,0.0039021231832521153,0.0,0.0,0.0,0.0,0.0,0.0,0.5244140625,0.3007444843824487,0.0039021231832521153,0.0,-0.02459960474880063,-0.02459960474880063,-0.9324282892048359,-4.882812572759576e-05,-0.01869140178678208,-0.005859375,-0.06347224685305264,0.0,0.0,0.0,0.0,0.0,-0.023680069934925996,-0.023680069934925996,-0.9886598330922425,0.0,-0.019773820051341318,-0.00390625,-0.1723066177146393,0.0,0.0,0.0,0.0,0.0,-0.023981952093890868,-0.023981952093890868,-0.9036768446676433,-4.882812572759576e-05,-0.018073749139148276,-0.005859375,-0.15972720174249844,0.0,0.0,0.0,0.0,0.0,0.0039021231832521153,0.0,-0.017089877379476093,-0.019999999552965164,-0.002463439533312339,0.018960775807499886,0.19468191266059875,0.9276117086410522,0.0,1454,0.025791162624955177,0.12627334892749786,0.043134743440896274,0.8913220167160034,1.3139517903327942,0.386163991689682,0.0035990808325931517,10,-0.002927546692080796,0.37531766295433044,0.005584417562931776,126.02912838896525,185.0,0.011502733966335655,47228.0,2997.910124665126
0.27773755714297294,-0.001156664383597672,0.0036863431761584103,0.040367360663367435,5155,2048,1.257714080810547,0.24494573920965196,0.122265625,0.008501801639795303,0.03176995026879013,0.003350267678288987,1.0,10,-0.0024598524905741215,0.3679784635702769,0.02305872122524306,0.9612258076667786,0.0029984318563572865,-0.015469681471586227,0.23821379244327545,0.03784951508278027,0.9062525033950806,0.0035071335774441437,0.020700931549072266,0.25385862588882446,0.03296960201114416,0.9425039887428284,0.0034937673102664046,0.018564622849225998,0.23585525155067444,0.023653228767216206,role_local,0.052133825793862346,0.03205956863239408,0.00027467519999999995,0.000268344,0.00268344,256.0,1.2865238070487977,379872.0,1.9209234714508057,1.0021862983703613,0.44401872158050537,combat>support,6,0.0,-4.882812572759576e-05,-0.016735990061230648,-0.00732421875,0.0,-0.0013030844835384414,-0.0013030844835384414,0.0,-4.882812572759576e-05,0.0,-0.00390625,0.0,0.0,0.5953776199603453,0.04508053511381149,0.002651993646736628,0.0,-0.024862828409823123,-0.024862828409823123,-0.746532638091594,-4.882812572759576e-05,-0.01504837552056415,-0.009765625,-0.2231746920151636,0.0,0.0,0.0,0.0,0.0,-0.026146995864110067,-0.026146995864110067,-0.9051937656477094,-9.765625145519152e-05,-0.018236839823657647,-0.0078125,-0.2907177037676618,0.0,0.0,0.0,0.0,0.0,-0.02473525464301929,-0.02473525464301929,-0.8461344956886023,0.0,-0.016922754839470144,-0.0078125,-0.3327004711609334,0.0,0.0,0.0,0.0,0.0,0.002651993646736628,0.0,-0.019262042009358993,-0.019999999552965164,-0.001156664383597672,0.009133417159318924,0.2437719702720642,0.9424123764038086,0.0,1446,-0.03976324200630188,0.34571290016174316,0.04896477105794474,0.6975892782211304,1.3153335332870484,0.31052937507629397,0.004022418674027833,10,0.0001465237233787775,0.3753632406393687,0.040465908497571944,126.14836988397458,186.0,0.03205956863239408,47484.0,3011.311207187129
0.44893240481615065,-0.0032225646544247867,0.004694138441770834,0.05871374075068161,4991,2048,1.2573132753372191,0.4268381267786026,0.16064453125,0.012040868395706639,0.06252335654571653,0.005093412088195959,1.0,10,-0.0035587627673521636,0.36794039607048035,0.05497644282877445,0.9670325517654419,0.00454198201768719,-0.0006525502540171146,0.1371111124753952,0.05284098759293556,0.977215051651001,0.004630218351629379,0.01125513669103384,0.164357990026474,0.08556093224324286,0.9808335304260254,0.006460674764650359,-0.05067608132958412,0.2116725593805313,0.01154025848954916,role_local,0.062059537321329114,0.032252629194408654,0.00027453866666666665,0.0002681733333333333,0.0026817333333333335,256.0,1.2859626054763793,381920.0,2.121887445449829,0.9957225322723389,0.47974395751953125,combat>support,8,0.0,0.0,-0.016200752531100687,-0.005859375,0.0,-0.0021473085609358122,-0.0021473085609358122,0.0,0.0,0.0,-0.00390625,0.0,0.0,0.5400390625,-0.06686914659803733,0.001758941380060719,0.0,-0.022283974300080445,-0.022283974300080445,-0.9188863185700029,0.0,-0.01837772440921981,-0.00390625,-0.380819454905577,0.0,0.0,0.0,0.0,0.0,-0.022892254644830246,-0.022892254644830246,-0.8516395250335336,0.0,-0.017032879797625355,-0.005859375,-0.1650334784644656,0.0,0.0,0.0,0.0,0.0,-0.02295727818273008,-0.02295727818273008,-0.6595703428611159,0.0,-0.013191653386456892,-0.009765625,0.10418398355250247,0.0,0.0,0.0,0.0,0.0,0.001758941380060719,0.0,-0.017570205756783253,-0.019999999552965164,-0.0032225646544247867,-0.010065805166959763,0.17142844200134277,0.9775913953781128,0.0,1620,-0.062037862837314606,0.38093218207359314,0.05490412495564669,0.36416345834732056,1.3146119356155395,0.47102668285369875,0.00429486479534571,10,-0.0028863665414974094,0.3750850359598796,0.05296499989926815,126.28567820352376,187.0,0.032252629194408654,47740.0,3024.254257751163
0.4093791350722313,-0.0066362289362587035,0.008312833048794446,0.11530986009165645,4340,2048,1.2577723026275636,0.3338019073009491,0.153515625,0.011435276988777332,0.07220046166330576,0.0054544672083802715,1.0,10,-0.00402853152481839,0.3681011100610097,0.056025958294048904,0.8912258744239807,0.004401985880848188,0.032053399831056595,0.20723295211791992,0.07494541946798564,0.9804847240447998,0.005614797156328758,0.010343114845454693,0.18597927689552307,0.09958824627101422,0.9862178564071655,0.00726479643805409,-0.015210887417197227,0.1872406005859375,0.013738808315247297,role_local,0.05943039953708649,0.0174467948731035,0.0002744021333333333,0.00026800266666666663,0.0026800266666666666,256.0,1.2852183818817138,383968.0,2.3144211769104004,0.9921002984046936,0.35205498337745667,combat>support,9,0.0,-2.441406286379788e-05,-0.014088912741499371,-0.00439453125,0.0,-0.00176967577999676,-0.00176967577999676,0.0,-9.765625145519152e-05,0.0,-0.001953125,0.0,0.0,0.38867188000585884,-0.21226366821792908,0.00028110551511417725,0.0,-0.022860189579660073,-0.022860189579660073,-0.9476834861561656,0.0,-0.018953939696075395,-0.00390625,-0.5249605809804052,0.0,0.0,0.0,0.0,0.0,-0.01935825611872133,-0.01935825611872133,-0.674941987497732,0.0,-0.013498881118721329,-0.005859375,-0.17798288357880665,0.0,0.0,0.0,0.0,0.0,-0.01567329231875192,-0.01567329231875192,-0.4906958817737177,0.0,-0.00981391740970139,-0.005859375,-0.02131004283319271,0.0,0.0,0.0,0.0,0.0,0.00028110551511417725,0.0,-0.014915354382537771,-0.019999999552965164,-0.0066362289362587035,0.014127597212791443,0.19694535434246063,0.9754774570465088,0.0,1389,-0.05573998764157295,0.25150641798973083,0.15841925852000713,0.8169823288917542,1.3126644611358642,0.4849563628435135,0.011171198889208622,10,-0.009243926347699017,0.37502651413281757,0.021154781430959703,126.42875668500234,188.0,0.0174467948731035,47996.0,3037.030578072183
0.3994160398840904,-0.001908535452093929,0.0054623107599731545,0.07158266669139265,4347,2048,1.2593344926834107,0.3660225808620453,0.18505859375,0.012444705434609205,0.07710712882690132,0.005861739173203939,1.0,10,-0.00016435086727142333,0.36826232075691223,0.10272921733558178,0.9588524699211121,0.007190534000514148,0.019618192687630653,0.1638069897890091,0.07482227748259902,0.9748499989509583,0.005642364135853603,-0.009207149967551231,0.1784895956516266,0.039424108294770124,0.9893150329589844,0.0040354436096831665,-0.026336295530200005,0.14060638844966888,0.009302908461540938,role_local,0.08606205768883228,0.027314726961776614,0.0002742656,0.00026783199999999997,0.00267832,256.0,1.285794973373413,386016.0,2.0770044326782227,1.007003664970398,0.48841580748558044,support>combat,10,0.0,-6.10351571594947e-05,-0.014136775714481095,-0.0029296875,0.0,-0.006119458024841151,-0.006119458024841151,0.0,0.0,0.0,-0.00390625,0.0,0.0,0.01399739523185417,-0.37819959269836545,-0.0022132078984213877,0.0,-0.019491683851811104,-0.019491683851811104,-0.8744866277556866,-4.882812572759576e-05,-0.01748973078065319,-0.001953125,-0.5823169747600332,0.0,0.0,0.0,0.0,0.0,-0.01784141277312301,-0.01784141277312301,-0.6918753811623901,-9.765625145519152e-05,-0.013837506616255268,-0.00390625,-0.3746602199971676,0.0,0.0,0.0,0.0,0.0,-0.01313387095433427,-0.01313387095433427,-0.5541510757757351,-9.765625145519152e-05,-0.011083089746534824,-0.001953125,-0.24731191799219232,0.0,0.0,0.0,0.0,0.0,-0.0022132078984213877,0.0,-0.014146607194561511,-0.019999999552965164,-0.001908535452093929,-0.0018005946185439825,0.16429242491722107,0.9786107540130615,0.0,1406,-0.1260923445224762,0.3504743278026581,0.066058204555884,0.7222092151641846,1.3122554540634155,0.43280949890613557,0.00506288234674237,10,-0.0036527200369164347,0.3749401867389679,0.04532654546201229,126.58820362145289,189.0,0.027314726961776614,48252.0,3049.38366259099
0.4237168483436108,-0.007795920688658952,0.004866259074918495,0.06226192769536283,4329,2048,1.2605411767959596,0.26651503294706347,0.106640625,0.007648118532961235,0.040872619074070825,0.003817892118462063,1.0,10,-0.0021843156777322293,0.3684710959593455,0.05759440353140235,0.9632152318954468,0.004833594536646046,0.00720525486394763,0.15219135582447052,0.03277512673521414,0.9783127903938293,0.0033470521748387772,-0.045395106077194214,0.1806536316871643,0.02542892621131614,0.988714873790741,0.002859401901462122,-0.021852120757102966,0.1304015964269638,0.008491287846118212,role_local,0.04872663915157318,0.014275116613134742,0.0002741290666666666,0.0002676613333333333,0.0026766133333333336,256.0,1.286123913526535,388064.0,2.1732611656188965,0.9961594939231873,0.333789199590683,combat>support,10,0.0,-6.10351571594947e-05,-0.014070628816019356,-0.001953125,0.0,-0.0029208266566911334,-0.0029208266566911334,0.0,0.0,0.0,-0.001953125,0.0,0.0,-0.0283203125,-0.1424033711082302,-0.0009677014129465533,0.0,-0.017646158128627576,-0.017646158128627576,-0.8749837770592421,-0.00014648437718278728,-0.017499673755082767,0.0,-0.6250618428457528,0.0,0.0,0.0,0.0,0.0,-0.016128928346006433,-0.016128928346006433,-0.6086925477720797,-4.882812572759576e-05,-0.01217385030395235,-0.00390625,-0.3632311885012314,0.0,0.0,0.0,0.0,0.0,-0.014540315474732779,-0.014540315474732779,-0.6269116033799946,-4.882812572759576e-05,-0.01253836238902295,-0.001953125,-0.38243143318686634,0.0,0.0,0.0,0.0,0.0,-0.0009677014129465533,0.0,-0.01280905848761904,-0.019999999552965164,-0.007795920688658952,-0.016632670536637306,0.15670621395111084,0.9797664880752563,0.0,1045,-0.05723356455564499,0.2831624746322632,0.08365123631665483,0.803048849105835,1.3117066502571106,0.5809186637401581,0.005914626031374928,10,-0.013407525699585676,0.3749713997046153,0.020058945380151273,126.74755053434623,190.0,0.014275116613134742,48508.0,3061.7080832251813
0.389604939520359,-0.0026146559743210674,0.006609415256802242,0.08989294234488625,4911,2048,1.2619362354278565,0.29452183544635774,0.1953125,0.015412313246633858,0.08197673443355598,0.006192111764712405,1.0,10,-0.002572926413267851,0.36847638090451557,0.08408433198928833,0.5382710695266724,0.006200484432270881,0.05400375649333,0.22307942807674408,0.07506094141863287,0.9639879465103149,0.005934447954120392,0.06263258308172226,0.2214941382408142,0.08510473780333996,0.9533864855766296,0.006397789138182941,0.0580514557659626,0.21431060135364532,0.018133077677339314,role_local,0.09229462537914515,0.02352159470319748,0.0002739925333333333,0.00026749066666666664,0.0026749066666666666,256.0,1.2867313265800475,390112.0,2.793964147567749,1.0069957971572876,0.3028612732887268,support>combat,6,0.0,-6.10351571594947e-05,-0.015979266968012478,-0.00048828125,0.0,-0.0026697220965274937,-0.0026697220965274937,0.0,0.0,0.0,-0.001953125,0.0,0.0,0.28906249947613105,-0.3121411551546771,-0.000716596905078859,0.0,-0.01996077885996783,-0.01996077885996783,-0.9834332030732185,-0.00014648437718278728,-0.019814294471871108,0.0,-0.6655711571220309,0.0,0.0,0.0,0.0,0.0,-0.012850217015511589,-0.012850217015511589,-0.6388738995883614,-4.882812572759576e-05,-0.012801388893421972,0.0,-0.38147955847671255,0.0,0.0,0.0,0.0,0.0,-0.015370945660833968,-0.015370945660833968,-0.765993322012946,-4.882812572759576e-05,-0.015322117538744351,0.0,-0.45199734228663146,0.0,0.0,0.0,0.0,0.0,-0.000716596905078859,0.0,-0.012712917785393074,-0.019999999552965164,-0.0026146559743210674,0.05760393291711807,0.2199154794216156,0.9425758719444275,0.0,1253,-0.04889220371842384,0.321906179189682,0.09780915025621653,0.6703965067863464,1.3115264177322388,0.48468804359436035,0.00702671874889208,10,-0.002656385535374284,0.37481939792633057,0.028910111729055644,126.90679156214713,191.0,0.02352159470319748,48764.0,3074.004119070014
0.40434973910450933,-0.006370543851517141,0.003419010668182075,0.036250684222613926,5377,2048,1.2613234877586366,0.2638671979308128,0.13720703125,0.00965145812369883,0.041162189558963294,0.003780186567077132,1.0,10,-0.001895721722394228,0.36841514706611633,0.05226279717171565,0.8891503810882568,0.004388358567563438,0.006088748574256897,0.22626063227653503,0.04820548091083765,0.9583421945571899,0.004062132792154516,-0.014925012364983559,0.1986805647611618,0.023160288901999594,0.9472776055335999,0.0028890792375971365,-0.024403762072324753,0.18925264477729797,0.018273040652275085,role_local,0.08174890466034412,0.031500610522925854,0.00027385599999999995,0.00026732,0.0026732,256.0,1.2861724019050598,392160.0,2.2600865364074707,1.0013017654418945,0.27018430829048157,combat>support,6,0.0,-7.324218859139364e-05,-0.017480838173166074,-0.00390625,0.0,-0.0031424156403545567,-0.0031424156403545567,0.0,-4.882812572759576e-05,0.0,-0.00390625,0.0,0.0,0.2291666683740914,-0.01733401559476988,0.0008126625974682611,0.0,-0.020525671112409327,-0.020525671112409327,-0.9211078379303217,-4.882812572759576e-05,-0.018523718041251414,-0.001953125,-0.5525131453759968,0.0,0.0,0.0,0.0,0.0,-0.020160059815680142,-0.020160059815680142,-0.8070705127902329,-9.765625145519152e-05,-0.0161561536588124,-0.00390625,-0.4015794138540514,0.0,0.0,0.0,0.0,0.0,-0.02371967391081853,-0.02371967391081853,-0.8833197858184576,-9.765625145519152e-05,-0.017762642819434404,-0.005859375,-0.4505061262752861,0.0,0.0,0.0,0.0,0.0,0.0008126625974682611,0.0,-0.016886956822418142,-0.019999999552965164,-0.006370543851517141,-0.010719352401793003,0.2062528431415558,0.9387081265449524,0.0,1026,-0.0711430162191391,0.4237005114555359,0.031339178886264564,0.7150039672851562,1.3110213160514832,0.5448322802782058,0.0030578347692870184,10,-0.010845365980640054,0.37502607703208923,0.04472818039357662,127.05028036620736,192.0,0.031500610522925854,49020.0,3086.6519843139686
0.3180010452866554,-0.0031653768994146956,0.004851792162156742,0.06227797060273588,5133,2048,1.261156404018402,0.26801503002643584,0.14658203125,0.010950589179992675,0.05137678747996688,0.004283944360944902,1.0,10,-0.0019633284362498673,0.36840962370236713,0.0574652838986367,0.9506941437721252,0.004868444914141334,-0.014118585735559464,0.21100859344005585,0.05341385642532259,0.9627436995506287,0.004398383361306812,-0.01848415657877922,0.26115602254867554,0.043754433677531776,0.9457672834396362,0.0036191477593730953,-0.0022731716744601727,0.18658863008022308,0.018591454438865184,role_local,0.04165633823722601,0.015114589757286013,0.00027371946666666664,0.0002671493333333333,0.002671493333333333,256.0,1.2874576032161713,394208.0,2.4154727458953857,1.0031356811523438,0.43659132719039917,combat>support,6,0.0,-3.662109429569682e-05,-0.016661394394759554,-0.00537109375,0.0,-0.0005307136899546094,-0.0005307136899546094,0.0,0.0,0.0,-0.001953125,0.0,0.0,0.48763020837213844,-0.08801825140835717,0.001422411348926289,0.0,-0.025203509561833926,-0.025203509561833926,-0.8670814903452992,-4.882812572759576e-05,-0.01734218161436729,-0.0078125,-0.19371618988225237,0.0,0.0,0.0,0.0,0.0,-0.022624088618613314,-0.022624088618613314,-0.7405511778779328,0.0,-0.014811588800512254,-0.0078125,-0.039507285531726666,0.0,0.0,0.0,0.0,0.0,-0.02183431889716303,-0.02183431889716303,-0.8865459868684411,-9.765625145519152e-05,-0.017830412769399118,-0.00390625,-0.2033524444559589,0.0,0.0,0.0,0.0,0.0,0.001422411348926289,0.0,-0.017548159099533223,-0.019999999552965164,-0.0031653768994146956,-0.011193952523171902,0.21941308677196503,0.9561435580253601,0.0,1547,0.010077429935336113,0.15292802453041077,0.07317915372550488,0.8616408109664917,1.3137588024139404,0.367987060546875,0.005419639963368581,10,-0.004367425362579525,0.3753587206204732,0.01163772507570684,127.16119226730441,193.0,0.015114589757286013,49276.0,3100.065302717034
0.3537314377725124,-0.004237897944403812,0.005800247225160346,0.07622074836399406,4741,2048,1.2618026375770568,0.2805938616394997,0.14267578125,0.010526233719429002,0.054808267205953595,0.004525641810015418,1.0,10,-0.003005077224224806,0.36867396036783856,0.04997480195015669,0.9730005860328674,0.004257469961531171,-0.005943180527538061,0.16195891797542572,0.06183526199311018,0.9778501391410828,0.004846524098608007,-0.01722467504441738,0.19654066860675812,0.05426575988531113,0.9249210953712463,0.004548124361854899,0.017462553456425667,0.2767448127269745,0.01769336676225066,role_local,0.06642568744719028,0.042029825737699866,0.00027358293333333333,0.00026697866666666666,0.0026697866666666667,256.0,1.2883597314357758,396256.0,2.32892107963562,0.9969331622123718,0.3696533441543579,combat>support,13,0.0,-6.10351571594947e-05,-0.015367947328437973,-0.00537109375,0.0,-0.004895236239917722,-0.004895236239917722,0.0,-4.882812572759576e-05,0.0,-0.005859375,0.0,0.0,0.5419921691063792,-0.19250028767783078,0.0010129670206424635,0.0,-0.02078853119019186,-0.02078853119019186,-0.8416690300218761,-4.882812572759576e-05,-0.01683345317724161,-0.00390625,-0.3581437657121569,0.0,0.0,0.0,0.0,0.0,-0.01899134372433764,-0.01899134372433764,-0.6475416291505098,-4.882812572759576e-05,-0.013083140725939302,-0.005859375,-0.16045447377837263,0.0,0.0,0.0,0.0,0.0,-0.022144279195345007,-0.022144279195345007,-0.8028166989097372,-9.765625145519152e-05,-0.01618724808213301,-0.005859375,-0.31353206103813136,0.0,0.0,0.0,0.0,0.0,0.0010129670206424635,0.0,-0.01670484838905395,-0.019999999552965164,-0.004237897944403812,-0.0009113578125834465,0.21833644807338715,0.9618867635726929,0.0,1465,-0.10270688682794571,0.4288085699081421,0.09763322952203453,0.5790253281593323,1.3149168252944947,0.42686901390552523,0.007074852640305274,10,-0.005470718664582819,0.3752853771050771,0.06636628471314907,127.28543922862609,194.0,0.042029825737699866,49532.0,3113.129061748041
0.3264829829335213,-0.004715569339168724,0.0029013879364401724,0.030024128907825798,3819,2048,1.2641713619232178,0.26946248710155485,0.05703125,0.004843415605137125,0.023603859776630997,0.00262077346325737,1.0,10,-0.0031265520927263426,0.3688940107822418,0.027428110013715923,0.9905755519866943,0.0027927687539961664,-0.02340703085064888,0.11688203364610672,0.020085736690089107,0.9825184345245361,0.002490799132083968,-0.059200726449489594,0.18116025626659393,0.022165543283335865,0.9826470613479614,0.0025301405874896266,-0.020906314253807068,0.1742909848690033,0.008188114361837506,role_local,0.06443618386983871,0.025745038152672352,0.00027344639999999997,0.000266808,0.00266808,256.0,1.2894173622131349,398304.0,2.6380198001861572,0.9980232119560242,0.39287182688713074,combat>support,8,0.0,-4.882812572759576e-05,-0.0123989713138144,-0.0048828125,0.0,-0.0034095162444600646,-0.0034095162444600646,0.0,-4.882812572759576e-05,0.0,-0.00390625,0.0,0.0,0.26676431205123663,-0.08691592364630196,0.0005455617725829143,0.0,-0.020476025336392922,-0.020476025336392922,-0.718371459748596,-4.882812572759576e-05,-0.014567822345270542,-0.005859375,-0.3366094318043906,0.0,0.0,0.0,0.0,0.0,-0.01694637852051528,-0.01694637852051528,-0.5413206571247429,-4.882812572759576e-05,-0.011038175498470082,-0.005859375,-0.15126290555417654,0.0,0.0,0.0,0.0,0.0,-0.015545994156127563,-0.015545994156127563,-0.5530691754538566,-4.882812572759576e-05,-0.011590916097702575,-0.00390625,-0.14321278006536886,0.0,0.0,0.0,0.0,0.0,0.0005455617725829143,0.0,-0.01409447870173608,-0.019999999552965164,-0.004715569339168724,-0.03326628357172012,0.15762244164943695,0.9855107069015503,0.0,1097,-0.11161303520202637,0.401872456073761,0.036444398039020595,0.5440005660057068,1.3146633625030517,0.3835034787654877,0.003182002409622975,10,-0.006304586585611105,0.3754337827364604,0.043301961943507196,127.44212205749196,195.0,0.025745038152672352,49788.0,3125.371686924016
0.4543503254652023,0.0015613688467965403,0.005319089451238912,0.06827799753518775,3715,1696,1.2649584889411927,0.34348194748163224,0.15356677994132042,0.011098382162163033,0.06616709288209677,0.005285315746083044,1.0,10,0.0018068639952616649,0.3687989016373952,0.07573519051074981,0.9487204551696777,0.006024604631141228,-0.039753999561071396,0.3037712574005127,0.059712333418428895,0.9814949631690979,0.00498041806329626,-0.028223391622304916,0.21186399459838867,0.062074454687535766,0.9804719686508179,0.004844115652005476,0.011460820212960243,0.12503847479820251,0.017427663039416074,role_local,0.0589725648984313,0.029418020369485022,0.00027333333333333333,0.0002666666666666666,0.0026666666666666666,212.0,1.29072647690773,400000.0,2.1239542961120605,0.999120831489563,0.4539690911769867,support>combat,11,0.0,-7.3702831286937e-05,-0.014567428572343532,-0.005306603773584905,0.0,-0.0021482245710498283,-0.0021482245710498283,0.0,0.0,0.0,-0.0047169811320754715,0.0,0.0,0.5084512573930452,0.0891585922009259,0.002568756598366407,0.0,-0.026884036760267644,-0.026884036760267644,-0.7386915506619327,-0.0001179245300590992,-0.014973659503256093,-0.01179245283018868,-0.29485048462619196,0.0,0.0,0.0,0.0,0.0,-0.016315343258199545,-0.016315343258199545,-0.570385346997459,-5.89622650295496e-05,-0.011539399942365598,-0.0047169811320754715,-0.11915636364862604,0.0,0.0,0.0,0.0,0.0,-0.01730715081025407,-0.01730715081025407,-0.8420937221567586,-0.0001179245300590992,-0.017189226271408908,0.0,-0.2914358858932864,0.0,0.0,0.0,0.0,0.0,0.002568756598366407,0.0,-0.01566368997325453,-0.019999999552965164,0.0015613688467965403,-0.016595467925071716,0.22403521835803986,0.9702132940292358,0.0,1255,-0.051005665212869644,0.34940430521965027,0.07038890218827873,0.7501704096794128,1.3164944648742676,0.5652187034487725,0.0053528631563947784,10,0.0013158736983314157,0.37563538551330566,0.041408377699553967,127.53009786475461,196.0,0.029418020369485022,50000.0,3136.514491067035
0.41570442616939546,-0.005003301857504994,0.003889199193765629,0.04629628630646039,4745,2048,1.2633609056472779,0.2844511061906815,0.0607421875,0.005156279334914871,0.01655266369343735,0.0022310355535448633,1.0,10,-0.0025055446894839406,0.36859243114789325,0.011607817211188375,0.9853741526603699,0.0018955970236879283,0.0153667526319623,0.14216165244579315,0.02024328880943358,0.9592106938362122,0.0024958714097199075,-0.024995217099785805,0.2529042065143585,0.01742798403138295,0.9128919243812561,0.002278485753134829,0.029368240386247635,0.2384335845708847,0.01728797033429146,role_local,0.061825106479227544,0.04229514263570309,0.00027319679999999997,0.00026649599999999996,0.00266496,256.0,1.2904050946235657,402048.0,2.1243069171905518,0.9958136677742004,0.4602372646331787,combat>support,10,0.0,-2.441406286379788e-05,-0.015387123883556342,-0.00634765625,0.0,-0.0037639867168763885,-0.0037639867168763885,0.0,0.0,0.0,-0.0078125,0.0,0.0,0.6572265625,0.23660115907841828,0.004048513228099182,0.0,-0.015906749904388562,-0.015906749904388562,-0.6976813025539741,0.0,-0.013953624955320265,-0.001953125,-0.1202937853813637,0.0,0.0,0.0,0.0,0.0,-0.022141884499433218,-0.022141884499433218,-0.7164643299765885,0.0,-0.0143293846740562,-0.0078125,0.015205534829874523,0.0,0.0,0.0,0.0,0.0,-0.02578851806174498,-0.02578851806174498,-0.8939057262614369,-9.765625145519152e-05,-0.01787836202129256,-0.0078125,-0.06571265999809839,0.0,0.0,0.0,0.0,0.0,0.004048513228099182,0.0,-0.016900286020245403,-0.019999999552965164,-0.005003301857504994,0.008203713223338127,0.2203557789325714,0.9623766541481018,0.0,1350,-0.05553017929196358,0.45009246468544006,0.07603990891948342,0.6443453431129456,1.3174492835998535,0.5469577461481094,0.005547362833986394,10,-0.007501059025526047,0.37566691637039185,0.06730231493711472,118.54968515686299,197.0,0.04229514263570309,50256.0,3391.3881717021577
0.47814354225993155,-0.0017735152185196057,0.005351779083596309,0.06518709040246903,5031,2048,1.2621438145637511,0.22807902544736863,0.07763671875,0.006068790076824371,0.02185459982138127,0.0024567240843943574,1.0,10,0.000675811170367524,0.3684928814570109,0.01987445689737797,0.9501926302909851,0.002366497324865674,0.01864851824939251,0.18432392179965973,0.022803165018558502,0.9876196384429932,0.002390842167679083,-0.017074983566999435,0.1230083703994751,0.02303021620027721,0.9506043791770935,0.0026026165285941484,-0.01692383922636509,0.18449963629245758,0.01110437735915184,role_local,0.06949591301381589,0.02913583293557167,0.00027306026666666666,0.0002663253333333333,0.0026632533333333336,256.0,1.2891241312026978,404096.0,2.298881769180298,1.0043268203735352,0.3193948566913605,support>combat,7,0.0,0.0,-0.01636418668689051,-0.0029296875,0.0,-0.0045155415605222515,-0.0045155415605222515,0.0,0.0,0.0,-0.005859375,0.0,0.0,0.25830078125,0.051771727281447966,0.001343833481769252,0.0,-0.017275072270422243,-0.017275072270422243,-0.8637537001632154,0.0,-0.017275072270422243,0.0,-0.6557523298542947,0.0,0.0,0.0,0.0,0.0,-0.01660291886946652,-0.01660291886946652,-0.7324897546786815,0.0,-0.014649793913122267,-0.001953125,-0.5179821447236463,0.0,0.0,0.0,0.0,0.0,-0.021073943775263615,-0.021073943775263615,-0.8583562411367893,0.0,-0.01716769387712702,-0.00390625,-0.6330421800957993,0.0,0.0,0.0,0.0,0.0,0.001343833481769252,0.0,-0.01486687027500011,-0.019999999552965164,-0.0017735152185196057,-0.004461013711988926,0.16929759085178375,0.9671537280082703,0.0,532,-0.15008988976478577,0.5989428162574768,0.10851958098355681,0.7434262037277222,1.3161044478416444,0.7282080590724945,0.00824683408279826,10,-0.004222841607406736,0.375125120083491,0.0471672885119915,118.72373048624331,198.0,0.02913583293557167,50512.0,3403.666632988956
0.39009685441851616,-0.0005785544752143323,0.004776024368311908,0.056234473621589134,5758,2048,1.2620349764823913,0.29584078043699263,0.0728515625,0.005899214337114244,0.0203747647406999,0.0021852671742911443,1.0,10,0.002447988837957382,0.3685871958732605,0.01509951234329492,0.9360705614089966,0.001761797670872442,-0.006558062043040991,0.10104641318321228,0.021745419455692173,0.9776260256767273,0.0023999403489109563,-0.0023409384302794933,0.11809089034795761,0.024548486247658728,0.9439896941184998,0.002425034686428737,-0.02103474922478199,0.13081321120262146,0.0052891155704855915,role_local,0.06102403104305267,0.01623181039467454,0.0002729237333333333,0.00026615466666666664,0.0026615466666666666,256.0,1.2871219098567963,406144.0,2.0354714393615723,1.0004266500473022,0.5466108918190002,support>combat,8,0.0,-2.441406286379788e-05,-0.018722523930288542,-0.00244140625,0.0,-0.0018973439574665463,-0.0018973439574665463,0.0,0.0,0.0,-0.00390625,0.0,0.0,0.388671875,0.07570311601011781,0.0020089061903263428,0.0,-0.021559916902333498,-0.021559916902333498,-0.9803397061768919,0.0,-0.01960679196054116,-0.001953125,-0.58102310099639,0.0,0.0,0.0,0.0,0.0,-0.01949144946411252,-0.01949144946411252,-0.8744717997033149,-4.882812572759576e-05,-0.017489496392954607,-0.001953125,-0.4536956956726499,0.0,0.0,0.0,0.0,0.0,-0.02107323650852777,-0.02107323650852777,-0.9535519757773727,-4.882812572759576e-05,-0.019071283437369857,-0.001953125,-0.5831575576448813,0.0,0.0,0.0,0.0,0.0,0.0020089061903263428,0.0,-0.016005488287191838,-0.019999999552965164,-0.0005785544752143323,-0.010158332996070385,0.11738237738609314,0.9614896774291992,0.0,798,-0.027827145531773567,0.3640601336956024,0.09209418250247836,0.8595700263977051,1.3122088432312011,0.4843529284000397,0.007366781562332672,10,-0.003605097788386047,0.37501029173533124,0.027174505218863488,118.86646479671245,199.0,0.01623181039467454,50768.0,3416.8089435030706
0.4216610163450241,-0.0068609713285695765,0.004083562529135545,0.04901137228589505,5848,2048,1.2626543521881104,0.24779951572418213,0.1330078125,0.009407981045660563,0.034329727804288265,0.003304941257155819,1.0,10,-0.0028985805227421226,0.36855892340342206,0.0376953125,0.65009605884552,0.003535545272825402,0.02094678394496441,0.1813063621520996,0.03437139480374753,0.9343590140342712,0.0033161459133066824,0.027542442083358765,0.19003641605377197,0.03087744116783142,0.8606610894203186,0.003059790651012062,0.003697248874232173,0.15775758028030396,0.013932299334555864,role_local,0.06209862716495991,0.012727066362276673,0.0002727872,0.000265984,0.00265984,256.0,1.287342083454132,408192.0,1.9341158866882324,1.0008264780044556,0.4504978358745575,combat>support,5,0.0,-3.662109429569682e-05,-0.019024841150288314,-0.00048828125,0.0,-0.0010755098571735289,-0.0010755098571735289,0.0,0.0,0.0,-0.001953125,0.0,0.0,0.20345051976619288,0.01063549515674822,0.0008776150719995712,0.0,-0.0199996686715167,-0.0199996686715167,-0.9996263156645,0.0,-0.0199996686715167,0.0,-0.6782127133337781,0.0,0.0,0.0,0.0,0.0,-0.017571526805113535,-0.017571526805113535,-0.8736909667495638,-9.765625145519152e-05,-0.0174738705609343,0.0,-0.5808429677272215,0.0,0.0,0.0,0.0,0.0,-0.019649812347779516,-0.019649812347779516,-0.9776010082568973,-4.882812572759576e-05,-0.01960098421841394,0.0,-0.7013288664165884,0.0,0.0,0.0,0.0,0.0,0.0008776150719995712,0.0,-0.014574130909750238,-0.019999999552965164,-0.0068609713285695765,0.017044996842741966,0.1767032891511917,0.8875740170478821,0.0,785,-0.011598003096878529,0.22446121275424957,0.06369301676750183,0.8793402910232544,1.312029814720154,0.5955225169658661,0.004862183801115272,10,-0.01082336213439703,0.37472034494082135,0.011521833389997483,119.04520608063682,200.0,0.012727066362276673,51024.0,3428.882299750112
0.3690650150179863,-0.004049677192233503,0.0062897972777271,0.0807070372859016,5860,2048,1.261687457561493,0.24239005893468857,0.20634765625,0.014987916784593835,0.06414112620986998,0.005270489310825488,1.0,10,-0.00311061036773026,0.36839621265729267,0.07178075648844243,0.8941398859024048,0.005885666985551596,0.016725806519389153,0.27156922221183777,0.06443378333933651,0.14482390880584717,0.005266443983418867,0.08452319353818893,0.6354937553405762,0.0572265625,0.22482681274414062,0.004741120256949216,0.07600913196802139,0.6201797723770142,0.13126651272177697,role_local,0.11050563529133797,0.08063438571989537,0.00027265066666666663,0.0002658133333333333,0.002658133333333333,256.0,1.285496711730957,410240.0,2.373136281967163,1.0011961460113525,0.420926958322525,support>combat,6,0.0,-2.441406286379788e-05,-0.018956844146790292,-0.001953125,0.001953125,-0.0037712532557634404,-0.0037712532557634404,0.0,-4.882812572759576e-05,0.0,-0.00390625,0.0,0.0,0.1539713543606922,-0.23477052769158036,-0.0007927377175747097,0.0009765625,-0.020110936013225,-0.020110936013225,-0.8416576099116355,0.0,-0.017181248673296068,-0.00390625,-0.564379044866655,0.0,0.0,0.0,0.0,0.0009765625,-0.014916537089447957,-0.014916537089447957,-0.9874288805294782,0.0,-0.019799349254753906,0.0,-0.710873129661195,0.00390625,0.0,0.0,0.0,0.0009765625,-0.015055951931572054,-0.015055951931572054,-0.9912904421798885,-4.882812572759576e-05,-0.019889934512320906,0.0,-0.7325949259102345,0.00390625,0.0,0.0,0.0,0.0009765625,-0.0007927377175747097,0.0009765625,-0.01346367048972752,-0.019999999552965164,-0.004049677192233503,0.06103486940264702,0.5460041761398315,0.4602848291397095,0.0,1118,-0.06759200245141983,0.32853254675865173,0.09727294836193323,0.8439047932624817,1.3093059659004211,0.49573997110128404,0.007309105244628711,10,-0.0049887440167367455,0.3746113081773122,0.030002258718013763,119.21313635132677,201.0,0.08063438571989537,51280.0,3441.231499782065
0.3292472407221794,-0.0007706341955781681,0.004097968593058747,0.04607350882433821,5529,2048,1.2611147880554199,0.26566663980484007,0.14921875,0.011501790140755475,0.04993672874406911,0.004382640618281195,1.0,10,-0.0027844744348840323,0.36851126948992413,0.04481500694528222,0.9223155975341797,0.004298021206621127,-0.0009603891521692276,0.24240432679653168,0.05535213663242757,0.8265193700790405,0.0044428846172873794,0.011299299076199532,0.20457997918128967,0.04863294342067093,0.9346825480461121,0.004391605302297546,0.01208422426134348,0.21430398523807526,0.02139952015131712,role_local,0.07508894763886928,0.013525632047094404,0.0002725141333333333,0.00026564266666666666,0.0026564266666666667,256.0,1.285251659154892,412288.0,2.155834436416626,1.0024617910385132,0.36415326595306396,combat>support,5,0.0,-1.220703143189894e-05,-0.017970025102840737,-0.001953125,0.0,8.04043284006184e-05,8.04043284006184e-05,0.0,-4.882812572759576e-05,0.0,0.0,0.0,0.0,0.20524087597732432,-0.11528852366609499,0.00012923245230922475,0.0,-0.018133677229343448,-0.018133677229343448,-0.8089265394955873,0.0,-0.016180552236619405,-0.001953125,-0.438498577917926,0.0,0.0,0.0,0.0,0.0,-0.021564219321589917,-0.021564219321589917,-0.9805548295844346,0.0,-0.019611094379797578,-0.001953125,-0.553529336466454,0.0,0.0,0.0,0.0,0.0,-0.022024678582965862,-0.022024678582965862,-0.9048279174603522,0.0,-0.018118428692105226,-0.00390625,-0.4398126680171117,0.0,0.0,0.0,0.0,0.0,0.00012923245230922475,0.0,-0.015410544041515095,-0.019999999552965164,-0.0007706341955781681,0.00788700021803379,0.21983355283737183,0.9166634678840637,0.0,1323,-0.014284409582614899,0.13135063648223877,0.0422102889046073,0.9110571146011353,1.309388530254364,0.3928278416395187,0.0038132965678362996,10,0.001243206043727696,0.37470216552416485,0.0056517439428716894,119.37341133003632,202.0,0.013525632047094404,51536.0,3453.7674295001198
0.37669804468750956,-0.0059268395867547955,0.0057999265447717056,0.08146501063019969,5206,2048,1.2626328945159913,0.2741115435957909,0.10634765625,0.007888341179932468,0.03689451237441972,0.0031177381397339845,1.0,10,-0.005108175100758672,0.36871610085169476,0.035078755719587205,0.9686808586120605,0.0029360058625322013,-0.04106900840997696,0.17022459208965302,0.047249993146397176,0.8705075979232788,0.003722210293329842,-0.023093970492482185,0.2838049829006195,0.027261243062093855,0.9488438367843628,0.0026288620928147655,-0.060438372194767,0.22814665734767914,0.021821907721459866,role_local,0.11379655227065086,0.039114068169146775,0.00027237759999999996,0.000265472,0.00265472,256.0,1.286534196138382,414336.0,2.154496192932129,0.988662600517273,0.22707319259643555,support>combat,7,0.0,-1.220703143189894e-05,-0.016910309410983853,-0.00634765625,0.0,-0.0065448724130874325,-0.0065448724130874325,0.0,0.0,0.0,-0.0078125,0.0,0.0,0.29329425911419094,0.015741739989607595,0.0012676275705416629,0.0,-0.01970672333118273,-0.01970672333118273,-0.7900237431749701,0.0,-0.015800473433046136,-0.00390625,-0.45062163079273887,0.0,0.0,0.0,0.0,0.0,-0.02413997775875032,-0.02413997775875032,-0.9100667047314346,-4.882812572759576e-05,-0.018231774789455812,-0.005859375,-0.48705699198762886,0.0,0.0,0.0,0.0,0.0,-0.02451117985037854,-0.02451117985037854,-0.83332628919743,0.0,-0.016698680010449607,-0.0078125,-0.4722732857990195,0.0,0.0,0.0,0.0,0.0,0.0012676275705416629,0.0,-0.01872568960970966,-0.019999999552965164,-0.0059268395867547955,-0.0409897081553936,0.23526787757873535,0.936524510383606,0.0,1346,-0.1119750589132309,0.4207500219345093,0.12603550888597964,0.7765055298805237,1.3104354977607726,0.4792845457792282,0.008482114949809428,10,-0.006745504072750918,0.37491945425669354,0.056406228616833684,119.51834749491982,203.0,0.039114068169146775,51792.0,3466.7145980880596
0.29253906607627866,-0.0051969535910757255,0.002235426088309401,0.01800639804569073,4675,2048,1.2639142155647278,0.227420774102211,0.067578125,0.0048559224174823615,0.017259634111542254,0.0021550408611592424,1.0,10,-0.0016696696577128023,0.3687904179096222,0.0174629085813649,0.9709174036979675,0.0021028203229213616,-0.021939443424344063,0.19937457144260406,0.015801108069717885,0.9757010340690613,0.0022123491722690195,0.022969016805291176,0.15147782862186432,0.01877576856641099,0.9826504588127136,0.002137344050868989,0.03902878239750862,0.14402270317077637,0.010111237550154329,role_local,0.0761492732912302,0.025544916582293808,0.00027224106666666665,0.00026530133333333333,0.0026530133333333332,256.0,1.2878715336322784,416384.0,1.7291289567947388,1.0002609491348267,0.48125961422920227,combat>support,12,0.0,-2.441406286379788e-05,-0.015207417344451338,-0.0029296875,0.0,-0.0037020278108457205,-0.0037020278108457205,0.0,-4.882812572759576e-05,0.0,-0.005859375,0.0,0.0,0.4267578125,0.08319063237286173,0.0022061750792090606,0.0,-0.017372371275996557,-0.017372371275996557,-0.6733061149716377,0.0,-0.013466121370584005,-0.00390625,-0.23370562223135494,0.0,0.0,0.0,0.0,0.0,-0.01915918469603639,-0.01915918469603639,-0.8578595479484648,-4.882812572759576e-05,-0.017157231624878477,-0.001953125,-0.18881385345594026,0.0,0.0,0.0,0.0,0.0,-0.014998899037891533,-0.014998899037891533,-0.7499450149480253,0.0,-0.014998899037891533,0.0,-0.15089852272649296,0.0,0.0,0.0,0.0,0.0,0.0022061750792090606,0.0,-0.013808121806505369,-0.019999999552965164,-0.0051969535910757255,0.014979546889662743,0.16674084961414337,0.9769392013549805,0.0,1389,-0.07219938933849335,0.34388968348503113,0.018753161979839207,0.8208793997764587,1.311828851699829,0.3576573580503464,0.0023158113154595596,10,-0.00872423752443865,0.3750455677509308,0.04097859561443329,119.6714298307072,204.0,0.025544916582293808,52048.0,3479.393541040132
0.4060083232820034,-0.005243108787180972,0.005540033598757458,0.07519823424518109,4675,2048,1.2644317507743836,0.3014857620000839,0.1296875,0.009507508145179599,0.05390801690518856,0.0042106826016479635,1.0,10,-0.0037497162680665496,0.36899223923683167,0.04949499140493572,0.9730749726295471,0.004023303145471011,0.0018827910535037518,0.13715627789497375,0.04818767802789807,0.9482895135879517,0.003881558487720502,0.00032271802774630487,0.20996953547000885,0.06489239642396569,0.9660732746124268,0.004771655235846684,-0.0391104519367218,0.19318939745426178,0.012279967404901981,role_local,0.06951655298471451,0.01807677298784256,0.0002721045333333333,0.00026513066666666667,0.0026513066666666667,256.0,1.288481217622757,418432.0,1.8485054969787598,0.993715763092041,0.3647769093513489,support>combat,6,0.0,-3.662109429569682e-05,-0.015194286837261947,-0.00341796875,0.0,-0.002389850531017146,-0.002389850531017146,0.0,0.0,0.0,-0.00390625,0.0,0.0,0.2294921875,0.09973849254311062,0.0015163997172749077,0.0,-0.015331904687627684,-0.015331904687627684,-0.7641538940370083,-4.882812572759576e-05,-0.015283076565538067,0.0,-0.4649791390984319,0.0,0.0,0.0,0.0,0.0,-0.01983257913525449,-0.01983257913525449,-0.7963165328837931,0.0,-0.01592632922984194,-0.00390625,-0.50685453962069,0.0,0.0,0.0,0.0,0.0,-0.020330485829617828,-0.020330485829617828,-0.7170126349665225,-9.765625145519152e-05,-0.014373454716405831,-0.005859375,-0.3450848740176298,0.0,0.0,0.0,0.0,0.0,0.0015163997172749077,0.0,-0.01447120609373087,-0.019999999552965164,-0.005243108787180972,-0.011613383889198303,0.1839519888162613,0.9622228145599365,0.0,594,-0.0711209774017334,0.41408571600914,0.0964884515851736,0.8082017302513123,1.3125306844711304,0.5105308845639229,0.006869384595866952,10,-0.006736501306295395,0.37515832980473834,0.02387357857078314,119.89522763004763,205.0,0.01807677298784256,52304.0,3489.9804460201412
0.39367430582642554,-0.003087135695386678,0.00526702322185775,0.06760701389284804,5664,2048,1.2669748187065124,0.38644723892211913,0.2078125,0.015036899314145558,0.07155760305467992,0.005519885811833059,1.0,10,-0.0031693805241957305,0.36935991048812866,0.07363247412722558,0.9334571957588196,0.005541218231608747,-0.02790522389113903,0.1676844209432602,0.06997890491038561,0.9434972405433655,0.005422434405982149,-0.022300703451037407,0.17576943337917328,0.07087081905920059,0.9419805407524109,0.005597860066754223,-0.030912449583411217,0.21497181057929993,0.015055256523191929,role_local,0.059868427366018294,0.01577628552913666,0.000271968,0.00026495999999999996,0.0026496000000000002,256.0,1.2906400322914124,420480.0,2.17760968208313,0.998150110244751,0.42334386706352234,support>combat,6,0.0,-3.662109429569682e-05,-0.018402530644380022,-0.00390625,0.0,-6.042459563104785e-05,-6.042459563104785e-05,0.0,-4.882812572759576e-05,0.0,-0.001953125,0.0,0.0,0.4978841148549691,-0.008334665704751387,0.0019415284664319188,0.0,-0.025406233420653734,-0.025406233420653734,-0.973677524831146,-4.882812572759576e-05,-0.0194980304731871,-0.005859375,-0.4416164949070662,0.0,0.0,0.0,0.0,0.0,-0.02228644808201352,-0.02228644808201352,-0.9190100021660328,0.0,-0.018380198140221182,-0.00390625,-0.3926852644653991,0.0,0.0,0.0,0.0,0.0,-0.021284441332682036,-0.021284441332682036,-0.8622308229096234,-4.882812572759576e-05,-0.017329363319731783,-0.00390625,-0.42820761154871434,0.0,0.0,0.0,0.0,0.0,0.0019415284664319188,0.0,-0.01725938848903752,-0.019999999552965164,-0.003087135695386678,-0.026981515809893608,0.18636691570281982,0.941868245601654,0.0,1332,0.04420823976397514,0.2240227907896042,0.06365642473101615,0.930066704750061,1.3143052458763123,0.40090137273073195,0.0050141606318824415,10,-0.0030048908665776253,0.37545865774154663,0.016497314535081388,120.02114382690856,206.0,0.01577628552913666,52560.0,3503.3827090200502
0.3560433030128479,-0.0016792102716863156,0.005321798676263936,0.06611600411706604,5639,2048,1.2696325421333312,0.25466100573539735,0.20498046875,0.01462929145200178,0.06947894162731245,0.0054164239862959426,1.0,10,-0.0007396554574370384,0.36954458554585773,0.07940521072596311,0.7853540182113647,0.005919491405754823,0.044312722980976105,0.22946688532829285,0.06094493390992284,0.7742661833763123,0.004987103664512415,0.048371635377407074,0.2326817512512207,0.06779842707328498,0.9255577325820923,0.005328687448768787,0.032615676522254944,0.28779253363609314,0.024467896670103073,role_local,0.09539060480892658,0.03810033686459065,0.0002718314666666666,0.0002647893333333333,0.0026478933333333333,256.0,1.2926810383796692,422528.0,1.7589243650436401,1.0047671794891357,0.5199762582778931,support>combat,6,0.0,-1.220703143189894e-05,-0.018348378592539422,-0.00244140625,0.0,-0.0044592588907335085,-0.0044592588907335085,0.0,-4.882812572759576e-05,0.0,-0.005859375,0.0,0.0,0.35888672317378223,0.0022329085622914135,0.0014489443386764833,0.0,-0.01944258878211258,-0.01944258878211258,-0.9721295488998294,0.0,-0.01944258878211258,0.0,-0.5211134406272322,0.0,0.0,0.0,0.0,0.0,-0.019442525728663895,-0.019442525728663895,-0.9721263952087611,0.0,-0.019442525728663895,0.0,-0.5248007072368637,0.0,0.0,0.0,0.0,0.0,-0.02006627116497839,-0.02006627116497839,-0.8072074628435075,0.0,-0.016160021266841795,-0.00390625,-0.33314755649189465,0.0,0.0,0.0,0.0,0.0,0.0014489443386764833,0.0,-0.015852662614634028,-0.019999999552965164,-0.0016792102716863156,0.04230869561433792,0.24917230010032654,0.8794271349906921,0.0,1288,-0.03222252428531647,0.40270018577575684,0.06275306660681963,0.8179286122322083,1.3157295346260072,0.45742560029029844,0.00522717336623193,10,-0.0026187650859355927,0.375383198261261,0.051732777059078215,120.15638804316139,207.0,0.03810033686459065,52816.0,3516.4838664110284
0.37920910865068436,-0.0022069361235480755,0.0044676658928143416,0.05098800207488239,5282,2048,1.270046591758728,0.2548175886273384,0.133984375,0.009235816713771782,0.03601532727479935,0.0035821987417864686,1.0,10,-0.0016648444812744855,0.3694998423258464,0.04301662314683199,0.883189857006073,0.0038639009206757335,-0.054561831057071686,0.18062178790569305,0.02965632323175669,0.932713508605957,0.003312674258802392,-0.06950190663337708,0.21265101432800293,0.03397503811866045,0.9783238768577576,0.003515283055387575,-0.07543976604938507,0.16851799190044403,0.015956656727939843,role_local,0.10019398517906666,0.02312014331109822,0.0002716949333333333,0.00026461866666666663,0.0026461866666666668,256.0,1.2924661219120026,424576.0,2.4936342239379883,1.0009212493896484,0.3634342551231384,combat>support,5,0.0,-0.0001220703143189894,-0.01716012837035426,-0.00537109375,0.0,-0.0031811327148716373,-0.0031811327148716373,0.0,-4.882812572759576e-05,0.0,-0.00390625,0.0,0.0,0.2177734375,-0.016191381204407662,0.000773945486116645,0.0,-0.025762614131963346,-0.025762614131963346,-0.9866162731777877,-0.00014648437718278728,-0.01975675490393769,-0.005859375,-0.7460642828373238,0.0,0.0,0.0,0.0,0.0,-0.023024452762911096,-0.023024452762911096,-0.8500491948798299,-0.00014648437718278728,-0.01701859353488544,-0.005859375,-0.7330819370690733,0.0,0.0,0.0,0.0,0.0,-0.02071089600212872,-0.02071089600212872,-0.7334475230891258,-0.00014648437718278728,-0.014705036672239657,-0.005859375,-0.5298888912657276,0.0,0.0,0.0,0.0,0.0,0.000773945486116645,0.0,-0.018169775346905226,-0.019999999552965164,-0.0022069361235480755,-0.06546492874622345,0.1888389140367508,0.9530623555183411,0.0,834,-0.034876834601163864,0.3990713059902191,0.06596067687496543,0.7884689569473267,1.3148856520652772,0.5036006286740303,0.005353133043842215,10,-0.0027490277658216654,0.3754353920618693,0.030283629894256592,120.32711194713104,208.0,0.02312014331109822,53072.0,3528.5148386720102
0.37286733388900756,-0.0032367274950956927,0.005042398197139598,0.05982325817458332,5746,2048,1.2694319367408753,0.31894161403179166,0.1609375,0.011898016722989268,0.048844109009951356,0.004253131073708357,1.0,10,-0.0017458021873608231,0.3693592647711436,0.040535928681492805,0.9233314394950867,0.0035300814657655416,0.0004799929156433791,0.17853964865207672,0.039640904497355224,0.9093858599662781,0.003715877717815852,-0.008642199449241161,0.2110081911087036,0.06908374517224729,0.7474573254585266,0.005709557961683462,0.04933357983827591,0.6319161057472229,0.06561739556491375,role_local,0.0908804539591074,0.04873548075556755,0.00027155839999999995,0.00026444799999999997,0.0026444800000000003,256.0,1.2928240656852723,426624.0,2.234410285949707,1.0051021575927734,0.5025568604469299,combat>support,9,0.0,0.0,-0.018642371040186845,-0.00390625,0.0009765625,0.000434657275036443,0.000434657275036443,0.0,0.0,0.0,-0.00390625,0.0,0.0,0.5908203125,0.248224120674422,0.0038526259659192874,0.00048828125,-0.02101423904969124,-0.02101423904969124,-0.9774698768742383,0.0,-0.01954939536517486,-0.001953125,-0.32171335763996467,0.0,0.0,0.0,0.0,0.00048828125,-0.022995461091340985,-0.022995461091340985,-0.9788747325073928,0.0,-0.019577492457756307,-0.00390625,-0.30502485524630174,0.0,0.0,0.0,0.0,0.00048828125,-0.01826506906945724,-0.01826506906945724,-0.8183502347674221,0.0,-0.016800225297629368,-0.005859375,-0.13006413204129785,0.00390625,0.0,0.0,0.0,0.00048828125,0.0038526259659192874,0.00048828125,-0.01546002928444068,-0.019999999552965164,-0.0032367274950956927,0.012053541839122772,0.38460761308670044,0.81961590051651,0.0,1212,0.018649736419320107,0.33468902111053467,0.07080240733921528,0.8156924247741699,1.316216194629669,0.42679305374622345,0.005831665320570839,10,-0.004727652802830562,0.3756432632605235,0.03185356594622135,120.4525995171993,209.0,0.04873548075556755,53328.0,3541.8413692191243
0.3440284639596939,-0.00481453572283499,0.00446281166376733,0.05483641062455717,4904,2048,1.2687986493110657,0.2894447535276413,0.07314453125,0.006803395535098389,0.029479673627065495,0.0028988281194354927,1.0,10,-0.007829511433374136,0.36948548754056293,0.028704351768828927,0.9477372169494629,0.0028284112919872207,-0.025098687037825584,0.20793409645557404,0.030561945401132107,0.9698461294174194,0.003118753949783215,-0.09356909990310669,0.22842387855052948,0.02946008346043527,0.968618631362915,0.002795152130674561,-0.03679198771715164,0.1926015168428421,0.017439513374119996,role_local,0.07405550926923751,0.017429440515115857,0.00027142186666666664,0.0002642773333333333,0.0026427733333333333,256.0,1.2930617034435272,428672.0,2.470057487487793,0.9976497888565063,0.3313547670841217,support>combat,6,0.0,-4.882812572759576e-05,-0.015926742020383244,-0.005859375,0.0,0.0018592573351270403,0.0018592573351270403,0.0,-4.882812572759576e-05,0.0,-0.001953125,0.0,0.0,0.6180013057310134,0.23153420750168152,0.0038612104626736254,0.0,-0.025439192220801488,-0.025439192220801488,-0.8788933060131967,-4.882812572759576e-05,-0.017577864324266557,-0.0078125,-0.24563773243426112,0.0,0.0,0.0,0.0,0.0,-0.023358060487225885,-0.023358060487225885,-0.6771804264280945,-4.882812572759576e-05,-0.013543607576139038,-0.009765625,-0.09868592611746863,0.0,0.0,0.0,0.0,0.0,-0.02061383218097035,-0.02061383218097035,-0.8328379944432527,-4.882812572759576e-05,-0.016658754160744138,-0.00390625,-0.17297582667379174,0.0,0.0,0.0,0.0,0.0,0.0038612104626736254,0.0,-0.016887958023289684,-0.019999999552965164,-0.00481453572283499,-0.04860663414001465,0.21085844933986664,0.9654470682144165,0.0,1560,0.0432359017431736,0.22116482257843018,0.08019314762204885,0.8798574805259705,1.3173247575759888,0.3986121743917465,0.006026795208099167,10,-0.0017995600122958423,0.375613272190094,0.01741936765611172,120.5885500891495,210.0,0.017429440515115857,53584.0,3554.8316957380157
0.32893275544047357,-0.0033979090629145505,0.0022177627499153306,0.02133532103616744,4653,2048,1.2708177804946899,0.28183977901935575,0.0748046875,0.0062843595253070815,0.02785590002313256,0.0026974920254875467,1.0,10,-0.0024416059488430618,0.36973634362220764,0.014822165900841355,0.9745397567749023,0.0019247130570875016,-0.031193671748042107,0.1583140641450882,0.028328183759003877,0.9797245264053345,0.0027135782944733315,-0.028902238234877586,0.18944242596626282,0.04199923989363015,0.8198190927505493,0.003547269494932448,0.03892488405108452,0.6768847107887268,0.06069229394197464,role_local,0.07455690540373325,0.05346714947372675,0.0002712853333333333,0.00026410666666666665,0.002641066666666667,256.0,1.293786644935608,430720.0,2.291569709777832,0.9913891553878784,0.3730246126651764,combat>support,8,0.0,-1.220703143189894e-05,-0.015062013639787134,-0.00732421875,0.0009765625,-0.0028878589591840864,-0.0028878589591840864,0.0,0.0,0.0,-0.005859375,0.0,0.0,0.5113932297099382,0.07294362047105096,0.0024832346689436235,0.00048828125,-0.023935055436595576,-0.023935055436595576,-0.8281005183234811,-4.882812572759576e-05,-0.016562008790060645,-0.0078125,-0.29279380681327893,0.0,0.0,0.0,0.0,0.00048828125,-0.019325172561366344,-0.019325172561366344,-0.6977040015626699,0.0,-0.013954079026007093,-0.005859375,-0.1875311430048896,0.0,0.0,0.0,0.0,0.00048828125,-0.020041047609993257,-0.020041047609993257,-0.7329834960401058,0.0,-0.014669953103293665,-0.009765625,-0.2607511386740953,0.00390625,0.0,0.0,0.0,0.00048828125,0.0024832346689436235,0.00048828125,-0.01654728462381172,-0.019999999552965164,-0.0033979090629145505,-0.007596850395202637,0.4133286774158478,0.9070002436637878,0.0,1567,-0.013744995929300785,0.35386866331100464,0.014814742049202323,0.7370361089706421,1.316755509376526,0.37602573186159133,0.0017380334743431146,10,-0.004354212176986038,0.3756498297055562,0.046242005005478856,120.72580969043979,211.0,0.05346714947372675,53840.0,3567.754079301143
0.3920632772147655,-0.007469466142356396,0.007238953826099091,0.08758148538472596,4982,2048,1.271910512447357,0.2969398006796837,0.10576171875,0.008011751144658774,0.03567864501965232,0.003319049403099905,1.0,10,-0.006698048394173384,0.3696707586447398,0.030549693340435623,0.9492719173431396,0.0029637660637487186,0.008620320819318295,0.2143968790769577,0.04218830441823229,0.9571247696876526,0.003763301513798356,0.002631746931001544,0.1886911541223526,0.034147218056023124,0.9734347462654114,0.003220849248623275,0.009675389155745506,0.14852400124073029,0.01452939361333847,role_local,0.0847787108272314,0.017949750088155268,0.0002711488,0.000263936,0.00263936,256.0,1.2948301494121552,432768.0,2.1519596576690674,1.0036780834197998,0.3477005064487457,support>combat,8,0.0,-1.220703143189894e-05,-0.01618001405101192,-0.00146484375,0.0,0.0008500185426782991,0.0008500185426782991,0.0,0.0,0.0,-0.001953125,0.0,0.0,0.5576171861030161,0.09544581685622688,0.0028031436427227163,0.0,-0.017584967157745268,-0.017584967157745268,-0.7815921800211072,0.0,-0.01563184220867697,-0.001953125,-0.3147698905086145,0.0,0.0,0.0,0.0,0.0,-0.018085259820509236,-0.018085259820509236,-0.802047397242859,-4.882812572759576e-05,-0.016083306778455153,-0.001953125,-0.3235549805103801,0.0,0.0,0.0,0.0,0.0,-0.01682489316590363,-0.01682489316590363,-0.8412444705609232,0.0,-0.01682489316590363,0.0,-0.3914280675817281,0.0,0.0,0.0,0.0,0.0,0.0028031436427227163,0.0,-0.012911276418890338,-0.019999999552965164,-0.007469466142356396,0.006993427406996489,0.18509842455387115,0.9604724049568176,0.0,1311,0.07904895395040512,0.2597251832485199,0.1394843257497996,0.819622278213501,1.3177497863769532,0.48718675374984743,0.011158858249098277,10,-0.008240883890539407,0.3757836123307546,0.021370106562972068,120.85472189814163,212.0,0.017949750088155268,54096.0,3580.8944259930868
0.35194197073578837,-0.003811325220158324,0.0028776241877186064,0.027990851152571848,4916,2048,1.2697892665863038,0.25615970641374586,0.0744140625,0.0058525187792838555,0.02414693754981272,0.002419729637283415,1.0,10,-0.0025324369547888637,0.36921046177546185,0.024160489067435266,0.9727004170417786,0.0024027170226412096,-0.014445663429796696,0.18624815344810486,0.023379512270912527,0.964393138885498,0.002345825014630215,-0.000868863076902926,0.15870025753974915,0.02484359829686582,0.9818497896194458,0.002503112891494766,0.011379489675164223,0.14055219292640686,0.009517891891300678,role_local,0.04734333660453558,0.019277803413569928,0.00027101226666666667,0.0002637653333333333,0.0026376533333333334,256.0,1.2939798831939697,434816.0,2.864246129989624,0.9980308413505554,0.4110470414161682,combat>support,9,0.0,-4.882812572759576e-05,-0.015989397441444453,-0.0029296875,0.0,-0.005054899581523387,-0.005054899581523387,0.0,-0.00014648437718278728,0.0,-0.00390625,0.0,0.0,0.1816406276775524,-0.28812129513244145,-0.00100216520252161,0.0,-0.018593726294056978,-0.018593726294056978,-0.7322981809265912,0.0,-0.01468747638136847,-0.00390625,-0.5783470119349658,0.0,0.0,0.0,0.0,0.0,-0.01806603006843943,-0.01806603006843943,-0.7947173388674855,-4.882812572759576e-05,-0.016064076997281518,-0.001953125,-0.6661182899260893,0.0,0.0,0.0,0.0,0.0,-0.019169763894751668,-0.019169763894751668,-0.860832033213228,0.0,-0.01721663894568337,-0.001953125,-0.6547672312008217,0.0,0.0,0.0,0.0,0.0,-0.00100216520252161,0.0,-0.015221105797536438,-0.019999999552965164,-0.003811325220158324,-0.0006330154719762504,0.16204433143138885,0.9747230410575867,0.0,1270,-0.05517926067113876,0.311452716588974,0.03183476475533098,0.8126813769340515,1.3181704998016357,0.4477242350578308,0.0033355187381537976,10,-0.0050902134855277835,0.3758038381735484,0.029037714935839176,121.00668831032974,213.0,0.019277803413569928,54352.0,3593.3220392321236
0.34207717701792717,-0.006491593926330097,0.003790709238401331,0.046265417663380506,5086,2048,1.2653820395469666,0.2568625047802925,0.15009765625,0.011577136866981164,0.0593049141112715,0.004590167992815,1.0,10,-0.008689440158195793,0.36861448486646015,0.06034478588262573,0.9812750220298767,0.0045032667219152556,-0.07502501457929611,0.1391841322183609,0.07763008195906877,0.9478763341903687,0.005823336114367341,-0.046448759734630585,0.2127174735069275,0.039607909973710775,0.9428954124450684,0.0034081786733257237,-0.042006559669971466,0.26559358835220337,0.016607931070029735,role_local,0.09299355521798133,0.011187739460729063,0.0002708757333333333,0.00026359466666666667,0.002635946666666667,256.0,1.2921455681324006,436864.0,2.7339181900024414,1.00123929977417,0.3513069152832031,support>combat,5,0.0,-0.0001220703143189894,-0.01652880721909848,-0.00244140625,0.0,-0.00046697159223185736,-0.00046697159223185736,0.0,-4.882812572759576e-05,0.0,0.0,0.0,0.0,0.08837890741415322,-0.1286098641285207,-0.0004181434665042616,0.0,-0.019745922872971278,-0.019745922872971278,-0.7746330853551626,-0.00019531250291038305,-0.0156443604719243,-0.00390625,-0.5437053795321845,0.0,0.0,0.0,0.0,0.0,-0.019241957903432194,-0.019241957903432194,-0.857090950710699,-0.00014648437718278728,-0.017142348471679725,-0.001953125,-0.5217615366564132,0.0,0.0,0.0,0.0,0.0,-0.02080361887055915,-0.02080361887055915,-0.8397381512913853,-9.765625145519152e-05,-0.016799712713691406,-0.00390625,-0.4036004371882882,0.0,0.0,0.0,0.0,0.0,-0.0004181434665042616,0.0,-0.015064618935866747,-0.019999999552965164,-0.006491593926330097,-0.053956110030412674,0.21415826678276062,0.9572815299034119,0.0,1583,0.027299292385578156,0.1251288205385208,0.03322592121548951,0.9492201209068298,1.3189090967178345,0.42729184925556185,0.002991250483987662,10,-0.004293747694464401,0.3760111431280772,0.005767547851428389,121.14295220268716,214.0,0.011187739460729063,54608.0,3606.1858495001215
0.29323089569807054,-0.0006914326018886641,0.0025173264676500704,0.025869778625201435,5503,2048,1.2611258029937744,0.26454184353351595,0.08486328125,0.006752342257823329,0.02624982679262757,0.002494465279012914,1.0,10,-0.0016529478190932423,0.3682086567083995,0.012840658659115434,0.9544293880462646,0.001618502763573576,-0.008323099464178085,0.2062831073999405,0.03340954277664423,0.9365028142929077,0.002970437969455808,0.004917165730148554,0.20631445944309235,0.031848455965518954,0.9403240084648132,0.002851788380869541,-0.026052815839648247,0.22075782716274261,0.018961749598383905,role_local,0.06954742632806302,0.016478973207995296,0.0002707392,0.000263424,0.00263424,256.0,1.2906927227973939,438912.0,2.2065329551696777,0.9927474856376648,0.35870373249053955,combat>support,1,0.0,-4.882812572759576e-05,-0.017867859203154996,-0.00537109375,0.0,0.003964534514125262,0.003964534514125262,0.0,-9.765625145519152e-05,0.0,0.0,0.0,0.0,0.5961914114304818,0.27957084926310927,0.004062190762397222,0.0,-0.023241150287503842,-0.023241150287503842,-0.7984438531566411,-4.882812572759576e-05,-0.017332947325485293,-0.005859375,-0.09050156769808382,0.0,0.0,0.0,0.0,0.0,-0.026340746371715795,-0.026340746371715795,-0.92641242290847,0.0,-0.01852824657544261,-0.0078125,-0.002932264600531198,0.0,0.0,0.0,0.0,0.0,-0.02560371164145181,-0.02560371164145181,-0.8871181271970272,-4.882812572759576e-05,-0.01774238370853709,-0.0078125,-0.0753937816771213,0.0,0.0,0.0,0.0,0.0,0.004062190762397222,0.0,-0.01780526993024978,-0.019999999552965164,-0.0006914326018886641,-0.009609008207917213,0.21157899498939514,0.944871187210083,0.0,1835,0.03263934329152107,0.21175076067447662,0.025489730457775295,0.8109084963798523,1.3202596426010131,0.3219199478626251,0.0025401876562872266,10,0.00027008261531591415,0.37610722581545514,0.013996196817606688,121.27230574706955,215.0,0.016478973207995296,54864.0,3619.2269726891536
0.2713271096348763,-0.0010432257317006589,0.0035169681244832836,0.037993657705374065,5351,2048,1.2578468203544617,0.2277628257870674,0.09013671875,0.006825468398164958,0.02399066633079201,0.002594343096974122,1.0,10,0.00014883680269122123,0.36778462926546734,0.025427738251164556,0.9801966547966003,0.0028165057905725275,-0.0019092835718765855,0.12385863810777664,0.02290769908577204,0.9657713770866394,0.0024796089179963563,0.001980355242267251,0.14414648711681366,0.02379123424179852,0.9633007049560547,0.002509173561716804,-0.005418994929641485,0.1597188264131546,0.009143703244626522,role_local,0.051151815056800845,0.032538174744695426,0.00027060266666666664,0.00026325333333333334,0.0026325333333333334,256.0,1.2893301665782928,440960.0,2.327054500579834,0.99949049949646,0.4202585220336914,support>combat,9,0.0,-9.765625145519152e-05,-0.01740195504195678,-0.00390625,0.0,-0.004640381256194814,-0.004640381256194814,0.0,-4.882812572759576e-05,0.0,-0.005859375,0.0,0.0,0.60546875,-0.19234217458870262,0.0012678219416102365,0.0,-0.018290850945049897,-0.018290850945049897,-0.8062635466922075,-0.00014648437718278728,-0.01619124162243679,-0.001953125,-0.5368520905030891,0.0,0.0,0.0,0.0,0.0,-0.022138330205052625,-0.022138330205052625,-0.9067212983500212,-9.765625145519152e-05,-0.01813442405546084,-0.00390625,-0.5828209734754637,0.0,0.0,0.0,0.0,0.0,-0.02188410558301257,-0.02188410558301257,-0.8939008342567831,-9.765625145519152e-05,-0.0178801994479727,-0.00390625,-0.5507261275779456,0.0,0.0,0.0,0.0,0.0,0.0012678219416102365,0.0,-0.016738418122258736,-0.019999999552965164,-0.0010432257317006589,-0.0017602386651560664,0.1439543217420578,0.9705072045326233,0.0,1755,-0.02918991632759571,0.370726615190506,0.05199664907995612,0.6380115151405334,1.3208135128021241,0.3148913934826851,0.004439593151992445,10,-0.002235288266092539,0.3761663834253947,0.05593264624476433,121.40157643133955,216.0,0.032538174744695426,55120.0,3632.242784338072
0.38765818178653716,-0.004535244314411102,0.004827656163854122,0.054464038915466514,4406,2048,1.2549711227416993,0.2901875779032707,0.069921875,0.005422495066886768,0.018643732345663012,0.0025451830434261385,1.0,10,-0.005413755779045459,0.36754446228345233,0.033891805866733196,0.9803256392478943,0.0032851991230929854,0.020270926877856255,0.13846541941165924,0.009677852597087621,0.9871072769165039,0.0020416151927382053,0.016048630699515343,0.12875081598758698,0.011478487681597472,0.9805145263671875,0.002275208229831194,-0.010475247167050838,0.17632992565631866,0.007186682196334004,role_local,0.0332199739292264,0.013065843214280903,0.00027046613333333333,0.0002630826666666666,0.0026308266666666665,256.0,1.2880750119686126,443008.0,2.4678752422332764,1.005857229232788,0.46965983510017395,support>combat,11,0.0,-7.324218859139364e-05,-0.01432897385044877,-0.0009765625,0.0,-0.0036322829596429074,-0.0036322829596429074,0.0,-9.765625145519152e-05,0.0,-0.001953125,0.0,0.0,-0.013346357620321214,-0.2546860779984854,-0.0015815018318789953,0.0,-0.01509756260929862,-0.01509756260929862,-0.7298144483938813,-9.765625145519152e-05,-0.014999906365119386,0.0,-0.6197727757971734,0.0,0.0,0.0,0.0,0.0,-0.015018716236227192,-0.015018716236227192,-0.7478262130171061,-4.882812572759576e-05,-0.014969888114137575,0.0,-0.4511928199790418,0.0,0.0,0.0,0.0,0.0,-0.015019080150523223,-0.015019080150523223,-0.6508158158976585,-4.882812572759576e-05,-0.013017127072089352,-0.001953125,-0.476140042883344,0.0,0.0,0.0,0.0,0.0,-0.0015815018318789953,0.0,-0.01219191076233983,-0.019999999552965164,-0.004535244314411102,0.009489983320236206,0.14850178360939026,0.9828779697418213,0.0,1057,-0.017900532111525536,0.2788430154323578,0.09028434548527002,0.8730047941207886,1.3211789011955262,0.4851287856698036,0.0071101292842821046,10,-0.003656732849776745,0.37619415918986004,0.0189450042322278,121.56715649501224,217.0,0.013065843214280903,55376.0,3644.1421579041053
0.3670144721865654,0.00013249106705188752,0.0030766062768342204,0.030418260022997856,4683,2048,1.2529874086380004,0.22614020109176636,0.08759765625,0.007413213164545596,0.03220129059627652,0.003215494785581696,1.0,10,-0.0027431141585111617,0.3672263224919637,0.03974935486912727,0.9506090879440308,0.0034491112251998856,-0.030705813318490982,0.2022373527288437,0.026075649342965336,0.9497988224029541,0.0030210504930938908,0.0031573663000017405,0.2643550932407379,0.030050586292054503,0.9452542662620544,0.003152833092998672,-0.005300457123667002,0.2754483222961426,0.02275881581008434,role_local,0.053359069116413596,0.02131462343968451,0.00027032959999999997,0.00026291199999999997,0.00262912,256.0,1.2866224288940429,445056.0,2.2519211769104004,0.9860570430755615,0.2827000021934509,combat>support,7,0.0,-0.00013427734575088834,-0.0152213591572945,-0.00244140625,0.0,-0.0036420918509065814,-0.0036420918509065814,0.0,-0.00019531250291038305,0.0,-0.001953125,0.0,0.0,-0.11083984375,-0.1750491202401463,-0.0014936540178496216,0.0,-0.018256473289511632,-0.018256473289511632,-0.8109134072437882,-4.882812572759576e-05,-0.01625452021835372,-0.001953125,-0.6911386848660186,0.0,0.0,0.0,0.0,0.0,-0.01903044746723026,-0.01903044746723026,-0.7504514208994806,-9.765625145519152e-05,-0.015026541317638475,-0.00390625,-0.6383991407928988,0.0,0.0,0.0,0.0,0.0,-0.016531453373318072,-0.016531453373318072,-0.7180820771027356,-0.00019531250291038305,-0.014383015935891308,-0.001953125,-0.5228381541091949,0.0,0.0,0.0,0.0,0.0,-0.0014936540178496216,0.0,-0.014365116814587964,-0.019999999552965164,0.00013249106705188752,-0.011555382050573826,0.248342365026474,0.9484959244728088,0.0,1068,-0.016576992347836494,0.2755569815635681,0.02863522944971919,0.839333176612854,1.3202574491500854,0.5078887432813645,0.002937717768086745,10,0.0030080962926149367,0.37583376963933307,0.019870431069284676,121.72834244610851,218.0,0.02131462343968451,55632.0,3656.141134075122
0.34380553141236303,-0.0011110469145933165,0.005150120804415116,0.06107101599918678,4802,2048,1.249752974510193,0.2950882151722908,0.0935546875,0.007009573315735906,0.026318902894854546,0.0030877806402338725,1.0,10,-0.0017528646218124776,0.3667663037776947,0.028843723237514496,0.9658451676368713,0.0032517391662592043,0.030858123674988747,0.2276766300201416,0.02715642927214503,0.9844637513160706,0.003012036908443144,0.008986186236143112,0.143904909491539,0.023252191301435233,0.9726316928863525,0.003008415452847779,0.006103556137531996,0.17002074420452118,0.01259817872196436,role_local,0.04339880179613829,0.014333355240523815,0.00027019306666666666,0.0002627413333333333,0.0026274133333333335,256.0,1.2837973237037659,447104.0,2.1811482906341553,0.999942421913147,0.4468398094177246,combat>support,7,0.0,-1.220703143189894e-05,-0.01560024785309603,-0.0029296875,0.0,0.0016172639777778386,0.0016172639777778386,0.0,0.0,0.0,-0.001953125,0.0,0.0,0.7307942614424974,0.10786866832495434,0.0035703890732747823,0.0,-0.018974285438162042,-0.018974285438162042,-0.7534018398728222,0.0,-0.01506803553274949,-0.00390625,0.042619788597221486,0.0,0.0,0.0,0.0,0.0,-0.017183968768222257,-0.017183968768222257,-0.7615422492381185,0.0,-0.015230843811878003,-0.001953125,-0.09022532023573149,0.0,0.0,0.0,0.0,0.0,-0.02045694223488681,-0.02045694223488681,-0.7944637241307646,-4.882812572759576e-05,-0.0165018642146606,-0.00390625,-0.027157514112332137,0.0,0.0,0.0,0.0,0.0,0.0035703890732747823,0.0,-0.013749483998253709,-0.019999999552965164,-0.0011110469145933165,0.015007579699158669,0.18366575241088867,0.9742264151573181,0.0,1657,0.03029518760740757,0.20116624236106873,0.09582312910351902,0.8697990775108337,1.3178416728973388,0.3925228476524353,0.00721246096859636,10,-0.00046922920737415554,0.37576361497243244,0.016068531759083272,121.84814396977232,219.0,0.014333355240523815,55888.0,3669.354209539015
0.4459738917648792,-0.005249987315619364,0.0062306348352661805,0.08263033279799856,4651,2048,1.2464550614356995,0.32650591284036634,0.13662109375,0.010604149574646726,0.05384532982716337,0.0044939049139046516,1.0,10,-0.0014205733430571854,0.3664994736512502,0.05014753895811737,0.9732565879821777,0.004445005079447095,-0.061775092035532,0.24322888255119324,0.05015173712745309,0.9427268505096436,0.004300537437823914,-0.03678498789668083,0.27482348680496216,0.060215296363458036,0.9697195887565613,0.00471799576189369,-0.023774607107043266,0.15739481151103973,0.018831036053597927,role_local,0.1142749845981598,0.04055131515488029,0.0002700565333333333,0.00026257066666666664,0.0026257066666666665,256.0,1.282664769887924,449152.0,2.9644224643707275,1.010331153869629,0.3930468261241913,support>combat,10,0.0,-0.00015869140861468622,-0.015079506652303584,-0.0068359375,0.0,-0.009473341853322381,-0.009473341853322381,0.0,-4.882812572759576e-05,0.0,-0.009765625,0.0,0.0,0.24853515625,-0.10883817245485261,0.00034111161778582755,0.0,-0.020711541412310908,-0.020711541412310908,-0.6348318997770548,-0.00019531250291038305,-0.012703729091299465,-0.0078125,-0.36662760889157653,0.0,0.0,0.0,0.0,0.0,-0.02384860051824944,-0.02384860051824944,-0.7898030483629555,-0.00019531250291038305,-0.015840788211789913,-0.0078125,-0.4844278357923031,0.0,0.0,0.0,0.0,0.0,-0.018842440098524094,-0.018842440098524094,-0.8346123148221523,-0.00019531250291038305,-0.01669400265382137,-0.001953125,-0.5507564140134491,0.0,0.0,0.0,0.0,0.0,0.00034111161778582755,0.0,-0.01821898166235769,-0.019999999552965164,-0.005249987315619364,-0.03901060298085213,0.22912092506885529,0.9628260135650635,0.0,1026,-0.18399576842784882,0.4949152171611786,0.11141533576883375,0.7760201692581177,1.318874478340149,0.5654418706893921,0.00796736475662771,10,-0.009079401288181544,0.3761030038197835,0.062271594256162646,121.98439226634666,220.0,0.04055131515488029,56144.0,3682.044822745025
0.3516892194747925,-0.0035369456745684147,0.002696937486864276,0.029417185788042845,4584,2048,1.2455417037010192,0.27266407012939453,0.050390625,0.004355816150200554,0.018354658177122472,0.0019166263072039503,1.0,10,-0.001743668527342379,0.36657655239105225,0.022484588902443647,0.9759113192558289,0.002032019964894127,-0.07987899333238602,0.21695761382579803,0.021913361852057278,0.9842121601104736,0.0021328260833063323,-0.018880078569054604,0.12797489762306213,0.01286687571555376,0.9462937712669373,0.0016654260056384374,-0.029747722670435905,0.1673513650894165,0.012262454722076654,role_local,0.088756862282753,0.020959759829565883,0.00026992,0.0002624,0.002624,256.0,1.28380828499794,451200.0,2.028489828109741,1.002069354057312,0.4027901291847229,combat>support,9,0.0,-4.882812572759576e-05,-0.014900121236981553,-0.00439453125,0.0,-0.004004389803185404,-0.004004389803185404,0.0,0.0,0.0,-0.005859375,0.0,0.0,0.3212890625,0.09497147428919561,0.001854985104955631,0.0,-0.016923654759011697,-0.016923654759011697,-0.553213625214994,0.0,-0.011064279866332072,-0.005859375,-0.21964061871403828,0.0,0.0,0.0,0.0,0.0,-0.01728224843463977,-0.01728224843463977,-0.7640148324426264,-4.882812572759576e-05,-0.015280295356205897,-0.001953125,-0.3647412042191718,0.0,0.0,0.0,0.0,0.0,-0.022408522752812132,-0.022408522752812132,-0.9163339433725923,-0.00014648437718278728,-0.018355788488406688,-0.00390625,-0.5582189547130838,0.0,0.0,0.0,0.0,0.0,0.001854985104955631,0.0,-0.015154704669839703,-0.019999999552965164,-0.0035369456745684147,-0.03845854476094246,0.17130526900291443,0.9757004976272583,0.0,1083,-0.03465690091252327,0.34212544560432434,0.04047971339896321,0.8885031938552856,1.322074866294861,0.43071436882019043,0.0034772486665246016,10,-0.00533022282179445,0.37647902965545654,0.02965706493705511,122.13881109974474,221.0,0.020959759829565883,56400.0,3694.157458529109
0.4015701703727245,-0.00364859631517902,0.00533037008948124,0.06640300916042179,5099,2048,1.245901072025299,0.27618022412061694,0.15986328125,0.012167641322594135,0.06107109538279474,0.004812595057836044,1.0,10,0.0044562614290043715,0.3664644757906596,0.06400226894766092,0.9741230010986328,0.004968181581708447,0.05641307681798935,0.20952261984348297,0.0608884465880692,0.9483163356781006,0.004837353342352269,0.04263119027018547,0.2060687392950058,0.05941460775211453,0.7431557178497314,0.004693303747586658,0.030624067410826683,0.19485124945640564,0.01647738190367818,role_local,0.10232814624905587,0.018078292673453688,0.00026978346666666663,0.0002622293333333333,0.0026222933333333335,256.0,1.2849661350250243,453248.0,2.3579039573669434,1.001108169555664,0.3022767901420593,support>combat,9,0.0,-8.544922002329258e-05,-0.016585330459444474,-0.00244140625,0.0,-0.0013131721984791511,-0.0013131721984791511,0.0,0.0,0.0,-0.00390625,0.0,0.0,0.37939453125,0.1792499465191213,0.0025930777942448913,0.0,-0.014536698974552564,-0.014536698974552564,-0.6228321518283337,-9.765625145519152e-05,-0.012485917766753118,-0.001953125,-0.1726783811172936,0.0,0.0,0.0,0.0,0.0,-0.019414013593632262,-0.019414013593632262,-0.8681617076508701,-9.765625145519152e-05,-0.01736323240038473,-0.001953125,-0.4183052274165675,0.0,0.0,0.0,0.0,0.0,-0.0220064504610491,-0.0220064504610491,-0.9943840510677546,-0.00014648437718278728,-0.01990684121119557,-0.001953125,-0.5434425374260172,0.0,0.0,0.0,0.0,0.0,0.0025930777942448913,0.0,-0.014317584693344543,-0.019999999552965164,-0.00364859631517902,0.04128706455230713,0.20280267298221588,0.9525768756866455,0.0,779,-0.02597198262810707,0.31716328859329224,0.07173492293804884,0.8712906837463379,1.3240311980247497,0.5269601166248321,0.005848145121126436,10,-0.01175345405936241,0.376576433579127,0.0196792034432292,122.28482863272221,222.0,0.018078292673453688,56656.0,3706.494133964181
0.4610076941549778,-0.003817588574020192,0.005956303758277299,0.0823657984379679,4812,2048,1.243626880645752,0.29346889406442644,0.0927734375,0.008230558584909887,0.03660793276503682,0.0034362653165125336,1.0,10,-0.0020942196482792498,0.36604217688242596,0.039001176878809926,0.9867169857025146,0.003299676898651195,0.01618645340204239,0.11791086196899414,0.03315294440835714,0.9557070732116699,0.003328836086135352,0.011210453696548939,0.27251461148262024,0.037229677708819506,0.8192634582519531,0.003612046888233389,0.0025338083505630493,0.228265643119812,0.01770261162891984,role_local,0.07988925036042929,0.021836071135476233,0.0002696469333333333,0.00026205866666666666,0.0026205866666666666,256.0,1.2841038167476655,455296.0,2.4347493648529053,1.0046943426132202,0.4772469103336334,combat>support,11,0.0,-6.10351571594947e-05,-0.01563808021940834,-0.00390625,0.0,-0.0033215340179140185,-0.0033215340179140185,0.0,0.0,0.0,-0.005859375,0.0,0.0,0.3876953125,0.1645099654851947,0.0025378410571192944,0.0,-0.016370599129004404,-0.016370599129004404,-0.717796535231173,-4.882812572759576e-05,-0.014368646050570533,-0.001953125,-0.2821571488166228,0.0,0.0,0.0,0.0,0.0,-0.01736318510666024,-0.01736318510666024,-0.6678110195789486,-9.765625145519152e-05,-0.013359278957068454,-0.00390625,-0.4537106587085873,0.0,0.0,0.0,0.0,0.0,-0.023190221800177824,-0.023190221800177824,-0.9588081983383745,-9.765625145519152e-05,-0.01918631565058604,-0.00390625,-0.569028795347549,0.0,0.0,0.0,0.0,0.0,0.0025378410571192944,0.0,-0.01506138581680716,-0.019999999552965164,-0.003817588574020192,0.009188974276185036,0.21619045734405518,0.956856369972229,0.0,797,-0.044640544801950455,0.36311691999435425,0.12812366411089898,0.8722618818283081,1.3245807528495788,0.6285464942455292,0.008476342200042064,10,-0.005540957499761134,0.3766619861125946,0.025969530642032623,122.43981329991702,223.0,0.021836071135476233,56912.0,3718.529028501129
0.4027164377272129,-0.002414236502954736,0.004274881000550654,0.04876785385422409,5180,2048,1.2408744812011718,0.24061668664216995,0.14931640625,0.010520336619811133,0.044464612286537884,0.004140075336082188,1.0,10,7.178294472396374e-05,0.3659187654654185,0.051834562770091,0.9612615704536438,0.004513340057532278,-0.014672351069748402,0.21904586255550385,0.03638676917180419,0.9401412010192871,0.0036259828355496237,0.030157458037137985,0.1775471419095993,0.046364508010447024,0.9249371886253357,0.004348011530300469,0.03336576372385025,0.24122841656208038,0.018513134121894835,role_local,0.06339227184653282,0.01612405776977539,0.00026951039999999996,0.000261888,0.00261888,256.0,1.2831434249877929,457344.0,1.8958473205566406,0.9970909953117371,0.34054920077323914,support>combat,6,0.0,-4.882812572759576e-05,-0.016844043976258643,-0.00244140625,0.0,0.0011764037681132322,0.0011764037681132322,0.0,0.0,0.0,-0.001953125,0.0,0.0,0.46728515625,0.21006468596169725,0.0031295287308239494,0.0,-0.02143684479960939,-0.02143684479960939,-0.7730184763204306,-9.765625145519152e-05,-0.015479813708225265,-0.005859375,-0.34024182849680074,0.0,0.0,0.0,0.0,0.0,-0.018172912175941747,-0.018172912175941747,-0.9062042976729572,-4.882812572759576e-05,-0.01812408405385213,0.0,-0.4371781428344548,0.0,0.0,0.0,0.0,0.0,-0.018930187237856444,-0.018930187237856444,-0.8461513647343963,-4.882812572759576e-05,-0.01692823416669853,-0.001953125,-0.3703839435474947,0.0,0.0,0.0,0.0,0.0,0.0031295287308239494,0.0,-0.014340886096761096,-0.019999999552965164,-0.002414236502954736,0.017480209469795227,0.21439015865325928,0.9448249340057373,0.0,958,0.010970523580908775,0.23571515083312988,0.05307109542191028,0.8894729614257812,1.3254123687744142,0.5648161888122558,0.004409686665019119,10,-0.004900255950633437,0.3767443597316742,0.013734981417655945,122.58511466810157,224.0,0.01612405776977539,57168.0,3730.828177941963
0.4100166417658329,-0.00446755403681891,0.006325160381070694,0.08363062301650644,5744,2048,1.2399067759513855,0.28698080629110334,0.1884765625,0.014380461885593832,0.06792087000794708,0.0052631047437898815,1.0,10,-0.0028113318840041757,0.3656480411688487,0.05717288688756526,0.9594988822937012,0.0047458236482989715,0.05786874517798424,0.17406490445137024,0.07154624150134622,0.7933245897293091,0.005341615225880697,0.04579990357160568,0.195907324552536,0.07380555463023483,0.9246648550033569,0.005645320822349448,0.041887879371643066,0.14311788976192474,0.013501047436147929,role_local,0.09218504019081593,0.028538152994588017,0.00026937386666666665,0.00026171733333333334,0.0026171733333333336,256.0,1.2835216045379638,459392.0,2.1964948177337646,0.9952572584152222,0.32770177721977234,support>combat,5,0.0,-3.662109429569682e-05,-0.01866954188638677,-0.00341796875,0.0,-0.007819049138788614,-0.007819049138788614,0.0,0.0,0.0,-0.009765625,0.0,0.0,0.44775390625,0.025926730983883317,0.0019465759976355912,0.0,-0.01721953302330803,-0.01721953302330803,-0.8585343798622489,-4.882812572759576e-05,-0.017170704901218414,0.0,-0.2984908731014002,0.0,0.0,0.0,0.0,0.0,-0.02175635937601328,-0.02175635937601328,-0.9877192992717028,-4.882812572759576e-05,-0.019754406304855365,-0.001953125,-0.5122086887713522,0.0,0.0,0.0,0.0,0.0,-0.021085467531520408,-0.021085467531520408,-0.9463033105712384,-4.882812572759576e-05,-0.019083514453086536,-0.001953125,-0.5153186297975481,0.0,0.0,0.0,0.0,0.0,0.0019465759976355912,0.0,-0.016970103744824883,-0.019999999552965164,-0.00446755403681891,0.048160213977098465,0.1727403700351715,0.925487220287323,0.0,922,-0.06252086907625198,0.45300695300102234,0.09934037602506578,0.8726251125335693,1.3271364331245423,0.5330524772405625,0.0073872160183515055,10,-0.006123776189633645,0.3771585424741109,0.04357525855302811,122.71992711258558,225.0,0.028538152994588017,57424.0,3743.4181294660084
0.35001504197716715,-0.00426312891941052,0.00491251725382941,0.06055470595601946,5661,2048,1.2374159216880798,0.2246071770787239,0.11650390625,0.00864278759690933,0.026215792493894698,0.0029943503485254097,1.0,10,-0.0007343116158153862,0.365405410528183,0.0289946008939296,0.915350615978241,0.0031249132738460305,0.010288253426551819,0.19500364363193512,0.027767868735827504,0.9473187923431396,0.0033105607859072682,-0.0589100643992424,0.17171671986579895,0.022278354829177262,0.8534781336784363,0.002601127005200726,-0.004236144013702869,0.1627197563648224,0.015066214930266142,role_local,0.09645966961979865,0.013698035432025791,0.0002692373333333333,0.0002615466666666666,0.0026154666666666666,256.0,1.2843039214611054,461440.0,2.3628008365631104,1.0022635459899902,0.2882336974143982,support>combat,10,0.0,-6.10351571594947e-05,-0.018405118011287414,-0.00341796875,0.0,-0.0032823741293910302,-0.0032823741293910302,0.0,0.0,0.0,-0.00390625,0.0,0.0,0.21337890625,-0.038273281296596906,0.0006238759142647154,0.0,-0.02064933816291159,-0.02064933816291159,-0.9311146831605583,-4.882812572759576e-05,-0.018647385091753677,-0.001953125,-0.6399104121373966,0.0,0.0,0.0,0.0,0.0,-0.02285714277968509,-0.02285714277968509,-0.8418656650464982,-0.00014648437718278728,-0.016851283573487308,-0.005859375,-0.5962069181259722,0.0,0.0,0.0,0.0,0.0,-0.02171863843977917,-0.02171863843977917,-0.9858343810774386,-4.882812572759576e-05,-0.019716685368621256,-0.001953125,-0.799611680675298,0.0,0.0,0.0,0.0,0.0,0.0006238759142647154,0.0,-0.017126874339737697,-0.019999999552965164,-0.00426312891941052,-0.01602921076118946,0.17928311228752136,0.9211126565933228,0.0,439,-0.03758576139807701,0.31842705607414246,0.09489361941814423,0.9299992322921753,1.3311919212341308,0.47542290687561034,0.00683068415913341,10,-0.007791946223005652,0.3777056634426117,0.012329855933785439,122.85721318463496,226.0,0.013698035432025791,57680.0,3755.904826740036
0.4189765341579914,0.006304546898900298,0.0029969660815054367,0.03077774452540325,5532,2048,1.2362008810043335,0.2982428178191185,0.1884765625,0.01323795159405563,0.05857070301717613,0.0050088662014574625,1.0,10,-0.003260253906773869,0.3653630514939626,0.0655772365629673,0.9380170702934265,0.00531026853484722,0.016414478421211243,0.21236677467823029,0.05343310609459877,0.9499433636665344,0.0047600033166629,-0.043953582644462585,0.19274947047233582,0.05671646916307509,0.7648255228996277,0.004951387961172253,0.004111880902200937,0.20746766030788422,0.016589590162038804,role_local,0.061468462273478505,0.013689407892525197,0.0002691008,0.000261376,0.00261376,256.0,1.2856300055980683,463488.0,1.8914060592651367,0.993367612361908,0.4605857729911804,combat>support,7,0.0,-8.544922002329258e-05,-0.017992546541790944,-0.001953125,0.0,0.0004463556301743665,0.0004463556301743665,0.0,0.0,0.0,-0.001953125,0.0,0.0,0.29443359375,0.20362438700976782,0.002399480680196575,0.0,-0.01953990380570758,-0.01953990380570758,-0.8744562182109803,-9.765625145519152e-05,-0.01748912261246005,-0.001953125,-0.5339699253672734,0.0,0.0,0.0,0.0,0.0,-0.020688732860435266,-0.020688732860435266,-0.8331403660122305,-9.765625145519152e-05,-0.01668482671811944,-0.00390625,-0.4468863272340968,0.0,0.0,0.0,0.0,0.0,-0.019950174675614107,-0.019950174675614107,-0.9901821855455637,-0.00014648437718278728,-0.01980369029479334,0.0,-0.6472519079688936,0.0,0.0,0.0,0.0,0.0,0.002399480680196575,0.0,-0.014933115016901866,-0.019999999552965164,0.006304546898900298,-0.006777821108698845,0.20623186230659485,0.9219132661819458,0.0,604,0.1043437123298645,0.2501471936702728,0.002984786033630371,0.9150907397270203,1.335059130191803,0.5397102504968643,0.0009850659615534107,10,0.015869347704574467,0.37813373406728107,0.01078922562301159,123.00083450344617,227.0,0.013689407892525197,57936.0,3768.1695565001573
0.33240472078323363,-0.0009482245310209692,0.005075351747269941,0.0605763744271826,6110,2048,1.2353584051132203,0.2741299316287041,0.1892578125,0.01308955037384294,0.04918020204640925,0.004550018694324298,1.0,10,-0.001269444450736046,0.36508771777153015,0.0559578918851912,0.7439870238304138,0.004832027442518877,0.02945803850889206,0.1967184841632843,0.044334864150732754,0.7137096524238586,0.004239106643944978,0.03870021924376488,0.2014855146408081,0.047265625,0.5644142627716064,0.0045786777976900336,0.007069089915603399,0.2471609264612198,0.022145689837634562,role_local,0.0668962474912405,0.0259358873590827,0.0002689642666666666,0.0002612053333333333,0.0026120533333333336,256.0,1.2867318212985992,465536.0,1.862168312072754,0.9951916337013245,0.5264959335327148,combat>support,3,0.0,-3.662109429569682e-05,-0.01986625251690081,-0.00146484375,0.0,8.393371763304458e-05,8.393371763304458e-05,0.0,0.0,0.0,-0.00390625,0.0,0.0,0.60888671875,0.259106111159781,0.003990183540281578,0.0,-0.019882190390489995,-0.019882190390489995,-0.9916682257317007,-4.882812572759576e-05,-0.01983336226112442,0.0,-0.4274196712358389,0.0,0.0,0.0,0.0,0.0,-0.019821339374175295,-0.019821339374175295,-0.9910670791286975,0.0,-0.019821339374175295,0.0,-0.40555799935827963,0.0,0.0,0.0,0.0,0.0,-0.021994837115926202,-0.021994837115926202,-0.996023754356429,-9.765625145519152e-05,-0.019944055915402714,-0.001953125,-0.33454310536035337,0.0,0.0,0.0,0.0,0.0,0.003990183540281578,0.0,-0.015403610035718884,-0.019999999552965164,-0.0009482245310209692,0.025025682523846626,0.21681998670101166,0.676950991153717,0.0,1249,0.04876536503434181,0.305518239736557,0.07197254680795595,0.8280749917030334,1.3381052374839784,0.39067950993776324,0.005600684800215583,10,-0.0006270046113058924,0.37850190202395123,0.029726084880530836,123.10871008942917,228.0,0.0259358873590827,58192.0,3781.5033531081863
0.391246185824275,-0.0019010014773812145,0.004434641262290179,0.054892800748348236,5766,2048,1.2329126596450806,0.2472250871360302,0.21474609375,0.016437900112941863,0.07468357607722283,0.005694507434534513,1.0,10,-0.001395984727423638,0.3648703098297119,0.07568359375,0.8030425906181335,0.005867098530870862,-0.008909892290830612,0.1769493669271469,0.06630341224372387,0.28859764337539673,0.005281282928818842,0.0511818453669548,0.6294395327568054,0.08325248248875142,0.9504161477088928,0.005970204605518859,-0.02761906571686268,0.17699086666107178,0.07256168574094772,role_local,0.05980158075690269,0.05091190980747342,0.0002688277333333333,0.00026103466666666664,0.0026103466666666667,256.0,1.2861324310302735,467584.0,2.1554501056671143,0.9904536008834839,0.3977597653865814,combat>support,6,0.0,-6.10351571594947e-05,-0.01867215024443188,-0.0048828125,0.0009765625,-0.00547071202799998,-0.00547071202799998,0.0,-4.882812572759576e-05,0.0,-0.005859375,0.0,0.0,0.2605794270057231,-0.1821846539969556,-5.0790217756002676e-05,0.00048828125,-0.02338314084772719,-0.02338314084772719,-0.9955695210956037,-4.882812572759576e-05,-0.019916344092052896,-0.00390625,-0.7060916682239622,0.0,0.0,0.0,0.0,0.00048828125,-0.018962480666232295,-0.018962480666232295,-0.9661330927629024,-9.765625145519152e-05,-0.019353105228219647,-0.00390625,-0.6874022758565843,0.00390625,0.0,0.0,0.0,0.00048828125,-0.022166923103213776,-0.022166923103213776,-0.8373139929026365,-4.882812572759576e-05,-0.0167470014130231,-0.005859375,-0.5379018037347123,0.0,0.0,0.0,0.0,0.00048828125,-5.0790217756002676e-05,0.00048828125,-0.017495815009169746,-0.019999999552965164,-0.0019010014773812145,0.006359117571264505,0.39875149726867676,0.6677848100662231,0.0,888,-0.04084223508834839,0.36573362350463867,0.035102025419473645,0.8794849514961243,1.3393522024154663,0.5352672845125198,0.003174775090045845,10,-0.002406018227338791,0.3782205482323964,0.02926213387399912,123.25231010274601,229.0,0.05091190980747342,58448.0,3793.71388341696
0.4343847639858723,-0.003281204728409648,0.007627518431336161,0.10020406417315826,5847,2048,1.232038712501526,0.20927388221025467,0.1703125,0.011542494228342548,0.04436230666469783,0.0041264466625759505,1.0,10,-0.0010967489331960678,0.36488624413808185,0.0392578125,0.2780829071998596,0.003911351185524836,0.15325064957141876,0.8367327451705933,0.04178308583796024,0.7312588691711426,0.003981449579549929,0.011558005586266518,0.2160918414592743,0.05327466272283345,0.9145162105560303,0.004543928796437091,0.0135967917740345,0.2181430608034134,0.11997863426804542,role_local,0.12189963757991791,0.06823328002355993,0.0002686912,0.000260864,0.00260864,256.0,1.2841859817504884,469632.0,2.829247236251831,0.9975219368934631,0.39077773690223694,combat>support,5,0.0,-1.220703143189894e-05,-0.018929867726304412,-0.00244140625,0.001953125,-0.0022017128096649685,-0.0022017128096649685,0.0,0.0,0.0,-0.00390625,0.0,0.0,0.22119140625,-0.026131835795240477,0.0007279746243966656,0.0009765625,-0.012925894297950435,-0.012925894297950435,-0.9723982065916061,0.0,-0.019761831135838293,-0.001953125,-0.5051995506801177,0.0078125,0.0,0.0,0.0,0.0009765625,-0.02083687767299125,-0.02083687767299125,-0.9886527254711837,-4.882812572759576e-05,-0.01981148712366121,-0.001953125,-0.5214026131434366,0.0,0.0,0.0,0.0,0.0009765625,-0.018192847368482035,-0.018192847368482035,-0.8607866475358605,0.0,-0.017216284919413738,-0.001953125,-0.4550563113298267,0.0,0.0,0.0,0.0,0.0009765625,0.0007279746243966656,0.0009765625,-0.013539334046072327,-0.019999999552965164,-0.003281204728409648,0.0618034303188324,0.5294768810272217,0.5178914070129395,0.0,967,-0.04378306865692139,0.2590949237346649,0.15604582168161868,0.9276269674301147,1.3363332509994508,0.6594956457614899,0.011128590200096372,10,-0.005465660523623228,0.3778982957204183,0.01648792577907443,123.38311329932803,230.0,0.06823328002355993,58704.0,3806.2907268409617
0.36655485108494756,-0.00203767910352326,0.005241323299589817,0.06315745203755796,5939,2048,1.2320405125617981,0.25640683323144914,0.15380859375,0.011186525138327852,0.04170000934973359,0.003801873337782835,1.0,10,-0.0029814667534083126,0.36475656429926556,0.03203125,0.7892391085624695,0.003456213537720032,-0.007762468419969082,0.22458145022392273,0.042474542278796434,0.8786026239395142,0.0036926204268710365,-0.014247696846723557,0.2120732218027115,0.05115061085671187,0.8867659568786621,0.004278130227883159,-0.028231991454958916,0.20033110678195953,0.02169349379837513,role_local,0.08160705678164959,0.020775929605588318,0.00026855466666666665,0.0002606933333333333,0.0026069333333333332,256.0,1.2835935354232788,471680.0,2.979252338409424,0.9936250448226929,0.3204658627510071,combat>support,3,0.0,-8.544922002329258e-05,-0.019320274458247393,-0.00244140625,0.0,-0.0033418222260479524,-0.0033418222260479524,0.0,-4.882812572759576e-05,0.0,-0.00390625,0.0,0.0,0.32470703101716936,-0.11426201046560891,0.0006132560815785837,0.0,-0.022040050360374153,-0.022040050360374153,-0.999463572865352,-9.765625145519152e-05,-0.019989269159850664,-0.001953125,-0.6471416492713615,0.0,0.0,0.0,0.0,0.0,-0.0211275844994816,-0.0211275844994816,-0.9522814794909209,-9.765625145519152e-05,-0.01907680329895811,-0.001953125,-0.5473215116653591,0.0,0.0,0.0,0.0,0.0,-0.02094553210918093,-0.02094553210918093,-0.9447376488242298,-9.765625145519152e-05,-0.0188947509159334,-0.001953125,-0.5832688857335597,0.0,0.0,0.0,0.0,0.0,0.0006132560815785837,0.0,-0.0168637484566716,-0.019999999552965164,-0.00203767910352326,-0.016569947823882103,0.21296192705631256,0.8603496551513672,0.0,1073,0.029264133423566818,0.3046056926250458,0.08461489472538233,0.8927895426750183,1.3351465582847595,0.47670286893844604,0.006680773261396799,10,-0.0010938914536382071,0.3779069681962331,0.019858365412801504,123.51700088944725,231.0,0.020775929605588318,58960.0,3818.7455702731386
0.36069761142134665,-0.0029401766441878863,0.004276897556676648,0.047013117210008205,5847,2048,1.2295518517494202,0.2793714925646782,0.1615234375,0.012014685902977362,0.049041001871228215,0.0041296045980870055,1.0,10,-0.0043262757506454365,0.3642446498076121,0.04377200873568654,0.9345279335975647,0.003878474876569798,-0.06311937421560287,0.19522999227046967,0.05615234375,0.8306129574775696,0.00442175997159211,-0.037888262420892715,0.1112477257847786,0.04651018101722002,0.8821206092834473,0.00405666677474914,-0.057157497853040695,0.15010856091976166,0.011477012466639281,role_local,0.0796013291925192,0.01774333151988685,0.0002684181333333333,0.00026052266666666665,0.0026052266666666667,256.0,1.2823491394519806,473728.0,2.278658866882324,0.998226523399353,0.4706342816352844,support>combat,8,0.0,-3.662109429569682e-05,-0.019010944609666087,-0.0029296875,0.0,-0.005911580239143177,-0.005911580239143177,0.0,-4.882812572759576e-05,0.0,-0.005859375,0.0,0.0,0.2574869798263535,-0.1722208138089627,-3.3769606204714364e-06,0.0,-0.021541355752560776,-0.021541355752560776,-0.8817551862448454,0.0,-0.01763510586170014,-0.00390625,-0.5176653278758749,0.0,0.0,0.0,0.0,0.0,-0.020014204164908733,-0.020014204164908733,-0.9915345616172999,-4.882812572759576e-05,-0.01996537603554316,0.0,-0.6064018207835034,0.0,0.0,0.0,0.0,0.0,-0.02143430500291288,-0.02143430500291288,-0.9716068592388183,-4.882812572759576e-05,-0.019432351931754965,-0.001953125,-0.5772074938286096,0.0,0.0,0.0,0.0,0.0,-3.3769606204714364e-06,0.0,-0.017225362393219257,-0.019999999552965164,-0.0029401766441878863,-0.052251677960157394,0.15462979674339294,0.9141499996185303,0.0,1031,-0.03199225664138794,0.31314611434936523,0.04498523254878819,0.9038247466087341,1.335146427154541,0.4420237302780151,0.004424190515266291,10,-0.0015540775377303362,0.3777788082758586,0.024009650573134422,123.6515306933458,232.0,0.01774333151988685,59216.0,3831.153543702094
0.3835745669901371,-0.008343977126060054,0.006592368499396968,0.0807824500487186,5556,2048,1.2257283449172973,0.26186509281396864,0.17236328125,0.01274341919925064,0.05588932253886014,0.00455533822534428,1.0,10,-0.00881841448135674,0.3639841079711914,0.053448323288466784,0.9643256664276123,0.004538772084831966,-0.026896076276898384,0.18577180802822113,0.05740747187519446,0.8078640699386597,0.00455477430096214,-0.01764090359210968,0.15916353464126587,0.056200391286984085,0.834610641002655,0.004568042318567178,-0.03518256917595863,0.17984852194786072,0.012835482507944107,role_local,0.05709876753389835,0.012752769771032036,0.0002682816,0.000260352,0.00260352,256.0,1.2799558162689209,475776.0,2.606550931930542,1.009465217590332,0.34097546339035034,support>combat,7,0.0,-2.441406286379788e-05,-0.018073287947724264,-0.001953125,0.0,-0.0026067487913223886,-0.0026067487913223886,0.0,-4.882812572759576e-05,0.0,-0.001953125,0.0,0.0,0.16406250017462298,-0.21017426811158657,-0.0006047956027259715,0.0,-0.01698959881468909,-0.01698959881468909,-0.7493658699095249,-4.882812572759576e-05,-0.014987645736255217,-0.001953125,-0.4851867083925754,0.0,0.0,0.0,0.0,0.0,-0.021600606421998236,-0.021600606421998236,-0.98212067829445,0.0,-0.019647481480205897,-0.001953125,-0.7195246720220894,0.0,0.0,0.0,0.0,0.0,-0.021537861568504013,-0.021537861568504013,-0.9754375654738396,0.0,-0.019584736626711674,-0.001953125,-0.6932323309592903,0.0,0.0,0.0,0.0,0.0,-0.0006047956027259715,0.0,-0.015683704761613626,-0.019999999552965164,-0.008343977126060054,-0.026536164805293083,0.17452570796012878,0.9299916625022888,0.0,961,-0.010965709574520588,0.2378733605146408,0.10567557755857707,0.9294539093971252,1.3341832876205444,0.5052840411663055,0.008629398773449657,10,-0.007869539770763368,0.3777126967906952,0.012670057034119964,123.87237040616372,233.0,0.012752769771032036,59472.0,3840.856507710181
0.3985174149274826,-0.0025917387334629892,0.0029910127004244337,0.03303444450721145,5229,2048,1.2250584006309508,0.190755295753479,0.04521484375,0.0038953645314904863,0.008189731277525425,0.00154541500924264,1.0,10,-0.002648179093375802,0.3641113340854645,0.005785993335302919,0.9758962392807007,0.0013663150010189585,-0.013171917758882046,0.11821844428777695,0.011469023418612778,0.9417533874511719,0.0018429146880975412,-0.03588469699025154,0.19212792813777924,0.007147920259740204,0.9527047872543335,0.0014151857181971873,-0.003609436098486185,0.13976648449897766,0.009774479269981384,role_local,0.062454150058329105,0.011949119251221418,0.00026814506666666667,0.00026018133333333333,0.0026018133333333333,256.0,1.2793663501739503,477824.0,2.0220229625701904,1.001264214515686,0.4673130214214325,combat>support,9,0.0,-1.220703143189894e-05,-0.01701310665278773,-0.0029296875,0.0,-0.007898064090568369,-0.007898064090568369,0.0,-4.882812572759576e-05,0.0,-0.0078125,0.0,0.0,0.18457031075377017,-0.12916953358217143,-3.673594824249449e-05,0.0,-0.016171171300811693,-0.016171171300811693,-0.804709491552785,0.0,-0.016171171300811693,0.0,-0.4777572989696637,0.0,0.0,0.0,0.0,0.0,-0.021277331507008057,-0.021277331507008057,-0.8685175129212439,0.0,-0.01737108161614742,-0.00390625,-0.5425299836788327,0.0,0.0,0.0,0.0,0.0,-0.01749706704140408,-0.01749706704140408,-0.8748489103745669,0.0,-0.01749706704140408,0.0,-0.5869960247073323,0.0,0.0,0.0,0.0,0.0,-3.673594824249449e-05,0.0,-0.01571091004734626,-0.019999999552965164,-0.0025917387334629892,-0.01763080060482025,0.15453289449214935,0.956348717212677,0.0,804,-0.059756942093372345,0.2686278522014618,0.05787915773689747,0.963888943195343,1.3336742997169495,0.6062795341014862,0.004436610391606227,10,-0.0025352983735501765,0.3775741755962372,0.014123759232461452,124.01065652510944,234.0,0.011949119251221418,59728.0,3853.088221521117
0.45453210100531577,-0.00857042139978148,0.005068936471192017,0.06596970427781343,5676,2048,1.2264373064041139,0.2471972033381462,0.16220703125,0.012289322049764451,0.05632436154410243,0.004368685217214091,1.0,10,-0.0023839051369577645,0.3642083505789439,0.06572422394528984,0.8934886455535889,0.005040031363997921,-0.045172907412052155,0.27633047103881836,0.060866929171606896,0.7942822575569153,0.004618974686328015,-0.03172525018453598,0.20216067135334015,0.04389110282063484,0.8031589984893799,0.0035549208213873753,-0.038070373237133026,0.20752333104610443,0.021723980270326137,role_local,0.07654178105294704,0.020366917131468654,0.0002680085333333333,0.00026001066666666667,0.0026001066666666668,256.0,1.2791653215885161,479872.0,2.469845771789551,1.0023651123046875,0.3556230366230011,combat>support,6,0.0,0.0,-0.018446852617974702,-0.00244140625,0.0,-0.0007044569165373105,-0.0007044569165373105,0.0,0.0,0.0,-0.001953125,0.0,0.0,0.30208333273185417,0.006722471149714693,0.0012486681380323716,0.0,-0.0201367042172933,-0.0201367042172933,-0.8115227918606251,0.0,-0.01623045431188075,-0.00390625,-0.5277972886105999,0.0,0.0,0.0,0.0,0.0,-0.021591360804450233,-0.021591360804450233,-0.981911902083084,0.0,-0.019638235862657893,-0.001953125,-0.6165423691272736,0.0,0.0,0.0,0.0,0.0,-0.021424992621177807,-0.021424992621177807,-0.9735759475734085,0.0,-0.01947186767938547,-0.001953125,-0.6674618795514107,0.0,0.0,0.0,0.0,0.0,0.0012486681380323716,0.0,-0.015964380054356297,-0.019999999552965164,-0.00857042139978148,-0.037897802889347076,0.2281983494758606,0.8630749583244324,0.0,661,0.09652572870254517,0.3655419945716858,0.07561504701152444,0.8897009491920471,1.3318933367729187,0.6618669986724853,0.005769187725169944,10,-0.014756937662605196,0.3772130310535431,0.01900985399261117,124.23502846946957,235.0,0.020366917131468654,59984.0,3862.614319905173
0.4631196267902851,0.0013010774011490867,0.008961024308866337,0.12037843405269086,5888,2048,1.2269804358482361,0.206569342315197,0.101171875,0.007043086373596452,0.020276834443211555,0.002481570811077305,1.0,10,-0.001149951945990324,0.36429767807324726,0.013268615677952766,0.9525299072265625,0.0021730207058279437,-0.026611777022480965,0.13569337129592896,0.0208984375,0.847480058670044,0.0025375816287123596,-0.023686761036515236,0.1304875910282135,0.02578125,0.8601431846618652,0.0026955131179420277,-0.028734466060996056,0.12319599837064743,0.0077151018660515545,role_local,0.046634194999933244,0.01458750560414046,0.00026787199999999995,0.00025984,0.0025984,256.0,1.2775477170944214,481920.0,2.3928945064544678,0.9917939901351929,0.3794555962085724,combat>support,7,0.0,0.0,-0.01916573643393349,-0.00146484375,0.0,-0.004918358071051898,-0.004918358071051898,0.0,0.0,0.0,-0.005859375,0.0,0.0,0.29541015625,-0.040103976458340185,0.0009410167604642083,0.0,-0.017499486973974854,-0.017499486973974854,-0.8749744365923107,0.0,-0.017499486973974854,0.0,-0.5247590962098911,0.0,0.0,0.0,0.0,0.0,-0.01999885396071477,-0.01999885396071477,-0.9999414496123791,0.0,-0.01999885396071477,0.0,-0.6873317681020126,0.0,0.0,0.0,0.0,0.0,-0.019998868367110845,-0.019998868367110845,-0.9999416547361761,0.0,-0.019998868367110845,0.0,-0.721650956897065,0.0,0.0,0.0,0.0,0.0,0.0009410167604642083,0.0,-0.015603893145453185,-0.019999999552965164,0.0013010774011490867,-0.026332708075642586,0.12965266406536102,0.91834956407547,0.0,608,-0.04448947682976723,0.38294732570648193,0.22048003366217017,0.9235827326774597,1.3281149983406066,0.7196699112653733,0.015440477806655367,10,0.0037521067482884974,0.3767109115918477,0.021459909342229366,124.34573932846814,236.0,0.01458750560414046,60240.0,3875.6454592060763
0.4058712523430586,-0.00021703602051275083,0.006562267651620624,0.08285130168660544,5845,2048,1.2277877688407899,0.2762003503739834,0.09443359375,0.0068369951739441605,0.0209225959260948,0.002371183540744448,1.0,10,-0.0014458845358603866,0.3643985291322072,0.022979244543239474,0.9432697296142578,0.0025335172576230356,-0.02735125459730625,0.16289371252059937,0.0181640625,0.8701441884040833,0.002232343554351246,-0.027281906455755234,0.13893060386180878,0.021916433051228524,0.8568794131278992,0.002370754369381711,-0.030924730002880096,0.14749673008918762,0.01021232046186924,role_local,0.054864554479718206,0.008208939479663968,0.00026773546666666664,0.0002596693333333333,0.0025966933333333333,256.0,1.2766659259796143,483968.0,2.443608045578003,1.0008223056793213,0.3914177715778351,combat>support,6,0.0,-2.441406286379788e-05,-0.019005879636097234,-0.001953125,0.0,-0.0003426681798828213,-0.0003426681798828213,0.0,0.0,0.0,-0.001953125,0.0,0.0,0.3271484383731149,0.05031051120022312,0.0016104568055652635,0.0,-0.01914912517531775,-0.01914912517531775,-0.8597996265161783,0.0,-0.017196000226249453,-0.001953125,-0.43378433294128627,0.0,0.0,0.0,0.0,0.0,-0.02198497881181538,-0.02198497881181538,-0.99850212642923,-4.882812572759576e-05,-0.019983025740657467,-0.001953125,-0.5711070193210617,0.0,0.0,0.0,0.0,0.0,-0.021840566012542695,-0.021840566012542695,-0.9916977295652032,-4.882812572759576e-05,-0.01983861294138478,-0.001953125,-0.5895861787721515,0.0,0.0,0.0,0.0,0.0,0.0016104568055652635,0.0,-0.015829335770831676,-0.019999999552965164,-0.00021703602051275083,-0.028571102768182755,0.14946311712265015,0.9138790369033813,0.0,747,0.09418108314275742,0.18296408653259277,0.14478000744711608,0.9636808037757874,1.3255440831184386,0.5355421543121338,0.0107533517624968,10,0.001011812494834885,0.37669257322947186,0.0062055584974586965,124.47207689107046,237.0,0.008208939479663968,60496.0,3888.165218160022
0.407282043248415,-0.002537516976008192,0.0037281056630757204,0.04493645632173866,5638,2048,1.2281741738319396,0.253244985640049,0.12978515625,0.009890427067875861,0.041125098196789625,0.0036345055998296683,1.0,10,-0.0009610987384803593,0.36435309052467346,0.030403087474405767,0.9434996843338013,0.0029437395800118948,-0.06666018813848495,0.15955564379692078,0.052074687415733935,0.9096136689186096,0.004338733017437296,-0.048634517937898636,0.18747642636299133,0.040512554021552204,0.9038375020027161,0.0035960115453197218,-0.0650748610496521,0.2102559208869934,0.01586662819609046,role_local,0.09819622803479433,0.018206940358504654,0.00026759893333333333,0.00025949866666666663,0.002594986666666667,256.0,1.2770642936229706,486016.0,2.244262218475342,0.998555064201355,0.35478124022483826,support>combat,8,0.0,-1.220703143189894e-05,-0.018319615264772438,-0.00390625,0.0,-0.00220410324675413,-0.00220410324675413,0.0,0.0,0.0,-0.00390625,0.0,0.0,0.33740234375,0.05875625021872111,0.0017021468532902873,0.0,-0.02201110769965453,-0.02201110769965453,-0.9052429860457778,0.0,-0.018104857808793895,-0.00390625,-0.5669157889205962,0.0,0.0,0.0,0.0,0.0,-0.02260712626593886,-0.02260712626593886,-0.9350439165718853,0.0,-0.01870087638235418,-0.00390625,-0.544188273139298,0.0,0.0,0.0,0.0,0.0,-0.02210818961611949,-0.02210818961611949,-0.9076556756626815,-4.882812572759576e-05,-0.018153111603169236,-0.00390625,-0.502040732302703,0.0,0.0,0.0,0.0,0.0,0.0017021468532902873,0.0,-0.017232632777449908,-0.019999999552965164,-0.002537516976008192,-0.0599951334297657,0.18712404370307922,0.9194007515907288,0.0,693,0.036494139581918716,0.3463155925273895,0.0487478144466877,0.9110546112060547,1.3259544134140016,0.561319100856781,0.0038217057263217726,10,-0.004113935213536024,0.3767458101113637,0.020547252520918845,124.58397070559842,238.0,0.018206940358504654,60752.0,3901.1118143640924
0.3851216986775398,-0.0046330856857821345,0.004967565454097681,0.060695435298839584,4999,2048,1.2281106114387512,0.24301474988460542,0.11025390625,0.008076918782899156,0.03256325776455924,0.0034225645684877737,1.0,10,-0.001737188920378685,0.36451074481010437,0.02808653861284256,0.9507040977478027,0.0030903902524789086,-0.016790658235549927,0.17114858329296112,0.024734944058582186,0.9633981585502625,0.0031161951381363908,-0.02090250700712204,0.20940670371055603,0.046501926460769026,0.9563271999359131,0.004162330077431375,-0.07661892473697662,0.25923916697502136,0.01820720173418522,role_local,0.08309276998043061,0.011162371560931205,0.00026746239999999997,0.00025932799999999997,0.00259328,256.0,1.2772440791130066,488064.0,2.0138373374938965,0.9957959651947021,0.41315335035324097,combat>support,7,0.0,0.0,-0.01623262231199381,-0.00341796875,0.0,0.0036613911643144093,0.0036613911643144093,0.0,0.0,0.0,0.0,0.0,0.0,0.54541015625,0.24662509188055992,0.0036613911643144093,0.0,-0.02015538763953373,-0.02015538763953373,-0.9101132301148027,0.0,-0.01820226269774139,-0.001953125,-0.33282999537186697,0.0,0.0,0.0,0.0,0.0,-0.019703924837813247,-0.019703924837813247,-0.789709557313472,0.0,-0.015797674932400696,-0.00390625,-0.22416272306872997,0.0,0.0,0.0,0.0,0.0,-0.022510429123940412,-0.022510429123940412,-0.7348901040386409,0.0,-0.014697929305839352,-0.0078125,-0.09858293886736647,0.0,0.0,0.0,0.0,0.0,0.0036613911643144093,0.0,-0.014677088580356212,-0.019999999552965164,-0.0046330856857821345,-0.0361982062458992,0.2149040251970291,0.9579207897186279,0.0,1117,0.08525276184082031,0.12197146564722061,0.08882761283311993,0.9030992984771729,1.326377546787262,0.5272286474704743,0.006512566339707588,10,-0.007528982451185584,0.376862237850825,0.004117541387677193,124.68775159382783,239.0,0.011162371560931205,61008.0,3914.28984612599
0.39946316853165625,0.00027168667293153703,0.0025613900125240896,0.026704896963201462,4859,2048,1.2302355289459228,0.2761996552348137,0.08779296875,0.00618195836286759,0.024789159698411823,0.0025974991013628657,1.0,10,-0.002410968125332147,0.3647705912590027,0.0251953125,0.9047490358352661,0.0025701904021843804,-0.026984751224517822,0.1418565958738327,0.024609498702920972,0.9793722629547119,0.0026329101837951176,-0.016903873533010483,0.13746115565299988,0.024327263096347453,0.9873931407928467,0.0025940668630129115,-0.016977926716208458,0.15845711529254913,0.008043419988825917,role_local,0.049577807821333406,0.0157738538691774,0.00026732586666666666,0.0002591573333333333,0.0025915733333333334,256.0,1.2788705706596375,490112.0,2.252458333969116,0.996516227722168,0.4977564215660095,combat>support,8,0.0,-1.220703143189894e-05,-0.01579520867502045,-0.00439453125,0.0,-0.0036205995429554605,-0.0036205995429554605,0.0,0.0,0.0,-0.005859375,0.0,0.0,0.52490234375,0.023194365348899737,0.002238775535261084,0.0,-0.02388552146294387,-0.02388552146294387,-0.9989438701886684,0.0,-0.019979271579359192,-0.00390625,-0.47956791962496936,0.0,0.0,0.0,0.0,0.0,-0.020249528519343585,-0.020249528519343585,-0.8171471725217998,0.0,-0.01634327862120699,-0.00390625,-0.28063416021177545,0.0,0.0,0.0,0.0,0.0,-0.015018153873825213,-0.015018153873825213,-0.5531538130016997,-4.882812572759576e-05,-0.011063075824495172,-0.00390625,-0.08195056192926131,0.0,0.0,0.0,0.0,0.0,0.002238775535261084,0.0,-0.01569345165262348,-0.019999999552965164,0.00027168667293153703,-0.02117011696100235,0.14453016221523285,0.9802052974700928,0.0,1078,0.03459297493100166,0.30893248319625854,0.028620634227991104,0.9198065996170044,1.327505612373352,0.5227266818284988,0.0025252809236853135,10,0.002954341471195221,0.37702765067418414,0.023504287749528886,124.77622628345907,240.0,0.0157738538691774,61264.0,3927.927735902136
0.38741074576973916,-0.005811174376867711,0.004205400158100196,0.04987530109501677,5617,2048,1.231966495513916,0.31476053446531294,0.13828125,0.010281755280448123,0.04079132296901662,0.003584364576615247,1.0,10,-0.007778603304177523,0.3649200002352397,0.035664769168943164,0.879361629486084,0.0033331896164384535,-0.03154771029949188,0.17853963375091553,0.04626247447449714,0.8976771831512451,0.003946941217309946,-0.04526497423648834,0.1939065307378769,0.0406005154363811,0.9735293388366699,0.0034573193431386403,-0.05932561680674553,0.18035419285297394,0.01522605074569583,role_local,0.07675076499581338,0.011577266384847462,0.0002671893333333333,0.00025898666666666664,0.002589866666666667,256.0,1.2806250512599946,492160.0,2.3536577224731445,1.0153419971466064,0.35553860664367676,support>combat,5,0.0,-4.882812572759576e-05,-0.018255991926707793,-0.00390625,0.0,0.0007612389777023054,0.0007612389777023054,0.0,-9.765625145519152e-05,0.0,0.0,0.0,0.0,0.38248698122333735,-0.11184211308136582,0.000858895222791034,0.0,-0.02387502852070611,-0.02387502852070611,-0.9984387659933418,0.0,-0.01996877863712143,-0.00390625,-0.5033509251661599,0.0,0.0,0.0,0.0,0.0,-0.025171128821966704,-0.025171128821966704,-0.9626276113558561,-4.882812572759576e-05,-0.019262925867224112,-0.005859375,-0.4042027448886074,0.0,0.0,0.0,0.0,0.0,-0.0214444742523483,-0.0214444742523483,-0.7768130637705326,-4.882812572759576e-05,-0.015536271275777835,-0.005859375,-0.2515317575307563,0.0,0.0,0.0,0.0,0.0,0.000858895222791034,0.0,-0.01743234919558745,-0.019999999552965164,-0.005811174376867711,-0.04425615072250366,0.18492776155471802,0.9446746706962585,0.0,1396,0.029852651059627533,0.16508831083774567,0.058959279221016916,0.8443201780319214,1.329283607006073,0.46006095707416533,0.0048264357395851444,10,-0.0038437454495579004,0.37737279136975604,0.007928482023999095,124.87918467024076,241.0,0.011577266384847462,61520.0,3941.0891518839635
0.3074990510940552,-0.0007618224561156239,0.004051499604899915,0.04662649343372323,5125,2048,1.2334261894226075,0.25652046501636505,0.13486328125,0.009436910651857033,0.04023006265051663,0.003813247825380875,1.0,10,-0.002603245030331891,0.3651689986387889,0.032408363826107234,0.9684053659439087,0.003338287467472778,-0.041975799947977066,0.18905813992023468,0.044874625781085344,0.950617790222168,0.004163115931392364,-0.05987805500626564,0.17925971746444702,0.043974077655002476,0.9815592765808105,0.003952045156845096,-0.0848996564745903,0.1870504766702652,0.014387643616646528,role_local,0.08255470618605613,0.016166404727846383,0.0002670528,0.000258816,0.00258816,256.0,1.2824008285999298,494208.0,2.635336399078369,0.999025285243988,0.4519825279712677,combat>support,6,0.0,-2.441406286379788e-05,-0.016626011733023915,-0.00732421875,0.0,-0.00048035129975687596,-0.00048035129975687596,0.0,0.0,0.0,-0.001953125,0.0,0.0,0.435546875,-0.04490231379168108,0.0014727736402164737,0.0,-0.027378263948776294,-0.027378263948776294,-0.8781906415242702,-4.882812572759576e-05,-0.017563811081345193,-0.009765625,-0.2661819394270424,0.0,0.0,0.0,0.0,0.0,-0.026222234933811706,-0.026222234933811706,-0.9179397071711719,-4.882812572759576e-05,-0.018360907015448902,-0.0078125,-0.26434390345821157,0.0,0.0,0.0,0.0,0.0,-0.023718941876722965,-0.023718941876722965,-0.6976384338922799,0.0,-0.013953317102277651,-0.009765625,-0.03795553604140878,0.0,0.0,0.0,0.0,0.0,0.0014727736402164737,0.0,-0.019449949548288714,-0.019999999552965164,-0.0007618224561156239,-0.060570646077394485,0.18572010099887848,0.9718248844146729,0.0,1499,0.022346297279000282,0.22557824850082397,0.05302292421692982,0.8571054935455322,1.3313754677772522,0.3584776371717453,0.004289751384418955,10,0.0010796001181006432,0.3773908317089081,0.01794516583904624,124.97315955363085,242.0,0.016166404727846383,61776.0,3954.513127180049
0.35421805903315545,-0.0037566468818113208,0.004738528428408814,0.0576188670063857,5204,2048,1.2357116222381592,0.3051600307226181,0.167578125,0.012292072142008692,0.059711234737187625,0.005037159276705683,1.0,10,-0.0031110621755942704,0.36545969049135846,0.0520876195281744,0.9582805037498474,0.0045833337125151365,0.007754660211503506,0.13834819197654724,0.06119555663317442,0.956933319568634,0.005182730562236615,0.0078835254535079,0.19707749783992767,0.06712001170963049,0.9696826934814453,0.005420104548102244,-0.004673287738114595,0.18826815485954285,0.012430696189403534,role_local,0.051047594845294954,0.01998233124613762,0.00026691626666666663,0.0002586453333333333,0.0025864533333333334,256.0,1.2834789395332336,496256.0,1.80398690700531,0.9973286390304565,0.4683680534362793,support>combat,7,0.0,-1.220703143189894e-05,-0.016900463233469054,-0.0048828125,0.0,-0.0006894830862620438,-0.0006894830862620438,0.0,-4.882812572759576e-05,0.0,-0.00390625,0.0,0.0,0.76123046875,0.03677888488891767,0.0032655951176820963,0.0,-0.022409332581446506,-0.022409332581446506,-0.9251175634562969,0.0,-0.01850308269058587,-0.00390625,-0.1652581336657022,0.0,0.0,0.0,0.0,0.0,-0.022397064240067266,-0.022397064240067266,-0.8268307151738554,0.0,-0.016537689385586418,-0.005859375,-0.08025233520311303,0.0,0.0,0.0,0.0,0.0,-0.02151999248599168,-0.02151999248599168,-0.7828334737569094,0.0,-0.015660617624234874,-0.005859375,0.013876561803044751,0.0,0.0,0.0,0.0,0.0,0.0032655951176820963,0.0,-0.016753969313867856,-0.019999999552965164,-0.0037566468818113208,0.003958994522690773,0.175053209066391,0.9630956053733826,0.0,1693,0.032119110226631165,0.2634330093860626,0.05552649927558377,0.8510550856590271,1.331246256828308,0.4032760873436928,0.004439897580111945,10,-0.004402231588028371,0.3775002459685008,0.027533966302871703,125.06955131733301,243.0,0.01998233124613762,62032.0,3967.840251868125
0.38391235545277597,4.418703611008823e-05,0.005627368493017336,0.07040522850584238,4787,2048,1.2369133114814759,0.24409969598054887,0.05361328125,0.004283364687580615,0.009351446968503296,0.001875175078205779,1.0,10,-0.0012011363520286976,0.3653266727924347,0.008269296074286104,0.9644252061843872,0.0017956091653856254,-0.036921124905347824,0.14721538126468658,0.008435099071357399,0.9843972325325012,0.00194185992542871,-0.03942465782165527,0.14623183012008667,0.011632753815501929,0.978830873966217,0.0019092676891130256,-0.010605600662529469,0.1613675355911255,0.009251074260100722,role_local,0.0605859937146306,0.017358998185954988,0.0002667797333333333,0.00025847466666666666,0.002584746666666667,256.0,1.2847147226333617,498304.0,1.8914241790771484,0.9980473518371582,0.4190525710582733,combat>support,10,0.0,-7.324218859139364e-05,-0.015555985902513688,-0.00439453125,0.0,-0.0023319556245837703,-0.0023319556245837703,0.0,-4.882812572759576e-05,0.0,-0.001953125,0.0,0.0,0.4023437423747964,-0.3232296228525229,-0.00033000272838989986,0.0,-0.02407193924591411,-0.02407193924591411,-0.9063727033790201,-4.882812572759576e-05,-0.018163736291171517,-0.005859375,-0.6467500089202076,0.0,0.0,0.0,0.0,0.0,-0.020253641130693723,-0.020253641130693723,-0.7103727352805436,-0.00014648437718278728,-0.014247781888116151,-0.005859375,-0.44835917587624863,0.0,0.0,0.0,0.0,0.0,-0.01821151756303152,-0.01821151756303152,-0.7101950088981539,-4.882812572759576e-05,-0.014256439528253395,-0.00390625,-0.5061968114459887,0.0,0.0,0.0,0.0,0.0,-0.00033000272838989986,0.0,-0.016217264164879452,-0.019999999552965164,4.418703611008823e-05,-0.029648693278431892,0.15191611647605896,0.9780036211013794,0.0,1185,-0.038987498730421066,0.307798832654953,0.13145901004318147,0.7126896381378174,1.3325161337852478,0.523725014925003,0.009379561907828893,10,0.001289510424248874,0.37762270371119183,0.025466922111809252,125.18027143221016,244.0,0.017358998185954988,62288.0,3980.6911608260125
0.42558862268924713,0.01160381647059694,0.0027378530176092736,0.027753927849698812,3664,1696,1.234423077106476,0.325446680188179,0.08751860223710536,0.00669726271298714,0.03258270854130387,0.003070472893828363,1.0,10,0.0025639167288318276,0.36492782831192017,0.04333088435232639,0.9690770506858826,0.003879484358938351,-0.01865389384329319,0.1705203354358673,0.02129006162285805,0.9902891516685486,0.0022245047381998172,-0.03641632944345474,0.13424617052078247,0.02919797794893384,0.9588838815689087,0.0028093247850079104,-0.03213882818818092,0.24175210297107697,0.012636118568480015,role_local,0.11247611530125141,0.03307752134278417,0.0002666666666666666,0.0002583333333333333,0.0025833333333333333,212.0,1.283946168422699,500000.0,2.506005048751831,1.0066930055618286,0.35276955366134644,combat>support,9,0.0,-5.89622650295496e-05,-0.014370607417193973,-0.005306603773584905,0.0,-0.007545581208827536,-0.007545581208827536,0.0,-5.89622650295496e-05,0.0,-0.007075471698113208,0.0,0.0,0.10023584645592941,-0.13534845770248827,-0.00041114731899348424,0.0,-0.021741256363830477,-0.021741256363830477,-0.84825499215216,-5.89622650295496e-05,-0.016965313094123354,-0.0047169811320754715,-0.509437158282073,0.0,0.0,0.0,0.0,0.0,-0.016555896002518118,-0.016555896002518118,-0.5918913151857987,0.0,-0.011838914958303267,-0.0047169811320754715,-0.2988916657302739,0.0,0.0,0.0,0.0,0.0,-0.019142499755857127,-0.019142499755857127,-0.7153797624808438,-0.0001179245300590992,-0.0143075941991553,-0.0047169811320754715,-0.48232449464640526,0.0,0.0,0.0,0.0,0.0,-0.00041114731899348424,0.0,-0.016246309205186816,-0.019999999552965164,0.01160381647059694,-0.02800983563065529,0.18935567140579224,0.9757524132728577,0.0,707,-0.20212633907794952,0.4996955990791321,0.02292514715809375,0.7170364856719971,1.3334692597389222,0.5257305651903152,0.002405233141390184,10,0.02064371621236205,0.3777935306231181,0.05351892411708832,125.28530021353454,245.0,0.03307752134278417,62500.0,3990.8911831460427
0.31689752340316774,-0.0018127611954696476,0.004113074063375265,0.049953851266764104,5780,2048,1.23130362033844,0.2521109327673912,0.13349609375,0.011532187534612603,0.0514528623316437,0.004065618279833008,1.0,10,-0.0005548123270273208,0.3645981053511302,0.059413773962296544,0.9331105947494507,0.004641137568496434,-0.0011262326734140515,0.13800416886806488,0.04833398465998471,0.9664022922515869,0.003937036883874895,-0.0026434732135385275,0.1383385956287384,0.04614815762033686,0.9135251045227051,0.0035877423536147092,0.026759592816233635,0.18726219236850739,0.011047571059316396,role_local,0.05647689644247293,0.010630568582564592,0.0002665301333333333,0.0002581626666666667,0.002581626666666667,256.0,1.2834086179733277,502048.0,3.3302597999572754,0.9928267002105713,0.2879219651222229,support>combat,4,0.0,-6.10351571594947e-05,-0.018800899386405945,-0.0009765625,0.0,0.001021595047404844,0.001021595047404844,0.0,0.0,0.0,-0.001953125,0.0,0.0,0.5283203125,0.14357314319931902,0.0029747200792371586,0.0,-0.019607695656304713,-0.019607695656304713,-0.977925734827295,-4.882812572759576e-05,-0.019558867534215096,0.0,-0.41096060164272785,0.0,0.0,0.0,0.0,0.0,-0.020234030300343875,-0.020234030300343875,-0.9091625532601029,-9.765625145519152e-05,-0.018183249172579963,-0.001953125,-0.2748243297683075,0.0,0.0,0.0,0.0,0.0,-0.018758237703877967,-0.018758237703877967,-0.9330261258874089,-9.765625145519152e-05,-0.018660581452422775,0.0,-0.33388113451655954,0.0,0.0,0.0,0.0,0.0,0.0029747200792371586,0.0,-0.014394593730685301,-0.019999999552965164,-0.0018127611954696476,0.00760363694280386,0.15669667720794678,0.9413909912109375,0.0,1083,0.05655624717473984,0.17367805540561676,0.04845484020188451,0.952359676361084,1.3355136156082152,0.38168411403894426,0.004160529846917521,10,-0.0030707100639119746,0.37800822655359906,0.010213566105812788,117.49865202238007,246.0,0.010630568582564592,62756.0,4272.79795434908
0.3054266445338726,-0.0038231566490139813,0.0044275779801997255,0.054249523160979155,5848,2048,1.2291608929634095,0.1840674623847008,0.09677734375,0.00721856415621005,0.02324790945276618,0.0024340267763289774,1.0,10,-0.0016613044776022435,0.3644365568955739,0.01974022090435028,0.9497784376144409,0.002329267716045025,-0.020652079954743385,0.15727823972702026,0.021153587847948074,0.9321655631065369,0.0022899674758465995,-0.018870554864406586,0.19273903965950012,0.028848790004849433,0.9003121256828308,0.002680920219802596,-0.034799542278051376,0.20446141064167023,0.015883804857730867,role_local,0.054305743984878065,0.016453491523861885,0.00026639359999999996,0.00025799199999999997,0.0025799200000000003,256.0,1.2827670216560363,504096.0,2.875594139099121,1.007976770401001,0.39297595620155334,combat>support,2,0.0,-7.324218859139364e-05,-0.01897499361075461,-0.00732421875,0.0,0.0014484930229627935,0.0014484930229627935,0.0,-4.882812572759576e-05,0.0,-0.001953125,0.0,0.0,0.66015625,0.13497019762871787,0.00345044611594858,0.0,-0.029167727443564218,-0.029167727443564218,-0.9623077779542655,-9.765625145519152e-05,-0.019304446475871373,-0.009765625,-0.2507054705856717,0.0,0.0,0.0,0.0,0.0,-0.02645264949387638,-0.02645264949387638,-0.9290804567281157,-4.882812572759576e-05,-0.018591321582789533,-0.0078125,-0.23675542962155305,0.0,0.0,0.0,0.0,0.0,-0.028892493748571724,-0.028892493748571724,-0.9508891871664673,-9.765625145519152e-05,-0.01902921277360292,-0.009765625,-0.2119550715351579,0.0,0.0,0.0,0.0,0.0,0.00345044611594858,0.0,-0.020766095534781925,-0.019999999552965164,-0.0038231566490139813,-0.024797940626740456,0.18584860861301422,0.928848922252655,0.0,1353,0.028494341298937798,0.2286224514245987,0.08525113686919213,0.8917677998542786,1.3363731503486633,0.42678582668304443,0.0064211291840704735,10,-0.005985008820425719,0.3780103425184886,0.017023178189992903,117.60748703315512,247.0,0.016453491523861885,63012.0,4286.2577265840955
0.3731581300497055,-2.7080206200480462e-05,0.005056676926633763,0.06204419423593208,5267,2048,1.228040623664856,0.25076048970222475,0.10439453125,0.007496852643089369,0.029255677899345755,0.0029322114376894915,1.0,10,-0.001387797622010112,0.36430370807647705,0.037411069113295524,0.9449236989021301,0.0032657611295153544,-0.003582157427445054,0.2561325430870056,0.025584828632418066,0.927466869354248,0.0027208954971327916,-0.0018331604078412056,0.21260932087898254,0.02506142547354102,0.9535955190658569,0.002827996266552735,-0.00024896854301914573,0.23536692559719086,0.021919292397797108,role_local,0.09706159122288227,0.03779472699388862,0.00026625706666666665,0.0002578213333333333,0.0025782133333333334,256.0,1.282159787416458,506144.0,2.2156035900115967,0.9973706007003784,0.3916403651237488,combat>support,11,0.0,-1.220703143189894e-05,-0.017075615556677803,-0.00830078125,0.0,-0.005272253126577198,-0.005272253126577198,0.0,0.0,0.0,-0.0078125,0.0,0.0,0.666341147152707,-0.02085292297124397,0.002540247036222354,0.0,-0.02445063943741843,-0.02445063943741843,-0.8318944426719099,0.0,-0.016638139633869287,-0.0078125,-0.22704830947623122,0.0,0.0,0.0,0.0,0.0,-0.026026040584838483,-0.026026040584838483,-0.9106568729039282,0.0,-0.018213540875876788,-0.0078125,-0.21551591658499092,0.0,0.0,0.0,0.0,0.0,-0.026189619027718436,-0.026189619027718436,-0.8186838263645768,-4.882812572759576e-05,-0.016375166160287336,-0.009765625,-0.19004763008342707,0.0,0.0,0.0,0.0,0.0,0.002540247036222354,0.0,-0.02048463941537193,-0.019999999552965164,-2.7080206200480462e-05,-0.0018950904486700892,0.23469920456409454,0.9445521831512451,0.0,1460,-0.07373864203691483,0.3897164762020111,0.09483271057251841,0.8003814816474915,1.3362789511680604,0.4955557703971863,0.007181142415578034,10,0.001333637209609151,0.37802160779635113,0.05367016158998013,117.71479472909384,248.0,0.03779472699388862,63268.0,4299.74839751306
0.41174893751740455,-0.00327957988192793,0.0055036223899855435,0.05620342579204589,5191,2048,1.2269691228866577,0.29510764926671984,0.13466796875,0.010051718883914873,0.04128457666374743,0.0039942021134805996,1.0,10,0.0027971587667707356,0.36412594715754193,0.03622094886377454,0.969731867313385,0.0036565777630841513,0.0015702988021075726,0.1450827419757843,0.04230530841741711,0.9647971987724304,0.004027846562257143,0.026350973173975945,0.18355244398117065,0.04550113579025492,0.9887038469314575,0.004310479546234441,0.011322768405079842,0.11097888648509979,0.00944201387465,role_local,0.08377187550067902,0.022562186233699322,0.0002661205333333333,0.00025765066666666664,0.002576506666666667,256.0,1.2815322637557984,508192.0,3.352396011352539,0.9991350769996643,0.2834611237049103,support>combat,13,0.0,-2.441406286379788e-05,-0.016875418756778043,-0.00390625,0.0,-0.004152613648727765,-0.004152613648727765,0.0,0.0,0.0,-0.005859375,0.0,0.0,0.40869140625,0.011999293230473995,0.0017067613667336445,0.0,-0.021034324192442,-0.021034324192442,-0.8527963347733021,-4.882812572759576e-05,-0.017079246164939832,-0.00390625,-0.38491012126905844,0.0,0.0,0.0,0.0,0.0,-0.021004662368795834,-0.021004662368795834,-0.8548651356250048,0.0,-0.017098412572522648,-0.00390625,-0.4001176784513518,0.0,0.0,0.0,0.0,0.0,-0.018450550611305516,-0.018450550611305516,-0.8211427945643663,-4.882812572759576e-05,-0.016448597532871645,-0.001953125,-0.3477120534516871,0.0,0.0,0.0,0.0,0.0,0.0017067613667336445,0.0,-0.01616053832185571,-0.019999999552965164,-0.00327957988192793,0.013106262311339378,0.15029053390026093,0.9753270149230957,0.0,866,-0.07248209416866302,0.40387359261512756,0.07112227492034436,0.8960539698600769,1.336095404624939,0.5283902257680893,0.0070130426664904875,10,-0.009356318530626595,0.3779139518737793,0.03568235859274864,117.83664150337493,249.0,0.022562186233699322,63524.0,4312.682316098129
0.44094273149967195,-0.00029078014777041974,0.005037214124500346,0.06661030049435794,4466,2048,1.2245051383972168,0.2859941363334656,0.11708984375,0.008190412030671723,0.0415900195017457,0.003820064068630538,1.0,10,-0.003082048473879695,0.3636987805366516,0.0512040161062032,0.9786891937255859,0.004422681909361931,-0.030579542741179466,0.1292634904384613,0.055466690321918574,0.9855586290359497,0.004646233077801298,-0.022347884252667427,0.16834281384944916,0.016395495738834143,0.9856750965118408,0.002284652815085375,-0.0241987444460392,0.15526048839092255,0.008544333139434456,role_local,0.08992567397654057,0.013628494157455862,0.000265984,0.00025748,0.0025748,256.0,1.2797626674175262,510240.0,1.8348604440689087,1.0007951259613037,0.41281479597091675,combat>support,8,0.0,-3.662109429569682e-05,-0.014505142734075585,-0.0048828125,0.0,-0.0016817988112052262,-0.0016817988112052262,0.0,0.0,0.0,-0.00390625,0.0,0.0,0.3037109375,0.1682678943616338,0.002224451117967874,0.0,-0.022517899771628436,-0.022517899771628436,-0.8280350852292031,-9.765625145519152e-05,-0.016560868665692396,-0.005859375,-0.26867147482698783,0.0,0.0,0.0,0.0,0.0,-0.017183639989525545,-0.017183639989525545,-0.6638499724213034,0.0,-0.013277390062285122,-0.00390625,-0.25259604697930627,0.0,0.0,0.0,0.0,0.0,-0.019585372998335515,-0.019585372998335515,-0.6799674758221954,-4.882812572759576e-05,-0.01367716947424924,-0.005859375,-0.2376932212500833,0.0,0.0,0.0,0.0,0.0,0.002224451117967874,0.0,-0.01524217795667937,-0.019999999552965164,-0.00029078014777041974,-0.026061732321977615,0.15031972527503967,0.9844862222671509,0.0,624,-0.037318021059036255,0.318088173866272,0.09163058148697019,0.875794529914856,1.3350201964378356,0.5958913266658783,0.006254364180370153,10,0.0025004881783388553,0.3778475026289622,0.018712655175477266,117.9810492211165,250.0,0.013628494157455862,63780.0,4324.762352670077
0.3350227914750576,-0.002731563315683161,0.0028613378169392175,0.02960810568765737,4437,2048,1.220624315738678,0.25228721648454666,0.051953125,0.004200468632916454,0.015555568574927747,0.0019756618818540404,1.0,10,-0.0031030429527163506,0.3631894489129384,0.01708152365172282,0.9488532543182373,0.002009712535216546,-0.003752446733415127,0.15439465641975403,0.01748383769299835,0.977615475654602,0.0021733905938162933,0.004109923727810383,0.24839606881141663,0.011340361484326423,0.9726722836494446,0.0017243002145301168,-0.022473879158496857,0.24803993105888367,0.016790078766644,role_local,0.07512920685112476,0.01552869132719934,0.0002658474666666666,0.0002573093333333333,0.0025730933333333334,256.0,1.278083872795105,512288.0,2.099216938018799,0.9928069114685059,0.47830817103385925,support>combat,9,0.0,-2.441406286379788e-05,-0.0143777539342409,-0.005859375,0.0,0.00033507453963466105,0.00033507453963466105,0.0,-4.882812572759576e-05,0.0,-0.001953125,0.0,0.0,0.5639648484066129,0.013528036113712005,0.0023370275744127866,0.0,-0.022283468701061793,-0.022283468701061793,-0.9188610375858843,0.0,-0.0183772188029252,-0.00390625,-0.3907798146829009,0.0,0.0,0.0,0.0,0.0,-0.020369886231492274,-0.020369886231492274,-0.6254136508796364,-4.882812572759576e-05,-0.01250855825310282,-0.0078125,-0.05298645395669155,0.0,0.0,0.0,0.0,0.0,-0.022013109679392073,-0.022013109679392073,-0.6092355925356969,0.0,-0.012247484746694681,-0.009765625,0.017633659175771754,0.0,0.0,0.0,0.0,0.0,0.0023370275744127866,0.0,-0.016082848011137685,-0.019999999552965164,-0.002731563315683161,-0.006825611926615238,0.2137327641248703,0.9737168550491333,0.0,1214,0.08285204321146011,0.21587400138378143,0.04366064280038699,0.9244506359100342,1.335543429851532,0.4177583664655685,0.0037470137520243946,10,-0.002360083678649971,0.3781471749146779,0.014267303887754679,118.09876357861103,251.0,0.01552869132719934,64036.0,4337.793085013982
0.3234875790774822,-0.0036474069813266395,0.004753158964480947,0.05853072842000984,4664,2048,1.2175317525863647,0.27374396473169327,0.059765625,0.0045787113456754016,0.018367108691018076,0.002065721231449291,1.0,10,-0.003235782450065017,0.36309685309727985,0.0166015625,0.9073948860168457,0.001880142007576069,0.016653984785079956,0.15864749252796173,0.016440848109778017,0.9868690967559814,0.0019701834109318696,-0.025193728506565094,0.16080494225025177,0.023760545568075032,0.9847082495689392,0.002502255169308834,-0.05681043863296509,0.20076783001422882,0.012138893362134695,role_local,0.0586255956441164,0.01959551707841456,0.0002657109333333333,0.00025713866666666666,0.0025713866666666665,256.0,1.2780963003635406,514336.0,2.290405750274658,1.001325249671936,0.4145447015762329,combat>support,8,0.0,-4.882812572759576e-05,-0.015146502094770161,-0.00537109375,0.0,-0.0025444654436341807,-0.0025444654436341807,0.0,0.0,0.0,-0.00390625,0.0,0.0,0.4571940170135349,-0.07783192416536622,0.0013617845049793686,0.0,-0.023934502809424885,-0.023934502809424885,-0.9970115453470498,-4.882812572759576e-05,-0.019979424796474632,-0.00390625,-0.44171905328403227,0.0,0.0,0.0,0.0,0.0,-0.01986523136656615,-0.01986523136656615,-0.6964354489464313,-4.882812572759576e-05,-0.013957028386357706,-0.005859375,-0.03379382747516502,0.0,0.0,0.0,0.0,0.0,-0.01941320919286227,-0.01941320919286227,-0.5743804041994736,-9.765625145519152e-05,-0.011503053101478145,-0.0078125,-0.11356587423506426,0.0,0.0,0.0,0.0,0.0,0.0013617845049793686,0.0,-0.01643935326501378,-0.019999999552965164,-0.0036474069813266395,-0.014830700121819973,0.17358703911304474,0.9808607697486877,0.0,1451,0.038082823157310486,0.2800353765487671,0.0986943481490016,0.895312488079071,1.3386608481407165,0.37323119342327116,0.007440596697512602,10,-0.004059031512588263,0.3785812556743622,0.027052140794694424,118.2191680434325,252.0,0.01959551707841456,64292.0,4350.698863073019
0.4412460945546627,-0.0015422824071720243,0.0044068539625739195,0.05155036933138035,4376,2048,1.217449164390564,0.35428890734910967,0.108984375,0.008359736471902579,0.04217810601694509,0.0038621392510277837,1.0,10,0.0018140236847102643,0.36302892367045086,0.04111328125,0.9583962559700012,0.0037299558287486436,-0.014548590406775475,0.10975031554698944,0.038809691369533536,0.9912306070327759,0.0036491877234084676,0.0014765788801014423,0.12943832576274872,0.04792523216456175,0.9893085360527039,0.004348897174060018,-0.024360140785574913,0.16440071165561676,0.006786153791472316,role_local,0.05302569977939129,0.017668422847054898,0.0002655744,0.000256968,0.00256968,256.0,1.2793084025382995,516384.0,2.0824851989746094,0.9978381395339966,0.38048022985458374,support>combat,12,0.0,0.0,-0.014206000786240717,-0.005859375,0.0,-0.0030249518798655117,-0.0030249518798655117,0.0,0.0,0.0,-0.00390625,0.0,0.0,0.30029296875,-0.05331231371383183,0.000881297983710283,0.0,-0.023884622707555536,-0.023884622707555536,-0.99891143781133,0.0,-0.019978372823970858,-0.00390625,-0.6012248953338712,0.0,0.0,0.0,0.0,0.0,-0.01976002110677655,-0.01976002110677655,-0.5972490725107491,0.0,-0.011947521241381764,-0.0078125,-0.04182508133817464,0.0,0.0,0.0,0.0,0.0,-0.01850460816604027,-0.01850460816604027,-0.5346004746388644,0.0,-0.010692108293369529,-0.0078125,-0.09246397568495013,0.0,0.0,0.0,0.0,0.0,0.000881297983710283,0.0,-0.01629355210752692,-0.019999999552965164,-0.0015422824071720243,-0.012512017041444778,0.13123483955860138,0.988615870475769,0.0,1019,0.040351156145334244,0.34791287779808044,0.060922632645815614,0.7966324090957642,1.3411676406860351,0.5282032817602158,0.004951568674120055,10,-0.004898588499054312,0.37870681285858154,0.02855069190263748,118.36357254307462,253.0,0.017668422847054898,64548.0,4362.693596563069
0.37817917838692666,-0.0039654375141253695,0.0042173619875341154,0.048377732711378484,4625,2048,1.2161803841590881,0.2572432681918144,0.098046875,0.007263115153182298,0.03426937339827418,0.0031479466110976907,1.0,10,-0.0026711933489423243,0.3628362715244293,0.03734003775753081,0.9610206484794617,0.003293526245301326,-0.013613713905215263,0.15533851087093353,0.029564901348203422,0.9856975078582764,0.0029619914633136402,-0.009890438057482243,0.158263698220253,0.03520498275756836,0.9928827285766602,0.0031471962806829843,0.007681138813495636,0.12377918511629105,0.008145372197031975,role_local,0.04336455874145031,0.012822650419548155,0.00026543786666666664,0.00025679733333333334,0.0025679733333333335,256.0,1.2791598558425903,518432.0,2.4255521297454834,1.0003399848937988,0.29947367310523987,support>combat,9,0.0,-1.220703143189894e-05,-0.015023465258612608,-0.00341796875,0.0,0.0006286166378686175,0.0006286166378686175,0.0,0.0,0.0,-0.001953125,0.0,0.0,0.4794921875,0.11062883223348763,0.0025817417158577882,0.0,-0.024540171536500566,-0.024540171536500566,-0.9315985296852887,-4.882812572759576e-05,-0.018631968581757974,-0.005859375,-0.3451929411967285,0.0,0.0,0.0,0.0,0.0,-0.018389488323009573,-0.018389488323009573,-0.7241619743872434,0.0,-0.014483238337561488,-0.00390625,-0.16887642451911233,0.0,0.0,0.0,0.0,0.0,-0.013908313820138574,-0.013908313820138574,-0.597714175353758,0.0,-0.011955188856518362,-0.001953125,-0.135081230167998,0.0,0.0,0.0,0.0,0.0,0.0025817417158577882,0.0,-0.014052340393391205,-0.019999999552965164,-0.0039654375141253695,-0.006770963780581951,0.1488891988992691,0.9850837588310242,0.0,983,0.031136872246861458,0.28209492564201355,0.062486092024482784,0.8798459768295288,1.3421393275260924,0.4991150885820389,0.005286777363970541,10,-0.005259681679308415,0.37892772754033405,0.017499928642064334,118.48213110677851,254.0,0.012822650419548155,64804.0,4375.613395515131
0.33867688328027723,-0.006971722934395075,0.0046047841601340785,0.05395395972300321,5225,2048,1.2158841133117675,0.31974237859249116,0.18857421875,0.01412632747378666,0.06762897735461593,0.0053576447874841724,1.0,10,-0.0024250921327620746,0.3630795478820801,0.07941267429850996,0.9415737390518188,0.005949563271935987,0.012494904920458794,0.18549992144107819,0.0638638311997056,0.9765705466270447,0.005138552370307431,-0.03417881950736046,0.16532738506793976,0.05836743777617812,0.970283031463623,0.004919709934308125,-0.013186318799853325,0.15413479506969452,0.012024456821382045,role_local,0.03723886739462614,0.016903530806303024,0.00026530133333333333,0.0002566266666666667,0.0025662666666666665,256.0,1.2799319565296172,520480.0,2.0924770832061768,1.0004220008850098,0.4476189613342285,combat>support,7,0.0,-1.220703143189894e-05,-0.016942473201197572,-0.00537109375,0.0,-0.0010570079430181067,-0.0010570079430181067,0.0,0.0,0.0,-0.00390625,0.0,0.0,0.5893554656067863,0.08197002731139946,0.0028492420187831158,0.0,-0.022232470400922466,-0.022232470400922466,-0.9093297279905528,0.0,-0.018326220517337788,-0.00390625,-0.21445382409729064,0.0,0.0,0.0,0.0,0.0,-0.023255984247953165,-0.023255984247953165,-0.7662774857599288,0.0,-0.015443484422576148,-0.0078125,-0.15315954852849245,0.0,0.0,0.0,0.0,0.0,-0.022965917640249245,-0.022965917640249245,-0.8511010187212378,-4.882812572759576e-05,-0.01705771466367878,-0.005859375,-0.17191882609040476,0.0,0.0,0.0,0.0,0.0,0.0028492420187831158,0.0,-0.017377846390445484,-0.019999999552965164,-0.006971722934395075,-0.010318497195839882,0.17044398188591003,0.9661222696304321,0.0,1233,0.0015755535569041967,0.2630729377269745,0.04027894209139049,0.8997765779495239,1.343979799747467,0.35761138796806335,0.003851923532783985,10,-0.011518353736028076,0.37909135222435,0.021782604791224004,118.58337460622403,255.0,0.016903530806303024,65060.0,4389.1481561250985
0.3188116952776909,-0.004917006592677353,0.006368276022181854,0.07912983195856213,5219,2048,1.2190922141075133,0.26657761782407763,0.1955078125,0.01447734604589641,0.07256812769919634,0.005758853158466177,1.0,10,-0.004334014006781217,0.36354543765385944,0.07830645246431231,0.942249059677124,0.006103924973114555,0.019935809075832367,0.2039271742105484,0.07012072997167706,0.9610636234283447,0.0056930398365197974,0.05022285878658295,0.21356235444545746,0.0685004286468029,0.9655758738517761,0.005432513037467312,0.05493029206991196,0.19501850008964539,0.01652693944051862,role_local,0.07087900303304195,0.023202002746984363,0.00026516479999999997,0.00025645599999999996,0.00256456,256.0,1.2817665100097657,522528.0,2.3654966354370117,0.9955043792724609,0.2854682505130768,support>combat,8,0.0,-1.220703143189894e-05,-0.016915996178189136,-0.00439453125,0.0,-0.0028349930637432408,-0.0028349930637432408,0.0,0.0,0.0,-0.00390625,0.0,0.0,0.3610026002279483,-0.062125571217620745,0.0010712570006035094,0.0,-0.02428698706353316,-0.02428698706353316,-0.916518967365846,-4.882812572759576e-05,-0.01837878410151461,-0.005859375,-0.3257850636728108,0.0,0.0,0.0,0.0,0.0,-0.020098247470741626,-0.020098247470741626,-0.7936062449589372,0.0,-0.016191997572605032,-0.00390625,-0.19173208979191259,0.0,0.0,0.0,0.0,0.0,-0.02008345688227564,-0.02008345688227564,-0.8073398696724325,0.0,-0.016177206860447768,-0.00390625,-0.2509400275594089,0.0,0.0,0.0,0.0,0.0,0.0010712570006035094,0.0,-0.016825922542921035,-0.019999999552965164,-0.004917006592677353,0.04076635465025902,0.2049119472503662,0.9579603672027588,0.0,1292,0.03254912421107292,0.31399083137512207,0.08569153621792794,0.8578943610191345,1.3444408059120179,0.3710457727313042,0.006977698885897532,10,-0.0054999991785734895,0.37900690237681073,0.029877066053450106,118.7043894857519,256.0,0.023202002746984363,65316.0,4401.9265190081205
0.36492888629436493,-0.005481016146950424,0.005682341116666284,0.07317712805233896,5340,2048,1.2223543167114257,0.2562085300683975,0.12431640625,0.008900725300190971,0.03335731728002429,0.0033714882322392393,1.0,10,-0.004449060140177608,0.3637681305408478,0.03303001029416919,0.9528259038925171,0.003439871400140848,-0.01048856321722269,0.18041256070137024,0.02884029960259795,0.9696313142776489,0.003144326507252959,-0.043137986212968826,0.1856885701417923,0.03794705551117659,0.9767008423805237,0.0035133689609494366,-0.029547082260251045,0.1545981466770172,0.013348811492323875,role_local,0.0897494338452816,0.014080515317618846,0.00026502826666666666,0.0002562853333333333,0.0025628533333333335,256.0,1.2825841069221497,524576.0,2.1770811080932617,0.9934447407722473,0.4319625794887543,support>combat,2,0.0,-1.220703143189894e-05,-0.017253074679805042,-0.00634765625,0.0,0.002463295741449656,0.002463295741449656,0.0,-4.882812572759576e-05,0.0,0.0,0.0,0.0,0.4425455716555007,0.12365692608727841,0.0025121238646761412,0.0,-0.02401831591851078,-0.02401831591851078,-0.9009603902231902,0.0,-0.018158941180445254,-0.005859375,-0.1885831253894139,0.0,0.0,0.0,0.0,0.0,-0.024084356336970814,-0.024084356336970814,-0.8107249161694199,0.0,-0.01627185653342167,-0.0078125,-0.07019727780425455,0.0,0.0,0.0,0.0,0.0,-0.0290471762236848,-0.0290471762236848,-0.859454951947555,0.0,-0.017328426325548207,-0.01171875,-0.04477592825423926,0.0,0.0,0.0,0.0,0.0,0.0025121238646761412,0.0,-0.018671639569220133,-0.019999999552965164,-0.005481016146950424,-0.027138113975524902,0.1744764745235443,0.9679931402206421,0.0,1505,0.06188776344060898,0.21620963513851166,0.11299693882465363,0.8083488941192627,1.3428138971328736,0.47364924252033236,0.007993194001093329,10,-0.0065129721537232396,0.3786381781101227,0.014812219142913818,118.81807264928136,257.0,0.014080515317618846,65572.0,4414.951263756026
0.2960915096104145,-0.0012689484166912735,0.00432077341540216,0.05125529953511432,5521,2048,1.2234800457954407,0.2697236090898514,0.19609375,0.015451065253000707,0.07166566685773432,0.0056321596106304935,1.0,10,0.0007205672329291702,0.3638873000939687,0.06623741229996086,0.9556307792663574,0.005365510753058306,-0.0016682555433362722,0.18564096093177795,0.07065848377533257,0.9345005750656128,0.005351904814186742,-0.002748279133811593,0.21511520445346832,0.07878025928512215,0.958103358745575,0.0062334204683993175,-0.02838212437927723,0.20732729136943817,0.01771577578037977,role_local,0.06519673205912113,0.02769744787365198,0.0002648917333333333,0.00025611466666666664,0.0025611466666666666,256.0,1.281809663772583,526624.0,1.7900302410125732,1.0030428171157837,0.5194917321205139,support>combat,2,0.0,0.0,-0.017894830142419476,-0.01025390625,0.0,0.0013668984875039314,0.0013668984875039314,0.0,0.0,0.0,-0.00390625,0.0,0.0,0.77880859375,0.359652349317912,0.005273148471133027,0.0,-0.03221100584050873,-0.03221100584050873,-0.9269566456787288,0.0,-0.018539130935096182,-0.013671875,0.06457823701930465,0.0,0.0,0.0,0.0,0.0,-0.030060832883464172,-0.030060832883464172,-0.9171015152242035,0.0,-0.018342083210882265,-0.01171875,0.014915930799816124,0.0,0.0,0.0,0.0,0.0,-0.028522025982965715,-0.028522025982965715,-0.8401441341266036,0.0,-0.016803276281279977,-0.01171875,0.038782883377280086,0.0,0.0,0.0,0.0,0.0,0.005273148471133027,0.0,-0.022356742520059925,-0.019999999552965164,-0.0012689484166912735,-0.010393837466835976,0.20326118171215057,0.9510198831558228,0.0,1693,0.030041731894016266,0.30634528398513794,0.030844932212494312,0.7703844904899597,1.3401392817497253,0.3224594101309776,0.003009387220173826,10,-0.003258464066311717,0.37843818465868634,0.03767911996692419,118.91559485116933,258.0,0.02769744787365198,65828.0,4428.55287953699
0.30781029984354974,0.00040194101457018404,0.003447849208702198,0.033890131389489396,5632,2048,1.2241719484329223,0.25429807305336,0.11162109375,0.008351910003693775,0.02500833523226902,0.003048645893946557,1.0,10,0.002291546209016815,0.363872230052948,0.024960838817059995,0.968489408493042,0.003195726309322894,0.01741587184369564,0.1480567902326584,0.030515860696323217,0.9722051620483398,0.0033014394975090207,-0.004103153944015503,0.155644491314888,0.02023812849074602,0.8975508809089661,0.0026946729400054658,0.009649176150560379,0.14245609939098358,0.010088609997183084,role_local,0.048534946702420714,0.027769270027056335,0.0002647552,0.000255944,0.00255944,256.0,1.2818661332130432,528672.0,1.8382277488708496,0.9992752075195312,0.5633909702301025,support>combat,4,0.0,0.0,-0.018276855890386894,-0.00732421875,0.0,-0.0007532060390076367,-0.0007532060390076367,0.0,0.0,0.0,-0.005859375,0.0,0.0,0.8505859375,0.2839708737737965,0.005106168964630342,0.0,-0.025691601491416804,-0.025691601491416804,-0.8939551773946732,0.0,-0.01787910171697149,-0.0078125,0.07634474989026785,0.0,0.0,0.0,0.0,0.0,-0.02501103789836634,-0.02501103789836634,-0.8599173042457551,0.0,-0.017198538102093153,-0.0078125,-0.04367466800613329,0.0,0.0,0.0,0.0,0.0,-0.027565427735680714,-0.027565427735680714,-0.9875718068797141,0.0,-0.019752927852096036,-0.0078125,-0.08722615501028486,0.0,0.0,0.0,0.0,0.0,0.005106168964630342,0.0,-0.01975531985226553,-0.019999999552965164,0.00040194101457018404,0.007857674732804298,0.14877942204475403,0.9631428718566895,0.0,1745,-0.01749718189239502,0.3431965410709381,0.042771927546709776,0.7758923172950745,1.339560317993164,0.3613225266337395,0.003847052523457839,10,-0.0014876641798764467,0.378471314907074,0.045449930056929586,119.01024628697952,259.0,0.027769270027056335,66084.0,4442.23935748497
0.29294378608465194,-0.0028250300558283923,0.0038657377627779794,0.040812421357259154,5369,2048,1.2237203598022461,0.25616185516119006,0.11845703125,0.008443069271743297,0.029060689639300107,0.003138168552622317,1.0,10,-0.002068985812366009,0.36381541689236957,0.03263219175860286,0.9814833402633667,0.0033665168434094893,-0.0316481813788414,0.1673808991909027,0.028480455745011568,0.9700883626937866,0.0031881102163008324,-0.013155023567378521,0.159596785902977,0.026730806939303874,0.934813916683197,0.0029111882090624764,0.0025738601107150316,0.14541426301002502,0.010993934981524945,role_local,0.054852668195962906,0.027513587195426226,0.00026461866666666663,0.0002557733333333333,0.0025577333333333336,256.0,1.2823552250862122,530720.0,2.3292243480682373,1.0057063102722168,0.5445541143417358,combat>support,8,0.0,0.0,-0.01740873448579805,-0.0087890625,0.0,-0.0027244547486589,-0.0027244547486589,0.0,0.0,0.0,-0.005859375,0.0,0.0,0.544921875,0.1592054463835666,0.0031349201767625345,0.0,-0.025176558629027568,-0.025176558629027568,-0.7705467590130866,0.0,-0.015410933876410127,-0.009765625,-0.18429317930713296,0.0,0.0,0.0,0.0,0.0,-0.027207237915717997,-0.027207237915717997,-0.8709808448329568,0.0,-0.017441613126720767,-0.009765625,-0.23855217272648588,0.0,0.0,0.0,0.0,0.0,-0.0291392812578124,-0.0291392812578124,-0.9686829303391278,0.0,-0.019373656454263255,-0.009765625,-0.3105333186686039,0.0,0.0,0.0,0.0,0.0,0.0031349201767625345,0.0,-0.021061884068330983,-0.019999999552965164,-0.0028250300558283923,-0.012784082442522049,0.15751796960830688,0.9734863042831421,0.0,1119,-0.06615309417247772,0.4238895773887634,0.0525641530752182,0.722368597984314,1.3409900903701781,0.32972571700811387,0.004593306972933642,10,-0.0035810742992907763,0.37887972593307495,0.044033239409327504,119.10958449501602,260.0,0.027513587195426226,66340.0,4455.728749706177
0.40116928368806837,-0.004106423613848165,0.007036610602155777,0.09087939415476284,4965,2048,1.2229934573173522,0.38993033319711684,0.2302734375,0.01944941080873832,0.11524036116898059,0.008077946945831378,1.0,10,-0.0025801169918850063,0.3636670509974162,0.11667779944837094,0.9721858501434326,0.007999847442630636,0.023683641105890274,0.2136247158050537,0.10430840998888016,0.9656842350959778,0.007319053903909659,0.00359279359690845,0.17147508263587952,0.12485891580581665,0.9208627343177795,0.00890082866536882,0.04300428181886673,0.24801470339298248,0.016926680412143468,role_local,0.06434559635818005,0.02069989531300962,0.0002644821333333333,0.00025560266666666665,0.0025560266666666666,256.0,1.2840271592140198,532768.0,2.28438138961792,1.0004775524139404,0.38775354623794556,support>combat,8,0.0,-2.441406286379788e-05,-0.01611748942862808,-0.0048828125,0.0,0.000545296205473278,0.000545296205473278,0.0,-4.882812572759576e-05,0.0,-0.001953125,0.0,0.0,0.484375,0.10162489712820388,0.0025472493593952095,0.0,-0.020592493536241818,-0.020592493536241818,-0.7366559912916273,0.0,-0.014733118667209055,-0.005859375,-0.244588399422355,0.0,0.0,0.0,0.0,0.0,-0.0226641124318121,-0.0226641124318121,-0.8377870779950172,-4.882812572759576e-05,-0.01675590944068972,-0.005859375,-0.37456917559029534,0.0,0.0,0.0,0.0,0.0,-0.022722815032466315,-0.022722815032466315,-0.841482168994844,0.0,-0.016863440177985467,-0.005859375,-0.3721661540912464,0.0,0.0,0.0,0.0,0.0,0.0025472493593952095,0.0,-0.016358531844161917,-0.019999999552965164,-0.004106423613848165,0.023467566817998886,0.214064821600914,0.958606481552124,0.0,993,0.025420010089874268,0.3320530354976654,0.0665184271405451,0.8033158183097839,1.3450608611106873,0.41240823417901995,0.005995274258480177,10,-0.005632730235811323,0.3794182538986206,0.02447311021387577,119.21782328901264,261.0,0.02069989531300962,66596.0,4468.861998163164
0.28974719941616056,-0.003177039639558643,0.002666556674791226,0.022563406167319045,4884,2048,1.2215852856636047,0.22280199378728865,0.0822265625,0.006291790422983468,0.02007059258176014,0.0027185921095332468,1.0,10,-0.0020346968667581677,0.36351482073465985,0.019958920404314996,0.9790083765983582,0.0028464478215563527,-0.023626822978258133,0.20348255336284637,0.016480631148442625,0.9441620111465454,0.0024857781945492818,0.04034353420138359,0.2270307093858719,0.023905792646110056,0.9400080442428589,0.0028602420958080852,0.06747649610042572,0.2504667341709137,0.020190626941621305,role_local,0.06337750665843486,0.018326522829011083,0.00026434559999999996,0.000255432,0.00255432,256.0,1.284426712989807,534816.0,1.97077214717865,0.9924687743186951,0.41599294543266296,support>combat,4,0.0,-1.220703143189894e-05,-0.015857694298877806,-0.005859375,0.0,0.002456495614751475,0.002456495614751475,0.0,0.0,0.0,-0.001953125,0.0,0.0,0.66943359375,0.2886477111023851,0.004409620618389454,0.0,-0.0230175614124164,-0.0230175614124164,-0.6625968758016825,0.0,-0.013251936614324222,-0.009765625,-0.2221770278410986,0.0,0.0,0.0,0.0,0.0,-0.023355412515229546,-0.023355412515229546,-0.8748019717168063,0.0,-0.017496037675300613,-0.005859375,-0.19172441298724152,0.0,0.0,0.0,0.0,0.0,-0.022733311569027137,-0.022733311569027137,-0.8412465627770871,-4.882812572759576e-05,-0.016825108607008588,-0.005859375,-0.07957484151120298,0.0,0.0,0.0,0.0,0.0,0.004409620618389454,0.0,-0.0166624484663771,-0.019999999552965164,-0.003177039639558643,0.03209289535880089,0.23238733410835266,0.9600121974945068,0.0,1372,0.01191026996821165,0.21834854781627655,0.025056219752877952,0.91706782579422,1.3472681403160096,0.3566924050450325,0.0026145212400492056,10,-0.004319382412359118,0.37927912672360736,0.016462418716400862,119.33261084590764,262.0,0.018326522829011083,66852.0,4481.72545801918
0.36923072561621667,-0.001825631145038642,0.003367338949606939,0.033419269380101466,5692,2048,1.2209187150001526,0.2512699082493782,0.14091796875,0.009631976997479797,0.03000521307985764,0.003363070432886491,1.0,10,-0.002105188462883234,0.3635292450586955,0.029555077757686378,0.9640195369720459,0.0034183830598969065,0.010255465283989906,0.15926747024059296,0.03194421054795384,0.9585927128791809,0.003377905173136081,-0.02195880003273487,0.18719469010829926,0.028622617293149234,0.9308291673660278,0.0032958165644580927,0.014310890808701515,0.1727512776851654,0.013905160408467055,role_local,0.05759891420602799,0.01147535431664437,0.00026420906666666666,0.00025526133333333333,0.002552613333333333,256.0,1.283252078294754,536864.0,1.9067598581314087,0.9886358380317688,0.5711513161659241,combat>support,5,0.0,-3.662109429569682e-05,-0.01848754195816582,-0.00537109375,0.0,0.0035400789558934775,0.0035400789558934775,0.0,-9.765625145519152e-05,0.0,0.0,0.0,0.0,0.77978515625,0.08643243753249408,0.003637735205984427,0.0,-0.0223065152313211,-0.0223065152313211,-0.9200133627746254,0.0,-0.018400265340460464,-0.00390625,-0.18984289331592663,0.0,0.0,0.0,0.0,0.0,-0.029681835680094082,-0.029681835680094082,-0.8956324113532901,-4.882812572759576e-05,-0.0179142578781466,-0.01171875,-0.19067354264552705,0.0,0.0,0.0,0.0,0.0,-0.025007477481267415,-0.025007477481267415,-0.9573869295418262,0.0,-0.019148102655890398,-0.005859375,-0.2375135768088512,0.0,0.0,0.0,0.0,0.0,0.003637735205984427,0.0,-0.01836393872508779,-0.019999999552965164,-0.001825631145038642,0.0012355055660009384,0.17406980693340302,0.9539514780044556,0.0,1597,0.053708791732788086,0.1746521145105362,0.036833325680345294,0.9177719354629517,1.3455854415893556,0.4871915429830551,0.0033716074663273877,10,-0.00154607382719405,0.3791756530602773,0.009045548224821686,119.42736876996567,263.0,0.01147535431664437,67108.0,4495.317995610181
0.41339231878519056,-0.0018360349422437139,0.005514256156466904,0.06877550935023465,4836,2048,1.222271490097046,0.3815882831811905,0.15791015625,0.011780235479818657,0.06288423381047323,0.004921637177473865,1.0,10,-0.0028266760986298324,0.3639051119486491,0.06087461082497612,0.974446177482605,0.004815135268168879,-0.008980958722531796,0.2019498497247696,0.06793172636535019,0.9778367280960083,0.005171235288268935,0.013757098466157913,0.21200166642665863,0.06066688880091533,0.9615576863288879,0.00481644874625165,0.011657589115202427,0.18988396227359772,0.01649411637336016,role_local,0.03537151645869017,0.019136535190045833,0.0002640725333333333,0.00025509066666666667,0.0025509066666666667,256.0,1.2840886533260345,538912.0,2.0430662631988525,0.9960910081863403,0.37745004892349243,combat>support,5,0.0,0.0,-0.015667230312828906,-0.009765625,0.0,0.00209170510788681,0.00209170510788681,0.0,0.0,0.0,-0.001953125,0.0,0.0,0.8351237052120268,0.1173892653951043,0.004044830344355432,0.0,-0.029130005750630517,-0.029130005750630517,-0.7729066221509129,0.0,-0.015458131099876482,-0.013671875,-0.1335368739232763,0.0,0.0,0.0,0.0,0.0,-0.02363563446851913,-0.02363563446851913,-0.6934636121150106,0.0,-0.013870009577658493,-0.009765625,0.046867708977515576,0.0,0.0,0.0,0.0,0.0,-0.03134542475163471,-0.03134542475163471,-0.8836690527386963,0.0,-0.017673550260951743,-0.013671875,-0.06037972150807036,0.0,0.0,0.0,0.0,0.0,0.004044830344355432,0.0,-0.020504840333160246,-0.019999999552965164,-0.0018360349422437139,0.005492350086569786,0.20084883272647858,0.9737092852592468,0.0,1802,-0.006280512548983097,0.22698362171649933,0.07466678488999605,0.8870489597320557,1.3459058165550233,0.4451963543891907,0.006106875135459944,10,-0.0008453937858575955,0.37937496105829877,0.02177895400673151,119.52983336387757,264.0,0.019136535190045833,67364.0,4508.598270687973
0.34900792092084887,-0.000918492762139067,0.003935075817414575,0.04255715940380469,5008,2048,1.2251962542533874,0.3023992747068405,0.128125,0.00943572078831494,0.04221577562857419,0.0038092196216293673,1.0,10,0.0009204182773828506,0.36414210001627606,0.04924340180587024,0.9903585314750671,0.004280918635039155,0.029959814622998238,0.09433102607727051,0.037226218194700775,0.9912343621253967,0.0033755151343909827,0.021440425887703896,0.11755034327507019,0.03977277297526598,0.9851866364479065,0.0037280218097590716,0.028065873309969902,0.10893471539020538,0.004478687746450305,role_local,0.05789084937423468,0.012037145555950701,0.000263936,0.00025491999999999995,0.0025492,256.0,1.2866395473480225,540960.0,1.9994475841522217,1.0048624277114868,0.43044227361679077,support>combat,6,0.0,-3.662109429569682e-05,-0.01628458247190186,-0.00341796875,0.0,-0.002683190101834043,-0.002683190101834043,0.0,-4.882812572759576e-05,0.0,-0.00390625,0.0,0.0,0.5600585817592219,-0.16139107101480477,0.0012718879895601276,0.0,-0.0186319471540628,-0.0186319471540628,-0.8143681373912841,-4.882812572759576e-05,-0.016629994082904886,-0.001953125,-0.17670953524066135,0.0,0.0,0.0,0.0,0.0,-0.01865077043476049,-0.01865077043476049,-0.7372107300907373,0.0,-0.01474452052207198,-0.00390625,-0.026541703700786456,0.0,0.0,0.0,0.0,0.0,-0.021434310830954928,-0.021434310830954928,-0.8454500208608806,-4.882812572759576e-05,-0.017479232810728718,-0.00390625,-0.2369820107705891,0.0,0.0,0.0,0.0,0.0,0.0012718879895601276,0.0,-0.015350055931776296,-0.019999999552965164,-0.000918492762139067,0.026709964498877525,0.10704445093870163,0.9895561337471008,0.0,1755,-0.04195176810026169,0.22416457533836365,0.04289854317903519,0.9286146759986877,1.3480828404426575,0.39561656713485716,0.004060932013199783,10,-0.002757403801660985,0.3797331551710765,0.019595603365451096,119.63921976682829,265.0,0.012037145555950701,67620.0,4521.594181693159
0.3562797263264656,-0.004836413683369756,0.0036874363673278093,0.04679985510883853,4885,2048,1.226298999786377,0.2842749714851379,0.060546875,0.005108835009741597,0.01781426325906068,0.0021078444817802912,1.0,10,-0.0021224016323685645,0.3641766905784607,0.03608846666757017,0.9799343347549438,0.0031603460875674005,-0.012204749509692192,0.16572850942611694,0.006664753926452249,0.9875629544258118,0.0014785441030262358,-0.009891183115541935,0.12858955562114716,0.012625397462397814,0.95085608959198,0.0017993317344691616,-0.0010665702866390347,0.11557730287313461,0.007304063159972429,role_local,0.058855128660798076,0.01824951940216124,0.0002637994666666666,0.00025474933333333334,0.0025474933333333332,256.0,1.2886035799980164,543008.0,1.9439709186553955,0.9978145956993103,0.32187190651893616,combat>support,9,0.0,-2.441406286379788e-05,-0.015878308443158556,-0.00439453125,0.0,-0.00590752823177354,-0.00590752823177354,0.0,0.0,0.0,-0.005859375,0.0,0.0,0.22119140625,-0.1554864462959813,-4.815305919692037e-05,0.0,-0.01806674412364373,-0.01806674412364373,-0.7055833584163338,-4.882812572759576e-05,-0.014111666096141562,-0.00390625,-0.38310657793772407,0.0,0.0,0.0,0.0,0.0,-0.017967446423426736,-0.017967446423426736,-0.7030589175410569,0.0,-0.014061196510738228,-0.00390625,-0.4011326553300023,0.0,0.0,0.0,0.0,0.0,-0.023417140735546127,-0.023417140735546127,-0.9729870229493827,-4.882812572759576e-05,-0.019462062722595874,-0.00390625,-0.6790548979770392,0.0,0.0,0.0,0.0,0.0,-4.815305919692037e-05,0.0,-0.016339715901267482,-0.019999999552965164,-0.004836413683369756,-0.00697305565699935,0.13602448999881744,0.9816541075706482,0.0,1034,-0.10501402616500854,0.3522438108921051,0.07578544695861637,0.8395999073982239,1.3509081602096558,0.4282844811677933,0.0052670282528753274,10,-0.007550425734370947,0.38008912404378253,0.02919497564435005,119.77131319103589,266.0,0.01824951940216124,67876.0,4533.706657569157
0.41448323950171473,-0.004407056095078588,0.004304286961709286,0.05036516946856864,4765,2048,1.2261935353279114,0.3058828875422478,0.1451171875,0.011198273947229609,0.06000310773961246,0.004838719537058378,1.0,10,-0.0028038423508405684,0.36406514048576355,0.06796192321926356,0.9649426937103271,0.0053660690569872545,-0.015414811670780182,0.24086281657218933,0.05613507339730859,0.9743460416793823,0.004596793313063308,0.013990769162774086,0.18102982640266418,0.05673552732914686,0.965697169303894,0.004613698876346462,0.03014993853867054,0.16928847134113312,0.015310887899249791,role_local,0.06576167847961187,0.014047576254233718,0.0002636629333333333,0.00025457866666666663,0.0025457866666666667,256.0,1.289871495962143,545056.0,2.287968158721924,1.0011141300201416,0.41150692105293274,support>combat,8,0.0,-4.882812572759576e-05,-0.015468071777528772,-0.00341796875,0.0,0.0014788493831474625,0.0014788493831474625,0.0,-4.882812572759576e-05,0.0,0.0,0.0,0.0,0.49169921875,-0.07318655114795547,0.00152767750341809,0.0,-0.022089489466452505,-0.022089489466452505,-0.7089667241089046,-9.765625145519152e-05,-0.014179333389620297,-0.0078125,-0.27634440071415156,0.0,0.0,0.0,0.0,0.0,-0.018705508584389463,-0.018705508584389463,-0.7399339296389371,0.0,-0.014799258678976912,-0.00390625,-0.3062565622385591,0.0,0.0,0.0,0.0,0.0,-0.019427576415182557,-0.019427576415182557,-0.8697208592202514,-4.882812572759576e-05,-0.01742562326398911,-0.001953125,-0.44146915117744356,0.0,0.0,0.0,0.0,0.0,0.00152767750341809,0.0,-0.014685931859276025,-0.019999999552965164,-0.004407056095078588,0.011062277480959892,0.19823451340198517,0.9688122272491455,0.0,1135,0.06418208032846451,0.20573996007442474,0.04072723119752482,0.9317708015441895,1.3535494565963746,0.5230835914611817,0.0037698543863601943,10,-0.006010269839316606,0.3803187509377797,0.012784264609217643,119.88006552901246,267.0,0.014047576254233718,68132.0,4546.677528033964
0.34763499796390535,-0.0007901049684733152,0.005110041224292222,0.06150082852691412,5049,2048,1.2245303511619567,0.25361491143703463,0.12861328125,0.008713173895375802,0.03121320214122534,0.0034408599933594907,1.0,10,-0.0017534707672894,0.363809476296107,0.033239046670496465,0.9722543358802795,0.0036658846749874656,0.02136112190783024,0.23930644989013672,0.03244901443831623,0.9793691039085388,0.0034264316740172827,0.031089508906006813,0.17166154086589813,0.02876722221262753,0.9136818647384644,0.003292839350807486,0.03271816298365593,0.17404904961585999,0.015096866339445115,role_local,0.0623225674033165,0.01555274915881455,0.00026352639999999996,0.00025440799999999997,0.00254408,256.0,1.289366465806961,547104.0,2.624683141708374,1.0047602653503418,0.41570883989334106,combat>support,5,0.0,-2.441406286379788e-05,-0.016359540961275343,-0.0048828125,0.0,0.0004940743898202982,0.0004940743898202982,0.0,0.0,0.0,-0.001953125,0.0,0.0,0.6894531538709998,-0.05176884317188524,0.002447199457122906,0.0,-0.019696642510098172,-0.019696642510098172,-0.6918634324101731,0.0,-0.01383726764106541,-0.005859375,-0.06701423462800449,0.0,0.0,0.0,0.0,0.0,-0.021620402858388843,-0.021620402858388843,-0.7851738901808858,-4.882812572759576e-05,-0.01571219988181838,-0.005859375,-0.03005497321646544,0.0,0.0,0.0,0.0,0.0,-0.02543735826475313,-0.02543735826475313,-0.9755270893219858,-4.882812572759576e-05,-0.01952915536094224,-0.005859375,-0.32492036114399525,0.0,0.0,0.0,0.0,0.0,0.002447199457122906,0.0,-0.0165650833005202,-0.019999999552965164,-0.0007901049684733152,0.0289995688945055,0.19400250911712646,0.969981849193573,0.0,1681,0.03918560594320297,0.19331912696361542,0.0917884549126029,0.9184958338737488,1.3542025804519653,0.44165508449077606,0.006779222455224954,10,0.00017326083034276962,0.3802273670832316,0.016008631978183984,119.99746606078698,268.0,0.01555274915881455,68388.0,4559.296274830122
0.3998352654278278,-0.0033602755778701977,0.00509210747879353,0.06797680717427283,4964,2048,1.2229500770568849,0.29837875813245773,0.1349609375,0.010303848769399337,0.05609932965599,0.004254946922364426,1.0,10,-0.004499121388653294,0.36375192801157635,0.060650637047365306,0.9872899651527405,0.004620020689540788,-0.03095262311398983,0.1718502640724182,0.062026567524299026,0.9737607836723328,0.004670135699759248,0.02305157110095024,0.14913758635520935,0.04764608293771744,0.9397974610328674,0.003634325172867503,0.026977406814694405,0.18054763972759247,0.011485273577272892,role_local,0.03949725460261107,0.013618504069745541,0.00026338986666666665,0.0002542373333333333,0.0025423733333333333,256.0,1.2879695892333984,549152.0,1.7853639125823975,0.9989852905273438,0.4964444041252136,support>combat,9,0.0,-3.662109429569682e-05,-0.016105012850554584,-0.005859375,0.0,-0.00015565815351692436,-0.00015565815351692436,0.0,-9.765625145519152e-05,0.0,-0.001953125,0.0,0.0,0.6673177275806665,-0.12902461148041766,0.0018951231525079493,0.0,-0.019579982279537944,-0.019579982279537944,-0.5883741511497647,0.0,-0.011767482432333054,-0.0078125,-0.10118105233414099,0.0,0.0,0.0,0.0,0.0,-0.02358944959269138,-0.02358944959269138,-0.8865038217045367,0.0,-0.017730074752762448,-0.005859375,-0.24940485059050843,0.0,0.0,0.0,0.0,0.0,-0.026678809386794455,-0.026678809386794455,-0.940777248935774,-4.882812572759576e-05,-0.018817481366568245,-0.0078125,-0.43027705018175766,0.0,0.0,0.0,0.0,0.0,0.0018951231525079493,0.0,-0.017500975827715592,-0.019999999552965164,-0.0033602755778701977,0.011425806209445,0.16919533908367157,0.9781275391578674,0.0,1615,0.0160620529204607,0.20190949738025665,0.07985428469255566,0.8666492104530334,1.352989101409912,0.5012917727231979,0.005929268035222634,10,-0.0022214297670871018,0.380011926094691,0.01575173456221819,120.10475511198823,269.0,0.013618504069745541,68644.0,4572.275256612105
0.45371209010481833,-0.002276571808033623,0.00594834038016544,0.0733108907006681,4922,2048,1.2230003952980042,0.3188373610377312,0.1587890625,0.01072947751963511,0.047491864394396545,0.004417395570913435,1.0,10,0.0012060092471074314,0.3637819290161133,0.04863438038155436,0.9882967472076416,0.004665633593862584,-0.011381477117538452,0.13835564255714417,0.058889726921916005,0.9516664147377014,0.004891065792126048,0.012539014220237732,0.14706777036190033,0.032853161171078685,0.9720231890678406,0.003655285084103216,0.014267499558627605,0.1652582734823227,0.009575640689581633,role_local,0.039985024556517604,0.008209956646896898,0.0002632533333333333,0.00025406666666666664,0.0025406666666666668,256.0,1.2873656332492829,551200.0,2.26869797706604,0.997855544090271,0.4416052997112274,support>combat,4,0.0,-7.324218859139364e-05,-0.01597991007110977,-0.00390625,0.0,0.0007109990673370703,0.0007109990673370703,0.0,-0.00014648437718278728,0.0,0.0,0.0,0.0,0.5192057262174785,-0.20322324872540776,0.0008574834422461208,0.0,-0.016295439603709383,-0.016295439603709383,-0.6194564761826769,0.0,-0.012389189761961461,-0.00390625,-0.16966506724565988,0.0,0.0,0.0,0.0,0.0,-0.02536715063615702,-0.02536715063615702,-0.9650083344895393,-9.765625145519152e-05,-0.019410119552048855,-0.005859375,-0.4131859276094474,0.0,0.0,0.0,0.0,0.0,-0.02204862387588946,-0.02204862387588946,-0.8069437169469893,-4.882812572759576e-05,-0.016140420899318997,-0.005859375,-0.24785151265677996,0.0,0.0,0.0,0.0,0.0,0.0008574834422461208,0.0,-0.015750054917589296,-0.019999999552965164,-0.002276571808033623,0.006933892611414194,0.1517064869403839,0.978619396686554,0.0,1596,-0.028956735506653786,0.14017142355442047,0.09912991700693966,0.8238954544067383,1.3517308712005616,0.5885868191719055,0.007479285189417445,10,-0.005759152863174677,0.37998250126838684,0.006844272604212165,120.21324801896418,270.0,0.008209956646896898,68900.0,4585.185152912978
0.34924772158265116,-0.002182968461420387,0.0051466048161135595,0.06636010597576388,5113,2048,1.2235278964042664,0.3427242010831833,0.1701171875,0.01203420658421237,0.06344377333298326,0.005000611985907176,1.0,10,-0.004556884593330324,0.36392608284950256,0.05612270999699831,0.9843844175338745,0.004516418593843985,0.02981530874967575,0.15035437047481537,0.0762669352348894,0.8883494734764099,0.005551540002500943,0.05024310573935509,0.23620805144309998,0.05554615600267425,0.9274812936782837,0.0047944168950704745,0.06700505316257477,0.21256691217422485,0.017419560439884664,role_local,0.12265564240515232,0.035377067420631646,0.0002631168,0.000253896,0.00253896,256.0,1.2881947219371797,553248.0,2.265803098678589,0.9981799721717834,0.44735485315322876,combat>support,7,0.0,-3.662109429569682e-05,-0.016632390751813848,-0.0029296875,0.0,-0.00799512826353066,-0.00799512826353066,0.0,-9.765625145519152e-05,0.0,-0.0078125,0.0,0.0,0.44547525339294225,-0.31114546535536647,-8.497178845345843e-05,0.0,-0.015700441334047355,-0.015700441334047355,-0.6873658676631749,0.0,-0.0137473163777031,-0.001953125,-0.24345816526329145,0.0,0.0,0.0,0.0,0.0,-0.02060451890429249,-0.02060451890429249,-0.9319258250761777,0.0,-0.01865139396250015,-0.001953125,-0.5121959557873197,0.0,0.0,0.0,0.0,0.0,-0.01754729003732791,-0.01754729003732791,-0.8708212624769658,-4.882812572759576e-05,-0.017498461915238295,0.0,-0.4915666811866686,0.0,0.0,0.0,0.0,0.0,-8.497178845345843e-05,0.0,-0.015461845989193534,-0.019999999552965164,-0.002182968461420387,0.050484489649534225,0.2076949179172516,0.9509878158569336,0.0,1673,-0.09882409870624542,0.37009197473526,0.06927643861854449,0.8055771589279175,1.3528615474700927,0.35577124208211897,0.005292597646319943,10,0.00019094767048954964,0.3803313573201497,0.053334574401378634,120.32304983433512,271.0,0.035377067420631646,69156.0,4598.02174863196
0.41239122301340103,-0.0060504146851599215,0.0048779350747019945,0.05952823283150792,5343,2048,1.224503183364868,0.32023904025554656,0.1904296875,0.013718576816609129,0.06581242866814137,0.005333241903650665,1.0,10,-0.007394473627209663,0.3639367421468099,0.05955163054168224,0.977616548538208,0.004895918377664621,0.018406886607408524,0.1559312492609024,0.05959638170897961,0.97178715467453,0.004840231934856965,0.034779198467731476,0.14099258184432983,0.07730782702565193,0.5590192675590515,0.00619183076833152,0.11400095373392105,0.6203529834747314,0.06096666231751442,role_local,0.12928174547851085,0.035364932473748924,0.0002629802666666666,0.0002537253333333333,0.0025372533333333333,256.0,1.2896946370601654,555296.0,2.075094223022461,1.004259467124939,0.4218589961528778,support>combat,7,0.0,-6.10351571594947e-05,-0.017239886515502196,-0.00390625,0.0009765625,0.0020212500986644955,0.0020212500986644955,0.0,-9.765625145519152e-05,0.0,0.0,0.0,0.0,0.5673828125,-0.10648435028269887,0.0016306251178548337,0.00048828125,-0.021649661808623932,-0.021649661808623932,-0.8111463808454573,0.0,-0.016278568233246915,-0.005859375,-0.31153816808364354,0.0,0.0,0.0,0.0,0.00048828125,-0.020810373345739208,-0.020810373345739208,-0.8690798394382,0.0,-0.017392404733982403,-0.00390625,-0.3437047431943938,0.0,0.0,0.0,0.0,0.00048828125,-0.01966001564869657,-0.01966001564869657,-0.8527032844722271,-0.00014648437718278728,-0.018048686579277273,-0.005859375,-0.28898345850757323,0.00390625,0.0,0.0,0.0,0.00048828125,0.0016306251178548337,0.00048828125,-0.01502470140621881,-0.019999999552965164,-0.0060504146851599215,0.05755186453461647,0.38926026225090027,0.8316927552223206,0.0,1280,0.04859839379787445,0.17863231897354126,0.053244036994874476,0.9003630876541138,1.3548860907554627,0.5045434057712554,0.004422628245753324,10,-0.00470635574311018,0.38032883405685425,0.009763202629983425,120.42393617012377,272.0,0.035364932473748924,69412.0,4611.176296509104
0.37774292975664137,-0.0023893689387477933,0.0026397245000261346,0.0267810381075833,5169,2048,1.2239967226982116,0.2318395972251892,0.057421875,0.004386505659203977,0.014569863874930889,0.0017905683754164514,1.0,10,-0.002050929167307913,0.3638335168361664,0.013574105408042669,0.9679814577102661,0.0017642354619808787,-0.00495191989466548,0.18489691615104675,0.011059190379455686,0.9574583768844604,0.0015416789425740588,-0.004286263138055801,0.19617262482643127,0.019016048358753323,0.741658627986908,0.0020634257985996164,0.05838817358016968,0.5330158472061157,0.05011912398040295,role_local,0.08264636807143688,0.043389744125306606,0.0002628437333333333,0.00025355466666666666,0.002535546666666667,256.0,1.2883342623710632,557344.0,1.9364765882492065,1.0045100450515747,0.49287721514701843,support>combat,8,0.0,-7.324218859139364e-05,-0.01677421479204592,-0.00537109375,0.0009765625,-0.002773259982291165,-0.002773259982291165,0.0,-0.00014648437718278728,0.0,-0.00390625,0.0,0.0,0.24951171875,-0.034475643071345985,0.000791193031432158,0.00048828125,-0.019003684945346322,-0.019003684945346322,-0.7768444772809744,-4.882812572759576e-05,-0.015536888175120112,-0.00390625,-0.5257765029091388,0.0,0.0,0.0,0.0,0.00048828125,-0.024759450723649934,-0.024759450723649934,-0.8691980086732656,-4.882812572759576e-05,-0.01738640412077075,-0.0078125,-0.346580585668562,0.0,0.0,0.0,0.0,0.00048828125,-0.018913024898211006,-0.018913024898211006,-0.8680012105032802,-4.882812572759576e-05,-0.0173993520802469,-0.005859375,-0.4512824037519749,0.00390625,0.0,0.0,0.0,0.00048828125,0.000791193031432158,0.00048828125,-0.016362356345780427,-0.019999999552965164,-0.0023893689387477933,0.01718820258975029,0.35074204206466675,0.8842599391937256,0.0,1025,-0.015256401151418686,0.3999333083629608,0.03899221234023571,0.7458208799362183,1.3526718020439148,0.5236462622880935,0.0034888806246358177,10,-0.0027278087101876734,0.3798211912314097,0.036660364270210265,120.54389254596747,273.0,0.043389744125306606,69668.0,4623.577256620163
0.2978529199957848,-0.003038849093718454,0.002768713950687153,0.02574691702029668,5392,2048,1.2231417536735534,0.2397526502609253,0.11298828125,0.008025534695480018,0.03040050104027614,0.0031254124677461887,1.0,10,-0.002173717541154474,0.363739271958669,0.03397336595226079,0.9480863213539124,0.0033743683393924057,0.0015666072722524405,0.17363587021827698,0.03141049908008427,0.963639497756958,0.0031979912506482633,-0.0035304490011185408,0.20948339998722076,0.02585833395132795,0.9672302603721619,0.0028069565496753545,0.016980085521936417,0.14422918856143951,0.013325643818825483,role_local,0.04154788739979267,0.008177536446601153,0.0002627072,0.000253384,0.00253384,256.0,1.2855960190296174,559392.0,1.85895836353302,0.9989873170852661,0.4706532955169678,combat>support,7,0.0,-2.441406286379788e-05,-0.017497021624876652,-0.0048828125,0.0,0.0027019957134370998,0.0027019957134370998,0.0,-9.765625145519152e-05,0.0,0.0,0.0,0.0,0.6796875,0.013483664908562787,0.0027996519589805757,0.0,-0.02431544974388089,-0.02431544974388089,-0.9228038433939219,0.0,-0.018456074911227915,-0.005859375,-0.11240832437761128,0.0,0.0,0.0,0.0,0.0,-0.02384213427285431,-0.02384213427285431,-0.8014817959628999,0.0,-0.016029634462029207,-0.0078125,-0.04671793884335784,0.0,0.0,0.0,0.0,0.0,-0.023864730406785384,-0.023864730406785384,-0.895645065465942,0.0,-0.018005355501372833,-0.005859375,-0.151808159716893,0.0,0.0,0.0,0.0,0.0,0.0027996519589805757,0.0,-0.017330080831015948,-0.019999999552965164,-0.003038849093718454,0.005299992859363556,0.17667412757873535,0.9613708257675171,0.0,1536,0.026048069819808006,0.08733309060335159,0.021093333000317217,0.9702732563018799,1.3480502843856812,0.3559531897306442,0.0024120154336281173,10,-0.0039039806462824343,0.3791850805282593,0.0030294290743768217,120.64191472245159,274.0,0.008177536446601153,69924.0,4636.796434198972
0.3485851727426052,-0.0010141978680621832,0.00461854955364899,0.0568703705095686,5154,2048,1.2231171607971192,0.3087310716509819,0.157421875,0.012476087419781835,0.057571220211684704,0.004739358868620891,1.0,10,0.0009440659661777318,0.36387399832407635,0.056376073276624084,0.9568156003952026,0.004547060578688628,0.03621464967727661,0.2192954570055008,0.04888291888637468,0.9803560376167297,0.004219251404799296,0.02514979988336563,0.16026878356933594,0.06561386191751808,0.9478215575218201,0.005327813179793773,0.007419167552143335,0.17871901392936707,0.01428814334794879,role_local,0.048981680907309054,0.01401838161982596,0.00026257066666666664,0.00025321333333333334,0.0025321333333333334,256.0,1.2832947432994843,561440.0,2.1759531497955322,1.0001487731933594,0.38951945304870605,support>combat,4,0.0,-7.324218859139364e-05,-0.016733385988724574,-0.00341796875,0.0,4.733624734853947e-05,4.733624734853947e-05,0.0,-9.765625145519152e-05,0.0,-0.001953125,0.0,0.0,0.6074218694120646,-0.05526163981994614,0.0020981175956649167,0.0,-0.020515842152235564,-0.020515842152235564,-0.8255658904090524,-9.765625145519152e-05,-0.01651193600264378,-0.00390625,-0.2170818452432286,0.0,0.0,0.0,0.0,0.0,-0.01696331316634314,-0.01696331316634314,-0.750507457414642,0.0,-0.015010188209998887,-0.001953125,-0.24417910468764603,0.0,0.0,0.0,0.0,0.0,-0.02463506483763922,-0.02463506483763922,-0.8866920485161245,-9.765625145519152e-05,-0.018678033753531054,-0.005859375,-0.3266681493842043,0.0,0.0,0.0,0.0,0.0,0.0020981175956649167,0.0,-0.015516721872700145,-0.019999999552965164,-0.0010141978680621832,0.022193046286702156,0.18846476078033447,0.9655437469482422,0.0,1631,0.01767048053443432,0.18643712997436523,0.0561695208074525,0.9213588237762451,1.3434723258018493,0.3884392738342285,0.0044977402386770894,10,-0.0029724617023020984,0.3787844081719716,0.013748619891703128,120.74204545297601,275.0,0.01401838161982596,70180.0,4649.912943694973
0.3660821631550789,0.00023793482687324287,0.0034491891865250255,0.038099422887898984,4983,2048,1.2246931195259094,0.319860565662384,0.118359375,0.008695788381737657,0.03820443893782795,0.0034209294851411886,1.0,10,-0.003665402065962553,0.3640780846277873,0.05154549479484558,0.9736098647117615,0.004160297751839026,-0.05569915100932121,0.21034885942935944,0.03613452734425664,0.9840863943099976,0.0033112299209792973,-0.006639113184064627,0.12025800347328186,0.028567738272249697,0.9836114048957825,0.0028829027092059758,-0.01422097533941269,0.13551943004131317,0.010177683178335428,role_local,0.0706449281424284,0.015250140754505991,0.00026243413333333334,0.0002530426666666667,0.002530426666666667,256.0,1.2833185255527497,563488.0,2.2010772228240967,1.0058579444885254,0.5103719234466553,combat>support,7,0.0,-0.00010986328288709046,-0.016181546673275687,-0.005859375,0.0,-0.00228579877671109,-0.00228579877671109,0.0,-0.0002441406286379788,0.0,-0.001953125,0.0,0.0,0.35791015555150807,-0.25336229853564873,-8.853316148815793e-05,0.0,-0.02437402951909462,-0.02437402951909462,-0.7276661598589271,-4.882812572759576e-05,-0.014559576629835647,-0.009765625,-0.2676735349523369,0.0,0.0,0.0,0.0,0.0,-0.02332534054585267,-0.02332534054585267,-0.8732758725527674,0.0,-0.01746596572775161,-0.005859375,-0.34001529577653855,0.0,0.0,0.0,0.0,0.0,-0.0225249568829895,-0.0225249568829895,-0.8259480546694249,-0.00014648437718278728,-0.0165190976622398,-0.005859375,-0.357118907966651,0.0,0.0,0.0,0.0,0.0,-8.853316148815793e-05,0.0,-0.018127532755897846,-0.019999999552965164,0.00023793482687324287,-0.02394697442650795,0.1586642861366272,0.9796214699745178,0.0,1694,-0.042740896344184875,0.23763419687747955,0.03799440683797002,0.8360017538070679,1.3419439315795898,0.41230376064777374,0.003477448887908863,10,0.004141271719709039,0.3789331416289012,0.020322598330676556,120.84490160990052,276.0,0.015250140754505991,70436.0,4662.902551064966
0.35830792784690857,7.163940463215113e-05,0.004488839703634413,0.056879488762933764,4957,2048,1.2261202692985536,0.28678289949893954,0.157421875,0.011530822550412267,0.05764264957979322,0.004767461777967996,1.0,10,-0.0019809092860668897,0.3642631471157074,0.0639283787459135,0.9642175436019897,0.005325841977160772,-0.03041587769985199,0.27959495782852173,0.05231518568471074,0.9547169208526611,0.004416583091871618,0.03504951298236847,0.17405368387699127,0.05882996022701263,0.9308704733848572,0.004750446278703591,0.038369204849004745,0.2283315360546112,0.02051455359905958,role_local,0.050773278810083866,0.01815332742407918,0.0002622976,0.00025287199999999996,0.00252872,256.0,1.2851086378097534,565536.0,2.292112112045288,1.0077195167541504,0.2709125578403473,combat>support,8,0.0,-4.882812572759576e-05,-0.016105460205532534,-0.00439453125,0.0,-0.00012256376521690981,-0.00012256376521690981,0.0,-0.00014648437718278728,0.0,-0.001953125,0.0,0.0,0.5727539357030764,-0.05232834348862525,0.0019770455783145735,0.0,-0.019811976369965123,-0.019811976369965123,-0.5998918184777722,0.0,-0.011999476515484275,-0.0078125,-0.1335957007831894,0.0,0.0,0.0,0.0,0.0,-0.022202986663614865,-0.022202986663614865,-0.9142192064318806,0.0,-0.018296736780030187,-0.00390625,-0.23207332560559735,0.0,0.0,0.0,0.0,0.0,-0.021975245341309346,-0.021975245341309346,-0.8839316701050848,-4.882812572759576e-05,-0.018020167321083136,-0.00390625,-0.2511234961566515,0.0,0.0,0.0,0.0,0.0,0.0019770455783145735,0.0,-0.01602819409890799,-0.019999999552965164,7.163940463215113e-05,0.02000330574810505,0.22625216841697693,0.9579663276672363,0.0,1624,-0.010991435497999191,0.20155829191207886,0.05611632794607431,0.8456966280937195,1.3440970063209534,0.4298329561948776,0.004210217629300831,10,0.002124188095331192,0.37918226917584735,0.01579210124909878,120.93896040075461,277.0,0.01815332742407918,70692.0,4676.21019831812
0.4028788931667805,0.0005595235630607931,0.0028344926692426887,0.028532848140457645,4750,2048,1.227160143852234,0.2793805435299873,0.1484375,0.009929933829698711,0.045444882730953394,0.004255724179951614,1.0,10,-0.0026716941945778673,0.3641870816548665,0.06133154482813552,0.9783045053482056,0.005048855003041636,0.0010103870881721377,0.21763698756694794,0.04598888116888702,0.9628784656524658,0.004209147150771697,-0.0013391586253419518,0.15979324281215668,0.03492040955461562,0.9778726100921631,0.0038030633074155108,0.007507384289056063,0.1286761462688446,0.010360287595540285,role_local,0.05265849065035581,0.013028510008007288,0.00026216106666666667,0.0002527013333333333,0.0025270133333333334,256.0,1.2863624811172485,567584.0,2.180767059326172,0.9924176931381226,0.3856734037399292,combat>support,6,0.0,-7.324218859139364e-05,-0.015423022421600763,-0.00341796875,0.0,-0.001724733182527416,-0.001724733182527416,0.0,-0.00019531250291038305,0.0,-0.001953125,0.0,0.0,0.4759114689659327,-0.24665693039423786,0.00042370425830995373,0.0,-0.01504529221165285,-0.01504529221165285,-0.5536940698511899,0.0,-0.011139042275317479,-0.00390625,-0.22229710390092805,0.0,0.0,0.0,0.0,0.0,-0.021394319570390508,-0.021394319570390508,-0.8710836779791862,-4.882812572759576e-05,-0.017439241557440255,-0.00390625,-0.45300431683426723,0.0,0.0,0.0,0.0,0.0,-0.021645861459546722,-0.021645861459546722,-0.8841225747019053,-4.882812572759576e-05,-0.017690783432044555,-0.00390625,-0.5019974594470114,0.0,0.0,0.0,0.0,0.0,0.00042370425830995373,0.0,-0.01495255236295634,-0.019999999552965164,0.0005595235630607931,0.0026051593013107777,0.1654677838087082,0.9768053293228149,0.0,1449,-0.03129008039832115,0.21331731975078583,0.011620813549961894,0.8804112076759338,1.3455648183822633,0.5263772428035736,0.0014132611585337628,10,0.0037907413206994534,0.3793351848920186,0.015696732420474292,121.04880575483202,278.0,0.013028510008007288,70948.0,4688.885581817012
0.47841554284095766,-0.004392372909933329,0.0051764417243189125,0.06692527987761424,4797,2048,1.224923551082611,0.314924892783165,0.090625,0.006880872341571376,0.027643392863683402,0.003004259731271304,1.0,10,-0.002535004238598049,0.36371562878290814,0.04733287747949362,0.9918896555900574,0.004197972804242523,-0.008590166456997395,0.14669570326805115,0.024544565053656698,0.9778527021408081,0.002657110001932167,-0.03197576478123665,0.12676472961902618,0.021007457189261912,0.9578924775123596,0.0027507945615422693,-0.019919289276003838,0.10098201781511307,0.005918818525969982,role_local,0.04454620648175478,0.008216692926362157,0.0002620245333333333,0.00025253066666666664,0.002525306666666667,256.0,1.2856315851211548,569632.0,2.237722873687744,0.9986004829406738,0.4645964801311493,combat>support,10,0.0,-8.544922002329258e-05,-0.015587969959597103,-0.00341796875,0.0,-0.0031847460592473453,-0.0031847460592473453,0.0,-0.00014648437718278728,0.0,-0.001953125,0.0,0.0,0.1617838533129543,-0.28871201977017336,-0.0010851366675126428,0.0,-0.013225728569523199,-0.013225728569523199,-0.4659739414928481,0.0,-0.00931947862409288,-0.00390625,-0.15113919322902802,0.0,0.0,0.0,0.0,0.0,-0.02398122989689,-0.02398122989689,-0.8716637413017452,-9.765625145519152e-05,-0.018024198805505875,-0.005859375,-0.599575572530739,0.0,0.0,0.0,0.0,0.0,-0.021471013649716042,-0.021471013649716042,-0.9674494175706059,-9.765625145519152e-05,-0.019420232449192554,-0.001953125,-0.6815545232966542,0.0,0.0,0.0,0.0,0.0,-0.0010851366675126428,0.0,-0.015465680793568026,-0.019999999552965164,-0.004392372909933329,-0.022303929552435875,0.12164629250764847,0.9870526194572449,0.0,1447,-0.024605493992567062,0.17889562249183655,0.10620716689154505,0.9486749768257141,1.3463396191596986,0.6419061928987503,0.007348623717366521,10,-0.006249741581268608,0.37926528851191205,0.010514567326754331,121.16556311133691,279.0,0.008216692926362157,71204.0,4701.269778085174
0.35220313295722006,-0.0067303059855476025,0.005955817909584093,0.07778049693442882,4837,2048,1.2210856914520263,0.29871680289506913,0.15556640625,0.011062410904560237,0.057097549689933656,0.004574565708928735,1.0,10,-0.0029817558359354736,0.3633664846420288,0.06709542451426387,0.9731942415237427,0.005128396966707427,-0.07559487968683243,0.24182063341140747,0.060889480635523796,0.9479202032089233,0.004863559707680554,0.03214789181947708,0.24589714407920837,0.04743257818045095,0.9099820852279663,0.003969310440127827,-0.011375884525477886,0.2478196769952774,0.02325505334883928,role_local,0.04920014385133982,0.022499721869826315,0.000261888,0.00025236,0.0025236,256.0,1.2832386195659637,571680.0,2.8606176376342773,1.002206802368164,0.3687492609024048,combat>support,5,0.0,-8.544922002329258e-05,-0.01568361206530729,-0.00634765625,0.0,-0.00042679526859501493,-0.00042679526859501493,0.0,-0.0002441406286379788,0.0,-0.001953125,0.0,0.0,0.3310546875,0.07437526576359232,0.0017704704155221407,0.0,-0.02163765071418311,-0.02163765071418311,-0.5910963716451079,-4.882812572759576e-05,-0.011823197839476052,-0.009765625,-0.05562751730030868,0.0,0.0,0.0,0.0,0.0,-0.020382647941005416,-0.020382647941005416,-0.8238024755846709,0.0,-0.01647639807924861,-0.00390625,-0.12538285992923193,0.0,0.0,0.0,0.0,0.0,-0.02856569312280044,-0.02856569312280044,-0.9373877146281302,-4.882812572759576e-05,-0.018751240277197212,-0.009765625,-0.07768695350387134,0.0,0.0,0.0,0.0,0.0,0.0017704704155221407,0.0,-0.01775319802982267,-0.019999999552965164,-0.0067303059855476025,-0.012299753725528717,0.24908457696437836,0.9557406902313232,0.0,1721,0.014800353907048702,0.22842520475387573,0.09846344417892397,0.883452832698822,1.3453915476799012,0.40568946301937103,0.007337070110239452,10,-0.01047885613515973,0.3790886501471202,0.02174439039081335,121.26388343649326,280.0,0.022499721869826315,71460.0,4714.346793119097
0.33613285720348357,-0.0015648825094103814,0.005711671516794138,0.06336155399912968,5037,2048,1.2188072443008422,0.2869353085756302,0.11591796875,0.008248829824151472,0.03158698913175613,0.003365281400966302,1.0,10,0.003649935219436884,0.3631335298220317,0.04142477735877037,0.9747075438499451,0.003934826456085072,0.04276212677359581,0.1719479113817215,0.023417019424960016,0.9693560004234314,0.002877366675867951,-0.02256910316646099,0.1761070191860199,0.030557589372619987,0.982181966304779,0.0033206595304944965,0.029732050374150276,0.1388234794139862,0.011297014821320773,role_local,0.046662351675331594,0.012647415231913327,0.00026175146666666664,0.0002521893333333333,0.0025218933333333335,256.0,1.2814525961875916,573728.0,4.085330009460449,1.0077064037322998,0.26030388474464417,support>combat,6,0.0,-2.441406286379788e-05,-0.016353121733118314,-0.0048828125,0.0,0.0005286028613227245,0.0005286028613227245,0.0,-9.765625145519152e-05,0.0,-0.001953125,0.0,0.0,0.8670247434638441,-0.14811913057928905,0.0025793841441554832,0.0,-0.017802473303163424,-0.017802473303163424,-0.7924674893729389,0.0,-0.015849348354095127,-0.001953125,-0.2344366746256128,0.0,0.0,0.0,0.0,0.0,-0.026740311783214565,-0.026740311783214565,-0.8480971218086779,0.0,-0.01697468716156436,-0.009765625,-0.2770524289808236,0.0,0.0,0.0,0.0,0.0,-0.022094704567280132,-0.022094704567280132,-0.811763514066115,0.0,-0.016235329683695454,-0.005859375,-0.21686946356203407,0.0,0.0,0.0,0.0,0.0,0.0025793841441554832,0.0,-0.016527222640434047,-0.019999999552965164,-0.0015648825094103814,0.015793345868587494,0.16574841737747192,0.9751912951469421,0.0,1810,-0.002364115323871374,0.19402047991752625,0.09513611886650324,0.8880847692489624,1.344097948074341,0.385330405831337,0.008058061632621972,10,-0.006779700238257647,0.37896284461021423,0.013997815642505884,121.35814439460196,281.0,0.012647415231913327,71716.0,4727.560748906108
0.3886654771864414,-0.0010395145160146057,0.004041338992586574,0.048105843208031726,5041,2048,1.2166474103927611,0.3103908494114876,0.11455078125,0.008566995890578254,0.03726987806148827,0.003383721866991751,1.0,10,-0.002375542349182069,0.36284589767456055,0.03617977092508227,0.9769920706748962,0.0034557507986942015,-0.08316227793693542,0.2007165253162384,0.038430314976722,0.9711716175079346,0.00350301914604807,-0.011534270830452442,0.1537659913301468,0.03696054792962968,0.9697497487068176,0.003220860427472538,-0.02973637729883194,0.13515605032444,0.011127630528062583,role_local,0.06667083874344826,0.024337103823199868,0.00026161493333333333,0.00025201866666666665,0.0025201866666666665,256.0,1.2798072040081023,575776.0,2.105175495147705,1.010749340057373,0.3627800941467285,combat>support,5,0.0,-7.324218859139364e-05,-0.016355641163196804,-0.00732421875,0.0,-0.0022495447614119257,-0.0022495447614119257,0.0,-4.882812572759576e-05,0.0,-0.00390625,0.0,0.0,0.5050455718301237,-0.05244147713528946,0.00170553343298252,0.0,-0.02496475672160159,-0.02496475672160159,-0.6571334681939334,-4.882812572759576e-05,-0.013197178825066658,-0.01171875,-0.19849267945392057,0.0,0.0,0.0,0.0,0.0,-0.02323304759192979,-0.02323304759192979,-0.8341220004949719,-9.765625145519152e-05,-0.017276016493269708,-0.005859375,-0.2085674136178568,0.0,0.0,0.0,0.0,0.0,-0.026503884211706463,-0.026503884211706463,-0.9150829606223851,-9.765625145519152e-05,-0.018593728171254043,-0.0078125,-0.25408846396021545,0.0,0.0,0.0,0.0,0.0,0.00170553343298252,0.0,-0.019237809559854213,-0.019999999552965164,-0.0010395145160146057,-0.03773746266961098,0.16406288743019104,0.9749914407730103,0.0,1581,0.01439561229199171,0.3118398189544678,0.05894180835457519,0.8604211807250977,1.3429669976234435,0.46694010496139526,0.004698956118181397,10,0.0002965133171528578,0.37873730063438416,0.03754657711833716,121.45626824052148,282.0,0.024337103823199868,71972.0,4740.603415047983
0.3153727687895298,-0.0005666614975780249,0.0035263050672676216,0.038416792172938585,5269,2048,1.2142048954963685,0.2783544555306435,0.13955078125,0.010580634512007237,0.045469409041106704,0.0040832576614118,1.0,10,-0.0027113852091133596,0.3625373641649882,0.046340979915112254,0.9882557988166809,0.004126864252611995,-0.008958511985838413,0.1423381119966507,0.04170302525162697,0.9027254581451416,0.0039883473678810535,0.00847720354795456,0.19615815579891205,0.04873502943664789,0.9133246541023254,0.004151044220764484,0.005385333672165871,0.19817548990249634,0.014607858099043369,role_local,0.0540727848187089,0.01673468705266714,0.00026147839999999997,0.000251848,0.00251848,256.0,1.277511727809906,577824.0,2.538059949874878,0.9929206371307373,0.3537043333053589,combat>support,3,0.0,-2.441406286379788e-05,-0.01711406851063657,-0.00439453125,0.0,0.0005540200824043495,0.0005540200824043495,0.0,-4.882812572759576e-05,0.0,-0.001953125,0.0,0.0,0.5576171875,0.054250747300102375,0.0025559732058582085,0.0,-0.016769719124567928,-0.016769719124567928,-0.6431735025253147,0.0,-0.012863469188232557,-0.00390625,-0.23022983621922322,0.0,0.0,0.0,0.0,0.0,-0.025310914650617633,-0.025310914650617633,-0.9725719084963202,0.0,-0.019451539817964658,-0.005859375,-0.43166419860790484,0.0,0.0,0.0,0.0,0.0,-0.024935399465903174,-0.024935399465903174,-0.9509964191820472,-4.882812572759576e-05,-0.019027196525712498,-0.005859375,-0.3431987087824382,0.0,0.0,0.0,0.0,0.0,0.0025559732058582085,0.0,-0.016615504457149655,-0.019999999552965164,-0.0005666614975780249,0.002962559461593628,0.185090109705925,0.9621924757957458,0.0,1461,0.017757335677742958,0.2389235496520996,0.03136417530477047,0.8568236231803894,1.3408185601234437,0.3523910820484161,0.0029693524731234434,10,0.0015780622139573096,0.37837998072306317,0.018861516006290914,121.55140528018974,283.0,0.01673468705266714,72228.0,4753.741831845138
0.35755300223827363,0.0029338533757254483,0.004062573092900504,0.04870759184705094,5789,2048,1.211998176574707,0.33143257051706315,0.1779296875,0.01284415852278471,0.05764914045576006,0.004582523528684495,1.0,10,-0.0029741755221039056,0.3623637557029724,0.04787934198975563,0.9634722471237183,0.004127857104053412,0.05626003444194794,0.16940146684646606,0.05298499651253223,0.830436110496521,0.004320174968041485,0.04977159574627876,0.15846720337867737,0.07101340864319354,0.8803360462188721,0.00525067666874966,0.04239776358008385,0.17196699976921082,0.013320717122405767,role_local,0.1178944829851389,0.0222188335377723,0.00026134186666666666,0.00025167733333333333,0.0025167733333333335,256.0,1.2748558700084687,579872.0,2.2812845706939697,1.0022354125976562,0.3579917848110199,combat>support,7,0.0,0.0,-0.018821295994712273,-0.00390625,0.0,-0.005397641753233984,-0.005397641753233984,0.0,0.0,0.0,-0.0078125,0.0,0.0,0.6728515625,-0.04609130997414468,0.002414858354086391,0.0,-0.019050428210903192,-0.019050428210903192,-0.8548652450554073,0.0,-0.017097303261834895,-0.001953125,-0.23380100284703076,0.0,0.0,0.0,0.0,0.0,-0.021879591498873197,-0.021879591498873197,-0.996314441319555,0.0,-0.019926466557080857,-0.001953125,-0.38560234947362915,0.0,0.0,0.0,0.0,0.0,-0.023346368048805743,-0.023346368048805743,-0.9719636517111212,0.0,-0.019440118165221065,-0.00390625,-0.3632303538324777,0.0,0.0,0.0,0.0,0.0,0.002414858354086391,0.0,-0.017418508545233635,-0.019999999552965164,0.0029338533757254483,0.049196507781744,0.1666286438703537,0.9293053150177002,0.0,1382,-0.08337827026844025,0.3170383870601654,0.039766043238341806,0.893823504447937,1.3377135634422301,0.3836734339594841,0.003542622657116512,10,0.008841882273554803,0.3779639999071757,0.03111694995313883,121.64443477433372,284.0,0.0222188335377723,72484.0,4766.942286145175
0.4407765306532383,-0.005878506027511321,0.003669324790744336,0.038914078765083106,5593,2048,1.2110639810562134,0.23439165204763412,0.08525390625,0.0062210614210926,0.015454128198325635,0.002252676587928111,1.0,10,-0.006227078544907272,0.362344096104304,0.013758250721730291,0.9844248294830322,0.002188701377089153,-0.03075147233903408,0.12082333117723465,0.014874668000265956,0.9404889941215515,0.00223453392535288,-0.03160645440220833,0.1338101625442505,0.01753308214247227,0.954301655292511,0.0023272483802548537,-0.040120139718055725,0.13229140639305115,0.007635558536276221,role_local,0.12067832425236702,0.016998366336338222,0.0002612053333333333,0.00025150666666666667,0.0025150666666666666,256.0,1.2730831027030944,581920.0,2.34188175201416,0.9950511455535889,0.3018251955509186,support>combat,5,0.0,-4.882812572759576e-05,-0.01815680074651027,-0.0048828125,0.0,-0.0027427685858469886,-0.0027427685858469886,0.0,-4.882812572759576e-05,0.0,-0.00390625,0.0,0.0,0.43017578090075403,-0.08473223172768485,0.0012123096972231906,0.0,-0.022333941349643283,-0.022333941349643283,-0.7953463438898325,-4.882812572759576e-05,-0.016425738373072818,-0.005859375,-0.5732073865365237,0.0,0.0,0.0,0.0,0.0,-0.02520422271481948,-0.02520422271481948,-0.966634274693206,0.0,-0.01934484789671842,-0.005859375,-0.6738898094044998,0.0,0.0,0.0,0.0,0.0,-0.02270372205384774,-0.02270372205384774,-0.9204290790949017,-9.765625145519152e-05,-0.018699815969739575,-0.00390625,-0.6363578812452033,0.0,0.0,0.0,0.0,0.0,0.0012123096972231906,0.0,-0.01824616497469833,-0.019999999552965164,-0.005878506027511321,-0.034266937524080276,0.1295699030160904,0.9684898853302002,0.0,889,-0.1047884151339531,0.3642542064189911,0.06237402933184057,0.8162903189659119,1.3351022243499755,0.6471614092588425,0.005085972993560561,10,-0.00552993351011537,0.3777623772621155,0.026361174136400222,121.75311067944264,285.0,0.016998366336338222,72740.0,4779.508275005035
0.39232858791947367,-0.009426076867384836,0.0046633183747498,0.055562705965712667,5507,2048,1.2109323263168335,0.26372795552015305,0.17490234375,0.012055493460502475,0.05500508388504386,0.00464884889703771,1.0,10,-0.0027821021853014828,0.36233946681022644,0.06370797990821302,0.9753490090370178,0.0051404117782050925,-0.03011189214885235,0.15412046015262604,0.04404296875,0.9515780806541443,0.004143944871611893,-0.005658704787492752,0.1108892410993576,0.05941905304789543,0.9724888801574707,0.004765622757686339,-0.008297652937471867,0.15586429834365845,0.008498332696035504,role_local,0.053236373513936994,0.013495554053224623,0.0002610688,0.000251336,0.00251336,256.0,1.2728599727153778,583968.0,2.204002618789673,0.9944309592247009,0.37386783957481384,combat>support,7,0.0,-3.662109429569682e-05,-0.01789375875038483,-0.0029296875,0.0,-0.0019816633275695494,-0.0019816633275695494,0.0,-0.00014648437718278728,0.0,-0.001953125,0.0,0.0,0.29166667023673654,-0.17478678378392942,0.00011794597867265111,0.0,-0.020203372245305218,-0.020203372245305218,-0.7503615829627961,0.0,-0.016297122339892667,-0.00390625,-0.43250210804399103,0.0,0.0,0.0,0.0,0.0,-0.021941881321254186,-0.021941881321254186,-0.9771744147874415,0.0,-0.019988756379461847,-0.001953125,-0.6559468118939549,0.0,0.0,0.0,0.0,0.0,-0.021301647422660608,-0.021301647422660608,-0.779323217459023,0.0,-0.017395397531799972,-0.00390625,-0.5171928765485063,0.0,0.0,0.0,0.0,0.0,0.00011794597867265111,0.0,-0.016357142321794527,-0.019999999552965164,-0.009426076867384836,-0.013935391791164875,0.14065273106098175,0.9716851711273193,0.0,963,0.03525987267494202,0.3015708029270172,0.05612032804638147,0.905601441860199,1.334787619113922,0.5209292203187943,0.00467778785246189,10,-0.016070051549468188,0.3779033323129018,0.01849277541041374,121.86775705808354,286.0,0.013495554053224623,72996.0,4791.817081869114
0.41443039700388906,-0.006003786745714024,0.0045611890564335265,0.05013805542403134,5229,2048,1.210311722755432,0.3231405183672905,0.1216796875,0.0088930851459736,0.036487927407142705,0.003444464900081411,1.0,10,-0.0018279440817423164,0.36210693915685016,0.03002498021814972,0.9634188413619995,0.003212478913543082,0.047795575112104416,0.25258415937423706,0.043261339887976646,0.8684913516044617,0.0038195449608264377,0.03948304057121277,0.2500843405723572,0.0345539860194549,0.9201642274856567,0.0032300008285532046,0.03199026733636856,0.2532366216182709,0.025910519622266294,role_local,0.07853193283081054,0.020384947909042238,0.00026093226666666663,0.0002511653333333333,0.002511653333333333,256.0,1.2732265651226045,586016.0,2.2419137954711914,0.9959844350814819,0.37949666380882263,combat>support,7,0.0,-4.882812572759576e-05,-0.016955401237889117,-0.00390625,0.0,-7.529326057920116e-05,-7.529326057920116e-05,0.0,0.0,0.0,-0.001953125,0.0,0.0,0.4873046543216333,-0.011897825494088465,0.0018778318103613856,0.0,-0.020605015495675616,-0.020605015495675616,-0.7348243927117437,-4.882812572759576e-05,-0.014696812504553236,-0.005859375,-0.09771066597750178,0.0,0.0,0.0,0.0,0.0,-0.022858013966470025,-0.022858013966470025,-0.9372306561563164,-4.882812572759576e-05,-0.01890293596443371,-0.00390625,-0.2068351284833625,0.0,0.0,0.0,0.0,0.0,-0.02127036137972027,-0.02127036137972027,-0.8531125818844885,-9.765625145519152e-05,-0.0172664552446804,-0.00390625,-0.32791564078070223,0.0,0.0,0.0,0.0,0.0,0.0018778318103613856,0.0,-0.01620217223535292,-0.019999999552965164,-0.006003786745714024,0.039335425943136215,0.2519571781158447,0.9359503388404846,0.0,1415,0.06254012882709503,0.20977017283439636,0.06378818344091997,0.9536745548248291,1.3361414074897766,0.5057202756404877,0.005677913212785643,10,-0.01017962940968573,0.37801557779312134,0.014859376195818185,121.96019343922146,287.0,0.020384947909042238,73252.0,4804.977619948098
0.4234461173415184,-0.002456911560148001,0.003439854686123872,0.03659393391717458,4944,2048,1.2083803415298462,0.353529092669487,0.123046875,0.009162911039311439,0.04821466743305791,0.003957902435775618,1.0,10,-0.0038540004286915066,0.3620261748631795,0.058702014957088974,0.9905009865760803,0.004374329205092275,0.016641728579998016,0.13726933300495148,0.045561320055276154,0.9005630612373352,0.0038616204468659016,0.02922232076525688,0.1686345338821411,0.042044018674641845,0.9672857522964478,0.0037002226771674753,-0.012643568217754364,0.22216592729091644,0.012938180658966302,role_local,0.042243545316159724,0.01525680855847895,0.0002607957333333333,0.00025099466666666663,0.0025099466666666666,256.0,1.2724024176597595,588064.0,1.9446710348129272,1.0093358755111694,0.49004748463630676,support>combat,7,0.0,-4.882812572759576e-05,-0.016058082851183524,-0.00439453125,0.0,-0.002011018439475265,-0.002011018439475265,0.0,-9.765625145519152e-05,0.0,-0.00390625,0.0,0.0,0.5535481683909893,-0.03688413624695386,0.0019928878911059655,0.0,-0.01768462585823727,-0.01768462585823727,-0.6889188473578542,0.0,-0.01377837594554876,-0.00390625,0.008588489632529672,0.0,0.0,0.0,0.0,0.0,-0.02129938453435898,-0.02129938453435898,-0.9637289801612496,-4.882812572759576e-05,-0.019297431463201065,-0.001953125,-0.3362587123265257,0.0,0.0,0.0,0.0,0.0,-0.022959769077715464,-0.022959769077715464,-0.7549021146260202,-4.882812572759576e-05,-0.015098441144800745,-0.0078125,-0.18028861528728157,0.0,0.0,0.0,0.0,0.0,0.0019928878911059655,0.0,-0.01598870026282384,-0.019999999552965164,-0.002456911560148001,0.012484408915042877,0.18049339950084686,0.9740150570869446,0.0,1573,-0.0022338968701660633,0.22249747812747955,0.02497320040129125,0.9205471277236938,1.3364244937896728,0.4933631420135498,0.0029218069364721267,10,-0.001059822691604495,0.37794222434361774,0.0175754364579916,122.04615864986907,288.0,0.01525680855847895,73508.0,4818.373691605171
0.31916834190487864,-0.002105549105908722,0.0025731167373847395,0.023461776250042022,5194,2048,1.208293890953064,0.19991307854652404,0.0529296875,0.004377684707287699,0.009712448157370091,0.0017266783371605366,1.0,10,-6.255737971514464e-05,0.36199743549029034,0.008146574324928223,0.9793542623519897,0.0015905183045115344,-0.0006506670033559203,0.1575167030096054,0.010993724642321467,0.9188854694366455,0.0017858935832585354,0.009831021539866924,0.2657873332500458,0.00984034277498722,0.6836074590682983,0.0017874980600438462,0.09623424708843231,0.5731405019760132,0.05973544642329216,role_local,0.07170045673847199,0.042322742752730846,0.00026065919999999996,0.00025082399999999997,0.00250824,256.0,1.2718624889850616,590112.0,2.072350025177002,0.996726393699646,0.3927655518054962,support>combat,10,0.0,-6.10351571594947e-05,-0.016751084639205754,-0.005859375,0.0009765625,-0.0038653286214866966,-0.0038653286214866966,0.0,-9.765625145519152e-05,0.0,-0.005859375,0.0,0.0,0.6059570222860202,-0.13673445946187712,0.0016034213484772408,0.00048828125,-0.020818712400796358,-0.020818712400796358,-0.772374011343345,0.0,-0.015447618847247213,-0.005859375,-0.28674662791308947,0.0,0.0,0.0,0.0,0.00048828125,-0.02611472337594023,-0.02611472337594023,-0.8389496810268611,-4.882812572759576e-05,-0.01678855157661019,-0.009765625,-0.22521461264113896,0.0,0.0,0.0,0.0,0.00048828125,-0.015673335241444875,-0.015673335241444875,-0.895788432797417,-9.765625145519152e-05,-0.018017083493759856,-0.001953125,-0.17025919907609932,0.00390625,0.0,0.0,0.0,0.00048828125,0.0016034213484772408,0.00048828125,-0.016618025798379676,-0.019999999552965164,-0.002105549105908722,0.03772361949086189,0.38907861709594727,0.8594547510147095,0.0,1454,0.007256762590259314,0.2711196839809418,0.03721110434271395,0.887057363986969,1.3354310870170594,0.4384236052632332,0.003419555137608943,10,-0.0041485408321022986,0.3777584731578827,0.024910039082169533,122.13076575668252,289.0,0.042322742752730846,73764.0,4831.804634514963
0.4230215951800346,-0.0044133760035038,0.005327926004307268,0.06984570355707546,4380,2048,1.2074183583259583,0.2433136761188507,0.05576171875,0.0047869672591332344,0.020327763885143214,0.002192022649533504,1.0,10,-0.0033873888663947583,0.36180801192919415,0.008786949561908841,0.9800852537155151,0.001517545552937144,-0.0020608198828995228,0.17583441734313965,0.01963569752406329,0.9816535711288452,0.0020499496439990938,0.03849509730935097,0.16285040974617004,0.032690410711802544,0.9694401025772095,0.003020858638527693,0.029683571308851242,0.23953427374362946,0.012895950768142938,role_local,0.06969475150108337,0.018549405550584198,0.00026052266666666665,0.0002506533333333333,0.002506533333333333,256.0,1.2711951434612274,592160.0,2.236698865890503,1.0073227882385254,0.3586655259132385,support>combat,14,0.0,-4.882812572759576e-05,-0.014224899330050297,-0.00390625,0.0,-0.003259294952840719,-0.003259294952840719,0.0,-0.00014648437718278728,0.0,-0.00390625,0.0,0.0,0.3649088448728435,-0.11103266872669337,0.0007934394077437901,0.0,-0.01791941240662709,-0.01791941240662709,-0.7006581774912775,0.0,-0.01401316249393858,-0.00390625,-0.49542109214235097,0.0,0.0,0.0,0.0,0.0,-0.014704058732604608,-0.014704058732604608,-0.7352029953617603,0.0,-0.014704058732604608,0.0,-0.46238480947795324,0.0,0.0,0.0,0.0,0.0,-0.021818804892973276,-0.021818804892973276,-0.6940787550993264,-4.882812572759576e-05,-0.013957476763607701,-0.0078125,-0.4479776856023818,0.0,0.0,0.0,0.0,0.0,0.0007934394077437901,0.0,-0.01442539316485636,-0.019999999552965164,-0.0044133760035038,0.022304551675915718,0.1958780288696289,0.9765489101409912,0.0,1006,-0.07310093939304352,0.3277796804904938,0.11936364322900772,0.8749620914459229,1.3349719285964965,0.6027295142412186,0.008463829359081031,10,-0.005439363140612841,0.3780025839805603,0.024202860333025454,122.23608084492402,290.0,0.018549405550584198,74020.0,4844.39615461207
0.38540214076638224,-0.00214069478060992,0.0033965895988204834,0.03902763681253418,4609,2048,1.2060136198997498,0.2392326757311821,0.052734375,0.0042235844710376115,0.016126024560071527,0.0018613461118183266,1.0,10,-0.0023042102227918805,0.36169710755348206,0.02784370263107121,0.9643038511276245,0.0025419020606514907,0.018444757908582687,0.22490033507347107,0.005689756211359054,0.9907446503639221,0.0012313507193515538,0.015973161906003952,0.11153760552406311,0.015260195243172348,0.9647124409675598,0.0018325897001349955,0.04871096462011337,0.17664498090744019,0.012080091703683137,role_local,0.061578476801514626,0.012508789449930191,0.0002603861333333333,0.00025048266666666665,0.0025048266666666667,256.0,1.2719359278678894,594208.0,2.101792812347412,1.0048654079437256,0.5113189220428467,support>combat,5,0.0,-1.220703143189894e-05,-0.014961542712020067,-0.0029296875,0.0,-0.00012920857102471928,-0.00012920857102471928,0.0,0.0,0.0,-0.001953125,0.0,0.0,0.35514322837116197,0.06722390395589173,0.0018239163543967152,0.0,-0.01818267846829258,-0.01818267846829258,-0.713821483310312,0.0,-0.01427642855560407,-0.00390625,-0.2144510042562615,0.0,0.0,0.0,0.0,0.0,-0.020521200749499258,-0.020521200749499258,-0.7306424390990287,-4.882812572759576e-05,-0.014612997743824963,-0.005859375,-0.2529188601183705,0.0,0.0,0.0,0.0,0.0,-0.015995201836631168,-0.015995201836631168,-0.7997306981123984,0.0,-0.015995201836631168,0.0,-0.37115802033804357,0.0,0.0,0.0,0.0,0.0,0.0018239163543967152,0.0,-0.013707073350815335,-0.019999999552965164,-0.00214069478060992,0.028392978012561798,0.1773470640182495,0.9743956923484802,0.0,1081,-0.013919834047555923,0.21082419157028198,0.06192924906499684,0.911216139793396,1.3378582358360291,0.5315716058015824,0.00493183308582264,10,-0.001977179338427959,0.37837093075116474,0.012937487196177244,122.33530413896523,291.0,0.012508789449930191,74276.0,4857.207853303058
0.40234687104821204,-0.00329759661690332,0.004771287176609287,0.061846360977506266,5510,2048,1.2050708651542663,0.1981364980340004,0.0904296875,0.006687438325025141,0.02329738651169464,0.0024691355731006784,1.0,10,-0.0015715898596681654,0.3615515927473704,0.045044521382078526,0.9658215045928955,0.003921976955623033,-0.03434837609529495,0.20321398973464966,0.013978110917378217,0.927683413028717,0.0018351801470991135,-0.005821279250085354,0.21774959564208984,0.013930708938278257,0.8836157321929932,0.0018545800170962968,0.015270160511136055,0.20811699330806732,0.01925142090767622,role_local,0.09579132683575153,0.024773238878697156,0.0002602496,0.000250312,0.00250312,256.0,1.2724267661571502,596256.0,2.256401538848877,1.0013606548309326,0.4207160174846649,support>combat,2,0.0,-4.882812572759576e-05,-0.01789339611059404,-0.00732421875,0.0,-0.003133254025669885,-0.003133254025669885,0.0,-9.765625145519152e-05,0.0,-0.005859375,0.0,0.0,0.6868489477783442,0.01273022072700769,0.0028237771462045202,0.0,-0.023975323067134013,-0.023975323067134013,-0.8022120234090835,-4.882812572759576e-05,-0.016113995170599082,-0.0078125,-0.10828641445550602,0.0,0.0,0.0,0.0,0.0,-0.02593656014505541,-0.02593656014505541,-0.892281123669818,0.0,-0.018124060370610096,-0.0078125,-0.238834973264602,0.0,0.0,0.0,0.0,0.0,-0.02730346072348766,-0.02730346072348766,-0.9721007810439914,-4.882812572759576e-05,-0.01944213279057294,-0.0078125,-0.3096371580613777,0.0,0.0,0.0,0.0,0.0,0.0028237771462045202,0.0,-0.020087150751351146,-0.019999999552965164,-0.00329759661690332,-0.006753208581358194,0.21094152331352234,0.9407890439033508,0.0,1513,-0.06525347381830215,0.2653871476650238,0.10039533544331788,0.9028469920158386,1.3397826671600341,0.6065572440624237,0.007073438780117897,10,-0.005023603374138474,0.3784686227639516,0.030295056849718095,122.41562760977965,292.0,0.024773238878697156,74532.0,4870.750668375986
0.35876782685518266,-0.0033699336810968815,0.0040656479809291855,0.04707085715053836,5476,2048,1.2039601683616639,0.315573912858963,0.1837890625,0.013849871914135291,0.05913568439718801,0.004781631663385471,1.0,10,-0.0031192334135994315,0.36143482724825543,0.062127879483159634,0.985820472240448,0.005059084935572877,-0.041307233273983,0.15361739695072174,0.05946687888354063,0.9185674786567688,0.004695172378738749,-0.0241803340613842,0.1718238890171051,0.056430430803447965,0.9302992224693298,0.004648176242288004,-0.007944832555949688,0.14535117149353027,0.011022371705621481,role_local,0.04613749962300062,0.01339483829215169,0.0002601130666666666,0.0002501413333333333,0.0025014133333333332,256.0,1.2724558651447295,598304.0,2.4998791217803955,1.0015060901641846,0.4088864028453827,combat>support,4,0.0,-2.441406286379788e-05,-0.01775723646035961,-0.005859375,0.0,0.0004277134314634168,0.0004277134314634168,0.0,-4.882812572759576e-05,0.0,-0.001953125,0.0,0.0,0.6736653458792716,-0.044165817118482664,0.0024296665671954543,0.0,-0.022977261985943187,-0.022977261985943187,-0.7582381775137037,0.0,-0.015164762269705534,-0.0078125,0.09820610718452372,0.0,0.0,0.0,0.0,0.0,-0.026831930234038737,-0.026831930234038737,-0.9389459188096225,0.0,-0.019019430532353,-0.0078125,-0.04644188386737369,0.0,0.0,0.0,0.0,0.0,-0.024995719533762895,-0.024995719533762895,-0.9442755016498268,-4.882812572759576e-05,-0.019087516579020303,-0.005859375,-0.13399383017531363,0.0,0.0,0.0,0.0,0.0,0.0024296665671954543,0.0,-0.018594300654513063,-0.019999999552965164,-0.0033699336810968815,-0.023238953202962875,0.15814641118049622,0.9673851132392883,0.0,1732,-0.019094770774245262,0.19052505493164062,0.0350060299038887,0.9230955243110657,1.3409515619277954,0.4019617408514023,0.0033496642984728988,10,-0.003620633948594332,0.37876370549201965,0.015767304878681897,122.49989169655638,293.0,0.01339483829215169,74788.0,4884.118603811134
0.4009177826344967,-0.0016072255559265614,0.005091785604474319,0.0666973005165346,4028,1696,1.2033942103385926,0.33458480685949327,0.16691313534975052,0.012720738234929741,0.07724173462484032,0.005871917720862918,1.0,10,-0.0006556560285389424,0.36144739389419556,0.08045955284032971,0.982168436050415,0.005909947939390092,-0.0681626945734024,0.18711543083190918,0.08145674974657595,0.8280137777328491,0.006056377475875207,0.01241301093250513,0.2340618073940277,0.06922108728904278,0.9521326422691345,0.005606119196616216,-0.009217915125191212,0.27043014764785767,0.021381815336644648,role_local,0.05765891820192337,0.03653519889339805,0.00026,0.00025,0.0025,212.0,1.2735648274421691,600000.0,2.1172244548797607,0.9906234741210938,0.38118723034858704,combat>support,7,0.0,-2.94811325147748e-05,-0.01574050562834051,-0.008254716981132075,0.0,-0.004999547553076277,-0.004999547553076277,0.0,-0.0001179245300590992,0.0,-0.007075471698113208,0.0,0.0,0.6020047034857408,-0.03569499315377676,0.0021938488928256294,0.0,-0.022263359568380523,-0.022263359568380523,-0.641463281832776,0.0,-0.012829397486540366,-0.009433962264150943,-0.16749710023824899,0.0,0.0,0.0,0.0,0.0,-0.023726675360691996,-0.023726675360691996,-0.9497994167624779,0.0,-0.019009694044109224,-0.0047169811320754715,-0.2724049409745999,0.0,0.0,0.0,0.0,0.0,-0.02717487794294391,-0.02717487794294391,-0.7662723140334183,0.0,-0.015382425354371936,-0.01179245283018868,-0.1279454266406455,0.0,0.0,0.0,0.0,0.0,0.0021938488928256294,0.0,-0.019541115601072617,-0.019999999552965164,-0.0016072255559265614,-0.01647150330245495,0.23764298856258392,0.9568031430244446,0.0,1216,0.005147325340658426,0.4033128023147583,0.05615286640822888,0.8457549214363098,1.343735444545746,0.46725075840950014,0.004311653488085721,10,-0.00255879508331418,0.37910065054893494,0.05168858245015144,122.57075183231517,294.0,0.03653519889339805,75000.0,4895.131922017084
0.5053898975253105,0.0007555351650808007,0.00665814142028788,0.09037873914930969,5071,2048,1.2037851691246033,0.42325684130191804,0.20634765625,0.017649171850644053,0.09644735571928323,0.007287553058794483,1.0,10,-0.0033189597656019033,0.36155028144518536,0.1128085569711402,0.9883884191513062,0.008269615151795917,-0.03496314212679863,0.15083932876586914,0.08072649033274501,0.973970353603363,0.006383811629641234,-0.019004782661795616,0.12233936786651611,0.09986101295799017,0.9851629137992859,0.007445952253114873,-0.020483870059251785,0.143539696931839,0.00779764587059617,role_local,0.06768663879483938,0.01312402579933405,0.0002598634666666666,0.0002498293333333333,0.0024982933333333335,256.0,1.274927020072937,602048.0,2.2280678749084473,0.998001217842102,0.3266185522079468,combat>support,6,0.0,-2.441406286379788e-05,-0.016456171881145565,-0.00732421875,0.0,0.0008039683148126642,0.0008039683148126642,0.0,-4.882812572759576e-05,0.0,-0.001953125,0.0,0.0,0.62939453125,0.04805724493053276,0.00280592157787396,0.0,-0.024304757789650466,-0.024304757789650466,-0.7268487801775336,0.0,-0.014539133007929195,-0.009765625,-0.036296494137786794,0.0,0.0,0.0,0.0,0.0,-0.028445323041523807,-0.028445323041523807,-0.9315177507232875,-4.882812572759576e-05,-0.018630870115885045,-0.009765625,-0.2395298833725974,0.0,0.0,0.0,0.0,0.0,-0.02401101219948032,-0.02401101219948032,-0.8087649224326015,0.0,-0.016198512519622454,-0.0078125,-0.11676406051265076,0.0,0.0,0.0,0.0,0.0,0.00280592157787396,0.0,-0.01898928211812745,-0.019999999552965164,0.0007555351650808007,-0.02419172413647175,0.1384166181087494,0.9852012991905212,0.0,1290,0.06550637632608414,0.2570340931415558,0.08431012257933616,0.9013276100158691,1.3460688710212707,0.587522953748703,0.006028729781781278,10,0.004830030095763505,0.3793339729309082,0.01845040572807193,117.11108690748434,295.0,0.01312402579933405,75256.0,5140.828386945184
0.46554959788918493,-0.0001434407626675238,0.006606605212324432,0.08087988724000753,5121,2048,1.2049664616584779,0.3173315152525902,0.11123046875,0.007911240169778466,0.028014079248532654,0.0030445226954002092,1.0,10,0.006927175354212523,0.3616679608821869,0.035132869705557825,0.9835888147354126,0.0034304803257253656,-0.03642062842845917,0.19140419363975525,0.026296937884762884,0.931999921798706,0.003071392143576046,-0.004087646026164293,0.20748381316661835,0.024283164413645864,0.9648783206939697,0.0027178839258382437,-0.020564159378409386,0.17865696549415588,0.015595778450369835,role_local,0.07989375442266464,0.024387447256594898,0.0002597269333333333,0.00024965866666666663,0.0024965866666666666,256.0,1.2761946499347687,604096.0,2.8687527179718018,0.9973413944244385,0.35862991213798523,support>combat,6,0.0,-2.441406286379788e-05,-0.016626011953727964,-0.00634765625,0.0,-0.0030551976115020807,-0.0030551976115020807,0.0,0.0,0.0,-0.005859375,0.0,0.0,0.59521484375,0.07055300486535998,0.00280417738667893,0.0,-0.02159105395548977,-0.02159105395548977,-0.6864863492082804,-4.882812572759576e-05,-0.013729726000747178,-0.0078125,-0.08899736127932556,0.0,0.0,0.0,0.0,0.0,-0.02430073971481761,-0.02430073971481761,-0.921906067756936,0.0,-0.01844136495492421,-0.005859375,-0.35917675312884967,0.0,0.0,0.0,0.0,0.0,-0.023615147874807008,-0.023615147874807008,-0.8843155419453979,-4.882812572759576e-05,-0.0177069449055125,-0.005859375,-0.27630101960676257,0.0,0.0,0.0,0.0,0.0,0.00280417738667893,0.0,-0.018140535623388132,-0.019999999552965164,-0.0001434407626675238,-0.01883619651198387,0.19365088641643524,0.9697018265724182,0.0,1222,-0.01570812426507473,0.33095335960388184,0.1337456952314824,0.8532918691635132,1.3474228382110596,0.6137676805257797,0.010168687729248654,10,-0.00721405687954757,0.37945789098739624,0.03317911606281996,117.20101957755595,296.0,0.024387447256594898,75512.0,5154.357890208019
0.35741014406085014,-0.0026941293574054724,0.0042472285957125735,0.04745243572397158,4727,2048,1.2048587799072266,0.3035555586218834,0.162109375,0.011957244039513171,0.06291079127695412,0.005086105817088987,1.0,10,-0.0031424134504050016,0.36147332191467285,0.06924594008596614,0.9839174747467041,0.005494083594378596,-0.03399442881345749,0.2234461009502411,0.05655804337002337,0.9040400981903076,0.004669205261292997,0.02003774419426918,0.20905306935310364,0.06634940189542249,0.9666212797164917,0.005316977911491582,0.014573445543646812,0.2294987142086029,0.01824465561658144,role_local,0.04955631978809834,0.01261257987935096,0.0002595904,0.00024948799999999997,0.00249488,256.0,1.2764490127563477,606144.0,2.190081834793091,1.000593900680542,0.5179420113563538,support>combat,3,0.0,0.0,-0.015334121764074856,-0.0078125,0.0,0.0043247986491223855,0.0043247986491223855,0.0,0.0,0.0,0.0,0.0,0.0,0.7255859375,0.23707582021597773,0.0043247986491223855,0.0,-0.02025289091761806,-0.02025289091761806,-0.52436333312653,0.0,-0.010487266052223276,-0.009765625,0.05482928152196109,0.0,0.0,0.0,0.0,0.0,-0.029011854734562803,-0.029011854734562803,-0.9623082068283111,0.0,-0.01924622998922132,-0.009765625,-0.05520762572996318,0.0,0.0,0.0,0.0,0.0,-0.027987618959741667,-0.027987618959741667,-0.8133991379290819,0.0,-0.01626886925077997,-0.01171875,-0.008671571009472245,0.0,0.0,0.0,0.0,0.0,0.0043247986491223855,0.0,-0.01823189229980926,-0.019999999552965164,-0.0026941293574054724,0.005771396681666374,0.2208373099565506,0.9716631174087524,0.0,1486,0.05214105173945427,0.11999452859163284,0.03199408017098904,0.8074102401733398,1.3480392456054688,0.4112647294998169,0.0034083513743361606,10,-0.0022458452644059435,0.379483421643575,0.0069805041421204805,117.2967225949685,297.0,0.01261257987935096,75768.0,5167.612415677169
0.4188316032290459,-0.0009741265035700053,0.0044167931897465705,0.053548201406374576,5111,2048,1.202943778038025,0.327344810962677,0.1048828125,0.007624500436941161,0.02655990980565548,0.002946772116680238,1.0,10,0.0008219779119826853,0.3612591822942098,0.028073828550986946,0.9819027185440063,0.003098256366160901,-0.03449390083551407,0.20421764254570007,0.026536662643775345,0.9137987494468689,0.002733547900909139,0.0008648608927614987,0.17332302033901215,0.025474172784015536,0.9856396913528442,0.003076049247709192,0.036262158304452896,0.1298551857471466,0.01241256222128868,role_local,0.04980793185532093,0.024136275611817838,0.00025945386666666664,0.0002493173333333333,0.0024931733333333336,256.0,1.2755014836788177,608192.0,2.5648555755615234,1.0049870014190674,0.38176417350769043,support>combat,10,0.0,-1.220703143189894e-05,-0.01656694567221469,-0.0068359375,0.0,-0.0032389823518315097,-0.0032389823518315097,0.0,-4.882812572759576e-05,0.0,-0.005859375,0.0,0.0,0.8115234375,-0.09614545105432626,0.0026692210103647085,0.0,-0.022752724904421484,-0.022752724904421484,-0.6493550471495837,0.0,-0.01298710009905335,-0.009765625,0.014015019514772575,0.0,0.0,0.0,0.0,0.0,-0.02726363883994054,-0.02726363883994054,-0.972488742088899,0.0,-0.019451138956355862,-0.0078125,-0.20250483774361783,0.0,0.0,0.0,0.0,0.0,-0.021168847859371454,-0.021168847859371454,-0.8629717254079878,0.0,-0.01726259796123486,-0.00390625,-0.12201810959959403,0.0,0.0,0.0,0.0,0.0,0.0026692210103647085,0.0,-0.018606049074151088,-0.019999999552965164,-0.0009741265035700053,0.003887609811499715,0.17109934985637665,0.9770261645317078,0.0,1665,-0.014090560376644135,0.30205002427101135,0.08053649300709367,0.8736089468002319,1.3480591893196106,0.5103183954954147,0.005886814262812903,10,-0.0027702309191226957,0.37952080368995667,0.03585998900234699,117.39173304539342,298.0,0.024136275611817838,76024.0,5180.875894939061
0.3609137959778309,-0.003455512737855315,0.004055464879066564,0.0439548744354397,5404,2048,1.2008386135101319,0.3224795773625374,0.15341796875,0.01142640836769715,0.04667374328710139,0.0041378849285936105,1.0,10,-0.0025605475530028343,0.3609013458093007,0.05355745730921626,0.9738516211509705,0.004502736467681945,0.012050600722432137,0.1949138343334198,0.042498339992016555,0.9556474089622498,0.003989201180792101,0.02071216329932213,0.1892573982477188,0.04498972427099943,0.8885877728462219,0.0039833901321611465,0.01869778521358967,0.1569022238254547,0.014154421351850032,role_local,0.05979285687208176,0.01708258157595992,0.00025931733333333333,0.00024914666666666664,0.0024914666666666667,256.0,1.2745167911052704,610240.0,1.9394410848617554,0.9956551194190979,0.36940473318099976,combat>support,10,0.0,-2.441406286379788e-05,-0.017560433649729628,-0.0048828125,0.0,-0.0016182605457970567,-0.0016182605457970567,0.0,0.0,0.0,-0.00390625,0.0,0.0,0.6124674479942769,-0.0269800228998065,0.002287989655712863,0.0,-0.019393011461943388,-0.019393011461943388,-0.7658468894660473,-4.882812572759576e-05,-0.01543793343444122,-0.00390625,-0.10132687154691666,0.0,0.0,0.0,0.0,0.0,-0.023481165793782566,-0.023481165793782566,-0.881027378840372,0.0,-0.017621790946577676,-0.005859375,-0.1432534994382877,0.0,0.0,0.0,0.0,0.0,-0.025529779530188534,-0.025529779530188534,-0.9810732982587069,-4.882812572759576e-05,-0.019621576568169985,-0.005859375,-0.23271616056445055,0.0,0.0,0.0,0.0,0.0,0.002287989655712863,0.0,-0.017505555388197536,-0.019999999552965164,-0.003455512737855315,0.017424562945961952,0.17970962822437286,0.9598793983459473,0.0,1463,0.014718545600771904,0.24877259135246277,0.041236005583778025,0.8680317401885986,1.348194968700409,0.3993480145931244,0.003973044829539518,10,-0.004350477922707796,0.3794821898142497,0.020010741800069808,117.48054523124692,299.0,0.01708258157595992,76280.0,5194.391963357106
0.37623692154884336,0.0012369861302431672,0.005346116169667603,0.06806865822873079,5048,2048,1.1975598812103272,0.32869320809841157,0.21142578125,0.015617054497124628,0.08634143978124484,0.006318870556435952,1.0,10,0.006717870279680937,0.3605133692423503,0.096281754237134,0.9902733564376831,0.006937398441187287,-0.01613204926252365,0.12944947183132172,0.07286310845520347,0.9869205355644226,0.005549322717800553,-0.020765235647559166,0.11205713450908661,0.08984595336951315,0.8907262086868286,0.006476744464972567,0.010202785022556782,0.2611398696899414,0.014082336984574794,role_local,0.07502132430672645,0.02594319637864828,0.00025918079999999997,0.000248976,0.00248976,256.0,1.2731504619121552,612288.0,1.9657444953918457,1.0016801357269287,0.4555288255214691,support>combat,4,0.0,-2.441406286379788e-05,-0.01637410968639112,-0.0068359375,0.0,-0.0011290069555798254,-0.0011290069555798254,0.0,-4.882812572759576e-05,0.0,-0.00390625,0.0,0.0,0.5068359393626451,0.133121228631353,0.0028260711351322243,0.0,-0.024714494287763955,-0.024714494287763955,-0.7467919364571571,0.0,-0.014948869513318641,-0.009765625,-0.005400527212259476,0.0,0.0,0.0,0.0,0.0,-0.021668209727067733,-0.021668209727067733,-0.790441811317578,0.0,-0.015808834843483055,-0.005859375,-0.1078962834289996,0.0,0.0,0.0,0.0,0.0,-0.02622595262801042,-0.02622595262801042,-0.9049802718218416,-4.882812572759576e-05,-0.018364624702371657,-0.0078125,-0.1149131106940331,0.0,0.0,0.0,0.0,0.0,0.0028260711351322243,0.0,-0.01843441689561587,-0.019999999552965164,0.0012369861302431672,-0.007766069378703833,0.18668697774410248,0.9706856608390808,0.0,1340,-0.06836026161909103,0.37374553084373474,0.049795876676216724,0.6099555492401123,1.3487410426139832,0.4237806349992752,0.004373361782899254,10,-0.004243898019194603,0.37981895605723065,0.037804055772721765,117.58172508459315,300.0,0.02594319637864828,76536.0,5207.339827337069
0.34280782006680965,-0.004419858796609333,0.0068629932948212295,0.09376853877911344,5458,2048,1.1945063948631287,0.28964134827256205,0.21611328125,0.017198326333891602,0.09199232819955797,0.006652423138420527,1.0,10,-0.001882659806869924,0.3602065642674764,0.07266355610918254,0.9627301096916199,0.005743300465059342,0.0018761627143248916,0.21889977157115936,0.09975754071492701,0.5839436054229736,0.007103037238897991,0.15523892641067505,0.8628641366958618,0.10171528725186363,0.881292462348938,0.007029790326039986,0.018222682178020477,0.25266554951667786,0.11194264888763428,role_local,0.12048890814185143,0.06980645628646016,0.00025904426666666666,0.0002488053333333333,0.0024880533333333336,256.0,1.2732615709304809,614336.0,2.1715991497039795,0.9956399202346802,0.40684056282043457,support>combat,6,0.0,-1.220703143189894e-05,-0.017601483061298495,-0.009765625,0.001953125,0.0022215609378690715,0.0022215609378690715,0.0,0.0,0.0,-0.00390625,0.0,0.0,0.794921875,0.32859350375656504,0.005151248511538142,0.0009765625,-0.027341283563146135,-0.027341283563146135,-0.829947673715651,0.0,-0.01659909649970359,-0.01171875,0.1715019548428245,0.0,0.0,0.0,0.0,0.0009765625,-0.020408221025718376,-0.020408221025718376,-0.8704746786970645,-4.882812572759576e-05,-0.017429702296794858,-0.01171875,0.2083074920810759,0.0078125,0.0,0.0,0.0,0.0009765625,-0.029517837501771282,-0.029517837501771282,-0.9384446442127228,0.0,-0.018775650387397036,-0.01171875,0.3994829710572958,0.0,0.0,0.0,0.0,0.0009765625,0.005151248511538142,0.0009765625,-0.01876144612833741,-0.019999999552965164,-0.004419858796609333,0.05870167538523674,0.538550615310669,0.7674807906150818,0.0,1630,0.01795779913663864,0.2652817964553833,0.09554474935866893,0.8612293004989624,1.3520167469978333,0.39597429186105726,0.007073563451221931,10,-0.006957057786348741,0.38016191124916077,0.027670263685286044,117.66613217806852,301.0,0.06980645628646016,76792.0,5221.009551587049
0.35241029411554337,-0.0015874016266025138,0.004609338923982606,0.05378449218114838,5439,2048,1.1912490844726562,0.2766431987285614,0.13232421875,0.009149299276759847,0.02885289031546563,0.0034015037380638047,1.0,10,-0.0016529878004803323,0.35961951812108356,0.03140078211436048,0.974182665348053,0.003546852425410263,0.02611006423830986,0.16702033579349518,0.028135373257100582,0.9606975317001343,0.0033680700633009265,-0.0004162055847700685,0.20464740693569183,0.027165675116702915,0.9329618811607361,0.003298158384412031,0.016241921111941338,0.20177583396434784,0.016928880568593742,role_local,0.06516591161489486,0.026432136492803692,0.0002589077333333333,0.00024863466666666666,0.0024863466666666667,256.0,1.272358912229538,616384.0,2.2858078479766846,0.9940857887268066,0.432627409696579,combat>support,3,0.0,0.0,-0.017590817891080707,-0.00732421875,0.0,-0.0011231710614083568,-0.0011231710614083568,0.0,0.0,0.0,-0.005859375,0.0,0.0,0.80419921875,0.2532345220679417,0.004736203967695474,0.0,-0.023036396400129888,-0.023036396400129888,-0.858851162949577,0.0,-0.017177021560200956,-0.005859375,0.05713173891126644,0.0,0.0,0.0,0.0,0.0,-0.026935132147627883,-0.026935132147627883,-0.8584482378792018,0.0,-0.01716950733680278,-0.009765625,0.027051752942497842,0.0,0.0,0.0,0.0,0.0,-0.026238424608891364,-0.026238424608891364,-0.9210031067486852,0.0,-0.01842592477623839,-0.0078125,0.049584040527406614,0.0,0.0,0.0,0.0,0.0,0.004736203967695474,0.0,-0.01933328226368758,-0.019999999552965164,-0.0015874016266025138,0.013996321707963943,0.19250862300395966,0.9600748419761658,0.0,1650,0.02244950458407402,0.2967306673526764,0.07871609404683114,0.8653808236122131,1.3534687399864196,0.4281773895025253,0.005817174109901407,10,-0.0015218154527246951,0.38018755118052167,0.03593539241701364,117.75837585991704,302.0,0.026432136492803692,77048.0,5234.311321797082
0.4062035471200943,0.0012005364173091949,0.0026006799059644274,0.022003031126223503,4704,2048,1.1855570673942566,0.4226837992668152,0.0947265625,0.007069483248051256,0.030700323975179345,0.0030219795720547336,1.0,10,-0.0015051993541419506,0.3589239716529846,0.023079849313944578,0.9817050099372864,0.002599041859879134,-0.055612705647945404,0.20615942776203156,0.03339539412409067,0.9802420139312744,0.003187018590126556,-0.06868848204612732,0.18959398567676544,0.0340877931448631,0.948101818561554,0.0031974791966279835,-0.05439494177699089,0.24519053101539612,0.019376536644995213,role_local,0.09180287569761277,0.01397881789598614,0.0002587712,0.000248464,0.00248464,256.0,1.2691187024116517,618432.0,1.826651930809021,1.0039650201797485,0.45426779985427856,combat>support,12,0.0,-2.441406286379788e-05,-0.015164922271651449,-0.01025390625,0.0,0.002056845092738513,0.002056845092738513,0.0,0.0,0.0,-0.001953125,0.0,0.0,0.70751953125,0.19664867014216725,0.004009970129118301,0.0,-0.028780705153621966,-0.028780705153621966,-0.6577853226335719,0.0,-0.013155705571989529,-0.015625,-0.10952536016702652,0.0,0.0,0.0,0.0,0.0,-0.026642887572961627,-0.026642887572961627,-0.7435128001961857,-4.882812572759576e-05,-0.014875309727358399,-0.01171875,0.21124468838388566,0.0,0.0,0.0,0.0,0.0,-0.02923132983414689,-0.02923132983414689,-0.8721656741108745,-4.882812572759576e-05,-0.017463751515606418,-0.01171875,0.17418061307398602,0.0,0.0,0.0,0.0,0.0,0.004009970129118301,0.0,-0.0206495202583028,-0.019999999552965164,0.0012005364173091949,-0.05942237004637718,0.21719489991664886,0.9735288619995117,0.0,1450,0.024196483194828033,0.16382776200771332,0.013305738277267665,0.9557459950447083,1.3526803374290466,0.38972329497337344,0.002179380239874121,10,0.00390627218876034,0.379912664492925,0.008581099146977068,117.87147660303222,303.0,0.01397881789598614,77304.0,5246.663720712997
0.4044330343604088,-0.0011061844554205891,0.004084782737782233,0.045751587767153976,4774,2048,1.1812852263450622,0.2921032190322876,0.1341796875,0.009823003452038393,0.04911209754645825,0.004183641144851253,1.0,10,-5.290489643812179e-05,0.3586823145548503,0.037593977386131884,0.984465479850769,0.003631727492619885,0.030663270503282547,0.15164302289485931,0.04817274957895279,0.9782562255859375,0.004170039545121658,-0.044351447373628616,0.17004594206809998,0.05982797658070922,0.7504871487617493,0.004670923546275918,0.06346834450960159,0.6416638493537903,0.06488439254462719,role_local,0.09232287593185902,0.044985633436590435,0.00025863466666666663,0.00024829333333333334,0.0024829333333333333,256.0,1.265303111076355,620480.0,2.0036048889160156,0.9973554611206055,0.47122690081596375,support>combat,3,0.0,0.0,-0.0154025293407661,-0.00732421875,0.0009765625,0.0004257715213498159,0.0004257715213498159,0.0,0.0,0.0,-0.00390625,0.0,0.0,0.7236328125,0.15820152281958144,0.0038437403431998973,0.00048828125,-0.02015522419969784,-0.02015522419969784,-0.7392027662135661,0.0,-0.014784130629777792,-0.005859375,0.07760690267605241,0.0,0.0,0.0,0.0,0.00048828125,-0.023768410759657854,-0.023768410759657854,-0.7244787979871035,0.0,-0.014491067220660625,-0.009765625,0.3115998442226555,0.0,0.0,0.0,0.0,0.00048828125,-0.022303485064185224,-0.022303485064185224,-0.8443376030772924,0.0,-0.01693239017185988,-0.009765625,0.03291457940940745,0.00390625,0.0,0.0,0.0,0.00048828125,0.0038437403431998973,0.00048828125,-0.016450337763671996,-0.019999999552965164,-0.0011061844554205891,0.019189508631825447,0.41235455870628357,0.9041330218315125,0.0,1484,0.03700198233127594,0.26492688059806824,0.04239107798784971,0.7991312742233276,1.3493209958076477,0.5167628496885299,0.003985924330713214,10,-0.0021594640144030563,0.3793002168337504,0.025086874328553676,117.96196815574075,304.0,0.044985633436590435,77560.0,5260.000402678968
0.34182641059160235,-0.005107103930095036,0.004663163397079657,0.055511707800906154,4780,2048,1.1806517481803893,0.27176244109869,0.0548828125,0.004278653085930273,0.013705696852412075,0.0018530269560918494,1.0,10,-0.0052294807308499005,0.3587240179379781,0.01007933592190966,0.9854093194007874,0.0016603165347480174,-0.027088889852166176,0.15908066928386688,0.011924842465668916,0.9746534824371338,0.0017833753839786414,-0.03365118056535721,0.2031397670507431,0.017332092439755798,0.5599620342254639,0.0020277508796425537,0.061675481498241425,0.5420650243759155,0.05480247661471367,role_local,0.05030342042446136,0.036801629979163406,0.0002584981333333333,0.0002481226666666667,0.0024812266666666668,256.0,1.2626811802387237,622528.0,2.148669719696045,0.9937615394592285,0.3881944417953491,support>combat,6,0.0,-1.220703143189894e-05,-0.015402612430989393,-0.00732421875,0.0009765625,0.002077627534617932,0.002077627534617932,0.0,0.0,0.0,-0.001953125,0.0,0.0,0.7841796875,0.06762542446085718,0.003542471244600165,0.00048828125,-0.021642802257701987,-0.021642802257701987,-0.6182729579741135,0.0,-0.01236545844039938,-0.009765625,0.05397614419052843,0.0,0.0,0.0,0.0,0.00048828125,-0.023867874257121002,-0.023867874257121002,-0.7293721307069063,0.0,-0.0145905306962959,-0.009765625,0.14213353908417048,0.0,0.0,0.0,0.0,0.00048828125,-0.0227186452029855,-0.0227186452029855,-0.9624371097888798,-4.882812572759576e-05,-0.0192518481562729,-0.0078125,0.05245894869068479,0.00390625,0.0,0.0,0.0,0.00048828125,0.003542471244600165,0.00048828125,-0.01653792396609788,-0.019999999552965164,-0.005107103930095036,0.007922280579805374,0.38028135895729065,0.9118892550468445,0.0,1607,0.028843434527516365,0.23123367130756378,0.09731771874940023,0.8316755890846252,1.344710612297058,0.4118903800845146,0.007473299838067465,10,-0.004984727129340172,0.3789077003796895,0.018800783343613146,118.05943856604509,305.0,0.036801629979163406,77816.0,5273.004916517064
0.3441603101789951,-0.002807973348535597,0.0029030792976780565,0.027929810946807264,4952,2048,1.1809282422065734,0.254138158261776,0.09404296875,0.006813025719020515,0.02811898598447442,0.0029861443255281895,1.0,10,-0.0018933228217065333,0.35873664418856305,0.031178128649480642,0.9809080362319946,0.0032556319074751455,-0.010584776289761066,0.17128276824951172,0.028936314093880356,0.9841245412826538,0.0030618771455836803,-0.04029595106840134,0.16570791602134705,0.02482029141392559,0.9516392350196838,0.002692257140734,0.019776146858930588,0.19426867365837097,0.012857079785317183,role_local,0.08905252851545811,0.02497085598297417,0.00025836159999999996,0.00024795199999999996,0.00247952,256.0,1.261718249320984,624576.0,2.0247886180877686,0.9910448789596558,0.4082920551300049,combat>support,9,0.0,-2.441406286379788e-05,-0.01604307192004247,-0.0078125,0.0,-0.0026281705459041405,-0.0026281705459041405,0.0,0.0,0.0,-0.005859375,0.0,0.0,0.61767578125,0.1267502307819086,0.0032312044977516052,0.0,-0.023349375624093227,-0.023349375624093227,-0.7744024526327848,-4.882812572759576e-05,-0.015488047676626593,-0.0078125,-0.21512984506262,0.0,0.0,0.0,0.0,0.0,-0.024409135796304327,-0.024409135796304327,-0.7321755995508283,0.0,-0.014643510952737415,-0.009765625,-0.06688773562564165,0.0,0.0,0.0,0.0,0.0,-0.025858985041850246,-0.025858985041850246,-0.8998829501215369,-4.882812572759576e-05,-0.0179976571307634,-0.0078125,-0.1822105810570065,0.0,0.0,0.0,0.0,0.0,0.0032312044977516052,0.0,-0.0190614177408861,-0.019999999552965164,-0.002807973348535597,-0.008350487798452377,0.18029390275478363,0.975978434085846,0.0,1268,-0.0548241063952446,0.3430379331111908,0.02774063590914011,0.7402755618095398,1.3425082564353943,0.4341824620962143,0.002820014269827924,10,-0.0037226238753646614,0.3787075877189636,0.03708463218063116,118.15583286196856,306.0,0.02497085598297417,78072.0,5286.036117485957
0.3908000610768795,-0.005316611437592655,0.00367559856094513,0.04255591086839559,4758,2048,1.181270718574524,0.25643520206213,0.0734375,0.006032473401864991,0.024678915986442007,0.002642941112559434,1.0,10,-0.005073811928741634,0.35884179671605426,0.020305731135886164,0.9661839604377747,0.002252883024416186,0.00975917000323534,0.15554888546466827,0.029606181185226888,0.9852019548416138,0.0029972980672784977,-0.04565563425421715,0.17579279839992523,0.025447001168504357,0.9683321118354797,0.0027922502730447275,-0.04155803099274635,0.24933534860610962,0.01357638081535697,role_local,0.07618752531707287,0.019415901461616158,0.00025822506666666666,0.0002477813333333333,0.0024778133333333333,256.0,1.2614850103855133,626624.0,2.3446550369262695,0.9915626049041748,0.35104137659072876,support>combat,7,0.0,-2.441406286379788e-05,-0.01542460520916696,-0.0068359375,0.0,0.0014381015180333634,0.0014381015180333634,0.0,0.0,0.0,-0.001953125,0.0,0.0,0.55810546875,0.1931341170129599,0.00339122655122992,0.0,-0.023954228534421418,-0.023954228534421418,-0.9023013731930405,-4.882812572759576e-05,-0.018046025557850953,-0.005859375,-0.2803487727360334,0.0,0.0,0.0,0.0,0.0,-0.021609879477182403,-0.021609879477182403,-0.6873950292356312,-4.882812572759576e-05,-0.01374855146423215,-0.0078125,0.02085262160107959,0.0,0.0,0.0,0.0,0.0,-0.02619798826344777,-0.02619798826344777,-0.7238554831128567,0.0,-0.014479238605417777,-0.01171875,-0.023601015855092555,0.0,0.0,0.0,0.0,0.0,0.00339122655122992,0.0,-0.01758100004735752,-0.019999999552965164,-0.005316611437592655,-0.02280282974243164,0.196879044175148,0.975885808467865,0.0,1144,0.022800592705607414,0.29577580094337463,0.06043290575034917,0.7642431855201721,1.3416993021965027,0.5251649200916291,0.004708256009330826,10,-0.005559410946443677,0.3786846498648326,0.025255422107875347,118.2466796215568,307.0,0.019415901461616158,78328.0,5299.294677918078
0.39215891510248185,-0.0037776037002913653,0.007285584388419625,0.10064100727904587,4645,2048,1.1825047731399536,0.32213365435600283,0.14404296875,0.010559057624777778,0.0618488104082644,0.004695775677534575,1.0,10,-0.00024890466593205927,0.35901326934496564,0.055603319127112624,0.9264782667160034,0.004227728799117858,0.03770992532372475,0.25407519936561584,0.058306467393413185,0.9843421578407288,0.004669255675980821,-0.00891927070915699,0.17664256691932678,0.0752665389329195,0.981716513633728,0.005420397710841141,-0.07330995798110962,0.23272056877613068,0.020446470752358437,role_local,0.05416292622685433,0.02094360110349953,0.0002580885333333333,0.00024761066666666664,0.002476106666666667,256.0,1.262117612361908,628672.0,2.153560161590576,1.0038453340530396,0.3296686112880707,support>combat,9,0.0,-2.441406286379788e-05,-0.015048159887252647,-0.00830078125,0.0,0.0019457938988125534,0.0019457938988125534,0.0,0.0,0.0,-0.001953125,0.0,0.0,0.6269531261641532,0.23185106365417596,0.0038989188733467017,0.0,-0.026106018282007426,-0.026106018282007426,-0.9074207677040249,-4.882812572759576e-05,-0.018244690319988877,-0.0078125,-0.12209739733953029,0.0,0.0,0.0,0.0,0.0,-0.02434506998906727,-0.02434506998906727,-0.7289559382479638,0.0,-0.014579444930859609,-0.009765625,-0.05223184126953129,0.0,0.0,0.0,0.0,0.0,-0.026041047225589864,-0.026041047225589864,-0.6150797285372391,-4.882812572759576e-05,-0.012320344410909456,-0.013671875,-0.041380311089596944,0.0,0.0,0.0,0.0,0.0,0.0038989188733467017,0.0,-0.018636586795764742,-0.019999999552965164,-0.0037776037002913653,-0.007692102342844009,0.23012875020503998,0.9734878540039062,0.0,1295,0.009068923071026802,0.2657979130744934,0.13943320414982735,0.7070072889328003,1.3417304515838624,0.4621841758489609,0.009875393099304675,10,-0.007306302734650672,0.37871720393498737,0.02144073145464063,118.34692330653226,308.0,0.02094360110349953,78584.0,5312.111058195122
0.3196160137653351,-0.002196654320869129,0.0024296866978789815,0.020525749344960785,4992,2048,1.1837093949317932,0.26963938772678375,0.07802734375,0.005791251339542214,0.021525247622048483,0.002446070182396176,1.0,10,-0.0027098312828456985,0.35909558335940045,0.02959289225982502,0.9783128499984741,0.0029259237407469386,0.008643020875751972,0.19408348202705383,0.017514704447239637,0.9802151918411255,0.00215775897227521,-0.013334470801055431,0.1354629397392273,0.017429411236662418,0.9797247648239136,0.0022623881053517357,-0.04058794304728508,0.19234701991081238,0.01310824416577816,role_local,0.03650854881852865,0.01240827066358179,0.000257952,0.00024744,0.0024744,256.0,1.2629859745502472,630720.0,2.7692785263061523,1.0083870887756348,0.29311659932136536,support>combat,7,0.0,0.0,-0.01615885206895958,-0.009765625,0.0,0.0031304697122322978,0.0031304697122322978,0.0,0.0,0.0,-0.001953125,0.0,0.0,0.818359375,0.30169287335593253,0.005083594739517139,0.0,-0.03183478600840317,-0.03183478600840317,-0.8104893951676786,0.0,-0.016209786415856797,-0.015625,0.10658760122896638,0.0,0.0,0.0,0.0,0.0,-0.02542717375763459,-0.02542717375763459,-0.8807221676688641,0.0,-0.01761467397591332,-0.0078125,0.1625418231706135,0.0,0.0,0.0,0.0,0.0,-0.02832397051679436,-0.02832397051679436,-0.7326048489194363,0.0,-0.014652095815108623,-0.013671875,0.33052235309151,0.0,0.0,0.0,0.0,0.0,0.005083594739517139,0.0,-0.020613866316125495,-0.019999999552965164,-0.002196654320869129,-0.014223849400877953,0.1755649596452713,0.9794455766677856,0.0,1677,0.027610192075371742,0.16862845420837402,0.01952625106787309,0.8826540112495422,1.3422625541687012,0.3695926398038864,0.0024133032133617865,10,-0.00168347735889256,0.37882234652837116,0.011708297161385417,118.4286564221232,309.0,0.01240827066358179,78840.0,5325.7380354960915
0.33717942237854004,-0.00473874272138346,0.00548966994486523,0.07034841892309487,4546,2048,1.1834134221076966,0.33527980744838715,0.13154296875,0.009592760316445492,0.04991300711408257,0.004351418158361475,1.0,10,-0.0042940383835230024,0.3588862717151642,0.04512256551533937,0.9806005358695984,0.004107864777632098,-0.049587786197662354,0.2133762538433075,0.055372538045048714,0.963072657585144,0.004720874070694414,-0.010500847361981869,0.18315459787845612,0.04764930929522961,0.9707849621772766,0.004097442047576649,-0.06471806764602661,0.27925539016723633,0.019565886445343496,role_local,0.06499138697981835,0.023590157553553582,0.0002578154666666666,0.0002472693333333333,0.0024726933333333334,256.0,1.2632315695285796,632768.0,2.1006245613098145,0.9928871393203735,0.42982855439186096,support>combat,10,0.0,0.0,-0.01467318405836219,-0.01220703125,0.0,0.0038711002471245592,0.0038711002471245592,0.0,0.0,0.0,-0.001953125,0.0,0.0,0.90283203125,0.36881621423526667,0.0058242253471689764,0.0,-0.03404707514710026,-0.03404707514710026,-0.7257853948976845,0.0,-0.014515825276248506,-0.01953125,0.18197674270049902,0.0,0.0,0.0,0.0,0.0,-0.033334041083435295,-0.033334041083435295,-0.885449260706082,0.0,-0.01770904140357743,-0.015625,0.27354535154881887,0.0,0.0,0.0,0.0,0.0,-0.02351343527152494,-0.02351343527152494,-0.5897343058604747,0.0,-0.011794685495260637,-0.01171875,0.08413242305914537,0.0,0.0,0.0,0.0,0.0,0.0058242253471689764,0.0,-0.021755863455837243,-0.019999999552965164,-0.00473874272138346,-0.037895165383815765,0.22345207631587982,0.9748813509941101,0.0,1850,0.047534167766571045,0.2524207532405853,0.09078383073210716,0.7199164628982544,1.3430497169494628,0.33907903730869293,0.0066279217313689855,10,-0.005183447059243918,0.37885239720344543,0.027614428661763668,118.51622862214823,310.0,0.023590157553553582,79096.0,5339.083156428998
0.3063750348985195,-0.005962448906211648,0.004509274982150835,0.05462942980229855,4119,2048,1.1819737076759338,0.28692803978919984,0.10166015625,0.0075466065085493025,0.03825152686331421,0.003809578170299677,1.0,10,-0.008491908133146353,0.35889314611752826,0.05756381303071976,0.9917733073234558,0.004802887493788261,-0.008142777718603611,0.14176270365715027,0.040709617733955386,0.9813482761383057,0.003989777666309419,-0.03156537562608719,0.2058146446943283,0.01561784987570718,0.9736544489860535,0.002577875460265211,-0.05306345969438553,0.2626817226409912,0.014332362823188305,role_local,0.07393081337213517,0.037391736079007386,0.0002576789333333333,0.00024709866666666665,0.002470986666666667,256.0,1.2626324534416198,634816.0,1.9927663803100586,1.0006515979766846,0.3761979937553406,support>combat,8,0.0,-1.220703143189894e-05,-0.01330270103426301,-0.00830078125,0.0,0.001662743521592347,0.001662743521592347,0.0,0.0,0.0,-0.00390625,0.0,0.0,0.9086914071813226,0.32237136719049886,0.005568993824454083,0.0,-0.0186761149107042,-0.0186761149107042,-0.6408370427088812,0.0,-0.01281674003257649,-0.005859375,0.23497118310115184,0.0,0.0,0.0,0.0,0.0,-0.026332282312068855,-0.026332282312068855,-0.7306766726542264,0.0,-0.014613532435760135,-0.01171875,0.253351508959895,0.0,0.0,0.0,0.0,0.0,-0.024245408520073397,-0.024245408520073397,-0.5963585873832926,-4.882812572759576e-05,-0.012477830634452403,-0.01171875,-0.011402335287129972,0.0,0.0,0.0,0.0,0.0,0.005568993824454083,0.0,-0.01689776608145621,-0.019999999552965164,-0.005962448906211648,-0.0307659599930048,0.2094181776046753,0.9826530814170837,0.0,1887,-0.019390767440199852,0.3783121407032013,0.07100733274128287,0.6243658065795898,1.343291199207306,0.3258220300078392,0.005208971794001993,10,-0.0034329896792769433,0.3789717157681783,0.06045110933482647,118.60712815982157,311.0,0.037391736079007386,79352.0,5352.258416919038
0.3987095482647419,-0.00292885196977295,0.00556504694071522,0.06898783864453435,4464,2048,1.1817825078964233,0.394742040336132,0.15693359375,0.011657967430073768,0.06871321592479944,0.00531466031435375,1.0,10,-0.002475018333643675,0.35864736636479694,0.08152499112766236,0.9795806407928467,0.006012006758744359,-0.03727753460407257,0.23152253031730652,0.07096051461994649,0.9832073450088501,0.005314979950664567,-0.03460973501205444,0.17324715852737427,0.053421973390504716,0.9798151850700378,0.004618044901674745,-0.03373447433114052,0.19567207992076874,0.015830337535589933,role_local,0.06022296883165836,0.018640267802402376,0.00025754239999999996,0.000246928,0.00246928,256.0,1.2627984702587127,636864.0,3.249690532684326,1.0068020820617676,0.3150714039802551,combat>support,9,0.0,0.0,-0.01444851784678273,-0.01123046875,0.0,0.002887125520828704,0.002887125520828704,0.0,0.0,0.0,-0.001953125,0.0,0.0,0.845703125,0.24290635778015712,0.0048402506226921105,0.0,-0.029475426559656626,-0.029475426559656626,-0.6925143408589065,0.0,-0.013850426892531686,-0.015625,0.21906219731317833,0.0,0.0,0.0,0.0,0.0,-0.031151005263382103,-0.031151005263382103,-0.7763003499712795,0.0,-0.0155260056417319,-0.015625,0.28150349303905386,0.0,0.0,0.0,0.0,0.0,-0.025687870758702047,-0.025687870758702047,-0.6984561015851796,0.0,-0.013969121006084606,-0.01171875,0.0530310159738292,0.0,0.0,0.0,0.0,0.0,0.0048402506226921105,0.0,-0.020856794601058937,-0.019999999552965164,-0.00292885196977295,-0.03518198803067207,0.2005763053894043,0.9810824394226074,0.0,1733,0.04023943468928337,0.23061434924602509,0.06926246136426925,0.818761944770813,1.3438144326210022,0.40267705619335176,0.005815433567076689,10,-0.003382685605902225,0.37889877955118817,0.02145019806921482,118.69640383231395,312.0,0.018640267802402376,79608.0,5365.486901353113
0.35679232105612757,-0.005126941681373865,0.003697892915101601,0.04402312459424138,4555,2048,1.178736138343811,0.31320117264986036,0.1,0.007681202914682217,0.035758187714964154,0.0034905324921449903,1.0,10,-0.0022060916991904376,0.35830528537432355,0.033516830578446385,0.9897152781486511,0.0033587684703083377,-0.024189606308937073,0.17508739233016968,0.032510760426521304,0.9889901280403137,0.0032817624532282654,0.0033282015938311815,0.1580347716808319,0.039744813647121194,0.9419249296188354,0.0037384654113276185,0.02731337957084179,0.21241429448127747,0.013800336979329586,role_local,0.058357326313853264,0.029715011175721884,0.00025740586666666665,0.00024675733333333333,0.0024675733333333334,256.0,1.2604760587215424,638912.0,2.463839530944824,1.0044957399368286,0.3962678015232086,combat>support,10,0.0,-1.220703143189894e-05,-0.014776275581728745,-0.00830078125,0.0,0.0012260539870112552,0.0012260539870112552,0.0,0.0,0.0,-0.00390625,0.0,0.0,0.9326171875,0.23363921299460344,0.00513230397245934,0.0,-0.0260245695226331,-0.0260245695226331,-0.6176347270375118,0.0,-0.012352693807770265,-0.013671875,0.2628555204428267,0.0,0.0,0.0,0.0,0.0,-0.02161577100014256,-0.02161577100014256,-0.6901244423352182,0.0,-0.013803271220240276,-0.0078125,0.10509009264933411,0.0,0.0,0.0,0.0,0.0,-0.02603418962826254,-0.02603418962826254,-0.9086327825207263,-4.882812572759576e-05,-0.018172861717175692,-0.0078125,0.06012692741933279,0.0,0.0,0.0,0.0,0.0,0.00513230397245934,0.0,-0.018112119723809883,-0.019999999552965164,-0.005126941681373865,0.00546425161883235,0.1877548098564148,0.9824108481407166,0.0,1912,-0.030222143977880478,0.3266100287437439,0.05228806147351861,0.675264835357666,1.3422159790992736,0.4003834694623947,0.003905253338058212,10,-0.008047791663557291,0.37862110137939453,0.04562968537211418,118.78450687926023,313.0,0.029715011175721884,79864.0,5378.748599339044
0.319458793848753,-0.001278238440863788,0.002320436057549782,0.022569564182776957,4885,2048,1.1764479756355286,0.3422663524746895,0.1310546875,0.009248870139708742,0.04422280211001635,0.003973285291279665,1.0,10,-0.002433330670464784,0.3580961922804515,0.05433323457837105,0.9819368124008179,0.004479981691223744,0.015641843900084496,0.20088760554790497,0.042690285854041575,0.9662111401557922,0.0039009742785756528,0.010809470899403095,0.16714933514595032,0.037133687920868394,0.975962221622467,0.0036129452836004437,-0.03060270845890045,0.20660582184791565,0.014937111921608449,role_local,0.02978708203881979,0.01569975046440959,0.00025726933333333334,0.00024658666666666667,0.002465866666666667,256.0,1.2583503603935242,640960.0,1.9780505895614624,1.0045356750488281,0.5430186986923218,combat>support,10,0.0,-1.220703143189894e-05,-0.0157871535866434,-0.0107421875,0.0,0.0035918742260037106,0.0035918742260037106,0.0,0.0,0.0,-0.001953125,0.0,0.0,0.8466796875,0.3597134159790585,0.005544999221456237,0.0,-0.02347269806705299,-0.02347269806705299,-0.6853404468856752,0.0,-0.01370707324349496,-0.009765625,0.2765939660021104,0.0,0.0,0.0,0.0,0.0,-0.03168399440619396,-0.03168399440619396,-0.9005940100178123,0.0,-0.018012119755439926,-0.013671875,0.21221258479636163,0.0,0.0,0.0,0.0,0.0,-0.033269220526563004,-0.033269220526563004,-0.7820023701060563,-4.882812572759576e-05,-0.01564226776099531,-0.017578125,0.18229755559150362,0.0,0.0,0.0,0.0,0.0,0.005544999221456237,0.0,-0.021208510515862145,-0.019999999552965164,-0.001278238440863788,-0.001476292498409748,0.19189278781414032,0.9770548343658447,0.0,1735,-0.004943482577800751,0.19745339453220367,0.0009163262555375695,0.8368752002716064,1.3402527451515198,0.29665123522281645,0.000667586823819899,10,-0.00012314621126279234,0.3784812390804291,0.016462389007210733,118.87270316867597,314.0,0.01569975046440959,80120.0,5391.986409954028
0.3565579652786255,-0.004305108671542257,0.004329556542313209,0.051399497245438394,4381,2048,1.1745641708374024,0.3236297905445099,0.11904296875,0.009653067064937204,0.051984133943915364,0.004424102032070149,1.0,10,-0.0034806204261258245,0.3577815194924672,0.046456743869930504,0.9877752661705017,0.004187653017073434,0.02755998820066452,0.17080864310264587,0.04580149264074862,0.9809131026268005,0.003828241118423806,0.008586342446506023,0.1536392718553543,0.06473100082948804,0.8317404985427856,0.005360318054179092,0.10461436957120895,0.6671507954597473,0.05604467801749706,role_local,0.09255246929824353,0.04678233815357089,0.0002571328,0.000246416,0.00246416,256.0,1.2572574138641357,643008.0,2.1102800369262695,1.0047098398208618,0.4603116512298584,combat>support,5,0.0,0.0,-0.014105589549823586,-0.00830078125,0.0009765625,0.002262913880713313,0.002262913880713313,0.0,0.0,0.0,-0.001953125,0.0,0.0,0.82666015625,0.07018617689027451,0.0037277576277574553,0.00048828125,-0.024468427283864003,-0.024468427283864003,-0.6618655857164413,0.0,-0.013237958890385926,-0.01171875,0.12777929462026805,0.0,0.0,0.0,0.0,0.00048828125,-0.02507268801491591,-0.02507268801491591,-0.7897293348796666,0.0,-0.015795344643265707,-0.009765625,0.06417888196301647,0.0,0.0,0.0,0.0,0.00048828125,-0.018654558927664766,-0.018654558927664766,-0.6636445056647062,0.0,-0.013283465115819126,-0.009765625,0.26953968990710564,0.00390625,0.0,0.0,0.0,0.00048828125,0.0037277576277574553,0.00048828125,-0.01648319073319726,-0.019999999552965164,-0.004305108671542257,0.04490887001156807,0.400733083486557,0.9276338815689087,0.0,1694,0.02939598076045513,0.31919223070144653,0.050814860546961424,0.6381229758262634,1.3399506568908692,0.38948614001274107,0.00423501105255627,10,-0.00512959691695869,0.37854596972465515,0.03751999828964472,118.95694627591152,315.0,0.04678233815357089,80376.0,5405.384217821062
0.38135234639048576,-0.0017287096357904374,0.0060681015325748395,0.0771281762747094,5219,2048,1.1711357474327087,0.38983868807554245,0.18310546875,0.013856001215754078,0.06809008792042733,0.005551121094016886,1.0,10,0.0011850925628095865,0.3573027153809865,0.07306630332022905,0.9833532571792603,0.00589418744475414,0.012667029164731503,0.16937708854675293,0.06723321825265885,0.9725527763366699,0.005573059386584883,0.020036950707435608,0.18293064832687378,0.06460510045289994,0.9593402147293091,0.005229929939340128,0.023501258343458176,0.1794009953737259,0.013765612803399562,role_local,0.05440777987241745,0.028280490916222333,0.0002569962666666666,0.00024624533333333335,0.0024624533333333335,256.0,1.2558252155780791,645056.0,3.0744333267211914,0.9967244267463684,0.3781939744949341,support>combat,4,0.0,0.0,-0.016913280784744227,-0.00927734375,0.0,0.000455471230452531,0.000455471230452531,0.0,0.0,0.0,-0.00390625,0.0,0.0,0.89453125,0.130599389623967,0.004361721281384234,0.0,-0.027439479334134376,-0.027439479334134376,-0.7859563515521586,0.0,-0.01572072959606885,-0.01171875,0.1503272704721894,0.0,0.0,0.0,0.0,0.0,-0.028924010024638847,-0.028924010024638847,-0.8602391821332276,0.0,-0.017205260330229066,-0.01171875,0.18379416440438945,0.0,0.0,0.0,0.0,0.0,-0.027579477056860924,-0.027579477056860924,-0.8903236454352736,0.0,-0.017813852427934762,-0.009765625,0.16862114770628978,0.0,0.0,0.0,0.0,0.0,0.004361721281384234,0.0,-0.020871875181910582,-0.019999999552965164,-0.0017287096357904374,0.018972991034388542,0.1776382327079773,0.9743533730506897,0.0,1834,-0.008492175489664078,0.31305864453315735,0.08616626462899149,0.747795820236206,1.3405146837234496,0.3728660047054291,0.006585081971132792,10,-0.0046425118343904614,0.3786010841528575,0.042795369029045106,119.03923776310421,316.0,0.028280490916222333,80632.0,5418.85190229211
0.41116243302822114,-0.0016311549115926027,0.004071101973191514,0.048950999981025235,4893,2048,1.1673461198806763,0.4148687541484833,0.15048828125,0.012013087916420773,0.05987738254480064,0.004812296764763765,1.0,10,-0.0035691776778548957,0.3569196065266927,0.047284261276945475,0.9887993335723877,0.004175394355625512,0.007770682219415903,0.16022343933582306,0.0619971445761621,0.9800816774368286,0.005019160792450683,0.008411727845668793,0.1864107847213745,0.06875891326926649,0.9749400019645691,0.005167688798666503,0.011610778979957104,0.1561921089887619,0.011672198679298163,role_local,0.07363490369170904,0.027561016334220766,0.0002568597333333333,0.00024607466666666663,0.002460746666666667,256.0,1.2542902469635009,647104.0,2.2116751670837402,0.9958598017692566,0.3735849857330322,combat>support,8,0.0,0.0,-0.015818124792228144,-0.01171875,0.0,-0.0035003087743916694,-0.0035003087743916694,0.0,0.0,0.0,-0.005859375,0.0,0.0,0.6858723952900618,-0.06407056003808975,0.002359066191047532,0.0,-0.030321423852001317,-0.030321423852001317,-0.7348106540739536,0.0,-0.01469642408483196,-0.015625,0.10240420147965779,0.0,0.0,0.0,0.0,0.0,-0.029718748868617695,-0.029718748868617695,-0.8021697013173252,0.0,-0.016046874137828127,-0.013671875,0.16073848062660545,0.0,0.0,0.0,0.0,0.0,-0.028429825841158163,-0.028429825841158163,-0.830974348820746,0.0,-0.01671107615402434,-0.01171875,0.04002337667043321,0.0,0.0,0.0,0.0,0.0,0.002359066191047532,0.0,-0.02299257751656114,-0.019999999552965164,-0.0016311549115926027,0.009336738847196102,0.16825535893440247,0.9826005101203918,0.0,1873,-0.0700254812836647,0.3216021955013275,0.03802461741724983,0.8131456971168518,1.3412343740463257,0.407456111907959,0.0033299071816192626,10,0.0003068678546696901,0.3787589172522227,0.04344983398914337,119.12173267478586,317.0,0.027561016334220766,80888.0,5432.2917025280185
0.4035378836095333,-0.0026231836003717036,0.006424003002506301,0.08403765473631211,4206,2048,1.1653653383255005,0.32078639715909957,0.08974609375,0.007066456292523071,0.031371389247942714,0.0032738458231705405,1.0,10,-0.0017817621701397002,0.35685834288597107,0.019495191611349584,0.9874599575996399,0.0026110670797998337,-0.01801956631243229,0.16953039169311523,0.028007496113423257,0.987927258014679,0.00306806320703798,-0.046931736171245575,0.16750778257846832,0.04195962275844067,0.6290217638015747,0.003880549361379404,0.14680598676204681,0.8551506996154785,0.10431415066123009,role_local,0.12915437817573547,0.0819466296583414,0.0002567232,0.00024590399999999997,0.00245904,256.0,1.2539165556430816,649152.0,2.617755174636841,0.9972179532051086,0.3609820306301117,combat>support,12,0.0,-2.441406286379788e-05,-0.013471070429659449,-0.01025390625,0.001953125,-0.0022853870741528226,-0.0022853870741528226,0.0,0.0,0.0,-0.005859375,0.0,0.0,0.56005859375,0.05953183156088926,0.002597425359454064,0.0009765625,-0.02103591126797255,-0.02103591126797255,-0.6121963019249961,0.0,-0.012246848977156333,-0.009765625,0.08110818474960979,0.0,0.0,0.0,0.0,0.0009765625,-0.02424393987894291,-0.02424393987894291,-0.5749688496580347,-4.882812572759576e-05,-0.011499799546072609,-0.013671875,0.06961365099414252,0.0,0.0,0.0,0.0,0.0009765625,-0.019645080294139916,-0.019645080294139916,-0.8283253896515816,-4.882812572759576e-05,-0.016666562765749404,-0.01171875,0.0760264778509736,0.0078125,0.0,0.0,0.0,0.0009765625,0.002597425359454064,0.0009765625,-0.01680257999760215,-0.019999999552965164,-0.0026231836003717036,0.042845115065574646,0.5749781131744385,0.8838341236114502,0.0,1662,-0.06737300008535385,0.4035959839820862,0.1367039202246815,0.6077784299850464,1.3424677729606629,0.48628937005996703,0.009574160181842062,10,-0.003464605030603707,0.3789253334204356,0.059579108655452725,119.20864302090588,318.0,0.0819466296583414,81144.0,5445.511194068007
0.38883408457040786,-0.0053856905606153305,0.006877826428208933,0.08914709337404929,4248,2048,1.1649151206016541,0.33588658571243285,0.1642578125,0.01275246546138078,0.07896478202892468,0.0061029137985315176,1.0,10,-0.0032797419113194336,0.35678355892499286,0.07293967586010694,0.988969087600708,0.005435045518103915,0.013102567754685879,0.13965637981891632,0.06719102282077075,0.9906406998634338,0.005171168174850327,0.0064205871894955635,0.12533721327781677,0.09488768726587296,0.8385571241378784,0.007544753712136298,0.07673414796590805,0.5982138514518738,0.04846500307321548,role_local,0.08207892030477523,0.033812167961150406,0.00025658666666666664,0.0002457333333333333,0.0024573333333333335,256.0,1.254471981525421,651200.0,2.4228198528289795,0.9923238754272461,0.33516645431518555,combat>support,6,0.0,-1.220703143189894e-05,-0.01372054373374946,-0.00439453125,0.0009765625,0.002217611066498648,0.002217611066498648,0.0,0.0,0.0,-0.001953125,0.0,0.0,0.6533203125,0.17819558188784868,0.0036824547264586727,0.00048828125,-0.017367701137118274,-0.017367701137118274,-0.6974679023260251,0.0,-0.013949732474429766,-0.00390625,0.023416668533172924,0.0,0.0,0.0,0.0,0.00048828125,-0.016105592498206533,-0.016105592498206533,-0.63435248285532,0.0,-0.012687623715464724,-0.00390625,-0.020698746215202846,0.0,0.0,0.0,0.0,0.00048828125,-0.017991072145377984,-0.017991072145377984,-0.7252683530095965,-4.882812572759576e-05,-0.014524275011353893,-0.0078125,0.05488072989101056,0.00390625,0.0,0.0,0.0,0.00048828125,0.0036824547264586727,0.00048828125,-0.012311689150010352,-0.019999999552965164,-0.0053856905606153305,0.03366526961326599,0.3736831545829773,0.9441924095153809,0.0,1515,0.02239834889769554,0.2331710308790207,0.09932940471917391,0.8763116002082825,1.3440288424491882,0.44178158342838286,0.007652739057886349,10,-0.007491639209911227,0.37918558716773987,0.01915933284908533,119.301054728501,319.0,0.033812167961150406,81400.0,5458.459705004003
0.37875023037195205,-0.003453463423647918,0.003785609081865418,0.04335184468654916,4961,2048,1.1648552298545838,0.3425061121582985,0.16337890625,0.011850570631213486,0.0590439822524786,0.004933641703648272,1.0,10,-0.0035730990348383784,0.3568955063819885,0.05642121774144471,0.9801494479179382,0.004827615031479238,-0.007387935649603605,0.1493740826845169,0.0564953610766679,0.9777965545654297,0.004752224861877041,0.023274442180991173,0.20054835081100464,0.06446988466195762,0.9680179953575134,0.0052305432080010875,-0.04290749505162239,0.20456933975219727,0.0160504219122231,role_local,0.06860199645161628,0.023578675603494047,0.00025645013333333333,0.00024556266666666665,0.002455626666666667,256.0,1.2554383277893066,653248.0,2.9070348739624023,1.006807565689087,0.38856685161590576,combat>support,1,0.0,-1.220703143189894e-05,-0.0160391103575724,-0.01171875,0.0,0.0008624695342405175,0.0008624695342405175,0.0,0.0,0.0,-0.00390625,0.0,0.0,0.8253580736927688,0.24454786520800553,0.00476871943601509,0.0,-0.03089570510201156,-0.03089570510201156,-0.8611646329518408,0.0,-0.017223830458533484,-0.013671875,0.06785331307037268,0.0,0.0,0.0,0.0,0.0,-0.029002691568166483,-0.029002691568166483,-0.7665258309571072,0.0,-0.015330816615460208,-0.013671875,0.1041159696997056,0.0,0.0,0.0,0.0,0.0,-0.03123651200439781,-0.03123651200439781,-0.7780909857247025,-4.882812572759576e-05,-0.015562683998723514,-0.015625,0.18099234212422743,0.0,0.0,0.0,0.0,0.0,0.00476871943601509,0.0,-0.022568110613065073,-0.019999999552965164,-0.003453463423647918,-0.009056280367076397,0.18724076449871063,0.9752269983291626,0.0,1711,-0.0403953418135643,0.27786582708358765,0.027659707120619714,0.8205998539924622,1.3460214257240295,0.41499434858560563,0.0026375764600825627,10,-0.0033338278124574574,0.37945233782132465,0.031106929294764996,119.38215830079102,320.0,0.023578675603494047,81656.0,5471.90643307101
0.3541775971651077,-0.004291570204077289,0.0040945899442792425,0.04648632649332285,5387,2048,1.1652104735374451,0.3068035185337067,0.12646484375,0.009178574959514662,0.037353104911744595,0.003481671700243382,1.0,10,-0.0024070989340543745,0.35668568809827167,0.02623921453487128,0.9618802070617676,0.00292708515844351,0.001826247782446444,0.12836399674415588,0.04045228746253997,0.9541842937469482,0.0035276931806150435,0.01231007743626833,0.17695391178131104,0.04798323840368539,0.9827211499214172,0.004146925159754747,0.02063596621155739,0.15678314864635468,0.011804797034710646,role_local,0.058136752992868426,0.027284743404015897,0.00025631359999999997,0.000245392,0.00245392,256.0,1.256470936536789,655296.0,1.9810622930526733,1.0071189403533936,0.319963663816452,combat>support,4,0.0,-1.220703143189894e-05,-0.01744252140027432,-0.009765625,0.0,-0.0011247650945733767,-0.0011247650945733767,0.0,-4.882812572759576e-05,0.0,-0.005859375,0.0,0.0,0.947265625,0.16572927348897792,0.004783438096637838,0.0,-0.031012802661280148,-0.031012802661280148,-0.9646833832375705,0.0,-0.01929405295959441,-0.01171875,0.15988865443796385,0.0,0.0,0.0,0.0,0.0,-0.029972421994898468,-0.029972421994898468,-0.9126498638652265,0.0,-0.018253672336868476,-0.01171875,0.22920129893100238,0.0,0.0,0.0,0.0,0.0,-0.024545463780668797,-0.024545463780668797,-0.738936047302559,0.0,-0.014779838904360076,-0.009765625,0.23417212517233565,0.0,0.0,0.0,0.0,0.0,0.004783438096637838,0.0,-0.021663864376023412,-0.019999999552965164,-0.004291570204077289,0.010802077129483223,0.15496034920215607,0.9727450609207153,0.0,1943,0.022401053458452225,0.31352201104164124,0.055619548074901104,0.8789442181587219,1.3477313995361329,0.4015516757965088,0.004707508188315101,10,-0.006176041474100202,0.379536638657252,0.04276468977332115,119.46189253142458,321.0,0.027284743404015897,81912.0,5485.397779276129
0.3411989063024521,-0.0016659667220665143,0.0030569516597719532,0.02948186088469811,4633,2048,1.1630123496055602,0.24352870583534242,0.04599609375,0.0041239856131142,0.013456156605388968,0.0018175979744581793,1.0,10,0.0025038440944626927,0.356623242298762,0.014099188731051981,0.9782984852790833,0.0018948137545253484,0.00021776952780783176,0.1625847965478897,0.011898819520138205,0.9851554036140442,0.0017724458778179304,-0.010811472311615944,0.17731007933616638,0.014137274492532015,0.9667097330093384,0.001773153161784341,-0.04530354589223862,0.2532174587249756,0.015406756661832333,role_local,0.039011907577514646,0.016578783607110383,0.00025617706666666666,0.0002452213333333333,0.002452213333333333,256.0,1.2552182972431183,657344.0,2.1617798805236816,1.000943660736084,0.40664756298065186,support>combat,6,0.0,0.0,-0.014999025299403002,-0.00927734375,0.0,0.0028661217675107764,0.0028661217675107764,0.0,0.0,0.0,-0.001953125,0.0,0.0,0.7744140625,0.2869317550503183,0.00481924675659684,0.0,-0.02407793257589219,-0.02407793257589219,-0.813245941651985,0.0,-0.01626543276142911,-0.0078125,0.05314375812304206,0.0,0.0,0.0,0.0,0.0,-0.025718520213558804,-0.025718520213558804,-0.6999686260242015,0.0,-0.01399977038090583,-0.01171875,0.2552009651408298,0.0,0.0,0.0,0.0,0.0,-0.03035687304873136,-0.03035687304873136,-0.7365218284539878,0.0,-0.014731872755874065,-0.015625,0.05772593872825382,0.0,0.0,0.0,0.0,0.0,0.00481924675659684,0.0,-0.019321801690239226,-0.019999999552965164,-0.0016659667220665143,-0.018144652247428894,0.20181575417518616,0.9766471982002258,0.0,1587,-0.003130650147795677,0.21383634209632874,0.045507565164007245,0.8613376617431641,1.3474242448806764,0.43886910676956176,0.004296305345085727,10,-0.005835777538595721,0.37938767671585083,0.01775081055238843,119.54569277034204,322.0,0.016578783607110383,82168.0,5498.6840995000675
0.29501292705535886,-0.0035683536814758556,0.00425724596105991,0.050152541656279935,5339,2048,1.1632152318954467,0.25761081725358964,0.10732421875,0.007903843640815467,0.026638008654117584,0.0030266068184155335,1.0,10,-0.0017299376719165593,0.35656054814656574,0.022728812089189886,0.981948733329773,0.002922227818386991,-0.013327478431165218,0.10837028920650482,0.02839686945080757,0.9799894094467163,0.0031919735055439603,-0.011623619124293327,0.1397525817155838,0.029394300002604724,0.9762158989906311,0.0029734527829304246,0.007480796426534653,0.17831768095493317,0.01009693555533886,role_local,0.05127838850021362,0.01614947570487857,0.0002560405333333333,0.00024505066666666666,0.0024505066666666666,256.0,1.254389798641205,659392.0,2.08061146736145,1.0028917789459229,0.4163505434989929,combat>support,6,0.0,0.0,-0.017300688865361735,-0.0107421875,0.0,0.001563160171826894,0.001563160171826894,0.0,0.0,0.0,-0.00390625,0.0,0.0,0.93310546875,0.28949806789751165,0.005469410279147269,0.0,-0.038417187781305984,-0.038417187781305984,-0.9442948796786368,0.0,-0.018885938319726847,-0.01953125,0.22444971887671272,0.0,0.0,0.0,0.0,0.0,-0.030702747411851306,-0.030702747411851306,-0.8515338501892984,0.0,-0.017030872862960678,-0.013671875,0.1438492906600004,0.0,0.0,0.0,0.0,0.0,-0.021844630282430444,-0.021844630282430444,-0.7992628435604274,0.0,-0.01598525541339768,-0.005859375,0.017536548679345287,0.0,0.0,0.0,0.0,0.0,0.005469410279147269,0.0,-0.02235035258490825,-0.019999999552965164,-0.0035683536814758556,-0.006375643890351057,0.1433495730161667,0.9796823263168335,0.0,1913,0.022508874535560608,0.22527894377708435,0.07366707465844229,0.9073415398597717,1.345564365386963,0.33241503685712814,0.005487885103704288,10,-0.0054067696910351515,0.378982017437617,0.022202015854418278,119.62196387871639,323.0,0.01614947570487857,82424.0,5512.298733605072
0.3324902318418026,-0.0024688526980753524,0.00403523093763975,0.04880128730437718,5624,2048,1.1624194264411927,0.2762281224131584,0.125,0.00888156281434931,0.03570244227303192,0.0034042851583082623,1.0,10,-0.0012671863660216331,0.3565255403518677,0.04154163916828111,0.9754288196563721,0.003645914304823339,-0.006621311418712139,0.12782840430736542,0.03693083580583334,0.9769982695579529,0.0034499479696282393,0.008176851086318493,0.11924583464860916,0.028501739352941514,0.9587914347648621,0.003111338368827521,0.03509925305843353,0.17402641475200653,0.009173355530947447,role_local,0.03673980366438627,0.016105427546426652,0.000255904,0.00024488,0.0024488,256.0,1.2524203062057495,661440.0,2.0696535110473633,1.0029817819595337,0.4431237280368805,support>combat,3,0.0,0.0,-0.018232774707333494,-0.00830078125,0.0,0.0026060943564516492,0.0026060943564516492,0.0,0.0,0.0,-0.00390625,0.0,0.0,0.96435546875,0.4424871034862008,0.006512344478323939,0.0,-0.026164755872741807,-0.026164755872741807,-0.9176128972321749,0.0,-0.018352256083744578,-0.0078125,0.38457530879531987,0.0,0.0,0.0,0.0,0.0,-0.028132380881288555,-0.028132380881288555,-0.9182868539355695,0.0,-0.018366756150498986,-0.009765625,0.3573629093298223,0.0,0.0,0.0,0.0,0.0,-0.029698061684030108,-0.029698061684030108,-0.8973401596304029,0.0,-0.01797931188775692,-0.01171875,0.22532661575678503,0.0,0.0,0.0,0.0,0.0,0.006512344478323939,0.0,-0.02034727716818452,-0.019999999552965164,-0.0024688526980753524,0.01207993645220995,0.14324115216732025,0.9698631763458252,0.0,1977,-0.007097110152244568,0.22290022671222687,0.061900132335722446,0.8788865804672241,1.3424211859703064,0.3887523412704468,0.004666176716971238,10,-0.0036705190301290712,0.37873148918151855,0.02303749956190586,119.69415795098408,324.0,0.016105427546426652,82680.0,5526.084241061006
0.37263919711112975,-0.0015040671336464585,0.004144896576034568,0.051957687514368446,5103,2048,1.1621356725692749,0.39790823459625246,0.17548828125,0.012211437715450302,0.06215834522154182,0.004936131599242799,1.0,10,-0.003796386893372983,0.3564387460549672,0.07518381569534541,0.9834194183349609,0.005680203979890386,-0.049673840403556824,0.19074220955371857,0.06238161659566686,0.9732689261436462,0.004845481351050773,-0.060547757893800735,0.2203015685081482,0.052138135628774764,0.8478917479515076,0.004445528978139013,-0.02488715387880802,0.21631580591201782,0.018876577354967596,role_local,0.09218681454658509,0.02527231117710471,0.00025576746666666663,0.00024470933333333334,0.002447093333333333,256.0,1.2517510056495667,663488.0,2.490720748901367,0.9958116412162781,0.40510356426239014,combat>support,6,0.0,-1.220703143189894e-05,-0.016469982170140913,-0.015625,0.0,0.0009418944109711447,0.0009418944109711447,0.0,0.0,0.0,-0.00390625,0.0,0.0,0.8916015625,0.21362299969041487,0.004848144236348162,0.0,-0.03429330109793227,-0.03429330109793227,-0.7380882818251848,0.0,-0.01476205153085175,-0.01953125,0.1532363466467359,0.0,0.0,0.0,0.0,0.0,-0.03665640647523105,-0.03665640647523105,-0.7585941369179636,0.0,-0.015172032042755745,-0.021484375,0.20072037444333546,0.0,0.0,0.0,0.0,0.0,-0.03710281554231187,-0.03710281554231187,-0.9712794658262283,-4.882812572759576e-05,-0.019475862936815247,-0.017578125,0.17814791681303177,0.0,0.0,0.0,0.0,0.0,0.004848144236348162,0.0,-0.026777658553328365,-0.019999999552965164,-0.0015040671336464585,-0.04325833544135094,0.21085703372955322,0.9694439172744751,0.0,1828,-0.005582241807132959,0.27352848649024963,0.04175702980719507,0.8687995672225952,1.3413663387298584,0.3473701596260071,0.0033536615528263368,10,0.000788252626080066,0.3786402742067973,0.03166804499924183,119.77153863030043,325.0,0.02527231117710471,82936.0,5539.6132302181795
0.37297233268618585,-0.0018901462259236722,0.004795341909016026,0.05815166070824489,5240,2048,1.1618823289871216,0.36362411826848984,0.14462890625,0.010379317362094298,0.0442195524694398,0.004093404012095148,1.0,10,-0.0020181841566227375,0.3565105199813843,0.03559774961322546,0.9778707027435303,0.0036421853397858527,-0.05202817544341087,0.18443550169467926,0.04516131194541231,0.948563277721405,0.004199521106412152,-0.017528027296066284,0.2051282674074173,0.05176720470190048,0.9629538059234619,0.004424712443249479,-0.04601193964481354,0.22471223771572113,0.01863850774243474,role_local,0.07316071409732103,0.01212715613655746,0.0002556309333333333,0.0002445386666666666,0.0024453866666666667,256.0,1.2513798952102662,665536.0,2.4049863815307617,1.0040647983551025,0.3710666596889496,combat>support,5,0.0,0.0,-0.01691807998092069,-0.01171875,0.0,0.007361828800640069,0.007361828800640069,0.0,0.0,0.0,0.0,0.0,0.0,0.9931640625,0.5648620998545084,0.007361828800640069,0.0,-0.03199020109241246,-0.03199020109241246,-0.818246817914769,0.0,-0.016365201507142046,-0.015625,0.333281465122127,0.0,0.0,0.0,0.0,0.0,-0.03169678400445264,-0.03169678400445264,-0.9011900390032679,0.0,-0.01802490909176413,-0.013671875,0.42386865457956446,0.0,0.0,0.0,0.0,0.0,-0.033942253878194606,-0.033942253878194606,-0.8175763031467795,0.0,-0.016364129343855893,-0.017578125,0.24906654316873755,0.0,0.0,0.0,0.0,0.0,0.007361828800640069,0.0,-0.022566853782336693,-0.019999999552965164,-0.0018901462259236722,-0.037791211158037186,0.2059902846813202,0.9660954475402832,0.0,2034,0.0015878226840868592,0.10964662581682205,0.07208376894704997,0.8916950225830078,1.3408774614334107,0.38232054710388186,0.005497279805936906,10,-0.001762108295224607,0.3785965343316396,0.00561580453068018,119.84844628177092,326.0,0.01212715613655746,83192.0,5553.146666876972
0.3631330892443657,-0.004273909376934171,0.005063166232071788,0.06374867391423322,4903,2048,1.1622085094451904,0.3907776787877083,0.15244140625,0.011273751826956868,0.058051397663075474,0.004808654506952723,1.0,10,-0.005351250222884118,0.3564324378967285,0.06516038528643549,0.9852148294448853,0.005194283057062421,-0.03967522457242012,0.1685299575328827,0.057075687090400604,0.9843359589576721,0.004868909820705147,-0.021025225520133972,0.1372053325176239,0.0530059851706028,0.9735897779464722,0.004422153559937847,-0.024038903415203094,0.1904938519001007,0.012986239418387413,role_local,0.1199969008564949,0.030889598838984966,0.00025549439999999996,0.00024436799999999996,0.00244368,256.0,1.2516611039638519,667584.0,2.4133338928222656,0.9954469799995422,0.44372373819351196,support>combat,1,0.0,0.0,-0.0158649616320569,-0.01416015625,0.0,-0.00022583530699193943,-0.00022583530699193943,0.0,0.0,0.0,-0.005859375,0.0,0.0,0.93212890625,0.31750402295983804,0.0056335397603106685,0.0,-0.02984281142562395,-0.02984281142562395,-0.7108906453941017,0.0,-0.014217811780326883,-0.015625,0.2057439025338681,0.0,0.0,0.0,0.0,0.0,-0.03226822201395407,-0.03226822201395407,-0.8321441055741161,0.0,-0.01664322229771642,-0.015625,0.24246100580785424,0.0,0.0,0.0,0.0,0.0,-0.036265100330638234,-0.036265100330638234,-0.8365109558217227,0.0,-0.016733850818127394,-0.01953125,0.13831665308680385,0.0,0.0,0.0,0.0,0.0,0.0056335397603106685,0.0,-0.024650493087392533,-0.019999999552965164,-0.004273909376934171,-0.027654269710183144,0.16700848937034607,0.9818372130393982,0.0,1912,-0.051608625799417496,0.3156062662601471,0.06944595016539097,0.6819711923599243,1.3411136984825134,0.3354884997010231,0.005317677957190854,10,-0.003196568530984223,0.3787386318047841,0.04879295825958252,119.92397238455433,327.0,0.030889598838984966,83448.0,5566.726874751039
0.35920741260051725,-0.0024253831347323283,0.003975062299697509,0.043169446534011516,5272,2048,1.1614149332046508,0.2331002473831177,0.06923828125,0.005270026343350764,0.014864168409258128,0.002184607211011766,1.0,10,-0.0012925624148920178,0.3564046124617259,0.012235060567036271,0.9720166921615601,0.0021324606176860604,0.043668150901794434,0.1628933995962143,0.014180571306496859,0.949308454990387,0.002083649198522475,0.020222755149006844,0.20331835746765137,0.01871143914759159,0.9677668809890747,0.00236397312231571,-0.021865705028176308,0.22482410073280334,0.01727012963965535,role_local,0.07902751788496971,0.023962946934625508,0.00025535786666666666,0.0002441973333333333,0.0024419733333333332,256.0,1.251671028137207,669632.0,1.6901016235351562,0.9965113401412964,0.5522420406341553,combat>support,6,0.0,0.0,-0.017022687012892373,-0.0087890625,0.0,0.0015711978858234943,0.0015711978858234943,0.0,0.0,0.0,-0.00390625,0.0,0.0,0.9404296875,0.285954858380137,0.005477447833072802,0.0,-0.027527054924576078,-0.027527054924576078,-0.8880715994164348,0.0,-0.01776143019378651,-0.009765625,0.27134463502443396,0.0,0.0,0.0,0.0,0.0,-0.029680534102226375,-0.029680534102226375,-0.8980528560932726,0.0,-0.01796178426593542,-0.01171875,0.2053461001778487,0.0,0.0,0.0,0.0,0.0,-0.02511047141524614,-0.02511047141524614,-0.766577607835643,0.0,-0.015344846578955185,-0.009765625,0.23924905256717466,0.0,0.0,0.0,0.0,0.0,0.005477447833072802,0.0,-0.02018671623955015,-0.019999999552965164,-0.0024253831347323283,0.015722421929240227,0.19917349517345428,0.9655187726020813,0.0,1928,-0.036830682307481766,0.2623414993286133,0.0714747246587649,0.8403395414352417,1.3419271230697631,0.48531457781791687,0.00576551738838325,10,-0.003558203854572639,0.37871554493904114,0.03065576422959566,120.00334229881747,328.0,0.023962946934625508,83704.0,5580.111246673157
0.44941415786743166,0.0007121585949789733,0.0037851665918448886,0.040002720250049605,4562,2048,1.1612330675125122,0.25635233223438264,0.073046875,0.005825716332765296,0.025591834518127143,0.0027158355836393215,1.0,10,-0.0014818024821579457,0.3563583195209503,0.018497526505962016,0.9457953572273254,0.002265425131918164,0.040141742676496506,0.2250080406665802,0.02965253237634897,0.7916151285171509,0.0028540500108628734,0.11910746246576309,0.6133065819740295,0.031237607868388296,0.981322169303894,0.003238171555404468,-0.029688909649848938,0.20322741568088531,0.055738465487957,role_local,0.1294431634247303,0.059708154015243056,0.0002552213333333333,0.00024402666666666664,0.0024402666666666667,256.0,1.2513213455677032,671680.0,2.08971905708313,0.9931403994560242,0.36831381916999817,combat>support,12,0.0,-6.10351571594947e-05,-0.014710039482451975,-0.00927734375,0.0009765625,-0.003770194298340357,-0.003770194298340357,0.0,-0.00014648437718278728,0.0,-0.0078125,0.0,0.0,0.76806640625,0.10470721079036593,0.0037005088461228297,0.00048828125,-0.027123267282149754,-0.027123267282149754,-0.8898548742290586,-4.882812572759576e-05,-0.017797095701098442,-0.009765625,-0.3590139031293802,0.0,0.0,0.0,0.0,0.00048828125,-0.0184626542031765,-0.0184626542031765,-0.7441079234704375,0.0,-0.015044684645545203,-0.0078125,0.0510760938632302,0.00390625,0.0,0.0,0.0,0.00048828125,-0.022567634732695296,-0.022567634732695296,-0.56441693182569,-4.882812572759576e-05,-0.01128833810071228,-0.01171875,0.019537310407031327,0.0,0.0,0.0,0.0,0.00048828125,0.0037005088461228297,0.00048828125,-0.017980938238906674,-0.019999999552965164,0.0007121585949789733,0.04954812675714493,0.4045376181602478,0.914042592048645,0.0,1577,-0.05348924919962883,0.43400678038597107,0.05441360598197207,0.779508113861084,1.3414096236228943,0.6424759835004806,0.004854497600050456,10,0.002906119672115892,0.37869667013486225,0.0636778425425291,120.12935335844261,329.0,0.059708154015243056,83960.0,5591.306214692071
0.4537373654544353,-0.0025179374148137867,0.0047810717903924715,0.05712576331570744,4109,2048,1.1608197808265686,0.31460667997598646,0.10283203125,0.008457798765448388,0.0485486339777708,0.004038355887320211,1.0,10,4.625816363841295e-05,0.3563147683938344,0.03179159313440323,0.9868448376655579,0.0031013983658284006,0.058143772184848785,0.13130402565002441,0.05488944593816995,0.9874821901321411,0.004331908414177762,0.01287090964615345,0.11947980523109436,0.0636494841426611,0.8553174138069153,0.004954783468295587,0.1445637345314026,0.689552366733551,0.045727645978331566,role_local,0.11063598394393921,0.03551798593252897,0.0002550848,0.00024385599999999998,0.00243856,256.0,1.251079648733139,673728.0,2.367133140563965,0.9961767196655273,0.3589842915534973,support>combat,12,0.0,-2.441406286379788e-05,-0.013293154780209685,-0.00439453125,0.0009765625,0.0007778198882988363,0.0007778198882988363,0.0,-4.882812572759576e-05,0.0,-0.001953125,0.0,0.0,0.45654296875,0.07755331935186405,0.002291491766300169,0.00048828125,-0.018558865740487818,-0.018558865740487818,-0.7511141535360366,0.0,-0.015140897070523351,-0.00390625,-0.38588073616847396,0.0,0.0,0.0,0.0,0.00048828125,-0.020798530356842093,-0.020798530356842093,-0.673703579348512,0.0,-0.013474311759637203,-0.0078125,-0.23319288933998905,0.0,0.0,0.0,0.0,0.00048828125,-0.01082480249897344,-0.01082480249897344,-0.5587771704886109,-4.882812572759576e-05,-0.011264255510468502,-0.00390625,-0.16134923904610332,0.00390625,0.0,0.0,0.0,0.00048828125,0.002291491766300169,0.00048828125,-0.012351094785117311,-0.019999999552965164,-0.0025179374148137867,0.06741704791784286,0.38615092635154724,0.9308366775512695,0.0,936,-0.0015863435110077262,0.31567585468292236,0.06570289265364408,0.8140936493873596,1.3413395166397095,0.5928680509328842,0.005523787693464732,10,-0.0050821329932659864,0.37863623102506,0.02530832588672638,120.22464098164916,330.0,0.03551798593252897,84216.0,5603.909435694106
0.420461505651474,-0.0014947753021260723,0.005175867439600651,0.06801728568825638,4480,2048,1.1602475881576537,0.354629847407341,0.13583984375,0.010348099045222625,0.05870710748422425,0.0047080963999472595,1.0,10,-0.003644142736447975,0.35615961750348407,0.06274337638169528,0.9682020545005798,0.005066748467520077,-0.017952462658286095,0.26643240451812744,0.06185440951958299,0.9676209092140198,0.00473734347433743,0.07300024479627609,0.2641814649105072,0.05245657389750704,0.9540160298347473,0.004371624473027131,0.06853349506855011,0.24910835921764374,0.026072842068970203,role_local,0.08987352550029755,0.015627161157317458,0.0002549482666666666,0.00024368533333333332,0.0024368533333333333,256.0,1.2503663301467896,675776.0,2.355564832687378,1.003223180770874,0.3351077139377594,combat>support,8,0.0,-4.882812572759576e-05,-0.014494665378151694,-0.00634765625,0.0,0.0038724462206118915,0.0038724462206118915,0.0,-4.882812572759576e-05,0.0,0.0,0.0,0.0,0.6552734375,0.21669676614692435,0.003921274342701508,0.0,-0.029402942287561018,-0.029402942287561018,-0.6862659743055701,-4.882812572759576e-05,-0.013729114496527473,-0.015625,-0.019386909843888134,0.0,0.0,0.0,0.0,0.0,-0.019768133497564122,-0.019768133497564122,-0.6929326273966581,-4.882812572759576e-05,-0.013859930411854293,-0.005859375,0.12325287287239917,0.0,0.0,0.0,0.0,0.0,-0.019850029439112404,-0.019850029439112404,-0.7927845283411443,-4.882812572759576e-05,-0.015894951226073317,-0.00390625,0.0022317268994811457,0.0,0.0,0.0,0.0,0.0,0.003921274342701508,0.0,-0.016287165410176385,-0.019999999552965164,-0.0014947753021260723,0.04266512766480446,0.26276737451553345,0.9637840986251831,0.0,1342,0.0016649938188493252,0.10899930447340012,0.0773274638922885,0.9167031645774841,1.3404850721359254,0.486293163895607,0.005643638479254043,10,0.0006545921321958303,0.37848249077796936,0.005181480245664716,120.32796948147144,331.0,0.015627161157317458,84472.0,5616.117374141002
0.3442226678133011,-0.0004099991056136787,0.0025578366014281603,0.024319208129600155,4407,2048,1.1591012239456178,0.24121438562870026,0.054296875,0.004227180403540842,0.016742353598237968,0.001946129501611317,1.0,10,-0.0012845877557992936,0.35615087548891705,0.015380504727363586,0.9918819665908813,0.001781047535561675,0.03136933967471123,0.1514616161584854,0.010755970096215605,0.9881358742713928,0.0015716051064747715,-0.0018156307050958276,0.16767412424087524,0.02188551095314324,0.9583772420883179,0.0023127358815974693,-0.024094879627227783,0.18840447068214417,0.011906386725604534,role_local,0.07473346143960953,0.01838584551587701,0.0002548117333333333,0.00024351466666666665,0.0024351466666666668,256.0,1.2487133502960206,677824.0,1.9707707166671753,1.004703164100647,0.4077294170856476,combat>support,5,0.0,-2.441406286379788e-05,-0.014265471809873512,-0.00927734375,0.0,0.0021319077004591236,0.0021319077004591236,0.0,-9.765625145519152e-05,0.0,-0.001953125,0.0,0.0,0.7722981763072312,0.18224938238563482,0.00418268899738905,0.0,-0.01649735606406466,-0.01649735606406466,-0.5318947522900999,0.0,-0.010637981155014131,-0.005859375,0.19561470081680454,0.0,0.0,0.0,0.0,0.0,-0.027207258804992307,-0.027207258804992307,-0.6766845131060109,0.0,-0.013535384096030612,-0.013671875,0.26111429435331956,0.0,0.0,0.0,0.0,0.0,-0.03424804988753749,-0.03424804988753749,-0.930858913809061,0.0,-0.018623050178575795,-0.015625,-0.010743923994596116,0.0,0.0,0.0,0.0,0.0,0.00418268899738905,0.0,-0.01895518995661405,-0.019999999552965164,-0.0004099991056136787,-0.0032765225041657686,0.17472614347934723,0.9853000640869141,0.0,1758,-0.0019642480183392763,0.2485336810350418,0.03189606266096234,0.7921303510665894,1.3383254766464234,0.4472309499979019,0.0031695437012450034,10,0.0004645895445719361,0.37805742025375366,0.024865304306149482,120.40761414802031,332.0,0.01838584551587701,84728.0,5629.41143544903
0.33721149787306787,-0.0008125431719236076,0.002530977937829197,0.02239062621665653,4903,2048,1.1589897513389587,0.30616293996572497,0.0802734375,0.006042260240064934,0.020177653309656308,0.002594240365903563,1.0,10,-0.002086638566106558,0.3559958537419637,0.023215959232766183,0.9835004210472107,0.002781797997067026,-0.00043472592369653285,0.15631546080112457,0.01616531630279496,0.9827389717102051,0.0023470413242019012,0.011937640607357025,0.15317729115486145,0.021050912886857988,0.9834580421447754,0.0026491090386847826,-0.04401625692844391,0.17538265883922577,0.011314864829182624,role_local,0.044894123636186126,0.01676431391388178,0.00025467519999999996,0.000243344,0.0024334400000000003,256.0,1.247043627500534,679872.0,1.9511481523513794,1.000535249710083,0.48369869589805603,combat>support,6,0.0,-1.220703143189894e-05,-0.01588529397849925,-0.009765625,0.0,0.002376980776716664,0.002376980776716664,0.0,-4.882812572759576e-05,0.0,-0.001953125,0.0,0.0,0.7705078038852662,0.21615043678320944,0.004378933895168302,0.0,-0.03223535262077348,-0.03223535262077348,-0.830513168592006,0.0,-0.01661035299912328,-0.015625,0.37245031143538654,0.0,0.0,0.0,0.0,0.0,-0.025879681743390393,-0.025879681743390393,-0.805657408433035,0.0,-0.01611405699077295,-0.009765625,0.20979747578530805,0.0,0.0,0.0,0.0,0.0,-0.02665022166183917,-0.02665022166183917,-0.7465736595913768,0.0,-0.014931471945601515,-0.01171875,0.046303769617225043,0.0,0.0,0.0,0.0,0.0,0.004378933895168302,0.0,-0.020597069757059216,-0.019999999552965164,-0.0008125431719236076,-0.00989258661866188,0.16322660446166992,0.9834660291671753,0.0,2017,0.019107535481452942,0.21513071656227112,0.02460359912365675,0.8796258568763733,1.3350975036621093,0.36826005578041077,0.002467715509754831,10,0.00046155222225934266,0.37777040402094525,0.02221376299858093,120.48146176407977,333.0,0.01676431391388178,84984.0,5642.959423345048
0.281650111079216,-0.005881602534645936,0.002609678069169312,0.022933195682708175,4874,2048,1.15736266374588,0.28599322885274886,0.10029296875,0.00766348167671822,0.027577343792654575,0.003128227712227263,1.0,10,-0.0024193188291974366,0.3558791975180308,0.019611000455915926,0.9775140285491943,0.0026595803658604478,0.028857726603746414,0.13469889760017395,0.027828923577908428,0.9754290580749512,0.003157215503947497,0.02604135312139988,0.11697102338075638,0.040359961520880464,0.9820484519004822,0.003859251710866385,-0.07560016214847565,0.24824975430965424,0.012199245300143957,role_local,0.03472443390637636,0.015958039043471216,0.00025453866666666665,0.00024317333333333333,0.0024317333333333333,256.0,1.2455919921398162,681920.0,1.9418773651123047,0.9966925978660583,0.43970924615859985,combat>support,5,0.0,-1.220703143189894e-05,-0.015777889439656672,-0.01123046875,0.0,0.004777161761012394,0.004777161761012394,0.0,-4.882812572759576e-05,0.0,-0.001953125,0.0,0.0,0.9814453125,0.4755556029267609,0.0067791148812830215,0.0,-0.02971264865482226,-0.02971264865482226,-0.899694797815755,0.0,-0.017993898945860565,-0.01171875,0.3887314296080149,0.0,0.0,0.0,0.0,0.0,-0.0322614067044924,-0.0322614067044924,-0.9294473715126514,0.0,-0.01858953210467007,-0.013671875,0.34684297503190464,0.0,0.0,0.0,0.0,0.0,-0.02832836189736554,-0.02832836189736554,-0.5375118853989989,0.0,-0.010750237268439378,-0.017578125,0.053569741918181535,0.0,0.0,0.0,0.0,0.0,0.0067791148812830215,0.0,-0.021381314774771454,-0.019999999552965164,-0.005881602534645936,0.003964344505220652,0.1678270697593689,0.982683539390564,0.0,2033,0.016183674335479736,0.20132717490196228,0.018289047572761775,0.802375078201294,1.3338213205337524,0.27730699330568315,0.0020911284261113604,10,-0.009343886240094435,0.37773776054382324,0.019716832786798477,120.55831703168663,334.0,0.015958039043471216,85240.0,5656.349696892081
0.32311650812625886,-0.0012948744028108195,0.0031287515692773353,0.03228491291374667,5351,2048,1.1568657398223876,0.2688372239470482,0.10771484375,0.007710971374763176,0.023999824686325156,0.0028720878228321034,1.0,10,-0.0018241114041302354,0.35579557220141095,0.020800553890876473,0.9784936308860779,0.0026816497653877973,0.028873879462480545,0.11511650681495667,0.026075401436537506,0.9469668865203857,0.0030017871327035262,0.01954769156873226,0.19933825731277466,0.02544437494361773,0.9842407703399658,0.0029500574130818967,0.01644817553460598,0.17050524055957794,0.011695923563092948,role_local,0.06057641319930553,0.021476012514904143,0.00025440213333333334,0.00024300266666666667,0.002430026666666667,256.0,1.245176947116852,683968.0,2.5226032733917236,1.0011640787124634,0.38674697279930115,combat>support,1,0.0,0.0,-0.01728116350326066,-0.0107421875,0.0,0.0020101900026929798,0.0020101900026929798,0.0,0.0,0.0,-0.00390625,0.0,0.0,0.98583984375,0.3288467192396638,0.0059164396679989295,0.0,-0.032273916876874864,-0.032273916876874864,-0.9300761134363711,0.0,-0.018602042277052533,-0.013671875,0.356213971885154,0.0,0.0,0.0,0.0,0.0,-0.033796809024352115,-0.033796809024352115,-0.9085889901034534,0.0,-0.018171809577324893,-0.015625,0.3747271250758786,0.0,0.0,0.0,0.0,0.0,-0.024835263437125832,-0.024835263437125832,-0.7534753121435642,0.0,-0.01506963865540456,-0.009765625,0.3132028509717202,0.0,0.0,0.0,0.0,0.0,0.0059164396679989295,0.0,-0.02222395143326139,-0.019999999552965164,-0.0012948744028108195,0.021986335515975952,0.16493552923202515,0.9751683473587036,0.0,2021,-0.0034297562669962645,0.2601751685142517,0.040570001141168176,0.8016363978385925,1.333488154411316,0.3773957923054695,0.0033854153157225676,10,-0.0007656374014914036,0.37761082251866657,0.031256101466715334,120.62881265480831,335.0,0.021476012514904143,85496.0,5670.021821049042
0.30515005961060526,0.0006553601338964654,0.0018381025953389245,0.012202170537784695,5362,2048,1.1556987166404724,0.25252908617258074,0.07861328125,0.006207451492082327,0.013908125925809145,0.002356733858288061,1.0,10,-0.001337474782485515,0.35561885436375934,0.014530953904613852,0.9809046387672424,0.0024227819078606163,0.061477962881326675,0.17215561866760254,0.012279776576906442,0.9729649424552917,0.0023098592484814607,0.014110281132161617,0.17031268775463104,0.014918384607881308,0.9392170906066895,0.00234345098877225,0.0295584574341774,0.19554458558559418,0.014822623506188393,role_local,0.08389143496751786,0.022225688584148882,0.0002542656,0.00024283199999999998,0.0024283200000000003,256.0,1.2441967010498047,686016.0,2.0070886611938477,0.9943123459815979,0.3876206874847412,combat>support,7,0.0,0.0,-0.017307994354875216,-0.01171875,0.0,0.0020770624760189094,0.0020770624760189094,0.0,0.0,0.0,-0.00390625,0.0,0.0,0.94775390625,0.3653828227543272,0.00598331253422657,0.0,-0.03177375640734681,-0.03177375640734681,-0.8074094094336033,0.0,-0.016148756807524478,-0.015625,0.3691056380921509,0.0,0.0,0.0,0.0,0.0,-0.030977315036579967,-0.030977315036579967,-0.8652719368692487,0.0,-0.017305440458585508,-0.013671875,0.40638576047786046,0.0,0.0,0.0,0.0,0.0,-0.0321416603619582,-0.0321416603619582,-0.9234872630331665,0.0,-0.01846978579851566,-0.013671875,0.2280656208495202,0.0,0.0,0.0,0.0,0.0,0.00598331253422657,0.0,-0.023203918779472588,-0.019999999552965164,0.0006553601338964654,0.034336790442466736,0.18125413358211517,0.969631552696228,0.0,1943,-0.03283249959349632,0.25966790318489075,0.010496215149760246,0.8310946226119995,1.332694685459137,0.3577710330486298,0.0013194713323897878,10,0.002648195050278446,0.37761006752649945,0.029628753662109375,120.69942474498541,336.0,0.022225688584148882,85752.0,5683.672490149969
0.38944493383169176,-0.0010939010375295767,0.0037374802251894297,0.042382594912487546,4638,2048,1.1542538046836852,0.40034215450286864,0.144140625,0.01040144572907593,0.05686277675849851,0.0046283543053218575,1.0,10,-0.0035823929967591537,0.3554412027200063,0.060603174939751626,0.9902172088623047,0.0047931378099787215,-0.0015895087271928787,0.13823489844799042,0.06232766142347827,0.9880109429359436,0.004969214274068223,0.022580914199352264,0.13384687900543213,0.047663877718150616,0.9824192523956299,0.004119585010079141,-0.010898617096245289,0.1679684817790985,0.008738204790279269,role_local,0.058031922206282616,0.021678029536269607,0.0002541290666666666,0.00024266133333333332,0.0024266133333333334,256.0,1.2436595618724824,688064.0,1.9070810079574585,0.996218204498291,0.47519370913505554,combat>support,7,0.0,-1.220703143189894e-05,-0.015017723433023397,-0.00927734375,0.0,0.0024447984469588846,0.0024447984469588846,0.0,-4.882812572759576e-05,0.0,-0.001953125,0.0,0.0,0.74853515625,0.242101831434411,0.004446751609066268,0.0,-0.026127904398890678,-0.026127904398890678,-0.7204360163304955,0.0,-0.014409154653549194,-0.01171875,0.1691819779225625,0.0,0.0,0.0,0.0,0.0,-0.02724859453519457,-0.02724859453519457,-0.7764922978822142,0.0,-0.015529844702541595,-0.01171875,0.04361762263579294,0.0,0.0,0.0,0.0,0.0,-0.026832920735614607,-0.026832920735614607,-0.7552687858697027,0.0,-0.015114170942979399,-0.01171875,-0.17170750656805467,0.0,0.0,0.0,0.0,0.0,0.004446751609066268,0.0,-0.01944115601509111,-0.019999999552965164,-0.0010939010375295767,0.003625605022534728,0.14817188680171967,0.98688143491745,0.0,1534,0.05798884108662605,0.31567099690437317,0.027902413066476582,0.7688480019569397,1.3330653190612793,0.37854771316051483,0.0028466061450570014,10,0.0013945909217000008,0.3776959975560506,0.03461785428225994,120.78578891728407,337.0,0.021678029536269607,86008.0,5696.564191597048
0.34659901410341265,-0.0027111124640214258,0.004177846104741668,0.04825076453853398,4794,2048,1.153094482421875,0.2923563987016678,0.12109375,0.008987089869333432,0.039591628778725865,0.00380286365877954,1.0,10,-0.0022014563670381903,0.3553783098856608,0.037928516138345005,0.9934036731719971,0.003780413570909974,0.004773593507707119,0.13087329268455505,0.03692231038585305,0.9651919007301331,0.003636751304374482,0.0033926707692444324,0.1711866706609726,0.04413338005542755,0.981428325176239,0.00401501357106916,0.014711531810462475,0.1730945110321045,0.010666644107550383,role_local,0.05843067616224289,0.011066253297030926,0.0002539925333333333,0.00024249066666666666,0.0024249066666666664,256.0,1.2433476626873017,690112.0,2.322601556777954,0.995364785194397,0.4005790054798126,combat>support,4,0.0,-2.441406286379788e-05,-0.0155113766395516,-0.0078125,0.0,0.004455683927517384,0.004455683927517384,0.0,-4.882812572759576e-05,0.0,0.0,0.0,0.0,0.841796875,0.1895540915429592,0.004504512051425991,0.0,-0.027078539536887547,-0.027078539536887547,-0.6702492770273238,0.0,-0.013406664784270106,-0.013671875,0.27985857565363403,0.0,0.0,0.0,0.0,0.0,-0.027456376265035942,-0.027456376265035942,-0.8845252122264355,0.0,-0.017690751097688917,-0.009765625,0.16773950126662385,0.0,0.0,0.0,0.0,0.0,-0.023298041993257357,-0.023298041993257357,-0.7716315861325711,-4.882812572759576e-05,-0.015436714036695776,-0.0078125,0.07603219062002609,0.0,0.0,0.0,0.0,0.0,0.004504512051425991,0.0,-0.01834431936367764,-0.019999999552965164,-0.0027111124640214258,0.007532443385571241,0.161376953125,0.9840774536132812,0.0,1724,0.053379274904727936,0.18691851198673248,0.05690990029834211,0.8977540731430054,1.3336008429527282,0.40084162950515745,0.004552828550703797,10,-0.003220768561004661,0.37777570883433026,0.011465862486511469,120.8688154131962,338.0,0.011066253297030926,86264.0,5709.595131224021
0.3797453783452511,-0.004731068218825385,0.003740523234438181,0.043408545199781656,5020,2048,1.1531403422355653,0.29510835856199263,0.1076171875,0.007804600184317678,0.03385668322443962,0.00324793118878291,1.0,10,-0.0037554336013272405,0.35544876257578534,0.028858982026576996,0.9898927211761475,0.0030234273118109724,0.02476075291633606,0.10391675680875778,0.037576069869101045,0.9695261120796204,0.0033949075820155607,0.020953020080924034,0.19902938604354858,0.03516344055533409,0.9668469429016113,0.0033296444218140096,-0.007158130872994661,0.2664025127887726,0.016530777979642152,role_local,0.09199344292283058,0.015018804511055351,0.000253856,0.00024231999999999997,0.0024232,256.0,1.24392169713974,692160.0,1.922329068183899,1.0005463361740112,0.4295765161514282,support>combat,6,0.0,0.0,-0.016216871280145522,-0.0107421875,0.0,0.006050201953257783,0.006050201953257783,0.0,0.0,0.0,0.0,0.0,0.0,0.98974609375,0.34853626016411,0.006050201953257783,0.0,-0.026422612863825634,-0.026422612863825634,-0.8328193216584623,0.0,-0.0166569880238967,-0.009765625,0.2861158142914064,0.0,0.0,0.0,0.0,0.0,-0.03258639086925541,-0.03258639086925541,-0.8480538479052484,0.0,-0.016961391109362012,-0.015625,0.3454255009564804,0.0,0.0,0.0,0.0,0.0,-0.032610359106911346,-0.032610359106911346,-0.7502763327211142,0.0,-0.01503223470717785,-0.017578125,0.08661796565866098,0.0,0.0,0.0,0.0,0.0,0.006050201953257783,0.0,-0.021392291324445978,-0.019999999552965164,-0.004731068218825385,0.013561414554715157,0.19917228817939758,0.9745540022850037,0.0,2027,0.07800204306840897,0.17577002942562103,0.052960407175123694,0.8391106128692627,1.3347030520439147,0.4643823981285095,0.004233115280093453,10,-0.00570670283632353,0.37794552246729535,0.013506831042468548,120.9433399148031,339.0,0.015018804511055351,86520.0,5723.0104649630375
0.38035619109869,-0.003483549092197791,0.0041147848318025,0.04425383332418278,5428,2048,1.1532865762710571,0.2937706559896469,0.1279296875,0.008918698976049199,0.032249294128268956,0.003364629765392449,1.0,10,-0.00315708271227777,0.35534706711769104,0.029973917827010154,0.9817914366722107,0.0032974398769457735,0.03217436373233795,0.11300968378782272,0.035753621719777584,0.9832684993743896,0.0036367954007781784,0.01702921837568283,0.1472274363040924,0.03132394840940833,0.9697473049163818,0.003176410809079841,0.03060019202530384,0.16969755291938782,0.009353295806795359,role_local,0.07077196799218655,0.015804788423702122,0.00025371946666666664,0.0002421493333333333,0.0024214933333333334,256.0,1.2444033086299897,694208.0,2.0415287017822266,1.000816822052002,0.4386967420578003,support>combat,4,0.0,0.0,-0.017531070809733745,-0.00927734375,0.0,0.004382991417514859,0.004382991417514859,0.0,0.0,0.0,-0.001953125,0.0,0.0,0.994140625,0.3932589900359744,0.006336116421152838,0.0,-0.032178646652027965,-0.032178646652027965,-0.9252958705183119,0.0,-0.018506771863030735,-0.013671875,0.38479793837177567,0.0,0.0,0.0,0.0,0.0,-0.030302589879283914,-0.030302589879283914,-0.8314729586709291,0.0,-0.0166307151048386,-0.013671875,0.3708736380795017,0.0,0.0,0.0,0.0,0.0,-0.025268225366744446,-0.025268225366744446,-0.8723688316531479,0.0,-0.017455725461331895,-0.0078125,0.4213407007337082,0.0,0.0,0.0,0.0,0.0,0.006336116421152838,0.0,-0.020841618486883817,-0.019999999552965164,-0.003483549092197791,0.026851771399378777,0.14480085670948029,0.9788073301315308,0.0,2037,0.02053445391356945,0.21440912783145905,0.0562583725200966,0.7048615217208862,1.335520040988922,0.46694172620773317,0.00486493989821255,10,-0.0038100154721178114,0.3780113657315572,0.022256281040608884,121.01166567724655,340.0,0.015804788423702122,86776.0,5736.703119611135
0.3447963923215866,-0.0018015863839536904,0.004804359492910135,0.06115747011644999,5541,2048,1.1518521070480348,0.33062424063682555,0.1341796875,0.00957754873088561,0.033588226689607835,0.0035403320751240474,1.0,10,-0.0024961791932582855,0.3551211754480998,0.03484278423711658,0.9694809913635254,0.0036112602701324575,0.009109443984925747,0.1509217470884323,0.03148359004408121,0.9786783456802368,0.00333666696079358,0.023009726777672768,0.13593149185180664,0.034447871043812486,0.9740456342697144,0.0036762584101216246,0.004955081734806299,0.16335949301719666,0.010064744111150502,role_local,0.0481687530875206,0.016191115137189627,0.0002535829333333333,0.00024197866666666665,0.0024197866666666665,256.0,1.2438776910305023,696256.0,2.012788772583008,0.996337354183197,0.4578542709350586,combat>support,2,0.0,0.0,-0.017916898629967665,-0.01025390625,0.0,0.003660658599983435,0.003660658599983435,0.0,0.0,0.0,-0.001953125,0.0,0.0,0.95166015625,0.3011904880986549,0.00561378352540487,0.0,-0.02998611825023545,-0.02998611825023545,-0.9132862940896302,0.0,-0.018267368570377585,-0.01171875,0.34784998424584046,0.0,0.0,0.0,0.0,0.0,-0.02972450080415001,-0.02972450080415001,-0.9002324596513063,0.0,-0.01800575135348481,-0.01171875,0.3744765854207799,0.0,0.0,0.0,0.0,0.0,-0.03310257554403506,-0.03310257554403506,-0.873604845488444,0.0,-0.017477575966040604,-0.015625,0.37908492906717584,0.0,0.0,0.0,0.0,0.0,0.00561378352540487,0.0,-0.022288135234703077,-0.019999999552965164,-0.0018015863839536904,0.012423427775502205,0.15054568648338318,0.9742158055305481,0.0,1950,0.014869009144604206,0.2120356559753418,0.08872671354329213,0.7517257928848267,1.33590327501297,0.35896854400634765,0.006068386910696222,10,-0.0011069935746490956,0.37797653675079346,0.02231748616322875,121.07915951788462,341.0,0.016191115137189627,87032.0,5750.4198308971245
0.38813414573669436,-0.002125518402317539,0.004557348181275428,0.05327279008924961,5053,2048,1.1503044009208678,0.349601736664772,0.14794921875,0.010411093092989177,0.047245785128325224,0.004208148729384164,1.0,10,-0.0007931532454676926,0.3550061881542206,0.034680973784998056,0.9878741502761841,0.003631793256274829,-0.0014634844847023487,0.1348852813243866,0.04510577521286905,0.9576625823974609,0.004091571928199311,0.011229580268263817,0.22475111484527588,0.06218163035809994,0.9490531086921692,0.004912934887378023,-0.004778050351887941,0.2886621057987213,0.020685675926506518,role_local,0.048076479509472844,0.03793926117941737,0.00025344639999999997,0.00024180799999999999,0.00241808,256.0,1.2429835438728332,698304.0,2.135908842086792,1.004030704498291,0.3550191819667816,support>combat,0,0.0,-1.220703143189894e-05,-0.016252769989174947,-0.01171875,0.0,0.0012580886232171906,0.0012580886232171906,0.0,-4.882812572759576e-05,0.0,-0.00390625,0.0,0.0,0.9474283722229302,0.23724219753057696,0.005213166714383988,0.0,-0.0316184226248879,-0.0316184226248879,-0.7996624852530658,0.0,-0.015993423025065567,-0.015625,0.2975149731792044,0.0,0.0,0.0,0.0,0.0,-0.030686733320180792,-0.030686733320180792,-0.8497351217083633,0.0,-0.01701485878584208,-0.013671875,0.2459948565083323,0.0,0.0,0.0,0.0,0.0,-0.029421902996546123,-0.029421902996546123,-0.78582219989039,0.0,-0.01575002815661719,-0.013671875,0.2439743155555334,0.0,0.0,0.0,0.0,0.0,0.005213166714383988,0.0,-0.02261724364143447,-0.019999999552965164,-0.002125518402317539,0.0019120941869914532,0.22507241368293762,0.9652169346809387,0.0,2005,-0.021702758967876434,0.34498336911201477,0.059299795050174,0.5788254737854004,1.3356626868247985,0.42666655480861665,0.004906547633166692,10,-0.0034578835591673853,0.3780510524908702,0.055192846432328226,121.15336385803543,342.0,0.03793926117941737,87288.0,5763.801992475055
0.408609539270401,-0.0004199956718366593,0.004666731782498129,0.05480234134010971,4608,1696,1.1494373440742494,0.3440619856119156,0.1618629094446078,0.011405348958214745,0.04492834289558232,0.004144538476554794,1.0,10,0.0005007198313251137,0.3549010753631592,0.04783501662313938,0.9743063449859619,0.0041651866961192,-0.007587905507534742,0.1346040964126587,0.046504798065871,0.7712619304656982,0.004242448095465079,0.11666667461395264,0.5897835493087769,0.040663097077049314,0.9548083543777466,0.004031963017322349,0.04551819711923599,0.161815345287323,0.05783479548990726,role_local,0.12923444844782353,0.03102276420686394,0.00025333333333333333,0.00024166666666666664,0.002416666666666667,212.0,1.2434064090251922,700000.0,2.1450870037078857,1.0045464038848877,0.5168470144271851,combat>support,7,0.0,0.0,-0.017924349687688943,-0.0076650943396226415,0.0011792452830188679,0.004684249279067307,0.004684249279067307,0.0,0.0,0.0,0.0,0.0,0.0,1.0,0.015771111271361698,0.004094626646343935,0.0005896226415094339,-0.028971388408879063,-0.028971388408879063,-0.8883840416399937,0.0,-0.01776855853649805,-0.01179245283018868,0.35751505429803765,0.0,0.0,0.0,0.0,0.0005896226415094339,-0.02151814380766086,-0.02151814380766086,-0.8690204690649824,0.0,-0.017390783937683084,-0.009433962264150943,0.47536288110433883,0.0047169811320754715,0.0,0.0,0.0,0.0005896226415094339,-0.02745804571950773,-0.02745804571950773,-0.9250572126991344,0.0,-0.018613706588885694,-0.009433962264150943,0.39806872272407107,0.0,0.0,0.0,0.0,0.0005896226415094339,0.004094626646343935,0.0005896226415094339,-0.018315832706098007,-0.019999999552965164,-0.0004199956718366593,0.05133026838302612,0.3621307909488678,0.8726097941398621,0.0,1696,0.021268434822559357,0.09565315395593643,0.06467633978463709,0.9041939377784729,1.3373754739761352,0.4731570929288864,0.005188925088441465,10,-0.0013407111749984325,0.3783928354581197,0.004210732923820615,121.20642067615545,343.0,0.03102276420686394,87500.0,5775.2716076839715
0.3230644825845957,-0.00423896627034992,0.0037414185465981555,0.04148105804633815,5776,2048,1.1482004523277283,0.3360722079873085,0.1615234375,0.011316525778966025,0.044455397088313475,0.004040314901279455,1.0,10,-0.0017488981946371495,0.35464351375897724,0.0418062960729003,0.9713706970214844,0.00394534168255922,0.03180347755551338,0.131526917219162,0.049447226151823995,0.9599622488021851,0.0042601832683430985,0.004404052626341581,0.1632171869277954,0.04229056956246495,0.9314911365509033,0.003924079959913696,0.02767808735370636,0.145656555891037,0.011070996522903442,role_local,0.06966211944818497,0.019049788359552622,0.00025319679999999997,0.00024149599999999998,0.00241496,256.0,1.2443743646144867,702048.0,3.175065517425537,1.0063889026641846,0.3387981653213501,combat>support,0,0.0,0.0,-0.018694376519609552,-0.00732421875,0.0,0.0032993681429616117,0.0032993681429616117,0.0,0.0,0.0,-0.001953125,0.0,0.0,0.9814453125,0.22111865932674846,0.005252493144780601,0.0,-0.026412632971187122,-0.026412632971187122,-0.9299851064570248,0.0,-0.018600133174913935,-0.0078125,0.22184951153758448,0.0,0.0,0.0,0.0,0.0,-0.027919345666305162,-0.027919345666305162,-0.9064750662073493,0.0,-0.01815372054988984,-0.009765625,0.2522738261905033,0.0,0.0,0.0,0.0,0.0,-0.02909490054298658,-0.02909490054298658,-0.9647902552969754,0.0,-0.019329275834024884,-0.009765625,0.21354256274571526,0.0,0.0,0.0,0.0,0.0,0.005252493144780601,0.0,-0.02003187885202351,-0.019999999552965164,-0.00423896627034992,0.021482324227690697,0.14773711562156677,0.9589700698852539,0.0,2011,-0.003780241124331951,0.24334044754505157,0.038506719004362824,0.6776800155639648,1.3405482769012451,0.31005675718188286,0.003442522191916855,10,-0.00672903434606269,0.3788756728172302,0.0270285801962018,116.32291672336112,344.0,0.019049788359552622,87756.0,6035.3369720741175
0.43395674005150797,-0.001761293748859316,0.003423411655874982,0.03857821275596507,5640,2048,1.1455698370933534,0.3156393840909004,0.07861328125,0.006031804688973352,0.014650082460138946,0.002134998472338992,1.0,10,0.00039166377391666176,0.35436267654101056,0.0174306932836771,0.9828525185585022,0.0023571453400680785,0.01972883567214012,0.12064160406589508,0.014184456830844284,0.9478330612182617,0.002076859825340627,0.026095280423760414,0.169508695602417,0.012470713630318642,0.9583283066749573,0.0019825938128910647,0.013835926540195942,0.1787308305501938,0.011813302244991063,role_local,0.15660092681646348,0.06500516156665981,0.00025306026666666666,0.00024132533333333332,0.0024132533333333333,256.0,1.2451231956481934,704096.0,2.241177558898926,1.0004429817199707,0.4573165774345398,support>combat,3,0.0,-1.220703143189894e-05,-0.018274165008430526,-0.01220703125,0.0,-0.00774973220359243,-0.00774973220359243,0.0,0.0,0.0,-0.01171875,0.0,0.0,0.75146484375,0.16052646288881078,0.003969018094721832,0.0,-0.029283697804203257,-0.029283697804203257,-0.8757951525039971,-4.882812572759576e-05,-0.017516119798528962,-0.01171875,-0.075783965356095,0.0,0.0,0.0,0.0,0.0,-0.030772144469665363,-0.030772144469665363,-0.9520925933029503,0.0,-0.01905339487711899,-0.01171875,-0.09107955267609213,0.0,0.0,0.0,0.0,0.0,-0.031924855153192766,-0.031924855153192766,-0.9124446222558618,0.0,-0.01825298034964362,-0.013671875,-0.07417214666202199,0.0,0.0,0.0,0.0,0.0,0.003969018094721832,0.0,-0.024932608557719504,-0.019999999552965164,-0.001761293748859316,0.019979074597358704,0.15905335545539856,0.9664419293403625,0.0,1545,-0.1662394255399704,0.5721282958984375,0.06250634305179119,0.5610659122467041,1.3446765542030334,0.5522740960121155,0.004711824839410972,10,-0.003914251271635294,0.3793986439704895,0.11819702088832855,116.40140343632389,345.0,0.06500516156665981,88012.0,6048.861776698148
0.4111149631440639,-0.0007829201407730579,0.003932193394932058,0.04477569570153719,5702,2048,1.1434398770332337,0.3254991456866264,0.1798828125,0.013199241721304133,0.05621528811461758,0.004705517590709758,1.0,10,0.0019592019263654946,0.35410216450691223,0.057492859463673086,0.9776355028152466,0.004750818008451932,0.006049009505659342,0.1013159528374672,0.054752657376229766,0.9771091341972351,0.004702929495008734,-0.02244378812611103,0.12676279246807098,0.05630279015749693,0.9812814593315125,0.004659400319422976,-0.007790266070514917,0.11853332817554474,0.006977033661678433,role_local,0.062180730327963826,0.010759612615220248,0.0002529237333333333,0.00024115466666666666,0.002411546666666667,256.0,1.2457948088645936,706144.0,2.075007200241089,0.9861354827880859,0.4258250892162323,support>combat,2,0.0,-6.10351571594947e-05,-0.018477481314524386,-0.00830078125,0.0,0.004900342269138491,0.004900342269138491,0.0,0.0,0.0,0.0,0.0,0.0,0.75,0.3167237117449986,0.004900342269138491,0.0,-0.031202663136355113,-0.031202663136355113,-0.9717415450140834,-4.882812572759576e-05,-0.019435085196164437,-0.01171875,0.05163550281577045,0.0,0.0,0.0,0.0,0.0,-0.029847487705410458,-0.029847487705410458,-0.901527559151873,-9.765625145519152e-05,-0.01803108165768208,-0.01171875,0.05292937665944919,0.0,0.0,0.0,0.0,0.0,-0.02782955817747279,-0.02782955817747279,-0.8970895954407752,-9.765625145519152e-05,-0.017966277089726645,-0.009765625,0.021826861295267008,0.0,0.0,0.0,0.0,0.0,0.004900342269138491,0.0,-0.020994843060179846,-0.019999999552965164,-0.0007829201407730579,-0.007715654093772173,0.11627074331045151,0.979076087474823,0.0,1536,0.08083970099687576,0.17507724463939667,0.0333361032884568,0.8456811904907227,1.3481497406959533,0.49673078060150144,0.003158869199154357,10,-0.0035250422079116106,0.3797074457009633,0.014542191568762065,116.47610194622644,346.0,0.010759612615220248,88268.0,6062.565523750149
0.40935507193207743,-0.00580684218875831,0.007896018394754036,0.1022991819481831,5387,2048,1.1420419335365295,0.31867716163396836,0.1806640625,0.013315471028909088,0.06444783066399395,0.005194454218937878,1.0,10,-0.0012606327858520673,0.3541378279527028,0.057375738583505156,0.9687761068344116,0.0048617902171579465,0.00755744194611907,0.19326306879520416,0.07193431383930146,0.9462488889694214,0.00552925821887641,0.03397947549819946,0.20953939855098724,0.06344431787729263,0.7813361287117004,0.0051643078843222725,0.11901585012674332,0.5473557710647583,0.05664544515311718,role_local,0.12752195671200753,0.04906705413013697,0.0002527872,0.000240984,0.00240984,256.0,1.24542795419693,708192.0,2.7730443477630615,0.9825650453567505,0.2705768942832947,combat>support,4,0.0,0.0,-0.01740301922351743,-0.00830078125,0.0009765625,0.00010916081413370193,0.00010916081413370193,0.0,0.0,0.0,-0.00390625,0.0,0.0,0.7861328125,0.06376639399968553,0.0035271295755023857,0.00048828125,-0.02561213361332193,-0.02561213361332193,-0.8167395815253258,0.0,-0.01633479013980832,-0.009765625,-0.02406310851802118,0.0,0.0,0.0,0.0,0.00048828125,-0.025156407384201884,-0.025156407384201884,-0.8915978430304676,0.0,-0.017832188910688274,-0.0078125,-0.17597489443141967,0.0,0.0,0.0,0.0,0.00048828125,-0.025366297835716978,-0.025366297835716978,-0.9009036589413881,0.0,-0.01804207862005569,-0.01171875,-0.08916446361399721,0.00390625,0.0,0.0,0.0,0.00048828125,0.0035271295755023857,0.00048828125,-0.019006420581717975,-0.019999999552965164,-0.00580684218875831,0.05526319891214371,0.36455023288726807,0.8896427154541016,0.0,1612,-0.00852353498339653,0.32284098863601685,0.14015053323237225,0.8040456175804138,1.3488139748573302,0.5000329822301864,0.010597582570570196,10,-0.010353051591664553,0.37958980600039166,0.04148866310715675,116.55489187751665,347.0,0.04906705413013697,88524.0,6076.038410676178
0.4329973660409451,-0.0008018095802981406,0.003675149054320187,0.04305337760597468,5180,2048,1.1429731249809265,0.350824873149395,0.1322265625,0.009486949240090326,0.04352524173446,0.003875345973587684,1.0,10,-0.002950163802597672,0.3542433977127075,0.04446121857035905,0.9849962592124939,0.004002198260198958,0.054991379380226135,0.139462411403656,0.04194043625611812,0.9716722965240479,0.0036368746757298245,0.03235607221722603,0.14167049527168274,0.044447442842647435,0.9900286197662354,0.004024465809256144,0.03074515052139759,0.12983998656272888,0.008652139687910676,role_local,0.08494418486952782,0.026077804272063076,0.00025265066666666663,0.0002408133333333333,0.0024081333333333334,256.0,1.2456067562103272,710240.0,2.337153434753418,1.0029115676879883,0.471355676651001,combat>support,7,0.0,-3.662109429569682e-05,-0.01679378343639352,-0.00732421875,0.0,-1.6645039522700245e-05,-1.6645039522700245e-05,0.0,0.0,0.0,-0.00390625,0.0,0.0,0.73046875,0.16128836790448986,0.0038896051778465335,0.0,-0.02452635944064241,-0.02452635944064241,-0.8332315608859062,-4.882812572759576e-05,-0.01666503150772769,-0.0078125,0.12236160993506928,0.0,0.0,0.0,0.0,0.0,-0.028163428956759162,-0.028163428956759162,-0.9173872196115553,-4.882812572759576e-05,-0.01834897609660402,-0.009765625,-0.027373716300644446,0.0,0.0,0.0,0.0,0.0,-0.023228670601383783,-0.023228670601383783,-0.7680926953908056,-4.882812572759576e-05,-0.015367342704848852,-0.0078125,0.07300075025705155,0.0,0.0,0.0,0.0,0.0,0.0038896051778465335,0.0,-0.018983776742970804,-0.019999999552965164,-0.0008018095802981406,0.03934197872877121,0.1378702074289322,0.9844627380371094,0.0,1498,-0.038631193339824677,0.34993183612823486,0.042581513477489355,0.6767563819885254,1.3482403874397277,0.5151698589324951,0.003474952135052689,10,0.0013465446420013905,0.37969882289568585,0.04350346885621548,116.63290820761257,348.0,0.026077804272063076,88780.0,6089.533485144144
0.4182620018720627,-1.3493216829374433e-05,0.0031781237840340037,0.0321705608672346,5037,2048,1.1438382983207702,0.3627587348222733,0.11611328125,0.008749795804033057,0.03582296386302915,0.003521786695233409,1.0,10,-0.00214144519995898,0.3543560405572255,0.03482716046273708,0.9863619208335876,0.0035411485371239946,-0.028897613286972046,0.14749683439731598,0.03304306343197823,0.9121530652046204,0.0032464182534881147,0.0011087087914347649,0.21651405096054077,0.04025048270123079,0.9804075360298157,0.0038471376688247625,0.024247024208307266,0.16091279685497284,0.013729159254580736,role_local,0.0887780275195837,0.025041442597284913,0.0002525141333333333,0.00024064266666666665,0.002406426666666667,256.0,1.2467020332813263,712288.0,1.8288954496383667,0.9941803216934204,0.3979894518852234,combat>support,7,0.0,-1.220703143189894e-05,-0.016293436058428295,-0.00537109375,0.0,-0.0015073069877189482,-0.0015073069877189482,0.0,0.0,0.0,-0.00390625,0.0,0.0,0.56591796875,0.02254520374845015,0.0023989430495703346,0.0,-0.022791985335061327,-0.022791985335061327,-0.7465329312253743,-4.882812572759576e-05,-0.01493065739487065,-0.0078125,-0.1553549888485577,0.0,0.0,0.0,0.0,0.0,-0.024699324421817437,-0.024699324421817437,-0.9419348433148116,0.0,-0.01883994953823276,-0.005859375,-0.23293062244192697,0.0,0.0,0.0,0.0,0.0,-0.019015951147594023,-0.019015951147594023,-0.7535117543302476,0.0,-0.015109701242181472,-0.00390625,-0.1413963968952885,0.0,0.0,0.0,0.0,0.0,0.0023989430495703346,0.0,-0.01700364275893662,-0.019999999552965164,-1.3493216829374433e-05,-0.000871306168846786,0.18215638399124146,0.9718856811523438,0.0,1161,-0.09187036007642746,0.3518262505531311,0.028518157871440054,0.7488586902618408,1.3495657682418822,0.4737652689218521,0.002834460872834599,10,0.0021144587663002312,0.3798183798789978,0.03635372593998909,116.71076758339579,349.0,0.025041442597284913,89036.0,6103.018725252012
0.4566923648118973,-0.00035586592857725916,0.003310670216197675,0.03578419600380585,5629,2048,1.1441195726394653,0.2654517710208893,0.07568359375,0.006215790996793658,0.02014580664690584,0.0022339265099929227,1.0,10,-0.00267947904067114,0.35423652331034344,0.019311739271506666,0.9655526280403137,0.0021461935251404275,0.034778766334056854,0.1612815111875534,0.023906148248352112,0.9460232257843018,0.0025380888957845294,0.0299677774310112,0.23335237801074982,0.017602612695191054,0.9173036813735962,0.002047304093492508,0.0362565852701664,0.17232075333595276,0.015635649114847182,role_local,0.08351943418383598,0.034181941859424116,0.00025237759999999996,0.00024047199999999998,0.00240472,256.0,1.2469097018241881,714336.0,2.3960533142089844,0.9913268089294434,0.2789008319377899,combat>support,4,0.0,-4.882812572759576e-05,-0.01827514796847633,-0.00634765625,0.0,-0.0030036606153771572,-0.0030036606153771572,0.0,-4.882812572759576e-05,0.0,-0.005859375,0.0,0.0,0.71826171875,0.005249310459475964,0.0029045426722404954,0.0,-0.02402903548500035,-0.02402903548500035,-0.9075830481015146,0.0,-0.018169660659623332,-0.005859375,-0.08911788184195757,0.0,0.0,0.0,0.0,0.0,-0.025105447908572387,-0.025105447908572387,-0.8468036807607859,-9.765625145519152e-05,-0.01719529191905167,-0.0078125,-0.19759599908138625,0.0,0.0,0.0,0.0,0.0,-0.02536869431787636,-0.02536869431787636,-0.9669752025511116,-4.882812572759576e-05,-0.01946049132675398,-0.005859375,-0.12340553142712452,0.0,0.0,0.0,0.0,0.0,0.0029045426722404954,0.0,-0.019376711312361294,-0.019999999552965164,-0.00035586592857725916,0.03379533067345619,0.19038191437721252,0.9489533305168152,0.0,1474,-0.06867970526218414,0.3836855888366699,0.051422585360705854,0.7950588464736938,1.3496998310089112,0.6479329586029052,0.004387413922402428,10,0.0019677471835166218,0.3797302742799123,0.05272823460400104,116.78713220990836,350.0,0.034181941859424116,89292.0,6116.564269392984
0.3920076161623001,-0.0018702700443100184,0.004158859740240139,0.052455456455936654,5576,2048,1.1428327441215516,0.27277830243110657,0.1119140625,0.008417771916720084,0.03560625514946878,0.003041852748018757,1.0,10,0.0001793943578377366,0.3541342318058014,0.03759963386692107,0.9634444117546082,0.003264205112452284,-0.021134980022907257,0.21079444885253906,0.03397950511425733,0.9601375460624695,0.002919882792873395,0.012879548594355583,0.17783115804195404,0.03539987383410335,0.9051564335823059,0.0029627245832707814,0.011756892316043377,0.20408731698989868,0.017580813635140656,role_local,0.05902244932949543,0.03427034975029528,0.00025224106666666665,0.00024030133333333332,0.0024030133333333334,256.0,1.245830053091049,716384.0,2.1275439262390137,1.009399652481079,0.4382336437702179,support>combat,5,0.0,-1.220703143189894e-05,-0.018094081484984297,-0.00927734375,0.0,-0.0010851248780454625,-0.0010851248780454625,0.0,0.0,0.0,-0.005859375,0.0,0.0,0.83740234375,0.23744013262330554,0.0047742501310494845,0.0,-0.028602961079741362,-0.028602961079741362,-0.835035971365869,0.0,-0.016884211378055625,-0.01171875,0.001402042107656598,0.0,0.0,0.0,0.0,0.0,-0.025924768306140322,-0.025924768306140322,-0.8837033736053854,0.0,-0.01811226852441905,-0.0078125,0.0150326045404654,0.0,0.0,0.0,0.0,0.0,-0.031053342376253568,-0.031053342376253568,-0.9557962857652456,-4.882812572759576e-05,-0.019285764552478213,-0.01171875,0.07138598195160739,0.0,0.0,0.0,0.0,0.0,0.0047742501310494845,0.0,-0.02166655038308818,-0.019999999552965164,-0.0018702700443100184,0.001896711764857173,0.1985299289226532,0.9527567625045776,0.0,1718,-0.032613642513751984,0.35615476965904236,0.06930465776240453,0.7811836004257202,1.3488273620605469,0.5112369298934937,0.005275866732461521,10,-0.0039199344464577734,0.3795971969763438,0.0509598858654499,116.86405931771405,351.0,0.03427034975029528,89548.0,6130.062605923973
0.4024059295654297,-0.0020633696134609637,0.004506302457481496,0.054199293843703346,5749,2048,1.142445170879364,0.280838206410408,0.13310546875,0.00933608269551769,0.03393358974717557,0.00330945420134402,1.0,10,-0.0016940507222898305,0.3541330595811208,0.03953849752433598,0.9573901891708374,0.003565901461607723,0.02073921635746956,0.1654156893491745,0.02828963380306959,0.9430235624313354,0.003106236829139003,0.013169309124350548,0.20363768935203552,0.03387585231103003,0.9343085885047913,0.0032542775730391603,0.03721434995532036,0.175871342420578,0.015000746864825488,role_local,0.06271803975105286,0.01927871978841722,0.0002521045333333333,0.00024013066666666666,0.002401306666666667,256.0,1.244978553056717,718432.0,2.782229423522949,1.0029897689819336,0.3797575831413269,support>combat,4,0.0,-1.220703143189894e-05,-0.018655331434274558,-0.0078125,0.0,0.0007435435963998316,0.0007435435963998316,0.0,0.0,0.0,-0.00390625,0.0,0.0,0.9228515625,0.15973122732248157,0.0046497935936713475,0.0,-0.026427121883898508,-0.026427121883898508,-0.9306964008137584,0.0,-0.01861462205852149,-0.0078125,0.16875547065865248,0.0,0.0,0.0,0.0,0.0,-0.028099980285333004,-0.028099980285333004,-0.9140443282667547,-4.882812572759576e-05,-0.018285527447005734,-0.009765625,0.13123420922784135,0.0,0.0,0.0,0.0,0.0,-0.028831469564465806,-0.028831469564465806,-0.9528027239721268,0.0,-0.01906584479729645,-0.009765625,0.1542358554142993,0.0,0.0,0.0,0.0,0.0,0.0046497935936713475,0.0,-0.020653758125263266,-0.019999999552965164,-0.0020633696134609637,0.023879054933786392,0.18245556950569153,0.9461397528648376,0.0,1892,-0.010621738620102406,0.2363099753856659,0.07446499794023112,0.8946704864501953,1.3475119352340699,0.5239736527204514,0.005703150713618971,10,-0.0024326885046320967,0.3794162372748057,0.023556692712008952,116.93586089431228,352.0,0.01927871978841722,89804.0,6143.812466984149
0.35476709008216856,0.0017879750463180243,0.0031601803589957657,0.028441336142714137,4807,2048,1.1415306806564331,0.2897254765033722,0.087109375,0.006306000525364652,0.023100779642118142,0.0027314446989206336,1.0,10,-0.0017856709426268935,0.35381677746772766,0.015198125690221786,0.9852033257484436,0.0023067012113439757,-0.02760130725800991,0.1808810532093048,0.022282957669813187,0.9515100121498108,0.0027986618041372147,-0.0019914915319532156,0.1813318133354187,0.031089818570762873,0.9891579151153564,0.003024816051260948,0.02619561180472374,0.14513956010341644,0.011346373334527015,role_local,0.10169113799929619,0.030514602921903132,0.000251968,0.00023995999999999997,0.0023996,256.0,1.2441329598426818,720480.0,2.6712474822998047,0.9977409839630127,0.3483300805091858,combat>support,12,0.0,-1.220703143189894e-05,-0.015589864102366846,-0.00927734375,0.0,-0.006617253178774263,-0.006617253178774263,0.0,0.0,0.0,-0.009765625,0.0,0.0,0.615234375,0.1145723673816974,0.003148371682527795,0.0,-0.023084807180566713,-0.023084807180566713,-0.6659461848903447,0.0,-0.013319182398845442,-0.009765625,-0.16963651482365094,0.0,0.0,0.0,0.0,0.0,-0.026307552681828383,-0.026307552681828383,-0.9223005105741322,-4.882812572759576e-05,-0.01844622409407748,-0.0078125,-0.31761039860430174,0.0,0.0,0.0,0.0,0.0,-0.02476981058862293,-0.02476981058862293,-0.749976544175297,0.0,-0.015004185814177617,-0.009765625,-0.09947746954276226,0.0,0.0,0.0,0.0,0.0,0.003148371682527795,0.0,-0.020194856504531344,-0.019999999552965164,0.0017879750463180243,-0.00022547900152858347,0.1716860681772232,0.981809139251709,0.0,1265,-0.11005305498838425,0.4203154444694519,0.03378189264331013,0.8294060826301575,1.3467352390289307,0.41980870366096495,0.003588916019070898,10,0.005361621035262942,0.37949593861897785,0.049682832509279254,117.03067898231369,353.0,0.030514602921903132,90060.0,6156.334443798987
0.34583014622330666,-0.0022417692118324338,0.0025769581230933565,0.024430425930768253,5187,2048,1.1383113503456115,0.3413389176130295,0.11796875,0.00878915293724276,0.03798136711120605,0.00354005213770289,1.0,10,-0.002161375666037202,0.3534376621246338,0.034794305358082055,0.9747195839881897,0.003428989799538007,-0.019568901509046555,0.15569676458835602,0.03387391855940223,0.9533548951148987,0.00318904030519912,-0.05662265047430992,0.2654598355293274,0.04526833910495043,0.9794853329658508,0.003993301683975025,-0.022926444187760353,0.1581178456544876,0.015364554710686207,role_local,0.1220203272998333,0.030777379404753447,0.0002518314666666666,0.0002397893333333333,0.0023978933333333335,256.0,1.2432403206825255,722528.0,1.6658010482788086,1.0052826404571533,0.5248034000396729,support>combat,5,0.0,-1.220703143189894e-05,-0.01678307692175925,-0.0078125,0.0,-0.001479702355027257,-0.001479702355027257,0.0,0.0,0.0,-0.005859375,0.0,0.0,0.68017578125,0.27649494365323335,0.004379672779577959,0.0,-0.025493477263808018,-0.025493477263808018,-0.8831360447220504,0.0,-0.01768097746753483,-0.0078125,-0.0007826766814105213,0.0,0.0,0.0,0.0,0.0,-0.02767307033354882,-0.02767307033354882,-0.793338140938431,-4.882812572759576e-05,-0.015905492422461975,-0.01171875,0.0107828898835578,0.0,0.0,0.0,0.0,0.0,-0.022622135722485837,-0.022622135722485837,-0.8381233587861061,0.0,-0.016762760875280946,-0.005859375,0.052775312098674476,0.0,0.0,0.0,0.0,0.0,0.004379672779577959,0.0,-0.01931709768177825,-0.019999999552965164,-0.0022417692118324338,-0.032450318336486816,0.19861048460006714,0.9680324792861938,0.0,1396,-0.11252910643815994,0.36206862330436707,0.010879484750330449,0.8103387951850891,1.3481692910194396,0.35032137483358383,0.0016138641084838228,10,-0.002322162757627666,0.3797478874524434,0.046190204098820686,117.10816295894415,354.0,0.030777379404753447,90316.0,6169.749245006125
0.42688794881105424,-0.002019098529126495,0.0059643332496017555,0.0810546979366336,5531,2048,1.1357455849647522,0.3872646003961563,0.1728515625,0.012976059748325497,0.06002354604424909,0.004699339841798688,1.0,10,-0.0037388122640550137,0.3532447616259257,0.05339903524145484,0.9729117155075073,0.004314476062692152,-0.0046603926457464695,0.1830579936504364,0.0604655409231782,0.9631325006484985,0.004672213610921192,0.01071998942643404,0.17988047003746033,0.06563413835829124,0.9479804635047913,0.005074328656029481,0.004108917899429798,0.16587324440479279,0.014363011624664069,role_local,0.09814615994691848,0.023111428832635283,0.0002516949333333333,0.00023961866666666665,0.0023961866666666666,256.0,1.2431840479373932,724576.0,2.4278242588043213,1.0045958757400513,0.452884703874588,combat>support,3,0.0,0.0,-0.017896525241667405,-0.00927734375,0.0,0.004037570823129499,0.004037570823129499,0.0,0.0,0.0,-0.001953125,0.0,0.0,0.92822265625,0.37963418806612026,0.005990695743093966,0.0,-0.029018049215665087,-0.029018049215665087,-0.8647971011232585,0.0,-0.0172992987500038,-0.01171875,0.2503141111446894,0.0,0.0,0.0,0.0,0.0,-0.02714489928621333,-0.02714489928621333,-0.8686964507214725,0.0,-0.017379274497216102,-0.009765625,0.3258117065997794,0.0,0.0,0.0,0.0,0.0,-0.03268287752143806,-0.03268287752143806,-0.9498386678751558,0.0,-0.019011002477782313,-0.013671875,0.34509321069526777,0.0,0.0,0.0,0.0,0.0,0.005990695743093966,0.0,-0.021202064810495358,-0.019999999552965164,-0.002019098529126495,0.0034326682798564434,0.1762155145406723,0.9643577933311462,0.0,1902,0.04378873482346535,0.2507287859916687,0.10208584982901811,0.8681119680404663,1.3506225109100343,0.46651129722595214,0.007229326657404822,10,-0.00029938479419797657,0.380072961250941,0.0318598460406065,117.18350648427663,355.0,0.023111428832635283,90572.0,6183.259246447124
0.3459434285759926,-0.0024047361192060636,0.0029894612795167636,0.026913043367676436,5351,2048,1.1346670150756837,0.2933198317885399,0.09140625,0.006744639371754601,0.020799155300483107,0.0026262084893959306,1.0,10,-0.0026132845261599867,0.3531741996606191,0.019992034137248992,0.9917084574699402,0.0026059694168851567,-0.003100826870650053,0.13295912742614746,0.024250196386128665,0.9353249669075012,0.0028261485209759686,0.00047305566840805113,0.19484898447990417,0.01804125908529386,0.9247527718544006,0.0024464277973142213,0.004607013426721096,0.17250438034534454,0.013046755827963353,role_local,0.1261717937886715,0.027984102349728347,0.00025155839999999995,0.000239448,0.00239448,256.0,1.2436526119709015,726624.0,2.5358879566192627,0.9964631795883179,0.43580925464630127,support>combat,1,0.0,0.0,-0.017226871556583017,-0.009765625,0.0,0.002797842153086094,0.002797842153086094,0.0,0.0,0.0,-0.001953125,0.0,0.0,0.91845703125,0.17952318006427959,0.0047509671858279034,0.0,-0.027777551167673664,-0.027777551167673664,-0.7051161890849471,0.0,-0.014105676527833566,-0.013671875,0.22753860635566525,0.0,0.0,0.0,0.0,0.0,-0.030236435777624138,-0.030236435777624138,-0.9251280173193663,0.0,-0.01851768592314329,-0.01171875,0.4030869622947648,0.0,0.0,0.0,0.0,0.0,-0.03077600207325304,-0.03077600207325304,-0.9499148721806705,0.0,-0.01905725221877219,-0.01171875,0.33212159627873916,0.0,0.0,0.0,0.0,0.0,0.0047509671858279034,0.0,-0.021498037433048012,-0.019999999552965164,-0.0024047361192060636,0.001026200596243143,0.1715700477361679,0.9720321297645569,0.0,1882,0.09035512804985046,0.335326224565506,0.03302693143486977,0.8333905935287476,1.3526382088661193,0.3985670253634453,0.0033527140696375966,10,-0.00219618771225214,0.3801328241825104,0.04292144887149334,117.25757263359723,356.0,0.027984102349728347,90828.0,6196.819392386125
0.38915866911411284,-0.0014650198601884768,0.004037192516731467,0.04813797315582633,5386,2048,1.134385895729065,0.3680038571357727,0.16650390625,0.01167442388832569,0.054904622957110405,0.004522751392381235,1.0,10,0.0008229742932599037,0.3531942069530487,0.05553205888718367,0.9794284701347351,0.004597810687868867,-0.015221537090837955,0.13534840941429138,0.054702960141003135,0.9824473261833191,0.004491057838195178,-0.043962523341178894,0.15050570666790009,0.05448998510837555,0.9283440709114075,0.004479627077251825,-0.02012963593006134,0.19945472478866577,0.012065405957400799,role_local,0.13039171248674392,0.047554694768041375,0.00025142186666666665,0.00023927733333333333,0.002392773333333333,256.0,1.2437321603298188,728672.0,2.281264066696167,1.0077073574066162,0.43713298439979553,support>combat,5,0.0,0.0,-0.01739237903226846,-0.0126953125,0.0,-0.004329637808041298,-0.004329637808041298,0.0,0.0,0.0,-0.009765625,0.0,0.0,0.9345703125,0.28295098793751094,0.005435987134660536,0.0,-0.029282953961228486,-0.029282953961228486,-0.878007052699104,0.0,-0.01756420407036785,-0.01171875,0.3003588536666939,0.0,0.0,0.0,0.0,0.0,-0.03163378622411983,-0.03163378622411983,-0.8003956184256822,0.0,-0.01600878656427085,-0.015625,0.3904724787280429,0.0,0.0,0.0,0.0,0.0,-0.032276020960125607,-0.032276020960125607,-0.928807360585779,0.0,-0.018604146462166682,-0.013671875,0.26456746357143857,0.0,0.0,0.0,0.0,0.0,0.005435987134660536,0.0,-0.02438060100757866,-0.019999999552965164,-0.0014650198601884768,-0.025775320827960968,0.1658007651567459,0.9707249402999878,0.0,1919,-0.07751617580652237,0.42259877920150757,0.04137132335454226,0.6819989681243896,1.3530784249305725,0.410313481092453,0.0035516336410816975,10,-0.003753014013636857,0.3802425463994344,0.08304398357868195,117.33238403195378,357.0,0.047554694768041375,91084.0,6210.322972740047
0.3907065004110336,-0.0008365188041352667,0.003426971956730679,0.03171965698711574,4911,2048,1.1346593141555785,0.4159028470516205,0.12646484375,0.008911598374834285,0.03853956484235823,0.0037242539377558845,1.0,10,0.00014818350318819286,0.3532041708628337,0.037741220719181,0.9842291474342346,0.0036885798409847237,-0.0026945103891193867,0.1307363212108612,0.04096121632028371,0.9891836047172546,0.0038365238693422675,-0.02459665946662426,0.11691734939813614,0.03685026792809367,0.9759261608123779,0.003644603902368382,-0.060116685926914215,0.2161949723958969,0.010867711249738931,role_local,0.09420329257845879,0.011054576700553298,0.00025128533333333334,0.00023910666666666664,0.0023910666666666666,256.0,1.244426292181015,730720.0,1.904432773590088,0.9951543211936951,0.5101689696311951,support>combat,7,0.0,0.0,-0.015895587399427313,-0.01123046875,0.0,0.005149440588866128,0.005149440588866128,0.0,0.0,0.0,0.0,0.0,0.0,0.875,0.2749067678814754,0.005149440588866128,0.0,-0.030817090002528857,-0.030817090002528857,-0.8571823488455266,0.0,-0.017145215402706526,-0.013671875,0.3414830090041505,0.0,0.0,0.0,0.0,0.0,-0.029499655596737284,-0.029499655596737284,-0.791334098437801,0.0,-0.01582778085867176,-0.013671875,0.3021637562196702,0.0,0.0,0.0,0.0,0.0,-0.032291890573105775,-0.032291890573105775,-0.7356883536558598,0.0,-0.014713765936903656,-0.017578125,0.01739219691080507,0.0,0.0,0.0,0.0,0.0,0.005149440588866128,0.0,-0.021864800230105175,-0.019999999552965164,-0.0008365188041352667,-0.027697162702679634,0.16021114587783813,0.9827361106872559,0.0,1792,0.06585799902677536,0.14844484627246857,0.02489974913187325,0.8729559183120728,1.3541932702064514,0.36551015377044677,0.003129689975705474,10,-0.0018212211114587262,0.3803653617699941,0.011241442151367664,117.40698129096812,358.0,0.011054576700553298,91340.0,6223.82069588406
0.4101455077528954,-0.003250852250494063,0.004667864650449827,0.054913138676784004,4937,2048,1.1334842085838317,0.3550058275461197,0.155078125,0.0108688396634534,0.050953599804779516,0.004447198634659272,1.0,10,-0.00191948531428352,0.35278881589571637,0.05453611364355311,0.9915525317192078,0.004672472812224424,0.009288682602345943,0.1057608500123024,0.05141365724848583,0.9829815030097961,0.004477247031140752,-0.014506731182336807,0.16252769529819489,0.04664040859788656,0.9848756790161133,0.004176475745306341,-0.03696129098534584,0.15959662199020386,0.008843277953565121,role_local,0.10803274977952242,0.007459500466939062,0.0002511488,0.00023893599999999998,0.00238936,256.0,1.2441187083721161,732768.0,2.494555711746216,1.0108883380889893,0.3914514482021332,support>combat,4,0.0,0.0,-0.015947063833057957,-0.01025390625,0.0,0.004861527979301172,0.004861527979301172,0.0,0.0,0.0,0.0,0.0,0.0,0.875,0.22692132725933334,0.004861527979301172,0.0,-0.032132645763340406,-0.032132645763340406,-0.8253596643917263,0.0,-0.01650764606165467,-0.015625,0.4049960477859713,0.0,0.0,0.0,0.0,0.0,-0.029492243098502513,-0.029492243098502513,-0.7910184804350138,0.0,-0.015820368276763475,-0.013671875,0.40734153721132316,0.0,0.0,0.0,0.0,0.0,-0.027231926840613596,-0.027231926840613596,-0.7755690198391676,0.0,-0.015513177160755731,-0.01171875,0.15813484194222838,0.0,0.0,0.0,0.0,0.0,0.004861527979301172,0.0,-0.020998823303671088,-0.019999999552965164,-0.003250852250494063,-0.013585924170911312,0.1456904113292694,0.986278235912323,0.0,1792,0.09629278630018234,0.12042578309774399,0.058872677548788485,0.9050474762916565,1.3547532081604003,0.465285187959671,0.004888530666240382,10,-0.004582219186704606,0.3803621033827464,0.006075722980313003,117.48249726849623,359.0,0.007459500466939062,91596.0,6237.252501751995
0.3342425785958767,-0.0011065939484979025,0.0026974796099017108,0.025613657536450774,5317,2048,1.1292036533355714,0.2938130870461464,0.1365234375,0.009660389123018831,0.03888472972903401,0.003706930277615464,1.0,10,-0.0002792453946312889,0.352339247862498,0.04008279533591121,0.9820595383644104,0.00377304494992102,-0.006026609800755978,0.09277215600013733,0.039530943147838116,0.9814445972442627,0.003742538322746114,-0.03282122686505318,0.1337001621723175,0.03660170978400856,0.9742036461830139,0.00357993133030466,-0.03633209317922592,0.22402365505695343,0.010479121515527368,role_local,0.09387483736500143,0.006743414455559105,0.0002510122666666666,0.00023876533333333332,0.002387653333333333,256.0,1.2418776333332062,734816.0,1.6885534524917603,1.0047926902770996,0.5478066802024841,support>combat,3,0.0,0.0,-0.017227362828028465,-0.01123046875,0.0,0.006513397531307419,0.006513397531307419,0.0,0.0,0.0,0.0,0.0,0.0,0.99658203125,0.4211782446654979,0.006513397531307419,0.0,-0.034799496337655,-0.034799496337655,-0.9586841508280486,0.0,-0.019174496563209686,-0.015625,0.5063392233569175,0.0,0.0,0.0,0.0,0.0,-0.033084144051827025,-0.033084144051827025,-0.8729311446659267,0.0,-0.01745914448838448,-0.015625,0.4692161112325266,0.0,0.0,0.0,0.0,0.0,-0.028720322112349095,-0.028720322112349095,-0.7524224347434938,0.0,-0.01504844743249123,-0.013671875,0.2848534064469277,0.0,0.0,0.0,0.0,0.0,0.006513397531307419,0.0,-0.022522642419062322,-0.019999999552965164,-0.0011065939484979025,-0.023900605738162994,0.15502803027629852,0.979297935962677,0.0,2041,0.059094011783599854,0.07301515340805054,0.01234258534386754,0.9394736886024475,1.354551613330841,0.374672070145607,0.001688028942187958,10,-0.0019339425023645162,0.3803768952687581,0.003007707395590842,117.55144254267334,360.0,0.006743414455559105,91852.0,6251.016441021115
0.40966225787997246,-0.0014554927562130614,0.003356895097685982,0.03786674318835139,5184,2048,1.126213264465332,0.37316216975450517,0.10439453125,0.007756051956675947,0.029249111376702785,0.003083188667969787,1.0,10,-0.003122640814399347,0.3520846168200175,0.025033340323716402,0.9772737622261047,0.0028734466649618816,-0.0003828482876997441,0.09828776121139526,0.0332048405893147,0.9844653606414795,0.00316305082626443,-0.016965828835964203,0.13617300987243652,0.03026384743861854,0.9843087196350098,0.003269023446597785,-0.026617299765348434,0.18469136953353882,0.008788201212882995,role_local,0.07919175699353218,0.008130577486008405,0.0002508757333333333,0.00023859466666666665,0.0023859466666666666,256.0,1.2400625109672547,736864.0,2.4312756061553955,1.0030595064163208,0.4424598217010498,combat>support,2,0.0,0.0,-0.01677899109442175,-0.01123046875,0.0,0.006136978743597865,0.006136978743597865,0.0,0.0,0.0,0.0,0.0,0.0,1.0,0.3561631231132196,0.006136978743597865,0.0,-0.032853293407242745,-0.032853293407242745,-0.9589558052830398,0.0,-0.01918141823989572,-0.013671875,0.4598155755957123,0.0,0.0,0.0,0.0,0.0,-0.032335450465325266,-0.032335450465325266,-0.8354943064041436,0.0,-0.01671044997056015,-0.015625,0.45942563778953627,0.0,0.0,0.0,0.0,0.0,-0.030070104730839375,-0.030070104730839375,-0.7219333238899708,0.0,-0.014445105072809383,-0.015625,0.20556187133479398,0.0,0.0,0.0,0.0,0.0,0.006136978743597865,0.0,-0.022280468205281068,-0.019999999552965164,-0.0014554927562130614,-0.013424771837890148,0.14053405821323395,0.9844036102294922,0.0,2048,0.06385993212461472,0.12965916097164154,0.046484375,0.8679646253585815,1.3539117574691772,0.44616234600543975,0.0036306015274021773,10,0.00021165530197322368,0.38015825549761456,0.007472953759133816,117.62606857230783,361.0,0.008130577486008405,92108.0,6264.461687308969
0.3851413182914257,-0.0030611878843046724,0.0029119276560675145,0.029044202814111485,5443,2048,1.1245956540107727,0.37834041863679885,0.1361328125,0.010214211442507804,0.04197512437822297,0.003905780797665548,1.0,10,-0.004338195850141347,0.3519403537114461,0.033207197673618793,0.9831346869468689,0.0034202509825432157,-0.0008563575684092939,0.10776939243078232,0.04180332836695015,0.9830771684646606,0.003931517584424671,-0.029062991961836815,0.14556318521499634,0.051349615398794415,0.9730043411254883,0.00439139573892981,-0.031760089099407196,0.1638111025094986,0.00921186488121748,role_local,0.07154200561344623,0.00661788871511817,0.0002507392,0.000238424,0.00238424,256.0,1.2384771525859832,738912.0,2.3000762462615967,1.0015764236450195,0.36404597759246826,support>combat,5,0.0,0.0,-0.017567009533498396,-0.01171875,0.0,0.005623794666462345,0.005623794666462345,0.0,0.0,0.0,0.0,0.0,0.0,1.0,0.270632447762182,0.005623794666462345,0.0,-0.03418524202788831,-0.03418524202788831,-0.927964786067605,0.0,-0.018560242515377467,-0.015625,0.466838858788833,0.0,0.0,0.0,0.0,0.0,-0.03024144147275365,-0.03024144147275365,-0.8283908474259079,0.0,-0.01656956671649823,-0.013671875,0.4686199155403301,0.0,0.0,0.0,0.0,0.0,-0.035149343879311346,-0.035149343879311346,-0.878079192712903,0.0,-0.017571219368619495,-0.017578125,0.4179778969846666,0.0,0.0,0.0,0.0,0.0,0.005623794666462345,0.0,-0.023488059705414344,-0.019999999552965164,-0.0030611878843046724,-0.02007005736231804,0.14111976325511932,0.9799942374229431,0.0,2048,0.05471926927566528,0.09129681438207626,0.01611328125,0.9165464043617249,1.3523586511611938,0.39194221794605255,0.001918074514469481,10,-0.0017841799184679986,0.3801407217979431,0.00402391254901886,117.69901899041632,362.0,0.00661788871511817,92364.0,6277.979258775013
0.38024686798453333,-0.001555624371394515,0.0036243611918548692,0.04156463268445805,5035,2048,1.1235920667648316,0.32840723544359207,0.1185546875,0.009473098369198851,0.045718431915156545,0.003905284681608312,1.0,10,-0.0027328481432050467,0.35189258058865863,0.03638364337384701,0.9920096397399902,0.003340641375698494,0.005320290569216013,0.07408467680215836,0.03901398039888591,0.9896658062934875,0.0036121881237431873,-0.010295720770955086,0.10100211203098297,0.06740468414500356,0.9749840497970581,0.005071046736663342,-0.03876360133290291,0.24395722150802612,0.009436888620257378,role_local,0.053990185633301734,0.02701125144958496,0.00025060266666666664,0.00023825333333333333,0.002382533333333333,256.0,1.238160753250122,740960.0,2.6128666400909424,0.9957426190376282,0.3057154715061188,combat>support,8,0.0,0.0,-0.016302142418377723,-0.00927734375,0.0,0.0021594045574602205,0.0021594045574602205,0.0,0.0,0.0,-0.00390625,0.0,0.0,0.9775390625,0.35924970897031017,0.006065654459234793,0.0,-0.02823061357048573,-0.02823061357048573,-0.9231475810520351,0.0,-0.018464988737832755,-0.009765625,0.418158364132978,0.0,0.0,0.0,0.0,0.0,-0.03088309004306211,-0.03088309004306211,-0.8605120787397027,0.0,-0.017211215312272543,-0.013671875,0.4559942789928755,0.0,0.0,0.0,0.0,0.0,-0.022995847859419882,-0.022995847859419882,-0.6603480679914355,0.0,-0.013230223205027869,-0.009765625,0.17724870704842033,0.0,0.0,0.0,0.0,0.0,0.006065654459234793,0.0,-0.019987537856650306,-0.019999999552965164,-0.001555624371394515,-0.012135553173720837,0.148704394698143,0.9844039678573608,0.0,2004,-0.02755848504602909,0.3136460781097412,0.03741083345375955,0.6111036539077759,1.3527294397354126,0.43208650052547454,0.003343437702101426,10,-0.0003784005995839834,0.38022660215695697,0.04458561427891254,117.77216269620885,363.0,0.02701125144958496,92620.0,6291.469758531079
0.37207746095955374,-0.0013844675817381359,0.004115051119147055,0.045323918375652285,5654,2048,1.122955071926117,0.3186284385621548,0.1611328125,0.01179309220169671,0.04667182331904769,0.0042766203517414945,1.0,10,-0.0007422783346555661,0.3517124056816101,0.04459320046007633,0.9849026799201965,0.0040950940497961,-0.00011043177073588595,0.09066364914178848,0.04967749286442995,0.7774081230163574,0.004471718290303533,0.07001392543315887,0.48164355754852295,0.045711754076182845,0.9756389260292053,0.00425940509515359,0.008825707249343395,0.11528943479061127,0.038355329819023606,role_local,0.1061709314584732,0.02417986821383238,0.00025046613333333333,0.00023808266666666667,0.0023808266666666667,256.0,1.2381399989128112,743008.0,2.2106173038482666,1.0076392889022827,0.4197279214859009,combat>support,3,0.0,0.0,-0.018244847837195266,-0.009765625,0.0009765625,0.006294997777331446,0.006294997777331446,0.0,0.0,0.0,0.0,0.0,0.0,0.9638671875,0.32520795859454665,0.005806716498227615,0.00048828125,-0.031144297085120343,-0.031144297085120343,-0.8979247838724405,0.0,-0.017960703684366308,-0.013671875,0.499940911640806,0.0,0.0,0.0,0.0,0.00048828125,-0.027512181080965092,-0.027512181080965092,-0.9116115232463926,0.0,-0.018234836312331026,-0.013671875,0.5097719845698521,0.00390625,0.0,0.0,0.0,0.00048828125,-0.029769472017505905,-0.029769472017505905,-0.9261059304699302,0.0,-0.018539003514888464,-0.01171875,0.4697706394654233,0.0,0.0,0.0,0.0,0.00048828125,0.005806716498227615,0.00048828125,-0.020532739075861173,-0.019999999552965164,-0.0013844675817381359,0.02641126699745655,0.29308828711509705,0.898306131362915,0.0,1974,0.05604343116283417,0.13171301782131195,0.04397601343225688,0.8150835633277893,1.3533249258995057,0.42552648335695265,0.003953481886552615,10,-0.0020266568288207056,0.38026297092437744,0.010004406608641148,117.86031354729214,364.0,0.02417986821383238,92876.0,6304.1407038329635
0.38201526626944543,-0.0036350513575598596,0.003953676833293353,0.0456428004661575,5006,2048,1.121522843837738,0.37134428322315216,0.15771484375,0.011867461079964415,0.05951008633710444,0.00485133915049174,1.0,10,-0.003574783960357308,0.35166120529174805,0.05120516694150865,0.9895551204681396,0.004506057226020177,-0.015774879604578018,0.13945841789245605,0.05799035467207432,0.988716721534729,0.004766029948149536,-0.0017797535983845592,0.12494512647390366,0.06835513883270324,0.9644614458084106,0.005239638117833278,-0.026056744158267975,0.21503077447414398,0.01236563865095377,role_local,0.04501595310866833,0.01699454989284277,0.00025032959999999997,0.000237912,0.00237912,256.0,1.2372734129428864,745056.0,2.4356131553649902,1.0021668672561646,0.3363100588321686,combat>support,4,0.0,0.0,-0.01615333045265288,-0.01123046875,0.0,0.0038268426187642035,0.0038268426187642035,0.0,0.0,0.0,-0.001953125,0.0,0.0,0.94921875,0.3305154410772957,0.0057799676187642035,0.0,-0.03079160983179463,-0.03079160983179463,-0.7583221704699099,0.0,-0.01516661010828102,-0.015625,0.3045072556124069,0.0,0.0,0.0,0.0,0.0,-0.027990671664156253,-0.027990671664156253,-0.8135466470848769,0.0,-0.016271922151645413,-0.01171875,0.3201302139204927,0.0,0.0,0.0,0.0,0.0,-0.03264645882882178,-0.03264645882882178,-0.850830917712301,0.0,-0.01702145909803221,-0.015625,0.26550826692255214,0.0,0.0,0.0,0.0,0.0,0.0057799676187642035,0.0,-0.021900475228903815,-0.019999999552965164,-0.0036350513575598596,-0.014686699025332928,0.16638623178005219,0.982183039188385,0.0,1945,0.0178078506141901,0.21877926588058472,0.03177551459521055,0.8189342021942139,1.3530239820480348,0.3926862493157387,0.003056014516094967,10,-0.003695318754762411,0.3802390396595001,0.02162346113473177,117.92893472157441,365.0,0.01699454989284277,93132.0,6317.838804861996
0.40940437838435173,-0.0006415931566152722,0.0037713734461793185,0.042529809253755956,5467,2048,1.1215989232063293,0.3866145148873329,0.18544921875,0.012986759201157837,0.05602020509541035,0.004625076090476898,1.0,10,-0.000400264048948884,0.35165122151374817,0.04715006435289979,0.9721056222915649,0.004205052791221231,0.0025155197363346815,0.13661828637123108,0.05803411714732647,0.9823744297027588,0.004868856773020633,-0.009032745845615864,0.13614948093891144,0.0635305278468877,0.9729040861129761,0.004834059048329176,0.019485201686620712,0.1656734198331833,0.00999204944819212,role_local,0.06044694110751152,0.0354045451618731,0.00025019306666666666,0.00023774133333333332,0.0023774133333333333,256.0,1.2376660585403443,747104.0,2.4539389610290527,1.0035505294799805,0.36362239718437195,support>combat,5,0.0,0.0,-0.017712712188464746,-0.009765625,0.0,-0.0006281555261011817,-0.0006281555261011817,0.0,0.0,0.0,-0.005859375,0.0,0.0,0.9091796875,0.26575009513180703,0.005231219291999878,0.0,-0.030326990847242996,-0.030326990847242996,-0.9304023806471378,0.0,-0.01860824116738513,-0.01171875,0.24889219654141925,0.0,0.0,0.0,0.0,0.0,-0.028824929933762178,-0.028824929933762178,-0.8552204400766641,0.0,-0.017106180275732186,-0.01171875,0.39531433454249054,0.0,0.0,0.0,0.0,0.0,-0.02718933980941074,-0.02718933980941074,-0.871151989325881,0.0,-0.017423715122276917,-0.009765625,0.16628306778147817,0.0,0.0,0.0,0.0,0.0,0.005231219291999878,0.0,-0.021742355176684214,-0.019999999552965164,-0.0006415931566152722,0.004343403968960047,0.14708171784877777,0.9766122102737427,0.0,1865,-0.015716740861535072,0.38146039843559265,0.029039413412101568,0.548714280128479,1.353733193874359,0.43219424188137057,0.0029176708018817388,10,-0.0008829222642816603,0.380452036857605,0.06081704087555408,117.99699364778003,366.0,0.0354045451618731,93388.0,6331.5511429901235
0.42114694640040395,-0.0015345890889875591,0.0056133688845699916,0.06875978017342277,4917,2048,1.1213634610176086,0.3953819155693054,0.16396484375,0.011924461805028841,0.06221621653530747,0.005028495399164968,1.0,10,0.0002071774797514081,0.3516663908958435,0.0695682218298316,0.9904634356498718,0.00527295425057728,-0.016488179564476013,0.15355336666107178,0.054790522414259614,0.983943521976471,0.004647751712548359,-0.01786240190267563,0.17043158411979675,0.06275689529720693,0.9568284153938293,0.005153603549572361,-0.0038301218301057816,0.16441163420677185,0.010943283140659333,role_local,0.06482388190925122,0.026291243359446527,0.0002500565333333333,0.00023757066666666663,0.0023757066666666667,256.0,1.2384506046772004,749152.0,2.0422933101654053,1.0005524158477783,0.3746863305568695,support>combat,6,0.0,0.0,-0.015853261767915683,-0.0107421875,0.0,0.0005625447429338237,0.0005625447429338237,0.0,0.0,0.0,-0.00390625,0.0,0.0,0.744140625,0.24870537788956426,0.004468794793865527,0.0,-0.02750543289948837,-0.02750543289948837,-0.691660902230069,0.0,-0.013833558205078589,-0.013671875,0.22144854671205394,0.0,0.0,0.0,0.0,0.0,-0.028664007702900562,-0.028664007702900562,-0.7494027041830122,0.0,-0.014992132695624605,-0.013671875,0.2082922995905392,0.0,0.0,0.0,0.0,0.0,-0.03045284408290172,-0.03045284408290172,-0.9359111716039479,0.0,-0.018734094403043855,-0.01171875,0.19849768563290127,0.0,0.0,0.0,0.0,0.0,0.004468794793865527,0.0,-0.021514936364837922,-0.019999999552965164,-0.0015345890889875591,-0.011930841952562332,0.1634361743927002,0.98368239402771,0.0,1526,-0.04537016898393631,0.33761584758758545,0.07530334381153807,0.6695384979248047,1.355537748336792,0.44691197723150256,0.0061982423699750155,10,-0.0032763556577265263,0.3806173900763194,0.04163920357823372,118.06780076672516,367.0,0.026291243359446527,93644.0,6345.09997759806
0.4368251092731953,-0.0015430435625603423,0.005949506601732294,0.07984699411317706,4750,2048,1.1218024134635924,0.39349975138902665,0.1505859375,0.0109453420212958,0.059009850025177,0.004752642459479417,1.0,10,-0.0018891273241024465,0.35174760222435,0.05316114388406277,0.9876528382301331,0.004422814418827669,-0.02010403200984001,0.13495752215385437,0.05945414174348116,0.9915074110031128,0.0048051192789880124,-0.014736310578882694,0.12247773259878159,0.06499580163508653,0.9771380424499512,0.00506219113362022,-0.031343914568424225,0.21150243282318115,0.010207067616283894,role_local,0.06252042762935162,0.016107755433768033,0.00024992,0.00023739999999999997,0.0023740000000000002,256.0,1.239177292585373,751200.0,1.8331223726272583,0.9995203018188477,0.5589426755905151,combat>support,5,0.0,0.0,-0.01534169076209461,-0.0087890625,0.0,0.002450377627610578,0.002450377627610578,0.0,0.0,0.0,-0.001953125,0.0,0.0,0.83544921875,0.17695098560943734,0.004403502796776593,0.0,-0.023964124484336935,-0.023964124484336935,-0.8074683067388833,0.0,-0.01615162455709651,-0.0078125,0.2145213451331074,0.0,0.0,0.0,0.0,0.0,-0.026991060465661576,-0.026991060465661576,-0.7633789833635092,0.0,-0.015272310844011372,-0.01171875,0.26524385731318034,0.0,0.0,0.0,0.0,0.0,-0.028273011565033812,-0.028273011565033812,-0.7299013014417142,0.0,-0.014601136885175947,-0.013671875,0.13806254699011333,0.0,0.0,0.0,0.0,0.0,0.004403502796776593,0.0,-0.01919445540261222,-0.019999999552965164,-0.0015430435625603423,-0.02189268171787262,0.1600572168827057,0.9856197237968445,0.0,1712,0.03491318225860596,0.227948859333992,0.10068413820117712,0.8222426176071167,1.3565521717071534,0.48015046715736387,0.0071463707439851695,10,-0.0011969598010182381,0.38074731826782227,0.022008443251252174,118.14135666939822,368.0,0.016107755433768033,93900.0,6358.484625346959
0.37833516448736193,-0.0026084208046086134,0.005497847009858561,0.06732062001246959,5518,2048,1.1230292677879334,0.28874623477458955,0.114453125,0.008147265191655605,0.024564245576038958,0.003029928268191001,1.0,10,-0.00207115241792053,0.35197218259175617,0.02142728874459863,0.9618651270866394,0.0030319840624721817,0.03052438423037529,0.14015361666679382,0.025551337702199816,0.8262737393379211,0.003053276993658216,0.05650405213236809,0.49768251180648804,0.027150062704458834,0.9814423322677612,0.003002458103857858,-0.013282031752169132,0.1393231600522995,0.039708747528493404,role_local,0.07580378986895084,0.03486671671271324,0.00024978346666666663,0.0002372293333333333,0.0023722933333333333,256.0,1.2405011653900146,753248.0,2.159261703491211,0.9950985908508301,0.45895975828170776,support>combat,3,0.0,0.0,-0.017811140856792917,-0.01123046875,0.0009765625,0.004525864274000924,0.004525864274000924,0.0,0.0,0.0,-0.001953125,0.0,0.0,0.99755859375,0.333412264692015,0.0059907079785261885,0.00048828125,-0.03639927854237612,-0.03639927854237612,-0.9654656581114978,0.0,-0.019309434970637085,-0.017578125,0.5020970749319531,0.0,0.0,0.0,0.0,0.00048828125,-0.026797792299475987,-0.026797792299475987,-0.8759276317432523,0.0,-0.01752044759632554,-0.013671875,0.40982486847497057,0.00390625,0.0,0.0,0.0,0.00048828125,-0.027834008396894205,-0.027834008396894205,-0.8301770698744804,0.0,-0.01660354000341613,-0.01171875,0.38155832748452667,0.0,0.0,0.0,0.0,0.00048828125,0.0059907079785261885,0.00048828125,-0.02162630480961525,-0.019999999552965164,-0.0026084208046086134,0.0254672784358263,0.3088918924331665,0.9149429798126221,0.0,2044,0.014369581826031208,0.2503954768180847,0.11007699444890022,0.6617987751960754,1.3579730629920959,0.46792409420013426,0.007965765751526122,10,-0.0031456891912966965,0.3810001810391744,0.03002468589693308,118.20723181523225,369.0,0.03486671671271324,94156.0,6372.266640821006
0.35540836229920386,-0.0013608960900455714,0.0032649663714114513,0.02801334224641323,5221,2048,1.1249845504760743,0.366424971818924,0.1404296875,0.009909405774669722,0.03964626700617373,0.0039043061764639842,1.0,10,-0.0029728819150477647,0.3521713713804881,0.041792623698711395,0.9813091158866882,0.004014333645979628,0.010386657901108265,0.125752791762352,0.03147339839488268,0.9510341882705688,0.0034673332615057007,0.03524260222911835,0.19827121496200562,0.04677020693197846,0.75096595287323,0.004288795597993644,0.19590099155902863,0.8446975350379944,0.09518641233444214,role_local,0.1299054056406021,0.08393504656851292,0.0002496469333333333,0.00023705866666666665,0.002370586666666667,256.0,1.2423596680164337,755296.0,1.5596790313720703,0.995270848274231,0.6424574255943298,support>combat,5,0.0,0.0,-0.016775385237754865,-0.01171875,0.001953125,-0.00017943758894034545,-0.00017943758894034545,0.0,0.0,0.0,-0.005859375,0.0,0.0,0.9111328125,0.1764739341379027,0.0047033748346621,0.0009765625,-0.031636325547879096,-0.031636325547879096,-0.8493414483964443,0.0,-0.016987888484436553,-0.015625,0.39391400510794483,0.0,0.0,0.0,0.0,0.0009765625,-0.028719173031277023,-0.028719173031277023,-0.8987231149803847,0.0,-0.01797698599693831,-0.01171875,0.38414473192824516,0.0,0.0,0.0,0.0,0.0009765625,-0.02024409453224507,-0.02024409453224507,-0.767085345229134,0.0,-0.015361281231889734,-0.013671875,0.28950588828593027,0.0078125,0.0,0.0,0.0,0.0009765625,0.0047033748346621,0.0009765625,-0.02019475838096696,-0.019999999552965164,-0.0013608960900455714,0.07629963010549545,0.4951258897781372,0.8562842607498169,0.0,1869,-0.031896382570266724,0.40531831979751587,0.016380417486652733,0.5790131092071533,1.3597347855567932,0.3443917527794838,0.0026256265663589184,10,0.0002510897349566221,0.3810873329639435,0.0726836808025837,118.27835023232498,370.0,0.08393504656851292,94412.0,6385.750211399049
0.36960928589105607,-0.00066875871270895,0.0030173136567966954,0.029783979704370724,4701,2048,1.1261089086532592,0.32783505916595457,0.0931640625,0.00678345763735706,0.029181487450841814,0.0029942489700831715,1.0,10,-0.00320171182975173,0.3521681825319926,0.02327949956525117,0.9893963932991028,0.0027399957902664003,-0.034740909934043884,0.18925711512565613,0.024839177646208556,0.9687730669975281,0.002830978337146528,0.015397755429148674,0.1568436473608017,0.03766993256285787,0.9771438837051392,0.003334259210931112,0.02499478869140148,0.1704106330871582,0.01364639364182949,role_local,0.06968536898493767,0.016530055645853282,0.00024951039999999996,0.00023688799999999999,0.0023688800000000003,256.0,1.2427329242229461,757344.0,1.7881230115890503,0.9970008134841919,0.41120263934135437,combat>support,6,0.0,0.0,-0.015182344051936525,-0.00732421875,0.0,0.003007088167578331,0.003007088167578331,0.0,0.0,0.0,-0.001953125,0.0,0.0,0.76806640625,0.31465792856761254,0.004960213183949236,0.0,-0.02038978132441116,-0.02038978132441116,-0.5311702871695161,0.0,-0.010624156495396164,-0.009765625,0.15730188568704762,0.0,0.0,0.0,0.0,0.0,-0.02999666998948669,-0.02999666998948669,-0.9127364088781178,0.0,-0.018277920149557758,-0.01171875,0.17110087726814527,0.0,0.0,0.0,0.0,0.0,-0.022504330616357038,-0.022504330616357038,-0.8297049517277628,0.0,-0.016644955510855652,-0.005859375,0.228655716371577,0.0,0.0,0.0,0.0,0.0,0.004960213183949236,0.0,-0.017470924420194933,-0.019999999552965164,-0.00066875871270895,0.007245104294270277,0.17143294215202332,0.9840246438980103,0.0,1574,-0.0012134045828133821,0.22593346238136292,0.03038647195789963,0.8523621559143066,1.359356939792633,0.4113835126161575,0.0030403783435102192,10,0.0018641944043338299,0.38094210624694824,0.019413717649877073,118.35359814612289,371.0,0.016530055645853282,94668.0,6398.994300663006
0.44039964973926543,-0.0037172459851717576,0.005632636199183818,0.07340020296396688,5465,2048,1.125459372997284,0.4241707056760788,0.20927734375,0.014752226730342955,0.07676944835111499,0.005814429250884217,1.0,10,-0.0029052065627183767,0.35205302635828656,0.07187889587366954,0.9821794033050537,0.00559872498930084,0.026030313223600388,0.13444948196411133,0.07885028854943812,0.9618048071861267,0.005855653862574006,0.024855822324752808,0.20305278897285461,0.0791247337241657,0.9164284467697144,0.005964307425167537,0.023256128653883934,0.19618846476078033,0.015498449746519326,role_local,0.06559999510645867,0.030462723271921278,0.00024937386666666665,0.00023671733333333332,0.0023671733333333334,256.0,1.241839051246643,759392.0,2.0460216999053955,0.9971438646316528,0.3463502526283264,combat>support,7,0.0,0.0,-0.017724333321287606,-0.00830078125,0.0,-0.000987688940767839,-0.000987688940767839,0.0,0.0,0.0,-0.005859375,0.0,0.0,0.80322265625,0.27646593551980914,0.004871686241131101,0.0,-0.022388015800970607,-0.022388015800970607,-0.8264311200473458,0.0,-0.016528640953765716,-0.005859375,0.20877427887535305,0.0,0.0,0.0,0.0,0.0,-0.027268642763374373,-0.027268642763374373,-0.8750345348380506,0.0,-0.017503017908893526,-0.009765625,0.20679665167881467,0.0,0.0,0.0,0.0,0.0,-0.03086009076650953,-0.03086009076650953,-0.957039552507922,0.0,-0.01914134110120358,-0.01171875,0.1065209045264055,0.0,0.0,0.0,0.0,0.0,0.004871686241131101,0.0,-0.020376110489451094,-0.019999999552965164,-0.0037172459851717576,0.024645186960697174,0.18178869783878326,0.9624646902084351,0.0,1648,-0.04872669652104378,0.34326818585395813,0.07003095757681876,0.7616437077522278,1.3582187294960022,0.4566285938024521,0.005450843147483418,10,-0.004529285407625139,0.3808327813943227,0.045426996797323226,118.42263568988523,372.0,0.030462723271921278,94924.0,6412.557832175167
0.4265168525278568,-0.0004587467075907625,0.0031552224647948754,0.03272061648312956,5390,2048,1.1253484845161439,0.44291718304157257,0.15927734375,0.010906135977711529,0.04712620512582362,0.0041108183097960495,1.0,10,0.0012105184112442657,0.35224461555480957,0.03879878334701061,0.9638288021087646,0.0036643245631968967,-0.0017331972485408187,0.12988398969173431,0.046270139422267674,0.9841107130050659,0.00413817369131161,-0.007947338744997978,0.14526380598545074,0.05711710010655224,0.9872575402259827,0.004576153814571299,0.03301934525370598,0.11773306131362915,0.008505323622375726,role_local,0.04177348092198372,0.0175168942194432,0.0002492373333333333,0.00023654666666666666,0.002365466666666667,256.0,1.2413878560066223,761440.0,2.536764144897461,1.0026969909667969,0.3419429659843445,support>combat,3,0.0,0.0,-0.017444469881108187,-0.0087890625,0.0,0.003060558696233784,0.003060558696233784,0.0,0.0,0.0,-0.001953125,0.0,0.0,0.87255859375,0.25390821212204173,0.005013683630750165,0.0,-0.030602766877564136,-0.030602766877564136,-0.9429525067098439,0.0,-0.01888401704491116,-0.01171875,0.23750796074455138,0.0,0.0,0.0,0.0,0.0,-0.02605954840691993,-0.02605954840691993,-0.8145537783857435,0.0,-0.016293923508783337,-0.009765625,0.3879623526954674,0.0,0.0,0.0,0.0,0.0,-0.028874218798591755,-0.028874218798591755,-0.85745735373348,0.0,-0.01715546908963006,-0.01171875,0.2618104156135814,0.0,0.0,0.0,0.0,0.0,0.005013683630750165,0.0,-0.02061899496402475,-0.019999999552965164,-0.0004587467075907625,0.007715227548032999,0.13237176835536957,0.982248842716217,0.0,1788,0.014760478399693966,0.25090929865837097,0.018315027840435504,0.7559453248977661,1.3574272274971009,0.41011652201414106,0.0021996266197937013,10,-0.0021280118264257906,0.3807200292746226,0.026528464816510677,118.4895513815899,373.0,0.0175168942194432,95180.0,6426.220633985009
0.34901746511459353,-0.0019570807548006997,0.0022411057707813044,0.02000243870425038,4962,2048,1.1273855209350585,0.3136554375290871,0.09208984375,0.0070224804279860106,0.027440673625096678,0.0027089059776647328,1.0,10,-0.001904902484966442,0.35241294900576275,0.030201824940741064,0.9869741201400757,0.0028969841091977923,0.008823937736451626,0.13035522401332855,0.024983529828023165,0.9880589246749878,0.002705330873245315,-0.04508913680911064,0.14847970008850098,0.02662674286402762,0.9551059603691101,0.002537762557033779,0.022801313549280167,0.17859336733818054,0.010340062156319618,role_local,0.060012586787343024,0.021557899378240108,0.0002491008,0.000236376,0.00236376,256.0,1.2419151723384858,763488.0,2.3458549976348877,1.011338472366333,0.4074844419956207,support>combat,6,0.0,0.0,-0.01607177567469383,-0.0107421875,0.0,-0.00022348967922880547,-0.00022348967922880547,0.0,0.0,0.0,-0.00390625,0.0,0.0,0.78564453125,0.09003038165974431,0.003682760368064919,0.0,-0.03260815969406394,-0.03260815969406394,-0.8485451117157936,0.0,-0.01698316015972523,-0.015625,0.35171290673315525,0.0,0.0,0.0,0.0,0.0,-0.026579585570289055,-0.026579585570289055,-0.64536162908189,0.0,-0.012907710868603317,-0.013671875,0.3174950227548834,0.0,0.0,0.0,0.0,0.0,-0.028090080653782934,-0.028090080653782934,-0.9161312754731625,0.0,-0.018324455995752942,-0.009765625,0.1906933746940922,0.0,0.0,0.0,0.0,0.0,0.003682760368064919,0.0,-0.02187533006144804,-0.019999999552965164,-0.0019570807548006997,-0.0003060744784306735,0.15740682184696198,0.9824970960617065,0.0,1611,-0.03824023902416229,0.29455482959747314,0.012564203783404082,0.8016037344932556,1.3564448237419129,0.38437949270009997,0.0017733055638978756,10,-0.0020092590246349575,0.3806219895680745,0.0327757366001606,118.55712436413033,374.0,0.021557899378240108,95436.0,6439.832309487043
0.4637773148715496,-0.0027163388731423765,0.0023698326872380474,0.023708297827397473,4684,2048,1.1277966856956483,0.35180927962064745,0.08876953125,0.007168024727434386,0.034253484540386125,0.003028262440335361,1.0,10,-0.0021126610226929188,0.3523654143015544,0.041846641711890696,0.9943330883979797,0.0034200656394421545,-0.03007354773581028,0.11584988236427307,0.03416431242367253,0.9887095093727112,0.00301858016388471,-0.036695435643196106,0.14674054086208344,0.02871690075844526,0.9516406059265137,0.002745634842952102,-0.022592782974243164,0.19120250642299652,0.009199063759297132,role_local,0.05832467302680015,0.012990038841962814,0.0002489642666666666,0.00023620533333333334,0.0023620533333333334,256.0,1.2416979610919952,765536.0,2.4778432846069336,1.005869746208191,0.38175952434539795,combat>support,7,0.0,0.0,-0.015162855036275383,-0.009765625,0.0,0.002349759115531924,0.002349759115531924,0.0,0.0,0.0,-0.001953125,0.0,0.0,0.7392578125,0.22430882099433802,0.004302884161006659,0.0,-0.026835261269297916,-0.026835261269297916,-0.6581413049716502,0.0,-0.013163386553060263,-0.013671875,0.28532680613716366,0.0,0.0,0.0,0.0,0.0,-0.02624000620926381,-0.02624000620926381,-0.7260324796661735,0.0,-0.014521256311127217,-0.01171875,0.33719136196305044,0.0,0.0,0.0,0.0,0.0,-0.029522672164603136,-0.029522672164603136,-0.8900016664993018,0.0,-0.01780392224463867,-0.01171875,0.017989102576393634,0.0,0.0,0.0,0.0,0.0,0.004302884161006659,0.0,-0.0200620460564096,-0.019999999552965164,-0.0027163388731423765,-0.02925960347056389,0.15842901170253754,0.9849309325218201,0.0,1515,-0.015793850645422935,0.2132982462644577,0.013163111114408821,0.8869356513023376,1.3555992364883422,0.5757453501224518,0.0017114029341407336,10,-0.0033200167235918343,0.3805011709531148,0.016781013924628496,118.62788305576916,375.0,0.012990038841962814,95692.0,6453.255173070123
0.34573117569088935,-0.0036022923624841495,0.0029955089663409817,0.026578565814998,5211,2048,1.1264835596084595,0.27239507287740705,0.082421875,0.006081011396599933,0.01417683707550168,0.002381934794457219,1.0,10,-0.00423183748498559,0.35202717781066895,0.014842068497091531,0.9903509616851807,0.0023728291939121627,-0.0011034897761419415,0.09288353472948074,0.011653030617162585,0.9852288365364075,0.002310211330427081,-0.03752290830016136,0.13602524995803833,0.015777697041630744,0.7417630553245544,0.002452253431526244,0.06226646527647972,0.5513608455657959,0.04862906262278557,role_local,0.1038925938308239,0.03571839942596853,0.0002488277333333333,0.00023603466666666665,0.0023603466666666665,256.0,1.2402020871639252,767584.0,1.7598929405212402,1.0023154020309448,0.5317443609237671,support>combat,2,0.0,0.0,-0.016796836017116828,-0.009765625,0.0009765625,0.0056780107397571555,0.0056780107397571555,0.0,0.0,0.0,0.0,0.0,0.0,0.89501953125,0.2682752181426622,0.005189729416088085,0.00048828125,-0.025825400938629173,-0.025825400938629173,-0.8274028005544096,0.0,-0.016548057421459816,-0.009765625,0.37423041174770333,0.0,0.0,0.0,0.0,0.00048828125,-0.029008244902797742,-0.029008244902797742,-0.7911847876384854,0.0,-0.01582465161118307,-0.013671875,0.3221250432325178,0.0,0.0,0.0,0.0,0.00048828125,-0.02924826884554932,-0.02924826884554932,-0.9008693213108927,0.0,-0.018017799018707592,-0.015625,0.2797408044862095,0.00390625,0.0,0.0,0.0,0.00048828125,0.005189729416088085,0.00048828125,-0.01960097693154239,-0.019999999552965164,-0.0036022923624841495,0.010283251293003559,0.34611278772354126,0.9137975573539734,0.0,1833,0.0494203120470047,0.2589353024959564,0.038980294554494324,0.7572798132896423,1.353920614719391,0.41906727850437164,0.0036090831382247445,10,-0.0029727472399827095,0.38015515605608624,0.022807736229151488,118.69263402916049,376.0,0.03571839942596853,95948.0,6466.989348398987
0.3512613564729691,-0.0031027054705191404,0.0031184314217249692,0.03258975766948424,5439,2048,1.1237295508384704,0.37230435758829117,0.1861328125,0.01309871050179936,0.057412680459674445,0.004828538994512751,1.0,10,-0.003943434322718531,0.3518810073534648,0.06117813773453236,0.9774426221847534,0.005008657793566684,0.018094781786203384,0.11427418887615204,0.05888618762837723,0.9859710335731506,0.004882745457823495,-0.020849056541919708,0.1359357237815857,0.052162060234695676,0.9725595712661743,0.004591347134568191,0.000849385280162096,0.16045449674129486,0.009815202560275793,role_local,0.0369047837331891,0.012959389900788664,0.00024869119999999995,0.000235864,0.00235864,256.0,1.237367296218872,769632.0,2.1735997200012207,0.9987350702285767,0.45517560839653015,support>combat,0,0.0,0.0,-0.017552495002746582,-0.01123046875,0.0,0.0034287487887922907,0.0034287487887922907,0.0,0.0,0.0,-0.001953125,0.0,0.0,0.99365234375,0.23454409239639062,0.005381873964324768,0.0,-0.03435795546101872,-0.03435795546101872,-0.9366009884979576,0.0,-0.018732955999439582,-0.015625,0.5011349328851793,0.0,0.0,0.0,0.0,0.0,-0.029732060385867953,-0.029732060385867953,-0.8028407853562385,0.0,-0.016060185807873495,-0.013671875,0.3878606629441492,0.0,0.0,0.0,0.0,0.0,-0.031536217909888364,-0.031536217909888364,-0.893212768714875,0.0,-0.01786434320092667,-0.013671875,0.5306719420914305,0.0,0.0,0.0,0.0,0.0,0.005381873964324768,0.0,-0.02304937247754424,-0.019999999552965164,-0.0031027054705191404,0.00037819857243448496,0.13881058990955353,0.9805076718330383,0.0,2036,-0.006837044842541218,0.1738167703151703,0.007766834879294038,0.8641320466995239,1.3510050415992736,0.33021835535764693,0.0014083238489371874,10,-0.0022619766183197497,0.3799586792786916,0.016103577241301535,118.75658005289641,377.0,0.012959389900788664,96204.0,6480.752474155044
0.41678771898150446,-0.0023883271729573607,0.0029416106744923564,0.03012634180486202,5622,2048,1.123435413837433,0.43444122523069384,0.17236328125,0.01262307221768424,0.053514402359724045,0.0046894263465116605,1.0,10,-0.0025808206293731926,0.3519079287846883,0.053829860500991346,0.9626132249832153,0.004620757312680357,0.016821222379803658,0.10569784790277481,0.05740038487128914,0.9805493950843811,0.0049013297004633525,0.0043954625725746155,0.136971578001976,0.04926379672251642,0.9640002846717834,0.0045545275506031265,-0.020703433081507683,0.19251896440982819,0.01032674740999937,role_local,0.05373751726001501,0.007558509358204901,0.00024855466666666665,0.0002356933333333333,0.0023569333333333334,256.0,1.2369101107120515,771680.0,2.665868043899536,0.997202455997467,0.4052923023700714,support>combat,3,0.0,0.0,-0.018187142319220584,-0.01171875,0.0,0.006983045625020168,0.006983045625020168,0.0,0.0,0.0,0.0,0.0,0.0,1.0,0.49717427184805274,0.006983045625020168,0.0,-0.035273621084343176,-0.035273621084343176,-0.9823531331494451,0.0,-0.01964862104068743,-0.015625,0.5498456812083532,0.0,0.0,0.0,0.0,0.0,-0.03115677757523372,-0.03115677757523372,-0.8741818792186677,0.0,-0.017484902891737875,-0.013671875,0.4438782300421735,0.0,0.0,0.0,0.0,0.0,-0.03500602859276114,-0.03500602859276114,-0.8712081571575254,0.0,-0.017427903025236446,-0.017578125,0.4182284272101242,0.0,0.0,0.0,0.0,0.0,0.006983045625020168,0.0,-0.023613346464117058,-0.019999999552965164,-0.0023883271729573607,0.0008464178536087275,0.1487371325492859,0.9720657467842102,0.0,2048,0.04309151694178581,0.09772145003080368,0.00673828125,0.9214128255844116,1.35038480758667,0.3991342127323151,0.0011937950024730527,10,-0.0021958337165415287,0.3798707326253255,0.004790271306410432,118.82157987757174,378.0,0.007558509358204901,96460.0,6494.443187803961
0.3133294314146042,-0.0015566682093776762,0.002607357341430283,0.024666066642384975,5552,2048,1.1235893726348878,0.3068998768925667,0.0857421875,0.006495602500217501,0.02296494578476995,0.002468821511628838,1.0,10,-0.0017823452362790704,0.3518475592136383,0.024482875876128674,0.9813458919525146,0.002545882435634042,0.007438956759870052,0.13036398589611053,0.028200532752089204,0.9788724184036255,0.0027253494226268994,0.01417261827737093,0.14019428193569183,0.01643745247274637,0.9686547517776489,0.002146344003698608,0.013790770433843136,0.14427505433559418,0.009293047711253166,role_local,0.05968784298747778,0.008391158515587449,0.00024841813333333334,0.00023552266666666664,0.0023552266666666665,256.0,1.2365274906158448,773728.0,2.7861084938049316,0.9995524287223816,0.40217190980911255,combat>support,3,0.0,0.0,-0.017976998235099018,-0.0087890625,0.0,0.0054419379212049535,0.0054419379212049535,0.0,0.0,0.0,0.0,0.0,0.0,1.0,0.24032298602105584,0.0054419379212049535,0.0,-0.03159083349964931,-0.03159083349964931,-0.8958597439341247,0.0,-0.01791895867791027,-0.013671875,0.42071020489674993,0.0,0.0,0.0,0.0,0.0,-0.0313486507802736,-0.0313486507802736,-0.883835093351081,0.0,-0.01767677606403595,-0.013671875,0.4145814656512812,0.0,0.0,0.0,0.0,0.0,-0.026147759934247006,-0.026147759934247006,-0.9163173183333129,0.0,-0.018335259963350836,-0.0078125,0.402407377056079,0.0,0.0,0.0,0.0,0.0,0.0054419379212049535,0.0,-0.020911327577778138,-0.019999999552965164,-0.0015566682093776762,0.011805224232375622,0.1384718418121338,0.9771904945373535,0.0,2048,0.04480784386396408,0.13264232873916626,0.0263671875,0.8951282501220703,1.3494656085968018,0.3197589859366417,0.002745893171231728,10,-0.001330991182476282,0.3797546625137329,0.007489269319921732,118.88613553310591,379.0,0.008391158515587449,96716.0,6508.143245892134
0.37635780647397044,-0.0056580404285341505,0.00440672569452324,0.051987730723340064,5003,2048,1.1223174571990966,0.3188967928290367,0.11513671875,0.008650128246517851,0.040697808470577,0.0036529735405100537,1.0,10,-0.00677609727717936,0.35161181290944415,0.043397524300962685,0.9891045689582825,0.003624036371943279,0.014476765878498554,0.13733677566051483,0.03842972349375486,0.9805875420570374,0.0034643108277909278,-0.007978728972375393,0.1336839497089386,0.04041853053495288,0.975648045539856,0.0039042963857278457,-0.015476028434932232,0.2149101048707962,0.011474593728780746,role_local,0.07703039459884167,0.0357144670560956,0.0002482816,0.00023535199999999998,0.00235352,256.0,1.2352721095085144,775776.0,2.1004486083984375,1.0017154216766357,0.394453763961792,support>combat,6,0.0,-1.220703143189894e-05,-0.016171763877233996,-0.01220703125,0.0,-0.0007447525294992374,-0.0007447525294992374,0.0,0.0,0.0,-0.005859375,0.0,0.0,0.85986328125,0.27919487211329397,0.00511462235590443,0.0,-0.0298981470768922,-0.0298981470768922,-0.8113076672889292,0.0,-0.016226272335188696,-0.013671875,0.3463282402663026,0.0,0.0,0.0,0.0,0.0,-0.031137861806200817,-0.031137861806200817,-0.8708357773721218,-4.882812572759576e-05,-0.017417158946045674,-0.013671875,0.2540697438380448,0.0,0.0,0.0,0.0,0.0,-0.03049686008307617,-0.03049686008307617,-0.7422826120164245,0.0,-0.014871860350467614,-0.015625,0.24346729602257255,0.0,0.0,0.0,0.0,0.0,0.00511462235590443,0.0,-0.02306940644120914,-0.019999999552965164,-0.0056580404285341505,-0.0027848861645907164,0.1645323783159256,0.9821963906288147,0.0,1764,-0.06263521313667297,0.3821677267551422,0.06327765297610313,0.5713968873023987,1.3482267618179322,0.4338188201189041,0.005160477848536427,10,-0.00453998357988894,0.37952036658922833,0.05995434038341045,118.95244513613119,380.0,0.0357144670560956,96972.0,6521.732269666158
0.45432126745581625,-0.003884085768368095,0.004855774947607903,0.058958054332470054,4912,2048,1.1193761706352234,0.3670790418982506,0.08779296875,0.006745369776035659,0.023317257498274558,0.0028308974507013198,1.0,10,-0.0024833214934915303,0.35111908117930096,0.024473936296999454,0.9938054084777832,0.0029024425332406707,0.011232217773795128,0.10344146937131882,0.02041994882747531,0.9862804412841797,0.002700285019994822,-0.02324853092432022,0.13763810694217682,0.02523187326733023,0.9884960651397705,0.002898288866069354,-3.2295014534611255e-05,0.14043056964874268,0.007190038450062275,role_local,0.038988351449370386,0.015239739418029785,0.00024814506666666667,0.00023518133333333332,0.0023518133333333335,256.0,1.2326134204864503,777824.0,1.7184045314788818,0.9988622665405273,0.5097487568855286,combat>support,5,0.0,0.0,-0.01590760769856085,-0.0107421875,0.0,0.00241171902143833,0.00241171902143833,0.0,0.0,0.0,-0.001953125,0.0,0.0,0.83984375,0.1675781780431862,0.004364844063275086,0.0,-0.02726102786255069,-0.02726102786255069,-0.7770791593939066,0.0,-0.015542278066277504,-0.01171875,0.35784312480245717,0.0,0.0,0.0,0.0,0.0,-0.03016329680394847,-0.03016329680394847,-0.8245513644069433,0.0,-0.016491421949467622,-0.013671875,0.0787884852343268,0.0,0.0,0.0,0.0,0.0,-0.03131412262155209,-0.03131412262155209,-0.7844548905268312,0.0,-0.015689123079937417,-0.015625,0.3795848229783587,0.0,0.0,0.0,0.0,0.0,0.004364844063275086,0.0,-0.021581683144177077,-0.019999999552965164,-0.003884085768368095,-0.004390847869217396,0.12932316958904266,0.9899178743362427,0.0,1721,-0.014742342755198479,0.2457699179649353,0.09459885116666555,0.6998504400253296,1.345850670337677,0.5415634930133819,0.006880652444514486,10,-0.00528485004324466,0.3790770669778188,0.023289440385997295,119.02100754466223,381.0,0.015239739418029785,97228.0,6535.182452628156
0.39935189560055734,-0.005696660414105281,0.0042471681483067045,0.04795316572999582,5229,2048,1.1152376651763916,0.39327280819416044,0.17900390625,0.013111735408892855,0.06626709578558802,0.0052358727489642265,1.0,10,-0.0016910124104470015,0.35074089964230853,0.061575849633663894,0.9847973585128784,0.0049495088844842775,0.0028211467433720827,0.126776322722435,0.06940353936515749,0.9564415216445923,0.005347949340515334,0.0074058230966329575,0.19824284315109253,0.06806673686951399,0.9786466956138611,0.005443055732727428,-0.027036771178245544,0.19323819875717163,0.013147528190165758,role_local,0.02865392416715622,0.008759109699167312,0.0002480085333333333,0.00023501066666666666,0.0023501066666666666,256.0,1.2286421537399292,779872.0,2.1424098014831543,1.0014694929122925,0.353448748588562,combat>support,3,0.0,-1.220703143189894e-05,-0.016921449788545335,-0.0107421875,0.0,0.006001710318741971,0.006001710318741971,0.0,0.0,0.0,0.0,0.0,0.0,0.96533203125,0.3567303652962437,0.006001710318741971,0.0,-0.03541496659454424,-0.03541496659454424,-0.8918281227815896,0.0,-0.01783684198744595,-0.017578125,0.4437610615568701,0.0,0.0,0.0,0.0,0.0,-0.03182158685376635,-0.03182158685376635,-0.9050307711586356,-4.882812572759576e-05,-0.018100884051818866,-0.013671875,0.4029717450030148,0.0,0.0,0.0,0.0,0.0,-0.026545373137196293,-0.026545373137196293,-0.7413252274272963,0.0,-0.014826623326371191,-0.01171875,0.2943496955012961,0.0,0.0,0.0,0.0,0.0,0.006001710318741971,0.0,-0.021945055417745607,-0.019999999552965164,-0.005696660414105281,-0.0042892745696008205,0.17545455694198608,0.9764512181282043,0.0,1977,-0.0011413508327677846,0.09595495462417603,0.02963923567440361,0.7970508933067322,1.3420466423034667,0.4054309830069542,0.0032584635476491817,10,-0.009702308417763561,0.3785183032353719,0.004370691208168864,119.08613076434372,382.0,0.008759109699167312,97484.0,6548.806271515088
0.43502177149057386,-0.002531277743401006,0.00452708742800254,0.05289933089516126,4649,2048,1.1123144507408143,0.49029362201690674,0.15107421875,0.010527057101717219,0.04923921081935987,0.004486630449072315,1.0,10,-0.002238244155887514,0.35036736726760864,0.054153163358569144,0.9895022511482239,0.0045608158419701865,0.0010300327558070421,0.16320611536502838,0.04567918722750619,0.9903129935264587,0.004526040994233105,-0.0026732375845313072,0.1643025428056717,0.048034038627520204,0.9627106189727783,0.004401206945155956,0.023930620402097702,0.17225758731365204,0.011054707784205675,role_local,0.08242029771208763,0.030024442123249173,0.000247872,0.00023484,0.0023484,256.0,1.2253706634044648,781920.0,2.1067051887512207,0.996674656867981,0.39144814014434814,support>combat,4,0.0,0.0,-0.015004044766101288,-0.01171875,0.0,-0.0017007655951601919,-0.0017007655951601919,0.0,0.0,0.0,-0.005859375,0.0,0.0,0.939453125,0.06679954254650511,0.004158609713158512,0.0,-0.027417927816713927,-0.027417927816713927,-0.6872713604243472,0.0,-0.013746053118666168,-0.013671875,0.322918898134958,0.0,0.0,0.0,0.0,0.0,-0.026730978546765982,-0.026730978546765982,-0.6528182643232867,0.0,-0.013059103697742103,-0.013671875,0.2251575700356625,0.0,0.0,0.0,0.0,0.0,-0.031878852532827295,-0.031878852532827295,-0.9103057105094194,0.0,-0.018206977481895592,-0.013671875,0.27330084070854355,0.0,0.0,0.0,0.0,0.0,0.004158609713158512,0.0,-0.02193213168720831,-0.019999999552965164,-0.002531277743401006,0.00923254992812872,0.16768793761730194,0.9862550497055054,0.0,1927,-0.07530529052019119,0.3285924196243286,0.05655945097096264,0.7755584716796875,1.3384268760681153,0.37974992096424104,0.004567544406932763,10,-0.0028243113309144975,0.3781926433245341,0.04899417646229267,119.15477846505836,383.0,0.030024442123249173,97740.0,6562.221088173101
0.3715373694896698,-0.00034254880883963776,0.002722267485164137,0.02184352275216952,5065,2048,1.1094114780426025,0.32644580751657487,0.1125,0.007906235824339091,0.02845006948336959,0.0030519081887946053,1.0,10,0.000946594963897951,0.3501299321651459,0.022633462049998342,0.9880281686782837,0.002664870980495437,0.03246423602104187,0.12653963267803192,0.029397833300754427,0.9862406253814697,0.0031480320514917113,-0.022935926914215088,0.15374721586704254,0.03321184208616614,0.960719108581543,0.0033395534758130173,0.0277874618768692,0.20750288665294647,0.011935754679143429,role_local,0.04496216811239719,0.02028019754216075,0.00024773546666666664,0.00023466933333333333,0.0023466933333333335,256.0,1.2229134619235993,783968.0,2.0759658813476562,1.000586986541748,0.3972402811050415,support>combat,5,0.0,0.0,-0.01636533372705647,-0.009765625,0.0,0.003210101651347941,0.003210101651347941,0.0,0.0,0.0,-0.001953125,0.0,0.0,0.96044921875,0.2202382874165778,0.005163226578588365,0.0,-0.026413761472213082,-0.026413761472213082,-0.8323831257876009,0.0,-0.016648136763251387,-0.009765625,0.2682364515203517,0.0,0.0,0.0,0.0,0.0,-0.030947211336751934,-0.030947211336751934,-0.766090850578621,0.0,-0.015322211525926832,-0.015625,0.38145290498505346,0.0,0.0,0.0,0.0,0.0,-0.028844402768299915,-0.028844402768299915,-0.8562663495540619,0.0,-0.017125652891991194,-0.01171875,0.23287842181161977,0.0,0.0,0.0,0.0,0.0,0.005163226578588365,0.0,-0.020748819257278228,-0.019999999552965164,-0.00034254880883963776,0.013527163304388523,0.16866415739059448,0.9799516201019287,0.0,1968,0.01853218674659729,0.24422980844974518,0.015236976020969451,0.8553472757339478,1.336415445804596,0.41662893146276475,0.0023926267815336686,10,-0.0016316925815772266,0.377935270468394,0.02862464040517807,119.22341912521043,384.0,0.02028019754216075,97996.0,6575.620844900142
0.4198375232517719,-0.003948074096115306,0.003672341160297861,0.04219195798941655,4656,2048,1.107935905456543,0.36598785370588305,0.12197265625,0.009660491815884598,0.04739483288431075,0.004072372975128816,1.0,10,-0.0034067280241288243,0.3500298261642456,0.050523881986737254,0.9829762578010559,0.004237683868761932,-0.02170523628592491,0.17260198295116425,0.054143767803907394,0.9741157293319702,0.0045089033084982025,-0.017983535304665565,0.23888666927814484,0.03926984876161441,0.9706689119338989,0.003582078740119732,-0.010533394291996956,0.1843980997800827,0.014481323678046465,role_local,0.043925586901605126,0.009904292598366737,0.00024759893333333333,0.00023449866666666667,0.0023449866666666666,256.0,1.2211872398853303,786016.0,3.628786087036133,0.993133544921875,0.3889223337173462,combat>support,7,0.0,-2.441406286379788e-05,-0.015041054576310367,-0.00830078125,0.0,0.0040636917801748496,0.0040636917801748496,0.0,-4.882812572759576e-05,0.0,0.0,0.0,0.0,0.8209635450039059,0.1381109644426033,0.004112519904083456,0.0,-0.028860485130280722,-0.028860485130280722,-0.7586919006425887,0.0,-0.015188610450422857,-0.013671875,0.060208401730051264,0.0,0.0,0.0,0.0,0.0,-0.020968289481970714,-0.020968289481970714,-0.6576627064496279,0.0,-0.013155789567463216,-0.0078125,0.2090088544500759,0.0,0.0,0.0,0.0,0.0,-0.02854634142568102,-0.02854634142568102,-0.8389335200190544,-4.882812572759576e-05,-0.01677876371104503,-0.01171875,-0.0241218056762591,0.0,0.0,0.0,0.0,0.0,0.004112519904083456,0.0,-0.01857785671018064,-0.019999999552965164,-0.003948074096115306,-0.016469493508338928,0.19844040274620056,0.9768310189247131,0.0,1792,0.024028761312365532,0.12361373752355576,0.036989083094522354,0.9268569946289062,1.3344385743141174,0.4736871927976608,0.003272309345466906,10,-0.004489420168101788,0.3776937226454417,0.00532726151868701,119.29610607149213,385.0,0.009904292598366737,98252.0,6588.781695262995
0.44665626287460325,-0.0009616293420549483,0.0033544088305547557,0.038501543627353384,4265,2048,1.1076372027397157,0.32859131693840027,0.05556640625,0.00454512498981785,0.017184053256642073,0.0020861658625099143,1.0,10,-0.0014199505792930722,0.35003084937731427,0.013052595150656997,0.9902995824813843,0.0018481590853503815,0.029351409524679184,0.12229368090629578,0.017104400449898093,0.9774426221847534,0.0020894915666529986,-0.03240908682346344,0.25717103481292725,0.02089509814977646,0.8439724445343018,0.0022952442942310693,0.09973139315843582,0.5270078182220459,0.045284371823072433,role_local,0.09750872775912285,0.04269363470375538,0.00024746239999999997,0.000234328,0.00234328,256.0,1.2201958656311036,788064.0,3.061649799346924,0.9978358149528503,0.3657051622867584,combat>support,10,0.0,-3.662109429569682e-05,-0.013742442113652942,-0.0068359375,0.0009765625,-0.0014614890174016182,-0.0014614890174016182,0.0,-9.765625145519152e-05,0.0,-0.00390625,0.0,0.0,0.58251953125,-0.04599031893303618,0.0020541361702726135,0.00048828125,-0.017970716275158338,-0.017970716275158338,-0.7275959050748497,0.0,-0.014552747634297702,-0.00390625,-0.048527286417083815,0.0,0.0,0.0,0.0,0.00048828125,-0.021705131464841543,-0.021705131464841543,-0.5237286587944254,0.0,-0.010474663007698837,-0.01171875,0.09484849620542946,0.0,0.0,0.0,0.0,0.00048828125,-0.01966671358241001,-0.01966671358241001,-0.8093453592155129,-4.882812572759576e-05,-0.016199915698962286,-0.0078125,0.09830274555133656,0.00390625,0.0,0.0,0.0,0.00048828125,0.0020541361702726135,0.00048828125,-0.015201012643956346,-0.019999999552965164,-0.0009616293420549483,0.04126135632395744,0.3665468692779541,0.9417856931686401,0.0,1615,-0.004469835665076971,0.33439117670059204,0.059819033998064694,0.7685010433197021,1.3327545285224915,0.5647212088108062,0.004622651798599597,10,-0.0005033081048168242,0.3775959610939026,0.04010289758443832,119.37803908608386,386.0,0.04269363470375538,98508.0,6601.415185180958
0.36645187959074976,-0.005762195787974633,0.004340595241022887,0.05255448090028949,5477,2048,1.1076614022254945,0.31056457161903384,0.1640625,0.011909579334314913,0.054545947816222906,0.004550002855676591,1.0,10,-0.0021049271803349257,0.35002876321474713,0.04875689006876201,0.9461655020713806,0.004215300057745208,0.041779641062021255,0.16615085303783417,0.056719009659718725,0.6206064224243164,0.004670199003876063,0.16058917343616486,0.8135330677032471,0.05898980578640476,0.9546477794647217,0.0048148138774704585,0.014992769807577133,0.2639181613922119,0.10705835297703743,role_local,0.1801067367196083,0.0577775708399713,0.00024732586666666666,0.00023415733333333332,0.0023415733333333336,256.0,1.220214742422104,790112.0,1.804424524307251,1.0005137920379639,0.4826480746269226,combat>support,5,0.0,-2.441406286379788e-05,-0.017643504738468135,-0.0078125,0.001953125,0.005345043718079978,0.005345043718079978,0.0,-4.882812572759576e-05,0.0,0.0,0.0,0.0,0.8362630293704569,0.17870954562386032,0.004417309321979701,0.0009765625,-0.028038862474204507,-0.028038862474204507,-0.962484328309074,0.0,-0.01924980024341494,-0.009765625,0.2901859775884077,0.0,0.0,0.0,0.0,0.0009765625,-0.016695870832336368,-0.016695870832336368,-0.8810255270218477,-4.882812572759576e-05,-0.017623604762775358,-0.0078125,0.26648626118549146,0.0078125,0.0,0.0,0.0,0.0009765625,-0.02875242169466219,-0.02875242169466219,-0.8027289242018014,0.0,-0.016057109209214104,-0.013671875,0.3841118023265153,0.0,0.0,0.0,0.0,0.0009765625,0.004417309321979701,0.0009765625,-0.017035528617270757,-0.019999999552965164,-0.005762195787974633,0.07349315285682678,0.5068453550338745,0.8012194037437439,0.0,1786,0.044716838747262955,0.13983836770057678,0.05056301398435607,0.8247634172439575,1.3327680826187134,0.4223391875624657,0.004131187626369183,10,-0.00941946439561434,0.3776499430338542,0.008496788702905178,119.43910854815707,387.0,0.0577775708399713,98764.0,6615.186680512037
0.45581495836377145,-0.0025140488112811,0.003689075849794531,0.04210172183229588,5203,2048,1.1079061627388,0.41985922306776047,0.15146484375,0.01122916984022595,0.05223158778389916,0.0043435244015163285,1.0,10,-0.002723470632918179,0.35013648867607117,0.05663197450339794,0.9356530904769897,0.0045418619190181805,0.029101766645908356,0.2174936830997467,0.05083797303959727,0.9503629803657532,0.004303076230104438,0.003933303523808718,0.2605908215045929,0.04838672454934567,0.9660382866859436,0.004145609097617175,-0.006588289979845285,0.242456316947937,0.02715231142938137,role_local,0.1695303052663803,0.01771096857264638,0.0002471893333333333,0.00023398666666666666,0.0023398666666666667,256.0,1.2205838143825531,792160.0,3.132204294204712,0.9999848008155823,0.30858126282691956,support>combat,3,0.0,-1.220703143189894e-05,-0.016749023600520257,-0.01025390625,0.0,0.005767113661022449,0.005767113661022449,0.0,-4.882812572759576e-05,0.0,0.0,0.0,0.0,0.99560546875,0.30558665838907473,0.005815941783112066,0.0,-0.03417278733832063,-0.03417278733832063,-0.9273881169501692,0.0,-0.018547787458373932,-0.015625,0.5391148661146872,0.0,0.0,0.0,0.0,0.0,-0.03016802019556053,-0.03016802019556053,-0.8247820669785142,0.0,-0.01649614553025458,-0.013671875,0.4575469056144357,0.0,0.0,0.0,0.0,0.0,-0.026921887561911717,-0.026921887561911717,-0.7600910949986428,0.0,-0.015203137812932255,-0.01171875,0.40664158412255347,0.0,0.0,0.0,0.0,0.0,0.005815941783112066,0.0,-0.021373896131990477,-0.019999999552965164,-0.0025140488112811,0.010014550760388374,0.24038870632648468,0.9562642574310303,0.0,2039,0.05558730289340019,0.1374446153640747,0.0319718558806926,0.8822482824325562,1.3332614660263062,0.49177069365978243,0.003034627298072734,10,-0.002304626989644021,0.37771518031756085,0.008269625715911388,119.50403353595529,388.0,0.01771096857264638,99020.0,6628.730232454138
0.39635825976729394,-0.0009402322117239237,0.0024257131158789717,0.02050366017356282,4734,2048,1.1091193199157714,0.32397640496492386,0.11279296875,0.0082137607911136,0.03392726827587467,0.003536440086643905,1.0,10,-0.002005576016381383,0.3502573569615682,0.025560964737087487,0.9914186000823975,0.0031235161974411335,0.02066238597035408,0.12381815165281296,0.032428195653483274,0.9816089272499084,0.0034503683510311634,0.03202173486351967,0.17594948410987854,0.04339323212625459,0.9718238115310669,0.004017276788758109,0.016734695062041283,0.2127392292022705,0.011624014191329479,role_local,0.08790039792656898,0.03112199017778039,0.0002470528,0.00023381599999999997,0.0023381599999999997,256.0,1.2215657353401184,794208.0,2.0746912956237793,1.0062005519866943,0.46617186069488525,combat>support,8,0.0,0.0,-0.015336096832470503,-0.01025390625,0.0,-0.0014698142622364685,-0.0014698142622364685,0.0,0.0,0.0,-0.005859375,0.0,0.0,0.75732421875,0.22671067615738139,0.004389560953313776,0.0,-0.02656533617846435,-0.02656533617846435,-0.7422988121397793,0.0,-0.014846586440398823,-0.01171875,0.3864009237731807,0.0,0.0,0.0,0.0,0.0,-0.029290955506439786,-0.029290955506439786,-0.7809476000256836,0.0,-0.015619080550095532,-0.013671875,0.3789914404042065,0.0,0.0,0.0,0.0,0.0,-0.02530824815039523,-0.02530824815039523,-0.7751925254706293,0.0,-0.015542623506917153,-0.009765625,0.08709651638491778,0.0,0.0,0.0,0.0,0.0,0.004389560953313776,0.0,-0.020658589819504414,-0.019999999552965164,-0.0009402322117239237,0.023194167762994766,0.17547118663787842,0.98185133934021,0.0,1554,-0.0657707154750824,0.369168758392334,0.0070800520712509755,0.662497341632843,1.3340121507644653,0.468740114569664,0.0013149861451140388,10,0.00012511159293353557,0.37790826956431073,0.0506199661642313,119.57194319525765,389.0,0.03112199017778039,99276.0,6642.093276874162
0.40854406729340553,-0.0024644396966323257,0.0032661922928210714,0.03632048541912809,4899,2048,1.1099431276321412,0.4128823295235634,0.1439453125,0.01046285554766655,0.05270718671381473,0.0045070069579641265,1.0,10,-0.001850631181150675,0.35033781329790753,0.05665786247700453,0.972461462020874,0.004741020639298306,-0.02723635919392109,0.22600384056568146,0.05640050657093525,0.9820683002471924,0.004731888317363075,-0.02149103954434395,0.18458852171897888,0.04661815138533711,0.801964282989502,0.004141622113552112,0.03020302765071392,0.4955607056617737,0.04690944254398346,role_local,0.06357276998460293,0.038760222122073175,0.00024691626666666663,0.0002336453333333333,0.002336453333333333,256.0,1.2223691880702972,796256.0,2.534940242767334,1.0011591911315918,0.4256236255168915,support>combat,3,0.0,0.0,-0.015798264203719253,-0.01171875,0.0009765625,0.003319460298826016,0.003319460298826016,0.0,0.0,0.0,-0.001953125,0.0,0.0,0.78857421875,0.27166785595181864,0.004784303990618355,0.00048828125,-0.030232409997552168,-0.030232409997552168,-0.7546440695878118,0.0,-0.015095691633177921,-0.015625,0.13296147556320648,0.0,0.0,0.0,0.0,0.00048828125,-0.027209977295569843,-0.027209977295569843,-0.7013130406849086,0.0,-0.014026383640157292,-0.013671875,0.26278867421206087,0.0,0.0,0.0,0.0,0.00048828125,-0.02950318688817788,-0.02950318688817788,-0.9128953330218792,0.0,-0.01827271733782254,-0.015625,0.04968424516846426,0.00390625,0.0,0.0,0.0,0.00048828125,0.004784303990618355,0.00048828125,-0.020906529502099147,-0.019999999552965164,-0.0024644396966323257,-0.003338631708174944,0.3491534888744354,0.9299431443214417,0.0,1616,0.02061634324491024,0.2821388244628906,0.019933784124441446,0.6644691228866577,1.3347952485084533,0.40420580506324766,0.0020253776276780155,10,-0.0030782482121139766,0.37776267528533936,0.03061100170016289,119.65894566532145,390.0,0.038760222122073175,99532.0,6654.379207276972
0.4896832749247551,0.00014289653627201914,0.00552746351528324,0.07261583996005357,5173,2048,1.1107738137245178,0.35749377906322477,0.15009765625,0.010864338354440405,0.04859118508175016,0.0042402006862525985,1.0,10,-0.001685997098684311,0.35052252809206647,0.04332991312257946,0.9840399622917175,0.003955378095409423,-0.008300096727907658,0.1735386699438095,0.05629973597824574,0.9712366461753845,0.004649393504032084,0.01056056097149849,0.16661588847637177,0.045328791998326776,0.9549740552902222,0.004072344616368606,0.01155763864517212,0.2364826649427414,0.016524151526391508,role_local,0.05446602292358875,0.013408236554823816,0.0002467797333333333,0.00023347466666666665,0.0023347466666666667,256.0,1.2219983696937562,798304.0,1.8282520771026611,1.0012338161468506,0.4561028480529785,combat>support,5,0.0,0.0,-0.016695653544350837,-0.009765625,0.0,0.005599378456281556,0.005599378456281556,0.0,0.0,0.0,0.0,0.0,0.0,0.9619140625,0.2919537054403918,0.005599378456281556,0.0,-0.027085072608315386,-0.027085072608315386,-0.7683161566965282,0.0,-0.015366322644695174,-0.01171875,0.43047099956311285,0.0,0.0,0.0,0.0,0.0,-0.031274978020519484,-0.031274978020519484,-0.8799951982218772,0.0,-0.017603103166038636,-0.013671875,0.4921887606033124,0.0,0.0,0.0,0.0,0.0,-0.030789409698627423,-0.030789409698627423,-0.8558161852415651,0.0,-0.017117534822318703,-0.013671875,0.43372714321594685,0.0,0.0,0.0,0.0,0.0,0.005599378456281556,0.0,-0.020887521299300715,-0.019999999552965164,0.00014289653627201914,0.005114972125738859,0.1954050064086914,0.9721711277961731,0.0,1970,0.039020929485559464,0.1523778885602951,0.09664049483835697,0.8844994902610779,1.3332229256629944,0.6218727707862854,0.006814726344313881,10,0.0019717901712283494,0.3775917987028758,0.010292321583256126,119.72511181577104,391.0,0.013408236554823816,99788.0,6667.807512499159
0.41567349135875703,-0.0013412720320047811,0.006554385173786802,0.08278995365835726,4473,1696,1.1126351952552795,0.31168305575847627,0.10063244067132474,0.007307961565675214,0.020791169721633196,0.002695135363477738,1.0,10,-0.0030115403584204613,0.35066962242126465,0.021015318389981986,0.975488543510437,0.002649481552968702,0.0109035549685359,0.16219615936279297,0.023839138355106114,0.9726854562759399,0.002798350340259054,0.0054032765328884125,0.1439410150051117,0.017117778328247367,0.971712589263916,0.002629534892289598,-0.03369007632136345,0.1945706009864807,0.0117979871109128,role_local,0.03749853000044823,0.02194916717708111,0.0002466666666666666,0.00023333333333333333,0.0023333333333333335,212.0,1.2225879549980163,800000.0,2.2244224548339844,1.0078681707382202,0.43185171484947205,support>combat,4,0.0,0.0,-0.017472216423085465,-0.012382075471698114,0.0,0.00364623885746729,0.00364623885746729,0.0,0.0,0.0,-0.0023584905660377358,0.0,0.0,0.9923349056603774,0.3392316412250951,0.006004729482810944,0.0,-0.034519608984789195,-0.034519608984789195,-0.9005088553113757,0.0,-0.018010175365181465,-0.01650943396226415,0.48426016708308794,0.0,0.0,0.0,0.0,0.0,-0.03244868680869915,-0.03244868680869915,-0.9148749450467667,0.0,-0.01829774384298977,-0.014150943396226415,0.4823702472560811,0.0,0.0,0.0,0.0,0.0,-0.032618163707051076,-0.032618163707051076,-0.805420808915822,0.0,-0.016108730061085156,-0.01650943396226415,0.3895392481167361,0.0,0.0,0.0,0.0,0.0,0.006004729482810944,0.0,-0.023985056672245264,-0.019999999552965164,-0.0013412720320047811,-0.004752707667648792,0.1682107001543045,0.9738401770591736,0.0,1684,0.0024300182703882456,0.2527413070201874,0.14478873759508132,0.73243647813797,1.332540714740753,0.5196639269590377,0.010413634984095865,10,0.00032899629441089927,0.3776213924090068,0.032100347243249415,119.7737935734118,392.0,0.02194916717708111,100000.0,6679.257424619049
0.4276420116424561,-0.001572543359361589,0.003202748124926558,0.031357217021286486,5169,2048,1.1138539433479309,0.3826944977045059,0.09560546875,0.0071218348864931615,0.028462463710457086,0.0027852566313293025,1.0,10,-0.00216916031204164,0.3509256939093272,0.03225659681484103,0.9801939725875854,0.002990659855282635,0.032454684376716614,0.14554385840892792,0.02202535616233945,0.9814999103546143,0.002460215516569805,0.0002401132951490581,0.16649430990219116,0.030679806601256132,0.9531466960906982,0.0028823997694140124,-0.015734460204839706,0.254548579454422,0.015697029046714307,role_local,0.042663530260324475,0.02035868735983968,0.0002465301333333333,0.00023316266666666667,0.0023316266666666666,256.0,1.223242425918579,802048.0,2.547503709793091,0.9950889348983765,0.37011563777923584,combat>support,1,0.0,0.0,-0.016672221869763842,-0.0107421875,0.0,0.0037238100903778104,0.0037238100903778104,0.0,0.0,0.0,-0.001953125,0.0,0.0,0.97705078125,0.2947886638867203,0.005676935103110736,0.0,-0.031412933851243,-0.031412933851243,-0.8869043840095401,0.0,-0.017741059215040877,-0.013671875,0.49584027676610276,0.0,0.0,0.0,0.0,0.0,-0.03178579766608891,-0.03178579766608891,-0.8079629477579147,0.0,-0.016160798117198283,-0.015625,0.38584100833395496,0.0,0.0,0.0,0.0,0.0,-0.02783355816063704,-0.02783355816063704,-0.8057245605159551,0.0,-0.01611480827705236,-0.01171875,0.325237192606437,0.0,0.0,0.0,0.0,0.0,0.005676935103110736,0.0,-0.021827120915986598,-0.019999999552965164,-0.001572543359361589,0.0064966073259711266,0.19443750381469727,0.9720113277435303,0.0,2002,0.022963598370552063,0.2330501824617386,0.03425197033211589,0.8392820358276367,1.3326309084892274,0.4725895255804062,0.003620239618523813,10,-0.0009759264066815376,0.3775363365809123,0.02502034567296505,117.42405223320985,393.0,0.02035868735983968,100256.0,6830.355321132112
0.4149706862866879,0.004125633122748695,0.0041262216832320744,0.04430383428116329,5144,2048,1.116046667098999,0.3808434844017029,0.13388671875,0.009222794481320306,0.03543605546001345,0.00360171887138106,1.0,10,-0.0019251530466135591,0.35105786720911664,0.035324013710487635,0.9847014546394348,0.003566097118474168,-0.011706558987498283,0.15496593713760376,0.03516714468132705,0.9862678050994873,0.0035690999321209725,-0.0037774688098579645,0.12937010824680328,0.03577443342655897,0.9637631773948669,0.003662813759978478,-0.009577831253409386,0.18192949891090393,0.010750878229737281,role_local,0.03516382034868002,0.016081093158572913,0.00024639359999999996,0.000232992,0.00232992,256.0,1.22398322224617,804096.0,1.998259425163269,1.0029270648956299,0.4584251344203949,combat>support,6,0.0,-1.220703143189894e-05,-0.016653219744815335,-0.01123046875,0.0,0.003580685970518971,0.003580685970518971,0.0,-4.882812572759576e-05,0.0,-0.001953125,0.0,0.0,0.9462890625,0.2995804718666477,0.005582639047133853,0.0,-0.03134388804755872,-0.03134388804755872,-0.7859399865847081,0.0,-0.015718888316769153,-0.015625,0.4354457445733715,0.0,0.0,0.0,0.0,0.0,-0.028149326957645826,-0.028149326957645826,-0.8214874716941267,0.0,-0.016430577270512003,-0.01171875,0.4492369642248377,0.0,0.0,0.0,0.0,0.0,-0.03343519322515931,-0.03343519322515931,-0.8905097681563348,0.0,-0.01781019364716485,-0.015625,0.3204133895924315,0.0,0.0,0.0,0.0,0.0,0.005582639047133853,0.0,-0.022336931917379843,-0.019999999552965164,0.004125633122748695,-0.008341050706803799,0.15770745277404785,0.9798504114151001,0.0,1939,0.020290818065404892,0.22134874761104584,0.05317161310231313,0.7855571508407593,1.331919777393341,0.44909788817167284,0.004650724495083089,10,0.010176419292110949,0.3774965504805247,0.021411308087408543,117.49059632030597,394.0,0.016081093158572913,100512.0,6843.917940529063
0.33670047521591184,-0.0017077942524338142,0.003711652357953282,0.038970900504500604,5284,2048,1.1163909673690795,0.28777510970830916,0.10927734375,0.008554344202275388,0.035149599105352536,0.003337715179403622,1.0,10,-0.0020057014306075873,0.35106009244918823,0.031068818736821414,0.9751485586166382,0.0031684851843885808,-0.014055119827389717,0.13796673715114594,0.03078523147851229,0.9811835289001465,0.003045128764302479,-0.011056200601160526,0.12386710196733475,0.04504920715698972,0.973792314529419,0.0038765219317323796,-0.053354013711214066,0.20986245572566986,0.011908036936074496,role_local,0.050036550499498844,0.017345377942547202,0.00024625706666666665,0.00023282133333333332,0.002328213333333333,256.0,1.2239392459392548,806144.0,1.676300287246704,0.9945935606956482,0.5803330540657043,support>combat,4,0.0,0.0,-0.017068021773108438,-0.01318359375,0.0,0.003933411804609932,0.003933411804609932,0.0,0.0,0.0,-0.001953125,0.0,0.0,0.9716796875,0.33330301453679567,0.005886536831894773,0.0,-0.03576307271578116,-0.03576307271578116,-0.9091664785519242,0.0,-0.018184948130510747,-0.017578125,0.4374389767763205,0.0,0.0,0.0,0.0,0.0,-0.03330943290347932,-0.03330943290347932,-0.884076502872631,0.0,-0.017684433471004013,-0.015625,0.40634977153968066,0.0,0.0,0.0,0.0,0.0,-0.03291280829580501,-0.03291280829580501,-0.7666960196802393,0.0,-0.015334683717810549,-0.017578125,0.2822389581378957,0.0,0.0,0.0,0.0,0.0,0.005886536831894773,0.0,-0.024512976702681044,-0.019999999552965164,-0.0017077942524338142,-0.024799523875117302,0.16001950204372406,0.9769929051399231,0.0,1991,0.020850438624620438,0.21666699647903442,0.04279220190364867,0.7862821817398071,1.33148752450943,0.3856258407235146,0.0040855895365029425,10,-0.0014098870742600411,0.37745662530263263,0.022782718949019908,117.55707819012642,395.0,0.017345377942547202,100768.0,6857.468834809028
0.49037747755646705,-0.0029481612145900726,0.006306612451626439,0.0850552374307881,5371,2048,1.116472339630127,0.5864030301570893,0.24072265625,0.01960070732748136,0.10223938111157622,0.007392081801736235,1.0,10,-0.0013216610997915268,0.351097176472346,0.09581997124478221,0.9823681712150574,0.0070252668911537,-0.010559824295341969,0.14442719519138336,0.10384905458195134,0.9777691960334778,0.007438326455666083,-0.01786770299077034,0.14336559176445007,0.10705158207565546,0.9653899669647217,0.007714813787302768,0.0037479745224118233,0.18995705246925354,0.011874677054584027,role_local,0.04157424084842205,0.006764565216144547,0.0002461205333333333,0.00023265066666666666,0.0023265066666666666,256.0,1.2236399114131928,808192.0,1.9965426921844482,0.99721360206604,0.44523730874061584,support>combat,8,0.0,0.0,-0.017350108982403373,-0.0107421875,0.0,0.006404890874364355,0.006404890874364355,0.0,0.0,0.0,0.0,0.0,0.0,1.0,0.40081514484791114,0.006404890874364355,0.0,-0.031011460872832686,-0.031011460872832686,-0.8669384329114109,0.0,-0.01733958606928354,-0.013671875,0.4604278072656598,0.0,0.0,0.0,0.0,0.0,-0.03526473236706806,-0.03526473236706806,-0.8842818147968501,0.0,-0.01768660777452169,-0.017578125,0.42970011933357455,0.0,0.0,0.0,0.0,0.0,-0.028742882666847436,-0.028742882666847436,-0.8512067256961018,0.0,-0.017024133103404893,-0.01171875,0.36730106169125065,0.0,0.0,0.0,0.0,0.0,0.006404890874364355,0.0,-0.02215354780855705,-0.019999999552965164,-0.0029481612145900726,-0.008353186771273613,0.16070914268493652,0.9754536151885986,0.0,2048,0.026751408353447914,0.054823193699121475,0.06787109375,0.9814634323120117,1.3308074831962586,0.39435192495584487,0.005221143101516645,10,-0.004574661329388619,0.377293864885966,0.0016544533777050675,117.62237283027346,396.0,0.006764565216144547,101024.0,6871.07376388507
0.453483447432518,-0.0018966353323776274,0.006089450401789537,0.07992389886640013,4765,2048,1.1166350960731506,0.4262350231409073,0.18037109375,0.013856967928586528,0.07777409260161221,0.006020629243246489,1.0,10,4.6792812645435335e-05,0.35104233026504517,0.08286824466194957,0.9921801090240479,0.006366338646494973,-0.005423734430223703,0.10823258757591248,0.08100878312252462,0.9882997870445251,0.006063941385701699,0.00032739341259002686,0.12641149759292603,0.0686899512540549,0.963050127029419,0.005603602139747999,-0.06801840662956238,0.27790772914886475,0.01394355297088623,role_local,0.06048136577010155,0.02801632508635521,0.000245984,0.00023248,0.0023248,256.0,1.2229910612106323,810240.0,2.7076785564422607,1.0035383701324463,0.37114906311035156,support>combat,4,0.0,0.0,-0.015395113582295986,-0.01220703125,0.0,0.00192993477685377,0.00192993477685377,0.0,0.0,0.0,-0.00390625,0.0,0.0,0.8876953125,0.3809005758375861,0.005836184700456215,0.0,-0.026970599423293606,-0.026970599423293606,-0.7624539139214903,0.0,-0.015251849818014307,-0.01171875,0.3068929616565583,0.0,0.0,0.0,0.0,0.0,-0.030145474771416048,-0.030145474771416048,-0.823607090394944,0.0,-0.016473600138851907,-0.013671875,0.34143806027714163,0.0,0.0,0.0,0.0,0.0,-0.03399114047715557,-0.03399114047715557,-0.7222360183950514,0.0,-0.014459890790021745,-0.01953125,0.12278702310140943,0.0,0.0,0.0,0.0,0.0,0.005836184700456215,0.0,-0.02229432103013096,-0.019999999552965164,-0.0018966353323776274,-0.02305498532950878,0.18644729256629944,0.9801610708236694,0.0,1820,-0.010228150524199009,0.3143030107021332,0.08207370513118803,0.702670693397522,1.329347026348114,0.48073187172412873,0.006158271560332584,10,-0.0038400634774006905,0.377186119556427,0.04208909720182419,117.6930266182679,397.0,0.02801632508635521,101280.0,6884.350103663979
0.3556600771844387,-0.001191516393009806,0.002070106095619548,0.015979520449764095,5147,2048,1.1165523409843445,0.29413135051727296,0.0646484375,0.005164394649909809,0.016993942827684804,0.0021037881992302223,1.0,10,-0.00178386361367302,0.35119955738385517,0.017958841507788748,0.9838506579399109,0.0021434353685864356,0.015547924675047398,0.11986725777387619,0.016469569504261018,0.9829438924789429,0.0020843081975008616,-0.0028924630023539066,0.13968385756015778,0.016351281304378063,0.9812996983528137,0.0020749821304791973,-0.024050891399383545,0.2012593150138855,0.010047797486186028,role_local,0.05326448511332273,0.01673619616776705,0.0002458474666666667,0.0002323093333333333,0.002323093333333333,256.0,1.2226778507232665,812288.0,2.166426658630371,0.9977997541427612,0.3873550593852997,combat>support,3,0.0,0.0,-0.016642011110282812,-0.01171875,0.0,0.004127879728912376,0.004127879728912376,0.0,0.0,0.0,-0.001953125,0.0,0.0,0.998046875,0.34813617725740187,0.006081004579755245,0.0,-0.03397678858891595,-0.03397678858891595,-0.9175895359367132,0.0,-0.018351788945437875,-0.015625,0.499183303269092,0.0,0.0,0.0,0.0,0.0,-0.032845965477463324,-0.032845965477463324,-0.8610072486335412,0.0,-0.017220965739397798,-0.015625,0.4310829525675217,0.0,0.0,0.0,0.0,0.0,-0.028025153451380902,-0.028025153451380902,-0.7176639841636643,0.0,-0.014353278646012768,-0.013671875,0.29782374952628743,0.0,0.0,0.0,0.0,0.0,0.006081004579755245,0.0,-0.02268000802723691,-0.019999999552965164,-0.001191516393009806,-0.0022020454052835703,0.1546446830034256,0.9835386872291565,0.0,2045,0.03373555466532707,0.21541838347911835,0.014965098071843385,0.8147989511489868,1.3288033604621887,0.41718880385160445,0.0020364239920088734,10,-0.000599169172346592,0.37709219257036847,0.023424594849348068,117.75861643740893,398.0,0.01673619616776705,101536.0,6897.907130487962
0.37595448940992354,-0.002468200272414833,0.0037590543107852217,0.04509804401313886,5334,2048,1.1181827425956725,0.3502319797873497,0.08271484375,0.00642132104258053,0.02183671302627772,0.002360554716414934,1.0,10,-0.0018255740636959673,0.3512911796569824,0.02352607628563419,0.9764499664306641,0.0024449034150158698,0.023911651223897934,0.0989849641919136,0.02463796753436327,0.9790127873420715,0.0024580065540376643,0.006413273047655821,0.14627529680728912,0.016349483001977205,0.9755365252494812,0.002135831585132075,-0.027650566771626472,0.21225890517234802,0.01099959909915924,role_local,0.031041418947279454,0.007805557665415108,0.0002457109333333333,0.00023213866666666665,0.0023213866666666667,256.0,1.2227287411689758,814336.0,2.2497386932373047,0.9866311550140381,0.3479490280151367,combat>support,1,0.0,0.0,-0.017238351550380077,-0.01220703125,0.0,0.007016887981080799,0.007016887981080799,0.0,0.0,0.0,0.0,0.0,0.0,1.0,0.5028146640688647,0.007016887981080799,0.0,-0.036955190807930194,-0.036955190807930194,-0.9687789576128125,0.0,-0.01937706612079637,-0.017578125,0.4763832879252732,0.0,0.0,0.0,0.0,0.0,-0.03317595632688608,-0.03317595632688608,-0.87750075571239,0.0,-0.017550956581544597,-0.015625,0.3992307551961858,0.0,0.0,0.0,0.0,0.0,-0.030412031868763734,-0.030412031868763734,-0.739311789162457,0.0,-0.014787031948799267,-0.015625,0.2532263972098008,0.0,0.0,0.0,0.0,0.0,0.007016887981080799,0.0,-0.023381574035738595,-0.019999999552965164,-0.002468200272414833,0.0031903821509331465,0.15581776201725006,0.9782596826553345,0.0,2048,0.013343454338610172,0.10008155554533005,0.068359375,0.9014347195625305,1.327274739742279,0.40167699903249743,0.00515755390515551,10,-0.0031108264811336994,0.37668753663698834,0.004611516231670975,117.82228888352175,399.0,0.007805557665415108,101792.0,6911.561536587076
0.4547277443110943,0.0010140565718756989,0.00835460955358407,0.11571348601719364,5081,2048,1.118578267097473,0.4029503151774406,0.17265625,0.012238157616229728,0.058094643498770894,0.004864883917471041,1.0,10,-0.0030922850535716863,0.35138100385665894,0.05974316350184381,0.9830625057220459,0.004805157839071372,0.004899167455732822,0.12929262220859528,0.05492485421709716,0.9650518894195557,0.004687790305118966,0.017832521349191666,0.1398434340953827,0.06051049577072263,0.9839133024215698,0.005212083235963361,-0.03070025146007538,0.21045731008052826,0.0106791571713984,role_local,0.035856802202761176,0.021515806345269083,0.0002455744,0.00023196799999999999,0.00231968,256.0,1.2212685823440552,816384.0,2.7277026176452637,0.995235800743103,0.40289023518562317,combat>support,4,0.0,0.0,-0.016415301209538786,-0.01171875,0.0,0.003556060568371322,0.003556060568371322,0.0,0.0,0.0,-0.001953125,0.0,0.0,0.92529296875,0.301335620257305,0.005509185572009301,0.0,-0.03332606495678192,-0.03332606495678192,-0.8849855319131166,0.0,-0.01770106514231884,-0.015625,0.5172402379103005,0.0,0.0,0.0,0.0,0.0,-0.032597271507256664,-0.032597271507256664,-0.9461146097164601,0.0,-0.018925396878330503,-0.013671875,0.5038183280266821,0.0,0.0,0.0,0.0,0.0,-0.02824444203724852,-0.02824444203724852,-0.6309721093857661,0.0,-0.012619441607967019,-0.015625,0.29470429007778876,0.0,0.0,0.0,0.0,0.0,0.005509185572009301,0.0,-0.022652930390904658,-0.019999999552965164,0.0010140565718756989,0.0007213550270535052,0.1589159220457077,0.9823968410491943,0.0,1896,0.029914310202002525,0.26838546991348267,0.1733323285356164,0.7216039896011353,1.3239588975906371,0.5065051734447479,0.011844335189697098,10,0.005120398197323084,0.3764388958613078,0.03235245551913977,117.88618089058437,400.0,0.021515806345269083,102048.0,6925.188294612104
0.43422632813453677,-0.0025148349319351836,0.005942238967196747,0.07905246563022957,5261,2048,1.119093692302704,0.4269477516412735,0.19599609375,0.013786910104681738,0.06774154014419764,0.005183207663890982,1.0,10,-0.0025172983238007872,0.351311852534612,0.06630121730268002,0.9646369814872742,0.005175704668697231,0.0330161452293396,0.1292816698551178,0.06897384697804228,0.9796935319900513,0.005197632500102881,-0.008207944221794605,0.13281017541885376,0.06816708855330944,0.9814623594284058,0.005174675300714621,-0.028820976614952087,0.21073630452156067,0.011299163848161698,role_local,0.04489436522126198,0.009230431704781949,0.00024543786666666664,0.00023179733333333332,0.0023179733333333332,256.0,1.2205771446228026,818432.0,2.35237979888916,0.9996694326400757,0.4475749731063843,combat>support,4,0.0,0.0,-0.01695682508458655,-0.01220703125,0.0,0.005864546021257411,0.005864546021257411,0.0,0.0,0.0,0.0,0.0,0.0,0.98974609375,0.31759361147123855,0.005864546021257411,0.0,-0.03286816810577875,-0.03286816810577875,-0.9597937669605017,0.0,-0.019196293374989182,-0.013671875,0.5499081999296322,0.0,0.0,0.0,0.0,0.0,-0.037589680126984604,-0.037589680126984604,-0.9028859469108284,0.0,-0.018058430614473764,-0.01953125,0.4823797710123472,0.0,0.0,0.0,0.0,0.0,-0.029240751104225637,-0.029240751104225637,-0.6805443258490413,0.0,-0.013615751264296705,-0.015625,0.28108206567776506,0.0,0.0,0.0,0.0,0.0,0.005864546021257411,0.0,-0.023458514449885115,-0.019999999552965164,-0.0025148349319351836,0.001841190387494862,0.1585063934326172,0.9803086519241333,0.0,2027,0.03645387291908264,0.12850557267665863,0.09036339111626149,0.8563544750213623,1.3220605969429016,0.4415049046278,0.006701270270502513,10,-0.00251237154006958,0.37600711981455487,0.007161699561402201,117.94872191600385,401.0,0.009230431704781949,102304.0,6938.879766606027
0.38454634770751,-0.00308866809355095,0.00404239419503587,0.04903383033815771,5580,2048,1.1175156712532044,0.30440436750650407,0.09931640625,0.007564578985329718,0.026876254426315426,0.002696143973837284,1.0,10,-0.0033730661729350687,0.35107197364171344,0.02359231610316783,0.9281866550445557,0.002668939849681179,-0.003998477011919022,0.19276703894138336,0.023406389541924,0.9778329133987427,0.002422332394199522,0.005319586489349604,0.11864379048347473,0.03438886418007314,0.9868113398551941,0.0030254063836764543,0.016265494748950005,0.12588943541049957,0.010650080535560847,role_local,0.04139451235532761,0.007572244445327669,0.00024530133333333334,0.00023162666666666666,0.0023162666666666667,256.0,1.2176923513412476,820480.0,1.8632136583328247,0.9900124073028564,0.4094473421573639,combat>support,1,0.0,0.0,-0.018049679234536598,-0.0087890625,0.0,0.0064901269533947925,0.0064901269533947925,0.0,0.0,0.0,0.0,0.0,0.0,1.0,0.41502117345226,0.0064901269533947925,0.0,-0.03274518989928765,-0.03274518989928765,-0.9535858393646777,0.0,-0.01907331453548977,-0.013671875,0.48840041548828594,0.0,0.0,0.0,0.0,0.0,-0.030091491076746024,-0.030091491076746024,-0.9186132857576013,0.0,-0.018372741353232414,-0.01171875,0.48213889967883006,0.0,0.0,0.0,0.0,0.0,-0.026468606516573345,-0.026468606516573345,-0.8351491652429104,0.0,-0.016702981814887607,-0.009765625,0.40315495408140123,0.0,0.0,0.0,0.0,0.0,0.0064901269533947925,0.0,-0.02070379121505539,-0.019999999552965164,-0.00308866809355095,0.005416447762399912,0.15107540786266327,0.9722673892974854,0.0,2048,0.029480019584298134,0.10408560931682587,0.07119140625,0.8710485696792603,1.3178690314292907,0.46468832790851594,0.005388644416234456,10,-0.002804270014166832,0.37549378474553424,0.004494408355094492,118.00968436749581,402.0,0.007572244445327669,102560.0,6952.649728686083
0.43493167087435725,-0.004601544403703884,0.009904973051023627,0.14494268326088786,5510,2048,1.1163196325302125,0.4066941931843758,0.2173828125,0.01649031839915551,0.08529561776667834,0.006136061849234031,1.0,10,-0.005628181679639965,0.3510740001996358,0.08277455972274765,0.9674659371376038,0.00589124427967389,0.002023889683187008,0.1467858999967575,0.09019473568769172,0.9753257036209106,0.0065442379411939314,0.02641500160098076,0.12880681455135345,0.08253981320885942,0.9793791174888611,0.005948121422553176,0.019225671887397766,0.178993359208107,0.010654824413359165,role_local,0.04130409061908722,0.017648459877818823,0.0002451648,0.000231456,0.0023145600000000002,256.0,1.2155154407024384,822528.0,2.0491154193878174,1.0040086507797241,0.3782975673675537,support>combat,3,0.0,0.0,-0.017816430681705242,-0.01025390625,0.0,0.003095868195487128,0.003095868195487128,0.0,0.0,0.0,-0.001953125,0.0,0.0,0.9990234375,0.17548323118717235,0.005048993122727552,0.0,-0.03199256480002077,-0.03199256480002077,-0.9155373566318303,0.0,-0.018320690185646527,-0.013671875,0.47173554787877947,0.0,0.0,0.0,0.0,0.0,-0.02847443157224916,-0.02847443157224916,-0.9351747946348041,0.0,-0.01870880678325193,-0.009765625,0.4375798486289568,0.0,0.0,0.0,0.0,0.0,-0.03204479474152322,-0.03204479474152322,-0.8206583915743977,0.0,-0.01641979507621727,-0.015625,0.4113040853990242,0.0,0.0,0.0,0.0,0.0,0.005048993122727552,0.0,-0.022353982069034828,-0.019999999552965164,-0.004601544403703884,0.015820026397705078,0.15213237702846527,0.9755722284317017,0.0,2047,0.0025944795925170183,0.22301359474658966,0.2045897487550974,0.745635986328125,1.3147112488746644,0.46316914856433866,0.013673884252813222,10,-0.003574907127767801,0.3751862645149231,0.02464209534227848,118.07256264794896,403.0,0.017648459877818823,102816.0,6966.292435377138
0.3749137304723263,-0.0014715232347953134,0.0038970399789594636,0.03925661173416302,4901,2048,1.1168280482292174,0.31828856021165847,0.1451171875,0.01068175156833604,0.05358397520612925,0.0046135831900012345,1.0,10,-0.002389760533696972,0.35111235578854877,0.05949867716990411,0.989670991897583,0.004951840815794639,0.009602890349924564,0.12784400582313538,0.051173235499300064,0.980344295501709,0.004668680441349304,-0.0007382212206721306,0.1788274198770523,0.05003136317245662,0.9880996346473694,0.004219219713354283,0.027102509513497353,0.13728639483451843,0.009066263027489186,role_local,0.10420528016984462,0.04370045932009816,0.00024502826666666667,0.00023128533333333334,0.0023128533333333333,256.0,1.2147648572921752,824576.0,1.9617621898651123,0.9997463822364807,0.44976818561553955,combat>support,4,0.0,0.0,-0.015810562387438647,-0.01220703125,0.0,-0.0035942711701864027,-0.0035942711701864027,0.0,0.0,0.0,-0.0078125,0.0,0.0,0.8251953125,0.1529079243155138,0.0042182287925243145,0.0,-0.02950592662091367,-0.02950592662091367,-0.7913854829967022,0.0,-0.015834051813726546,-0.013671875,0.3667291403107811,0.0,0.0,0.0,0.0,0.0,-0.03331962740412564,-0.03331962740412564,-0.7859862262848765,0.0,-0.015741502869786927,-0.017578125,0.36087846697773784,0.0,0.0,0.0,0.0,0.0,-0.025621757384215016,-0.025621757384215016,-0.7921909473370761,0.0,-0.015856132478802465,-0.009765625,0.12020660465350375,0.0,0.0,0.0,0.0,0.0,0.0042182287925243145,0.0,-0.023010397013422335,-0.019999999552965164,-0.0014715232347953134,0.01200723834335804,0.15002863109111786,0.986021876335144,0.0,1694,-0.11372677236795425,0.45518171787261963,0.02492924826219678,0.6029605269432068,1.312701666355133,0.43153890073299406,0.0031804967679176926,10,-0.0005532859358936548,0.3750451107819875,0.07833465561270714,118.13829381746268,404.0,0.04370045932009816,103072.0,6979.752063069958
0.37150325551629065,-0.0032445534656289966,0.002943343396040176,0.028366200427990408,4753,2048,1.1163896799087525,0.36979253590106964,0.11533203125,0.008630498347338289,0.03966162977740169,0.0036364138039879186,1.0,10,-0.004533654649276286,0.3509957591692607,0.038425626163370905,0.9854695796966553,0.003573082100027819,0.01140346098691225,0.126308873295784,0.04746138015761971,0.9853920936584473,0.003996230063697137,-0.017597485333681107,0.15187674760818481,0.03232236262410879,0.9824352264404297,0.0033051211061820352,-0.06676901876926422,0.20283769071102142,0.0104033506475389,role_local,0.06576158851385117,0.008001934771891683,0.0002448917333333333,0.00023111466666666665,0.0023111466666666668,256.0,1.2142967104911804,826624.0,2.039902687072754,0.9930844306945801,0.4634539783000946,support>combat,10,0.0,0.0,-0.01534799571527401,-0.0126953125,0.0,0.005826512885505508,0.005826512885505508,0.0,0.0,0.0,0.0,0.0,0.0,0.875,0.3877521426038584,0.005826512885505508,0.0,-0.03268501531420043,-0.03268501531420043,-0.8527994188480079,0.0,-0.017060015507013304,-0.015625,0.46816116821719334,0.0,0.0,0.0,0.0,0.0,-0.03107869755694992,-0.03107869755694992,-0.7725922537501901,0.0,-0.015453697862540139,-0.015625,0.39550345472525805,0.0,0.0,0.0,0.0,0.0,-0.033061523356082034,-0.033061523356082034,-0.6764960538130254,0.0,-0.013530273776268587,-0.01953125,0.05821155595185701,0.0,0.0,0.0,0.0,0.0,0.005826512885505508,0.0,-0.02274968170604552,-0.019999999552965164,-0.0032445534656289966,-0.021282482892274857,0.16354233026504517,0.9843603372573853,0.0,1792,0.024291260167956352,0.08793378621339798,0.017070771078579128,0.9160637855529785,1.3122037410736085,0.37321397513151167,0.002250272988092433,10,-0.0019554522819817065,0.3749772608280182,0.005600518896244466,118.23706378133646,405.0,0.008001934771891683,103328.0,6991.242623622064
0.38939356356859206,-0.0010401649633422494,0.004429252041402814,0.050287430104799566,4965,2048,1.1145461082458497,0.3564766556024551,0.1404296875,0.00972540510701947,0.0415982908103615,0.004016333184237273,1.0,10,0.0011758944485336543,0.35060641169548035,0.03789548082277179,0.9845712184906006,0.003751628838025356,0.013765493407845497,0.13512392342090607,0.03814627523534,0.9796579480171204,0.003921199895717464,-0.011832104995846748,0.18238656222820282,0.04949300969019532,0.9697185158729553,0.0044214483186268225,0.0024538703728467226,0.24980948865413666,0.014531473629176617,role_local,0.046938910707831384,0.016367921326309442,0.0002447552,0.00023094399999999996,0.00230944,256.0,1.2129794478416442,828672.0,1.8956832885742188,0.9958022832870483,0.5154015421867371,support>combat,8,0.0,0.0,-0.016038433568610344,-0.01123046875,0.0,0.004272464583664259,0.004272464583664259,0.0,0.0,0.0,-0.001953125,0.0,0.0,0.8857421875,0.4471034767047968,0.006225589607311122,0.0,-0.030842041200230597,-0.030842041200230597,-0.8581371714826673,0.0,-0.01717016637485358,-0.013671875,0.40583904820960015,0.0,0.0,0.0,0.0,0.0,-0.031498634853051044,-0.031498634853051044,-0.7926967914681882,0.0,-0.015873635358730098,-0.015625,0.34052736587182153,0.0,0.0,0.0,0.0,0.0,-0.02874337367939006,-0.02874337367939006,-0.7530466238968074,0.0,-0.015071498972247355,-0.013671875,0.111650345952512,0.0,0.0,0.0,0.0,0.0,0.006225589607311122,0.0,-0.0217028975548601,-0.019999999552965164,-0.0010401649633422494,0.0017537949606776237,0.19271647930145264,0.9774096608161926,0.0,1815,0.007473356556147337,0.2100849747657776,0.058976569399237636,0.8261098861694336,1.311412787437439,0.422310471534729,0.004842170898568354,10,-0.003256224375218153,0.3749351004759471,0.018204369023442267,118.2999413620966,406.0,0.016367921326309442,103584.0,7004.838636931963
0.40976115465164187,0.0009245458495570347,0.00553794963202498,0.07121165912249125,5513,2048,1.110673177242279,0.2925792753696442,0.10283203125,0.00753559467557352,0.023573028028476984,0.0027247120290305855,1.0,10,-0.0026752397418022154,0.3501632908980052,0.028165689017623664,0.9726896286010742,0.0029204813975663713,0.04760631546378136,0.1383102387189865,0.021003743866458535,0.9819784164428711,0.002614883121537942,0.02408425882458687,0.12763544917106628,0.0213564665755257,0.9686434268951416,0.002630900576203765,0.028593411669135094,0.16710057854652405,0.009538096096366643,role_local,0.050140881538391115,0.009768153051845729,0.00024461866666666664,0.0002307733333333333,0.0023077333333333333,256.0,1.2112366378307342,830720.0,2.4176268577575684,0.9970712661743164,0.3799375295639038,combat>support,3,0.0,0.0,-0.017828141659265384,-0.0068359375,0.0,0.0035525830326150754,0.0035525830326150754,0.0,0.0,0.0,-0.001953125,0.0,0.0,0.95654296875,0.2799226899878704,0.005505707998054277,0.0,-0.028080824900825974,-0.028080824900825974,-0.9154734462499619,0.0,-0.018315199784410652,-0.009765625,0.3536651713657193,0.0,0.0,0.0,0.0,0.0,-0.02538929683942115,-0.02538929683942115,-0.8785887826234102,0.0,-0.01757679707952775,-0.0078125,0.318601402148488,0.0,0.0,0.0,0.0,0.0,-0.025404927968338598,-0.025404927968338598,-0.8791778199374676,0.0,-0.01759242811385775,-0.0078125,0.3311819673690479,0.0,0.0,0.0,0.0,0.0,0.005505707998054277,0.0,-0.018830618031643098,-0.019999999552965164,0.0009245458495570347,0.03362847864627838,0.14559590816497803,0.9747155904769897,0.0,1960,0.005102821160107851,0.15421952307224274,0.11885029021650553,0.9113627076148987,1.3118000984191895,0.5269430339336395,0.008351187235019375,10,0.004524331440916285,0.37507228056589764,0.009998210007324815,118.36235624855156,407.0,0.009768153051845729,103840.0,7018.447641035076
0.43143781274557114,-0.004118873484549113,0.00479317286508899,0.059275130968308075,5379,2048,1.1073732733726502,0.32162469029426577,0.0603515625,0.0050415609177434815,0.014914530597161501,0.0019620344223870933,1.0,10,-0.0020912599342409522,0.349887619415919,0.018501543253660203,0.8300208449363708,0.002122223066662912,0.0481284074485302,0.4768500328063965,0.013958472199738026,0.9541217684745789,0.001989325809314946,-0.008010776713490486,0.20225495100021362,0.012065079621970653,0.9767359495162964,0.0017633077132132302,0.0008034423808567226,0.15253640711307526,0.0433772161602974,role_local,0.06543469056487083,0.02756205922923982,0.00024448213333333333,0.00023060266666666664,0.0023060266666666664,256.0,1.2097232818603516,832768.0,2.404370069503784,0.9873965978622437,0.44708767533302307,support>combat,2,0.0,-1.220703143189894e-05,-0.01736474595963955,-0.009765625,0.0009765625,0.0047025292465150415,0.0047025292465150415,0.0,0.0,0.0,0.0,0.0,0.0,0.875,0.11904133559437469,0.004214247991058073,0.00048828125,-0.02911682261401438,-0.02911682261401438,-0.8940109643153846,0.0,-0.017886352779896697,-0.015625,0.22509593598078936,0.00390625,0.0,0.0,0.0,0.00048828125,-0.028613970294827595,-0.028613970294827595,-0.8664515914861113,-4.882812572759576e-05,-0.017334673677396495,-0.01171875,0.22574895800789818,0.0,0.0,0.0,0.0,0.00048828125,-0.02810367990969098,-0.02810367990969098,-0.8435650835745037,0.0,-0.016873211421625456,-0.01171875,0.22512590016413014,0.0,0.0,0.0,0.0,0.00048828125,0.004214247991058073,0.00048828125,-0.020282986384700052,-0.019999999552965164,-0.004118873484549113,0.014136326499283314,0.3161064088344574,0.913853108882904,0.0,1792,0.037126485258340836,0.18290051817893982,0.10363573133945465,0.8200684189796448,1.312073290348053,0.5412509351968765,0.007624311307790887,10,-0.006146487034857273,0.3748488922913869,0.01174690229818225,118.42571274978602,408.0,0.02756205922923982,104096.0,7031.986387614161
0.41928013861179353,-0.001837636681739241,0.0033252293779937685,0.036996967528830284,5002,2048,1.1058863878250123,0.34791829288005827,0.10771484375,0.007864413456991315,0.034544353740056974,0.0032593411269011886,1.0,10,-0.002097940072417259,0.3498244086901347,0.022961435839533806,0.9744808077812195,0.0027085604920077944,0.08170241862535477,0.17435796558856964,0.03962643027771264,0.825528085231781,0.0034562769873954123,0.07048790156841278,0.6224765181541443,0.04148638183251023,0.9766451120376587,0.0036332896314816196,0.05773286893963814,0.18010549247264862,0.058180971816182134,role_local,0.14517079740762712,0.04992224797606468,0.00024434559999999997,0.00023043199999999998,0.00230432,256.0,1.2075827777385713,834816.0,1.9578843116760254,1.0004429817199707,0.3348728120326996,combat>support,9,0.0,0.0,-0.016054226172248793,-0.0087890625,0.0009765625,-0.002469283343089046,-0.002469283343089046,0.0,0.0,0.0,-0.005859375,0.0,0.0,0.7724609375,-0.03133886591967894,0.0029018105451541487,0.00048828125,-0.019999827520223334,-0.019999827520223334,-0.8279213353525847,0.0,-0.016581858733843546,-0.00390625,0.2009165100462269,0.0,0.0,0.0,0.0,0.00048828125,-0.026473322322999593,-0.026473322322999593,-0.7576525881886482,0.0,-0.015242851977745886,-0.015625,0.3039444018213544,0.00390625,0.0,0.0,0.0,0.00048828125,-0.025615311300498433,-0.025615311300498433,-0.8157190079800785,0.0,-0.01633796780515695,-0.009765625,0.15938353116507642,0.0,0.0,0.0,0.0,0.00048828125,0.0029018105451541487,0.00048828125,-0.018639436319062952,-0.019999999552965164,-0.001837636681739241,0.07004356384277344,0.3815976679325104,0.9144527912139893,0.0,1585,-0.05420223996043205,0.3331279754638672,0.03944958131760359,0.8131154775619507,1.30927916765213,0.49064198434352874,0.003391117629086349,10,-0.0015773332910612226,0.3744851350784302,0.041663524135947226,118.4958773389202,409.0,0.04992224797606468,104352.0,7045.105861466145
0.4154661066830158,-0.0036495862095762277,0.0036539288778025744,0.04188648429699242,5072,2048,1.1060194969177246,0.37997580915689466,0.15625,0.012005947792204097,0.05890453867614269,0.004801455729265503,1.0,10,-0.001758210896514356,0.3499147991339366,0.0624579556286335,0.9250023365020752,0.005069389911110956,-0.009995701722800732,0.2842530608177185,0.06023373883217573,0.989844560623169,0.004933651069072597,0.014883388765156269,0.12018822878599167,0.05402612220495939,0.9611297845840454,0.00440305415962553,0.009438171051442623,0.21996790170669556,0.02004082379862666,role_local,0.12049090042710305,0.033850978082045916,0.00024420906666666666,0.00023026133333333332,0.0023026133333333334,256.0,1.206067979335785,836864.0,2.0736207962036133,0.9995486736297607,0.5568001866340637,combat>support,6,0.0,0.0,-0.01641446384928713,-0.009765625,0.0,-0.0018148828473840695,-0.0018148828473840695,0.0,0.0,0.0,-0.005859375,0.0,0.0,0.8447265625,0.11093102196173277,0.004044492359525975,0.0,-0.03273099831858417,-0.03273099831858417,-0.8549815691076219,0.0,-0.01710599874786567,-0.015625,0.34001706734125037,0.0,0.0,0.0,0.0,0.0,-0.023226183669976308,-0.023226183669976308,-0.7705445789033547,0.0,-0.015413683902806952,-0.0078125,0.3539722468703985,0.0,0.0,0.0,0.0,0.0,-0.026489333664358128,-0.026489333664358128,-0.8359353544656187,0.0,-0.01672370889718877,-0.009765625,0.19686637650011107,0.0,0.0,0.0,0.0,0.0,0.004044492359525975,0.0,-0.0210653507601819,-0.019999999552965164,-0.0036495862095762277,0.00436936691403389,0.22178150713443756,0.9617902636528015,0.0,1733,-0.07453598827123642,0.34865760803222656,0.02486842991784215,0.7252563238143921,1.3061164617538452,0.45095640420913696,0.002506402026339647,10,-0.005540961522638099,0.3740481436252594,0.04766113236546517,118.55729280050616,410.0,0.033850978082045916,104608.0,7058.730679758126
0.4593743845820427,-0.002920891865505837,0.004756103004407855,0.05912953273073072,4953,2048,1.1063490748405456,0.447503936290741,0.14033203125,0.011317776696523651,0.061922708901693116,0.004818028441354288,1.0,10,-0.0018290420179255308,0.3498094975948334,0.059855143120512364,0.9769092798233032,0.004723101194179557,0.009506882168352604,0.15171006321907043,0.06293584839440883,0.9641062021255493,0.0050535379996733635,-0.03600194677710533,0.23539692163467407,0.06320932256057858,0.9829118251800537,0.004691994735949401,-0.016576869413256645,0.16862568259239197,0.013784037716686726,role_local,0.1022389218211174,0.02982586417347193,0.0002440725333333333,0.00023009066666666666,0.0023009066666666664,256.0,1.2047398149967194,838912.0,2.054481029510498,1.008120059967041,0.3690107464790344,combat>support,6,0.0,0.0,-0.01595419664833268,-0.01220703125,0.0,-0.0029722990075242706,-0.0029722990075242706,0.0,0.0,0.0,-0.0078125,0.0,0.0,0.8583984375,0.23443455144297332,0.004840201032493496,0.0,-0.030738799083337653,-0.030738799083337653,-0.8527498464100063,0.0,-0.01706692437073798,-0.013671875,0.4304620004404569,0.0,0.0,0.0,0.0,0.0,-0.03077548527653562,-0.03077548527653562,-0.7570556986611336,0.0,-0.015150485553022008,-0.015625,0.36815361405024305,0.0,0.0,0.0,0.0,0.0,-0.02736392979932134,-0.02736392979932134,-0.7821006561862305,0.0,-0.015645180021238048,-0.01171875,0.12865387863712385,0.0,0.0,0.0,0.0,0.0,0.004840201032493496,0.0,-0.022962629664107226,-0.019999999552965164,-0.002920891865505837,-0.013449707999825478,0.18822398781776428,0.9749475717544556,0.0,1762,-0.06855814903974533,0.3430929183959961,0.05633635655976832,0.8267303109169006,1.303130555152893,0.4712448328733444,0.0046941775674614215,10,-0.004012741713086143,0.3738382160663605,0.04586769063025713,118.61805517433848,411.0,0.02982586417347193,104864.0,7072.380328332074
0.5446660071611404,-0.0012505171122029423,0.005295150077867084,0.06704019454773516,5101,2048,1.105066180229187,0.5048999130725861,0.153515625,0.012545240682084114,0.06005833325907588,0.005001839692704379,1.0,10,-0.0025282374583184717,0.34970476229985553,0.06902736397460103,0.9729318618774414,0.005386366051252834,-0.016830705106258392,0.13853126764297485,0.05768208946101368,0.9781649112701416,0.004902577627217397,-0.03181767463684082,0.15837739408016205,0.05190652519231662,0.9610093832015991,0.004647936908685912,-0.03808565065264702,0.2707239091396332,0.015533564053475857,role_local,0.053531897440552714,0.010859073628671468,0.000243936,0.00022992,0.0022992,256.0,1.203572791814804,840960.0,2.4705252647399902,0.9932310581207275,0.342445433139801,combat>support,4,0.0,0.0,-0.016489911067158875,-0.0107421875,0.0,0.00594597200233693,0.00594597200233693,0.0,0.0,0.0,0.0,0.0,0.0,0.94482421875,0.36111252059345134,0.00594597200233693,0.0,-0.029761382826109184,-0.029761382826109184,-0.902099932776764,0.0,-0.018042632786091417,-0.01171875,0.48699092905735597,0.0,0.0,0.0,0.0,0.0,-0.028018129447445972,-0.028018129447445972,-0.8149542548926547,0.0,-0.016299379525662516,-0.01171875,0.4082517524366267,0.0,0.0,0.0,0.0,0.0,-0.034658970525924815,-0.034658970525924815,-0.7563517456874251,0.0,-0.015127720889722696,-0.01953125,0.23395003293990158,0.0,0.0,0.0,0.0,0.0,0.00594597200233693,0.0,-0.0216231288468407,-0.019999999552965164,-0.0012505171122029423,-0.02826808951795101,0.19433875381946564,0.9701776504516602,0.0,1935,0.017097631469368935,0.11494608223438263,0.07402205583639443,0.9119008779525757,1.302079403400421,0.5844321012496948,0.005588460463029787,10,2.7203233912587166e-05,0.37374256054560345,0.006184583203867078,118.6790268382027,412.0,0.010859073628671468,105120.0,7086.00350377406
0.437583439797163,-0.003795684053329751,0.004463162943129283,0.05073653697036207,5198,2048,1.1046322584152222,0.35965958386659624,0.162890625,0.011291033815359697,0.0507130891084671,0.004606619657407296,1.0,10,-0.0039031922235153614,0.3496830364068349,0.04976251441985369,0.9662042856216431,0.004531292365667852,0.023662077262997627,0.14933747053146362,0.051989217009395364,0.5962445735931396,0.004713266936470328,0.13633185625076294,0.7471112608909607,0.050162121281027795,0.9853838086128235,0.004555795434058307,-0.027597956359386444,0.16339389979839325,0.09325275868177414,role_local,0.11204722076654434,0.058985622506588696,0.00024379946666666663,0.00022974933333333333,0.0022974933333333334,256.0,1.2029200196266174,843008.0,2.190136671066284,0.9972084164619446,0.3555369973182678,support>combat,4,0.0,0.0,-0.01668941238131083,-0.01025390625,0.001953125,0.0033884272825162043,0.0033884272825162043,0.0,0.0,0.0,-0.001953125,0.0,0.0,0.96533203125,0.08394361620594282,0.004364989818895992,0.0009765625,-0.03108141166740097,-0.03108141166740097,-0.919188984669745,0.0,-0.01838609950209502,-0.013671875,0.34985651678289287,0.0,0.0,0.0,0.0,0.0009765625,-0.02355975716636749,-0.02355975716636749,-0.9337858511134982,0.0,-0.018676943669561297,-0.013671875,0.42150710633723065,0.0078125,0.0,0.0,0.0,0.0009765625,-0.02374738126854936,-0.02374738126854936,-0.6502384204650298,0.0,-0.013005193972276174,-0.01171875,0.25319925489020534,0.0,0.0,0.0,0.0,0.0009765625,0.004364989818895992,0.0009765625,-0.018750031471427064,-0.019999999552965164,-0.003795684053329751,0.052825428545475006,0.4792596697807312,0.8530285954475403,0.0,1978,0.017881859093904495,0.2368512749671936,0.050759984832257035,0.8587889075279236,1.3012077808380127,0.5155072957277298,0.004319706228851269,10,-0.0036881758831441404,0.3735817074775696,0.024718486331403257,118.73956651574903,413.0,0.058985622506588696,105376.0,7099.638517613988
0.39559175744652747,-0.0027792682871222497,0.00472286191863336,0.05869376777554862,4930,2048,1.104398286342621,0.34178083539009096,0.12412109375,0.009726933151250705,0.04608077211305499,0.003944909227768639,1.0,10,-0.0036599555518478156,0.3496456940968831,0.04267302807420492,0.964850664138794,0.003750715854198801,-0.0055113243870437145,0.21446724236011505,0.046011993754655124,0.739665150642395,0.0038719393376245746,0.08954443037509918,0.5710840225219727,0.05102682183496654,0.9796925783157349,0.004329954936967706,-0.0016755202086642385,0.25455915927886963,0.06051847748458385,role_local,0.06924204342067242,0.03880030619911849,0.00024366293333333332,0.00022957866666666667,0.0022957866666666665,256.0,1.2021054387092591,845056.0,2.2347371578216553,0.9916782379150391,0.41838112473487854,support>combat,10,0.0,-2.441406286379788e-05,-0.015852984575152124,-0.01025390625,0.0009765625,0.00220324824203999,0.00220324824203999,0.0,0.0,0.0,-0.001953125,0.0,0.0,0.83642578125,0.05373149298247881,0.003668092043881188,0.00048828125,-0.0303032496231026,-0.0303032496231026,-0.8532177365850657,-4.882812572759576e-05,-0.017070828136638738,-0.013671875,0.20359338907292113,0.0,0.0,0.0,0.0,0.00048828125,-0.023712245936621912,-0.023712245936621912,-0.9145790308248252,-4.882812572759576e-05,-0.01829232286399929,-0.009765625,0.2787350635335315,0.00390625,0.0,0.0,0.0,0.00048828125,-0.02733252119651297,-0.02733252119651297,-0.6097901666071266,0.0,-0.01219580272481835,-0.015625,0.22639605991707867,0.0,0.0,0.0,0.0,0.00048828125,0.003668092043881188,0.00048828125,-0.01978619274450466,-0.019999999552965164,-0.0027792682871222497,0.03208380565047264,0.40097522735595703,0.9150132536888123,0.0,1714,-0.002505161100998521,0.21018576622009277,0.07130676343804225,0.8671101927757263,1.2998125910758973,0.44940267950296403,0.005500814609498081,10,-0.0018985810223966838,0.37340102593104046,0.017082134913653135,118.80463759081918,414.0,0.03880030619911849,105632.0,7112.988323827041
0.3488695673644543,-0.0029923858641268453,0.0024779226319748535,0.019025190849788487,5375,2048,1.10301673412323,0.2479826256632805,0.07509765625,0.005799189637764357,0.016261893208138645,0.002210267424713616,1.0,10,-0.002902766491024522,0.349235196908315,0.019191942969337107,0.914635419845581,0.002361309936138439,0.03385036066174507,0.20842145383358002,0.02076322854263708,0.9206430912017822,0.002451477872998453,0.019499754533171654,0.1878785640001297,0.0062042870908044275,0.9899706244468689,0.001679388393202208,-0.004777591675519943,0.1311066895723343,0.014908725302666426,role_local,0.04525462128221989,0.009255893540102988,0.00024352639999999999,0.00022940799999999998,0.00229408,256.0,1.2005773901939392,847104.0,2.2134652137756348,1.0017083883285522,0.4758569896221161,support>combat,3,0.0,-2.441406286379788e-05,-0.01740819530217171,-0.00634765625,0.0,0.0041626125948823756,0.0041626125948823756,0.0,0.0,0.0,0.0,0.0,0.0,0.75244140625,0.19214116413786542,0.0041626125948823756,0.0,-0.02678216338972561,-0.02678216338972561,-0.9456947445869446,-4.882812572759576e-05,-0.018920835347671527,-0.0078125,0.11069133418641286,0.0,0.0,0.0,0.0,0.0,-0.030909253189747687,-0.030909253189747687,-0.9594860684592277,0.0,-0.0191905035826494,-0.01171875,0.11634249893540982,0.0,0.0,0.0,0.0,0.0,-0.020021449945488712,-0.020021449945488712,-0.7056619392242283,-4.882812572759576e-05,-0.014113246976194205,-0.005859375,0.10469021670724032,0.0,0.0,0.0,0.0,0.0,0.0041626125948823756,0.0,-0.01838756447250489,-0.019999999552965164,-0.0029923858641268453,0.018149595707654953,0.1832856833934784,0.9646682143211365,0.0,1541,0.014128110371530056,0.08128778636455536,0.02178848849143833,0.9230048656463623,1.2981380462646483,0.44975650906562803,0.0027455778392360907,10,-0.0030820052372291682,0.37312432130177814,0.0036030617775395513,118.8638256239195,415.0,0.009255893540102988,105888.0,7126.676224272
0.4163894258439541,-0.004864388308487832,0.0052850605506043966,0.07111626731930301,5658,2048,1.0993523955345155,0.36893143504858017,0.07880859375,0.006529897660948336,0.0216544154798612,0.0023291914483045484,1.0,10,-0.0054399144602939485,0.3490067819754283,0.018808813160285355,0.8993675708770752,0.0020832056854101612,0.021673670038580894,0.1575431376695633,0.020608518086373807,0.9379726052284241,0.0023263897885939635,0.0331779383122921,0.19663633406162262,0.0261400381103158,0.9591060876846313,0.0026208883626210543,0.005752509459853172,0.23215314745903015,0.016557754762470723,role_local,0.059612730890512465,0.01774665033444762,0.00024338986666666665,0.00022923733333333332,0.0022923733333333335,256.0,1.1977130949497223,849152.0,2.061574935913086,0.9945857524871826,0.44149336218833923,support>combat,4,0.0,0.0,-0.01826763836531124,-0.009765625,0.0,0.002793391255181632,0.002793391255181632,0.0,0.0,0.0,-0.001953125,0.0,0.0,0.87158203125,0.21003134996863082,0.0047465162260778015,0.0,-0.03142706964717945,-0.03142706964717945,-0.9851228860206902,0.0,-0.0197083199818735,-0.01171875,0.33616005250951275,0.0,0.0,0.0,0.0,0.0,-0.028144046606030315,-0.028144046606030315,-0.9187510702759027,0.0,-0.018378421831585,-0.009765625,0.3258646322065033,0.0,0.0,0.0,0.0,0.0,-0.03234117318788776,-0.03234117318788776,-0.835720986360684,0.0,-0.01671617328247521,-0.015625,0.24249589687678963,0.0,0.0,0.0,0.0,0.0,0.0047465162260778015,0.0,-0.02227972575565218,-0.019999999552965164,-0.004864388308487832,0.02068209834396839,0.19611790776252747,0.947337806224823,0.0,1786,0.024152327328920364,0.21183668076992035,0.1205781191587448,0.889859676361084,1.2960737943649292,0.463847416639328,0.008240929652904244,10,-0.004288862156681716,0.37300801277160645,0.018935545906424524,118.92179110990476,416.0,0.01774665033444762,106144.0,7140.423904440133
0.4532697193324566,-0.0025771355198230595,0.004513193358202233,0.05525138521916233,5237,2048,1.0984210133552552,0.34996974766254424,0.10400390625,0.008201650757109746,0.03439664264442399,0.0032127958014373514,1.0,10,-0.0019050771254114807,0.34888969858487445,0.03641678444109857,0.9472671151161194,0.00319296616479845,-0.004956488497555256,0.21429607272148132,0.03335712065454573,0.8317152857780457,0.00331007156997829,-0.021586982533335686,0.23479901254177094,0.03328293272061274,0.9637784957885742,0.003099135695313082,-0.05764424428343773,0.29233765602111816,0.023674375750124453,role_local,0.08682402744889259,0.02825523354113102,0.00024325333333333332,0.00022906666666666666,0.0022906666666666665,256.0,1.1972493171691894,851200.0,2.2494680881500244,1.000171184539795,0.49328920245170593,support>combat,5,0.0,0.0,-0.01690597016628696,-0.01025390625,0.0,0.0014356340016092872,0.0014356340016092872,0.0,0.0,0.0,-0.00390625,0.0,0.0,0.97216796875,0.24220201686694054,0.005341883952496573,0.0,-0.029293263174622552,-0.029293263174622552,-0.8786879929248244,0.0,-0.017574513502040645,-0.01171875,0.4637019217807392,0.0,0.0,0.0,0.0,0.0,-0.03124308712722268,-0.03124308712722268,-0.9760688282549381,0.0,-0.019524337105394807,-0.01171875,0.5526516424724832,0.0,0.0,0.0,0.0,0.0,-0.02729093455855036,-0.02729093455855036,-0.680785916862078,0.0,-0.013619059891425422,-0.013671875,0.27058248371758964,0.0,0.0,0.0,0.0,0.0,0.005341883952496573,0.0,-0.021597913782898104,-0.019999999552965164,-0.0025771355198230595,-0.02549741044640541,0.2459850311279297,0.949569821357727,0.0,1993,-0.019672181457281113,0.2644478380680084,0.07610612779390066,0.8345686197280884,1.2960776209831237,0.556569691002369,0.005813590914967115,10,-0.003249193914234638,0.3730372389157613,0.032836091332137586,118.98175207902113,417.0,0.02825523354113102,106400.0,7154.038204401964
0.4178740382194519,-0.001519270660355687,0.003656912440211635,0.04099747417494655,4820,2048,1.096399998664856,0.361385777592659,0.13232421875,0.009382119847577997,0.04531365148723125,0.003822557628814993,1.0,10,-0.0036468476988375186,0.3484862546126048,0.044056018628180024,0.9542241096496582,0.003706861343658252,-0.043775830417871475,0.19501282274723053,0.03830216396600008,0.9679035544395447,0.0035661900388787525,-0.052282098680734634,0.23095203936100006,0.0560270044952631,0.9872848391532898,0.004314997332722758,0.0015201704809442163,0.18933281302452087,0.01715277461335063,role_local,0.11139483973383904,0.0294772035907954,0.00024311679999999998,0.00022889599999999997,0.00228896,256.0,1.1964702963829041,853248.0,2.7470767498016357,1.0051491260528564,0.4350528120994568,combat>support,2,0.0,0.0,-0.015545609147617748,-0.013671875,0.0,-0.0013268202997096523,-0.0013268202997096523,0.0,0.0,0.0,-0.005859375,0.0,0.0,0.81494140625,0.21213155097939307,0.004532554878551309,0.0,-0.03978609999467153,-0.03978609999467153,-0.9149454236030579,0.0,-0.01830172564223176,-0.021484375,0.4666985315416241,0.0,0.0,0.0,0.0,0.0,-0.03336104578193044,-0.03336104578193044,-0.7890328366775066,0.0,-0.015782920963829383,-0.017578125,0.3151460354856681,0.0,0.0,0.0,0.0,0.0,-0.022317805643979227,-0.022317805643979227,-0.6276090880855918,0.0,-0.012552180836792104,-0.009765625,0.15926594284246676,0.0,0.0,0.0,0.0,0.0,0.004532554878551309,0.0,-0.024197943734179717,-0.019999999552965164,-0.001519270660355687,-0.03452673181891441,0.20770049095153809,0.9761688113212585,0.0,1672,-0.07720959186553955,0.34712329506874084,0.03668129686266184,0.7542945742607117,1.2965405941009522,0.4743622988462448,0.0034912672516082765,10,0.0006083063781261444,0.37316052118937176,0.04180163256824017,119.04564660267957,418.0,0.0294772035907954,106656.0,7167.401953367982
0.4740189343690872,-0.001973686524434015,0.006392114831897095,0.08793810189818033,5069,2048,1.0934541702270508,0.33124842643737795,0.124609375,0.008795477921376004,0.03498655576258898,0.0034976975223980854,1.0,10,-0.002339451143052429,0.34837408860524494,0.03756601121276617,0.9865643978118896,0.003582247685233597,-0.026510246098041534,0.15191078186035156,0.03257978027686477,0.969927191734314,0.0034293581336447775,-0.046157099306583405,0.18869581818580627,0.035031214356422424,0.9581430554389954,0.0034887480576338724,-0.007994753308594227,0.22592580318450928,0.014889122080057859,role_local,0.12088517248630523,0.03004363547079265,0.00024298026666666665,0.0002287253333333333,0.0022872533333333335,256.0,1.195443969964981,855296.0,1.9996352195739746,1.0058624744415283,0.40931272506713867,combat>support,3,0.0,0.0,-0.016362998090698966,-0.0107421875,0.0,-0.0031493888527620584,-0.0031493888527620584,0.0,0.0,0.0,-0.0078125,0.0,0.0,0.9189453125,0.16455495772970608,0.004663110972614959,0.0,-0.0250884462511749,-0.0250884462511749,-0.7661325836088508,0.0,-0.01532282149491948,-0.009765625,0.37890226126182824,0.0,0.0,0.0,0.0,0.0,-0.030467192407741095,-0.030467192407741095,-0.8397659501060843,0.0,-0.016795317749711103,-0.013671875,0.4474061059008818,0.0,0.0,0.0,0.0,0.0,-0.028689604925602907,-0.028689604925602907,-0.8485381006030366,0.0,-0.016970855027466314,-0.01171875,0.44294373903539963,0.0,0.0,0.0,0.0,0.0,0.004663110972614959,0.0,-0.021848658750968752,-0.019999999552965164,-0.001973686524434015,-0.026850447058677673,0.19306868314743042,0.9731215238571167,0.0,1886,-0.08620360493659973,0.3226677477359772,0.14088964803377166,0.8530868291854858,1.2974337697029115,0.6167894423007965,0.009286532141396102,10,-0.0016079219058156013,0.37323155005772907,0.04519814886152744,119.1060355099139,419.0,0.03004363547079265,106912.0,7180.962713924004
0.43063356205821035,-0.0024916335474699735,0.004460820474816737,0.0498188721598126,5103,2048,1.0934156775474548,0.36676452606916427,0.16416015625,0.011341606790665537,0.054281460423953834,0.004645745550554807,1.0,10,-0.0018477610778063537,0.3483424385388692,0.05856724716722965,0.8487719297409058,0.004903153994795006,0.09141921252012253,0.529189944267273,0.05217914953827858,0.9724463820457458,0.00455552133181576,-0.009909885935485363,0.17658132314682007,0.05202419164124876,0.9677220582962036,0.004472236777785049,-0.03211582079529762,0.21052607893943787,0.04982547648251057,role_local,0.10536023750901222,0.036556627694517375,0.00024284373333333331,0.00022855466666666665,0.0022855466666666666,256.0,1.195811575651169,857344.0,1.9233934879302979,1.0046883821487427,0.4222384989261627,combat>support,7,0.0,0.0,-0.01640120074504618,-0.01025390625,0.0009765625,0.001994883469023989,0.001994883469023989,0.0,0.0,0.0,-0.001953125,0.0,0.0,0.927734375,-0.041868399595841765,0.0034597270507674693,0.00048828125,-0.021947250610537594,-0.021947250610537594,-0.828580274945125,0.0,-0.01657615552903735,-0.009765625,0.4344263427774422,0.00390625,0.0,0.0,0.0,0.00048828125,-0.03002660443962668,-0.03002660443962668,-0.8421097679529339,0.0,-0.016843010791490087,-0.013671875,0.4702170458913315,0.0,0.0,0.0,0.0,0.00048828125,-0.03092115458639455,-0.03092115458639455,-0.7890784558840096,0.0,-0.015784435914611095,-0.015625,0.39976432398543693,0.0,0.0,0.0,0.0,0.00048828125,0.0034597270507674693,0.00048828125,-0.020225031999871135,-0.019999999552965164,-0.0024916335474699735,0.01713578589260578,0.3495960831642151,0.9206947088241577,0.0,1901,0.02015864849090576,0.22328470647335052,0.04535628389567137,0.8935486674308777,1.2982074737548828,0.4945025980472565,0.004275895399078666,10,-0.0031355060171335937,0.3734007080396016,0.02328777890652418,119.16886686841691,420.0,0.036556627694517375,107168.0,7194.362273719162
0.4895855151116848,-0.00275648501701653,0.007210273233644244,0.09912278447300196,5001,2048,1.0925781369209289,0.32506798952817917,0.0828125,0.006353515654336661,0.019435136578977108,0.002537425634917173,1.0,10,-0.0013972836546599864,0.3482549587885539,0.014374911924824119,0.9830890893936157,0.002292658611231649,-0.01319102756679058,0.2048383355140686,0.023322788625955583,0.9830842614173889,0.0027642817453590986,0.04128050431609154,0.13445423543453217,0.019880190258845687,0.979852020740509,0.0025214485360810558,0.060954928398132324,0.1331113576889038,0.010994365159422159,role_local,0.08762513585388661,0.02201903578825295,0.00024270719999999998,0.000228384,0.00228384,256.0,1.1959952414035797,859392.0,2.040729284286499,0.9966230988502502,0.4923661947250366,combat>support,7,0.0,0.0,-0.016154189314571948,-0.0078125,0.0,0.0034152500329582836,0.0034152500329582836,0.0,0.0,0.0,-0.001953125,0.0,0.0,0.9736328125,0.2456406210694695,0.005368374971112644,0.0,-0.03186182279023342,-0.03186182279023342,-0.7141849645413458,0.0,-0.014283698264989653,-0.017578125,0.42904601493501104,0.0,0.0,0.0,0.0,0.0,-0.02454401157956454,-0.02454401157956454,-0.8364664539694786,0.0,-0.016731511725083692,-0.0078125,0.5396803454204928,0.0,0.0,0.0,0.0,0.0,-0.021353607859055046,-0.021353607859055046,-0.8723494096193463,0.0,-0.017447357953642495,-0.00390625,0.5772046811762266,0.0,0.0,0.0,0.0,0.0,0.005368374971112644,0.0,-0.01858604892186122,-0.019999999552965164,-0.00275648501701653,0.032303858548402786,0.1610153168439865,0.9820850491523743,0.0,1999,0.04044728726148605,0.2728107273578644,0.17881043236702682,0.8258914947509766,1.2994123458862306,0.6541030406951904,0.011883120832371316,10,-0.004115686379373073,0.3734944760799408,0.03304370641708374,119.23003973759654,421.0,0.02201903578825295,107424.0,7207.847970959032
0.4663140445947647,-0.0021079225465655328,0.004552268696609113,0.05352945363265462,5100,2048,1.0926368951797485,0.41562044322490693,0.12744140625,0.009215963573660701,0.03772296976530924,0.0037415475145870293,1.0,10,-0.001735359523445368,0.3483992318312327,0.04190252888947725,0.9846740365028381,0.00381018329801871,-0.06451292335987091,0.19895850121974945,0.035032977373339234,0.924708366394043,0.003611173899844289,-0.019881021231412888,0.25297310948371887,0.0373105606995523,0.9642142057418823,0.0038187797690839797,0.012668458744883537,0.16293810307979584,0.018728567101061345,role_local,0.08652077764272689,0.012900693132542074,0.00024257066666666664,0.00022821333333333333,0.0022821333333333336,256.0,1.1963760793209075,861440.0,2.3718862533569336,1.0032424926757812,0.4335825741291046,combat>support,9,0.0,0.0,-0.016418461582361488,-0.01123046875,0.0,0.005892234779821592,0.005892234779821592,0.0,0.0,0.0,0.0,0.0,0.0,1.0,0.31537246475636493,0.005892234779821592,0.0,-0.027008756167560932,-0.027008756167560932,-0.6668006993131712,0.0,-0.01333688126396737,-0.013671875,0.28303227786091156,0.0,0.0,0.0,0.0,0.0,-0.03335627071282943,-0.03335627071282943,-0.8865000319201499,0.0,-0.017731270818330813,-0.015625,0.5000425267935498,0.0,0.0,0.0,0.0,0.0,-0.033812232279160526,-0.033812232279160526,-0.9093579920008779,0.0,-0.01818723266478628,-0.015625,0.5192584983014967,0.0,0.0,0.0,0.0,0.0,0.005892234779821592,0.0,-0.022071256873459788,-0.019999999552965164,-0.0021079225465655328,-0.019930632784962654,0.2110462784767151,0.9683666825294495,0.0,2048,0.04456542432308197,0.12707823514938354,0.0693359375,0.9150028228759766,1.3001152634620667,0.5170076459646225,0.005362989878631197,10,-0.0024804855696856976,0.37360938390096027,0.007072819164022803,119.29040516641446,422.0,0.012900693132542074,107680.0,7221.368716103025
0.3501388169825077,-0.0033986190279392758,0.0032394357688652134,0.035989759606309235,4769,2048,1.0938288807868957,0.27067516893148424,0.05048828125,0.004412042920012027,0.01437541781924665,0.0018869590568468125,1.0,10,-0.001125938631594181,0.34840558966000873,0.013215170521289111,0.9638434052467346,0.0017680528389691808,0.023909607902169228,0.26179638504981995,0.01636388062033802,0.7536250352859497,0.0018391249641071972,0.12351761013269424,0.9253246784210205,0.013662476604804397,0.8155264854431152,0.0020282624138359185,0.08157925307750702,0.5614801049232483,0.15107234418392182,role_local,0.1455501861870289,0.10683902353048325,0.0002424341333333333,0.00022804266666666666,0.0022804266666666666,256.0,1.197290164232254,863488.0,1.9457391500473022,1.0047746896743774,0.3922872841358185,combat>support,6,0.0,0.0,-0.015259954106416748,-0.01123046875,0.0029296875,0.0004944896977576718,0.0004944896977576718,0.0,0.0,0.0,-0.005859375,0.0,0.0,0.91455078125,0.20513629127526656,0.0048890208449847705,0.00146484375,-0.022832941058368306,-0.022832941058368306,-0.7265492581063882,0.0,-0.014532160092130653,-0.009765625,0.1607135448648478,0.0,0.0,0.0,0.0,0.00146484375,-0.016775304859038442,-0.016775304859038442,-0.7166567246895283,0.0,-0.014333896302559879,-0.01171875,0.17008738531148992,0.0078125,0.0,0.0,0.0,0.00146484375,-0.029120837436494185,-0.029120837436494185,-0.8456639794167131,0.0,-0.01691380592455971,-0.017578125,0.2407516280800337,0.00390625,0.0,0.0,0.0,0.00146484375,0.0048890208449847705,0.00146484375,-0.017058648252714192,-0.019999999552965164,-0.0033986190279392758,0.07668183743953705,0.6401776671409607,0.830795168876648,0.0,1876,-0.025857334956526756,0.3779027462005615,0.05760410139337182,0.6842543482780457,1.3007514476776123,0.42960246503353117,0.004591912480883614,10,-0.005671299424284371,0.37363402048746747,0.06260570287704467,119.3552126642717,423.0,0.10683902353048325,107936.0,7234.606522204122
0.4828684389591217,-0.004488824761210708,0.004226013012480288,0.05058838906115852,5154,2048,1.0929271459579468,0.39321439266204833,0.1025390625,0.007594498188700527,0.02499326951801777,0.00294788370877313,1.0,10,-0.003650288585049566,0.34824006756146747,0.027981626987457275,0.9798222780227661,0.0031926254206099403,-0.027531815692782402,0.2133062332868576,0.022664780355989934,0.9063976407051086,0.002849516749179837,-0.027788715437054634,0.3112122118473053,0.024818121269345284,0.7761408686637878,0.0028487401512681866,0.06122748181223869,0.5087022185325623,0.06105809696018696,role_local,0.12356178686022759,0.04807947045192122,0.00024229759999999998,0.000227872,0.00227872,256.0,1.1968109011650085,865536.0,1.9397779703140259,0.9980605840682983,0.3792527914047241,support>combat,4,0.0,0.0,-0.016550518761505373,-0.0087890625,0.0009765625,0.0036824988783337176,0.0036824988783337176,0.0,0.0,0.0,-0.001953125,0.0,0.0,0.95263671875,0.2227993074529877,0.0051473426592565374,0.00048828125,-0.025584234106645454,-0.025584234106645454,-0.7176798330619931,0.0,-0.014353765465784818,-0.01171875,0.3817117184808012,0.0,0.0,0.0,0.0,0.00048828125,-0.030216339338949183,-0.030216339338949183,-0.8516064323484898,0.0,-0.017032745952747064,-0.013671875,0.5111702112480998,0.0,0.0,0.0,0.0,0.00048828125,-0.02168301360143232,-0.02168301360143232,-0.9132020664401352,0.0,-0.018265044865984237,-0.0078125,0.47548116435064003,0.00390625,0.0,0.0,0.0,0.00048828125,0.0051473426592565374,0.00048828125,-0.018450272815243807,-0.019999999552965164,-0.004488824761210708,0.005152208264917135,0.37914949655532837,0.9038652181625366,0.0,1952,-0.016963759437203407,0.27561724185943604,0.07618350860429927,0.6214310526847839,1.3006946563720703,0.5725224852561951,0.005504142316187446,10,-0.00532736093737185,0.37353941798210144,0.035100843943655494,119.41293347231846,424.0,0.04807947045192122,108192.0,7248.260090693133
0.4765837326645851,-0.006338456028606743,0.005737484013379359,0.07352981718722731,5423,2048,1.0913710832595824,0.5453942298889161,0.19150390625,0.015658845187863334,0.07883188035339117,0.00612908516163051,1.0,10,-0.0076418519049184395,0.3479943474133809,0.07333891168236732,0.9540557265281677,0.005980977044042468,-0.058401647955179214,0.251971960067749,0.08148703202605248,0.8324795365333557,0.0061668744424696,0.052070584148168564,0.46944496035575867,0.08103626444935799,0.9507976174354553,0.006221682550261748,0.01288970373570919,0.19937202334403992,0.04362797923386097,role_local,0.0713133156299591,0.048321038112044336,0.00024216106666666664,0.00022770133333333334,0.0022770133333333336,256.0,1.1957134842872619,867584.0,2.1923341751098633,0.9960318803787231,0.43409329652786255,support>combat,5,0.0,0.0,-0.017481593651609728,-0.01123046875,0.0009765625,0.0010529630135351908,0.0010529630135351908,0.0,0.0,0.0,-0.00390625,0.0,0.0,0.935546875,0.12145738872641232,0.004470931799914979,0.00048828125,-0.031251156873622676,-0.031251156873622676,-0.7956114305416122,0.0,-0.016114438101794804,-0.015625,0.27081694895605324,0.0,0.0,0.0,0.0,0.00048828125,-0.02544890874560224,-0.02544890874560224,-0.9058782428037375,0.0,-0.0181246896245284,-0.01171875,0.40504528567544185,0.00390625,0.0,0.0,0.0,0.00048828125,-0.03138924668019172,-0.03138924668019172,-0.9094803854823112,0.0,-0.01820565322850598,-0.013671875,0.3265080450219102,0.0,0.0,0.0,0.0,0.00048828125,0.004470931799914979,0.00048828125,-0.021759088056569453,-0.019999999552965164,-0.006338456028606743,0.004555430728942156,0.3339851200580597,0.905864953994751,0.0,1918,-0.023054184392094612,0.35459157824516296,0.06822775402106344,0.6291288733482361,1.3000558853149413,0.40777323544025423,0.00534588286512821,10,-0.0050350601522950456,0.373578002055486,0.0530140969902277,119.47026928273253,425.0,0.048321038112044336,108448.0,7261.9238678270485
0.5282134763896466,-0.005747091973898932,0.005638282931935251,0.07410596281988546,4486,2048,1.089142918586731,0.41615852266550063,0.18876953125,0.013650274183601142,0.08401527216192335,0.006247571141421415,1.0,10,-0.003266260726377368,0.3477831880251567,0.0793265424668789,0.9781979918479919,0.006303081006626599,-0.048886679112911224,0.22622856497764587,0.0924854758195579,0.8364189267158508,0.006579089026077106,0.05560801550745964,0.6272562146186829,0.08002952821552753,0.8191139698028564,0.005946948691814347,0.0495687872171402,0.4790785610675812,0.0822989009320736,role_local,0.11834419816732407,0.09614497050642967,0.0002420245333333333,0.00022753066666666665,0.0022753066666666667,256.0,1.194901704788208,869632.0,1.9885402917861938,0.9983307123184204,0.4890855848789215,combat>support,13,0.0,-3.662109429569682e-05,-0.014383102953919055,-0.00830078125,0.001953125,-0.005261880702221333,-0.005261880702221333,0.0,0.0,0.0,-0.0078125,0.0,0.0,0.68505859375,-0.19436294928891584,0.0015740566292947733,0.0009765625,-0.017692682669803617,-0.017692682669803617,-0.529657977167517,-4.882812572759576e-05,-0.010807917233250919,-0.0078125,0.02073061814007815,0.0,0.0,0.0,0.0,0.0009765625,-0.019317366673931247,-0.019317366673931247,-0.7183192169759423,-4.882812572759576e-05,-0.01438572559163731,-0.009765625,0.16661821960587986,0.00390625,0.0,0.0,0.0,0.0009765625,-0.020934183143253904,-0.020934183143253904,-0.8965789347421378,-4.882812572759576e-05,-0.017955666036868934,-0.0078125,0.043857346434378996,0.00390625,0.0,0.0,0.0,0.0009765625,0.0015740566292947733,0.0009765625,-0.015801528035808587,-0.019999999552965164,-0.005747091973898932,0.027123667299747467,0.4920428395271301,0.8897180557250977,0.0,1425,-0.12336210906505585,0.5722808241844177,0.06419665347784757,0.46329784393310547,1.300660490989685,0.6402684301137924,0.005028994722449087,10,-0.008227923221420496,0.37356655796368915,0.10999104008078575,119.53687483253833,426.0,0.09614497050642967,108704.0,7275.010336503154
0.5405752763152123,-0.004273211577674374,0.0063981556751234545,0.08148200300056488,4726,2048,1.0879979848861694,0.3964411556720734,0.11201171875,0.009406641451641917,0.049557985225692394,0.004132373883604173,1.0,10,-0.002844753547105938,0.3477466305096944,0.044357074843719604,0.977798342704773,0.003948522260997464,-0.05062686651945114,0.23171697556972504,0.05139247669139877,0.9748314619064331,0.004091575662349967,-0.03166121244430542,0.19702990353107452,0.05187805301975459,0.9568263292312622,0.0043140977503174135,-0.028737269341945648,0.21081621944904327,0.01760310707613826,role_local,0.09792495705187321,0.022671139752492308,0.00024188799999999997,0.00022736,0.0022736,256.0,1.1942027032375335,871680.0,3.6733357906341553,1.0028281211853027,0.17587251961231232,support>combat,7,0.0,-1.220703143189894e-05,-0.015331304564218348,-0.0078125,0.0,0.0024721247882553143,0.0024721247882553143,0.0,0.0,0.0,-0.001953125,0.0,0.0,0.61962890625,0.3244556881254539,0.004425249746418558,0.0,-0.02283802216334152,-0.02283802216334152,-0.6534940095152706,0.0,-0.013072397334326524,-0.009765625,0.04030484409304336,0.0,0.0,0.0,0.0,0.0,-0.025785184931010008,-0.025785184931010008,-0.7985159503296018,-4.882812572759576e-05,-0.015970732092682738,-0.009765625,-0.08475981776791741,0.0,0.0,0.0,0.0,0.0,-0.026716409010987263,-0.026716409010987263,-0.8475385175552219,0.0,-0.01695078426564578,-0.009765625,-0.2555392413632944,0.0,0.0,0.0,0.0,0.0,0.004425249746418558,0.0,-0.01821687342453515,-0.019999999552965164,-0.004273211577674374,-0.03597760200500488,0.21262238919734955,0.9725412130355835,0.0,1270,-0.04256885126233101,0.3001677691936493,0.11340602077543735,0.7010849714279175,1.3004074215888977,0.6847093969583511,0.008663937466642735,10,-0.00570166960824281,0.37354276577631634,0.02773917242884636,119.60046935071013,427.0,0.022671139752492308,108960.0,7288.265712770168
0.4570522099733353,-0.0032763095921836795,0.004774544594242941,0.060755963082192464,4574,2048,1.0867385029792787,0.3453199088573456,0.1357421875,0.010037423824542202,0.05064471015939489,0.004323591800468357,1.0,10,-0.004400494205765426,0.34735605120658875,0.045434489101171496,0.9858694076538086,0.004042839519966493,-0.07182230055332184,0.19179929792881012,0.052869302162434906,0.899174153804779,0.004563962564978952,0.05543944984674454,0.4799537658691406,0.0520070469006896,0.9144884347915649,0.004296592580092318,-0.00999615341424942,0.25962895154953003,0.04347219169139862,role_local,0.06380518451333046,0.026669336156919597,0.00024175146666666664,0.00022718933333333333,0.0022718933333333337,256.0,1.193355178833008,873728.0,1.9141905307769775,0.9933730363845825,0.4420112669467926,support>combat,6,0.0,-1.220703143189894e-05,-0.014762769334993209,-0.00634765625,0.0009765625,0.0053902570844002184,0.0053902570844002184,0.0,0.0,0.0,0.0,0.0,0.0,0.77978515625,0.2971392080071382,0.004901975847133144,0.00048828125,-0.02047566145301971,-0.02047566145301971,-0.5599108549067751,0.0,-0.011198317895832588,-0.009765625,0.25438991145347245,0.0,0.0,0.0,0.0,0.00048828125,-0.01652714169176761,-0.01652714169176761,-0.7531083566136658,0.0,-0.015062297563417815,-0.005859375,0.2559406092041172,0.00390625,0.0,0.0,0.0,0.00048828125,-0.02735386429412756,-0.02735386429412756,-0.9013845736626536,-4.882812572759576e-05,-0.018027692545729224,-0.009765625,0.031739179084979696,0.0,0.0,0.0,0.0,0.00048828125,0.004901975847133144,0.00048828125,-0.01474160299403593,-0.019999999552965164,-0.0032763095921836795,-0.003277270356193185,0.3429815173149109,0.9406423568725586,0.0,1597,0.019495155662298203,0.163125142455101,0.07086721600499005,0.8590487241744995,1.2999718546867371,0.5687845110893249,0.005225497388017525,10,-0.0021521249786019326,0.37338370084762573,0.009866480622440577,119.66156838327196,428.0,0.026669336156919597,109216.0,7301.659269595053
0.45638786256313324,-0.0034688228741288187,0.0046540121832113505,0.0567891332320869,4769,2048,1.0834994792938233,0.3624193698167801,0.1392578125,0.009836340078618378,0.049730838276445866,0.004246629795980556,1.0,10,-0.005207441747188568,0.34717466433842975,0.04339656289666891,0.9863429665565491,0.004053291514041504,-0.09375392645597458,0.1917281448841095,0.059275249019265175,0.8750249147415161,0.004644814272327861,0.05916326493024826,0.49958178400993347,0.044761819019913676,0.968452513217926,0.0039929937085215195,-0.032372377812862396,0.15855897963047028,0.04095878228545189,role_local,0.049921363964676856,0.03638134580105543,0.00024161493333333333,0.00022701866666666664,0.0022701866666666667,256.0,1.1911414206027984,875776.0,2.2290186882019043,1.0012847185134888,0.37372225522994995,support>combat,8,0.0,0.0,-0.015360201457951916,-0.01123046875,0.0009765625,0.0029559769234310806,0.0029559769234310806,0.0,0.0,0.0,-0.001953125,0.0,0.0,0.890625,0.143053446590784,0.004420820650693713,0.00048828125,-0.024722115047552506,-0.024722115047552506,-0.5768992395605892,0.0,-0.0115385215904098,-0.013671875,0.2672112782893237,0.0,0.0,0.0,0.0,0.00048828125,-0.02795122251700377,-0.02795122251700377,-0.8353906341362745,0.0,-0.01672075380338356,-0.015625,0.5224750041088555,0.00390625,0.0,0.0,0.0,0.00048828125,-0.031004922533611534,-0.031004922533611534,-0.8909812823403627,0.0,-0.01782132898006239,-0.013671875,0.3291285817103926,0.0,0.0,0.0,0.0,0.00048828125,0.004420820650693713,0.00048828125,-0.020180571384116774,-0.019999999552965164,-0.0034688228741288187,-0.014201797544956207,0.33732470870018005,0.9442291259765625,0.0,1825,-0.002997302683070302,0.27920326590538025,0.06384742818772793,0.7704805135726929,1.2987833619117737,0.5503563553094863,0.005061394570442146,10,-0.0017302040010690688,0.3733035822709401,0.031803909316658975,119.71865027865621,429.0,0.03638134580105543,109472.0,7315.284610723145
0.5141032189130783,-0.004524419880181085,0.004981522915267056,0.06475722710601986,4879,2048,1.0829264283180238,0.35157295763492585,0.11103515625,0.008252027384878602,0.040073240641504526,0.0034411101092700846,1.0,10,-0.0017039393773302437,0.3471580942471822,0.03384461868554354,0.8861165046691895,0.0031949351429070598,0.0877937376499176,0.6313693523406982,0.04705828195437789,0.8811889886856079,0.0038739630566851702,0.08977263420820236,0.5089582204818726,0.03777841320261359,0.8727272152900696,0.0031995997246443584,-0.03487101569771767,0.3767900764942169,0.0907995954155922,role_local,0.10281921550631523,0.04904559450224042,0.00024147839999999997,0.00022684799999999998,0.0022684800000000002,256.0,1.1907518208026886,877824.0,2.1562905311584473,0.9939283132553101,0.35412976145744324,combat>support,12,0.0,-1.220703143189894e-05,-0.01559214081923225,-0.00634765625,0.001953125,0.00525043846164408,0.00525043846164408,0.0,0.0,0.0,0.0,0.0,0.0,0.875,0.12897931516636163,0.004273875859780674,0.0009765625,-0.01932695333380252,-0.01932695333380252,-0.6241120792110451,0.0,-0.012491015402702033,-0.01171875,0.34336303747841157,0.00390625,0.0,0.0,0.0,0.0009765625,-0.017795585852582008,-0.017795585852582008,-0.8399366862140596,0.0,-0.01681902261043433,-0.005859375,0.561974836862646,0.00390625,0.0,0.0,0.0,0.0009765625,-0.02435114993568277,-0.02435114993568277,-0.8732304896693677,-4.882812572759576e-05,-0.01746638444456039,-0.0078125,0.31361489041591994,0.0,0.0,0.0,0.0,0.0009765625,0.004273875859780674,0.0009765625,-0.014055813273444073,-0.019999999552965164,-0.004524419880181085,0.04284801706671715,0.5064840316772461,0.8867838382720947,0.0,1792,0.03313637897372246,0.1420767605304718,0.08944121357053518,0.9072161912918091,1.2985772132873534,0.6766334801912308,0.006521935721264027,10,-0.007344900383031927,0.37333906690279645,0.007291593588888645,119.7784812764656,430.0,0.04904559450224042,109728.0,7328.728755325079
0.4113388694822788,-0.0007882594829425216,0.004298946248447845,0.04911049652728252,4493,2048,1.0820046424865724,0.3251786604523659,0.12392578125,0.009434376846184023,0.04795549496775493,0.004161446740372348,1.0,10,-0.002637913031503558,0.34688956538836163,0.056063413782976565,0.9576306939125061,0.0046185553751276085,-0.07825280725955963,0.36913126707077026,0.04785093441605568,0.9518671035766602,0.0041514259416521645,-0.025474578142166138,0.3168821632862091,0.04357458595186472,0.9500533938407898,0.003917479367543853,0.04562702775001526,0.19970566034317017,0.0335166135802865,role_local,0.0798452578485012,0.03120442098006606,0.00024134186666666666,0.00022667733333333332,0.0022667733333333333,256.0,1.190444952249527,879872.0,2.174525260925293,0.998650848865509,0.44058313965797424,combat>support,8,0.0,0.0,-0.01451037297010771,-0.009765625,0.0009765625,0.0027933219035958246,0.0027933219035958246,0.0,0.0,0.0,-0.001953125,0.0,0.0,0.92529296875,0.09283230107757845,0.004258165629948962,0.00048828125,-0.01932799095993687,-0.01932799095993687,-0.5025323709705845,0.0,-0.010050646986201173,-0.013671875,0.09343300413456745,0.00390625,0.0,0.0,0.0,0.00048828125,-0.03043131837330293,-0.03043131837330293,-0.7647024868056178,0.0,-0.015294599434128031,-0.015625,0.33457168750464916,0.0,0.0,0.0,0.0,0.00048828125,-0.025510090978059452,-0.025510090978059452,-0.9092588028870523,0.0,-0.018185872489993926,-0.0078125,0.13631908118259162,0.0,0.0,0.0,0.0,0.00048828125,0.004258165629948962,0.00048828125,-0.01811902016743261,-0.019999999552965164,-0.0007882594829425216,-0.008031628094613552,0.2931067943572998,0.9577505588531494,0.0,1896,0.001960708061233163,0.25603199005126953,0.05026549808681011,0.706488847732544,1.2988852620124818,0.4974990785121918,0.004436445756523344,10,0.001061394065618515,0.37336014707883197,0.02889222837984562,119.86760976808839,431.0,0.03120442098006606,109984.0,7340.364938471001
0.4528491571545601,-0.0038617106867604887,0.0047026279085818105,0.05499216355383396,4642,2048,1.0794840097427367,0.35907162725925446,0.13046875,0.009237942553590983,0.04810790929477662,0.004177327433034045,1.0,10,-0.002846758023952134,0.34665756424268085,0.0470862777903676,0.9802519083023071,0.004265135803110792,-0.049568060785532,0.19539807736873627,0.05054509318433702,0.9403834342956543,0.004392406474746824,-0.03630930557847023,0.4104357957839966,0.04668731987476349,0.9225867390632629,0.003935638314713682,-0.01866523176431656,0.2784493565559387,0.03811364658176899,role_local,0.056328434497117996,0.03541182149201631,0.00024120533333333333,0.00022650666666666666,0.002265066666666667,256.0,1.188770741224289,881920.0,2.113569736480713,1.0006109476089478,0.40717679262161255,support>combat,6,0.0,0.0,-0.014951095756259747,-0.01123046875,0.0009765625,0.0030516860579155036,0.0030516860579155036,0.0,0.0,0.0,-0.001953125,0.0,0.0,0.8740234375,0.17007268218731042,0.004516529801549041,0.00048828125,-0.021232960747511243,-0.021232960747511243,-0.5977779645472765,0.0,-0.011955617184867151,-0.009765625,0.18330180936027318,0.0,0.0,0.0,0.0,0.00048828125,-0.028258681053557666,-0.028258681053557666,-0.753747371956706,0.0,-0.015075088034791406,-0.017578125,0.26577164289483335,0.00390625,0.0,0.0,0.0,0.00048828125,-0.03295930044259876,-0.03295930044259876,-0.8911289034876972,0.0,-0.017822582049120683,-0.015625,0.26016039172100136,0.0,0.0,0.0,0.0,0.00048828125,0.004516529801549041,0.00048828125,-0.01984981466375757,-0.019999999552965164,-0.0038617106867604887,-0.032808780670166016,0.3129057288169861,0.9531546235084534,0.0,1791,0.024577124044299126,0.2756856381893158,0.061876417812891306,0.6949068307876587,1.2980574727058412,0.5466266870498657,0.005227928384129577,10,-0.004876663349568844,0.37305094798405963,0.032709996402263644,119.93579795879488,432.0,0.03541182149201631,110240.0,7353.267456501955
0.4435122974216938,-0.005306428609765134,0.00418496039903926,0.05123606083216146,4442,2048,1.0773292064666748,0.5038864657282829,0.162890625,0.011819044436560944,0.07003514394164086,0.005438640611897197,1.0,10,-0.008411768235964701,0.3463093936443329,0.055489606782794,0.9717004299163818,0.004738047510537124,-0.10750098526477814,0.31816670298576355,0.07128768153488636,0.971481442451477,0.005609178326193426,-0.0026645739562809467,0.24509234726428986,0.07642969014123083,0.853770911693573,0.005665298788567025,-0.009998043067753315,0.2701854109764099,0.02656273525208235,role_local,0.09122307114303112,0.026219040621072054,0.0002410688,0.000226336,0.00226336,256.0,1.1864538431167602,883968.0,2.0877914428710938,0.9956899881362915,0.3987100124359131,support>combat,9,0.0,0.0,-0.014341284882296653,-0.00927734375,0.0,0.002480469334841473,0.002480469334841473,0.0,0.0,0.0,-0.001953125,0.0,0.0,0.98974609375,0.07910166477086022,0.004433594342117431,0.0,-0.023379294523692806,-0.023379294523692806,-0.48536565515678376,0.0,-0.009707419623737223,-0.013671875,0.23815250775078312,0.0,0.0,0.0,0.0,0.0,-0.021882983248360688,-0.021882983248360688,-0.7035242115380242,0.0,-0.014070483295654412,-0.0078125,0.3150703823193908,0.0,0.0,0.0,0.0,0.0,-0.03291782622545725,-0.03291782622545725,-0.9622858332004398,0.0,-0.019245951727498323,-0.013671875,0.4014478799654171,0.0,0.0,0.0,0.0,0.0,0.004433594342117431,0.0,-0.018924908898043213,-0.019999999552965164,-0.005306428609765134,-0.02971467189490795,0.2774432897567749,0.963264524936676,0.0,2028,-0.020079031586647034,0.2305924892425537,0.03243697772268206,0.7069961428642273,1.2955784797668457,0.3831381291151047,0.002931280186181323,10,-0.0022010889835655688,0.3728616535663605,0.02587534599006176,120.01630460803216,433.0,0.026219040621072054,110496.0,7365.399250435177
0.40742418691515925,-0.0044788634520955386,0.005279624507920785,0.06413817778229713,4678,2048,1.0743592381477356,0.4052943468093872,0.130859375,0.009685479127801955,0.045712690241634844,0.004179855801222643,1.0,10,-0.004868301749229431,0.3460729519526164,0.048394989548251034,0.9787502288818359,0.004320157250351708,-0.06672237068414688,0.2524201273918152,0.048932459042407575,0.9594705700874329,0.0042862419268758275,-0.04717354476451874,0.2819150984287262,0.041655276576057075,0.8989118337631226,0.00401712418515085,0.029195507988333702,0.22843345999717712,0.024333830922842026,role_local,0.09228945337235928,0.032263821177184585,0.00024093226666666663,0.00022616533333333333,0.0022616533333333333,256.0,1.1847240924835205,886016.0,2.5249269008636475,1.0032751560211182,0.30638566613197327,support>combat,8,0.0,0.0,-0.01511700497333853,-0.0107421875,0.0,0.0021395287794803153,0.0021395287794803153,0.0,0.0,0.0,-0.00390625,0.0,0.0,0.8525390625,0.43927043161238544,0.006045778834049997,0.0,-0.02486238082019554,-0.02486238082019554,-0.5594908620696515,0.0,-0.01119050606212113,-0.013671875,0.1862353862634336,0.0,0.0,0.0,0.0,0.0,-0.030630155499238754,-0.030630155499238754,-0.750257849227637,0.0,-0.015005155761173228,-0.015625,0.3306967379830894,0.0,0.0,0.0,0.0,0.0,-0.028920978220412508,-0.028920978220412508,-0.9577334832865745,0.0,-0.019155353096721228,-0.009765625,0.24476633823360316,0.0,0.0,0.0,0.0,0.0,0.006045778834049997,0.0,-0.020568497202475555,-0.019999999552965164,-0.0044788634520955386,-0.019688505679368973,0.25660815834999084,0.9659643769264221,0.0,1748,-0.04219437018036842,0.32337936758995056,0.08256366532295942,0.680273175239563,1.2950889468193054,0.40955402702093124,0.006379393214618928,10,-0.004089425154961646,0.37292691071828205,0.040193811431527136,120.07821621967784,434.0,0.032263821177184585,110752.0,7378.657244367059
0.4514495000243187,-0.007735078944824636,0.005062985581370885,0.06377997322706505,4589,2048,1.0726043224334716,0.371991428732872,0.14931640625,0.010923614233615809,0.06058447500690818,0.004891432550273434,1.0,10,-0.003336094133555889,0.3458094795544942,0.055250586569309236,0.9794259667396545,0.004647719438147346,-0.07411863654851913,0.24445031583309174,0.07429622393101454,0.8836867809295654,0.0055816913856852595,0.06855355203151703,0.4698410928249359,0.050817705877125266,0.9461773633956909,0.004388330305659854,0.035413309931755066,0.2047920972108841,0.04362072497606277,role_local,0.08455040529370308,0.026367096975445748,0.00024079573333333332,0.00022599466666666665,0.002259946666666667,256.0,1.184111076593399,888064.0,2.6789677143096924,0.9974275827407837,0.3077044188976288,combat>support,6,0.0,0.0,-0.014761508009542013,-0.00927734375,0.0009765625,0.005202024333812005,0.005202024333812005,0.0,0.0,0.0,0.0,0.0,0.0,0.875,0.20229051795467967,0.00471374306926009,0.00048828125,-0.022859870872707688,-0.022859870872707688,-0.4838138825725764,0.0,-0.009676277346443385,-0.013671875,0.17957179254472067,0.0,0.0,0.0,0.0,0.00048828125,-0.021867753446713323,-0.021867753446713323,-0.8247502821031958,0.0,-0.016496659653057577,-0.009765625,0.43042531074024737,0.00390625,0.0,0.0,0.0,0.00048828125,-0.03129518058267422,-0.03129518058267422,-0.9055241025052965,0.0,-0.018111587029125076,-0.013671875,0.3325825067004189,0.0,0.0,0.0,0.0,0.00048828125,0.00471374306926009,0.00048828125,-0.017705196216411423,-0.019999999552965164,-0.007735078944824636,0.023875141516327858,0.33987170457839966,0.9442607164382935,0.0,1792,0.03686094284057617,0.13480564951896667,0.06697547144722193,0.8727526068687439,1.2956178307533264,0.5309075713157654,0.005234538612468337,10,-0.012134063756093383,0.3728559712568919,0.00911346897482872,120.14016395825698,435.0,0.026367096975445748,111008.0,7391.899351065978
0.5581645339727401,-0.006198600982315838,0.005068642894398746,0.06609770674258471,5015,2048,1.0704314231872558,0.621592664718628,0.25205078125,0.021324882458429784,0.12072608694434166,0.008669300162309898,1.0,10,-0.0039685622323304415,0.34565219283103943,0.11182558592408895,0.9628704786300659,0.008042896413244308,-0.07242821902036667,0.29212141036987305,0.12746939472854138,0.8177016377449036,0.009092556734563956,0.12024838477373123,0.603948175907135,0.12071278728544713,0.8842710852622986,0.0087156995829494,0.028866015374660492,0.26967519521713257,0.07121601514518261,role_local,0.07476208135485649,0.04918364826589823,0.00024065919999999996,0.00022582399999999998,0.00225824,256.0,1.1821826100349426,890112.0,2.029587507247925,1.0052601099014282,0.4254538416862488,combat>support,4,0.0,-1.220703143189894e-05,-0.016110620421386557,-0.009765625,0.0009765625,0.004016240428427409,0.004016240428427409,0.0,0.0,0.0,-0.001953125,0.0,0.0,0.95361328125,0.2777718280995032,0.005481084062012087,0.00048828125,-0.02395814290684939,-0.02395814290684939,-0.6363831197377294,0.0,-0.012727674416964874,-0.01171875,0.2354385679063853,0.0,0.0,0.0,0.0,0.00048828125,-0.023879555435996735,-0.023879555435996735,-0.827766616945155,0.0,-0.016555336198507575,-0.01171875,0.3785792286435026,0.00390625,0.0,0.0,0.0,0.00048828125,-0.032281272258842364,-0.032281272258842364,-0.9524194430559874,-4.882812572759576e-05,-0.01904885064868722,-0.013671875,0.4377179255243391,0.0,0.0,0.0,0.0,0.00048828125,0.005481084062012087,0.00048828125,-0.019025683406653116,-0.019999999552965164,-0.006198600982315838,0.03371378034353256,0.4267934262752533,0.8972707986831665,0.0,1954,-0.0006236893241293728,0.242683544754982,0.01146932654082775,0.7414013743400574,1.2939337968826294,0.4947364032268524,0.0014679856264875947,10,-0.008428639732301235,0.3726028899351756,0.027151281386613844,120.19915106637366,436.0,0.04918364826589823,111264.0,7405.310204799054
0.49088638424873354,-0.0018548379797721283,0.004344222925198182,0.05391206894419156,5094,2048,1.0694273114204407,0.41403715312480927,0.09609375,0.007035119942156598,0.02357391850091517,0.002830315366566483,1.0,10,0.00017368359840475023,0.34556445479393005,0.026441174384672195,0.9055169820785522,0.002926813315866249,0.05814152956008911,0.5351592302322388,0.02197546698153019,0.7289918661117554,0.002806349636956973,-0.04940496012568474,0.4987061321735382,0.022994507802650332,0.9442837238311768,0.0027806813395847064,0.09094775468111038,0.24685491621494293,0.07550933882594109,role_local,0.08852299898862839,0.045430455496534704,0.00024052266666666665,0.0002256533333333333,0.0022565333333333334,256.0,1.1812516629695893,892160.0,1.8726423978805542,0.9986639022827148,0.4699300527572632,support>combat,7,0.0,0.0,-0.016369506179520005,-0.01025390625,0.0009765625,0.0025319557471448206,0.0025319557471448206,0.0,0.0,0.0,-0.001953125,0.0,0.0,0.9404296875,0.03918012934082071,0.003996799491687852,0.00048828125,-0.02471933876586263,-0.02471933876586263,-0.6742758168838918,0.0,-0.013488869306456763,-0.015625,0.21219441559514962,0.00390625,0.0,0.0,0.0,0.00048828125,-0.02903018921642797,-0.02903018921642797,-0.8898227487225085,0.0,-0.017799720699258614,-0.01171875,0.39347450918285176,0.0,0.0,0.0,0.0,0.00048828125,-0.029050396882666973,-0.029050396882666973,-0.8907404176425189,0.0,-0.017819928532844642,-0.01171875,0.3610846169904107,0.0,0.0,0.0,0.0,0.00048828125,0.003996799491687852,0.00048828125,-0.02006699329649564,-0.019999999552965164,-0.0018548379797721283,0.030886651948094368,0.4419143497943878,0.8882025480270386,0.0,1927,-0.008487087674438953,0.18282772600650787,0.08425021938746795,0.8972467184066772,1.2930760145187379,0.5677356153726578,0.005858130483829882,10,-0.0038833595579490067,0.37268684307734173,0.015351572167128324,120.25761428420599,437.0,0.045430455496534704,111520.0,7418.74022123497
0.43395920023322104,-0.0019380939891561865,0.0024136372625127222,0.02244992212508805,4906,2048,1.0683050274848938,0.4316681191325188,0.0900390625,0.007375159091316164,0.03239206788130104,0.0030635140357117784,1.0,10,-0.002769750263541937,0.3453337450822194,0.01629381291568279,0.9841388463973999,0.0022321533785670256,-0.027943484485149384,0.19156479835510254,0.038318665511906144,0.9608069062232971,0.003429230993119975,-0.027328602969646454,0.20375151932239532,0.03749442445114255,0.9441450834274292,0.003270943868601972,0.027070753276348114,0.22877104580402374,0.018468894995748997,role_local,0.04932337887585163,0.011060478701256215,0.0002403861333333333,0.00022548266666666663,0.002254826666666667,256.0,1.1815265655517577,894208.0,1.785416841506958,1.0030088424682617,0.444480299949646,support>combat,6,0.0,0.0,-0.01585589928193561,-0.009765625,0.0,0.00561321285476879,0.00561321285476879,0.0,0.0,0.0,0.0,0.0,0.0,0.875,0.35220214126456995,0.00561321285476879,0.0,-0.021954893076326698,-0.021954893076326698,-0.6093613621778786,0.0,-0.012189268290967448,-0.009765625,0.021051635263575008,0.0,0.0,0.0,0.0,0.0,-0.032972865585179534,-0.032972865585179534,-0.8673917271662503,0.0,-0.017347866072668694,-0.015625,0.2692037021770375,0.0,0.0,0.0,0.0,0.0,-0.031702437980129616,-0.031702437980129616,-0.9014741629362106,0.0,-0.01803056348217069,-0.013671875,0.29992638547264505,0.0,0.0,0.0,0.0,0.0,0.00561321285476879,0.0,-0.020254247006960213,-0.019999999552965164,-0.0019380939891561865,-0.006828208453953266,0.21235869824886322,0.9703789353370667,0.0,1792,0.03152162954211235,0.09982721507549286,0.012507776368875057,0.9109014272689819,1.294748103618622,0.43625028133392335,0.0017637604893136663,10,-0.0011064377147704362,0.37309252222379047,0.0036520624067634343,120.31745947945406,438.0,0.011060478701256215,111776.0,7432.0718195741065
0.346993363648653,-0.0024816678080242125,0.003984002871726252,0.045771474098728504,5274,2048,1.0658098340034485,0.27255452871322633,0.10654296875,0.007989742496283725,0.03460705561737996,0.0033572275052571932,1.0,10,-0.0027631915174424647,0.34501907229423523,0.04178042151033878,0.957639753818512,0.00380675682908308,-0.007565681356936693,0.28160837292671204,0.03187976321205497,0.9413389563560486,0.0029956624059130467,-0.008077945560216904,0.2680126428604126,0.03158035156084225,0.7683913707733154,0.003331192287890339,-0.001307487953454256,0.2879175543785095,0.031791514717042446,role_local,0.06100106723606587,0.028037866950035094,0.00024024959999999998,0.00022531199999999997,0.00225312,256.0,1.1820728123188018,896256.0,1.7513948678970337,0.9955804347991943,0.49498608708381653,support>combat,2,0.0,0.0,-0.017029880896492006,-0.0107421875,0.0,0.00332467436328443,0.00332467436328443,0.0,0.0,0.0,-0.001953125,0.0,0.0,0.90380859375,0.2770941705093719,0.0052777994014832075,0.0,-0.026429270754306344,-0.026429270754306344,-0.7354735659901053,0.0,-0.014710520936205285,-0.01171875,0.15902168392494787,0.0,0.0,0.0,0.0,0.0,-0.032481804890267085,-0.032481804890267085,-0.8427220163866878,0.0,-0.016856805377756245,-0.015625,0.23443772687460296,0.0,0.0,0.0,0.0,0.0,-0.03319419096078491,-0.03319419096078491,-0.9760707418899983,0.0,-0.019522316375514492,-0.013671875,0.3565520990814548,0.0,0.0,0.0,0.0,0.0,0.0052777994014832075,0.0,-0.02219514902026276,-0.019999999552965164,-0.0024816678080242125,-0.0053361551836133,0.2796974778175354,0.9336272478103638,0.0,1852,-0.008046331815421581,0.23259976506233215,0.05693589258007705,0.7582619190216064,1.2983357906341553,0.42143219858407976,0.004610778238195312,10,-0.0022001440986059604,0.373484989007314,0.024284219183027745,120.37511307716322,439.0,0.028037866950035094,112032.0,7445.525716145989
0.4092825181782246,-0.0016378092346712946,0.003292010041768664,0.030943214838043787,5099,2048,1.0632079601287843,0.2822453275322914,0.094140625,0.0067810613429173825,0.020187210926087572,0.0027483214240055565,1.0,10,-0.0005293950904160738,0.3447224994500478,0.016345126554369926,0.9584696292877197,0.0026614097517795644,-0.08100559562444687,0.2987847626209259,0.019055490382015705,0.8350057601928711,0.0026454708693428473,0.08088763058185577,0.4342098534107208,0.024361230339854954,0.9154724478721619,0.002924825488324195,-0.011043590493500233,0.30204325914382935,0.05366320870816708,role_local,0.03861663080751896,0.02874414445832372,0.00024011306666666665,0.0002251413333333333,0.0022514133333333334,256.0,1.1815872251987458,898304.0,1.8321380615234375,0.9964367151260376,0.536910355091095,support>combat,7,0.0,0.0,-0.01638384712775102,-0.01123046875,0.0009765625,0.006477509275100601,0.006477509275100601,0.0,0.0,0.0,0.0,0.0,0.0,1.0,0.33153800904983655,0.005989228046928474,0.00048828125,-0.03257648221915588,-0.03257648221915588,-0.6766757251461968,0.0,-0.013533513703805511,-0.01953125,0.3257881066238042,0.0,0.0,0.0,0.0,0.00048828125,-0.02360713086090982,-0.02360713086090982,-0.9117980971932411,0.0,-0.018236036492453422,-0.009765625,0.45368822233285755,0.00390625,0.0,0.0,0.0,0.00048828125,-0.03251870977692306,-0.03251870977692306,-0.8690278616268188,0.0,-0.017381991186994128,-0.015625,0.458647980238311,0.0,0.0,0.0,0.0,0.00048828125,0.005989228046928474,0.00048828125,-0.020556204515742138,-0.019999999552965164,-0.0016378092346712946,0.0037317569367587566,0.36191144585609436,0.9137972593307495,0.0,2048,0.012869625352323055,0.08784105628728867,0.04169921875,0.9131561517715454,1.2999664902687074,0.5363197088241577,0.0038356986595317723,10,-0.0027462233789265155,0.37340303262074787,0.003825080208480358,120.42865314587458,440.0,0.02874414445832372,112288.0,7459.221510282019
0.5439469680190087,-0.003333241038490087,0.005008022176008685,0.059079985786229375,4269,1696,1.0600674033164978,0.5230939656496048,0.16518322435440497,0.011849004443502054,0.054855219833552835,0.004748714957289055,1.0,10,-0.0028126067481935024,0.34429672360420227,0.05349609088152647,0.9888184070587158,0.004754190473225367,-0.00743007892742753,0.15910637378692627,0.05736684231087565,0.9304612874984741,0.004854986019001561,-0.03319279104471207,0.21743755042552948,0.05333910556510091,0.9586961269378662,0.004640936900072457,0.02113267593085766,0.1664663702249527,0.014523806795477868,role_local,0.0788122858852148,0.031921524368226525,0.00023999999999999998,0.000225,0.0022500000000000003,212.0,1.179372000694275,900000.0,3.088179111480713,1.0034629106521606,0.3083333373069763,support>combat,1,0.0,0.0,-0.01668712036514292,-0.010023584905660377,0.0,0.0011332930913546457,0.0011332930913546457,0.0,0.0,0.0,-0.0047169811320754715,0.0,0.0,0.9375,0.3500456946357241,0.005850274128979951,0.0,-0.020336179154977766,-0.020336179154977766,-0.663035420173744,0.0,-0.01326070750958093,-0.007075471698113208,0.2000406128969395,0.0,0.0,0.0,0.0,0.0,-0.03472514349510366,-0.03472514349510366,-0.9107855884534009,0.0,-0.018215710147863853,-0.01650943396226415,0.343906561580469,0.0,0.0,0.0,0.0,0.0,-0.030377396057307157,-0.030377396057307157,-0.9292193429087693,0.0,-0.018584943437983968,-0.01179245283018868,0.37614468254922134,0.0,0.0,0.0,0.0,0.0,0.005850274128979951,0.0,-0.021076357369926177,-0.019999999552965164,-0.003333241038490087,-0.006240919232368469,0.1864476352930069,0.9727858304977417,0.0,1592,-0.057779278606176376,0.3374888300895691,0.0633047517389059,0.6711649298667908,1.298676598072052,0.5647999703884125,0.005267329394728315,10,-0.003853875328786671,0.3733031451702118,0.049319241940975186,120.47058628973835,441.0,0.031921524368226525,112500.0,7470.703245649114
0.41807014793157576,-0.002415335917612538,0.002495783201923097,0.023337739607086405,4499,2048,1.0571976065635682,0.47687269896268847,0.087890625,0.006912612100131809,0.031695494463201614,0.003174507653837351,1.0,10,-0.0018421786604449152,0.3441563347975413,0.03282791408710182,0.9786654710769653,0.003129854705184698,-0.09491869062185287,0.26833534240722656,0.03595933155156672,0.9404872059822083,0.0033492076621089105,-0.07446987926959991,0.31237131357192993,0.027388700272422285,0.909031331539154,0.003048661912398687,0.03186637908220291,0.30388402938842773,0.032601209729909895,role_local,0.08181765526533127,0.032195184286683796,0.00023986346666666664,0.00022482933333333333,0.0022482933333333333,256.0,1.1779913246631621,902048.0,2.4926631450653076,1.0021634101867676,0.41443732380867004,combat>support,7,0.0,0.0,-0.014467881089027893,-0.01220703125,0.0,0.002759403596428456,0.002759403596428456,0.0,0.0,0.0,-0.00390625,0.0,0.0,0.953125,0.4755256008938886,0.006665653576419572,0.0,-0.025671549625258194,-0.025671549625258194,-0.5021161338081583,0.0,-0.01004654988355469,-0.015625,0.13374986170674674,0.0,0.0,0.0,0.0,0.0,-0.031146319346589735,-0.031146319346589735,-0.7760654285084456,0.0,-0.015521319448453141,-0.015625,0.40585992234991863,0.0,0.0,0.0,0.0,0.0,-0.03150764871679712,-0.03150764871679712,-0.8917312815319747,0.0,-0.01783577393507585,-0.013671875,0.3448197065736167,0.0,0.0,0.0,0.0,0.0,0.006665653576419572,0.0,-0.021391529437096324,-0.019999999552965164,-0.002415335917612538,-0.03547114133834839,0.30453115701675415,0.9568893313407898,0.0,1954,-0.027302734553813934,0.28029435873031616,0.014979984750971198,0.7535791993141174,1.2987850427627563,0.3592675969004631,0.001817058750008843,10,-0.00298849317478016,0.3733956317106883,0.0317891588434577,117.44478761206686,442.0,0.032195184286683796,112756.0,7680.613319167169
0.470670659840107,-0.0008737638825550675,0.004842275603363297,0.06433209180831909,4687,2048,1.0573294639587403,0.329914727807045,0.0599609375,0.005132950667757541,0.020857023808639498,0.0022023751527869284,1.0,10,0.0009345142170786858,0.34432175755500793,0.020196132361888885,0.9809356331825256,0.002109796104721634,-0.05690715089440346,0.22921177744865417,0.025650756782852113,0.8640968203544617,0.0024479089501892428,0.07440726459026337,0.4771213233470917,0.01678563575260341,0.9526030421257019,0.0020266269534527036,0.021009696647524834,0.19522736966609955,0.04322034306824207,role_local,0.09126942828297616,0.02612522174604237,0.0002397269333333333,0.00022465866666666667,0.002246586666666667,256.0,1.1781862616539,904096.0,2.5513522624969482,1.007874846458435,0.38876333832740784,support>combat,5,0.0,0.0,-0.015076696955778365,-0.00927734375,0.0009765625,0.005136637264058663,0.005136637264058663,0.0,0.0,0.0,0.0,0.0,0.0,0.875,0.1913926772249397,0.004648356039524515,0.00048828125,-0.021717181805797736,-0.021717181805797736,-0.5243356820428744,0.0,-0.010486713186764973,-0.01171875,0.20263918305863626,0.0,0.0,0.0,0.0,0.00048828125,-0.02396092011258588,-0.02396092011258588,-0.8311208919622004,0.0,-0.01663670102789183,-0.01171875,0.4532593854237348,0.00390625,0.0,0.0,0.0,0.00048828125,-0.03129027000250062,-0.03129027000250062,-0.9053227242548019,0.0,-0.01810667665267829,-0.013671875,0.3632991925114766,0.0,0.0,0.0,0.0,0.00048828125,0.004648356039524515,0.00048828125,-0.017957935137019376,-0.019999999552965164,-0.0008737638825550675,0.022856242954730988,0.33789169788360596,0.9407216906547546,0.0,1792,0.018060458824038506,0.1388012319803238,0.10780715980799868,0.9021116495132446,1.29904305934906,0.611426591873169,0.007482176053939665,10,-0.0026820419821888208,0.3733089367548625,0.009030100423842669,117.50639501380947,443.0,0.02612522174604237,113012.0,7694.015290774172
0.42017074301838875,-0.0036011771007906646,0.005400338403166676,0.07374286279082298,4646,2048,1.0591996669769288,0.3560648947954178,0.11318359375,0.009100739436689764,0.04908659085631371,0.003901147456785278,1.0,10,-0.0021744173485785724,0.3445635437965393,0.0571249159052968,0.9841703176498413,0.004255812273809817,-0.000476890301797539,0.20836743712425232,0.04425961545202881,0.8696184158325195,0.0037485190570498263,0.07645219564437866,0.5028332471847534,0.047313740756362674,0.976881206035614,0.0037612539384887732,-0.009977533482015133,0.1728082001209259,0.041209200769662856,role_local,0.09961304627358913,0.026420933473855258,0.00023959039999999998,0.000224488,0.0022448800000000003,256.0,1.1785613596439362,906144.0,2.652578115463257,1.0049583911895752,0.3767222464084625,support>combat,7,0.0,0.0,-0.014971641604158018,-0.009765625,0.0009765625,0.005595737857220229,0.005595737857220229,0.0,0.0,0.0,0.0,0.0,0.0,0.875,0.26790943619562313,0.005107456585392356,0.00048828125,-0.026332773621106753,-0.026332773621106753,-0.6574590493692085,0.0,-0.01314918018397293,-0.013671875,0.2768890156876296,0.0,0.0,0.0,0.0,0.00048828125,-0.02501667012620601,-0.02501667012620601,-0.7869663082528859,0.0,-0.015739325128379278,-0.013671875,0.4419831359409727,0.00390625,0.0,0.0,0.0,0.00048828125,-0.02725688793725567,-0.02725688793725567,-0.8010842252988368,0.0,-0.016026419500121847,-0.01171875,0.19302293448708951,0.0,0.0,0.0,0.0,0.00048828125,0.005107456585392356,0.00048828125,-0.018252649391797604,-0.019999999552965164,-0.0036011771007906646,0.023339513689279556,0.3379020392894745,0.9436933994293213,0.0,1792,0.05008342117071152,0.1782289296388626,0.09839913472533227,0.8060713410377502,1.2979230523109435,0.4842765912413597,0.0068995293495480725,10,-0.005027936853002757,0.3731953700383504,0.011632666178047656,117.5796322010094,444.0,0.026420933473855258,113268.0,7706.640878506005
0.4545885346829891,-0.003096631699008867,0.004232888945604326,0.053325413950369695,4858,2048,1.0612782478332519,0.34430702179670336,0.06923828125,0.005611492448952049,0.019028174626873805,0.002201445824778869,1.0,10,-0.002918585785664618,0.3447980384031932,0.024165011802688242,0.9821518659591675,0.002429859718637098,-0.04256118834018707,0.22180920839309692,0.015915833692997695,0.9205231070518494,0.0020878259466019676,-0.02194981835782528,0.2805308997631073,0.018364776927046477,0.9675254821777344,0.002145515232948342,-0.003372609382495284,0.20010867714881897,0.02318865153938532,role_local,0.093051802739501,0.01525783292017877,0.00023945386666666664,0.00022431733333333332,0.0022431733333333334,256.0,1.17929767370224,908192.0,3.120157241821289,1.0074338912963867,0.4106384217739105,support>combat,2,0.0,0.0,-0.01568143090783754,-0.0107421875,0.0,0.005292168248161033,0.005292168248161033,0.0,0.0,0.0,0.0,0.0,0.0,0.97509765625,0.23196294343506452,0.005292168248161033,0.0,-0.02838152657932369,-0.02838152657932369,-0.6378263840451837,0.0,-0.012756526930388645,-0.015625,0.23971282354250434,0.0,0.0,0.0,0.0,0.0,-0.03103788580483524,-0.03103788580483524,-0.8680459884926677,0.0,-0.017366010833939072,-0.013671875,0.4453046095368336,0.0,0.0,0.0,0.0,0.0,-0.030593629700888414,-0.030593629700888414,-0.84597875084728,0.0,-0.01692175495918491,-0.013671875,0.3688154250558,0.0,0.0,0.0,0.0,0.0,0.005292168248161033,0.0,-0.02118021908972878,-0.019999999552965164,-0.003096631699008867,-0.02086799591779709,0.23890531063079834,0.9650963544845581,0.0,1997,0.029426204040646553,0.14338967204093933,0.08762265327386558,0.8802198171615601,1.297317099571228,0.564870047569275,0.0062643320664297845,10,-0.0032746776123531163,0.37319860855738324,0.0073270143009722235,117.64156064916233,445.0,0.01525783292017877,113524.0,7719.992789865006
0.36459813043475153,-0.001449555824365234,0.003276856927184546,0.03063115744735114,5656,2048,1.0624931097030639,0.314927676320076,0.13564453125,0.009574059996521101,0.031086533644702284,0.003344210056089181,1.0,10,-0.0010350559183279983,0.34473681449890137,0.03258182667195797,0.9859589338302612,0.003456642446716751,0.027287505567073822,0.132254958152771,0.029885594546794892,0.8360044956207275,0.0032527506161818876,0.08172379434108734,0.4343526363372803,0.030970464239362627,0.9282541275024414,0.0033353946195626705,0.04270630702376366,0.20634184777736664,0.038478299230337146,role_local,0.11548950597643852,0.021209453663323073,0.00023931733333333333,0.00022414666666666666,0.002241466666666667,256.0,1.180050390958786,910240.0,2.25217342376709,0.9921966791152954,0.4735333323478699,support>combat,0,0.0,0.0,-0.018230654854657285,-0.00927734375,0.0009765625,0.0057826787679005065,0.0057826787679005065,0.0,0.0,0.0,0.0,0.0,0.0,1.0,0.21573290333617479,0.005294397421494068,0.00048828125,-0.026134488456591498,-0.026134488456591498,-0.8428347480949014,0.0,-0.016857144713867456,-0.009765625,0.4377043970162049,0.0,0.0,0.0,0.0,0.00048828125,-0.028154377105238382,-0.028154377105238382,-0.943727316102013,0.0,-0.01887703226384474,-0.013671875,0.5380000306176953,0.00390625,0.0,0.0,0.0,0.00048828125,-0.03214138110342901,-0.03214138110342901,-0.9478649357333779,0.0,-0.018957787586259656,-0.013671875,0.4888563091517426,0.0,0.0,0.0,0.0,0.00048828125,0.005294397421494068,0.00048828125,-0.020161893025942845,-0.019999999552965164,-0.001449555824365234,0.051487814635038376,0.2932547330856323,0.9159830808639526,0.0,2048,0.04003242403268814,0.09644470363855362,0.03017578125,0.9224069118499756,1.297607672214508,0.41426858454942705,0.003209503798279911,10,-0.0018640557304024697,0.3733100692431132,0.003940608096309006,117.69666686290394,446.0,0.021209453663323073,113780.0,7733.778910326073
0.474814435094595,-0.0022076653942349365,0.0040304051149988585,0.04722284178424161,4858,2048,1.0612200617790222,0.5168667241930962,0.150390625,0.010932183226395864,0.06192615231848322,0.004951442971267372,1.0,10,-0.0032240360364085064,0.34461397926012677,0.05221995748579502,0.9765624403953552,0.004231293109257239,-0.0342036709189415,0.23425211012363434,0.06050254963338375,0.9678972959518433,0.004914615006304845,-0.006470624357461929,0.2770703136920929,0.07071207300759852,0.9298723936080933,0.005548994679254282,0.018996668979525566,0.23016196489334106,0.02447544429451227,role_local,0.04636312518268824,0.014158630440942944,0.00023918079999999997,0.000223976,0.0022397600000000004,256.0,1.179596972465515,912288.0,2.798295736312866,0.9973529577255249,0.3351929485797882,combat>support,5,0.0,0.0,-0.0156575164583046,-0.0126953125,0.0,0.0053451525109267095,0.0053451525109267095,0.0,0.0,0.0,0.0,0.0,0.0,1.0,0.2241920905889856,0.0053451525109267095,0.0,-0.03411853742727544,-0.03411853742727544,-0.7293529431335628,0.0,-0.01458728761463135,-0.01953125,0.3298373540965258,0.0,0.0,0.0,0.0,0.0,-0.02960876770885079,-0.02960876770885079,-0.6990293548442423,0.0,-0.013983767983518192,-0.015625,0.30504283429763746,0.0,0.0,0.0,0.0,0.0,-0.0340264933402068,-0.0340264933402068,-0.9198919043410569,0.0,-0.018401493776764255,-0.015625,0.4970105784595944,0.0,0.0,0.0,0.0,0.0,0.0053451525109267095,0.0,-0.02310216222758754,-0.019999999552965164,-0.0022076653942349365,-0.005090875085443258,0.2473238706588745,0.967158854007721,0.0,2048,0.02854880876839161,0.10017950087785721,0.03251953125,0.9191704392433167,1.297973883152008,0.43276214599609375,0.0031093672587303445,10,-0.001191294752061367,0.3732232451438904,0.0038418165873736142,117.7581616214304,447.0,0.014158630440942944,114036.0,7747.131811829982
0.42147219032049177,-0.0022269105538725853,0.002464603683367317,0.024024414058658294,4663,2048,1.0612592458724976,0.37034999430179594,0.044921875,0.003954751888522878,0.013771484367316589,0.0017687030331615893,1.0,10,-0.0029938725754618646,0.3447761634985606,0.016429781925398856,0.987932026386261,0.0018640803213569423,-0.026619790121912956,0.17432479560375214,0.011135484091937542,0.8437932133674622,0.0016170375186865982,0.09952617436647415,0.5293790102005005,0.014690785482525826,0.9642929434776306,0.0018681485178952296,0.0013637134106829762,0.2459208220243454,0.052798666432499884,role_local,0.07607375998049974,0.02830310072749853,0.00023904426666666666,0.0002238053333333333,0.0022380533333333334,256.0,1.1791589081287384,914336.0,2.9880659580230713,0.9939443469047546,0.4060414135456085,support>combat,4,0.0,0.0,-0.014969473723491925,-0.009765625,0.001953125,0.0066060160570486914,0.0066060160570486914,0.0,0.0,0.0,0.0,0.0,0.0,1.0,0.27157559905026574,0.00562945356250566,0.0009765625,-0.024755404898314737,-0.024755404898314737,-0.6030043249484152,0.0,-0.012060092687534052,-0.013671875,0.2544399409671314,0.0,0.0,0.0,0.0,0.0009765625,-0.02044989191563218,-0.02044989191563218,-0.8760027282405645,0.0,-0.01752020313142566,-0.01171875,0.45910225054831244,0.0078125,0.0,0.0,0.0,0.0009765625,-0.0280234375022701,-0.0280234375022701,-0.7664023281540722,0.0,-0.015328125351516064,-0.013671875,0.40692803473211825,0.0,0.0,0.0,0.0,0.0009765625,0.00562945356250566,0.0009765625,-0.016655679944960866,-0.019999999552965164,-0.0022269105538725853,0.03247632086277008,0.3766041696071625,0.9356763362884521,0.0,2048,0.03576614335179329,0.08830436319112778,0.03427734375,0.9274396896362305,1.2970585703849793,0.4725943863391876,0.0031605043335730444,10,-0.0014599485322833062,0.37311774492263794,0.003807535022497177,117.81699216926943,448.0,0.02830310072749853,114292.0,7760.646263031056
0.41275647431612017,-0.004227896162774414,0.003665725200451318,0.043209845293313266,5148,2048,1.062608242034912,0.4100298970937729,0.0732421875,0.0064210758908302525,0.029145572055131196,0.0026870505204352217,1.0,10,-0.0035582190612331033,0.34483999013900757,0.023385509522631763,0.9858274459838867,0.0024181445590917283,0.018319042399525642,0.16037222743034363,0.03050032164901495,0.8020656108856201,0.002840426420033115,0.08253845572471619,0.5111138820648193,0.03246256001293659,0.9341159462928772,0.0027489791940986273,0.02179747447371483,0.26584890484809875,0.05371599458158016,role_local,0.0885803833603859,0.03617891729809344,0.0002389077333333333,0.00022363466666666665,0.002236346666666667,256.0,1.1793304681777954,916384.0,2.867737293243408,0.9980735182762146,0.2148059755563736,support>combat,3,0.0,0.0,-0.016551087732902186,-0.01025390625,0.0009765625,0.0036431184817047324,0.0036431184817047324,0.0,0.0,0.0,-0.001953125,0.0,0.0,0.96337890625,0.2090744250890566,0.0051079621644021245,0.00048828125,-0.023698688128206413,-0.023698688128206413,-0.7210573805496097,0.0,-0.014421344625588972,-0.009765625,0.32262557709327666,0.0,0.0,0.0,0.0,0.00048828125,-0.027075683425209718,-0.027075683425209718,-0.8898983316030353,0.0,-0.017798339617002057,-0.013671875,0.4878372478415258,0.00390625,0.0,0.0,0.0,0.00048828125,-0.03257029725500615,-0.03257029725500615,-0.8716315014753491,0.0,-0.017433578956115525,-0.015625,0.47182983270613477,0.0,0.0,0.0,0.0,0.00048828125,0.0051079621644021245,0.00048828125,-0.01992538855120074,-0.019999999552965164,-0.004227896162774414,0.04264708235859871,0.35661718249320984,0.9170365333557129,0.0,1974,0.023681089282035828,0.1968955397605896,0.05727411853149533,0.7402112483978271,1.2960526943206787,0.41548305153846743,0.004644399880467415,10,-0.004897573264315724,0.3729361991087596,0.018641840014606715,117.87127040280421,449.0,0.03617891729809344,114548.0,7774.447470264975
0.5052097126841545,-0.002413123764563352,0.003073813881869108,0.03048827189486474,5435,2048,1.0622887849807738,0.42753187119960784,0.09072265625,0.006479676376329735,0.021230450039729475,0.00245784804998833,1.0,10,-0.0010467409389093517,0.3447153568267822,0.0213496032403782,0.974087119102478,0.002597250040845209,0.011202109977602959,0.18253818154335022,0.0252822307869792,0.9037618041038513,0.0026364323624875397,0.08161187171936035,0.38495495915412903,0.017184150870889425,0.9535626769065857,0.0021578299709650835,0.07157775014638901,0.20210319757461548,0.033631088212132454,role_local,0.10621604770421982,0.018379007081966846,0.00023877119999999997,0.000223464,0.00223464,256.0,1.1785021364688872,918432.0,1.928409457206726,1.000181794166565,0.5027335286140442,combat>support,5,0.0,0.0,-0.01754688254125843,-0.009765625,0.0009765625,0.0052746941728401,0.0052746941728401,0.0,0.0,0.0,0.0,0.0,0.0,1.0,0.1310688102093991,0.004786412879184354,0.00048828125,-0.02986244600469945,-0.02986244600469945,-0.8339111956302077,0.0,-0.01667885267670499,-0.013671875,0.4097624262794852,0.0,0.0,0.0,0.0,0.00048828125,-0.02889646891708253,-0.02889646891708253,-0.8828378771431744,0.0,-0.01766599869733909,-0.015625,0.4083555659162812,0.00390625,0.0,0.0,0.0,0.00048828125,-0.027573139621381415,-0.027573139621381415,-0.9147147277835757,0.0,-0.01829579624973121,-0.009765625,0.48671697758254595,0.0,0.0,0.0,0.0,0.00048828125,0.004786412879184354,0.00048828125,-0.020264340888388688,-0.019999999552965164,-0.002413123764563352,0.055895671248435974,0.2749035358428955,0.9412039518356323,0.0,2048,0.02278357744216919,0.08080301433801651,0.03974609375,0.9259602427482605,1.2947154879570006,0.5828875541687012,0.0036897797137498854,10,-0.0037795065902173517,0.3728092809518178,0.0031269259518012403,117.9257535001073,450.0,0.018379007081966846,114804.0,7788.222442853963
0.35048236325383186,0.0026681562943849713,0.002689705897216224,0.02302800584875513,5495,2048,1.061090314388275,0.342644476890564,0.13916015625,0.010081703745527193,0.04004351822077297,0.0038499194522171377,1.0,10,-0.002408106799703091,0.34460851550102234,0.036507910746149716,0.9809048175811768,0.003552854260213478,0.01975232921540737,0.16721072793006897,0.04429076565429568,0.9170430898666382,0.00406581439926057,0.014407167211174965,0.2016456127166748,0.03872919306159019,0.9327484369277954,0.0038836517474988173,0.026322944089770317,0.2185172736644745,0.015238887630403042,role_local,0.06944131776690483,0.02029965934343636,0.00023863466666666663,0.00022329333333333333,0.0022329333333333335,256.0,1.1772605776786804,920480.0,1.975051760673523,1.0009181499481201,0.38769713044166565,combat>support,5,0.0,0.0,-0.017784736037962528,-0.01025390625,0.0,0.0034190881069662282,0.0034190881069662282,0.0,0.0,0.0,-0.001953125,0.0,0.0,0.9111328125,0.2879469750041608,0.00537221310150926,0.0,-0.02764060588378925,-0.02764060588378925,-0.7960707098245621,0.0,-0.01592185615299968,-0.01171875,0.1849152326467447,0.0,0.0,0.0,0.0,0.0,-0.03266440648076241,-0.03266440648076241,-0.9496234112884849,0.0,-0.01899253187366412,-0.013671875,0.32637051778146997,0.0,0.0,0.0,0.0,0.0,-0.03211169475252973,-0.03211169475252973,-0.9219665271230042,0.0,-0.01843982008722378,-0.013671875,0.3101062412461033,0.0,0.0,0.0,0.0,0.0,0.00537221310150926,0.0,-0.02224940612723003,-0.019999999552965164,0.0026681562943849713,0.02012396790087223,0.19838279485702515,0.9558752179145813,0.0,1867,-0.04044048860669136,0.23864780366420746,0.006012493476737291,0.6186093091964722,1.2934308409690858,0.35832024961709974,0.0015294923422153107,10,0.007744419388473034,0.37263645728429157,0.02536043105646968,117.981830659045,451.0,0.02029965934343636,115060.0,7801.879279701039
0.4082456216216087,-0.0003317777474876493,0.0027457949581922636,0.025569150189403443,5603,2048,1.06144460439682,0.3501025825738907,0.1025390625,0.007742731575854122,0.023270907904952766,0.0026982886389019063,1.0,10,-0.0012333111255429686,0.344879686832428,0.023843449726700782,0.9808164834976196,0.0026962329827617927,-0.00897771492600441,0.14759498834609985,0.021449284767732023,0.9707971811294556,0.0025504776149437693,0.0063825855031609535,0.15410184860229492,0.02445405488833785,0.8660978078842163,0.0028378996612424103,0.014042061753571033,0.27300825715065,0.018330587819218636,role_local,0.04120025932788849,0.020470886677503585,0.00023849813333333333,0.00022312266666666666,0.0022312266666666665,256.0,1.1770808339118957,922528.0,1.8760889768600464,0.9953194260597229,0.5057833194732666,combat>support,4,0.0,0.0,-0.018105796738382196,-0.0087890625,0.0,0.0041120316163869575,0.0041120316163869575,0.0,0.0,0.0,-0.001953125,0.0,0.0,0.86572265625,0.4337109902407974,0.006065156576369191,0.0,-0.030609434648795286,-0.030609434648795286,-0.8468743818812072,0.0,-0.01693756000531721,-0.013671875,0.15524148943950422,0.0,0.0,0.0,0.0,0.0,-0.027891445060959086,-0.027891445060959086,-0.9062703410163522,0.0,-0.018125818998669274,-0.009765625,0.21479191921480378,0.0,0.0,0.0,0.0,0.0,-0.029019635898293927,-0.029019635898293927,-0.9626621166244149,0.0,-0.019254011211160105,-0.009765625,0.26578283062553965,0.0,0.0,0.0,0.0,0.0,0.006065156576369191,0.0,-0.020852122415817576,-0.019999999552965164,-0.0003317777474876493,0.004327370785176754,0.20322461426258087,0.9519217014312744,0.0,1774,-0.017191924154758453,0.23753701150417328,0.027867392473854124,0.7373594641685486,1.2927170634269713,0.46638866066932677,0.0027933012774826204,10,0.0005697556305676698,0.3727383315563202,0.022611185535788537,118.03999009809681,452.0,0.020470886677503585,115316.0,7815.3852709860075
0.4758691661059856,-0.005868610902689397,0.008136146616871313,0.09492703961441293,5409,2048,1.0641320824623108,0.5005401626229287,0.13583984375,0.009625656536081805,0.038181962165981534,0.0035891347208893724,1.0,10,-0.005770651996135712,0.3450782696406047,0.03375466028228402,0.9588112831115723,0.003413363312186013,0.027834869921207428,0.2088528573513031,0.042427616147324446,0.8539686799049377,0.0038177870849923036,0.08565261960029602,0.4712032079696655,0.0383602898567915,0.9619948863983154,0.0035342202635551545,0.021063238382339478,0.20697841048240662,0.04430135823786259,role_local,0.12042723633348942,0.03873508293181658,0.00023836159999999996,0.000222952,0.00222952,256.0,1.1789607644081115,924576.0,2.5034422874450684,0.9977854490280151,0.32662349939346313,support>combat,9,0.0,0.0,-0.017479143972498907,-0.009765625,0.0009765625,0.002829141090842313,0.002829141090842313,0.0,0.0,0.0,-0.001953125,0.0,0.0,0.89111328125,0.1215886231220793,0.004293984831747366,0.00048828125,-0.027097094563941937,-0.027097094563941937,-0.890964484307915,0.0,-0.01781975098856492,-0.009765625,0.27929318879614584,0.0,0.0,0.0,0.0,0.00048828125,-0.026908764193649404,-0.026908764193649404,-0.8815708379261196,0.0,-0.017631420501857065,-0.013671875,0.44069311395287514,0.00390625,0.0,0.0,0.0,0.00048828125,-0.03016985451176879,-0.03016985451176879,-0.8492672347929329,0.0,-0.01698626042707474,-0.013671875,0.4073288805084303,0.0,0.0,0.0,0.0,0.00048828125,0.004293984831747366,0.00048828125,-0.020336643825430656,-0.019999999552965164,-0.005868610902689397,0.045182570815086365,0.3232745826244354,0.9170365333557129,0.0,1826,-0.04447125643491745,0.2734793424606323,0.15167211706284434,0.441037654876709,1.2937894463539124,0.4511981695890427,0.012683158512853255,10,-0.005966569809243083,0.37283918261528015,0.03316880762577057,118.09354050846652,453.0,0.03873508293181658,115572.0,7829.183510115137
0.44458748772740364,-0.0003473836462944746,0.004014309035172426,0.04516901756869629,5769,2048,1.0645389556884766,0.5181577637791633,0.1578125,0.011709477961994707,0.04853210060391575,0.004076913528487713,1.0,10,-7.030228152871132e-05,0.34501678744951886,0.048672282428015023,0.9715076088905334,0.0041880257480275684,0.01669328473508358,0.12539887428283691,0.051101106032729146,0.9641315340995789,0.0042236749458187785,0.008152453228831291,0.16109946370124817,0.045927110407501456,0.8922336101531982,0.003825500999032494,0.007093591615557671,0.2522564232349396,0.01728109987452626,role_local,0.08386449478566646,0.02005451233126223,0.00023822506666666666,0.00022278133333333331,0.0022278133333333335,256.0,1.1795139253139495,926624.0,1.8284029960632324,0.9981956481933594,0.5604965090751648,support>combat,1,0.0,0.0,-0.018645076682635892,-0.0107421875,0.0,0.0036286947024564142,0.0036286947024564142,0.0,0.0,0.0,-0.001953125,0.0,0.0,0.95751953125,0.2919569338664587,0.00558181968426652,0.0,-0.03254124499653699,-0.03254124499653699,-0.9431871206033975,0.0,-0.018869370345782954,-0.013671875,0.4758013107566512,0.0,0.0,0.0,0.0,0.0,-0.031874667496595066,-0.031874667496595066,-0.9101173216477036,0.0,-0.018202792707597837,-0.013671875,0.4441640765289776,0.0,0.0,0.0,0.0,0.0,-0.032534941521589644,-0.032534941521589644,-0.94310661428608,0.0,-0.01886306699452689,-0.013671875,0.4823773762327619,0.0,0.0,0.0,0.0,0.0,0.00558181968426652,0.0,-0.02333054132759571,-0.019999999552965164,-0.0003473836462944746,0.010670728981494904,0.18781986832618713,0.9461777210235596,0.0,1962,-0.011302853003144264,0.22156798839569092,0.04180593453347683,0.7170155048370361,1.2944888949394227,0.37101721167564394,0.00395170454185714,10,-0.0006244650110602378,0.3730062246322632,0.0228279247879982,118.14652724962271,454.0,0.02005451233126223,115828.0,7843.006659368053
0.3484306551516056,-0.0026018383679911493,0.004350928544029428,0.051224880351219325,5140,2048,1.0636597990989685,0.30543392300605776,0.11201171875,0.008673971355892717,0.0373099951306358,0.003381707839975015,1.0,10,-0.0020795872434973715,0.3448460002740224,0.03424085422884673,0.9755104184150696,0.0031910126590089403,0.0663783848285675,0.1938902884721756,0.03695617406629026,0.9169064164161682,0.0034067278940565645,-0.03283543884754181,0.31783369183540344,0.04069611228769645,0.9774528741836548,0.0035453390814849466,0.0151447094976902,0.17708253860473633,0.023501073569059373,role_local,0.0816891323775053,0.034356466867029666,0.0002380885333333333,0.00022261066666666665,0.0022261066666666666,256.0,1.180254065990448,928672.0,2.2444071769714355,1.0009112358093262,0.40742582082748413,combat>support,6,0.0,0.0,-0.016579950345961453,-0.01025390625,0.0,0.0008676868910697522,0.0008676868910697522,0.0,0.0,0.0,-0.00390625,0.0,0.0,0.900390625,0.19539573129441123,0.004773936876517837,0.0,-0.028274166776100174,-0.028274166776100174,-0.8277116781100631,0.0,-0.016555417198105715,-0.01171875,0.3816581914725248,0.0,0.0,0.0,0.0,0.0,-0.028184069044073112,-0.028184069044073112,-0.8232600619085133,0.0,-0.01646531935330131,-0.01171875,0.43623370327986777,0.0,0.0,0.0,0.0,0.0,-0.030390989108127542,-0.030390989108127542,-0.8358653320465237,0.0,-0.016719114486477338,-0.013671875,0.4558836904470809,0.0,0.0,0.0,0.0,0.0,0.004773936876517837,0.0,-0.021495385648449883,-0.019999999552965164,-0.0026018383679911493,0.01626381278038025,0.24119199812412262,0.9587571024894714,0.0,1846,-0.049384232610464096,0.33082860708236694,0.06513976557180286,0.6332120299339294,1.2968483328819276,0.3914273872971535,0.005320149248083841,10,-0.003124089492484927,0.3734377324581146,0.045211860164999965,118.20234683290933,455.0,0.034356466867029666,116084.0,7856.62911847909
0.4530235342681408,-0.0030454354477114976,0.0036607595692393123,0.03728756129276008,5551,2048,1.0626637816429139,0.36132536381483077,0.16435546875,0.011434536630986258,0.04648394281975925,0.00415119293464305,1.0,10,-0.002531205723062158,0.34489408135414124,0.04173546995734796,0.9747891426086426,0.0039634640389267116,-0.04519215226173401,0.1872478723526001,0.052197172422893345,0.9453303813934326,0.004428294404126165,0.011938096955418587,0.14975379407405853,0.04475284602958709,0.9621569514274597,0.004027587762688312,0.0023142059799283743,0.1785207837820053,0.013735487218946218,role_local,0.05600317865610123,0.027187118167057635,0.000237952,0.00022244,0.0022244,256.0,1.1813761293888092,930720.0,2.138495683670044,0.9977706074714661,0.464739590883255,support>combat,3,0.0,0.0,-0.0179531208826423,-0.01171875,0.0,0.002399874672846636,0.002399874672846636,0.0,0.0,0.0,-0.00390625,0.0,0.0,0.96875,0.40518747904570773,0.0063061248474696185,0.0,-0.034152348758652806,-0.034152348758652806,-0.8287065259646624,0.0,-0.01657422417338239,-0.017578125,0.2832827250167611,0.0,0.0,0.0,0.0,0.0,-0.030937326915591257,-0.030937326915591257,-0.9609206859022379,0.0,-0.01921857733032084,-0.01171875,0.3782729663362261,0.0,0.0,0.0,0.0,0.0,-0.03173843575132196,-0.03173843575132196,-0.9033073247410357,0.0,-0.01806656114422367,-0.013671875,0.41427082422887906,0.0,0.0,0.0,0.0,0.0,0.0063061248474696185,0.0,-0.023607060851645656,-0.019999999552965164,-0.0030454354477114976,-0.008858340792357922,0.1734408140182495,0.9659193754196167,0.0,1986,-0.04022056236863136,0.2976852059364319,0.0280911797657609,0.7155767679214478,1.3000884771347045,0.5447217047214508,0.0031703262038355754,10,-0.0035596651723608375,0.3736998438835144,0.04063874911516905,118.25626318722027,456.0,0.027187118167057635,116340.0,7870.365382055985
0.41268386095762255,-0.003006634560006205,0.0037684156785238706,0.040886322350706904,5590,2048,1.0635098218917847,0.3952632635831833,0.155078125,0.011370100558269768,0.04499119587708265,0.004130954144524551,1.0,10,-0.0030369901563972236,0.34493209918340045,0.043579592183232305,0.9638641476631165,0.00410050883812983,0.04734212905168533,0.1720806062221527,0.05192361082881689,0.8066326975822449,0.004436581188765632,0.1547909826040268,0.5365504622459412,0.03853282008785754,0.9578133225440979,0.0038121601350757815,-0.0002832657773979008,0.2237377017736435,0.05587896704673767,role_local,0.18462513387203217,0.03671987839043141,0.00023781546666666663,0.0002222693333333333,0.0022226933333333336,256.0,1.182437789440155,932768.0,2.3418915271759033,1.0045366287231445,0.44519034028053284,combat>support,2,0.0,0.0,-0.017981242199311964,-0.009765625,0.001953125,0.0037984334185239277,0.0037984334185239277,0.0,0.0,0.0,-0.001953125,0.0,0.0,0.9638671875,0.15325454935373273,0.004774995989464514,0.0009765625,-0.026695251392084174,-0.026695251392084174,-0.8953095399774611,0.0,-0.017906189219502266,-0.009765625,0.416253632720327,0.0,0.0,0.0,0.0,0.0009765625,-0.023969900008523837,-0.023969900008523837,-0.9543543658219278,0.0,-0.019087085565843154,-0.013671875,0.5000201736111194,0.0078125,0.0,0.0,0.0,0.0009765625,-0.02964576395606855,-0.02964576395606855,-0.8475141804665327,0.0,-0.016950451812590472,-0.013671875,0.46714641572907567,0.0,0.0,0.0,0.0,0.0009765625,0.004774995989464514,0.0009765625,-0.01912812071532244,-0.019999999552965164,-0.003006634560006205,0.07077118009328842,0.3639688193798065,0.8926295042037964,0.0,1975,0.014646691270172596,0.19471624493598938,0.03678144882433117,0.8421487212181091,1.3013657569885253,0.4301044583320618,0.0034058772125231894,10,-0.0029762789636151865,0.3737862706184387,0.017560789734125136,118.30972889125164,457.0,0.03671987839043141,116596.0,7884.11915690708
0.46781258210539817,-0.004555851481563877,0.003887048896885356,0.0442875508859288,5395,2048,1.0625899314880372,0.3492808923125267,0.16220703125,0.011624843336176128,0.05158416903577745,0.0043214441401820515,1.0,10,-0.0046824726814520545,0.34467700123786926,0.05114980564685538,0.979211151599884,0.004200293062604032,0.0001826314110076055,0.12062914669513702,0.04899368272162974,0.8921235203742981,0.00405419810203296,-0.001245152554474771,0.3785644769668579,0.05512056157458574,0.9494924545288086,0.004777124752834971,-0.007609353866428137,0.31492143869400024,0.03828331381082535,role_local,0.05305983759462833,0.02129103089682758,0.00023767893333333332,0.00022209866666666664,0.0022209866666666666,256.0,1.1820743203163147,934816.0,2.3265926837921143,0.9979398846626282,0.3337174355983734,support>combat,4,0.0,-2.441406286379788e-05,-0.017365131270101603,-0.01416015625,0.0009765625,0.0060911090340596274,0.0060911090340596274,0.0,0.0,0.0,0.0,0.0,0.0,0.875,0.35047129823215073,0.005602827796792553,0.00048828125,-0.037363989038567524,-0.037363989038567524,-0.9136097198352218,-4.882812572759576e-05,-0.018272192632139195,-0.01953125,0.2068963066849392,0.0,0.0,0.0,0.0,0.00048828125,-0.033546176833624486,-0.033546176833624486,-0.9180243678856641,-4.882812572759576e-05,-0.01836062968504848,-0.01953125,0.2227895157993771,0.00390625,0.0,0.0,0.0,0.00048828125,-0.032552415897953324,-0.032552415897953324,-0.7731119522359222,0.0,-0.015462571493117139,-0.017578125,0.31873641224228777,0.0,0.0,0.0,0.0,0.00048828125,0.005602827796792553,0.00048828125,-0.024342868557141628,-0.019999999552965164,-0.004555851481563877,-0.0026472292374819517,0.2918938100337982,0.9384253621101379,0.0,1792,0.02777802385389805,0.10536359250545502,0.03699093273608014,0.8827885389328003,1.3015587091445924,0.5863442718982697,0.003452653653588661,10,-0.0044292302816757,0.37367985645929974,0.004298747982829809,118.36567701690706,458.0,0.02129103089682758,116852.0,7897.694868644001
0.49049092680215833,-0.004283871711231768,0.005153568170246645,0.06462137014605104,5491,2048,1.0599782109260558,0.47770078480243683,0.19833984375,0.014631378249032424,0.06634666472673416,0.0052654217869026135,1.0,10,-0.0032341431360691786,0.3443360726038615,0.06110121854580939,0.9626328945159912,0.0049953279980558445,0.03379560634493828,0.14624273777008057,0.06601083856076002,0.8579052090644836,0.005259011615999043,0.08085142076015472,0.43068331480026245,0.07315300395712257,0.986662745475769,0.005601905492367209,0.019566699862480164,0.1551356464624405,0.03300660792738199,role_local,0.0901757013052702,0.020308135473169387,0.00023754239999999996,0.00022192799999999998,0.00221928,256.0,1.1800396144390106,936864.0,2.1403679847717285,0.9942103624343872,0.4304211437702179,support>combat,2,0.0,0.0,-0.017732829161104746,-0.009765625,0.0009765625,0.005640369930915767,0.005640369930915767,0.0,0.0,0.0,0.0,0.0,0.0,0.89599609375,0.26135071609314764,0.005152088664544863,0.00048828125,-0.030142994051857386,-0.030142994051857386,-0.9441136550158262,0.0,-0.018912525672931224,-0.01171875,0.41573283370235004,0.0,0.0,0.0,0.0,0.00048828125,-0.02610864592861617,-0.02610864592861617,-0.9391286231111735,0.0,-0.01878442602173891,-0.01171875,0.400113494542893,0.00390625,0.0,0.0,0.0,0.00048828125,-0.030638254149380373,-0.030638254149380373,-0.7750712065026164,0.0,-0.015501535788644105,-0.015625,0.38502292265184224,0.0,0.0,0.0,0.0,0.00048828125,0.005152088664544863,0.00048828125,-0.020312381882831687,-0.019999999552965164,-0.004283871711231768,0.04630884900689125,0.2845199406147003,0.941249430179596,0.0,1835,0.032145120203495026,0.14191889762878418,0.06289607556536794,0.8703762888908386,1.3001010179519654,0.5032810688018798,0.005041714553590676,10,-0.005333600286394358,0.37345923980077106,0.007609663018956781,118.423356744934,459.0,0.020308135473169387,117108.0,7911.142073247116
0.37081549912691114,0.0001055871463904623,0.0036095411372074754,0.03602572747913655,5460,2048,1.0576664209365845,0.38186941146850584,0.16142578125,0.010754856187850237,0.04472142808954231,0.0042055821329305965,1.0,10,0.003984082989336457,0.34427767992019653,0.04161965334787965,0.8818919062614441,0.004087695777436784,-0.0353369303047657,0.2935425341129303,0.042750356637407096,0.9660397171974182,0.0041466138294157465,-0.018756957724690437,0.18718260526657104,0.050116823986172676,0.9396495223045349,0.004394348401749193,0.0015097297728061676,0.28907448053359985,0.02832636348903179,role_local,0.08231080919504166,0.027454924862831832,0.00023740586666666665,0.00022175733333333332,0.0022175733333333336,256.0,1.1783491015434264,938912.0,2.2118165493011475,1.0055173635482788,0.26541614532470703,support>combat,0,0.0,0.0,-0.017608861162443645,-0.01123046875,0.0,0.0033293618653260637,0.0033293618653260637,0.0,0.0,0.0,-0.001953125,0.0,0.0,0.9423828125,0.25215928147372324,0.005282486948999576,0.0,-0.03427521038247505,-0.03427521038247505,-0.9324597946833819,0.0,-0.018650210884516127,-0.015625,0.42167083913227543,0.0,0.0,0.0,0.0,0.0,-0.03280877214274369,-0.03280877214274369,-0.859174930723384,0.0,-0.017183772535645403,-0.015625,0.4440225889557041,0.0,0.0,0.0,0.0,0.0,-0.028711349761579186,-0.028711349761579186,-0.8496166616678238,0.0,-0.016992600067169406,-0.01171875,0.4223961225725361,0.0,0.0,0.0,0.0,0.0,0.005282486948999576,0.0,-0.023116493623092538,-0.019999999552965164,0.0001055871463904623,-0.018068935722112656,0.26258984208106995,0.9367172718048096,0.0,1931,-0.012037653475999832,0.24068747460842133,0.027330026868730782,0.629162609577179,1.2990317821502686,0.35976158678531645,0.0030135001414843543,10,-0.0037729086965555326,0.3735558092594147,0.02658348623663187,118.47714882190682,460.0,0.027454924862831832,117364.0,7924.836218090961
0.32061937004327773,-0.0020256732066627594,0.003735232093554845,0.036935596237890424,5659,2048,1.0580081701278687,0.35124030858278277,0.17685546875,0.012203421018784865,0.0500689088832587,0.0044834109395132295,1.0,10,0.0005027898703701794,0.34431517124176025,0.051955266110599044,0.9308024048805237,0.004539797249754257,-0.004092653281986713,0.23132695257663727,0.04897385369986296,0.8148497939109802,0.004392427084294981,0.1324949413537979,0.6416437029838562,0.04918338404968381,0.9626104235649109,0.004517597099824156,-0.005053466185927391,0.17706404626369476,0.0764723353087902,role_local,0.152386923879385,0.04999500419944525,0.00023726933333333331,0.00022158666666666666,0.0022158666666666667,256.0,1.1792108058929442,940960.0,2.070791006088257,0.998579740524292,0.42600691318511963,support>combat,3,0.0,0.0,-0.01820103334102896,-0.01025390625,0.001953125,0.0038652158555123606,0.0038652158555123606,0.0,0.0,0.0,-0.001953125,0.0,0.0,0.98046875,0.15331724214775022,0.0048417784319099155,0.0009765625,-0.031288044214306865,-0.031288044214306865,-0.9295540135353804,0.0,-0.01859273212176049,-0.013671875,0.4384027103660628,0.0,0.0,0.0,0.0,0.0009765625,-0.02117705572891282,-0.02117705572891282,-0.9122827961109579,0.0,-0.018247368054289836,-0.01171875,0.4757093287189491,0.0078125,0.0,0.0,0.0,0.0009765625,-0.030458311844995478,-0.030458311844995478,-0.8879641271196306,0.0,-0.017762999847036554,-0.013671875,0.4447152032516897,0.0,0.0,0.0,0.0,0.0009765625,0.0048417784319099155,0.0009765625,-0.019764550306717865,-0.019999999552965164,-0.0020256732066627594,0.041528113186359406,0.4135114848613739,0.8727902173995972,0.0,2009,-0.004519435111433268,0.22286251187324524,0.023802283592522143,0.6669645309448242,1.30041344165802,0.28999843150377275,0.0029870532475964606,10,-0.0045541362836956974,0.373691330353419,0.023517673090100288,118.53114643040236,461.0,0.04999500419944525,117620.0,7938.504168206127
0.4857866160571575,-0.002890714298700914,0.005680043304673835,0.07644557205494493,5139,2048,1.0588550686836242,0.510219493508339,0.214453125,0.016350066271843388,0.09280158332549035,0.0066163807083139455,1.0,10,-0.0023797665955498813,0.34454121192296344,0.08587719295173883,0.988763689994812,0.0063252631086677,0.016306154429912567,0.11958760768175125,0.0973951865802519,0.9500769376754761,0.006771818459514395,-0.037172362208366394,0.249416321516037,0.09511523507535458,0.9751914739608765,0.006753289802825057,0.0033443879801779985,0.21157599985599518,0.018515693582594396,role_local,0.08880510218441487,0.019445601291954516,0.00023713279999999998,0.000221416,0.00221416,256.0,1.1798119604587556,943008.0,2.327329635620117,0.9996804594993591,0.40740063786506653,combat>support,4,0.0,0.0,-0.01657515111704318,-0.01318359375,0.0,0.0021042030948592583,0.0021042030948592583,0.0,0.0,0.0,-0.001953125,0.0,0.0,0.9541015625,0.04015364520455478,0.004057328080307343,0.0,-0.030347719250130467,-0.030347719250130467,-0.8337765370961279,0.0,-0.01667584448296111,-0.013671875,0.33850844131666236,0.0,0.0,0.0,0.0,0.0,-0.036486721292021684,-0.036486721292021684,-0.8476216590497643,0.0,-0.016955471859546378,-0.01953125,0.33973407064331695,0.0,0.0,0.0,0.0,0.0,-0.033672261892206734,-0.033672261892206734,-0.804515951545909,0.0,-0.016094137008622056,-0.017578125,0.27353857555272043,0.0,0.0,0.0,0.0,0.0,0.004057328080307343,0.0,-0.024600626224128064,-0.019999999552965164,-0.002890714298700914,-0.006187829189002514,0.2026980072259903,0.9725192189216614,0.0,1955,-0.03531717136502266,0.21779833734035492,0.06008956078439951,0.7492316961288452,1.3007688522338867,0.4613537386059761,0.004743705901033723,10,-0.0034016620018519463,0.3736053804556529,0.02037550900131464,118.58607652449662,462.0,0.019445601291954516,117876.0,7952.097140216967
0.4733953967690468,-0.004255957086570561,0.006430913871377353,0.08416108423843979,5584,2048,1.0601136684417725,0.5801840037107467,0.21669921875,0.016835938126314433,0.08110355082899331,0.0061638956561620205,1.0,10,-0.0027324870228767396,0.34449078639348346,0.08702234420925378,0.9477694630622864,0.006361112379730027,0.013706041499972343,0.17923931777477264,0.07793942485004664,0.926565408706665,0.0060214158771802586,-0.027512269094586372,0.2305157482624054,0.07780569139868021,0.9700044393539429,0.006095513145575998,0.003910544794052839,0.20898975431919098,0.01719853738322854,role_local,0.08398567028343677,0.025412876764312385,0.00023699626666666665,0.00022124533333333333,0.0022124533333333332,256.0,1.1801362872123717,945056.0,2.643810749053955,1.00016188621521,0.29837048053741455,support>combat,2,0.0,0.0,-0.01804237498678655,-0.0126953125,0.0,0.002917137822805671,0.002917137822805671,0.0,0.0,0.0,-0.001953125,0.0,0.0,0.99609375,0.14764796364761423,0.004870262786425883,0.0,-0.03670494051038986,-0.03670494051038986,-0.9562118905596435,0.0,-0.019126816077914555,-0.017578125,0.5178216184140183,0.0,0.0,0.0,0.0,0.0,-0.03386765771210776,-0.03386765771210776,-0.9117622445337474,0.0,-0.01824265804316383,-0.015625,0.4761823110675323,0.0,0.0,0.0,0.0,0.0,-0.03238265046820743,-0.03238265046820743,-0.8378812146838754,0.0,-0.01675765083928127,-0.015625,0.38005238661935437,0.0,0.0,0.0,0.0,0.0,0.004870262786425883,0.0,-0.0250095288574812,-0.019999999552965164,-0.004255957086570561,-0.003235852811485529,0.2076188623905182,0.9542531371116638,0.0,2041,-0.020332274958491325,0.26201051473617554,0.08721861764788627,0.6565020680427551,1.3001589059829712,0.3666067898273468,0.006697932086592684,10,-0.005779427150264383,0.37359552582105,0.03362721614539623,118.63886099441531,463.0,0.025412876764312385,118132.0,7965.821587283164
0.40263107791543007,-0.0034701723721809684,0.00313416530242544,0.03277823028620332,5604,2048,1.0595199346542359,0.3950239300727844,0.19609375,0.013288451737025753,0.05680979453027248,0.004923712932505963,1.0,10,-0.006139724631793797,0.34453868865966797,0.05288347220048308,0.9481490850448608,0.004792234487051622,-0.03791167959570885,0.24131901562213898,0.05676100216805935,0.7581246495246887,0.0049334145954924675,0.045536115765571594,0.5001261234283447,0.060588951129466294,0.9739311933517456,0.005038629226565378,0.030216814950108528,0.1485118418931961,0.04850319176912308,role_local,0.119337560236454,0.04679312128573656,0.0002368597333333333,0.00022107466666666667,0.0022107466666666667,256.0,1.1800055861473084,947104.0,2.0746684074401855,1.0036966800689697,0.3608126938343048,support>combat,9,0.0,0.0,-0.018055528904369567,-0.01025390625,0.0009765625,-0.0003719271426234627,-0.0003719271426234627,0.0,0.0,0.0,-0.005859375,0.0,0.0,0.9697265625,0.1867100340750767,0.004999166458219406,0.00048828125,-0.030462086702755187,-0.030462086702755187,-0.8632243387401104,0.0,-0.017278493178309873,-0.013671875,0.44504645638517104,0.0,0.0,0.0,0.0,0.00048828125,-0.02403760487504769,-0.02403760487504769,-0.9328137508127838,0.0,-0.01866651000455022,-0.009765625,0.5226360948872752,0.00390625,0.0,0.0,0.0,0.00048828125,-0.029452052011038177,-0.029452052011038177,-0.9107562217395753,0.0,-0.01822158353024861,-0.01171875,0.49104557078680955,0.0,0.0,0.0,0.0,0.00048828125,0.004999166458219406,0.00048828125,-0.021080918777443003,-0.019999999552965164,-0.0034701723721809684,0.01382507849484682,0.3374992609024048,0.8931075930595398,0.0,1989,-0.04383509233593941,0.31468436121940613,0.008746666042134166,0.7444145679473877,1.3004912376403808,0.4102382257580757,0.0013446176723449165,10,-0.0008006201125681401,0.3736823300520579,0.04508305080235005,118.69197085610224,464.0,0.04679312128573656,118388.0,7979.511951555964
0.4590673580765724,-0.0031101998407393693,0.0037584907519647714,0.04188715941272676,5394,2048,1.0607853651046752,0.46130227446556094,0.14375,0.010251173554570414,0.040606033382937314,0.003838128016681891,1.0,10,-0.002592848474159837,0.3447127143541972,0.03143082072492689,0.9843122363090515,0.0032961630830863784,-0.03344598785042763,0.1683659702539444,0.04576178365387022,0.9397570490837097,0.004112669010294156,0.0016388691728934646,0.2148013710975647,0.042636545444838705,0.8377076983451843,0.003986730924267145,0.014023820869624615,0.22761957347393036,0.019103642366826535,role_local,0.05728400945663452,0.01091186011908576,0.00023672319999999998,0.00022090399999999998,0.00220904,256.0,1.1810864984989167,949152.0,2.288025379180908,1.003844976425171,0.40510690212249756,support>combat,1,0.0,0.0,-0.017433463075576583,-0.00830078125,0.0,0.005194345984818938,0.005194345984818938,0.0,0.0,0.0,0.0,0.0,0.0,0.927734375,0.24723475195060018,0.005194345984818938,0.0,-0.026292277783795726,-0.026292277783795726,-0.7281972952187061,0.0,-0.014573528209439246,-0.01171875,0.284758071982651,0.0,0.0,0.0,0.0,0.0,-0.029792789042403456,-0.029792789042403456,-0.9034224678762257,0.0,-0.01807403939892538,-0.01171875,0.4266733714030124,0.0,0.0,0.0,0.0,0.0,-0.029418446523777675,-0.029418446523777675,-0.9821884613484144,0.0,-0.019652821618365124,-0.009765625,0.4721516081917798,0.0,0.0,0.0,0.0,0.0,0.005194345984818938,0.0,-0.020077293003851082,-0.019999999552965164,-0.0031101998407393693,-0.0034636498894542456,0.20903778076171875,0.9578505158424377,0.0,1900,0.0024077666457742453,0.06805885583162308,0.043168285442516205,0.9457278847694397,1.3013876318931579,0.4568324416875839,0.003678853487247652,10,-0.003627551207318902,0.37382258971532184,0.0027200778713449836,118.74462363987695,465.0,0.01091186011908576,118644.0,7993.220837336965
0.34720859974622725,-0.0031515793467406183,0.0030604972420723046,0.03279645484872162,4724,2048,1.0619643807411194,0.2967022404074669,0.10068359375,0.0076347304857335985,0.03490119194611907,0.003395481265469541,1.0,10,-0.001117231126409024,0.34480531016985577,0.025846005789935587,0.9770527482032776,0.002895534098899799,-0.0032801334746181965,0.2160395383834839,0.03938746745698154,0.9230679273605347,0.0036148638363670883,-0.0153725640848279,0.3630068302154541,0.0383245725883171,0.970284640789032,0.003614447087220981,0.01847296766936779,0.23425257205963135,0.030206467024981976,role_local,0.08814145401120185,0.043831114377826455,0.00023658666666666664,0.00022073333333333332,0.0022073333333333333,256.0,1.1822690427303315,951200.0,1.9053150415420532,0.99958336353302,0.4430919885635376,support>combat,8,0.0,0.0,-0.015263801390271206,-0.0126953125,0.0009765625,-0.002102197062868072,-0.002102197062868072,0.0,0.0,0.0,-0.005859375,0.0,0.0,0.8095703125,0.005102579227241222,0.0032688966925888963,0.00048828125,-0.02530895381278242,-0.02530895381278242,-0.7038293636869639,0.0,-0.014078485222853487,-0.01171875,0.1687506301968824,0.0,0.0,0.0,0.0,0.00048828125,-0.02968440679978812,-0.02968440679978812,-0.8250203721690923,0.0,-0.01650081210573262,-0.017578125,0.27531076650484465,0.00390625,0.0,0.0,0.0,0.00048828125,-0.030348825288456283,-0.030348825288456283,-0.7605107125127688,0.0,-0.015212106842227513,-0.015625,0.13426298556441907,0.0,0.0,0.0,0.0,0.00048828125,0.0032688966925888963,0.00048828125,-0.021861095881831716,-0.019999999552965164,-0.0031515793467406183,-0.0004313983372412622,0.28342199325561523,0.958251953125,0.0,1661,-0.0663781613111496,0.3827672004699707,0.030691717751324177,0.7411309480667114,1.3025737047195434,0.39771495908498766,0.0027255132186750687,10,-0.005185927567072213,0.3739989101886749,0.05745576173067093,118.80644820743461,466.0,0.043831114377826455,118900.0,8006.299442091025
0.43039082884788515,-0.0010425242420751602,0.00510444831842638,0.06163350469432771,4964,2048,1.0624164700508119,0.4280888497829437,0.1283203125,0.009297349926782772,0.038671168684959414,0.0038445126376210116,1.0,10,-0.00044257334666326643,0.3448239763577779,0.0429096675477922,0.9878619909286499,0.0039714397780957755,0.017603164538741112,0.11206766217947006,0.04325938206166029,0.9931867718696594,0.004291078485508899,0.010455337353050709,0.10708986967802048,0.03056198647245765,0.9834169745445251,0.003344361974000508,0.05769363045692444,0.12740550935268402,0.005910679651424289,role_local,0.07842530086636543,0.018898960179649295,0.0002364501333333333,0.00022056266666666666,0.0022056266666666668,256.0,1.1836026728153228,953248.0,2.1663565635681152,1.0010000467300415,0.44774454832077026,support>combat,7,0.0,0.0,-0.01609835932443578,-0.00537109375,0.0,0.00230802182250045,0.00230802182250045,0.0,0.0,0.0,-0.001953125,0.0,0.0,0.74560546875,0.21312082022996037,0.004261146787030157,0.0,-0.024965766671812162,-0.024965766671812162,-0.8576183535624295,0.0,-0.017153265653178096,-0.0078125,0.22348548310401384,0.0,0.0,0.0,0.0,0.0,-0.020010908530821325,-0.020010908530821325,-0.7075705034658313,0.0,-0.014151533596304944,-0.005859375,0.3466898679616861,0.0,0.0,0.0,0.0,0.0,-0.022849653571029194,-0.022849653571029194,-0.849483895348385,0.0,-0.016990278723824304,-0.005859375,0.2738159079453908,0.0,0.0,0.0,0.0,0.0,0.004261146787030157,0.0,-0.016379577569750836,-0.019999999552965164,-0.0010425242420751602,0.029620137065649033,0.11818920075893402,0.9888458847999573,0.0,1528,-0.008244973607361317,0.2972159683704376,0.08459584070369601,0.6989930868148804,1.304788875579834,0.43269280791282655,0.006364383999231749,10,-0.0016424751374870539,0.3743423918883006,0.0318872407078743,118.85941426643765,467.0,0.018898960179649295,119156.0,8019.962119813077
0.47561194896698,-0.0027117646226543003,0.007962412059907406,0.11431192907039076,5058,2048,1.0623647689819335,0.405148021876812,0.16611328125,0.012648417166201398,0.0646174328867346,0.005190869701789386,1.0,10,-0.0002793392486637458,0.3447964588801066,0.05169050813419744,0.9679272770881653,0.004550133533698075,-0.008033749647438526,0.21432164311408997,0.07985318419523538,0.9319781064987183,0.006062118591363646,-0.04824453592300415,0.28167521953582764,0.06272816641721875,0.762345552444458,0.004997274088085607,0.019051289185881615,0.3939274549484253,0.037619130313396455,role_local,0.08109938502311706,0.03128312295302749,0.00023631359999999997,0.00022039199999999997,0.00220392,256.0,1.1849267959594727,955296.0,1.9371511936187744,0.9964907765388489,0.4437912404537201,support>combat,0,0.0,0.0,-0.016342620958312182,-0.00830078125,0.0,0.001091020963031042,0.001091020963031042,0.0,0.0,0.0,-0.00390625,0.0,0.0,0.77880859375,0.3136727600649465,0.004997270928470243,0.0,-0.025309684628155082,-0.025309684628155082,-0.7771569711621851,0.0,-0.01554405985007179,-0.009765625,0.046942731278249994,0.0,0.0,0.0,0.0,0.0,-0.025176009490678553,-0.025176009490678553,-0.7703934075543657,0.0,-0.015410384607093874,-0.009765625,0.2407143044838449,0.0,0.0,0.0,0.0,0.0,-0.027839043279527687,-0.027839043279527687,-0.9036056690383703,0.0,-0.01807341841777088,-0.009765625,0.15835032124232384,0.0,0.0,0.0,0.0,0.0,0.004997270928470243,0.0,-0.01930842990623205,-0.019999999552965164,-0.0027117646226543003,-0.01070041861385107,0.31233397126197815,0.9126589894294739,0.0,1597,-0.0579368881881237,0.2521003186702728,0.1640064252540469,0.8585825562477112,1.3074888229370116,0.546075876057148,0.010733954418025427,10,-0.005144189996644855,0.3746420542399089,0.02494711559265852,118.91474717543925,468.0,0.03128312295302749,119412.0,8033.452727193013
0.5053060986101627,-0.0033385989496309775,0.00564892284993217,0.07230552257969976,5580,2048,1.062542986869812,0.3735490068793297,0.1775390625,0.013288272509817034,0.05942736398428679,0.004756669562335686,1.0,10,-0.0030048786153201944,0.34493109583854675,0.051186739839613436,0.9761834144592285,0.0043518095471811345,0.002721927361562848,0.16111236810684204,0.05844344347715378,0.8508075475692749,0.0046258056671798055,0.04271261766552925,0.4544849395751953,0.06814120076596737,0.9454777836799622,0.005265243317531365,0.008010477758944035,0.18703584372997284,0.03855941854417324,role_local,0.07327882796525956,0.03025928558781743,0.00023617706666666667,0.0002202213333333333,0.0022022133333333333,256.0,1.1860485136508943,957344.0,2.4228925704956055,0.995853066444397,0.32160258293151855,support>combat,3,0.0,0.0,-0.017973289650399238,-0.0107421875,0.0009765625,2.416180905129295e-06,2.416180905129295e-06,0.0,0.0,0.0,-0.00390625,0.0,0.0,0.87060546875,-0.010339459870010614,0.003420385060053377,0.00048828125,-0.03077121036039898,-0.03077121036039898,-0.8792747540865093,0.0,-0.01758761689416133,-0.013671875,0.1924311890370518,0.0,0.0,0.0,0.0,0.00048828125,-0.025114013718848582,-0.025114013718848582,-0.8894871836528182,0.0,-0.01778979507071199,-0.01171875,0.29007129018646083,0.00390625,0.0,0.0,0.0,0.00048828125,-0.0317260505471495,-0.0317260505471495,-0.9270772181916982,0.0,-0.018542456986324396,-0.013671875,0.2956095470872242,0.0,0.0,0.0,0.0,0.00048828125,0.003420385060053377,0.00048828125,-0.02190221550699789,-0.019999999552965164,-0.0033385989496309775,0.017803583294153214,0.29879310727119446,0.9164897203445435,0.0,1785,0.016248157247900963,0.24317067861557007,0.08518368117511273,0.871493935585022,1.3095540404319763,0.6370631903409958,0.0065411761375286535,10,-0.0036723192839417606,0.37484394510587055,0.02195915263146162,118.96712497756747,469.0,0.03025928558781743,119668.0,8047.1306689181365
0.4849629536271095,-0.002119237169972621,0.003033642722138766,0.028061491437256336,5467,2048,1.0645323276519776,0.40538794100284575,0.1345703125,0.009570653480477632,0.03308473508805036,0.0034324862571864013,1.0,10,-0.0018571217078715563,0.3452367385228475,0.03166265841573477,0.9792178869247437,0.0032634962915427277,-0.014360557310283184,0.15264229476451874,0.039122287184000015,0.9698721766471863,0.003755413855101505,-0.039484504610300064,0.19678907096385956,0.02926333867944777,0.9590958952903748,0.0033122341076377735,-0.014401662163436413,0.1479160636663437,0.01291991826146841,role_local,0.06137111261487007,0.013175791967660189,0.0002360405333333333,0.00022005066666666665,0.002200506666666667,256.0,1.1877714157104493,959392.0,2.119882822036743,1.0023815631866455,0.30026066303253174,support>combat,6,0.0,0.0,-0.017670386470854282,-0.01025390625,0.0,0.002035263994912384,0.002035263994912384,0.0,0.0,0.0,-0.001953125,0.0,0.0,0.873046875,0.08270026030368172,0.003988389020378236,0.0,-0.027122900919493986,-0.027122900919493986,-0.8672188089694828,0.0,-0.01735727621417027,-0.009765625,0.2443756660213694,0.0,0.0,0.0,0.0,0.0,-0.031880701950285584,-0.031880701950285584,-0.8118770255241543,0.0,-0.016255702430498786,-0.015625,0.21058674553933088,0.0,0.0,0.0,0.0,0.0,-0.03307005554961506,-0.03307005554961506,-0.9690773936454207,0.0,-0.01939818076789379,-0.013671875,0.326231715744143,0.0,0.0,0.0,0.0,0.0,0.003988389020378236,0.0,-0.022509599639306543,-0.019999999552965164,-0.002119237169972621,-0.02209615521132946,0.16629517078399658,0.9725246429443359,0.0,1789,-0.010900101624429226,0.18422634899616241,0.023038247786462306,0.9125832319259644,1.3110105037689208,0.5645379662513733,0.00263479918709113,10,-0.0023813526320736857,0.3750094771385193,0.013431665673851966,119.033445267653,470.0,0.013175791967660189,119924.0,8059.852404026082
0.40854927226901055,0.0009186550712911412,0.002786273785516291,0.02680211393162608,5463,2048,1.067009687423706,0.3378103330731392,0.073046875,0.0057932508818339555,0.014383684424683452,0.0020999396595522634,1.0,10,-0.0017844444198999553,0.34544708331425983,0.01524031711742282,0.8805018663406372,0.0022050509034911903,-0.03858212009072304,0.3244353234767914,0.014022463071160018,0.9579839706420898,0.0020309504980206257,-0.05783175677061081,0.23239167034626007,0.013833613460883498,0.968841016292572,0.002054870916349988,-0.011784490197896957,0.17202533781528473,0.026095269061625005,role_local,0.0907149262726307,0.015159603697247804,0.000235904,0.00021988,0.0021988,256.0,1.188937669992447,961440.0,2.0750057697296143,1.0016543865203857,0.45601940155029297,combat>support,2,0.0,0.0,-0.017660687814592773,-0.0107421875,0.0,0.005845764551850152,0.005845764551850152,0.0,0.0,0.0,0.0,0.0,0.0,0.9306640625,0.3538513878302183,0.005845764551850152,0.0,-0.03608546615942032,-0.03608546615942032,-0.9253479556646198,0.0,-0.018507341515942244,-0.017578125,0.3538576567952987,0.0,0.0,0.0,0.0,0.0,-0.030309055844554678,-0.030309055844554678,-0.831859132507816,0.0,-0.0166371812010766,-0.013671875,0.22438103996682912,0.0,0.0,0.0,0.0,0.0,-0.029556290501204785,-0.029556290501204785,-0.8918563763145357,0.0,-0.01783754072675947,-0.01171875,0.301538024796173,0.0,0.0,0.0,0.0,0.0,0.005845764551850152,0.0,-0.022526263011968695,-0.019999999552965164,0.0009186550712911412,-0.03559865429997444,0.2531566023826599,0.9393497705459595,0.0,1906,0.008885515853762627,0.0948890969157219,0.03922054343856871,0.9275643825531006,1.3108656525611877,0.4792882114648819,0.0034726079114803187,10,0.003621754562482238,0.37460459272066754,0.004223938332870603,119.08627756145523,471.0,0.015159603697247804,120180.0,8073.474288453115
0.37141716927289964,-0.003094860102282837,0.0027188635308511,0.024767948663793504,5109,2048,1.067840051651001,0.396958127617836,0.0955078125,0.007164120022207498,0.024974185414612292,0.0028248496956075537,1.0,10,-0.002128462877590209,0.3454348146915436,0.027063383348286153,0.9876348972320557,0.0029050078244462043,-0.00455403421074152,0.14040714502334595,0.026023864932358264,0.9907548427581787,0.002944102554209546,-0.053310539573431015,0.13632014393806458,0.022424435056746007,0.930141031742096,0.002667354443752834,0.022735942155122757,0.20341908931732178,0.011773988790810107,role_local,0.06576799079775811,0.016877548303455114,0.00023576746666666663,0.00021970933333333333,0.0021970933333333334,256.0,1.1878080785274505,963488.0,2.305981159210205,1.0020177364349365,0.43974271416664124,combat>support,6,0.0,0.0,-0.016499373559781816,-0.01220703125,0.0,0.0024012055046114256,0.0024012055046114256,0.0,0.0,0.0,-0.001953125,0.0,0.0,0.9267578125,0.10788323036103975,0.00435433061375079,0.0,-0.0320210262107139,-0.0320210262107139,-0.8197756144218147,0.0,-0.016396026559959864,-0.015625,0.4364034475875087,0.0,0.0,0.0,0.0,0.0,-0.03178682012367062,-0.03178682012367062,-0.7104257895844057,0.0,-0.014208695665729465,-0.017578125,0.35131541796727106,0.0,0.0,0.0,0.0,0.0,-0.03256527308985824,-0.03256527308985824,-0.9446698878891766,0.0,-0.01889339845365612,-0.013671875,0.32198538942611776,0.0,0.0,0.0,0.0,0.0,0.00435433061375079,0.0,-0.02349297978071263,-0.019999999552965164,-0.003094860102282837,-0.008112405426800251,0.1691911667585373,0.9804387092590332,0.0,1899,0.0034766877070069313,0.23679012060165405,0.024561711912974717,0.8175774812698364,1.3077761054039,0.3458762109279633,0.002612877366094646,10,-0.0040612573269754645,0.37458959221839905,0.02198110781610012,119.13749679729143,472.0,0.016877548303455114,120436.0,8087.193586410023
0.4515016734600067,-0.006444943264796166,0.003914023828847901,0.042977104257442986,4343,2048,1.067390501499176,0.45800197422504424,0.098828125,0.007259114790940657,0.03456024014740251,0.003290910010310677,1.0,10,-0.009117061503638979,0.345349242289861,0.030194910150021313,0.9761544466018677,0.0030195456225904247,-0.042980317026376724,0.25974100828170776,0.04219435808481649,0.9126737117767334,0.00367033806963536,0.0837109312415123,0.5540018677711487,0.03251705728471279,0.8082321286201477,0.0032208797278966083,0.07844206690788269,0.4343339204788208,0.06326238736510277,role_local,0.12524618059396744,0.04357450930401683,0.00023563093333333333,0.00021953866666666667,0.002195386666666667,256.0,1.1881687641143799,965536.0,2.3101394176483154,0.9932676553726196,0.3900080919265747,support>combat,7,0.0,0.0,-0.013933174107781573,-0.00927734375,0.001953125,0.0024772207636942767,0.0024772207636942767,0.0,0.0,0.0,-0.001953125,0.0,0.0,0.83251953125,0.02061753679299727,0.0034537833184913325,0.0009765625,-0.023707477115749498,-0.023707477115749498,-0.550591956358403,0.0,-0.01101216494498658,-0.013671875,0.24496675540649449,0.0,0.0,0.0,0.0,0.0009765625,-0.016350862559193047,-0.016350862559193047,-0.5733940646750852,0.0,-0.011468049860923202,-0.009765625,0.13387137948302552,0.00390625,0.0,0.0,0.0,0.0009765625,-0.026155246305279434,-0.026155246305279434,-0.9640726337675005,0.0,-0.019319307517434936,-0.01171875,0.11256669837166555,0.00390625,0.0,0.0,0.0,0.0009765625,0.0034537833184913325,0.0009765625,-0.015934091297822306,-0.019999999552965164,-0.006444943264796166,0.047995179891586304,0.43862077593803406,0.92518150806427,0.0,1706,0.00080156943295151,0.24991288781166077,0.051393968367483465,0.7261073589324951,1.3089470267295837,0.4450013726949692,0.004537137647385126,10,-0.0037728250259533524,0.37467708190282184,0.02388663124293089,119.19487236300017,473.0,0.04357450930401683,120692.0,8100.482687372016
0.4104060508310795,-0.0016404900408815593,0.0034997149222764255,0.03968490271654446,4948,2048,1.066676425933838,0.3368687555193901,0.07685546875,0.0063343907881062474,0.025096332520479336,0.0026612377750827366,1.0,10,-0.002053266088478267,0.3453052540620168,0.022374744748231024,0.9869610071182251,0.0024082974661321726,0.0010872395941987634,0.15669062733650208,0.03344818232581019,0.8763281106948853,0.0032867183340902105,0.06785813719034195,0.47361472249031067,0.018888054182752967,0.9644749164581299,0.00223663940728428,0.02311326190829277,0.20821911096572876,0.04264504984021187,role_local,0.10766691416501999,0.02511014542542398,0.00023549439999999997,0.000219368,0.00219368,256.0,1.1871274888515473,967584.0,1.9858472347259521,1.0018569231033325,0.3267003893852234,combat>support,7,0.0,0.0,-0.015959194245927694,-0.0087890625,0.0009765625,0.004150707269218401,0.004150707269218401,0.0,0.0,0.0,0.0,0.0,0.0,0.90966796875,0.003959032328566536,0.0036624260064854752,0.00048828125,-0.025129996924079023,-0.025129996924079023,-0.6947758989408612,0.0,-0.01389952827776142,-0.01171875,0.3629331311531132,0.0,0.0,0.0,0.0,0.00048828125,-0.022372206985892262,-0.022372206985892262,-0.8500444397795945,0.0,-0.017001112013531383,-0.009765625,0.5237125793937594,0.00390625,0.0,0.0,0.0,0.00048828125,-0.030160535927279852,-0.030160535927279852,-0.848801895743236,0.0,-0.016976942446490284,-0.013671875,0.3283174370189954,0.0,0.0,0.0,0.0,0.00048828125,0.0036624260064854752,0.00048828125,-0.01837800823705038,-0.019999999552965164,-0.0016404900408815593,0.03270424157381058,0.32133764028549194,0.9410691261291504,0.0,1863,0.024370552971959114,0.1345212161540985,0.054273472912609574,0.9035537838935852,1.3075785517692566,0.48394334614276885,0.004338192069470115,10,-0.0012277139932848514,0.3742845058441162,0.007575241010636091,119.24888026835417,474.0,0.02511014542542398,120948.0,8113.988138274988
0.5660442560911179,-0.0030256893136538566,0.00395603728630905,0.045937951805535705,5086,2048,1.0663917064666748,0.5609566301107407,0.198046875,0.014752548630349338,0.07676615696400405,0.005950793089552475,1.0,10,-0.0016385281225666404,0.34520500898361206,0.08526871800422668,0.9306253790855408,0.006314621153463124,0.08084788918495178,0.4487292766571045,0.0796277852728963,0.8913910388946533,0.006074600773086564,0.05721154063940048,0.40517622232437134,0.06754345558583737,0.95285964012146,0.005553709327992373,0.019296646118164062,0.18993954360485077,0.04831975698471069,role_local,0.10819552652537823,0.034155567875131965,0.00023535786666666666,0.00021919733333333334,0.0021919733333333334,256.0,1.1852093935012817,969632.0,2.013903856277466,1.000034213066101,0.38838717341423035,combat>support,8,0.0,0.0,-0.01637634514311988,-0.00732421875,0.001953125,0.0016853488357355673,0.0016853488357355673,0.0,0.0,0.0,-0.00390625,0.0,0.0,0.8896484375,0.1760737814984168,0.004615036430323016,0.0009765625,-0.01819968285781215,-0.01819968285781215,-0.6658355229301378,0.0,-0.013316869586560642,-0.009765625,0.3796381316060433,0.00390625,0.0,0.0,0.0,0.0009765625,-0.02092710791475838,-0.02092710791475838,-0.8998706040438265,0.0,-0.017997419367020484,-0.0078125,0.32296424615196884,0.00390625,0.0,0.0,0.0,0.0009765625,-0.024650683837535325,-0.024650683837535325,-0.8906898733694106,0.0,-0.01781474647577852,-0.0078125,0.22646131028614036,0.0,0.0,0.0,0.0,0.0009765625,0.004615036430323016,0.0009765625,-0.015523031852353597,-0.019999999552965164,-0.0030256893136538566,0.049961164593696594,0.3587118089199066,0.9246795177459717,0.0,1824,-0.02030038833618164,0.21821328997612,0.015109746647067369,0.8984874486923218,1.3040270805358887,0.571131882071495,0.0019612814830656244,10,-0.004412850504741073,0.3739151457945506,0.019991378765553236,119.30277953043333,475.0,0.034155567875131965,121204.0,8127.488762763096
0.45917372554540636,-0.005964742670767009,0.003495751451558271,0.03893550601787865,5066,2048,1.0646480679512025,0.3464684396982193,0.0640625,0.005209163873951183,0.019853973481804132,0.0021106763875108183,1.0,10,-0.003530772682279348,0.3449200987815857,0.01591278542764485,0.990496814250946,0.0017917478240293328,-0.003119033994153142,0.13343578577041626,0.021246264036744834,0.8877118229866028,0.0021754300662159996,-0.0006928658694960177,0.38059866428375244,0.021685590478591622,0.9675382375717163,0.002310166450997362,-0.005632858257740736,0.20550717413425446,0.029648706316947937,role_local,0.07035546712577342,0.02789150131866336,0.00023522133333333332,0.00021902666666666668,0.002190266666666667,256.0,1.1834654986858368,971680.0,2.6798830032348633,1.0032014846801758,0.32785993814468384,combat>support,7,0.0,0.0,-0.016332242428688915,-0.0087890625,0.0,0.0027714494331121386,0.0027714494331121386,0.0,0.0,0.0,-0.001953125,0.0,0.0,0.8623046875,0.21255926784942858,0.004724574345800647,0.0,-0.024034430698520737,-0.024034430698520737,-0.71323003154248,0.0,-0.014268805907704518,-0.009765625,0.28608804754912853,0.0,0.0,0.0,0.0,0.0,-0.02743927047413308,-0.02743927047413308,-0.8835965769831091,0.0,-0.017673645710601704,-0.009765625,0.2810395665583201,0.0,0.0,0.0,0.0,0.0,-0.030726150842383504,-0.030726150842383504,-0.8526946727652103,0.0,-0.01705427566776052,-0.013671875,0.04975496238330379,0.0,0.0,0.0,0.0,0.0,0.004724574345800647,0.0,-0.019857101067827898,-0.019999999552965164,-0.005964742670767009,-0.003108214819803834,0.26915132999420166,0.9526311159133911,0.0,1767,-0.002547146985307336,0.2583201229572296,0.05801703855395317,0.7903345823287964,1.3022829294204712,0.5718790113925933,0.004880826515605724,10,-0.00839871265925467,0.3738736609617869,0.02613429632037878,119.35557970483173,476.0,0.02789150131866336,121460.0,8141.052160301013
0.47464009672403334,-0.0056521194346714765,0.005968709309482055,0.08261536515783519,5157,2048,1.0631816983222961,0.28146266043186186,0.0794921875,0.005902011513535399,0.018130756681784987,0.002397963451519161,1.0,10,-0.0024341260897926984,0.34498973687489826,0.02063727411441505,0.9606202244758606,0.0025414583804129046,0.03617967665195465,0.24850957095623016,0.015711231552995742,0.8435243368148804,0.002209411368177705,0.009196142666041851,0.5157709121704102,0.01836260724812746,0.9742751717567444,0.002467758913061119,0.05667663365602493,0.21223802864551544,0.05448484420776367,role_local,0.10677857398986816,0.044134392589330676,0.0002350848,0.000218856,0.00218856,256.0,1.1828347623348237,973728.0,2.11909818649292,0.9976041913032532,0.45788225531578064,combat>support,6,0.0,0.0,-0.016621263825072674,-0.00830078125,0.0009765625,-0.0006348802294269262,-0.0006348802294269262,0.0,0.0,0.0,-0.005859375,0.0,0.0,0.85791015625,0.2174288237511064,0.00473621356240983,0.00048828125,-0.021347456335206516,-0.021347456335206516,-0.7984978172462434,0.0,-0.015976362708897796,-0.005859375,0.25222461103112437,0.0,0.0,0.0,0.0,0.00048828125,-0.02712408710794989,-0.02712408710794989,-0.8917257352732122,0.0,-0.017846742404799443,-0.013671875,0.26599674683529884,0.00390625,0.0,0.0,0.0,0.00048828125,-0.023364904900518013,-0.023364904900518013,-0.8014609455130994,0.0,-0.016040686361520784,-0.0078125,0.07529685387271456,0.0,0.0,0.0,0.0,0.00048828125,0.00473621356240983,0.00048828125,-0.01811783280572854,-0.019999999552965164,-0.0056521194346714765,0.03299228474497795,0.36126893758773804,0.9241710901260376,0.0,1760,-0.03749328851699829,0.29480478167533875,0.14709997363388538,0.8865870237350464,1.3024878263473512,0.6678175330162048,0.009539455167444949,10,-0.008870112779550254,0.37388776739438373,0.03378394097089767,119.41553039394353,477.0,0.044134392589330676,121716.0,8154.115271168994
0.5278205953538417,-0.002703893932630308,0.005467295038780506,0.07066402431810274,5464,2048,1.0635617136955262,0.41088138073682784,0.103125,0.007548897073138505,0.02661673875991255,0.0027720456018150764,1.0,10,-0.0026427270844578744,0.34477036197980243,0.02754772105254233,0.9751420617103577,0.0027219445227949614,0.022347040474414825,0.16070853173732758,0.023502022144384682,0.9752288460731506,0.002819156597912098,0.024600062519311905,0.180546373128891,0.02857786222593859,0.9302808046340942,0.002776695398318857,0.04519803076982498,0.2775987684726715,0.018113207444548605,role_local,0.08239178881049156,0.014559359895065427,0.00023494826666666665,0.00021868533333333333,0.0021868533333333335,256.0,1.1828557670116424,975776.0,2.871807336807251,0.9949607849121094,0.4036025404930115,combat>support,5,0.0,0.0,-0.017663788169253774,-0.0107421875,0.0,0.00025079142142203636,0.00025079142142203636,0.0,0.0,0.0,-0.00390625,0.0,0.0,0.72705078125,0.2081397488946095,0.004157041617872892,0.0,-0.0333683403005125,-0.0333683403005125,-0.8869379032403231,0.0,-0.017743340336892288,-0.015625,0.12653573471834534,0.0,0.0,0.0,0.0,0.0,-0.0305438918476284,-0.0305438918476284,-0.8431643608491868,0.0,-0.016872017233254155,-0.013671875,0.08224884688388556,0.0,0.0,0.0,0.0,0.0,-0.02814163161747274,-0.02814163161747274,-0.918630174594,0.0,-0.018376006937614875,-0.009765625,0.02168784828245407,0.0,0.0,0.0,0.0,0.0,0.004157041617872892,0.0,-0.022950768907321617,-0.019999999552965164,-0.002703893932630308,0.030989589169621468,0.21414892375469208,0.9607870578765869,0.0,1491,-0.04540928453207016,0.17085091769695282,0.11471130987629294,0.9643098711967468,1.3021498203277588,0.6447598099708557,0.008162544475745936,10,-0.0027650607808027416,0.37373162309328717,0.011005512345582247,119.47118449955603,478.0,0.014559359895065427,121972.0,8167.458990947111
0.5400402113795281,-0.00523634422570467,0.0050538584582201255,0.061138594907242806,5173,2048,1.0603515744209289,0.4456148773431778,0.16103515625,0.011715938115958124,0.05062496911268681,0.004474725968771553,1.0,10,-0.004642793722450733,0.3443811237812042,0.04564165789633989,0.9705167412757874,0.0041624035767232285,-0.021092483773827553,0.21234416961669922,0.04362218473106623,0.9099562764167786,0.00398466451422973,0.0905916690826416,0.4218841791152954,0.06050196193391457,0.9484187364578247,0.005135047812069171,0.016283076256513596,0.24806198477745056,0.034985890798270705,role_local,0.12318884804844857,0.024425520049408077,0.00023481173333333332,0.00021851466666666664,0.0021851466666666665,256.0,1.180525541305542,977824.0,1.886625051498413,0.9971806406974792,0.37857264280319214,support>combat,7,0.0,0.0,-0.016678744797294105,-0.00830078125,0.0009765625,0.001974390075702104,0.001974390075702104,0.0,0.0,0.0,-0.001953125,0.0,0.0,0.7158203125,0.09599211881868541,0.003439233947574394,0.00048828125,-0.027977481451671338,-0.027977481451671338,-0.7395856170915067,0.0,-0.014793888225540286,-0.013671875,0.1641367977426853,0.0,0.0,0.0,0.0,0.00048828125,-0.01958185863259132,-0.01958185863259132,-0.8076810808852315,0.0,-0.01616388854017714,-0.0078125,0.1062757596373558,0.00390625,0.0,0.0,0.0,0.00048828125,-0.028355801019642968,-0.028355801019642968,-0.95349624264054,0.0,-0.01907845762616489,-0.009765625,-0.01802955166203901,0.0,0.0,0.0,0.0,0.00048828125,0.003439233947574394,0.00048828125,-0.01848518822225742,-0.019999999552965164,-0.00523634422570467,0.029260700568556786,0.3104526400566101,0.9398055076599121,0.0,1467,0.028772803023457527,0.21107006072998047,0.0716522207017988,0.929336428642273,1.3006995081901551,0.6344655454158783,0.005632990947668698,10,-0.0058298947289586065,0.37359292308489483,0.013865149300545453,119.52744710032019,479.0,0.024425520049408077,122228.0,8180.74863741803
0.45223506838083266,-0.0017404553684173152,0.003367502583495968,0.03856742023490369,4996,2048,1.0579832315444946,0.3275128871202469,0.1005859375,0.007470432392437942,0.031225930619984864,0.0029886367940497203,1.0,10,-0.0023954308999236673,0.3442597488562266,0.029936000891029834,0.9834555387496948,0.0031360659416213243,-0.0023294768761843443,0.20372289419174194,0.028096265997737645,0.8956907391548157,0.0027500099241350106,0.08707024157047272,0.3981243371963501,0.034998626075685026,0.7941886186599731,0.0031297064401369645,5.1984792662551627e-05,0.37697821855545044,0.04988815262913704,role_local,0.13049370646476746,0.04039219617843628,0.00023467519999999996,0.00021834399999999998,0.00218344,256.0,1.1790963590145112,979872.0,2.4598886966705322,1.00437331199646,0.41462990641593933,combat>support,4,0.0,0.0,-0.0161338025573059,-0.00732421875,0.0009765625,0.0008471781256957911,0.0008471781256957911,0.0,0.0,0.0,-0.00390625,0.0,0.0,0.80224609375,0.17602708840422565,0.004265146889338212,0.00048828125,-0.018764508384265355,-0.018764508384265355,-0.5719217460718937,0.0,-0.011440289752499666,-0.0078125,0.027277956403850112,0.0,0.0,0.0,0.0,0.00048828125,-0.02152172393834917,-0.02152172393834917,-0.9050841936841607,0.0,-0.018103754868207034,-0.0078125,0.03457224543672055,0.00390625,0.0,0.0,0.0,0.00048828125,-0.028134706401033327,-0.028134706401033327,-0.942782279336825,0.0,-0.018857363051210996,-0.009765625,-0.0583111515516066,0.0,0.0,0.0,0.0,0.00048828125,0.004265146889338212,0.00048828125,-0.016893440973944962,-0.019999999552965164,-0.0017404553684173152,0.03207971528172493,0.35549935698509216,0.9238054156303406,0.0,1645,-0.06511712074279785,0.2833598256111145,0.04590890984982252,0.8499898910522461,1.3002094864845275,0.5769572496414185,0.003746368372942216,10,-0.0010854798369109631,0.37368471423784894,0.03089623972773552,119.5769144071273,480.0,0.04039219617843628,122484.0,8194.491427198052
0.5743372417986393,-0.0014621677779359742,0.005518987222690887,0.07355915075168014,4612,2048,1.0575960755348206,0.47500201016664506,0.14521484375,0.011462712060892954,0.07458218913525343,0.005372030614365797,1.0,10,0.00018068207427859306,0.3442910512288411,0.08539000991731882,0.9877904057502747,0.005925208494353107,0.04182272031903267,0.17221985757350922,0.06648629512637853,0.9854605197906494,0.004949858119875019,0.02460833266377449,0.1448783427476883,0.07435745466500521,0.956948459148407,0.005369873357807397,0.051569852977991104,0.2420782446861267,0.01453125048428774,role_local,0.06883208565413952,0.015673298761248587,0.00023453866666666665,0.00021817333333333332,0.002181733333333333,256.0,1.1792136967182159,981920.0,2.158968925476074,0.9962720274925232,0.32383957505226135,support>combat,10,0.0,0.0,-0.014916685671778396,-0.00927734375,0.0,-0.003144081463688053,-0.003144081463688053,0.0,0.0,0.0,-0.005859375,0.0,0.0,0.6513671875,0.01830413463176228,0.002715293545406894,0.0,-0.02202378738365951,-0.02202378738365951,-0.612907195230946,0.0,-0.012258162583748344,-0.009765625,0.1396150454038434,0.0,0.0,0.0,0.0,0.0,-0.02775598356674891,-0.02775598356674891,-0.8018042296171188,0.0,-0.01603723362495657,-0.01171875,-0.15485214040381834,0.0,0.0,0.0,0.0,0.0,-0.026220285704766866,-0.026220285704766866,-0.8226894142571837,0.0,-0.016454660806630272,-0.009765625,0.11058515522745438,0.0,0.0,0.0,0.0,0.0,0.002715293545406894,0.0,-0.019786035343713593,-0.019999999552965164,-0.0014621677779359742,0.039243075996637344,0.19323033094406128,0.9785568118095398,0.0,1337,-0.035443760454654694,0.23848095536231995,0.07253611236810684,0.9230026006698608,1.3008313179016113,0.6736724734306335,0.005665943831015976,10,-0.003105017630150542,0.3736622830231984,0.016815347038209437,119.63800310665604,481.0,0.015673298761248587,122740.0,8207.425521175144
0.3618251733481884,-0.005558377219131216,0.0029056869326908514,0.02567673457087949,4258,2048,1.0572494864463806,0.37559145539999006,0.10986328125,0.007675642473623156,0.03641102591063827,0.0037077301224969607,1.0,10,-0.007968053815420716,0.3440764943758647,0.03472949913702905,0.9781498312950134,0.0036144214425798014,0.05671466514468193,0.22058798372745514,0.037757598957978186,0.889641523361206,0.0036782215142528523,0.08160048723220825,0.5187874436378479,0.03645265055820346,0.9602512121200562,0.0038333086804058615,0.012042064219713211,0.30339622497558594,0.04942410327494144,role_local,0.12580057606101036,0.04878214951604605,0.0002344021333333333,0.00021800266666666666,0.0021800266666666666,256.0,1.1790525138378143,983968.0,2.4528095722198486,1.0046648979187012,0.4167158901691437,support>combat,14,0.0,-1.220703143189894e-05,-0.013714530752622522,-0.005859375,0.0009765625,-0.001020775215181402,-0.001020775215181402,0.0,-4.882812572759576e-05,0.0,-0.00390625,0.0,0.0,0.6443685025442392,-0.021908743961830623,0.002446021478306193,0.00048828125,-0.018024087563389912,-0.018024087563389912,-0.6326330536976457,0.0,-0.012652993958909065,-0.005859375,-0.0037641393282683566,0.0,0.0,0.0,0.0,0.00048828125,-0.016804902312287595,-0.016804902312287595,-0.7670029260916635,0.0,-0.015340057518187677,-0.005859375,0.07520306084916228,0.00390625,0.0,0.0,0.0,0.00048828125,-0.020474759312492097,-0.020474759312492097,-0.6575197953497991,0.0,-0.013150540780770825,-0.0078125,0.20341560474480502,0.0,0.0,0.0,0.0,0.00048828125,0.002446021478306193,0.00048828125,-0.01408113175057224,-0.019999999552965164,-0.005558377219131216,0.051818449050188065,0.3823499083518982,0.9389145970344543,0.0,1433,-0.07404503971338272,0.3780423700809479,0.014942443231120706,0.7268418073654175,1.300855541229248,0.34805889129638673,0.002103643742884742,10,-0.0031487006228417156,0.3738620380560557,0.04814019575715065,119.70235518974076,482.0,0.04878214951604605,122996.0,8220.122306201141
0.5828840613365174,-0.002623365132603794,0.005703142390515825,0.07610050146467984,4729,2048,1.0548244953155517,0.5068240016698837,0.15703125,0.011424896866083145,0.06001082072034478,0.004964071472588594,1.0,10,-0.0008382450090721249,0.3438402513662974,0.07083659968338907,0.9756426215171814,0.005506779478196433,-0.00960490945726633,0.18447917699813843,0.056093194801360366,0.9684398174285889,0.004871549289594124,0.07813722640275955,0.23949258029460907,0.05123723653377965,0.9781152009963989,0.004415142581925757,0.006482452154159546,0.21196290850639343,0.017587471194565295,role_local,0.09567673187702894,0.00991617541294545,0.00023426559999999998,0.000217832,0.00217832,256.0,1.1787738502025604,986016.0,1.9136594533920288,0.993395209312439,0.49320945143699646,support>combat,7,0.0,0.0,-0.015329884587724033,-0.00634765625,0.0,0.004576390228976379,0.004576390228976379,0.0,0.0,0.0,0.0,0.0,0.0,0.71044921875,0.2890988974249922,0.004576390228976379,0.0,-0.026641648215445457,-0.026641648215445457,-0.8438012572005391,0.0,-0.016876023550139507,-0.009765625,0.014815584407187998,0.0,0.0,0.0,0.0,0.0,-0.020882467044430086,-0.020882467044430086,-0.7511546679306775,0.0,-0.015023092182673281,-0.005859375,0.1574424831669603,0.0,0.0,0.0,0.0,0.0,-0.023856162806623615,-0.023856162806623615,-0.7045153824146837,0.0,-0.014090538030359312,-0.009765625,0.19921129965223372,0.0,0.0,0.0,0.0,0.0,0.004576390228976379,0.0,-0.016700972913895384,-0.019999999552965164,-0.002623365132603794,0.023978646844625473,0.2155367136001587,0.9739007949829102,0.0,1455,0.00226006843149662,0.07630853354930878,0.0921901822090149,0.909558892250061,1.3027232050895692,0.6589441210031509,0.006442213308443056,10,-0.004408485256135464,0.3739903171857198,0.0022448796313256024,119.76301397881157,483.0,0.00991617541294545,123252.0,8233.059333113022
0.5668724745512008,-0.006907970103202388,0.006670967607706049,0.08953752417583019,4265,2048,1.0530715584754944,0.506398367881775,0.15458984375,0.011575334059307352,0.06743693016469479,0.005285044933602661,1.0,10,-0.002506489434745163,0.34363433718681335,0.07495767660439015,0.9797804951667786,0.005573865017148821,-0.040638696402311325,0.22972965240478516,0.0600181395187974,0.8996959924697876,0.004808160526076665,0.0253447312861681,0.4576546549797058,0.07011683359742164,0.9650960564613342,0.005650723071061375,-0.013801555149257183,0.29915735125541687,0.043432232737541196,role_local,0.10985627695918083,0.02936876257881522,0.00023412906666666665,0.00021766133333333334,0.002176613333333333,256.0,1.1781124651432038,988064.0,2.03079891204834,1.0080357789993286,0.3637411892414093,combat>support,8,0.0,0.0,-0.013704675702683744,-0.009765625,0.0009765625,-0.0030011804757350546,-0.0030011804757350546,0.0,0.0,0.0,-0.005859375,0.0,0.0,0.8212890625,-0.1525404882559087,0.002369913268807977,0.00048828125,-0.023488442255256814,-0.023488442255256814,-0.6127125426428393,0.0,-0.012257973716259585,-0.01171875,0.16104010920025758,0.0,0.0,0.0,0.0,0.00048828125,-0.024020606506383047,-0.024020606506383047,-0.8341597681865096,0.0,-0.01669638729072176,-0.01171875,0.3247920407593483,0.00390625,0.0,0.0,0.0,0.00048828125,-0.021437009650981054,-0.021437009650981054,-0.6075758916558698,0.0,-0.012159666101069888,-0.009765625,0.2858104534825543,0.0,0.0,0.0,0.0,0.00048828125,0.002369913268807977,0.00048828125,-0.017986809856665786,-0.019999999552965164,-0.006907970103202388,-0.005772518925368786,0.3582914173603058,0.9490324258804321,0.0,1685,-0.07630302011966705,0.21220438182353973,0.11163811818696559,0.939766526222229,1.3031533718109132,0.6273465812206268,0.008056890281809437,10,-0.011309450771659613,0.37403299411137897,0.015305292420089244,119.8222558665146,484.0,0.02936876257881522,123508.0,8246.080770676956
0.38894945606589315,-0.003931167420523707,0.0025941924815628,0.023680853251426014,4679,2048,1.0510254383087159,0.40157019793987275,0.07001953125,0.005761706695193425,0.02061497916292865,0.002527812450047867,1.0,10,-0.0018859470990719273,0.343354731798172,0.022757826582528652,0.9844924807548523,0.0027396264342311903,0.018094070255756378,0.19069962203502655,0.01993929482996464,0.9170632362365723,0.0024525680572378915,0.051682159304618835,0.35435688495635986,0.01961701042018831,0.963794469833374,0.002437563626069161,-0.0013950051506981254,0.2872263193130493,0.03239326607435942,role_local,0.09337804764509201,0.021696342900395394,0.0002339925333333333,0.00021749066666666665,0.0021749066666666666,256.0,1.177028977870941,990112.0,2.022972583770752,0.9960547089576721,0.4129926264286041,combat>support,6,0.0,0.0,-0.015097749580794092,-0.0087890625,0.0009765625,0.003097898365922447,0.003097898365922447,0.0,0.0,0.0,-0.001953125,0.0,0.0,0.81005859375,0.2204179330583429,0.004562741944937443,0.00048828125,-0.021935495893558254,-0.021935495893558254,-0.6328132119961083,0.0,-0.012658152332733152,-0.009765625,0.315444281703094,0.0,0.0,0.0,0.0,0.00048828125,-0.023463649296900257,-0.023463649296900257,-0.9046134613454342,0.0,-0.01809255404077703,-0.009765625,0.1968713407695759,0.00390625,0.0,0.0,0.0,0.00048828125,-0.02772613578417804,-0.02772613578417804,-0.7269615768454969,0.0,-0.014542542368872091,-0.013671875,0.20979686349164695,0.0,0.0,0.0,0.0,0.00048828125,0.004562741944937443,0.00048828125,-0.01750684608487063,-0.019999999552965164,-0.003931167420523707,0.025230640545487404,0.29554834961891174,0.9582111239433289,0.0,1660,-0.03306993842124939,0.179131418466568,0.026746727339923382,0.9057784080505371,1.3030325174331665,0.3763287141919136,0.002660572513077733,10,-0.005976387741975486,0.37390097975730896,0.01099941972643137,119.87317375745441,485.0,0.021696342900395394,123764.0,8259.662850033026
0.4940639898180962,-0.0048122202511876825,0.004386070468380718,0.04914647603873164,5155,2048,1.0487322449684142,0.40672244429588317,0.1451171875,0.010162954335100949,0.05185936479829252,0.0044167179514770834,1.0,10,-0.0064061977434903385,0.34318216641743976,0.05585583867505193,0.9742464423179626,0.004528570442117907,-0.006538877729326487,0.2182716727256775,0.05251960139721632,0.9563601016998291,0.004520867177057153,0.037801627069711685,0.22522412240505219,0.04762396924197674,0.950939953327179,0.004208643632591702,0.07437940686941147,0.24752287566661835,0.023147451505064965,role_local,0.09208616614341736,0.015491887973621488,0.00023385599999999998,0.00021731999999999999,0.0021732,256.0,1.1754719495773316,992160.0,2.2515666484832764,0.9972904920578003,0.4238939881324768,support>combat,5,0.0,0.0,-0.016619405756500782,-0.009765625,0.0,0.004650219600080163,0.004650219600080163,0.0,0.0,0.0,0.0,0.0,0.0,0.912109375,0.16696368891280144,0.004650219600080163,0.0,-0.030661422137200134,-0.030661422137200134,-0.7517845125403255,0.0,-0.015036422500998015,-0.015625,0.3594408078934066,0.0,0.0,0.0,0.0,0.0,-0.0334651769589982,-0.0334651769589982,-0.8912385052535683,0.0,-0.017840177337347995,-0.015625,0.29248431042651646,0.0,0.0,0.0,0.0,0.0,-0.024794117198325694,-0.024794117198325694,-0.848745369585231,0.0,-0.016981617431156337,-0.0078125,0.42871629024739377,0.0,0.0,0.0,0.0,0.0,0.004650219600080163,0.0,-0.02106762508265092,-0.019999999552965164,-0.0048122202511876825,0.03692621737718582,0.233323872089386,0.9618106484413147,0.0,1868,-0.0029395055025815964,0.14239035546779633,0.046433587279170754,0.877076268196106,1.3022116541862487,0.5814055353403091,0.004355422985284352,10,-0.003218242758885026,0.3738991320133209,0.007836324442178012,119.92221041827031,486.0,0.015491887973621488,124020.0,8273.363178843167
0.5449217349290848,-0.0007729941105935722,0.005471878875687253,0.06900660814717412,5009,2048,1.0481188297271729,0.5584366232156753,0.21728515625,0.01601622494054027,0.08938040379434824,0.006604811310535297,1.0,10,0.0031663250061683356,0.3431912263234456,0.08407568046823144,0.9444196820259094,0.006272826489576844,-0.025312161073088646,0.39724454283714294,0.09563225284218788,0.9366338849067688,0.00696239294254975,-0.028536293655633926,0.30344632267951965,0.08763943035155534,0.8965267539024353,0.006525886588697805,-0.014113996177911758,0.31039199233055115,0.043897099792957306,role_local,0.1404980704188347,0.027201591152697803,0.00023371946666666664,0.00021714933333333332,0.002171493333333333,256.0,1.175191158056259,994208.0,1.8024126291275024,1.006631851196289,0.5850008726119995,support>combat,5,0.0,0.0,-0.016121801313905355,-0.01025390625,0.0,0.0034421989238921924,0.0034421989238921924,0.0,0.0,0.0,0.0,0.0,0.0,1.0,-0.0929668389580911,0.0034421989238921924,0.0,-0.025288230663136346,-0.025288230663136346,-0.6777210914297029,0.0,-0.013569480841397308,-0.01171875,0.2426063633611193,0.0,0.0,0.0,0.0,0.0,-0.030384987221623305,-0.030384987221623305,-0.8351653903955594,0.0,-0.016713112163415644,-0.013671875,0.3304654375242535,0.0,0.0,0.0,0.0,0.0,-0.03370781071134843,-0.03370781071134843,-0.9034416626673192,0.0,-0.018082810936903115,-0.015625,0.3775098642654484,0.0,0.0,0.0,0.0,0.0,0.0034421989238921924,0.0,-0.021484708009666065,-0.019999999552965164,-0.0007729941105935722,-0.02224576100707054,0.33494308590888977,0.9349061250686646,0.0,2048,0.03195250779390335,0.17628061771392822,0.0486328125,0.8480695486068726,1.3022634863853455,0.5314068466424942,0.004338946440839209,10,-0.00471231322735548,0.3738700250784556,0.010506082512438297,119.97186617148047,487.0,0.027201591152697803,124276.0,8287.009544212138
0.49979094564914706,-0.00239133201612276,0.0035736525916466476,0.03546501446980983,4578,2048,1.0479206085205077,0.5170015215873718,0.1388671875,0.010051076067611575,0.055942849488928914,0.004650771403465581,1.0,10,-0.004358614854572807,0.3430953025817871,0.06449104708153755,0.8743388056755066,0.0052809900141391865,0.06730639934539795,0.626589298248291,0.05563113805837929,0.8509096503257751,0.004540942817736582,0.20515669882297516,0.8121201992034912,0.04918883289210498,0.9597533345222473,0.004234216711716176,0.021379675716161728,0.2342189997434616,0.12563866153359413,role_local,0.17364243492484094,0.07640786170959472,0.0002335829333333333,0.00021697866666666664,0.0021697866666666667,256.0,1.1746889054775238,996256.0,1.5738043785095215,0.9965593218803406,0.6045607328414917,support>combat,13,0.0,0.0,-0.0146282018583103,-0.0087890625,0.00390625,-0.001162110636187208,-0.001162110636187208,0.0,0.0,0.0,-0.005859375,0.0,0.0,0.8828125,-0.13118516419490334,0.0027441389809155226,0.001953125,-0.017007013528200332,-0.017007013528200332,-0.6538176801986992,0.0,-0.013100763710099272,-0.009765625,0.3908595479915675,0.00390625,0.0,0.0,0.0,0.001953125,-0.008645983805763535,-0.008645983805763535,-0.7248940402641892,0.0,-0.014505356546578696,-0.0078125,0.23452937614638358,0.01171875,0.0,0.0,0.0,0.001953125,-0.02604410989806638,-0.02604410989806638,-0.8135436441516504,0.0,-0.016278485318252933,-0.01171875,0.2946674042614177,0.0,0.0,0.0,0.0,0.001953125,0.0027441389809155226,0.001953125,-0.013214804381277645,-0.019999999552965164,-0.00239133201612276,0.09623202681541443,0.6028721928596497,0.8808140754699707,0.0,1811,-0.025663910433650017,0.2582947313785553,0.014987179450690747,0.8919690847396851,1.3014572024345399,0.4825803697109222,0.002496533779827714,10,-0.000424049177672714,0.37368173400561017,0.02717706188559532,120.02876123254853,488.0,0.07640786170959472,124532.0,8300.143980239984
0.5822293698787689,-0.0021694044495234265,0.0037276983998751874,0.04425692067597993,4387,2048,1.0470753192901612,0.47893840074539185,0.09521484375,0.007141297770431265,0.03895545006962493,0.003321557343303372,1.0,10,-0.0010845476354006678,0.343025008837382,0.04426926815649494,0.9890710115432739,0.0034391449584700307,0.0274136234074831,0.17368823289871216,0.03680931777926162,0.939892590045929,0.003318525505892467,0.08331871032714844,0.36326003074645996,0.0372914110776037,0.9750280976295471,0.0032422043026833604,0.09648291766643524,0.20003512501716614,0.02661067880690098,role_local,0.12987823821604252,0.018465956137515605,0.00023344639999999997,0.00021680799999999997,0.00216808,256.0,1.1738583326339722,998304.0,2.7099454402923584,1.0060527324676514,0.33670493960380554,support>combat,11,0.0,-1.220703143189894e-05,-0.014180067249374892,-0.00390625,0.0009765625,-0.00017936394186790494,-0.00017936394186790494,0.0,-4.882812572759576e-05,0.0,-0.00390625,0.0,0.0,0.63427734375,0.12505393268656917,0.0032874329240826228,0.00048828125,-0.016584278324444313,-0.016584278324444313,-0.5603033491643146,0.0,-0.011213184558073408,-0.005859375,0.23990705116739264,0.0,0.0,0.0,0.0,0.00048828125,-0.014659070257039275,-0.014659070257039275,-0.7573029289487749,0.0,-0.015147351179621182,-0.00390625,-0.12980679239262827,0.00390625,0.0,0.0,0.0,0.00048828125,-0.017644509665842634,-0.017644509665842634,-0.8087732810527086,0.0,-0.016179666010430083,-0.001953125,-0.09509583021281287,0.0,0.0,0.0,0.0,0.00048828125,0.0032874329240826228,0.00048828125,-0.01226680554827908,-0.019999999552965164,-0.0021694044495234265,0.07363084703683853,0.266533762216568,0.9692280292510986,0.0,1301,0.015787143260240555,0.18291977047920227,0.049558391282334927,0.94572913646698,1.3006413459777832,0.685520339012146,0.004133839456447003,10,-0.0032542612636461852,0.3737771411736806,0.010321233468130232,120.08848496778748,489.0,0.018465956137515605,124788.0,8313.070152128115
0.6156873345375061,-0.0007897613919340074,0.0061337435417454,0.08152466542087496,3350,1696,1.0461256980895997,0.6174041509628296,0.15687779188156128,0.012249557540053501,0.08771763993427158,0.006465599681631138,1.0,10,0.00479669023770839,0.34286903341611225,0.10013966597616672,0.9855926036834717,0.0072024589198903645,0.042120493948459625,0.23202912509441376,0.07428046986460686,0.957007646560669,0.005627245856771513,0.01659153401851654,0.21412986516952515,0.09267922155559064,0.9570352435112,0.006800353850290958,0.0763765275478363,0.31051191687583923,0.02377014812082052,role_local,0.11011408790946006,0.040914027485996485,0.00023333333333333333,0.00021666666666666666,0.0021666666666666666,212.0,1.17419735789299,1000000.0,2.5725347995758057,1.0031167268753052,0.400282621383667,support>combat,9,0.0,0.0,-0.013119449948821709,-0.0076650943396226415,0.0,-0.0025198039346712837,-0.0025198039346712837,0.0,0.0,0.0,-0.0047169811320754715,0.0,0.0,0.5725235849056604,-0.015486181133760596,0.0021971772072885082,0.0,-0.019526571443937015,-0.019526571443937015,-0.5046255446548732,0.0,-0.010092609311577003,-0.009433962264150943,0.0782004719389216,0.0,0.0,0.0,0.0,0.0,-0.02167180815781906,-0.02167180815781906,-0.7298168849270299,0.0,-0.014596336609068906,-0.007075471698113208,-0.252401360011888,0.0,0.0,0.0,0.0,0.0,-0.02410336597031861,-0.02410336597031861,-0.7307195376675084,0.0,-0.014669403925819217,-0.009433962264150943,-0.17862376479326553,0.0,0.0,0.0,0.0,0.0,0.0021971772072885082,0.0,-0.01695538716355585,-0.019999999552965164,-0.0007897613919340074,0.04543523117899895,0.25965845584869385,0.9704819917678833,0.0,973,-0.09649383276700974,0.46138402819633484,0.07533169090747834,0.5835005044937134,1.3022690176963807,0.6139705181121826,0.005801887401859662,10,-0.006376213021576404,0.3740011652310689,0.058057906851172444,120.13419578867246,490.0,0.040914027485996485,125000.0,8324.024591292022
