num_envs=8 workers=4 envs_per_worker=2
device=cuda
update=1 steps=2048 env_sps=60.4 loss=-0.0037 val=71.2313 kl=0.00555 lr=3.00e-04 ent_coef=0.0100 std=0.608 act_ep=5 kl_stop=False
update=2 steps=4096 env_sps=109.4 loss=-0.0029 val=112.5619 kl=0.00407 lr=3.00e-04 ent_coef=0.0100 std=0.608 act_ep=5 kl_stop=False
update=3 steps=6144 env_sps=151.2 loss=-0.0034 val=127.3980 kl=0.00378 lr=3.00e-04 ent_coef=0.0100 std=0.608 act_ep=5 kl_stop=False
update=4 steps=8192 env_sps=185.0 loss=-0.0034 val=163.5398 kl=0.00453 lr=3.00e-04 ent_coef=0.0100 std=0.609 act_ep=5 kl_stop=False
update=5 steps=10240 env_sps=213.3 loss=-0.0042 val=133.0098 kl=0.00475 lr=2.99e-04 ent_coef=0.0100 std=0.610 act_ep=5 kl_stop=False
update=6 steps=12288 env_sps=238.3 loss=-0.0044 val=135.6998 kl=0.00470 lr=2.99e-04 ent_coef=0.0100 std=0.610 act_ep=5 kl_stop=False
update=7 steps=14336 env_sps=259.0 loss=-0.0027 val=150.3561 kl=0.00385 lr=2.99e-04 ent_coef=0.0100 std=0.612 act_ep=5 kl_stop=False
update=8 steps=16384 env_sps=279.2 loss=-0.0041 val=115.8903 kl=0.00468 lr=2.99e-04 ent_coef=0.0100 std=0.614 act_ep=5 kl_stop=False
update=9 steps=18432 env_sps=295.8 loss=-0.0029 val=98.3736 kl=0.00371 lr=2.99e-04 ent_coef=0.0100 std=0.614 act_ep=5 kl_stop=False
update=10 steps=20480 env_sps=312.6 loss=-0.0013 val=75.0737 kl=0.00297 lr=2.99e-04 ent_coef=0.0100 std=0.615 act_ep=5 kl_stop=False
update=11 steps=22528 env_sps=326.8 loss=-0.0039 val=97.5869 kl=0.00514 lr=2.99e-04 ent_coef=0.0100 std=0.617 act_ep=5 kl_stop=False
update=12 steps=24576 env_sps=339.8 loss=-0.0027 val=88.2950 kl=0.00375 lr=2.99e-04 ent_coef=0.0100 std=0.618 act_ep=5 kl_stop=False
update=13 steps=26624 env_sps=350.8 loss=-0.0035 val=63.8135 kl=0.00478 lr=2.99e-04 ent_coef=0.0100 std=0.619 act_ep=5 kl_stop=False
update=14 steps=28672 env_sps=359.7 loss=-0.0031 val=54.2951 kl=0.00395 lr=2.98e-04 ent_coef=0.0099 std=0.620 act_ep=5 kl_stop=False
update=15 steps=30720 env_sps=367.0 loss=-0.0034 val=35.0136 kl=0.00464 lr=2.98e-04 ent_coef=0.0099 std=0.622 act_ep=5 kl_stop=False
update=16 steps=32768 env_sps=374.8 loss=-0.0045 val=24.3718 kl=0.00602 lr=2.98e-04 ent_coef=0.0099 std=0.623 act_ep=5 kl_stop=False
update=17 steps=34816 env_sps=380.7 loss=-0.0038 val=65.8158 kl=0.00367 lr=2.98e-04 ent_coef=0.0099 std=0.626 act_ep=5 kl_stop=False
update=18 steps=36864 env_sps=385.1 loss=-0.0011 val=71.4690 kl=0.00259 lr=2.98e-04 ent_coef=0.0099 std=0.627 act_ep=5 kl_stop=False
update=19 steps=38912 env_sps=390.8 loss=-0.0020 val=81.8082 kl=0.00522 lr=2.98e-04 ent_coef=0.0099 std=0.628 act_ep=5 kl_stop=False
update=20 steps=40960 env_sps=397.1 loss=-0.0038 val=43.4961 kl=0.00547 lr=2.98e-04 ent_coef=0.0099 std=0.631 act_ep=5 kl_stop=False
update=21 steps=43008 env_sps=402.7 loss=-0.0029 val=52.4765 kl=0.00447 lr=2.98e-04 ent_coef=0.0099 std=0.631 act_ep=5 kl_stop=False
update=22 steps=45056 env_sps=407.2 loss=-0.0041 val=46.5686 kl=0.00482 lr=2.98e-04 ent_coef=0.0099 std=0.632 act_ep=5 kl_stop=False
update=23 steps=47104 env_sps=412.2 loss=-0.0045 val=18.0282 kl=0.00517 lr=2.97e-04 ent_coef=0.0099 std=0.634 act_ep=5 kl_stop=False
update=24 steps=49152 env_sps=416.3 loss=-0.0055 val=49.4710 kl=0.00445 lr=2.97e-04 ent_coef=0.0099 std=0.637 act_ep=5 kl_stop=False
update=25 steps=51200 env_sps=421.1 loss=-0.0033 val=30.9126 kl=0.00458 lr=2.97e-04 ent_coef=0.0099 std=0.637 act_ep=5 kl_stop=False
update=26 steps=53248 env_sps=424.7 loss=-0.0046 val=57.8531 kl=0.00502 lr=2.97e-04 ent_coef=0.0099 std=0.640 act_ep=5 kl_stop=False
update=27 steps=55296 env_sps=428.1 loss=-0.0052 val=25.7591 kl=0.00635 lr=2.97e-04 ent_coef=0.0099 std=0.641 act_ep=5 kl_stop=False
update=28 steps=57344 env_sps=431.5 loss=-0.0044 val=67.4629 kl=0.00404 lr=2.97e-04 ent_coef=0.0099 std=0.641 act_ep=5 kl_stop=False
update=29 steps=59392 env_sps=435.7 loss=-0.0030 val=42.1346 kl=0.00363 lr=2.97e-04 ent_coef=0.0099 std=0.640 act_ep=5 kl_stop=False
update=30 steps=61440 env_sps=440.3 loss=-0.0054 val=42.2161 kl=0.00555 lr=2.97e-04 ent_coef=0.0099 std=0.641 act_ep=5 kl_stop=False
update=31 steps=63488 env_sps=444.1 loss=-0.0032 val=20.8240 kl=0.00381 lr=2.97e-04 ent_coef=0.0099 std=0.642 act_ep=5 kl_stop=False
update=32 steps=65536 env_sps=447.1 loss=-0.0033 val=64.5419 kl=0.00347 lr=2.96e-04 ent_coef=0.0099 std=0.643 act_ep=5 kl_stop=False
update=33 steps=67584 env_sps=449.4 loss=-0.0034 val=39.9948 kl=0.00387 lr=2.96e-04 ent_coef=0.0099 std=0.643 act_ep=5 kl_stop=False
update=34 steps=69632 env_sps=451.6 loss=-0.0042 val=32.4703 kl=0.00471 lr=2.96e-04 ent_coef=0.0099 std=0.642 act_ep=5 kl_stop=False
update=35 steps=71680 env_sps=453.6 loss=-0.0035 val=38.7461 kl=0.00390 lr=2.96e-04 ent_coef=0.0099 std=0.642 act_ep=5 kl_stop=False
update=36 steps=73728 env_sps=455.7 loss=-0.0045 val=68.2849 kl=0.00539 lr=2.96e-04 ent_coef=0.0099 std=0.644 act_ep=5 kl_stop=False
update=37 steps=75776 env_sps=457.0 loss=-0.0024 val=59.6959 kl=0.00436 lr=2.96e-04 ent_coef=0.0099 std=0.645 act_ep=5 kl_stop=False
update=38 steps=77824 env_sps=459.2 loss=-0.0024 val=66.5972 kl=0.00355 lr=2.96e-04 ent_coef=0.0099 std=0.647 act_ep=5 kl_stop=False
update=39 steps=79872 env_sps=461.2 loss=-0.0037 val=28.2895 kl=0.00428 lr=2.96e-04 ent_coef=0.0099 std=0.648 act_ep=5 kl_stop=False
update=40 steps=81920 env_sps=462.0 loss=-0.0036 val=68.0887 kl=0.00425 lr=2.96e-04 ent_coef=0.0099 std=0.650 act_ep=5 kl_stop=False
update=41 steps=83968 env_sps=462.7 loss=-0.0040 val=58.7344 kl=0.00409 lr=2.95e-04 ent_coef=0.0098 std=0.650 act_ep=5 kl_stop=False
update=42 steps=86016 env_sps=464.0 loss=-0.0035 val=49.1506 kl=0.00476 lr=2.95e-04 ent_coef=0.0098 std=0.653 act_ep=5 kl_stop=False
update=43 steps=88064 env_sps=464.7 loss=-0.0048 val=24.3212 kl=0.00457 lr=2.95e-04 ent_coef=0.0098 std=0.656 act_ep=5 kl_stop=False
update=44 steps=90112 env_sps=465.2 loss=-0.0049 val=35.0510 kl=0.00441 lr=2.95e-04 ent_coef=0.0098 std=0.660 act_ep=5 kl_stop=False
update=45 steps=92160 env_sps=466.1 loss=-0.0053 val=58.6274 kl=0.00630 lr=2.95e-04 ent_coef=0.0098 std=0.661 act_ep=5 kl_stop=False
update=46 steps=94208 env_sps=466.7 loss=-0.0036 val=52.7962 kl=0.00408 lr=2.95e-04 ent_coef=0.0098 std=0.662 act_ep=5 kl_stop=False
update=47 steps=96256 env_sps=467.7 loss=-0.0041 val=54.8283 kl=0.00419 lr=2.95e-04 ent_coef=0.0098 std=0.664 act_ep=5 kl_stop=False
update=48 steps=98304 env_sps=468.7 loss=-0.0039 val=30.6035 kl=0.00441 lr=2.95e-04 ent_coef=0.0098 std=0.666 act_ep=5 kl_stop=False
update=49 steps=100352 env_sps=469.2 loss=-0.0034 val=52.3366 kl=0.00313 lr=2.95e-04 ent_coef=0.0098 std=0.666 act_ep=5 kl_stop=False
update=50 steps=102400 env_sps=404.3 loss=-0.0041 val=41.8988 kl=0.00515 lr=2.94e-04 ent_coef=0.0098 std=0.666 act_ep=5 kl_stop=False
update=51 steps=104448 env_sps=405.8 loss=-0.0015 val=57.4771 kl=0.00339 lr=2.94e-04 ent_coef=0.0098 std=0.667 act_ep=5 kl_stop=False
update=52 steps=106496 env_sps=408.0 loss=-0.0034 val=29.0972 kl=0.00353 lr=2.94e-04 ent_coef=0.0098 std=0.669 act_ep=5 kl_stop=False
update=53 steps=108544 env_sps=409.9 loss=-0.0039 val=31.5320 kl=0.00439 lr=2.94e-04 ent_coef=0.0098 std=0.670 act_ep=5 kl_stop=False
update=54 steps=110592 env_sps=411.6 loss=-0.0017 val=29.1246 kl=0.00228 lr=2.94e-04 ent_coef=0.0098 std=0.670 act_ep=5 kl_stop=False
update=55 steps=112640 env_sps=413.1 loss=-0.0044 val=44.1548 kl=0.00359 lr=2.94e-04 ent_coef=0.0098 std=0.669 act_ep=5 kl_stop=False
update=56 steps=114688 env_sps=414.3 loss=-0.0034 val=38.2185 kl=0.00424 lr=2.94e-04 ent_coef=0.0098 std=0.670 act_ep=5 kl_stop=False
update=57 steps=116736 env_sps=415.9 loss=-0.0046 val=31.6004 kl=0.00425 lr=2.94e-04 ent_coef=0.0098 std=0.672 act_ep=5 kl_stop=False
update=58 steps=118784 env_sps=416.7 loss=-0.0038 val=36.4028 kl=0.00293 lr=2.94e-04 ent_coef=0.0098 std=0.674 act_ep=5 kl_stop=False
update=59 steps=120832 env_sps=418.5 loss=-0.0032 val=27.0921 kl=0.00412 lr=2.93e-04 ent_coef=0.0098 std=0.675 act_ep=5 kl_stop=False
update=60 steps=122880 env_sps=420.3 loss=-0.0022 val=19.4412 kl=0.00325 lr=2.93e-04 ent_coef=0.0098 std=0.678 act_ep=5 kl_stop=False
update=61 steps=124928 env_sps=422.2 loss=-0.0029 val=26.4430 kl=0.00355 lr=2.93e-04 ent_coef=0.0098 std=0.678 act_ep=5 kl_stop=False
update=62 steps=126976 env_sps=424.1 loss=-0.0041 val=34.8114 kl=0.00453 lr=2.93e-04 ent_coef=0.0098 std=0.680 act_ep=5 kl_stop=False
update=63 steps=129024 env_sps=425.9 loss=-0.0035 val=16.4374 kl=0.00555 lr=2.93e-04 ent_coef=0.0098 std=0.682 act_ep=5 kl_stop=False
update=64 steps=131072 env_sps=427.8 loss=-0.0037 val=20.1056 kl=0.00333 lr=2.93e-04 ent_coef=0.0098 std=0.683 act_ep=5 kl_stop=False
update=65 steps=133120 env_sps=429.8 loss=-0.0040 val=67.6039 kl=0.00498 lr=2.93e-04 ent_coef=0.0098 std=0.683 act_ep=5 kl_stop=False
update=66 steps=135168 env_sps=431.7 loss=-0.0034 val=43.4695 kl=0.00399 lr=2.93e-04 ent_coef=0.0098 std=0.684 act_ep=5 kl_stop=False
update=67 steps=137216 env_sps=433.9 loss=-0.0043 val=34.8497 kl=0.00450 lr=2.93e-04 ent_coef=0.0098 std=0.686 act_ep=5 kl_stop=False
update=68 steps=139264 env_sps=436.0 loss=-0.0054 val=31.8957 kl=0.00501 lr=2.92e-04 ent_coef=0.0097 std=0.686 act_ep=5 kl_stop=False
update=69 steps=141312 env_sps=437.9 loss=-0.0028 val=39.2024 kl=0.00415 lr=2.92e-04 ent_coef=0.0097 std=0.686 act_ep=5 kl_stop=False
update=70 steps=143360 env_sps=439.7 loss=-0.0019 val=45.9938 kl=0.00279 lr=2.92e-04 ent_coef=0.0097 std=0.687 act_ep=5 kl_stop=False
update=71 steps=145408 env_sps=441.2 loss=-0.0029 val=58.1859 kl=0.00259 lr=2.92e-04 ent_coef=0.0097 std=0.689 act_ep=5 kl_stop=False
update=72 steps=147456 env_sps=443.0 loss=-0.0023 val=18.3283 kl=0.00395 lr=2.92e-04 ent_coef=0.0097 std=0.689 act_ep=5 kl_stop=False
update=73 steps=149504 env_sps=444.2 loss=-0.0025 val=24.9197 kl=0.00400 lr=2.92e-04 ent_coef=0.0097 std=0.688 act_ep=5 kl_stop=False
update=74 steps=151552 env_sps=445.9 loss=-0.0047 val=16.0540 kl=0.00572 lr=2.92e-04 ent_coef=0.0097 std=0.689 act_ep=5 kl_stop=False
update=75 steps=153600 env_sps=447.2 loss=-0.0055 val=23.9677 kl=0.00557 lr=2.92e-04 ent_coef=0.0097 std=0.691 act_ep=5 kl_stop=False
update=76 steps=155648 env_sps=448.7 loss=-0.0049 val=27.8197 kl=0.00473 lr=2.92e-04 ent_coef=0.0097 std=0.691 act_ep=5 kl_stop=False
update=77 steps=157696 env_sps=450.1 loss=-0.0044 val=24.0403 kl=0.00466 lr=2.91e-04 ent_coef=0.0097 std=0.690 act_ep=5 kl_stop=False
update=78 steps=159744 env_sps=451.9 loss=-0.0046 val=11.3069 kl=0.00516 lr=2.91e-04 ent_coef=0.0097 std=0.690 act_ep=5 kl_stop=False
update=79 steps=161792 env_sps=453.3 loss=-0.0035 val=37.1195 kl=0.00353 lr=2.91e-04 ent_coef=0.0097 std=0.690 act_ep=5 kl_stop=False
update=80 steps=163840 env_sps=455.0 loss=-0.0046 val=7.3538 kl=0.00476 lr=2.91e-04 ent_coef=0.0097 std=0.691 act_ep=5 kl_stop=False
update=81 steps=165888 env_sps=456.2 loss=-0.0035 val=15.9985 kl=0.00434 lr=2.91e-04 ent_coef=0.0097 std=0.692 act_ep=5 kl_stop=False
update=82 steps=167936 env_sps=457.2 loss=-0.0031 val=10.7599 kl=0.00453 lr=2.91e-04 ent_coef=0.0097 std=0.693 act_ep=5 kl_stop=False
update=83 steps=169984 env_sps=458.6 loss=-0.0028 val=56.9157 kl=0.00298 lr=2.91e-04 ent_coef=0.0097 std=0.694 act_ep=5 kl_stop=False
update=84 steps=172032 env_sps=460.3 loss=-0.0025 val=12.5933 kl=0.00448 lr=2.91e-04 ent_coef=0.0097 std=0.696 act_ep=5 kl_stop=False
update=85 steps=174080 env_sps=461.8 loss=-0.0032 val=19.9611 kl=0.00427 lr=2.91e-04 ent_coef=0.0097 std=0.699 act_ep=5 kl_stop=False
update=86 steps=176128 env_sps=463.3 loss=-0.0021 val=6.8196 kl=0.00422 lr=2.90e-04 ent_coef=0.0097 std=0.701 act_ep=5 kl_stop=False
update=87 steps=178176 env_sps=464.6 loss=-0.0037 val=20.4285 kl=0.00452 lr=2.90e-04 ent_coef=0.0097 std=0.703 act_ep=5 kl_stop=False
update=88 steps=180224 env_sps=465.7 loss=-0.0037 val=32.8852 kl=0.00394 lr=2.90e-04 ent_coef=0.0097 std=0.704 act_ep=5 kl_stop=False
update=89 steps=182272 env_sps=467.3 loss=-0.0018 val=17.3884 kl=0.00651 lr=2.90e-04 ent_coef=0.0097 std=0.705 act_ep=3 kl_stop=True
update=90 steps=184320 env_sps=468.6 loss=-0.0052 val=10.7444 kl=0.00588 lr=2.90e-04 ent_coef=0.0097 std=0.707 act_ep=5 kl_stop=False
update=91 steps=186368 env_sps=469.7 loss=-0.0048 val=33.2218 kl=0.00489 lr=2.90e-04 ent_coef=0.0097 std=0.708 act_ep=5 kl_stop=False
update=92 steps=188416 env_sps=471.0 loss=-0.0040 val=30.0068 kl=0.00592 lr=2.90e-04 ent_coef=0.0097 std=0.708 act_ep=5 kl_stop=False
update=93 steps=190464 env_sps=472.5 loss=-0.0034 val=21.0364 kl=0.00356 lr=2.90e-04 ent_coef=0.0097 std=0.707 act_ep=5 kl_stop=False
update=94 steps=192512 env_sps=473.7 loss=-0.0043 val=17.2283 kl=0.00457 lr=2.90e-04 ent_coef=0.0097 std=0.708 act_ep=5 kl_stop=False
update=95 steps=194560 env_sps=475.0 loss=-0.0016 val=17.3036 kl=0.00412 lr=2.89e-04 ent_coef=0.0096 std=0.709 act_ep=5 kl_stop=False
update=96 steps=196608 env_sps=476.0 loss=-0.0047 val=14.0394 kl=0.00420 lr=2.89e-04 ent_coef=0.0096 std=0.711 act_ep=5 kl_stop=False
update=97 steps=198656 env_sps=476.9 loss=-0.0051 val=29.0508 kl=0.00601 lr=2.89e-04 ent_coef=0.0096 std=0.713 act_ep=5 kl_stop=False
update=98 steps=200704 env_sps=477.7 loss=-0.0039 val=24.7208 kl=0.00456 lr=2.89e-04 ent_coef=0.0096 std=0.713 act_ep=5 kl_stop=False
update=99 steps=202752 env_sps=429.7 loss=-0.0051 val=14.9338 kl=0.00480 lr=2.89e-04 ent_coef=0.0096 std=0.714 act_ep=5 kl_stop=False
update=100 steps=204800 env_sps=430.9 loss=-0.0036 val=5.1250 kl=0.00430 lr=2.89e-04 ent_coef=0.0096 std=0.716 act_ep=5 kl_stop=False
update=101 steps=206848 env_sps=432.0 loss=-0.0030 val=16.8895 kl=0.00353 lr=2.89e-04 ent_coef=0.0096 std=0.717 act_ep=5 kl_stop=False
update=102 steps=208896 env_sps=433.4 loss=-0.0033 val=13.8232 kl=0.00439 lr=2.89e-04 ent_coef=0.0096 std=0.717 act_ep=5 kl_stop=False
update=103 steps=210944 env_sps=435.0 loss=-0.0046 val=17.3594 kl=0.00477 lr=2.89e-04 ent_coef=0.0096 std=0.719 act_ep=5 kl_stop=False
update=104 steps=212992 env_sps=436.7 loss=-0.0046 val=24.2291 kl=0.00418 lr=2.88e-04 ent_coef=0.0096 std=0.723 act_ep=5 kl_stop=False
update=105 steps=215040 env_sps=437.6 loss=-0.0043 val=15.7426 kl=0.00516 lr=2.88e-04 ent_coef=0.0096 std=0.724 act_ep=5 kl_stop=False
update=106 steps=217088 env_sps=438.7 loss=-0.0054 val=19.5925 kl=0.00570 lr=2.88e-04 ent_coef=0.0096 std=0.726 act_ep=5 kl_stop=False
update=107 steps=219136 env_sps=439.8 loss=-0.0044 val=30.3279 kl=0.00437 lr=2.88e-04 ent_coef=0.0096 std=0.728 act_ep=5 kl_stop=False
update=108 steps=221184 env_sps=440.8 loss=-0.0049 val=23.0359 kl=0.00601 lr=2.88e-04 ent_coef=0.0096 std=0.730 act_ep=5 kl_stop=False
update=109 steps=223232 env_sps=441.8 loss=-0.0059 val=15.4679 kl=0.00642 lr=2.88e-04 ent_coef=0.0096 std=0.732 act_ep=5 kl_stop=False
update=110 steps=225280 env_sps=443.0 loss=-0.0034 val=36.3971 kl=0.00368 lr=2.88e-04 ent_coef=0.0096 std=0.736 act_ep=5 kl_stop=False
update=111 steps=227328 env_sps=444.1 loss=-0.0032 val=19.6825 kl=0.00330 lr=2.88e-04 ent_coef=0.0096 std=0.736 act_ep=5 kl_stop=False
update=112 steps=229376 env_sps=445.8 loss=-0.0046 val=11.3205 kl=0.00463 lr=2.88e-04 ent_coef=0.0096 std=0.738 act_ep=5 kl_stop=False
update=113 steps=231424 env_sps=447.1 loss=-0.0040 val=9.3157 kl=0.00502 lr=2.88e-04 ent_coef=0.0096 std=0.740 act_ep=5 kl_stop=False
update=114 steps=233472 env_sps=448.4 loss=-0.0053 val=19.6845 kl=0.00648 lr=2.87e-04 ent_coef=0.0096 std=0.742 act_ep=5 kl_stop=False
update=115 steps=235520 env_sps=449.8 loss=-0.0048 val=17.6964 kl=0.00537 lr=2.87e-04 ent_coef=0.0096 std=0.743 act_ep=5 kl_stop=False
update=116 steps=237568 env_sps=451.3 loss=-0.0047 val=9.7395 kl=0.00572 lr=2.87e-04 ent_coef=0.0096 std=0.743 act_ep=5 kl_stop=False
update=117 steps=239616 env_sps=452.5 loss=-0.0050 val=43.6771 kl=0.00553 lr=2.87e-04 ent_coef=0.0096 std=0.742 act_ep=5 kl_stop=False
update=118 steps=241664 env_sps=454.0 loss=-0.0048 val=9.3603 kl=0.00438 lr=2.87e-04 ent_coef=0.0096 std=0.743 act_ep=5 kl_stop=False
update=119 steps=243712 env_sps=455.0 loss=-0.0026 val=15.6851 kl=0.00478 lr=2.87e-04 ent_coef=0.0096 std=0.743 act_ep=5 kl_stop=False
update=120 steps=245760 env_sps=456.1 loss=-0.0053 val=19.3646 kl=0.00517 lr=2.87e-04 ent_coef=0.0096 std=0.745 act_ep=5 kl_stop=False
update=121 steps=247808 env_sps=457.0 loss=-0.0045 val=12.4067 kl=0.00567 lr=2.87e-04 ent_coef=0.0096 std=0.748 act_ep=5 kl_stop=False
update=122 steps=249856 env_sps=458.1 loss=-0.0017 val=10.7715 kl=0.00291 lr=2.87e-04 ent_coef=0.0096 std=0.749 act_ep=5 kl_stop=False
update=123 steps=251904 env_sps=458.9 loss=-0.0037 val=21.1580 kl=0.00368 lr=2.86e-04 ent_coef=0.0095 std=0.750 act_ep=5 kl_stop=False
update=124 steps=253952 env_sps=459.9 loss=-0.0033 val=6.6201 kl=0.00411 lr=2.86e-04 ent_coef=0.0095 std=0.753 act_ep=5 kl_stop=False
update=125 steps=256000 env_sps=460.9 loss=-0.0031 val=35.2981 kl=0.00370 lr=2.86e-04 ent_coef=0.0095 std=0.753 act_ep=5 kl_stop=False
update=126 steps=258048 env_sps=461.6 loss=-0.0017 val=51.0584 kl=0.00326 lr=2.86e-04 ent_coef=0.0095 std=0.753 act_ep=5 kl_stop=False
update=127 steps=260096 env_sps=462.8 loss=-0.0043 val=25.3062 kl=0.00462 lr=2.86e-04 ent_coef=0.0095 std=0.752 act_ep=5 kl_stop=False
update=128 steps=262144 env_sps=463.5 loss=-0.0023 val=22.1857 kl=0.00336 lr=2.86e-04 ent_coef=0.0095 std=0.755 act_ep=5 kl_stop=False
update=129 steps=264192 env_sps=464.4 loss=-0.0029 val=36.7212 kl=0.00369 lr=2.86e-04 ent_coef=0.0095 std=0.757 act_ep=5 kl_stop=False
update=130 steps=266240 env_sps=465.4 loss=-0.0053 val=19.3553 kl=0.00485 lr=2.86e-04 ent_coef=0.0095 std=0.761 act_ep=5 kl_stop=False
update=131 steps=268288 env_sps=466.0 loss=-0.0033 val=41.4386 kl=0.00434 lr=2.86e-04 ent_coef=0.0095 std=0.763 act_ep=5 kl_stop=False
update=132 steps=270336 env_sps=466.8 loss=-0.0043 val=40.0674 kl=0.00461 lr=2.85e-04 ent_coef=0.0095 std=0.764 act_ep=5 kl_stop=False
update=133 steps=272384 env_sps=467.9 loss=-0.0036 val=8.8254 kl=0.00504 lr=2.85e-04 ent_coef=0.0095 std=0.763 act_ep=5 kl_stop=False
update=134 steps=274432 env_sps=468.7 loss=-0.0041 val=39.3354 kl=0.00441 lr=2.85e-04 ent_coef=0.0095 std=0.765 act_ep=5 kl_stop=False
update=135 steps=276480 env_sps=469.4 loss=-0.0046 val=45.8440 kl=0.00553 lr=2.85e-04 ent_coef=0.0095 std=0.768 act_ep=5 kl_stop=False
update=136 steps=278528 env_sps=470.3 loss=-0.0043 val=29.0747 kl=0.00404 lr=2.85e-04 ent_coef=0.0095 std=0.769 act_ep=5 kl_stop=False
update=137 steps=280576 env_sps=471.1 loss=-0.0035 val=27.5426 kl=0.00451 lr=2.85e-04 ent_coef=0.0095 std=0.769 act_ep=5 kl_stop=False
update=138 steps=282624 env_sps=471.8 loss=-0.0035 val=25.9310 kl=0.00407 lr=2.85e-04 ent_coef=0.0095 std=0.771 act_ep=5 kl_stop=False
update=139 steps=284672 env_sps=472.6 loss=-0.0038 val=19.9461 kl=0.00549 lr=2.85e-04 ent_coef=0.0095 std=0.772 act_ep=5 kl_stop=False
update=140 steps=286720 env_sps=473.3 loss=-0.0036 val=49.5507 kl=0.00440 lr=2.85e-04 ent_coef=0.0095 std=0.774 act_ep=5 kl_stop=False
update=141 steps=288768 env_sps=474.2 loss=-0.0020 val=8.1466 kl=0.00302 lr=2.84e-04 ent_coef=0.0095 std=0.776 act_ep=5 kl_stop=False
update=142 steps=290816 env_sps=475.0 loss=-0.0024 val=30.6371 kl=0.00387 lr=2.84e-04 ent_coef=0.0095 std=0.777 act_ep=5 kl_stop=False
update=143 steps=292864 env_sps=476.0 loss=-0.0055 val=7.2432 kl=0.00484 lr=2.84e-04 ent_coef=0.0095 std=0.779 act_ep=5 kl_stop=False
update=144 steps=294912 env_sps=476.5 loss=-0.0022 val=33.8678 kl=0.00258 lr=2.84e-04 ent_coef=0.0095 std=0.778 act_ep=5 kl_stop=False
update=145 steps=296960 env_sps=477.2 loss=-0.0045 val=27.6402 kl=0.00447 lr=2.84e-04 ent_coef=0.0095 std=0.781 act_ep=5 kl_stop=False
update=146 steps=299008 env_sps=478.4 loss=-0.0059 val=35.1516 kl=0.00571 lr=2.84e-04 ent_coef=0.0095 std=0.782 act_ep=5 kl_stop=False
update=147 steps=301056 env_sps=479.0 loss=-0.0037 val=27.9713 kl=0.00378 lr=2.84e-04 ent_coef=0.0095 std=0.783 act_ep=5 kl_stop=False
update=148 steps=303104 env_sps=447.9 loss=-0.0055 val=8.7963 kl=0.00585 lr=2.84e-04 ent_coef=0.0095 std=0.784 act_ep=5 kl_stop=False
update=149 steps=305152 env_sps=448.5 loss=-0.0028 val=9.2871 kl=0.00324 lr=2.84e-04 ent_coef=0.0095 std=0.783 act_ep=5 kl_stop=False
update=150 steps=307200 env_sps=449.2 loss=-0.0057 val=24.8023 kl=0.00466 lr=2.83e-04 ent_coef=0.0094 std=0.783 act_ep=5 kl_stop=False
update=151 steps=309248 env_sps=449.8 loss=-0.0022 val=37.1985 kl=0.00369 lr=2.83e-04 ent_coef=0.0094 std=0.784 act_ep=5 kl_stop=False
update=152 steps=311296 env_sps=450.7 loss=-0.0051 val=19.0574 kl=0.00539 lr=2.83e-04 ent_coef=0.0094 std=0.786 act_ep=5 kl_stop=False
update=153 steps=313344 env_sps=451.7 loss=-0.0028 val=19.5807 kl=0.00347 lr=2.83e-04 ent_coef=0.0094 std=0.788 act_ep=5 kl_stop=False
update=154 steps=315392 env_sps=452.3 loss=-0.0024 val=19.0432 kl=0.00342 lr=2.83e-04 ent_coef=0.0094 std=0.788 act_ep=5 kl_stop=False
update=155 steps=317440 env_sps=453.1 loss=-0.0049 val=9.9152 kl=0.00465 lr=2.83e-04 ent_coef=0.0094 std=0.790 act_ep=5 kl_stop=False
update=156 steps=319488 env_sps=453.9 loss=-0.0043 val=17.1285 kl=0.00484 lr=2.83e-04 ent_coef=0.0094 std=0.791 act_ep=5 kl_stop=False
update=157 steps=321536 env_sps=454.9 loss=-0.0043 val=22.5399 kl=0.00559 lr=2.83e-04 ent_coef=0.0094 std=0.792 act_ep=5 kl_stop=False
update=158 steps=323584 env_sps=455.7 loss=-0.0047 val=17.0662 kl=0.00410 lr=2.83e-04 ent_coef=0.0094 std=0.794 act_ep=5 kl_stop=False
update=159 steps=325632 env_sps=456.3 loss=-0.0048 val=9.5754 kl=0.00456 lr=2.82e-04 ent_coef=0.0094 std=0.794 act_ep=5 kl_stop=False
update=160 steps=327680 env_sps=457.0 loss=-0.0044 val=12.3823 kl=0.00467 lr=2.82e-04 ent_coef=0.0094 std=0.796 act_ep=5 kl_stop=False
update=161 steps=329728 env_sps=457.9 loss=-0.0031 val=2.9722 kl=0.00367 lr=2.82e-04 ent_coef=0.0094 std=0.798 act_ep=5 kl_stop=False
update=162 steps=331776 env_sps=458.9 loss=-0.0030 val=13.4113 kl=0.00381 lr=2.82e-04 ent_coef=0.0094 std=0.801 act_ep=5 kl_stop=False
update=163 steps=333824 env_sps=459.5 loss=-0.0040 val=24.4662 kl=0.00517 lr=2.82e-04 ent_coef=0.0094 std=0.802 act_ep=5 kl_stop=False
update=164 steps=335872 env_sps=460.1 loss=-0.0029 val=8.6608 kl=0.00488 lr=2.82e-04 ent_coef=0.0094 std=0.804 act_ep=5 kl_stop=False
update=165 steps=337920 env_sps=460.6 loss=-0.0041 val=20.2373 kl=0.00540 lr=2.82e-04 ent_coef=0.0094 std=0.808 act_ep=5 kl_stop=False
update=166 steps=339968 env_sps=461.2 loss=-0.0043 val=28.0898 kl=0.00323 lr=2.82e-04 ent_coef=0.0094 std=0.809 act_ep=5 kl_stop=False
update=167 steps=342016 env_sps=461.8 loss=-0.0051 val=36.0185 kl=0.00531 lr=2.82e-04 ent_coef=0.0094 std=0.809 act_ep=5 kl_stop=False
update=168 steps=344064 env_sps=462.6 loss=-0.0033 val=10.8236 kl=0.00487 lr=2.81e-04 ent_coef=0.0094 std=0.811 act_ep=5 kl_stop=False
update=169 steps=346112 env_sps=463.3 loss=-0.0039 val=10.4682 kl=0.00532 lr=2.81e-04 ent_coef=0.0094 std=0.812 act_ep=5 kl_stop=False
update=170 steps=348160 env_sps=463.8 loss=-0.0020 val=43.6428 kl=0.00281 lr=2.81e-04 ent_coef=0.0094 std=0.814 act_ep=5 kl_stop=False
update=171 steps=350208 env_sps=464.4 loss=-0.0026 val=41.2431 kl=0.00426 lr=2.81e-04 ent_coef=0.0094 std=0.814 act_ep=5 kl_stop=False
update=172 steps=352256 env_sps=464.9 loss=-0.0028 val=23.3972 kl=0.00402 lr=2.81e-04 ent_coef=0.0094 std=0.815 act_ep=5 kl_stop=False
update=173 steps=354304 env_sps=465.4 loss=-0.0024 val=37.5200 kl=0.00338 lr=2.81e-04 ent_coef=0.0094 std=0.817 act_ep=5 kl_stop=False
update=174 steps=356352 env_sps=466.0 loss=-0.0041 val=17.5414 kl=0.00465 lr=2.81e-04 ent_coef=0.0094 std=0.818 act_ep=5 kl_stop=False
update=175 steps=358400 env_sps=466.5 loss=-0.0016 val=14.6268 kl=0.00321 lr=2.81e-04 ent_coef=0.0094 std=0.819 act_ep=5 kl_stop=False
update=176 steps=360448 env_sps=466.9 loss=-0.0025 val=10.6342 kl=0.00279 lr=2.81e-04 ent_coef=0.0094 std=0.823 act_ep=5 kl_stop=False
update=177 steps=362496 env_sps=467.4 loss=-0.0029 val=32.6208 kl=0.00393 lr=2.80e-04 ent_coef=0.0093 std=0.827 act_ep=5 kl_stop=False
update=178 steps=364544 env_sps=468.1 loss=-0.0024 val=17.6673 kl=0.00313 lr=2.80e-04 ent_coef=0.0093 std=0.829 act_ep=5 kl_stop=False
update=179 steps=366592 env_sps=468.9 loss=-0.0038 val=31.5066 kl=0.00446 lr=2.80e-04 ent_coef=0.0093 std=0.831 act_ep=5 kl_stop=False
update=180 steps=368640 env_sps=469.3 loss=-0.0038 val=18.6200 kl=0.00493 lr=2.80e-04 ent_coef=0.0093 std=0.834 act_ep=5 kl_stop=False
update=181 steps=370688 env_sps=469.7 loss=-0.0037 val=39.7820 kl=0.00323 lr=2.80e-04 ent_coef=0.0093 std=0.837 act_ep=5 kl_stop=False
update=182 steps=372736 env_sps=470.3 loss=-0.0037 val=44.9361 kl=0.00458 lr=2.80e-04 ent_coef=0.0093 std=0.841 act_ep=5 kl_stop=False
update=183 steps=374784 env_sps=471.0 loss=-0.0050 val=36.3407 kl=0.00618 lr=2.80e-04 ent_coef=0.0093 std=0.845 act_ep=5 kl_stop=False
update=184 steps=376832 env_sps=471.5 loss=-0.0040 val=52.8500 kl=0.00463 lr=2.80e-04 ent_coef=0.0093 std=0.847 act_ep=5 kl_stop=False
update=185 steps=378880 env_sps=472.1 loss=-0.0028 val=8.8002 kl=0.00379 lr=2.80e-04 ent_coef=0.0093 std=0.849 act_ep=5 kl_stop=False
update=186 steps=380928 env_sps=472.6 loss=-0.0023 val=26.8093 kl=0.00441 lr=2.79e-04 ent_coef=0.0093 std=0.852 act_ep=5 kl_stop=False
update=187 steps=382976 env_sps=473.0 loss=-0.0025 val=23.5114 kl=0.00378 lr=2.79e-04 ent_coef=0.0093 std=0.855 act_ep=5 kl_stop=False
update=188 steps=385024 env_sps=473.4 loss=-0.0043 val=13.9057 kl=0.00450 lr=2.79e-04 ent_coef=0.0093 std=0.854 act_ep=5 kl_stop=False
update=189 steps=387072 env_sps=474.0 loss=-0.0036 val=9.9423 kl=0.00441 lr=2.79e-04 ent_coef=0.0093 std=0.856 act_ep=5 kl_stop=False
update=190 steps=389120 env_sps=474.4 loss=-0.0047 val=28.8354 kl=0.00401 lr=2.79e-04 ent_coef=0.0093 std=0.858 act_ep=5 kl_stop=False
update=191 steps=391168 env_sps=475.1 loss=-0.0024 val=19.9141 kl=0.00299 lr=2.79e-04 ent_coef=0.0093 std=0.859 act_ep=5 kl_stop=False
update=192 steps=393216 env_sps=475.6 loss=-0.0045 val=9.8752 kl=0.00504 lr=2.79e-04 ent_coef=0.0093 std=0.862 act_ep=5 kl_stop=False
update=193 steps=395264 env_sps=476.0 loss=-0.0033 val=16.7893 kl=0.00374 lr=2.79e-04 ent_coef=0.0093 std=0.863 act_ep=5 kl_stop=False
update=194 steps=397312 env_sps=476.5 loss=-0.0024 val=26.1203 kl=0.00256 lr=2.79e-04 ent_coef=0.0093 std=0.863 act_ep=5 kl_stop=False
update=195 steps=399360 env_sps=476.9 loss=-0.0030 val=11.0185 kl=0.00450 lr=2.78e-04 ent_coef=0.0093 std=0.866 act_ep=5 kl_stop=False
update=196 steps=401408 env_sps=477.3 loss=-0.0036 val=36.9854 kl=0.00503 lr=2.78e-04 ent_coef=0.0093 std=0.868 act_ep=5 kl_stop=False
update=197 steps=403456 env_sps=457.7 loss=-0.0040 val=72.3432 kl=0.00501 lr=2.78e-04 ent_coef=0.0093 std=0.868 act_ep=5 kl_stop=False
update=198 steps=405504 env_sps=458.1 loss=-0.0012 val=13.4225 kl=0.00247 lr=2.78e-04 ent_coef=0.0093 std=0.869 act_ep=5 kl_stop=False
update=199 steps=407552 env_sps=458.6 loss=-0.0032 val=11.9339 kl=0.00359 lr=2.78e-04 ent_coef=0.0093 std=0.870 act_ep=5 kl_stop=False
update=200 steps=409600 env_sps=459.1 loss=-0.0050 val=28.8635 kl=0.00436 lr=2.78e-04 ent_coef=0.0093 std=0.874 act_ep=5 kl_stop=False
update=201 steps=411648 env_sps=459.6 loss=-0.0038 val=28.5891 kl=0.00372 lr=2.78e-04 ent_coef=0.0093 std=0.877 act_ep=5 kl_stop=False
update=202 steps=413696 env_sps=460.3 loss=-0.0059 val=33.5780 kl=0.00497 lr=2.78e-04 ent_coef=0.0093 std=0.880 act_ep=5 kl_stop=False
update=203 steps=415744 env_sps=460.8 loss=-0.0035 val=30.4436 kl=0.00458 lr=2.78e-04 ent_coef=0.0093 std=0.878 act_ep=5 kl_stop=False
update=204 steps=417792 env_sps=461.3 loss=-0.0050 val=8.3652 kl=0.00522 lr=2.77e-04 ent_coef=0.0092 std=0.879 act_ep=5 kl_stop=False
update=205 steps=419840 env_sps=461.7 loss=-0.0031 val=10.8371 kl=0.00432 lr=2.77e-04 ent_coef=0.0092 std=0.879 act_ep=5 kl_stop=False
update=206 steps=421888 env_sps=462.1 loss=-0.0025 val=9.7441 kl=0.00462 lr=2.77e-04 ent_coef=0.0092 std=0.880 act_ep=5 kl_stop=False
update=207 steps=423936 env_sps=462.5 loss=-0.0047 val=22.0625 kl=0.00511 lr=2.77e-04 ent_coef=0.0092 std=0.881 act_ep=5 kl_stop=False
update=208 steps=425984 env_sps=463.0 loss=-0.0031 val=24.7131 kl=0.00330 lr=2.77e-04 ent_coef=0.0092 std=0.883 act_ep=5 kl_stop=False
update=209 steps=428032 env_sps=463.7 loss=-0.0042 val=17.0084 kl=0.00493 lr=2.77e-04 ent_coef=0.0092 std=0.887 act_ep=5 kl_stop=False
update=210 steps=430080 env_sps=464.1 loss=-0.0033 val=17.0413 kl=0.00425 lr=2.77e-04 ent_coef=0.0092 std=0.888 act_ep=5 kl_stop=False
update=211 steps=432128 env_sps=464.7 loss=-0.0042 val=6.1257 kl=0.00544 lr=2.77e-04 ent_coef=0.0092 std=0.890 act_ep=5 kl_stop=False
update=212 steps=434176 env_sps=465.1 loss=-0.0051 val=32.5535 kl=0.00514 lr=2.77e-04 ent_coef=0.0092 std=0.890 act_ep=5 kl_stop=False
update=213 steps=436224 env_sps=465.5 loss=-0.0026 val=14.1956 kl=0.00343 lr=2.76e-04 ent_coef=0.0092 std=0.891 act_ep=5 kl_stop=False
update=214 steps=438272 env_sps=465.8 loss=-0.0020 val=4.8630 kl=0.00383 lr=2.76e-04 ent_coef=0.0092 std=0.893 act_ep=5 kl_stop=False
update=215 steps=440320 env_sps=466.2 loss=-0.0025 val=27.1252 kl=0.00401 lr=2.76e-04 ent_coef=0.0092 std=0.894 act_ep=5 kl_stop=False
update=216 steps=442368 env_sps=466.6 loss=-0.0056 val=18.9494 kl=0.00524 lr=2.76e-04 ent_coef=0.0092 std=0.895 act_ep=5 kl_stop=False
update=217 steps=444416 env_sps=466.9 loss=-0.0037 val=10.4505 kl=0.00394 lr=2.76e-04 ent_coef=0.0092 std=0.896 act_ep=5 kl_stop=False
update=218 steps=446464 env_sps=467.2 loss=-0.0027 val=16.2791 kl=0.00468 lr=2.76e-04 ent_coef=0.0092 std=0.898 act_ep=5 kl_stop=False
update=219 steps=448512 env_sps=467.6 loss=-0.0028 val=30.9438 kl=0.00394 lr=2.76e-04 ent_coef=0.0092 std=0.899 act_ep=5 kl_stop=False
update=220 steps=450560 env_sps=468.2 loss=-0.0042 val=20.8204 kl=0.00389 lr=2.76e-04 ent_coef=0.0092 std=0.900 act_ep=5 kl_stop=False
update=221 steps=452608 env_sps=468.5 loss=-0.0025 val=65.7412 kl=0.00272 lr=2.76e-04 ent_coef=0.0092 std=0.901 act_ep=5 kl_stop=False
update=222 steps=454656 env_sps=468.8 loss=-0.0041 val=28.0837 kl=0.00550 lr=2.75e-04 ent_coef=0.0092 std=0.903 act_ep=5 kl_stop=False
update=223 steps=456704 env_sps=469.2 loss=-0.0038 val=24.9566 kl=0.00392 lr=2.75e-04 ent_coef=0.0092 std=0.905 act_ep=5 kl_stop=False
update=224 steps=458752 env_sps=469.7 loss=-0.0038 val=17.2823 kl=0.00492 lr=2.75e-04 ent_coef=0.0092 std=0.908 act_ep=5 kl_stop=False
update=225 steps=460800 env_sps=469.9 loss=-0.0034 val=23.3861 kl=0.00289 lr=2.75e-04 ent_coef=0.0092 std=0.911 act_ep=5 kl_stop=False
update=226 steps=462848 env_sps=470.2 loss=-0.0045 val=24.9216 kl=0.00440 lr=2.75e-04 ent_coef=0.0092 std=0.913 act_ep=5 kl_stop=False
update=227 steps=464896 env_sps=470.6 loss=-0.0026 val=48.8669 kl=0.00447 lr=2.75e-04 ent_coef=0.0092 std=0.915 act_ep=5 kl_stop=False
update=228 steps=466944 env_sps=471.0 loss=-0.0039 val=18.6830 kl=0.00426 lr=2.75e-04 ent_coef=0.0092 std=0.916 act_ep=5 kl_stop=False
update=229 steps=468992 env_sps=471.3 loss=-0.0037 val=21.3648 kl=0.00481 lr=2.75e-04 ent_coef=0.0092 std=0.916 act_ep=5 kl_stop=False
update=230 steps=471040 env_sps=471.6 loss=-0.0021 val=24.5904 kl=0.00235 lr=2.75e-04 ent_coef=0.0092 std=0.916 act_ep=5 kl_stop=False
update=231 steps=473088 env_sps=472.0 loss=-0.0038 val=11.1110 kl=0.00334 lr=2.74e-04 ent_coef=0.0091 std=0.918 act_ep=5 kl_stop=False
update=232 steps=475136 env_sps=472.3 loss=-0.0033 val=13.8886 kl=0.00465 lr=2.74e-04 ent_coef=0.0091 std=0.920 act_ep=5 kl_stop=False
update=233 steps=477184 env_sps=472.5 loss=-0.0051 val=31.9040 kl=0.00562 lr=2.74e-04 ent_coef=0.0091 std=0.920 act_ep=5 kl_stop=False
update=234 steps=479232 env_sps=473.0 loss=-0.0049 val=22.0979 kl=0.00559 lr=2.74e-04 ent_coef=0.0091 std=0.921 act_ep=5 kl_stop=False
update=235 steps=481280 env_sps=473.3 loss=-0.0048 val=25.4803 kl=0.00463 lr=2.74e-04 ent_coef=0.0091 std=0.925 act_ep=5 kl_stop=False
update=236 steps=483328 env_sps=473.7 loss=-0.0040 val=23.3099 kl=0.00527 lr=2.74e-04 ent_coef=0.0091 std=0.928 act_ep=5 kl_stop=False
update=237 steps=485376 env_sps=474.0 loss=-0.0034 val=7.0813 kl=0.00477 lr=2.74e-04 ent_coef=0.0091 std=0.930 act_ep=5 kl_stop=False
update=238 steps=487424 env_sps=474.4 loss=-0.0045 val=18.6440 kl=0.00555 lr=2.74e-04 ent_coef=0.0091 std=0.933 act_ep=5 kl_stop=False
update=239 steps=489472 env_sps=474.8 loss=-0.0032 val=19.7058 kl=0.00382 lr=2.74e-04 ent_coef=0.0091 std=0.934 act_ep=5 kl_stop=False
update=240 steps=491520 env_sps=475.2 loss=-0.0042 val=21.3134 kl=0.00500 lr=2.73e-04 ent_coef=0.0091 std=0.937 act_ep=5 kl_stop=False
update=241 steps=493568 env_sps=475.5 loss=-0.0054 val=20.5590 kl=0.00458 lr=2.73e-04 ent_coef=0.0091 std=0.941 act_ep=5 kl_stop=False
update=242 steps=495616 env_sps=475.8 loss=-0.0017 val=42.1070 kl=0.00312 lr=2.73e-04 ent_coef=0.0091 std=0.941 act_ep=5 kl_stop=False
update=243 steps=497664 env_sps=476.1 loss=-0.0022 val=45.7587 kl=0.00286 lr=2.73e-04 ent_coef=0.0091 std=0.942 act_ep=5 kl_stop=False
update=244 steps=499712 env_sps=476.5 loss=-0.0019 val=9.5682 kl=0.00220 lr=2.73e-04 ent_coef=0.0091 std=0.944 act_ep=5 kl_stop=False
update=245 steps=501760 env_sps=477.0 loss=-0.0048 val=10.4792 kl=0.00603 lr=2.73e-04 ent_coef=0.0091 std=0.946 act_ep=5 kl_stop=False
update=246 steps=503808 env_sps=458.5 loss=-0.0028 val=19.6238 kl=0.00410 lr=2.73e-04 ent_coef=0.0091 std=0.948 act_ep=5 kl_stop=False
update=247 steps=505856 env_sps=459.0 loss=-0.0039 val=16.4078 kl=0.00424 lr=2.73e-04 ent_coef=0.0091 std=0.950 act_ep=5 kl_stop=False
update=248 steps=507904 env_sps=459.6 loss=-0.0025 val=28.4683 kl=0.00340 lr=2.73e-04 ent_coef=0.0091 std=0.949 act_ep=5 kl_stop=False
update=249 steps=509952 env_sps=460.1 loss=-0.0028 val=23.4491 kl=0.00431 lr=2.72e-04 ent_coef=0.0091 std=0.950 act_ep=5 kl_stop=False
update=250 steps=512000 env_sps=460.6 loss=-0.0043 val=26.7887 kl=0.00526 lr=2.72e-04 ent_coef=0.0091 std=0.951 act_ep=5 kl_stop=False
update=251 steps=514048 env_sps=461.0 loss=-0.0043 val=49.4862 kl=0.00462 lr=2.72e-04 ent_coef=0.0091 std=0.952 act_ep=5 kl_stop=False
update=252 steps=516096 env_sps=461.6 loss=-0.0017 val=8.1078 kl=0.00245 lr=2.72e-04 ent_coef=0.0091 std=0.955 act_ep=5 kl_stop=False
update=253 steps=518144 env_sps=462.0 loss=-0.0056 val=26.5883 kl=0.00606 lr=2.72e-04 ent_coef=0.0091 std=0.956 act_ep=5 kl_stop=False
update=254 steps=520192 env_sps=462.3 loss=-0.0022 val=24.0556 kl=0.00315 lr=2.72e-04 ent_coef=0.0091 std=0.959 act_ep=5 kl_stop=False
update=255 steps=522240 env_sps=462.5 loss=-0.0051 val=14.5792 kl=0.00481 lr=2.72e-04 ent_coef=0.0091 std=0.962 act_ep=5 kl_stop=False
update=256 steps=524288 env_sps=462.9 loss=-0.0030 val=12.6710 kl=0.00410 lr=2.72e-04 ent_coef=0.0091 std=0.963 act_ep=5 kl_stop=False
update=257 steps=526336 env_sps=463.5 loss=-0.0031 val=9.7202 kl=0.00287 lr=2.72e-04 ent_coef=0.0091 std=0.965 act_ep=5 kl_stop=False
update=258 steps=528384 env_sps=463.8 loss=-0.0013 val=7.0182 kl=0.00214 lr=2.71e-04 ent_coef=0.0090 std=0.966 act_ep=5 kl_stop=False
update=259 steps=530432 env_sps=464.2 loss=-0.0032 val=33.7570 kl=0.00561 lr=2.71e-04 ent_coef=0.0090 std=0.966 act_ep=5 kl_stop=False
update=260 steps=532480 env_sps=464.5 loss=-0.0021 val=4.5241 kl=0.00287 lr=2.71e-04 ent_coef=0.0090 std=0.964 act_ep=5 kl_stop=False
update=261 steps=534528 env_sps=464.9 loss=-0.0029 val=51.0905 kl=0.00398 lr=2.71e-04 ent_coef=0.0090 std=0.964 act_ep=5 kl_stop=False
update=262 steps=536576 env_sps=465.2 loss=-0.0014 val=31.9963 kl=0.00275 lr=2.71e-04 ent_coef=0.0090 std=0.963 act_ep=5 kl_stop=False
update=263 steps=538624 env_sps=465.5 loss=-0.0035 val=35.8274 kl=0.00455 lr=2.71e-04 ent_coef=0.0090 std=0.965 act_ep=5 kl_stop=False
update=264 steps=540672 env_sps=465.7 loss=-0.0052 val=11.9141 kl=0.00555 lr=2.71e-04 ent_coef=0.0090 std=0.966 act_ep=5 kl_stop=False
update=265 steps=542720 env_sps=466.0 loss=-0.0047 val=73.8875 kl=0.00503 lr=2.71e-04 ent_coef=0.0090 std=0.966 act_ep=5 kl_stop=False
update=266 steps=544768 env_sps=466.5 loss=-0.0051 val=21.2912 kl=0.00368 lr=2.71e-04 ent_coef=0.0090 std=0.966 act_ep=5 kl_stop=False
update=267 steps=546816 env_sps=466.9 loss=-0.0029 val=5.5958 kl=0.00437 lr=2.70e-04 ent_coef=0.0090 std=0.967 act_ep=5 kl_stop=False
update=268 steps=548864 env_sps=467.2 loss=-0.0025 val=47.7745 kl=0.00357 lr=2.70e-04 ent_coef=0.0090 std=0.969 act_ep=5 kl_stop=False
update=269 steps=550912 env_sps=467.5 loss=-0.0036 val=7.4146 kl=0.00379 lr=2.70e-04 ent_coef=0.0090 std=0.971 act_ep=5 kl_stop=False
update=270 steps=552960 env_sps=468.0 loss=-0.0039 val=39.5657 kl=0.00610 lr=2.70e-04 ent_coef=0.0090 std=0.973 act_ep=5 kl_stop=False
update=271 steps=555008 env_sps=468.3 loss=-0.0025 val=22.2229 kl=0.00366 lr=2.70e-04 ent_coef=0.0090 std=0.973 act_ep=5 kl_stop=False
update=272 steps=557056 env_sps=468.7 loss=-0.0036 val=8.4812 kl=0.00521 lr=2.70e-04 ent_coef=0.0090 std=0.975 act_ep=5 kl_stop=False
update=273 steps=559104 env_sps=469.0 loss=-0.0024 val=38.3787 kl=0.00405 lr=2.70e-04 ent_coef=0.0090 std=0.975 act_ep=5 kl_stop=False
update=274 steps=561152 env_sps=469.3 loss=-0.0064 val=24.1183 kl=0.00542 lr=2.70e-04 ent_coef=0.0090 std=0.978 act_ep=5 kl_stop=False
update=275 steps=563200 env_sps=469.6 loss=-0.0031 val=21.7047 kl=0.00458 lr=2.70e-04 ent_coef=0.0090 std=0.980 act_ep=5 kl_stop=False
update=276 steps=565248 env_sps=469.9 loss=-0.0068 val=15.8915 kl=0.00563 lr=2.69e-04 ent_coef=0.0090 std=0.981 act_ep=5 kl_stop=False
update=277 steps=567296 env_sps=470.5 loss=-0.0030 val=26.4337 kl=0.00528 lr=2.69e-04 ent_coef=0.0090 std=0.981 act_ep=5 kl_stop=False
update=278 steps=569344 env_sps=471.0 loss=-0.0035 val=24.2138 kl=0.00403 lr=2.69e-04 ent_coef=0.0090 std=0.980 act_ep=5 kl_stop=False
update=279 steps=571392 env_sps=471.4 loss=-0.0030 val=53.4377 kl=0.00319 lr=2.69e-04 ent_coef=0.0090 std=0.979 act_ep=5 kl_stop=False
update=280 steps=573440 env_sps=471.6 loss=-0.0057 val=37.1830 kl=0.00628 lr=2.69e-04 ent_coef=0.0090 std=0.979 act_ep=5 kl_stop=False
update=281 steps=575488 env_sps=471.9 loss=-0.0023 val=18.3161 kl=0.00316 lr=2.69e-04 ent_coef=0.0090 std=0.980 act_ep=5 kl_stop=False
update=282 steps=577536 env_sps=472.1 loss=-0.0033 val=14.6342 kl=0.00531 lr=2.69e-04 ent_coef=0.0090 std=0.982 act_ep=5 kl_stop=False
update=283 steps=579584 env_sps=472.3 loss=-0.0040 val=7.6338 kl=0.00456 lr=2.69e-04 ent_coef=0.0090 std=0.984 act_ep=5 kl_stop=False
update=284 steps=581632 env_sps=472.5 loss=-0.0023 val=33.2750 kl=0.00326 lr=2.69e-04 ent_coef=0.0090 std=0.986 act_ep=5 kl_stop=False
update=285 steps=583680 env_sps=472.8 loss=-0.0029 val=26.7141 kl=0.00378 lr=2.68e-04 ent_coef=0.0089 std=0.987 act_ep=5 kl_stop=False
update=286 steps=585728 env_sps=473.1 loss=-0.0066 val=27.7747 kl=0.00608 lr=2.68e-04 ent_coef=0.0089 std=0.988 act_ep=5 kl_stop=False
update=287 steps=587776 env_sps=473.4 loss=-0.0018 val=59.9828 kl=0.00285 lr=2.68e-04 ent_coef=0.0089 std=0.990 act_ep=5 kl_stop=False
update=288 steps=589824 env_sps=473.7 loss=-0.0022 val=19.1321 kl=0.00376 lr=2.68e-04 ent_coef=0.0089 std=0.992 act_ep=5 kl_stop=False
update=289 steps=591872 env_sps=474.0 loss=-0.0045 val=22.0360 kl=0.00622 lr=2.68e-04 ent_coef=0.0089 std=0.993 act_ep=5 kl_stop=False
update=290 steps=593920 env_sps=474.2 loss=-0.0035 val=18.3429 kl=0.00333 lr=2.68e-04 ent_coef=0.0089 std=0.995 act_ep=5 kl_stop=False
update=291 steps=595968 env_sps=474.5 loss=-0.0037 val=13.0954 kl=0.00359 lr=2.68e-04 ent_coef=0.0089 std=0.997 act_ep=5 kl_stop=False
update=292 steps=598016 env_sps=474.9 loss=-0.0038 val=33.8241 kl=0.00546 lr=2.68e-04 ent_coef=0.0089 std=0.999 act_ep=5 kl_stop=False
update=293 steps=600064 env_sps=475.5 loss=-0.0044 val=41.0138 kl=0.00470 lr=2.68e-04 ent_coef=0.0089 std=1.000 act_ep=5 kl_stop=False
update=294 steps=602112 env_sps=459.4 loss=-0.0032 val=29.6810 kl=0.00410 lr=2.67e-04 ent_coef=0.0089 std=1.000 act_ep=5 kl_stop=False
update=295 steps=604160 env_sps=459.6 loss=-0.0035 val=14.2500 kl=0.00356 lr=2.67e-04 ent_coef=0.0089 std=1.000 act_ep=5 kl_stop=False
update=296 steps=606208 env_sps=459.9 loss=-0.0049 val=16.1273 kl=0.00497 lr=2.67e-04 ent_coef=0.0089 std=0.999 act_ep=5 kl_stop=False
update=297 steps=608256 env_sps=460.2 loss=-0.0047 val=20.1374 kl=0.00504 lr=2.67e-04 ent_coef=0.0089 std=1.000 act_ep=5 kl_stop=False
update=298 steps=610304 env_sps=460.5 loss=-0.0042 val=37.5497 kl=0.00471 lr=2.67e-04 ent_coef=0.0089 std=1.000 act_ep=5 kl_stop=False
update=299 steps=612352 env_sps=460.8 loss=-0.0031 val=48.7669 kl=0.00375 lr=2.67e-04 ent_coef=0.0089 std=1.000 act_ep=5 kl_stop=False
update=300 steps=614400 env_sps=461.0 loss=-0.0033 val=38.6140 kl=0.00405 lr=2.67e-04 ent_coef=0.0089 std=0.999 act_ep=5 kl_stop=False
update=301 steps=616448 env_sps=461.3 loss=-0.0036 val=29.2713 kl=0.00541 lr=2.67e-04 ent_coef=0.0089 std=0.999 act_ep=5 kl_stop=False
update=302 steps=618496 env_sps=461.6 loss=-0.0038 val=30.3041 kl=0.00642 lr=2.67e-04 ent_coef=0.0089 std=1.000 act_ep=5 kl_stop=False
update=303 steps=620544 env_sps=461.9 loss=-0.0029 val=14.5449 kl=0.00336 lr=2.66e-04 ent_coef=0.0089 std=1.000 act_ep=5 kl_stop=False
update=304 steps=622592 env_sps=462.1 loss=-0.0040 val=21.7515 kl=0.00471 lr=2.66e-04 ent_coef=0.0089 std=1.000 act_ep=5 kl_stop=False
update=305 steps=624640 env_sps=462.5 loss=-0.0045 val=12.9208 kl=0.00339 lr=2.66e-04 ent_coef=0.0089 std=0.998 act_ep=5 kl_stop=False
update=306 steps=626688 env_sps=462.7 loss=-0.0032 val=16.0935 kl=0.00359 lr=2.66e-04 ent_coef=0.0089 std=0.997 act_ep=5 kl_stop=False
update=307 steps=628736 env_sps=463.0 loss=-0.0031 val=22.2205 kl=0.00349 lr=2.66e-04 ent_coef=0.0089 std=0.998 act_ep=5 kl_stop=False
update=308 steps=630784 env_sps=463.4 loss=-0.0040 val=72.7994 kl=0.00402 lr=2.66e-04 ent_coef=0.0089 std=0.998 act_ep=5 kl_stop=False
update=309 steps=632832 env_sps=464.0 loss=-0.0036 val=12.3742 kl=0.00574 lr=2.66e-04 ent_coef=0.0089 std=0.998 act_ep=5 kl_stop=False
update=310 steps=634880 env_sps=464.4 loss=-0.0028 val=80.5100 kl=0.00321 lr=2.66e-04 ent_coef=0.0089 std=0.997 act_ep=5 kl_stop=False
update=311 steps=636928 env_sps=464.7 loss=-0.0038 val=48.3675 kl=0.00440 lr=2.66e-04 ent_coef=0.0089 std=0.997 act_ep=5 kl_stop=False
update=312 steps=638976 env_sps=465.1 loss=-0.0036 val=16.3394 kl=0.00431 lr=2.65e-04 ent_coef=0.0088 std=0.997 act_ep=5 kl_stop=False
update=313 steps=641024 env_sps=465.5 loss=-0.0024 val=24.6181 kl=0.00271 lr=2.65e-04 ent_coef=0.0088 std=0.996 act_ep=5 kl_stop=False
update=314 steps=643072 env_sps=465.7 loss=-0.0044 val=21.5692 kl=0.00448 lr=2.65e-04 ent_coef=0.0088 std=0.996 act_ep=5 kl_stop=False
update=315 steps=645120 env_sps=466.0 loss=-0.0035 val=22.6732 kl=0.00376 lr=2.65e-04 ent_coef=0.0088 std=0.997 act_ep=5 kl_stop=False
update=316 steps=647168 env_sps=466.3 loss=-0.0045 val=40.7311 kl=0.00606 lr=2.65e-04 ent_coef=0.0088 std=0.998 act_ep=5 kl_stop=False
update=317 steps=649216 env_sps=466.5 loss=-0.0044 val=82.7330 kl=0.00483 lr=2.65e-04 ent_coef=0.0088 std=0.999 act_ep=5 kl_stop=False
update=318 steps=651264 env_sps=466.6 loss=-0.0028 val=14.8843 kl=0.00395 lr=2.65e-04 ent_coef=0.0088 std=0.997 act_ep=5 kl_stop=False
update=319 steps=653312 env_sps=466.9 loss=-0.0030 val=42.7502 kl=0.00312 lr=2.65e-04 ent_coef=0.0088 std=0.996 act_ep=5 kl_stop=False
update=320 steps=655360 env_sps=467.3 loss=-0.0047 val=15.7411 kl=0.00515 lr=2.65e-04 ent_coef=0.0088 std=0.995 act_ep=5 kl_stop=False
update=321 steps=657408 env_sps=467.5 loss=-0.0040 val=20.1956 kl=0.00554 lr=2.64e-04 ent_coef=0.0088 std=0.995 act_ep=5 kl_stop=False
update=322 steps=659456 env_sps=467.7 loss=-0.0036 val=44.7704 kl=0.00405 lr=2.64e-04 ent_coef=0.0088 std=0.996 act_ep=5 kl_stop=False
update=323 steps=661504 env_sps=468.0 loss=-0.0033 val=6.7447 kl=0.00547 lr=2.64e-04 ent_coef=0.0088 std=0.997 act_ep=5 kl_stop=False
update=324 steps=663552 env_sps=468.1 loss=-0.0040 val=11.0050 kl=0.00427 lr=2.64e-04 ent_coef=0.0088 std=0.998 act_ep=5 kl_stop=False
update=325 steps=665600 env_sps=468.4 loss=-0.0046 val=38.2393 kl=0.00428 lr=2.64e-04 ent_coef=0.0088 std=0.998 act_ep=3 kl_stop=True
update=326 steps=667648 env_sps=468.7 loss=-0.0044 val=19.5916 kl=0.00345 lr=2.64e-04 ent_coef=0.0088 std=0.999 act_ep=5 kl_stop=False
update=327 steps=669696 env_sps=469.0 loss=-0.0049 val=23.0367 kl=0.00435 lr=2.64e-04 ent_coef=0.0088 std=0.999 act_ep=5 kl_stop=False
update=328 steps=671744 env_sps=469.3 loss=-0.0029 val=9.9552 kl=0.00399 lr=2.64e-04 ent_coef=0.0088 std=0.998 act_ep=5 kl_stop=False
update=329 steps=673792 env_sps=469.5 loss=-0.0020 val=18.6239 kl=0.00256 lr=2.64e-04 ent_coef=0.0088 std=0.999 act_ep=5 kl_stop=False
update=330 steps=675840 env_sps=469.8 loss=-0.0052 val=13.4473 kl=0.00550 lr=2.64e-04 ent_coef=0.0088 std=0.999 act_ep=5 kl_stop=False
update=331 steps=677888 env_sps=470.1 loss=-0.0050 val=19.9634 kl=0.00465 lr=2.63e-04 ent_coef=0.0088 std=1.000 act_ep=5 kl_stop=False
update=332 steps=679936 env_sps=470.4 loss=-0.0029 val=15.2796 kl=0.00361 lr=2.63e-04 ent_coef=0.0088 std=1.000 act_ep=5 kl_stop=False
update=333 steps=681984 env_sps=470.7 loss=-0.0041 val=33.2116 kl=0.00415 lr=2.63e-04 ent_coef=0.0088 std=0.999 act_ep=5 kl_stop=False
update=334 steps=684032 env_sps=471.0 loss=-0.0034 val=28.3925 kl=0.00454 lr=2.63e-04 ent_coef=0.0088 std=0.999 act_ep=5 kl_stop=False
update=335 steps=686080 env_sps=471.4 loss=-0.0031 val=42.6088 kl=0.00326 lr=2.63e-04 ent_coef=0.0088 std=0.997 act_ep=5 kl_stop=False
update=336 steps=688128 env_sps=471.9 loss=-0.0026 val=18.3376 kl=0.00292 lr=2.63e-04 ent_coef=0.0088 std=0.997 act_ep=5 kl_stop=False
update=337 steps=690176 env_sps=472.1 loss=-0.0028 val=16.8297 kl=0.00340 lr=2.63e-04 ent_coef=0.0088 std=0.998 act_ep=5 kl_stop=False
update=338 steps=692224 env_sps=472.3 loss=-0.0034 val=18.9699 kl=0.00372 lr=2.63e-04 ent_coef=0.0088 std=0.999 act_ep=5 kl_stop=False
update=339 steps=694272 env_sps=472.6 loss=-0.0047 val=10.6937 kl=0.00426 lr=2.63e-04 ent_coef=0.0088 std=0.999 act_ep=5 kl_stop=False
update=340 steps=696320 env_sps=473.0 loss=-0.0045 val=22.5062 kl=0.00425 lr=2.62e-04 ent_coef=0.0087 std=0.999 act_ep=5 kl_stop=False
update=341 steps=698368 env_sps=473.2 loss=-0.0037 val=11.0886 kl=0.00341 lr=2.62e-04 ent_coef=0.0087 std=0.997 act_ep=5 kl_stop=False
update=342 steps=700416 env_sps=473.3 loss=-0.0033 val=16.8258 kl=0.00417 lr=2.62e-04 ent_coef=0.0087 std=0.996 act_ep=5 kl_stop=False
update=343 steps=702464 env_sps=459.2 loss=-0.0030 val=11.6480 kl=0.00347 lr=2.62e-04 ent_coef=0.0087 std=0.997 act_ep=5 kl_stop=False
update=344 steps=704512 env_sps=459.5 loss=-0.0034 val=6.1079 kl=0.00312 lr=2.62e-04 ent_coef=0.0087 std=0.998 act_ep=5 kl_stop=False
update=345 steps=706560 env_sps=459.8 loss=-0.0044 val=18.3019 kl=0.00502 lr=2.62e-04 ent_coef=0.0087 std=0.997 act_ep=5 kl_stop=False
update=346 steps=708608 env_sps=460.0 loss=-0.0036 val=15.0281 kl=0.00490 lr=2.62e-04 ent_coef=0.0087 std=0.996 act_ep=5 kl_stop=False
update=347 steps=710656 env_sps=460.3 loss=-0.0034 val=11.8077 kl=0.00390 lr=2.62e-04 ent_coef=0.0087 std=0.997 act_ep=5 kl_stop=False
update=348 steps=712704 env_sps=460.4 loss=-0.0046 val=24.6276 kl=0.00499 lr=2.62e-04 ent_coef=0.0087 std=0.997 act_ep=5 kl_stop=False
update=349 steps=714752 env_sps=460.8 loss=-0.0045 val=14.0532 kl=0.00480 lr=2.61e-04 ent_coef=0.0087 std=0.997 act_ep=5 kl_stop=False
update=350 steps=716800 env_sps=461.1 loss=-0.0025 val=13.3137 kl=0.00392 lr=2.61e-04 ent_coef=0.0087 std=0.998 act_ep=5 kl_stop=False
update=351 steps=718848 env_sps=461.4 loss=-0.0026 val=6.5836 kl=0.00319 lr=2.61e-04 ent_coef=0.0087 std=0.999 act_ep=5 kl_stop=False
update=352 steps=720896 env_sps=461.7 loss=-0.0029 val=15.7627 kl=0.00473 lr=2.61e-04 ent_coef=0.0087 std=0.999 act_ep=5 kl_stop=False
update=353 steps=722944 env_sps=462.0 loss=-0.0045 val=37.6962 kl=0.00392 lr=2.61e-04 ent_coef=0.0087 std=0.999 act_ep=5 kl_stop=False
update=354 steps=724992 env_sps=462.2 loss=-0.0032 val=11.4350 kl=0.00455 lr=2.61e-04 ent_coef=0.0087 std=1.000 act_ep=5 kl_stop=False
update=355 steps=727040 env_sps=462.3 loss=-0.0054 val=7.1726 kl=0.00505 lr=2.61e-04 ent_coef=0.0087 std=1.000 act_ep=5 kl_stop=False
update=356 steps=729088 env_sps=462.5 loss=-0.0053 val=15.4046 kl=0.00582 lr=2.61e-04 ent_coef=0.0087 std=0.999 act_ep=5 kl_stop=False
update=357 steps=731136 env_sps=462.8 loss=-0.0039 val=7.7693 kl=0.00459 lr=2.61e-04 ent_coef=0.0087 std=0.999 act_ep=5 kl_stop=False
update=358 steps=733184 env_sps=463.0 loss=-0.0044 val=22.3379 kl=0.00409 lr=2.60e-04 ent_coef=0.0087 std=0.999 act_ep=5 kl_stop=False
update=359 steps=735232 env_sps=463.3 loss=-0.0043 val=12.1115 kl=0.00410 lr=2.60e-04 ent_coef=0.0087 std=0.999 act_ep=5 kl_stop=False
update=360 steps=737280 env_sps=463.6 loss=-0.0034 val=13.5008 kl=0.00255 lr=2.60e-04 ent_coef=0.0087 std=0.999 act_ep=5 kl_stop=False
update=361 steps=739328 env_sps=463.8 loss=-0.0037 val=18.5550 kl=0.00402 lr=2.60e-04 ent_coef=0.0087 std=0.997 act_ep=5 kl_stop=False
update=362 steps=741376 env_sps=464.0 loss=-0.0048 val=10.5824 kl=0.00557 lr=2.60e-04 ent_coef=0.0087 std=0.999 act_ep=5 kl_stop=False
update=363 steps=743424 env_sps=464.3 loss=-0.0034 val=6.1574 kl=0.00467 lr=2.60e-04 ent_coef=0.0087 std=1.000 act_ep=5 kl_stop=False
update=364 steps=745472 env_sps=464.6 loss=-0.0018 val=7.2412 kl=0.00251 lr=2.60e-04 ent_coef=0.0087 std=0.998 act_ep=5 kl_stop=False
update=365 steps=747520 env_sps=464.8 loss=-0.0040 val=38.8033 kl=0.00330 lr=2.60e-04 ent_coef=0.0087 std=0.998 act_ep=5 kl_stop=False
update=366 steps=749568 env_sps=465.1 loss=-0.0036 val=27.6038 kl=0.00389 lr=2.60e-04 ent_coef=0.0087 std=0.998 act_ep=5 kl_stop=False
update=367 steps=751616 env_sps=465.4 loss=-0.0034 val=1.6124 kl=0.00356 lr=2.59e-04 ent_coef=0.0086 std=0.998 act_ep=5 kl_stop=False
update=368 steps=753664 env_sps=465.6 loss=-0.0053 val=14.6475 kl=0.00482 lr=2.59e-04 ent_coef=0.0086 std=0.999 act_ep=5 kl_stop=False
update=369 steps=755712 env_sps=465.9 loss=-0.0041 val=21.9001 kl=0.00310 lr=2.59e-04 ent_coef=0.0086 std=0.999 act_ep=5 kl_stop=False
update=370 steps=757760 env_sps=466.1 loss=-0.0049 val=17.1388 kl=0.00541 lr=2.59e-04 ent_coef=0.0086 std=0.998 act_ep=5 kl_stop=False
update=371 steps=759808 env_sps=466.5 loss=-0.0023 val=9.3739 kl=0.00590 lr=2.59e-04 ent_coef=0.0086 std=0.999 act_ep=5 kl_stop=False
update=372 steps=761856 env_sps=466.7 loss=-0.0039 val=20.6656 kl=0.00396 lr=2.59e-04 ent_coef=0.0086 std=1.000 act_ep=5 kl_stop=False
update=373 steps=763904 env_sps=466.9 loss=-0.0027 val=17.6461 kl=0.00317 lr=2.59e-04 ent_coef=0.0086 std=0.998 act_ep=5 kl_stop=False
update=374 steps=765952 env_sps=467.1 loss=-0.0018 val=10.5244 kl=0.00406 lr=2.59e-04 ent_coef=0.0086 std=1.000 act_ep=5 kl_stop=False
update=375 steps=768000 env_sps=467.3 loss=-0.0039 val=15.0532 kl=0.00442 lr=2.59e-04 ent_coef=0.0086 std=1.000 act_ep=5 kl_stop=False
update=376 steps=770048 env_sps=467.6 loss=-0.0052 val=25.1486 kl=0.00602 lr=2.58e-04 ent_coef=0.0086 std=0.999 act_ep=5 kl_stop=False
update=377 steps=772096 env_sps=467.8 loss=-0.0046 val=17.0537 kl=0.00442 lr=2.58e-04 ent_coef=0.0086 std=0.999 act_ep=5 kl_stop=False
update=378 steps=774144 env_sps=468.0 loss=-0.0053 val=16.1226 kl=0.00562 lr=2.58e-04 ent_coef=0.0086 std=1.000 act_ep=5 kl_stop=False
update=379 steps=776192 env_sps=468.2 loss=-0.0043 val=11.0496 kl=0.00500 lr=2.58e-04 ent_coef=0.0086 std=1.000 act_ep=5 kl_stop=False
update=380 steps=778240 env_sps=468.5 loss=-0.0054 val=20.5093 kl=0.00531 lr=2.58e-04 ent_coef=0.0086 std=1.000 act_ep=5 kl_stop=False
update=381 steps=780288 env_sps=468.7 loss=-0.0031 val=7.8895 kl=0.00524 lr=2.58e-04 ent_coef=0.0086 std=1.000 act_ep=5 kl_stop=False
update=382 steps=782336 env_sps=469.0 loss=-0.0028 val=21.9887 kl=0.00381 lr=2.58e-04 ent_coef=0.0086 std=1.000 act_ep=5 kl_stop=False
update=383 steps=784384 env_sps=469.2 loss=-0.0044 val=27.1035 kl=0.00501 lr=2.58e-04 ent_coef=0.0086 std=1.000 act_ep=5 kl_stop=False
update=384 steps=786432 env_sps=469.5 loss=-0.0056 val=12.3427 kl=0.00744 lr=2.58e-04 ent_coef=0.0086 std=1.000 act_ep=5 kl_stop=False
update=385 steps=788480 env_sps=469.8 loss=-0.0060 val=27.7035 kl=0.00548 lr=2.57e-04 ent_coef=0.0086 std=1.000 act_ep=5 kl_stop=False
update=386 steps=790528 env_sps=470.0 loss=-0.0035 val=8.5702 kl=0.00405 lr=2.57e-04 ent_coef=0.0086 std=0.998 act_ep=5 kl_stop=False
update=387 steps=792576 env_sps=470.5 loss=-0.0030 val=20.4687 kl=0.00504 lr=2.57e-04 ent_coef=0.0086 std=0.999 act_ep=5 kl_stop=False
update=388 steps=794624 env_sps=470.7 loss=-0.0043 val=18.8679 kl=0.00455 lr=2.57e-04 ent_coef=0.0086 std=0.999 act_ep=5 kl_stop=False
update=389 steps=796672 env_sps=471.0 loss=-0.0034 val=6.9952 kl=0.00556 lr=2.57e-04 ent_coef=0.0086 std=0.999 act_ep=5 kl_stop=False
update=390 steps=798720 env_sps=471.3 loss=-0.0045 val=16.9396 kl=0.00439 lr=2.57e-04 ent_coef=0.0086 std=0.999 act_ep=5 kl_stop=False
update=391 steps=800768 env_sps=471.6 loss=-0.0037 val=13.0759 kl=0.00426 lr=2.57e-04 ent_coef=0.0086 std=0.999 act_ep=5 kl_stop=False
update=392 steps=802816 env_sps=457.8 loss=-0.0039 val=16.4703 kl=0.00368 lr=2.57e-04 ent_coef=0.0086 std=1.000 act_ep=5 kl_stop=False
update=393 steps=804864 env_sps=458.0 loss=-0.0050 val=30.1401 kl=0.00438 lr=2.57e-04 ent_coef=0.0086 std=1.000 act_ep=5 kl_stop=False
update=394 steps=806912 env_sps=458.2 loss=-0.0026 val=21.0245 kl=0.00444 lr=2.56e-04 ent_coef=0.0085 std=1.000 act_ep=5 kl_stop=False
update=395 steps=808960 env_sps=458.4 loss=-0.0034 val=17.7696 kl=0.00439 lr=2.56e-04 ent_coef=0.0085 std=1.000 act_ep=5 kl_stop=False
update=396 steps=811008 env_sps=458.6 loss=-0.0055 val=9.7406 kl=0.00767 lr=2.56e-04 ent_coef=0.0085 std=1.000 act_ep=5 kl_stop=False
update=397 steps=813056 env_sps=458.8 loss=-0.0026 val=6.0345 kl=0.00413 lr=2.56e-04 ent_coef=0.0085 std=0.999 act_ep=5 kl_stop=False
update=398 steps=815104 env_sps=459.1 loss=-0.0025 val=5.3166 kl=0.00355 lr=2.56e-04 ent_coef=0.0085 std=1.000 act_ep=5 kl_stop=False
update=399 steps=817152 env_sps=459.3 loss=-0.0036 val=13.0561 kl=0.00474 lr=2.56e-04 ent_coef=0.0085 std=1.000 act_ep=5 kl_stop=False
update=400 steps=819200 env_sps=459.6 loss=-0.0036 val=14.0402 kl=0.00420 lr=2.56e-04 ent_coef=0.0085 std=0.999 act_ep=5 kl_stop=False
update=401 steps=821248 env_sps=459.8 loss=-0.0046 val=45.6604 kl=0.00548 lr=2.56e-04 ent_coef=0.0085 std=0.999 act_ep=5 kl_stop=False
update=402 steps=823296 env_sps=460.1 loss=-0.0053 val=18.3731 kl=0.00489 lr=2.56e-04 ent_coef=0.0085 std=1.000 act_ep=5 kl_stop=False
update=403 steps=825344 env_sps=460.3 loss=-0.0042 val=12.0723 kl=0.00485 lr=2.55e-04 ent_coef=0.0085 std=1.000 act_ep=5 kl_stop=False
update=404 steps=827392 env_sps=460.5 loss=-0.0045 val=13.8624 kl=0.00481 lr=2.55e-04 ent_coef=0.0085 std=1.000 act_ep=5 kl_stop=False
update=405 steps=829440 env_sps=460.8 loss=-0.0029 val=16.3380 kl=0.00452 lr=2.55e-04 ent_coef=0.0085 std=0.999 act_ep=5 kl_stop=False
update=406 steps=831488 env_sps=461.0 loss=-0.0035 val=6.1432 kl=0.00399 lr=2.55e-04 ent_coef=0.0085 std=0.998 act_ep=5 kl_stop=False
update=407 steps=833536 env_sps=461.3 loss=-0.0045 val=19.9315 kl=0.00451 lr=2.55e-04 ent_coef=0.0085 std=0.998 act_ep=5 kl_stop=False
update=408 steps=835584 env_sps=461.5 loss=-0.0026 val=14.9414 kl=0.00452 lr=2.55e-04 ent_coef=0.0085 std=0.999 act_ep=5 kl_stop=False
update=409 steps=837632 env_sps=461.8 loss=-0.0040 val=23.9802 kl=0.00418 lr=2.55e-04 ent_coef=0.0085 std=0.997 act_ep=5 kl_stop=False
update=410 steps=839680 env_sps=462.1 loss=-0.0025 val=10.6315 kl=0.00306 lr=2.55e-04 ent_coef=0.0085 std=0.997 act_ep=5 kl_stop=False
update=411 steps=841728 env_sps=462.3 loss=-0.0057 val=11.5942 kl=0.00721 lr=2.55e-04 ent_coef=0.0085 std=0.997 act_ep=5 kl_stop=False
update=412 steps=843776 env_sps=462.6 loss=-0.0025 val=11.2550 kl=0.00310 lr=2.54e-04 ent_coef=0.0085 std=0.998 act_ep=5 kl_stop=False
update=413 steps=845824 env_sps=462.9 loss=-0.0046 val=66.6149 kl=0.00405 lr=2.54e-04 ent_coef=0.0085 std=0.998 act_ep=5 kl_stop=False
update=414 steps=847872 env_sps=463.1 loss=-0.0061 val=12.8283 kl=0.00664 lr=2.54e-04 ent_coef=0.0085 std=0.998 act_ep=5 kl_stop=False
update=415 steps=849920 env_sps=463.2 loss=-0.0045 val=23.6619 kl=0.00556 lr=2.54e-04 ent_coef=0.0085 std=0.999 act_ep=5 kl_stop=False
update=416 steps=851968 env_sps=463.5 loss=-0.0041 val=8.2587 kl=0.00323 lr=2.54e-04 ent_coef=0.0085 std=1.000 act_ep=5 kl_stop=False
update=417 steps=854016 env_sps=463.6 loss=-0.0035 val=34.5822 kl=0.00527 lr=2.54e-04 ent_coef=0.0085 std=0.999 act_ep=5 kl_stop=False
update=418 steps=856064 env_sps=463.8 loss=-0.0037 val=17.9077 kl=0.00455 lr=2.54e-04 ent_coef=0.0085 std=1.000 act_ep=5 kl_stop=False
update=419 steps=858112 env_sps=464.1 loss=-0.0023 val=9.3051 kl=0.00284 lr=2.54e-04 ent_coef=0.0085 std=1.000 act_ep=5 kl_stop=False
update=420 steps=860160 env_sps=464.3 loss=-0.0051 val=37.1426 kl=0.00436 lr=2.54e-04 ent_coef=0.0085 std=0.999 act_ep=5 kl_stop=False
update=421 steps=862208 env_sps=464.6 loss=-0.0035 val=21.4651 kl=0.00384 lr=2.53e-04 ent_coef=0.0084 std=0.999 act_ep=5 kl_stop=False
update=422 steps=864256 env_sps=464.8 loss=-0.0078 val=19.8660 kl=0.00590 lr=2.53e-04 ent_coef=0.0084 std=1.000 act_ep=5 kl_stop=False
update=423 steps=866304 env_sps=464.9 loss=-0.0045 val=12.4920 kl=0.00437 lr=2.53e-04 ent_coef=0.0084 std=0.999 act_ep=5 kl_stop=False
update=424 steps=868352 env_sps=465.2 loss=-0.0043 val=21.8521 kl=0.00503 lr=2.53e-04 ent_coef=0.0084 std=1.000 act_ep=5 kl_stop=False
update=425 steps=870400 env_sps=465.3 loss=-0.0026 val=11.4354 kl=0.00573 lr=2.53e-04 ent_coef=0.0084 std=0.999 act_ep=5 kl_stop=False
update=426 steps=872448 env_sps=465.5 loss=-0.0023 val=3.8488 kl=0.00469 lr=2.53e-04 ent_coef=0.0084 std=1.000 act_ep=5 kl_stop=False
update=427 steps=874496 env_sps=465.7 loss=-0.0014 val=16.3752 kl=0.00373 lr=2.53e-04 ent_coef=0.0084 std=0.999 act_ep=5 kl_stop=False
update=428 steps=876544 env_sps=466.0 loss=-0.0068 val=7.3967 kl=0.00485 lr=2.53e-04 ent_coef=0.0084 std=0.997 act_ep=5 kl_stop=False
update=429 steps=878592 env_sps=466.2 loss=-0.0056 val=33.7281 kl=0.00583 lr=2.53e-04 ent_coef=0.0084 std=0.998 act_ep=5 kl_stop=False
update=430 steps=880640 env_sps=466.4 loss=-0.0034 val=8.5273 kl=0.00467 lr=2.52e-04 ent_coef=0.0084 std=0.997 act_ep=5 kl_stop=False
update=431 steps=882688 env_sps=466.7 loss=-0.0045 val=20.1215 kl=0.00512 lr=2.52e-04 ent_coef=0.0084 std=0.997 act_ep=5 kl_stop=False
update=432 steps=884736 env_sps=467.0 loss=-0.0025 val=13.8276 kl=0.00237 lr=2.52e-04 ent_coef=0.0084 std=0.998 act_ep=5 kl_stop=False
update=433 steps=886784 env_sps=467.3 loss=-0.0044 val=12.5582 kl=0.00422 lr=2.52e-04 ent_coef=0.0084 std=0.998 act_ep=5 kl_stop=False
update=434 steps=888832 env_sps=467.6 loss=-0.0053 val=14.5401 kl=0.00546 lr=2.52e-04 ent_coef=0.0084 std=0.999 act_ep=5 kl_stop=False
update=435 steps=890880 env_sps=467.7 loss=-0.0035 val=11.4339 kl=0.00313 lr=2.52e-04 ent_coef=0.0084 std=0.998 act_ep=5 kl_stop=False
update=436 steps=892928 env_sps=468.0 loss=-0.0043 val=19.6535 kl=0.00452 lr=2.52e-04 ent_coef=0.0084 std=0.999 act_ep=5 kl_stop=False
update=437 steps=894976 env_sps=468.3 loss=-0.0032 val=24.7372 kl=0.00379 lr=2.52e-04 ent_coef=0.0084 std=0.998 act_ep=5 kl_stop=False
update=438 steps=897024 env_sps=468.6 loss=-0.0055 val=20.1391 kl=0.00497 lr=2.52e-04 ent_coef=0.0084 std=0.996 act_ep=5 kl_stop=False
update=439 steps=899072 env_sps=468.9 loss=-0.0032 val=8.8323 kl=0.00367 lr=2.51e-04 ent_coef=0.0084 std=0.995 act_ep=5 kl_stop=False
update=440 steps=901120 env_sps=469.2 loss=-0.0068 val=23.2441 kl=0.00558 lr=2.51e-04 ent_coef=0.0084 std=0.996 act_ep=5 kl_stop=False
update=441 steps=903168 env_sps=457.4 loss=-0.0044 val=11.7319 kl=0.00547 lr=2.51e-04 ent_coef=0.0084 std=0.998 act_ep=5 kl_stop=False
update=442 steps=905216 env_sps=457.6 loss=-0.0039 val=19.8478 kl=0.00495 lr=2.51e-04 ent_coef=0.0084 std=0.999 act_ep=5 kl_stop=False
update=443 steps=907264 env_sps=457.9 loss=-0.0039 val=17.2496 kl=0.00447 lr=2.51e-04 ent_coef=0.0084 std=1.000 act_ep=5 kl_stop=False
update=444 steps=909312 env_sps=458.2 loss=-0.0040 val=14.6435 kl=0.00535 lr=2.51e-04 ent_coef=0.0084 std=1.000 act_ep=5 kl_stop=False
update=445 steps=911360 env_sps=458.6 loss=-0.0038 val=24.3204 kl=0.00385 lr=2.51e-04 ent_coef=0.0084 std=0.999 act_ep=5 kl_stop=False
update=446 steps=913408 env_sps=458.8 loss=-0.0040 val=15.6006 kl=0.00311 lr=2.51e-04 ent_coef=0.0084 std=0.999 act_ep=5 kl_stop=False
update=447 steps=915456 env_sps=459.0 loss=-0.0036 val=12.6010 kl=0.00445 lr=2.51e-04 ent_coef=0.0084 std=0.999 act_ep=5 kl_stop=False
update=448 steps=917504 env_sps=459.1 loss=-0.0042 val=19.8211 kl=0.00448 lr=2.50e-04 ent_coef=0.0083 std=0.999 act_ep=5 kl_stop=False
update=449 steps=919552 env_sps=459.3 loss=-0.0052 val=6.3148 kl=0.00530 lr=2.50e-04 ent_coef=0.0083 std=1.000 act_ep=5 kl_stop=False
update=450 steps=921600 env_sps=459.5 loss=-0.0022 val=6.8462 kl=0.00395 lr=2.50e-04 ent_coef=0.0083 std=0.999 act_ep=5 kl_stop=False
update=451 steps=923648 env_sps=459.6 loss=-0.0038 val=15.9282 kl=0.00317 lr=2.50e-04 ent_coef=0.0083 std=1.000 act_ep=5 kl_stop=False
update=452 steps=925696 env_sps=459.8 loss=-0.0045 val=7.9866 kl=0.00545 lr=2.50e-04 ent_coef=0.0083 std=1.000 act_ep=5 kl_stop=False
update=453 steps=927744 env_sps=460.0 loss=-0.0037 val=15.9263 kl=0.00389 lr=2.50e-04 ent_coef=0.0083 std=0.999 act_ep=5 kl_stop=False
update=454 steps=929792 env_sps=460.3 loss=-0.0023 val=5.9355 kl=0.00288 lr=2.50e-04 ent_coef=0.0083 std=0.999 act_ep=5 kl_stop=False
update=455 steps=931840 env_sps=460.5 loss=-0.0047 val=25.8975 kl=0.00529 lr=2.50e-04 ent_coef=0.0083 std=1.000 act_ep=5 kl_stop=False
update=456 steps=933888 env_sps=460.8 loss=-0.0052 val=5.9452 kl=0.00605 lr=2.50e-04 ent_coef=0.0083 std=1.000 act_ep=5 kl_stop=False
update=457 steps=935936 env_sps=461.1 loss=-0.0038 val=40.5315 kl=0.00423 lr=2.49e-04 ent_coef=0.0083 std=0.999 act_ep=5 kl_stop=False
update=458 steps=937984 env_sps=461.3 loss=-0.0042 val=11.2376 kl=0.00597 lr=2.49e-04 ent_coef=0.0083 std=1.000 act_ep=5 kl_stop=False
update=459 steps=940032 env_sps=461.6 loss=-0.0041 val=20.3362 kl=0.00656 lr=2.49e-04 ent_coef=0.0083 std=0.999 act_ep=5 kl_stop=False
update=460 steps=942080 env_sps=461.8 loss=-0.0029 val=10.9143 kl=0.00271 lr=2.49e-04 ent_coef=0.0083 std=1.000 act_ep=5 kl_stop=False
update=461 steps=944128 env_sps=461.9 loss=-0.0009 val=20.0710 kl=0.00268 lr=2.49e-04 ent_coef=0.0083 std=1.000 act_ep=5 kl_stop=False
update=462 steps=946176 env_sps=462.0 loss=-0.0039 val=12.3006 kl=0.00562 lr=2.49e-04 ent_coef=0.0083 std=0.999 act_ep=5 kl_stop=False
update=463 steps=948224 env_sps=462.2 loss=-0.0046 val=15.6899 kl=0.00647 lr=2.49e-04 ent_coef=0.0083 std=1.000 act_ep=5 kl_stop=False
update=464 steps=950272 env_sps=462.5 loss=-0.0025 val=16.5152 kl=0.00452 lr=2.49e-04 ent_coef=0.0083 std=0.999 act_ep=5 kl_stop=False
update=465 steps=952320 env_sps=462.6 loss=-0.0025 val=6.6504 kl=0.00310 lr=2.49e-04 ent_coef=0.0083 std=1.000 act_ep=5 kl_stop=False
update=466 steps=954368 env_sps=462.8 loss=-0.0049 val=5.4135 kl=0.00537 lr=2.48e-04 ent_coef=0.0083 std=1.000 act_ep=5 kl_stop=False
update=467 steps=956416 env_sps=463.0 loss=-0.0035 val=9.8697 kl=0.00486 lr=2.48e-04 ent_coef=0.0083 std=1.000 act_ep=5 kl_stop=False
update=468 steps=958464 env_sps=463.2 loss=-0.0032 val=23.6114 kl=0.00433 lr=2.48e-04 ent_coef=0.0083 std=1.000 act_ep=5 kl_stop=False
update=469 steps=960512 env_sps=463.4 loss=-0.0024 val=22.8023 kl=0.00483 lr=2.48e-04 ent_coef=0.0083 std=1.000 act_ep=5 kl_stop=False
update=470 steps=962560 env_sps=463.6 loss=-0.0014 val=4.9895 kl=0.00393 lr=2.48e-04 ent_coef=0.0083 std=0.999 act_ep=5 kl_stop=False
update=471 steps=964608 env_sps=463.8 loss=-0.0029 val=16.1697 kl=0.00323 lr=2.48e-04 ent_coef=0.0083 std=1.000 act_ep=5 kl_stop=False
update=472 steps=966656 env_sps=464.0 loss=-0.0029 val=6.9662 kl=0.00331 lr=2.48e-04 ent_coef=0.0083 std=1.000 act_ep=5 kl_stop=False
update=473 steps=968704 env_sps=464.3 loss=-0.0037 val=12.3865 kl=0.00387 lr=2.48e-04 ent_coef=0.0083 std=0.999 act_ep=5 kl_stop=False
update=474 steps=970752 env_sps=464.5 loss=-0.0042 val=7.1174 kl=0.00440 lr=2.48e-04 ent_coef=0.0083 std=0.999 act_ep=5 kl_stop=False
update=475 steps=972800 env_sps=464.7 loss=-0.0032 val=30.6499 kl=0.00482 lr=2.47e-04 ent_coef=0.0082 std=0.999 act_ep=5 kl_stop=False
update=476 steps=974848 env_sps=464.8 loss=-0.0029 val=8.3936 kl=0.00495 lr=2.47e-04 ent_coef=0.0082 std=0.999 act_ep=5 kl_stop=False
update=477 steps=976896 env_sps=465.0 loss=-0.0033 val=17.3141 kl=0.00404 lr=2.47e-04 ent_coef=0.0082 std=1.000 act_ep=5 kl_stop=False
update=478 steps=978944 env_sps=465.1 loss=-0.0030 val=17.4429 kl=0.00279 lr=2.47e-04 ent_coef=0.0082 std=1.000 act_ep=5 kl_stop=False
update=479 steps=980992 env_sps=465.4 loss=-0.0045 val=5.6018 kl=0.00533 lr=2.47e-04 ent_coef=0.0082 std=1.000 act_ep=5 kl_stop=False
update=480 steps=983040 env_sps=465.6 loss=-0.0035 val=28.8114 kl=0.00506 lr=2.47e-04 ent_coef=0.0082 std=1.000 act_ep=5 kl_stop=False
update=481 steps=985088 env_sps=465.9 loss=-0.0054 val=10.7524 kl=0.00585 lr=2.47e-04 ent_coef=0.0082 std=1.000 act_ep=5 kl_stop=False
update=482 steps=987136 env_sps=466.1 loss=-0.0012 val=5.5595 kl=0.00400 lr=2.47e-04 ent_coef=0.0082 std=1.000 act_ep=5 kl_stop=False
update=483 steps=989184 env_sps=466.4 loss=-0.0032 val=42.4319 kl=0.00389 lr=2.47e-04 ent_coef=0.0082 std=1.000 act_ep=5 kl_stop=False
update=484 steps=991232 env_sps=466.7 loss=-0.0044 val=11.9684 kl=0.00542 lr=2.46e-04 ent_coef=0.0082 std=0.999 act_ep=5 kl_stop=False
update=485 steps=993280 env_sps=466.8 loss=-0.0031 val=27.4529 kl=0.00537 lr=2.46e-04 ent_coef=0.0082 std=0.999 act_ep=5 kl_stop=False
update=486 steps=995328 env_sps=467.1 loss=-0.0028 val=21.1454 kl=0.00473 lr=2.46e-04 ent_coef=0.0082 std=1.000 act_ep=5 kl_stop=False
update=487 steps=997376 env_sps=467.3 loss=-0.0015 val=37.0586 kl=0.00364 lr=2.46e-04 ent_coef=0.0082 std=0.999 act_ep=5 kl_stop=False
update=488 steps=999424 env_sps=467.5 loss=-0.0045 val=4.9758 kl=0.00443 lr=2.46e-04 ent_coef=0.0082 std=0.997 act_ep=5 kl_stop=False
update=489 steps=1001472 env_sps=467.6 loss=-0.0028 val=6.0564 kl=0.00509 lr=2.46e-04 ent_coef=0.0082 std=0.996 act_ep=5 kl_stop=False
update=490 steps=1003520 env_sps=455.9 loss=-0.0035 val=30.1838 kl=0.00371 lr=2.46e-04 ent_coef=0.0082 std=0.996 act_ep=5 kl_stop=False
update=491 steps=1005568 env_sps=456.2 loss=-0.0026 val=4.1522 kl=0.00395 lr=2.46e-04 ent_coef=0.0082 std=0.998 act_ep=5 kl_stop=False
update=492 steps=1007616 env_sps=456.4 loss=-0.0028 val=8.4495 kl=0.00460 lr=2.46e-04 ent_coef=0.0082 std=0.998 act_ep=5 kl_stop=False
update=493 steps=1009664 env_sps=456.6 loss=-0.0056 val=13.2092 kl=0.00580 lr=2.45e-04 ent_coef=0.0082 std=0.999 act_ep=5 kl_stop=False
update=494 steps=1011712 env_sps=456.8 loss=-0.0036 val=10.3049 kl=0.00483 lr=2.45e-04 ent_coef=0.0082 std=0.999 act_ep=5 kl_stop=False
update=495 steps=1013760 env_sps=457.0 loss=-0.0038 val=16.4578 kl=0.00356 lr=2.45e-04 ent_coef=0.0082 std=0.999 act_ep=5 kl_stop=False
update=496 steps=1015808 env_sps=457.2 loss=-0.0024 val=2.0797 kl=0.00350 lr=2.45e-04 ent_coef=0.0082 std=1.000 act_ep=5 kl_stop=False
update=497 steps=1017856 env_sps=457.4 loss=-0.0018 val=0.2537 kl=0.00279 lr=2.45e-04 ent_coef=0.0082 std=1.000 act_ep=5 kl_stop=False
update=498 steps=1019904 env_sps=457.6 loss=-0.0029 val=6.9315 kl=0.00437 lr=2.45e-04 ent_coef=0.0082 std=1.000 act_ep=5 kl_stop=False
update=499 steps=1021952 env_sps=457.8 loss=-0.0029 val=22.9817 kl=0.00315 lr=2.45e-04 ent_coef=0.0082 std=1.000 act_ep=5 kl_stop=False
update=500 steps=1024000 env_sps=458.0 loss=-0.0042 val=29.4792 kl=0.00425 lr=2.45e-04 ent_coef=0.0082 std=1.000 act_ep=5 kl_stop=False
update=501 steps=1026048 env_sps=458.4 loss=-0.0032 val=10.1648 kl=0.00432 lr=2.45e-04 ent_coef=0.0082 std=0.999 act_ep=5 kl_stop=False
update=502 steps=1028096 env_sps=458.5 loss=-0.0038 val=76.5024 kl=0.00474 lr=2.44e-04 ent_coef=0.0081 std=1.000 act_ep=5 kl_stop=False
update=503 steps=1030144 env_sps=458.9 loss=-0.0028 val=22.5662 kl=0.00307 lr=2.44e-04 ent_coef=0.0081 std=1.000 act_ep=5 kl_stop=False
update=504 steps=1032192 env_sps=459.1 loss=-0.0013 val=24.6866 kl=0.00209 lr=2.44e-04 ent_coef=0.0081 std=0.999 act_ep=5 kl_stop=False
update=505 steps=1034240 env_sps=459.4 loss=-0.0050 val=19.9104 kl=0.00550 lr=2.44e-04 ent_coef=0.0081 std=0.999 act_ep=5 kl_stop=False
update=506 steps=1036288 env_sps=459.6 loss=-0.0032 val=27.0349 kl=0.00453 lr=2.44e-04 ent_coef=0.0081 std=1.000 act_ep=5 kl_stop=False
update=507 steps=1038336 env_sps=459.8 loss=-0.0063 val=14.6620 kl=0.00475 lr=2.44e-04 ent_coef=0.0081 std=1.000 act_ep=5 kl_stop=False
update=508 steps=1040384 env_sps=460.0 loss=-0.0038 val=8.5345 kl=0.00359 lr=2.44e-04 ent_coef=0.0081 std=1.000 act_ep=5 kl_stop=False
update=509 steps=1042432 env_sps=460.3 loss=-0.0028 val=26.7758 kl=0.00477 lr=2.44e-04 ent_coef=0.0081 std=1.000 act_ep=5 kl_stop=False
update=510 steps=1044480 env_sps=460.5 loss=-0.0046 val=25.5690 kl=0.00506 lr=2.44e-04 ent_coef=0.0081 std=0.999 act_ep=5 kl_stop=False
update=511 steps=1046528 env_sps=460.6 loss=-0.0037 val=32.0860 kl=0.00486 lr=2.43e-04 ent_coef=0.0081 std=0.999 act_ep=5 kl_stop=False
update=512 steps=1048576 env_sps=460.8 loss=-0.0028 val=40.8146 kl=0.00439 lr=2.43e-04 ent_coef=0.0081 std=0.998 act_ep=5 kl_stop=False
update=513 steps=1050624 env_sps=461.1 loss=-0.0032 val=18.0599 kl=0.00406 lr=2.43e-04 ent_coef=0.0081 std=0.998 act_ep=5 kl_stop=False
update=514 steps=1052672 env_sps=461.3 loss=-0.0040 val=14.2697 kl=0.00479 lr=2.43e-04 ent_coef=0.0081 std=0.999 act_ep=5 kl_stop=False
update=515 steps=1054720 env_sps=461.4 loss=-0.0046 val=10.0818 kl=0.00525 lr=2.43e-04 ent_coef=0.0081 std=0.999 act_ep=5 kl_stop=False
update=516 steps=1056768 env_sps=461.6 loss=-0.0038 val=4.6791 kl=0.00598 lr=2.43e-04 ent_coef=0.0081 std=0.998 act_ep=5 kl_stop=False
update=517 steps=1058816 env_sps=461.8 loss=-0.0030 val=9.7553 kl=0.00390 lr=2.43e-04 ent_coef=0.0081 std=0.997 act_ep=5 kl_stop=False
update=518 steps=1060864 env_sps=461.9 loss=-0.0033 val=14.2608 kl=0.00338 lr=2.43e-04 ent_coef=0.0081 std=0.997 act_ep=5 kl_stop=False
update=519 steps=1062912 env_sps=462.2 loss=-0.0030 val=8.6990 kl=0.00409 lr=2.43e-04 ent_coef=0.0081 std=0.998 act_ep=5 kl_stop=False
update=520 steps=1064960 env_sps=462.4 loss=-0.0037 val=10.0700 kl=0.00453 lr=2.42e-04 ent_coef=0.0081 std=0.998 act_ep=5 kl_stop=False
update=521 steps=1067008 env_sps=462.6 loss=-0.0043 val=10.5722 kl=0.00549 lr=2.42e-04 ent_coef=0.0081 std=0.999 act_ep=5 kl_stop=False
update=522 steps=1069056 env_sps=462.7 loss=-0.0045 val=12.4021 kl=0.00482 lr=2.42e-04 ent_coef=0.0081 std=0.999 act_ep=5 kl_stop=False
update=523 steps=1071104 env_sps=462.9 loss=-0.0038 val=9.4771 kl=0.00372 lr=2.42e-04 ent_coef=0.0081 std=1.000 act_ep=5 kl_stop=False
update=524 steps=1073152 env_sps=463.2 loss=-0.0019 val=30.8110 kl=0.00360 lr=2.42e-04 ent_coef=0.0081 std=1.000 act_ep=5 kl_stop=False
update=525 steps=1075200 env_sps=463.4 loss=-0.0042 val=29.2431 kl=0.00472 lr=2.42e-04 ent_coef=0.0081 std=1.000 act_ep=5 kl_stop=False
update=526 steps=1077248 env_sps=463.7 loss=-0.0037 val=14.8416 kl=0.00579 lr=2.42e-04 ent_coef=0.0081 std=1.000 act_ep=5 kl_stop=False
update=527 steps=1079296 env_sps=463.9 loss=-0.0029 val=17.3562 kl=0.00312 lr=2.42e-04 ent_coef=0.0081 std=1.000 act_ep=5 kl_stop=False
update=528 steps=1081344 env_sps=464.0 loss=-0.0020 val=28.9700 kl=0.00278 lr=2.42e-04 ent_coef=0.0081 std=1.000 act_ep=5 kl_stop=False
update=529 steps=1083392 env_sps=464.2 loss=-0.0033 val=8.5298 kl=0.00452 lr=2.41e-04 ent_coef=0.0080 std=0.998 act_ep=5 kl_stop=False
update=530 steps=1085440 env_sps=464.3 loss=-0.0043 val=10.2702 kl=0.00494 lr=2.41e-04 ent_coef=0.0080 std=0.999 act_ep=5 kl_stop=False
update=531 steps=1087488 env_sps=464.4 loss=-0.0014 val=3.0098 kl=0.00365 lr=2.41e-04 ent_coef=0.0080 std=1.000 act_ep=5 kl_stop=False
update=532 steps=1089536 env_sps=464.6 loss=-0.0027 val=8.1005 kl=0.00447 lr=2.41e-04 ent_coef=0.0080 std=1.000 act_ep=5 kl_stop=False
update=533 steps=1091584 env_sps=464.8 loss=-0.0022 val=19.2975 kl=0.00285 lr=2.41e-04 ent_coef=0.0080 std=0.999 act_ep=5 kl_stop=False
update=534 steps=1093632 env_sps=464.9 loss=-0.0044 val=5.6558 kl=0.00437 lr=2.41e-04 ent_coef=0.0080 std=1.000 act_ep=5 kl_stop=False
update=535 steps=1095680 env_sps=465.1 loss=-0.0045 val=15.1470 kl=0.00554 lr=2.41e-04 ent_coef=0.0080 std=1.000 act_ep=5 kl_stop=False
update=536 steps=1097728 env_sps=465.2 loss=-0.0022 val=21.1057 kl=0.00315 lr=2.41e-04 ent_coef=0.0080 std=1.000 act_ep=5 kl_stop=False
update=537 steps=1099776 env_sps=465.4 loss=-0.0035 val=12.7966 kl=0.00541 lr=2.41e-04 ent_coef=0.0080 std=0.999 act_ep=5 kl_stop=False
update=538 steps=1101824 env_sps=465.7 loss=-0.0043 val=21.1623 kl=0.00404 lr=2.41e-04 ent_coef=0.0080 std=0.999 act_ep=5 kl_stop=False
update=539 steps=1103872 env_sps=455.9 loss=-0.0053 val=18.8410 kl=0.00692 lr=2.40e-04 ent_coef=0.0080 std=1.000 act_ep=5 kl_stop=False
update=540 steps=1105920 env_sps=456.1 loss=-0.0017 val=3.0118 kl=0.00294 lr=2.40e-04 ent_coef=0.0080 std=1.000 act_ep=5 kl_stop=False
update=541 steps=1107968 env_sps=456.3 loss=-0.0028 val=12.0319 kl=0.00546 lr=2.40e-04 ent_coef=0.0080 std=0.998 act_ep=5 kl_stop=False
update=542 steps=1110016 env_sps=456.5 loss=-0.0025 val=45.9708 kl=0.00302 lr=2.40e-04 ent_coef=0.0080 std=0.998 act_ep=5 kl_stop=False
update=543 steps=1112064 env_sps=456.7 loss=-0.0013 val=31.7703 kl=0.00188 lr=2.40e-04 ent_coef=0.0080 std=0.998 act_ep=5 kl_stop=False
update=544 steps=1114112 env_sps=456.9 loss=-0.0041 val=45.3750 kl=0.00329 lr=2.40e-04 ent_coef=0.0080 std=0.998 act_ep=5 kl_stop=False
update=545 steps=1116160 env_sps=457.0 loss=-0.0018 val=4.1501 kl=0.00429 lr=2.40e-04 ent_coef=0.0080 std=0.998 act_ep=5 kl_stop=False
update=546 steps=1118208 env_sps=457.2 loss=-0.0035 val=35.8681 kl=0.00448 lr=2.40e-04 ent_coef=0.0080 std=0.997 act_ep=5 kl_stop=False
update=547 steps=1120256 env_sps=457.3 loss=-0.0032 val=12.0947 kl=0.00426 lr=2.40e-04 ent_coef=0.0080 std=0.997 act_ep=5 kl_stop=False
update=548 steps=1122304 env_sps=457.5 loss=-0.0033 val=22.2089 kl=0.00375 lr=2.39e-04 ent_coef=0.0080 std=0.998 act_ep=5 kl_stop=False
update=549 steps=1124352 env_sps=457.6 loss=-0.0028 val=3.5170 kl=0.00409 lr=2.39e-04 ent_coef=0.0080 std=0.999 act_ep=5 kl_stop=False
update=550 steps=1126400 env_sps=457.8 loss=-0.0054 val=13.9742 kl=0.00658 lr=2.39e-04 ent_coef=0.0080 std=1.000 act_ep=5 kl_stop=False
update=551 steps=1128448 env_sps=458.0 loss=-0.0024 val=4.1950 kl=0.00295 lr=2.39e-04 ent_coef=0.0080 std=0.999 act_ep=5 kl_stop=False
update=552 steps=1130496 env_sps=458.3 loss=-0.0045 val=51.6443 kl=0.00517 lr=2.39e-04 ent_coef=0.0080 std=1.000 act_ep=5 kl_stop=False
update=553 steps=1132544 env_sps=458.5 loss=-0.0046 val=19.8711 kl=0.00556 lr=2.39e-04 ent_coef=0.0080 std=0.998 act_ep=5 kl_stop=False
update=554 steps=1134592 env_sps=458.6 loss=-0.0036 val=55.0321 kl=0.00418 lr=2.39e-04 ent_coef=0.0080 std=0.998 act_ep=5 kl_stop=False
update=555 steps=1136640 env_sps=458.7 loss=-0.0048 val=18.7280 kl=0.00479 lr=2.39e-04 ent_coef=0.0080 std=0.999 act_ep=5 kl_stop=False
update=556 steps=1138688 env_sps=458.8 loss=-0.0062 val=26.7475 kl=0.00495 lr=2.39e-04 ent_coef=0.0080 std=0.998 act_ep=5 kl_stop=False
update=557 steps=1140736 env_sps=459.0 loss=-0.0044 val=42.2767 kl=0.00609 lr=2.38e-04 ent_coef=0.0079 std=0.998 act_ep=5 kl_stop=False
update=558 steps=1142784 env_sps=459.1 loss=-0.0027 val=13.8402 kl=0.00345 lr=2.38e-04 ent_coef=0.0079 std=0.999 act_ep=5 kl_stop=False
update=559 steps=1144832 env_sps=459.2 loss=-0.0052 val=14.3312 kl=0.00532 lr=2.38e-04 ent_coef=0.0079 std=0.998 act_ep=5 kl_stop=False
update=560 steps=1146880 env_sps=459.5 loss=-0.0044 val=13.5177 kl=0.00408 lr=2.38e-04 ent_coef=0.0079 std=0.998 act_ep=5 kl_stop=False
update=561 steps=1148928 env_sps=459.6 loss=-0.0029 val=20.4180 kl=0.00375 lr=2.38e-04 ent_coef=0.0079 std=0.999 act_ep=5 kl_stop=False
update=562 steps=1150976 env_sps=459.7 loss=-0.0055 val=17.5425 kl=0.00571 lr=2.38e-04 ent_coef=0.0079 std=0.999 act_ep=5 kl_stop=False
update=563 steps=1153024 env_sps=459.9 loss=-0.0062 val=28.0714 kl=0.00569 lr=2.38e-04 ent_coef=0.0079 std=1.000 act_ep=5 kl_stop=False
update=564 steps=1155072 env_sps=460.0 loss=-0.0037 val=35.2416 kl=0.00354 lr=2.38e-04 ent_coef=0.0079 std=1.000 act_ep=5 kl_stop=False
update=565 steps=1157120 env_sps=460.1 loss=-0.0036 val=9.4988 kl=0.00434 lr=2.38e-04 ent_coef=0.0079 std=0.999 act_ep=5 kl_stop=False
update=566 steps=1159168 env_sps=460.3 loss=-0.0059 val=9.7509 kl=0.00591 lr=2.37e-04 ent_coef=0.0079 std=0.999 act_ep=5 kl_stop=False
update=567 steps=1161216 env_sps=460.5 loss=-0.0054 val=10.7855 kl=0.00494 lr=2.37e-04 ent_coef=0.0079 std=0.998 act_ep=5 kl_stop=False
update=568 steps=1163264 env_sps=460.7 loss=-0.0039 val=0.4129 kl=0.00327 lr=2.37e-04 ent_coef=0.0079 std=0.999 act_ep=5 kl_stop=False
update=569 steps=1165312 env_sps=460.8 loss=-0.0019 val=37.9765 kl=0.00389 lr=2.37e-04 ent_coef=0.0079 std=0.999 act_ep=5 kl_stop=False
update=570 steps=1167360 env_sps=460.9 loss=-0.0025 val=44.6850 kl=0.00374 lr=2.37e-04 ent_coef=0.0079 std=0.999 act_ep=5 kl_stop=False
update=571 steps=1169408 env_sps=461.1 loss=-0.0028 val=36.9055 kl=0.00340 lr=2.37e-04 ent_coef=0.0079 std=0.999 act_ep=5 kl_stop=False
update=572 steps=1171456 env_sps=461.3 loss=-0.0029 val=36.4530 kl=0.00352 lr=2.37e-04 ent_coef=0.0079 std=0.999 act_ep=5 kl_stop=False
update=573 steps=1173504 env_sps=461.4 loss=-0.0029 val=4.9182 kl=0.00325 lr=2.37e-04 ent_coef=0.0079 std=1.000 act_ep=5 kl_stop=False
update=574 steps=1175552 env_sps=461.6 loss=-0.0021 val=26.7554 kl=0.00279 lr=2.37e-04 ent_coef=0.0079 std=0.999 act_ep=5 kl_stop=False
update=575 steps=1177600 env_sps=461.8 loss=-0.0027 val=9.6953 kl=0.00291 lr=2.36e-04 ent_coef=0.0079 std=0.999 act_ep=5 kl_stop=False
update=576 steps=1179648 env_sps=462.1 loss=-0.0046 val=15.9433 kl=0.00417 lr=2.36e-04 ent_coef=0.0079 std=0.998 act_ep=5 kl_stop=False
update=577 steps=1181696 env_sps=462.3 loss=-0.0034 val=38.0720 kl=0.00418 lr=2.36e-04 ent_coef=0.0079 std=0.998 act_ep=5 kl_stop=False
update=578 steps=1183744 env_sps=462.5 loss=-0.0052 val=33.2459 kl=0.00534 lr=2.36e-04 ent_coef=0.0079 std=0.999 act_ep=5 kl_stop=False
update=579 steps=1185792 env_sps=462.7 loss=-0.0050 val=30.1952 kl=0.00579 lr=2.36e-04 ent_coef=0.0079 std=0.999 act_ep=5 kl_stop=False
update=580 steps=1187840 env_sps=462.9 loss=-0.0017 val=25.6066 kl=0.00434 lr=2.36e-04 ent_coef=0.0079 std=0.999 act_ep=5 kl_stop=False
update=581 steps=1189888 env_sps=463.0 loss=-0.0016 val=58.9030 kl=0.00367 lr=2.36e-04 ent_coef=0.0079 std=0.998 act_ep=5 kl_stop=False
update=582 steps=1191936 env_sps=463.2 loss=-0.0039 val=26.1880 kl=0.00377 lr=2.36e-04 ent_coef=0.0079 std=0.998 act_ep=5 kl_stop=False
update=583 steps=1193984 env_sps=463.3 loss=-0.0046 val=48.5743 kl=0.00457 lr=2.36e-04 ent_coef=0.0079 std=0.999 act_ep=5 kl_stop=False
update=584 steps=1196032 env_sps=463.6 loss=-0.0044 val=27.8117 kl=0.00391 lr=2.35e-04 ent_coef=0.0078 std=0.999 act_ep=5 kl_stop=False
update=585 steps=1198080 env_sps=463.7 loss=-0.0039 val=52.7154 kl=0.00398 lr=2.35e-04 ent_coef=0.0078 std=1.000 act_ep=5 kl_stop=False
update=586 steps=1200128 env_sps=463.8 loss=-0.0043 val=46.4311 kl=0.00404 lr=2.35e-04 ent_coef=0.0078 std=1.000 act_ep=5 kl_stop=False
update=587 steps=1202176 env_sps=456.6 loss=-0.0044 val=22.8484 kl=0.00416 lr=2.35e-04 ent_coef=0.0078 std=1.000 act_ep=5 kl_stop=False
update=588 steps=1204224 env_sps=456.8 loss=-0.0040 val=7.3895 kl=0.00374 lr=2.35e-04 ent_coef=0.0078 std=1.000 act_ep=5 kl_stop=False
update=589 steps=1206272 env_sps=457.0 loss=-0.0035 val=44.7496 kl=0.00311 lr=2.35e-04 ent_coef=0.0078 std=1.000 act_ep=5 kl_stop=False
update=590 steps=1208320 env_sps=457.2 loss=-0.0049 val=9.0013 kl=0.00420 lr=2.35e-04 ent_coef=0.0078 std=1.000 act_ep=5 kl_stop=False
update=591 steps=1210368 env_sps=457.3 loss=-0.0040 val=37.5771 kl=0.00460 lr=2.35e-04 ent_coef=0.0078 std=1.000 act_ep=5 kl_stop=False
update=592 steps=1212416 env_sps=457.5 loss=-0.0027 val=39.5561 kl=0.00488 lr=2.35e-04 ent_coef=0.0078 std=1.000 act_ep=5 kl_stop=False
update=593 steps=1214464 env_sps=457.7 loss=-0.0050 val=26.7827 kl=0.00689 lr=2.34e-04 ent_coef=0.0078 std=1.000 act_ep=5 kl_stop=False
update=594 steps=1216512 env_sps=457.9 loss=-0.0057 val=32.7461 kl=0.00594 lr=2.34e-04 ent_coef=0.0078 std=1.000 act_ep=5 kl_stop=False
update=595 steps=1218560 env_sps=458.1 loss=-0.0051 val=48.8411 kl=0.00660 lr=2.34e-04 ent_coef=0.0078 std=0.999 act_ep=5 kl_stop=False
update=596 steps=1220608 env_sps=458.3 loss=-0.0029 val=33.8323 kl=0.00506 lr=2.34e-04 ent_coef=0.0078 std=0.999 act_ep=5 kl_stop=False
update=597 steps=1222656 env_sps=458.5 loss=-0.0034 val=35.6626 kl=0.00410 lr=2.34e-04 ent_coef=0.0078 std=0.999 act_ep=5 kl_stop=False
update=598 steps=1224704 env_sps=458.7 loss=-0.0041 val=17.9213 kl=0.00496 lr=2.34e-04 ent_coef=0.0078 std=0.999 act_ep=5 kl_stop=False
update=599 steps=1226752 env_sps=458.9 loss=-0.0059 val=33.1014 kl=0.00549 lr=2.34e-04 ent_coef=0.0078 std=0.999 act_ep=5 kl_stop=False
update=600 steps=1228800 env_sps=459.1 loss=-0.0040 val=20.4535 kl=0.00548 lr=2.34e-04 ent_coef=0.0078 std=1.000 act_ep=5 kl_stop=False
update=601 steps=1230848 env_sps=459.3 loss=-0.0042 val=27.3851 kl=0.00424 lr=2.34e-04 ent_coef=0.0078 std=1.000 act_ep=5 kl_stop=False
update=602 steps=1232896 env_sps=459.5 loss=-0.0053 val=58.2353 kl=0.00458 lr=2.33e-04 ent_coef=0.0078 std=1.000 act_ep=5 kl_stop=False
update=603 steps=1234944 env_sps=459.7 loss=-0.0053 val=53.8838 kl=0.00507 lr=2.33e-04 ent_coef=0.0078 std=0.999 act_ep=5 kl_stop=False
update=604 steps=1236992 env_sps=459.8 loss=-0.0037 val=22.8095 kl=0.00358 lr=2.33e-04 ent_coef=0.0078 std=0.999 act_ep=5 kl_stop=False
update=605 steps=1239040 env_sps=460.0 loss=-0.0037 val=21.3742 kl=0.00400 lr=2.33e-04 ent_coef=0.0078 std=1.000 act_ep=5 kl_stop=False
update=606 steps=1241088 env_sps=460.2 loss=-0.0053 val=25.9683 kl=0.00527 lr=2.33e-04 ent_coef=0.0078 std=1.000 act_ep=5 kl_stop=False
update=607 steps=1243136 env_sps=460.4 loss=-0.0030 val=27.3643 kl=0.00418 lr=2.33e-04 ent_coef=0.0078 std=1.000 act_ep=5 kl_stop=False
update=608 steps=1245184 env_sps=460.5 loss=-0.0063 val=22.1098 kl=0.00504 lr=2.33e-04 ent_coef=0.0078 std=1.000 act_ep=5 kl_stop=False
update=609 steps=1247232 env_sps=460.7 loss=-0.0041 val=29.1748 kl=0.00388 lr=2.33e-04 ent_coef=0.0078 std=1.000 act_ep=5 kl_stop=False
update=610 steps=1249280 env_sps=460.9 loss=-0.0041 val=38.0142 kl=0.00348 lr=2.33e-04 ent_coef=0.0078 std=0.999 act_ep=5 kl_stop=False
update=611 steps=1251328 env_sps=461.1 loss=-0.0048 val=37.0439 kl=0.00492 lr=2.32e-04 ent_coef=0.0077 std=0.998 act_ep=5 kl_stop=False
update=612 steps=1253376 env_sps=461.2 loss=-0.0037 val=26.2284 kl=0.00410 lr=2.32e-04 ent_coef=0.0077 std=0.998 act_ep=5 kl_stop=False
update=613 steps=1255424 env_sps=461.3 loss=-0.0043 val=30.7414 kl=0.00489 lr=2.32e-04 ent_coef=0.0077 std=0.998 act_ep=5 kl_stop=False
update=614 steps=1257472 env_sps=461.5 loss=-0.0027 val=16.7408 kl=0.00375 lr=2.32e-04 ent_coef=0.0077 std=0.999 act_ep=5 kl_stop=False
update=615 steps=1259520 env_sps=461.7 loss=-0.0033 val=62.2697 kl=0.00322 lr=2.32e-04 ent_coef=0.0077 std=0.999 act_ep=5 kl_stop=False
update=616 steps=1261568 env_sps=461.8 loss=-0.0031 val=43.0119 kl=0.00466 lr=2.32e-04 ent_coef=0.0077 std=1.000 act_ep=5 kl_stop=False
update=617 steps=1263616 env_sps=461.9 loss=-0.0039 val=57.2577 kl=0.00399 lr=2.32e-04 ent_coef=0.0077 std=1.000 act_ep=5 kl_stop=False
update=618 steps=1265664 env_sps=462.1 loss=-0.0045 val=20.9029 kl=0.00493 lr=2.32e-04 ent_coef=0.0077 std=1.000 act_ep=5 kl_stop=False
update=619 steps=1267712 env_sps=462.3 loss=-0.0059 val=62.9255 kl=0.00593 lr=2.32e-04 ent_coef=0.0077 std=1.000 act_ep=5 kl_stop=False
update=620 steps=1269760 env_sps=462.4 loss=-0.0028 val=29.2743 kl=0.00416 lr=2.31e-04 ent_coef=0.0077 std=0.999 act_ep=5 kl_stop=False
update=621 steps=1271808 env_sps=462.6 loss=-0.0034 val=52.6125 kl=0.00317 lr=2.31e-04 ent_coef=0.0077 std=0.998 act_ep=5 kl_stop=False
update=622 steps=1273856 env_sps=462.7 loss=-0.0050 val=52.9360 kl=0.00533 lr=2.31e-04 ent_coef=0.0077 std=0.999 act_ep=5 kl_stop=False
update=623 steps=1275904 env_sps=462.8 loss=-0.0049 val=36.5689 kl=0.00471 lr=2.31e-04 ent_coef=0.0077 std=0.999 act_ep=5 kl_stop=False
update=624 steps=1277952 env_sps=463.0 loss=-0.0050 val=25.9076 kl=0.00546 lr=2.31e-04 ent_coef=0.0077 std=0.999 act_ep=5 kl_stop=False
update=625 steps=1280000 env_sps=463.2 loss=-0.0047 val=25.4408 kl=0.00478 lr=2.31e-04 ent_coef=0.0077 std=0.998 act_ep=5 kl_stop=False
update=626 steps=1282048 env_sps=463.3 loss=-0.0047 val=97.2618 kl=0.00504 lr=2.31e-04 ent_coef=0.0077 std=0.998 act_ep=5 kl_stop=False
update=627 steps=1284096 env_sps=463.5 loss=-0.0049 val=39.2512 kl=0.00532 lr=2.31e-04 ent_coef=0.0077 std=0.997 act_ep=5 kl_stop=False
update=628 steps=1286144 env_sps=463.7 loss=-0.0027 val=28.4996 kl=0.00334 lr=2.31e-04 ent_coef=0.0077 std=0.997 act_ep=5 kl_stop=False
update=629 steps=1288192 env_sps=463.8 loss=-0.0062 val=29.4708 kl=0.00597 lr=2.30e-04 ent_coef=0.0077 std=0.997 act_ep=5 kl_stop=False
update=630 steps=1290240 env_sps=464.0 loss=-0.0020 val=33.5131 kl=0.00376 lr=2.30e-04 ent_coef=0.0077 std=0.996 act_ep=5 kl_stop=False
update=631 steps=1292288 env_sps=464.1 loss=-0.0039 val=34.8122 kl=0.00474 lr=2.30e-04 ent_coef=0.0077 std=0.996 act_ep=5 kl_stop=False
update=632 steps=1294336 env_sps=464.3 loss=-0.0054 val=20.2714 kl=0.00406 lr=2.30e-04 ent_coef=0.0077 std=0.998 act_ep=5 kl_stop=False
update=633 steps=1296384 env_sps=464.5 loss=-0.0052 val=56.2722 kl=0.00576 lr=2.30e-04 ent_coef=0.0077 std=0.997 act_ep=5 kl_stop=False
update=634 steps=1298432 env_sps=464.6 loss=-0.0041 val=15.8013 kl=0.00321 lr=2.30e-04 ent_coef=0.0077 std=0.998 act_ep=5 kl_stop=False
update=635 steps=1300480 env_sps=464.7 loss=-0.0024 val=30.6069 kl=0.00413 lr=2.30e-04 ent_coef=0.0077 std=0.999 act_ep=5 kl_stop=False
update=636 steps=1302528 env_sps=457.3 loss=-0.0029 val=18.1696 kl=0.00312 lr=2.30e-04 ent_coef=0.0077 std=1.000 act_ep=5 kl_stop=False
update=637 steps=1304576 env_sps=457.5 loss=-0.0047 val=42.5164 kl=0.00465 lr=2.30e-04 ent_coef=0.0077 std=1.000 act_ep=5 kl_stop=False
update=638 steps=1306624 env_sps=457.6 loss=-0.0036 val=49.0309 kl=0.00330 lr=2.29e-04 ent_coef=0.0076 std=0.999 act_ep=5 kl_stop=False
update=639 steps=1308672 env_sps=457.7 loss=-0.0026 val=38.0075 kl=0.00276 lr=2.29e-04 ent_coef=0.0076 std=0.998 act_ep=5 kl_stop=False
update=640 steps=1310720 env_sps=457.9 loss=-0.0050 val=37.6275 kl=0.00587 lr=2.29e-04 ent_coef=0.0076 std=0.998 act_ep=5 kl_stop=False
update=641 steps=1312768 env_sps=458.0 loss=-0.0040 val=28.9666 kl=0.00516 lr=2.29e-04 ent_coef=0.0076 std=0.999 act_ep=5 kl_stop=False
update=642 steps=1314816 env_sps=458.2 loss=-0.0047 val=33.9800 kl=0.00522 lr=2.29e-04 ent_coef=0.0076 std=1.000 act_ep=5 kl_stop=False
update=643 steps=1316864 env_sps=458.4 loss=-0.0033 val=25.5289 kl=0.00493 lr=2.29e-04 ent_coef=0.0076 std=1.000 act_ep=5 kl_stop=False
update=644 steps=1318912 env_sps=458.5 loss=-0.0028 val=62.9599 kl=0.00477 lr=2.29e-04 ent_coef=0.0076 std=0.999 act_ep=5 kl_stop=False
update=645 steps=1320960 env_sps=458.7 loss=-0.0043 val=20.3618 kl=0.00599 lr=2.29e-04 ent_coef=0.0076 std=0.999 act_ep=5 kl_stop=False
update=646 steps=1323008 env_sps=458.8 loss=-0.0032 val=32.4999 kl=0.00443 lr=2.29e-04 ent_coef=0.0076 std=0.999 act_ep=5 kl_stop=False
update=647 steps=1325056 env_sps=459.0 loss=-0.0045 val=36.0487 kl=0.00453 lr=2.28e-04 ent_coef=0.0076 std=1.000 act_ep=5 kl_stop=False
update=648 steps=1327104 env_sps=459.1 loss=-0.0031 val=23.9045 kl=0.00424 lr=2.28e-04 ent_coef=0.0076 std=1.000 act_ep=5 kl_stop=False
update=649 steps=1329152 env_sps=459.3 loss=-0.0035 val=20.3936 kl=0.00536 lr=2.28e-04 ent_coef=0.0076 std=0.999 act_ep=5 kl_stop=False
update=650 steps=1331200 env_sps=459.5 loss=-0.0039 val=30.3699 kl=0.00481 lr=2.28e-04 ent_coef=0.0076 std=1.000 act_ep=5 kl_stop=False
update=651 steps=1333248 env_sps=459.6 loss=-0.0037 val=33.6090 kl=0.00487 lr=2.28e-04 ent_coef=0.0076 std=1.000 act_ep=5 kl_stop=False
update=652 steps=1335296 env_sps=459.7 loss=-0.0037 val=52.7265 kl=0.00412 lr=2.28e-04 ent_coef=0.0076 std=1.000 act_ep=5 kl_stop=False
update=653 steps=1337344 env_sps=459.8 loss=-0.0039 val=25.7038 kl=0.00465 lr=2.28e-04 ent_coef=0.0076 std=1.000 act_ep=5 kl_stop=False
update=654 steps=1339392 env_sps=459.9 loss=-0.0033 val=59.6136 kl=0.00311 lr=2.28e-04 ent_coef=0.0076 std=0.999 act_ep=5 kl_stop=False
update=655 steps=1341440 env_sps=460.0 loss=-0.0044 val=31.7055 kl=0.00389 lr=2.28e-04 ent_coef=0.0076 std=0.998 act_ep=5 kl_stop=False
update=656 steps=1343488 env_sps=460.2 loss=-0.0049 val=38.7929 kl=0.00500 lr=2.27e-04 ent_coef=0.0076 std=0.999 act_ep=5 kl_stop=False
update=657 steps=1345536 env_sps=460.4 loss=-0.0038 val=36.5083 kl=0.00466 lr=2.27e-04 ent_coef=0.0076 std=0.999 act_ep=5 kl_stop=False
update=658 steps=1347584 env_sps=460.6 loss=-0.0039 val=40.5139 kl=0.00461 lr=2.27e-04 ent_coef=0.0076 std=1.000 act_ep=5 kl_stop=False
update=659 steps=1349632 env_sps=460.7 loss=-0.0027 val=44.4238 kl=0.00286 lr=2.27e-04 ent_coef=0.0076 std=0.999 act_ep=5 kl_stop=False
update=660 steps=1351680 env_sps=460.8 loss=-0.0034 val=42.9925 kl=0.00383 lr=2.27e-04 ent_coef=0.0076 std=0.999 act_ep=5 kl_stop=False
update=661 steps=1353728 env_sps=461.0 loss=-0.0038 val=20.6359 kl=0.00387 lr=2.27e-04 ent_coef=0.0076 std=0.999 act_ep=5 kl_stop=False
update=662 steps=1355776 env_sps=461.1 loss=-0.0044 val=40.5048 kl=0.00462 lr=2.27e-04 ent_coef=0.0076 std=1.000 act_ep=5 kl_stop=False
update=663 steps=1357824 env_sps=461.2 loss=-0.0017 val=32.2515 kl=0.00336 lr=2.27e-04 ent_coef=0.0076 std=1.000 act_ep=5 kl_stop=False
update=664 steps=1359872 env_sps=461.3 loss=-0.0041 val=49.5088 kl=0.00457 lr=2.27e-04 ent_coef=0.0076 std=1.000 act_ep=5 kl_stop=False
update=665 steps=1361920 env_sps=461.5 loss=-0.0031 val=29.6205 kl=0.00479 lr=2.26e-04 ent_coef=0.0075 std=1.000 act_ep=5 kl_stop=False
update=666 steps=1363968 env_sps=461.6 loss=-0.0064 val=20.7611 kl=0.00566 lr=2.26e-04 ent_coef=0.0075 std=0.999 act_ep=5 kl_stop=False
update=667 steps=1366016 env_sps=461.7 loss=-0.0063 val=12.2256 kl=0.00590 lr=2.26e-04 ent_coef=0.0075 std=1.000 act_ep=5 kl_stop=False
update=668 steps=1368064 env_sps=461.8 loss=-0.0055 val=30.6748 kl=0.00568 lr=2.26e-04 ent_coef=0.0075 std=0.999 act_ep=5 kl_stop=False
update=669 steps=1370112 env_sps=462.0 loss=-0.0041 val=39.6292 kl=0.00475 lr=2.26e-04 ent_coef=0.0075 std=0.997 act_ep=5 kl_stop=False
update=670 steps=1372160 env_sps=462.2 loss=-0.0029 val=33.7968 kl=0.00378 lr=2.26e-04 ent_coef=0.0075 std=0.997 act_ep=5 kl_stop=False
update=671 steps=1374208 env_sps=462.3 loss=-0.0025 val=11.4563 kl=0.00235 lr=2.26e-04 ent_coef=0.0075 std=0.997 act_ep=5 kl_stop=False
update=672 steps=1376256 env_sps=462.5 loss=-0.0035 val=31.3794 kl=0.00409 lr=2.26e-04 ent_coef=0.0075 std=0.997 act_ep=5 kl_stop=False
update=673 steps=1378304 env_sps=462.6 loss=-0.0063 val=10.1771 kl=0.00564 lr=2.26e-04 ent_coef=0.0075 std=0.998 act_ep=5 kl_stop=False
update=674 steps=1380352 env_sps=462.7 loss=-0.0039 val=56.9956 kl=0.00394 lr=2.25e-04 ent_coef=0.0075 std=0.997 act_ep=5 kl_stop=False
update=675 steps=1382400 env_sps=462.8 loss=-0.0024 val=10.5087 kl=0.00439 lr=2.25e-04 ent_coef=0.0075 std=0.997 act_ep=5 kl_stop=False
update=676 steps=1384448 env_sps=463.0 loss=-0.0042 val=43.9918 kl=0.00520 lr=2.25e-04 ent_coef=0.0075 std=0.998 act_ep=5 kl_stop=False
update=677 steps=1386496 env_sps=463.1 loss=-0.0039 val=24.7062 kl=0.00404 lr=2.25e-04 ent_coef=0.0075 std=0.999 act_ep=5 kl_stop=False
update=678 steps=1388544 env_sps=463.3 loss=-0.0063 val=28.4668 kl=0.00445 lr=2.25e-04 ent_coef=0.0075 std=0.998 act_ep=5 kl_stop=False
update=679 steps=1390592 env_sps=463.5 loss=-0.0048 val=25.0875 kl=0.00535 lr=2.25e-04 ent_coef=0.0075 std=0.997 act_ep=5 kl_stop=False
update=680 steps=1392640 env_sps=463.7 loss=-0.0039 val=29.8338 kl=0.00366 lr=2.25e-04 ent_coef=0.0075 std=0.997 act_ep=5 kl_stop=False
update=681 steps=1394688 env_sps=463.8 loss=-0.0021 val=25.8281 kl=0.00295 lr=2.25e-04 ent_coef=0.0075 std=0.998 act_ep=5 kl_stop=False
update=682 steps=1396736 env_sps=463.9 loss=-0.0039 val=29.1084 kl=0.00407 lr=2.25e-04 ent_coef=0.0075 std=0.998 act_ep=5 kl_stop=False
update=683 steps=1398784 env_sps=464.0 loss=-0.0045 val=36.5957 kl=0.00389 lr=2.24e-04 ent_coef=0.0075 std=0.998 act_ep=5 kl_stop=False
update=684 steps=1400832 env_sps=464.3 loss=-0.0059 val=19.7906 kl=0.00532 lr=2.24e-04 ent_coef=0.0075 std=1.000 act_ep=5 kl_stop=False
update=685 steps=1402880 env_sps=456.3 loss=-0.0032 val=39.5061 kl=0.00363 lr=2.24e-04 ent_coef=0.0075 std=1.000 act_ep=5 kl_stop=False
update=686 steps=1404928 env_sps=456.5 loss=-0.0030 val=44.8369 kl=0.00322 lr=2.24e-04 ent_coef=0.0075 std=0.999 act_ep=5 kl_stop=False
update=687 steps=1406976 env_sps=456.7 loss=-0.0047 val=35.6047 kl=0.00411 lr=2.24e-04 ent_coef=0.0075 std=0.999 act_ep=5 kl_stop=False
update=688 steps=1409024 env_sps=456.8 loss=-0.0032 val=9.5704 kl=0.00388 lr=2.24e-04 ent_coef=0.0075 std=0.999 act_ep=5 kl_stop=False
update=689 steps=1411072 env_sps=456.9 loss=-0.0039 val=15.5215 kl=0.00406 lr=2.24e-04 ent_coef=0.0075 std=0.998 act_ep=5 kl_stop=False
update=690 steps=1413120 env_sps=457.1 loss=-0.0034 val=13.6224 kl=0.00494 lr=2.24e-04 ent_coef=0.0075 std=0.998 act_ep=5 kl_stop=False
update=691 steps=1415168 env_sps=457.2 loss=-0.0032 val=6.7454 kl=0.00448 lr=2.24e-04 ent_coef=0.0075 std=0.998 act_ep=5 kl_stop=False
update=692 steps=1417216 env_sps=457.3 loss=-0.0042 val=26.4948 kl=0.00368 lr=2.23e-04 ent_coef=0.0074 std=0.998 act_ep=5 kl_stop=False
update=693 steps=1419264 env_sps=457.4 loss=-0.0043 val=12.7531 kl=0.00356 lr=2.23e-04 ent_coef=0.0074 std=0.998 act_ep=5 kl_stop=False
update=694 steps=1421312 env_sps=457.6 loss=-0.0044 val=19.5922 kl=0.00363 lr=2.23e-04 ent_coef=0.0074 std=0.997 act_ep=5 kl_stop=False
update=695 steps=1423360 env_sps=457.7 loss=-0.0042 val=14.5385 kl=0.00380 lr=2.23e-04 ent_coef=0.0074 std=0.996 act_ep=5 kl_stop=False
update=696 steps=1425408 env_sps=457.8 loss=-0.0038 val=19.0569 kl=0.00451 lr=2.23e-04 ent_coef=0.0074 std=0.998 act_ep=5 kl_stop=False
update=697 steps=1427456 env_sps=457.9 loss=-0.0050 val=34.3725 kl=0.00424 lr=2.23e-04 ent_coef=0.0074 std=0.999 act_ep=5 kl_stop=False
update=698 steps=1429504 env_sps=458.0 loss=-0.0046 val=26.0381 kl=0.00382 lr=2.23e-04 ent_coef=0.0074 std=1.000 act_ep=5 kl_stop=False
update=699 steps=1431552 env_sps=458.1 loss=-0.0040 val=17.1569 kl=0.00459 lr=2.23e-04 ent_coef=0.0074 std=0.999 act_ep=5 kl_stop=False
update=700 steps=1433600 env_sps=458.2 loss=-0.0040 val=32.2804 kl=0.00443 lr=2.23e-04 ent_coef=0.0074 std=0.998 act_ep=5 kl_stop=False
update=701 steps=1435648 env_sps=458.3 loss=-0.0035 val=19.3912 kl=0.00498 lr=2.22e-04 ent_coef=0.0074 std=0.998 act_ep=5 kl_stop=False
update=702 steps=1437696 env_sps=458.4 loss=-0.0074 val=23.8341 kl=0.00519 lr=2.22e-04 ent_coef=0.0074 std=0.999 act_ep=5 kl_stop=False
update=703 steps=1439744 env_sps=458.6 loss=-0.0045 val=36.8080 kl=0.00433 lr=2.22e-04 ent_coef=0.0074 std=1.000 act_ep=5 kl_stop=False
update=704 steps=1441792 env_sps=458.8 loss=-0.0071 val=19.2002 kl=0.00599 lr=2.22e-04 ent_coef=0.0074 std=1.000 act_ep=5 kl_stop=False
update=705 steps=1443840 env_sps=459.0 loss=-0.0013 val=27.2272 kl=0.00307 lr=2.22e-04 ent_coef=0.0074 std=1.000 act_ep=5 kl_stop=False
update=706 steps=1445888 env_sps=459.1 loss=-0.0035 val=10.7293 kl=0.00520 lr=2.22e-04 ent_coef=0.0074 std=0.999 act_ep=5 kl_stop=False
update=707 steps=1447936 env_sps=459.2 loss=-0.0059 val=41.4258 kl=0.00608 lr=2.22e-04 ent_coef=0.0074 std=1.000 act_ep=5 kl_stop=False
update=708 steps=1449984 env_sps=459.4 loss=-0.0041 val=15.7413 kl=0.00406 lr=2.22e-04 ent_coef=0.0074 std=0.999 act_ep=5 kl_stop=False
update=709 steps=1452032 env_sps=459.5 loss=-0.0049 val=20.9908 kl=0.00511 lr=2.22e-04 ent_coef=0.0074 std=0.998 act_ep=5 kl_stop=False
update=710 steps=1454080 env_sps=459.7 loss=-0.0046 val=47.2916 kl=0.00370 lr=2.21e-04 ent_coef=0.0074 std=0.998 act_ep=5 kl_stop=False
update=711 steps=1456128 env_sps=459.8 loss=-0.0024 val=15.9720 kl=0.00301 lr=2.21e-04 ent_coef=0.0074 std=0.998 act_ep=5 kl_stop=False
update=712 steps=1458176 env_sps=459.9 loss=-0.0050 val=7.0704 kl=0.00441 lr=2.21e-04 ent_coef=0.0074 std=1.000 act_ep=5 kl_stop=False
update=713 steps=1460224 env_sps=460.0 loss=-0.0027 val=16.0210 kl=0.00322 lr=2.21e-04 ent_coef=0.0074 std=1.000 act_ep=5 kl_stop=False
update=714 steps=1462272 env_sps=460.1 loss=-0.0034 val=38.2683 kl=0.00449 lr=2.21e-04 ent_coef=0.0074 std=0.999 act_ep=5 kl_stop=False
update=715 steps=1464320 env_sps=460.3 loss=-0.0023 val=54.0037 kl=0.00287 lr=2.21e-04 ent_coef=0.0074 std=1.000 act_ep=5 kl_stop=False
update=716 steps=1466368 env_sps=460.4 loss=-0.0031 val=28.5098 kl=0.00386 lr=2.21e-04 ent_coef=0.0074 std=0.999 act_ep=5 kl_stop=False
update=717 steps=1468416 env_sps=460.6 loss=-0.0045 val=14.0565 kl=0.00380 lr=2.21e-04 ent_coef=0.0074 std=0.999 act_ep=5 kl_stop=False
update=718 steps=1470464 env_sps=460.7 loss=-0.0047 val=35.4487 kl=0.00346 lr=2.21e-04 ent_coef=0.0074 std=0.999 act_ep=5 kl_stop=False
update=719 steps=1472512 env_sps=460.8 loss=-0.0039 val=27.1740 kl=0.00487 lr=2.20e-04 ent_coef=0.0073 std=0.999 act_ep=5 kl_stop=False
update=720 steps=1474560 env_sps=461.0 loss=-0.0033 val=38.5899 kl=0.00362 lr=2.20e-04 ent_coef=0.0073 std=0.999 act_ep=5 kl_stop=False
update=721 steps=1476608 env_sps=461.1 loss=-0.0029 val=30.9305 kl=0.00382 lr=2.20e-04 ent_coef=0.0073 std=0.998 act_ep=5 kl_stop=False
update=722 steps=1478656 env_sps=461.3 loss=-0.0036 val=9.6466 kl=0.00558 lr=2.20e-04 ent_coef=0.0073 std=0.997 act_ep=5 kl_stop=False
update=723 steps=1480704 env_sps=461.4 loss=-0.0043 val=18.3008 kl=0.00490 lr=2.20e-04 ent_coef=0.0073 std=0.997 act_ep=5 kl_stop=False
update=724 steps=1482752 env_sps=461.5 loss=-0.0043 val=41.2206 kl=0.00506 lr=2.20e-04 ent_coef=0.0073 std=0.997 act_ep=5 kl_stop=False
update=725 steps=1484800 env_sps=461.7 loss=-0.0027 val=28.1246 kl=0.00362 lr=2.20e-04 ent_coef=0.0073 std=0.997 act_ep=5 kl_stop=False
update=726 steps=1486848 env_sps=461.8 loss=-0.0053 val=14.0239 kl=0.00547 lr=2.20e-04 ent_coef=0.0073 std=0.996 act_ep=5 kl_stop=False
update=727 steps=1488896 env_sps=461.9 loss=-0.0032 val=19.6142 kl=0.00383 lr=2.20e-04 ent_coef=0.0073 std=0.996 act_ep=5 kl_stop=False
update=728 steps=1490944 env_sps=462.0 loss=-0.0043 val=21.6609 kl=0.00438 lr=2.19e-04 ent_coef=0.0073 std=0.997 act_ep=5 kl_stop=False
update=729 steps=1492992 env_sps=462.2 loss=-0.0043 val=15.8046 kl=0.00433 lr=2.19e-04 ent_coef=0.0073 std=0.997 act_ep=5 kl_stop=False
update=730 steps=1495040 env_sps=462.4 loss=-0.0047 val=15.7176 kl=0.00442 lr=2.19e-04 ent_coef=0.0073 std=0.996 act_ep=5 kl_stop=False
update=731 steps=1497088 env_sps=462.5 loss=-0.0016 val=8.1635 kl=0.00443 lr=2.19e-04 ent_coef=0.0073 std=0.995 act_ep=5 kl_stop=False
update=732 steps=1499136 env_sps=462.6 loss=-0.0025 val=18.2583 kl=0.00427 lr=2.19e-04 ent_coef=0.0073 std=0.995 act_ep=5 kl_stop=False
update=733 steps=1501184 env_sps=462.7 loss=-0.0046 val=35.6642 kl=0.00563 lr=2.19e-04 ent_coef=0.0073 std=0.996 act_ep=5 kl_stop=False
update=734 steps=1503232 env_sps=455.6 loss=-0.0022 val=41.7783 kl=0.00381 lr=2.19e-04 ent_coef=0.0073 std=0.996 act_ep=5 kl_stop=False
update=735 steps=1505280 env_sps=455.7 loss=-0.0020 val=50.8244 kl=0.00310 lr=2.19e-04 ent_coef=0.0073 std=0.996 act_ep=5 kl_stop=False
update=736 steps=1507328 env_sps=455.8 loss=-0.0029 val=6.3520 kl=0.00413 lr=2.19e-04 ent_coef=0.0073 std=0.996 act_ep=5 kl_stop=False
update=737 steps=1509376 env_sps=455.9 loss=-0.0053 val=41.8542 kl=0.00397 lr=2.18e-04 ent_coef=0.0073 std=0.996 act_ep=5 kl_stop=False
update=738 steps=1511424 env_sps=456.0 loss=-0.0039 val=19.0241 kl=0.00451 lr=2.18e-04 ent_coef=0.0073 std=0.996 act_ep=5 kl_stop=False
update=739 steps=1513472 env_sps=456.2 loss=-0.0057 val=26.1017 kl=0.00595 lr=2.18e-04 ent_coef=0.0073 std=0.995 act_ep=5 kl_stop=False
update=740 steps=1515520 env_sps=456.3 loss=-0.0044 val=35.3025 kl=0.00507 lr=2.18e-04 ent_coef=0.0073 std=0.995 act_ep=5 kl_stop=False
update=741 steps=1517568 env_sps=456.4 loss=-0.0050 val=32.9051 kl=0.00530 lr=2.18e-04 ent_coef=0.0073 std=0.997 act_ep=5 kl_stop=False
update=742 steps=1519616 env_sps=456.5 loss=-0.0026 val=29.1107 kl=0.00336 lr=2.18e-04 ent_coef=0.0073 std=0.997 act_ep=5 kl_stop=False
update=743 steps=1521664 env_sps=456.6 loss=-0.0043 val=24.7714 kl=0.00560 lr=2.18e-04 ent_coef=0.0073 std=0.997 act_ep=5 kl_stop=False
update=744 steps=1523712 env_sps=456.8 loss=-0.0045 val=28.8282 kl=0.00417 lr=2.18e-04 ent_coef=0.0073 std=0.997 act_ep=5 kl_stop=False
update=745 steps=1525760 env_sps=456.9 loss=-0.0047 val=40.0112 kl=0.00500 lr=2.18e-04 ent_coef=0.0073 std=0.997 act_ep=5 kl_stop=False
update=746 steps=1527808 env_sps=457.0 loss=-0.0064 val=32.2755 kl=0.00523 lr=2.17e-04 ent_coef=0.0072 std=0.997 act_ep=5 kl_stop=False
update=747 steps=1529856 env_sps=457.2 loss=-0.0029 val=20.9198 kl=0.00358 lr=2.17e-04 ent_coef=0.0072 std=0.997 act_ep=5 kl_stop=False
update=748 steps=1531904 env_sps=457.3 loss=-0.0030 val=46.1384 kl=0.00357 lr=2.17e-04 ent_coef=0.0072 std=0.996 act_ep=5 kl_stop=False
update=749 steps=1533952 env_sps=457.4 loss=-0.0032 val=13.2160 kl=0.00349 lr=2.17e-04 ent_coef=0.0072 std=0.995 act_ep=5 kl_stop=False
update=750 steps=1536000 env_sps=457.5 loss=-0.0026 val=30.6981 kl=0.00306 lr=2.17e-04 ent_coef=0.0072 std=0.996 act_ep=5 kl_stop=False
update=751 steps=1538048 env_sps=457.7 loss=-0.0039 val=24.1804 kl=0.00445 lr=2.17e-04 ent_coef=0.0072 std=0.996 act_ep=5 kl_stop=False
update=752 steps=1540096 env_sps=457.9 loss=-0.0029 val=29.7353 kl=0.00379 lr=2.17e-04 ent_coef=0.0072 std=0.996 act_ep=5 kl_stop=False
update=753 steps=1542144 env_sps=458.0 loss=-0.0047 val=16.3527 kl=0.00464 lr=2.17e-04 ent_coef=0.0072 std=0.996 act_ep=5 kl_stop=False
update=754 steps=1544192 env_sps=458.1 loss=-0.0036 val=39.6468 kl=0.00455 lr=2.17e-04 ent_coef=0.0072 std=0.998 act_ep=5 kl_stop=False
update=755 steps=1546240 env_sps=458.3 loss=-0.0035 val=47.0985 kl=0.00479 lr=2.17e-04 ent_coef=0.0072 std=0.998 act_ep=5 kl_stop=False
update=756 steps=1548288 env_sps=458.4 loss=-0.0042 val=17.0310 kl=0.00438 lr=2.16e-04 ent_coef=0.0072 std=0.999 act_ep=5 kl_stop=False
update=757 steps=1550336 env_sps=458.6 loss=-0.0037 val=47.8736 kl=0.00363 lr=2.16e-04 ent_coef=0.0072 std=1.000 act_ep=5 kl_stop=False
update=758 steps=1552384 env_sps=458.7 loss=-0.0050 val=19.2196 kl=0.00495 lr=2.16e-04 ent_coef=0.0072 std=1.000 act_ep=5 kl_stop=False
update=759 steps=1554432 env_sps=458.9 loss=-0.0061 val=26.3509 kl=0.00511 lr=2.16e-04 ent_coef=0.0072 std=0.999 act_ep=5 kl_stop=False
update=760 steps=1556480 env_sps=459.0 loss=-0.0051 val=35.9438 kl=0.00519 lr=2.16e-04 ent_coef=0.0072 std=0.998 act_ep=5 kl_stop=False
update=761 steps=1558528 env_sps=459.2 loss=-0.0040 val=15.7438 kl=0.00391 lr=2.16e-04 ent_coef=0.0072 std=0.997 act_ep=5 kl_stop=False
update=762 steps=1560576 env_sps=459.3 loss=-0.0031 val=22.8138 kl=0.00369 lr=2.16e-04 ent_coef=0.0072 std=0.998 act_ep=5 kl_stop=False
update=763 steps=1562624 env_sps=459.5 loss=-0.0039 val=25.0129 kl=0.00461 lr=2.16e-04 ent_coef=0.0072 std=0.998 act_ep=5 kl_stop=False
update=764 steps=1564672 env_sps=459.6 loss=-0.0058 val=24.4961 kl=0.00637 lr=2.16e-04 ent_coef=0.0072 std=0.999 act_ep=5 kl_stop=False
update=765 steps=1566720 env_sps=459.7 loss=-0.0049 val=32.2274 kl=0.00471 lr=2.15e-04 ent_coef=0.0072 std=0.999 act_ep=5 kl_stop=False
update=766 steps=1568768 env_sps=459.9 loss=-0.0063 val=26.3099 kl=0.00504 lr=2.15e-04 ent_coef=0.0072 std=0.999 act_ep=5 kl_stop=False
update=767 steps=1570816 env_sps=460.0 loss=-0.0062 val=29.3711 kl=0.00637 lr=2.15e-04 ent_coef=0.0072 std=0.999 act_ep=5 kl_stop=False
update=768 steps=1572864 env_sps=460.1 loss=-0.0045 val=22.9096 kl=0.00387 lr=2.15e-04 ent_coef=0.0072 std=1.000 act_ep=5 kl_stop=False
update=769 steps=1574912 env_sps=460.3 loss=-0.0027 val=29.0829 kl=0.00491 lr=2.15e-04 ent_coef=0.0072 std=1.000 act_ep=5 kl_stop=False
update=770 steps=1576960 env_sps=460.4 loss=-0.0036 val=42.3004 kl=0.00367 lr=2.15e-04 ent_coef=0.0072 std=1.000 act_ep=5 kl_stop=False
update=771 steps=1579008 env_sps=460.4 loss=-0.0030 val=36.8150 kl=0.00247 lr=2.15e-04 ent_coef=0.0072 std=1.000 act_ep=5 kl_stop=False
update=772 steps=1581056 env_sps=460.6 loss=-0.0050 val=39.4380 kl=0.00439 lr=2.15e-04 ent_coef=0.0072 std=1.000 act_ep=5 kl_stop=False
update=773 steps=1583104 env_sps=460.7 loss=-0.0059 val=28.1366 kl=0.00557 lr=2.15e-04 ent_coef=0.0072 std=0.999 act_ep=5 kl_stop=False
update=774 steps=1585152 env_sps=460.8 loss=-0.0046 val=23.3340 kl=0.00530 lr=2.14e-04 ent_coef=0.0071 std=0.999 act_ep=5 kl_stop=False
update=775 steps=1587200 env_sps=460.9 loss=-0.0043 val=20.7726 kl=0.00398 lr=2.14e-04 ent_coef=0.0071 std=0.999 act_ep=5 kl_stop=False
update=776 steps=1589248 env_sps=461.1 loss=-0.0039 val=20.9941 kl=0.00599 lr=2.14e-04 ent_coef=0.0071 std=1.000 act_ep=5 kl_stop=False
update=777 steps=1591296 env_sps=461.2 loss=-0.0062 val=29.6491 kl=0.00551 lr=2.14e-04 ent_coef=0.0071 std=0.999 act_ep=5 kl_stop=False
update=778 steps=1593344 env_sps=461.3 loss=-0.0056 val=26.0467 kl=0.00531 lr=2.14e-04 ent_coef=0.0071 std=0.999 act_ep=5 kl_stop=False
update=779 steps=1595392 env_sps=461.4 loss=-0.0050 val=7.3155 kl=0.00605 lr=2.14e-04 ent_coef=0.0071 std=0.999 act_ep=5 kl_stop=False
update=780 steps=1597440 env_sps=461.5 loss=-0.0049 val=16.1490 kl=0.00509 lr=2.14e-04 ent_coef=0.0071 std=1.000 act_ep=5 kl_stop=False
update=781 steps=1599488 env_sps=461.6 loss=-0.0049 val=47.0132 kl=0.00502 lr=2.14e-04 ent_coef=0.0071 std=1.000 act_ep=5 kl_stop=False
update=782 steps=1601536 env_sps=461.7 loss=-0.0054 val=43.1023 kl=0.00692 lr=2.14e-04 ent_coef=0.0071 std=1.000 act_ep=5 kl_stop=False
update=783 steps=1603584 env_sps=455.6 loss=-0.0081 val=17.9637 kl=0.00550 lr=2.13e-04 ent_coef=0.0071 std=1.000 act_ep=5 kl_stop=False
update=784 steps=1605632 env_sps=455.7 loss=-0.0056 val=35.7576 kl=0.00536 lr=2.13e-04 ent_coef=0.0071 std=0.999 act_ep=5 kl_stop=False
update=785 steps=1607680 env_sps=455.8 loss=-0.0040 val=38.1964 kl=0.00479 lr=2.13e-04 ent_coef=0.0071 std=1.000 act_ep=5 kl_stop=False
update=786 steps=1609728 env_sps=455.8 loss=-0.0044 val=9.7719 kl=0.00595 lr=2.13e-04 ent_coef=0.0071 std=1.000 act_ep=5 kl_stop=False
update=787 steps=1611776 env_sps=455.9 loss=-0.0037 val=21.6272 kl=0.00616 lr=2.13e-04 ent_coef=0.0071 std=1.000 act_ep=5 kl_stop=False
update=788 steps=1613824 env_sps=456.1 loss=-0.0033 val=36.5765 kl=0.00413 lr=2.13e-04 ent_coef=0.0071 std=0.999 act_ep=5 kl_stop=False
update=789 steps=1615872 env_sps=456.2 loss=-0.0048 val=34.3982 kl=0.00533 lr=2.13e-04 ent_coef=0.0071 std=0.998 act_ep=5 kl_stop=False
update=790 steps=1617920 env_sps=456.5 loss=-0.0034 val=32.7340 kl=0.00343 lr=2.13e-04 ent_coef=0.0071 std=0.998 act_ep=5 kl_stop=False
update=791 steps=1619968 env_sps=456.6 loss=-0.0043 val=30.4200 kl=0.00536 lr=2.13e-04 ent_coef=0.0071 std=0.998 act_ep=5 kl_stop=False
update=792 steps=1622016 env_sps=456.7 loss=-0.0033 val=30.1182 kl=0.00373 lr=2.12e-04 ent_coef=0.0071 std=0.998 act_ep=5 kl_stop=False
update=793 steps=1624064 env_sps=456.8 loss=-0.0039 val=36.9317 kl=0.00402 lr=2.12e-04 ent_coef=0.0071 std=0.998 act_ep=5 kl_stop=False
update=794 steps=1626112 env_sps=457.0 loss=-0.0064 val=35.6522 kl=0.00561 lr=2.12e-04 ent_coef=0.0071 std=0.998 act_ep=5 kl_stop=False
update=795 steps=1628160 env_sps=457.1 loss=-0.0034 val=13.5733 kl=0.00370 lr=2.12e-04 ent_coef=0.0071 std=0.999 act_ep=5 kl_stop=False
update=796 steps=1630208 env_sps=457.3 loss=-0.0037 val=40.2873 kl=0.00581 lr=2.12e-04 ent_coef=0.0071 std=1.000 act_ep=5 kl_stop=False
update=797 steps=1632256 env_sps=457.4 loss=-0.0019 val=35.5422 kl=0.00320 lr=2.12e-04 ent_coef=0.0071 std=0.999 act_ep=5 kl_stop=False
update=798 steps=1634304 env_sps=457.5 loss=-0.0033 val=26.8959 kl=0.00455 lr=2.12e-04 ent_coef=0.0071 std=0.998 act_ep=5 kl_stop=False
update=799 steps=1636352 env_sps=457.7 loss=-0.0055 val=10.6983 kl=0.00556 lr=2.12e-04 ent_coef=0.0071 std=0.997 act_ep=5 kl_stop=False
update=800 steps=1638400 env_sps=457.8 loss=-0.0059 val=26.8817 kl=0.00482 lr=2.12e-04 ent_coef=0.0071 std=0.998 act_ep=5 kl_stop=False
update=801 steps=1640448 env_sps=458.0 loss=-0.0055 val=18.3718 kl=0.00614 lr=2.11e-04 ent_coef=0.0070 std=0.998 act_ep=5 kl_stop=False
update=802 steps=1642496 env_sps=458.1 loss=-0.0069 val=21.6987 kl=0.00711 lr=2.11e-04 ent_coef=0.0070 std=0.998 act_ep=5 kl_stop=False
update=803 steps=1644544 env_sps=458.2 loss=-0.0045 val=22.3768 kl=0.00542 lr=2.11e-04 ent_coef=0.0070 std=1.000 act_ep=5 kl_stop=False
update=804 steps=1646592 env_sps=458.3 loss=-0.0036 val=21.4102 kl=0.00423 lr=2.11e-04 ent_coef=0.0070 std=1.000 act_ep=5 kl_stop=False
update=805 steps=1648640 env_sps=458.4 loss=-0.0041 val=26.3088 kl=0.00398 lr=2.11e-04 ent_coef=0.0070 std=1.000 act_ep=5 kl_stop=False
update=806 steps=1650688 env_sps=458.5 loss=-0.0034 val=21.5023 kl=0.00471 lr=2.11e-04 ent_coef=0.0070 std=0.999 act_ep=5 kl_stop=False
update=807 steps=1652736 env_sps=458.6 loss=-0.0061 val=29.9323 kl=0.00623 lr=2.11e-04 ent_coef=0.0070 std=1.000 act_ep=5 kl_stop=False
update=808 steps=1654784 env_sps=458.8 loss=-0.0045 val=15.3026 kl=0.00505 lr=2.11e-04 ent_coef=0.0070 std=1.000 act_ep=5 kl_stop=False
update=809 steps=1656832 env_sps=458.9 loss=-0.0041 val=18.8198 kl=0.00416 lr=2.11e-04 ent_coef=0.0070 std=0.999 act_ep=5 kl_stop=False
update=810 steps=1658880 env_sps=459.0 loss=-0.0027 val=25.7166 kl=0.00376 lr=2.10e-04 ent_coef=0.0070 std=1.000 act_ep=5 kl_stop=False
update=811 steps=1660928 env_sps=459.1 loss=-0.0052 val=24.0487 kl=0.00536 lr=2.10e-04 ent_coef=0.0070 std=1.000 act_ep=5 kl_stop=False
update=812 steps=1662976 env_sps=459.3 loss=-0.0067 val=29.8059 kl=0.00648 lr=2.10e-04 ent_coef=0.0070 std=0.998 act_ep=5 kl_stop=False
update=813 steps=1665024 env_sps=459.4 loss=-0.0026 val=35.1423 kl=0.00440 lr=2.10e-04 ent_coef=0.0070 std=0.998 act_ep=5 kl_stop=False
update=814 steps=1667072 env_sps=459.5 loss=-0.0043 val=28.6158 kl=0.00459 lr=2.10e-04 ent_coef=0.0070 std=0.999 act_ep=5 kl_stop=False
update=815 steps=1669120 env_sps=459.6 loss=-0.0044 val=18.9860 kl=0.00386 lr=2.10e-04 ent_coef=0.0070 std=0.998 act_ep=5 kl_stop=False
update=816 steps=1671168 env_sps=459.8 loss=-0.0033 val=12.4178 kl=0.00417 lr=2.10e-04 ent_coef=0.0070 std=0.999 act_ep=5 kl_stop=False
update=817 steps=1673216 env_sps=459.9 loss=-0.0038 val=45.7684 kl=0.00518 lr=2.10e-04 ent_coef=0.0070 std=0.999 act_ep=5 kl_stop=False
update=818 steps=1675264 env_sps=460.0 loss=-0.0052 val=23.2149 kl=0.00563 lr=2.10e-04 ent_coef=0.0070 std=1.000 act_ep=5 kl_stop=False
update=819 steps=1677312 env_sps=460.2 loss=-0.0049 val=19.6492 kl=0.00439 lr=2.09e-04 ent_coef=0.0070 std=0.999 act_ep=5 kl_stop=False
update=820 steps=1679360 env_sps=460.3 loss=-0.0039 val=13.4710 kl=0.00551 lr=2.09e-04 ent_coef=0.0070 std=0.999 act_ep=5 kl_stop=False
update=821 steps=1681408 env_sps=460.4 loss=-0.0038 val=27.8685 kl=0.00504 lr=2.09e-04 ent_coef=0.0070 std=1.000 act_ep=5 kl_stop=False
update=822 steps=1683456 env_sps=460.5 loss=-0.0037 val=28.3644 kl=0.00480 lr=2.09e-04 ent_coef=0.0070 std=1.000 act_ep=5 kl_stop=False
update=823 steps=1685504 env_sps=460.5 loss=-0.0048 val=20.5138 kl=0.00629 lr=2.09e-04 ent_coef=0.0070 std=1.000 act_ep=5 kl_stop=False
update=824 steps=1687552 env_sps=460.7 loss=-0.0042 val=26.5119 kl=0.00774 lr=2.09e-04 ent_coef=0.0070 std=1.000 act_ep=3 kl_stop=True
update=825 steps=1689600 env_sps=460.8 loss=-0.0040 val=29.2281 kl=0.00508 lr=2.09e-04 ent_coef=0.0070 std=1.000 act_ep=3 kl_stop=True
update=826 steps=1691648 env_sps=461.0 loss=-0.0052 val=23.3129 kl=0.00514 lr=2.09e-04 ent_coef=0.0070 std=1.000 act_ep=5 kl_stop=False
update=827 steps=1693696 env_sps=461.1 loss=-0.0013 val=22.9872 kl=0.00346 lr=2.09e-04 ent_coef=0.0070 std=1.000 act_ep=5 kl_stop=False
update=828 steps=1695744 env_sps=461.3 loss=-0.0050 val=21.4616 kl=0.00565 lr=2.08e-04 ent_coef=0.0069 std=1.000 act_ep=5 kl_stop=False
update=829 steps=1697792 env_sps=461.5 loss=-0.0045 val=15.5948 kl=0.00744 lr=2.08e-04 ent_coef=0.0069 std=1.000 act_ep=5 kl_stop=False
update=830 steps=1699840 env_sps=461.6 loss=-0.0034 val=47.7569 kl=0.00377 lr=2.08e-04 ent_coef=0.0069 std=0.999 act_ep=5 kl_stop=False
update=831 steps=1701888 env_sps=461.7 loss=-0.0030 val=9.0291 kl=0.00390 lr=2.08e-04 ent_coef=0.0069 std=1.000 act_ep=5 kl_stop=False
update=832 steps=1703936 env_sps=455.4 loss=-0.0018 val=22.1531 kl=0.00407 lr=2.08e-04 ent_coef=0.0069 std=0.999 act_ep=5 kl_stop=False
update=833 steps=1705984 env_sps=455.5 loss=-0.0032 val=15.6061 kl=0.00338 lr=2.08e-04 ent_coef=0.0069 std=0.999 act_ep=5 kl_stop=False
update=834 steps=1708032 env_sps=455.6 loss=-0.0036 val=10.3379 kl=0.00527 lr=2.08e-04 ent_coef=0.0069 std=0.999 act_ep=5 kl_stop=False
update=835 steps=1710080 env_sps=455.7 loss=-0.0035 val=18.6619 kl=0.00274 lr=2.08e-04 ent_coef=0.0069 std=1.000 act_ep=5 kl_stop=False
update=836 steps=1712128 env_sps=455.9 loss=-0.0042 val=17.9175 kl=0.00413 lr=2.08e-04 ent_coef=0.0069 std=1.000 act_ep=5 kl_stop=False
update=837 steps=1714176 env_sps=456.0 loss=-0.0050 val=20.9368 kl=0.00417 lr=2.07e-04 ent_coef=0.0069 std=1.000 act_ep=5 kl_stop=False
update=838 steps=1716224 env_sps=456.2 loss=-0.0056 val=32.9740 kl=0.00691 lr=2.07e-04 ent_coef=0.0069 std=1.000 act_ep=5 kl_stop=False
update=839 steps=1718272 env_sps=456.4 loss=-0.0033 val=40.6947 kl=0.00451 lr=2.07e-04 ent_coef=0.0069 std=1.000 act_ep=5 kl_stop=False
update=840 steps=1720320 env_sps=456.5 loss=-0.0030 val=12.5478 kl=0.00448 lr=2.07e-04 ent_coef=0.0069 std=1.000 act_ep=5 kl_stop=False
update=841 steps=1722368 env_sps=456.6 loss=-0.0034 val=36.5517 kl=0.00447 lr=2.07e-04 ent_coef=0.0069 std=0.998 act_ep=5 kl_stop=False
update=842 steps=1724416 env_sps=456.7 loss=-0.0042 val=30.5123 kl=0.00343 lr=2.07e-04 ent_coef=0.0069 std=0.998 act_ep=5 kl_stop=False
update=843 steps=1726464 env_sps=456.8 loss=-0.0034 val=14.3103 kl=0.00399 lr=2.07e-04 ent_coef=0.0069 std=0.998 act_ep=5 kl_stop=False
update=844 steps=1728512 env_sps=456.9 loss=-0.0050 val=35.2296 kl=0.00484 lr=2.07e-04 ent_coef=0.0069 std=1.000 act_ep=5 kl_stop=False
update=845 steps=1730560 env_sps=457.0 loss=-0.0051 val=16.8240 kl=0.00440 lr=2.07e-04 ent_coef=0.0069 std=1.000 act_ep=5 kl_stop=False
update=846 steps=1732608 env_sps=457.2 loss=0.0008 val=26.7184 kl=0.00621 lr=2.06e-04 ent_coef=0.0069 std=0.999 act_ep=5 kl_stop=False
update=847 steps=1734656 env_sps=457.2 loss=-0.0030 val=21.8656 kl=0.00465 lr=2.06e-04 ent_coef=0.0069 std=0.998 act_ep=5 kl_stop=False
update=848 steps=1736704 env_sps=457.4 loss=-0.0058 val=16.0000 kl=0.00445 lr=2.06e-04 ent_coef=0.0069 std=0.998 act_ep=5 kl_stop=False
update=849 steps=1738752 env_sps=457.5 loss=-0.0042 val=33.8584 kl=0.00403 lr=2.06e-04 ent_coef=0.0069 std=1.000 act_ep=5 kl_stop=False
update=850 steps=1740800 env_sps=457.7 loss=-0.0037 val=34.2939 kl=0.00633 lr=2.06e-04 ent_coef=0.0069 std=1.000 act_ep=5 kl_stop=False
update=851 steps=1742848 env_sps=457.8 loss=-0.0045 val=18.9848 kl=0.00437 lr=2.06e-04 ent_coef=0.0069 std=0.999 act_ep=5 kl_stop=False
update=852 steps=1744896 env_sps=457.9 loss=-0.0027 val=34.5381 kl=0.00392 lr=2.06e-04 ent_coef=0.0069 std=0.999 act_ep=5 kl_stop=False
update=853 steps=1746944 env_sps=458.0 loss=-0.0032 val=15.2879 kl=0.00427 lr=2.06e-04 ent_coef=0.0069 std=0.999 act_ep=5 kl_stop=False
update=854 steps=1748992 env_sps=458.1 loss=0.0000 val=21.6882 kl=0.27200 lr=2.06e-04 ent_coef=0.0069 std=0.999 act_ep=1 kl_stop=True
update=855 steps=1751040 env_sps=458.2 loss=-0.0028 val=8.9131 kl=0.00590 lr=2.05e-04 ent_coef=0.0068 std=0.999 act_ep=5 kl_stop=False
update=856 steps=1753088 env_sps=458.3 loss=-0.0030 val=6.5135 kl=0.00519 lr=2.05e-04 ent_coef=0.0068 std=0.999 act_ep=5 kl_stop=False
update=857 steps=1755136 env_sps=458.4 loss=-0.0022 val=35.1351 kl=0.00398 lr=2.05e-04 ent_coef=0.0068 std=0.998 act_ep=5 kl_stop=False
update=858 steps=1757184 env_sps=458.5 loss=-0.0038 val=14.9643 kl=0.00474 lr=2.05e-04 ent_coef=0.0068 std=0.997 act_ep=5 kl_stop=False
update=859 steps=1759232 env_sps=458.6 loss=-0.0029 val=44.6652 kl=0.00307 lr=2.05e-04 ent_coef=0.0068 std=0.996 act_ep=5 kl_stop=False
update=860 steps=1761280 env_sps=458.6 loss=-0.0016 val=7.3483 kl=0.00372 lr=2.05e-04 ent_coef=0.0068 std=0.995 act_ep=5 kl_stop=False
update=861 steps=1763328 env_sps=458.7 loss=-0.0053 val=18.2490 kl=0.00626 lr=2.05e-04 ent_coef=0.0068 std=0.995 act_ep=5 kl_stop=False
update=862 steps=1765376 env_sps=458.8 loss=-0.0019 val=13.8119 kl=0.00344 lr=2.05e-04 ent_coef=0.0068 std=0.995 act_ep=5 kl_stop=False
update=863 steps=1767424 env_sps=458.9 loss=-0.0049 val=36.2101 kl=0.00575 lr=2.05e-04 ent_coef=0.0068 std=0.995 act_ep=5 kl_stop=False
update=864 steps=1769472 env_sps=459.0 loss=-0.0049 val=7.1907 kl=0.00432 lr=2.04e-04 ent_coef=0.0068 std=0.996 act_ep=5 kl_stop=False
update=865 steps=1771520 env_sps=459.2 loss=-0.0020 val=30.8710 kl=0.00381 lr=2.04e-04 ent_coef=0.0068 std=0.996 act_ep=5 kl_stop=False
update=866 steps=1773568 env_sps=459.3 loss=-0.0050 val=15.0940 kl=0.00521 lr=2.04e-04 ent_coef=0.0068 std=0.997 act_ep=5 kl_stop=False
update=867 steps=1775616 env_sps=459.4 loss=-0.0043 val=40.4866 kl=0.00490 lr=2.04e-04 ent_coef=0.0068 std=0.997 act_ep=5 kl_stop=False
update=868 steps=1777664 env_sps=459.5 loss=-0.0034 val=19.6406 kl=0.00485 lr=2.04e-04 ent_coef=0.0068 std=0.999 act_ep=5 kl_stop=False
update=869 steps=1779712 env_sps=459.6 loss=-0.0049 val=14.1347 kl=0.00585 lr=2.04e-04 ent_coef=0.0068 std=1.000 act_ep=5 kl_stop=False
update=870 steps=1781760 env_sps=459.7 loss=-0.0032 val=15.0952 kl=0.00530 lr=2.04e-04 ent_coef=0.0068 std=1.000 act_ep=5 kl_stop=False
update=871 steps=1783808 env_sps=459.8 loss=-0.0051 val=21.8787 kl=0.00455 lr=2.04e-04 ent_coef=0.0068 std=0.998 act_ep=5 kl_stop=False
update=872 steps=1785856 env_sps=460.0 loss=-0.0024 val=25.5588 kl=0.00419 lr=2.04e-04 ent_coef=0.0068 std=0.997 act_ep=5 kl_stop=False
update=873 steps=1787904 env_sps=460.1 loss=-0.0036 val=22.7069 kl=0.00482 lr=2.03e-04 ent_coef=0.0068 std=0.996 act_ep=5 kl_stop=False
update=874 steps=1789952 env_sps=460.3 loss=-0.0044 val=15.4453 kl=0.00527 lr=2.03e-04 ent_coef=0.0068 std=0.998 act_ep=5 kl_stop=False
update=875 steps=1792000 env_sps=460.4 loss=-0.0037 val=49.1588 kl=0.00404 lr=2.03e-04 ent_coef=0.0068 std=0.998 act_ep=5 kl_stop=False
update=876 steps=1794048 env_sps=460.4 loss=-0.0009 val=23.7308 kl=0.00321 lr=2.03e-04 ent_coef=0.0068 std=0.999 act_ep=5 kl_stop=False
update=877 steps=1796096 env_sps=460.5 loss=-0.0054 val=8.4808 kl=0.00525 lr=2.03e-04 ent_coef=0.0068 std=0.998 act_ep=5 kl_stop=False
update=878 steps=1798144 env_sps=460.6 loss=-0.0035 val=14.9642 kl=0.00526 lr=2.03e-04 ent_coef=0.0068 std=0.999 act_ep=5 kl_stop=False
update=879 steps=1800192 env_sps=460.7 loss=-0.0026 val=38.7003 kl=0.00309 lr=2.03e-04 ent_coef=0.0068 std=0.998 act_ep=5 kl_stop=False
update=880 steps=1802240 env_sps=454.9 loss=-0.0036 val=12.1295 kl=0.00489 lr=2.03e-04 ent_coef=0.0068 std=0.998 act_ep=5 kl_stop=False
update=881 steps=1804288 env_sps=455.0 loss=-0.0031 val=15.7780 kl=0.00370 lr=2.03e-04 ent_coef=0.0068 std=0.999 act_ep=5 kl_stop=False
update=882 steps=1806336 env_sps=455.1 loss=-0.0054 val=40.8991 kl=0.00513 lr=2.02e-04 ent_coef=0.0067 std=1.000 act_ep=5 kl_stop=False
update=883 steps=1808384 env_sps=455.2 loss=-0.0015 val=7.2911 kl=0.00198 lr=2.02e-04 ent_coef=0.0067 std=1.000 act_ep=5 kl_stop=False
update=884 steps=1810432 env_sps=455.3 loss=-0.0025 val=30.3495 kl=0.00414 lr=2.02e-04 ent_coef=0.0067 std=1.000 act_ep=5 kl_stop=False
update=885 steps=1812480 env_sps=455.4 loss=-0.0042 val=17.8930 kl=0.00414 lr=2.02e-04 ent_coef=0.0067 std=1.000 act_ep=5 kl_stop=False
update=886 steps=1814528 env_sps=455.5 loss=-0.0022 val=3.2176 kl=0.00379 lr=2.02e-04 ent_coef=0.0067 std=0.999 act_ep=5 kl_stop=False
update=887 steps=1816576 env_sps=455.6 loss=-0.0037 val=16.7333 kl=0.00507 lr=2.02e-04 ent_coef=0.0067 std=1.000 act_ep=5 kl_stop=False
update=888 steps=1818624 env_sps=455.7 loss=-0.0041 val=16.6288 kl=0.00474 lr=2.02e-04 ent_coef=0.0067 std=1.000 act_ep=5 kl_stop=False
update=889 steps=1820672 env_sps=455.8 loss=-0.0034 val=14.4009 kl=0.00392 lr=2.02e-04 ent_coef=0.0067 std=1.000 act_ep=5 kl_stop=False
update=890 steps=1822720 env_sps=455.9 loss=-0.0051 val=14.1941 kl=0.00419 lr=2.02e-04 ent_coef=0.0067 std=0.999 act_ep=5 kl_stop=False
update=891 steps=1824768 env_sps=456.0 loss=-0.0038 val=12.1385 kl=0.00485 lr=2.01e-04 ent_coef=0.0067 std=0.998 act_ep=5 kl_stop=False
update=892 steps=1826816 env_sps=456.1 loss=-0.0032 val=41.2589 kl=0.00421 lr=2.01e-04 ent_coef=0.0067 std=0.999 act_ep=5 kl_stop=False
update=893 steps=1828864 env_sps=456.2 loss=-0.0045 val=15.4361 kl=0.00535 lr=2.01e-04 ent_coef=0.0067 std=0.999 act_ep=5 kl_stop=False
update=894 steps=1830912 env_sps=456.3 loss=-0.0028 val=30.9280 kl=0.00364 lr=2.01e-04 ent_coef=0.0067 std=0.997 act_ep=5 kl_stop=False
update=895 steps=1832960 env_sps=456.4 loss=-0.0026 val=27.9579 kl=0.00490 lr=2.01e-04 ent_coef=0.0067 std=0.996 act_ep=5 kl_stop=False
update=896 steps=1835008 env_sps=456.5 loss=-0.0025 val=27.0389 kl=0.00344 lr=2.01e-04 ent_coef=0.0067 std=0.996 act_ep=5 kl_stop=False
update=897 steps=1837056 env_sps=456.6 loss=-0.0044 val=11.5772 kl=0.00467 lr=2.01e-04 ent_coef=0.0067 std=0.997 act_ep=5 kl_stop=False
update=898 steps=1839104 env_sps=456.7 loss=-0.0039 val=12.2323 kl=0.00489 lr=2.01e-04 ent_coef=0.0067 std=0.997 act_ep=5 kl_stop=False
update=899 steps=1841152 env_sps=456.9 loss=-0.0035 val=15.2970 kl=0.00362 lr=2.01e-04 ent_coef=0.0067 std=0.997 act_ep=5 kl_stop=False
update=900 steps=1843200 env_sps=457.0 loss=-0.0030 val=19.2927 kl=0.00274 lr=2.00e-04 ent_coef=0.0067 std=0.998 act_ep=5 kl_stop=False
update=901 steps=1845248 env_sps=457.1 loss=-0.0051 val=20.0559 kl=0.00370 lr=2.00e-04 ent_coef=0.0067 std=0.997 act_ep=5 kl_stop=False
update=902 steps=1847296 env_sps=457.2 loss=-0.0044 val=15.6780 kl=0.00394 lr=2.00e-04 ent_coef=0.0067 std=0.996 act_ep=5 kl_stop=False
update=903 steps=1849344 env_sps=457.4 loss=-0.0046 val=33.2882 kl=0.00392 lr=2.00e-04 ent_coef=0.0067 std=0.997 act_ep=5 kl_stop=False
update=904 steps=1851392 env_sps=457.5 loss=-0.0037 val=14.4050 kl=0.00435 lr=2.00e-04 ent_coef=0.0067 std=0.996 act_ep=5 kl_stop=False
update=905 steps=1853440 env_sps=457.6 loss=-0.0023 val=25.6117 kl=0.00239 lr=2.00e-04 ent_coef=0.0067 std=0.996 act_ep=5 kl_stop=False
update=906 steps=1855488 env_sps=457.7 loss=-0.0036 val=48.0525 kl=0.00396 lr=2.00e-04 ent_coef=0.0067 std=0.997 act_ep=5 kl_stop=False
update=907 steps=1857536 env_sps=457.9 loss=-0.0040 val=13.3543 kl=0.00464 lr=2.00e-04 ent_coef=0.0067 std=0.997 act_ep=5 kl_stop=False
update=908 steps=1859584 env_sps=458.0 loss=-0.0040 val=32.1841 kl=0.00402 lr=2.00e-04 ent_coef=0.0067 std=0.997 act_ep=5 kl_stop=False
update=909 steps=1861632 env_sps=458.2 loss=-0.0034 val=18.6349 kl=0.00325 lr=1.99e-04 ent_coef=0.0066 std=0.998 act_ep=5 kl_stop=False
update=910 steps=1863680 env_sps=458.3 loss=-0.0036 val=70.0901 kl=0.00387 lr=1.99e-04 ent_coef=0.0066 std=0.997 act_ep=5 kl_stop=False
update=911 steps=1865728 env_sps=458.4 loss=-0.0020 val=17.3393 kl=0.00357 lr=1.99e-04 ent_coef=0.0066 std=0.998 act_ep=5 kl_stop=False
update=912 steps=1867776 env_sps=458.5 loss=-0.0026 val=36.7402 kl=0.00422 lr=1.99e-04 ent_coef=0.0066 std=0.998 act_ep=5 kl_stop=False
update=913 steps=1869824 env_sps=458.6 loss=-0.0028 val=18.6599 kl=0.00236 lr=1.99e-04 ent_coef=0.0066 std=0.997 act_ep=5 kl_stop=False
update=914 steps=1871872 env_sps=458.7 loss=-0.0026 val=17.6444 kl=0.00296 lr=1.99e-04 ent_coef=0.0066 std=0.998 act_ep=5 kl_stop=False
update=915 steps=1873920 env_sps=458.8 loss=-0.0035 val=18.9602 kl=0.00322 lr=1.99e-04 ent_coef=0.0066 std=0.998 act_ep=5 kl_stop=False
update=916 steps=1875968 env_sps=458.9 loss=-0.0030 val=31.4249 kl=0.00311 lr=1.99e-04 ent_coef=0.0066 std=0.996 act_ep=5 kl_stop=False
update=917 steps=1878016 env_sps=459.0 loss=-0.0060 val=10.7592 kl=0.00656 lr=1.99e-04 ent_coef=0.0066 std=0.997 act_ep=5 kl_stop=False
update=918 steps=1880064 env_sps=459.1 loss=-0.0028 val=25.7543 kl=0.00375 lr=1.98e-04 ent_coef=0.0066 std=0.997 act_ep=5 kl_stop=False
update=919 steps=1882112 env_sps=459.2 loss=-0.0038 val=14.6130 kl=0.00461 lr=1.98e-04 ent_coef=0.0066 std=0.999 act_ep=5 kl_stop=False
update=920 steps=1884160 env_sps=459.3 loss=-0.0022 val=14.6089 kl=0.00316 lr=1.98e-04 ent_coef=0.0066 std=0.999 act_ep=5 kl_stop=False
update=921 steps=1886208 env_sps=459.4 loss=-0.0039 val=17.2386 kl=0.00346 lr=1.98e-04 ent_coef=0.0066 std=0.998 act_ep=5 kl_stop=False
update=922 steps=1888256 env_sps=459.5 loss=-0.0043 val=59.6462 kl=0.00450 lr=1.98e-04 ent_coef=0.0066 std=0.999 act_ep=5 kl_stop=False
update=923 steps=1890304 env_sps=459.5 loss=-0.0041 val=26.7207 kl=0.00389 lr=1.98e-04 ent_coef=0.0066 std=1.000 act_ep=5 kl_stop=False
update=924 steps=1892352 env_sps=459.6 loss=-0.0039 val=17.3385 kl=0.00384 lr=1.98e-04 ent_coef=0.0066 std=0.999 act_ep=5 kl_stop=False
update=925 steps=1894400 env_sps=459.7 loss=-0.0015 val=25.3187 kl=0.00276 lr=1.98e-04 ent_coef=0.0066 std=0.997 act_ep=5 kl_stop=False
update=926 steps=1896448 env_sps=459.9 loss=-0.0052 val=9.2843 kl=0.00622 lr=1.98e-04 ent_coef=0.0066 std=0.998 act_ep=5 kl_stop=False
update=927 steps=1898496 env_sps=460.0 loss=-0.0044 val=32.0366 kl=0.00673 lr=1.97e-04 ent_coef=0.0066 std=0.998 act_ep=5 kl_stop=False
update=928 steps=1900544 env_sps=460.0 loss=-0.0037 val=34.7574 kl=0.00434 lr=1.97e-04 ent_coef=0.0066 std=0.999 act_ep=5 kl_stop=False
update=929 steps=1902592 env_sps=455.2 loss=-0.0033 val=16.0760 kl=0.00335 lr=1.97e-04 ent_coef=0.0066 std=1.000 act_ep=5 kl_stop=False
update=930 steps=1904640 env_sps=455.3 loss=-0.0028 val=52.4062 kl=0.00261 lr=1.97e-04 ent_coef=0.0066 std=1.000 act_ep=5 kl_stop=False
update=931 steps=1906688 env_sps=455.4 loss=-0.0039 val=27.2759 kl=0.00355 lr=1.97e-04 ent_coef=0.0066 std=1.000 act_ep=5 kl_stop=False
update=932 steps=1908736 env_sps=455.6 loss=-0.0049 val=24.3505 kl=0.00384 lr=1.97e-04 ent_coef=0.0066 std=1.000 act_ep=5 kl_stop=False
update=933 steps=1910784 env_sps=455.7 loss=-0.0019 val=25.8432 kl=0.00260 lr=1.97e-04 ent_coef=0.0066 std=1.000 act_ep=5 kl_stop=False
update=934 steps=1912832 env_sps=455.8 loss=-0.0046 val=23.4117 kl=0.00469 lr=1.97e-04 ent_coef=0.0066 std=1.000 act_ep=5 kl_stop=False
update=935 steps=1914880 env_sps=455.9 loss=-0.0030 val=19.3627 kl=0.00407 lr=1.97e-04 ent_coef=0.0066 std=1.000 act_ep=5 kl_stop=False
update=936 steps=1916928 env_sps=456.0 loss=-0.0035 val=34.7981 kl=0.00425 lr=1.96e-04 ent_coef=0.0065 std=0.999 act_ep=5 kl_stop=False
update=937 steps=1918976 env_sps=456.1 loss=-0.0031 val=24.0989 kl=0.00390 lr=1.96e-04 ent_coef=0.0065 std=0.999 act_ep=5 kl_stop=False
update=938 steps=1921024 env_sps=456.2 loss=-0.0031 val=25.5949 kl=0.00432 lr=1.96e-04 ent_coef=0.0065 std=0.998 act_ep=5 kl_stop=False
update=939 steps=1923072 env_sps=456.3 loss=-0.0026 val=33.4331 kl=0.00332 lr=1.96e-04 ent_coef=0.0065 std=0.998 act_ep=5 kl_stop=False
update=940 steps=1925120 env_sps=456.3 loss=-0.0033 val=13.8056 kl=0.00467 lr=1.96e-04 ent_coef=0.0065 std=0.997 act_ep=5 kl_stop=False
update=941 steps=1927168 env_sps=456.4 loss=-0.0039 val=18.1501 kl=0.00405 lr=1.96e-04 ent_coef=0.0065 std=0.997 act_ep=5 kl_stop=False
update=942 steps=1929216 env_sps=456.5 loss=-0.0033 val=16.4511 kl=0.00386 lr=1.96e-04 ent_coef=0.0065 std=0.997 act_ep=5 kl_stop=False
update=943 steps=1931264 env_sps=456.6 loss=-0.0022 val=21.6848 kl=0.00295 lr=1.96e-04 ent_coef=0.0065 std=0.996 act_ep=5 kl_stop=False
update=944 steps=1933312 env_sps=456.7 loss=-0.0032 val=23.6622 kl=0.00401 lr=1.96e-04 ent_coef=0.0065 std=0.996 act_ep=5 kl_stop=False
update=945 steps=1935360 env_sps=456.8 loss=-0.0055 val=16.3440 kl=0.00492 lr=1.95e-04 ent_coef=0.0065 std=0.997 act_ep=5 kl_stop=False
update=946 steps=1937408 env_sps=456.9 loss=-0.0026 val=7.9092 kl=0.00255 lr=1.95e-04 ent_coef=0.0065 std=0.996 act_ep=5 kl_stop=False
update=947 steps=1939456 env_sps=457.0 loss=-0.0054 val=19.5129 kl=0.00493 lr=1.95e-04 ent_coef=0.0065 std=0.996 act_ep=5 kl_stop=False
update=948 steps=1941504 env_sps=457.1 loss=-0.0031 val=36.2077 kl=0.00432 lr=1.95e-04 ent_coef=0.0065 std=0.996 act_ep=5 kl_stop=False
update=949 steps=1943552 env_sps=457.3 loss=-0.0042 val=34.9888 kl=0.00462 lr=1.95e-04 ent_coef=0.0065 std=0.996 act_ep=5 kl_stop=False
update=950 steps=1945600 env_sps=457.4 loss=-0.0029 val=31.1421 kl=0.00415 lr=1.95e-04 ent_coef=0.0065 std=0.996 act_ep=5 kl_stop=False
update=951 steps=1947648 env_sps=457.5 loss=-0.0040 val=10.8420 kl=0.00304 lr=1.95e-04 ent_coef=0.0065 std=0.996 act_ep=5 kl_stop=False
update=952 steps=1949696 env_sps=457.5 loss=-0.0039 val=15.6751 kl=0.00461 lr=1.95e-04 ent_coef=0.0065 std=0.996 act_ep=5 kl_stop=False
update=953 steps=1951744 env_sps=457.6 loss=-0.0044 val=9.3736 kl=0.00470 lr=1.95e-04 ent_coef=0.0065 std=0.996 act_ep=5 kl_stop=False
update=954 steps=1953792 env_sps=457.7 loss=-0.0047 val=13.3342 kl=0.00521 lr=1.94e-04 ent_coef=0.0065 std=0.996 act_ep=5 kl_stop=False
update=955 steps=1955840 env_sps=457.8 loss=-0.0039 val=23.9672 kl=0.00470 lr=1.94e-04 ent_coef=0.0065 std=0.998 act_ep=5 kl_stop=False
update=956 steps=1957888 env_sps=457.8 loss=-0.0030 val=22.7461 kl=0.00508 lr=1.94e-04 ent_coef=0.0065 std=0.999 act_ep=5 kl_stop=False
update=957 steps=1959936 env_sps=457.9 loss=-0.0026 val=15.8417 kl=0.00435 lr=1.94e-04 ent_coef=0.0065 std=1.000 act_ep=5 kl_stop=False
update=958 steps=1961984 env_sps=458.1 loss=-0.0041 val=29.9375 kl=0.00508 lr=1.94e-04 ent_coef=0.0065 std=1.000 act_ep=5 kl_stop=False
update=959 steps=1964032 env_sps=458.2 loss=-0.0029 val=20.3762 kl=0.00268 lr=1.94e-04 ent_coef=0.0065 std=1.000 act_ep=5 kl_stop=False
update=960 steps=1966080 env_sps=458.2 loss=-0.0034 val=17.0784 kl=0.00394 lr=1.94e-04 ent_coef=0.0065 std=0.999 act_ep=5 kl_stop=False
update=961 steps=1968128 env_sps=458.3 loss=-0.0064 val=17.1780 kl=0.00624 lr=1.94e-04 ent_coef=0.0065 std=0.999 act_ep=5 kl_stop=False
update=962 steps=1970176 env_sps=458.4 loss=-0.0048 val=8.8368 kl=0.00480 lr=1.94e-04 ent_coef=0.0065 std=1.000 act_ep=5 kl_stop=False
update=963 steps=1972224 env_sps=458.5 loss=-0.0035 val=22.7103 kl=0.00620 lr=1.93e-04 ent_coef=0.0064 std=1.000 act_ep=5 kl_stop=False
update=964 steps=1974272 env_sps=458.6 loss=-0.0023 val=8.1360 kl=0.00319 lr=1.93e-04 ent_coef=0.0064 std=1.000 act_ep=5 kl_stop=False
update=965 steps=1976320 env_sps=458.7 loss=-0.0048 val=40.7882 kl=0.00437 lr=1.93e-04 ent_coef=0.0064 std=1.000 act_ep=5 kl_stop=False
update=966 steps=1978368 env_sps=458.8 loss=-0.0047 val=8.1367 kl=0.00515 lr=1.93e-04 ent_coef=0.0064 std=1.000 act_ep=5 kl_stop=False
update=967 steps=1980416 env_sps=458.9 loss=-0.0039 val=10.6187 kl=0.00423 lr=1.93e-04 ent_coef=0.0064 std=0.999 act_ep=5 kl_stop=False
update=968 steps=1982464 env_sps=459.0 loss=-0.0047 val=14.1033 kl=0.00424 lr=1.93e-04 ent_coef=0.0064 std=0.999 act_ep=5 kl_stop=False
update=969 steps=1984512 env_sps=459.0 loss=-0.0040 val=11.9388 kl=0.00611 lr=1.93e-04 ent_coef=0.0064 std=1.000 act_ep=5 kl_stop=False
update=970 steps=1986560 env_sps=459.1 loss=-0.0039 val=16.6595 kl=0.00709 lr=1.93e-04 ent_coef=0.0064 std=1.000 act_ep=5 kl_stop=False
update=971 steps=1988608 env_sps=459.2 loss=-0.0018 val=10.8573 kl=0.00265 lr=1.93e-04 ent_coef=0.0064 std=1.000 act_ep=5 kl_stop=False
update=972 steps=1990656 env_sps=459.2 loss=-0.0047 val=19.1582 kl=0.00585 lr=1.93e-04 ent_coef=0.0064 std=1.000 act_ep=5 kl_stop=False
update=973 steps=1992704 env_sps=459.3 loss=-0.0032 val=18.4724 kl=0.00366 lr=1.92e-04 ent_coef=0.0064 std=1.000 act_ep=5 kl_stop=False
update=974 steps=1994752 env_sps=459.4 loss=-0.0045 val=15.1828 kl=0.00565 lr=1.92e-04 ent_coef=0.0064 std=0.999 act_ep=5 kl_stop=False
update=975 steps=1996800 env_sps=459.6 loss=-0.0043 val=26.9795 kl=0.00387 lr=1.92e-04 ent_coef=0.0064 std=1.000 act_ep=5 kl_stop=False
update=976 steps=1998848 env_sps=459.7 loss=-0.0048 val=17.7313 kl=0.00419 lr=1.92e-04 ent_coef=0.0064 std=1.000 act_ep=5 kl_stop=False
update=977 steps=2000896 env_sps=459.8 loss=-0.0047 val=21.2358 kl=0.00483 lr=1.92e-04 ent_coef=0.0064 std=0.999 act_ep=5 kl_stop=False
update=978 steps=2002944 env_sps=454.1 loss=-0.0018 val=13.0543 kl=0.00234 lr=1.92e-04 ent_coef=0.0064 std=0.999 act_ep=5 kl_stop=False
update=979 steps=2004992 env_sps=454.2 loss=-0.0026 val=43.0007 kl=0.00398 lr=1.92e-04 ent_coef=0.0064 std=0.999 act_ep=5 kl_stop=False
update=980 steps=2007040 env_sps=454.3 loss=-0.0034 val=25.8460 kl=0.00430 lr=1.92e-04 ent_coef=0.0064 std=0.999 act_ep=5 kl_stop=False
update=981 steps=2009088 env_sps=454.4 loss=-0.0034 val=24.3128 kl=0.00338 lr=1.92e-04 ent_coef=0.0064 std=0.998 act_ep=5 kl_stop=False
update=982 steps=2011136 env_sps=454.5 loss=-0.0064 val=14.9614 kl=0.00459 lr=1.91e-04 ent_coef=0.0064 std=1.000 act_ep=5 kl_stop=False
update=983 steps=2013184 env_sps=454.6 loss=-0.0028 val=19.8940 kl=0.00293 lr=1.91e-04 ent_coef=0.0064 std=0.999 act_ep=5 kl_stop=False
update=984 steps=2015232 env_sps=454.7 loss=-0.0004 val=44.3297 kl=0.00587 lr=1.91e-04 ent_coef=0.0064 std=0.999 act_ep=2 kl_stop=True
update=985 steps=2017280 env_sps=454.7 loss=-0.0015 val=9.5393 kl=0.00329 lr=1.91e-04 ent_coef=0.0064 std=0.998 act_ep=5 kl_stop=False
update=986 steps=2019328 env_sps=454.9 loss=-0.0036 val=19.8293 kl=0.00607 lr=1.91e-04 ent_coef=0.0064 std=0.997 act_ep=5 kl_stop=False
update=987 steps=2021376 env_sps=455.0 loss=-0.0056 val=9.4422 kl=0.00436 lr=1.91e-04 ent_coef=0.0064 std=0.997 act_ep=5 kl_stop=False
update=988 steps=2023424 env_sps=455.0 loss=-0.0048 val=5.2264 kl=0.00582 lr=1.91e-04 ent_coef=0.0064 std=0.999 act_ep=5 kl_stop=False
update=989 steps=2025472 env_sps=455.1 loss=-0.0022 val=39.2168 kl=0.00286 lr=1.91e-04 ent_coef=0.0064 std=0.999 act_ep=5 kl_stop=False
update=990 steps=2027520 env_sps=455.3 loss=-0.0065 val=50.1302 kl=0.00575 lr=1.91e-04 ent_coef=0.0064 std=0.999 act_ep=5 kl_stop=False
update=991 steps=2029568 env_sps=455.4 loss=-0.0023 val=24.0363 kl=0.00355 lr=1.90e-04 ent_coef=0.0063 std=0.999 act_ep=5 kl_stop=False
update=992 steps=2031616 env_sps=455.4 loss=-0.0034 val=27.8194 kl=0.00373 lr=1.90e-04 ent_coef=0.0063 std=0.999 act_ep=5 kl_stop=False
update=993 steps=2033664 env_sps=455.6 loss=-0.0049 val=26.1353 kl=0.00557 lr=1.90e-04 ent_coef=0.0063 std=0.998 act_ep=5 kl_stop=False
update=994 steps=2035712 env_sps=455.7 loss=-0.0039 val=7.6467 kl=0.00376 lr=1.90e-04 ent_coef=0.0063 std=0.998 act_ep=5 kl_stop=False
update=995 steps=2037760 env_sps=455.8 loss=-0.0020 val=15.5399 kl=0.00341 lr=1.90e-04 ent_coef=0.0063 std=0.999 act_ep=5 kl_stop=False
update=996 steps=2039808 env_sps=455.9 loss=-0.0025 val=23.1705 kl=0.00325 lr=1.90e-04 ent_coef=0.0063 std=1.000 act_ep=5 kl_stop=False
update=997 steps=2041856 env_sps=456.0 loss=-0.0054 val=3.5758 kl=0.00558 lr=1.90e-04 ent_coef=0.0063 std=1.000 act_ep=5 kl_stop=False
update=998 steps=2043904 env_sps=456.0 loss=-0.0026 val=16.8116 kl=0.00369 lr=1.90e-04 ent_coef=0.0063 std=1.000 act_ep=5 kl_stop=False
update=999 steps=2045952 env_sps=456.2 loss=-0.0054 val=21.9894 kl=0.00582 lr=1.90e-04 ent_coef=0.0063 std=1.000 act_ep=5 kl_stop=False
update=1000 steps=2048000 env_sps=456.3 loss=-0.0045 val=11.1778 kl=0.00350 lr=1.89e-04 ent_coef=0.0063 std=1.000 act_ep=5 kl_stop=False
update=1001 steps=2050048 env_sps=456.4 loss=-0.0038 val=16.8904 kl=0.00416 lr=1.89e-04 ent_coef=0.0063 std=0.999 act_ep=5 kl_stop=False
update=1002 steps=2052096 env_sps=456.5 loss=-0.0051 val=11.8819 kl=0.00627 lr=1.89e-04 ent_coef=0.0063 std=1.000 act_ep=5 kl_stop=False
update=1003 steps=2054144 env_sps=456.5 loss=-0.0059 val=9.2874 kl=0.00434 lr=1.89e-04 ent_coef=0.0063 std=1.000 act_ep=5 kl_stop=False
update=1004 steps=2056192 env_sps=456.6 loss=-0.0044 val=20.7173 kl=0.00476 lr=1.89e-04 ent_coef=0.0063 std=1.000 act_ep=5 kl_stop=False
update=1005 steps=2058240 env_sps=456.7 loss=-0.0030 val=23.1318 kl=0.00530 lr=1.89e-04 ent_coef=0.0063 std=1.000 act_ep=5 kl_stop=False
update=1006 steps=2060288 env_sps=456.8 loss=-0.0023 val=3.0265 kl=0.00419 lr=1.89e-04 ent_coef=0.0063 std=0.999 act_ep=5 kl_stop=False
update=1007 steps=2062336 env_sps=456.8 loss=-0.0032 val=12.3181 kl=0.00486 lr=1.89e-04 ent_coef=0.0063 std=1.000 act_ep=5 kl_stop=False
update=1008 steps=2064384 env_sps=456.9 loss=-0.0046 val=10.9087 kl=0.00486 lr=1.89e-04 ent_coef=0.0063 std=1.000 act_ep=5 kl_stop=False
update=1009 steps=2066432 env_sps=457.0 loss=-0.0260 val=16.9108 kl=0.03716 lr=1.88e-04 ent_coef=0.0063 std=1.000 act_ep=1 kl_stop=True
update=1010 steps=2068480 env_sps=457.1 loss=-0.0034 val=19.6816 kl=0.00426 lr=1.88e-04 ent_coef=0.0063 std=0.998 act_ep=5 kl_stop=False
update=1011 steps=2070528 env_sps=457.2 loss=-0.0067 val=14.1205 kl=0.00776 lr=1.88e-04 ent_coef=0.0063 std=0.999 act_ep=5 kl_stop=False
update=1012 steps=2072576 env_sps=457.3 loss=-0.0061 val=12.4749 kl=0.00575 lr=1.88e-04 ent_coef=0.0063 std=0.999 act_ep=5 kl_stop=False
update=1013 steps=2074624 env_sps=457.3 loss=-0.0030 val=9.7171 kl=0.00498 lr=1.88e-04 ent_coef=0.0063 std=0.998 act_ep=5 kl_stop=False
update=1014 steps=2076672 env_sps=457.4 loss=-0.0037 val=10.1844 kl=0.00396 lr=1.88e-04 ent_coef=0.0063 std=0.998 act_ep=5 kl_stop=False
update=1015 steps=2078720 env_sps=457.5 loss=-0.0028 val=7.5970 kl=0.00434 lr=1.88e-04 ent_coef=0.0063 std=1.000 act_ep=5 kl_stop=False
update=1016 steps=2080768 env_sps=457.6 loss=-0.0041 val=16.3319 kl=0.00364 lr=1.88e-04 ent_coef=0.0063 std=0.999 act_ep=5 kl_stop=False
update=1017 steps=2082816 env_sps=457.6 loss=-0.0047 val=6.7173 kl=0.00499 lr=1.88e-04 ent_coef=0.0063 std=1.000 act_ep=5 kl_stop=False
update=1018 steps=2084864 env_sps=457.7 loss=-0.0033 val=27.8811 kl=0.00429 lr=1.87e-04 ent_coef=0.0062 std=0.999 act_ep=5 kl_stop=False
update=1019 steps=2086912 env_sps=457.8 loss=-0.0047 val=9.4217 kl=0.00497 lr=1.87e-04 ent_coef=0.0062 std=0.999 act_ep=5 kl_stop=False
update=1020 steps=2088960 env_sps=457.9 loss=-0.0021 val=2.8800 kl=0.00442 lr=1.87e-04 ent_coef=0.0062 std=1.000 act_ep=5 kl_stop=False
update=1021 steps=2091008 env_sps=457.9 loss=-0.0030 val=9.0953 kl=0.00316 lr=1.87e-04 ent_coef=0.0062 std=0.999 act_ep=5 kl_stop=False
update=1022 steps=2093056 env_sps=458.0 loss=-0.0047 val=9.0034 kl=0.00560 lr=1.87e-04 ent_coef=0.0062 std=0.999 act_ep=5 kl_stop=False
update=1023 steps=2095104 env_sps=458.1 loss=-0.0034 val=12.4726 kl=0.00502 lr=1.87e-04 ent_coef=0.0062 std=0.999 act_ep=5 kl_stop=False
update=1024 steps=2097152 env_sps=458.1 loss=-0.0035 val=14.0791 kl=0.00304 lr=1.87e-04 ent_coef=0.0062 std=0.999 act_ep=5 kl_stop=False
update=1025 steps=2099200 env_sps=458.2 loss=0.0025 val=13.7418 kl=0.00580 lr=1.87e-04 ent_coef=0.0062 std=0.999 act_ep=3 kl_stop=True
update=1026 steps=2101248 env_sps=458.3 loss=-0.0031 val=14.7102 kl=0.00377 lr=1.87e-04 ent_coef=0.0062 std=0.999 act_ep=5 kl_stop=False
update=1027 steps=2103296 env_sps=452.6 loss=-0.0034 val=13.0334 kl=0.00306 lr=1.86e-04 ent_coef=0.0062 std=0.998 act_ep=5 kl_stop=False
update=1028 steps=2105344 env_sps=452.7 loss=-0.0035 val=4.7730 kl=0.00312 lr=1.86e-04 ent_coef=0.0062 std=0.998 act_ep=5 kl_stop=False
update=1029 steps=2107392 env_sps=452.7 loss=-0.0020 val=10.6812 kl=0.00311 lr=1.86e-04 ent_coef=0.0062 std=0.999 act_ep=5 kl_stop=False
update=1030 steps=2109440 env_sps=452.8 loss=-0.0048 val=24.6100 kl=0.00420 lr=1.86e-04 ent_coef=0.0062 std=1.000 act_ep=5 kl_stop=False
update=1031 steps=2111488 env_sps=452.9 loss=-0.0012 val=16.2461 kl=0.00248 lr=1.86e-04 ent_coef=0.0062 std=0.999 act_ep=5 kl_stop=False
update=1032 steps=2113536 env_sps=453.0 loss=-0.0006 val=3.3282 kl=0.00223 lr=1.86e-04 ent_coef=0.0062 std=0.998 act_ep=5 kl_stop=False
update=1033 steps=2115584 env_sps=453.0 loss=-0.0048 val=13.7161 kl=0.00702 lr=1.86e-04 ent_coef=0.0062 std=0.997 act_ep=3 kl_stop=True
update=1034 steps=2117632 env_sps=453.1 loss=-0.0043 val=5.5723 kl=0.00624 lr=1.86e-04 ent_coef=0.0062 std=0.997 act_ep=5 kl_stop=False
update=1035 steps=2119680 env_sps=453.2 loss=-0.0036 val=5.9753 kl=0.00490 lr=1.86e-04 ent_coef=0.0062 std=0.998 act_ep=5 kl_stop=False
update=1036 steps=2121728 env_sps=453.3 loss=-0.0038 val=5.9046 kl=0.00432 lr=1.85e-04 ent_coef=0.0062 std=0.999 act_ep=5 kl_stop=False
update=1037 steps=2123776 env_sps=453.3 loss=-0.0033 val=8.7814 kl=0.00440 lr=1.85e-04 ent_coef=0.0062 std=0.999 act_ep=5 kl_stop=False
update=1038 steps=2125824 env_sps=453.4 loss=-0.0040 val=4.7127 kl=0.00429 lr=1.85e-04 ent_coef=0.0062 std=0.998 act_ep=5 kl_stop=False
update=1039 steps=2127872 env_sps=453.5 loss=-0.0027 val=4.2388 kl=0.00411 lr=1.85e-04 ent_coef=0.0062 std=0.998 act_ep=5 kl_stop=False
update=1040 steps=2129920 env_sps=453.6 loss=-0.0027 val=10.3529 kl=0.00372 lr=1.85e-04 ent_coef=0.0062 std=0.998 act_ep=5 kl_stop=False
update=1041 steps=2131968 env_sps=453.7 loss=-0.0043 val=33.5901 kl=0.00479 lr=1.85e-04 ent_coef=0.0062 std=0.997 act_ep=5 kl_stop=False
update=1042 steps=2134016 env_sps=453.8 loss=-0.0049 val=12.7388 kl=0.00476 lr=1.85e-04 ent_coef=0.0062 std=0.996 act_ep=5 kl_stop=False
update=1043 steps=2136064 env_sps=453.8 loss=-0.0041 val=12.3141 kl=0.00492 lr=1.85e-04 ent_coef=0.0062 std=0.998 act_ep=5 kl_stop=False
update=1044 steps=2138112 env_sps=453.9 loss=-0.0044 val=6.4364 kl=0.00527 lr=1.85e-04 ent_coef=0.0062 std=0.999 act_ep=5 kl_stop=False
update=1045 steps=2140160 env_sps=454.0 loss=-0.0055 val=6.4476 kl=0.00341 lr=1.84e-04 ent_coef=0.0061 std=1.000 act_ep=5 kl_stop=False
update=1046 steps=2142208 env_sps=454.1 loss=-0.0033 val=13.2571 kl=0.00456 lr=1.84e-04 ent_coef=0.0061 std=1.000 act_ep=5 kl_stop=False
update=1047 steps=2144256 env_sps=454.1 loss=-0.0038 val=10.6185 kl=0.00469 lr=1.84e-04 ent_coef=0.0061 std=0.999 act_ep=5 kl_stop=False
update=1048 steps=2146304 env_sps=454.2 loss=-0.0038 val=8.7168 kl=0.00447 lr=1.84e-04 ent_coef=0.0061 std=1.000 act_ep=5 kl_stop=False
update=1049 steps=2148352 env_sps=454.3 loss=-0.0028 val=4.6129 kl=0.00320 lr=1.84e-04 ent_coef=0.0061 std=1.000 act_ep=5 kl_stop=False
update=1050 steps=2150400 env_sps=454.3 loss=-0.0031 val=11.4667 kl=0.00294 lr=1.84e-04 ent_coef=0.0061 std=0.999 act_ep=5 kl_stop=False
update=1051 steps=2152448 env_sps=454.4 loss=-0.0052 val=16.1248 kl=0.00522 lr=1.84e-04 ent_coef=0.0061 std=0.999 act_ep=5 kl_stop=False
update=1052 steps=2154496 env_sps=454.5 loss=-0.0027 val=12.6912 kl=0.00372 lr=1.84e-04 ent_coef=0.0061 std=0.999 act_ep=5 kl_stop=False
update=1053 steps=2156544 env_sps=454.6 loss=-0.0043 val=11.1028 kl=0.00403 lr=1.84e-04 ent_coef=0.0061 std=0.999 act_ep=5 kl_stop=False
update=1054 steps=2158592 env_sps=454.7 loss=-0.0018 val=10.0420 kl=0.00337 lr=1.83e-04 ent_coef=0.0061 std=1.000 act_ep=5 kl_stop=False
update=1055 steps=2160640 env_sps=454.8 loss=-0.0040 val=15.6925 kl=0.00359 lr=1.83e-04 ent_coef=0.0061 std=1.000 act_ep=5 kl_stop=False
update=1056 steps=2162688 env_sps=454.9 loss=-0.0044 val=19.1306 kl=0.00458 lr=1.83e-04 ent_coef=0.0061 std=1.000 act_ep=5 kl_stop=False
update=1057 steps=2164736 env_sps=455.0 loss=-0.0023 val=23.0550 kl=0.00287 lr=1.83e-04 ent_coef=0.0061 std=1.000 act_ep=5 kl_stop=False
update=1058 steps=2166784 env_sps=455.1 loss=-0.0037 val=21.4444 kl=0.00372 lr=1.83e-04 ent_coef=0.0061 std=1.000 act_ep=5 kl_stop=False
update=1059 steps=2168832 env_sps=455.2 loss=-0.0044 val=8.2792 kl=0.00482 lr=1.83e-04 ent_coef=0.0061 std=1.000 act_ep=5 kl_stop=False
update=1060 steps=2170880 env_sps=455.3 loss=-0.0050 val=20.7175 kl=0.00438 lr=1.83e-04 ent_coef=0.0061 std=1.000 act_ep=5 kl_stop=False
update=1061 steps=2172928 env_sps=455.4 loss=-0.0036 val=11.5055 kl=0.00568 lr=1.83e-04 ent_coef=0.0061 std=1.000 act_ep=5 kl_stop=False
update=1062 steps=2174976 env_sps=455.5 loss=-0.0034 val=6.3824 kl=0.00484 lr=1.83e-04 ent_coef=0.0061 std=1.000 act_ep=5 kl_stop=False
update=1063 steps=2177024 env_sps=455.5 loss=-0.0022 val=11.5735 kl=0.00391 lr=1.82e-04 ent_coef=0.0061 std=1.000 act_ep=5 kl_stop=False
update=1064 steps=2179072 env_sps=455.6 loss=-0.0033 val=6.7488 kl=0.00449 lr=1.82e-04 ent_coef=0.0061 std=0.999 act_ep=5 kl_stop=False
update=1065 steps=2181120 env_sps=455.7 loss=-0.0029 val=26.0089 kl=0.00434 lr=1.82e-04 ent_coef=0.0061 std=1.000 act_ep=5 kl_stop=False
update=1066 steps=2183168 env_sps=455.8 loss=-0.0029 val=32.5520 kl=0.00312 lr=1.82e-04 ent_coef=0.0061 std=1.000 act_ep=5 kl_stop=False
update=1067 steps=2185216 env_sps=456.0 loss=-0.0036 val=6.6881 kl=0.00416 lr=1.82e-04 ent_coef=0.0061 std=1.000 act_ep=5 kl_stop=False
update=1068 steps=2187264 env_sps=456.1 loss=-0.0035 val=20.1239 kl=0.00383 lr=1.82e-04 ent_coef=0.0061 std=0.999 act_ep=5 kl_stop=False
update=1069 steps=2189312 env_sps=456.2 loss=-0.0053 val=8.0683 kl=0.00691 lr=1.82e-04 ent_coef=0.0061 std=0.998 act_ep=5 kl_stop=False
update=1070 steps=2191360 env_sps=456.2 loss=-0.0036 val=3.1333 kl=0.00467 lr=1.82e-04 ent_coef=0.0061 std=0.999 act_ep=5 kl_stop=False
update=1071 steps=2193408 env_sps=456.3 loss=-0.0026 val=10.3170 kl=0.00329 lr=1.82e-04 ent_coef=0.0061 std=0.999 act_ep=5 kl_stop=False
update=1072 steps=2195456 env_sps=456.4 loss=-0.0035 val=21.7422 kl=0.00378 lr=1.81e-04 ent_coef=0.0060 std=0.999 act_ep=5 kl_stop=False
update=1073 steps=2197504 env_sps=456.5 loss=-0.0021 val=16.4020 kl=0.00393 lr=1.81e-04 ent_coef=0.0060 std=0.999 act_ep=5 kl_stop=False
update=1074 steps=2199552 env_sps=456.6 loss=-0.0031 val=16.4915 kl=0.00416 lr=1.81e-04 ent_coef=0.0060 std=0.999 act_ep=5 kl_stop=False
update=1075 steps=2201600 env_sps=456.6 loss=-0.0031 val=4.5814 kl=0.00448 lr=1.81e-04 ent_coef=0.0060 std=0.999 act_ep=5 kl_stop=False
update=1076 steps=2203648 env_sps=451.5 loss=-0.0038 val=6.7735 kl=0.00252 lr=1.81e-04 ent_coef=0.0060 std=0.999 act_ep=5 kl_stop=False
update=1077 steps=2205696 env_sps=451.6 loss=-0.0027 val=14.1755 kl=0.00466 lr=1.81e-04 ent_coef=0.0060 std=0.999 act_ep=5 kl_stop=False
update=1078 steps=2207744 env_sps=451.6 loss=-0.0035 val=7.3950 kl=0.00374 lr=1.81e-04 ent_coef=0.0060 std=1.000 act_ep=5 kl_stop=False
update=1079 steps=2209792 env_sps=451.7 loss=-0.0044 val=9.7566 kl=0.00411 lr=1.81e-04 ent_coef=0.0060 std=1.000 act_ep=5 kl_stop=False
update=1080 steps=2211840 env_sps=451.8 loss=-0.0038 val=6.6577 kl=0.00281 lr=1.81e-04 ent_coef=0.0060 std=0.999 act_ep=5 kl_stop=False
update=1081 steps=2213888 env_sps=451.8 loss=-0.0043 val=9.6376 kl=0.00497 lr=1.80e-04 ent_coef=0.0060 std=0.999 act_ep=5 kl_stop=False
update=1082 steps=2215936 env_sps=451.9 loss=-0.0030 val=33.0004 kl=0.00316 lr=1.80e-04 ent_coef=0.0060 std=1.000 act_ep=5 kl_stop=False
update=1083 steps=2217984 env_sps=452.0 loss=-0.0040 val=3.5040 kl=0.00390 lr=1.80e-04 ent_coef=0.0060 std=1.000 act_ep=5 kl_stop=False
update=1084 steps=2220032 env_sps=452.1 loss=-0.0048 val=14.2552 kl=0.00382 lr=1.80e-04 ent_coef=0.0060 std=1.000 act_ep=5 kl_stop=False
update=1085 steps=2222080 env_sps=452.2 loss=-0.0027 val=6.8873 kl=0.00447 lr=1.80e-04 ent_coef=0.0060 std=1.000 act_ep=5 kl_stop=False
update=1086 steps=2224128 env_sps=452.3 loss=-0.0039 val=24.6407 kl=0.00392 lr=1.80e-04 ent_coef=0.0060 std=0.999 act_ep=5 kl_stop=False
update=1087 steps=2226176 env_sps=452.4 loss=-0.0041 val=18.7822 kl=0.00759 lr=1.80e-04 ent_coef=0.0060 std=0.998 act_ep=5 kl_stop=False
update=1088 steps=2228224 env_sps=452.5 loss=-0.0022 val=23.1916 kl=0.00244 lr=1.80e-04 ent_coef=0.0060 std=0.998 act_ep=5 kl_stop=False
update=1089 steps=2230272 env_sps=452.6 loss=-0.0030 val=13.2726 kl=0.00380 lr=1.80e-04 ent_coef=0.0060 std=0.998 act_ep=5 kl_stop=False
update=1090 steps=2232320 env_sps=452.6 loss=-0.0019 val=6.1445 kl=0.00351 lr=1.79e-04 ent_coef=0.0060 std=0.998 act_ep=5 kl_stop=False
update=1091 steps=2234368 env_sps=452.7 loss=-0.0031 val=17.8241 kl=0.00305 lr=1.79e-04 ent_coef=0.0060 std=0.999 act_ep=5 kl_stop=False
update=1092 steps=2236416 env_sps=452.8 loss=-0.0046 val=2.7591 kl=0.00443 lr=1.79e-04 ent_coef=0.0060 std=0.999 act_ep=5 kl_stop=False
update=1093 steps=2238464 env_sps=452.8 loss=-0.0040 val=14.0586 kl=0.00427 lr=1.79e-04 ent_coef=0.0060 std=0.999 act_ep=5 kl_stop=False
update=1094 steps=2240512 env_sps=452.9 loss=-0.0028 val=4.1862 kl=0.00523 lr=1.79e-04 ent_coef=0.0060 std=0.999 act_ep=5 kl_stop=False
update=1095 steps=2242560 env_sps=453.0 loss=-0.0010 val=3.0840 kl=0.00822 lr=1.79e-04 ent_coef=0.0060 std=1.000 act_ep=3 kl_stop=True
update=1096 steps=2244608 env_sps=453.1 loss=-0.0024 val=3.6699 kl=0.00509 lr=1.79e-04 ent_coef=0.0060 std=1.000 act_ep=5 kl_stop=False
update=1097 steps=2246656 env_sps=453.1 loss=-0.0031 val=11.6905 kl=0.00388 lr=1.79e-04 ent_coef=0.0060 std=1.000 act_ep=5 kl_stop=False
update=1098 steps=2248704 env_sps=453.2 loss=-0.0037 val=9.5011 kl=0.00393 lr=1.79e-04 ent_coef=0.0060 std=1.000 act_ep=5 kl_stop=False
update=1099 steps=2250752 env_sps=453.3 loss=-0.0030 val=7.3942 kl=0.00346 lr=1.78e-04 ent_coef=0.0059 std=1.000 act_ep=5 kl_stop=False
update=1100 steps=2252800 env_sps=453.3 loss=-0.0021 val=14.1218 kl=0.00344 lr=1.78e-04 ent_coef=0.0059 std=1.000 act_ep=5 kl_stop=False
update=1101 steps=2254848 env_sps=453.4 loss=-0.0010 val=6.0255 kl=0.00193 lr=1.78e-04 ent_coef=0.0059 std=0.999 act_ep=5 kl_stop=False
update=1102 steps=2256896 env_sps=453.5 loss=-0.0040 val=23.2708 kl=0.00442 lr=1.78e-04 ent_coef=0.0059 std=1.000 act_ep=5 kl_stop=False
update=1103 steps=2258944 env_sps=453.6 loss=-0.0027 val=1.1490 kl=0.00285 lr=1.78e-04 ent_coef=0.0059 std=1.000 act_ep=5 kl_stop=False
update=1104 steps=2260992 env_sps=453.7 loss=-0.0017 val=11.5299 kl=0.00211 lr=1.78e-04 ent_coef=0.0059 std=1.000 act_ep=5 kl_stop=False
update=1105 steps=2263040 env_sps=453.7 loss=-0.0033 val=24.0524 kl=0.00279 lr=1.78e-04 ent_coef=0.0059 std=1.000 act_ep=5 kl_stop=False
update=1106 steps=2265088 env_sps=453.8 loss=-0.0036 val=5.2957 kl=0.00466 lr=1.78e-04 ent_coef=0.0059 std=1.000 act_ep=5 kl_stop=False
update=1107 steps=2267136 env_sps=453.9 loss=-0.0026 val=21.9343 kl=0.00342 lr=1.78e-04 ent_coef=0.0059 std=1.000 act_ep=5 kl_stop=False
update=1108 steps=2269184 env_sps=454.0 loss=-0.0054 val=2.9141 kl=0.00495 lr=1.77e-04 ent_coef=0.0059 std=1.000 act_ep=5 kl_stop=False
update=1109 steps=2271232 env_sps=454.1 loss=-0.0032 val=8.4085 kl=0.00376 lr=1.77e-04 ent_coef=0.0059 std=1.000 act_ep=5 kl_stop=False
update=1110 steps=2273280 env_sps=454.2 loss=-0.0027 val=9.6749 kl=0.00403 lr=1.77e-04 ent_coef=0.0059 std=0.999 act_ep=5 kl_stop=False
update=1111 steps=2275328 env_sps=454.2 loss=-0.0032 val=7.5516 kl=0.00422 lr=1.77e-04 ent_coef=0.0059 std=0.999 act_ep=5 kl_stop=False
update=1112 steps=2277376 env_sps=454.3 loss=-0.0033 val=9.0369 kl=0.00354 lr=1.77e-04 ent_coef=0.0059 std=0.999 act_ep=5 kl_stop=False
update=1113 steps=2279424 env_sps=454.4 loss=-0.0026 val=8.3163 kl=0.00364 lr=1.77e-04 ent_coef=0.0059 std=0.999 act_ep=5 kl_stop=False
update=1114 steps=2281472 env_sps=454.5 loss=-0.0026 val=13.3167 kl=0.00204 lr=1.77e-04 ent_coef=0.0059 std=0.999 act_ep=5 kl_stop=False
update=1115 steps=2283520 env_sps=454.5 loss=-0.0033 val=3.8735 kl=0.00457 lr=1.77e-04 ent_coef=0.0059 std=0.999 act_ep=5 kl_stop=False
update=1116 steps=2285568 env_sps=454.6 loss=-0.0012 val=6.1973 kl=0.00200 lr=1.77e-04 ent_coef=0.0059 std=0.999 act_ep=5 kl_stop=False
update=1117 steps=2287616 env_sps=454.7 loss=-0.0041 val=4.3985 kl=0.00428 lr=1.76e-04 ent_coef=0.0059 std=1.000 act_ep=5 kl_stop=False
update=1118 steps=2289664 env_sps=454.7 loss=-0.0047 val=15.9391 kl=0.00375 lr=1.76e-04 ent_coef=0.0059 std=0.999 act_ep=5 kl_stop=False
update=1119 steps=2291712 env_sps=454.8 loss=-0.0034 val=21.9445 kl=0.00284 lr=1.76e-04 ent_coef=0.0059 std=0.998 act_ep=5 kl_stop=False
update=1120 steps=2293760 env_sps=454.9 loss=-0.0033 val=15.5585 kl=0.00298 lr=1.76e-04 ent_coef=0.0059 std=0.998 act_ep=5 kl_stop=False
update=1121 steps=2295808 env_sps=455.0 loss=-0.0024 val=12.3307 kl=0.00312 lr=1.76e-04 ent_coef=0.0059 std=0.999 act_ep=5 kl_stop=False
update=1122 steps=2297856 env_sps=455.1 loss=-0.0032 val=4.8395 kl=0.00344 lr=1.76e-04 ent_coef=0.0059 std=1.000 act_ep=5 kl_stop=False
update=1123 steps=2299904 env_sps=455.1 loss=-0.0041 val=12.3095 kl=0.00392 lr=1.76e-04 ent_coef=0.0059 std=1.000 act_ep=5 kl_stop=False
update=1124 steps=2301952 env_sps=455.2 loss=-0.0032 val=12.2888 kl=0.00325 lr=1.76e-04 ent_coef=0.0059 std=1.000 act_ep=5 kl_stop=False
update=1125 steps=2304000 env_sps=450.3 loss=-0.0030 val=25.6618 kl=0.00292 lr=1.76e-04 ent_coef=0.0059 std=0.999 act_ep=5 kl_stop=False
update=1126 steps=2306048 env_sps=450.4 loss=-0.0033 val=12.4921 kl=0.00615 lr=1.75e-04 ent_coef=0.0058 std=1.000 act_ep=5 kl_stop=False
update=1127 steps=2308096 env_sps=450.5 loss=-0.0062 val=20.6227 kl=0.00589 lr=1.75e-04 ent_coef=0.0058 std=1.000 act_ep=5 kl_stop=False
update=1128 steps=2310144 env_sps=450.6 loss=-0.0049 val=7.6203 kl=0.00393 lr=1.75e-04 ent_coef=0.0058 std=1.000 act_ep=5 kl_stop=False
update=1129 steps=2312192 env_sps=450.7 loss=-0.0043 val=12.2430 kl=0.00254 lr=1.75e-04 ent_coef=0.0058 std=1.000 act_ep=5 kl_stop=False
update=1130 steps=2314240 env_sps=450.8 loss=-0.0035 val=30.3021 kl=0.00439 lr=1.75e-04 ent_coef=0.0058 std=1.000 act_ep=5 kl_stop=False
update=1131 steps=2316288 env_sps=450.9 loss=-0.0042 val=17.8783 kl=0.00419 lr=1.75e-04 ent_coef=0.0058 std=1.000 act_ep=5 kl_stop=False
update=1132 steps=2318336 env_sps=450.9 loss=-0.0049 val=17.9121 kl=0.00575 lr=1.75e-04 ent_coef=0.0058 std=1.000 act_ep=5 kl_stop=False
update=1133 steps=2320384 env_sps=451.0 loss=-0.0038 val=6.2592 kl=0.00348 lr=1.75e-04 ent_coef=0.0058 std=1.000 act_ep=5 kl_stop=False
update=1134 steps=2322432 env_sps=451.1 loss=-0.0038 val=14.1498 kl=0.00397 lr=1.75e-04 ent_coef=0.0058 std=1.000 act_ep=5 kl_stop=False
update=1135 steps=2324480 env_sps=451.2 loss=-0.0038 val=12.0805 kl=0.00217 lr=1.74e-04 ent_coef=0.0058 std=0.999 act_ep=5 kl_stop=False
update=1136 steps=2326528 env_sps=451.2 loss=-0.0044 val=3.5022 kl=0.00478 lr=1.74e-04 ent_coef=0.0058 std=0.998 act_ep=5 kl_stop=False
update=1137 steps=2328576 env_sps=451.3 loss=-0.0021 val=6.0710 kl=0.00328 lr=1.74e-04 ent_coef=0.0058 std=0.998 act_ep=5 kl_stop=False
update=1138 steps=2330624 env_sps=451.4 loss=-0.0039 val=8.5583 kl=0.00505 lr=1.74e-04 ent_coef=0.0058 std=0.999 act_ep=5 kl_stop=False
update=1139 steps=2332672 env_sps=451.5 loss=-0.0057 val=8.8641 kl=0.00623 lr=1.74e-04 ent_coef=0.0058 std=1.000 act_ep=5 kl_stop=False
update=1140 steps=2334720 env_sps=451.6 loss=-0.0022 val=12.4698 kl=0.00333 lr=1.74e-04 ent_coef=0.0058 std=1.000 act_ep=5 kl_stop=False
update=1141 steps=2336768 env_sps=451.6 loss=-0.0029 val=6.5599 kl=0.00287 lr=1.74e-04 ent_coef=0.0058 std=1.000 act_ep=5 kl_stop=False
update=1142 steps=2338816 env_sps=451.7 loss=-0.0027 val=16.6220 kl=0.00323 lr=1.74e-04 ent_coef=0.0058 std=0.999 act_ep=5 kl_stop=False
update=1143 steps=2340864 env_sps=451.8 loss=-0.0031 val=24.3500 kl=0.00375 lr=1.74e-04 ent_coef=0.0058 std=1.000 act_ep=5 kl_stop=False
update=1144 steps=2342912 env_sps=451.9 loss=-0.0043 val=19.1681 kl=0.00634 lr=1.73e-04 ent_coef=0.0058 std=1.000 act_ep=5 kl_stop=False
update=1145 steps=2344960 env_sps=452.0 loss=-0.0041 val=20.2926 kl=0.00423 lr=1.73e-04 ent_coef=0.0058 std=0.999 act_ep=5 kl_stop=False
update=1146 steps=2347008 env_sps=452.1 loss=-0.0034 val=23.2588 kl=0.00387 lr=1.73e-04 ent_coef=0.0058 std=1.000 act_ep=5 kl_stop=False
update=1147 steps=2349056 env_sps=452.2 loss=-0.0025 val=15.1684 kl=0.00388 lr=1.73e-04 ent_coef=0.0058 std=1.000 act_ep=5 kl_stop=False
update=1148 steps=2351104 env_sps=452.3 loss=-0.0019 val=25.2102 kl=0.00274 lr=1.73e-04 ent_coef=0.0058 std=1.000 act_ep=5 kl_stop=False
update=1149 steps=2353152 env_sps=452.3 loss=-0.0028 val=8.7442 kl=0.00444 lr=1.73e-04 ent_coef=0.0058 std=1.000 act_ep=5 kl_stop=False
update=1150 steps=2355200 env_sps=452.4 loss=-0.0026 val=7.8763 kl=0.00264 lr=1.73e-04 ent_coef=0.0058 std=0.999 act_ep=5 kl_stop=False
update=1151 steps=2357248 env_sps=452.5 loss=-0.0038 val=40.0995 kl=0.00278 lr=1.73e-04 ent_coef=0.0058 std=1.000 act_ep=5 kl_stop=False
update=1152 steps=2359296 env_sps=452.5 loss=-0.0038 val=17.0108 kl=0.00475 lr=1.73e-04 ent_coef=0.0058 std=0.999 act_ep=5 kl_stop=False
update=1153 steps=2361344 env_sps=452.6 loss=-0.0023 val=24.9507 kl=0.00384 lr=1.72e-04 ent_coef=0.0057 std=0.999 act_ep=5 kl_stop=False
update=1154 steps=2363392 env_sps=452.7 loss=-0.0039 val=30.8138 kl=0.00471 lr=1.72e-04 ent_coef=0.0057 std=0.999 act_ep=5 kl_stop=False
update=1155 steps=2365440 env_sps=452.8 loss=-0.0031 val=17.9262 kl=0.00561 lr=1.72e-04 ent_coef=0.0057 std=1.000 act_ep=5 kl_stop=False
update=1156 steps=2367488 env_sps=452.8 loss=-0.0060 val=11.7202 kl=0.00516 lr=1.72e-04 ent_coef=0.0057 std=1.000 act_ep=5 kl_stop=False
update=1157 steps=2369536 env_sps=452.9 loss=-0.0040 val=14.1749 kl=0.00326 lr=1.72e-04 ent_coef=0.0057 std=1.000 act_ep=5 kl_stop=False
update=1158 steps=2371584 env_sps=453.0 loss=-0.0027 val=11.7504 kl=0.00284 lr=1.72e-04 ent_coef=0.0057 std=0.999 act_ep=5 kl_stop=False
update=1159 steps=2373632 env_sps=453.1 loss=-0.0036 val=11.5474 kl=0.00386 lr=1.72e-04 ent_coef=0.0057 std=0.999 act_ep=5 kl_stop=False
update=1160 steps=2375680 env_sps=453.1 loss=-0.0037 val=17.1574 kl=0.00453 lr=1.72e-04 ent_coef=0.0057 std=1.000 act_ep=5 kl_stop=False
update=1161 steps=2377728 env_sps=453.2 loss=-0.0046 val=5.6398 kl=0.00404 lr=1.72e-04 ent_coef=0.0057 std=0.999 act_ep=5 kl_stop=False
update=1162 steps=2379776 env_sps=453.3 loss=-0.0021 val=8.4296 kl=0.00338 lr=1.71e-04 ent_coef=0.0057 std=0.998 act_ep=5 kl_stop=False
update=1163 steps=2381824 env_sps=453.3 loss=-0.0030 val=27.9323 kl=0.00391 lr=1.71e-04 ent_coef=0.0057 std=0.998 act_ep=5 kl_stop=False
update=1164 steps=2383872 env_sps=453.4 loss=-0.0031 val=14.3699 kl=0.00357 lr=1.71e-04 ent_coef=0.0057 std=0.998 act_ep=5 kl_stop=False
update=1165 steps=2385920 env_sps=453.5 loss=-0.0047 val=14.9402 kl=0.00503 lr=1.71e-04 ent_coef=0.0057 std=0.999 act_ep=5 kl_stop=False
update=1166 steps=2387968 env_sps=453.5 loss=-0.0039 val=31.9759 kl=0.00472 lr=1.71e-04 ent_coef=0.0057 std=0.999 act_ep=5 kl_stop=False
update=1167 steps=2390016 env_sps=453.6 loss=-0.0027 val=2.4837 kl=0.00499 lr=1.71e-04 ent_coef=0.0057 std=0.998 act_ep=5 kl_stop=False
update=1168 steps=2392064 env_sps=453.7 loss=-0.0032 val=19.6038 kl=0.00327 lr=1.71e-04 ent_coef=0.0057 std=0.999 act_ep=5 kl_stop=False
update=1169 steps=2394112 env_sps=453.7 loss=-0.0036 val=3.7784 kl=0.00427 lr=1.71e-04 ent_coef=0.0057 std=1.000 act_ep=5 kl_stop=False
update=1170 steps=2396160 env_sps=453.8 loss=-0.0042 val=9.3772 kl=0.00373 lr=1.71e-04 ent_coef=0.0057 std=0.999 act_ep=5 kl_stop=False
update=1171 steps=2398208 env_sps=453.9 loss=-0.0025 val=15.6580 kl=0.00265 lr=1.70e-04 ent_coef=0.0057 std=0.998 act_ep=5 kl_stop=False
update=1172 steps=2400256 env_sps=453.9 loss=-0.0036 val=18.2596 kl=0.00444 lr=1.70e-04 ent_coef=0.0057 std=0.998 act_ep=5 kl_stop=False
update=1173 steps=2402304 env_sps=449.2 loss=-0.0035 val=10.4248 kl=0.00412 lr=1.70e-04 ent_coef=0.0057 std=0.997 act_ep=5 kl_stop=False
update=1174 steps=2404352 env_sps=449.3 loss=-0.0043 val=14.1002 kl=0.00334 lr=1.70e-04 ent_coef=0.0057 std=0.997 act_ep=5 kl_stop=False
update=1175 steps=2406400 env_sps=449.4 loss=-0.0034 val=18.8976 kl=0.00423 lr=1.70e-04 ent_coef=0.0057 std=0.998 act_ep=5 kl_stop=False
update=1176 steps=2408448 env_sps=449.4 loss=-0.0039 val=7.3843 kl=0.00544 lr=1.70e-04 ent_coef=0.0057 std=0.999 act_ep=5 kl_stop=False
update=1177 steps=2410496 env_sps=449.5 loss=-0.0031 val=10.0920 kl=0.00386 lr=1.70e-04 ent_coef=0.0057 std=0.999 act_ep=5 kl_stop=False
update=1178 steps=2412544 env_sps=449.6 loss=-0.0049 val=7.5957 kl=0.00513 lr=1.70e-04 ent_coef=0.0057 std=0.999 act_ep=5 kl_stop=False
update=1179 steps=2414592 env_sps=449.7 loss=-0.0030 val=25.3458 kl=0.00396 lr=1.70e-04 ent_coef=0.0057 std=1.000 act_ep=5 kl_stop=False
update=1180 steps=2416640 env_sps=449.7 loss=-0.0056 val=9.4170 kl=0.00466 lr=1.70e-04 ent_coef=0.0057 std=0.999 act_ep=5 kl_stop=False
update=1181 steps=2418688 env_sps=449.8 loss=-0.0051 val=20.0214 kl=0.00644 lr=1.69e-04 ent_coef=0.0056 std=0.999 act_ep=5 kl_stop=False
update=1182 steps=2420736 env_sps=449.9 loss=-0.0027 val=8.2246 kl=0.00470 lr=1.69e-04 ent_coef=0.0056 std=0.999 act_ep=5 kl_stop=False
update=1183 steps=2422784 env_sps=450.0 loss=-0.0056 val=8.6506 kl=0.00430 lr=1.69e-04 ent_coef=0.0056 std=0.999 act_ep=5 kl_stop=False
update=1184 steps=2424832 env_sps=450.1 loss=-0.0052 val=9.1653 kl=0.00562 lr=1.69e-04 ent_coef=0.0056 std=0.999 act_ep=5 kl_stop=False
update=1185 steps=2426880 env_sps=450.1 loss=-0.0044 val=14.0129 kl=0.00501 lr=1.69e-04 ent_coef=0.0056 std=0.998 act_ep=5 kl_stop=False
update=1186 steps=2428928 env_sps=450.2 loss=-0.0047 val=36.8400 kl=0.00432 lr=1.69e-04 ent_coef=0.0056 std=1.000 act_ep=5 kl_stop=False
update=1187 steps=2430976 env_sps=450.3 loss=-0.0025 val=21.5914 kl=0.00365 lr=1.69e-04 ent_coef=0.0056 std=1.000 act_ep=5 kl_stop=False
update=1188 steps=2433024 env_sps=450.4 loss=-0.0032 val=21.2976 kl=0.00375 lr=1.69e-04 ent_coef=0.0056 std=0.999 act_ep=5 kl_stop=False
update=1189 steps=2435072 env_sps=450.4 loss=-0.0040 val=6.8180 kl=0.00441 lr=1.69e-04 ent_coef=0.0056 std=0.998 act_ep=5 kl_stop=False
update=1190 steps=2437120 env_sps=450.5 loss=-0.0034 val=25.5366 kl=0.00390 lr=1.68e-04 ent_coef=0.0056 std=0.999 act_ep=5 kl_stop=False
update=1191 steps=2439168 env_sps=450.5 loss=-0.0065 val=10.9790 kl=0.00540 lr=1.68e-04 ent_coef=0.0056 std=1.000 act_ep=5 kl_stop=False
update=1192 steps=2441216 env_sps=450.6 loss=-0.0052 val=17.7069 kl=0.00578 lr=1.68e-04 ent_coef=0.0056 std=1.000 act_ep=5 kl_stop=False
update=1193 steps=2443264 env_sps=450.7 loss=-0.0045 val=46.5797 kl=0.00562 lr=1.68e-04 ent_coef=0.0056 std=1.000 act_ep=5 kl_stop=False
update=1194 steps=2445312 env_sps=450.8 loss=-0.0035 val=11.9217 kl=0.00397 lr=1.68e-04 ent_coef=0.0056 std=1.000 act_ep=5 kl_stop=False
update=1195 steps=2447360 env_sps=450.8 loss=-0.0046 val=12.9157 kl=0.00513 lr=1.68e-04 ent_coef=0.0056 std=1.000 act_ep=5 kl_stop=False
update=1196 steps=2449408 env_sps=450.9 loss=-0.0026 val=11.9284 kl=0.00345 lr=1.68e-04 ent_coef=0.0056 std=1.000 act_ep=5 kl_stop=False
update=1197 steps=2451456 env_sps=450.9 loss=-0.0035 val=11.9112 kl=0.00442 lr=1.68e-04 ent_coef=0.0056 std=1.000 act_ep=5 kl_stop=False
update=1198 steps=2453504 env_sps=451.0 loss=-0.0054 val=10.8111 kl=0.00799 lr=1.68e-04 ent_coef=0.0056 std=1.000 act_ep=5 kl_stop=False
update=1199 steps=2455552 env_sps=451.1 loss=-0.0030 val=9.3889 kl=0.00395 lr=1.67e-04 ent_coef=0.0056 std=1.000 act_ep=5 kl_stop=False
update=1200 steps=2457600 env_sps=451.1 loss=-0.0049 val=9.6470 kl=0.00576 lr=1.67e-04 ent_coef=0.0056 std=1.000 act_ep=5 kl_stop=False
update=1201 steps=2459648 env_sps=451.2 loss=-0.0048 val=10.5173 kl=0.00633 lr=1.67e-04 ent_coef=0.0056 std=1.000 act_ep=5 kl_stop=False
update=1202 steps=2461696 env_sps=451.3 loss=-0.0053 val=27.1003 kl=0.00459 lr=1.67e-04 ent_coef=0.0056 std=0.999 act_ep=5 kl_stop=False
update=1203 steps=2463744 env_sps=451.4 loss=-0.0025 val=23.7626 kl=0.00286 lr=1.67e-04 ent_coef=0.0056 std=1.000 act_ep=5 kl_stop=False
update=1204 steps=2465792 env_sps=451.4 loss=-0.0031 val=19.2642 kl=0.00360 lr=1.67e-04 ent_coef=0.0056 std=1.000 act_ep=5 kl_stop=False
update=1205 steps=2467840 env_sps=451.5 loss=-0.0039 val=7.2612 kl=0.00459 lr=1.67e-04 ent_coef=0.0056 std=1.000 act_ep=5 kl_stop=False
update=1206 steps=2469888 env_sps=451.6 loss=0.0276 val=12.6488 kl=0.02231 lr=1.67e-04 ent_coef=0.0056 std=1.000 act_ep=1 kl_stop=True
update=1207 steps=2471936 env_sps=451.7 loss=0.0007 val=17.4190 kl=0.00720 lr=1.67e-04 ent_coef=0.0056 std=0.999 act_ep=5 kl_stop=False
update=1208 steps=2473984 env_sps=451.7 loss=-0.0038 val=7.0101 kl=0.00373 lr=1.66e-04 ent_coef=0.0055 std=0.999 act_ep=5 kl_stop=False
update=1209 steps=2476032 env_sps=451.8 loss=-0.0040 val=22.5527 kl=0.00533 lr=1.66e-04 ent_coef=0.0055 std=0.999 act_ep=5 kl_stop=False
update=1210 steps=2478080 env_sps=451.9 loss=-0.0047 val=6.3109 kl=0.00505 lr=1.66e-04 ent_coef=0.0055 std=1.000 act_ep=5 kl_stop=False
update=1211 steps=2480128 env_sps=451.9 loss=-0.0037 val=13.5538 kl=0.00386 lr=1.66e-04 ent_coef=0.0055 std=1.000 act_ep=5 kl_stop=False
update=1212 steps=2482176 env_sps=452.0 loss=-0.0028 val=3.7244 kl=0.00336 lr=1.66e-04 ent_coef=0.0055 std=0.999 act_ep=5 kl_stop=False
update=1213 steps=2484224 env_sps=452.0 loss=-0.0021 val=14.8159 kl=0.00279 lr=1.66e-04 ent_coef=0.0055 std=1.000 act_ep=5 kl_stop=False
update=1214 steps=2486272 env_sps=452.1 loss=-0.0041 val=35.1829 kl=0.00456 lr=1.66e-04 ent_coef=0.0055 std=0.999 act_ep=5 kl_stop=False
update=1215 steps=2488320 env_sps=452.2 loss=-0.0034 val=28.5762 kl=0.00437 lr=1.66e-04 ent_coef=0.0055 std=0.998 act_ep=5 kl_stop=False
update=1216 steps=2490368 env_sps=452.3 loss=-0.0048 val=34.9921 kl=0.00382 lr=1.66e-04 ent_coef=0.0055 std=0.999 act_ep=5 kl_stop=False
update=1217 steps=2492416 env_sps=452.3 loss=-0.0025 val=10.7741 kl=0.00267 lr=1.65e-04 ent_coef=0.0055 std=0.999 act_ep=5 kl_stop=False
update=1218 steps=2494464 env_sps=452.4 loss=-0.0057 val=16.2526 kl=0.00540 lr=1.65e-04 ent_coef=0.0055 std=0.999 act_ep=5 kl_stop=False
update=1219 steps=2496512 env_sps=452.5 loss=-0.0029 val=16.8093 kl=0.00368 lr=1.65e-04 ent_coef=0.0055 std=0.998 act_ep=5 kl_stop=False
update=1220 steps=2498560 env_sps=452.5 loss=-0.0029 val=23.7307 kl=0.00344 lr=1.65e-04 ent_coef=0.0055 std=0.998 act_ep=5 kl_stop=False
update=1221 steps=2500608 env_sps=452.6 loss=-0.0022 val=14.6128 kl=0.00397 lr=1.65e-04 ent_coef=0.0055 std=0.999 act_ep=5 kl_stop=False
update=1222 steps=2502656 env_sps=448.1 loss=-0.0026 val=22.5406 kl=0.00400 lr=1.65e-04 ent_coef=0.0055 std=1.000 act_ep=5 kl_stop=False
update=1223 steps=2504704 env_sps=448.2 loss=-0.0048 val=10.7720 kl=0.00367 lr=1.65e-04 ent_coef=0.0055 std=1.000 act_ep=5 kl_stop=False
update=1224 steps=2506752 env_sps=448.3 loss=-0.0043 val=6.4114 kl=0.00461 lr=1.65e-04 ent_coef=0.0055 std=1.000 act_ep=5 kl_stop=False
update=1225 steps=2508800 env_sps=448.3 loss=-0.0013 val=24.7211 kl=0.00240 lr=1.65e-04 ent_coef=0.0055 std=1.000 act_ep=5 kl_stop=False
update=1226 steps=2510848 env_sps=448.4 loss=-0.0034 val=25.3942 kl=0.00434 lr=1.64e-04 ent_coef=0.0055 std=1.000 act_ep=5 kl_stop=False
update=1227 steps=2512896 env_sps=448.5 loss=-0.0032 val=14.3786 kl=0.00497 lr=1.64e-04 ent_coef=0.0055 std=1.000 act_ep=5 kl_stop=False
update=1228 steps=2514944 env_sps=448.5 loss=-0.0039 val=13.2639 kl=0.00451 lr=1.64e-04 ent_coef=0.0055 std=1.000 act_ep=5 kl_stop=False
update=1229 steps=2516992 env_sps=448.6 loss=-0.0036 val=12.5660 kl=0.00424 lr=1.64e-04 ent_coef=0.0055 std=0.999 act_ep=5 kl_stop=False
update=1230 steps=2519040 env_sps=448.7 loss=-0.0031 val=15.3365 kl=0.00478 lr=1.64e-04 ent_coef=0.0055 std=0.998 act_ep=5 kl_stop=False
update=1231 steps=2521088 env_sps=448.7 loss=-0.0043 val=11.3937 kl=0.00473 lr=1.64e-04 ent_coef=0.0055 std=0.998 act_ep=5 kl_stop=False
update=1232 steps=2523136 env_sps=448.8 loss=-0.0016 val=18.1238 kl=0.00314 lr=1.64e-04 ent_coef=0.0055 std=0.998 act_ep=5 kl_stop=False
update=1233 steps=2525184 env_sps=448.8 loss=-0.0064 val=28.1051 kl=0.00705 lr=1.64e-04 ent_coef=0.0055 std=0.998 act_ep=5 kl_stop=False
update=1234 steps=2527232 env_sps=448.9 loss=-0.0043 val=8.6183 kl=0.00559 lr=1.64e-04 ent_coef=0.0055 std=0.998 act_ep=5 kl_stop=False
update=1235 steps=2529280 env_sps=449.0 loss=-0.0023 val=11.7725 kl=0.00414 lr=1.63e-04 ent_coef=0.0054 std=0.999 act_ep=5 kl_stop=False
update=1236 steps=2531328 env_sps=449.0 loss=-0.0047 val=9.8692 kl=0.00571 lr=1.63e-04 ent_coef=0.0054 std=0.999 act_ep=5 kl_stop=False
update=1237 steps=2533376 env_sps=449.1 loss=-0.0034 val=21.7815 kl=0.00340 lr=1.63e-04 ent_coef=0.0054 std=0.999 act_ep=5 kl_stop=False
update=1238 steps=2535424 env_sps=449.2 loss=-0.0023 val=4.2977 kl=0.00367 lr=1.63e-04 ent_coef=0.0054 std=0.998 act_ep=5 kl_stop=False
update=1239 steps=2537472 env_sps=449.2 loss=-0.0039 val=19.3636 kl=0.00419 lr=1.63e-04 ent_coef=0.0054 std=0.998 act_ep=5 kl_stop=False
update=1240 steps=2539520 env_sps=449.3 loss=-0.0040 val=9.8394 kl=0.00325 lr=1.63e-04 ent_coef=0.0054 std=0.998 act_ep=5 kl_stop=False
update=1241 steps=2541568 env_sps=449.4 loss=-0.0040 val=21.3977 kl=0.00557 lr=1.63e-04 ent_coef=0.0054 std=0.998 act_ep=5 kl_stop=False
update=1242 steps=2543616 env_sps=449.4 loss=-0.0022 val=4.5844 kl=0.00344 lr=1.63e-04 ent_coef=0.0054 std=0.999 act_ep=5 kl_stop=False
update=1243 steps=2545664 env_sps=449.5 loss=-0.0023 val=10.9218 kl=0.00392 lr=1.63e-04 ent_coef=0.0054 std=0.999 act_ep=5 kl_stop=False
update=1244 steps=2547712 env_sps=449.5 loss=-0.0025 val=2.0795 kl=0.00393 lr=1.62e-04 ent_coef=0.0054 std=0.998 act_ep=5 kl_stop=False
update=1245 steps=2549760 env_sps=449.6 loss=-0.0022 val=13.5570 kl=0.00360 lr=1.62e-04 ent_coef=0.0054 std=0.997 act_ep=5 kl_stop=False
update=1246 steps=2551808 env_sps=449.7 loss=-0.0027 val=16.7743 kl=0.00385 lr=1.62e-04 ent_coef=0.0054 std=0.998 act_ep=5 kl_stop=False
update=1247 steps=2553856 env_sps=449.7 loss=-0.0022 val=2.0251 kl=0.00308 lr=1.62e-04 ent_coef=0.0054 std=0.999 act_ep=5 kl_stop=False
update=1248 steps=2555904 env_sps=449.8 loss=-0.0035 val=19.6919 kl=0.00586 lr=1.62e-04 ent_coef=0.0054 std=0.999 act_ep=5 kl_stop=False
update=1249 steps=2557952 env_sps=449.9 loss=-0.0022 val=7.8520 kl=0.00357 lr=1.62e-04 ent_coef=0.0054 std=0.998 act_ep=5 kl_stop=False
update=1250 steps=2560000 env_sps=449.9 loss=-0.0005 val=18.5680 kl=0.00381 lr=1.62e-04 ent_coef=0.0054 std=0.998 act_ep=5 kl_stop=False
update=1251 steps=2562048 env_sps=450.0 loss=-0.0033 val=17.4438 kl=0.00372 lr=1.62e-04 ent_coef=0.0054 std=0.999 act_ep=5 kl_stop=False
update=1252 steps=2564096 env_sps=450.1 loss=-0.0022 val=13.0695 kl=0.00527 lr=1.62e-04 ent_coef=0.0054 std=0.999 act_ep=5 kl_stop=False
update=1253 steps=2566144 env_sps=450.2 loss=-0.0043 val=15.4455 kl=0.00341 lr=1.61e-04 ent_coef=0.0054 std=1.000 act_ep=5 kl_stop=False
update=1254 steps=2568192 env_sps=450.2 loss=-0.0033 val=10.4457 kl=0.00749 lr=1.61e-04 ent_coef=0.0054 std=0.999 act_ep=5 kl_stop=False
update=1255 steps=2570240 env_sps=450.3 loss=0.0139 val=20.5815 kl=0.01143 lr=1.61e-04 ent_coef=0.0054 std=0.999 act_ep=2 kl_stop=True
update=1256 steps=2572288 env_sps=450.4 loss=-0.0026 val=6.2154 kl=0.00326 lr=1.61e-04 ent_coef=0.0054 std=0.999 act_ep=5 kl_stop=False
update=1257 steps=2574336 env_sps=450.5 loss=-0.0027 val=14.1170 kl=0.00311 lr=1.61e-04 ent_coef=0.0054 std=0.999 act_ep=5 kl_stop=False
update=1258 steps=2576384 env_sps=450.6 loss=-0.0034 val=14.7721 kl=0.00607 lr=1.61e-04 ent_coef=0.0054 std=1.000 act_ep=5 kl_stop=False
update=1259 steps=2578432 env_sps=450.6 loss=-0.0071 val=15.6406 kl=0.00782 lr=1.61e-04 ent_coef=0.0054 std=1.000 act_ep=5 kl_stop=False
update=1260 steps=2580480 env_sps=450.7 loss=-0.0023 val=16.0537 kl=0.00524 lr=1.61e-04 ent_coef=0.0054 std=1.000 act_ep=5 kl_stop=False
update=1261 steps=2582528 env_sps=450.8 loss=-0.0011 val=17.7227 kl=0.00370 lr=1.61e-04 ent_coef=0.0054 std=1.000 act_ep=5 kl_stop=False
update=1262 steps=2584576 env_sps=450.8 loss=-0.0038 val=9.3877 kl=0.00385 lr=1.60e-04 ent_coef=0.0053 std=1.000 act_ep=5 kl_stop=False
update=1263 steps=2586624 env_sps=450.9 loss=-0.0035 val=13.9063 kl=0.00388 lr=1.60e-04 ent_coef=0.0053 std=1.000 act_ep=5 kl_stop=False
update=1264 steps=2588672 env_sps=451.0 loss=-0.0033 val=23.1915 kl=0.00306 lr=1.60e-04 ent_coef=0.0053 std=0.999 act_ep=5 kl_stop=False
update=1265 steps=2590720 env_sps=451.0 loss=-0.0025 val=14.9156 kl=0.00387 lr=1.60e-04 ent_coef=0.0053 std=1.000 act_ep=5 kl_stop=False
update=1266 steps=2592768 env_sps=451.1 loss=-0.0023 val=13.1034 kl=0.00406 lr=1.60e-04 ent_coef=0.0053 std=1.000 act_ep=5 kl_stop=False
update=1267 steps=2594816 env_sps=451.1 loss=-0.0036 val=7.0306 kl=0.00471 lr=1.60e-04 ent_coef=0.0053 std=1.000 act_ep=5 kl_stop=False
update=1268 steps=2596864 env_sps=451.2 loss=-0.0027 val=8.5269 kl=0.00731 lr=1.60e-04 ent_coef=0.0053 std=1.000 act_ep=4 kl_stop=True
update=1269 steps=2598912 env_sps=451.3 loss=-0.0036 val=19.4767 kl=0.00729 lr=1.60e-04 ent_coef=0.0053 std=1.000 act_ep=5 kl_stop=False
update=1270 steps=2600960 env_sps=451.3 loss=-0.0025 val=19.2823 kl=0.00421 lr=1.60e-04 ent_coef=0.0053 std=1.000 act_ep=5 kl_stop=False
update=1271 steps=2603008 env_sps=447.0 loss=-0.0047 val=9.6747 kl=0.00566 lr=1.59e-04 ent_coef=0.0053 std=1.000 act_ep=5 kl_stop=False
update=1272 steps=2605056 env_sps=447.1 loss=0.0169 val=21.0474 kl=0.01062 lr=1.59e-04 ent_coef=0.0053 std=1.000 act_ep=2 kl_stop=True
update=1273 steps=2607104 env_sps=447.2 loss=-0.0025 val=24.5856 kl=0.00276 lr=1.59e-04 ent_coef=0.0053 std=0.999 act_ep=5 kl_stop=False
update=1274 steps=2609152 env_sps=447.2 loss=-0.0030 val=9.2657 kl=0.00292 lr=1.59e-04 ent_coef=0.0053 std=0.999 act_ep=5 kl_stop=False
update=1275 steps=2611200 env_sps=447.3 loss=-0.0053 val=17.8294 kl=0.00503 lr=1.59e-04 ent_coef=0.0053 std=1.000 act_ep=5 kl_stop=False
update=1276 steps=2613248 env_sps=447.4 loss=-0.0026 val=23.7601 kl=0.00372 lr=1.59e-04 ent_coef=0.0053 std=1.000 act_ep=5 kl_stop=False
update=1277 steps=2615296 env_sps=447.5 loss=-0.0037 val=9.2980 kl=0.00350 lr=1.59e-04 ent_coef=0.0053 std=0.999 act_ep=5 kl_stop=False
update=1278 steps=2617344 env_sps=447.6 loss=-0.0053 val=8.3127 kl=0.00474 lr=1.59e-04 ent_coef=0.0053 std=0.998 act_ep=5 kl_stop=False
update=1279 steps=2619392 env_sps=447.6 loss=-0.0041 val=4.9357 kl=0.00490 lr=1.59e-04 ent_coef=0.0053 std=1.000 act_ep=5 kl_stop=False
update=1280 steps=2621440 env_sps=447.7 loss=-0.0048 val=9.8314 kl=0.00452 lr=1.58e-04 ent_coef=0.0053 std=0.999 act_ep=5 kl_stop=False
update=1281 steps=2623488 env_sps=447.8 loss=-0.0032 val=12.6570 kl=0.00410 lr=1.58e-04 ent_coef=0.0053 std=0.999 act_ep=5 kl_stop=False
update=1282 steps=2625536 env_sps=447.8 loss=-0.0028 val=11.0501 kl=0.00510 lr=1.58e-04 ent_coef=0.0053 std=1.000 act_ep=5 kl_stop=False
update=1283 steps=2627584 env_sps=447.9 loss=-0.0025 val=14.8803 kl=0.00229 lr=1.58e-04 ent_coef=0.0053 std=1.000 act_ep=5 kl_stop=False
update=1284 steps=2629632 env_sps=448.0 loss=-0.0022 val=14.6561 kl=0.00352 lr=1.58e-04 ent_coef=0.0053 std=1.000 act_ep=5 kl_stop=False
update=1285 steps=2631680 env_sps=448.1 loss=-0.0029 val=40.7322 kl=0.00384 lr=1.58e-04 ent_coef=0.0053 std=0.999 act_ep=5 kl_stop=False
update=1286 steps=2633728 env_sps=448.1 loss=-0.0029 val=7.6154 kl=0.00258 lr=1.58e-04 ent_coef=0.0053 std=0.998 act_ep=5 kl_stop=False
update=1287 steps=2635776 env_sps=448.2 loss=0.0047 val=14.2927 kl=0.31151 lr=1.58e-04 ent_coef=0.0053 std=0.998 act_ep=1 kl_stop=True
update=1288 steps=2637824 env_sps=448.3 loss=-0.0051 val=6.1873 kl=0.00588 lr=1.58e-04 ent_coef=0.0053 std=0.999 act_ep=5 kl_stop=False
update=1289 steps=2639872 env_sps=448.3 loss=-0.0035 val=21.5300 kl=0.00445 lr=1.57e-04 ent_coef=0.0052 std=0.999 act_ep=5 kl_stop=False
update=1290 steps=2641920 env_sps=448.4 loss=0.0055 val=6.3646 kl=0.00504 lr=1.57e-04 ent_coef=0.0052 std=0.998 act_ep=5 kl_stop=False
update=1291 steps=2643968 env_sps=448.5 loss=-0.0024 val=13.1275 kl=0.00421 lr=1.57e-04 ent_coef=0.0052 std=0.998 act_ep=5 kl_stop=False
update=1292 steps=2646016 env_sps=448.5 loss=-0.0034 val=5.3012 kl=0.00654 lr=1.57e-04 ent_coef=0.0052 std=0.998 act_ep=5 kl_stop=False
update=1293 steps=2648064 env_sps=448.6 loss=-0.0039 val=15.5617 kl=0.00424 lr=1.57e-04 ent_coef=0.0052 std=0.999 act_ep=5 kl_stop=False
update=1294 steps=2650112 env_sps=448.7 loss=-0.0032 val=10.3055 kl=0.00370 lr=1.57e-04 ent_coef=0.0052 std=0.999 act_ep=5 kl_stop=False
update=1295 steps=2652160 env_sps=448.8 loss=-0.0040 val=16.0772 kl=0.00482 lr=1.57e-04 ent_coef=0.0052 std=0.999 act_ep=5 kl_stop=False
update=1296 steps=2654208 env_sps=448.8 loss=-0.0050 val=25.9257 kl=0.00593 lr=1.57e-04 ent_coef=0.0052 std=0.999 act_ep=5 kl_stop=False
update=1297 steps=2656256 env_sps=448.9 loss=-0.0057 val=19.2109 kl=0.00563 lr=1.57e-04 ent_coef=0.0052 std=0.999 act_ep=5 kl_stop=False
update=1298 steps=2658304 env_sps=449.0 loss=-0.0046 val=16.1113 kl=0.00609 lr=1.56e-04 ent_coef=0.0052 std=0.999 act_ep=5 kl_stop=False
update=1299 steps=2660352 env_sps=449.0 loss=-0.0045 val=8.5294 kl=0.00414 lr=1.56e-04 ent_coef=0.0052 std=1.000 act_ep=5 kl_stop=False
update=1300 steps=2662400 env_sps=449.1 loss=-0.0046 val=27.9406 kl=0.00623 lr=1.56e-04 ent_coef=0.0052 std=0.999 act_ep=5 kl_stop=False
update=1301 steps=2664448 env_sps=449.2 loss=-0.0033 val=15.7885 kl=0.00345 lr=1.56e-04 ent_coef=0.0052 std=1.000 act_ep=5 kl_stop=False
update=1302 steps=2666496 env_sps=449.2 loss=-0.0037 val=15.4005 kl=0.00549 lr=1.56e-04 ent_coef=0.0052 std=1.000 act_ep=5 kl_stop=False
update=1303 steps=2668544 env_sps=449.3 loss=-0.0045 val=18.3414 kl=0.00560 lr=1.56e-04 ent_coef=0.0052 std=1.000 act_ep=5 kl_stop=False
update=1304 steps=2670592 env_sps=449.4 loss=-0.0036 val=9.1982 kl=0.00338 lr=1.56e-04 ent_coef=0.0052 std=1.000 act_ep=5 kl_stop=False
update=1305 steps=2672640 env_sps=449.4 loss=-0.0036 val=20.2780 kl=0.00392 lr=1.56e-04 ent_coef=0.0052 std=0.999 act_ep=5 kl_stop=False
update=1306 steps=2674688 env_sps=449.5 loss=-0.0023 val=5.0781 kl=0.00310 lr=1.56e-04 ent_coef=0.0052 std=0.999 act_ep=5 kl_stop=False
update=1307 steps=2676736 env_sps=449.5 loss=-0.0038 val=27.6635 kl=0.00498 lr=1.55e-04 ent_coef=0.0052 std=1.000 act_ep=5 kl_stop=False
update=1308 steps=2678784 env_sps=449.6 loss=-0.0037 val=13.9664 kl=0.00428 lr=1.55e-04 ent_coef=0.0052 std=1.000 act_ep=5 kl_stop=False
update=1309 steps=2680832 env_sps=449.6 loss=-0.0028 val=9.3637 kl=0.00522 lr=1.55e-04 ent_coef=0.0052 std=1.000 act_ep=5 kl_stop=False
update=1310 steps=2682880 env_sps=449.7 loss=-0.0035 val=20.3472 kl=0.00343 lr=1.55e-04 ent_coef=0.0052 std=0.999 act_ep=5 kl_stop=False
update=1311 steps=2684928 env_sps=449.8 loss=-0.0051 val=15.0685 kl=0.00553 lr=1.55e-04 ent_coef=0.0052 std=1.000 act_ep=5 kl_stop=False
update=1312 steps=2686976 env_sps=449.9 loss=-0.0041 val=26.1579 kl=0.00389 lr=1.55e-04 ent_coef=0.0052 std=0.999 act_ep=5 kl_stop=False
update=1313 steps=2689024 env_sps=449.9 loss=-0.0026 val=15.2100 kl=0.00379 lr=1.55e-04 ent_coef=0.0052 std=0.998 act_ep=5 kl_stop=False
update=1314 steps=2691072 env_sps=450.0 loss=-0.0033 val=20.2230 kl=0.00605 lr=1.55e-04 ent_coef=0.0052 std=0.999 act_ep=5 kl_stop=False
update=1315 steps=2693120 env_sps=450.1 loss=-0.0012 val=15.6422 kl=0.00543 lr=1.55e-04 ent_coef=0.0052 std=0.999 act_ep=3 kl_stop=True
update=1316 steps=2695168 env_sps=450.1 loss=-0.0027 val=26.0962 kl=0.00631 lr=1.54e-04 ent_coef=0.0051 std=1.000 act_ep=5 kl_stop=True
update=1317 steps=2697216 env_sps=450.2 loss=-0.0048 val=7.6490 kl=0.00558 lr=1.54e-04 ent_coef=0.0051 std=1.000 act_ep=5 kl_stop=False
update=1318 steps=2699264 env_sps=450.3 loss=-0.0028 val=4.9758 kl=0.00404 lr=1.54e-04 ent_coef=0.0051 std=1.000 act_ep=5 kl_stop=False
update=1319 steps=2701312 env_sps=450.3 loss=-0.0030 val=22.8279 kl=0.00498 lr=1.54e-04 ent_coef=0.0051 std=1.000 act_ep=5 kl_stop=False
update=1320 steps=2703360 env_sps=446.8 loss=-0.0040 val=9.3102 kl=0.00384 lr=1.54e-04 ent_coef=0.0051 std=1.000 act_ep=5 kl_stop=False
update=1321 steps=2705408 env_sps=446.9 loss=-0.0028 val=12.9437 kl=0.00362 lr=1.54e-04 ent_coef=0.0051 std=1.000 act_ep=5 kl_stop=False
update=1322 steps=2707456 env_sps=447.0 loss=-0.0044 val=6.5695 kl=0.00712 lr=1.54e-04 ent_coef=0.0051 std=0.999 act_ep=5 kl_stop=False
update=1323 steps=2709504 env_sps=447.1 loss=0.0002 val=24.5129 kl=0.00434 lr=1.54e-04 ent_coef=0.0051 std=0.998 act_ep=5 kl_stop=False
update=1324 steps=2711552 env_sps=447.1 loss=-0.0032 val=10.2112 kl=0.00475 lr=1.54e-04 ent_coef=0.0051 std=0.998 act_ep=5 kl_stop=False
update=1325 steps=2713600 env_sps=447.2 loss=-0.0024 val=13.1824 kl=0.00267 lr=1.53e-04 ent_coef=0.0051 std=0.999 act_ep=5 kl_stop=False
update=1326 steps=2715648 env_sps=447.2 loss=-0.0017 val=27.7789 kl=0.00308 lr=1.53e-04 ent_coef=0.0051 std=1.000 act_ep=5 kl_stop=False
update=1327 steps=2717696 env_sps=447.3 loss=-0.0042 val=24.1057 kl=0.00415 lr=1.53e-04 ent_coef=0.0051 std=0.997 act_ep=5 kl_stop=False
update=1328 steps=2719744 env_sps=447.4 loss=-0.0029 val=29.6826 kl=0.00385 lr=1.53e-04 ent_coef=0.0051 std=0.996 act_ep=5 kl_stop=False
update=1329 steps=2721792 env_sps=447.4 loss=-0.0018 val=7.2506 kl=0.00311 lr=1.53e-04 ent_coef=0.0051 std=0.997 act_ep=5 kl_stop=False
update=1330 steps=2723840 env_sps=447.5 loss=-0.0047 val=24.4750 kl=0.00426 lr=1.53e-04 ent_coef=0.0051 std=0.997 act_ep=5 kl_stop=False
update=1331 steps=2725888 env_sps=447.6 loss=-0.0040 val=12.9002 kl=0.00527 lr=1.53e-04 ent_coef=0.0051 std=0.998 act_ep=5 kl_stop=False
update=1332 steps=2727936 env_sps=447.6 loss=-0.0032 val=24.6643 kl=0.00362 lr=1.53e-04 ent_coef=0.0051 std=0.998 act_ep=5 kl_stop=False
update=1333 steps=2729984 env_sps=447.7 loss=-0.0027 val=9.9658 kl=0.00469 lr=1.53e-04 ent_coef=0.0051 std=0.998 act_ep=5 kl_stop=False
update=1334 steps=2732032 env_sps=447.8 loss=-0.0041 val=31.7975 kl=0.00311 lr=1.52e-04 ent_coef=0.0051 std=0.999 act_ep=5 kl_stop=False
update=1335 steps=2734080 env_sps=447.9 loss=-0.0044 val=34.3852 kl=0.00452 lr=1.52e-04 ent_coef=0.0051 std=0.999 act_ep=5 kl_stop=False
update=1336 steps=2736128 env_sps=447.9 loss=-0.0033 val=19.9302 kl=0.00307 lr=1.52e-04 ent_coef=0.0051 std=0.998 act_ep=5 kl_stop=False
update=1337 steps=2738176 env_sps=448.0 loss=-0.0023 val=12.6442 kl=0.00277 lr=1.52e-04 ent_coef=0.0051 std=0.997 act_ep=5 kl_stop=False
update=1338 steps=2740224 env_sps=448.1 loss=-0.0030 val=48.1765 kl=0.00419 lr=1.52e-04 ent_coef=0.0051 std=0.996 act_ep=5 kl_stop=False
update=1339 steps=2742272 env_sps=448.1 loss=-0.0060 val=12.9880 kl=0.00497 lr=1.52e-04 ent_coef=0.0051 std=0.996 act_ep=5 kl_stop=False
update=1340 steps=2744320 env_sps=448.2 loss=-0.0018 val=53.9148 kl=0.00321 lr=1.52e-04 ent_coef=0.0051 std=0.996 act_ep=5 kl_stop=False
update=1341 steps=2746368 env_sps=448.2 loss=-0.0028 val=54.2673 kl=0.00393 lr=1.52e-04 ent_coef=0.0051 std=0.996 act_ep=5 kl_stop=False
update=1342 steps=2748416 env_sps=448.3 loss=-0.0028 val=45.7160 kl=0.00455 lr=1.52e-04 ent_coef=0.0051 std=0.996 act_ep=5 kl_stop=False
update=1343 steps=2750464 env_sps=448.4 loss=-0.0028 val=21.5155 kl=0.00319 lr=1.51e-04 ent_coef=0.0050 std=0.997 act_ep=5 kl_stop=False
update=1344 steps=2752512 env_sps=448.4 loss=-0.0021 val=61.1874 kl=0.00322 lr=1.51e-04 ent_coef=0.0050 std=0.997 act_ep=5 kl_stop=False
update=1345 steps=2754560 env_sps=448.5 loss=-0.0038 val=18.2447 kl=0.00354 lr=1.51e-04 ent_coef=0.0050 std=0.999 act_ep=5 kl_stop=False
update=1346 steps=2756608 env_sps=448.6 loss=-0.0031 val=15.1445 kl=0.00426 lr=1.51e-04 ent_coef=0.0050 std=0.999 act_ep=5 kl_stop=False
update=1347 steps=2758656 env_sps=448.6 loss=-0.0033 val=10.7352 kl=0.00471 lr=1.51e-04 ent_coef=0.0050 std=0.999 act_ep=5 kl_stop=False
update=1348 steps=2760704 env_sps=448.7 loss=-0.0029 val=7.1800 kl=0.00299 lr=1.51e-04 ent_coef=0.0050 std=0.998 act_ep=5 kl_stop=False
update=1349 steps=2762752 env_sps=448.8 loss=-0.0029 val=19.0586 kl=0.00330 lr=1.51e-04 ent_coef=0.0050 std=0.998 act_ep=5 kl_stop=False
update=1350 steps=2764800 env_sps=448.8 loss=-0.0020 val=22.3986 kl=0.00209 lr=1.51e-04 ent_coef=0.0050 std=0.998 act_ep=5 kl_stop=False
update=1351 steps=2766848 env_sps=448.9 loss=-0.0030 val=22.0856 kl=0.00249 lr=1.51e-04 ent_coef=0.0050 std=0.998 act_ep=5 kl_stop=False
update=1352 steps=2768896 env_sps=449.0 loss=-0.0031 val=37.2356 kl=0.00372 lr=1.50e-04 ent_coef=0.0050 std=0.998 act_ep=5 kl_stop=False
update=1353 steps=2770944 env_sps=449.1 loss=-0.0034 val=28.7477 kl=0.00373 lr=1.50e-04 ent_coef=0.0050 std=0.998 act_ep=5 kl_stop=False
update=1354 steps=2772992 env_sps=449.2 loss=-0.0041 val=26.0287 kl=0.00425 lr=1.50e-04 ent_coef=0.0050 std=0.998 act_ep=5 kl_stop=False
update=1355 steps=2775040 env_sps=449.2 loss=-0.0036 val=66.1882 kl=0.00339 lr=1.50e-04 ent_coef=0.0050 std=0.998 act_ep=5 kl_stop=False
update=1356 steps=2777088 env_sps=449.3 loss=-0.0023 val=22.4422 kl=0.00370 lr=1.50e-04 ent_coef=0.0050 std=0.997 act_ep=5 kl_stop=False
update=1357 steps=2779136 env_sps=449.4 loss=-0.0043 val=11.7425 kl=0.00504 lr=1.50e-04 ent_coef=0.0050 std=0.998 act_ep=5 kl_stop=False
update=1358 steps=2781184 env_sps=449.4 loss=-0.0038 val=14.6142 kl=0.00332 lr=1.50e-04 ent_coef=0.0050 std=0.999 act_ep=5 kl_stop=False
update=1359 steps=2783232 env_sps=449.5 loss=-0.0182 val=14.0338 kl=0.03009 lr=1.50e-04 ent_coef=0.0050 std=0.999 act_ep=1 kl_stop=True
update=1360 steps=2785280 env_sps=449.6 loss=-0.0032 val=12.6715 kl=0.00391 lr=1.50e-04 ent_coef=0.0050 std=0.999 act_ep=5 kl_stop=False
update=1361 steps=2787328 env_sps=449.6 loss=-0.0040 val=39.6164 kl=0.00707 lr=1.49e-04 ent_coef=0.0050 std=0.999 act_ep=5 kl_stop=False
update=1362 steps=2789376 env_sps=449.7 loss=-0.0037 val=28.5399 kl=0.00370 lr=1.49e-04 ent_coef=0.0050 std=0.999 act_ep=5 kl_stop=False
update=1363 steps=2791424 env_sps=449.8 loss=-0.0042 val=38.8087 kl=0.00471 lr=1.49e-04 ent_coef=0.0050 std=0.999 act_ep=5 kl_stop=False
update=1364 steps=2793472 env_sps=449.9 loss=-0.0036 val=31.3255 kl=0.00340 lr=1.49e-04 ent_coef=0.0050 std=0.999 act_ep=5 kl_stop=False
update=1365 steps=2795520 env_sps=449.9 loss=-0.0054 val=22.8695 kl=0.00552 lr=1.49e-04 ent_coef=0.0050 std=1.000 act_ep=5 kl_stop=False
update=1366 steps=2797568 env_sps=450.0 loss=-0.0020 val=27.4942 kl=0.00286 lr=1.49e-04 ent_coef=0.0050 std=0.999 act_ep=5 kl_stop=False
update=1367 steps=2799616 env_sps=450.1 loss=-0.0031 val=8.4167 kl=0.00354 lr=1.49e-04 ent_coef=0.0050 std=0.999 act_ep=5 kl_stop=False
update=1368 steps=2801664 env_sps=450.1 loss=-0.0037 val=31.9578 kl=0.00394 lr=1.49e-04 ent_coef=0.0050 std=0.999 act_ep=5 kl_stop=False
update=1369 steps=2803712 env_sps=446.5 loss=-0.0034 val=10.7399 kl=0.00423 lr=1.49e-04 ent_coef=0.0050 std=1.000 act_ep=5 kl_stop=False
update=1370 steps=2805760 env_sps=446.5 loss=-0.0020 val=31.7429 kl=0.00235 lr=1.48e-04 ent_coef=0.0049 std=1.000 act_ep=5 kl_stop=False
update=1371 steps=2807808 env_sps=446.6 loss=-0.0033 val=19.2597 kl=0.00347 lr=1.48e-04 ent_coef=0.0049 std=1.000 act_ep=5 kl_stop=False
update=1372 steps=2809856 env_sps=446.6 loss=-0.0017 val=18.1015 kl=0.00303 lr=1.48e-04 ent_coef=0.0049 std=0.999 act_ep=5 kl_stop=False
update=1373 steps=2811904 env_sps=446.7 loss=-0.0032 val=22.1075 kl=0.00339 lr=1.48e-04 ent_coef=0.0049 std=0.998 act_ep=5 kl_stop=False
update=1374 steps=2813952 env_sps=446.8 loss=-0.0026 val=32.1726 kl=0.00342 lr=1.48e-04 ent_coef=0.0049 std=0.998 act_ep=5 kl_stop=False
update=1375 steps=2816000 env_sps=446.8 loss=-0.0044 val=34.1990 kl=0.00395 lr=1.48e-04 ent_coef=0.0049 std=0.998 act_ep=5 kl_stop=False
update=1376 steps=2818048 env_sps=446.9 loss=-0.0038 val=19.2515 kl=0.00312 lr=1.48e-04 ent_coef=0.0049 std=0.999 act_ep=5 kl_stop=False
update=1377 steps=2820096 env_sps=446.9 loss=-0.0033 val=14.6518 kl=0.00431 lr=1.48e-04 ent_coef=0.0049 std=0.998 act_ep=5 kl_stop=False
update=1378 steps=2822144 env_sps=447.0 loss=-0.0031 val=17.4709 kl=0.00433 lr=1.48e-04 ent_coef=0.0049 std=0.997 act_ep=5 kl_stop=False
update=1379 steps=2824192 env_sps=447.0 loss=-0.0042 val=16.8603 kl=0.00470 lr=1.47e-04 ent_coef=0.0049 std=0.998 act_ep=5 kl_stop=False
update=1380 steps=2826240 env_sps=447.1 loss=-0.0030 val=12.8112 kl=0.00428 lr=1.47e-04 ent_coef=0.0049 std=0.998 act_ep=5 kl_stop=False
update=1381 steps=2828288 env_sps=447.2 loss=-0.0045 val=16.9928 kl=0.00531 lr=1.47e-04 ent_coef=0.0049 std=0.998 act_ep=5 kl_stop=False
update=1382 steps=2830336 env_sps=447.3 loss=-0.0027 val=19.1759 kl=0.00352 lr=1.47e-04 ent_coef=0.0049 std=0.997 act_ep=5 kl_stop=False
update=1383 steps=2832384 env_sps=447.3 loss=-0.0027 val=19.1525 kl=0.00389 lr=1.47e-04 ent_coef=0.0049 std=0.996 act_ep=5 kl_stop=False
update=1384 steps=2834432 env_sps=447.4 loss=-0.0028 val=10.5559 kl=0.00269 lr=1.47e-04 ent_coef=0.0049 std=0.996 act_ep=5 kl_stop=False
update=1385 steps=2836480 env_sps=447.5 loss=-0.0048 val=21.8569 kl=0.00631 lr=1.47e-04 ent_coef=0.0049 std=0.995 act_ep=5 kl_stop=False
update=1386 steps=2838528 env_sps=447.5 loss=-0.0030 val=14.8848 kl=0.00338 lr=1.47e-04 ent_coef=0.0049 std=0.996 act_ep=5 kl_stop=False
update=1387 steps=2840576 env_sps=447.6 loss=-0.0049 val=10.1932 kl=0.00518 lr=1.47e-04 ent_coef=0.0049 std=0.997 act_ep=5 kl_stop=False
update=1388 steps=2842624 env_sps=447.7 loss=-0.0036 val=12.7560 kl=0.00391 lr=1.46e-04 ent_coef=0.0049 std=0.998 act_ep=5 kl_stop=False
update=1389 steps=2844672 env_sps=447.7 loss=-0.0040 val=24.3446 kl=0.00360 lr=1.46e-04 ent_coef=0.0049 std=0.998 act_ep=5 kl_stop=False
update=1390 steps=2846720 env_sps=447.8 loss=-0.0048 val=37.4713 kl=0.00467 lr=1.46e-04 ent_coef=0.0049 std=0.998 act_ep=5 kl_stop=False
update=1391 steps=2848768 env_sps=447.9 loss=-0.0038 val=25.5912 kl=0.00503 lr=1.46e-04 ent_coef=0.0049 std=0.998 act_ep=5 kl_stop=False
update=1392 steps=2850816 env_sps=448.0 loss=-0.0063 val=28.2313 kl=0.00608 lr=1.46e-04 ent_coef=0.0049 std=0.998 act_ep=5 kl_stop=False
update=1393 steps=2852864 env_sps=448.0 loss=-0.0032 val=17.8013 kl=0.00401 lr=1.46e-04 ent_coef=0.0049 std=0.998 act_ep=5 kl_stop=False
update=1394 steps=2854912 env_sps=448.1 loss=-0.0040 val=17.0661 kl=0.00341 lr=1.46e-04 ent_coef=0.0049 std=0.999 act_ep=5 kl_stop=False
update=1395 steps=2856960 env_sps=448.1 loss=-0.0032 val=15.7525 kl=0.00490 lr=1.46e-04 ent_coef=0.0049 std=0.999 act_ep=5 kl_stop=False
update=1396 steps=2859008 env_sps=448.2 loss=-0.0018 val=38.0455 kl=0.00245 lr=1.46e-04 ent_coef=0.0049 std=1.000 act_ep=5 kl_stop=False
update=1397 steps=2861056 env_sps=448.3 loss=-0.0032 val=15.5859 kl=0.00366 lr=1.46e-04 ent_coef=0.0049 std=1.000 act_ep=5 kl_stop=False
update=1398 steps=2863104 env_sps=448.4 loss=-0.0046 val=23.5007 kl=0.00562 lr=1.45e-04 ent_coef=0.0048 std=1.000 act_ep=5 kl_stop=False
update=1399 steps=2865152 env_sps=448.4 loss=-0.0033 val=22.9962 kl=0.00454 lr=1.45e-04 ent_coef=0.0048 std=0.999 act_ep=5 kl_stop=False
update=1400 steps=2867200 env_sps=448.5 loss=-0.0040 val=18.9404 kl=0.00423 lr=1.45e-04 ent_coef=0.0048 std=1.000 act_ep=5 kl_stop=False
update=1401 steps=2869248 env_sps=448.6 loss=-0.0058 val=23.7306 kl=0.00489 lr=1.45e-04 ent_coef=0.0048 std=1.000 act_ep=5 kl_stop=False
update=1402 steps=2871296 env_sps=448.7 loss=-0.0029 val=20.7508 kl=0.00503 lr=1.45e-04 ent_coef=0.0048 std=0.999 act_ep=5 kl_stop=False
update=1403 steps=2873344 env_sps=448.8 loss=-0.0064 val=24.0284 kl=0.00662 lr=1.45e-04 ent_coef=0.0048 std=1.000 act_ep=5 kl_stop=False
update=1404 steps=2875392 env_sps=448.8 loss=-0.0027 val=25.3316 kl=0.00406 lr=1.45e-04 ent_coef=0.0048 std=1.000 act_ep=5 kl_stop=False
update=1405 steps=2877440 env_sps=448.9 loss=-0.0045 val=13.5557 kl=0.00386 lr=1.45e-04 ent_coef=0.0048 std=0.999 act_ep=5 kl_stop=False
update=1406 steps=2879488 env_sps=448.9 loss=-0.0043 val=17.2854 kl=0.00425 lr=1.45e-04 ent_coef=0.0048 std=0.998 act_ep=5 kl_stop=False
update=1407 steps=2881536 env_sps=449.0 loss=-0.0036 val=26.8921 kl=0.00404 lr=1.44e-04 ent_coef=0.0048 std=0.999 act_ep=5 kl_stop=False
update=1408 steps=2883584 env_sps=449.1 loss=-0.0049 val=26.7446 kl=0.00503 lr=1.44e-04 ent_coef=0.0048 std=1.000 act_ep=5 kl_stop=False
update=1409 steps=2885632 env_sps=449.2 loss=-0.0045 val=13.3440 kl=0.00519 lr=1.44e-04 ent_coef=0.0048 std=1.000 act_ep=5 kl_stop=False
update=1410 steps=2887680 env_sps=449.2 loss=-0.0024 val=12.9018 kl=0.00283 lr=1.44e-04 ent_coef=0.0048 std=0.999 act_ep=5 kl_stop=False
update=1411 steps=2889728 env_sps=449.3 loss=-0.0043 val=33.1506 kl=0.00598 lr=1.44e-04 ent_coef=0.0048 std=1.000 act_ep=5 kl_stop=False
update=1412 steps=2891776 env_sps=449.3 loss=-0.0037 val=17.2212 kl=0.00468 lr=1.44e-04 ent_coef=0.0048 std=1.000 act_ep=5 kl_stop=False
update=1413 steps=2893824 env_sps=449.4 loss=-0.0032 val=26.2381 kl=0.00432 lr=1.44e-04 ent_coef=0.0048 std=1.000 act_ep=5 kl_stop=False
update=1414 steps=2895872 env_sps=449.5 loss=-0.0036 val=26.0328 kl=0.00347 lr=1.44e-04 ent_coef=0.0048 std=0.999 act_ep=5 kl_stop=False
update=1415 steps=2897920 env_sps=449.5 loss=-0.0034 val=4.0870 kl=0.00525 lr=1.44e-04 ent_coef=0.0048 std=1.000 act_ep=5 kl_stop=False
update=1416 steps=2899968 env_sps=449.6 loss=-0.0024 val=19.8613 kl=0.00294 lr=1.43e-04 ent_coef=0.0048 std=1.000 act_ep=5 kl_stop=False
update=1417 steps=2902016 env_sps=449.7 loss=-0.0024 val=15.9004 kl=0.00393 lr=1.43e-04 ent_coef=0.0048 std=1.000 act_ep=5 kl_stop=False
update=1418 steps=2904064 env_sps=446.5 loss=-0.0045 val=23.5728 kl=0.00336 lr=1.43e-04 ent_coef=0.0048 std=1.000 act_ep=5 kl_stop=False
update=1419 steps=2906112 env_sps=446.6 loss=-0.0031 val=5.3069 kl=0.00312 lr=1.43e-04 ent_coef=0.0048 std=0.999 act_ep=5 kl_stop=False
update=1420 steps=2908160 env_sps=446.7 loss=-0.0026 val=21.6652 kl=0.00306 lr=1.43e-04 ent_coef=0.0048 std=0.999 act_ep=5 kl_stop=False
update=1421 steps=2910208 env_sps=446.7 loss=-0.0019 val=21.2962 kl=0.00283 lr=1.43e-04 ent_coef=0.0048 std=0.999 act_ep=5 kl_stop=False
update=1422 steps=2912256 env_sps=446.8 loss=-0.0026 val=6.9868 kl=0.00309 lr=1.43e-04 ent_coef=0.0048 std=1.000 act_ep=5 kl_stop=False
update=1423 steps=2914304 env_sps=446.9 loss=-0.0026 val=6.4852 kl=0.00372 lr=1.43e-04 ent_coef=0.0048 std=0.999 act_ep=5 kl_stop=False
update=1424 steps=2916352 env_sps=446.9 loss=-0.0038 val=15.3266 kl=0.00453 lr=1.43e-04 ent_coef=0.0048 std=0.999 act_ep=5 kl_stop=False
update=1425 steps=2918400 env_sps=447.0 loss=-0.0030 val=15.5345 kl=0.00478 lr=1.42e-04 ent_coef=0.0047 std=0.999 act_ep=5 kl_stop=False
update=1426 steps=2920448 env_sps=447.1 loss=-0.0033 val=14.4216 kl=0.00366 lr=1.42e-04 ent_coef=0.0047 std=0.999 act_ep=5 kl_stop=False
update=1427 steps=2922496 env_sps=447.1 loss=-0.0033 val=14.4426 kl=0.00357 lr=1.42e-04 ent_coef=0.0047 std=0.999 act_ep=5 kl_stop=False
update=1428 steps=2924544 env_sps=447.2 loss=-0.0021 val=8.0778 kl=0.00312 lr=1.42e-04 ent_coef=0.0047 std=0.999 act_ep=5 kl_stop=False
update=1429 steps=2926592 env_sps=447.3 loss=-0.0023 val=26.4214 kl=0.00373 lr=1.42e-04 ent_coef=0.0047 std=1.000 act_ep=5 kl_stop=False
update=1430 steps=2928640 env_sps=447.4 loss=-0.0038 val=20.2006 kl=0.00396 lr=1.42e-04 ent_coef=0.0047 std=1.000 act_ep=5 kl_stop=False
update=1431 steps=2930688 env_sps=447.4 loss=-0.0031 val=25.1470 kl=0.00403 lr=1.42e-04 ent_coef=0.0047 std=1.000 act_ep=5 kl_stop=False
update=1432 steps=2932736 env_sps=447.5 loss=-0.0026 val=11.5985 kl=0.00286 lr=1.42e-04 ent_coef=0.0047 std=1.000 act_ep=5 kl_stop=False
update=1433 steps=2934784 env_sps=447.6 loss=-0.0043 val=29.8249 kl=0.00385 lr=1.42e-04 ent_coef=0.0047 std=1.000 act_ep=5 kl_stop=False
update=1434 steps=2936832 env_sps=447.7 loss=-0.0026 val=13.4331 kl=0.00406 lr=1.41e-04 ent_coef=0.0047 std=0.999 act_ep=5 kl_stop=False
update=1435 steps=2938880 env_sps=447.7 loss=-0.0027 val=9.0664 kl=0.00407 lr=1.41e-04 ent_coef=0.0047 std=0.998 act_ep=5 kl_stop=False
update=1436 steps=2940928 env_sps=447.8 loss=-0.0040 val=8.3760 kl=0.00534 lr=1.41e-04 ent_coef=0.0047 std=0.998 act_ep=5 kl_stop=False
update=1437 steps=2942976 env_sps=447.8 loss=-0.0039 val=18.2898 kl=0.00443 lr=1.41e-04 ent_coef=0.0047 std=0.998 act_ep=5 kl_stop=False
update=1438 steps=2945024 env_sps=447.9 loss=-0.0019 val=3.9046 kl=0.00240 lr=1.41e-04 ent_coef=0.0047 std=0.998 act_ep=5 kl_stop=False
update=1439 steps=2947072 env_sps=448.0 loss=-0.0030 val=23.2017 kl=0.00296 lr=1.41e-04 ent_coef=0.0047 std=0.998 act_ep=5 kl_stop=False
update=1440 steps=2949120 env_sps=448.0 loss=-0.0031 val=8.0944 kl=0.00319 lr=1.41e-04 ent_coef=0.0047 std=0.998 act_ep=5 kl_stop=False
update=1441 steps=2951168 env_sps=448.1 loss=-0.0031 val=19.7162 kl=0.00326 lr=1.41e-04 ent_coef=0.0047 std=0.997 act_ep=5 kl_stop=False
update=1442 steps=2953216 env_sps=448.2 loss=-0.0031 val=16.3075 kl=0.00366 lr=1.41e-04 ent_coef=0.0047 std=0.997 act_ep=5 kl_stop=False
update=1443 steps=2955264 env_sps=448.2 loss=-0.0045 val=13.2354 kl=0.00405 lr=1.40e-04 ent_coef=0.0047 std=0.998 act_ep=5 kl_stop=False
update=1444 steps=2957312 env_sps=448.3 loss=-0.0030 val=11.1098 kl=0.00419 lr=1.40e-04 ent_coef=0.0047 std=0.998 act_ep=5 kl_stop=False
update=1445 steps=2959360 env_sps=448.4 loss=-0.0037 val=17.1585 kl=0.00421 lr=1.40e-04 ent_coef=0.0047 std=0.998 act_ep=5 kl_stop=False
update=1446 steps=2961408 env_sps=448.4 loss=-0.0035 val=12.1029 kl=0.00241 lr=1.40e-04 ent_coef=0.0047 std=0.998 act_ep=5 kl_stop=False
update=1447 steps=2963456 env_sps=448.5 loss=-0.0022 val=18.3599 kl=0.00274 lr=1.40e-04 ent_coef=0.0047 std=0.998 act_ep=5 kl_stop=False
update=1448 steps=2965504 env_sps=448.5 loss=-0.0038 val=9.0164 kl=0.00443 lr=1.40e-04 ent_coef=0.0047 std=0.998 act_ep=5 kl_stop=False
update=1449 steps=2967552 env_sps=448.6 loss=-0.0029 val=17.0465 kl=0.00443 lr=1.40e-04 ent_coef=0.0047 std=0.997 act_ep=5 kl_stop=False
update=1450 steps=2969600 env_sps=448.6 loss=-0.0019 val=17.6559 kl=0.00210 lr=1.40e-04 ent_coef=0.0047 std=0.997 act_ep=5 kl_stop=False
update=1451 steps=2971648 env_sps=448.7 loss=-0.0031 val=15.8091 kl=0.00224 lr=1.40e-04 ent_coef=0.0047 std=0.998 act_ep=5 kl_stop=False
update=1452 steps=2973696 env_sps=448.8 loss=-0.0043 val=25.2012 kl=0.00391 lr=1.39e-04 ent_coef=0.0046 std=0.998 act_ep=5 kl_stop=False
update=1453 steps=2975744 env_sps=448.8 loss=-0.0033 val=13.6828 kl=0.00340 lr=1.39e-04 ent_coef=0.0046 std=0.998 act_ep=5 kl_stop=False
update=1454 steps=2977792 env_sps=448.9 loss=-0.0027 val=19.2826 kl=0.00254 lr=1.39e-04 ent_coef=0.0046 std=0.998 act_ep=5 kl_stop=False
update=1455 steps=2979840 env_sps=448.9 loss=-0.0033 val=10.4116 kl=0.00467 lr=1.39e-04 ent_coef=0.0046 std=0.998 act_ep=5 kl_stop=False
update=1456 steps=2981888 env_sps=449.0 loss=-0.0049 val=8.0388 kl=0.00461 lr=1.39e-04 ent_coef=0.0046 std=0.997 act_ep=5 kl_stop=False
update=1457 steps=2983936 env_sps=449.1 loss=-0.0044 val=6.9651 kl=0.00475 lr=1.39e-04 ent_coef=0.0046 std=0.998 act_ep=5 kl_stop=False
update=1458 steps=2985984 env_sps=449.1 loss=-0.0042 val=16.1825 kl=0.00493 lr=1.39e-04 ent_coef=0.0046 std=0.998 act_ep=5 kl_stop=False
update=1459 steps=2988032 env_sps=449.2 loss=-0.0018 val=9.3350 kl=0.00291 lr=1.39e-04 ent_coef=0.0046 std=0.998 act_ep=5 kl_stop=False
update=1460 steps=2990080 env_sps=449.2 loss=-0.0024 val=3.9686 kl=0.00223 lr=1.39e-04 ent_coef=0.0046 std=0.997 act_ep=5 kl_stop=False
update=1461 steps=2992128 env_sps=449.3 loss=-0.0030 val=22.2428 kl=0.00306 lr=1.38e-04 ent_coef=0.0046 std=0.996 act_ep=5 kl_stop=False
update=1462 steps=2994176 env_sps=449.3 loss=-0.0032 val=6.9293 kl=0.00296 lr=1.38e-04 ent_coef=0.0046 std=0.995 act_ep=5 kl_stop=False
update=1463 steps=2996224 env_sps=449.4 loss=-0.0025 val=17.6003 kl=0.00450 lr=1.38e-04 ent_coef=0.0046 std=0.995 act_ep=5 kl_stop=False
update=1464 steps=2998272 env_sps=449.4 loss=-0.0036 val=8.2114 kl=0.00438 lr=1.38e-04 ent_coef=0.0046 std=0.994 act_ep=5 kl_stop=False
update=1465 steps=3000320 env_sps=449.5 loss=-0.0041 val=19.6721 kl=0.00339 lr=1.38e-04 ent_coef=0.0046 std=0.995 act_ep=5 kl_stop=False
update=1466 steps=3002368 env_sps=446.1 loss=-0.0035 val=6.5712 kl=0.00440 lr=1.38e-04 ent_coef=0.0046 std=0.994 act_ep=5 kl_stop=False
update=1467 steps=3004416 env_sps=446.1 loss=-0.0028 val=5.1899 kl=0.00298 lr=1.38e-04 ent_coef=0.0046 std=0.993 act_ep=5 kl_stop=False
update=1468 steps=3006464 env_sps=446.2 loss=-0.0023 val=10.0409 kl=0.00260 lr=1.38e-04 ent_coef=0.0046 std=0.994 act_ep=5 kl_stop=False
update=1469 steps=3008512 env_sps=446.2 loss=-0.0056 val=22.8811 kl=0.00438 lr=1.38e-04 ent_coef=0.0046 std=0.994 act_ep=5 kl_stop=False
update=1470 steps=3010560 env_sps=446.3 loss=-0.0041 val=8.0422 kl=0.00472 lr=1.37e-04 ent_coef=0.0046 std=0.993 act_ep=5 kl_stop=False
update=1471 steps=3012608 env_sps=446.4 loss=-0.0046 val=23.5224 kl=0.00362 lr=1.37e-04 ent_coef=0.0046 std=0.993 act_ep=5 kl_stop=False
update=1472 steps=3014656 env_sps=446.4 loss=-0.0029 val=5.5755 kl=0.00271 lr=1.37e-04 ent_coef=0.0046 std=0.994 act_ep=5 kl_stop=False
update=1473 steps=3016704 env_sps=446.5 loss=-0.0032 val=11.4166 kl=0.00450 lr=1.37e-04 ent_coef=0.0046 std=0.995 act_ep=5 kl_stop=False
update=1474 steps=3018752 env_sps=446.6 loss=-0.0033 val=7.9895 kl=0.00429 lr=1.37e-04 ent_coef=0.0046 std=0.997 act_ep=5 kl_stop=False
update=1475 steps=3020800 env_sps=446.6 loss=-0.0035 val=9.5743 kl=0.00382 lr=1.37e-04 ent_coef=0.0046 std=0.997 act_ep=5 kl_stop=False
update=1476 steps=3022848 env_sps=446.7 loss=-0.0035 val=9.2544 kl=0.00474 lr=1.37e-04 ent_coef=0.0046 std=0.997 act_ep=5 kl_stop=False
update=1477 steps=3024896 env_sps=446.7 loss=-0.0031 val=25.2942 kl=0.00514 lr=1.37e-04 ent_coef=0.0046 std=0.998 act_ep=5 kl_stop=False
update=1478 steps=3026944 env_sps=446.8 loss=-0.0027 val=21.9532 kl=0.00242 lr=1.37e-04 ent_coef=0.0046 std=0.998 act_ep=5 kl_stop=False
update=1479 steps=3028992 env_sps=446.8 loss=-0.0048 val=15.4803 kl=0.00496 lr=1.36e-04 ent_coef=0.0045 std=0.998 act_ep=5 kl_stop=False
update=1480 steps=3031040 env_sps=446.9 loss=-0.0044 val=13.0438 kl=0.00482 lr=1.36e-04 ent_coef=0.0045 std=0.999 act_ep=5 kl_stop=False
update=1481 steps=3033088 env_sps=447.0 loss=-0.0025 val=8.1662 kl=0.00368 lr=1.36e-04 ent_coef=0.0045 std=1.000 act_ep=5 kl_stop=False
update=1482 steps=3035136 env_sps=447.0 loss=-0.0032 val=8.6541 kl=0.00400 lr=1.36e-04 ent_coef=0.0045 std=1.000 act_ep=5 kl_stop=False
update=1483 steps=3037184 env_sps=447.1 loss=-0.0035 val=10.2125 kl=0.00312 lr=1.36e-04 ent_coef=0.0045 std=1.000 act_ep=5 kl_stop=False
update=1484 steps=3039232 env_sps=447.1 loss=-0.0035 val=12.9359 kl=0.00320 lr=1.36e-04 ent_coef=0.0045 std=1.000 act_ep=5 kl_stop=False
update=1485 steps=3041280 env_sps=447.2 loss=-0.0039 val=8.8777 kl=0.00563 lr=1.36e-04 ent_coef=0.0045 std=1.000 act_ep=5 kl_stop=False
update=1486 steps=3043328 env_sps=447.3 loss=-0.0030 val=8.1367 kl=0.00328 lr=1.36e-04 ent_coef=0.0045 std=1.000 act_ep=5 kl_stop=False
update=1487 steps=3045376 env_sps=447.3 loss=-0.0031 val=4.2252 kl=0.00399 lr=1.36e-04 ent_coef=0.0045 std=0.999 act_ep=5 kl_stop=False
update=1488 steps=3047424 env_sps=447.4 loss=-0.0050 val=16.5208 kl=0.00436 lr=1.35e-04 ent_coef=0.0045 std=0.999 act_ep=5 kl_stop=False
update=1489 steps=3049472 env_sps=447.4 loss=-0.0019 val=7.6163 kl=0.00305 lr=1.35e-04 ent_coef=0.0045 std=0.999 act_ep=5 kl_stop=False
update=1490 steps=3051520 env_sps=447.5 loss=-0.0043 val=14.2668 kl=0.00353 lr=1.35e-04 ent_coef=0.0045 std=1.000 act_ep=5 kl_stop=False
update=1491 steps=3053568 env_sps=447.5 loss=-0.0032 val=6.4871 kl=0.00446 lr=1.35e-04 ent_coef=0.0045 std=1.000 act_ep=5 kl_stop=False
update=1492 steps=3055616 env_sps=447.6 loss=-0.0017 val=3.6406 kl=0.00228 lr=1.35e-04 ent_coef=0.0045 std=0.999 act_ep=5 kl_stop=False
update=1493 steps=3057664 env_sps=447.6 loss=-0.0047 val=1.8382 kl=0.00570 lr=1.35e-04 ent_coef=0.0045 std=0.998 act_ep=5 kl_stop=False
update=1494 steps=3059712 env_sps=447.7 loss=-0.0035 val=5.2414 kl=0.00443 lr=1.35e-04 ent_coef=0.0045 std=0.999 act_ep=5 kl_stop=False
update=1495 steps=3061760 env_sps=447.7 loss=-0.0037 val=3.8179 kl=0.00474 lr=1.35e-04 ent_coef=0.0045 std=0.999 act_ep=5 kl_stop=False
update=1496 steps=3063808 env_sps=447.8 loss=-0.0030 val=15.7024 kl=0.00274 lr=1.35e-04 ent_coef=0.0045 std=0.998 act_ep=5 kl_stop=False
update=1497 steps=3065856 env_sps=447.8 loss=-0.0041 val=13.6701 kl=0.00393 lr=1.34e-04 ent_coef=0.0045 std=0.998 act_ep=5 kl_stop=False
update=1498 steps=3067904 env_sps=447.9 loss=-0.0029 val=8.7454 kl=0.00497 lr=1.34e-04 ent_coef=0.0045 std=0.997 act_ep=5 kl_stop=False
update=1499 steps=3069952 env_sps=447.9 loss=-0.0053 val=14.0924 kl=0.00593 lr=1.34e-04 ent_coef=0.0045 std=0.997 act_ep=5 kl_stop=False
update=1500 steps=3072000 env_sps=448.0 loss=-0.0036 val=5.3851 kl=0.00329 lr=1.34e-04 ent_coef=0.0045 std=0.998 act_ep=5 kl_stop=False
update=1501 steps=3074048 env_sps=448.0 loss=-0.0040 val=7.7928 kl=0.00333 lr=1.34e-04 ent_coef=0.0045 std=0.998 act_ep=5 kl_stop=False
update=1502 steps=3076096 env_sps=448.1 loss=-0.0032 val=17.4140 kl=0.00363 lr=1.34e-04 ent_coef=0.0045 std=0.998 act_ep=5 kl_stop=False
update=1503 steps=3078144 env_sps=448.2 loss=-0.0040 val=9.2575 kl=0.00466 lr=1.34e-04 ent_coef=0.0045 std=0.998 act_ep=5 kl_stop=False
update=1504 steps=3080192 env_sps=448.2 loss=-0.0034 val=10.8863 kl=0.00454 lr=1.34e-04 ent_coef=0.0045 std=0.998 act_ep=5 kl_stop=False
update=1505 steps=3082240 env_sps=448.3 loss=-0.0024 val=2.5768 kl=0.00391 lr=1.34e-04 ent_coef=0.0045 std=0.998 act_ep=5 kl_stop=False
update=1506 steps=3084288 env_sps=448.3 loss=-0.0052 val=10.9525 kl=0.00454 lr=1.33e-04 ent_coef=0.0044 std=0.999 act_ep=5 kl_stop=False
update=1507 steps=3086336 env_sps=448.4 loss=-0.0110 val=8.5514 kl=0.03146 lr=1.33e-04 ent_coef=0.0044 std=0.999 act_ep=1 kl_stop=True
update=1508 steps=3088384 env_sps=448.5 loss=-0.0041 val=18.7141 kl=0.00488 lr=1.33e-04 ent_coef=0.0044 std=1.000 act_ep=5 kl_stop=False
update=1509 steps=3090432 env_sps=448.5 loss=-0.0032 val=6.3478 kl=0.00316 lr=1.33e-04 ent_coef=0.0044 std=1.000 act_ep=5 kl_stop=False
update=1510 steps=3092480 env_sps=448.6 loss=-0.0024 val=17.5034 kl=0.00289 lr=1.33e-04 ent_coef=0.0044 std=0.999 act_ep=5 kl_stop=False
update=1511 steps=3094528 env_sps=448.6 loss=-0.0043 val=22.9225 kl=0.00545 lr=1.33e-04 ent_coef=0.0044 std=1.000 act_ep=5 kl_stop=False
update=1512 steps=3096576 env_sps=448.7 loss=-0.0037 val=22.0195 kl=0.00522 lr=1.33e-04 ent_coef=0.0044 std=1.000 act_ep=5 kl_stop=False
update=1513 steps=3098624 env_sps=448.8 loss=-0.0028 val=6.2459 kl=0.00383 lr=1.33e-04 ent_coef=0.0044 std=1.000 act_ep=5 kl_stop=False
update=1514 steps=3100672 env_sps=448.8 loss=-0.0026 val=5.9607 kl=0.00399 lr=1.33e-04 ent_coef=0.0044 std=1.000 act_ep=5 kl_stop=False
update=1515 steps=3102720 env_sps=445.0 loss=-0.0032 val=9.7194 kl=0.00477 lr=1.32e-04 ent_coef=0.0044 std=1.000 act_ep=5 kl_stop=False
update=1516 steps=3104768 env_sps=445.1 loss=-0.0022 val=1.6149 kl=0.00346 lr=1.32e-04 ent_coef=0.0044 std=1.000 act_ep=5 kl_stop=False
update=1517 steps=3106816 env_sps=445.1 loss=-0.0041 val=8.8053 kl=0.00569 lr=1.32e-04 ent_coef=0.0044 std=1.000 act_ep=5 kl_stop=False
update=1518 steps=3108864 env_sps=445.2 loss=-0.0027 val=12.3452 kl=0.00353 lr=1.32e-04 ent_coef=0.0044 std=1.000 act_ep=5 kl_stop=False
update=1519 steps=3110912 env_sps=445.3 loss=-0.0033 val=5.8667 kl=0.00383 lr=1.32e-04 ent_coef=0.0044 std=1.000 act_ep=5 kl_stop=False
update=1520 steps=3112960 env_sps=445.3 loss=-0.0030 val=27.3705 kl=0.00385 lr=1.32e-04 ent_coef=0.0044 std=1.000 act_ep=5 kl_stop=False
update=1521 steps=3115008 env_sps=445.4 loss=-0.0024 val=8.1187 kl=0.00359 lr=1.32e-04 ent_coef=0.0044 std=1.000 act_ep=5 kl_stop=False
update=1522 steps=3117056 env_sps=445.4 loss=-0.0037 val=9.2811 kl=0.00330 lr=1.32e-04 ent_coef=0.0044 std=0.999 act_ep=5 kl_stop=False
update=1523 steps=3119104 env_sps=445.5 loss=-0.0036 val=19.7730 kl=0.00431 lr=1.32e-04 ent_coef=0.0044 std=0.998 act_ep=5 kl_stop=False
update=1524 steps=3121152 env_sps=445.5 loss=-0.0028 val=22.8424 kl=0.00474 lr=1.31e-04 ent_coef=0.0044 std=0.999 act_ep=5 kl_stop=False
update=1525 steps=3123200 env_sps=445.6 loss=-0.0027 val=3.9292 kl=0.00326 lr=1.31e-04 ent_coef=0.0044 std=0.998 act_ep=5 kl_stop=False
update=1526 steps=3125248 env_sps=445.6 loss=-0.0033 val=13.6686 kl=0.00332 lr=1.31e-04 ent_coef=0.0044 std=0.998 act_ep=5 kl_stop=False
update=1527 steps=3127296 env_sps=445.7 loss=-0.0036 val=5.3586 kl=0.00413 lr=1.31e-04 ent_coef=0.0044 std=0.998 act_ep=5 kl_stop=False
update=1528 steps=3129344 env_sps=445.7 loss=-0.0035 val=9.3698 kl=0.00351 lr=1.31e-04 ent_coef=0.0044 std=0.998 act_ep=5 kl_stop=False
update=1529 steps=3131392 env_sps=445.8 loss=-0.0031 val=12.6216 kl=0.00356 lr=1.31e-04 ent_coef=0.0044 std=0.998 act_ep=5 kl_stop=False
update=1530 steps=3133440 env_sps=445.8 loss=-0.0022 val=3.8403 kl=0.00265 lr=1.31e-04 ent_coef=0.0044 std=0.999 act_ep=5 kl_stop=False
update=1531 steps=3135488 env_sps=445.9 loss=-0.0038 val=33.7371 kl=0.00381 lr=1.31e-04 ent_coef=0.0044 std=0.999 act_ep=5 kl_stop=False
update=1532 steps=3137536 env_sps=445.9 loss=-0.0028 val=2.7891 kl=0.00423 lr=1.31e-04 ent_coef=0.0044 std=0.999 act_ep=5 kl_stop=False
update=1533 steps=3139584 env_sps=446.0 loss=-0.0034 val=7.4498 kl=0.00322 lr=1.30e-04 ent_coef=0.0043 std=0.999 act_ep=5 kl_stop=False
update=1534 steps=3141632 env_sps=446.1 loss=-0.0040 val=6.8114 kl=0.00377 lr=1.30e-04 ent_coef=0.0043 std=0.999 act_ep=5 kl_stop=False
update=1535 steps=3143680 env_sps=446.1 loss=-0.0029 val=7.8128 kl=0.00276 lr=1.30e-04 ent_coef=0.0043 std=0.998 act_ep=5 kl_stop=False
update=1536 steps=3145728 env_sps=446.2 loss=-0.0025 val=3.0071 kl=0.00226 lr=1.30e-04 ent_coef=0.0043 std=0.998 act_ep=5 kl_stop=False
update=1537 steps=3147776 env_sps=446.2 loss=-0.0023 val=9.6776 kl=0.00206 lr=1.30e-04 ent_coef=0.0043 std=0.997 act_ep=5 kl_stop=False
update=1538 steps=3149824 env_sps=446.3 loss=-0.0041 val=8.0059 kl=0.00462 lr=1.30e-04 ent_coef=0.0043 std=0.995 act_ep=5 kl_stop=False
update=1539 steps=3151872 env_sps=446.3 loss=-0.0044 val=9.4383 kl=0.00407 lr=1.30e-04 ent_coef=0.0043 std=0.996 act_ep=5 kl_stop=False
update=1540 steps=3153920 env_sps=446.4 loss=-0.0033 val=7.0357 kl=0.00514 lr=1.30e-04 ent_coef=0.0043 std=0.996 act_ep=5 kl_stop=False
update=1541 steps=3155968 env_sps=446.5 loss=-0.0026 val=8.3323 kl=0.00439 lr=1.30e-04 ent_coef=0.0043 std=0.997 act_ep=5 kl_stop=False
update=1542 steps=3158016 env_sps=446.5 loss=-0.0034 val=2.5019 kl=0.00521 lr=1.29e-04 ent_coef=0.0043 std=0.998 act_ep=5 kl_stop=False
update=1543 steps=3160064 env_sps=446.5 loss=-0.0034 val=9.8219 kl=0.00382 lr=1.29e-04 ent_coef=0.0043 std=0.998 act_ep=5 kl_stop=False
update=1544 steps=3162112 env_sps=446.6 loss=-0.0028 val=3.3284 kl=0.00377 lr=1.29e-04 ent_coef=0.0043 std=0.998 act_ep=5 kl_stop=False
update=1545 steps=3164160 env_sps=446.7 loss=-0.0050 val=22.8873 kl=0.00411 lr=1.29e-04 ent_coef=0.0043 std=0.998 act_ep=5 kl_stop=False
update=1546 steps=3166208 env_sps=446.7 loss=-0.0013 val=9.6130 kl=0.00652 lr=1.29e-04 ent_coef=0.0043 std=0.999 act_ep=5 kl_stop=False
update=1547 steps=3168256 env_sps=446.8 loss=-0.0025 val=14.0721 kl=0.00272 lr=1.29e-04 ent_coef=0.0043 std=1.000 act_ep=5 kl_stop=False
update=1548 steps=3170304 env_sps=446.8 loss=-0.0016 val=4.4068 kl=0.00267 lr=1.29e-04 ent_coef=0.0043 std=0.999 act_ep=5 kl_stop=False
update=1549 steps=3172352 env_sps=446.9 loss=-0.0043 val=13.6646 kl=0.00526 lr=1.29e-04 ent_coef=0.0043 std=0.998 act_ep=5 kl_stop=False
update=1550 steps=3174400 env_sps=446.9 loss=-0.0034 val=5.2732 kl=0.00305 lr=1.29e-04 ent_coef=0.0043 std=0.999 act_ep=5 kl_stop=False
update=1551 steps=3176448 env_sps=447.0 loss=-0.0023 val=5.4488 kl=0.00437 lr=1.28e-04 ent_coef=0.0043 std=1.000 act_ep=5 kl_stop=False
update=1552 steps=3178496 env_sps=447.0 loss=-0.0024 val=10.0223 kl=0.00351 lr=1.28e-04 ent_coef=0.0043 std=1.000 act_ep=5 kl_stop=False
update=1553 steps=3180544 env_sps=447.1 loss=-0.0020 val=3.1352 kl=0.00804 lr=1.28e-04 ent_coef=0.0043 std=1.000 act_ep=3 kl_stop=True
update=1554 steps=3182592 env_sps=447.2 loss=-0.0003 val=21.7836 kl=0.00728 lr=1.28e-04 ent_coef=0.0043 std=1.000 act_ep=4 kl_stop=True
update=1555 steps=3184640 env_sps=447.2 loss=-0.0020 val=2.9394 kl=0.00392 lr=1.28e-04 ent_coef=0.0043 std=1.000 act_ep=5 kl_stop=False
update=1556 steps=3186688 env_sps=447.2 loss=-0.0033 val=5.8912 kl=0.00529 lr=1.28e-04 ent_coef=0.0043 std=1.000 act_ep=5 kl_stop=False
update=1557 steps=3188736 env_sps=447.3 loss=-0.0015 val=2.1237 kl=0.00430 lr=1.28e-04 ent_coef=0.0043 std=1.000 act_ep=5 kl_stop=False
update=1558 steps=3190784 env_sps=447.4 loss=-0.0029 val=11.5661 kl=0.00578 lr=1.28e-04 ent_coef=0.0043 std=1.000 act_ep=5 kl_stop=False
update=1559 steps=3192832 env_sps=447.4 loss=-0.0038 val=7.8388 kl=0.00530 lr=1.28e-04 ent_coef=0.0043 std=1.000 act_ep=5 kl_stop=False
update=1560 steps=3194880 env_sps=447.5 loss=-0.0018 val=8.4577 kl=0.00403 lr=1.27e-04 ent_coef=0.0042 std=1.000 act_ep=5 kl_stop=False
update=1561 steps=3196928 env_sps=447.5 loss=-0.0030 val=21.7217 kl=0.00389 lr=1.27e-04 ent_coef=0.0042 std=1.000 act_ep=5 kl_stop=False
update=1562 steps=3198976 env_sps=447.6 loss=-0.0009 val=4.7566 kl=0.00344 lr=1.27e-04 ent_coef=0.0042 std=1.000 act_ep=5 kl_stop=False
update=1563 steps=3201024 env_sps=447.6 loss=-0.0033 val=3.9571 kl=0.00506 lr=1.27e-04 ent_coef=0.0042 std=1.000 act_ep=5 kl_stop=False
update=1564 steps=3203072 env_sps=443.8 loss=-0.0007 val=2.2728 kl=0.00516 lr=1.27e-04 ent_coef=0.0042 std=1.000 act_ep=5 kl_stop=False
update=1565 steps=3205120 env_sps=443.9 loss=-0.0048 val=11.3786 kl=0.00724 lr=1.27e-04 ent_coef=0.0042 std=0.999 act_ep=5 kl_stop=False
update=1566 steps=3207168 env_sps=444.0 loss=-0.0049 val=7.1128 kl=0.00689 lr=1.27e-04 ent_coef=0.0042 std=0.999 act_ep=5 kl_stop=False
update=1567 steps=3209216 env_sps=444.1 loss=-0.0046 val=7.0310 kl=0.00634 lr=1.27e-04 ent_coef=0.0042 std=0.999 act_ep=5 kl_stop=False
update=1568 steps=3211264 env_sps=444.1 loss=-0.0028 val=7.3827 kl=0.00472 lr=1.27e-04 ent_coef=0.0042 std=0.999 act_ep=5 kl_stop=False
update=1569 steps=3213312 env_sps=444.2 loss=-0.0020 val=6.4088 kl=0.00385 lr=1.26e-04 ent_coef=0.0042 std=0.999 act_ep=5 kl_stop=False
update=1570 steps=3215360 env_sps=444.2 loss=-0.0017 val=8.1472 kl=0.00333 lr=1.26e-04 ent_coef=0.0042 std=0.998 act_ep=5 kl_stop=False
update=1571 steps=3217408 env_sps=444.3 loss=-0.0023 val=8.8291 kl=0.00381 lr=1.26e-04 ent_coef=0.0042 std=0.998 act_ep=5 kl_stop=False
update=1572 steps=3219456 env_sps=444.4 loss=-0.0042 val=4.6567 kl=0.00580 lr=1.26e-04 ent_coef=0.0042 std=0.998 act_ep=5 kl_stop=False
update=1573 steps=3221504 env_sps=444.4 loss=-0.0048 val=5.6216 kl=0.00625 lr=1.26e-04 ent_coef=0.0042 std=0.999 act_ep=5 kl_stop=False
update=1574 steps=3223552 env_sps=444.5 loss=-0.0029 val=4.9382 kl=0.00400 lr=1.26e-04 ent_coef=0.0042 std=0.999 act_ep=5 kl_stop=False
update=1575 steps=3225600 env_sps=444.6 loss=-0.0035 val=5.4302 kl=0.00393 lr=1.26e-04 ent_coef=0.0042 std=0.999 act_ep=5 kl_stop=False
update=1576 steps=3227648 env_sps=444.6 loss=-0.0017 val=5.0491 kl=0.00311 lr=1.26e-04 ent_coef=0.0042 std=0.998 act_ep=5 kl_stop=False
update=1577 steps=3229696 env_sps=444.7 loss=-0.0031 val=14.9451 kl=0.00335 lr=1.26e-04 ent_coef=0.0042 std=0.998 act_ep=5 kl_stop=False
update=1578 steps=3231744 env_sps=444.7 loss=-0.0023 val=4.8817 kl=0.00488 lr=1.25e-04 ent_coef=0.0042 std=0.998 act_ep=5 kl_stop=False
update=1579 steps=3233792 env_sps=444.8 loss=-0.0030 val=11.7931 kl=0.00316 lr=1.25e-04 ent_coef=0.0042 std=0.997 act_ep=5 kl_stop=False
update=1580 steps=3235840 env_sps=444.9 loss=-0.0038 val=4.5108 kl=0.00418 lr=1.25e-04 ent_coef=0.0042 std=0.995 act_ep=5 kl_stop=False
update=1581 steps=3237888 env_sps=444.9 loss=-0.0030 val=4.0228 kl=0.00648 lr=1.25e-04 ent_coef=0.0042 std=0.995 act_ep=5 kl_stop=False
update=1582 steps=3239936 env_sps=445.0 loss=-0.0054 val=11.9634 kl=0.00562 lr=1.25e-04 ent_coef=0.0042 std=0.995 act_ep=5 kl_stop=False
update=1583 steps=3241984 env_sps=445.0 loss=-0.0023 val=7.5005 kl=0.00531 lr=1.25e-04 ent_coef=0.0042 std=0.996 act_ep=5 kl_stop=False
update=1584 steps=3244032 env_sps=445.1 loss=-0.0025 val=7.7586 kl=0.00448 lr=1.25e-04 ent_coef=0.0042 std=0.996 act_ep=5 kl_stop=False
update=1585 steps=3246080 env_sps=445.2 loss=-0.0023 val=11.9853 kl=0.00388 lr=1.25e-04 ent_coef=0.0042 std=0.997 act_ep=5 kl_stop=False
update=1586 steps=3248128 env_sps=445.2 loss=-0.0012 val=9.5960 kl=0.00378 lr=1.25e-04 ent_coef=0.0042 std=0.997 act_ep=5 kl_stop=False
update=1587 steps=3250176 env_sps=445.3 loss=-0.0037 val=12.4808 kl=0.00415 lr=1.24e-04 ent_coef=0.0041 std=0.996 act_ep=5 kl_stop=False
update=1588 steps=3252224 env_sps=445.3 loss=-0.0034 val=5.2035 kl=0.00389 lr=1.24e-04 ent_coef=0.0041 std=0.995 act_ep=5 kl_stop=False
update=1589 steps=3254272 env_sps=445.4 loss=-0.0033 val=8.4143 kl=0.00367 lr=1.24e-04 ent_coef=0.0041 std=0.994 act_ep=5 kl_stop=False
update=1590 steps=3256320 env_sps=445.4 loss=-0.0030 val=5.5796 kl=0.00433 lr=1.24e-04 ent_coef=0.0041 std=0.994 act_ep=5 kl_stop=False
update=1591 steps=3258368 env_sps=445.5 loss=-0.0058 val=3.7376 kl=0.00483 lr=1.24e-04 ent_coef=0.0041 std=0.995 act_ep=5 kl_stop=False
update=1592 steps=3260416 env_sps=445.5 loss=-0.0027 val=8.4019 kl=0.00374 lr=1.24e-04 ent_coef=0.0041 std=0.994 act_ep=5 kl_stop=False
update=1593 steps=3262464 env_sps=445.6 loss=-0.0028 val=17.7807 kl=0.00458 lr=1.24e-04 ent_coef=0.0041 std=0.993 act_ep=5 kl_stop=False
update=1594 steps=3264512 env_sps=445.6 loss=-0.0042 val=3.0790 kl=0.00573 lr=1.24e-04 ent_coef=0.0041 std=0.991 act_ep=5 kl_stop=False
update=1595 steps=3266560 env_sps=445.7 loss=-0.0037 val=2.6502 kl=0.00624 lr=1.24e-04 ent_coef=0.0041 std=0.991 act_ep=5 kl_stop=False
update=1596 steps=3268608 env_sps=445.7 loss=-0.0015 val=14.9646 kl=0.00439 lr=1.23e-04 ent_coef=0.0041 std=0.992 act_ep=5 kl_stop=False
update=1597 steps=3270656 env_sps=445.8 loss=-0.0041 val=5.0289 kl=0.00524 lr=1.23e-04 ent_coef=0.0041 std=0.993 act_ep=5 kl_stop=False
update=1598 steps=3272704 env_sps=445.8 loss=-0.0010 val=5.9848 kl=0.00268 lr=1.23e-04 ent_coef=0.0041 std=0.994 act_ep=5 kl_stop=False
update=1599 steps=3274752 env_sps=445.9 loss=-0.0007 val=1.2918 kl=0.00400 lr=1.23e-04 ent_coef=0.0041 std=0.994 act_ep=5 kl_stop=False
update=1600 steps=3276800 env_sps=445.9 loss=-0.0035 val=4.5890 kl=0.00620 lr=1.23e-04 ent_coef=0.0041 std=0.994 act_ep=5 kl_stop=False
update=1601 steps=3278848 env_sps=446.0 loss=-0.0037 val=7.3010 kl=0.00504 lr=1.23e-04 ent_coef=0.0041 std=0.995 act_ep=5 kl_stop=False
update=1602 steps=3280896 env_sps=446.0 loss=-0.0029 val=7.4511 kl=0.00630 lr=1.23e-04 ent_coef=0.0041 std=0.995 act_ep=5 kl_stop=False
update=1603 steps=3282944 env_sps=446.1 loss=-0.0024 val=8.8164 kl=0.00306 lr=1.23e-04 ent_coef=0.0041 std=0.995 act_ep=5 kl_stop=False
update=1604 steps=3284992 env_sps=446.1 loss=-0.0059 val=14.3671 kl=0.00682 lr=1.23e-04 ent_coef=0.0041 std=0.995 act_ep=5 kl_stop=False
update=1605 steps=3287040 env_sps=446.2 loss=-0.0028 val=9.9319 kl=0.00371 lr=1.22e-04 ent_coef=0.0041 std=0.995 act_ep=5 kl_stop=False
update=1606 steps=3289088 env_sps=446.2 loss=-0.0030 val=7.3576 kl=0.00463 lr=1.22e-04 ent_coef=0.0041 std=0.995 act_ep=5 kl_stop=False
update=1607 steps=3291136 env_sps=446.3 loss=-0.0018 val=4.2649 kl=0.00271 lr=1.22e-04 ent_coef=0.0041 std=0.994 act_ep=5 kl_stop=False
update=1608 steps=3293184 env_sps=446.3 loss=-0.0005 val=5.3306 kl=0.03075 lr=1.22e-04 ent_coef=0.0041 std=0.994 act_ep=1 kl_stop=True
update=1609 steps=3295232 env_sps=446.4 loss=-0.0013 val=7.2530 kl=0.00237 lr=1.22e-04 ent_coef=0.0041 std=0.995 act_ep=5 kl_stop=False
update=1610 steps=3297280 env_sps=446.4 loss=-0.0035 val=9.3163 kl=0.00406 lr=1.22e-04 ent_coef=0.0041 std=0.996 act_ep=5 kl_stop=False
update=1611 steps=3299328 env_sps=446.5 loss=-0.0038 val=4.2949 kl=0.00459 lr=1.22e-04 ent_coef=0.0041 std=0.996 act_ep=5 kl_stop=False
update=1612 steps=3301376 env_sps=446.5 loss=-0.0025 val=12.1161 kl=0.00550 lr=1.22e-04 ent_coef=0.0041 std=0.996 act_ep=5 kl_stop=False
update=1613 steps=3303424 env_sps=443.2 loss=-0.0034 val=4.5183 kl=0.00436 lr=1.22e-04 ent_coef=0.0041 std=0.996 act_ep=5 kl_stop=False
update=1614 steps=3305472 env_sps=443.2 loss=-0.0029 val=2.6425 kl=0.00485 lr=1.22e-04 ent_coef=0.0041 std=0.996 act_ep=5 kl_stop=False
update=1615 steps=3307520 env_sps=443.3 loss=-0.0017 val=16.1428 kl=0.00329 lr=1.21e-04 ent_coef=0.0040 std=0.996 act_ep=5 kl_stop=False
update=1616 steps=3309568 env_sps=443.3 loss=-0.0031 val=20.6290 kl=0.00389 lr=1.21e-04 ent_coef=0.0040 std=0.997 act_ep=5 kl_stop=False
update=1617 steps=3311616 env_sps=443.3 loss=-0.0046 val=13.1415 kl=0.00499 lr=1.21e-04 ent_coef=0.0040 std=0.998 act_ep=5 kl_stop=False
update=1618 steps=3313664 env_sps=443.4 loss=-0.0028 val=8.1742 kl=0.00379 lr=1.21e-04 ent_coef=0.0040 std=0.998 act_ep=5 kl_stop=False
update=1619 steps=3315712 env_sps=443.5 loss=-0.0039 val=27.1368 kl=0.00393 lr=1.21e-04 ent_coef=0.0040 std=0.998 act_ep=5 kl_stop=False
update=1620 steps=3317760 env_sps=443.5 loss=-0.0037 val=15.5677 kl=0.00329 lr=1.21e-04 ent_coef=0.0040 std=0.999 act_ep=5 kl_stop=False
update=1621 steps=3319808 env_sps=443.6 loss=-0.0024 val=16.6548 kl=0.00219 lr=1.21e-04 ent_coef=0.0040 std=0.999 act_ep=5 kl_stop=False
update=1622 steps=3321856 env_sps=443.6 loss=-0.0044 val=5.9140 kl=0.00432 lr=1.21e-04 ent_coef=0.0040 std=0.999 act_ep=5 kl_stop=False
update=1623 steps=3323904 env_sps=443.7 loss=-0.0023 val=5.5469 kl=0.00193 lr=1.21e-04 ent_coef=0.0040 std=0.999 act_ep=5 kl_stop=False
update=1624 steps=3325952 env_sps=443.7 loss=-0.0028 val=12.3679 kl=0.00396 lr=1.20e-04 ent_coef=0.0040 std=1.000 act_ep=5 kl_stop=False
update=1625 steps=3328000 env_sps=443.8 loss=-0.0033 val=8.6198 kl=0.00480 lr=1.20e-04 ent_coef=0.0040 std=1.000 act_ep=5 kl_stop=False
update=1626 steps=3330048 env_sps=443.8 loss=-0.0030 val=17.6118 kl=0.00158 lr=1.20e-04 ent_coef=0.0040 std=1.000 act_ep=5 kl_stop=False
update=1627 steps=3332096 env_sps=443.9 loss=-0.0031 val=21.1980 kl=0.00500 lr=1.20e-04 ent_coef=0.0040 std=1.000 act_ep=5 kl_stop=False
update=1628 steps=3334144 env_sps=443.9 loss=-0.0035 val=12.3730 kl=0.00291 lr=1.20e-04 ent_coef=0.0040 std=1.000 act_ep=5 kl_stop=False
update=1629 steps=3336192 env_sps=444.0 loss=-0.0015 val=5.8202 kl=0.00432 lr=1.20e-04 ent_coef=0.0040 std=1.000 act_ep=5 kl_stop=False
update=1630 steps=3338240 env_sps=444.0 loss=-0.0045 val=26.2361 kl=0.00599 lr=1.20e-04 ent_coef=0.0040 std=0.999 act_ep=5 kl_stop=False
update=1631 steps=3340288 env_sps=444.1 loss=0.0005 val=11.5503 kl=0.00921 lr=1.20e-04 ent_coef=0.0040 std=1.000 act_ep=4 kl_stop=True
update=1632 steps=3342336 env_sps=444.1 loss=-0.0026 val=11.4153 kl=0.00861 lr=1.20e-04 ent_coef=0.0040 std=0.999 act_ep=5 kl_stop=False
update=1633 steps=3344384 env_sps=444.2 loss=-0.0023 val=20.0351 kl=0.00371 lr=1.19e-04 ent_coef=0.0040 std=0.999 act_ep=5 kl_stop=False
update=1634 steps=3346432 env_sps=444.3 loss=0.0023 val=15.7920 kl=0.00871 lr=1.19e-04 ent_coef=0.0040 std=1.000 act_ep=4 kl_stop=True
update=1635 steps=3348480 env_sps=444.3 loss=-0.0026 val=16.8474 kl=0.00410 lr=1.19e-04 ent_coef=0.0040 std=0.999 act_ep=5 kl_stop=False
update=1636 steps=3350528 env_sps=444.4 loss=0.0436 val=18.4173 kl=0.01549 lr=1.19e-04 ent_coef=0.0040 std=0.999 act_ep=1 kl_stop=True
update=1637 steps=3352576 env_sps=444.4 loss=-0.0020 val=6.3296 kl=0.00463 lr=1.19e-04 ent_coef=0.0040 std=0.998 act_ep=5 kl_stop=False
update=1638 steps=3354624 env_sps=444.5 loss=-0.0002 val=7.8093 kl=0.00667 lr=1.19e-04 ent_coef=0.0040 std=0.998 act_ep=5 kl_stop=False
update=1639 steps=3356672 env_sps=444.5 loss=-0.0032 val=8.4321 kl=0.00611 lr=1.19e-04 ent_coef=0.0040 std=0.997 act_ep=5 kl_stop=False
update=1640 steps=3358720 env_sps=444.5 loss=-0.0027 val=12.2743 kl=0.00361 lr=1.19e-04 ent_coef=0.0040 std=0.997 act_ep=5 kl_stop=False
update=1641 steps=3360768 env_sps=444.6 loss=-0.0022 val=11.1469 kl=0.00421 lr=1.19e-04 ent_coef=0.0040 std=0.997 act_ep=5 kl_stop=False
update=1642 steps=3362816 env_sps=444.7 loss=-0.0031 val=13.4963 kl=0.00566 lr=1.18e-04 ent_coef=0.0039 std=0.997 act_ep=5 kl_stop=False
update=1643 steps=3364864 env_sps=444.7 loss=-0.0028 val=12.2393 kl=0.00545 lr=1.18e-04 ent_coef=0.0039 std=0.997 act_ep=5 kl_stop=False
update=1644 steps=3366912 env_sps=444.7 loss=-0.0030 val=8.2711 kl=0.00466 lr=1.18e-04 ent_coef=0.0039 std=0.997 act_ep=5 kl_stop=False
update=1645 steps=3368960 env_sps=444.8 loss=-0.0085 val=17.1530 kl=0.01463 lr=1.18e-04 ent_coef=0.0039 std=0.997 act_ep=2 kl_stop=True
update=1646 steps=3371008 env_sps=444.8 loss=-0.0040 val=5.0639 kl=0.00492 lr=1.18e-04 ent_coef=0.0039 std=0.997 act_ep=5 kl_stop=False
update=1647 steps=3373056 env_sps=444.9 loss=-0.0030 val=2.8905 kl=0.00522 lr=1.18e-04 ent_coef=0.0039 std=0.997 act_ep=5 kl_stop=False
update=1648 steps=3375104 env_sps=444.9 loss=-0.0022 val=6.0376 kl=0.00426 lr=1.18e-04 ent_coef=0.0039 std=0.997 act_ep=5 kl_stop=False
update=1649 steps=3377152 env_sps=445.0 loss=-0.0030 val=8.4839 kl=0.00449 lr=1.18e-04 ent_coef=0.0039 std=0.997 act_ep=5 kl_stop=False
update=1650 steps=3379200 env_sps=445.1 loss=-0.0036 val=2.9329 kl=0.00345 lr=1.18e-04 ent_coef=0.0039 std=0.998 act_ep=5 kl_stop=False
update=1651 steps=3381248 env_sps=445.1 loss=-0.0021 val=11.2302 kl=0.00334 lr=1.17e-04 ent_coef=0.0039 std=0.999 act_ep=5 kl_stop=False
update=1652 steps=3383296 env_sps=445.2 loss=-0.0033 val=3.3166 kl=0.00362 lr=1.17e-04 ent_coef=0.0039 std=0.999 act_ep=5 kl_stop=False
update=1653 steps=3385344 env_sps=445.2 loss=-0.0029 val=5.9297 kl=0.00403 lr=1.17e-04 ent_coef=0.0039 std=0.999 act_ep=5 kl_stop=False
update=1654 steps=3387392 env_sps=445.3 loss=-0.0029 val=5.3904 kl=0.00356 lr=1.17e-04 ent_coef=0.0039 std=1.000 act_ep=5 kl_stop=False
update=1655 steps=3389440 env_sps=445.3 loss=-0.0034 val=19.3375 kl=0.00322 lr=1.17e-04 ent_coef=0.0039 std=0.999 act_ep=5 kl_stop=False
update=1656 steps=3391488 env_sps=445.4 loss=-0.0031 val=10.0575 kl=0.00334 lr=1.17e-04 ent_coef=0.0039 std=0.998 act_ep=5 kl_stop=False
update=1657 steps=3393536 env_sps=445.4 loss=-0.0025 val=6.0883 kl=0.00336 lr=1.17e-04 ent_coef=0.0039 std=0.998 act_ep=5 kl_stop=False
update=1658 steps=3395584 env_sps=445.5 loss=0.0424 val=4.6575 kl=0.25528 lr=1.17e-04 ent_coef=0.0039 std=0.998 act_ep=1 kl_stop=True
update=1659 steps=3397632 env_sps=445.5 loss=-0.0014 val=8.6211 kl=0.00315 lr=1.17e-04 ent_coef=0.0039 std=0.998 act_ep=5 kl_stop=False
update=1660 steps=3399680 env_sps=445.6 loss=-0.0027 val=15.1952 kl=0.00411 lr=1.16e-04 ent_coef=0.0039 std=0.998 act_ep=5 kl_stop=False
update=1661 steps=3401728 env_sps=445.7 loss=-0.0022 val=3.5227 kl=0.00267 lr=1.16e-04 ent_coef=0.0039 std=0.998 act_ep=5 kl_stop=False
update=1662 steps=3403776 env_sps=442.4 loss=-0.0043 val=9.8216 kl=0.00414 lr=1.16e-04 ent_coef=0.0039 std=0.998 act_ep=5 kl_stop=False
update=1663 steps=3405824 env_sps=442.5 loss=-0.0016 val=5.5314 kl=0.00412 lr=1.16e-04 ent_coef=0.0039 std=0.998 act_ep=5 kl_stop=False
update=1664 steps=3407872 env_sps=442.5 loss=-0.0019 val=2.4023 kl=0.00401 lr=1.16e-04 ent_coef=0.0039 std=0.998 act_ep=5 kl_stop=False
update=1665 steps=3409920 env_sps=442.6 loss=-0.0034 val=4.3334 kl=0.00404 lr=1.16e-04 ent_coef=0.0039 std=0.997 act_ep=5 kl_stop=False
update=1666 steps=3411968 env_sps=442.6 loss=-0.0031 val=8.3298 kl=0.00209 lr=1.16e-04 ent_coef=0.0039 std=0.998 act_ep=5 kl_stop=False
update=1667 steps=3414016 env_sps=442.7 loss=0.0083 val=3.7071 kl=0.10399 lr=1.16e-04 ent_coef=0.0039 std=0.998 act_ep=1 kl_stop=True
update=1668 steps=3416064 env_sps=442.7 loss=-0.0018 val=4.9955 kl=0.00550 lr=1.16e-04 ent_coef=0.0039 std=0.997 act_ep=5 kl_stop=False
update=1669 steps=3418112 env_sps=442.8 loss=-0.0023 val=13.4555 kl=0.00157 lr=1.15e-04 ent_coef=0.0038 std=0.998 act_ep=5 kl_stop=False
update=1670 steps=3420160 env_sps=442.8 loss=-0.0024 val=6.7354 kl=0.00385 lr=1.15e-04 ent_coef=0.0038 std=0.999 act_ep=5 kl_stop=False
update=1671 steps=3422208 env_sps=442.9 loss=-0.0018 val=4.7974 kl=0.00287 lr=1.15e-04 ent_coef=0.0038 std=0.999 act_ep=5 kl_stop=False
update=1672 steps=3424256 env_sps=442.9 loss=-0.0013 val=1.4733 kl=0.00257 lr=1.15e-04 ent_coef=0.0038 std=0.999 act_ep=5 kl_stop=False
update=1673 steps=3426304 env_sps=443.0 loss=-0.0038 val=0.2478 kl=0.00346 lr=1.15e-04 ent_coef=0.0038 std=0.998 act_ep=5 kl_stop=False
update=1674 steps=3428352 env_sps=443.0 loss=-0.0027 val=4.4252 kl=0.00184 lr=1.15e-04 ent_coef=0.0038 std=0.997 act_ep=5 kl_stop=False
update=1675 steps=3430400 env_sps=443.1 loss=-0.0025 val=9.8833 kl=0.00268 lr=1.15e-04 ent_coef=0.0038 std=0.997 act_ep=5 kl_stop=False
update=1676 steps=3432448 env_sps=443.1 loss=-0.0034 val=6.6658 kl=0.00453 lr=1.15e-04 ent_coef=0.0038 std=0.997 act_ep=5 kl_stop=False
update=1677 steps=3434496 env_sps=443.1 loss=-0.0036 val=3.7599 kl=0.00509 lr=1.15e-04 ent_coef=0.0038 std=0.997 act_ep=5 kl_stop=False
update=1678 steps=3436544 env_sps=443.2 loss=-0.0027 val=5.7420 kl=0.00226 lr=1.14e-04 ent_coef=0.0038 std=0.998 act_ep=5 kl_stop=False
update=1679 steps=3438592 env_sps=443.2 loss=-0.0026 val=9.9126 kl=0.00384 lr=1.14e-04 ent_coef=0.0038 std=0.998 act_ep=5 kl_stop=False
update=1680 steps=3440640 env_sps=443.3 loss=-0.0032 val=5.6016 kl=0.00422 lr=1.14e-04 ent_coef=0.0038 std=0.998 act_ep=5 kl_stop=False
update=1681 steps=3442688 env_sps=443.3 loss=-0.0035 val=17.3225 kl=0.00335 lr=1.14e-04 ent_coef=0.0038 std=0.997 act_ep=5 kl_stop=False
update=1682 steps=3444736 env_sps=443.4 loss=-0.0026 val=4.9881 kl=0.00153 lr=1.14e-04 ent_coef=0.0038 std=0.996 act_ep=5 kl_stop=False
update=1683 steps=3446784 env_sps=443.4 loss=-0.0019 val=1.5630 kl=0.00656 lr=1.14e-04 ent_coef=0.0038 std=0.996 act_ep=5 kl_stop=False
update=1684 steps=3448832 env_sps=443.5 loss=-0.0026 val=3.9610 kl=0.00484 lr=1.14e-04 ent_coef=0.0038 std=0.996 act_ep=5 kl_stop=False
update=1685 steps=3450880 env_sps=443.5 loss=-0.0043 val=12.8335 kl=0.00457 lr=1.14e-04 ent_coef=0.0038 std=0.996 act_ep=5 kl_stop=False
update=1686 steps=3452928 env_sps=443.6 loss=-0.0021 val=0.6381 kl=0.00374 lr=1.14e-04 ent_coef=0.0038 std=0.995 act_ep=5 kl_stop=False
update=1687 steps=3454976 env_sps=443.6 loss=-0.0030 val=3.7131 kl=0.00442 lr=1.13e-04 ent_coef=0.0038 std=0.995 act_ep=5 kl_stop=False
update=1688 steps=3457024 env_sps=443.6 loss=-0.0031 val=7.9675 kl=0.00356 lr=1.13e-04 ent_coef=0.0038 std=0.995 act_ep=5 kl_stop=False
update=1689 steps=3459072 env_sps=443.7 loss=-0.0018 val=7.3513 kl=0.00264 lr=1.13e-04 ent_coef=0.0038 std=0.995 act_ep=5 kl_stop=False
update=1690 steps=3461120 env_sps=443.7 loss=-0.0025 val=6.5692 kl=0.00242 lr=1.13e-04 ent_coef=0.0038 std=0.995 act_ep=5 kl_stop=False
update=1691 steps=3463168 env_sps=443.8 loss=-0.0022 val=7.8312 kl=0.00427 lr=1.13e-04 ent_coef=0.0038 std=0.996 act_ep=5 kl_stop=False
update=1692 steps=3465216 env_sps=443.8 loss=-0.0014 val=5.0995 kl=0.00166 lr=1.13e-04 ent_coef=0.0038 std=0.995 act_ep=5 kl_stop=False
update=1693 steps=3467264 env_sps=443.9 loss=-0.0014 val=6.0382 kl=0.00402 lr=1.13e-04 ent_coef=0.0038 std=0.994 act_ep=5 kl_stop=False
update=1694 steps=3469312 env_sps=443.9 loss=-0.0030 val=6.6859 kl=0.00316 lr=1.13e-04 ent_coef=0.0038 std=0.995 act_ep=5 kl_stop=False
update=1695 steps=3471360 env_sps=444.0 loss=-0.0026 val=1.2106 kl=0.00224 lr=1.13e-04 ent_coef=0.0038 std=0.994 act_ep=5 kl_stop=False
update=1696 steps=3473408 env_sps=444.0 loss=-0.0026 val=8.4399 kl=0.00349 lr=1.12e-04 ent_coef=0.0037 std=0.994 act_ep=5 kl_stop=False
update=1697 steps=3475456 env_sps=444.1 loss=-0.0018 val=2.2351 kl=0.00311 lr=1.12e-04 ent_coef=0.0037 std=0.995 act_ep=5 kl_stop=False
update=1698 steps=3477504 env_sps=444.1 loss=-0.0015 val=1.5525 kl=0.00375 lr=1.12e-04 ent_coef=0.0037 std=0.996 act_ep=5 kl_stop=False
update=1699 steps=3479552 env_sps=444.2 loss=-0.0003 val=8.6524 kl=0.00701 lr=1.12e-04 ent_coef=0.0037 std=0.996 act_ep=3 kl_stop=True
update=1700 steps=3481600 env_sps=444.3 loss=-0.0015 val=14.2849 kl=0.00351 lr=1.12e-04 ent_coef=0.0037 std=0.995 act_ep=5 kl_stop=False
update=1701 steps=3483648 env_sps=444.3 loss=-0.0022 val=11.9812 kl=0.00352 lr=1.12e-04 ent_coef=0.0037 std=0.995 act_ep=5 kl_stop=False
update=1702 steps=3485696 env_sps=444.4 loss=-0.0020 val=4.2387 kl=0.00401 lr=1.12e-04 ent_coef=0.0037 std=0.995 act_ep=5 kl_stop=False
update=1703 steps=3487744 env_sps=444.4 loss=-0.0032 val=6.7150 kl=0.00472 lr=1.12e-04 ent_coef=0.0037 std=0.995 act_ep=5 kl_stop=False
update=1704 steps=3489792 env_sps=444.5 loss=-0.0011 val=4.2432 kl=0.00299 lr=1.12e-04 ent_coef=0.0037 std=0.995 act_ep=5 kl_stop=False
update=1705 steps=3491840 env_sps=444.5 loss=-0.0016 val=12.0836 kl=0.00246 lr=1.11e-04 ent_coef=0.0037 std=0.996 act_ep=5 kl_stop=False
update=1706 steps=3493888 env_sps=444.6 loss=-0.0015 val=14.5367 kl=0.00219 lr=1.11e-04 ent_coef=0.0037 std=0.997 act_ep=5 kl_stop=False
update=1707 steps=3495936 env_sps=444.6 loss=-0.0024 val=3.7621 kl=0.00402 lr=1.11e-04 ent_coef=0.0037 std=0.997 act_ep=5 kl_stop=False
update=1708 steps=3497984 env_sps=444.7 loss=-0.0022 val=5.6910 kl=0.00378 lr=1.11e-04 ent_coef=0.0037 std=0.997 act_ep=5 kl_stop=False
update=1709 steps=3500032 env_sps=444.7 loss=-0.0021 val=2.4703 kl=0.00390 lr=1.11e-04 ent_coef=0.0037 std=0.997 act_ep=5 kl_stop=False
update=1710 steps=3502080 env_sps=441.6 loss=-0.0029 val=10.1124 kl=0.00262 lr=1.11e-04 ent_coef=0.0037 std=0.997 act_ep=5 kl_stop=False
update=1711 steps=3504128 env_sps=441.6 loss=-0.0036 val=3.7577 kl=0.00501 lr=1.11e-04 ent_coef=0.0037 std=0.997 act_ep=5 kl_stop=False
update=1712 steps=3506176 env_sps=441.7 loss=-0.0033 val=10.1352 kl=0.00254 lr=1.11e-04 ent_coef=0.0037 std=0.998 act_ep=5 kl_stop=False
update=1713 steps=3508224 env_sps=441.7 loss=-0.0034 val=7.6258 kl=0.00269 lr=1.11e-04 ent_coef=0.0037 std=0.998 act_ep=5 kl_stop=False
update=1714 steps=3510272 env_sps=441.8 loss=-0.0029 val=5.6801 kl=0.00447 lr=1.10e-04 ent_coef=0.0037 std=0.998 act_ep=5 kl_stop=False
update=1715 steps=3512320 env_sps=441.8 loss=-0.0039 val=7.1099 kl=0.00409 lr=1.10e-04 ent_coef=0.0037 std=0.997 act_ep=5 kl_stop=False
update=1716 steps=3514368 env_sps=441.9 loss=-0.0021 val=11.6684 kl=0.00196 lr=1.10e-04 ent_coef=0.0037 std=0.997 act_ep=5 kl_stop=False
update=1717 steps=3516416 env_sps=441.9 loss=-0.0029 val=5.4350 kl=0.00459 lr=1.10e-04 ent_coef=0.0037 std=0.997 act_ep=5 kl_stop=False
update=1718 steps=3518464 env_sps=442.0 loss=-0.0026 val=22.8937 kl=0.00450 lr=1.10e-04 ent_coef=0.0037 std=0.997 act_ep=5 kl_stop=False
update=1719 steps=3520512 env_sps=442.1 loss=-0.0023 val=7.3484 kl=0.00225 lr=1.10e-04 ent_coef=0.0037 std=0.998 act_ep=5 kl_stop=False
update=1720 steps=3522560 env_sps=442.1 loss=-0.0031 val=8.5714 kl=0.00416 lr=1.10e-04 ent_coef=0.0037 std=0.998 act_ep=5 kl_stop=False
update=1721 steps=3524608 env_sps=442.2 loss=-0.0022 val=15.5539 kl=0.00393 lr=1.10e-04 ent_coef=0.0037 std=0.997 act_ep=5 kl_stop=False
update=1722 steps=3526656 env_sps=442.2 loss=-0.0036 val=3.4263 kl=0.00451 lr=1.10e-04 ent_coef=0.0037 std=0.997 act_ep=5 kl_stop=False
update=1723 steps=3528704 env_sps=442.3 loss=-0.0028 val=5.9544 kl=0.00269 lr=1.09e-04 ent_coef=0.0036 std=0.997 act_ep=5 kl_stop=False
update=1724 steps=3530752 env_sps=442.3 loss=-0.0026 val=3.6305 kl=0.00309 lr=1.09e-04 ent_coef=0.0036 std=0.997 act_ep=5 kl_stop=False
update=1725 steps=3532800 env_sps=442.4 loss=-0.0033 val=3.6509 kl=0.00381 lr=1.09e-04 ent_coef=0.0036 std=0.997 act_ep=5 kl_stop=False
update=1726 steps=3534848 env_sps=442.4 loss=-0.0027 val=14.1131 kl=0.00384 lr=1.09e-04 ent_coef=0.0036 std=0.996 act_ep=5 kl_stop=False
update=1727 steps=3536896 env_sps=442.5 loss=-0.0029 val=8.1289 kl=0.00328 lr=1.09e-04 ent_coef=0.0036 std=0.996 act_ep=5 kl_stop=False
update=1728 steps=3538944 env_sps=442.5 loss=-0.0029 val=9.2237 kl=0.00297 lr=1.09e-04 ent_coef=0.0036 std=0.996 act_ep=5 kl_stop=False
update=1729 steps=3540992 env_sps=442.6 loss=-0.0011 val=9.6775 kl=0.00277 lr=1.09e-04 ent_coef=0.0036 std=0.997 act_ep=5 kl_stop=False
update=1730 steps=3543040 env_sps=442.6 loss=-0.0038 val=9.3727 kl=0.00419 lr=1.09e-04 ent_coef=0.0036 std=0.997 act_ep=5 kl_stop=False
update=1731 steps=3545088 env_sps=442.7 loss=-0.0023 val=12.0007 kl=0.00313 lr=1.09e-04 ent_coef=0.0036 std=0.998 act_ep=5 kl_stop=False
update=1732 steps=3547136 env_sps=442.8 loss=-0.0027 val=9.0291 kl=0.00328 lr=1.08e-04 ent_coef=0.0036 std=0.997 act_ep=5 kl_stop=False
update=1733 steps=3549184 env_sps=442.8 loss=-0.0024 val=10.5259 kl=0.00362 lr=1.08e-04 ent_coef=0.0036 std=0.997 act_ep=5 kl_stop=False
update=1734 steps=3551232 env_sps=442.9 loss=-0.0023 val=4.2329 kl=0.00309 lr=1.08e-04 ent_coef=0.0036 std=0.997 act_ep=5 kl_stop=False
update=1735 steps=3553280 env_sps=442.9 loss=-0.0029 val=5.7970 kl=0.00305 lr=1.08e-04 ent_coef=0.0036 std=0.996 act_ep=5 kl_stop=False
update=1736 steps=3555328 env_sps=442.9 loss=-0.0037 val=7.2633 kl=0.00438 lr=1.08e-04 ent_coef=0.0036 std=0.996 act_ep=5 kl_stop=False
update=1737 steps=3557376 env_sps=443.0 loss=-0.0030 val=2.9075 kl=0.00413 lr=1.08e-04 ent_coef=0.0036 std=0.996 act_ep=5 kl_stop=False
update=1738 steps=3559424 env_sps=443.0 loss=-0.0025 val=2.5606 kl=0.00432 lr=1.08e-04 ent_coef=0.0036 std=0.996 act_ep=5 kl_stop=False
update=1739 steps=3561472 env_sps=443.1 loss=-0.0023 val=3.1537 kl=0.00381 lr=1.08e-04 ent_coef=0.0036 std=0.997 act_ep=5 kl_stop=False
update=1740 steps=3563520 env_sps=443.1 loss=-0.0023 val=13.1982 kl=0.00226 lr=1.08e-04 ent_coef=0.0036 std=0.998 act_ep=5 kl_stop=False
update=1741 steps=3565568 env_sps=443.2 loss=-0.0051 val=25.2773 kl=0.00404 lr=1.07e-04 ent_coef=0.0036 std=0.998 act_ep=5 kl_stop=False
update=1742 steps=3567616 env_sps=443.2 loss=-0.0020 val=7.7046 kl=0.00382 lr=1.07e-04 ent_coef=0.0036 std=0.998 act_ep=5 kl_stop=False
update=1743 steps=3569664 env_sps=443.3 loss=-0.0027 val=10.6192 kl=0.00400 lr=1.07e-04 ent_coef=0.0036 std=0.998 act_ep=5 kl_stop=False
update=1744 steps=3571712 env_sps=443.3 loss=-0.0036 val=4.3331 kl=0.00556 lr=1.07e-04 ent_coef=0.0036 std=0.998 act_ep=5 kl_stop=False
update=1745 steps=3573760 env_sps=443.4 loss=-0.0024 val=11.8152 kl=0.00431 lr=1.07e-04 ent_coef=0.0036 std=0.998 act_ep=5 kl_stop=False
update=1746 steps=3575808 env_sps=443.4 loss=-0.0011 val=3.8061 kl=0.00153 lr=1.07e-04 ent_coef=0.0036 std=0.997 act_ep=5 kl_stop=False
update=1747 steps=3577856 env_sps=443.5 loss=-0.0036 val=21.1394 kl=0.00382 lr=1.07e-04 ent_coef=0.0036 std=0.998 act_ep=5 kl_stop=False
update=1748 steps=3579904 env_sps=443.5 loss=-0.0028 val=7.8642 kl=0.00204 lr=1.07e-04 ent_coef=0.0036 std=0.998 act_ep=5 kl_stop=False
update=1749 steps=3581952 env_sps=443.5 loss=-0.0043 val=15.7871 kl=0.00406 lr=1.07e-04 ent_coef=0.0036 std=0.998 act_ep=5 kl_stop=False
update=1750 steps=3584000 env_sps=443.6 loss=-0.0016 val=12.8209 kl=0.00549 lr=1.06e-04 ent_coef=0.0035 std=0.998 act_ep=5 kl_stop=False
update=1751 steps=3586048 env_sps=443.6 loss=-0.0037 val=12.6500 kl=0.00488 lr=1.06e-04 ent_coef=0.0035 std=0.998 act_ep=5 kl_stop=False
update=1752 steps=3588096 env_sps=443.7 loss=-0.0035 val=6.6423 kl=0.00339 lr=1.06e-04 ent_coef=0.0035 std=0.998 act_ep=5 kl_stop=False
update=1753 steps=3590144 env_sps=443.7 loss=-0.0024 val=2.7665 kl=0.00355 lr=1.06e-04 ent_coef=0.0035 std=0.999 act_ep=5 kl_stop=False
update=1754 steps=3592192 env_sps=443.8 loss=-0.0031 val=10.6213 kl=0.00288 lr=1.06e-04 ent_coef=0.0035 std=0.998 act_ep=5 kl_stop=False
update=1755 steps=3594240 env_sps=443.8 loss=-0.0021 val=0.1130 kl=0.00386 lr=1.06e-04 ent_coef=0.0035 std=0.998 act_ep=5 kl_stop=False
update=1756 steps=3596288 env_sps=443.9 loss=-0.0021 val=8.3925 kl=0.00223 lr=1.06e-04 ent_coef=0.0035 std=0.999 act_ep=5 kl_stop=False
update=1757 steps=3598336 env_sps=443.9 loss=-0.0029 val=3.4717 kl=0.00497 lr=1.06e-04 ent_coef=0.0035 std=0.999 act_ep=5 kl_stop=False
update=1758 steps=3600384 env_sps=444.0 loss=-0.0039 val=9.7820 kl=0.00478 lr=1.06e-04 ent_coef=0.0035 std=0.999 act_ep=5 kl_stop=False
update=1759 steps=3602432 env_sps=441.0 loss=-0.0019 val=11.7825 kl=0.00256 lr=1.05e-04 ent_coef=0.0035 std=0.999 act_ep=5 kl_stop=False
update=1760 steps=3604480 env_sps=441.0 loss=-0.0030 val=6.0244 kl=0.00367 lr=1.05e-04 ent_coef=0.0035 std=0.998 act_ep=5 kl_stop=False
update=1761 steps=3606528 env_sps=441.1 loss=-0.0038 val=5.7336 kl=0.00764 lr=1.05e-04 ent_coef=0.0035 std=0.998 act_ep=5 kl_stop=False
update=1762 steps=3608576 env_sps=441.1 loss=-0.0037 val=6.2237 kl=0.00341 lr=1.05e-04 ent_coef=0.0035 std=0.998 act_ep=5 kl_stop=False
update=1763 steps=3610624 env_sps=441.2 loss=-0.0017 val=13.1278 kl=0.00164 lr=1.05e-04 ent_coef=0.0035 std=0.998 act_ep=5 kl_stop=False
update=1764 steps=3612672 env_sps=441.2 loss=-0.0027 val=5.1311 kl=0.00438 lr=1.05e-04 ent_coef=0.0035 std=0.998 act_ep=5 kl_stop=False
update=1765 steps=3614720 env_sps=441.3 loss=0.0018 val=16.6471 kl=0.01028 lr=1.05e-04 ent_coef=0.0035 std=0.997 act_ep=2 kl_stop=True
update=1766 steps=3616768 env_sps=441.3 loss=-0.0031 val=0.1943 kl=0.00315 lr=1.05e-04 ent_coef=0.0035 std=0.997 act_ep=5 kl_stop=False
update=1767 steps=3618816 env_sps=441.4 loss=-0.0036 val=2.7956 kl=0.00496 lr=1.05e-04 ent_coef=0.0035 std=0.997 act_ep=5 kl_stop=False
update=1768 steps=3620864 env_sps=441.4 loss=-0.0027 val=8.3184 kl=0.00311 lr=1.04e-04 ent_coef=0.0035 std=0.997 act_ep=5 kl_stop=False
update=1769 steps=3622912 env_sps=441.5 loss=-0.0027 val=3.4829 kl=0.00472 lr=1.04e-04 ent_coef=0.0035 std=0.998 act_ep=5 kl_stop=False
update=1770 steps=3624960 env_sps=441.5 loss=-0.0025 val=5.4886 kl=0.00236 lr=1.04e-04 ent_coef=0.0035 std=0.998 act_ep=5 kl_stop=False
update=1771 steps=3627008 env_sps=441.6 loss=-0.0027 val=4.4116 kl=0.00255 lr=1.04e-04 ent_coef=0.0035 std=0.999 act_ep=5 kl_stop=False
update=1772 steps=3629056 env_sps=441.6 loss=-0.0018 val=16.1240 kl=0.00228 lr=1.04e-04 ent_coef=0.0035 std=0.999 act_ep=5 kl_stop=False
update=1773 steps=3631104 env_sps=441.7 loss=-0.0027 val=9.1752 kl=0.00300 lr=1.04e-04 ent_coef=0.0035 std=0.998 act_ep=5 kl_stop=False
update=1774 steps=3633152 env_sps=441.7 loss=-0.0039 val=7.1889 kl=0.00461 lr=1.04e-04 ent_coef=0.0035 std=0.999 act_ep=5 kl_stop=False
update=1775 steps=3635200 env_sps=441.8 loss=-0.0033 val=15.5595 kl=0.00476 lr=1.04e-04 ent_coef=0.0035 std=0.999 act_ep=5 kl_stop=False
update=1776 steps=3637248 env_sps=441.8 loss=-0.0031 val=1.4963 kl=0.00293 lr=1.04e-04 ent_coef=0.0035 std=0.999 act_ep=5 kl_stop=False
update=1777 steps=3639296 env_sps=441.8 loss=-0.0026 val=4.8148 kl=0.00373 lr=1.03e-04 ent_coef=0.0034 std=0.999 act_ep=5 kl_stop=False
update=1778 steps=3641344 env_sps=441.9 loss=-0.0024 val=5.2543 kl=0.00379 lr=1.03e-04 ent_coef=0.0034 std=0.999 act_ep=5 kl_stop=False
update=1779 steps=3643392 env_sps=441.9 loss=-0.0027 val=3.0173 kl=0.00334 lr=1.03e-04 ent_coef=0.0034 std=0.999 act_ep=5 kl_stop=False
update=1780 steps=3645440 env_sps=442.0 loss=-0.0021 val=1.8775 kl=0.00337 lr=1.03e-04 ent_coef=0.0034 std=0.999 act_ep=5 kl_stop=False
update=1781 steps=3647488 env_sps=442.0 loss=-0.0019 val=0.3941 kl=0.00192 lr=1.03e-04 ent_coef=0.0034 std=0.999 act_ep=5 kl_stop=False
update=1782 steps=3649536 env_sps=442.1 loss=-0.0036 val=7.5829 kl=0.00467 lr=1.03e-04 ent_coef=0.0034 std=0.998 act_ep=5 kl_stop=False
update=1783 steps=3651584 env_sps=442.1 loss=-0.0038 val=7.3999 kl=0.00429 lr=1.03e-04 ent_coef=0.0034 std=0.998 act_ep=5 kl_stop=False
update=1784 steps=3653632 env_sps=442.2 loss=-0.0015 val=8.6790 kl=0.00192 lr=1.03e-04 ent_coef=0.0034 std=0.997 act_ep=5 kl_stop=False
update=1785 steps=3655680 env_sps=442.2 loss=-0.0032 val=8.2994 kl=0.00320 lr=1.03e-04 ent_coef=0.0034 std=0.997 act_ep=5 kl_stop=False
update=1786 steps=3657728 env_sps=442.3 loss=-0.0022 val=16.1413 kl=0.00338 lr=1.02e-04 ent_coef=0.0034 std=0.998 act_ep=5 kl_stop=False
update=1787 steps=3659776 env_sps=442.3 loss=-0.0017 val=6.4258 kl=0.00161 lr=1.02e-04 ent_coef=0.0034 std=0.997 act_ep=5 kl_stop=False
update=1788 steps=3661824 env_sps=442.4 loss=-0.0028 val=18.4528 kl=0.00352 lr=1.02e-04 ent_coef=0.0034 std=0.996 act_ep=5 kl_stop=False
update=1789 steps=3663872 env_sps=442.4 loss=-0.0026 val=5.2883 kl=0.00356 lr=1.02e-04 ent_coef=0.0034 std=0.996 act_ep=5 kl_stop=False
update=1790 steps=3665920 env_sps=442.4 loss=-0.0032 val=7.4009 kl=0.00379 lr=1.02e-04 ent_coef=0.0034 std=0.996 act_ep=5 kl_stop=False
update=1791 steps=3667968 env_sps=442.5 loss=-0.0031 val=3.4073 kl=0.00309 lr=1.02e-04 ent_coef=0.0034 std=0.995 act_ep=5 kl_stop=False
update=1792 steps=3670016 env_sps=442.6 loss=-0.0022 val=14.5328 kl=0.00294 lr=1.02e-04 ent_coef=0.0034 std=0.995 act_ep=5 kl_stop=False
update=1793 steps=3672064 env_sps=442.6 loss=-0.0027 val=2.5590 kl=0.00386 lr=1.02e-04 ent_coef=0.0034 std=0.994 act_ep=5 kl_stop=False
update=1794 steps=3674112 env_sps=442.6 loss=-0.0031 val=4.8827 kl=0.00275 lr=1.02e-04 ent_coef=0.0034 std=0.994 act_ep=5 kl_stop=False
update=1795 steps=3676160 env_sps=442.7 loss=-0.0010 val=8.4422 kl=0.00185 lr=1.01e-04 ent_coef=0.0034 std=0.994 act_ep=5 kl_stop=False
update=1796 steps=3678208 env_sps=442.7 loss=-0.0026 val=3.4631 kl=0.00202 lr=1.01e-04 ent_coef=0.0034 std=0.995 act_ep=5 kl_stop=False
update=1797 steps=3680256 env_sps=442.8 loss=-0.0023 val=11.9948 kl=0.00179 lr=1.01e-04 ent_coef=0.0034 std=0.995 act_ep=5 kl_stop=False
update=1798 steps=3682304 env_sps=442.8 loss=-0.0018 val=0.4630 kl=0.00276 lr=1.01e-04 ent_coef=0.0034 std=0.995 act_ep=5 kl_stop=False
update=1799 steps=3684352 env_sps=442.9 loss=-0.0017 val=14.2342 kl=0.00248 lr=1.01e-04 ent_coef=0.0034 std=0.996 act_ep=5 kl_stop=False
update=1800 steps=3686400 env_sps=442.9 loss=-0.0031 val=22.4747 kl=0.00295 lr=1.01e-04 ent_coef=0.0034 std=0.996 act_ep=5 kl_stop=False
update=1801 steps=3688448 env_sps=443.0 loss=-0.0028 val=10.6934 kl=0.00354 lr=1.01e-04 ent_coef=0.0034 std=0.996 act_ep=5 kl_stop=False
update=1802 steps=3690496 env_sps=443.1 loss=-0.0017 val=3.6534 kl=0.00136 lr=1.01e-04 ent_coef=0.0034 std=0.996 act_ep=5 kl_stop=False
update=1803 steps=3692544 env_sps=443.1 loss=-0.0024 val=13.3272 kl=0.00289 lr=1.01e-04 ent_coef=0.0034 std=0.996 act_ep=5 kl_stop=False
update=1804 steps=3694592 env_sps=443.2 loss=-0.0024 val=13.1511 kl=0.00480 lr=1.00e-04 ent_coef=0.0033 std=0.996 act_ep=5 kl_stop=False
update=1805 steps=3696640 env_sps=443.2 loss=-0.0016 val=8.5151 kl=0.00217 lr=1.00e-04 ent_coef=0.0033 std=0.995 act_ep=5 kl_stop=False
update=1806 steps=3698688 env_sps=443.3 loss=-0.0030 val=4.1411 kl=0.00418 lr=1.00e-04 ent_coef=0.0033 std=0.994 act_ep=5 kl_stop=False
update=1807 steps=3700736 env_sps=443.3 loss=-0.0011 val=3.2600 kl=0.00242 lr=1.00e-04 ent_coef=0.0033 std=0.994 act_ep=5 kl_stop=False
update=1808 steps=3702784 env_sps=440.4 loss=-0.0019 val=1.5413 kl=0.00412 lr=1.00e-04 ent_coef=0.0033 std=0.994 act_ep=5 kl_stop=False
update=1809 steps=3704832 env_sps=440.4 loss=-0.0045 val=0.2127 kl=0.00392 lr=9.99e-05 ent_coef=0.0033 std=0.994 act_ep=5 kl_stop=False
update=1810 steps=3706880 env_sps=440.5 loss=-0.0041 val=5.3651 kl=0.00386 lr=9.98e-05 ent_coef=0.0033 std=0.994 act_ep=5 kl_stop=False
update=1811 steps=3708928 env_sps=440.5 loss=-0.0033 val=11.3301 kl=0.00440 lr=9.97e-05 ent_coef=0.0033 std=0.995 act_ep=5 kl_stop=False
update=1812 steps=3710976 env_sps=440.6 loss=-0.0037 val=10.0139 kl=0.00379 lr=9.96e-05 ent_coef=0.0033 std=0.995 act_ep=5 kl_stop=False
update=1813 steps=3713024 env_sps=440.6 loss=-0.0024 val=9.6931 kl=0.00298 lr=9.95e-05 ent_coef=0.0033 std=0.995 act_ep=5 kl_stop=False
update=1814 steps=3715072 env_sps=440.7 loss=-0.0027 val=11.4275 kl=0.00214 lr=9.94e-05 ent_coef=0.0033 std=0.995 act_ep=5 kl_stop=False
update=1815 steps=3717120 env_sps=440.7 loss=-0.0030 val=1.8721 kl=0.00413 lr=9.93e-05 ent_coef=0.0033 std=0.995 act_ep=5 kl_stop=False
update=1816 steps=3719168 env_sps=440.7 loss=-0.0029 val=0.4671 kl=0.00328 lr=9.92e-05 ent_coef=0.0033 std=0.994 act_ep=5 kl_stop=False
update=1817 steps=3721216 env_sps=440.8 loss=-0.0016 val=12.2771 kl=0.00264 lr=9.91e-05 ent_coef=0.0033 std=0.994 act_ep=5 kl_stop=False
update=1818 steps=3723264 env_sps=440.8 loss=-0.0015 val=11.1594 kl=0.00154 lr=9.89e-05 ent_coef=0.0033 std=0.994 act_ep=5 kl_stop=False
update=1819 steps=3725312 env_sps=440.9 loss=-0.0037 val=3.4357 kl=0.00482 lr=9.88e-05 ent_coef=0.0033 std=0.994 act_ep=5 kl_stop=False
update=1820 steps=3727360 env_sps=440.9 loss=-0.0024 val=10.9482 kl=0.00241 lr=9.87e-05 ent_coef=0.0033 std=0.994 act_ep=5 kl_stop=False
update=1821 steps=3729408 env_sps=441.0 loss=-0.0030 val=14.4396 kl=0.00424 lr=9.86e-05 ent_coef=0.0033 std=0.994 act_ep=5 kl_stop=False
update=1822 steps=3731456 env_sps=441.0 loss=-0.0024 val=9.5486 kl=0.00337 lr=9.85e-05 ent_coef=0.0033 std=0.994 act_ep=5 kl_stop=False
update=1823 steps=3733504 env_sps=441.1 loss=-0.0020 val=3.8054 kl=0.00296 lr=9.84e-05 ent_coef=0.0033 std=0.994 act_ep=5 kl_stop=False
update=1824 steps=3735552 env_sps=441.1 loss=-0.0019 val=2.9147 kl=0.00325 lr=9.83e-05 ent_coef=0.0033 std=0.994 act_ep=5 kl_stop=False
update=1825 steps=3737600 env_sps=441.1 loss=-0.0033 val=8.6590 kl=0.00375 lr=9.82e-05 ent_coef=0.0033 std=0.993 act_ep=5 kl_stop=False
update=1826 steps=3739648 env_sps=441.2 loss=-0.0041 val=6.6830 kl=0.00527 lr=9.81e-05 ent_coef=0.0033 std=0.994 act_ep=5 kl_stop=False
update=1827 steps=3741696 env_sps=441.2 loss=-0.0023 val=9.2707 kl=0.00326 lr=9.79e-05 ent_coef=0.0033 std=0.995 act_ep=5 kl_stop=False
update=1828 steps=3743744 env_sps=441.3 loss=-0.0021 val=4.6544 kl=0.00207 lr=9.78e-05 ent_coef=0.0033 std=0.995 act_ep=5 kl_stop=False
update=1829 steps=3745792 env_sps=441.3 loss=-0.0022 val=10.7301 kl=0.00206 lr=9.77e-05 ent_coef=0.0033 std=0.995 act_ep=5 kl_stop=False
update=1830 steps=3747840 env_sps=441.4 loss=-0.0030 val=0.4055 kl=0.00368 lr=9.76e-05 ent_coef=0.0033 std=0.994 act_ep=5 kl_stop=False
update=1831 steps=3749888 env_sps=441.4 loss=-0.0030 val=7.0015 kl=0.00357 lr=9.75e-05 ent_coef=0.0033 std=0.994 act_ep=5 kl_stop=False
update=1832 steps=3751936 env_sps=441.5 loss=-0.0030 val=17.0137 kl=0.00434 lr=9.74e-05 ent_coef=0.0032 std=0.994 act_ep=5 kl_stop=False
update=1833 steps=3753984 env_sps=441.5 loss=-0.0033 val=12.1642 kl=0.00336 lr=9.73e-05 ent_coef=0.0032 std=0.995 act_ep=5 kl_stop=False
update=1834 steps=3756032 env_sps=441.5 loss=-0.0013 val=11.3289 kl=0.00229 lr=9.72e-05 ent_coef=0.0032 std=0.995 act_ep=5 kl_stop=False
update=1835 steps=3758080 env_sps=441.6 loss=-0.0017 val=4.7202 kl=0.00184 lr=9.71e-05 ent_coef=0.0032 std=0.995 act_ep=5 kl_stop=False
update=1836 steps=3760128 env_sps=441.6 loss=-0.0026 val=6.7778 kl=0.00313 lr=9.70e-05 ent_coef=0.0032 std=0.995 act_ep=5 kl_stop=False
update=1837 steps=3762176 env_sps=441.6 loss=-0.0025 val=10.4164 kl=0.00235 lr=9.68e-05 ent_coef=0.0032 std=0.996 act_ep=5 kl_stop=False
update=1838 steps=3764224 env_sps=441.7 loss=-0.0034 val=8.1570 kl=0.00432 lr=9.67e-05 ent_coef=0.0032 std=0.996 act_ep=5 kl_stop=False
update=1839 steps=3766272 env_sps=441.8 loss=-0.0023 val=2.5380 kl=0.00287 lr=9.66e-05 ent_coef=0.0032 std=0.997 act_ep=5 kl_stop=False
update=1840 steps=3768320 env_sps=441.8 loss=-0.0023 val=8.1025 kl=0.00380 lr=9.65e-05 ent_coef=0.0032 std=0.996 act_ep=5 kl_stop=False
update=1841 steps=3770368 env_sps=441.9 loss=-0.0015 val=2.9136 kl=0.00391 lr=9.64e-05 ent_coef=0.0032 std=0.996 act_ep=5 kl_stop=False
update=1842 steps=3772416 env_sps=441.9 loss=-0.0034 val=10.4641 kl=0.00386 lr=9.63e-05 ent_coef=0.0032 std=0.996 act_ep=5 kl_stop=False
update=1843 steps=3774464 env_sps=442.0 loss=-0.0022 val=2.5366 kl=0.00439 lr=9.62e-05 ent_coef=0.0032 std=0.997 act_ep=5 kl_stop=False
update=1844 steps=3776512 env_sps=442.0 loss=-0.0033 val=3.1737 kl=0.00338 lr=9.61e-05 ent_coef=0.0032 std=0.997 act_ep=5 kl_stop=False
update=1845 steps=3778560 env_sps=442.1 loss=-0.0012 val=4.6286 kl=0.00164 lr=9.60e-05 ent_coef=0.0032 std=0.997 act_ep=5 kl_stop=False
update=1846 steps=3780608 env_sps=442.1 loss=-0.0023 val=1.6922 kl=0.00367 lr=9.58e-05 ent_coef=0.0032 std=0.997 act_ep=5 kl_stop=False
update=1847 steps=3782656 env_sps=442.2 loss=-0.0020 val=11.8388 kl=0.00416 lr=9.57e-05 ent_coef=0.0032 std=0.997 act_ep=5 kl_stop=False
update=1848 steps=3784704 env_sps=442.2 loss=-0.0024 val=12.2492 kl=0.00344 lr=9.56e-05 ent_coef=0.0032 std=0.997 act_ep=5 kl_stop=False
update=1849 steps=3786752 env_sps=442.3 loss=-0.0033 val=2.8108 kl=0.00432 lr=9.55e-05 ent_coef=0.0032 std=0.996 act_ep=5 kl_stop=False
update=1850 steps=3788800 env_sps=442.3 loss=-0.0022 val=6.2899 kl=0.00167 lr=9.54e-05 ent_coef=0.0032 std=0.996 act_ep=5 kl_stop=False
update=1851 steps=3790848 env_sps=442.4 loss=-0.0027 val=12.5703 kl=0.00459 lr=9.53e-05 ent_coef=0.0032 std=0.996 act_ep=5 kl_stop=False
update=1852 steps=3792896 env_sps=442.4 loss=-0.0042 val=16.3710 kl=0.00455 lr=9.52e-05 ent_coef=0.0032 std=0.997 act_ep=5 kl_stop=False
update=1853 steps=3794944 env_sps=442.5 loss=-0.0026 val=7.7783 kl=0.00411 lr=9.51e-05 ent_coef=0.0032 std=0.997 act_ep=5 kl_stop=False
update=1854 steps=3796992 env_sps=442.5 loss=-0.0022 val=12.2678 kl=0.00220 lr=9.50e-05 ent_coef=0.0032 std=0.996 act_ep=5 kl_stop=False
update=1855 steps=3799040 env_sps=442.5 loss=-0.0031 val=8.6119 kl=0.00201 lr=9.49e-05 ent_coef=0.0032 std=0.997 act_ep=5 kl_stop=False
update=1856 steps=3801088 env_sps=442.6 loss=-0.0016 val=4.1044 kl=0.00365 lr=9.47e-05 ent_coef=0.0032 std=0.996 act_ep=5 kl_stop=False
update=1857 steps=3803136 env_sps=439.6 loss=-0.0030 val=11.4881 kl=0.00412 lr=9.46e-05 ent_coef=0.0032 std=0.997 act_ep=5 kl_stop=False
update=1858 steps=3805184 env_sps=439.6 loss=-0.0032 val=9.2427 kl=0.00496 lr=9.45e-05 ent_coef=0.0032 std=0.997 act_ep=5 kl_stop=False
update=1859 steps=3807232 env_sps=439.7 loss=-0.0035 val=6.5876 kl=0.00443 lr=9.44e-05 ent_coef=0.0031 std=0.997 act_ep=5 kl_stop=False
update=1860 steps=3809280 env_sps=439.7 loss=-0.0031 val=14.0290 kl=0.00317 lr=9.43e-05 ent_coef=0.0031 std=0.997 act_ep=5 kl_stop=False
update=1861 steps=3811328 env_sps=439.8 loss=-0.0014 val=1.8016 kl=0.00264 lr=9.42e-05 ent_coef=0.0031 std=0.997 act_ep=5 kl_stop=False
update=1862 steps=3813376 env_sps=439.8 loss=-0.0024 val=1.9463 kl=0.00417 lr=9.41e-05 ent_coef=0.0031 std=0.997 act_ep=5 kl_stop=False
update=1863 steps=3815424 env_sps=439.9 loss=-0.0033 val=9.1450 kl=0.00225 lr=9.40e-05 ent_coef=0.0031 std=0.998 act_ep=5 kl_stop=False
update=1864 steps=3817472 env_sps=439.9 loss=-0.0023 val=9.5242 kl=0.00239 lr=9.39e-05 ent_coef=0.0031 std=0.997 act_ep=5 kl_stop=False
update=1865 steps=3819520 env_sps=440.0 loss=-0.0035 val=12.5800 kl=0.00343 lr=9.37e-05 ent_coef=0.0031 std=0.997 act_ep=5 kl_stop=False
update=1866 steps=3821568 env_sps=440.0 loss=-0.0025 val=11.1442 kl=0.00380 lr=9.36e-05 ent_coef=0.0031 std=0.997 act_ep=5 kl_stop=False
update=1867 steps=3823616 env_sps=440.1 loss=-0.0028 val=8.5461 kl=0.00432 lr=9.35e-05 ent_coef=0.0031 std=0.996 act_ep=5 kl_stop=False
update=1868 steps=3825664 env_sps=440.1 loss=-0.0011 val=6.7565 kl=0.00275 lr=9.34e-05 ent_coef=0.0031 std=0.996 act_ep=5 kl_stop=False
update=1869 steps=3827712 env_sps=440.2 loss=-0.0028 val=3.5865 kl=0.00319 lr=9.33e-05 ent_coef=0.0031 std=0.996 act_ep=5 kl_stop=False
update=1870 steps=3829760 env_sps=440.2 loss=-0.0042 val=10.0273 kl=0.00377 lr=9.32e-05 ent_coef=0.0031 std=0.996 act_ep=5 kl_stop=False
update=1871 steps=3831808 env_sps=440.3 loss=-0.0016 val=8.6470 kl=0.00266 lr=9.31e-05 ent_coef=0.0031 std=0.997 act_ep=5 kl_stop=False
update=1872 steps=3833856 env_sps=440.4 loss=-0.0015 val=12.6110 kl=0.00193 lr=9.30e-05 ent_coef=0.0031 std=0.997 act_ep=5 kl_stop=False
update=1873 steps=3835904 env_sps=440.4 loss=-0.0023 val=10.5214 kl=0.00296 lr=9.29e-05 ent_coef=0.0031 std=0.997 act_ep=5 kl_stop=False
update=1874 steps=3837952 env_sps=440.5 loss=-0.0022 val=6.4637 kl=0.00180 lr=9.28e-05 ent_coef=0.0031 std=0.997 act_ep=5 kl_stop=False
update=1875 steps=3840000 env_sps=440.5 loss=-0.0037 val=4.3584 kl=0.00424 lr=9.26e-05 ent_coef=0.0031 std=0.998 act_ep=5 kl_stop=False
update=1876 steps=3842048 env_sps=440.6 loss=-0.0028 val=10.4607 kl=0.00366 lr=9.25e-05 ent_coef=0.0031 std=0.998 act_ep=5 kl_stop=False
update=1877 steps=3844096 env_sps=440.6 loss=-0.0027 val=6.9282 kl=0.00443 lr=9.24e-05 ent_coef=0.0031 std=0.998 act_ep=5 kl_stop=False
update=1878 steps=3846144 env_sps=440.7 loss=-0.0036 val=4.1541 kl=0.00358 lr=9.23e-05 ent_coef=0.0031 std=0.998 act_ep=5 kl_stop=False
update=1879 steps=3848192 env_sps=440.7 loss=-0.0018 val=13.8797 kl=0.00308 lr=9.22e-05 ent_coef=0.0031 std=0.999 act_ep=5 kl_stop=False
update=1880 steps=3850240 env_sps=440.8 loss=-0.0029 val=5.2442 kl=0.00331 lr=9.21e-05 ent_coef=0.0031 std=0.999 act_ep=5 kl_stop=False
update=1881 steps=3852288 env_sps=440.8 loss=-0.0021 val=12.1543 kl=0.00244 lr=9.20e-05 ent_coef=0.0031 std=0.998 act_ep=5 kl_stop=False
update=1882 steps=3854336 env_sps=440.9 loss=-0.0035 val=6.2611 kl=0.00458 lr=9.19e-05 ent_coef=0.0031 std=0.998 act_ep=5 kl_stop=False
update=1883 steps=3856384 env_sps=440.9 loss=-0.0017 val=12.8244 kl=0.00252 lr=9.18e-05 ent_coef=0.0031 std=0.998 act_ep=5 kl_stop=False
update=1884 steps=3858432 env_sps=441.0 loss=-0.0041 val=8.5592 kl=0.00601 lr=9.16e-05 ent_coef=0.0031 std=0.998 act_ep=5 kl_stop=False
update=1885 steps=3860480 env_sps=441.0 loss=-0.0020 val=15.8872 kl=0.00286 lr=9.15e-05 ent_coef=0.0031 std=0.999 act_ep=5 kl_stop=False
update=1886 steps=3862528 env_sps=441.0 loss=-0.0020 val=8.8948 kl=0.00367 lr=9.14e-05 ent_coef=0.0030 std=0.999 act_ep=5 kl_stop=False
update=1887 steps=3864576 env_sps=441.1 loss=-0.0015 val=1.7357 kl=0.00202 lr=9.13e-05 ent_coef=0.0030 std=0.999 act_ep=5 kl_stop=False
update=1888 steps=3866624 env_sps=441.1 loss=-0.0036 val=9.2852 kl=0.00291 lr=9.12e-05 ent_coef=0.0030 std=0.999 act_ep=5 kl_stop=False
update=1889 steps=3868672 env_sps=441.2 loss=-0.0017 val=13.3717 kl=0.00314 lr=9.11e-05 ent_coef=0.0030 std=1.000 act_ep=5 kl_stop=False
update=1890 steps=3870720 env_sps=441.2 loss=-0.0036 val=16.0230 kl=0.00252 lr=9.10e-05 ent_coef=0.0030 std=1.000 act_ep=5 kl_stop=False
update=1891 steps=3872768 env_sps=441.3 loss=-0.0011 val=13.3925 kl=0.00186 lr=9.09e-05 ent_coef=0.0030 std=0.999 act_ep=5 kl_stop=False
update=1892 steps=3874816 env_sps=441.3 loss=-0.0011 val=14.1576 kl=0.00238 lr=9.08e-05 ent_coef=0.0030 std=0.999 act_ep=5 kl_stop=False
update=1893 steps=3876864 env_sps=441.4 loss=-0.0030 val=15.9225 kl=0.00291 lr=9.06e-05 ent_coef=0.0030 std=0.998 act_ep=5 kl_stop=False
update=1894 steps=3878912 env_sps=441.4 loss=-0.0028 val=14.5069 kl=0.00229 lr=9.05e-05 ent_coef=0.0030 std=0.998 act_ep=5 kl_stop=False
update=1895 steps=3880960 env_sps=441.5 loss=-0.0022 val=23.8694 kl=0.00288 lr=9.04e-05 ent_coef=0.0030 std=0.997 act_ep=5 kl_stop=False
update=1896 steps=3883008 env_sps=441.5 loss=-0.0034 val=8.4867 kl=0.00356 lr=9.03e-05 ent_coef=0.0030 std=0.998 act_ep=5 kl_stop=False
update=1897 steps=3885056 env_sps=441.6 loss=-0.0047 val=15.4773 kl=0.00483 lr=9.02e-05 ent_coef=0.0030 std=0.998 act_ep=5 kl_stop=False
update=1898 steps=3887104 env_sps=441.6 loss=-0.0022 val=5.6225 kl=0.00191 lr=9.01e-05 ent_coef=0.0030 std=0.998 act_ep=5 kl_stop=False
update=1899 steps=3889152 env_sps=441.7 loss=-0.0022 val=10.9904 kl=0.00113 lr=9.00e-05 ent_coef=0.0030 std=0.998 act_ep=5 kl_stop=False
update=1900 steps=3891200 env_sps=441.7 loss=-0.0031 val=8.1352 kl=0.00238 lr=8.99e-05 ent_coef=0.0030 std=0.998 act_ep=5 kl_stop=False
update=1901 steps=3893248 env_sps=441.7 loss=-0.0004 val=1.3243 kl=0.00136 lr=8.98e-05 ent_coef=0.0030 std=0.999 act_ep=5 kl_stop=False
update=1902 steps=3895296 env_sps=441.8 loss=-0.0024 val=14.5744 kl=0.00224 lr=8.97e-05 ent_coef=0.0030 std=0.999 act_ep=5 kl_stop=False
update=1903 steps=3897344 env_sps=441.8 loss=-0.0034 val=8.1209 kl=0.00297 lr=8.95e-05 ent_coef=0.0030 std=0.999 act_ep=5 kl_stop=False
update=1904 steps=3899392 env_sps=441.9 loss=-0.0023 val=48.7570 kl=0.00292 lr=8.94e-05 ent_coef=0.0030 std=0.999 act_ep=5 kl_stop=False
update=1905 steps=3901440 env_sps=441.9 loss=-0.0023 val=3.2717 kl=0.00294 lr=8.93e-05 ent_coef=0.0030 std=0.999 act_ep=5 kl_stop=False
update=1906 steps=3903488 env_sps=439.1 loss=-0.0039 val=24.3062 kl=0.00349 lr=8.92e-05 ent_coef=0.0030 std=0.999 act_ep=5 kl_stop=False
update=1907 steps=3905536 env_sps=439.1 loss=-0.0036 val=8.3027 kl=0.00313 lr=8.91e-05 ent_coef=0.0030 std=0.998 act_ep=5 kl_stop=False
update=1908 steps=3907584 env_sps=439.2 loss=-0.0029 val=3.1005 kl=0.00385 lr=8.90e-05 ent_coef=0.0030 std=0.998 act_ep=5 kl_stop=False
update=1909 steps=3909632 env_sps=439.2 loss=-0.0027 val=11.1086 kl=0.00326 lr=8.89e-05 ent_coef=0.0030 std=0.998 act_ep=5 kl_stop=False
update=1910 steps=3911680 env_sps=439.3 loss=-0.0021 val=3.7605 kl=0.00215 lr=8.88e-05 ent_coef=0.0030 std=0.998 act_ep=5 kl_stop=False
update=1911 steps=3913728 env_sps=439.3 loss=-0.0019 val=10.6540 kl=0.00185 lr=8.87e-05 ent_coef=0.0030 std=0.997 act_ep=5 kl_stop=False
update=1912 steps=3915776 env_sps=439.4 loss=-0.0024 val=7.2345 kl=0.00392 lr=8.85e-05 ent_coef=0.0030 std=0.996 act_ep=5 kl_stop=False
update=1913 steps=3917824 env_sps=439.4 loss=-0.0025 val=26.6681 kl=0.00341 lr=8.84e-05 ent_coef=0.0029 std=0.996 act_ep=5 kl_stop=False
update=1914 steps=3919872 env_sps=439.5 loss=-0.0032 val=16.8936 kl=0.00370 lr=8.83e-05 ent_coef=0.0029 std=0.996 act_ep=5 kl_stop=False
update=1915 steps=3921920 env_sps=439.5 loss=-0.0028 val=8.7749 kl=0.00391 lr=8.82e-05 ent_coef=0.0029 std=0.996 act_ep=5 kl_stop=False
update=1916 steps=3923968 env_sps=439.6 loss=-0.0029 val=3.6735 kl=0.00337 lr=8.81e-05 ent_coef=0.0029 std=0.996 act_ep=5 kl_stop=False
update=1917 steps=3926016 env_sps=439.6 loss=-0.0019 val=8.1346 kl=0.00526 lr=8.80e-05 ent_coef=0.0029 std=0.996 act_ep=5 kl_stop=False
update=1918 steps=3928064 env_sps=439.7 loss=-0.0024 val=19.9888 kl=0.00310 lr=8.79e-05 ent_coef=0.0029 std=0.996 act_ep=5 kl_stop=False
update=1919 steps=3930112 env_sps=439.7 loss=-0.0016 val=7.7600 kl=0.00264 lr=8.78e-05 ent_coef=0.0029 std=0.997 act_ep=5 kl_stop=False
update=1920 steps=3932160 env_sps=439.8 loss=-0.0018 val=5.0010 kl=0.00183 lr=8.77e-05 ent_coef=0.0029 std=0.996 act_ep=5 kl_stop=False
update=1921 steps=3934208 env_sps=439.8 loss=-0.0018 val=2.2203 kl=0.00278 lr=8.76e-05 ent_coef=0.0029 std=0.996 act_ep=5 kl_stop=False
update=1922 steps=3936256 env_sps=439.8 loss=-0.0025 val=17.0995 kl=0.00169 lr=8.74e-05 ent_coef=0.0029 std=0.996 act_ep=5 kl_stop=False
update=1923 steps=3938304 env_sps=439.9 loss=-0.0018 val=14.8014 kl=0.00135 lr=8.73e-05 ent_coef=0.0029 std=0.996 act_ep=5 kl_stop=False
update=1924 steps=3940352 env_sps=439.9 loss=-0.0026 val=11.7236 kl=0.00245 lr=8.72e-05 ent_coef=0.0029 std=0.995 act_ep=5 kl_stop=False
update=1925 steps=3942400 env_sps=440.0 loss=-0.0021 val=7.6668 kl=0.00274 lr=8.71e-05 ent_coef=0.0029 std=0.995 act_ep=5 kl_stop=False
update=1926 steps=3944448 env_sps=440.0 loss=-0.0033 val=13.2235 kl=0.00348 lr=8.70e-05 ent_coef=0.0029 std=0.996 act_ep=5 kl_stop=False
update=1927 steps=3946496 env_sps=440.1 loss=-0.0032 val=5.8643 kl=0.00455 lr=8.69e-05 ent_coef=0.0029 std=0.996 act_ep=5 kl_stop=False
update=1928 steps=3948544 env_sps=440.1 loss=-0.0023 val=5.1971 kl=0.00323 lr=8.68e-05 ent_coef=0.0029 std=0.995 act_ep=5 kl_stop=False
update=1929 steps=3950592 env_sps=440.1 loss=-0.0034 val=25.3990 kl=0.00354 lr=8.67e-05 ent_coef=0.0029 std=0.996 act_ep=5 kl_stop=False
update=1930 steps=3952640 env_sps=440.2 loss=-0.0029 val=4.6342 kl=0.00362 lr=8.66e-05 ent_coef=0.0029 std=0.996 act_ep=5 kl_stop=False
update=1931 steps=3954688 env_sps=440.2 loss=-0.0038 val=3.3858 kl=0.00386 lr=8.64e-05 ent_coef=0.0029 std=0.995 act_ep=5 kl_stop=False
update=1932 steps=3956736 env_sps=440.3 loss=-0.0017 val=2.9800 kl=0.00152 lr=8.63e-05 ent_coef=0.0029 std=0.995 act_ep=5 kl_stop=False
update=1933 steps=3958784 env_sps=440.3 loss=-0.0026 val=9.9485 kl=0.00362 lr=8.62e-05 ent_coef=0.0029 std=0.995 act_ep=5 kl_stop=False
update=1934 steps=3960832 env_sps=440.4 loss=-0.0026 val=4.6433 kl=0.00234 lr=8.61e-05 ent_coef=0.0029 std=0.995 act_ep=5 kl_stop=False
update=1935 steps=3962880 env_sps=440.4 loss=-0.0016 val=7.9446 kl=0.00300 lr=8.60e-05 ent_coef=0.0029 std=0.996 act_ep=5 kl_stop=False
update=1936 steps=3964928 env_sps=440.5 loss=-0.0026 val=10.8977 kl=0.00287 lr=8.59e-05 ent_coef=0.0029 std=0.996 act_ep=5 kl_stop=False
update=1937 steps=3966976 env_sps=440.5 loss=-0.0041 val=13.8530 kl=0.00384 lr=8.58e-05 ent_coef=0.0029 std=0.996 act_ep=5 kl_stop=False
update=1938 steps=3969024 env_sps=440.6 loss=-0.0011 val=12.4507 kl=0.00198 lr=8.57e-05 ent_coef=0.0029 std=0.996 act_ep=5 kl_stop=False
update=1939 steps=3971072 env_sps=440.6 loss=-0.0022 val=3.9514 kl=0.00319 lr=8.56e-05 ent_coef=0.0029 std=0.996 act_ep=5 kl_stop=False
update=1940 steps=3973120 env_sps=440.6 loss=-0.0025 val=5.6544 kl=0.00357 lr=8.55e-05 ent_coef=0.0028 std=0.997 act_ep=5 kl_stop=False
update=1941 steps=3975168 env_sps=440.7 loss=-0.0023 val=12.5948 kl=0.00320 lr=8.53e-05 ent_coef=0.0028 std=0.997 act_ep=5 kl_stop=False
update=1942 steps=3977216 env_sps=440.8 loss=-0.0012 val=3.2737 kl=0.00156 lr=8.52e-05 ent_coef=0.0028 std=0.997 act_ep=5 kl_stop=False
update=1943 steps=3979264 env_sps=440.8 loss=-0.0016 val=9.7313 kl=0.00148 lr=8.51e-05 ent_coef=0.0028 std=0.998 act_ep=5 kl_stop=False
update=1944 steps=3981312 env_sps=440.8 loss=-0.0021 val=7.2464 kl=0.00300 lr=8.50e-05 ent_coef=0.0028 std=0.998 act_ep=5 kl_stop=False
update=1945 steps=3983360 env_sps=440.9 loss=-0.0022 val=2.5977 kl=0.00342 lr=8.49e-05 ent_coef=0.0028 std=0.999 act_ep=5 kl_stop=False
update=1946 steps=3985408 env_sps=440.9 loss=-0.0022 val=8.7800 kl=0.00274 lr=8.48e-05 ent_coef=0.0028 std=0.999 act_ep=5 kl_stop=False
update=1947 steps=3987456 env_sps=441.0 loss=-0.0029 val=7.3103 kl=0.00293 lr=8.47e-05 ent_coef=0.0028 std=1.000 act_ep=5 kl_stop=False
update=1948 steps=3989504 env_sps=441.0 loss=-0.0022 val=12.0155 kl=0.00250 lr=8.46e-05 ent_coef=0.0028 std=1.000 act_ep=5 kl_stop=False
update=1949 steps=3991552 env_sps=441.1 loss=-0.0035 val=14.3686 kl=0.00400 lr=8.45e-05 ent_coef=0.0028 std=1.000 act_ep=5 kl_stop=False
update=1950 steps=3993600 env_sps=441.1 loss=-0.0017 val=3.4956 kl=0.00248 lr=8.43e-05 ent_coef=0.0028 std=1.000 act_ep=5 kl_stop=False
update=1951 steps=3995648 env_sps=441.2 loss=-0.0006 val=6.3379 kl=0.00205 lr=8.42e-05 ent_coef=0.0028 std=1.000 act_ep=5 kl_stop=False
update=1952 steps=3997696 env_sps=441.2 loss=-0.0024 val=7.3135 kl=0.00152 lr=8.41e-05 ent_coef=0.0028 std=1.000 act_ep=5 kl_stop=False
update=1953 steps=3999744 env_sps=441.3 loss=-0.0029 val=9.4978 kl=0.00217 lr=8.40e-05 ent_coef=0.0028 std=1.000 act_ep=5 kl_stop=False
update=1954 steps=4001792 env_sps=441.3 loss=-0.0026 val=14.5905 kl=0.00224 lr=8.39e-05 ent_coef=0.0028 std=0.999 act_ep=5 kl_stop=False
update=1955 steps=4003840 env_sps=438.4 loss=-0.0021 val=3.8334 kl=0.00220 lr=8.38e-05 ent_coef=0.0028 std=0.999 act_ep=5 kl_stop=False
update=1956 steps=4005888 env_sps=438.5 loss=-0.0022 val=7.9905 kl=0.00302 lr=8.37e-05 ent_coef=0.0028 std=0.998 act_ep=5 kl_stop=False
update=1957 steps=4007936 env_sps=438.5 loss=-0.0016 val=10.9569 kl=0.00303 lr=8.36e-05 ent_coef=0.0028 std=0.999 act_ep=5 kl_stop=False
update=1958 steps=4009984 env_sps=438.5 loss=-0.0019 val=22.3637 kl=0.00312 lr=8.35e-05 ent_coef=0.0028 std=0.999 act_ep=5 kl_stop=False
update=1959 steps=4012032 env_sps=438.6 loss=-0.0031 val=8.5609 kl=0.00249 lr=8.34e-05 ent_coef=0.0028 std=0.999 act_ep=5 kl_stop=False
update=1960 steps=4014080 env_sps=438.6 loss=-0.0039 val=9.7393 kl=0.00408 lr=8.32e-05 ent_coef=0.0028 std=0.999 act_ep=5 kl_stop=False
update=1961 steps=4016128 env_sps=438.7 loss=-0.0011 val=15.5769 kl=0.00102 lr=8.31e-05 ent_coef=0.0028 std=0.999 act_ep=5 kl_stop=False
update=1962 steps=4018176 env_sps=438.7 loss=-0.0018 val=0.5283 kl=0.00214 lr=8.30e-05 ent_coef=0.0028 std=0.997 act_ep=5 kl_stop=False
update=1963 steps=4020224 env_sps=438.8 loss=-0.0015 val=11.1397 kl=0.00272 lr=8.29e-05 ent_coef=0.0028 std=0.997 act_ep=5 kl_stop=False
update=1964 steps=4022272 env_sps=438.8 loss=-0.0019 val=2.7039 kl=0.00259 lr=8.28e-05 ent_coef=0.0028 std=0.997 act_ep=5 kl_stop=False
update=1965 steps=4024320 env_sps=438.9 loss=-0.0022 val=10.4213 kl=0.00450 lr=8.27e-05 ent_coef=0.0028 std=0.997 act_ep=5 kl_stop=False
update=1966 steps=4026368 env_sps=438.9 loss=-0.0017 val=20.6225 kl=0.00167 lr=8.26e-05 ent_coef=0.0028 std=0.997 act_ep=5 kl_stop=False
update=1967 steps=4028416 env_sps=439.0 loss=-0.0023 val=15.8635 kl=0.00403 lr=8.25e-05 ent_coef=0.0027 std=0.996 act_ep=5 kl_stop=False
update=1968 steps=4030464 env_sps=439.0 loss=-0.0037 val=13.4340 kl=0.00374 lr=8.24e-05 ent_coef=0.0027 std=0.996 act_ep=5 kl_stop=False
update=1969 steps=4032512 env_sps=439.1 loss=-0.0029 val=13.8481 kl=0.00208 lr=8.22e-05 ent_coef=0.0027 std=0.997 act_ep=5 kl_stop=False
update=1970 steps=4034560 env_sps=439.1 loss=-0.0019 val=21.2966 kl=0.00197 lr=8.21e-05 ent_coef=0.0027 std=0.997 act_ep=5 kl_stop=False
update=1971 steps=4036608 env_sps=439.1 loss=-0.0021 val=7.3788 kl=0.00222 lr=8.20e-05 ent_coef=0.0027 std=0.998 act_ep=5 kl_stop=False
update=1972 steps=4038656 env_sps=439.2 loss=-0.0027 val=5.1589 kl=0.00281 lr=8.19e-05 ent_coef=0.0027 std=0.998 act_ep=5 kl_stop=False
update=1973 steps=4040704 env_sps=439.2 loss=-0.0011 val=8.5603 kl=0.00199 lr=8.18e-05 ent_coef=0.0027 std=0.998 act_ep=5 kl_stop=False
update=1974 steps=4042752 env_sps=439.3 loss=-0.0041 val=11.1837 kl=0.00222 lr=8.17e-05 ent_coef=0.0027 std=0.999 act_ep=5 kl_stop=False
update=1975 steps=4044800 env_sps=439.3 loss=-0.0038 val=8.5157 kl=0.00349 lr=8.16e-05 ent_coef=0.0027 std=0.999 act_ep=5 kl_stop=False
update=1976 steps=4046848 env_sps=439.3 loss=-0.0014 val=3.7177 kl=0.00270 lr=8.15e-05 ent_coef=0.0027 std=0.999 act_ep=5 kl_stop=False
update=1977 steps=4048896 env_sps=439.4 loss=-0.0026 val=6.4238 kl=0.00180 lr=8.14e-05 ent_coef=0.0027 std=0.998 act_ep=5 kl_stop=False
update=1978 steps=4050944 env_sps=439.4 loss=-0.0026 val=12.2299 kl=0.00418 lr=8.12e-05 ent_coef=0.0027 std=0.998 act_ep=5 kl_stop=False
update=1979 steps=4052992 env_sps=439.5 loss=-0.0016 val=9.5094 kl=0.00241 lr=8.11e-05 ent_coef=0.0027 std=0.998 act_ep=5 kl_stop=False
update=1980 steps=4055040 env_sps=439.5 loss=-0.0022 val=10.7477 kl=0.00337 lr=8.10e-05 ent_coef=0.0027 std=0.997 act_ep=5 kl_stop=False
update=1981 steps=4057088 env_sps=439.6 loss=-0.0019 val=8.7775 kl=0.00253 lr=8.09e-05 ent_coef=0.0027 std=0.997 act_ep=5 kl_stop=False
update=1982 steps=4059136 env_sps=439.6 loss=-0.0031 val=11.5540 kl=0.00330 lr=8.08e-05 ent_coef=0.0027 std=0.998 act_ep=5 kl_stop=False
update=1983 steps=4061184 env_sps=439.7 loss=-0.0013 val=9.8295 kl=0.00172 lr=8.07e-05 ent_coef=0.0027 std=0.998 act_ep=5 kl_stop=False
update=1984 steps=4063232 env_sps=439.7 loss=-0.0023 val=9.2709 kl=0.00217 lr=8.06e-05 ent_coef=0.0027 std=0.998 act_ep=5 kl_stop=False
update=1985 steps=4065280 env_sps=439.8 loss=-0.0025 val=7.3374 kl=0.00416 lr=8.05e-05 ent_coef=0.0027 std=0.998 act_ep=5 kl_stop=False
update=1986 steps=4067328 env_sps=439.8 loss=-0.0027 val=9.4146 kl=0.00206 lr=8.04e-05 ent_coef=0.0027 std=0.998 act_ep=5 kl_stop=False
update=1987 steps=4069376 env_sps=439.8 loss=-0.0021 val=3.1002 kl=0.00225 lr=8.03e-05 ent_coef=0.0027 std=0.997 act_ep=5 kl_stop=False
update=1988 steps=4071424 env_sps=439.9 loss=-0.0030 val=0.5116 kl=0.00249 lr=8.01e-05 ent_coef=0.0027 std=0.998 act_ep=5 kl_stop=False
update=1989 steps=4073472 env_sps=439.9 loss=-0.0032 val=11.9631 kl=0.00358 lr=8.00e-05 ent_coef=0.0027 std=0.998 act_ep=5 kl_stop=False
update=1990 steps=4075520 env_sps=440.0 loss=-0.0011 val=2.3512 kl=0.00354 lr=7.99e-05 ent_coef=0.0027 std=0.998 act_ep=5 kl_stop=False
update=1991 steps=4077568 env_sps=440.0 loss=-0.0022 val=8.0697 kl=0.00438 lr=7.98e-05 ent_coef=0.0027 std=0.998 act_ep=5 kl_stop=False
update=1992 steps=4079616 env_sps=440.1 loss=-0.0030 val=7.9053 kl=0.00408 lr=7.97e-05 ent_coef=0.0027 std=0.998 act_ep=5 kl_stop=False
update=1993 steps=4081664 env_sps=440.1 loss=-0.0010 val=9.2598 kl=0.00148 lr=7.96e-05 ent_coef=0.0027 std=0.998 act_ep=5 kl_stop=False
update=1994 steps=4083712 env_sps=440.2 loss=-0.0010 val=8.7420 kl=0.00110 lr=7.95e-05 ent_coef=0.0026 std=0.999 act_ep=5 kl_stop=False
update=1995 steps=4085760 env_sps=440.2 loss=-0.0019 val=6.2856 kl=0.00154 lr=7.94e-05 ent_coef=0.0026 std=0.999 act_ep=5 kl_stop=False
update=1996 steps=4087808 env_sps=440.3 loss=-0.0023 val=1.9512 kl=0.00266 lr=7.93e-05 ent_coef=0.0026 std=0.999 act_ep=5 kl_stop=False
update=1997 steps=4089856 env_sps=440.3 loss=-0.0036 val=24.1201 kl=0.00326 lr=7.91e-05 ent_coef=0.0026 std=0.999 act_ep=5 kl_stop=False
update=1998 steps=4091904 env_sps=440.4 loss=-0.0028 val=7.8357 kl=0.00311 lr=7.90e-05 ent_coef=0.0026 std=1.000 act_ep=5 kl_stop=False
update=1999 steps=4093952 env_sps=440.4 loss=-0.0020 val=16.0494 kl=0.00333 lr=7.89e-05 ent_coef=0.0026 std=1.000 act_ep=5 kl_stop=False
update=2000 steps=4096000 env_sps=440.4 loss=-0.0019 val=4.7714 kl=0.00147 lr=7.88e-05 ent_coef=0.0026 std=1.000 act_ep=5 kl_stop=False
update=2001 steps=4098048 env_sps=440.5 loss=-0.0029 val=29.9521 kl=0.00323 lr=7.87e-05 ent_coef=0.0026 std=1.000 act_ep=5 kl_stop=False
update=2002 steps=4100096 env_sps=440.5 loss=-0.0039 val=16.6273 kl=0.00561 lr=7.86e-05 ent_coef=0.0026 std=0.999 act_ep=5 kl_stop=False
update=2003 steps=4102144 env_sps=437.9 loss=-0.0035 val=18.2783 kl=0.00438 lr=7.85e-05 ent_coef=0.0026 std=1.000 act_ep=5 kl_stop=False
update=2004 steps=4104192 env_sps=437.9 loss=-0.0020 val=17.9914 kl=0.00297 lr=7.84e-05 ent_coef=0.0026 std=1.000 act_ep=5 kl_stop=False
update=2005 steps=4106240 env_sps=438.0 loss=-0.0029 val=4.8262 kl=0.00424 lr=7.83e-05 ent_coef=0.0026 std=0.999 act_ep=5 kl_stop=False
update=2006 steps=4108288 env_sps=438.0 loss=-0.0021 val=9.1307 kl=0.00286 lr=7.82e-05 ent_coef=0.0026 std=0.999 act_ep=5 kl_stop=False
update=2007 steps=4110336 env_sps=438.1 loss=-0.0025 val=11.2754 kl=0.00365 lr=7.80e-05 ent_coef=0.0026 std=0.999 act_ep=5 kl_stop=False
update=2008 steps=4112384 env_sps=438.1 loss=-0.0015 val=18.5343 kl=0.00183 lr=7.79e-05 ent_coef=0.0026 std=0.999 act_ep=5 kl_stop=False
update=2009 steps=4114432 env_sps=438.2 loss=-0.0015 val=5.1400 kl=0.00197 lr=7.78e-05 ent_coef=0.0026 std=0.998 act_ep=5 kl_stop=False
update=2010 steps=4116480 env_sps=438.2 loss=-0.0038 val=11.3677 kl=0.00541 lr=7.77e-05 ent_coef=0.0026 std=0.998 act_ep=5 kl_stop=False
update=2011 steps=4118528 env_sps=438.2 loss=-0.0029 val=3.8574 kl=0.00498 lr=7.76e-05 ent_coef=0.0026 std=0.998 act_ep=5 kl_stop=False
update=2012 steps=4120576 env_sps=438.3 loss=-0.0014 val=5.2810 kl=0.00261 lr=7.75e-05 ent_coef=0.0026 std=0.998 act_ep=5 kl_stop=False
update=2013 steps=4122624 env_sps=438.3 loss=-0.0018 val=11.6256 kl=0.00214 lr=7.74e-05 ent_coef=0.0026 std=0.997 act_ep=5 kl_stop=False
update=2014 steps=4124672 env_sps=438.4 loss=-0.0047 val=4.1609 kl=0.00586 lr=7.73e-05 ent_coef=0.0026 std=0.997 act_ep=5 kl_stop=False
update=2015 steps=4126720 env_sps=438.4 loss=-0.0031 val=10.6860 kl=0.00408 lr=7.72e-05 ent_coef=0.0026 std=0.997 act_ep=5 kl_stop=False
update=2016 steps=4128768 env_sps=438.5 loss=-0.0026 val=6.8668 kl=0.00292 lr=7.70e-05 ent_coef=0.0026 std=0.997 act_ep=5 kl_stop=False
update=2017 steps=4130816 env_sps=438.5 loss=-0.0027 val=13.9737 kl=0.00293 lr=7.69e-05 ent_coef=0.0026 std=0.996 act_ep=5 kl_stop=False
update=2018 steps=4132864 env_sps=438.6 loss=-0.0011 val=1.1197 kl=0.00087 lr=7.68e-05 ent_coef=0.0026 std=0.996 act_ep=5 kl_stop=False
update=2019 steps=4134912 env_sps=438.6 loss=-0.0022 val=8.0137 kl=0.00273 lr=7.67e-05 ent_coef=0.0026 std=0.996 act_ep=5 kl_stop=False
update=2020 steps=4136960 env_sps=438.7 loss=-0.0033 val=7.3987 kl=0.00259 lr=7.66e-05 ent_coef=0.0026 std=0.997 act_ep=5 kl_stop=False
update=2021 steps=4139008 env_sps=438.7 loss=-0.0021 val=14.7127 kl=0.00298 lr=7.65e-05 ent_coef=0.0025 std=0.997 act_ep=5 kl_stop=False
update=2022 steps=4141056 env_sps=438.8 loss=-0.0023 val=3.8649 kl=0.00466 lr=7.64e-05 ent_coef=0.0025 std=0.997 act_ep=5 kl_stop=False
update=2023 steps=4143104 env_sps=438.8 loss=-0.0030 val=6.2473 kl=0.00451 lr=7.63e-05 ent_coef=0.0025 std=0.997 act_ep=5 kl_stop=False
update=2024 steps=4145152 env_sps=438.8 loss=-0.0015 val=19.8234 kl=0.00247 lr=7.62e-05 ent_coef=0.0025 std=0.997 act_ep=5 kl_stop=False
update=2025 steps=4147200 env_sps=438.9 loss=-0.0009 val=6.6300 kl=0.00081 lr=7.61e-05 ent_coef=0.0025 std=0.997 act_ep=5 kl_stop=False
update=2026 steps=4149248 env_sps=438.9 loss=-0.0025 val=9.5080 kl=0.00194 lr=7.59e-05 ent_coef=0.0025 std=0.997 act_ep=5 kl_stop=False
update=2027 steps=4151296 env_sps=439.0 loss=-0.0026 val=6.1616 kl=0.00420 lr=7.58e-05 ent_coef=0.0025 std=0.997 act_ep=5 kl_stop=False
update=2028 steps=4153344 env_sps=439.0 loss=-0.0026 val=9.7789 kl=0.00326 lr=7.57e-05 ent_coef=0.0025 std=0.997 act_ep=5 kl_stop=False
update=2029 steps=4155392 env_sps=439.1 loss=-0.0027 val=14.9482 kl=0.00267 lr=7.56e-05 ent_coef=0.0025 std=0.997 act_ep=5 kl_stop=False
update=2030 steps=4157440 env_sps=439.1 loss=-0.0014 val=1.8923 kl=0.00198 lr=7.55e-05 ent_coef=0.0025 std=0.997 act_ep=5 kl_stop=False
update=2031 steps=4159488 env_sps=439.1 loss=-0.0024 val=3.9627 kl=0.00315 lr=7.54e-05 ent_coef=0.0025 std=0.997 act_ep=5 kl_stop=False
update=2032 steps=4161536 env_sps=439.2 loss=-0.0030 val=16.3704 kl=0.00265 lr=7.53e-05 ent_coef=0.0025 std=0.997 act_ep=5 kl_stop=False
update=2033 steps=4163584 env_sps=439.2 loss=-0.0013 val=15.4249 kl=0.00114 lr=7.52e-05 ent_coef=0.0025 std=0.998 act_ep=5 kl_stop=False
update=2034 steps=4165632 env_sps=439.3 loss=-0.0024 val=5.9662 kl=0.00243 lr=7.51e-05 ent_coef=0.0025 std=0.998 act_ep=5 kl_stop=False
update=2035 steps=4167680 env_sps=439.3 loss=-0.0016 val=9.6701 kl=0.00163 lr=7.49e-05 ent_coef=0.0025 std=0.998 act_ep=5 kl_stop=False
update=2036 steps=4169728 env_sps=439.4 loss=-0.0050 val=17.7262 kl=0.00379 lr=7.48e-05 ent_coef=0.0025 std=0.999 act_ep=5 kl_stop=False
update=2037 steps=4171776 env_sps=439.4 loss=-0.0024 val=10.8169 kl=0.00191 lr=7.47e-05 ent_coef=0.0025 std=0.999 act_ep=5 kl_stop=False
update=2038 steps=4173824 env_sps=439.5 loss=-0.0044 val=3.8880 kl=0.00322 lr=7.46e-05 ent_coef=0.0025 std=0.998 act_ep=5 kl_stop=False
update=2039 steps=4175872 env_sps=439.5 loss=-0.0021 val=17.6910 kl=0.00339 lr=7.45e-05 ent_coef=0.0025 std=0.998 act_ep=5 kl_stop=False
update=2040 steps=4177920 env_sps=439.5 loss=-0.0023 val=5.6610 kl=0.00276 lr=7.44e-05 ent_coef=0.0025 std=0.998 act_ep=5 kl_stop=False
update=2041 steps=4179968 env_sps=439.6 loss=-0.0040 val=9.1801 kl=0.00296 lr=7.43e-05 ent_coef=0.0025 std=0.998 act_ep=5 kl_stop=False
update=2042 steps=4182016 env_sps=439.6 loss=-0.0024 val=2.7239 kl=0.00198 lr=7.42e-05 ent_coef=0.0025 std=0.998 act_ep=5 kl_stop=False
update=2043 steps=4184064 env_sps=439.7 loss=-0.0039 val=9.5458 kl=0.00261 lr=7.41e-05 ent_coef=0.0025 std=0.998 act_ep=5 kl_stop=False
update=2044 steps=4186112 env_sps=439.7 loss=-0.0016 val=2.4327 kl=0.00155 lr=7.39e-05 ent_coef=0.0025 std=0.998 act_ep=5 kl_stop=False
update=2045 steps=4188160 env_sps=439.8 loss=-0.0030 val=10.4159 kl=0.00348 lr=7.38e-05 ent_coef=0.0025 std=0.997 act_ep=5 kl_stop=False
update=2046 steps=4190208 env_sps=439.8 loss=-0.0036 val=4.9687 kl=0.00149 lr=7.37e-05 ent_coef=0.0025 std=0.997 act_ep=5 kl_stop=False
update=2047 steps=4192256 env_sps=439.8 loss=-0.0035 val=7.4168 kl=0.00398 lr=7.36e-05 ent_coef=0.0025 std=0.998 act_ep=5 kl_stop=False
update=2048 steps=4194304 env_sps=439.9 loss=-0.0016 val=10.1932 kl=0.00138 lr=7.35e-05 ent_coef=0.0025 std=0.998 act_ep=5 kl_stop=False
update=2049 steps=4196352 env_sps=439.9 loss=-0.0022 val=10.5972 kl=0.00254 lr=7.34e-05 ent_coef=0.0024 std=0.998 act_ep=5 kl_stop=False
update=2050 steps=4198400 env_sps=440.0 loss=-0.0029 val=13.7173 kl=0.00435 lr=7.33e-05 ent_coef=0.0024 std=0.998 act_ep=5 kl_stop=False
update=2051 steps=4200448 env_sps=440.0 loss=-0.0035 val=8.3460 kl=0.00519 lr=7.32e-05 ent_coef=0.0024 std=0.999 act_ep=5 kl_stop=False
update=2052 steps=4202496 env_sps=437.3 loss=-0.0023 val=11.6796 kl=0.00263 lr=7.31e-05 ent_coef=0.0024 std=0.999 act_ep=5 kl_stop=False
update=2053 steps=4204544 env_sps=437.3 loss=-0.0019 val=11.4271 kl=0.00325 lr=7.30e-05 ent_coef=0.0024 std=0.999 act_ep=5 kl_stop=False
update=2054 steps=4206592 env_sps=437.4 loss=-0.0024 val=0.5440 kl=0.00265 lr=7.28e-05 ent_coef=0.0024 std=0.998 act_ep=5 kl_stop=False
update=2055 steps=4208640 env_sps=437.4 loss=-0.0031 val=4.8062 kl=0.00252 lr=7.27e-05 ent_coef=0.0024 std=0.998 act_ep=5 kl_stop=False
update=2056 steps=4210688 env_sps=437.5 loss=-0.0023 val=12.9168 kl=0.00178 lr=7.26e-05 ent_coef=0.0024 std=0.998 act_ep=5 kl_stop=False
update=2057 steps=4212736 env_sps=437.5 loss=-0.0031 val=12.2665 kl=0.00361 lr=7.25e-05 ent_coef=0.0024 std=0.998 act_ep=5 kl_stop=False
update=2058 steps=4214784 env_sps=437.6 loss=-0.0031 val=5.6828 kl=0.00577 lr=7.24e-05 ent_coef=0.0024 std=0.998 act_ep=5 kl_stop=False
update=2059 steps=4216832 env_sps=437.6 loss=-0.0024 val=11.7137 kl=0.00185 lr=7.23e-05 ent_coef=0.0024 std=0.999 act_ep=5 kl_stop=False
update=2060 steps=4218880 env_sps=437.7 loss=-0.0023 val=10.9463 kl=0.00211 lr=7.22e-05 ent_coef=0.0024 std=0.998 act_ep=5 kl_stop=False
update=2061 steps=4220928 env_sps=437.7 loss=-0.0029 val=14.8198 kl=0.00177 lr=7.21e-05 ent_coef=0.0024 std=0.998 act_ep=5 kl_stop=False
update=2062 steps=4222976 env_sps=437.7 loss=-0.0023 val=8.6929 kl=0.00340 lr=7.20e-05 ent_coef=0.0024 std=0.998 act_ep=5 kl_stop=False
update=2063 steps=4225024 env_sps=437.8 loss=-0.0013 val=9.9425 kl=0.00185 lr=7.18e-05 ent_coef=0.0024 std=0.998 act_ep=5 kl_stop=False
update=2064 steps=4227072 env_sps=437.8 loss=-0.0026 val=15.2843 kl=0.00276 lr=7.17e-05 ent_coef=0.0024 std=0.998 act_ep=5 kl_stop=False
update=2065 steps=4229120 env_sps=437.9 loss=-0.0022 val=5.7503 kl=0.00164 lr=7.16e-05 ent_coef=0.0024 std=0.998 act_ep=5 kl_stop=False
update=2066 steps=4231168 env_sps=437.9 loss=-0.0019 val=14.1806 kl=0.00350 lr=7.15e-05 ent_coef=0.0024 std=0.998 act_ep=5 kl_stop=False
update=2067 steps=4233216 env_sps=437.9 loss=-0.0036 val=2.3551 kl=0.00384 lr=7.14e-05 ent_coef=0.0024 std=0.998 act_ep=5 kl_stop=False
update=2068 steps=4235264 env_sps=438.0 loss=-0.0032 val=6.3505 kl=0.00493 lr=7.13e-05 ent_coef=0.0024 std=0.999 act_ep=5 kl_stop=False
update=2069 steps=4237312 env_sps=438.0 loss=-0.0013 val=3.5370 kl=0.00092 lr=7.12e-05 ent_coef=0.0024 std=0.999 act_ep=5 kl_stop=False
update=2070 steps=4239360 env_sps=438.1 loss=-0.0026 val=9.1875 kl=0.00316 lr=7.11e-05 ent_coef=0.0024 std=0.999 act_ep=5 kl_stop=False
update=2071 steps=4241408 env_sps=438.1 loss=-0.0028 val=10.4719 kl=0.00292 lr=7.10e-05 ent_coef=0.0024 std=0.999 act_ep=5 kl_stop=False
update=2072 steps=4243456 env_sps=438.2 loss=-0.0026 val=8.6120 kl=0.00272 lr=7.09e-05 ent_coef=0.0024 std=0.999 act_ep=5 kl_stop=False
update=2073 steps=4245504 env_sps=438.2 loss=-0.0019 val=9.5218 kl=0.00471 lr=7.07e-05 ent_coef=0.0024 std=0.999 act_ep=5 kl_stop=False
update=2074 steps=4247552 env_sps=438.2 loss=-0.0036 val=4.0560 kl=0.00368 lr=7.06e-05 ent_coef=0.0024 std=0.999 act_ep=5 kl_stop=False
update=2075 steps=4249600 env_sps=438.3 loss=-0.0032 val=6.0251 kl=0.00463 lr=7.05e-05 ent_coef=0.0024 std=0.999 act_ep=5 kl_stop=False
update=2076 steps=4251648 env_sps=438.3 loss=-0.0018 val=4.4408 kl=0.00157 lr=7.04e-05 ent_coef=0.0023 std=0.997 act_ep=5 kl_stop=False
update=2077 steps=4253696 env_sps=438.4 loss=-0.0027 val=11.3959 kl=0.00291 lr=7.03e-05 ent_coef=0.0023 std=0.997 act_ep=5 kl_stop=False
update=2078 steps=4255744 env_sps=438.4 loss=-0.0035 val=2.0375 kl=0.00430 lr=7.02e-05 ent_coef=0.0023 std=0.997 act_ep=5 kl_stop=False
update=2079 steps=4257792 env_sps=438.5 loss=-0.0014 val=7.6839 kl=0.00185 lr=7.01e-05 ent_coef=0.0023 std=0.997 act_ep=5 kl_stop=False
update=2080 steps=4259840 env_sps=438.5 loss=-0.0022 val=5.6439 kl=0.00345 lr=7.00e-05 ent_coef=0.0023 std=0.998 act_ep=5 kl_stop=False
update=2081 steps=4261888 env_sps=438.6 loss=-0.0016 val=9.6966 kl=0.00160 lr=6.99e-05 ent_coef=0.0023 std=0.998 act_ep=5 kl_stop=False
update=2082 steps=4263936 env_sps=438.6 loss=-0.0020 val=7.2388 kl=0.00150 lr=6.97e-05 ent_coef=0.0023 std=0.998 act_ep=5 kl_stop=False
update=2083 steps=4265984 env_sps=438.6 loss=-0.0033 val=0.4510 kl=0.00275 lr=6.96e-05 ent_coef=0.0023 std=0.998 act_ep=5 kl_stop=False
update=2084 steps=4268032 env_sps=438.7 loss=-0.0012 val=2.2851 kl=0.00222 lr=6.95e-05 ent_coef=0.0023 std=0.998 act_ep=5 kl_stop=False
update=2085 steps=4270080 env_sps=438.7 loss=-0.0032 val=2.3209 kl=0.00335 lr=6.94e-05 ent_coef=0.0023 std=0.998 act_ep=5 kl_stop=False
update=2086 steps=4272128 env_sps=438.8 loss=-0.0023 val=6.1915 kl=0.00182 lr=6.93e-05 ent_coef=0.0023 std=0.998 act_ep=5 kl_stop=False
update=2087 steps=4274176 env_sps=438.8 loss=-0.0029 val=7.4952 kl=0.00287 lr=6.92e-05 ent_coef=0.0023 std=0.998 act_ep=5 kl_stop=False
update=2088 steps=4276224 env_sps=438.9 loss=-0.0019 val=6.3212 kl=0.00113 lr=6.91e-05 ent_coef=0.0023 std=0.998 act_ep=5 kl_stop=False
update=2089 steps=4278272 env_sps=438.9 loss=-0.0025 val=14.6290 kl=0.00319 lr=6.90e-05 ent_coef=0.0023 std=0.999 act_ep=5 kl_stop=False
update=2090 steps=4280320 env_sps=439.0 loss=-0.0018 val=11.9060 kl=0.00203 lr=6.89e-05 ent_coef=0.0023 std=0.999 act_ep=5 kl_stop=False
update=2091 steps=4282368 env_sps=439.0 loss=-0.0014 val=7.1594 kl=0.00232 lr=6.88e-05 ent_coef=0.0023 std=0.998 act_ep=5 kl_stop=False
update=2092 steps=4284416 env_sps=439.1 loss=-0.0040 val=7.9951 kl=0.00252 lr=6.86e-05 ent_coef=0.0023 std=0.999 act_ep=5 kl_stop=False
update=2093 steps=4286464 env_sps=439.1 loss=-0.0026 val=3.8296 kl=0.00303 lr=6.85e-05 ent_coef=0.0023 std=0.999 act_ep=5 kl_stop=False
update=2094 steps=4288512 env_sps=439.2 loss=-0.0030 val=8.9212 kl=0.00334 lr=6.84e-05 ent_coef=0.0023 std=0.999 act_ep=5 kl_stop=False
update=2095 steps=4290560 env_sps=439.2 loss=-0.0026 val=16.1510 kl=0.00277 lr=6.83e-05 ent_coef=0.0023 std=0.999 act_ep=5 kl_stop=False
update=2096 steps=4292608 env_sps=439.2 loss=-0.0018 val=2.6560 kl=0.00240 lr=6.82e-05 ent_coef=0.0023 std=0.998 act_ep=5 kl_stop=False
update=2097 steps=4294656 env_sps=439.3 loss=-0.0032 val=1.5373 kl=0.00286 lr=6.81e-05 ent_coef=0.0023 std=0.998 act_ep=5 kl_stop=False
update=2098 steps=4296704 env_sps=439.3 loss=-0.0013 val=12.0405 kl=0.00111 lr=6.80e-05 ent_coef=0.0023 std=0.998 act_ep=5 kl_stop=False
update=2099 steps=4298752 env_sps=439.4 loss=-0.0026 val=10.0174 kl=0.00408 lr=6.79e-05 ent_coef=0.0023 std=0.998 act_ep=5 kl_stop=False
update=2100 steps=4300800 env_sps=439.4 loss=-0.0013 val=6.7132 kl=0.00229 lr=6.78e-05 ent_coef=0.0023 std=0.998 act_ep=5 kl_stop=False
update=2101 steps=4302848 env_sps=436.8 loss=-0.0015 val=8.2567 kl=0.00287 lr=6.76e-05 ent_coef=0.0023 std=0.998 act_ep=5 kl_stop=False
update=2102 steps=4304896 env_sps=436.9 loss=-0.0031 val=2.6887 kl=0.00269 lr=6.75e-05 ent_coef=0.0023 std=0.999 act_ep=5 kl_stop=False
update=2103 steps=4306944 env_sps=436.9 loss=-0.0032 val=8.2040 kl=0.00249 lr=6.74e-05 ent_coef=0.0022 std=0.998 act_ep=5 kl_stop=False
update=2104 steps=4308992 env_sps=437.0 loss=-0.0015 val=6.1386 kl=0.00165 lr=6.73e-05 ent_coef=0.0022 std=0.998 act_ep=5 kl_stop=False
update=2105 steps=4311040 env_sps=437.0 loss=-0.0028 val=5.0957 kl=0.00297 lr=6.72e-05 ent_coef=0.0022 std=0.998 act_ep=5 kl_stop=False
update=2106 steps=4313088 env_sps=437.1 loss=-0.0027 val=13.2877 kl=0.00309 lr=6.71e-05 ent_coef=0.0022 std=0.998 act_ep=5 kl_stop=False
update=2107 steps=4315136 env_sps=437.1 loss=-0.0042 val=13.7238 kl=0.00268 lr=6.70e-05 ent_coef=0.0022 std=0.998 act_ep=5 kl_stop=False
update=2108 steps=4317184 env_sps=437.2 loss=-0.0015 val=3.0163 kl=0.00278 lr=6.69e-05 ent_coef=0.0022 std=0.998 act_ep=5 kl_stop=False
update=2109 steps=4319232 env_sps=437.2 loss=-0.0019 val=8.1585 kl=0.00287 lr=6.68e-05 ent_coef=0.0022 std=0.998 act_ep=5 kl_stop=False
update=2110 steps=4321280 env_sps=437.2 loss=-0.0024 val=4.4293 kl=0.00259 lr=6.67e-05 ent_coef=0.0022 std=0.998 act_ep=5 kl_stop=False
update=2111 steps=4323328 env_sps=437.3 loss=-0.0021 val=3.2708 kl=0.00322 lr=6.65e-05 ent_coef=0.0022 std=0.998 act_ep=5 kl_stop=False
update=2112 steps=4325376 env_sps=437.3 loss=-0.0008 val=10.6771 kl=0.00081 lr=6.64e-05 ent_coef=0.0022 std=0.998 act_ep=5 kl_stop=False
update=2113 steps=4327424 env_sps=437.4 loss=-0.0034 val=7.7611 kl=0.00249 lr=6.63e-05 ent_coef=0.0022 std=0.998 act_ep=5 kl_stop=False
update=2114 steps=4329472 env_sps=437.4 loss=-0.0024 val=11.0197 kl=0.00296 lr=6.62e-05 ent_coef=0.0022 std=0.999 act_ep=5 kl_stop=False
update=2115 steps=4331520 env_sps=437.4 loss=-0.0014 val=11.9031 kl=0.00092 lr=6.61e-05 ent_coef=0.0022 std=0.999 act_ep=5 kl_stop=False
update=2116 steps=4333568 env_sps=437.5 loss=-0.0017 val=8.5906 kl=0.00233 lr=6.60e-05 ent_coef=0.0022 std=0.999 act_ep=5 kl_stop=False
update=2117 steps=4335616 env_sps=437.6 loss=-0.0017 val=4.8261 kl=0.00211 lr=6.59e-05 ent_coef=0.0022 std=0.999 act_ep=5 kl_stop=False
update=2118 steps=4337664 env_sps=437.6 loss=-0.0030 val=0.4562 kl=0.00224 lr=6.58e-05 ent_coef=0.0022 std=0.999 act_ep=5 kl_stop=False
update=2119 steps=4339712 env_sps=437.6 loss=-0.0024 val=20.7783 kl=0.00185 lr=6.57e-05 ent_coef=0.0022 std=0.999 act_ep=5 kl_stop=False
update=2120 steps=4341760 env_sps=437.7 loss=-0.0025 val=12.9204 kl=0.00339 lr=6.55e-05 ent_coef=0.0022 std=0.999 act_ep=5 kl_stop=False
update=2121 steps=4343808 env_sps=437.7 loss=-0.0036 val=0.3124 kl=0.00320 lr=6.54e-05 ent_coef=0.0022 std=0.999 act_ep=5 kl_stop=False
update=2122 steps=4345856 env_sps=437.8 loss=-0.0030 val=0.3247 kl=0.00310 lr=6.53e-05 ent_coef=0.0022 std=0.999 act_ep=5 kl_stop=False
update=2123 steps=4347904 env_sps=437.8 loss=-0.0031 val=8.4051 kl=0.00343 lr=6.52e-05 ent_coef=0.0022 std=0.999 act_ep=5 kl_stop=False
update=2124 steps=4349952 env_sps=437.9 loss=-0.0018 val=16.2857 kl=0.00208 lr=6.51e-05 ent_coef=0.0022 std=0.999 act_ep=5 kl_stop=False
update=2125 steps=4352000 env_sps=437.9 loss=-0.0015 val=4.4593 kl=0.00160 lr=6.50e-05 ent_coef=0.0022 std=0.998 act_ep=5 kl_stop=False
update=2126 steps=4354048 env_sps=438.0 loss=-0.0037 val=9.5550 kl=0.00351 lr=6.49e-05 ent_coef=0.0022 std=0.999 act_ep=5 kl_stop=False
update=2127 steps=4356096 env_sps=438.0 loss=-0.0016 val=0.5778 kl=0.00161 lr=6.48e-05 ent_coef=0.0022 std=0.999 act_ep=5 kl_stop=False
update=2128 steps=4358144 env_sps=438.1 loss=-0.0020 val=4.8548 kl=0.00076 lr=6.47e-05 ent_coef=0.0022 std=0.999 act_ep=5 kl_stop=False
update=2129 steps=4360192 env_sps=438.1 loss=-0.0022 val=8.7041 kl=0.00239 lr=6.45e-05 ent_coef=0.0022 std=0.999 act_ep=5 kl_stop=False
update=2130 steps=4362240 env_sps=438.1 loss=-0.0021 val=9.1092 kl=0.00235 lr=6.44e-05 ent_coef=0.0021 std=0.999 act_ep=5 kl_stop=False
update=2131 steps=4364288 env_sps=438.2 loss=-0.0026 val=14.8826 kl=0.00413 lr=6.43e-05 ent_coef=0.0021 std=1.000 act_ep=5 kl_stop=False
update=2132 steps=4366336 env_sps=438.2 loss=-0.0019 val=8.4013 kl=0.00151 lr=6.42e-05 ent_coef=0.0021 std=0.999 act_ep=5 kl_stop=False
update=2133 steps=4368384 env_sps=438.3 loss=-0.0032 val=8.5245 kl=0.00378 lr=6.41e-05 ent_coef=0.0021 std=0.999 act_ep=5 kl_stop=False
update=2134 steps=4370432 env_sps=438.3 loss=-0.0015 val=7.1028 kl=0.00144 lr=6.40e-05 ent_coef=0.0021 std=0.998 act_ep=5 kl_stop=False
update=2135 steps=4372480 env_sps=438.3 loss=-0.0015 val=4.1610 kl=0.00223 lr=6.39e-05 ent_coef=0.0021 std=0.998 act_ep=5 kl_stop=False
update=2136 steps=4374528 env_sps=438.4 loss=-0.0015 val=4.4210 kl=0.00193 lr=6.38e-05 ent_coef=0.0021 std=0.999 act_ep=5 kl_stop=False
update=2137 steps=4376576 env_sps=438.4 loss=-0.0021 val=11.4230 kl=0.00230 lr=6.37e-05 ent_coef=0.0021 std=0.999 act_ep=5 kl_stop=False
update=2138 steps=4378624 env_sps=438.5 loss=-0.0019 val=25.0618 kl=0.00241 lr=6.36e-05 ent_coef=0.0021 std=0.998 act_ep=5 kl_stop=False
update=2139 steps=4380672 env_sps=438.5 loss=-0.0027 val=7.7326 kl=0.00263 lr=6.34e-05 ent_coef=0.0021 std=0.999 act_ep=5 kl_stop=False
update=2140 steps=4382720 env_sps=438.6 loss=-0.0028 val=4.1725 kl=0.00235 lr=6.33e-05 ent_coef=0.0021 std=0.999 act_ep=5 kl_stop=False
update=2141 steps=4384768 env_sps=438.6 loss=-0.0027 val=6.6625 kl=0.00341 lr=6.32e-05 ent_coef=0.0021 std=0.999 act_ep=5 kl_stop=False
update=2142 steps=4386816 env_sps=438.7 loss=-0.0025 val=7.3720 kl=0.00179 lr=6.31e-05 ent_coef=0.0021 std=0.999 act_ep=5 kl_stop=False
update=2143 steps=4388864 env_sps=438.7 loss=-0.0025 val=8.8437 kl=0.00202 lr=6.30e-05 ent_coef=0.0021 std=0.999 act_ep=5 kl_stop=False
update=2144 steps=4390912 env_sps=438.8 loss=-0.0036 val=9.2225 kl=0.00236 lr=6.29e-05 ent_coef=0.0021 std=0.999 act_ep=5 kl_stop=False
update=2145 steps=4392960 env_sps=438.8 loss=-0.0022 val=12.8600 kl=0.00214 lr=6.28e-05 ent_coef=0.0021 std=0.999 act_ep=5 kl_stop=False
update=2146 steps=4395008 env_sps=438.9 loss=-0.0038 val=9.8863 kl=0.00432 lr=6.27e-05 ent_coef=0.0021 std=0.999 act_ep=5 kl_stop=False
update=2147 steps=4397056 env_sps=438.9 loss=-0.0025 val=7.0629 kl=0.00174 lr=6.26e-05 ent_coef=0.0021 std=0.999 act_ep=5 kl_stop=False
update=2148 steps=4399104 env_sps=438.9 loss=-0.0016 val=2.4962 kl=0.00325 lr=6.24e-05 ent_coef=0.0021 std=0.999 act_ep=5 kl_stop=False
update=2149 steps=4401152 env_sps=439.0 loss=-0.0029 val=15.5587 kl=0.00375 lr=6.23e-05 ent_coef=0.0021 std=0.999 act_ep=5 kl_stop=False
update=2150 steps=4403200 env_sps=436.5 loss=-0.0027 val=3.2594 kl=0.00368 lr=6.22e-05 ent_coef=0.0021 std=0.998 act_ep=5 kl_stop=False
update=2151 steps=4405248 env_sps=436.6 loss=-0.0027 val=2.5418 kl=0.00475 lr=6.21e-05 ent_coef=0.0021 std=0.998 act_ep=5 kl_stop=False
update=2152 steps=4407296 env_sps=436.6 loss=-0.0016 val=3.4827 kl=0.00218 lr=6.20e-05 ent_coef=0.0021 std=0.997 act_ep=5 kl_stop=False
update=2153 steps=4409344 env_sps=436.7 loss=-0.0027 val=3.2871 kl=0.00318 lr=6.19e-05 ent_coef=0.0021 std=0.997 act_ep=5 kl_stop=False
update=2154 steps=4411392 env_sps=436.7 loss=-0.0013 val=3.3071 kl=0.00115 lr=6.18e-05 ent_coef=0.0021 std=0.997 act_ep=5 kl_stop=False
update=2155 steps=4413440 env_sps=436.7 loss=-0.0028 val=15.5255 kl=0.00267 lr=6.17e-05 ent_coef=0.0021 std=0.998 act_ep=5 kl_stop=False
update=2156 steps=4415488 env_sps=436.8 loss=-0.0027 val=9.4357 kl=0.00280 lr=6.16e-05 ent_coef=0.0021 std=0.998 act_ep=5 kl_stop=False
update=2157 steps=4417536 env_sps=436.8 loss=-0.0028 val=9.4080 kl=0.00437 lr=6.15e-05 ent_coef=0.0020 std=0.998 act_ep=5 kl_stop=False
update=2158 steps=4419584 env_sps=436.9 loss=-0.0032 val=7.6874 kl=0.00291 lr=6.13e-05 ent_coef=0.0020 std=0.997 act_ep=5 kl_stop=False
update=2159 steps=4421632 env_sps=436.9 loss=-0.0027 val=2.7584 kl=0.00412 lr=6.12e-05 ent_coef=0.0020 std=0.997 act_ep=5 kl_stop=False
update=2160 steps=4423680 env_sps=437.0 loss=-0.0015 val=6.3922 kl=0.00251 lr=6.11e-05 ent_coef=0.0020 std=0.997 act_ep=5 kl_stop=False
update=2161 steps=4425728 env_sps=437.0 loss=-0.0009 val=19.4598 kl=0.00060 lr=6.10e-05 ent_coef=0.0020 std=0.998 act_ep=5 kl_stop=False
update=2162 steps=4427776 env_sps=437.1 loss=-0.0023 val=6.2694 kl=0.00271 lr=6.09e-05 ent_coef=0.0020 std=0.998 act_ep=5 kl_stop=False
update=2163 steps=4429824 env_sps=437.1 loss=-0.0012 val=8.6532 kl=0.00101 lr=6.08e-05 ent_coef=0.0020 std=0.998 act_ep=5 kl_stop=False
update=2164 steps=4431872 env_sps=437.1 loss=-0.0031 val=3.5612 kl=0.00289 lr=6.07e-05 ent_coef=0.0020 std=0.998 act_ep=5 kl_stop=False
update=2165 steps=4433920 env_sps=437.2 loss=-0.0016 val=6.2059 kl=0.00158 lr=6.06e-05 ent_coef=0.0020 std=0.998 act_ep=5 kl_stop=False
update=2166 steps=4435968 env_sps=437.2 loss=-0.0024 val=3.0986 kl=0.00329 lr=6.05e-05 ent_coef=0.0020 std=0.998 act_ep=5 kl_stop=False
update=2167 steps=4438016 env_sps=437.3 loss=-0.0029 val=1.8299 kl=0.00126 lr=6.03e-05 ent_coef=0.0020 std=0.997 act_ep=5 kl_stop=False
update=2168 steps=4440064 env_sps=437.3 loss=-0.0025 val=31.6913 kl=0.00296 lr=6.02e-05 ent_coef=0.0020 std=0.997 act_ep=5 kl_stop=False
update=2169 steps=4442112 env_sps=437.3 loss=-0.0009 val=5.6650 kl=0.00130 lr=6.01e-05 ent_coef=0.0020 std=0.997 act_ep=5 kl_stop=False
update=2170 steps=4444160 env_sps=437.4 loss=-0.0013 val=10.6255 kl=0.00162 lr=6.00e-05 ent_coef=0.0020 std=0.997 act_ep=5 kl_stop=False
update=2171 steps=4446208 env_sps=437.4 loss=-0.0042 val=6.9073 kl=0.00503 lr=5.99e-05 ent_coef=0.0020 std=0.997 act_ep=5 kl_stop=False
update=2172 steps=4448256 env_sps=437.4 loss=-0.0030 val=4.7636 kl=0.00312 lr=5.98e-05 ent_coef=0.0020 std=0.998 act_ep=5 kl_stop=False
update=2173 steps=4450304 env_sps=437.5 loss=-0.0022 val=9.0730 kl=0.00257 lr=5.97e-05 ent_coef=0.0020 std=0.998 act_ep=5 kl_stop=False
update=2174 steps=4452352 env_sps=437.5 loss=-0.0025 val=11.0640 kl=0.00364 lr=5.96e-05 ent_coef=0.0020 std=0.998 act_ep=5 kl_stop=False
update=2175 steps=4454400 env_sps=437.6 loss=-0.0039 val=8.6786 kl=0.00347 lr=5.95e-05 ent_coef=0.0020 std=0.998 act_ep=5 kl_stop=False
update=2176 steps=4456448 env_sps=437.6 loss=-0.0007 val=3.7466 kl=0.00136 lr=5.94e-05 ent_coef=0.0020 std=0.998 act_ep=5 kl_stop=False
update=2177 steps=4458496 env_sps=437.6 loss=-0.0049 val=3.4472 kl=0.00454 lr=5.92e-05 ent_coef=0.0020 std=0.998 act_ep=5 kl_stop=False
update=2178 steps=4460544 env_sps=437.7 loss=-0.0027 val=7.2103 kl=0.00396 lr=5.91e-05 ent_coef=0.0020 std=0.998 act_ep=5 kl_stop=False
update=2179 steps=4462592 env_sps=437.7 loss=-0.0027 val=19.8793 kl=0.00299 lr=5.90e-05 ent_coef=0.0020 std=0.998 act_ep=5 kl_stop=False
update=2180 steps=4464640 env_sps=437.8 loss=-0.0027 val=4.5448 kl=0.00379 lr=5.89e-05 ent_coef=0.0020 std=0.998 act_ep=5 kl_stop=False
update=2181 steps=4466688 env_sps=437.8 loss=-0.0021 val=3.4754 kl=0.00310 lr=5.88e-05 ent_coef=0.0020 std=0.998 act_ep=5 kl_stop=False
update=2182 steps=4468736 env_sps=437.8 loss=-0.0025 val=19.1531 kl=0.00295 lr=5.87e-05 ent_coef=0.0020 std=0.998 act_ep=5 kl_stop=False
update=2183 steps=4470784 env_sps=437.9 loss=-0.0017 val=10.5586 kl=0.00262 lr=5.86e-05 ent_coef=0.0020 std=0.998 act_ep=5 kl_stop=False
update=2184 steps=4472832 env_sps=437.9 loss=-0.0030 val=23.8635 kl=0.00326 lr=5.85e-05 ent_coef=0.0019 std=0.998 act_ep=5 kl_stop=False
update=2185 steps=4474880 env_sps=438.0 loss=-0.0022 val=6.3640 kl=0.00335 lr=5.84e-05 ent_coef=0.0019 std=0.998 act_ep=5 kl_stop=False
update=2186 steps=4476928 env_sps=438.0 loss=-0.0021 val=12.5664 kl=0.00308 lr=5.82e-05 ent_coef=0.0019 std=0.998 act_ep=5 kl_stop=False
update=2187 steps=4478976 env_sps=438.1 loss=-0.0013 val=9.6627 kl=0.00231 lr=5.81e-05 ent_coef=0.0019 std=0.998 act_ep=5 kl_stop=False
update=2188 steps=4481024 env_sps=438.1 loss=-0.0017 val=23.1696 kl=0.00223 lr=5.80e-05 ent_coef=0.0019 std=0.998 act_ep=5 kl_stop=False
update=2189 steps=4483072 env_sps=438.2 loss=-0.0019 val=17.0077 kl=0.00156 lr=5.79e-05 ent_coef=0.0019 std=0.997 act_ep=5 kl_stop=False
update=2190 steps=4485120 env_sps=438.2 loss=-0.0014 val=13.9605 kl=0.00153 lr=5.78e-05 ent_coef=0.0019 std=0.997 act_ep=5 kl_stop=False
update=2191 steps=4487168 env_sps=438.2 loss=-0.0027 val=5.4506 kl=0.00375 lr=5.77e-05 ent_coef=0.0019 std=0.998 act_ep=5 kl_stop=False
update=2192 steps=4489216 env_sps=438.3 loss=-0.0028 val=4.3261 kl=0.00247 lr=5.76e-05 ent_coef=0.0019 std=0.998 act_ep=5 kl_stop=False
update=2193 steps=4491264 env_sps=438.3 loss=-0.0027 val=6.6052 kl=0.00334 lr=5.75e-05 ent_coef=0.0019 std=0.997 act_ep=5 kl_stop=False
update=2194 steps=4493312 env_sps=438.3 loss=-0.0012 val=16.6681 kl=0.00189 lr=5.74e-05 ent_coef=0.0019 std=0.998 act_ep=5 kl_stop=False
update=2195 steps=4495360 env_sps=438.4 loss=-0.0030 val=14.0898 kl=0.00436 lr=5.73e-05 ent_coef=0.0019 std=0.998 act_ep=5 kl_stop=False
update=2196 steps=4497408 env_sps=438.4 loss=-0.0039 val=10.5919 kl=0.00290 lr=5.71e-05 ent_coef=0.0019 std=0.997 act_ep=5 kl_stop=False
update=2197 steps=4499456 env_sps=438.5 loss=-0.0013 val=7.7297 kl=0.00319 lr=5.70e-05 ent_coef=0.0019 std=0.997 act_ep=5 kl_stop=False
update=2198 steps=4501504 env_sps=438.5 loss=-0.0020 val=7.1634 kl=0.00296 lr=5.69e-05 ent_coef=0.0019 std=0.997 act_ep=5 kl_stop=False
update=2199 steps=4503552 env_sps=436.2 loss=-0.0028 val=4.1235 kl=0.00553 lr=5.68e-05 ent_coef=0.0019 std=0.997 act_ep=5 kl_stop=False
update=2200 steps=4505600 env_sps=436.2 loss=-0.0017 val=17.1877 kl=0.00254 lr=5.67e-05 ent_coef=0.0019 std=0.997 act_ep=5 kl_stop=False
update=2201 steps=4507648 env_sps=436.3 loss=-0.0024 val=16.2201 kl=0.00266 lr=5.66e-05 ent_coef=0.0019 std=0.997 act_ep=5 kl_stop=False
update=2202 steps=4509696 env_sps=436.3 loss=-0.0023 val=16.1687 kl=0.00179 lr=5.65e-05 ent_coef=0.0019 std=0.997 act_ep=5 kl_stop=False
update=2203 steps=4511744 env_sps=436.4 loss=-0.0030 val=17.3661 kl=0.00422 lr=5.64e-05 ent_coef=0.0019 std=0.997 act_ep=5 kl_stop=False
update=2204 steps=4513792 env_sps=436.4 loss=-0.0013 val=22.9567 kl=0.00175 lr=5.63e-05 ent_coef=0.0019 std=0.997 act_ep=5 kl_stop=False
update=2205 steps=4515840 env_sps=436.5 loss=-0.0022 val=7.4666 kl=0.00295 lr=5.61e-05 ent_coef=0.0019 std=0.997 act_ep=5 kl_stop=False
update=2206 steps=4517888 env_sps=436.5 loss=-0.0014 val=6.6054 kl=0.00108 lr=5.60e-05 ent_coef=0.0019 std=0.997 act_ep=5 kl_stop=False
update=2207 steps=4519936 env_sps=436.5 loss=-0.0020 val=7.6623 kl=0.00156 lr=5.59e-05 ent_coef=0.0019 std=0.997 act_ep=5 kl_stop=False
update=2208 steps=4521984 env_sps=436.6 loss=-0.0023 val=30.6665 kl=0.00159 lr=5.58e-05 ent_coef=0.0019 std=0.997 act_ep=5 kl_stop=False
update=2209 steps=4524032 env_sps=436.6 loss=-0.0027 val=17.1623 kl=0.00282 lr=5.57e-05 ent_coef=0.0019 std=0.997 act_ep=5 kl_stop=False
update=2210 steps=4526080 env_sps=436.7 loss=-0.0029 val=6.7577 kl=0.00395 lr=5.56e-05 ent_coef=0.0019 std=0.997 act_ep=5 kl_stop=False
update=2211 steps=4528128 env_sps=436.7 loss=-0.0019 val=15.4793 kl=0.00257 lr=5.55e-05 ent_coef=0.0018 std=0.997 act_ep=5 kl_stop=False
update=2212 steps=4530176 env_sps=436.8 loss=-0.0017 val=18.9014 kl=0.00139 lr=5.54e-05 ent_coef=0.0018 std=0.998 act_ep=5 kl_stop=False
update=2213 steps=4532224 env_sps=436.8 loss=-0.0012 val=8.9901 kl=0.00160 lr=5.53e-05 ent_coef=0.0018 std=0.997 act_ep=5 kl_stop=False
update=2214 steps=4534272 env_sps=436.9 loss=-0.0015 val=7.2253 kl=0.00153 lr=5.51e-05 ent_coef=0.0018 std=0.997 act_ep=5 kl_stop=False
update=2215 steps=4536320 env_sps=436.9 loss=-0.0014 val=7.2651 kl=0.00228 lr=5.50e-05 ent_coef=0.0018 std=0.997 act_ep=5 kl_stop=False
update=2216 steps=4538368 env_sps=436.9 loss=0.0003 val=32.9921 kl=0.01009 lr=5.49e-05 ent_coef=0.0018 std=0.997 act_ep=4 kl_stop=True
update=2217 steps=4540416 env_sps=437.0 loss=-0.0039 val=9.8656 kl=0.00329 lr=5.48e-05 ent_coef=0.0018 std=0.997 act_ep=5 kl_stop=False
update=2218 steps=4542464 env_sps=437.0 loss=-0.0039 val=13.0097 kl=0.00460 lr=5.47e-05 ent_coef=0.0018 std=0.997 act_ep=5 kl_stop=False
update=2219 steps=4544512 env_sps=437.1 loss=0.0011 val=28.0042 kl=0.00103 lr=5.46e-05 ent_coef=0.0018 std=0.997 act_ep=5 kl_stop=False
update=2220 steps=4546560 env_sps=437.1 loss=-0.0019 val=18.1932 kl=0.00160 lr=5.45e-05 ent_coef=0.0018 std=0.997 act_ep=5 kl_stop=False
update=2221 steps=4548608 env_sps=437.2 loss=-0.0026 val=10.9465 kl=0.00207 lr=5.44e-05 ent_coef=0.0018 std=0.997 act_ep=5 kl_stop=False
update=2222 steps=4550656 env_sps=437.2 loss=-0.0034 val=22.7351 kl=0.00419 lr=5.43e-05 ent_coef=0.0018 std=0.997 act_ep=5 kl_stop=False
update=2223 steps=4552704 env_sps=437.3 loss=-0.0032 val=24.2459 kl=0.00328 lr=5.42e-05 ent_coef=0.0018 std=0.997 act_ep=5 kl_stop=False
update=2224 steps=4554752 env_sps=437.3 loss=-0.0019 val=7.3650 kl=0.00206 lr=5.40e-05 ent_coef=0.0018 std=0.997 act_ep=5 kl_stop=False
update=2225 steps=4556800 env_sps=437.4 loss=-0.0017 val=11.2769 kl=0.00136 lr=5.39e-05 ent_coef=0.0018 std=0.997 act_ep=5 kl_stop=False
update=2226 steps=4558848 env_sps=437.4 loss=-0.0019 val=21.2431 kl=0.00240 lr=5.38e-05 ent_coef=0.0018 std=0.997 act_ep=5 kl_stop=False
update=2227 steps=4560896 env_sps=437.5 loss=-0.0022 val=13.6301 kl=0.00121 lr=5.37e-05 ent_coef=0.0018 std=0.998 act_ep=5 kl_stop=False
update=2228 steps=4562944 env_sps=437.5 loss=-0.0016 val=11.8559 kl=0.00122 lr=5.36e-05 ent_coef=0.0018 std=0.998 act_ep=5 kl_stop=False
update=2229 steps=4564992 env_sps=437.5 loss=-0.0021 val=5.7863 kl=0.00352 lr=5.35e-05 ent_coef=0.0018 std=0.997 act_ep=5 kl_stop=False
update=2230 steps=4567040 env_sps=437.6 loss=-0.0011 val=21.0270 kl=0.00253 lr=5.34e-05 ent_coef=0.0018 std=0.998 act_ep=5 kl_stop=False
update=2231 steps=4569088 env_sps=437.6 loss=-0.0022 val=8.6565 kl=0.00159 lr=5.33e-05 ent_coef=0.0018 std=0.998 act_ep=5 kl_stop=False
update=2232 steps=4571136 env_sps=437.7 loss=-0.0018 val=34.5574 kl=0.00101 lr=5.32e-05 ent_coef=0.0018 std=0.998 act_ep=5 kl_stop=False
update=2233 steps=4573184 env_sps=437.8 loss=-0.0024 val=18.6163 kl=0.00160 lr=5.30e-05 ent_coef=0.0018 std=0.998 act_ep=5 kl_stop=False
update=2234 steps=4575232 env_sps=437.8 loss=-0.0022 val=34.1094 kl=0.00278 lr=5.29e-05 ent_coef=0.0018 std=0.998 act_ep=5 kl_stop=False
update=2235 steps=4577280 env_sps=437.8 loss=-0.0031 val=21.9086 kl=0.00303 lr=5.28e-05 ent_coef=0.0018 std=0.998 act_ep=5 kl_stop=False
update=2236 steps=4579328 env_sps=437.9 loss=-0.0025 val=8.7185 kl=0.00212 lr=5.27e-05 ent_coef=0.0018 std=0.998 act_ep=5 kl_stop=False
update=2237 steps=4581376 env_sps=437.9 loss=-0.0020 val=9.0852 kl=0.00172 lr=5.26e-05 ent_coef=0.0018 std=0.998 act_ep=5 kl_stop=False
update=2238 steps=4583424 env_sps=438.0 loss=-0.0018 val=17.0639 kl=0.00230 lr=5.25e-05 ent_coef=0.0017 std=0.998 act_ep=5 kl_stop=False
update=2239 steps=4585472 env_sps=438.0 loss=-0.0027 val=22.3423 kl=0.00397 lr=5.24e-05 ent_coef=0.0017 std=0.997 act_ep=5 kl_stop=False
update=2240 steps=4587520 env_sps=438.1 loss=-0.0018 val=10.5329 kl=0.00278 lr=5.23e-05 ent_coef=0.0017 std=0.997 act_ep=5 kl_stop=False
update=2241 steps=4589568 env_sps=438.1 loss=-0.0017 val=12.0912 kl=0.00180 lr=5.22e-05 ent_coef=0.0017 std=0.997 act_ep=5 kl_stop=False
update=2242 steps=4591616 env_sps=438.2 loss=-0.0024 val=21.9490 kl=0.00195 lr=5.21e-05 ent_coef=0.0017 std=0.997 act_ep=5 kl_stop=False
update=2243 steps=4593664 env_sps=438.2 loss=-0.0025 val=10.8017 kl=0.00278 lr=5.19e-05 ent_coef=0.0017 std=0.997 act_ep=5 kl_stop=False
update=2244 steps=4595712 env_sps=438.3 loss=-0.0032 val=10.2696 kl=0.00343 lr=5.18e-05 ent_coef=0.0017 std=0.997 act_ep=5 kl_stop=False
update=2245 steps=4597760 env_sps=438.3 loss=-0.0023 val=7.3769 kl=0.00312 lr=5.17e-05 ent_coef=0.0017 std=0.997 act_ep=5 kl_stop=False
update=2246 steps=4599808 env_sps=438.4 loss=-0.0022 val=27.8632 kl=0.00244 lr=5.16e-05 ent_coef=0.0017 std=0.997 act_ep=5 kl_stop=False
update=2247 steps=4601856 env_sps=438.4 loss=-0.0013 val=35.1612 kl=0.00144 lr=5.15e-05 ent_coef=0.0017 std=0.996 act_ep=5 kl_stop=False
update=2248 steps=4603904 env_sps=436.4 loss=-0.0031 val=14.0029 kl=0.00340 lr=5.14e-05 ent_coef=0.0017 std=0.997 act_ep=5 kl_stop=False
update=2249 steps=4605952 env_sps=436.4 loss=-0.0020 val=19.0187 kl=0.00206 lr=5.13e-05 ent_coef=0.0017 std=0.997 act_ep=5 kl_stop=False
update=2250 steps=4608000 env_sps=436.5 loss=-0.0021 val=16.0158 kl=0.00277 lr=5.12e-05 ent_coef=0.0017 std=0.997 act_ep=5 kl_stop=False
update=2251 steps=4610048 env_sps=436.5 loss=-0.0028 val=11.9823 kl=0.00309 lr=5.11e-05 ent_coef=0.0017 std=0.997 act_ep=5 kl_stop=False
update=2252 steps=4612096 env_sps=436.6 loss=-0.0014 val=12.7389 kl=0.00210 lr=5.09e-05 ent_coef=0.0017 std=0.997 act_ep=5 kl_stop=False
update=2253 steps=4614144 env_sps=436.6 loss=-0.0027 val=34.3327 kl=0.00323 lr=5.08e-05 ent_coef=0.0017 std=0.997 act_ep=5 kl_stop=False
update=2254 steps=4616192 env_sps=436.6 loss=-0.0024 val=23.7840 kl=0.00191 lr=5.07e-05 ent_coef=0.0017 std=0.997 act_ep=5 kl_stop=False
update=2255 steps=4618240 env_sps=436.7 loss=-0.0019 val=22.1423 kl=0.00252 lr=5.06e-05 ent_coef=0.0017 std=0.996 act_ep=5 kl_stop=False
update=2256 steps=4620288 env_sps=436.7 loss=-0.0025 val=23.8357 kl=0.00214 lr=5.05e-05 ent_coef=0.0017 std=0.997 act_ep=5 kl_stop=False
update=2257 steps=4622336 env_sps=436.8 loss=-0.0008 val=26.9409 kl=0.00184 lr=5.04e-05 ent_coef=0.0017 std=0.997 act_ep=5 kl_stop=False
update=2258 steps=4624384 env_sps=436.8 loss=-0.0019 val=24.3166 kl=0.00152 lr=5.03e-05 ent_coef=0.0017 std=0.996 act_ep=5 kl_stop=False
update=2259 steps=4626432 env_sps=436.9 loss=-0.0002 val=28.5804 kl=0.00181 lr=5.02e-05 ent_coef=0.0017 std=0.996 act_ep=5 kl_stop=False
update=2260 steps=4628480 env_sps=437.0 loss=-0.0020 val=14.3558 kl=0.00148 lr=5.01e-05 ent_coef=0.0017 std=0.996 act_ep=5 kl_stop=False
update=2261 steps=4630528 env_sps=437.0 loss=-0.0014 val=17.2605 kl=0.00215 lr=5.00e-05 ent_coef=0.0017 std=0.996 act_ep=5 kl_stop=False
update=2262 steps=4632576 env_sps=437.1 loss=-0.0017 val=49.7485 kl=0.00178 lr=4.98e-05 ent_coef=0.0017 std=0.996 act_ep=5 kl_stop=False
update=2263 steps=4634624 env_sps=437.1 loss=-0.0025 val=46.7466 kl=0.00307 lr=4.97e-05 ent_coef=0.0017 std=0.997 act_ep=5 kl_stop=False
update=2264 steps=4636672 env_sps=437.2 loss=-0.0012 val=16.3876 kl=0.00152 lr=4.96e-05 ent_coef=0.0017 std=0.996 act_ep=5 kl_stop=False
update=2265 steps=4638720 env_sps=437.2 loss=0.0002 val=38.9649 kl=0.00535 lr=4.95e-05 ent_coef=0.0017 std=0.997 act_ep=5 kl_stop=True
update=2266 steps=4640768 env_sps=437.3 loss=-0.0014 val=12.8609 kl=0.00063 lr=4.94e-05 ent_coef=0.0016 std=0.997 act_ep=5 kl_stop=False
update=2267 steps=4642816 env_sps=437.3 loss=-0.0038 val=19.8144 kl=0.00514 lr=4.93e-05 ent_coef=0.0016 std=0.997 act_ep=5 kl_stop=False
update=2268 steps=4644864 env_sps=437.4 loss=-0.0016 val=25.2255 kl=0.00132 lr=4.92e-05 ent_coef=0.0016 std=0.997 act_ep=5 kl_stop=False
update=2269 steps=4646912 env_sps=437.4 loss=-0.0018 val=48.3074 kl=0.00386 lr=4.91e-05 ent_coef=0.0016 std=0.997 act_ep=5 kl_stop=False
update=2270 steps=4648960 env_sps=437.5 loss=-0.0033 val=32.0044 kl=0.00309 lr=4.90e-05 ent_coef=0.0016 std=0.997 act_ep=5 kl_stop=False
update=2271 steps=4651008 env_sps=437.5 loss=-0.0030 val=18.1367 kl=0.00537 lr=4.88e-05 ent_coef=0.0016 std=0.997 act_ep=5 kl_stop=False
update=2272 steps=4653056 env_sps=437.6 loss=-0.0030 val=16.6906 kl=0.00394 lr=4.87e-05 ent_coef=0.0016 std=0.997 act_ep=5 kl_stop=False
update=2273 steps=4655104 env_sps=437.6 loss=-0.0031 val=16.6093 kl=0.00572 lr=4.86e-05 ent_coef=0.0016 std=0.997 act_ep=5 kl_stop=False
update=2274 steps=4657152 env_sps=437.7 loss=-0.0016 val=7.7330 kl=0.00268 lr=4.85e-05 ent_coef=0.0016 std=0.996 act_ep=5 kl_stop=False
update=2275 steps=4659200 env_sps=437.7 loss=-0.0020 val=19.7092 kl=0.00289 lr=4.84e-05 ent_coef=0.0016 std=0.997 act_ep=5 kl_stop=False
update=2276 steps=4661248 env_sps=437.7 loss=-0.0021 val=28.0040 kl=0.00274 lr=4.83e-05 ent_coef=0.0016 std=0.997 act_ep=5 kl_stop=False
update=2277 steps=4663296 env_sps=437.8 loss=-0.0019 val=8.5634 kl=0.00271 lr=4.82e-05 ent_coef=0.0016 std=0.998 act_ep=5 kl_stop=False
update=2278 steps=4665344 env_sps=437.8 loss=-0.0003 val=25.5224 kl=0.00465 lr=4.81e-05 ent_coef=0.0016 std=0.998 act_ep=5 kl_stop=False
update=2279 steps=4667392 env_sps=437.9 loss=-0.0017 val=12.6275 kl=0.00337 lr=4.80e-05 ent_coef=0.0016 std=0.998 act_ep=5 kl_stop=False
update=2280 steps=4669440 env_sps=437.9 loss=-0.0023 val=29.6178 kl=0.00330 lr=4.79e-05 ent_coef=0.0016 std=0.999 act_ep=5 kl_stop=False
update=2281 steps=4671488 env_sps=437.9 loss=-0.0013 val=18.4869 kl=0.00171 lr=4.77e-05 ent_coef=0.0016 std=0.998 act_ep=5 kl_stop=False
update=2282 steps=4673536 env_sps=438.0 loss=-0.0016 val=24.7682 kl=0.00342 lr=4.76e-05 ent_coef=0.0016 std=0.998 act_ep=5 kl_stop=False
update=2283 steps=4675584 env_sps=438.0 loss=0.0054 val=22.9671 kl=0.00424 lr=4.75e-05 ent_coef=0.0016 std=0.998 act_ep=5 kl_stop=False
update=2284 steps=4677632 env_sps=438.1 loss=-0.0028 val=17.8675 kl=0.00422 lr=4.74e-05 ent_coef=0.0016 std=0.998 act_ep=5 kl_stop=False
update=2285 steps=4679680 env_sps=438.1 loss=-0.0018 val=18.1744 kl=0.00285 lr=4.73e-05 ent_coef=0.0016 std=0.998 act_ep=5 kl_stop=False
update=2286 steps=4681728 env_sps=438.1 loss=-0.0011 val=16.7696 kl=0.00458 lr=4.72e-05 ent_coef=0.0016 std=0.997 act_ep=5 kl_stop=False
update=2287 steps=4683776 env_sps=438.2 loss=-0.0013 val=6.3583 kl=0.00173 lr=4.71e-05 ent_coef=0.0016 std=0.998 act_ep=5 kl_stop=False
update=2288 steps=4685824 env_sps=438.2 loss=-0.0026 val=24.0205 kl=0.00397 lr=4.70e-05 ent_coef=0.0016 std=0.998 act_ep=5 kl_stop=False
update=2289 steps=4687872 env_sps=438.3 loss=-0.0011 val=12.9829 kl=0.00376 lr=4.69e-05 ent_coef=0.0016 std=0.998 act_ep=5 kl_stop=False
update=2290 steps=4689920 env_sps=438.3 loss=-0.0019 val=24.6230 kl=0.00189 lr=4.67e-05 ent_coef=0.0016 std=0.998 act_ep=5 kl_stop=False
update=2291 steps=4691968 env_sps=438.4 loss=-0.0007 val=33.6886 kl=0.00155 lr=4.66e-05 ent_coef=0.0016 std=0.998 act_ep=5 kl_stop=False
update=2292 steps=4694016 env_sps=438.4 loss=-0.0021 val=7.9538 kl=0.00111 lr=4.65e-05 ent_coef=0.0016 std=0.997 act_ep=5 kl_stop=False
update=2293 steps=4696064 env_sps=438.4 loss=-0.0020 val=51.6439 kl=0.00258 lr=4.64e-05 ent_coef=0.0015 std=0.997 act_ep=5 kl_stop=False
update=2294 steps=4698112 env_sps=438.5 loss=-0.0009 val=14.0778 kl=0.00076 lr=4.63e-05 ent_coef=0.0015 std=0.997 act_ep=5 kl_stop=False
update=2295 steps=4700160 env_sps=438.5 loss=-0.0034 val=23.8073 kl=0.00183 lr=4.62e-05 ent_coef=0.0015 std=0.997 act_ep=5 kl_stop=False
update=2296 steps=4702208 env_sps=436.5 loss=-0.0018 val=23.2568 kl=0.00259 lr=4.61e-05 ent_coef=0.0015 std=0.997 act_ep=5 kl_stop=False
update=2297 steps=4704256 env_sps=436.6 loss=-0.0023 val=22.6732 kl=0.00190 lr=4.60e-05 ent_coef=0.0015 std=0.997 act_ep=5 kl_stop=False
update=2298 steps=4706304 env_sps=436.6 loss=-0.0028 val=34.2742 kl=0.00220 lr=4.59e-05 ent_coef=0.0015 std=0.996 act_ep=5 kl_stop=False
update=2299 steps=4708352 env_sps=436.7 loss=-0.0031 val=26.5536 kl=0.00212 lr=4.57e-05 ent_coef=0.0015 std=0.997 act_ep=5 kl_stop=False
update=2300 steps=4710400 env_sps=436.7 loss=-0.0017 val=10.0094 kl=0.00228 lr=4.56e-05 ent_coef=0.0015 std=0.997 act_ep=5 kl_stop=False
update=2301 steps=4712448 env_sps=436.8 loss=-0.0014 val=26.9354 kl=0.00145 lr=4.55e-05 ent_coef=0.0015 std=0.996 act_ep=5 kl_stop=False
update=2302 steps=4714496 env_sps=436.8 loss=-0.0021 val=8.1156 kl=0.00287 lr=4.54e-05 ent_coef=0.0015 std=0.996 act_ep=5 kl_stop=False
update=2303 steps=4716544 env_sps=436.8 loss=-0.0011 val=16.0710 kl=0.00062 lr=4.53e-05 ent_coef=0.0015 std=0.996 act_ep=5 kl_stop=False
update=2304 steps=4718592 env_sps=436.9 loss=-0.0014 val=11.0497 kl=0.00072 lr=4.52e-05 ent_coef=0.0015 std=0.997 act_ep=5 kl_stop=False
update=2305 steps=4720640 env_sps=436.9 loss=-0.0019 val=3.4932 kl=0.00181 lr=4.51e-05 ent_coef=0.0015 std=0.997 act_ep=5 kl_stop=False
update=2306 steps=4722688 env_sps=437.0 loss=-0.0019 val=11.6945 kl=0.00207 lr=4.50e-05 ent_coef=0.0015 std=0.997 act_ep=5 kl_stop=False
update=2307 steps=4724736 env_sps=437.0 loss=-0.0015 val=22.0631 kl=0.00174 lr=4.49e-05 ent_coef=0.0015 std=0.997 act_ep=5 kl_stop=False
update=2308 steps=4726784 env_sps=437.0 loss=-0.0024 val=7.2688 kl=0.00241 lr=4.48e-05 ent_coef=0.0015 std=0.997 act_ep=5 kl_stop=False
update=2309 steps=4728832 env_sps=437.1 loss=-0.0024 val=15.4185 kl=0.00174 lr=4.46e-05 ent_coef=0.0015 std=0.998 act_ep=5 kl_stop=False
update=2310 steps=4730880 env_sps=437.1 loss=-0.0017 val=18.6640 kl=0.00088 lr=4.45e-05 ent_coef=0.0015 std=0.998 act_ep=5 kl_stop=False
update=2311 steps=4732928 env_sps=437.2 loss=-0.0009 val=12.7733 kl=0.00381 lr=4.44e-05 ent_coef=0.0015 std=0.998 act_ep=5 kl_stop=False
update=2312 steps=4734976 env_sps=437.2 loss=-0.0020 val=8.6899 kl=0.00220 lr=4.43e-05 ent_coef=0.0015 std=0.998 act_ep=5 kl_stop=False
update=2313 steps=4737024 env_sps=437.3 loss=-0.0017 val=13.7534 kl=0.00324 lr=4.42e-05 ent_coef=0.0015 std=0.998 act_ep=5 kl_stop=False
update=2314 steps=4739072 env_sps=437.3 loss=-0.0019 val=19.2150 kl=0.00141 lr=4.41e-05 ent_coef=0.0015 std=0.998 act_ep=5 kl_stop=False
update=2315 steps=4741120 env_sps=437.4 loss=-0.0020 val=15.4376 kl=0.00233 lr=4.40e-05 ent_coef=0.0015 std=0.998 act_ep=5 kl_stop=False
update=2316 steps=4743168 env_sps=437.4 loss=-0.0019 val=21.5969 kl=0.00235 lr=4.39e-05 ent_coef=0.0015 std=0.999 act_ep=5 kl_stop=False
update=2317 steps=4745216 env_sps=437.4 loss=-0.0015 val=11.1102 kl=0.00162 lr=4.38e-05 ent_coef=0.0015 std=0.999 act_ep=5 kl_stop=False
update=2318 steps=4747264 env_sps=437.5 loss=-0.0024 val=6.5001 kl=0.00240 lr=4.36e-05 ent_coef=0.0015 std=0.999 act_ep=5 kl_stop=False
update=2319 steps=4749312 env_sps=437.5 loss=-0.0018 val=7.4183 kl=0.00225 lr=4.35e-05 ent_coef=0.0015 std=0.999 act_ep=5 kl_stop=False
update=2320 steps=4751360 env_sps=437.6 loss=-0.0030 val=27.2718 kl=0.00227 lr=4.34e-05 ent_coef=0.0014 std=0.998 act_ep=5 kl_stop=False
update=2321 steps=4753408 env_sps=437.6 loss=-0.0010 val=9.2843 kl=0.00068 lr=4.33e-05 ent_coef=0.0014 std=0.999 act_ep=5 kl_stop=False
update=2322 steps=4755456 env_sps=437.7 loss=-0.0025 val=12.3712 kl=0.00137 lr=4.32e-05 ent_coef=0.0014 std=0.998 act_ep=5 kl_stop=False
update=2323 steps=4757504 env_sps=437.7 loss=-0.0017 val=9.0329 kl=0.00118 lr=4.31e-05 ent_coef=0.0014 std=0.998 act_ep=5 kl_stop=False
update=2324 steps=4759552 env_sps=437.7 loss=-0.0021 val=15.7660 kl=0.00333 lr=4.30e-05 ent_coef=0.0014 std=0.998 act_ep=5 kl_stop=False
update=2325 steps=4761600 env_sps=437.8 loss=-0.0010 val=14.0494 kl=0.00132 lr=4.29e-05 ent_coef=0.0014 std=0.998 act_ep=5 kl_stop=False
update=2326 steps=4763648 env_sps=437.8 loss=-0.0026 val=7.8741 kl=0.00413 lr=4.28e-05 ent_coef=0.0014 std=0.998 act_ep=5 kl_stop=False
update=2327 steps=4765696 env_sps=437.8 loss=-0.0023 val=9.0260 kl=0.00175 lr=4.27e-05 ent_coef=0.0014 std=0.998 act_ep=5 kl_stop=False
update=2328 steps=4767744 env_sps=437.9 loss=-0.0013 val=11.7137 kl=0.00143 lr=4.25e-05 ent_coef=0.0014 std=0.999 act_ep=5 kl_stop=False
update=2329 steps=4769792 env_sps=437.9 loss=-0.0019 val=5.4285 kl=0.00180 lr=4.24e-05 ent_coef=0.0014 std=0.999 act_ep=5 kl_stop=False
update=2330 steps=4771840 env_sps=437.9 loss=-0.0021 val=11.4898 kl=0.00239 lr=4.23e-05 ent_coef=0.0014 std=0.998 act_ep=5 kl_stop=False
update=2331 steps=4773888 env_sps=438.0 loss=-0.0024 val=6.4083 kl=0.00197 lr=4.22e-05 ent_coef=0.0014 std=0.998 act_ep=5 kl_stop=False
update=2332 steps=4775936 env_sps=438.0 loss=-0.0027 val=32.0281 kl=0.00372 lr=4.21e-05 ent_coef=0.0014 std=0.998 act_ep=5 kl_stop=True
update=2333 steps=4777984 env_sps=438.0 loss=-0.0023 val=1.8073 kl=0.00352 lr=4.20e-05 ent_coef=0.0014 std=0.997 act_ep=5 kl_stop=False
update=2334 steps=4780032 env_sps=438.1 loss=-0.0027 val=5.5140 kl=0.00315 lr=4.19e-05 ent_coef=0.0014 std=0.997 act_ep=5 kl_stop=False
update=2335 steps=4782080 env_sps=438.1 loss=-0.0029 val=8.0319 kl=0.00479 lr=4.18e-05 ent_coef=0.0014 std=0.997 act_ep=5 kl_stop=False
update=2336 steps=4784128 env_sps=438.1 loss=-0.0029 val=5.3807 kl=0.00346 lr=4.17e-05 ent_coef=0.0014 std=0.997 act_ep=5 kl_stop=False
update=2337 steps=4786176 env_sps=438.2 loss=-0.0019 val=9.5267 kl=0.00241 lr=4.15e-05 ent_coef=0.0014 std=0.997 act_ep=5 kl_stop=False
update=2338 steps=4788224 env_sps=438.2 loss=-0.0022 val=16.9865 kl=0.00225 lr=4.14e-05 ent_coef=0.0014 std=0.997 act_ep=5 kl_stop=False
update=2339 steps=4790272 env_sps=438.2 loss=-0.0005 val=16.4976 kl=0.00146 lr=4.13e-05 ent_coef=0.0014 std=0.997 act_ep=5 kl_stop=False
update=2340 steps=4792320 env_sps=438.3 loss=-0.0007 val=12.9361 kl=0.00249 lr=4.12e-05 ent_coef=0.0014 std=0.997 act_ep=5 kl_stop=False
update=2341 steps=4794368 env_sps=438.3 loss=-0.0011 val=18.8831 kl=0.00079 lr=4.11e-05 ent_coef=0.0014 std=0.997 act_ep=5 kl_stop=False
update=2342 steps=4796416 env_sps=438.3 loss=-0.0011 val=15.5331 kl=0.00245 lr=4.10e-05 ent_coef=0.0014 std=0.997 act_ep=5 kl_stop=False
update=2343 steps=4798464 env_sps=438.4 loss=-0.0027 val=4.7943 kl=0.00302 lr=4.09e-05 ent_coef=0.0014 std=0.997 act_ep=5 kl_stop=False
update=2344 steps=4800512 env_sps=438.4 loss=-0.0017 val=9.2702 kl=0.00212 lr=4.08e-05 ent_coef=0.0014 std=0.997 act_ep=5 kl_stop=False
update=2345 steps=4802560 env_sps=436.3 loss=-0.0015 val=18.6895 kl=0.00367 lr=4.07e-05 ent_coef=0.0014 std=0.997 act_ep=5 kl_stop=False
update=2346 steps=4804608 env_sps=436.3 loss=-0.0026 val=9.7562 kl=0.00133 lr=4.06e-05 ent_coef=0.0014 std=0.997 act_ep=5 kl_stop=False
update=2347 steps=4806656 env_sps=436.4 loss=-0.0009 val=12.2802 kl=0.00039 lr=4.04e-05 ent_coef=0.0013 std=0.997 act_ep=5 kl_stop=False
update=2348 steps=4808704 env_sps=436.4 loss=-0.0011 val=3.2158 kl=0.00159 lr=4.03e-05 ent_coef=0.0013 std=0.997 act_ep=5 kl_stop=False
update=2349 steps=4810752 env_sps=436.5 loss=-0.0016 val=9.2824 kl=0.00180 lr=4.02e-05 ent_coef=0.0013 std=0.997 act_ep=5 kl_stop=False
update=2350 steps=4812800 env_sps=436.5 loss=-0.0009 val=8.3614 kl=0.00139 lr=4.01e-05 ent_coef=0.0013 std=0.997 act_ep=5 kl_stop=False
update=2351 steps=4814848 env_sps=436.5 loss=-0.0029 val=28.2236 kl=0.03247 lr=4.00e-05 ent_coef=0.0013 std=0.997 act_ep=1 kl_stop=True
update=2352 steps=4816896 env_sps=436.6 loss=-0.0022 val=11.4254 kl=0.00186 lr=3.99e-05 ent_coef=0.0013 std=0.997 act_ep=5 kl_stop=False
update=2353 steps=4818944 env_sps=436.6 loss=-0.0018 val=7.6573 kl=0.00170 lr=3.98e-05 ent_coef=0.0013 std=0.997 act_ep=5 kl_stop=False
update=2354 steps=4820992 env_sps=436.7 loss=-0.0019 val=13.2836 kl=0.00462 lr=3.97e-05 ent_coef=0.0013 std=0.997 act_ep=5 kl_stop=False
update=2355 steps=4823040 env_sps=436.7 loss=-0.0009 val=9.8260 kl=0.00052 lr=3.96e-05 ent_coef=0.0013 std=0.996 act_ep=5 kl_stop=False
update=2356 steps=4825088 env_sps=436.7 loss=0.0079 val=13.6321 kl=0.01611 lr=3.94e-05 ent_coef=0.0013 std=0.996 act_ep=1 kl_stop=True
update=2357 steps=4827136 env_sps=436.8 loss=-0.0015 val=12.9395 kl=0.00144 lr=3.93e-05 ent_coef=0.0013 std=0.996 act_ep=5 kl_stop=False
update=2358 steps=4829184 env_sps=436.8 loss=-0.0009 val=16.1629 kl=0.00070 lr=3.92e-05 ent_coef=0.0013 std=0.996 act_ep=5 kl_stop=False
update=2359 steps=4831232 env_sps=436.9 loss=-0.0024 val=14.7821 kl=0.00314 lr=3.91e-05 ent_coef=0.0013 std=0.997 act_ep=5 kl_stop=False
update=2360 steps=4833280 env_sps=436.9 loss=-0.0019 val=14.0597 kl=0.00132 lr=3.90e-05 ent_coef=0.0013 std=0.997 act_ep=5 kl_stop=False
update=2361 steps=4835328 env_sps=436.9 loss=-0.0014 val=11.5400 kl=0.00082 lr=3.89e-05 ent_coef=0.0013 std=0.997 act_ep=5 kl_stop=False
update=2362 steps=4837376 env_sps=437.0 loss=-0.0022 val=10.1919 kl=0.00271 lr=3.88e-05 ent_coef=0.0013 std=0.997 act_ep=5 kl_stop=False
update=2363 steps=4839424 env_sps=437.0 loss=-0.0041 val=8.2018 kl=0.00496 lr=3.87e-05 ent_coef=0.0013 std=0.997 act_ep=5 kl_stop=False
update=2364 steps=4841472 env_sps=437.1 loss=-0.0018 val=16.4377 kl=0.00178 lr=3.86e-05 ent_coef=0.0013 std=0.997 act_ep=5 kl_stop=False
update=2365 steps=4843520 env_sps=437.1 loss=-0.0019 val=9.1643 kl=0.00237 lr=3.84e-05 ent_coef=0.0013 std=0.997 act_ep=5 kl_stop=False
update=2366 steps=4845568 env_sps=437.1 loss=-0.0016 val=5.1554 kl=0.00296 lr=3.83e-05 ent_coef=0.0013 std=0.997 act_ep=5 kl_stop=False
update=2367 steps=4847616 env_sps=437.2 loss=-0.0014 val=11.7785 kl=0.00336 lr=3.82e-05 ent_coef=0.0013 std=0.997 act_ep=5 kl_stop=False
update=2368 steps=4849664 env_sps=437.2 loss=-0.0013 val=8.0709 kl=0.00092 lr=3.81e-05 ent_coef=0.0013 std=0.998 act_ep=5 kl_stop=False
update=2369 steps=4851712 env_sps=437.2 loss=-0.0021 val=20.4724 kl=0.00362 lr=3.80e-05 ent_coef=0.0013 std=0.998 act_ep=5 kl_stop=False
update=2370 steps=4853760 env_sps=437.3 loss=-0.0018 val=21.4343 kl=0.00140 lr=3.79e-05 ent_coef=0.0013 std=0.997 act_ep=5 kl_stop=False
update=2371 steps=4855808 env_sps=437.3 loss=-0.0014 val=11.7770 kl=0.00389 lr=3.78e-05 ent_coef=0.0013 std=0.997 act_ep=5 kl_stop=False
update=2372 steps=4857856 env_sps=437.3 loss=-0.0014 val=8.3751 kl=0.00279 lr=3.77e-05 ent_coef=0.0013 std=0.997 act_ep=5 kl_stop=False
update=2373 steps=4859904 env_sps=437.4 loss=-0.0010 val=10.9635 kl=0.00082 lr=3.76e-05 ent_coef=0.0013 std=0.998 act_ep=5 kl_stop=False
update=2374 steps=4861952 env_sps=437.4 loss=-0.0016 val=18.5767 kl=0.00096 lr=3.75e-05 ent_coef=0.0012 std=0.998 act_ep=5 kl_stop=False
update=2375 steps=4864000 env_sps=437.4 loss=-0.0020 val=22.6735 kl=0.00302 lr=3.73e-05 ent_coef=0.0012 std=0.998 act_ep=5 kl_stop=False
update=2376 steps=4866048 env_sps=437.5 loss=-0.0001 val=7.1488 kl=0.00106 lr=3.72e-05 ent_coef=0.0012 std=0.998 act_ep=5 kl_stop=False
update=2377 steps=4868096 env_sps=437.5 loss=-0.0017 val=20.4099 kl=0.00152 lr=3.71e-05 ent_coef=0.0012 std=0.998 act_ep=5 kl_stop=False
update=2378 steps=4870144 env_sps=437.6 loss=-0.0010 val=9.0814 kl=0.00071 lr=3.70e-05 ent_coef=0.0012 std=0.998 act_ep=5 kl_stop=False
update=2379 steps=4872192 env_sps=437.6 loss=-0.0024 val=13.7778 kl=0.00419 lr=3.69e-05 ent_coef=0.0012 std=0.998 act_ep=5 kl_stop=False
update=2380 steps=4874240 env_sps=437.7 loss=-0.0019 val=6.0896 kl=0.00188 lr=3.68e-05 ent_coef=0.0012 std=0.997 act_ep=5 kl_stop=False
update=2381 steps=4876288 env_sps=437.7 loss=-0.0015 val=23.3498 kl=0.00282 lr=3.67e-05 ent_coef=0.0012 std=0.997 act_ep=5 kl_stop=False
update=2382 steps=4878336 env_sps=437.7 loss=-0.0020 val=38.9482 kl=0.00201 lr=3.66e-05 ent_coef=0.0012 std=0.998 act_ep=5 kl_stop=False
update=2383 steps=4880384 env_sps=437.8 loss=-0.0015 val=13.8591 kl=0.00297 lr=3.65e-05 ent_coef=0.0012 std=0.997 act_ep=5 kl_stop=False
update=2384 steps=4882432 env_sps=437.8 loss=-0.0022 val=34.5582 kl=0.00148 lr=3.63e-05 ent_coef=0.0012 std=0.997 act_ep=5 kl_stop=False
update=2385 steps=4884480 env_sps=437.8 loss=-0.0020 val=20.8757 kl=0.00230 lr=3.62e-05 ent_coef=0.0012 std=0.997 act_ep=5 kl_stop=False
update=2386 steps=4886528 env_sps=437.9 loss=-0.0011 val=16.5555 kl=0.00166 lr=3.61e-05 ent_coef=0.0012 std=0.997 act_ep=5 kl_stop=False
update=2387 steps=4888576 env_sps=437.9 loss=-0.0016 val=34.4201 kl=0.00143 lr=3.60e-05 ent_coef=0.0012 std=0.997 act_ep=5 kl_stop=False
update=2388 steps=4890624 env_sps=437.9 loss=-0.0013 val=17.8667 kl=0.00138 lr=3.59e-05 ent_coef=0.0012 std=0.997 act_ep=5 kl_stop=False
update=2389 steps=4892672 env_sps=438.0 loss=-0.0014 val=14.8179 kl=0.00165 lr=3.58e-05 ent_coef=0.0012 std=0.997 act_ep=5 kl_stop=False
update=2390 steps=4894720 env_sps=438.0 loss=-0.0006 val=13.4059 kl=0.00354 lr=3.57e-05 ent_coef=0.0012 std=0.997 act_ep=5 kl_stop=False
update=2391 steps=4896768 env_sps=438.1 loss=-0.0017 val=39.5425 kl=0.00062 lr=3.56e-05 ent_coef=0.0012 std=0.997 act_ep=5 kl_stop=False
update=2392 steps=4898816 env_sps=438.1 loss=-0.0027 val=26.3647 kl=0.00454 lr=3.55e-05 ent_coef=0.0012 std=0.997 act_ep=5 kl_stop=False
update=2393 steps=4900864 env_sps=438.1 loss=-0.0018 val=9.4213 kl=0.00119 lr=3.54e-05 ent_coef=0.0012 std=0.997 act_ep=5 kl_stop=False
update=2394 steps=4902912 env_sps=436.0 loss=-0.0019 val=9.3529 kl=0.00365 lr=3.52e-05 ent_coef=0.0012 std=0.997 act_ep=5 kl_stop=False
update=2395 steps=4904960 env_sps=436.0 loss=-0.0026 val=6.4407 kl=0.00409 lr=3.51e-05 ent_coef=0.0012 std=0.997 act_ep=5 kl_stop=False
update=2396 steps=4907008 env_sps=436.1 loss=-0.0019 val=31.2343 kl=0.00223 lr=3.50e-05 ent_coef=0.0012 std=0.997 act_ep=5 kl_stop=False
update=2397 steps=4909056 env_sps=436.1 loss=-0.0017 val=5.0828 kl=0.00314 lr=3.49e-05 ent_coef=0.0012 std=0.997 act_ep=5 kl_stop=False
update=2398 steps=4911104 env_sps=436.1 loss=-0.0015 val=4.8626 kl=0.00101 lr=3.48e-05 ent_coef=0.0012 std=0.997 act_ep=5 kl_stop=False
update=2399 steps=4913152 env_sps=436.2 loss=-0.0147 val=7.0765 kl=0.33366 lr=3.47e-05 ent_coef=0.0012 std=0.997 act_ep=1 kl_stop=True
update=2400 steps=4915200 env_sps=436.2 loss=-0.0014 val=27.9846 kl=0.00135 lr=3.46e-05 ent_coef=0.0012 std=0.997 act_ep=5 kl_stop=False
update=2401 steps=4917248 env_sps=436.3 loss=-0.0019 val=37.0636 kl=0.00056 lr=3.45e-05 ent_coef=0.0011 std=0.997 act_ep=5 kl_stop=False
update=2402 steps=4919296 env_sps=436.3 loss=-0.0012 val=10.4124 kl=0.00299 lr=3.44e-05 ent_coef=0.0011 std=0.998 act_ep=5 kl_stop=False
update=2403 steps=4921344 env_sps=436.3 loss=-0.0023 val=13.2174 kl=0.00074 lr=3.42e-05 ent_coef=0.0011 std=0.998 act_ep=5 kl_stop=False
update=2404 steps=4923392 env_sps=436.4 loss=-0.0036 val=4.4254 kl=0.00176 lr=3.41e-05 ent_coef=0.0011 std=0.998 act_ep=5 kl_stop=False
update=2405 steps=4925440 env_sps=436.4 loss=-0.0025 val=27.1933 kl=0.00226 lr=3.40e-05 ent_coef=0.0011 std=0.998 act_ep=5 kl_stop=False
update=2406 steps=4927488 env_sps=436.5 loss=-0.0017 val=15.0996 kl=0.00382 lr=3.39e-05 ent_coef=0.0011 std=0.998 act_ep=5 kl_stop=False
update=2407 steps=4929536 env_sps=436.5 loss=-0.0011 val=10.7333 kl=0.00055 lr=3.38e-05 ent_coef=0.0011 std=0.998 act_ep=5 kl_stop=False
update=2408 steps=4931584 env_sps=436.5 loss=-0.0018 val=18.5070 kl=0.00262 lr=3.37e-05 ent_coef=0.0011 std=0.998 act_ep=5 kl_stop=False
update=2409 steps=4933632 env_sps=436.6 loss=-0.0023 val=17.1522 kl=0.00168 lr=3.36e-05 ent_coef=0.0011 std=0.998 act_ep=5 kl_stop=False
update=2410 steps=4935680 env_sps=436.6 loss=-0.0016 val=15.4348 kl=0.00179 lr=3.35e-05 ent_coef=0.0011 std=0.997 act_ep=5 kl_stop=False
update=2411 steps=4937728 env_sps=436.6 loss=-0.0013 val=9.2024 kl=0.00249 lr=3.34e-05 ent_coef=0.0011 std=0.997 act_ep=5 kl_stop=False
update=2412 steps=4939776 env_sps=436.7 loss=-0.0010 val=17.6993 kl=0.00124 lr=3.33e-05 ent_coef=0.0011 std=0.998 act_ep=5 kl_stop=False
update=2413 steps=4941824 env_sps=436.7 loss=-0.0007 val=7.1037 kl=0.00190 lr=3.31e-05 ent_coef=0.0011 std=0.998 act_ep=5 kl_stop=False
update=2414 steps=4943872 env_sps=436.8 loss=-0.0029 val=19.6874 kl=0.00386 lr=3.30e-05 ent_coef=0.0011 std=0.998 act_ep=5 kl_stop=False
update=2415 steps=4945920 env_sps=436.8 loss=-0.0013 val=7.6231 kl=0.00156 lr=3.29e-05 ent_coef=0.0011 std=0.997 act_ep=5 kl_stop=False
update=2416 steps=4947968 env_sps=436.8 loss=-0.0011 val=7.7772 kl=0.00058 lr=3.28e-05 ent_coef=0.0011 std=0.997 act_ep=5 kl_stop=False
update=2417 steps=4950016 env_sps=436.9 loss=-0.0014 val=12.5052 kl=0.00502 lr=3.27e-05 ent_coef=0.0011 std=0.997 act_ep=5 kl_stop=False
update=2418 steps=4952064 env_sps=436.9 loss=-0.0023 val=6.7603 kl=0.00322 lr=3.26e-05 ent_coef=0.0011 std=0.997 act_ep=5 kl_stop=False
update=2419 steps=4954112 env_sps=437.0 loss=-0.0006 val=28.4908 kl=0.00026 lr=3.25e-05 ent_coef=0.0011 std=0.997 act_ep=5 kl_stop=False
update=2420 steps=4956160 env_sps=437.0 loss=-0.0022 val=5.4376 kl=0.00283 lr=3.24e-05 ent_coef=0.0011 std=0.997 act_ep=5 kl_stop=False
update=2421 steps=4958208 env_sps=437.0 loss=-0.0074 val=17.4732 kl=0.03247 lr=3.23e-05 ent_coef=0.0011 std=0.997 act_ep=1 kl_stop=True
update=2422 steps=4960256 env_sps=437.1 loss=-0.0012 val=6.8267 kl=0.00131 lr=3.21e-05 ent_coef=0.0011 std=0.997 act_ep=5 kl_stop=False
update=2423 steps=4962304 env_sps=437.1 loss=-0.0012 val=12.7367 kl=0.00085 lr=3.20e-05 ent_coef=0.0011 std=0.997 act_ep=5 kl_stop=False
update=2424 steps=4964352 env_sps=437.1 loss=-0.0012 val=11.4180 kl=0.00132 lr=3.19e-05 ent_coef=0.0011 std=0.997 act_ep=5 kl_stop=False
update=2425 steps=4966400 env_sps=437.2 loss=-0.0019 val=20.2610 kl=0.00138 lr=3.18e-05 ent_coef=0.0011 std=0.997 act_ep=5 kl_stop=False
update=2426 steps=4968448 env_sps=437.2 loss=-0.0014 val=10.5275 kl=0.00114 lr=3.17e-05 ent_coef=0.0011 std=0.997 act_ep=5 kl_stop=False
update=2427 steps=4970496 env_sps=437.2 loss=-0.0014 val=3.6086 kl=0.00083 lr=3.16e-05 ent_coef=0.0011 std=0.997 act_ep=5 kl_stop=False
update=2428 steps=4972544 env_sps=437.3 loss=-0.0023 val=16.0428 kl=0.00458 lr=3.15e-05 ent_coef=0.0010 std=0.997 act_ep=5 kl_stop=False
update=2429 steps=4974592 env_sps=437.3 loss=-0.0019 val=19.8626 kl=0.00310 lr=3.14e-05 ent_coef=0.0010 std=0.997 act_ep=5 kl_stop=False
update=2430 steps=4976640 env_sps=437.3 loss=-0.0028 val=14.7855 kl=0.00206 lr=3.13e-05 ent_coef=0.0010 std=0.998 act_ep=5 kl_stop=False
update=2431 steps=4978688 env_sps=437.4 loss=-0.0022 val=9.0644 kl=0.00322 lr=3.12e-05 ent_coef=0.0010 std=0.998 act_ep=5 kl_stop=False
update=2432 steps=4980736 env_sps=437.4 loss=-0.0010 val=9.5365 kl=0.00068 lr=3.10e-05 ent_coef=0.0010 std=0.998 act_ep=5 kl_stop=False
update=2433 steps=4982784 env_sps=437.4 loss=-0.0017 val=8.9942 kl=0.00201 lr=3.09e-05 ent_coef=0.0010 std=0.998 act_ep=5 kl_stop=False
update=2434 steps=4984832 env_sps=437.5 loss=-0.0016 val=4.6497 kl=0.00046 lr=3.08e-05 ent_coef=0.0010 std=0.998 act_ep=5 kl_stop=False
update=2435 steps=4986880 env_sps=437.5 loss=-0.0018 val=12.7909 kl=0.00111 lr=3.07e-05 ent_coef=0.0010 std=0.998 act_ep=5 kl_stop=False
update=2436 steps=4988928 env_sps=437.5 loss=-0.0015 val=4.4047 kl=0.00217 lr=3.06e-05 ent_coef=0.0010 std=0.998 act_ep=5 kl_stop=False
update=2437 steps=4990976 env_sps=437.6 loss=-0.0028 val=19.6469 kl=0.00254 lr=3.05e-05 ent_coef=0.0010 std=0.998 act_ep=5 kl_stop=False
update=2438 steps=4993024 env_sps=437.6 loss=0.0040 val=22.8098 kl=0.00297 lr=3.04e-05 ent_coef=0.0010 std=0.998 act_ep=5 kl_stop=False
update=2439 steps=4995072 env_sps=437.7 loss=-0.0013 val=8.9503 kl=0.00033 lr=3.03e-05 ent_coef=0.0010 std=0.998 act_ep=5 kl_stop=False
update=2440 steps=4997120 env_sps=437.7 loss=-0.0018 val=10.6295 kl=0.00195 lr=3.02e-05 ent_coef=0.0010 std=0.998 act_ep=5 kl_stop=False
update=2441 steps=4999168 env_sps=437.8 loss=-0.0013 val=37.6004 kl=0.00246 lr=3.00e-05 ent_coef=0.0010 std=0.998 act_ep=5 kl_stop=False
update=2442 steps=5000000 env_sps=437.8 loss=0.0049 val=7.1298 kl=0.00045 lr=3.00e-05 ent_coef=0.0010 std=0.998 act_ep=5 kl_stop=False
{
  "checkpoint_family": "homogeneous_3v3_fixed_blue",
  "checkpoint_version": 1,
  "device": "cuda",
  "actual_environment_steps": 5000000,
  "updates": 2442,
  "num_envs": 8,
  "num_env_workers": 4,
  "environments_per_worker": 2,
  "total_training_seconds": 11530.111377409994,
  "pure_training_seconds": 8820.747848917963,
  "evaluation_seconds": 2709.363528492031,
  "environment_steps_per_second": 433.64715537753534,
  "learning_rate_initial": 0.0003,
  "learning_rate_final": 3e-05,
  "entropy_coef_initial": 0.01,
  "entropy_coef_final": 0.001,
  "target_kl": 0.015,
  "log_std_min": -2.0,
  "log_std_max": 0.0,
  "kl_early_stop_count": 37,
  "rule_policy_mapping_modes": {
    "blue": [
      "rate_aligned_v1",
      "rate_aligned_v1",
      "rate_aligned_v1",
      "rate_aligned_v1",
      "rate_aligned_v1",
      "rate_aligned_v1",
      "rate_aligned_v1",
      "rate_aligned_v1"
    ],
    "red": [
      "rate_aligned_v1",
      "rate_aligned_v1",
      "rate_aligned_v1",
      "rate_aligned_v1",
      "rate_aligned_v1",
      "rate_aligned_v1",
      "rate_aligned_v1",
      "rate_aligned_v1"
    ]
  },
  "initial_evaluation": {
    "episodes": 60,
    "red_complete_elimination_success_rate": 0.0,
    "blue_complete_elimination_success_rate": 0.9333333333333333,
    "environment_red_outcome_rate": 0.0,
    "environment_blue_outcome_rate": 1.0,
    "draw_rate": 0.0,
    "mean_red_attack_kills": 0.0,
    "mean_blue_attack_kills": 2.933333333333333,
    "mean_red_survivors": 0.0,
    "mean_blue_survivors": 3.0,
    "red_kd_numerator": 0,
    "red_kd_denominator": 176,
    "red_kd_ratio": 0.0,
    "mean_red_boundary_deaths": 0.06666666666666667,
    "mean_blue_boundary_deaths": 0.0,
    "mean_red_boundary_altitude_deaths": 0.06666666666666667,
    "mean_blue_boundary_altitude_deaths": 0.0,
    "mean_red_boundary_xy_deaths": 0.0,
    "mean_blue_boundary_xy_deaths": 0.0,
    "red_altitude_boundary_episode_rate": 0.06666666666666667,
    "red_xy_boundary_episode_rate": 0.0,
    "mean_red_friendly_collision_deaths": 0.0,
    "mean_blue_friendly_collision_deaths": 0.0,
    "mean_red_cross_collision_deaths": 0.0,
    "mean_blue_cross_collision_deaths": 0.0,
    "max_steps_rate": 0.0,
    "mean_episode_length": 299.3,
    "evaluation_seconds": 28.257456788996933,
    "environment_steps_per_second": 635.5136675637632
  },
  "best_evaluation": {
    "episodes": 60,
    "red_complete_elimination_success_rate": 0.16666666666666666,
    "blue_complete_elimination_success_rate": 0.06666666666666667,
    "environment_red_outcome_rate": 0.2,
    "environment_blue_outcome_rate": 0.1,
    "draw_rate": 0.7,
    "mean_red_attack_kills": 1.05,
    "mean_blue_attack_kills": 0.9333333333333333,
    "mean_red_survivors": 1.95,
    "mean_blue_survivors": 1.7666666666666666,
    "red_kd_numerator": 63,
    "red_kd_denominator": 56,
    "red_kd_ratio": 1.125,
    "mean_red_boundary_deaths": 0.1,
    "mean_blue_boundary_deaths": 0.0,
    "mean_red_boundary_altitude_deaths": 0.1,
    "mean_blue_boundary_altitude_deaths": 0.0,
    "mean_red_boundary_xy_deaths": 0.0,
    "mean_blue_boundary_xy_deaths": 0.0,
    "red_altitude_boundary_episode_rate": 0.06666666666666667,
    "red_xy_boundary_episode_rate": 0.0,
    "mean_red_friendly_collision_deaths": 0.0,
    "mean_blue_friendly_collision_deaths": 0.16666666666666666,
    "mean_red_cross_collision_deaths": 0.016666666666666666,
    "mean_blue_cross_collision_deaths": 0.016666666666666666,
    "max_steps_rate": 0.7,
    "mean_episode_length": 561.6166666666667,
    "evaluation_seconds": 53.02026992102037,
    "environment_steps_per_second": 635.549386115828
  },
  "best_checkpoint": "step_5000000.pt",
  "final_evaluation": {
    "episodes": 60,
    "red_complete_elimination_success_rate": 0.16666666666666666,
    "blue_complete_elimination_success_rate": 0.06666666666666667,
    "environment_red_outcome_rate": 0.2,
    "environment_blue_outcome_rate": 0.1,
    "draw_rate": 0.7,
    "mean_red_attack_kills": 1.05,
    "mean_blue_attack_kills": 0.9333333333333333,
    "mean_red_survivors": 1.95,
    "mean_blue_survivors": 1.7666666666666666,
    "red_kd_numerator": 63,
    "red_kd_denominator": 56,
    "red_kd_ratio": 1.125,
    "mean_red_boundary_deaths": 0.1,
    "mean_blue_boundary_deaths": 0.0,
    "mean_red_boundary_altitude_deaths": 0.1,
    "mean_blue_boundary_altitude_deaths": 0.0,
    "mean_red_boundary_xy_deaths": 0.0,
    "mean_blue_boundary_xy_deaths": 0.0,
    "red_altitude_boundary_episode_rate": 0.06666666666666667,
    "red_xy_boundary_episode_rate": 0.0,
    "mean_red_friendly_collision_deaths": 0.0,
    "mean_blue_friendly_collision_deaths": 0.16666666666666666,
    "mean_red_cross_collision_deaths": 0.016666666666666666,
    "mean_blue_cross_collision_deaths": 0.016666666666666666,
    "max_steps_rate": 0.7,
    "mean_episode_length": 561.6166666666667,
    "evaluation_seconds": 52.050652867008466,
    "environment_steps_per_second": 647.3886136663301
  },
  "best_score": [
    0.16666666666666666,
    1.05,
    -1.7666666666666666,
    1.95,
    -0.1,
    -0.016666666666666666,
    -561.6166666666667
  ],
  "smoke_restore_and_continue_ok": null
}
