update,env_steps,policy_loss,value_loss,entropy,approx_kl,clip_fraction,actor_grad_norm,advantage_mean,advantage_std,alive_actor_sample_fraction,current_learning_rate,current_entropy_coef,effective_log_std_mean,effective_std_mean,actor_epochs_completed,actor_minibatches_completed,kl_early_stop,max_minibatch_kl,env_steps_per_second,environment_step_seconds,policy_inference_seconds,ppo_update_seconds,evaluation_seconds,completed_episodes,red_complete_elimination_success_rate,blue_complete_elimination_success_rate,environment_red_outcome_rate,environment_blue_outcome_rate,draw_rate,mean_red_attack_kills,mean_blue_attack_kills,mean_red_survivors,mean_blue_survivors,mean_red_boundary_deaths,mean_red_boundary_altitude_deaths,mean_red_boundary_xy_deaths,mean_blue_boundary_altitude_deaths,mean_blue_boundary_xy_deaths,mean_red_collision_deaths,max_steps_rate,mean_episode_length,mean_episode_return,mean_rollout_approach_reward,mean_rollout_attack_advantage_reward,mean_rollout_threat_penalty,mean_rollout_soft_boundary_penalty,mean_rollout_friendly_separation_penalty,mean_rollout_head_on_risk_penalty,mean_rollout_dense_reward,mean_rollout_event_reward,mean_rollout_terminal_reward,mean_rollout_total_step_reward,mean_rollout_tactical_reward,mean_rollout_safety_penalty,mean_rollout_event_terminal_reward,eval_episodes,eval_red_complete_elimination_success_rate,eval_mean_red_attack_kills,eval_mean_blue_attack_kills,eval_mean_red_survivors,eval_mean_blue_survivors,eval_mean_red_boundary_deaths,eval_mean_red_boundary_altitude_deaths,eval_mean_red_boundary_xy_deaths,eval_draw_rate,eval_max_steps_rate
1,2048,-0.0037473711039638148,71.23673782348632,2.7589991251627604,0.0055152968349114475,0.0634614562150091,0.32731831769148506,-3.7795491218566895,7.848274230957031,0.7677408854166666,0.00029889407999999997,0.009963136000000001,-0.4981859624385834,0.6076328754425049,5,30,False,0.01036407332867384,59.924848582122635,2.7359489879891044,0.6850077402195893,0.479955616989173,30.166972380000516,3,0.0,1.0,0.0,1.0,0.0,0.0,3.0,0.0,3.0,0.0,0.0,0.0,0.0,0.0,0.0,0.0,179.0,-79.65352384932339,0.004735775781789187,4.270708460515339e-05,0.0025509633587247186,2.0523297191051004e-08,3.333196274546424e-08,0.0,0.0012274656562567543,-0.185546875,-0.029296875,-0.21361628401905364,0.002227519507669621,5.385525993651524e-08,-0.21484375,,,,,,,,,,,
2,4096,-0.002867892625120779,111.21678161621094,2.7644293705622354,0.004031008015157033,0.041086018675317366,0.33332446962594986,-4.661133289337158,9.4749755859375,0.7001953125,0.00029778815999999996,0.009926272,-0.4966409206390381,0.6085736155509949,5,30,False,0.00768880033865571,108.02217387429926,5.6657868689944735,1.2227433410298545,0.6230888979916926,30.166972380000516,8,0.0,0.875,0.0,1.0,0.0,0.0,2.875,0.0,2.75,0.125,0.125,0.0,0.0,0.0,0.0,0.0,258.125,-81.42547895229384,0.0038236513992160326,2.9273148231923063e-05,0.002925177799056655,0.0002490250440579933,2.8360948556571675e-06,0.0,-0.0003241144061121304,-0.23193359375,-0.078125,-0.3103827078757604,0.0009277467483913004,0.0002518611389136505,-0.31005859375,,,,,,,,,,,
3,6144,-0.0008370368004155655,133.1106979370117,2.7706337610880536,0.003090370194695424,0.027164462635604045,0.3560786947607994,-5.690827369689941,10.9916353225708,0.6580403645833334,0.00029668223999999995,0.009889408,-0.4940274655818939,0.6101677417755127,5,30,False,0.006162943318486214,149.88795057092594,8.15750153499539,1.6038605209614616,0.7165052209893474,30.166972380000516,9,0.0,0.8888888888888888,0.0,1.0,0.0,0.0,2.888888888888889,0.0,2.6666666666666665,0.0,0.0,0.0,0.0,0.0,0.1111111111111111,0.0,254.77777777777777,-80.72545236219003,0.003665236226424895,3.832206359029658e-05,0.003038466881207569,0.0004087578524464286,0.0,0.0,-0.000743666452422076,-0.25390625,-0.087890625,-0.3425405437495783,0.0006650914088076228,0.0004087578524464286,-0.341796875,,,,,,,,,,,
4,8192,-0.0030841575004160403,163.72044677734374,2.7781776189804077,0.0037773811098960764,0.03556860676423336,0.304151314496994,-6.047107219696045,11.569462776184082,0.7413736979166666,0.00029557632,0.009852544,-0.4917006194591522,0.6115986704826355,5,30,False,0.00821797177195549,183.86905689928838,11.015394283036585,2.088057103945175,0.8182822899980238,30.166972380000516,10,0.0,0.7,0.0,1.0,0.0,0.0,2.7,0.0,2.8,0.3,0.3,0.0,0.0,0.0,0.0,0.0,222.0,-82.98870427448165,0.004336248940489895,4.1671552223121466e-05,0.002663270628090686,0.0004584525428300891,4.639824232050005e-05,0.0,0.00020979910749474584,-0.2978515625,-0.09765625,-0.39529800615821387,0.0017146498646223307,0.0005048507851505891,-0.3955078125,,,,,,,,,,,
5,10240,-0.005122781886408727,134.9333236694336,2.7862180709838866,0.005389406469788575,0.06766180985917648,0.30478940506776175,-5.1596574783325195,10.25043773651123,0.76513671875,0.0002944704,0.00981568,-0.488273561000824,0.6137033700942993,5,30,False,0.010776525363326073,212.056084037453,13.917612811012077,2.6890917018899927,0.9207187669962877,30.166972380000516,10,0.0,1.0,0.0,1.0,0.0,0.0,3.0,0.0,3.0,0.0,0.0,0.0,0.0,0.0,0.0,0.0,221.0,-79.92782258640572,0.004788381327671232,3.224351263375613e-05,0.0028543193993755267,1.3543673882954188e-06,0.0001705961812032107,0.0,0.0007943548991988791,-0.283203125,-0.09765625,-0.38006502440816803,0.001966305440929461,0.00017195054859150613,-0.380859375,,,,,,,,,,,
6,12288,-0.0038398800243157893,147.87391357421876,2.7942020416259767,0.005159209017214079,0.06161468607994417,0.3080285876989365,-5.041378021240234,11.112181663513184,0.7854817708333334,0.00029336448,0.009778816000000001,-0.4873863160610199,0.6142460703849792,5,30,False,0.013263688422739506,236.18368196706973,16.878582325094612,3.219184321744251,1.0420233749900945,30.166972380000516,12,0.0,1.0,0.0,1.0,0.0,0.0,3.0,0.0,3.0,0.0,0.0,0.0,0.0,0.0,0.0,0.0,189.83333333333334,-79.72409041977187,0.005192229264821435,2.8190663168923408e-05,0.0018343169757599753,2.2203311311058682e-06,3.17377651407047e-06,0.0,0.002380708833584322,-0.29296875,-0.1171875,-0.4077755361903428,0.0033861029522303833,5.394107645176338e-06,-0.41015625,,,,,,,,,,,
7,14336,-0.002112755073176231,135.2203582763672,2.795402773221334,0.003182546617393123,0.026681293236712613,0.27738781621058783,-4.930843353271484,10.322668075561523,0.7587890625,0.00029225856,0.009741952,-0.4867371916770935,0.6146487593650818,5,30,False,0.0057059056125581264,257.3923447545594,19.819766109081684,3.719834045637981,1.1533700049913023,30.166972380000516,9,0.0,0.6666666666666666,0.0,1.0,0.0,0.0,2.6666666666666665,0.0,2.7777777777777777,0.3333333333333333,0.3333333333333333,0.0,0.0,0.0,0.0,0.0,201.0,-83.07593368163873,0.00411210018046404,4.971925670305133e-05,0.0023622054195584496,0.0005607195149919253,3.181544677488546e-06,0.0,0.00023571294229896012,-0.3076171875,-0.087890625,-0.3952720969995198,0.0017996140176086417,0.0005639010596694138,-0.3955078125,,,,,,,,,,,
8,16384,-0.0033273987666082878,94.41244506835938,2.797201220194499,0.0036319670908268784,0.03796028189826757,0.30590124130249025,-4.513419151306152,8.870708465576172,0.6917317708333334,0.00029115263999999997,0.009705088,-0.4864811897277832,0.614814043045044,5,30,False,0.008506914600729942,275.844649500382,22.7091770372499,4.295925928745419,1.271675054988009,30.166972380000516,8,0.0,1.0,0.0,1.0,0.0,0.0,3.0,0.0,3.0,0.0,0.0,0.0,0.0,0.0,0.0,0.0,252.5,-80.02296638282314,0.0038050545763326227,3.1534228457568564e-05,0.002547376900565723,0.0,4.1566771453172e-06,0.0,0.00028505521277111256,-0.263671875,-0.078125,-0.3415118134491877,0.001289211904224468,4.1566771453172e-06,-0.341796875,,,,,,,,,,,
9,18432,-0.005097679875325412,109.87023849487305,2.7996387481689453,0.004449304083287946,0.04960247275109093,0.28122652843594553,-4.5966973304748535,10.196946144104004,0.7159830729166666,0.00029004671999999996,0.009668224,-0.48433923721313477,0.6161325573921204,5,30,False,0.009778168983757496,290.4670291786355,26.04142390518973,4.799443566851551,1.3828484609839506,30.166972380000516,8,0.0,1.0,0.0,1.0,0.0,0.0,3.0,0.0,3.0,0.0,0.0,0.0,0.0,0.0,0.0,0.0,218.0,-79.77048906673087,0.003993396487203427,4.758860525075348e-05,0.0021250378051718144,3.785784627377553e-05,1.640283075488025e-05,0.0,0.0008616865974886423,-0.25390625,-0.078125,-0.33116955655822267,0.0019159472872823657,5.426067702865578e-05,-0.33203125,,,,,,,,,,,
10,20480,-0.001737940545232656,62.581551742553714,2.8050721565882366,0.003914404224900514,0.03691556164994836,0.3467928647994995,-2.814800262451172,7.234241008758545,0.63134765625,0.00028894079999999996,0.00963136,-0.4841988980770111,0.6162356734275818,5,30,False,0.007193679455667734,305.64561234465356,28.774187386297854,5.375279893851257,1.5091462829877855,30.166972380000516,6,0.0,0.5,0.0,1.0,0.0,0.0,2.5,0.0,2.0,0.5,0.5,0.0,0.0,0.0,0.0,0.0,311.5,-85.28812601023189,0.002970685379295901,2.1067721508033488e-05,0.002060535089356108,0.0007027505545466051,1.7516639526871103e-05,0.0,-0.0007890491958733037,-0.1904296875,-0.05859375,-0.2498124891282032,0.0009312180114478263,0.0007202671940734762,-0.2490234375,,,,,,,,,,,
11,22528,-0.004026653780601919,60.96400833129883,2.8068058490753174,0.004884339713118258,0.05781489730191727,0.34282561391592026,-2.2180306911468506,6.775660514831543,0.7101236979166666,0.00028783488,0.009594496000000001,-0.48193037509918213,0.6176403164863586,5,30,False,0.008885383605957031,318.63319225790246,31.83968507334066,5.787028535894933,1.622448011985398,30.166972380000516,7,0.0,0.5714285714285714,0.0,1.0,0.0,0.0,2.5714285714285716,0.0,3.0,0.42857142857142855,0.42857142857142855,0.0,0.0,0.0,0.0,0.0,324.0,-84.29285991939832,0.0033103862656389538,3.452220565725028e-05,0.0019899588789940026,0.0005379848144184893,8.070073917988696e-06,0.0,-0.00019110530445232143,-0.2001953125,-0.068359375,-0.26874578179092623,0.0013549495923022015,0.000546054888336478,-0.2685546875,,,,,,,,,,,
12,24576,-0.003200356204373141,69.89728240966797,2.815251859029134,0.00355159554255986,0.03791967540358503,0.28523882329463957,-2.4281229972839355,8.646493911743164,0.6974283854166666,0.00028672896,0.009557632,-0.4789162278175354,0.6195042133331299,5,30,False,0.0077874562703073025,330.9022560668088,34.73138281541469,6.253058716116357,1.7247416879836237,30.166972380000516,5,0.0,0.8,0.0,1.0,0.0,0.0,2.6,0.0,3.0,0.4,0.4,0.0,0.0,0.0,0.0,0.0,319.4,-84.23353222762307,0.0031363302769022994,7.439952277199513e-05,0.0018119993826530845,0.00033815638776090264,4.7399672749359745e-05,0.0,1.3174353085787516e-05,-0.185546875,-0.048828125,-0.234361823064404,0.00139873041702121,0.0003855560605102624,-0.234375,,,,,,,,,,,
13,26624,-0.0045406492698627215,97.14558639526368,2.8284482955932617,0.0041883160303649225,0.04422106763037543,0.2852632597088814,-3.481943130493164,8.820813179016113,0.70654296875,0.00028562304,0.009520768,-0.4726741909980774,0.6233794093132019,5,30,False,0.008401155471801758,343.03155620937696,37.33415993246308,6.7771935520431725,1.8255104449781356,30.166972380000516,9,0.0,0.5555555555555556,0.0,1.0,0.0,0.0,2.4444444444444446,0.0,2.3333333333333335,0.5555555555555556,0.5555555555555556,0.0,0.0,0.0,0.0,0.0,273.77777777777777,-85.3921835321574,0.0035140706006586697,7.158612171500461e-05,0.0017512807830684096,0.000835097913616023,2.5289889435953228e-06,0.0,-3.250973691137915e-06,-0.2783203125,-0.087890625,-0.3662141840493405,0.0018343759393052647,0.0008376269025596184,-0.3662109375,,,,,,,,,,,
14,28672,-0.004852219172365343,35.25561180114746,2.8410321712493896,0.004201648173534591,0.04443698467997213,0.34194588561852773,-1.0289225578308105,5.451596736907959,0.63818359375,0.00028451712,0.009483904,-0.472409188747406,0.6235407590866089,5,30,False,0.006753790657967329,356.0649147260171,39.67201581846166,7.161952363021555,1.9228605519747362,30.166972380000516,5,0.0,0.8,0.0,1.0,0.0,0.2,2.8,0.0,2.8,0.2,0.2,0.0,0.0,0.0,0.0,0.0,365.4,-78.16948335170018,0.0031455107891815715,4.325960412334545e-05,0.0019873348958299175,0.00025737728106844937,9.878106937605269e-05,0.0,-0.00015472285735995683,-0.1318359375,-0.048828125,-0.18081878374340477,0.0012014354974749994,0.00035615835044450206,-0.1806640625,,,,,,,,,,,
15,30720,-0.003642523930951332,44.297572708129884,2.8393538633982343,0.004118805089395184,0.04435460158468534,0.3229613790909449,-1.1648248434066772,5.761005878448486,0.7337239583333334,0.0002834112,0.00944704,-0.47208964824676514,0.6237385272979736,5,30,False,0.007761967368423939,365.00879867231725,42.60675975155027,7.630589646083536,2.047348191976198,30.166972380000516,7,0.0,0.8571428571428571,0.0,1.0,0.0,0.0,2.857142857142857,0.0,3.0,0.14285714285714285,0.14285714285714285,0.0,0.0,0.0,0.0,0.0,320.85714285714283,-81.68062558936383,0.0030306502253552026,3.3246097008721165e-05,0.0027026134166590055,0.0001664206040899064,0.00017976476361619004,0.0,-0.0009849024638697301,-0.1708984375,-0.068359375,-0.24024270690870253,0.0003612829057049183,0.0003461853677060964,-0.2392578125,,,,,,,,,,,
16,32768,-0.0028943589888513086,73.89747009277343,2.840742556254069,0.0041443420291001915,0.04253094948362559,0.345111575225989,-2.592205047607422,7.890034198760986,0.74609375,0.00028230527999999997,0.009410176,-0.47256898880004883,0.6234379410743713,5,30,False,0.007735304534435272,373.004928749624,45.51279983049608,8.17633930798911,2.158052262981073,30.166972380000516,7,0.0,0.8571428571428571,0.0,1.0,0.0,0.0,2.7142857142857144,0.0,3.0,0.2857142857142857,0.2857142857142857,0.0,0.0,0.0,0.0,0.0,319.2857142857143,-83.16745532098763,0.0031137113019212848,6.685571883557895e-05,0.0024524180702769627,0.0003131030806994284,0.00010199615582839883,9.086787411405339e-08,-0.0006870411664294807,-0.234375,-0.068359375,-0.3034214102351598,0.000728148950479901,0.00041519010440194126,-0.302734375,,,,,,,,,,,
17,34816,-0.003905261967641612,62.546864700317386,2.841318416595459,0.004512687825444232,0.0490416241188844,0.305407519141833,-1.5724064111709595,7.634121894836426,0.74755859375,0.00028119935999999996,0.009373312,-0.4702964425086975,0.6248611807823181,5,30,False,0.010013530030846596,379.7322612095723,48.50430057039193,8.785909293947043,2.271630731978803,30.166972380000516,7,0.0,1.0,0.0,1.0,0.0,0.0,3.0,0.0,3.0,0.0,0.0,0.0,0.0,0.0,0.0,0.0,239.28571428571428,-79.83730413951902,0.003816751326667145,4.15177241865905e-05,0.0022668376511774113,0.0,1.1855704972515979e-05,2.742224153584605e-07,0.0005793014668711294,-0.205078125,-0.068359375,-0.27285820023803353,0.001591431399676324,1.212992738787444e-05,-0.2734375,,,,,,,,,,,
18,36864,-0.004840750417982539,68.6721809387207,2.8516592979431152,0.005879996087989144,0.0765162701252848,0.3188964436451594,-2.5430264472961426,7.7988080978393555,0.7049153645833334,0.00028009343999999995,0.009336448,-0.4665302634239197,0.6272251009941101,5,30,False,0.014144835062325,386.95377933975743,51.230273156194016,9.397196464939043,2.385052311976324,30.166972380000516,9,0.0,0.8888888888888888,0.0,1.0,0.0,0.0,2.888888888888889,0.0,3.0,0.1111111111111111,0.1111111111111111,0.0,0.0,0.0,0.0,0.0,285.55555555555554,-80.97837650424744,0.003677122549371137,8.722855925771822e-05,0.0019332834625629403,0.00015991254426485357,9.695514068272515e-05,0.0,0.0005741999655128893,-0.2490234375,-0.087890625,-0.33633986521681436,0.0018310676460659148,0.0002568676849475787,-0.3369140625,,,,,,,,,,,
19,38912,-0.0027026075733980787,53.87984008789063,2.8624417940775553,0.004592978905393875,0.05046000502382716,0.3040791302919388,-1.299439787864685,7.520362854003906,0.7277018229166666,0.00027898752,0.009299584,-0.46286123991012573,0.629540205001831,5,30,False,0.00875895656645298,393.3706577509121,54.09641644326621,9.959601092763478,2.4909578759834403,30.166972380000516,5,0.0,0.8,0.0,1.0,0.0,0.0,2.8,0.0,3.0,0.2,0.2,0.0,0.0,0.0,0.0,0.0,306.6,-82.10092248478176,0.002763261692727781,4.373732716395767e-05,0.002047977893994357,0.00015157405524271472,6.997793426199994e-05,7.312388334179687e-06,-0.00046984324450249915,-0.1708984375,-0.048828125,-0.22019639462052965,0.0007590211258973814,0.00022886437783889435,-0.2197265625,,,,,,,,,,,
20,40960,-0.0019163232490730783,110.75697402954101,2.871946430206299,0.0024318808333217636,0.01400625795746843,0.30414982587099076,-3.8384244441986084,10.108745574951172,0.7361653645833334,0.0002778816,0.00926272,-0.4605526626110077,0.630988359451294,5,30,False,0.0038187243044376373,399.19069838302175,56.95340335719811,10.543105257704156,2.610548928991193,30.166972380000516,11,0.0,0.7272727272727273,0.0,1.0,0.0,0.0,2.6363636363636362,0.0,2.8181818181818183,0.36363636363636365,0.36363636363636365,0.0,0.0,0.0,0.0,0.0,255.54545454545453,-83.50282655878387,0.00393135630110919,7.752806361041586e-05,0.001974880301986559,0.0006787975720784489,9.115089558489609e-05,1.3802934368811748e-06,0.0002626752861942805,-0.3125,-0.107421875,-0.41965918941195923,0.002034004062733047,0.0007713287611002262,-0.419921875,,,,,,,,,,,
21,43008,-0.003723459232908984,61.20773582458496,2.878624176979065,0.00422362996907373,0.04911337411031127,0.2710416316986084,-1.0830096006393433,7.533626556396484,0.8400065104166666,0.00027677568,0.009225856000000001,-0.4581186771392822,0.6325234770774841,5,30,False,0.00759999779984355,404.47804768594307,60.01727895029762,10.991321237641387,2.718397433985956,30.166972380000516,5,0.0,0.6,0.0,1.0,0.0,0.0,2.6,0.0,3.0,0.4,0.4,0.0,0.0,0.0,0.0,0.0,251.0,-84.0393828423017,0.003758065680315781,5.772374896323429e-05,0.002045154521738368,0.00048596312036607026,6.852993486197723e-06,8.46690006994777e-09,0.00027781036499163747,-0.1806640625,-0.048828125,-0.22921437643952913,0.001770634907540647,0.0004928245807523379,-0.2294921875,,,,,,,,,,,
22,45056,-0.0037734888416404524,74.50160751342773,2.887551252047221,0.0040826381093400565,0.041848657656616224,0.3066147471467654,-1.7734798192977905,7.842886924743652,0.7521158854166666,0.00027566976,0.009188992,-0.45457255840301514,0.6347610354423523,5,30,False,0.00817270576953888,409.5603359021271,63.004355125289294,11.46707546968537,2.825097338980413,30.166972380000516,8,0.0,0.375,0.0,1.0,0.0,0.0,1.75,0.0,2.625,1.125,1.125,0.0,0.0,0.0,0.125,0.0,337.625,-92.20496292551672,0.0030606924633502786,2.755926287156818e-05,0.001918760184025814,0.00134622881567259,9.880359551850404e-06,0.0,-0.0011866176373587223,-0.25634765625,-0.078125,-0.33565927809354434,0.0011694915421960328,0.0013561091752244403,-0.33447265625,,,,,,,,,,,
23,47104,-0.0026321392428750793,53.8471004486084,2.897563036282857,0.0037934374158144547,0.03863902215768273,0.309366038441658,-1.2583680152893066,7.4645795822143555,0.72998046875,0.00027456383999999997,0.009152128,-0.4514501094818115,0.6367557048797607,5,30,False,0.0059444052167236805,414.9837305044775,65.77014939933724,11.98955251154257,2.9313334229809698,30.166972380000516,5,0.0,0.8,0.0,1.0,0.0,0.0,2.4,0.0,3.0,0.6,0.6,0.0,0.0,0.0,0.0,0.0,292.4,-86.00055030730837,0.0034163396715030103,9.377754913564296e-05,0.0018888386637172516,0.0005913898938332274,1.2119035827928837e-06,7.099014709410767e-09,2.866967940917675e-05,-0.1904296875,-0.048828125,-0.2392291382301437,0.0016212785569214017,0.0005926088964307297,-0.2392578125,,,,,,,,,,,
24,49152,-0.002625427379583319,104.20803146362304,2.9051754395167033,0.003276847069580167,0.027010685112327338,0.30760369449853897,-3.4078617095947266,9.632485389709473,0.7786458333333334,0.00027345791999999996,0.009115264,-0.45005297660827637,0.6376698017120361,5,30,False,0.005701754242181778,418.588339132105,68.91913344427303,12.534188160512713,3.037982789988746,30.166972380000516,10,0.0,0.8,0.0,1.0,0.0,0.1,2.6,0.0,2.7,0.4,0.4,0.0,0.0,0.0,0.0,0.0,255.0,-81.81924595699275,0.004535196917004214,4.9663439199959525e-05,0.0019148246012719028,0.0006753728355211319,1.5760899478439727e-06,0.0,0.0009930868193350761,-0.33203125,-0.09765625,-0.4286944103937458,0.0026700357549322706,0.0006769489254689759,-0.4296875,,,,,,,,,,,
25,51200,-0.0029569100627365214,96.56421813964843,2.9103068510691323,0.0035608385550673174,0.03573242034763098,0.3043728177746137,-3.1661877632141113,9.81450080871582,0.7579752604166666,0.00027235199999999996,0.0090784,-0.4472690522670746,0.6394559144973755,5,30,False,0.0069764843210577965,419.7819196032789,72.63803770045342,13.11316690237436,3.153580289988895,30.166972380000516,10,0.0,1.0,0.0,1.0,0.0,0.0,3.0,0.0,3.0,0.0,0.0,0.0,0.0,0.0,0.0,0.0,166.5,-79.6221945300751,0.004217704535562916,3.5932118344295105e-05,0.0018115903158673063,2.0442843140511258e-07,5.3849974469999395e-05,1.2941110405506606e-08,0.0013879789744351,-0.29296875,-0.09765625,-0.38923701750354667,0.002442046338039905,5.4067344011810015e-05,-0.390625,,,,,,,,,,,
26,53248,-0.003687510189289848,81.46975173950196,2.919713926315308,0.003821477749618309,0.040111797481464845,0.2637641176581383,-2.239217758178711,8.987399101257324,0.75830078125,0.00027124608,0.009041536,-0.4440140128135681,0.6415504813194275,5,30,False,0.007697580847889185,422.1490228047054,75.84821489635215,13.820044995140051,3.2750441219832283,30.166972380000516,9,0.0,0.7777777777777778,0.0,1.0,0.0,0.0,2.7777777777777777,0.0,3.0,0.2222222222222222,0.2222222222222222,0.0,0.0,0.0,0.0,0.0,244.66666666666666,-81.99316995370788,0.004541253309980675,3.5018898651206776e-05,0.0016987034655358002,0.0004927388373550112,5.4318209995796174e-05,0.0,0.0013305116847277532,-0.244140625,-0.087890625,-0.3307007334599348,0.0028775687430960817,0.0005470570473508074,-0.33203125,,,,,,,,,,,
27,55296,-0.0015967511921189726,102.65660247802734,2.9265793720881144,0.0020706302888532954,0.013439556661372384,0.2534849534432093,-3.2276558876037598,9.972702026367188,0.8009440104166666,0.00027014016,0.009004672,-0.4431321322917938,0.642113208770752,5,30,False,0.004015813581645489,425.33188498608223,79.01272968633566,14.288381161095458,3.395830251974985,30.166972380000516,10,0.0,0.9,0.0,1.0,0.0,0.0,2.9,0.0,3.0,0.1,0.1,0.0,0.0,0.0,0.0,0.0,188.7,-80.57837060295633,0.0046600400442002865,9.412562073229935e-05,0.0017218692613596431,0.00030222872707898126,2.1903338872336642e-05,0.0,0.0017081643401866131,-0.3271484375,-0.09765625,-0.42309652697315414,0.0030322964035729427,0.0003241320659513179,-0.4248046875,,,,,,,,,,,
28,57344,-0.004573545401217416,66.44785766601562,2.927917464574178,0.00525042856013476,0.06433827509948363,0.3193215037385623,-1.8499516248703003,8.114261627197266,0.7291666666666666,0.00026903424,0.008967808,-0.4429992437362671,0.6422035694122314,5,30,False,0.010331030935049057,429.37324184132626,81.88021754736837,14.751996028076974,3.5013619059755,30.166972380000516,11,0.0,0.9090909090909091,0.0,1.0,0.0,0.09090909090909091,2.909090909090909,0.0,2.909090909090909,0.09090909090909091,0.09090909090909091,0.0,0.0,0.0,0.0,0.0,232.9090909090909,-78.89609584787976,0.003994755132225691,3.374066669947773e-05,0.002142878859785924,0.00028024447090033155,6.973790309117156e-09,0.0,0.0006053654689139876,-0.2783203125,-0.107421875,-0.3851368306902714,0.0018856169391392452,0.00028025144469064067,-0.3857421875,,,,,,,,,,,
29,59392,-0.0021031989715993406,77.90200271606446,2.9303218921025596,0.00386013652883255,0.03670457819631944,0.2958719025055567,-2.230123996734619,9.202643394470215,0.7610677083333334,0.00026792832,0.008930944,-0.4411138892173767,0.6434411406517029,5,30,False,0.007417645771056414,432.29529914380225,84.9397441863257,15.294165024039103,3.6198855369875673,30.166972380000516,7,0.0,1.0,0.0,1.0,0.0,0.0,3.0,0.0,3.0,0.0,0.0,0.0,0.0,0.0,0.0,0.0,203.14285714285714,-79.6503349977685,0.004075482399002794,5.442298965679243e-05,0.0017256330991131108,0.00029047881484756946,2.3751514608566504e-07,0.0,0.0011135559638262293,-0.244140625,-0.068359375,-0.31138644056599674,0.002404272289546476,0.0002907163299936551,-0.3125,,,,,,,,,,,
30,61440,-0.00406756128189348,78.1699432373047,2.935546310742696,0.004522620674408175,0.04868747765819232,0.3240119015177091,-1.7816550731658936,8.54915714263916,0.8160807291666666,0.0002668224,0.00889408,-0.4396167993545532,0.6444104909896851,5,30,False,0.011563397943973541,435.02775018843494,88.07390074740397,15.767385023078532,3.747435683981166,30.166972380000516,9,0.0,0.5555555555555556,0.0,1.0,0.0,0.0,2.5555555555555554,0.0,3.0,0.4444444444444444,0.4444444444444444,0.0,0.0,0.0,0.0,0.0,244.55555555555554,-84.301085128305,0.004837609091737249,5.138266044522888e-05,0.0014241410848399028,0.0005686767291024353,2.6827477730417826e-05,0.0,0.0018693464696184492,-0.263671875,-0.087890625,-0.3496931500795313,0.0034648506673425755,0.0005955042068328531,-0.3515625,,,,,,,,,,,
31,63488,-0.0023768631624989213,61.92794342041016,2.9409523407618203,0.002783817253489018,0.021587290898120653,0.3068676754832268,-1.0205094814300537,7.7872419357299805,0.69287109375,0.00026571647999999997,0.008857216,-0.4376685321331024,0.6456829309463501,5,30,False,0.006334598641842604,438.3647465526971,90.98978004742821,16.199524929135805,3.891473819981911,30.166972380000516,6,0.0,0.3333333333333333,0.0,1.0,0.0,0.0,1.8333333333333333,0.0,3.0,1.1666666666666667,1.1666666666666667,0.0,0.0,0.0,0.0,0.0,346.0,-91.97137465969315,0.0025537833606108507,3.7558366828574496e-05,0.0012974940489414166,0.001262245084369222,4.9408393002913116e-08,4.4715262146333146e-06,-0.0009729183283866405,-0.2099609375,-0.05859375,-0.26952759426461625,0.0012938476784980085,0.0012667660189768582,-0.2685546875,,,,,,,,,,,
32,65536,-0.0033392643517193695,54.659498596191405,2.943361179033915,0.0042681788865752785,0.044504045384625594,0.3049687951803207,-0.6700042486190796,7.560209274291992,0.794921875,0.00026461055999999996,0.008820352,-0.43838024139404297,0.6452493667602539,5,30,False,0.007228654343634844,440.6885906209685,94.17431109244353,16.673892150094616,4.0002653319825185,30.166972380000516,6,0.0,0.8333333333333334,0.0,1.0,0.0,0.0,2.8333333333333335,0.0,3.0,0.16666666666666666,0.16666666666666666,0.0,0.0,0.0,0.0,0.0,230.16666666666666,-81.2785986232205,0.0030220797029674173,8.33302826100113e-05,0.0011228769620856838,0.00032363453684691734,0.0,2.643579582572997e-06,0.0006562549042996579,-0.1953125,-0.05859375,-0.2532499881248782,0.001982533023491745,0.00032627811642949034,-0.25390625,,,,,,,,,,,
33,67584,-0.002605688909534365,37.07619667053223,2.9421125809351603,0.003681046991875536,0.03657646588981152,0.2741078575452169,-0.021501870825886726,5.885887145996094,0.7698567708333334,0.00026350463999999995,0.008783487999999999,-0.4377126693725586,0.6456681489944458,5,30,False,0.006083582993596792,442.7198527617801,97.31057880143635,17.23885192006128,4.129275151979527,30.166972380000516,6,0.0,0.6666666666666666,0.0,0.8333333333333334,0.16666666666666666,0.0,2.3333333333333335,0.16666666666666666,2.6666666666666665,0.5,0.5,0.0,0.0,0.0,0.0,0.16666666666666666,365.0,-79.2595107748366,0.002715150549192913,5.684708348011047e-05,0.000986893605215755,0.0010079768603563632,3.0688617584651023e-09,2.852510439410594e-06,-0.00022572845011836762,-0.1708984375,-0.05126953125,-0.2223936953445218,0.0017851040274572683,0.0010108324396575323,-0.22216796875,,,,,,,,,,,
34,69632,-0.002830848031832526,44.005388259887695,2.9452568531036376,0.0029605082883151753,0.027206203155219554,0.3169098859031995,-0.8310463428497314,7.037092685699463,0.6258138020833334,0.00026239872,0.008746624,-0.43656760454177856,0.6464086771011353,5,30,False,0.0067519135773181915,446.2987413401561,100.0304903966462,17.658009336068062,4.24838456697762,30.166972380000516,5,0.0,0.6,0.0,1.0,0.0,0.0,2.2,0.0,3.0,0.8,0.8,0.0,0.0,0.0,0.0,0.0,361.4,-87.82656805094157,0.0018333694004013523,1.0408352133506327e-05,0.001441907958678712,0.0003317000967208994,9.465702089470063e-06,0.0,-0.0009392960175205189,-0.1904296875,-0.048828125,-0.2401971069438673,0.00040186979385614663,0.00034116579881036946,-0.2392578125,,,,,,,,,,,
35,71680,-0.00248784008435905,32.45385055541992,2.9467156728108725,0.0034393500629738725,0.030566570403364798,0.30246148208777107,0.2806190252304077,5.386143207550049,0.7783203125,0.0002612928,0.00870976,-0.4371621310710907,0.6460531949996948,5,30,False,0.005745490547269583,449.12789234972126,102.94114057978732,18.102563179229037,4.359328756967443,30.166972380000516,6,0.0,0.6666666666666666,0.0,1.0,0.0,0.0,2.6666666666666665,0.0,2.3333333333333335,0.3333333333333333,0.3333333333333333,0.0,0.0,0.0,0.0,0.0,391.0,-83.5372245856003,0.0032286876776330686,7.949493664255458e-05,0.000996802095372118,0.00039340546669386356,5.7502258852144654e-05,1.844761907676684e-07,0.0008602883303296949,-0.146484375,-0.05859375,-0.2042178308188909,0.0023113805189035053,0.0004510922017367759,-0.205078125,,,,,,,,,,,
36,73728,-0.0026751998579129578,63.50992279052734,2.94331689675649,0.0033990510461731735,0.03143380112402762,0.2855004553993543,-1.152175784111023,7.845734596252441,0.7960611979166666,0.00026018688,0.008672896,-0.4386427104473114,0.6450743079185486,5,30,False,0.006500439718365669,451.7542593142213,105.85294895395054,18.56262623424118,4.48187161795795,30.166972380000516,5,0.0,0.4,0.0,1.0,0.0,0.0,1.8,0.0,2.6,1.2,1.2,0.0,0.0,0.0,0.0,0.0,320.8,-92.03644603161084,0.0026339529158576624,3.686027697114708e-05,0.0005566831954735285,0.002075744703096179,1.0606089185072332e-05,1.5514814791228737e-06,-0.0009737722539853166,-0.224609375,-0.048828125,-0.27441126720407283,0.002114129997355281,0.002087902273760374,-0.2734375,,,,,,,,,,,
37,75776,-0.005474798858631402,49.28812866210937,2.9436201731363933,0.005629592756157842,0.07257688104485473,0.26429551392793654,-0.7242479920387268,7.1401047706604,0.7496744791666666,0.00025908096,0.008636032,-0.43618321418762207,0.6466432809829712,5,30,False,0.009654528461396694,453.2699386575515,109.06009327285574,19.083419624046655,4.605832289948012,30.166972380000516,8,0.0,0.5,0.0,0.75,0.25,0.0,1.75,0.25,2.375,1.0,1.0,0.0,0.125,0.0,0.0,0.25,378.125,-81.59649890383662,0.003428158273891313,5.9996239327481105e-05,0.0014042763534689584,0.0012447330495097553,1.6827252059536946e-06,7.483953309517233e-06,-0.00017002159438561648,-0.17578125,-0.0634765625,-0.23942782634571813,0.0020838781597498357,0.0012538997280252262,-0.2392578125,,,,,,,,,,,
38,77824,-0.003197280348589023,49.10429916381836,2.951691198348999,0.0045291077654629995,0.04929388999395693,0.2909626921017965,-0.6921393275260925,6.977041244506836,0.8888346354166666,0.00025797503999999997,0.008599168,-0.4339204728603363,0.6481198668479919,5,30,False,0.009923904202878475,454.54371881205657,112.37629251583712,19.561048540097545,4.738431740945089,30.166972380000516,4,0.0,0.75,0.0,0.75,0.25,0.0,2.25,0.25,2.5,0.5,0.5,0.0,0.0,0.0,0.0,0.25,266.25,-76.32673704534045,0.0021686387595414303,3.4424641264855366e-05,0.0008112559554831478,0.001396818658832899,0.0002588793160518965,6.123619741060793e-06,-0.00127001416319672,-0.17578125,-0.03173828125,-0.20878954123224958,0.0013918074453231379,0.0016618215946258563,-0.20751953125,,,,,,,,,,,
39,79872,-0.004480065547007446,43.61273460388183,2.954975724220276,0.003433587245411914,0.033544307221503304,0.2806006073951721,-1.3155829906463623,6.427430152893066,0.7540690104166666,0.00025686911999999996,0.008562304,-0.43421196937561035,0.6479455232620239,5,30,False,0.0075472393073141575,457.47544326163234,115.02263625075284,20.061222786156577,4.864527853947948,30.166972380000516,6,0.0,0.6666666666666666,0.0,1.0,0.0,0.0,2.0,0.0,2.8333333333333335,1.0,1.0,0.0,0.16666666666666666,0.0,0.0,0.0,353.6666666666667,-90.2303685783038,0.0020304284123469074,5.530013143942303e-05,0.0013032960133259053,0.002528464687657106,5.866765588842526e-06,0.0,-0.0027518989360260093,-0.2001953125,-0.05859375,-0.2615409548384946,0.0007824325304604252,0.0025343314532459485,-0.2587890625,,,,,,,,,,,
40,81920,-0.0020777891933297116,58.32287788391113,2.95577449798584,0.0018945525344581317,0.015082074740591148,0.2540268674492836,-1.2665834426879883,7.908815383911133,0.8142903645833334,0.00025576319999999996,0.00852544,-0.4329844117164612,0.6487668752670288,5,30,False,0.0042754365131258965,459.61958400328894,118.03801648165972,20.47544283120078,4.97110506494937,30.166972380000516,7,0.0,0.42857142857142855,0.0,0.5714285714285714,0.42857142857142855,0.0,1.7142857142857142,0.7142857142857143,2.142857142857143,0.5714285714285714,0.5714285714285714,0.0,0.0,0.0,0.0,0.42857142857142855,375.0,-65.56750127809535,0.0037981249456606747,2.4041653367064264e-05,0.0011148574400223765,0.0012484895808064778,2.3875761398500697e-05,1.2858712672425554e-07,0.0004348152190232213,-0.2001953125,-0.04638671875,-0.24614721458124222,0.0027073091590053625,0.0012724939293317027,-0.24658203125,,,,,,,,,,,
41,83968,-0.003795313350080202,61.10089530944824,2.9584622144699098,0.0032007678178509378,0.029735477982709806,0.30594043831030526,-1.6404019594192505,8.131382942199707,0.7205403645833334,0.00025465728,0.008488576,-0.43257808685302734,0.6490539312362671,5,30,False,0.0059416587464511395,461.11860678063937,121.03596060657583,21.049781283261837,5.1345147229440045,30.166972380000516,8,0.0,0.875,0.0,1.0,0.0,0.0,2.625,0.0,2.75,0.375,0.375,0.0,0.0,0.0,0.0,0.0,241.875,-83.80473621464898,0.003436905312810268,3.336504323601941e-05,0.00181670246684007,0.001524781688431176,9.832418977140378e-05,0.0,-0.0009695380099401518,-0.224609375,-0.078125,-0.3037039047250687,0.0016535678892062172,0.0016231058782025798,-0.302734375,,,,,,,,,,,
42,86016,-0.0028718563883254927,46.75753936767578,2.9588388204574585,0.002933028214054879,0.027518947469070555,0.2941212147474289,-0.8958656191825867,7.126173973083496,0.7596028645833334,0.00025355136,0.008451712,-0.4326319694519043,0.6490374803543091,5,30,False,0.005344553384929895,462.65380717812525,124.21534842750407,21.479908694294863,5.235809212943423,30.166972380000516,7,0.0,0.7142857142857143,0.0,0.7142857142857143,0.2857142857142857,0.0,2.142857142857143,0.2857142857142857,2.4285714285714284,0.2857142857142857,0.2857142857142857,0.0,0.0,0.0,0.2857142857142857,0.2857142857142857,307.57142857142856,-74.35073531577576,0.003402350090254913,7.729831742564475e-05,0.0008955066853673088,0.000664376092157316,6.390023659608168e-05,5.4457341747138344e-08,0.0008558109145724302,-0.17578125,-0.0537109375,-0.22863637174833684,0.002584141722313249,0.0007283307860951448,-0.2294921875,,,,,,,,,,,
43,88064,-0.004272668257666131,41.73270263671875,2.9592952807744344,0.0035738660547042418,0.03183207083493471,0.3023958891630173,-0.016553284600377083,6.3612470626831055,0.7366536458333334,0.00025244544,0.008414847999999999,-0.43242359161376953,0.6491784453392029,5,30,False,0.005411885678768158,463.8114225334634,127.32463668556011,22.07015895828954,5.37243220693199,30.166972380000516,5,0.0,0.2,0.0,0.6,0.4,0.0,1.6,0.4,3.0,1.0,1.0,0.0,0.0,0.0,0.0,0.4,436.4,-76.80699448214364,0.0013784622956194426,4.79125767264485e-05,0.0019024725011149712,0.0018561725383856899,4.064177486912124e-07,2.7678852543289167e-09,-0.0033326793765695584,-0.1513671875,-0.0341796875,-0.18887955056555938,-0.0004760976287690802,0.0018565817240196354,-0.185546875,,,,,,,,,,,
44,90112,-0.0036909585708296317,21.981804275512694,2.958993403116862,0.0028823107818371145,0.02327247100571791,0.26111486107110976,0.14057984948158264,4.617981910705566,0.85888671875,0.00025133952,0.008377984,-0.43282562494277954,0.6489162445068359,5,30,False,0.006358745973557234,464.8870323693943,130.63428942856262,22.510521367395995,5.485861919922172,30.166972380000516,4,0.0,0.75,0.0,0.75,0.25,0.0,2.25,0.25,2.5,0.5,0.5,0.0,0.0,0.0,0.0,0.25,326.75,-76.46637689929457,0.003164305917588761,8.707055509231225e-05,0.0009710172651011817,0.00014728774014795496,2.0748013669243375e-06,7.71982439395913e-06,0.0011232768397348991,-0.1025390625,-0.03173828125,-0.13315406361743953,0.0022803592075798917,0.00015708236590883842,-0.13427734375,,,,,,,,,,,
45,92160,-0.0025351772104234747,50.976308822631836,2.958720850944519,0.004202424366922836,0.04518634978060921,0.31391550103823346,-0.7154550552368164,6.791639804840088,0.8933919270833334,0.0002502336,0.00834112,-0.4324776530265808,0.6491360664367676,5,30,False,0.006775049492716789,466.0952763533045,133.66949503766955,23.08928259741515,5.64603208193148,30.166972380000516,6,0.0,0.5,0.0,0.8333333333333334,0.16666666666666666,0.0,1.8333333333333333,0.3333333333333333,3.0,0.8333333333333334,0.8333333333333334,0.0,0.0,0.0,0.0,0.16666666666666666,313.8333333333333,-79.3495417754729,0.0022153420554786862,9.2472068242231e-06,0.0016251075842319551,0.0018931833906364326,5.1423030061947816e-05,0.0,-0.002345124721728098,-0.1904296875,-0.05126953125,-0.24404433826532568,0.0005994816780709542,0.0019446064206983804,-0.24169921875,,,,,,,,,,,
46,94208,-0.002597507056392108,71.52099685668945,2.960346746444702,0.0032257808552399922,0.02862051871682828,0.26945971747239433,-2.0966598987579346,8.624399185180664,0.7994791666666666,0.00024912767999999997,0.008304256,-0.4319245219230652,0.6495083570480347,5,30,False,0.00629387516528368,467.3152595784507,136.8116949696123,23.570318969359505,5.771371068927692,30.166972380000516,10,0.0,0.6,0.0,0.7,0.3,0.0,2.0,0.7,2.6,0.3,0.3,0.0,0.0,0.0,0.0,0.3,339.9,-64.65428092846051,0.004438486705566902,5.8050855947344715e-05,0.00190397295477851,0.0005682219879190598,0.00022567994697180772,8.368789369772589e-06,0.0007902938752977207,-0.23681640625,-0.07568359375,-0.3117097045776518,0.0025925646067357366,0.0008022707242606401,-0.3125,,,,,,,,,,,
47,96256,-0.004399010410027889,39.00857238769531,2.9627258221308392,0.004812635408641829,0.055948418689270814,0.3300151819984118,-1.5269908905029297,6.719471454620361,0.66162109375,0.00024802175999999996,0.008267392,-0.4308328628540039,0.6501914262771606,5,30,False,0.009842549450695515,469.04768233321846,139.7491182656231,24.031854748463957,5.878212280935259,30.166972380000516,6,0.0,1.0,0.0,1.0,0.0,0.0,3.0,0.0,3.0,0.0,0.0,0.0,0.0,0.0,0.0,0.0,226.16666666666666,-80.00768121602641,0.0026120848069695057,2.4931388065065063e-05,0.0018899827048244333,2.644856333522405e-05,9.032395942298876e-09,0.0,-0.00027942410940795526,-0.21484375,-0.05859375,-0.27371692332246766,0.0007470334902101375,2.645759573116635e-05,-0.2734375,,,,,,,,,,,
48,98304,-0.0027754100010497496,31.44118003845215,2.967262840270996,0.0026970029392769084,0.023018799372948706,0.2886836752295494,-1.0045995712280273,5.908044338226318,0.6599934895833334,0.00024691584,0.008230528,-0.4286498725414276,0.6516041159629822,5,30,False,0.005044905934482813,471.22862639373693,142.406005173616,24.51119403433404,6.02798975292535,30.166972380000516,8,0.0,0.75,0.0,0.75,0.25,0.125,2.5,0.25,2.75,0.125,0.125,0.0,0.0,0.0,0.125,0.25,340.125,-70.64671219255933,0.002995071616169298,2.4895006534228492e-05,0.0016963769268159012,0.0003286800259161282,0.0,9.073186383545817e-06,-1.4163487890073156e-05,-0.17333984375,-0.0634765625,-0.23683057006519448,0.0013235896958876253,0.00033775321229967403,-0.23681640625,,,,,,,,,,,
49,100352,-0.0032544385991059243,38.309255599975586,2.973897194862366,0.0033208659865588816,0.03196136453188956,0.3123017027974129,-1.367992639541626,6.732040882110596,0.693359375,0.00024580992,0.008193664,-0.4265102744102478,0.6529679298400879,5,30,False,0.006180014461278915,473.0964527530242,145.19421132749994,25.00253180542495,6.141773420924437,30.166972380000516,4,0.0,1.0,0.0,1.0,0.0,0.0,3.0,0.0,3.0,0.0,0.0,0.0,0.0,0.0,0.0,0.0,218.5,-79.86933981934999,0.002212048917123899,6.378425517201622e-05,0.0009907519734611014,0.00041741256213819085,2.313007218095306e-06,1.2414882303524166e-05,-0.00014705926332680974,-0.17822265625,-0.0390625,-0.21743221676024405,0.0012850811988348136,0.0004321404516598103,-0.21728515625,60,0.0,0.0,2.15,0.1,2.8,0.7166666666666667,0.7166666666666667,0.0,0.1,0.1
50,102400,-0.00562777515151538,23.33577251434326,2.980099018414815,0.0048144178169015305,0.05814361141528934,0.2974079728126526,0.2763102650642395,5.102960109710693,0.6241861979166666,0.000244704,0.0081568,-0.42436784505844116,0.6543495655059814,5,30,False,0.010849883779883385,406.2386921694565,148.028543193519,25.501830677399994,6.270958856926882,66.52211085200543,5,0.0,0.4,0.0,0.4,0.6,0.0,1.4,0.6,2.4,0.8,0.8,0.0,0.0,0.0,0.2,0.6,476.4,-68.67945732179214,0.0024698194920347305,2.9302950038612163e-05,0.0019409801891470124,0.0004893178205497941,6.90236054045057e-05,6.934058660590381e-09,-0.0010002061191869416,-0.107421875,-0.02685546875,-0.13527754854797536,0.0005581422529263302,0.0005583483600129604,-0.13427734375,,,,,,,,,,,
51,104448,-0.004248085400710503,81.76545867919921,2.987016050020854,0.004441760060552528,0.05222275860918065,0.28701150765021644,-1.8125901222229004,8.436450004577637,0.8077799479166666,0.00024359807999999999,0.008119936,-0.4220677316188812,0.6558328866958618,5,30,False,0.00946132279932499,408.4427562140476,151.06492005471955,25.901442966263858,6.371942589932587,66.52211085200543,9,0.0,0.6666666666666666,0.0,0.8888888888888888,0.1111111111111111,0.0,2.3333333333333335,0.1111111111111111,2.6666666666666665,0.4444444444444444,0.4444444444444444,0.0,0.0,0.0,0.1111111111111111,0.1111111111111111,296.0,-80.92144745342564,0.0032270721960685478,4.214624891117624e-05,0.0013921462121828654,0.0007117069733247605,6.828441907062374e-05,5.029129652278641e-06,9.205172010240403e-05,-0.224609375,-0.08056640625,-0.3050837281645187,0.0018770722327968586,0.0007850205220476629,-0.30517578125,,,,,,,,,,,
52,106496,-0.0032005297020077706,25.97325019836426,2.9932348489761353,0.003414080503442381,0.036998799338471146,0.28750492284695306,0.5688867568969727,5.147916316986084,0.80712890625,0.00024249215999999998,0.008083072,-0.4203484058380127,0.6569982767105103,5,30,False,0.005839234683662653,410.524231269668,154.13559661283216,26.311773112116498,6.479108137922594,66.52211085200543,5,0.0,0.8,0.0,0.8,0.2,0.0,2.4,0.2,2.6,0.4,0.4,0.0,0.0,0.0,0.0,0.2,328.0,-77.274875541262,0.002569308065176301,4.0786664870798295e-05,0.0017124401871342343,0.0003460748083588816,0.00017020234238769236,4.175581203323675e-06,-0.0006227982106565833,-0.13671875,-0.04150390625,-0.1788454555738781,0.0008976545429128652,0.0005204527319498976,-0.17822265625,,,,,,,,,,,
53,108544,-0.004468308703508228,45.756231689453124,2.9975105206171673,0.004924014414817618,0.057555154679963985,0.30577489336331687,-0.8363575339317322,6.903537750244141,0.7858072916666666,0.00024138623999999997,0.008046208,-0.4190368056297302,0.6578807830810547,5,30,False,0.008047852665185928,412.5776436619784,157.1209348278644,26.776462616064236,6.595211943917093,66.52211085200543,5,0.0,0.2,0.0,0.6,0.4,0.0,1.4,0.6,2.6,1.0,1.0,0.0,0.0,0.0,0.0,0.4,435.8,-72.77263850480851,0.0026026962293599354,3.897946356457016e-05,0.001327246242340152,0.0015940584234357402,1.99611288509427e-05,1.0541522972029593e-06,-0.0013006442558776143,-0.1708984375,-0.0341796875,-0.2063787706233029,0.0013144294505843535,0.0016150737045838859,-0.205078125,,,,,,,,,,,
54,110592,-0.0032475582770227144,49.929036712646486,3.0040143966674804,0.0039406614187981115,0.04081946354514609,0.27244985550642015,-0.37227165699005127,7.292171478271484,0.8536783854166666,0.00024028032,0.008009344,-0.4156719148159027,0.6600880026817322,5,30,False,0.007224687375128269,414.495066052146,160.21843657082354,27.186995763069717,6.695295012919814,66.52211085200543,6,0.0,0.8333333333333334,0.0,0.8333333333333334,0.16666666666666666,0.0,2.5,0.5,2.6666666666666665,0.0,0.0,0.0,0.0,0.0,0.0,0.16666666666666666,281.8333333333333,-67.44625212707115,0.003234323509332171,4.8426777659815734e-05,0.0011235234422883877,0.0010961481128788364,1.2453970635428746e-05,9.197051186848881e-06,4.14277043319089e-05,-0.17822265625,-0.05126953125,-0.22945075413491622,0.002159226844703599,0.001117799134701114,-0.2294921875,,,,,,,,,,,
55,112640,-0.004770077330370744,58.65912094116211,3.0131518602371217,0.0048379365798551415,0.05340467832284048,0.3055691719055176,-1.4734268188476562,7.481097221374512,0.7430013020833334,0.00023917439999999998,0.00797248,-0.4137793779373169,0.6613324880599976,5,30,False,0.007889882661402225,416.70487661682165,163.11138668890635,27.580386543966597,6.7975699329108465,66.52211085200543,8,0.0,0.625,0.0,0.875,0.125,0.0,2.125,0.125,2.875,0.625,0.625,0.0,0.0,0.0,0.125,0.125,305.125,-82.44395421456056,0.0029965591216978282,2.865066027457619e-05,0.0017962944896225963,0.00048014657378561004,9.400988389396403e-05,1.0408889191682036e-06,-0.00034628204781483873,-0.2392578125,-0.07080078125,-0.3104048675556328,0.0012289152923498081,0.0005751973465987423,-0.31005859375,,,,,,,,,,,
56,114688,-0.003896455173768724,46.50887451171875,3.0161327441533405,0.004093982998537018,0.04523897993688782,0.24546733697255452,-0.4340434968471527,6.815027236938477,0.76220703125,0.00023806848,0.007935616,-0.4132853150367737,0.6616370677947998,5,30,False,0.006478793919086456,418.6335075505109,166.15139857280883,27.96290597470943,6.914343272903352,66.52211085200543,8,0.0,0.875,0.0,1.0,0.0,0.0,2.875,0.0,3.0,0.125,0.125,0.0,0.0,0.0,0.0,0.0,249.25,-81.27478669421362,0.0033880143009810126,5.369880057125298e-05,0.0019821057121589547,0.0002998764075430316,2.9459870165178537e-06,3.1213004856311954e-06,0.00015366368802460784,-0.2001953125,-0.078125,-0.2781666470817754,0.001459607389393311,0.0003059436950451806,-0.2783203125,,,,,,,,,,,
57,116736,-0.0015838716984338437,25.13909149169922,3.0179471572240195,0.002597810743521123,0.020157991473873458,0.28848892599344256,-0.159987673163414,4.968858242034912,0.8564453125,0.00023696256,0.007898752,-0.41240429878234863,0.662238597869873,5,30,False,0.0055606854148209095,420.26163681105214,169.33094970985258,28.380118035929627,7.019555325910915,66.52211085200543,4,0.0,0.75,0.0,0.75,0.25,0.0,2.25,0.5,2.5,0.25,0.25,0.0,0.0,0.0,0.0,0.25,364.0,-69.03377047962204,0.0027606556166119844,7.67079064190046e-05,0.00123088299437768,0.00014166969584433753,6.365892371873133e-05,0.0,0.0004011519098980898,-0.13671875,-0.03173828125,-0.1680558758170605,0.001606480528653309,0.00020532861956306885,-0.16845703125,,,,,,,,,,,
58,118784,-0.004028500647594532,40.0421802520752,3.0223774989446004,0.004716032412011321,0.05147441701653103,0.3449858948588371,-0.3206970691680908,6.425505638122559,0.7145182291666666,0.00023585664,0.007861888000000001,-0.4103794991970062,0.6635937094688416,5,30,False,0.008070626296103,421.86142206113965,172.44977575779194,28.842048156962846,7.129478112910874,66.52211085200543,5,0.0,0.4,0.0,0.8,0.2,0.0,1.6,0.2,3.0,1.2,1.2,0.0,0.0,0.0,0.0,0.2,414.8,-85.17150665139926,0.0016525274781997723,3.9212499436447334e-05,0.0009778380643297169,0.0013308033930280183,0.0,6.016387911478294e-08,-0.0016169616364152262,-0.1904296875,-0.04150390625,-0.23355055114259926,0.0007139019133065028,0.001330863556907133,-0.23193359375,,,,,,,,,,,
59,120832,-0.0035064031350581595,30.59255485534668,3.028933064142863,0.003968742327685635,0.04462546904881795,0.2924406722187996,0.9084603786468506,5.44638204574585,0.7550455729166666,0.00023475071999999998,0.007825024,-0.4081727862358093,0.6650601625442505,5,30,False,0.008179751224815845,423.3195211131908,175.43328886359814,29.487124322127784,7.250795673913672,66.52211085200543,6,0.0,0.5,0.0,0.6666666666666666,0.3333333333333333,0.0,2.0,0.3333333333333333,3.0,0.6666666666666666,0.6666666666666666,0.0,0.0,0.0,0.0,0.3333333333333333,400.1666666666667,-74.99924425041293,0.0034790695544870687,5.946405223244966e-05,0.00146100529798332,0.00041602131545007137,0.0,3.5351085472257182e-06,0.0006579718877333107,-0.13671875,-0.0439453125,-0.18000608877963487,0.0020775283087361984,0.0004195564239972971,-0.1806640625,,,,,,,,,,,
60,122880,-0.004454238119069487,49.58360481262207,3.0329293251037597,0.004813694628914485,0.05542735074801992,0.29253585388263065,-1.1385996341705322,6.603043556213379,0.7902018229166666,0.00023364479999999998,0.00778816,-0.4083455801010132,0.6649171113967896,5,30,False,0.009138445369899273,424.8830108424768,178.54805552656762,29.92263078605174,7.362908314913511,66.52211085200543,6,0.0,0.6666666666666666,0.0,1.0,0.0,0.0,2.5,0.0,3.0,0.5,0.5,0.0,0.0,0.0,0.0,0.0,278.6666666666667,-85.03539339381648,0.001830136131729887,3.680853638199366e-05,0.0011779748369349363,0.000940229238753254,4.372648418282665e-05,3.7182164902560544e-08,-0.0012950230757837744,-0.2001953125,-0.05859375,-0.2600840784074876,0.0006889698311769443,0.0009839929051009833,-0.2587890625,,,,,,,,,,,
61,124928,-0.0026938228014235697,56.0372917175293,3.0286406675974527,0.003753778657437858,0.03242491452256217,0.3630371501048406,-1.1922358274459839,7.157790184020996,0.8076171875,0.00023253887999999997,0.0077512959999999995,-0.4107927978038788,0.6632509231567383,5,30,False,0.006902141962200403,426.3660458158276,181.5800415775302,30.463289177030674,7.476420546910958,66.52211085200543,6,0.0,0.16666666666666666,0.0,0.6666666666666666,0.3333333333333333,0.0,0.8333333333333334,0.3333333333333333,2.6666666666666665,1.8333333333333333,1.8333333333333333,0.0,0.0,0.0,0.0,0.3333333333333333,450.6666666666667,-87.21950908721783,0.0030565400788873376,8.100494982232753e-05,0.0013051260748397908,0.0013243955583092104,2.2879094279878998e-07,0.0,-0.000492205400973944,-0.2197265625,-0.0439453125,-0.2641640774221514,0.0018324189538698743,0.0013246243492520092,-0.263671875,,,,,,,,,,,
62,126976,-0.0022078917943872513,35.54773063659668,3.0227867444356282,0.003894527308398865,0.03993812661307553,0.314233572781086,-0.20388153195381165,5.405267715454102,0.7900390625,0.00023143296,0.007714432,-0.41152626276016235,0.6627420783042908,5,30,False,0.00898671243339777,427.67623974718293,184.74807171274733,30.946841850163764,7.6050188589142635,66.52211085200543,5,0.0,0.6,0.0,1.0,0.0,0.0,2.2,0.0,2.6,0.8,0.8,0.0,0.0,0.0,0.0,0.0,311.0,-88.33324508037185,0.0023815319002551405,6.59555463890446e-05,0.0015481027012356208,0.0006299491385292448,8.927555484784539e-05,1.555077950854411e-07,-0.000819995478252622,-0.126953125,-0.048828125,-0.1766012394665495,0.0008993847454085643,0.0007193802011721756,-0.17578125,,,,,,,,,,,
63,129024,-0.002311069999511043,49.321127319335936,3.0227819204330446,0.003801684544970644,0.03589453163246314,0.3583619882663091,-1.1471964120864868,7.312522888183594,0.7413736979166666,0.00023032703999999998,0.007677568,-0.4110998809337616,0.6630260944366455,5,30,False,0.006426890380680561,429.4905800370171,187.62421366361377,31.377974051167257,7.7078326239134185,66.52211085200543,4,0.0,0.0,0.0,0.5,0.5,0.25,0.75,0.75,2.25,1.5,1.5,0.0,0.0,0.0,0.0,0.5,499.25,-68.48259902981681,0.001936080329357992,3.957569717197296e-05,0.0015830915233436826,0.0014370275350401585,1.052934920485471e-05,5.798669791445832e-06,-0.002060791067719947,-0.185546875,-0.0244140625,-0.21202172465007152,0.00039256450318628233,0.001453355554036459,-0.2099609375,,,,,,,,,,,
64,131072,-0.003028669479923944,46.606676483154295,3.024996113777161,0.0035890617366097517,0.036260004000117384,0.3246785034735998,-0.7036533355712891,6.903890609741211,0.7223307291666666,0.00022922112,0.007640704,-0.41001009941101074,0.6637495756149292,5,30,False,0.006381415296345949,430.85650272171137,190.6870362116315,31.89082368610252,7.824024927904247,66.52211085200543,5,0.0,0.4,0.0,0.6,0.4,0.0,1.2,0.4,2.2,1.4,1.4,0.0,0.0,0.0,0.0,0.4,419.8,-80.21718052084398,0.001939884823157323,5.1670651412386026e-05,0.0011379828313664575,0.0007378321749042932,3.0036886214890313e-05,2.8430399261480943e-06,-0.0009171394683562539,-0.1416015625,-0.0341796875,-0.1766983902996344,0.0008535726432032514,0.0007707121010453316,-0.17578125,,,,,,,,,,,
65,133120,-0.0028031889077586433,86.02841415405274,3.0290414889653525,0.004481009623679194,0.045515663359158985,0.2903071542580922,-2.115091562271118,8.444703102111816,0.9085286458333334,0.0002281152,0.007603840000000001,-0.4083849787712097,0.6648169159889221,5,30,False,0.006950510200113058,431.99105405588915,193.90629697556142,32.3861016080773,7.930221895905561,66.52211085200543,10,0.0,0.5,0.0,1.0,0.0,0.0,1.9,0.0,2.5,1.0,1.0,0.0,0.0,0.0,0.1,0.0,250.5,-90.39079270540897,0.003924614900142842,5.6424288714759796e-05,0.0008790386490886704,0.0011250616156417426,0.00011733133795385417,3.1160331022128673e-06,0.0008564915250417471,-0.30029296875,-0.09765625,-0.3970927265532964,0.0031020005397689315,0.0012455089866978096,-0.39794921875,,,,,,,,,,,
66,135168,-0.003427423785130183,31.26145362854004,3.0348187843958536,0.003275456930653938,0.03130603704291086,0.29971215228239695,0.7215778827667236,5.210775852203369,0.8357747395833334,0.00022700928,0.0075669759999999996,-0.40597349405288696,0.6664165258407593,5,30,False,0.005647456273436546,433.3816478108143,196.91768553259317,32.90650873105915,8.030207704912755,66.52211085200543,4,0.0,0.25,0.0,0.75,0.25,0.0,0.75,0.5,2.5,1.75,1.75,0.0,0.0,0.0,0.0,0.25,433.5,-84.12058077852998,0.0022048304639383787,8.235521992405737e-05,0.0009318253045762503,0.000881472069706013,0.0,3.5804946065809418e-06,-0.0005296921991657655,-0.1416015625,-0.03173828125,-0.17386953492251678,0.0013553603792861857,0.0008850525643125939,-0.17333984375,,,,,,,,,,,
67,137216,-0.004389336167757089,49.74556121826172,3.0414619922637938,0.004336457685628779,0.04929882411767418,0.3283743530511856,-0.865203857421875,7.032540798187256,0.6875,0.00022590335999999998,0.007530112,-0.4043354392051697,0.6675214171409607,5,30,False,0.009090138599276543,435.09938445931596,199.6830700585997,33.370331237092614,8.167979894918972,66.52211085200543,5,0.0,0.6,0.0,1.0,0.0,0.0,1.8,0.0,2.2,1.2,1.2,0.0,0.0,0.0,0.0,0.0,323.8,-92.14963539973833,0.0025233663050130417,5.613714183680049e-05,0.0011699525638562136,0.000965239870472423,2.2141765547212255e-05,0.0,-0.0005778307584591857,-0.224609375,-0.048828125,-0.27401532346010526,0.0014095508829936286,0.0009873816360196352,-0.2734375,,,,,,,,,,,
68,139264,-0.003658084903145209,57.99441146850586,3.0475388367970786,0.0035113035048892033,0.03147617485374212,0.30400215834379196,-0.7590937614440918,8.06938648223877,0.6468098958333334,0.00022479743999999997,0.007493248,-0.40169069170951843,0.6692782640457153,5,30,False,0.005963214673101902,436.73649638830415,202.54866483145452,33.79635416116798,8.270173623925075,66.52211085200543,8,0.0,0.75,0.0,0.875,0.125,0.0,2.5,0.125,3.0,0.375,0.375,0.0,0.0,0.0,0.0,0.125,302.625,-79.2785884441696,0.003471359369768834,3.167991860976438e-05,0.0014530096416365268,0.0001786305951441136,0.0,0.0,0.0008713990347359868,-0.2001953125,-0.07080078125,-0.2701246898810723,0.0020500296467420714,0.0001786305951441136,-0.27099609375,,,,,,,,,,,
69,141312,-0.0040725310100242496,46.2075927734375,3.054887636502584,0.0035286418833412768,0.035847942375888425,0.30052181929349897,-1.1666278839111328,6.308173179626465,0.791015625,0.00022369152,0.007456384,-0.39958226680755615,0.6707005500793457,5,30,False,0.006368864327669144,437.9094256428053,205.7229065194988,34.2367523911671,8.371759044923238,66.52211085200543,7,0.0,0.42857142857142855,0.0,0.8571428571428571,0.14285714285714285,0.14285714285714285,1.8571428571428572,0.14285714285714285,2.5714285714285716,1.0,1.0,0.0,0.0,0.0,0.0,0.14285714285714285,387.85714285714283,-82.4602102766653,0.0032629153406560363,3.6694252395956875e-05,0.0017793741766922722,0.0009233409362965905,7.46317118629769e-05,9.0510542363198e-06,-0.00048678829307391425,-0.21728515625,-0.06103515625,-0.2788070962023994,0.001520235416359721,0.0010070237023958872,-0.2783203125,,,,,,,,,,,
70,143360,-0.005065996909009603,31.892440414428712,3.0623818556467692,0.005315237435290924,0.06165397409737731,0.32040268182754517,-0.018683020025491714,5.593222141265869,0.6769205729166666,0.0002225856,0.007419520000000001,-0.3963658809661865,0.6728579998016357,5,30,False,0.010623783804476261,439.6677825735731,208.4387494905095,34.67879526638717,8.486353402928216,66.52211085200543,3,0.0,0.3333333333333333,0.0,1.0,0.0,0.0,1.0,0.0,2.6666666666666665,1.6666666666666667,1.6666666666666667,0.0,0.0,0.0,0.3333333333333333,0.0,352.0,-98.26274369898117,0.0017813079046504754,2.230295980181396e-05,0.0008808642893853857,0.0009590652942089092,2.0805923306152496e-05,6.418965251886455e-06,-0.001063543597581429,-0.13427734375,-0.029296875,-0.16463775629034672,0.0009227465750669037,0.0009862901827669482,-0.16357421875,,,,,,,,,,,
71,145408,-0.004016152575301627,54.43999328613281,3.072095449765523,0.003881977359105195,0.039593211992178114,0.3230120395620664,-1.0888525247573853,7.7259087562561035,0.6806640625,0.00022147967999999998,0.007382656,-0.39353859424591064,0.6747602224349976,5,30,False,0.00899479165673256,440.8249333939077,211.56837323345826,35.13105678834836,8.583955787922605,66.52211085200543,7,0.0,0.42857142857142855,0.0,0.7142857142857143,0.2857142857142857,0.0,1.4285714285714286,0.2857142857142857,2.857142857142857,1.1428571428571428,1.1428571428571428,0.0,0.0,0.0,0.14285714285714285,0.2857142857142857,443.57142857142856,-82.53396479054625,0.002495266842743149,4.3397822462517286e-05,0.001682590075574808,0.001296347763454886,0.0,0.0,-0.0014402731975451388,-0.234375,-0.0537109375,-0.28952619681467695,0.0008560745896308581,0.001296347763454886,-0.2880859375,,,,,,,,,,,
72,147456,-0.004063070740933957,43.02277870178223,3.076943810780843,0.003486144293928024,0.03508164305239916,0.2847173656026522,-0.11386822909116745,6.2396440505981445,0.80419921875,0.00022037376,0.007345792,-0.39340922236442566,0.6748342514038086,5,30,False,0.007068207953125238,441.89906546487083,214.55121603043517,35.668041927419836,8.778873857925646,66.52211085200543,6,0.0,0.6666666666666666,0.0,1.0,0.0,0.0,2.3333333333333335,0.0,3.0,0.6666666666666666,0.6666666666666666,0.0,0.0,0.0,0.0,0.0,290.6666666666667,-86.67899452044882,0.003460229772827006,2.8250675031229328e-05,0.0011570025234277637,0.0004401492944150487,4.5210368648795907e-07,0.0,0.0008908765140915875,-0.1611328125,-0.05859375,-0.21883568057350544,0.0023314779244304716,0.00044060139810153665,-0.2197265625,,,,,,,,,,,
73,149504,-0.0032781879572818676,85.75148086547851,3.076655395825704,0.004428022098970056,0.0466689960565418,0.3181468114256859,-2.6273672580718994,9.238630294799805,0.7724609375,0.00021926784,0.007308928,-0.3934570550918579,0.6748110055923462,5,30,False,0.008647372014820576,442.60573194193427,217.96135887739365,36.119285141452565,8.88565297293826,66.52211085200543,10,0.0,0.7,0.0,0.9,0.1,0.0,2.1,0.1,2.8,0.8,0.8,0.0,0.0,0.0,0.0,0.1,261.2,-84.35934548865607,0.004190100196183266,2.7350216626281787e-05,0.0015325929545042527,0.0009753880687508598,1.7968870612228294e-05,0.0,0.0006915005139376262,-0.2978515625,-0.09033203125,-0.38749208944437896,0.0026848574583052953,0.0009933569393630881,-0.38818359375,,,,,,,,,,,
74,151552,-0.004677058647697171,41.81457252502442,3.0780093828837076,0.004797346676912736,0.05597186100591595,0.2970438294112682,-0.06271485239267349,6.3453264236450195,0.833984375,0.00021816191999999998,0.007272064,-0.39202699065208435,0.6757749319076538,5,30,False,0.008076741360127926,442.91216231872994,221.5507597373653,36.60382059655967,9.086200346937403,66.52211085200543,3,0.0,0.3333333333333333,0.0,1.0,0.0,0.0,1.6666666666666667,0.0,2.3333333333333335,1.3333333333333333,1.3333333333333333,0.0,0.0,0.0,0.0,0.0,323.0,-93.69833160550722,0.002006757757840205,5.3528161592087536e-05,0.0011643597674577677,0.0007144081696861537,0.00013603943958950815,1.0117275861531994e-07,-0.0009546226327188378,-0.1513671875,-0.029296875,-0.18161867952954935,0.000895926151974525,0.0008505487820342772,-0.1806640625,,,,,,,,,,,
75,153600,-0.003730938653461635,67.2444076538086,3.0840474526087442,0.003777635258417137,0.0404194410967951,0.32908403873443604,-1.791102647781372,8.306198120117188,0.70361328125,0.00021705599999999998,0.007235200000000001,-0.3898288607597351,0.6772497892379761,5,30,False,0.00934134516865015,442.0697785336083,225.91401630829205,37.17559702064318,9.27724882993789,66.52211085200543,8,0.0,0.5,0.0,1.0,0.0,0.0,1.75,0.0,2.75,1.0,1.0,0.0,0.0,0.0,0.25,0.0,306.25,-91.44247298428354,0.003010227473339455,3.0435885864356794e-05,0.0014566956373869289,0.0016689799698798996,7.4384882975397915e-09,9.002068825481047e-06,-0.0010940217670736274,-0.30029296875,-0.078125,-0.3795119895485186,0.001583967721816883,0.0016779894771936782,-0.37841796875,,,,,,,,,,,
76,155648,-0.004457982870129247,43.150473022460936,3.089309080441793,0.0037382667228719356,0.04244151410336296,0.2800178830822309,-0.3381485342979431,6.561147212982178,0.7762044270833334,0.00021595007999999997,0.007198336,-0.3884323835372925,0.6782061457633972,5,30,False,0.0070896269753575325,442.43993358043696,229.4288569002092,37.73033685683913,9.400501312935376,66.52211085200543,6,0.0,0.5,0.0,0.8333333333333334,0.16666666666666666,0.0,2.0,0.16666666666666666,3.0,0.8333333333333334,0.8333333333333334,0.0,0.0,0.0,0.0,0.16666666666666666,289.8333333333333,-82.58127075011605,0.0036249163104002946,4.170500482261752e-05,0.0015567499754070013,0.0004831153660376786,0.0,4.665864199004943e-06,0.0006220901120173039,-0.1806640625,-0.05126953125,-0.23131150392958943,0.002109871339815911,0.0004877812302366835,-0.23193359375,,,,,,,,,,,
77,157696,-0.005000913930901637,37.424185562133786,3.0937440077463787,0.004550014355421603,0.05379376123504092,0.3153898959358533,-0.10582895576953888,5.795584201812744,0.7421875,0.00021484416,0.007161472,-0.38673943281173706,0.6793650388717651,5,30,False,0.0076265642419457436,443.3988565976665,232.60097578912973,38.178692320827395,9.516242497935309,66.52211085200543,5,0.0,0.2,0.0,1.0,0.0,0.0,1.6,0.0,2.8,1.2,1.2,0.0,0.0,0.0,0.2,0.0,362.4,-93.4616661622651,0.0018381773882083507,3.451985950449904e-05,0.001596965695171093,0.0014708071223549224,0.0,0.0,-0.0021950755702278,-0.2001953125,-0.048828125,-0.2512185074385229,0.0002757315525417567,0.0014708071223549224,-0.2490234375,,,,,,,,,,,
78,159744,-0.0031250126465844612,37.859039306640625,3.100295392672221,0.004351370789127839,0.05233079618774354,0.3713063026467959,-0.5015274882316589,6.110205173492432,0.6964518229166666,0.00021373824,0.007124607999999999,-0.3842638432979584,0.6810345649719238,5,30,False,0.011577961966395378,444.1963352905393,235.86098610515182,38.64929511479568,9.629302262925194,66.52211085200543,5,0.0,0.2,0.0,0.6,0.4,0.0,1.2,0.4,3.0,1.4,1.4,0.0,0.0,0.0,0.0,0.4,467.6,-80.48695668149885,0.002662093574940627,3.635128823119109e-05,0.0016850499932843377,0.0008728037386861731,0.0,6.396876273129237e-08,-0.0008594728194566414,-0.15625,-0.0341796875,-0.19128915784290257,0.0010133948698874806,0.0008728677074489044,-0.1904296875,,,,,,,,,,,
79,161792,-0.004635450829421946,29.230632400512697,3.105999247233073,0.003514246539276289,0.03893215625236432,0.3364423274993896,-0.2514224946498871,5.410505294799805,0.7132161458333334,0.00021263232,0.007087744,-0.383190393447876,0.6817845106124878,5,30,False,0.0067823175340890884,445.152073257437,238.8999856641749,39.18545676283247,9.748111199922278,66.52211085200543,4,0.0,0.5,0.0,0.75,0.25,0.0,2.0,0.25,2.5,0.75,0.75,0.0,0.0,0.0,0.0,0.25,425.25,-79.37956352853325,0.0017106270511249022,2.4924724334185466e-05,0.0011149162357853015,0.0010857980710624604,1.801261154121825e-08,0.0,-0.0014651805718131072,-0.1513671875,-0.03173828125,-0.18457064691324376,0.0006206355396737862,0.0010858160836740016,-0.18310546875,,,,,,,,,,,
80,163840,-0.004282704709718625,37.12060966491699,3.10813512802124,0.004552433338884025,0.051849154910693564,0.33631112376848854,0.4156520366668701,5.929470539093018,0.65185546875,0.0002115264,0.00705088,-0.3827213644981384,0.6821262836456299,5,30,False,0.00856700073927641,446.3995593847797,241.74970660511462,39.66183030977845,9.863936820911476,66.52211085200543,8,0.0,0.375,0.0,0.625,0.375,0.0,1.5,0.375,2.5,1.125,1.125,0.0,0.0,0.0,0.0,0.375,404.125,-78.34367185868905,0.002573894563056456,2.282164989905397e-05,0.0016725245864108729,0.0005759669634740683,0.0,0.0,-0.0006517753313346475,-0.1416015625,-0.05615234375,-0.19840568376298506,0.0009241916265446369,0.0005759669634740683,-0.19775390625,,,,,,,,,,,
81,165888,-0.0035515714591989917,28.630819892883302,3.109055670102437,0.004654646146499222,0.05244053875406583,0.32073712001244226,0.5380902290344238,5.4077677726745605,0.7578125,0.00021042048,0.007014016,-0.38240110874176025,0.6823457479476929,5,30,False,0.010653704404830933,447.5477664017504,244.72796559007838,40.0970610598597,9.962385984908906,66.52211085200543,4,0.0,0.75,0.0,0.75,0.25,0.0,2.25,0.5,3.0,0.25,0.25,0.0,0.0,0.0,0.0,0.25,353.75,-69.67585804784085,0.0020551170376235106,1.993701420123636e-05,0.0033680609967632336,0.0008006794741922396,8.912405900091125e-09,0.0,-0.0030936953083937624,-0.146484375,-0.03173828125,-0.18131634270355335,-0.0012930069449384866,0.0008006883865981397,-0.17822265625,,,,,,,,,,,
82,167936,-0.0029070496869583926,36.60487442016601,3.1098745028177897,0.004298923348116577,0.04862233478731166,0.35097150852282843,-0.8369221687316895,6.1965436935424805,0.6853841145833334,0.00020931455999999998,0.006977152,-0.3824433982372284,0.6822924613952637,5,30,False,0.007118317764252424,447.8399140552751,248.2589415149705,40.636786622781074,10.0790733738977,66.52211085200543,5,0.0,0.6,0.0,1.0,0.0,0.0,2.2,0.0,3.0,0.8,0.8,0.0,0.0,0.0,0.0,0.0,359.4,-89.0215542854443,0.0029360386297412333,3.30368159684089e-05,0.002199908676857376,0.0008468877637142214,3.676651543638165e-05,0.0,-0.0011144875169861734,-0.1904296875,-0.048828125,-0.24037230352928418,0.0007691667688522661,0.000883654279150603,-0.2392578125,,,,,,,,,,,
83,169984,-0.0034948709382054705,50.7096809387207,3.109393755594889,0.0038699832448298704,0.04098992525832727,0.3200792223215103,-0.5555540323257446,6.912580966949463,0.77880859375,0.00020820863999999997,0.006940287999999999,-0.38230499625205994,0.6823777556419373,5,30,False,0.007589057553559542,449.3559131555048,250.8259397889342,41.13778214080958,10.183163177891402,66.52211085200543,6,0.0,0.3333333333333333,0.0,0.8333333333333334,0.16666666666666666,0.0,1.5,0.16666666666666666,2.3333333333333335,1.3333333333333333,1.3333333333333333,0.0,0.0,0.0,0.0,0.16666666666666666,383.0,-87.81484257295051,0.002141805664336971,2.5949617587773285e-05,0.0010862649928427004,0.001295658738987071,3.1826896394158977e-06,1.3252065077101749e-05,-0.0012306032305104964,-0.18798828125,-0.05126953125,-0.24048841795394083,0.001081490289082044,0.0013120934937035887,-0.2392578125,,,,,,,,,,,
84,172032,-0.0022002436618398253,51.19139137268066,3.1104957342147825,0.002898832736668245,0.02191199086761723,0.3091344823439916,-0.987399697303772,7.028105735778809,0.7600911458333334,0.00020710272,0.006903424,-0.38204896450042725,0.6825652122497559,5,30,False,0.0059450245462358,450.43025851575874,253.70638423287892,41.6575184858375,10.300591207880643,66.52211085200543,7,0.0,0.42857142857142855,0.0,1.0,0.0,0.0,1.5714285714285714,0.0,2.857142857142857,1.2857142857142858,1.2857142857142858,0.0,0.0,0.0,0.14285714285714285,0.0,314.85714285714283,-93.91337057427361,0.003337404177273129,6.403570523801083e-05,0.001844916812046904,0.0011603790880007625,0.0,1.2706699890202566e-06,-0.0006051266726672111,-0.2587890625,-0.068359375,-0.32775356038848713,0.0015565230704642358,0.0011616497579897828,-0.3271484375,,,,,,,,,,,
85,174080,-0.005065437289886177,30.886751174926758,3.1137271404266356,0.0057262346538243135,0.07491304899255434,0.36206456621487937,-0.5036806464195251,5.667542934417725,0.6722005208333334,0.00020599679999999999,0.006866559999999999,-0.3796460032463074,0.6841923594474792,5,30,False,0.01240056473761797,451.8885991937244,256.34075628683786,42.10990722182032,10.403690711871604,66.52211085200543,4,0.0,0.75,0.0,1.0,0.0,0.0,2.75,0.0,3.0,0.25,0.25,0.0,0.0,0.0,0.0,0.0,310.0,-82.95236814312375,0.0017994703143529023,1.7542091648578215e-05,0.0017481828683685308,0.0010071899753302457,0.0,0.0,-0.0019383604409881627,-0.17578125,-0.0390625,-0.21678210853377777,6.882953763294973e-05,0.0010071899753302457,-0.21484375,,,,,,,,,,,
86,176128,-0.003835969460972895,25.855444717407227,3.122133215268453,0.005022446530494059,0.06263569180931275,0.32147377779086433,0.46537455916404724,4.73135232925415,0.6572265625,0.00020489088,0.006829696,-0.3767411708831787,0.6861729621887207,5,30,False,0.010621493682265282,452.8574680021641,259.3260712859628,42.605328405828914,10.507188916875748,66.52211085200543,5,0.0,0.0,0.0,0.6,0.4,0.0,0.8,0.4,2.2,1.8,1.8,0.0,0.0,0.0,0.0,0.4,454.6,-84.73464497420335,0.002266016461817344,6.22869137045512e-05,0.001228160477921847,0.001287496200205851,0.0,1.091633251348867e-06,-0.0011884449210697312,-0.126953125,-0.0341796875,-0.1623212563383163,0.0011001428976000482,0.0012885878334571998,-0.1611328125,,,,,,,,,,,
87,178176,-0.0030207138198117415,32.72850017547607,3.130105209350586,0.0039034160694866094,0.04145757577692469,0.33047298739353814,0.2934192419052124,5.84360933303833,0.666015625,0.00020378496,0.006792832,-0.37460941076278687,0.6876283884048462,5,30,False,0.008325341157615185,454.09327579985404,262.06987216800917,43.101124590742984,10.610348831876763,66.52211085200543,3,0.0,0.3333333333333333,0.0,1.0,0.0,0.0,2.0,0.0,3.0,1.0,1.0,0.0,0.0,0.0,0.0,0.0,443.6666666666667,-90.57062979405252,0.0018128660808542918,2.3336147457278912e-05,0.0019036354044601467,0.0011376018222513107,5.015275181396994e-05,4.991988200586661e-07,-0.002255686955663805,-0.15625,-0.029296875,-0.1878025568977364,-6.743317614857597e-05,0.0011882537728853393,-0.185546875,,,,,,,,,,,
88,180224,-0.0029106263711582868,41.35592346191406,3.131490135192871,0.0035865768182096265,0.03288967092521489,0.3369159127275149,0.45620474219322205,6.199193954467773,0.7029622395833334,0.00020267904,0.006755967999999999,-0.3762815594673157,0.6864790916442871,5,30,False,0.005839956924319267,454.9685146931192,265.09979755198583,43.596033854584675,10.712448391874204,66.52211085200543,8,0.0,0.25,0.0,0.75,0.25,0.0,1.25,0.25,2.5,1.5,1.5,0.0,0.0,0.0,0.0,0.25,448.375,-86.9945587047605,0.0031318294346287523,5.3280003009145184e-05,0.0017378633554017142,0.0013627484896119313,9.861582163395925e-05,6.940040264139663e-06,-0.0010210583091065928,-0.17578125,-0.0634765625,-0.24027886614203453,0.0014472460822361833,0.0014683043515100302,-0.2392578125,,,,,,,,,,,
89,182272,-0.0038961542110579708,27.185121726989745,3.128411610921224,0.004317244386715298,0.05158212084788829,0.29853245516618093,0.4549242854118347,5.294119358062744,0.6953125,0.00020157311999999998,0.006719104,-0.37531980872154236,0.6871365308761597,5,30,False,0.008152393624186516,456.1052058193151,267.8525360798958,44.11761483058217,10.825812379873241,66.52211085200543,4,0.0,0.75,0.0,1.0,0.0,0.0,2.75,0.0,2.0,0.25,0.25,0.0,0.0,0.0,0.0,0.0,318.0,-82.8679797204436,0.001515495243523901,2.8263547618019233e-05,0.002112487674367003,0.0006769667988323937,0.00010987203767220954,2.056367748082266e-06,-0.0023576240719194175,-0.14892578125,-0.0390625,-0.1903459022662446,-0.0005687288832250826,0.0007888952042526855,-0.18798828125,,,,,,,,,,,
90,184320,-0.003326696661921839,40.022271728515626,3.1338809808095296,0.003519841499463496,0.03480465403214718,0.30552198936541874,-0.6147268414497375,6.3225789070129395,0.69775390625,0.00020046719999999998,0.006682239999999999,-0.3733136057853699,0.6885124444961548,5,30,False,0.006825678516179323,456.85460447635967,270.8264400008047,44.714488051482476,10.94929014587251,66.52211085200543,6,0.0,0.3333333333333333,0.0,0.8333333333333334,0.16666666666666666,0.0,1.6666666666666667,0.16666666666666666,2.5,1.0,1.0,0.0,0.0,0.0,0.16666666666666666,0.16666666666666666,435.0,-86.086164613799,0.0026840282296234363,2.9099584033877995e-05,0.002606121176995657,0.0011338971548334742,0.0,6.308737823701449e-06,-0.0020331992598130455,-0.20263671875,-0.05126953125,-0.2559394453835466,0.00010700663666165719,0.0011402058926571756,-0.25390625,,,,,,,,,,,
91,186368,-0.0037842399906367064,25.174945259094237,3.139006813367208,0.003998832939787474,0.043501221823195615,0.30605920354525246,0.7457357048988342,4.723772048950195,0.7086588541666666,0.00019936127999999997,0.006645376,-0.3720325827598572,0.6893982291221619,5,30,False,0.007454969920217991,458.41744148291417,273.1848230238975,45.23388690549473,11.056234585877974,66.52211085200543,2,0.0,0.0,0.0,1.0,0.0,0.0,0.5,0.0,1.0,2.5,2.5,0.0,0.0,0.0,0.0,0.0,360.5,-105.35225348295717,0.0016860503869153831,4.968573544406052e-05,0.0012556924412763237,0.001026618925462186,3.07617772692852e-05,1.4599217058597347e-06,-0.0015787969549592162,-0.126953125,-0.01953125,-0.14806316967781186,0.0004800436810831199,0.001058840624437331,-0.146484375,,,,,,,,,,,
92,188416,-0.0045405227496909594,32.30309238433838,3.140373158454895,0.004980036984785433,0.059937797766178844,0.3545376325647036,-0.7502774596214294,6.1302690505981445,0.6287434895833334,0.00019825536,0.006608512,-0.3724358081817627,0.6891130208969116,5,30,False,0.009997700341045856,459.81712615320913,275.74006571399514,45.69030262857268,11.155219897889765,66.52211085200543,4,0.0,0.25,0.0,0.75,0.25,0.0,1.5,0.25,2.25,1.0,1.0,0.0,0.0,0.0,0.25,0.25,484.5,-83.18318233168611,0.0018947442431542783,2.4210274261880188e-05,0.0009019177731754979,0.0007148923597757317,0.0,0.0,-0.0006978555978776058,-0.15625,-0.03173828125,-0.18868613158326752,0.0010170367442406604,0.0007148923597757317,-0.18798828125,,,,,,,,,,,
93,190464,-0.0028640168408552804,39.13254814147949,3.138936726252238,0.004356017846622014,0.05030272497485081,0.42690015633900963,0.36254990100860596,6.7676005363464355,0.5823567708333334,0.00019714944,0.006571647999999999,-0.372783362865448,0.6888819932937622,5,30,False,0.008250808343291283,461.1770523865296,278.26839855196886,46.168090353676234,11.258129739886499,66.52211085200543,6,0.0,0.0,0.0,0.5,0.5,0.0,1.0,0.5,2.0,1.5,1.5,0.0,0.0,0.0,0.0,0.5,523.1666666666666,-78.10228833863887,0.00187740192268393,1.2656679078291641e-05,0.0011561392788479452,0.0011864493259847453,0.0,0.0,-0.0014525300040020284,-0.13671875,-0.03662109375,-0.174792371589632,0.0007339193229142765,0.0011864493259847453,-0.17333984375,,,,,,,,,,,
94,192512,-0.0034201065155987937,31.798478889465333,3.1381117661794025,0.002710329157848533,0.02668854590350141,0.332412484784921,-0.678735613822937,5.479473114013672,0.6865234375,0.00019604352,0.006534784,-0.3729400634765625,0.6887835264205933,5,30,False,0.0056806826032698154,462.0459112855649,281.15783584893506,46.691362784738885,11.369350094886613,66.52211085200543,7,0.0,0.7142857142857143,0.0,0.8571428571428571,0.14285714285714285,0.0,2.4285714285714284,0.14285714285714285,3.0,0.42857142857142855,0.42857142857142855,0.0,0.0,0.0,0.0,0.14285714285714285,372.0,-79.61142274335738,0.003461584987690003,3.306376056022575e-05,0.002794225705201825,0.00015486277740417442,0.0,0.0,-0.0004544397654626664,-0.1806640625,-0.06103515625,-0.24215365494944763,0.0007004230430484037,0.00015486277740417442,-0.24169921875,,,,,,,,,,,
95,194560,-0.004912941693328321,44.47203254699707,3.1397046486536664,0.005598819942211738,0.06901776057978472,0.3725097661217054,-0.6040068864822388,6.324389457702637,0.7464192708333334,0.0001949376,0.006497919999999999,-0.3714466989040375,0.6898308992385864,5,30,False,0.012838875874876976,462.7114045337589,284.2050788940396,47.22975601772487,11.48718241287861,66.52211085200543,7,0.0,0.5714285714285714,0.0,1.0,0.0,0.0,2.4285714285714284,0.0,3.0,0.5714285714285714,0.5714285714285714,0.0,0.0,0.0,0.0,0.0,293.57142857142856,-86.12852429574039,0.003127481802039256,3.377666443860061e-05,0.0019234929739866402,0.001088356824906045,0.0,0.0,-0.0008505913369845075,-0.205078125,-0.068359375,-0.27428808424724593,0.0012377654924912163,0.001088356824906045,-0.2734375,,,,,,,,,,,
96,196608,-0.00315275089815259,56.226650619506835,3.1445475180943805,0.002868030651493281,0.027850072916286685,0.3036101828018824,-1.5867068767547607,7.586366653442383,0.70703125,0.00019383168,0.006461056,-0.3701459765434265,0.690746009349823,5,30,False,0.005411842372268438,463.66486771041707,287.11198646108096,47.65223213173158,11.594063576878398,66.52211085200543,6,0.0,0.5,0.0,1.0,0.0,0.0,1.8333333333333333,0.0,2.8333333333333335,1.0,1.0,0.0,0.0,0.0,0.16666666666666666,0.0,255.0,-90.7881092340261,0.002452983050261537,1.6937412655066222e-05,0.0013463416444778886,0.0012660941816201587,0.0,1.0396446944227478e-05,-0.001152911805434087,-0.26123046875,-0.05859375,-0.32097712750407936,0.0011235788184387144,0.0012764906285643862,-0.31982421875,,,,,,,,,,,
97,198656,-0.00449768106918782,46.94899978637695,3.149045777320862,0.0050499993953963375,0.06127423057332635,0.316545428832372,-0.4153834581375122,7.072372913360596,0.75732421875,0.00019272575999999998,0.0064241920000000004,-0.36808454990386963,0.6921963691711426,5,30,False,0.007785291410982609,464.44236225782333,290.0897660381306,48.14028664272337,11.701597852879786,66.52211085200543,7,0.0,0.7142857142857143,0.0,0.8571428571428571,0.14285714285714285,0.0,2.2857142857142856,0.14285714285714285,2.7142857142857144,0.5714285714285714,0.5714285714285714,0.0,0.0,0.0,0.0,0.14285714285714285,319.85714285714283,-80.91076944698868,0.0033182708866661415,6.158655799182178e-05,0.0023184490628977983,0.0002472711204880353,0.00016150652618196482,0.0,-0.0003473692653983562,-0.185546875,-0.06103515625,-0.24692939321056429,0.001061408381760165,0.00040877764667000013,-0.24658203125,,,,,,,,,,,
98,200704,-0.0041170915899177395,56.782645034790036,3.1550899187723798,0.003012805098914249,0.02848984954568247,0.2983360975980759,-0.27972760796546936,7.210615158081055,0.76806640625,0.00019161984,0.006387327999999999,-0.3664261996746063,0.6933593153953552,5,30,False,0.005348066333681345,465.1209339773238,293.0576990922127,48.70531211387424,11.814738383880467,66.52211085200543,6,0.0,0.16666666666666666,0.0,0.8333333333333334,0.16666666666666666,0.0,1.1666666666666667,0.16666666666666666,2.0,1.6666666666666667,1.6666666666666667,0.0,0.0,0.0,0.0,0.16666666666666666,365.8333333333333,-91.02187346480059,0.0028328430043984554,3.430632548223622e-05,0.0006119190863103086,0.0014457119696762444,0.00011057640117118073,0.0,-0.0003010581299918158,-0.205078125,-0.05126953125,-0.25664871415420976,0.002255230243570383,0.001556288370847425,-0.25634765625,60,0.0,0.0,2.35,0.016666666666666666,2.9,0.6333333333333333,0.6333333333333333,0.0,0.016666666666666666,0.016666666666666666
99,202752,-0.003362979623489082,41.05508155822754,3.1589889923731485,0.0031613223819185405,0.03255088520624364,0.3424450715382894,0.038953348994255066,6.389596939086914,0.7101236979166666,0.00019051392000000002,0.006350464,-0.3655988574028015,0.6939150094985962,5,30,False,0.007402914576232433,435.79117484207353,296.21602678799536,49.338711836826405,11.931357653869782,96.22254061201238,5,0.0,0.2,0.0,1.0,0.0,0.0,2.0,0.0,2.6,1.0,1.0,0.0,0.0,0.0,0.0,0.0,312.0,-89.98567664004221,0.0027988642978016287,2.620151706311802e-05,0.0012698148362915163,0.0011574524649242413,0.0,0.0,-0.000602201493109078,-0.185546875,-0.048828125,-0.23497719497459002,0.0015552509785732305,0.0011574524649242413,-0.234375,,,,,,,,,,,
100,204800,-0.003112122637685388,66.10383605957031,3.160444211959839,0.0018016438429297676,0.013890592722843091,0.32446285436550776,-0.46702200174331665,7.871501922607422,0.84375,0.00018940799999999999,0.006313599999999999,-0.36508020758628845,0.6942793130874634,5,30,False,0.0034973518922924995,436.38825743343995,299.39634660093,49.96442997783015,12.05243810886168,96.22254061201238,6,0.0,0.3333333333333333,0.0,1.0,0.0,0.0,1.3333333333333333,0.0,2.6666666666666665,1.6666666666666667,1.6666666666666667,0.0,0.0,0.0,0.0,0.0,386.8333333333333,-97.3657536453308,0.002728657695115544,4.513542299801332e-05,0.0014554571574478814,0.0013455887078510642,0.0,7.750689370311648e-07,-0.0010280278157779321,-0.1953125,-0.05859375,-0.25493427344588326,0.0013183359606656758,0.0013463637767880954,-0.25390625,,,,,,,,,,,
101,206848,-0.002059891897564133,58.0412181854248,3.1617377360661822,0.002462158570090791,0.014823185563242684,0.34787572373946507,-0.779009222984314,8.320737838745117,0.6744791666666666,0.00018830208,0.006276736,-0.36525481939315796,0.6941587328910828,5,30,False,0.004692642949521542,437.1274517012284,302.5537785529741,50.459449862726615,12.17974900486297,96.22254061201238,4,0.0,0.0,0.0,0.75,0.25,0.0,0.5,0.25,2.5,2.25,2.25,0.0,0.0,0.0,0.0,0.25,434.5,-94.31353849550078,0.0011756690253950097,5.387808824196022e-06,0.0017665739887888776,0.0014628757565961562,0.0,0.0,-0.0030483929133993115,-0.1953125,-0.03173828125,-0.2300991680361335,-0.000585517154569672,0.0014628757565961562,-0.22705078125,,,,,,,,,,,
102,208896,-0.003199152749342223,21.93865623474121,3.1591946999231975,0.002684477075068731,0.02825374766640986,0.316422172387441,1.0300804376602173,4.567933559417725,0.7552083333333334,0.00018719616,0.006239872,-0.3663349151611328,0.6933948397636414,5,30,False,0.005796364042907953,437.751823495922,305.7690096528968,51.02532284868357,12.287059668859001,96.22254061201238,3,0.0,0.3333333333333333,0.0,0.6666666666666666,0.3333333333333333,0.0,1.6666666666666667,0.3333333333333333,3.0,1.0,1.0,0.0,0.0,0.0,0.0,0.3333333333333333,497.6666666666667,-79.10624043654389,0.002232277767017621,2.801600095723826e-05,0.001563664279274235,0.0008761545474664373,1.0523980202008232e-05,2.775070413463254e-07,-0.0011903265693717913,-0.107421875,-0.02197265625,-0.13058485465933245,0.0006966294887006241,0.0008869560347097918,-0.12939453125,,,,,,,,,,,
103,210944,-0.004680266790091992,33.30038681030273,3.1567393859227497,0.004099230418527528,0.0471768620579193,0.3559950316945712,-0.29540735483169556,5.586158275604248,0.7018229166666666,0.00018609024,0.0062030079999999994,-0.3669520318508148,0.6929678320884705,5,30,False,0.009504479356110096,438.3427764648068,308.8671406717476,51.700011509645265,12.412334573862609,96.22254061201238,6,0.0,0.16666666666666666,0.0,0.6666666666666666,0.3333333333333333,0.0,0.8333333333333334,0.3333333333333333,3.0,1.8333333333333333,1.8333333333333333,0.0,0.0,0.0,0.0,0.3333333333333333,460.5,-87.66932673581807,0.0026806063297915017,3.6376712728568295e-05,0.0009251046983536071,0.001826594722945142,0.0,0.0,-0.0010347163955373162,-0.1708984375,-0.0439453125,-0.21587846155364332,0.001791878344166463,0.001826594722945142,-0.21484375,,,,,,,,,,,
104,212992,-0.00282294360610346,73.54839706420898,3.157066758473714,0.0035306771311177376,0.03476117087993771,0.30932845175266266,-1.7457998991012573,8.421528816223145,0.8128255208333334,0.00018498431999999998,0.006166144,-0.3656727075576782,0.6938616037368774,5,30,False,0.006487683858722448,438.97389073772075,311.93838864171994,52.32088997979008,12.559481795862666,96.22254061201238,7,0.0,0.5714285714285714,0.0,0.8571428571428571,0.14285714285714285,0.0,1.8571428571428572,0.14285714285714285,2.4285714285714284,1.0,1.0,0.0,0.0,0.0,0.0,0.14285714285714285,313.42857142857144,-84.96974561649846,0.0029343432897803723,3.761458923342518e-05,0.0010935400475043378,0.0010035222470348298,0.0,0.0,-0.00012510441865742905,-0.2392578125,-0.06103515625,-0.30041807334907844,0.0018784178315094597,0.0010035222470348298,-0.30029296875,,,,,,,,,,,
105,215040,-0.004980875986317793,24.310050582885744,3.1631412267684937,0.004454906457159572,0.05348050574151178,0.32688319285710654,0.582281231880188,5.073485851287842,0.6355794270833334,0.00018387839999999998,0.006129279999999999,-0.3634271025657654,0.6954216361045837,5,30,False,0.007873721420764923,440.1752450872219,314.3896553826344,52.959531773565686,12.682616459875135,96.22254061201238,3,0.0,0.3333333333333333,0.0,0.3333333333333333,0.6666666666666666,0.0,1.3333333333333333,0.6666666666666666,2.3333333333333335,1.0,1.0,0.0,0.0,0.0,0.0,0.6666666666666666,503.3333333333333,-67.07874042901192,0.0014248413544604155,4.0314921581188594e-05,0.0005874319099703484,0.00107485211498215,1.5153067839390744e-06,0.0,-0.0011986430672550341,-0.09765625,-0.0146484375,-0.11350332438263422,0.0008777243660712556,0.001076367421766089,-0.1123046875,,,,,,,,,,,
106,217088,-0.0038336200659008076,27.453925323486327,3.168869201342265,0.004185611906394844,0.04490118177297215,0.33837028990189233,0.35540083050727844,5.481231689453125,0.64794921875,0.00018277248,0.006092416,-0.36205756664276123,0.6963715553283691,5,30,False,0.008610814809799194,440.99648001834703,317.3352825314796,53.51820867646893,12.799527580864378,96.22254061201238,4,0.0,0.0,0.0,0.25,0.75,0.0,1.0,1.0,2.5,1.0,1.0,0.0,0.0,0.0,0.0,0.75,562.5,-59.46856635293261,0.0024214203006280854,1.5278775750075476e-05,0.0011526648223423308,0.0007493571642969493,0.00010359614018091092,0.0,-0.000568919056888717,-0.107421875,-0.01708984375,-0.12508063937667657,0.00128403425403583,0.0008529533044778602,-0.12451171875,,,,,,,,,,,
107,219136,-0.004407090480284145,30.48743782043457,3.1709349314371744,0.0046540778108492276,0.0555525789813449,0.3066542426745097,0.1514652818441391,5.9036054611206055,0.6886393229166666,0.00018166656000000002,0.006055552,-0.36190056800842285,0.6964888572692871,5,30,False,0.010402719490230083,442.0846752957198,320.02143295244605,54.03481136748451,12.907133685861481,96.22254061201238,4,0.0,0.5,0.0,0.75,0.25,0.0,2.0,0.25,2.5,0.75,0.75,0.0,0.0,0.0,0.0,0.25,378.0,-78.92938358784886,0.0019832289392724967,3.037743815559324e-05,0.001716968693472154,0.0007146199722013191,5.553290565951663e-06,5.4419810879835495e-08,-0.001423589978230666,-0.107421875,-0.03173828125,-0.1405837429380199,0.0002966376839559359,0.0007202276825781506,-0.13916015625,,,,,,,,,,,
108,221184,-0.0035612959380766068,58.06403770446777,3.1701978047688804,0.0034882622938442742,0.03528748524064819,0.3329305251439412,-1.1848224401474,7.313223838806152,0.77978515625,0.00018056064,0.0060186879999999995,-0.3627448081970215,0.6958954334259033,5,30,False,0.007110973354429007,442.87188246570435,322.93809530358703,54.62677985453047,13.019190290870029,96.22254061201238,6,0.0,0.16666666666666666,0.0,0.6666666666666666,0.3333333333333333,0.0,1.5,0.3333333333333333,1.6666666666666667,1.1666666666666667,1.1666666666666667,0.0,0.0,0.0,0.0,0.3333333333333333,419.1666666666667,-80.53301655492851,0.002492240550353575,6.108513655622705e-05,0.0014578152814692658,0.0015123962995780005,6.180686014789494e-05,0.0,-0.0014786927349632606,-0.2001953125,-0.0439453125,-0.24561931245671076,0.0010955104054405362,0.0015742031597258954,-0.244140625,,,,,,,,,,,
109,223232,-0.004061363598157186,42.54506492614746,3.1683489084243774,0.003443990962787813,0.03410680806264281,0.3609430650870005,-0.5395419001579285,6.517267227172852,0.6632486979166666,0.00017945472,0.005981823999999999,-0.3625659644603729,0.6960167288780212,5,30,False,0.006775976624339819,443.75189090509485,325.7489959204104,55.207195768423844,13.140681834876887,96.22254061201238,5,0.0,0.0,0.0,0.6,0.4,0.0,0.4,0.4,1.4,2.2,2.2,0.0,0.0,0.0,0.0,0.4,467.2,-88.83183948078076,0.0024211623868950483,2.4235957488100146e-05,0.0005802040033362488,0.0017811488969898814,1.774032380775191e-05,0.0,-0.0009336948555187519,-0.1513671875,-0.0341796875,-0.18648056718211592,0.0018651943410468996,0.0017988892207976333,-0.185546875,,,,,,,,,,,
110,225280,-0.0035013915718688318,44.02966499328613,3.171393394470215,0.003436253414714485,0.03395453674408297,0.3125813523928324,-0.6656615138053894,6.559030055999756,0.7379557291666666,0.0001783488,0.00594496,-0.3607862889766693,0.6972553133964539,5,30,False,0.007068984676152468,444.374776638515,328.88966857941705,55.71438094836776,13.285672323865583,96.22254061201238,4,0.0,0.25,0.0,0.75,0.25,0.0,1.25,0.25,2.0,1.5,1.5,0.0,0.0,0.0,0.0,0.25,456.25,-86.5627070302071,0.0017266687946175807,2.3263494645320293e-05,0.0014119639488399116,0.001229615501842602,1.3477214329871146e-05,2.929345445323861e-06,-0.0019080537445006485,-0.17578125,-0.03173828125,-0.20942758015235086,0.0003379683404229894,0.001246022061617797,-0.20751953125,,,,,,,,,,,
111,227328,-0.004015802041006585,47.09230346679688,3.1783014218012493,0.005208325933017477,0.06443889780590932,0.2912151133020719,-0.12496348470449448,6.356653213500977,0.7916666666666666,0.00017724288,0.005908096,-0.3581121563911438,0.6990990042686462,5,30,False,0.009165884926915169,444.611642587248,332.4927210693131,56.17097080234089,13.438481283868896,96.22254061201238,7,0.0,0.42857142857142855,0.0,0.8571428571428571,0.14285714285714285,0.0,1.5714285714285714,0.14285714285714285,2.857142857142857,1.1428571428571428,1.1428571428571428,0.0,0.0,0.0,0.14285714285714285,0.14285714285714285,367.2857142857143,-87.50960872901945,0.003156133480842982,6.354212108306001e-05,0.0013786168768774587,0.0010014556053413379,9.893610786315676e-05,8.624534372891901e-06,-0.0002679575434854087,-0.14892578125,-0.06103515625,-0.2102288935022898,0.0018410587250485833,0.0011090162475773865,-0.2099609375,,,,,,,,,,,
112,229376,-0.001928951758115242,61.013085174560544,3.1847366730372113,0.0021917242188174276,0.017346746078692375,0.31670103122790655,-1.3651173114776611,7.390817165374756,0.8074544270833334,0.00017613696,0.005871232,-0.356701135635376,0.7000778913497925,5,30,False,0.003944610711187124,445.0165467077127,335.975894403382,56.60384251239884,13.550685375870671,96.22254061201238,4,0.0,0.5,0.0,1.0,0.0,0.0,1.75,0.0,3.0,1.25,1.25,0.0,0.0,0.0,0.0,0.0,330.75,-93.01023839564914,0.0017924405415215006,4.5919212871281534e-05,0.0012693022456886638,0.0016235367861793526,0.0,0.0,-0.0020544792678265367,-0.2490234375,-0.0390625,-0.2901404112557202,0.0005690575087041183,0.0016235367861793526,-0.2880859375,,,,,,,,,,,
113,231424,-0.0028477309100708227,25.638279914855957,3.1867565313975015,0.0027384187047420393,0.026150067371781917,0.3107403929034869,0.6747612357139587,4.228660583496094,0.7604166666666666,0.00017503104,0.0058343679999999995,-0.356599897146225,0.7001476287841797,5,30,False,0.005710316356271505,445.61703612520193,339.27480358349567,56.98810877563665,13.664231021874002,96.22254061201238,5,0.0,0.2,0.0,1.0,0.0,0.0,1.0,0.0,3.0,2.0,2.0,0.0,0.0,0.0,0.0,0.0,476.6,-100.90603021970237,0.002447849769396271,3.5334254239585694e-05,0.0011152035569352847,0.0015892845954041945,0.0,0.0,-0.0012213041365498611,-0.1220703125,-0.048828125,-0.17211974344951386,0.0013679804667005718,0.0015892845954041945,-0.1708984375,,,,,,,,,,,
114,233472,-0.00434565896090741,49.53903312683106,3.188081240653992,0.0044642411294560196,0.0517346689128317,0.3174336483081182,-0.9131828546524048,6.593222141265869,0.7986653645833334,0.00017392512,0.005797503999999999,-0.35585761070251465,0.700660228729248,5,30,False,0.007541446015238762,446.0332319562517,342.7306442884001,57.40967726659437,13.78407593787415,96.22254061201238,5,0.0,0.0,0.0,0.8,0.2,0.0,1.2,0.2,2.6,1.6,1.6,0.0,0.0,0.0,0.0,0.2,390.2,-89.19764089038472,0.0029696545678916664,4.377794062976337e-05,0.00060820332450362,0.001338831190007439,9.896875152389743e-05,7.86045187517459e-06,-4.043123692554218e-05,-0.2197265625,-0.04150390625,-0.26127089309670737,0.0024052291840178097,0.001445660393406511,-0.26123046875,,,,,,,,,,,
115,235520,-0.0053488709013132995,52.36078300476074,3.1893241882324217,0.004671434282042359,0.05278926647345846,0.31083633601665495,-1.1296249628067017,6.513147354125977,0.7156575520833334,0.0001728192,0.005760639999999999,-0.3560200333595276,0.7005609273910522,5,30,False,0.008742688223719597,446.78540151621434,345.8190251282358,57.80201014254999,13.89631342687062,96.22254061201238,7,0.0,0.0,0.0,1.0,0.0,0.0,0.8571428571428571,0.0,2.4285714285714284,1.8571428571428572,1.8571428571428572,0.0,0.0,0.0,0.2857142857142857,0.0,383.14285714285717,-100.24315797858746,0.002576057596343162,3.5019085189685883e-05,0.0005770434330401031,0.0018110436603109292,0.0,0.0,-0.0007770104115820686,-0.2392578125,-0.068359375,-0.30839418980951905,0.002034033248492745,0.0018110436603109292,-0.3076171875,,,,,,,,,,,
116,237568,-0.003495442649970452,42.61802864074707,3.1889779806137084,0.003349086140299895,0.030823996585483352,0.33198899229367573,-0.23534710705280304,5.899765968322754,0.72705078125,0.00017171328,0.005723776,-0.3556172549724579,0.7008553743362427,5,30,False,0.0050462777726352215,447.9844660700852,348.3835245513619,58.179104605456814,14.021060401864816,96.22254061201238,5,0.0,0.0,0.0,1.0,0.0,0.0,1.2,0.0,2.2,1.8,1.8,0.0,0.0,0.0,0.0,0.0,416.6,-98.22454948618542,0.0020312831081704674,3.122124699070593e-05,0.0006329561990876809,0.0013909903389990527,2.2572633302797573e-06,0.0,-0.0009636994525408227,-0.166015625,-0.048828125,-0.21580744531934215,0.0014295481560734923,0.0013932476023293325,-0.21484375,,,,,,,,,,,
117,239616,-0.0037224473970127294,61.41736106872558,3.191938344637553,0.004057715587534975,0.043288445321377364,0.32857431372006735,-0.5726048350334167,7.746233940124512,0.8082682291666666,0.00017060736,0.005686912,-0.3541721701622009,0.7018746733665466,5,30,False,0.008760184980928898,448.9508394463638,351.22994277230464,58.529413953539915,14.15141056686116,96.22254061201238,6,0.0,0.5,0.16666666666666666,0.8333333333333334,0.0,0.0,2.0,0.5,2.1666666666666665,0.5,0.5,0.0,0.0,0.0,0.0,0.0,239.66666666666666,-71.3380359032886,0.0034404170241941756,2.5038477433760725e-05,0.0007209863297390484,0.001085578682932374,0.0,1.698242062531108e-07,0.0006587206682411306,-0.21484375,-0.048828125,-0.2630131439519232,0.002744469171888888,0.0010857485071386272,-0.263671875,,,,,,,,,,,
118,241664,-0.004342126753181219,37.08962554931641,3.197127930323283,0.00452718932923014,0.05274373119076093,0.27961365977923075,0.030221696943044662,5.865026950836182,0.7882486979166666,0.00016950144,0.0056500479999999995,-0.35213571786880493,0.7032811045646667,5,30,False,0.00771716283634305,449.85589612360997,354.0600573293341,58.95273402458406,14.277220297852182,96.22254061201238,7,0.0,0.42857142857142855,0.14285714285714285,0.8571428571428571,0.0,0.0,1.8571428571428572,0.14285714285714285,2.2857142857142856,0.8571428571428571,0.8571428571428571,0.0,0.0,0.0,0.14285714285714285,0.0,361.14285714285717,-84.01755200521231,0.003419969427795877,7.786271449100601e-05,0.0018283337490174745,0.0014492920599561976,0.0,1.290338184500861e-05,-0.0007926970680500744,-0.18310546875,-0.05859375,-0.24249191601097664,0.0016694983932694085,0.0014621954418012062,-0.24169921875,,,,,,,,,,,
119,243712,-0.002448387769497155,42.238955688476565,3.2026501417160036,0.0026874521465411797,0.021912229433655738,0.30351865688959756,-0.4907017946243286,6.568134784698486,0.8271484375,0.00016839551999999999,0.005613183999999999,-0.3508670926094055,0.7041515707969666,5,30,False,0.0061705526895821095,450.8254836140494,356.7605836085568,59.41434336960083,14.409681907854974,96.22254061201238,2,0.0,0.0,0.0,1.0,0.0,0.0,0.0,0.0,1.0,3.0,3.0,0.0,0.0,0.0,0.0,0.0,346.5,-110.61124647092947,0.0013586875234090634,2.646580788487514e-05,0.0007482426829596989,0.0013574577929360565,5.7997512727461786e-05,5.385639827437672e-07,-0.001779083246447044,-0.1953125,-0.01953125,-0.21662283163311713,0.0006369106483342397,0.001415993869646262,-0.21484375,,,,,,,,,,,
120,245760,-0.005304476622404764,56.68638572692871,3.2050888935724893,0.005641861609673904,0.07114408830335985,0.33805267363786695,-0.7788615226745605,7.121325969696045,0.6980794270833334,0.0001672896,0.005576319999999999,-0.35021936893463135,0.7046070098876953,5,30,False,0.011094192042946815,451.7206529939945,359.509362717552,59.89436398851103,14.534220196859678,96.22254061201238,10,0.0,0.2,0.0,0.9,0.1,0.0,1.4,0.1,2.4,1.5,1.5,0.0,0.0,0.0,0.0,0.1,387.1,-91.72608840614558,0.0037500333028219757,3.405611781961688e-05,0.0007967606128147509,0.0015137522412373983,0.00019226308215264734,0.0,0.00028131353587923513,-0.2197265625,-0.09033203125,-0.30977727838740066,0.002987328807826842,0.0017060153233900456,-0.31005859375,,,,,,,,,,,
121,247808,-0.003673501350567676,54.25415878295898,3.2077234665552776,0.004433387006543481,0.049823417603814354,0.2932494839032491,-0.7590605020523071,7.010788917541504,0.8343098958333334,0.00016618368,0.005539456,-0.34915587306022644,0.7053565382957458,5,30,False,0.007249895017594099,452.17201610086386,362.7543143934454,60.39780072533176,14.671424660860794,96.22254061201238,4,0.0,0.5,0.0,1.0,0.0,0.0,1.75,0.0,2.0,1.25,1.25,0.0,0.0,0.0,0.0,0.0,267.25,-92.4592084703454,0.002188954859391856,6.682946431161782e-05,0.0005966522759024429,0.0012741706108203524,4.113539215887252e-07,8.663661891263053e-07,-0.0006163163009773598,-0.2001953125,-0.0390625,-0.23987411875697262,0.0016591320478010312,0.0012754483309310675,-0.2392578125,,,,,,,,,,,
122,249856,-0.0024845636837805313,53.9230239868164,3.2104554414749145,0.002278669279789308,0.019644510404517253,0.3460444211959839,-0.7370712757110596,7.50051212310791,0.6360677083333334,0.00016507776,0.005502592,-0.34852394461631775,0.7057954668998718,5,30,False,0.0060396878980100155,452.61598734156036,365.9728589194565,60.921133477415424,14.80247743986547,96.22254061201238,7,0.0,0.2857142857142857,0.0,0.7142857142857143,0.2857142857142857,0.0,1.4285714285714286,0.2857142857142857,2.7142857142857144,1.2857142857142858,1.2857142857142858,0.0,0.0,0.0,0.0,0.2857142857142857,387.85714285714283,-82.91603531360253,0.0024637003713507966,1.578210624076325e-05,0.0006473480511317575,0.0010076772986326692,1.0138763900657821e-06,1.204636776108714e-06,-0.00017776141709191506,-0.1904296875,-0.0537109375,-0.2443183770024575,0.0018321344264598024,0.0010098958117988437,-0.244140625,,,,,,,,,,,
123,251904,-0.0044457500907204425,30.38293399810791,3.2121999979019167,0.004550418141257889,0.05221523951816683,0.3015732362866402,0.2609945237636566,5.448049068450928,0.8059895833333334,0.00016397183999999998,0.0054657279999999996,-0.34778302907943726,0.7063210010528564,5,30,False,0.008968932554125786,452.87065385683513,369.4085958823416,61.453210643463535,14.941859202866908,96.22254061201238,3,0.0,0.3333333333333333,0.0,0.6666666666666666,0.3333333333333333,0.0,1.3333333333333333,0.3333333333333333,3.0,1.3333333333333333,1.3333333333333333,0.0,0.0,0.0,0.0,0.3333333333333333,375.3333333333333,-81.98714588459795,0.002021136486956676,5.3144178491691674e-05,0.0010387329250249877,0.0015429353502545151,2.3023100269303765e-07,2.7498396892866594e-09,-0.0015076205834247958,-0.1416015625,-0.02197265625,-0.1650818404250458,0.00103554774042338,0.0015431683310968974,-0.16357421875,,,,,,,,,,,
124,253952,-0.003037773600469033,50.24940872192383,3.217621382077535,0.004163501316967692,0.04616267938787739,0.31710577805837,-0.46605488657951355,7.814560413360596,0.6446940104166666,0.00016286592,0.005428863999999999,-0.34463128447532654,0.7085484266281128,5,30,False,0.007696612272411585,453.5072856431986,372.42872410835116,61.93391952465754,15.061767138860887,96.22254061201238,3,0.0,0.0,0.0,0.6666666666666666,0.3333333333333333,0.0,0.6666666666666666,0.3333333333333333,2.3333333333333335,2.0,2.0,0.0,0.0,0.0,0.0,0.3333333333333333,459.0,-89.50855303814267,0.0017288137862578878,2.6865546451780575e-05,0.0011937491428284375,0.0024570008292243983,4.5484302067411164e-05,0.0,-0.002940554933047679,-0.15625,-0.02197265625,-0.1811632118055968,0.000561930189881231,0.0025024851312918095,-0.17822265625,,,,,,,,,,,
125,256000,-0.0037272918464926383,33.37987174987793,3.2249271551767986,0.004337296965670848,0.04678364725162586,0.34148127734661105,-0.34020018577575684,5.852484703063965,0.6922200520833334,0.00016176,0.005391999999999999,-0.34399184584617615,0.7090031504631042,5,30,False,0.00937573704868555,453.8262645716812,375.811894367449,62.424903307604836,15.180716667862725,96.22254061201238,8,0.0,0.5,0.0,0.625,0.375,0.0,1.75,0.5,2.75,0.75,0.75,0.0,0.0,0.0,0.0,0.375,420.625,-72.46566874425207,0.003353472291507842,4.3993967054038394e-05,0.001971181233329844,0.000485821471640252,2.756429907139384e-05,1.7542426622441099e-07,-8.727616841497365e-05,-0.1513671875,-0.05615234375,-0.20760680311377655,0.0014262850252320363,0.0005135611949778703,-0.20751953125,,,,,,,,,,,
126,258048,-0.002754899319067287,48.69035720825195,3.2246795733769735,0.0029231448665962543,0.025381483413123837,0.316082247098287,-1.673383355140686,6.718716621398926,0.7439778645833334,0.00016065408,0.005355136,-0.3439624309539795,0.7090355753898621,5,30,False,0.005496606696397066,454.3178585486276,378.9959097913961,62.89221028261818,15.302956372863264,96.22254061201238,7,0.0,0.7142857142857143,0.0,1.0,0.0,0.0,2.5714285714285716,0.0,2.4285714285714284,0.42857142857142855,0.42857142857142855,0.0,0.0,0.0,0.0,0.0,290.0,-84.57272865134188,0.0024671634416790766,3.292550167384618e-05,0.0017198500246422554,0.0010172964674228235,0.0,1.342820254990329e-08,-0.0012370709704327965,-0.2392578125,-0.068359375,-0.30885425960047996,0.0007802389187106674,0.0010173098956253734,-0.3076171875,,,,,,,,,,,
127,260096,-0.004184366401750595,31.14615821838379,3.2240686416625977,0.0033366268788872,0.03287187861278653,0.31435029755036037,-1.2225862741470337,5.903238773345947,0.6193033854166666,0.00015954816,0.005318272,-0.34479618072509766,0.7084566354751587,5,30,False,0.006159142591059208,454.9129418342955,381.99295129634265,63.390306959627196,15.449006423863466,96.22254061201238,4,0.0,0.5,0.0,0.75,0.25,0.0,2.0,0.25,3.0,0.75,0.75,0.0,0.0,0.0,0.0,0.25,414.5,-79.45569342590386,0.0025622943496728112,4.4219443913976614e-05,0.0025673759921573946,0.0005107031411017982,1.2475173016834873e-07,1.1375291084966127e-06,-0.0014728276319715405,-0.1513671875,-0.03173828125,-0.18457829718619223,3.913780142939319e-05,0.0005119654219404631,-0.18310546875,,,,,,,,,,,
128,262144,-0.0034067190252244474,24.63325595855713,3.221932355562846,0.004314638869190216,0.04781470118323341,0.313032894829909,-0.41771313548088074,4.527656555175781,0.7555338541666666,0.00015844224,0.005281408,-0.3449037969112396,0.708389401435852,5,30,False,0.007536866702139378,455.1375112534126,385.5087670652865,63.854571619594935,15.574508541860268,96.22254061201238,5,0.0,0.8,0.0,0.8,0.2,0.0,2.8,0.2,2.6,0.0,0.0,0.0,0.0,0.0,0.0,0.2,414.0,-73.3499434852798,0.0028390234749622323,5.6003690319883503e-05,0.0014402495768308654,0.00022705891910362874,2.19674735389766e-05,9.59489505025779e-06,0.00019615629344116314,-0.11474609375,-0.04150390625,-0.15605384296782177,0.0014547775884512504,0.00025862128769286313,-0.15625,,,,,,,,,,,
129,264192,-0.003211100263676296,59.5992244720459,3.222500546773275,0.0033337507612526424,0.0316149627789855,0.33494531909624736,-1.5444896221160889,7.384563446044922,0.6990559895833334,0.00015733632000000002,0.005244544,-0.3445950448513031,0.708631694316864,5,30,False,0.005934478715062141,455.35240089011864,389.00206856439763,64.31376498157624,15.721627313861973,96.22254061201238,7,0.0,0.7142857142857143,0.0,1.0,0.0,0.0,2.4285714285714284,0.0,3.0,0.5714285714285714,0.5714285714285714,0.0,0.0,0.0,0.0,0.0,291.7142857142857,-85.82475493770082,0.0025098806821883812,2.2183646662205826e-05,0.0018296004625426576,0.001139241941118252,8.930496255101146e-05,0.0,-0.0015260830333545528,-0.2099609375,-0.068359375,-0.27984639770045305,0.0007024638663079294,0.0012285469036692634,-0.2783203125,,,,,,,,,,,
130,266240,-0.0032201852765865622,52.55413970947266,3.224235693613688,0.0037563978027689627,0.04053036738187075,0.29299847135941187,-0.82429039478302,7.175050258636475,0.78125,0.00015623040000000001,0.00520768,-0.3435964286327362,0.7093513011932373,5,30,False,0.007401555310934782,455.65506668600443,392.35753336554626,64.79269344048225,15.85769921085739,96.22254061201238,6,0.0,0.3333333333333333,0.0,0.8333333333333334,0.16666666666666666,0.0,1.6666666666666667,0.16666666666666666,2.1666666666666665,1.0,1.0,0.0,0.0,0.0,0.16666666666666666,0.16666666666666666,406.1666666666667,-85.2980802333841,0.003140305311717384,4.420733159660184e-05,0.001541520697173837,0.0008790921804580076,0.0,0.0,-0.00023610025709785987,-0.1904296875,-0.05126953125,-0.24193531694447756,0.0016429919461401488,0.0008790921804580076,-0.24169921875,,,,,,,,,,,
131,268288,-0.003427546627547902,50.54390907287598,3.2263931115468343,0.003824085008832782,0.039898955007083715,0.3166637053092321,-0.6937041282653809,7.141408443450928,0.7740885416666666,0.00015512447999999998,0.005170815999999999,-0.3435603082180023,0.7093669176101685,5,30,False,0.006774519570171833,455.7829775285512,395.9465944165713,65.26353325344098,15.997744828855502,96.22254061201238,7,0.0,0.7142857142857143,0.0,0.8571428571428571,0.14285714285714285,0.0,2.142857142857143,0.2857142857142857,2.4285714285714284,0.5714285714285714,0.5714285714285714,0.0,0.0,0.0,0.0,0.14285714285714285,277.85714285714283,-78.1619848837246,0.003000292499564239,2.6561464901812826e-05,0.0014266213812561546,0.0018477406985226708,2.3390600932364503e-05,0.0,-0.0012708987391079063,-0.2197265625,-0.06103515625,-0.28203261271414704,0.001600232583209897,0.0018711312994550353,-0.28076171875,,,,,,,,,,,
132,270336,-0.0023674699555461605,42.04630012512207,3.2252134720484418,0.002895116799936433,0.028280410698304573,0.35167777836322783,-0.3852963149547577,6.426368713378906,0.6673177083333334,0.00015401856,0.005133951999999999,-0.34425875544548035,0.7088808417320251,5,30,False,0.005771941971033812,455.5307722231297,399.77872601745185,65.80098343355348,16.315312369857565,96.22254061201238,6,0.0,0.3333333333333333,0.0,1.0,0.0,0.0,1.8333333333333333,0.0,2.6666666666666665,1.1666666666666667,1.1666666666666667,0.0,0.0,0.0,0.0,0.0,322.6666666666667,-91.94873874084078,0.002521809847564782,3.949672744241184e-05,0.0017768572445220343,0.0007365817163307239,4.063585061536701e-05,1.031977170118381e-05,-0.0010030879873852427,-0.21240234375,-0.05859375,-0.27199918326169836,0.0007844493304851596,0.0007875373386472748,-0.27099609375,,,,,,,,,,,
133,272384,-0.0027853074250742795,55.8056941986084,3.2240745703379314,0.003185261399070399,0.027794866062079867,0.3032936414082845,-1.2998195886611938,7.010077953338623,0.7854817708333334,0.00015291264,0.005097088,-0.3441389203071594,0.7089771628379822,5,30,False,0.0057643442414700985,454.37732362186307,404.22084749538044,66.90851103873865,16.642874637866043,96.22254061201238,9,0.0,0.6666666666666666,0.0,0.8888888888888888,0.1111111111111111,0.0,2.5555555555555554,0.1111111111111111,2.7777777777777777,0.3333333333333333,0.3333333333333333,0.0,0.0,0.0,0.0,0.1111111111111111,274.8888888888889,-79.45533427786985,0.004118450515306904,3.930863750523095e-05,0.0018044567082142748,0.0006322386244174108,9.592670506424796e-07,0.0,0.0007201045523288485,-0.244140625,-0.08056640625,-0.3239869264855315,0.00235330244459786,0.0006331978914680533,-0.32470703125,,,,,,,,,,,
134,274432,-0.0026215689916474125,29.135742378234863,3.2245286544164022,0.0030480098907672854,0.02947284481100117,0.2938733105858167,-0.3040100038051605,5.085538864135742,0.7237955729166666,0.00015180671999999999,0.0050602239999999995,-0.3442445695400238,0.7089130878448486,5,30,False,0.006046439986675978,453.6898378701628,408.16051818145206,68.10166196459613,16.801241515859147,96.22254061201238,4,0.0,0.5,0.0,1.0,0.0,0.0,2.0,0.0,2.25,0.75,0.75,0.0,0.0,0.0,0.25,0.0,416.5,-88.99072953074574,0.002093816911480584,2.1168561801898633e-05,0.0021230257530930885,0.0010365416402251526,0.0,0.0,-0.002044581935365386,-0.15625,-0.0390625,-0.19735708133714525,-8.040279810606066e-06,0.0010365416402251526,-0.1953125,,,,,,,,,,,
135,276480,-0.003769648269129296,36.91855812072754,3.22359033425649,0.002977410958288832,0.027741879837897918,0.2940019940336545,0.40370795130729675,5.920814037322998,0.7941080729166666,0.0001507008,0.005023359999999999,-0.34441086649894714,0.7088088989257812,5,30,False,0.00549990264698863,453.6877522877066,411.9161737834511,68.53942640345485,16.99908335285727,96.22254061201238,6,0.0,0.6666666666666666,0.0,1.0,0.0,0.0,2.3333333333333335,0.0,3.0,0.6666666666666666,0.6666666666666666,0.0,0.0,0.0,0.0,0.0,285.5,-86.9884998595174,0.0028865371296404874,6.188400345478497e-05,0.0012594822010214557,0.0012859625178527623,1.9108713413784585e-06,8.820709918033742e-08,-0.000599022677334915,-0.166015625,-0.05859375,-0.22520839702499984,0.0016889389320738166,0.0012879615962933212,-0.224609375,,,,,,,,,,,
136,278528,-0.0031087466011134285,24.880768966674804,3.2250390450159707,0.0029040155679233015,0.024812719660500686,0.2919909576574961,0.7942876219749451,4.707573890686035,0.7174479166666666,0.00014959488,0.004986496,-0.3431813716888428,0.7097116708755493,5,30,False,0.004913683515042067,453.1939817109485,416.2214036555961,69.12457790649205,17.155250889845775,96.22254061201238,4,0.0,0.0,0.0,0.5,0.5,0.0,1.25,0.75,2.5,1.0,1.0,0.0,0.0,0.0,0.0,0.5,500.75,-68.59750726233688,0.002006216143513484,4.284075049410495e-05,0.001455591541684953,0.0013741921792949086,0.00011521326934079302,2.9273196782142463e-06,-0.0018988674175943743,-0.1220703125,-0.0244140625,-0.1483832392492559,0.000593465352322636,0.0014923327683139158,-0.146484375,,,,,,,,,,,
137,280576,-0.002514171520791327,44.23756446838379,3.228773323694865,0.002549846645884342,0.021755310202327866,0.3288623824715614,-0.5997233390808105,6.738741874694824,0.7215169270833334,0.00014848896000000002,0.004949632,-0.34229740500450134,0.710364818572998,5,30,False,0.006243780255317688,453.34963985845764,419.76100705158024,69.61034866159025,17.30616991383431,96.22254061201238,5,0.0,0.2,0.0,0.6,0.4,0.0,1.6,0.6,3.0,0.8,0.8,0.0,0.0,0.0,0.0,0.4,433.2,-70.70043613639282,0.002790925510453235,3.752900847636947e-05,0.001619832414519351,0.001476958796922355,4.0156880294736803e-07,2.7935169918183456e-06,-0.0012715317930656056,-0.1708984375,-0.0341796875,-0.20634965742038958,0.0012086221044102534,0.0014801538827171206,-0.205078125,,,,,,,,,,,
138,282624,-0.004754380664477745,37.369181632995605,3.230647015571594,0.004969766045959954,0.05913198561174795,0.31869478672742846,-0.4247470498085022,5.81887149810791,0.7062174479166666,0.00014738304,0.004912768,-0.341839075088501,0.7106926441192627,5,30,False,0.008875146508216858,439.7638523087921,424.1699782514479,88.31901161072892,17.767249425829505,96.22254061201238,7,0.0,0.42857142857142855,0.14285714285714285,0.7142857142857143,0.14285714285714285,0.0,1.5714285714285714,0.42857142857142855,1.7142857142857142,0.8571428571428571,0.8571428571428571,0.0,0.0,0.0,0.14285714285714285,0.14285714285714285,379.42857142857144,-76.2340991767061,0.00279018799453179,5.981510342480405e-05,0.0023760949243296636,0.0008421053101193392,8.166888776750536e-06,1.3584550288103792e-05,-0.0013899485911679221,-0.15869140625,-0.05126953125,-0.21135088699128346,0.00047390817362693,0.0008638567491841935,-0.2099609375,,,,,,,,,,,
139,284672,-0.0037880890963909526,31.87640380859375,3.2337431351343793,0.0037706190618157416,0.041600375040434304,0.291921961804231,-0.4602045714855194,6.172943592071533,0.6697591145833334,0.00014627712,0.004875904,-0.33999770879745483,0.7119869589805603,5,30,False,0.0063744401559233665,438.14776819096153,429.34810817966354,89.64905639576318,18.157743826828664,96.22254061201238,3,0.0,1.0,0.0,1.0,0.0,0.0,3.0,0.0,3.0,0.0,0.0,0.0,0.0,0.0,0.0,0.0,303.6666666666667,-80.03490314867425,0.0016576657404812067,2.6001822656825796e-05,0.0018859744238852727,0.0002976450754163251,0.0,3.5542775194130627e-06,-0.0015035062115771325,-0.1513671875,-0.029296875,-0.18216756975044746,-0.00020230686074724016,0.0003011993529357382,-0.1806640625,,,,,,,,,,,
140,286720,-0.004996899243754645,23.96487464904785,3.2377641439437865,0.004707622756362701,0.05660240985065078,0.32495622436205546,0.6157134771347046,4.566615104675293,0.6188151041666666,0.00014517120000000002,0.00483904,-0.339752197265625,0.7121779322624207,5,30,False,0.00974147580564022,435.58702103505817,435.95557894860394,90.98554217867786,18.550080872824765,96.22254061201238,6,0.0,0.5,0.0,0.6666666666666666,0.3333333333333333,0.0,2.1666666666666665,0.3333333333333333,2.6666666666666665,0.5,0.5,0.0,0.0,0.0,0.0,0.3333333333333333,479.1666666666667,-74.00625923622404,0.0025922471932062763,2.9078156723903043e-05,0.002528482554907896,0.00036782291518031723,1.3573825723145472e-06,1.995264957255216e-06,-0.001278332781168956,-0.1171875,-0.0439453125,-0.16241114558715708,9.284279502228335e-05,0.000371175562709887,-0.1611328125,,,,,,,,,,,
141,288768,-0.0036415796872461214,38.9550422668457,3.2364787340164183,0.0035888292680772583,0.04040306713820125,0.3250049834450086,-0.7011881470680237,6.403183937072754,0.7194010416666666,0.00014406528,0.004802175999999999,-0.34044599533081055,0.7117175459861755,5,30,False,0.007152087986469269,433.74807000213065,442.2022284435807,91.9381485866179,18.695189423830016,96.22254061201238,5,0.0,0.8,0.0,0.8,0.2,0.0,2.8,0.2,2.6,0.0,0.0,0.0,0.0,0.0,0.0,0.2,307.6,-72.97143527812514,0.0024764447055076744,6.614244897971966e-05,0.0017200405344510727,0.00046361893547708366,8.156882491469619e-05,2.0862465658112728e-06,-0.0007247273915140795,-0.185546875,-0.04150390625,-0.22777550603603913,0.0008225466200363213,0.0005472740069575911,-0.22705078125,,,,,,,,,,,
142,290816,-0.003854393214442098,25.881978034973145,3.2346646070480345,0.0027271567196035036,0.022967734696188322,0.32218277553717295,0.15124662220478058,4.8460001945495605,0.716796875,0.00014295935999999998,0.004765311999999999,-0.34091389179229736,0.7113804221153259,5,30,False,0.005453166551887989,433.5043399322343,445.8125254536135,92.93717189364543,19.056503181825974,96.22254061201238,5,0.0,0.4,0.0,0.8,0.2,0.0,1.8,0.2,2.6,1.0,1.0,0.0,0.0,0.0,0.0,0.2,450.2,-83.67637227470769,0.0022271330326475436,5.06039746840381e-05,0.0018721230607070538,0.0007179935082057779,1.0963986760668953e-06,2.290531675441798e-08,-0.001313498871752472,-0.1318359375,-0.04150390625,-0.17465333456101462,0.0004056139466245279,0.0007191128121985992,-0.17333984375,,,,,,,,,,,
143,292864,-0.0030972624372225255,63.853166580200195,3.2340914408365884,0.003967149111761437,0.04446700383365775,0.2902094587683678,-2.1838395595550537,7.458940505981445,0.7744140625,0.00014185344,0.004728448,-0.340985506772995,0.7113210558891296,5,30,False,0.00839877687394619,431.18701309260314,452.31998927849054,94.18540093876072,19.47443066582491,96.22254061201238,9,0.0,0.7777777777777778,0.0,0.8888888888888888,0.1111111111111111,0.0,2.5555555555555554,0.1111111111111111,2.7777777777777777,0.3333333333333333,0.3333333333333333,0.0,0.0,0.0,0.0,0.1111111111111111,304.6666666666667,-79.58072562428646,0.0035642514317260066,4.7015336740494074e-05,0.0018498945925102817,0.0007761995882018636,0.0,2.1894754065332478e-10,-1.4827612972112547e-05,-0.263671875,-0.08056640625,-0.344253107554664,0.001761372175956219,0.0007761998071494043,-0.34423828125,,,,,,,,,,,
144,294912,-0.002341755320473264,82.80314865112305,3.234929609298706,0.002920759881250512,0.02514384645037353,0.31231778462727866,-1.5876842737197876,8.707490921020508,0.7965494791666666,0.00014074752,0.0046915839999999995,-0.3401385545730591,0.7119264006614685,5,30,False,0.006166953593492508,428.14031023004134,460.0072905034176,95.50870789875626,19.876278331823414,96.22254061201238,9,0.0,0.6666666666666666,0.0,1.0,0.0,0.0,2.3333333333333335,0.0,3.0,0.6666666666666666,0.6666666666666666,0.0,0.0,0.0,0.0,0.0,245.22222222222223,-86.46442642771702,0.004286225281248335,5.820964495290015e-05,0.0011002047169199614,0.0007830066956899251,7.62342716029707e-05,0.0,0.0013849892369535155,-0.2587890625,-0.087890625,-0.34529469041649463,0.0032442302092812736,0.0008592409672928958,-0.3466796875,,,,,,,,,,,
145,296960,-0.0011991331567211697,45.372497177124025,3.2376516898473104,0.001905866234096317,0.01376907480104516,0.3084423045317332,-0.9223515391349792,6.288275718688965,0.72314453125,0.00013964160000000002,0.004654719999999999,-0.33929118514060974,0.7125239372253418,5,30,False,0.004548453260213137,425.66837923857014,466.88796066139184,96.82291894167429,20.288704027829226,96.22254061201238,7,0.0,1.0,0.0,1.0,0.0,0.0,3.0,0.0,2.4285714285714284,0.0,0.0,0.0,0.0,0.0,0.0,0.0,275.7142857142857,-80.40423468621904,0.0028516665558981913,6.746172982533428e-05,0.0031297605657982785,0.00024857038705738965,3.12453664582657e-05,5.1497876105838225e-08,-0.001490499551209723,-0.205078125,-0.068359375,-0.2749280002099681,-0.00021063228007475298,0.0002798672513917612,-0.2734375,,,,,,,,,,,
146,299008,-0.0024389581133921943,44.10358810424805,3.2422444820404053,0.0024676461815655395,0.020205384046615413,0.289566633105278,-1.087137222290039,6.72069787979126,0.7978515625,0.00013853568,0.004617856,-0.336648166179657,0.7144259214401245,5,30,False,0.004890943877398968,422.76082443602206,474.59900795643625,98.15579012362286,20.692426148831146,96.22254061201238,6,0.0,0.8333333333333334,0.0,0.8333333333333334,0.16666666666666666,0.0,2.6666666666666665,0.16666666666666666,2.6666666666666665,0.16666666666666666,0.16666666666666666,0.0,0.0,0.0,0.0,0.16666666666666666,275.6666666666667,-75.6965432616953,0.0042047298866236815,0.00010257466954222139,0.0017273766678442826,0.00019454292681142515,2.356955791899592e-05,1.0992611433113808e-05,0.0013508227789031935,-0.23681640625,-0.05126953125,-0.28673511562513454,0.0025799278883216203,0.00022910509616353488,-0.2880859375,,,,,,,,,,,
147,301056,-0.002869625835834692,17.597887802124024,3.2491623242696126,0.0031766695675812806,0.030393768140735727,0.3122618168592453,0.9126666784286499,4.163865089416504,0.5978190104166666,0.00013742976,0.004580992,-0.3353732228279114,0.7153323888778687,5,30,False,0.006391605827957392,420.9494210865863,480.68846350343665,99.42843626566173,21.06475301082537,96.22254061201238,3,0.0,1.0,0.0,1.0,0.0,0.0,3.0,0.0,3.0,0.0,0.0,0.0,0.0,0.0,0.0,0.0,314.6666666666667,-80.10588801853253,0.0009609402439852525,1.3124007481776691e-05,0.001948245426547146,0.0009178373115502625,1.2519993086712589e-07,0.0,-0.0028921437066173894,-0.09765625,-0.029296875,-0.12984527077981056,-0.0009741811750801168,0.0009179625114811296,-0.126953125,60,0.0,0.0,2.3666666666666667,0.08333333333333333,2.45,0.5,0.5,0.0,0.06666666666666667,0.05
148,303104,-0.00389590992902716,28.89590129852295,3.2516709009806317,0.0041922017766618785,0.04290758998443683,0.34036033153533934,0.6272229552268982,5.005579948425293,0.7410481770833334,0.00013632384000000002,0.004544128,-0.33462342619895935,0.7158570289611816,5,30,False,0.009556352160871029,372.0227462668545,488.0680166144448,100.73638580674015,21.483986783830915,186.44150772901776,8,0.0,0.375,0.0,0.5,0.5,0.0,1.875,0.625,2.875,0.375,0.375,0.0,0.0,0.0,0.125,0.5,435.875,-64.86973583488302,0.003946536096918862,6.708211785078078e-05,0.0013381845701587736,0.0007675645315388009,2.873466415899417e-06,4.10104365577979e-07,0.0009045855485965149,-0.1171875,-0.048828125,-0.16511103488801382,0.0026754336446108695,0.0007708481023202783,-0.166015625,,,,,,,,,,,
149,305152,-0.0024489518022164703,31.573117065429688,3.253622063000997,0.002173901571855661,0.017269504811459533,0.3146002079049746,0.5310705304145813,5.289092540740967,0.7869466145833334,0.00013521792,0.0045072639999999995,-0.3342971205711365,0.7161120176315308,5,30,False,0.0045684161596000195,370.6166209283539,494.83327221537184,102.01459592771425,21.878687289834488,186.44150772901776,3,0.0,0.6666666666666666,0.0,1.0,0.0,0.0,2.6666666666666665,0.0,3.0,0.3333333333333333,0.3333333333333333,0.0,0.0,0.0,0.0,0.0,244.66666666666666,-83.33039392789942,0.0016914800321501389,7.579800003582049e-05,0.0014667378845985013,0.0003444811958125905,0.00011547158480333664,5.204270472347616e-07,-0.0011599330607623415,-0.146484375,-0.029296875,-0.17694118371082368,0.00030054014758745806,0.0004604732076631619,-0.17578125,,,,,,,,,,,
150,307200,-0.0033243652976428467,45.09190368652344,3.2523667653401693,0.0037207076289846614,0.03812276247966414,0.3628577289481958,-0.9769784212112427,6.735846042633057,0.6612955729166666,0.000134112,0.0044704,-0.3354257047176361,0.7153377532958984,5,30,False,0.008369460701942444,369.5889804579979,500.8071996753424,103.27500413697271,22.289450477837818,186.44150772901776,5,0.0,0.4,0.0,0.8,0.2,0.0,2.0,0.4,2.6,0.6,0.6,0.0,0.0,0.0,0.0,0.2,473.8,-75.52122562602699,0.002200717368395999,3.336806438863915e-05,0.0021262127747831983,0.0010682229982241775,7.046907162424511e-05,0.0,-0.0020308194039557748,-0.1708984375,-0.04150390625,-0.21443316341259333,0.00010787265800143997,0.0011386920698484226,-0.21240234375,,,,,,,,,,,
151,309248,-0.003980963376428311,34.239140319824216,3.2510908683141073,0.005375106474585339,0.06503341322143873,0.34135676076014837,0.2503231465816498,5.79298734664917,0.744140625,0.00013300608,0.004433535999999999,-0.3347770571708679,0.71583092212677,5,30,False,0.011325472965836525,368.1881046675408,507.6532309103932,104.5419451128837,22.713493274830398,186.44150772901776,5,0.0,0.6,0.0,0.8,0.2,0.0,2.0,0.2,2.2,0.8,0.8,0.0,0.0,0.0,0.0,0.2,380.0,-81.35740334846996,0.0025028550787737913,3.9484476030748894e-05,0.002695268128263706,0.00015946944631650695,4.6615612915558435e-05,9.753952348923178e-06,-0.0013687675944993316,-0.14404296875,-0.04150390625,-0.18691564442292474,-0.00015292857345916566,0.00021583901158098856,-0.185546875,,,,,,,,,,,
152,311296,-0.0027447488168642546,25.639262008666993,3.253243859608968,0.0022555267261272103,0.019504673092160373,0.2998387709259987,0.7351046800613403,4.7932257652282715,0.6805013020833334,0.00013190016,0.004396671999999999,-0.33432668447494507,0.7161497473716736,5,30,False,0.005223044194281101,367.1022334115773,513.4062085844052,106.49431485681271,22.89617503383488,186.44150772901776,5,0.0,0.4,0.0,0.8,0.2,0.0,2.4,0.2,2.4,0.2,0.2,0.0,0.0,0.0,0.2,0.2,446.8,-76.73313568716257,0.0018842584408957919,3.9949000640471244e-05,0.0022334543898523407,0.0010461830134109729,9.931354912229295e-05,3.959901164751756e-06,-0.002458703403135587,-0.1318359375,-0.04150390625,-0.17579854974792397,-0.0003092469483160776,0.0011494564636980176,-0.17333984375,,,,,,,,,,,
153,313344,-0.002617347948156142,50.6158390045166,3.2548072973887128,0.002881630291432127,0.024927606887649743,0.3152877430121104,-0.9045439958572388,7.227688312530518,0.68212890625,0.00013079424,0.004359808,-0.33369848132133484,0.7165903449058533,5,30,False,0.004671033471822739,365.255348658351,518.0235508754267,111.24999698076863,23.27512097383442,186.44150772901776,7,0.0,0.42857142857142855,0.0,0.5714285714285714,0.42857142857142855,0.0,2.142857142857143,0.42857142857142855,2.7142857142857144,0.42857142857142855,0.42857142857142855,0.0,0.0,0.0,0.0,0.42857142857142855,390.0,-69.97681580926799,0.0029557464167737635,3.0650256450410075e-05,0.0025416137821139273,0.0012934289436916917,1.1693381944732906e-05,0.0,-0.0018603394308911447,-0.1806640625,-0.04638671875,-0.2289111192631026,0.00044478289111024626,0.0013051223256364246,-0.22705078125,,,,,,,,,,,
154,315392,-0.0026468945240291455,67.44253425598144,3.2563917954762776,0.0030046686142883527,0.0225357747481515,0.2712048684557279,-1.2264854907989502,7.319822311401367,0.7958984375,0.00012968832,0.004322944,-0.33330854773521423,0.7168540954589844,5,30,False,0.00547379394993186,365.174156388799,522.8450247345463,111.92936134069168,23.402738693839638,186.44150772901776,9,0.0,1.0,0.0,1.0,0.0,0.0,3.0,0.0,2.5555555555555554,0.0,0.0,0.0,0.0,0.0,0.0,0.0,254.22222222222223,-80.20338652258579,0.00418895866641833,4.9714226661112804e-05,0.002141705565236407,0.0001705502657543545,1.1584291491339993e-08,7.459947486410101e-07,0.0009256594936459805,-0.234375,-0.087890625,-0.3213399716788672,0.0020969673278430356,0.00017130784479448685,-0.322265625,,,,,,,,,,,
155,317440,-0.002319009156781249,26.516176414489745,3.2580802122751873,0.0025467277053528065,0.019344908934241782,0.29610472520192466,0.9525458812713623,4.497430324554443,0.7789713541666666,0.0001285824,0.004286079999999999,-0.3324010670185089,0.7174835205078125,5,30,False,0.004752437584102154,365.57929210283623,526.6855870024883,112.44372004296747,23.573627024845337,186.44150772901776,4,0.0,0.5,0.0,1.0,0.0,0.0,2.5,0.0,3.0,0.5,0.5,0.0,0.0,0.0,0.0,0.0,381.5,-85.9828207490691,0.0014723319671929858,2.580087082883209e-05,0.003827056981208443,0.0006746959261977499,1.7176512435601587e-05,0.0,-0.00402079655759735,-0.1171875,-0.0390625,-0.16027079495006546,-0.0023289241431866253,0.0006918724386333515,-0.15625,,,,,,,,,,,
156,319488,-0.004435230723659819,45.69020309448242,3.260050956408183,0.004605955648497691,0.052000215540950495,0.31904896050691606,-0.7019386291503906,6.724997043609619,0.8004557291666666,0.00012747648000000002,0.004249215999999999,-0.3321632146835327,0.7176536321640015,5,30,False,0.009471343830227852,365.8899944377383,530.6853344475239,113.05234169901814,23.702857499854872,186.44150772901776,5,0.0,0.8,0.0,0.8,0.2,0.0,2.6,0.2,3.0,0.2,0.2,0.0,0.0,0.0,0.0,0.2,345.0,-75.74902485130951,0.0028111791975788947,2.9957939118252508e-05,0.0029714619117839902,0.0005394439775443169,0.0001899548697223974,1.1307156788653572e-06,-0.0018608543252867094,-0.2001953125,-0.04150390625,-0.24356007413757652,-0.00013032477508684304,0.0007305295629455796,-0.24169921875,,,,,,,,,,,
157,321536,-0.002899704578643044,41.74580688476563,3.2608777046203614,0.0033106841310655,0.028903607659352324,0.311190273364385,0.021978789940476418,6.359965801239014,0.6546223958333334,0.00012637056,0.004212352,-0.3318641185760498,0.7178551554679871,5,30,False,0.006591862998902798,366.17310706586665,534.5887274515408,113.75589640905673,23.883958241844084,186.44150772901776,7,0.0,0.5714285714285714,0.0,0.7142857142857143,0.2857142857142857,0.0,2.5714285714285716,0.2857142857142857,2.7142857142857144,0.14285714285714285,0.14285714285714285,0.0,0.0,0.0,0.0,0.2857142857142857,388.57142857142856,-72.13800568986024,0.0025436823440259104,1.8999299379707235e-05,0.003801616699092847,0.00030964334482870906,0.0,0.0,-0.0025485783680778695,-0.1611328125,-0.0537109375,-0.21739232547224674,-0.0012389350556872292,0.00030964334482870906,-0.21484375,,,,,,,,,,,
158,323584,-0.0009303942870853159,54.455295944213866,3.26250745455424,0.001852050025630377,0.014824774155082801,0.3265682672460874,-0.9651613831520081,6.939908027648926,0.744140625,0.00012526464,0.004175488,-0.33101508021354675,0.7184549570083618,5,30,False,0.005117431748658419,366.20849547078797,538.8009927496896,114.64281116920756,24.14747518383956,186.44150772901776,9,0.0,0.7777777777777778,0.0,1.0,0.0,0.0,2.6666666666666665,0.0,2.888888888888889,0.0,0.0,0.0,0.0,0.0,0.3333333333333333,0.0,289.22222222222223,-82.3518482532351,0.0028329481483524432,4.745434804240278e-05,0.002752670732434126,0.0003966280378122633,0.00028440477473686,1.1614958712158341e-05,-0.0015649160201860468,-0.22216796875,-0.087890625,-0.31162350751276335,0.00012773176396072006,0.0006926477712612816,-0.31005859375,,,,,,,,,,,
159,325632,-0.002810047297195221,29.53510112762451,3.2649632692337036,0.0023971517785081886,0.017553239998718103,0.31956417709589,-0.036686915904283524,5.439627170562744,0.7298177083333334,0.00012415872000000002,0.004138624,-0.33018165826797485,0.7190523147583008,5,30,False,0.004828184377402067,366.10429192463357,543.2245208228414,115.6264583941811,24.44651570483984,186.44150772901776,5,0.0,0.8,0.0,0.8,0.2,0.0,2.6,0.2,2.6,0.2,0.2,0.0,0.0,0.0,0.0,0.2,324.0,-75.6327767836785,0.002537164880886067,2.0450961234025518e-05,0.0031810715418032487,0.0002890194618885289,4.632916926206043e-07,1.2215419413985629e-05,-0.0019251538365097076,-0.17333984375,-0.04150390625,-0.21676890510661906,-0.0006234556996831562,0.00030169817299513513,-0.21484375,,,,,,,,,,,
160,327680,-0.0017847006053974231,42.92983207702637,3.2670056104660032,0.0028142521078764527,0.018063657847233117,0.2986232509215673,0.10451111197471619,6.381317615509033,0.80859375,0.0001230528,0.0041017599999999994,-0.32976236939430237,0.7193695306777954,5,30,False,0.004574165679514408,365.70103920349084,548.3129934947647,116.66473029530607,24.75010913683218,186.44150772901776,6,0.0,0.6666666666666666,0.0,0.8333333333333334,0.16666666666666666,0.0,2.5,0.16666666666666666,2.8333333333333335,0.16666666666666666,0.16666666666666666,0.0,0.0,0.0,0.16666666666666666,0.16666666666666666,317.8333333333333,-77.09255195592748,0.003284533118858235,3.111273620198807e-05,0.002645784803917195,0.0003729164722483941,2.3851873713181745e-05,5.686476136190777e-06,-0.0007325937758082546,-0.1806640625,-0.05126953125,-0.23266619102901132,0.0006698610511430281,0.0004024548220977666,-0.23193359375,,,,,,,,,,,
161,329728,-0.003266183267502735,47.80910301208496,3.2696244796117147,0.0026903739606587884,0.021553718748812876,0.30250463634729385,-1.1855649948120117,6.9798970222473145,0.69189453125,0.00012194688000000001,0.004064895999999999,-0.32797789573669434,0.7206863164901733,5,30,False,0.005354768130928278,365.35225126425917,553.1719190636504,117.7361625761987,25.129102556835278,186.44150772901776,6,0.0,0.8333333333333334,0.0,1.0,0.0,0.0,2.8333333333333335,0.0,2.6666666666666665,0.16666666666666666,0.16666666666666666,0.0,0.0,0.0,0.0,0.0,247.0,-81.70034988454233,0.0030280037854026887,2.267487005019886e-05,0.0023271406280400697,0.00038950556605866354,5.167259930147217e-07,0.0,-0.0006664842555892392,-0.234375,-0.05859375,-0.29363523209599407,0.0007235380274128178,0.00039002229205167827,-0.29296875,,,,,,,,,,,
162,331776,-0.0033008248700449865,32.30912742614746,3.2746350447336834,0.004112083940501638,0.04576456108285735,0.3453360537687937,0.03259783610701561,6.036701679229736,0.6861979166666666,0.00012084096,0.004028031999999999,-0.327012836933136,0.7213985323905945,5,30,False,0.008016401901841164,365.3347554355638,557.3976380717504,118.72128990224155,25.42346876283409,186.44150772901776,6,0.0,0.8333333333333334,0.0,0.8333333333333334,0.16666666666666666,0.0,2.6666666666666665,0.16666666666666666,2.6666666666666665,0.16666666666666666,0.16666666666666666,0.0,0.0,0.0,0.0,0.16666666666666666,359.6666666666667,-76.51212619314902,0.002110019105941774,4.0039997695168195e-05,0.002940234935749686,0.00018136215287680585,0.0,2.384662211696309e-06,-0.0019739226391379816,-0.1513671875,-0.05126953125,-0.2046106357134363,-0.0007901758321127439,0.00018374681508850216,-0.20263671875,,,,,,,,,,,
163,333824,-0.0029367081820964812,35.469656753540036,3.2756347099939984,0.002422029625617372,0.01865765671633805,0.3177023520072301,0.3943406641483307,5.495763301849365,0.7218424479166666,0.00011973504,0.003991167999999999,-0.3272610604763031,0.7212170958518982,5,30,False,0.0059885140508413315,365.08278936880527,562.0056153527985,119.82404693543504,25.79942191882583,186.44150772901776,8,0.0,0.875,0.0,1.0,0.0,0.0,2.875,0.0,2.75,0.125,0.125,0.0,0.0,0.0,0.0,0.0,373.125,-81.75665201559445,0.0031000048315945605,2.1620016517065466e-05,0.003227027388220449,1.2959610984353276e-06,2.235660862947436e-08,0.0,-0.00110672086414354,-0.15625,-0.078125,-0.23548171414292085,-0.00010540254010882322,1.318317707064802e-06,-0.234375,,,,,,,,,,,
164,335872,-0.0037032528004298606,50.091992950439455,3.276137447357178,0.004043413605124117,0.041592386939252414,0.3543453862269719,-2.08471941947937,7.476182460784912,0.6795247395833334,0.00011862912000000001,0.003954304,-0.326285183429718,0.7219149470329285,5,30,False,0.007066607475280762,361.41568941322384,566.4020794888784,126.60671003547031,29.339763965821476,186.44150772901776,6,0.0,1.0,0.0,1.0,0.0,0.0,3.0,0.0,3.0,0.0,0.0,0.0,0.0,0.0,0.0,0.0,213.33333333333334,-79.9629264697566,0.002736965384413814,2.5351939702253357e-05,0.0024667511652296525,0.00040700153663355155,0.00016325853208193868,4.703453369003796e-06,-0.001279397391385828,-0.2392578125,-0.05859375,-0.29913096546817997,0.000295566158886415,0.0005749635220844941,-0.2978515625,,,,,,,,,,,
165,337920,-0.001065953666693531,63.4541877746582,3.279014809926351,0.0021179494837966105,0.013612935680430382,0.307682611544927,-1.8602845668792725,7.626883506774902,0.7916666666666666,0.0001175232,0.0039174399999999995,-0.32577118277549744,0.7222828269004822,5,30,False,0.005236464086920023,355.43668641498414,572.6897568068816,139.47661509149475,31.338815969822463,186.44150772901776,9,0.0,0.6666666666666666,0.0,0.7777777777777778,0.2222222222222222,0.0,2.4444444444444446,0.2222222222222222,2.4444444444444446,0.2222222222222222,0.2222222222222222,0.0,0.0,0.0,0.1111111111111111,0.2222222222222222,279.6666666666667,-75.07953404176877,0.004534542912097095,7.484442620153686e-05,0.0015259909396263538,0.00027187304124254297,0.0003916583787471062,1.0741509881881384e-05,0.001409123466572737,-0.25146484375,-0.0732421875,-0.3232979065202528,0.003083396398672278,0.0006742729298715305,-0.32470703125,,,,,,,,,,,
166,339968,-0.0027813001516430328,22.012372779846192,3.280213197072347,0.002863071030332448,0.028187181862692038,0.3292722130815188,0.1985224187374115,4.94448709487915,0.6643880208333334,0.00011641728,0.0038805759999999993,-0.3252837657928467,0.722632110118866,5,30,False,0.007074774708598852,350.43524728024033,577.2694488149573,153.8152274615859,31.675142311825766,186.44150772901776,3,0.0,1.0,0.0,1.0,0.0,0.0,3.0,0.0,3.0,0.0,0.0,0.0,0.0,0.0,0.0,0.0,273.0,-80.08562692709772,0.0018752871217202483,4.869664855003397e-05,0.002075574836680971,3.104077367793723e-05,0.00020879153343555945,5.205002792052493e-06,-0.0013966283797799406,-0.13671875,-0.029296875,-0.16741224745123873,-0.00015159106641068898,0.00024503730990554917,-0.166015625,,,,,,,,,,,
167,342016,-0.0024355222199422617,47.50770530700684,3.280466079711914,0.0027693094179935735,0.021388963016215713,0.29713714917500816,0.03719692304730415,6.299885272979736,0.7579752604166666,0.00011531136000000002,0.003843712,-0.32582613825798035,0.7222350835800171,5,30,False,0.0054186186753213406,344.15376988005283,582.2642178740934,171.1611714495375,32.8207848668244,186.44150772901776,10,0.0,0.7,0.0,0.8,0.2,0.0,2.6,0.2,2.8,0.2,0.2,0.0,0.0,0.0,0.0,0.2,356.1,-75.34337400863956,0.004103553959794226,1.4246334190115562e-05,0.0018958693975150709,0.0010534766092860082,4.162012011502125e-05,0.0,0.00012683412751357537,-0.185546875,-0.0830078125,-0.26842784395603303,0.0022219308964692708,0.0010950967294010294,-0.2685546875,,,,,,,,,,,
168,344064,-0.002996309450827539,56.8090404510498,3.2791209777196246,0.003429981746259575,0.03164594918101405,0.3169650544722875,-1.6305943727493286,7.567708969116211,0.708984375,0.00011420544000000001,0.003806848,-0.32589054107666016,0.7221819758415222,5,30,False,0.006862778682261705,343.5691911873759,586.9418737190135,173.59797261656786,33.20591382282146,186.44150772901776,8,0.0,0.875,0.0,1.0,0.0,0.0,2.875,0.0,2.875,0.0,0.0,0.0,0.0,0.0,0.125,0.0,212.5,-80.33305239918263,0.0034114027585019358,6.582189964182694e-05,0.0026782793136135297,0.0,4.0197916334584134e-05,7.825529792171437e-06,-0.00024907813343588714,-0.29541015625,-0.078125,-0.373784238990595,0.000798945344530233,4.802344612675557e-05,-0.37353515625,,,,,,,,,,,
169,346112,-0.002666628083291774,43.07638244628906,3.2787436644236245,0.0026876980328215763,0.026665852149017157,0.29340036809444425,-0.18248242139816284,6.2590227127075195,0.765625,0.00011309952000000003,0.0037699839999999997,-0.32614967226982117,0.7219828367233276,5,30,False,0.005262957885861397,343.13624010176585,592.157978131072,175.06961569655687,33.58916179482185,186.44150772901776,8,0.0,0.875,0.0,1.0,0.0,0.0,2.875,0.0,3.0,0.125,0.125,0.0,0.0,0.0,0.0,0.0,281.375,-81.6386119522881,0.0035826532398459676,5.4314702710778207e-05,0.002951035964770199,0.0002837878348608547,0.0,3.3225207918263777e-06,-0.0006011783666508563,-0.2001953125,-0.078125,-0.2789214885893898,0.0006859319777865469,0.00028711035565268106,-0.2783203125,,,,,,,,,,,
170,348160,-0.001276038847572636,42.37718467712402,3.2770532449086507,0.0023145774082534896,0.01524019338345776,0.2947996566692988,0.2830168306827545,6.6749043464660645,0.7633463541666666,0.0001119936,0.0037331199999999986,-0.327190637588501,0.7212432622909546,5,30,False,0.00487005477771163,342.7277959784084,597.1471112300496,176.63179495261284,34.06744224781869,186.44150772901776,5,0.0,1.0,0.0,1.0,0.0,0.0,3.0,0.0,3.0,0.0,0.0,0.0,0.0,0.0,0.0,0.0,207.6,-79.71666432977653,0.0028965521264581184,4.666640116002263e-05,0.00260785896307425,0.0008390059211080825,0.00019156504637964783,8.370489524706093e-06,-0.001703581917468,-0.185546875,-0.048828125,-0.23607857577997038,0.00033535956454389115,0.0010389414570124364,-0.234375,,,,,,,,,,,
171,350208,-0.0022052333457395434,67.90846176147461,3.2749510447184247,0.0018913769331931802,0.014827945467550308,0.2974735379219055,-1.3035515546798706,8.27760124206543,0.8076171875,0.00011088767999999999,0.0036962559999999993,-0.3271600604057312,0.7212530374526978,5,30,False,0.004321089014410973,341.58517291455286,602.0680978020973,179.6909105656523,35.31579911682638,186.44150772901776,10,0.0,0.8,0.0,0.9,0.1,0.0,2.8,0.1,3.0,0.1,0.1,0.0,0.0,0.0,0.0,0.1,268.3,-77.82597808921669,0.0037727479602835956,3.850869844834737e-05,0.0020283120311432867,0.0005083975712052921,2.9191804284331435e-05,1.5825700135696508e-05,0.00022952954441279871,-0.29052734375,-0.09033203125,-0.3806298447259451,0.0017829446275886562,0.00055341507562532,-0.380859375,,,,,,,,,,,
172,352256,-0.005735873945862598,33.44392566680908,3.275501847267151,0.005846155593749993,0.07594338702037931,0.3103874872128169,0.5496702194213867,5.887706756591797,0.71923828125,0.00010978176000000001,0.003659391999999999,-0.32709819078445435,0.7212771773338318,5,30,False,0.010610979981720448,340.79261068077943,606.3588370090438,182.6851925755618,36.282287574824295,186.44150772901776,6,0.0,0.8333333333333334,0.0,0.8333333333333334,0.16666666666666666,0.0,2.6666666666666665,0.16666666666666666,3.0,0.16666666666666666,0.16666666666666666,0.0,0.0,0.0,0.0,0.16666666666666666,333.5,-75.96361126473191,0.003464420600266749,3.738433214550696e-05,0.0023214134839690814,0.00012923174790557823,6.748447545640301e-07,0.0,5.048487599879081e-05,-0.1513671875,-0.05126953125,-0.20258623181001667,0.0011803914484431743,0.00012990659266014226,-0.20263671875,,,,,,,,,,,
173,354304,-0.0034409234761066426,52.1256706237793,3.276923131942749,0.003026245959937553,0.03165693073533475,0.31561384300390877,-1.5266109704971313,7.714112281799316,0.6549479166666666,0.00010867584,0.003622527999999999,-0.32597804069519043,0.7220679521560669,5,30,False,0.006676685996353626,339.97590503550543,611.3954643449979,185.58490459968743,36.70235352682357,186.44150772901776,7,0.0,0.8571428571428571,0.0,0.8571428571428571,0.14285714285714285,0.0,2.7142857142857144,0.14285714285714285,2.857142857142857,0.0,0.0,0.0,0.0,0.0,0.14285714285714285,0.14285714285714285,304.85714285714283,-75.677278383016,0.0027631413011022232,3.659583184670301e-05,0.002507604146785525,5.378843227223616e-08,1.736235967488356e-05,1.6111209207636534e-05,-0.0007413943661163103,-0.24658203125,-0.06103515625,-0.3083585777184794,0.00029213298616340144,3.352735731479233e-05,-0.3076171875,,,,,,,,,,,
174,356352,-0.0034147317754104735,43.02737731933594,3.2788797060648602,0.0037789368443637136,0.03585129806694264,0.2867192059755325,-0.09249676764011383,6.377792835235596,0.7736002604166666,0.00010756992,0.0035856639999999997,-0.3262791037559509,0.7218517065048218,5,30,False,0.00774384243413806,339.56830591163015,616.8273516588233,186.87233559973538,37.09779424982844,186.44150772901776,9,0.0,0.8888888888888888,0.0,1.0,0.0,0.0,2.888888888888889,0.0,2.888888888888889,0.0,0.0,0.0,0.0,0.0,0.1111111111111111,0.0,271.22222222222223,-80.56622406555653,0.004000286852715362,8.417143405692329e-05,0.0025268969588978507,0.0,4.988145851703152e-06,3.645268105423316e-08,0.0005525367351992827,-0.1953125,-0.087890625,-0.2826505833553483,0.001557561327874435,5.024598532757385e-06,-0.283203125,,,,,,,,,,,
175,358400,-0.0016123853897928105,39.927557373046874,3.2769282420476276,0.0012368438287471842,0.005799014528747648,0.286166624724865,-0.025839753448963165,6.434232234954834,0.7845052083333334,0.00010646400000000002,0.0035487999999999995,-0.32698243856430054,0.7213344573974609,5,30,False,0.004045108798891306,338.81103560695203,622.3036701328383,188.58454705690383,38.13466705782048,186.44150772901776,7,0.0,0.8571428571428571,0.14285714285714285,0.8571428571428571,0.0,0.0,2.7142857142857144,0.14285714285714285,2.5714285714285716,0.0,0.0,0.0,0.0,0.0,0.14285714285714285,0.0,215.0,-74.92290523236771,0.0032181072210732964,4.146125870141404e-05,0.0029862898409191985,0.00038703173319873385,0.00014691452716419917,9.103038257407547e-06,-0.0012697706529252173,-0.22216796875,-0.05859375,-0.2820314875073109,0.00027327863885551196,0.0005430492986203406,-0.28076171875,,,,,,,,,,,
176,360448,-0.0021321525525612134,29.998852920532226,3.2758256912231447,0.0017163528583338213,0.00958958725289752,0.27542242109775544,-0.0916227400302887,5.237147331237793,0.8006184895833334,0.00010535808000000001,0.0035119359999999994,-0.32697224617004395,0.7213281989097595,5,30,False,0.005073131062090397,337.92576514861634,627.2156069508637,191.34297407588747,39.14182679083024,186.44150772901776,5,0.0,0.8,0.0,1.0,0.0,0.0,2.6,0.0,3.0,0.4,0.4,0.0,0.0,0.0,0.0,0.0,344.6,-84.74408281800129,0.003279106894524375,9.087811560348769e-05,0.0015873871170697385,0.0005203785161389252,5.901584883283295e-08,6.331303605833227e-07,0.00026152722443839593,-0.1953125,-0.048828125,-0.24387910134498725,0.0017825978930581243,0.0005210706623483413,-0.244140625,,,,,,,,,,,
177,362496,-0.0038260566982595873,19.327830123901368,3.2769345601399738,0.0024606142805240158,0.023189524409826846,0.3326501503586769,0.5801171064376831,4.254301071166992,0.6604817708333334,0.00010425216000000003,0.003475072,-0.32619988918304443,0.7218796610832214,5,30,False,0.006645903456956148,337.3321493742499,631.0410978500004,194.21817895294225,40.18503035683534,186.44150772901776,5,0.0,0.8,0.0,0.8,0.2,0.0,2.6,0.2,2.6,0.2,0.2,0.0,0.0,0.0,0.0,0.2,416.6,-75.16682267883225,0.0018609229536026284,9.893807978778035e-06,0.0014983515569610972,0.0009252708809104337,4.638582166816008e-06,1.6789390268057147e-05,-0.0015742336327093653,-0.11962890625,-0.04150390625,-0.16270704834505523,0.0003724652046203092,0.0009466988533453069,-0.1611328125,,,,,,,,,,,
178,364544,-0.0030338439779977002,39.9668270111084,3.2789116462071735,0.001971948385948121,0.016582598599294823,0.3205135588844617,0.17997850477695465,6.377114772796631,0.6943359375,0.00010314624000000002,0.003438208,-0.32582002878189087,0.7221550941467285,5,30,False,0.0051836068741977215,336.24488209640054,635.3096141718706,198.65703226692858,40.89555171584652,186.44150772901776,6,0.0,0.3333333333333333,0.0,0.6666666666666666,0.3333333333333333,0.0,1.8333333333333333,0.3333333333333333,2.1666666666666665,0.6666666666666666,0.6666666666666666,0.0,0.0,0.0,0.16666666666666666,0.3333333333333333,424.1666666666667,-76.66591759194792,0.002466019082476123,6.640068348762185e-05,0.002300182956560093,0.0006786040843721336,2.424134080192264e-05,9.664998664504765e-06,-0.001480273596087045,-0.16845703125,-0.0439453125,-0.2138826202374844,0.000232236809403652,0.000712510423838561,-0.21240234375,,,,,,,,,,,
179,366592,-0.002755271604595085,35.59681873321533,3.2787360747655234,0.0024782975689809843,0.019455557960706454,0.33952155808607737,0.22981302440166473,6.252615928649902,0.6884765625,0.00010204032000000001,0.0034013439999999997,-0.3262963593006134,0.721800684928894,5,30,False,0.004788798280060291,334.9585564443481,639.7619076498086,203.445882035041,41.766071197838755,186.44150772901776,6,0.0,0.6666666666666666,0.0,0.8333333333333334,0.16666666666666666,0.0,2.5,0.3333333333333333,2.5,0.0,0.0,0.0,0.0,0.0,0.16666666666666666,0.16666666666666666,356.1666666666667,-71.80936980687511,0.0026667850311241637,5.3272910935930895e-05,0.0018055406853818567,0.00015810279184992615,0.000201893810044651,7.79323939603671e-06,-0.00045327258027327844,-0.15869140625,-0.05126953125,-0.210414213655838,0.0009145172566782378,0.00036778984129061387,-0.2099609375,,,,,,,,,,,
180,368640,-0.0022771340251589813,30.479403495788574,3.27835107644399,0.0029307408796707198,0.027267163258511574,0.2922094384829203,0.8415125608444214,5.3817877769470215,0.8268229166666666,0.00010093440000000001,0.0033644799999999987,-0.32591256499290466,0.7220797538757324,5,30,False,0.0065598501823842525,333.6463510006878,644.3989995377488,208.46385889395606,42.39665943084401,186.44150772901776,5,0.0,0.8,0.0,0.8,0.2,0.0,2.6,0.2,2.8,0.0,0.0,0.0,0.0,0.0,0.2,0.2,297.2,-73.87840800026898,0.002179956787131232,4.951780574380393e-05,0.001714735487780672,0.0006333380694737156,8.857133840478593e-05,7.427521282021843e-06,-0.001214597844978016,-0.1416015625,-0.04150390625,-0.18432006736918538,0.0005147391050943639,0.0007293369291605234,-0.18310546875,,,,,,,,,,,
181,370688,-0.002245529756570856,37.329200744628906,3.2791125456492107,0.0028414075235110433,0.02986337903421372,0.3175380672017733,-0.2768703103065491,6.3887410163879395,0.703125,9.982848e-05,0.0033276159999999994,-0.32609087228775024,0.7219499349594116,5,30,False,0.006459666881710291,332.3593774388766,648.9140737936686,213.79840499006968,42.834597613837104,186.44150772901776,6,0.0,0.5,0.0,0.6666666666666666,0.3333333333333333,0.0,1.6666666666666667,0.5,2.6666666666666665,0.8333333333333334,0.8333333333333334,0.0,0.0,0.0,0.0,0.3333333333333333,357.6666666666667,-74.10615152255498,0.0020066740946731443,9.72390863612782e-06,0.0016578152655597478,0.001721639803264452,4.845366690331421e-05,0.0,-0.0024115107335092034,-0.1953125,-0.0439453125,-0.241669315048739,0.0003585827377495243,0.0017700934701677662,-0.2392578125,,,,,,,,,,,
182,372736,-0.0030086868597815433,34.841624069213864,3.278032485644023,0.003116859195685519,0.02522317545954138,0.31854988237222037,-0.26947057247161865,5.778615951538086,0.7141927083333334,9.872255999999999e-05,0.0032907519999999992,-0.32645371556282043,0.7216799259185791,5,30,False,0.005838143639266491,332.27465916217415,653.2676898916543,215.23024451696256,43.34264790483576,186.44150772901776,6,0.0,0.8333333333333334,0.0,0.8333333333333334,0.16666666666666666,0.0,2.6666666666666665,0.3333333333333333,2.0,0.0,0.0,0.0,0.0,0.0,0.0,0.16666666666666666,395.6666666666667,-71.34992470888544,0.00346576044523772,3.435775709992317e-05,0.002875478985515656,4.6433517753088904e-06,4.71251210187873e-05,1.0522218914843506e-05,-0.00043765147097474255,-0.16845703125,-0.05126953125,-0.22016421302873823,0.0006246392168219872,6.22906917089397e-05,-0.2197265625,,,,,,,,,,,
183,374784,-0.002756579041791459,37.19463691711426,3.2776942173639934,0.002684485672271258,0.026149047647292416,0.31753493547439576,-0.7160157561302185,6.162862300872803,0.7286783854166666,9.761664000000001e-05,0.003253887999999999,-0.32623791694641113,0.7218351364135742,5,30,False,0.006150365807116032,332.05104574938815,657.9871018677077,216.77314170596946,43.84464231082529,186.44150772901776,9,0.0,0.8888888888888888,0.0,1.0,0.0,0.0,2.888888888888889,0.0,2.6666666666666665,0.0,0.0,0.0,0.0,0.0,0.1111111111111111,0.0,267.55555555555554,-80.75970359487317,0.003328261915157782,1.955265428305042e-05,0.003215766803805309,1.6819021551778973e-05,1.0130369621812662e-06,3.6499471516293625e-06,-0.0008894342211078765,-0.224609375,-0.087890625,-0.31338943439754985,0.00013204776563552345,2.1482005665589602e-05,-0.3125,,,,,,,,,,,
184,376832,-0.0025356838188599793,44.57035598754883,3.278004026412964,0.002967380535636099,0.02876542021986097,0.3203563089172045,-0.31527215242385864,6.811594009399414,0.7486979166666666,9.651072e-05,0.0032170239999999998,-0.3263871371746063,0.7217257022857666,5,30,False,0.006356953177601099,331.94242601442045,662.6227341407211,218.15961331289145,44.21957904982264,186.44150772901776,6,0.0,1.0,0.0,1.0,0.0,0.0,3.0,0.0,2.3333333333333335,0.0,0.0,0.0,0.0,0.0,0.0,0.0,263.3333333333333,-79.95495038347144,0.003903957860529772,2.904451870172197e-05,0.0019437118878613546,6.611809939991581e-05,2.8698887710731924e-08,9.181685713528093e-06,0.0009139620117366576,-0.19775390625,-0.05859375,-0.25543369331057875,0.0019892904913701394,7.532848400115463e-05,-0.25634765625,,,,,,,,,,,
185,378880,-0.002875108447430345,38.59265213012695,3.2766102949778237,0.0022786906045380185,0.02282789651459704,0.31600228895743687,-0.3579891324043274,6.411600589752197,0.7013346354166666,9.540480000000003e-05,0.0031801599999999996,-0.3271503746509552,0.721178412437439,5,30,False,0.0052025653421878815,331.7279800442914,667.0999689046439,219.97236028894258,44.69623089082597,186.44150772901776,5,0.0,0.8,0.0,1.0,0.0,0.0,2.8,0.0,3.0,0.2,0.2,0.0,0.0,0.0,0.0,0.0,276.6,-82.11324247695447,0.002454726352198122,6.324357748654919e-05,0.0024929851975912243,0.0008105284835570048,4.341097168767197e-05,1.0436676378233756e-05,-0.0018393914039052106,-0.18798828125,-0.048828125,-0.23865579825758232,2.4984732093447093e-05,0.0008643761316229105,-0.23681640625,,,,,,,,,,,
186,380928,-0.0038232750705598545,38.08892974853516,3.275718092918396,0.003737990258188953,0.03956327447667718,0.29708238144715626,0.22638289630413055,6.097447395324707,0.7430013020833334,9.429888000000002e-05,0.0031432959999999994,-0.32673782110214233,0.7214810252189636,5,30,False,0.00715866032987833,329.53309747655624,671.9427452516102,227.10563873795036,46.37039379583439,186.44150772901776,7,0.0,0.5714285714285714,0.0,0.8571428571428571,0.14285714285714285,0.0,2.142857142857143,0.14285714285714285,2.7142857142857144,0.42857142857142855,0.42857142857142855,0.0,0.0,0.0,0.2857142857142857,0.14285714285714285,383.14285714285717,-81.18432224821352,0.003101122031239356,0.00011014487018323749,0.0020863400471284876,0.000536208856868883,0.0001417456578600984,1.3190497562612369e-06,-0.0005543467270854308,-0.1806640625,-0.06103515625,-0.24225356303389844,0.001124926854294106,0.0006792735644852426,-0.24169921875,,,,,,,,,,,
187,382976,-0.001167884663057824,56.22339096069336,3.277251966794332,0.0008383812410034923,0.0011108593510774274,0.2817306081453959,-1.0434521436691284,7.61224889755249,0.7591145833333334,9.319296000000001e-05,0.003106432,-0.3263916075229645,0.7217419147491455,5,30,False,0.0030232330318540335,327.1577534555405,676.7822106955573,234.182164254933,48.92270959382586,186.44150772901776,10,0.0,0.9,0.0,1.0,0.0,0.0,2.8,0.0,2.6,0.2,0.2,0.0,0.0,0.0,0.0,0.0,251.1,-82.0554443089517,0.004201212763064177,4.2845051831497116e-05,0.0025478983432094537,0.00043188783263554964,7.001255200589362e-10,6.924887127723878e-06,0.0002573460470784994,-0.2587890625,-0.09765625,-0.3561879654388349,0.0016961594716862205,0.0004388134198887936,-0.3564453125,,,,,,,,,,,
188,385024,-0.001353471689314271,46.6579345703125,3.278264125188192,0.0021777648473335575,0.017743552480048188,0.27671172469854355,-0.8971380591392517,6.881168842315674,0.8004557291666666,9.208704000000003e-05,0.003069568,-0.32588064670562744,0.7221092581748962,5,30,False,0.005327031947672367,323.260822143625,681.9266298475268,247.0373273020232,51.17904095882841,186.44150772901776,7,0.0,1.0,0.0,1.0,0.0,0.0,3.0,0.0,3.0,0.0,0.0,0.0,0.0,0.0,0.0,0.0,255.71428571428572,-79.95312820366235,0.00327087820505767,7.301830396452824e-05,0.002245547607572007,0.00027979909350880905,1.7146210357366076e-06,8.163586734610817e-06,-0.00019132841805458156,-0.21484375,-0.068359375,-0.28339445124947815,0.0010983489014501913,0.0002896773012791565,-0.283203125,,,,,,,,,,,
189,387072,-0.003964153147535399,35.05174560546875,3.2798527479171753,0.003753407713273658,0.040050606751659265,0.29892826875050865,-0.673084020614624,6.152717113494873,0.70166015625,9.098112e-05,0.003032703999999999,-0.3254900872707367,0.7223950624465942,5,30,False,0.006514766253530979,321.02954457891,686.3195943533938,255.21745429103612,53.01790289081691,186.44150772901776,6,0.0,0.8333333333333334,0.0,0.8333333333333334,0.16666666666666666,0.0,2.5,0.16666666666666666,2.6666666666666665,0.3333333333333333,0.3333333333333333,0.0,0.0,0.0,0.0,0.16666666666666666,330.1666666666667,-77.50204984664651,0.0029250915963530133,4.681348330920487e-05,0.0015957164298043836,0.0005419182070909301,0.0,1.3375897367537876e-05,-0.00017910547944666178,-0.18798828125,-0.05126953125,-0.23943691219699303,0.0013761886498578346,0.0005552941044584679,-0.2392578125,,,,,,,,,,,
190,389120,-0.0015356184953513245,45.01460342407226,3.28086523214976,0.0007642877323357185,0.002377539058215916,0.2947622035940488,-0.3489771783351898,7.177478790283203,0.7159830729166666,8.987519999999999e-05,0.0029958399999999987,-0.32512015104293823,0.7226666808128357,5,30,False,0.0032152424100786448,319.84997813966993,690.8688855663204,260.92881523811957,53.447276550810784,186.44150772901776,6,0.0,1.0,0.0,1.0,0.0,0.0,3.0,0.0,2.3333333333333335,0.0,0.0,0.0,0.0,0.0,0.0,0.0,256.5,-79.67196802621379,0.0035348134788364405,4.662699245483459e-05,0.0017173292956158548,3.3617926318452174e-05,1.3490788227346574e-05,2.9700228374451854e-06,0.0008140324456462622,-0.205078125,-0.05859375,-0.262857844141422,0.0018641111756754203,5.007873738324393e-05,-0.263671875,,,,,,,,,,,
191,391168,-0.0033657433309902747,38.511423873901364,3.2810174226760864,0.0033222395835581695,0.034929691418074074,0.3214839681982994,0.2039342224597931,6.462285995483398,0.73046875,8.876928000000001e-05,0.0029589759999999994,-0.32552772760391235,0.7223647832870483,5,30,False,0.0069398777559399605,319.79816874245864,695.0815927842632,262.7405277941434,53.866064252812066,186.44150772901776,8,0.0,0.625,0.0,0.75,0.25,0.0,2.5,0.25,2.875,0.125,0.125,0.0,0.0,0.0,0.125,0.25,335.625,-73.37701711679733,0.0029985082328494173,1.8127652063886987e-05,0.0022555097341410146,0.0005100316972268823,7.784747846351081e-10,0.0,-0.0007489063392540629,-0.185546875,-0.0634765625,-0.2497723449981777,0.0007611261507722896,0.000510032475701667,-0.2490234375,,,,,,,,,,,
192,393216,-0.0022688255412504077,25.470679092407227,3.280678462982178,0.0010477935677324867,0.0037618154582257073,0.35245600938796995,0.1881767213344574,5.2912750244140625,0.6150716145833334,8.766336e-05,0.0029221119999999993,-0.32500430941581726,0.7227482199668884,5,30,False,0.0029657729901373386,319.82600499655626,699.198001062352,264.34764523719787,54.299440672810306,186.44150772901776,5,0.0,0.6,0.0,0.8,0.2,0.0,2.4,0.2,2.2,0.4,0.4,0.0,0.0,0.0,0.0,0.2,393.4,-77.60150275428313,0.001799442321795297,1.8781552977276865e-05,0.003099525371908385,0.0007738879005150245,0.0,0.0,-0.0030551893980259592,-0.1513671875,-0.04150390625,-0.1959262757783904,-0.001281301497135811,0.0007738879005150245,-0.19287109375,,,,,,,,,,,
193,395264,-0.0013628161318289737,50.895637893676756,3.2827195088068644,0.0016518756410017414,0.011410822649486363,0.3421784405906995,-1.1021437644958496,7.025299549102783,0.7548828125,8.655744000000002e-05,0.002885247999999999,-0.32451099157333374,0.7231082320213318,5,30,False,0.00524293864145875,319.59884636298847,704.0576873793179,265.9262360949215,54.98043780581793,186.44150772901776,9,0.0,0.8888888888888888,0.0,1.0,0.0,0.0,2.888888888888889,0.0,2.5555555555555554,0.1111111111111111,0.1111111111111111,0.0,0.0,0.0,0.0,0.0,273.8888888888889,-81.48623349470401,0.003819651995854656,4.931729621659997e-05,0.002445267417215291,0.0009070341254495684,9.881138541556478e-07,0.0,-0.00048432037755219426,-0.2392578125,-0.087890625,-0.3276327503742209,0.0014237018748559649,0.0009080222393037241,-0.3271484375,,,,,,,,,,,
194,397312,-0.0020864894225572548,37.66369285583496,3.2840974807739256,0.001958487425746775,0.013214922785603751,0.2873848780989647,0.029422303661704063,5.9588189125061035,0.837890625,8.545152000000001e-05,0.002848384,-0.3238654136657715,0.7235599756240845,5,30,False,0.005827267188578844,319.48010314810546,708.8084903572308,267.52041353717505,55.36572688281012,186.44150772901776,5,0.0,0.8,0.0,1.0,0.0,0.0,2.6,0.0,3.0,0.4,0.4,0.0,0.0,0.0,0.0,0.0,250.8,-84.21396090686612,0.0033625522232796357,5.990411562883935e-05,0.001727136077306568,0.0004776349291188836,0.000243771949327648,2.4962463892181513e-05,-5.104906000497067e-05,-0.18798828125,-0.048828125,-0.23686745084734184,0.001695320261601907,0.0007463693423387131,-0.23681640625,,,,,,,,,,,
195,399360,-0.003521717198115463,25.577768898010255,3.284789299964905,0.0032548692736175627,0.03330821244744584,0.35782403697570164,0.44723665714263916,5.243299961090088,0.57421875,8.434560000000001e-05,0.0028115199999999996,-0.3244495987892151,0.7231170535087585,5,30,False,0.007011616136878729,319.70028909751574,712.3826565601194,268.9129588902142,55.81359178380808,186.44150772901776,3,0.0,0.0,0.0,0.6666666666666666,0.3333333333333333,0.0,2.0,0.3333333333333333,3.0,0.6666666666666666,0.6666666666666666,0.0,0.0,0.0,0.0,0.3333333333333333,470.0,-75.8464812624831,0.0012232081350020962,1.2879904433743539e-05,0.0014205754512204294,0.0011939773121270036,0.0,0.0,-0.002378464728508334,-0.1416015625,-0.02197265625,-0.1659526803339304,-0.0001844874117845896,0.0011939773121270036,-0.16357421875,,,,,,,,,,,
196,401408,-0.0017218769547374297,25.66549186706543,3.2838865995407103,0.0016845699246266924,0.011481242789886891,0.3212815195322037,0.47643426060676575,5.092741012573242,0.6813151041666666,8.323968000000003e-05,0.0027746559999999995,-0.3238884210586548,0.7235187292098999,5,30,False,0.005254760384559631,319.7255153942294,716.4145575243165,270.51967490314564,56.32187347080617,186.44150772901776,8,0.0,0.375,0.0,0.625,0.375,0.0,2.125,0.375,2.125,0.375,0.375,0.0,0.0,0.0,0.125,0.375,422.25,-71.87439686045548,0.003295188255606263,3.868963261164683e-05,0.0012810589322498345,0.0018896229102924877,0.0,7.694676007474754e-09,-0.0008368116734800424,-0.126953125,-0.05615234375,-0.18394228129591284,0.002052818955968075,0.0018896306049684952,-0.18310546875,60,0.0,0.0,2.183333333333333,0.016666666666666666,2.683333333333333,0.75,0.75,0.0,0.016666666666666666,0.016666666666666666
197,403456,-0.0029720007092691957,45.40577850341797,3.2863202810287477,0.002976469196593459,0.025489328211794296,0.31378574917713803,-0.5331407785415649,7.063582420349121,0.7607421875,8.213376000000002e-05,0.0027377919999999993,-0.32316601276397705,0.7240485548973083,5,30,False,0.005448343697935343,305.87678441877165,721.1879165502614,272.04001871121,56.81857185380068,243.02959781202662,6,0.0,1.0,0.0,1.0,0.0,0.0,3.0,0.0,2.6666666666666665,0.0,0.0,0.0,0.0,0.0,0.0,0.0,243.16666666666666,-79.93815730075251,0.002503904722857442,3.7793271980113285e-05,0.003184976513239235,0.0004564688301957236,0.0,0.0,-0.002099747369555871,-0.234375,-0.05859375,-0.2950684904940033,-0.0006432785184016798,0.0004564688301957236,-0.29296875,,,,,,,,,,,
198,405504,-0.001343268798761225,44.637320327758786,3.2876455942789713,0.0018683618807925416,0.011668872782805314,0.3223047375679016,-0.04945087432861328,6.710103988647461,0.7919921875,8.102784000000004e-05,0.002700928,-0.3230907917022705,0.7240943312644958,5,30,False,0.004593022167682648,305.82476747338075,725.9351399052684,273.6281731281488,57.246543079803814,243.02959781202662,8,0.0,0.75,0.0,0.875,0.125,0.0,2.5,0.125,2.75,0.375,0.375,0.0,0.0,0.0,0.0,0.125,313.0,-79.99397102723128,0.0037757707609671343,2.9831813501690618e-05,0.002847903384008532,0.0004586872520300628,0.0,0.0,-0.0005009880503621389,-0.2099609375,-0.07080078125,-0.2812627029232999,0.0009576991904602927,0.0004586872520300628,-0.28076171875,,,,,,,,,,,
199,407552,-0.0019652363295638983,40.330345916748044,3.287898866335551,0.002232688583360391,0.016943037358578293,0.3348473409811656,-0.7713399529457092,6.956865310668945,0.6949869791666666,7.992192e-05,0.002664063999999999,-0.3227083683013916,0.7243620753288269,5,30,False,0.004325863905251026,305.9272120697127,730.2654978901264,274.92361190712836,57.73268692581041,243.02959781202662,5,0.0,0.8,0.0,1.0,0.0,0.0,2.8,0.0,3.0,0.2,0.2,0.0,0.0,0.0,0.0,0.0,214.0,-81.97570419095136,0.002370409160903364,3.613221864365735e-05,0.003142326720080746,0.00019220025813677932,0.0,1.8802354873059812e-07,-0.0019281736119864945,-0.1904296875,-0.048828125,-0.2411859805224026,-0.0007357853405337246,0.00019238828168550992,-0.2392578125,,,,,,,,,,,
200,409600,-0.0023259083711309357,35.63780746459961,3.2887317895889283,0.0018194247067168888,0.015370891774849346,0.29638095845778784,-0.0730566531419754,6.027357578277588,0.81201171875,7.8816e-05,0.002627199999999999,-0.32282698154449463,0.7242755889892578,5,30,False,0.005222970619797707,305.9476550034907,734.8316526990238,276.3059731191315,58.23825817980105,243.02959781202662,8,0.0,0.75,0.0,0.75,0.25,0.0,2.625,0.25,2.25,0.125,0.125,0.0,0.0,0.0,0.0,0.25,336.75,-72.96481335307965,0.003574102181573835,5.808627479542139e-05,0.001806362743934642,0.0006616000588816895,0.0,0.0,0.00016422561901663357,-0.1708984375,-0.0634765625,-0.23421077047947847,0.0018258257124346144,0.0006616000588816895,-0.234375,,,,,,,,,,,
201,411648,-0.002258979296311736,51.8838134765625,3.2876659949620564,0.0018398940047897106,0.014395852980669588,0.32800511171420416,-0.5250933766365051,7.024470329284668,0.7939453125,7.771008000000002e-05,0.0025903359999999995,-0.3232641816139221,0.7239634990692139,5,30,False,0.00567012932151556,305.9642679835504,739.5020473420009,277.7189133522188,58.62256941079977,243.02959781202662,7,0.0,0.5714285714285714,0.0,1.0,0.0,0.0,2.2857142857142856,0.0,2.7142857142857144,0.7142857142857143,0.7142857142857143,0.0,0.0,0.0,0.0,0.0,304.0,-87.48522264576293,0.00285686273173269,1.904385134499087e-05,0.0018835913078874,0.0018393686322690783,0.0,0.0,-0.0018470533821073332,-0.224609375,-0.068359375,-0.2948157944662171,0.0009923152751902808,0.0018393686322690783,-0.29296875,,,,,,,,,,,
202,413696,-0.0010090855881571769,41.199694061279295,3.287233901023865,0.00086722475464223,0.002873862662818283,0.3044496809442838,-0.1856054812669754,6.530745983123779,0.78173828125,7.660416000000001e-05,0.0025534719999999993,-0.32301199436187744,0.724144697189331,5,30,False,0.0031104478985071182,306.0105813693058,744.1365687779908,278.9903801592154,59.04640081479738,243.02959781202662,6,0.0,0.5,0.0,0.8333333333333334,0.16666666666666666,0.0,2.1666666666666665,0.16666666666666666,2.5,0.5,0.5,0.0,0.0,0.0,0.16666666666666666,0.16666666666666666,338.8333333333333,-80.44266912183714,0.0026114880341765456,4.2784594043287355e-05,0.0025646577444149443,0.0009135072938922656,0.0,8.900459083083234e-06,-0.001832792863240229,-0.19775390625,-0.05126953125,-0.2508562306106228,8.961488380488866e-05,0.0009224077529753488,-0.2490234375,,,,,,,,,,,
203,415744,-0.0026055685244500636,37.38820343017578,3.2881686290105185,0.0025842041032939477,0.022330846924645206,0.3268436377247175,0.48477891087532043,6.30684757232666,0.7018229166666666,7.549824e-05,0.002516607999999999,-0.3226882219314575,0.7243757247924805,5,30,False,0.005919098388403654,306.1240356027894,748.5852474408748,280.23143325548153,59.3970419128018,243.02959781202662,6,0.0,0.6666666666666666,0.0,0.8333333333333334,0.16666666666666666,0.0,2.6666666666666665,0.16666666666666666,3.0,0.16666666666666666,0.16666666666666666,0.0,0.0,0.0,0.0,0.16666666666666666,361.1666666666667,-76.43317713798812,0.0025537726360198576,5.0670190906525886e-05,0.004010137891782506,0.00022953494226911168,0.0,5.855065425830475e-07,-0.002635815537360031,-0.1806640625,-0.05126953125,-0.23456941721224212,-0.0014056950648561224,0.00023012044881169473,-0.23193359375,,,,,,,,,,,
204,417792,-0.0016813933926944932,43.54716835021973,3.2891923666000364,0.0017002109887717342,0.010282428496672462,0.2754071185986201,-0.8272424936294556,6.962794303894043,0.7521158854166666,7.439232000000002e-05,0.002479743999999999,-0.32242700457572937,0.724561333656311,5,30,False,0.003918361384421587,306.19291818463233,753.2690443599713,281.41964615654433,59.75601964980888,243.02959781202662,7,0.0,0.8571428571428571,0.0,1.0,0.0,0.0,2.857142857142857,0.0,2.7142857142857144,0.14285714285714285,0.14285714285714285,0.0,0.0,0.0,0.0,0.0,273.0,-81.92977326619192,0.0038473142858492793,6.094613547685812e-05,0.001753083770864805,0.00027795818885034684,2.2747595499847395e-05,5.2510512329462244e-06,0.0008492198157625808,-0.2001953125,-0.068359375,-0.26770546457808564,0.0021551766504613323,0.00030595683558314046,-0.2685546875,,,,,,,,,,,
205,419840,-0.0027453014394268394,32.99854202270508,3.289223901430766,0.0020054531806393385,0.016882311393662044,0.3400574684143066,-0.18550895154476166,5.924330234527588,0.6730143229166666,7.328640000000002e-05,0.0024428799999999997,-0.3227272033691406,0.7243474721908569,5,30,False,0.0060517145320773125,306.2616973748033,757.5053114501352,282.83231744749355,60.345599126798334,243.02959781202662,5,0.0,0.8,0.0,1.0,0.0,0.2,2.8,0.0,2.8,0.2,0.2,0.0,0.0,0.0,0.0,0.0,306.8,-78.08968403955441,0.0018982389637116626,3.669193458372827e-05,0.0024341942527144056,0.000544482051506423,0.0,0.0,-0.0020437454163584334,-0.185546875,-0.048828125,-0.23641874348084002,-0.0004992633544190148,0.000544482051506423,-0.234375,,,,,,,,,,,
206,421888,-0.0020928943529725077,38.19124488830566,3.288409924507141,0.0024825069245404544,0.01977211059226344,0.3044166664282481,-0.5075216889381409,6.529222011566162,0.6746419270833334,7.218048000000004e-05,0.0024060159999999995,-0.3228774964809418,0.7242443561553955,5,30,False,0.005541087593883276,306.3184784926248,761.7747766992543,284.4163615675061,60.770516841788776,243.02959781202662,8,0.0,0.75,0.0,0.875,0.125,0.0,2.625,0.125,2.25,0.25,0.25,0.0,0.0,0.0,0.0,0.125,323.25,-78.37032885591292,0.003175569885115692,8.315851087348225e-05,0.0022199946808996174,0.00032248477388148455,0.0,0.0,-0.0002837510826338985,-0.2099609375,-0.07080078125,-0.28104547412567626,0.001038733715089557,0.00032248477388148455,-0.28076171875,,,,,,,,,,,
207,423936,-0.0022454294841736553,40.88478813171387,3.2882166306177774,0.0028626713973356516,0.02451036135510852,0.32476714650789895,-0.29493623971939087,6.7813005447387695,0.72265625,7.107456000000003e-05,0.0023691519999999994,-0.3228074312210083,0.7243022918701172,5,30,False,0.004643450956791639,306.29752899725224,766.2504260823043,286.13029894561623,61.209458429788356,243.02959781202662,8,0.0,0.875,0.0,0.875,0.125,0.0,2.875,0.125,2.5,0.0,0.0,0.0,0.0,0.0,0.0,0.125,281.5,-75.60247052785678,0.0038821201133032446,1.3220123773471926e-05,0.0023293154604289157,5.1683612264416534e-05,0.0,6.197771696969667e-07,0.000513721358530006,-0.21484375,-0.07080078125,-0.2851308128771137,0.0015660247766478008,5.23033894341135e-05,-0.28564453125,,,,,,,,,,,
208,425984,-0.001772021985379979,34.325721740722656,3.288338073094686,0.0021193539638780013,0.017946616901705664,0.3065417428811391,0.3375503420829773,5.883188724517822,0.79541015625,6.996864000000002e-05,0.002332288,-0.3229157328605652,0.7242132425308228,5,30,False,0.005893470253795385,306.1800765878323,771.2467046243837,287.8054527918139,61.60348111180065,243.02959781202662,6,0.0,1.0,0.0,1.0,0.0,0.0,3.0,0.0,2.6666666666666665,0.0,0.0,0.0,0.0,0.0,0.0,0.0,252.16666666666666,-80.28961437068513,0.002809498603483007,8.159674867835864e-05,0.0026862234819873265,0.00021817044950037025,0.0,0.0,-0.001013298576907573,-0.185546875,-0.05859375,-0.2451539201518642,0.0002048718701740393,0.00021817044950037025,-0.244140625,,,,,,,,,,,
209,428032,-0.003298173708996425,28.305550384521485,3.2869758049647015,0.001933997958324849,0.015391268402648468,0.3522895445426305,0.6876072883605957,5.4280548095703125,0.6604817708333334,6.886272000000002e-05,0.002295423999999999,-0.32374638319015503,0.7236050367355347,5,30,False,0.006330091506242752,305.8088185281146,775.786560704335,290.3133212179091,62.79070134880021,243.02959781202662,7,0.0,0.8571428571428571,0.0,1.0,0.0,0.0,2.7142857142857144,0.0,3.0,0.2857142857142857,0.2857142857142857,0.0,0.0,0.0,0.0,0.0,386.14285714285717,-83.37846951191516,0.0018777271146745989,3.690637736689095e-05,0.0029187401860326645,0.0007195237902404006,8.368992557575977e-06,0.0,-0.002731999516072392,-0.1806640625,-0.068359375,-0.2517554359192218,-0.0010041066939911747,0.0007278927827979766,-0.2490234375,,,,,,,,,,,
210,430080,-0.002002517421108981,42.236291122436526,3.2853548447291057,0.0029156109006826096,0.025800713586310545,0.27577364842096963,0.19794905185699463,6.739541530609131,0.7937825520833334,6.775680000000001e-05,0.002258559999999999,-0.3237464427947998,0.7236127257347107,5,30,False,0.006571346893906593,305.47668730781953,780.8358356803801,292.99594432090817,63.12082753480354,243.02959781202662,7,0.0,0.8571428571428571,0.0,0.8571428571428571,0.14285714285714285,0.0,2.5714285714285716,0.2857142857142857,3.0,0.14285714285714285,0.14285714285714285,0.0,0.0,0.0,0.0,0.14285714285714285,251.28571428571428,-73.55433596468662,0.00343803222904171,3.5340458902355376e-05,0.0015255106826543852,8.201964302217285e-06,0.0,4.784031808896527e-08,0.0009396121990050688,-0.185546875,-0.06103515625,-0.24564242087157595,0.00194786200528968,8.24980462030625e-06,-0.24658203125,,,,,,,,,,,
211,432128,-0.003441204138410588,58.555244827270506,3.2858625491460165,0.003048742710539822,0.02871154809060196,0.3120100652178129,-1.1931180953979492,7.691008567810059,0.73974609375,6.665088e-05,0.0022216959999999987,-0.3235415816307068,0.7237660884857178,5,30,False,0.006691250950098038,305.4893979464844,785.5797385883925,294.25873328885064,63.59961786281201,243.02959781202662,8,0.0,0.625,0.0,1.0,0.0,0.0,2.25,0.0,2.75,0.75,0.75,0.0,0.0,0.0,0.0,0.0,311.375,-87.97050025140334,0.003080472336478124,1.521019854611172e-05,0.0028952151219527877,0.001472745598050551,6.527930532445681e-07,0.0,-0.002272931005109058,-0.29296875,-0.078125,-0.3733666732182428,0.00020046741307144789,0.0014733983911037955,-0.37109375,,,,,,,,,,,
212,434176,-0.0020121566359496985,50.90337448120117,3.2868972857793173,0.0028176152549955684,0.020850674241470794,0.3029157062371572,-1.3717546463012695,7.126760005950928,0.7796223958333334,6.554496000000002e-05,0.0021848319999999994,-0.32308492064476013,0.7240954637527466,5,30,False,0.005346821621060371,305.547082381181,790.4115904692881,295.4322254857834,63.87336728280934,243.02959781202662,9,0.0,1.0,0.0,1.0,0.0,0.0,3.0,0.0,3.0,0.0,0.0,0.0,0.0,0.0,0.0,0.0,217.55555555555554,-79.88659760007386,0.004250769996360759,5.5122216904957e-05,0.002093335962058518,0.0,0.0,0.0,0.0012125562420237657,-0.25390625,-0.087890625,-0.3405843130323092,0.0022125562512071983,0.0,-0.341796875,,,,,,,,,,,
213,436224,-0.002948837106426557,47.977291107177734,3.287495772043864,0.00405239274133619,0.047068127306799094,0.32073995272318523,-0.6581929326057434,7.1598711013793945,0.6881510416666666,6.443904000000001e-05,0.002147968,-0.3233453035354614,0.7239035367965698,5,30,False,0.008307106792926788,305.75765772214237,794.5410787374421,296.5296077246603,64.22076795980684,243.02959781202662,6,0.0,0.8333333333333334,0.0,1.0,0.0,0.0,2.8333333333333335,0.0,3.0,0.16666666666666666,0.16666666666666666,0.0,0.0,0.0,0.0,0.0,277.3333333333333,-81.9942389330569,0.002647573782553536,5.362827461208438e-05,0.0032591880080872215,0.000427687581425501,6.872835544506194e-05,0.0,-0.002054401869827416,-0.21240234375,-0.05859375,-0.27305050003457154,-0.000557985950921601,0.000496415936870563,-0.27099609375,,,,,,,,,,,
214,438272,-0.0011960552462066214,59.64221458435058,3.2864940881729128,0.001789471262486586,0.010162371412540476,0.345079863568147,-1.3896985054016113,8.064923286437988,0.7491861979166666,6.333312000000003e-05,0.002111103999999999,-0.3233707845211029,0.7238808870315552,5,30,False,0.003938381094485521,305.8234528887862,799.1366072274686,297.822193378699,64.55496509080695,243.02959781202662,11,0.0,0.8181818181818182,0.0,0.9090909090909091,0.09090909090909091,0.09090909090909091,2.727272727272727,0.09090909090909091,2.6363636363636362,0.09090909090909091,0.09090909090909091,0.0,0.0,0.0,0.09090909090909091,0.09090909090909091,247.36363636363637,-76.36508212543525,0.004014048829958483,1.9467263606649104e-05,0.0020840345668631244,0.00027608043274694304,0.0,0.0,0.0006734011076616753,-0.2783203125,-0.10009765625,-0.3777445648129003,0.0019494815267020078,0.00027608043274694304,-0.37841796875,,,,,,,,,,,
215,440320,-0.0014338158265066643,43.40912132263183,3.2873950084050496,0.0013340528685222874,0.005487810304233184,0.2736181611816088,0.04966907575726509,6.53660249710083,0.7906901041666666,6.222720000000003e-05,0.0020742399999999998,-0.32286667823791504,0.7242465019226074,5,30,False,0.0038187066093087196,305.89934971998696,804.004174616508,298.87402542159543,64.82811567781027,243.02959781202662,7,0.0,1.0,0.0,1.0,0.0,0.0,3.0,0.0,2.7142857142857144,0.0,0.0,0.0,0.0,0.0,0.0,0.0,207.42857142857142,-79.92462966904239,0.003639244330315705,2.282852807899971e-05,0.00296903135881621,0.0,9.91988435855573e-05,0.0,-0.0004061573476974445,-0.234375,-0.068359375,-0.3031405297308538,0.000693041499578495,9.91988435855573e-05,-0.302734375,,,,,,,,,,,
216,442368,-0.0028387888424428335,34.65870552062988,3.288152488072713,0.0023110087645602444,0.0190172284298266,0.3402824078996976,-0.16405577957630157,6.030616760253906,0.7277018229166666,6.112128000000002e-05,0.0020373759999999987,-0.32305100560188293,0.7241126894950867,5,30,False,0.006287712138146162,306.02407358456355,808.5532584664325,299.9261444266449,65.18471886881161,243.02959781202662,7,0.0,1.0,0.0,1.0,0.0,0.0,3.0,0.0,2.7142857142857144,0.0,0.0,0.0,0.0,0.0,0.0,0.0,314.0,-80.3840780087399,0.003275181499247992,4.7549300628446645e-05,0.0020842983053626085,0.0,0.0,5.240381064669508e-06,0.0002331921284053351,-0.1953125,-0.068359375,-0.26343868407485616,0.0012384324945138303,5.240381064669508e-06,-0.263671875,,,,,,,,,,,
217,444416,-0.0005951733406012257,25.679598236083983,3.287360596656799,0.001106194562366171,0.0027521426828267673,0.3297162796060244,0.456976979970932,4.972400188446045,0.7229817708333334,6.001536000000004e-05,0.0020005119999999994,-0.32319366931915283,0.7240206003189087,5,30,False,0.0035009835846722126,306.0529673222201,813.1706667685503,301.2164108097204,65.68147407680226,243.02959781202662,7,0.0,1.0,0.0,1.0,0.0,0.0,3.0,0.0,2.7142857142857144,0.0,0.0,0.0,0.0,0.0,0.0,0.0,257.57142857142856,-79.93045274620142,0.002968233408864762,6.047051226237832e-05,0.0018837762066254982,3.958468544840166e-06,2.3744837650774286e-05,0.0,0.00011722442650352605,-0.166015625,-0.068359375,-0.23425777170791662,0.0011449277145016423,2.7703306195614452e-05,-0.234375,,,,,,,,,,,
218,446464,-0.0019319126770521204,66.15420646667481,3.287002460161845,0.0019839713368816903,0.012320861852883051,0.3158339257041613,-1.7331527471542358,8.377305030822754,0.6852213541666666,5.8909440000000005e-05,0.0019636479999999984,-0.32341092824935913,0.7238750457763672,5,30,False,0.00475584901869297,305.9200596719467,817.8529288045247,302.88914828473935,66.47508761980862,243.02959781202662,10,0.0,0.9,0.0,1.0,0.0,0.0,2.8,0.0,2.6,0.2,0.2,0.0,0.0,0.0,0.0,0.0,317.0,-82.40162151112327,0.0026989773896275437,1.695045485775717e-05,0.003913280690767351,0.0004980243204953938,0.000366735752685754,0.0,-0.003062112907613823,-0.283203125,-0.09765625,-0.38392149587456004,-0.0011973528462820501,0.0008647600731811478,-0.380859375,,,,,,,,,,,
219,448512,-0.0006994809334476789,30.400370025634764,3.2863706906636554,0.0004889095849526931,0.0008402983929651479,0.3052999089161555,0.4387819468975067,5.579273700714111,0.8201497395833334,5.780352e-05,0.001926783999999999,-0.3235093951225281,0.7238024473190308,5,30,False,0.0020297588780522346,305.82792250336786,822.664617983537,304.413569211858,67.14423784881365,243.02959781202662,3,0.0,1.0,0.0,1.0,0.0,0.0,3.0,0.0,3.0,0.0,0.0,0.0,0.0,0.0,0.0,0.0,241.66666666666666,-80.26254346504295,0.003423817537516527,4.539657861922248e-05,0.0026783792566220654,9.995190117878527e-06,5.971267673055003e-05,2.252741573439271e-06,-0.00028112575307659426,-0.15625,-0.029296875,-0.18582799519560922,0.000790834859513684,7.196060842186783e-05,-0.185546875,,,,,,,,,,,
220,450560,-0.00169273988964657,40.31938209533691,3.2861929178237914,0.0013997650807359336,0.009042930777650327,0.33302758435408275,0.08655308187007904,6.783112525939941,0.6824544270833334,5.669760000000002e-05,0.0018899199999999998,-0.32357358932495117,0.723759651184082,5,30,False,0.004198238719254732,305.305245658157,827.098745578478,308.10822314277175,68.06074695181451,243.02959781202662,6,0.0,0.6666666666666666,0.0,1.0,0.0,0.0,2.6666666666666665,0.0,2.8333333333333335,0.16666666666666666,0.16666666666666666,0.0,0.0,0.0,0.16666666666666666,0.0,320.3333333333333,-83.19983989142209,0.0026477787102976436,2.2825340721538412e-05,0.0037312133649720636,0.0003481882509011047,2.4667788261052703e-05,1.0133644064325154e-05,-0.002443598994716467,-0.17333984375,-0.05859375,-0.23437719541044544,-0.0010606093139528816,0.0003829896832264826,-0.23193359375,,,,,,,,,,,
221,452608,-0.0010990530950948595,54.92052307128906,3.2856239159901937,0.0012622937918892573,0.007823290761249761,0.292093899846077,-1.1067596673965454,7.817241191864014,0.7581380208333334,5.559168000000001e-05,0.0018530559999999988,-0.32395505905151367,0.7234749794006348,5,30,False,0.0027387752197682858,303.64421871287067,831.833559937586,317.46824227881734,68.61481275281403,243.02959781202662,9,0.0,0.8888888888888888,0.0,1.0,0.0,0.0,2.7777777777777777,0.0,2.3333333333333335,0.0,0.0,0.0,0.0,0.0,0.2222222222222222,0.0,280.77777777777777,-81.26670832869988,0.003645067676643521,6.062237484005806e-05,0.002205882543421467,0.00011295193284347068,0.00014906973077416508,0.0,0.00023778586432854354,-0.2587890625,-0.087890625,-0.34644189681080206,0.001499807508062112,0.00026202166361763576,-0.3466796875,,,,,,,,,,,
222,454656,-0.001225941472997268,35.013343048095706,3.28477631409963,0.0014652346017974198,0.00862161082526048,0.3108140329519908,0.37011370062828064,5.9457244873046875,0.7853190104166666,5.448576e-05,0.0018161919999999995,-0.323995977640152,0.7234376668930054,5,30,False,0.004625874571502209,303.51038777591555,836.5088953305094,319.23543103193515,69.42360138881486,243.02959781202662,5,0.0,1.0,0.0,1.0,0.0,0.0,3.0,0.0,2.6,0.0,0.0,0.0,0.0,0.0,0.0,0.0,281.6,-80.04841708789282,0.002721232057410816,3.951414614711268e-05,0.0030754207141399093,0.00036722784973615516,8.730075198603443e-05,6.147322579863612e-07,-0.00176981783181418,-0.1904296875,-0.048828125,-0.24102763549353767,-0.00031467451058198037,0.00045514333398017596,-0.2392578125,,,,,,,,,,,
223,456704,-0.0013338218675926327,39.81181297302246,3.2855517705281576,0.0007921766153771696,0.001304191688541323,0.3132495477795601,0.043452050536870956,6.663015365600586,0.7039388020833334,5.3379839999999996e-05,0.0017793279999999984,-0.32341986894607544,0.7238611578941345,5,30,False,0.0028626369312405586,303.2193515203941,840.9612655655801,322.2577863549959,69.97124801881728,243.02959781202662,8,0.0,0.875,0.0,0.875,0.125,0.0,2.75,0.125,2.75,0.125,0.125,0.0,0.0,0.0,0.0,0.125,281.625,-77.27050409032871,0.003413647427350952,1.4754168077717178e-05,0.0023639684056888655,0.0002993830145027257,0.0,0.0,-0.000234949826420916,-0.205078125,-0.07080078125,-0.2761138538273542,0.0010644331897398038,0.0002993830145027257,-0.27587890625,,,,,,,,,,,
224,458752,-0.0032687888907579083,59.56885108947754,3.2863866885503135,0.0032785515173270477,0.03100233852940922,0.3469684342543284,-0.8846380114555359,7.7936906814575195,0.7721354166666666,5.227392000000004e-05,0.0017424639999999991,-0.32371819019317627,0.7236509323120117,5,30,False,0.006756036542356014,303.09982513818426,845.5996063377243,324.2905435560242,70.48979053381481,243.02959781202662,10,0.0,0.8,0.0,0.9,0.1,0.0,2.8,0.1,3.0,0.1,0.1,0.0,0.0,0.0,0.0,0.1,257.0,-77.3972056065144,0.0038905226779206714,4.6467851607667754e-05,0.0028249314354980015,0.00013906146386943874,0.0,0.0,-2.7002330170944333e-05,-0.2783203125,-0.09033203125,-0.36867933838072986,0.0011120590940303376,0.00013906146386943874,-0.36865234375,,,,,,,,,,,
225,460800,-0.0017157491859203825,30.614689445495607,3.285872721672058,0.0012591681300939091,0.005722040822729468,0.30341007361809413,0.6049102544784546,5.6182451248168945,0.7560221354166666,5.1168000000000036e-05,0.0017055999999999998,-0.323397696018219,0.7238833904266357,5,30,False,0.004166851285845041,302.9408369800079,850.5413683728839,326.1696391191799,71.06615829281509,243.02959781202662,8,0.0,1.0,0.0,1.0,0.0,0.0,3.0,0.0,3.0,0.0,0.0,0.0,0.0,0.0,0.0,0.0,285.0,-80.26939219784026,0.002998691003085696,1.678270127358772e-05,0.004024617678169307,6.329619473624537e-07,2.407478511323724e-06,0.0,-0.0020121844127061195,-0.21484375,-0.078125,-0.29498092526205255,-0.0010091439738100227,3.0404404586861777e-06,-0.29296875,,,,,,,,,,,
226,462848,-0.0014213484634334843,33.05751686096191,3.286965497334798,0.0020155542577413145,0.01284946243589123,0.3301571041345596,0.7393665313720703,5.755529403686523,0.7962239583333334,5.006208000000003e-05,0.0016687359999999988,-0.3232119083404541,0.7240195274353027,5,30,False,0.004538435954600573,302.7752259267869,855.3730675677944,328.0023159802804,71.85251967381919,243.02959781202662,5,0.0,1.0,0.0,1.0,0.0,0.0,3.0,0.0,2.6,0.0,0.0,0.0,0.0,0.0,0.0,0.0,281.8,-80.64301212184618,0.003149748059513513,6.082923738759405e-05,0.0024216192716721707,1.981105411760775e-06,0.0,2.6599713130459612e-06,-0.00021568304032371088,-0.15625,-0.048828125,-0.20529380824575583,0.0007889580252289363,4.641076724806736e-06,-0.205078125,,,,,,,,,,,
227,464896,-0.0010463775834068656,34.852899169921876,3.2872430324554442,0.0007031426845432488,0.001594687435620775,0.3503033936023712,0.19134768843650818,6.321229934692383,0.6980794270833334,4.895616000000002e-05,0.0016318719999999995,-0.3231697678565979,0.7240581512451172,5,30,False,0.003005916252732277,302.70982025931323,859.8224730947404,329.8841761071526,72.47363854880678,243.02959781202662,4,0.0,1.0,0.0,1.0,0.0,0.0,3.0,0.0,2.5,0.0,0.0,0.0,0.0,0.0,0.0,0.0,365.0,-80.32903862584442,0.0024089605142307846,2.369055998979741e-05,0.002288728286771402,0.00047669842807979146,1.106724037358564e-05,0.0,-0.0013438428826475501,-0.17578125,-0.0390625,-0.21618759235821017,0.00014392278744917997,0.0004877656684533771,-0.21484375,,,,,,,,,,,
228,466944,-0.0015520996996201575,52.64762992858887,3.2871322631835938,0.001764958157304063,0.01173435861710459,0.29662106384833653,-0.2804434299468994,6.783819675445557,0.80126953125,4.7850240000000014e-05,0.0015950079999999985,-0.3233349323272705,0.723939061164856,5,30,False,0.005139590241014957,302.541913221898,864.8213480066042,331.8162895211135,72.99385775381234,243.02959781202662,10,0.0,0.7,0.0,0.9,0.1,0.0,2.5,0.1,2.8,0.4,0.4,0.0,0.0,0.0,0.0,0.1,313.6,-80.77670579708676,0.003996605519205332,4.4803399439574676e-05,0.002221066119545867,0.0005606262270703155,2.341040396258709e-09,8.361414836066672e-07,0.000258878095394266,-0.234375,-0.09033203125,-0.3244481525993024,0.0018203427990990395,0.0005614647095943184,-0.32470703125,,,,,,,,,,,
229,468992,-0.00203078105696477,50.5807804107666,3.2871675888697305,0.0018156835884401664,0.015214394335635007,0.2993021806081136,-0.6701673269271851,7.2958879470825195,0.7610677083333334,4.674432000000001e-05,0.0015581439999999992,-0.32295966148376465,0.7242146730422974,5,30,False,0.0060298568569123745,302.2178232630461,868.9956374645699,334.9173120102496,73.97641385381576,243.02959781202662,6,0.0,1.0,0.0,1.0,0.0,0.0,3.0,0.0,3.0,0.0,0.0,0.0,0.0,0.0,0.0,0.0,218.66666666666666,-79.82826738720284,0.0028275077715989028,2.673095275274734e-05,0.0020574835473325948,0.000605048316316116,2.0054407292152676e-07,0.0,-0.0008084936834507062,-0.205078125,-0.05859375,-0.264480366560349,0.0007967551770190553,0.0006052488603890375,-0.263671875,,,,,,,,,,,
230,471040,-0.0025081007624976337,68.41265068054199,3.2878057320912677,0.002741606399566101,0.024210567609407006,0.3273966039220492,-1.2835443019866943,8.399043083190918,0.76171875,4.56384e-05,0.0015212799999999981,-0.3231997787952423,0.7240394949913025,5,30,False,0.006786390673369169,301.7470568912994,873.6356866025308,338.4181062033749,74.81545169081073,243.02959781202662,11,0.0,0.8181818181818182,0.0,0.8181818181818182,0.18181818181818182,0.0,2.6363636363636362,0.18181818181818182,2.4545454545454546,0.18181818181818182,0.18181818181818182,0.0,0.0,0.0,0.0,0.18181818181818182,302.09090909090907,-75.57641709241811,0.004095494434295688,2.4494572759881095e-05,0.0024435318498490233,7.104651115215008e-05,0.0,0.0,0.0006054106422652694,-0.234375,-0.0927734375,-0.3265430267515512,0.0016764571572065456,7.104651115215008e-05,-0.3271484375,,,,,,,,,,,
231,473088,-0.0013039816947033008,57.95449676513672,3.2866653203964233,0.0008463058872604845,0.003133691020775586,0.30420235693454745,-0.42719289660453796,7.667356967926025,0.8313802083333334,4.453247999999999e-05,0.0014844159999999988,-0.3235713541507721,0.7237658500671387,5,30,False,0.0038421349599957466,300.7128992017289,878.3654207805375,344.05085251027776,76.45474623280461,243.02959781202662,7,0.0,1.0,0.0,1.0,0.0,0.0,3.0,0.0,2.7142857142857144,0.0,0.0,0.0,0.0,0.0,0.0,0.0,205.14285714285714,-79.71673591725586,0.003089046239210802,3.637355444796597e-05,0.0031892022579995682,1.3975659262088769e-06,1.6382875414611142e-07,0.0,-0.001065343815724873,-0.244140625,-0.068359375,-0.31356534214279463,-6.378246434080026e-05,1.5613946803549883e-06,-0.3125,,,,,,,,,,,
232,475136,-0.0013673411682248115,51.84677429199219,3.285635058085124,0.0010089765266927916,0.0019542609031001725,0.30283156434694924,-0.9382408261299133,7.515495777130127,0.7194010416666666,4.342656000000004e-05,0.0014475519999999995,-0.32388877868652344,0.7235344648361206,5,30,False,0.002919396385550499,299.5741778172977,882.5427846354287,350.662624334218,78.32976516580675,243.02959781202662,8,0.0,0.75,0.0,0.875,0.125,0.0,2.75,0.125,2.875,0.0,0.0,0.0,0.0,0.0,0.125,0.125,308.375,-76.68759617567753,0.0036227164488309427,6.633008878664803e-05,0.002159216667507735,0.0001636507044515123,3.906895037736335e-06,9.285623019549948e-06,0.00035298663090088667,-0.21728515625,-0.07080078125,-0.28773293828760416,0.0015298298701098556,0.0001768432225087986,-0.2880859375,,,,,,,,,,,
233,477184,-0.0012271524717410406,42.3920352935791,3.2854604880015055,0.0011712185512643834,0.0038700630810732644,0.309576191008091,-0.13954031467437744,6.945040702819824,0.7132161458333334,4.232064000000003e-05,0.0014106879999999985,-0.3235938549041748,0.7237496376037598,5,30,False,0.0038393063005059958,298.9392291620069,886.8876006344071,353.1590024422476,81.5507174568047,243.02959781202662,7,0.0,1.0,0.0,1.0,0.0,0.0,3.0,0.0,3.0,0.0,0.0,0.0,0.0,0.0,0.0,0.0,226.0,-80.0244140805779,0.0031980999731331394,5.1966115995102924e-05,0.002897087090786954,0.00021579219493865625,0.0,0.0,-0.0008628131947716611,-0.21484375,-0.068359375,-0.2840659401836092,0.00035297899834128843,0.00021579219493865625,-0.283203125,,,,,,,,,,,
234,479232,-0.0016768880964567264,44.55941047668457,3.2865687131881716,0.0015667130725765847,0.01296942455228418,0.30242494195699693,-0.6262508630752563,7.095883369445801,0.73095703125,4.1214720000000025e-05,0.0013738239999999992,-0.3232452869415283,0.7240093946456909,5,30,False,0.0035369452089071274,298.08418139604794,891.7095807676524,358.9224276522,82.262245729813,243.02959781202662,6,0.0,1.0,0.0,1.0,0.0,0.0,3.0,0.0,2.6666666666666665,0.0,0.0,0.0,0.0,0.0,0.0,0.0,276.3333333333333,-80.35058046660727,0.0030277287655735563,5.0085524956250405e-05,0.00349780056990312,0.00026428762510094517,9.367209307518942e-06,0.0,-0.001693641143788227,-0.234375,-0.05859375,-0.2946623852877792,-0.00041998627937331334,0.0002736548344084641,-0.29296875,,,,,,,,,,,
235,481280,-0.0014753122130059637,78.72567443847656,3.2874244928359984,0.002673555455610088,0.020081947433451812,0.27712124089399975,-0.35784754157066345,8.694670677185059,0.8414713541666666,4.010880000000002e-05,0.0013369599999999999,-0.3230464458465576,0.7241570353507996,5,30,False,0.005906712729483843,296.42113330436604,896.6669893377257,367.4402099233557,84.53254574580933,243.02959781202662,12,0.0,1.0,0.0,1.0,0.0,0.0,3.0,0.0,2.5,0.0,0.0,0.0,0.0,0.0,0.0,0.0,225.25,-79.94772817856922,0.0043452226341287314,2.1219587133636253e-05,0.002705200630884974,3.737878131460093e-05,1.2815761010642746e-05,0.0,0.0006110470404792068,-0.2734375,-0.1171875,-0.3900139568032728,0.0016612415903773936,5.0194542325243674e-05,-0.390625,,,,,,,,,,,
236,483328,-0.001236688617306451,56.74404640197754,3.287854067484538,0.0007302659860755253,0.0015584715564424792,0.3312730073928833,-1.0068714618682861,7.6977219581604,0.7716471354166666,3.900288000000001e-05,0.0013000959999999988,-0.32293814420700073,0.7242266535758972,5,30,False,0.002824316034093499,295.7203071025817,901.5042835936911,372.47460999035684,85.2757118158188,243.02959781202662,8,0.0,1.0,0.0,1.0,0.0,0.0,3.0,0.0,3.0,0.0,0.0,0.0,0.0,0.0,0.0,0.0,227.125,-80.02092594586503,0.003383254394066171,2.3052376627807902e-05,0.003473202576287804,2.0501205522222895e-06,0.0,0.0,-0.0010689459274999535,-0.2734375,-0.078125,-0.35263144404621016,-6.689580559382513e-05,2.0501205522222895e-06,-0.3515625,,,,,,,,,,,
237,485376,-0.0020950102421920746,54.328424072265626,3.2878397703170776,0.0027170747880238618,0.0218262720387429,0.30294880270957947,-0.8633434176445007,7.465908050537109,0.78125,3.789696000000006e-05,0.0012632319999999995,-0.3230893313884735,0.7241150736808777,5,30,False,0.00575499702244997,295.6397393846189,906.2774114776839,374.38170108236955,85.80175242981932,243.02959781202662,12,0.0,1.0,0.0,1.0,0.0,0.0,3.0,0.0,3.0,0.0,0.0,0.0,0.0,0.0,0.0,0.0,237.66666666666666,-80.3443881374762,0.004324196730067342,3.969479121185282e-05,0.00332243264057297,0.00017874883053536905,3.859453564514226e-06,0.0,-0.00014114944002585617,-0.29296875,-0.1171875,-0.4102973917272834,0.0010414588807062253,0.00018260828409988328,-0.41015625,,,,,,,,,,,
238,487424,-0.000750875174223135,66.81722946166992,3.2871421257654827,0.0003560065883464747,0.0001192859218766292,0.2950498521327972,-1.5884181261062622,8.010964393615723,0.8204752604166666,3.679104e-05,0.0012263679999999985,-0.3233606517314911,0.7239179611206055,5,30,False,0.0009853109950199723,295.62310229835964,911.1071729028481,375.9019630164694,86.32171694582212,243.02959781202662,9,0.0,1.0,0.0,1.0,0.0,0.0,3.0,0.0,2.7777777777777777,0.0,0.0,0.0,0.0,0.0,0.0,0.0,168.66666666666666,-79.68867790696761,0.004313096059377131,5.966074706598157e-05,0.002767479232147707,0.0,0.0,0.0,0.000605277555507655,-0.302734375,-0.087890625,-0.3900197196292652,0.001605277574295405,0.0,-0.390625,,,,,,,,,,,
239,489472,-0.002803486923221499,39.10201797485352,3.286566376686096,0.0022234133205501125,0.02217209294127921,0.305172897875309,0.5480698943138123,6.281746864318848,0.8408203125,3.568511999999999e-05,0.0011895039999999992,-0.3234388530254364,0.7238596677780151,5,30,False,0.004889886826276779,295.63022944919715,916.0667366698617,377.21733657347795,86.79257069181767,243.02959781202662,8,0.0,1.0,0.0,1.0,0.0,0.0,3.0,0.0,3.0,0.0,0.0,0.0,0.0,0.0,0.0,0.0,241.875,-80.13367978211909,0.003758761025437707,9.349462913806061e-05,0.002774731829049415,3.259856254369739e-07,3.552271095457263e-06,0.0,7.364552197941521e-05,-0.21484375,-0.078125,-0.2928950979530782,0.0010775238255263525,3.878256720894237e-06,-0.29296875,,,,,,,,,,,
240,491520,-0.0007153039642920097,49.17751541137695,3.286658239364624,0.0002249902132744101,0.0,0.30172731876373293,-0.47939541935920715,7.298795700073242,0.73095703125,3.4579200000000036e-05,0.0011526399999999982,-0.3232855796813965,0.7239739894866943,5,30,False,0.0004800374445039779,295.6800288351588,920.9217261268786,378.5065282334981,87.1470189858228,243.02959781202662,7,0.0,1.0,0.0,1.0,0.0,0.0,3.0,0.0,3.0,0.0,0.0,0.0,0.0,0.0,0.0,0.0,263.57142857142856,-80.06185702153577,0.0028570871215833904,4.422244021621419e-05,0.002945188049807257,0.0003661396130096792,0.0,0.0,-0.0014100181072080886,-0.2490234375,-0.068359375,-0.31879283472244424,-4.3878488007652316e-05,0.0003661396130096792,-0.3173828125,,,,,,,,,,,
241,493568,-0.0016856032287857184,40.28487548828125,3.2869659264882407,0.0014999694443968389,0.008006572048179806,0.3306359827518463,0.24698926508426666,6.400413990020752,0.7854817708333334,3.347328000000003e-05,0.0011157759999999989,-0.3233092725276947,0.7239577174186707,5,30,False,0.00441869767382741,295.65047016754903,925.853375118968,380.00063926952134,87.65825959082576,243.02959781202662,7,0.0,0.8571428571428571,0.0,1.0,0.0,0.0,2.7142857142857144,0.0,2.7142857142857144,0.2857142857142857,0.2857142857142857,0.0,0.0,0.0,0.0,0.0,280.85714285714283,-83.40928808674211,0.003000797098593466,2.7686398934051448e-05,0.003117342936093337,0.00034838832196468217,0.0,0.0,-0.001437247774987327,-0.2392578125,-0.068359375,-0.3090544399289854,-8.885943856581924e-05,0.00034838832196468217,-0.3076171875,,,,,,,,,,,
242,495616,-0.0017961437864869368,31.134423446655273,3.2866249163945516,0.0014503070329892546,0.004711859366701295,0.33128887017567954,0.9374518394470215,5.466559886932373,0.7122395833333334,3.236736000000002e-05,0.0010789119999999996,-0.32351917028427124,0.7238054275512695,5,30,False,0.004607978742569685,295.61951547887423,930.4867737989553,381.9362528494239,88.04097631982586,243.02959781202662,7,0.0,0.8571428571428571,0.0,0.8571428571428571,0.14285714285714285,0.0,2.7142857142857144,0.14285714285714285,2.4285714285714284,0.14285714285714285,0.14285714285714285,0.0,0.0,0.0,0.0,0.14285714285714285,265.14285714285717,-76.53498180328721,0.0032292934938595863,3.585963646478285e-05,0.002746272335116373,0.00020567897718137829,0.0,0.0,-0.0006867981868410311,-0.1806640625,-0.06103515625,-0.24238601529134485,0.000518880795207996,0.00020567897718137829,-0.24169921875,,,,,,,,,,,
243,497664,-0.0028025420867682743,39.89712295532227,3.2864394823710126,0.0022669397657065103,0.019409798400010912,0.34410453885793685,0.17708991467952728,6.527924060821533,0.69873046875,3.1261440000000015e-05,0.0010420479999999985,-0.3233243227005005,0.723945140838623,5,30,False,0.0058301337994635105,295.68409921053245,935.1975527229515,383.1210811124474,88.54386596381664,243.02959781202662,9,0.0,0.8888888888888888,0.0,0.8888888888888888,0.1111111111111111,0.0,2.888888888888889,0.1111111111111111,3.0,0.0,0.0,0.0,0.0,0.0,0.0,0.1111111111111111,273.22222222222223,-76.4555420575852,0.002700476219615666,3.276456875811657e-05,0.002953013539354288,0.0,0.00014869217090252018,0.0,-0.0013684648918115272,-0.224609375,-0.08056640625,-0.3065442455756511,-0.00021977275098050524,0.00014869217090252018,-0.30517578125,,,,,,,,,,,
244,499712,-0.0005558620071193824,39.29340171813965,3.2871524969736736,0.0002999609265746009,4.192872050528725e-05,0.3016984313726425,0.3154762089252472,6.478199481964111,0.7625325520833334,3.0155520000000008e-05,0.0010051839999999992,-0.32313770055770874,0.7240813970565796,5,30,False,0.0009703250834718347,294.90815274600976,940.5019828958175,388.5353268354229,89.0345021928224,243.02959781202662,7,0.0,0.8571428571428571,0.0,1.0,0.0,0.0,2.857142857142857,0.0,2.7142857142857144,0.14285714285714285,0.14285714285714285,0.0,0.0,0.0,0.0,0.0,320.85714285714283,-81.91276459894782,0.0034948526154039428,1.5126507674149102e-05,0.002813107148540439,0.0005130090876635969,2.1815781939165443e-06,0.0,-0.0008183186661199215,-0.2099609375,-0.068359375,-0.2791386318294826,0.0006968719745376528,0.0005151906658575134,-0.2783203125,,,,,,,,,,,
245,500000,-0.0004295408451471916,16.966994857788087,3.2874420642852784,2.635468225437587e-05,0.0,0.3764962196350098,0.8074873685836792,3.6568946838378906,0.8194444444444444,3.0000000000000024e-05,0.0009999999999999992,-0.3230978846549988,0.7241103053092957,5,5,False,8.269479440059513e-05,294.8756059558311,941.23697760285,388.78546243741584,89.15529018382949,243.02959781202662,1,0.0,1.0,0.0,1.0,0.0,0.0,3.0,0.0,3.0,0.0,0.0,0.0,0.0,0.0,0.0,0.0,178.0,-79.67045003579642,0.004855167146565186,9.004339947043465e-06,0.0018492771551892576,0.0,0.0,0.0,0.0020148942906719944,-0.1388888888888889,-0.06944444444444445,-0.20631844713999373,0.003014894331322972,0.0,-0.20833333333333334,60,0.0,0.0,2.7666666666666666,0.06666666666666667,2.6333333333333333,0.16666666666666666,0.16666666666666666,0.0,0.06666666666666667,0.06666666666666667
