update,env_steps,policy_loss,value_loss,entropy,approx_kl,clip_fraction,actor_grad_norm,advantage_mean,advantage_std,alive_actor_sample_fraction,env_steps_per_second,environment_step_seconds,policy_inference_seconds,ppo_update_seconds,evaluation_seconds,completed_episodes,red_complete_elimination_success_rate,blue_complete_elimination_success_rate,environment_red_outcome_rate,environment_blue_outcome_rate,draw_rate,mean_red_attack_kills,mean_blue_attack_kills,mean_red_survivors,mean_blue_survivors,mean_red_boundary_deaths,mean_red_collision_deaths,max_steps_rate,mean_episode_length,mean_episode_return
1,2048,-0.0024119425176953274,5.781843614578247,2.7574462890625,0.004476374084561061,0.04913855704168479,0.26814491202433904,-0.8206906914710999,2.134413003921509,0.9435221354166666,130.6637151436196,2.9842771999974502,0.6134672559783212,0.4108253629965475,11.58030086200597,2,0.0,1.0,0.0,1.0,0.0,0.0,3.0,0.0,1.0,0.0,0.0,0.0,249.0,-30.0
2,4096,-0.0037281078034235786,16.759204387664795,2.7535179615020753,0.004326317345561611,0.045540267244602244,0.2965734894076983,-1.852669596672058,3.52502179145813,0.8390299479166666,209.82558351749273,6.06218488097511,1.0958331499568885,0.5853464640022139,11.58030086200597,10,0.0,0.5,0.0,1.0,0.0,0.0,2.1,0.0,2.4,0.9,0.0,0.0,255.6,-30.291750015411527
3,6144,-0.0036960393656045197,10.872803592681885,2.7475332816441855,0.003491272165245544,0.03242314058976869,0.26941641767819724,-1.2533478736877441,2.9450843334198,0.8684895833333334,267.92275296659386,8.799650539047434,1.5461132399941562,0.704976027001976,11.58030086200597,8,0.0,0.375,0.0,1.0,0.0,0.0,2.0,0.0,2.25,1.0,0.0,0.0,268.875,-30.52083332510665
4,8192,-0.004075962087760369,11.897861766815186,2.749851640065511,0.00341746679755258,0.03406536922169228,0.2609603320558866,-1.2934859991073608,3.0743072032928467,0.8779296875,307.6836609423894,11.780034795054235,2.014137743914034,0.8432197169968276,11.58030086200597,8,0.0,0.5,0.0,1.0,0.0,0.0,1.875,0.0,2.0,1.125,0.0,0.0,276.75,-30.189062456949614
5,10240,-0.0024298055679537354,12.325533008575439,2.7530346075693766,0.00322868821974468,0.025678454758599402,0.28842473179101946,-1.7743045091629028,3.1486425399780273,0.8136393229166666,335.73659606257723,14.959595357046055,2.458787085903168,0.9824243510011001,11.58030086200597,10,0.0,0.9,0.0,1.0,0.0,0.0,2.9,0.0,3.0,0.1,0.0,0.0,236.9,-30.016250000242145
6,12288,-0.0025410251885962984,8.533687210083007,2.7580100933710736,0.0035587544640734805,0.03255496624236306,0.2678570955991745,-0.8600571155548096,2.9274237155914307,0.8655598958333334,356.855130786834,18.144215100030124,2.9466117939300602,1.1456708270052331,11.58030086200597,6,0.0,0.8333333333333334,0.0,1.0,0.0,0.0,2.6666666666666665,0.0,3.0,0.0,0.3333333333333333,0.0,223.5,-30.0
7,14336,-0.003959371279537057,6.948370790481567,2.7624013980229694,0.00462742383797203,0.04941944281260172,0.28154949098825455,-0.7369192838668823,2.4903626441955566,0.8863932291666666,369.3757614514579,21.64509843403357,3.5194644618895836,1.3276198210005532,11.58030086200597,8,0.0,0.75,0.0,1.0,0.0,0.0,2.75,0.0,2.75,0.25,0.0,0.0,267.125,-30.11354166874662
8,16384,-0.003305583113494019,9.842417192459106,2.7739552815755206,0.0037396572236473007,0.03501495831490805,0.2606892675161362,-0.9759358167648315,3.060084342956543,0.89453125,383.28762963665855,24.807553518083296,4.0314877128912485,1.4674795680039097,11.58030086200597,8,0.0,1.0,0.0,1.0,0.0,0.0,3.0,0.0,3.0,0.0,0.0,0.0,258.5,-30.0
9,18432,-0.0024773304040233294,5.893242216110229,2.785798438390096,0.003526534242989442,0.031306149313847224,0.2724282125631968,-0.5853458642959595,2.4138107299804688,0.8092447916666666,399.57580837942913,27.42692259204341,4.541598822870583,1.6203155080074794,11.58030086200597,7,0.0,0.5714285714285714,0.0,1.0,0.0,0.0,2.142857142857143,0.0,2.142857142857143,0.8571428571428571,0.0,0.0,295.7142857142857,-30.287857149328506
10,20480,-0.003089783136965707,7.372217226028442,2.799251675605774,0.004414558925113794,0.04743759377549092,0.29607067654530206,-0.6788456439971924,2.8331809043884277,0.8006184895833334,411.8674822050558,30.246189286037406,5.069349171862996,1.7596157140069408,11.58030086200597,7,0.0,0.5714285714285714,0.0,1.0,0.0,0.0,2.4285714285714284,0.0,2.142857142857143,0.5714285714285714,0.0,0.0,286.14285714285717,-30.692857153181517
11,22528,-0.002473327102294813,5.307617235183716,2.809644603729248,0.004075667122321878,0.0398403299623169,0.3348601222038269,-0.29308536648750305,2.408572196960449,0.802734375,418.81521138969407,33.48499427205388,5.619328717890312,1.9256802990130382,11.58030086200597,6,0.0,0.5,0.0,1.0,0.0,0.0,1.8333333333333333,0.0,2.3333333333333335,0.8333333333333334,0.3333333333333333,0.0,302.3333333333333,-32.874166778444
12,24576,-0.002931483283949395,6.448948001861572,2.8088637828826903,0.0033135508712883043,0.030232206677707534,0.2858320708076159,-0.2640145719051361,2.6436030864715576,0.8068033854166666,423.7608568312092,36.81510172802518,6.209602319846454,2.088430126015737,11.58030086200597,8,0.0,0.625,0.0,1.0,0.0,0.0,2.25,0.0,2.75,0.5,0.25,0.0,270.125,-30.632291663787328
13,26624,-0.002472586330259219,6.569191646575928,2.8083760579427084,0.004174943658553881,0.04644853788583229,0.2989184454083443,-0.2739068865776062,2.5803756713867188,0.8732096354166666,430.0560161951389,39.91181485806737,6.751955984902452,2.247910270016291,11.58030086200597,8,0.0,0.5,0.0,1.0,0.0,0.0,2.0,0.0,2.5,1.0,0.0,0.0,276.875,-30.92624986777082
14,28672,-0.0024347534597230452,5.358934593200684,2.8116427421569825,0.002793074912449882,0.023481827702683707,0.25705655813217165,-0.054026972502470016,2.3459312915802,0.8426106770833334,437.7847749479737,42.696344615098496,7.301249584852485,2.3942226040162495,11.58030086200597,6,0.0,0.6666666666666666,0.0,1.0,0.0,0.0,2.0,0.0,2.0,1.0,0.0,0.0,312.6666666666667,-36.418611148217074
15,30720,-0.0050079329094539085,7.026720190048218,2.815991727511088,0.004828214736374719,0.05546391177922487,0.2761855552593867,-0.4020053744316101,2.698347806930542,0.89599609375,443.75941467953464,45.62320667717722,7.846202890839777,2.5393339600123,11.58030086200597,5,0.0,0.2,0.0,1.0,0.0,0.0,1.4,0.0,2.2,1.2,0.4,0.0,284.8,-30.069999862834813
16,32768,-0.002410623353595535,5.335631275177002,2.8212936321894326,0.0031557968716014895,0.02600985490716994,0.2735508983333906,-0.16931353509426117,2.4106898307800293,0.8567708333333334,449.8041148975471,48.56290685217391,8.292031938850414,2.6776404680131236,11.58030086200597,7,0.0,0.5714285714285714,0.0,0.8571428571428571,0.14285714285714285,0.0,2.0,0.14285714285714285,2.4285714285714284,0.8571428571428571,0.0,0.14285714285714285,357.7142857142857,-37.08488112754588
17,34816,-0.0023303281423674585,6.002772092819214,2.827499238650004,0.0023578732740706368,0.015033606397143255,0.2660082514087359,-0.31874263286590576,2.524077892303467,0.8037109375,455.09773806706704,51.505310660279065,8.755888073872484,2.8147195000128704,11.58030086200597,9,0.0,0.6666666666666666,0.0,1.0,0.0,0.0,2.2222222222222223,0.0,2.5555555555555554,0.5555555555555556,0.2222222222222222,0.0,290.1111111111111,-32.19018507717798
18,36864,-0.0032639804975284886,5.22106523513794,2.830550519625346,0.003094757455828634,0.02901044108439237,0.2921623955170313,0.04061819612979889,2.289332389831543,0.9132486979166666,460.41439891805425,54.376132916338975,9.212865564906679,2.9523976640120964,11.58030086200597,7,0.0,0.7142857142857143,0.0,1.0,0.0,0.0,2.7142857142857144,0.0,3.0,0.2857142857142857,0.0,0.0,273.85714285714283,-30.014285714498588
19,38912,-0.004271624450727055,7.9040780544281,2.835923965771993,0.0053633625045895455,0.06387240233210226,0.31640162914991377,-0.5856361985206604,2.8649799823760986,0.8567708333333334,464.4075919453567,57.41800628842611,9.664393829887558,3.081165244017029,11.58030086200597,7,0.0,0.5714285714285714,0.0,1.0,0.0,0.0,2.142857142857143,0.0,2.4285714285714284,0.8571428571428571,0.0,0.0,286.0,-33.14380946156702
20,40960,-0.002306764681513111,5.001269149780273,2.8359115997950237,0.0033871339738474377,0.03135202621730666,0.29208986461162567,-0.1696445792913437,2.305999517440796,0.8502604166666666,470.07121291588675,60.13082391437638,10.091039141945657,3.1996080270182574,11.58030086200597,6,0.0,0.8333333333333334,0.0,1.0,0.0,0.0,2.8333333333333335,0.0,3.0,0.16666666666666666,0.0,0.0,284.8333333333333,-30.015833333289873
21,43008,-0.0018044329015538096,4.394341230392456,2.8367456197738647,0.003840662013196076,0.03421969612439473,0.3000489259759585,0.0924762487411499,2.112704038619995,0.8585611979166666,475.6519297038378,62.813716588432726,10.491624470923853,3.3137358390231384,11.58030086200597,5,0.0,0.6,0.0,1.0,0.0,0.0,2.2,0.0,2.6,0.8,0.0,0.0,320.0,-32.64716683737934
22,45056,-0.004840296506881714,4.179009652137756,2.8366628805796306,0.004208742644190115,0.04496896806716298,0.2799696897466977,-0.3583257496356964,2.0904171466827393,0.8273111979166666,482.46950356914084,65.20301924250089,10.880899388917896,3.419736615025613,11.58030086200597,6,0.0,0.6666666666666666,0.0,1.0,0.0,0.0,2.5,0.0,2.8333333333333335,0.3333333333333333,0.16666666666666666,0.0,318.0,-32.991250116300456
23,47104,-0.003753733328388383,6.246499633789062,2.8420634587605793,0.0044216297558911,0.053156714354796956,0.2733693738778432,-0.3590351641178131,2.55556583404541,0.8134765625,487.84259891949455,67.71279603439325,11.301469225953042,3.565968563023489,11.58030086200597,7,0.0,0.5714285714285714,0.0,0.8571428571428571,0.14285714285714285,0.0,1.8571428571428572,0.2857142857142857,2.4285714285714284,0.5714285714285714,0.2857142857142857,0.14285714285714285,348.57142857142856,-32.768095328073414
24,49152,-0.004100624598989574,3.7605741739273073,2.8463342428207397,0.005166396835234831,0.062406714027747515,0.2796047508716583,0.23115316033363342,1.9313545227050781,0.8772786458333334,490.70671690809013,70.62730994151934,11.767555355974764,3.696389546028513,11.58030086200597,6,0.0,0.16666666666666666,0.0,0.8333333333333334,0.16666666666666666,0.0,1.0,0.3333333333333333,1.8333333333333333,1.5,0.16666666666666666,0.16666666666666666,384.8333333333333,-37.0026389878088
25,51200,-0.0025456362462136896,5.52864179611206,2.8450306097666425,0.003347887436794759,0.033092260131767644,0.2716908464829127,-0.3979182243347168,2.4529531002044678,0.8229166666666666,493.53849529265483,73.56636744258867,12.20002582296729,3.8072732890286716,11.58030086200597,6,0.0,0.6666666666666666,0.0,1.0,0.0,0.0,2.3333333333333335,0.0,2.6666666666666665,0.6666666666666666,0.0,0.0,346.1666666666667,-36.09263908847546
26,53248,-0.0027119296059633295,4.467801237106324,2.8504417022069295,0.00409136239856084,0.03932394407068689,0.270555804669857,0.287566214799881,2.082848310470581,0.8697916666666666,498.00879697165414,76.16041002559359,12.595628752940684,3.92031306802528,11.58030086200597,4,0.0,0.5,0.0,1.0,0.0,0.0,2.25,0.0,3.0,0.25,0.5,0.0,296.75,-30.0
27,55296,-0.002371636749012396,4.099235367774964,2.8574481566747028,0.0030955733752865634,0.02700302825930218,0.2654296244184176,-0.07851491123437881,2.0022695064544678,0.87646484375,501.4739510212638,78.91658366561751,12.983266709030431,4.035000830022909,11.58030086200597,7,0.0,0.42857142857142855,0.0,1.0,0.0,0.0,2.142857142857143,0.0,2.7142857142857144,0.8571428571428571,0.0,0.0,371.85714285714283,-33.53107140013682
28,57344,-0.004392575988701234,6.093518877029419,2.86834495862325,0.004013649203664188,0.04192374586903801,0.29340762545665106,-0.32850104570388794,2.565894842147827,0.8347981770833334,504.459076212507,81.60234623857832,13.462712532942533,4.187882143021852,11.58030086200597,5,0.0,0.6,0.0,1.0,0.0,0.0,2.2,0.0,2.6,0.8,0.0,0.0,318.6,-31.79749987497926
29,59392,-0.002833148412052348,4.455119800567627,2.8766165097554524,0.004436220393714999,0.049623400733495755,0.2720562323927879,-0.08646970242261887,2.235783338546753,0.7633463541666666,508.39456409073836,84.07270627065736,13.92133464593644,4.318170141021255,11.58030086200597,4,0.0,0.5,0.0,0.75,0.25,0.0,2.0,0.5,2.25,0.25,0.25,0.25,455.5,-36.50125026679598
30,61440,-0.0025683591957204044,4.464787864685059,2.882912190755208,0.003697904285018821,0.036068720486946405,0.2883399446805318,-0.008996284566819668,2.160738468170166,0.7301432291666666,510.3601403256893,86.93054085666517,14.396592531978968,4.444319820016972,11.58030086200597,7,0.0,0.0,0.0,0.7142857142857143,0.2857142857142857,0.0,1.1428571428571428,0.2857142857142857,1.8571428571428572,0.7142857142857143,0.8571428571428571,0.2857142857142857,426.2857142857143,-37.204524068294894
31,63488,-0.0029434704221785067,6.000027370452881,2.895660479863485,0.004359246436875935,0.04802616861804078,0.28341365108887356,-0.4876881241798401,2.473684072494507,0.82080078125,512.2796186749329,89.78778803470777,14.865145175950602,4.572633135016076,11.58030086200597,5,0.0,1.0,0.0,1.0,0.0,0.0,3.0,0.0,3.0,0.0,0.0,0.0,275.2,-30.083000001125036
32,65536,-0.0029489178443327544,3.890556526184082,2.9080087502797443,0.0035244638138572843,0.033855703317870696,0.24727720071872075,0.12016559392213821,1.9472150802612305,0.91357421875,513.3968342917161,92.80451804472978,15.324886715876346,4.724684286018601,11.58030086200597,4,0.0,0.0,0.0,0.75,0.25,0.0,0.75,0.25,2.0,1.0,1.0,0.25,415.0,-44.33375044516288
33,67584,-0.004176791968833035,3.056552839279175,2.9187484900156657,0.004322428730184474,0.04884975873865187,0.23148863712946574,0.20147207379341125,1.7070058584213257,0.8577473958333334,514.6291649129106,95.74281989072915,15.822925959859276,4.861306555023475,11.58030086200597,6,0.0,0.0,0.0,0.8333333333333334,0.16666666666666666,0.0,0.5,0.3333333333333333,2.0,2.1666666666666665,0.0,0.16666666666666666,431.3333333333333,-35.90124992731338
34,69632,-0.0031026003115888065,6.835134649276734,2.930654501914978,0.0036179404577432093,0.03534269600252931,0.26018173644940057,-0.2707749903202057,2.636202096939087,0.8463541666666666,516.2813352328205,98.59670771280071,16.29226631076017,4.984234955023567,11.58030086200597,7,0.0,0.14285714285714285,0.0,0.7142857142857143,0.2857142857142857,0.0,0.8571428571428571,0.42857142857142855,1.8571428571428572,1.2857142857142858,0.42857142857142855,0.2857142857142857,410.2857142857143,-32.81761907001159
35,71680,-0.0028743146588870636,2.123939347267151,2.933381470044454,0.004137648282360221,0.04565176552083964,0.29145872344573337,0.6757882833480835,1.3520376682281494,0.9205729166666666,518.1791146656864,101.2933418018365,16.806032458727714,5.123965962025977,11.58030086200597,2,0.0,0.0,0.0,1.0,0.0,0.0,1.5,0.0,3.0,1.5,0.0,0.0,404.0,-31.008333768695593
36,73728,-0.004699766494256134,6.109552955627441,2.9361129999160767,0.005322388477834551,0.06476555364206434,0.24305125176906586,-0.15671227872371674,2.494828224182129,0.8138020833333334,521.3597073917183,103.68670462788577,17.27009297364566,5.252469044025929,11.58030086200597,6,0.0,0.0,0.0,0.8333333333333334,0.16666666666666666,0.0,0.3333333333333333,0.3333333333333333,1.8333333333333333,2.1666666666666665,0.16666666666666666,0.16666666666666666,497.3333333333333,-44.155278079910204
37,75776,-0.0024273860578735667,6.121135616302491,2.9418235619862876,0.003752868510389771,0.035826070917149386,0.276043759783109,-0.15354862809181213,2.4549641609191895,0.83544921875,522.7658319958146,106.54323454297264,17.72969320264383,5.377119306023815,11.58030086200597,7,0.0,0.2857142857142857,0.0,0.8571428571428571,0.14285714285714285,0.0,1.1428571428571428,0.14285714285714285,2.4285714285714284,1.7142857142857142,0.0,0.14285714285714285,369.0,-29.079047593953355
38,77824,-0.004553204138452808,4.590787601470947,2.9490338722864786,0.004833944046842661,0.0555707715684548,0.27472295612096786,-0.21783775091171265,2.152174711227417,0.91357421875,525.6127984264425,109.0574267598422,18.124635684594978,5.495012813022186,11.58030086200597,3,0.0,0.0,0.0,1.0,0.0,0.0,0.0,0.0,2.0,2.6666666666666665,0.3333333333333333,0.0,315.6666666666667,-30.054999998770654
39,79872,-0.0025119576719589533,2.976097750663757,2.9496521234512327,0.0030760775933542537,0.02639991071773693,0.21442191948493322,0.2490282505750656,1.6260966062545776,0.9215494791666666,527.3906611653372,111.78105813782895,18.564630268614565,5.623963212019589,11.58030086200597,6,0.0,0.16666666666666666,0.0,0.8333333333333334,0.16666666666666666,0.0,0.6666666666666666,0.3333333333333333,1.6666666666666667,2.0,0.0,0.16666666666666666,413.1666666666667,-34.99499986864006
40,81920,-0.0032382843472684424,4.573697710037232,2.9541480779647826,0.0036640153171081354,0.0332060865436991,0.30865430980920794,-0.4714939296245575,2.165919303894043,0.8484700520833334,529.3205215458183,114.40145469081472,19.034249367490702,5.75837792801758,11.58030086200597,4,0.0,0.25,0.0,1.0,0.0,0.0,1.25,0.0,2.5,1.75,0.0,0.0,310.0,-30.0
41,83968,-0.005189656250877306,2.7429800987243653,2.9592824300130207,0.00571955215573933,0.06928590009920299,0.2584112892548243,0.22482708096504211,1.5563008785247803,0.84814453125,530.165286128676,117.25592495785531,19.511876565426064,5.937126032018568,11.58030086200597,6,0.0,0.16666666666666666,0.16666666666666666,0.3333333333333333,0.5,0.0,0.6666666666666666,1.1666666666666667,1.5,1.0,0.16666666666666666,0.5,427.0,-28.86819453816861
42,86016,-0.00315266374964267,4.964728355407715,2.9663374265034994,0.003704988839466128,0.036272222696182625,0.2782107959191004,-0.23925940692424774,2.187966823577881,0.7945963541666666,529.1011561578549,120.620984272864,20.04556823439634,6.109164095018059,11.58030086200597,6,0.0,0.16666666666666666,0.0,1.0,0.0,0.0,1.5,0.0,2.1666666666666665,1.3333333333333333,0.16666666666666666,0.0,375.8333333333333,-30.05333338972802
43,88064,-0.002963204899181922,5.226212978363037,2.967890731493632,0.0038470499408951807,0.037449649938692646,0.2829328149557114,-0.32337698340415955,2.196747064590454,0.7967122395833334,529.8605965021025,123.43699613085482,20.57187315234478,6.29246762101684,11.58030086200597,5,0.0,0.4,0.0,0.8,0.2,0.0,1.6,0.4,2.2,0.6,0.4,0.2,387.2,-30.401000165194272
44,90112,-0.0035590047171960276,6.168479251861572,2.974138840039571,0.00466249199322612,0.05518204035858313,0.3101435050368309,-0.5150643587112427,2.4794766902923584,0.70849609375,531.7122393464576,125.95656776395481,21.082549819351698,6.434462439021445,11.58030086200597,5,0.0,0.2,0.2,0.8,0.0,0.0,1.6,0.4,2.0,0.4,0.6,0.0,306.4,-26.300500011071563
45,92160,-0.004336351024297376,3.5410765647888183,2.982222882906596,0.004482944091186464,0.04767252169549465,0.2777273918191592,-0.007752835284918547,1.800118327140808,0.8916015625,532.9925421275882,128.6165212809501,21.58785715945851,6.597744279024482,11.58030086200597,5,0.0,0.0,0.2,0.2,0.6,0.0,0.6,1.2,1.2,0.6,0.6,0.6,452.2,-30.3303336950019
46,94208,-0.0026511786631696547,4.0574806213378904,2.9860421975453693,0.004995991022291835,0.059470013486376656,0.2447789485255877,-0.15343400835990906,2.072155714035034,0.8567708333333334,533.6595729742068,131.47377619694453,22.10542732141039,6.737870866018056,11.58030086200597,6,0.0,0.3333333333333333,0.0,1.0,0.0,0.0,1.0,0.0,1.6666666666666667,2.0,0.0,0.0,371.3333333333333,-34.626666681608185
47,96256,-0.003471287805587053,4.244956159591675,2.993592627843221,0.004295145742906104,0.047151632513850926,0.28220645685990653,-0.3934897780418396,2.0879359245300293,0.8404947916666666,534.6405885077044,134.2197187879574,22.623311127324996,6.879568652017042,11.58030086200597,6,0.0,0.5,0.0,1.0,0.0,0.0,1.6666666666666667,0.0,2.3333333333333335,1.3333333333333333,0.0,0.0,334.3333333333333,-32.500694347545505
48,98304,-0.0038314827290984494,4.522364091873169,2.99704852104187,0.0038912103869470785,0.04192109027256568,0.2661490201950073,-0.35771480202674866,2.0240705013275146,0.7693684895833334,535.8750088923626,136.9051851149561,23.108616402379994,7.014502858022752,11.58030086200597,7,0.0,0.42857142857142855,0.0,0.8571428571428571,0.14285714285714285,0.0,2.2857142857142856,0.14285714285714285,2.142857142857143,0.2857142857142857,0.2857142857142857,0.14285714285714285,369.0,-29.9802381290522
49,100352,-0.0035323607133856665,5.699400091171265,3.0008167664210004,0.003963300408738675,0.04280135342851281,0.28960198362668355,-0.9692689180374146,2.3728294372558594,0.7496744791666666,536.951120696184,139.60378936694906,23.61271835232037,7.1644568940246245,11.58030086200597,60,0.0,0.4,0.0,1.0,0.0,0.016666666666666666,2.9833333333333334,0.0,2.8833333333333333,0.016666666666666666,nan,0.0,110.28333333333333,nan
50,102400,-0.004019185543681184,2.43287011384964,3.0021997054417926,0.004637045252920141,0.049927187761447084,0.2586589922507604,-0.04503140598535538,1.6343928575515747,0.7706705729166666,501.6090251745206,142.33132966493577,24.152918135288928,7.285517040028935,25.317922760004876,5,0.0,0.6,0.2,0.6,0.2,0.0,1.8,0.8,2.2,0.0,0.4,0.2,352.4,-26.869000190589578
51,104448,-0.00482524701510556,3.4444798469543456,3.00441837310791,0.005804103849452894,0.06962652979418635,0.29949482331673305,-0.1302584558725357,1.9928501844406128,0.6912434895833334,503.8734509688388,144.77713821092766,24.615298123273533,7.413391655027226,25.317922760004876,5,0.0,0.4,0.0,0.6,0.4,0.0,1.4,0.6,2.2,0.6,0.4,0.4,438.0,-37.58500023996457
52,106496,-0.003586565974789361,5.288010740280152,3.0096867720286054,0.004344814444547664,0.042911969412428634,0.30879233678181967,-0.15362195670604706,2.3270514011383057,0.7625325520833334,505.6339549006074,147.4010211309942,25.090583113276807,7.5431037100279354,25.317922760004876,8,0.0,0.375,0.0,0.875,0.125,0.0,1.875,0.125,2.375,0.625,0.375,0.125,388.375,-31.8822918269434
53,108544,-0.0025974150785865882,4.937221622467041,3.010131359100342,0.0029080304308439554,0.02507876050658524,0.258185014128685,-0.22225354611873627,2.3031795024871826,0.8427734375,506.9916730957749,150.23633657790924,25.529998752426764,7.658735583034286,25.317922760004876,5,0.0,0.6,0.0,1.0,0.0,0.0,2.2,0.0,3.0,0.8,0.0,0.0,275.6,-30.0
54,110592,-0.0033187265042215587,3.9732571840286255,3.01448343594869,0.004845633735628022,0.05507064941727246,0.28509341428677243,-0.10506987571716309,2.030285596847534,0.81689453125,509.1893195197418,152.691068940876,25.973240309453104,7.775322052031697,25.317922760004876,5,0.0,0.4,0.0,0.8,0.2,0.0,2.2,0.2,2.6,0.6,0.0,0.2,328.0,-32.85400018393993
55,112640,-0.0042008835608915735,4.2357118129730225,3.015219036738078,0.00441939452931466,0.04964167227347692,0.2997105340162913,-0.03781437501311302,2.041719913482666,0.7591145833333334,510.6793265344013,155.37910664889932,26.430169647363073,7.906568619029713,25.317922760004876,9,0.0,0.5555555555555556,0.1111111111111111,0.7777777777777778,0.1111111111111111,0.0,2.0,0.3333333333333333,2.111111111111111,0.4444444444444444,0.2222222222222222,0.1111111111111111,329.22222222222223,-32.03120390180912
56,114688,-0.004740952906043579,4.09089457988739,3.0183310906092324,0.005139288060414778,0.06299842789303511,0.33063476781050366,-0.02466576360166073,2.170623302459717,0.7633463541666666,512.424510252746,157.91587848794734,26.920651818349143,8.033284829034528,25.317922760004876,4,0.0,0.75,0.0,1.0,0.0,0.0,2.25,0.0,2.5,0.75,0.0,0.0,284.0,-32.26895825075917
57,116736,-0.003320902962392817,5.519128799438477,3.020628499984741,0.004297290618091391,0.04461472460146373,0.3235861897468567,-0.17488794028759003,2.14467453956604,0.7220052083333334,514.0137700326667,160.49612904898822,27.404776808369206,8.162613228036207,25.317922760004876,5,0.0,0.2,0.2,0.8,0.0,0.0,1.8,0.4,1.4,0.0,0.8,0.0,308.4,-30.513500087615103
58,118784,-0.004524761306432386,4.291886949539185,3.0178966442743937,0.005106064215065154,0.0612751500060161,0.29606553763151167,0.03574313223361969,2.145110607147217,0.8365885416666666,515.4306505636875,163.21265764791315,27.821996596365352,8.277216818038141,25.317922760004876,8,0.0,0.375,0.0,0.625,0.375,0.0,1.875,0.375,2.375,0.625,0.125,0.375,390.375,-27.308541661244817
59,120832,-0.0026643713703379036,3.378790354728699,3.0207598129908244,0.003670603495059141,0.03874199596466497,0.2854548821846644,0.32210808992385864,1.9238853454589844,0.7526041666666666,518.3335541461795,165.1976106138536,28.288864265363372,8.401089144033904,25.317922760004876,2,0.0,0.5,0.0,1.0,0.0,0.0,2.5,0.0,2.0,0.5,0.0,0.0,357.5,-30.50000001862645
60,122880,-0.006079921072038512,4.44067120552063,3.0247904300689696,0.005048091888958789,0.059016963094472887,0.2989340061942736,0.01686343550682068,2.0736398696899414,0.6258138020833334,520.4650454196271,167.48406148887443,28.76764504332823,8.521661772036168,25.317922760004876,6,0.0,0.16666666666666666,0.0,0.5,0.5,0.0,1.0,0.6666666666666666,1.3333333333333333,1.0,0.3333333333333333,0.5,549.6666666666666,-33.51152809523046
61,124928,-0.0031977727941315,4.047229671478272,3.027057178815206,0.004556897739555295,0.04956775324341531,0.29900589684645335,0.026944419369101524,2.1610701084136963,0.70361328125,521.9134074233003,170.0584463348423,29.24165935730707,8.655936699033191,25.317922760004876,2,0.0,0.0,0.0,0.5,0.5,0.0,1.0,0.5,2.0,1.5,0.0,0.5,557.5,-41.44166683033109
62,126976,-0.0029797695111483335,5.3231339931488035,3.031818167368571,0.004092142395057008,0.042146417894400656,0.2971028208732605,-0.0003228362475056201,2.2214300632476807,0.833984375,522.6313466392994,172.95742388386861,29.703779082243273,8.781155962031335,25.317922760004876,7,0.0,0.14285714285714285,0.0,0.8571428571428571,0.14285714285714285,0.0,1.7142857142857142,0.14285714285714285,1.8571428571428572,0.2857142857142857,0.8571428571428571,0.14285714285714285,396.7142857142857,-33.90083346050233
63,129024,-0.005349423966254108,5.682728290557861,3.034517288208008,0.00516969163629425,0.06363221752690151,0.3273287132382393,-0.5030360221862793,2.511612892150879,0.7369791666666666,523.5771816166133,175.72186951096955,30.181766719157167,8.916798201025813,25.317922760004876,5,0.0,0.0,0.0,0.8,0.2,0.0,1.4,0.0,2.2,0.8,0.8,0.0,300.2,-31.26399994622916
64,131072,-0.005193575130154689,3.2450992345809935,3.040076557795207,0.005868593281498604,0.07112384800954412,0.2912996808687846,0.08446928858757019,1.998654842376709,0.7412109375,524.8633398923753,178.26314536800055,30.669005743220623,9.087576578029257,25.317922760004876,5,0.0,0.4,0.0,1.0,0.0,0.0,2.2,0.0,2.4,0.6,0.2,0.0,412.0,-32.42633332218975
65,133120,-0.0040617633455743395,2.735101318359375,3.048189655939738,0.00522332849805947,0.06142702040572961,0.31359283030033114,0.06615819782018661,1.6476856470108032,0.6902669270833334,525.837290512271,180.93328611698962,31.157666005237843,9.254526961027295,25.317922760004876,6,0.0,0.0,0.0,0.6666666666666666,0.3333333333333333,0.0,1.0,0.3333333333333333,2.0,1.0,0.6666666666666666,0.3333333333333333,476.3333333333333,-31.319166788365692
66,135168,-0.006007220052803556,2.8948126792907716,3.057265289624532,0.00553976459193359,0.06992856819803515,0.289874030649662,0.24837368726730347,1.7432624101638794,0.8155924479166666,525.3865002503717,184.24518158493447,31.677758172212634,9.437320246026502,25.317922760004876,3,0.0,0.3333333333333333,0.0,1.0,0.0,0.0,2.0,0.0,2.3333333333333335,1.0,0.0,0.0,410.6666666666667,-33.37444442572693
67,137216,-0.0048709605063777415,5.5381094455719,3.060766251881917,0.005709488399737986,0.07199499615235254,0.3070146342118581,-0.34521207213401794,2.3571207523345947,0.8180338541666666,525.0692082816344,187.56746933291288,32.174623198276095,9.573715660029848,25.317922760004876,4,0.0,0.0,0.0,0.75,0.25,0.0,1.25,0.25,2.5,1.0,0.5,0.25,479.5,-29.60312508349307
68,139264,-0.00497899988743787,2.7768569946289063,3.0662031253178914,0.005660078960259694,0.07159796422735477,0.3036237259705861,0.16763415932655334,1.7012715339660645,0.8349609375,525.2599797791119,190.61618075593287,32.700790771290485,9.698622697032988,25.317922760004876,5,0.0,0.2,0.0,0.6,0.4,0.0,2.0,0.6,2.2,0.4,0.0,0.4,477.6,-26.034666678868234
69,141312,-0.0043368170018463085,3.8799636602401733,3.073617998758952,0.004805519316941146,0.05620045235846192,0.3058580855528514,-0.031308963894844055,1.9630053043365479,0.7138671875,526.5651911679615,193.21772533092008,33.12374992936384,9.815848951031512,25.317922760004876,7,0.0,0.2857142857142857,0.14285714285714285,0.8571428571428571,0.0,0.0,1.7142857142857142,0.2857142857142857,1.7142857142857142,0.5714285714285714,0.42857142857142855,0.0,363.57142857142856,-29.200000039168767
70,143360,-0.004800087159189085,3.186539340019226,3.0793078899383546,0.0050752674372679905,0.06184589182958007,0.2851650471488635,-0.28524336218833923,1.7885931730270386,0.8497721354166666,528.5726230846637,195.4144914418721,33.5871198842724,9.942148044028727,25.317922760004876,2,0.0,0.5,0.0,1.0,0.0,0.0,2.0,0.0,2.0,1.0,0.0,0.0,499.5,-31.48250003810972
71,145408,-0.004459747350013762,3.9042321920394896,3.091776378949483,0.004403079139168161,0.05154184728550414,0.2958171526590983,-0.07410714775323868,1.8842089176177979,0.732421875,530.681754426394,197.61045316383388,33.98508119827602,10.051022152023506,25.317922760004876,6,0.0,0.5,0.0,1.0,0.0,0.0,2.3333333333333335,0.0,2.1666666666666665,0.5,0.16666666666666666,0.0,464.1666666666667,-33.6498610987328
72,147456,-0.0034385414561256765,3.024485158920288,3.103455146153768,0.0035104935641826597,0.033359124790877104,0.2722266033291817,0.3174625337123871,1.7432963848114014,0.9150390625,532.0004172385085,200.183619187781,34.39545090620959,10.16424434902001,25.317922760004876,4,0.0,0.5,0.0,0.75,0.25,0.0,2.0,0.25,2.25,0.5,0.25,0.25,442.0,-28.189166674856097
73,149504,-0.00409218679027011,5.129404163360595,3.111602552731832,0.004059748462882474,0.04583456909749657,0.3006911873817444,-0.43593722581863403,2.3691978454589844,0.7164713541666666,533.9002571612497,202.45719813774485,34.783346328214975,10.276533135016507,25.317922760004876,5,0.0,0.4,0.0,0.6,0.4,0.0,2.4,0.4,2.6,0.2,0.0,0.4,461.8,-29.30750004053116
74,151552,-0.005057626132232447,4.538536500930786,3.121983011563619,0.005546954227904109,0.0687178011246336,0.30375801722208656,-0.05853471904993057,2.3135673999786377,0.66162109375,536.5122820658927,204.36878225475084,35.14093748416053,10.390552067023236,25.317922760004876,4,0.0,0.25,0.0,0.5,0.5,0.0,1.0,0.25,1.5,0.75,1.0,0.25,374.25,-39.78375049959868
75,153600,-0.004337330653409784,3.6111206293106077,3.134536782900492,0.0034227769193151156,0.03365748015542825,0.2523709615071615,0.023591384291648865,1.6717863082885742,0.8307291666666666,538.232097618743,206.69701078980142,35.52300918514811,10.502106595027726,25.317922760004876,5,0.0,0.2,0.0,0.8,0.2,0.0,0.6,0.2,1.8,1.4,0.8,0.2,517.2,-37.17350028948859
76,155648,-0.0035811662756411048,3.4294447183609007,3.1455504099527993,0.004463251080512615,0.054292627695637447,0.27782045553127926,-0.15315359830856323,1.9101688861846924,0.7784830729166666,539.9053997270308,209.05016074075684,35.906389059156936,10.607237160023942,25.317922760004876,2,0.0,0.0,0.0,0.5,0.5,0.0,1.5,0.5,2.0,1.0,0.0,0.5,483.0,-25.23166667483747
77,157696,-0.005078973155468703,3.1176774978637694,3.1526905298233032,0.005582814777409515,0.0713497585694616,0.31117016822099686,0.011988709680736065,1.7598813772201538,0.7439778645833334,541.0507824874456,211.6349013578074,36.288605806199485,10.730640730027517,25.317922760004876,5,0.0,0.0,0.0,0.8,0.2,0.0,1.4,0.2,1.6,1.2,0.2,0.2,503.6,-31.841500114556403
78,159744,-0.0034139908151701094,4.442378902435303,3.1556568781534833,0.0031557779560708803,0.03034423013838629,0.3010661159952482,-0.1269490271806717,2.153174877166748,0.8107096354166666,541.9706036514553,214.2519410468376,36.72967648919439,10.851396778023627,25.317922760004876,5,0.0,0.0,0.0,0.8,0.2,0.0,0.8,0.2,2.4,1.8,0.2,0.2,467.0,-36.81533341668546
79,161792,-0.004293141175973385,4.9571616649627686,3.156034159660339,0.004225247729465319,0.04355953436655303,0.2774469504753749,-0.17552250623703003,2.439038038253784,0.7159830729166666,543.3360509973094,216.62977929677436,37.163252919162915,10.977922980018775,25.317922760004876,4,0.0,0.0,0.0,0.75,0.25,0.0,1.25,0.25,2.25,1.25,0.25,0.25,447.75,-32.30562486127019
80,163840,-0.004174362716730684,3.114167094230652,3.1523674647013347,0.004029836234738585,0.041973375897699346,0.28766772200663887,0.11525088548660278,1.8293342590332031,0.7706705729166666,544.482116939273,219.10008601270965,37.61457200417499,11.104222781017597,25.317922760004876,7,0.0,0.14285714285714285,0.0,1.0,0.0,0.0,1.4285714285714286,0.0,2.2857142857142856,0.8571428571428571,0.7142857142857143,0.0,375.85714285714283,-33.404642844971804
81,165888,-0.0028545849801351626,2.7806023597717284,3.1533138275146486,0.0034896054744204892,0.036556516556690136,0.23777191042900087,-0.03574558347463608,1.8185253143310547,0.7073567708333334,545.7364389989148,221.4837910917413,38.08106313410826,11.223847237015434,25.317922760004876,6,0.0,0.3333333333333333,0.0,0.8333333333333334,0.16666666666666666,0.0,1.6666666666666667,0.16666666666666666,2.3333333333333335,0.8333333333333334,0.3333333333333333,0.16666666666666666,406.1666666666667,-37.89125037278669
82,167936,-0.0030550141896431644,3.62374267578125,3.1621068954467773,0.002774070002942839,0.02607631270463268,0.2593201160430908,0.22406570613384247,1.8657560348510742,0.8972981770833334,546.597019173068,224.10278028078028,38.52365369017207,11.35054344501259,25.317922760004876,4,0.0,0.5,0.0,1.0,0.0,0.0,1.75,0.0,2.25,1.0,0.25,0.0,361.0,-30.843749936670065
83,169984,-0.001792215936196347,3.664588952064514,3.1702844778696697,0.003784251534218972,0.03713716760588189,0.29495786825815834,0.02887781523168087,1.8858741521835327,0.8115234375,547.856944923642,226.55601528181433,38.90437194913102,11.467737020007917,25.317922760004876,5,0.0,0.4,0.0,1.0,0.0,0.0,2.2,0.0,2.4,0.6,0.2,0.0,435.8,-32.21949999127537
84,172032,-0.00232257495711868,2.6516587257385256,3.1830700159072878,0.003761432732955884,0.03543143734956781,0.25337588439385095,0.19012241065502167,1.63731050491333,0.89208984375,548.7440999332964,229.17345815477165,39.31957374513149,11.581574128009379,25.317922760004876,7,0.0,0.2857142857142857,0.14285714285714285,0.8571428571428571,0.0,0.0,1.1428571428571428,0.2857142857142857,1.7142857142857142,1.4285714285714286,0.14285714285714285,0.0,335.2857142857143,-31.31440470846636
85,174080,-0.0030371796048711984,4.49501667022705,3.1993642886479696,0.003556547078889825,0.032075198569024604,0.2637847607334455,-0.26553767919540405,2.2796013355255127,0.8082682291666666,549.6394554869862,231.72491969679686,39.76497444710549,11.710635209012253,25.317922760004876,7,0.0,0.42857142857142855,0.0,1.0,0.0,0.0,2.142857142857143,0.0,2.4285714285714284,0.8571428571428571,0.0,0.0,337.42857142857144,-30.818095135635563
86,176128,-0.0033537707175128164,3.8078420877456667,3.214268692334493,0.004342650581263446,0.05075772975881895,0.3142682000994682,-0.3963173031806946,1.980833888053894,0.7478841145833334,550.8666542916791,234.11598256884463,40.1887384321235,11.82423156301229,25.317922760004876,6,0.0,0.6666666666666666,0.0,1.0,0.0,0.0,2.6666666666666665,0.0,3.0,0.3333333333333333,0.0,0.0,364.6666666666667,-32.398750024149194
87,178176,-0.004403546801768243,3.648805117607117,3.226776146888733,0.004425753452526632,0.048137096750239534,0.2769530470172564,-0.20341750979423523,1.8949079513549805,0.8046875,551.832319682781,236.66286681174824,40.59840719814383,11.942437322017213,25.317922760004876,3,0.0,0.3333333333333333,0.0,1.0,0.0,0.0,2.3333333333333335,0.0,2.6666666666666665,0.3333333333333333,0.3333333333333333,0.0,329.6666666666667,-30.014999999664724
88,180224,-0.005225374192620317,3.612241339683533,3.2332878589630125,0.005286122789605389,0.06421452240707974,0.28336952527364095,0.13742686808109283,1.8295745849609375,0.8505859375,552.7965065585212,239.18634908966487,41.02037228620611,12.05708618801873,25.317922760004876,8,0.0,0.375,0.0,1.0,0.0,0.0,1.875,0.0,2.5,0.625,0.5,0.0,306.875,-30.134375000430737
89,182272,-0.0020468453178182243,4.228571796417237,3.2354872941970827,0.0024693807111419606,0.022251432932292422,0.2659791837135951,-0.1766173541545868,2.099818468093872,0.83740234375,553.9248596214572,241.62972548672406,41.411959695215046,12.171914691018173,25.317922760004876,8,0.0,0.5,0.0,0.875,0.125,0.0,2.125,0.125,2.5,0.75,0.0,0.125,336.625,-29.081041671917774
90,184320,-0.0034478195302654058,2.9815346240997314,3.237694589296977,0.004889678017536225,0.05231892317533493,0.2836176772912343,-0.2040896713733673,1.7868592739105225,0.7296549479166666,554.8554426018574,244.19156906975695,41.80480528917542,12.284220993016788,25.317922760004876,4,0.0,0.75,0.0,1.0,0.0,0.0,2.75,0.0,2.75,0.0,0.25,0.0,284.25,-30.0
91,186368,-0.0030256350020257134,2.351770448684692,3.2419176499048867,0.0041570680302313884,0.04377915433918436,0.3231345549225807,0.06880524009466171,1.5147883892059326,0.8165690104166666,555.4073961262976,246.93612946571375,42.20900564216572,12.404496829018171,25.317922760004876,7,0.0,0.7142857142857143,0.0,1.0,0.0,0.0,2.7142857142857144,0.0,2.857142857142857,0.14285714285714285,0.14285714285714285,0.0,369.0,-30.0
92,188416,-0.004078835333833315,3.707132077217102,3.247086485226949,0.004035428938351695,0.04956109699172278,0.25556639979283013,-0.16255562007427216,2.065880298614502,0.7623697916666666,555.9366583417203,249.65875777475594,42.63608434912021,12.532692893015337,25.317922760004876,5,0.0,0.6,0.0,1.0,0.0,0.0,2.2,0.0,2.2,0.8,0.0,0.0,338.0,-30.070999962929637
93,190464,-0.0030701189515336107,3.8356874227523803,3.253750952084859,0.0034372675412623938,0.034176187791551155,0.2921702946225802,-0.3594571352005005,1.9884812831878662,0.7464192708333334,556.7009675885199,252.22266189875518,43.08109410214092,12.652788087012595,25.317922760004876,6,0.0,0.6666666666666666,0.0,0.8333333333333334,0.16666666666666666,0.0,2.6666666666666665,0.16666666666666666,2.8333333333333335,0.0,0.16666666666666666,0.16666666666666666,364.0,-28.333333333333332
94,192512,-0.004748285561800003,1.9758863568305969,3.2608885606129965,0.005063947006785921,0.058485777815803885,0.33403369039297104,0.21710963547229767,1.4950722455978394,0.67138671875,557.5920233567152,254.69351617277425,43.509144856230705,12.789709183016384,25.317922760004876,5,0.0,0.8,0.0,1.0,0.0,0.0,2.8,0.0,2.8,0.0,0.2,0.0,351.0,-30.04250006796792
95,194560,-0.004473025265906472,2.3111764550209046,3.2691215753555296,0.004264471095683259,0.04593688920140267,0.2723217517137527,0.2159862369298935,1.419199824333191,0.8284505208333334,558.1976113226735,257.3900443608145,43.89695379519253,12.915611699019792,25.317922760004876,6,0.0,0.5,0.0,0.6666666666666666,0.3333333333333333,0.0,2.1666666666666665,0.3333333333333333,2.3333333333333335,0.5,0.0,0.3333333333333333,420.3333333333333,-26.810416720729943
96,196608,-0.00328341736846293,3.0124978542327883,3.2779404878616334,0.004574353491691289,0.05359622652564819,0.28676104644934336,0.20147676765918732,1.7759215831756592,0.7333984375,558.6497921276485,260.093627279879,44.35234990618483,13.054597097019723,25.317922760004876,4,0.0,0.0,0.0,1.0,0.0,0.0,1.75,0.0,2.5,1.25,0.0,0.0,367.75,-30.83874996122904
97,198656,-0.0051208377815783026,3.029040741920471,3.279647636413574,0.005363205133649738,0.06482315407677865,0.2762159024675687,-0.1641860157251358,1.7066386938095093,0.78466796875,559.243531284983,262.7371104128688,44.77175049618381,13.184916188023635,25.317922760004876,7,0.0,0.7142857142857143,0.0,1.0,0.0,0.0,2.7142857142857144,0.0,2.4285714285714284,0.14285714285714285,0.14285714285714285,0.0,405.7142857142857,-30.0
98,200704,-0.003258506286268433,3.5741206884384153,3.28250261147817,0.0039827946342792875,0.04049153413313131,0.31814877440532047,-0.2752780318260193,1.8920046091079712,0.79150390625,559.7256692040594,265.4881694958749,45.182415950257564,13.292072669020854,25.317922760004876,60,0.0,0.5,0.0,1.0,0.0,0.0,1.9333333333333333,0.18333333333333332,2.8666666666666667,0.7833333333333333,nan,0.18333333333333332,350.4166666666667,nan
99,202752,-0.00589025260899992,3.076701593399048,3.2836578925450643,0.00585538813753476,0.07229806235215316,0.31458920339743296,0.18694178760051727,1.7631078958511353,0.7610677083333334,519.2806445103723,267.8556983029557,45.58710317717487,13.411031221017765,54.199274972008425,4,0.0,0.25,0.0,0.75,0.25,0.0,2.0,0.25,2.5,0.75,0.0,0.25,389.75,-27.5
100,204800,-0.003561565668011705,2.797618532180786,3.290844519933065,0.0033850224767539984,0.03923516029802462,0.2524619127313296,-0.015360948629677296,1.7077925205230713,0.8098958333333334,520.4109635094138,270.3290173529167,45.992733343133295,13.53375069701724,54.199274972008425,7,0.0,0.2857142857142857,0.0,0.8571428571428571,0.14285714285714285,0.0,1.7142857142857142,0.14285714285714285,2.0,1.0,0.14285714285714285,0.14285714285714285,359.14285714285717,-29.625000002927013
101,206848,-0.005588987223260725,2.9396603107452393,3.300016260147095,0.004112466520664052,0.04494369670671101,0.27802973687648774,-0.018985962495207787,1.7335004806518555,0.8037109375,521.6352402350223,272.7498903799278,46.388277323087095,13.643447489019309,54.199274972008425,5,0.0,0.4,0.0,0.8,0.2,0.0,1.8,0.2,2.2,1.0,0.0,0.2,392.6,-32.42000005021691
102,208896,-0.0032371546937307962,3.863171339035034,3.3056732336680095,0.004038630551589542,0.04545894629942874,0.27032013883193334,-0.012317572720348835,1.9382668733596802,0.8365885416666666,522.718985828634,275.27746954494796,46.75632159505767,13.763883251020161,54.199274972008425,6,0.0,0.3333333333333333,0.0,1.0,0.0,0.0,2.0,0.0,2.5,0.8333333333333334,0.16666666666666666,0.0,379.8333333333333,-31.761666731132816
103,210944,-0.0035085409559542312,2.0599785804748536,3.309385625521342,0.0036833958587706903,0.04026662583928555,0.25190286288658775,0.2797665596008301,1.4679231643676758,0.8063151041666666,524.1721962504375,277.51094227991416,47.13600090906402,13.87592950402177,54.199274972008425,4,0.0,0.5,0.0,1.0,0.0,0.0,2.0,0.0,2.5,1.0,0.0,0.0,331.0,-32.63437500433065
104,212992,-0.004771871713455766,4.064411520957947,3.3111588954925537,0.003822859374416875,0.042561422816167274,0.28027880638837815,0.07574708759784698,1.9534943103790283,0.7705078125,525.3048679501842,279.9872337838897,47.503162549066474,13.986777846017503,54.199274972008425,7,0.0,0.14285714285714285,0.0,0.8571428571428571,0.14285714285714285,0.0,1.5714285714285714,0.14285714285714285,2.2857142857142856,0.8571428571428571,0.42857142857142855,0.14285714285714285,380.14285714285717,-29.367142878472805
105,215040,-0.004389778897166252,3.9006744861602782,3.3148284514745074,0.004491636066116255,0.054145276950051384,0.30212687303622565,-0.23193557560443878,1.9735150337219238,0.8435872395833334,526.455540750944,282.4230457248268,47.88949252013117,14.09164077501191,54.199274972008425,6,0.0,0.6666666666666666,0.0,0.8333333333333334,0.16666666666666666,0.0,2.0,0.16666666666666666,2.3333333333333335,0.8333333333333334,0.0,0.16666666666666666,334.0,-33.5725001397077
106,217088,-0.0035199171941106516,4.388301730155945,3.3140021324157716,0.004124189925452478,0.043673634591201944,0.3098259891072909,-0.43859434127807617,2.199445962905884,0.7530924479166666,527.5664821774845,284.9038841937945,48.242994638152595,14.206500368010893,54.199274972008425,6,0.0,0.16666666666666666,0.0,1.0,0.0,0.0,1.6666666666666667,0.0,2.6666666666666665,1.0,0.3333333333333333,0.0,355.0,-33.28430552974654
107,219136,-0.0035449401203853387,2.8021198511123657,3.317550047238668,0.003614884189606528,0.036728361543888845,0.28758206218481064,-0.06422052532434464,1.7053605318069458,0.7835286458333334,528.6950144507218,287.2391725349007,48.6908007180682,14.334837635011354,54.199274972008425,5,0.0,0.4,0.0,0.8,0.2,0.0,2.2,0.2,2.6,0.2,0.4,0.2,349.4,-32.85100010056048
108,221184,-0.0022697136194134754,3.6016090393066404,3.319394254684448,0.003993861225993659,0.04154345463418092,0.3214517856637637,0.016621487215161324,1.908969759941101,0.8605143229166666,529.353152656068,289.9629265019248,49.12195892600721,14.446869946012157,54.199274972008425,8,0.0,0.5,0.0,1.0,0.0,0.0,2.125,0.0,2.625,0.75,0.125,0.0,333.125,-31.279999974300154
109,223232,-0.005918800598495485,4.5111480236053465,3.322842089335124,0.0050915660451030485,0.06173416299279779,0.2913401996095975,-0.1849001795053482,2.292445659637451,0.7281901041666666,530.5068777111823,292.26572651699826,49.5617361560071,14.57440600200789,54.199274972008425,5,0.0,0.4,0.0,1.0,0.0,0.0,2.0,0.0,2.6,1.0,0.0,0.0,361.6,-31.328999932296576
110,225280,-0.004291308767278679,3.0524547576904295,3.327315878868103,0.004412289681764606,0.05384370536388208,0.2761278092861176,0.2552827000617981,1.604034185409546,0.78271484375,531.7994188324687,294.49256434699055,49.98220299597597,14.68174388200714,54.199274972008425,4,0.0,0.0,0.0,0.75,0.25,0.0,1.25,0.25,2.0,1.0,0.5,0.25,376.75,-34.99666695250198
111,227328,-0.0031254442719121775,2.432899904251099,3.3301529407501222,0.0036513474990405247,0.03904874013581624,0.2905668720602989,-0.05007205903530121,1.5556620359420776,0.86474609375,532.95181706307,296.8798596979468,50.331749315992056,14.790209343002061,54.199274972008425,8,0.0,0.5,0.0,1.0,0.0,0.0,2.25,0.0,2.375,0.625,0.125,0.0,342.375,-31.224999964761082
112,229376,-0.0023384462906202923,2.3959908485412598,3.335106341044108,0.0037604476919417115,0.03870006740714113,0.2968415836493174,0.07034792751073837,1.5775468349456787,0.80810546875,534.5043493024588,298.95465953888197,50.68164065598103,14.888673121997272,54.199274972008425,5,0.0,0.2,0.0,1.0,0.0,0.0,1.0,0.0,2.2,2.0,0.0,0.0,344.8,-31.903333291225135
113,231424,-0.003521553049601304,4.715593385696411,3.3402421792348225,0.0033893291959733083,0.037200921436306086,0.3043970952431361,-0.3970630466938019,2.1400339603424072,0.7693684895833334,536.2744557494511,300.8682626959344,51.00622667691641,14.986134143000527,54.199274972008425,6,0.0,0.16666666666666666,0.0,0.8333333333333334,0.16666666666666666,0.0,0.8333333333333334,0.16666666666666666,2.5,1.5,0.5,0.16666666666666666,346.8333333333333,-32.76958357775584
114,233472,-0.004735751715876783,2.811047649383545,3.341066042582194,0.004724629725042148,0.05723981634170438,0.2675498858094215,-0.19405192136764526,1.7337150573730469,0.79638671875,538.2420849613251,302.5803138198462,51.358964285915135,15.083365922997473,54.199274972008425,5,0.0,0.2,0.0,0.8,0.2,0.0,1.0,0.2,2.0,1.6,0.2,0.2,412.0,-33.0335001276806
115,235520,-0.002074676182140441,2.208550047874451,3.344535223642985,0.003334459961521835,0.03371055507256339,0.27384962091843285,0.3075977861881256,1.4412072896957397,0.8038736979166666,540.0483971068053,304.4058643098324,51.709453003939416,15.18425147299422,54.199274972008425,5,0.0,0.0,0.0,1.0,0.0,0.0,0.8,0.0,2.2,2.2,0.0,0.0,396.8,-33.50116666387767
116,237568,-0.0028508308557017394,2.0195650458335876,3.346629269917806,0.004398670979686373,0.0511137741462638,0.3042074938615163,0.03129260241985321,1.4567402601242065,0.8011067708333334,541.4050310115471,306.5355636626846,52.10104382796271,15.285237588992459,54.199274972008425,5,0.0,0.4,0.0,1.0,0.0,0.0,1.6,0.0,1.8,1.4,0.0,0.0,414.2,-32.643000001553446
117,239616,-0.003563361387932673,2.8385345220565794,3.349791153271993,0.004516656869815925,0.04751179187248151,0.3075048133730888,-0.17986302077770233,1.7975099086761475,0.7552083333333334,543.0188692588869,308.51355351474194,52.42831035106792,15.385784460995637,54.199274972008425,4,0.0,0.25,0.0,1.0,0.0,0.0,1.5,0.0,3.0,1.5,0.0,0.0,389.75,-33.25625012582168
118,241664,-0.005707458802498877,2.3692612171173097,3.3501896222432452,0.005667637406124678,0.07272730062250048,0.2802224765221278,0.18142883479595184,1.428298830986023,0.7649739583333334,544.573255618341,310.4587048067915,52.80234611895867,15.497916448992328,54.199274972008425,7,0.0,0.2857142857142857,0.14285714285714285,0.7142857142857143,0.14285714285714285,0.0,1.8571428571428572,0.2857142857142857,2.142857142857143,0.7142857142857143,0.14285714285714285,0.14285714285714285,419.42857142857144,-30.647857249448343
119,243712,-0.002934631063059593,2.8653719902038572,3.350916862487793,0.002963359566084358,0.027677217901994785,0.25872899194558463,-0.07706205546855927,1.6702558994293213,0.86572265625,546.0240842447868,312.4686202347948,53.17743831192638,15.618390725991048,54.199274972008425,5,0.0,0.2,0.0,1.0,0.0,0.0,1.0,0.0,2.8,1.8,0.2,0.0,341.6,-32.72249998841435
120,245760,-0.004684395167472152,1.6695479512214662,3.3537399768829346,0.004112477144412707,0.04509239490920057,0.29458428571621575,0.18505924940109253,1.282719373703003,0.8299153645833334,547.2981878295317,314.59399537276477,53.56322997996904,15.739894211990759,54.199274972008425,4,0.0,0.0,0.0,1.0,0.0,0.0,1.5,0.0,2.0,1.5,0.0,0.0,368.75,-30.46625001647044
121,247808,-0.004206358847053101,3.2537970304489137,3.354750164349874,0.00484327320739006,0.056366516614798454,0.29587918768326443,0.07767733931541443,1.7811458110809326,0.79248046875,548.5561398398422,316.67216399272,53.97952281198377,15.872719562990824,54.199274972008425,6,0.0,0.3333333333333333,0.0,0.8333333333333334,0.16666666666666666,0.0,1.6666666666666667,0.16666666666666666,2.6666666666666665,0.8333333333333334,0.3333333333333333,0.16666666666666666,398.1666666666667,-30.259166737552732
122,249856,-0.004177553940098733,2.6308457374572756,3.3537346919377646,0.004420279474773755,0.05175312198698521,0.31094099283218385,0.0009928969666361809,1.6141486167907715,0.8118489583333334,549.8067394235014,318.8438724596854,54.32670001396764,15.980637730994204,54.199274972008425,6,0.0,0.16666666666666666,0.0,1.0,0.0,0.0,1.6666666666666667,0.0,1.6666666666666667,1.3333333333333333,0.0,0.0,377.0,-30.0241666661265
123,251904,-0.0032842380305131277,3.816126847267151,3.3507585922876992,0.003827400361754335,0.04136222931168353,0.31798815677563347,-0.4086973965167999,1.9686460494995117,0.6910807291666666,551.1329201882932,320.94020670859754,54.67967625401798,16.08657148299244,54.199274972008425,4,0.0,0.25,0.0,1.0,0.0,0.0,1.5,0.0,2.25,1.25,0.25,0.0,398.25,-37.955000311369076
124,253952,-0.0039080208943535885,2.7492746353149413,3.3544907410939535,0.005309599067835213,0.06520456608850508,0.2773788576324781,-0.02293187752366066,1.610358476638794,0.8287760416666666,552.410704280205,323.0369463826719,55.05882480598666,16.19347049399221,54.199274972008425,4,0.0,0.5,0.0,0.5,0.5,0.0,2.5,0.5,3.0,0.0,0.0,0.5,494.75,-34.031875347252935
125,256000,-0.0032874028276031215,3.1281898260116576,3.3600106875101727,0.004882654677771691,0.05916881654411554,0.3231047774354617,-0.5506334900856018,1.9189069271087646,0.6697591145833334,553.4676697816426,325.2439908327069,55.48044107299938,16.312065353988146,54.199274972008425,6,0.0,0.16666666666666666,0.0,1.0,0.0,0.0,1.5,0.0,2.1666666666666665,1.3333333333333333,0.16666666666666666,0.0,362.1666666666667,-38.041111300544195
126,258048,-0.0029294967146900794,2.8686694860458375,3.3606945276260376,0.005347532718585801,0.06568653647166987,0.34104002465804417,0.34988343715667725,1.6914992332458496,0.8001302083333334,554.4060227994644,327.56891278962576,55.86251598599483,16.435162300993397,54.199274972008425,6,0.0,0.16666666666666666,0.0,0.8333333333333334,0.16666666666666666,0.0,1.8333333333333333,0.16666666666666666,3.0,1.0,0.0,0.16666666666666666,419.3333333333333,-37.05833367755016
127,260096,-0.002343499513032536,3.5565353631973267,3.366800228754679,0.0037425198003292336,0.03933034021562586,0.3005510235826174,-0.21857768297195435,2.0235064029693604,0.8006184895833334,555.622522901584,329.6054398056076,56.303872510987276,16.55091310798889,54.199274972008425,5,0.0,0.0,0.2,0.8,0.0,0.0,1.0,0.4,2.0,1.4,0.2,0.0,404.4,-29.827000064216556
128,262144,-0.0034294268193965157,2.12595933675766,3.3733965158462524,0.0037230790062467074,0.041581852466333655,0.2837838068604469,0.4183003902435303,1.358201026916504,0.7003580729166666,557.1698826052697,331.3486155605715,56.7696935148997,16.652604668990534,54.199274972008425,3,0.0,0.3333333333333333,0.0,0.6666666666666666,0.3333333333333333,0.0,2.0,0.3333333333333333,2.3333333333333335,0.6666666666666666,0.0,0.3333333333333333,460.3333333333333,-28.793333381103974
129,264192,-0.004120054216279338,2.6544239282608033,3.384422953923543,0.0043975191461545545,0.04963084040209651,0.28116936683654786,-0.11875932663679123,1.632253885269165,0.7506510416666666,558.3246530957692,333.4285953395447,57.19104523088026,16.76852818299085,54.199274972008425,6,0.0,0.16666666666666666,0.0,0.6666666666666666,0.3333333333333333,0.0,1.3333333333333333,0.3333333333333333,1.6666666666666667,1.3333333333333333,0.0,0.3333333333333333,480.5,-39.29916695225984
130,266240,-0.004722533856208125,2.689322257041931,3.3930025498072305,0.004101919689349506,0.049683060590177776,0.27556264648834866,-0.08369944989681244,1.7505183219909668,0.8092447916666666,559.4891164815177,335.5604879735256,57.55485793986736,16.882129647987313,54.199274972008425,3,0.0,0.0,0.0,1.0,0.0,0.0,1.0,0.0,2.3333333333333335,2.0,0.0,0.0,325.6666666666667,-31.44166683126241
131,268288,-0.0040327141539213095,1.5929064631462098,3.395570437113444,0.005884991176044239,0.07550047870414953,0.31447559694449106,-0.11471808701753616,1.3824949264526367,0.6482747395833334,560.8031070180057,337.5776167975346,57.89354195971828,16.995133252989035,54.199274972008425,4,0.0,0.25,0.0,0.75,0.25,0.0,1.5,0.25,1.5,1.25,0.0,0.25,437.0,-29.813750078668818
132,270336,-0.004189175138405213,3.315660238265991,3.3985621134440103,0.0040054556126719815,0.04056546848732978,0.25935165186723075,-0.3265185058116913,1.9702739715576172,0.7106119791666666,561.9828084015303,339.6736816924895,58.249714177742135,17.10687904099177,54.199274972008425,7,0.0,0.0,0.0,0.7142857142857143,0.2857142857142857,0.0,1.2857142857142858,0.2857142857142857,1.8571428571428572,1.2857142857142858,0.14285714285714285,0.2857142857142857,454.7142857142857,-33.86178599637268
133,272384,-0.0033063274944045893,2.618208074569702,3.4091383775075275,0.0039927603670851875,0.04277682403723399,0.24932749370733898,-0.22051241993904114,1.7448375225067139,0.7392578125,562.9713012818903,341.89708891946793,58.633401387764025,17.21734733599442,54.199274972008425,6,0.0,0.6666666666666666,0.0,0.8333333333333334,0.16666666666666666,0.0,2.5,0.16666666666666666,2.1666666666666665,0.16666666666666666,0.16666666666666666,0.16666666666666666,369.6666666666667,-28.36083333271866
134,274432,-0.005512371242123966,1.210827684402466,3.421413254737854,0.00417972336346033,0.04730754331685603,0.26720824738343557,0.4328659772872925,1.149235725402832,0.6946614583333334,563.9821273743182,344.1174436795045,59.00699546273245,17.322681606994593,54.199274972008425,3,0.0,0.3333333333333333,0.0,1.0,0.0,0.0,1.6666666666666667,0.0,3.0,1.3333333333333333,0.0,0.0,416.6666666666667,-31.402500052315492
135,276480,-0.0030963549196409684,2.7847723245620726,3.429632051785787,0.003536140235622968,0.03885933924466371,0.2903542290131251,-0.28697875142097473,1.7227840423583984,0.7102864583333334,565.0445334869197,346.2837777365203,59.36456524573441,17.43158522999147,54.199274972008425,7,0.0,0.14285714285714285,0.0,0.8571428571428571,0.14285714285714285,0.0,1.5714285714285714,0.14285714285714285,2.4285714285714284,1.0,0.2857142857142857,0.14285714285714285,408.0,-31.929285785050265
136,278528,-0.0038076822490741807,2.336718964576721,3.436094029744466,0.0041685737916230215,0.043534200894646345,0.2866215934356054,-0.13911430537700653,1.598105549812317,0.7067057291666666,566.3609079571677,348.23951719951583,59.71577197581064,17.53654837499198,54.199274972008425,3,0.0,0.6666666666666666,0.0,1.0,0.0,0.0,2.6666666666666665,0.0,1.6666666666666667,0.3333333333333333,0.0,0.0,347.0,-30.670833223499358
137,280576,-0.003537683099663506,1.9845083117485047,3.438215454419454,0.0033909463368021558,0.035112993970202906,0.27919335464636486,0.23079416155815125,1.4222875833511353,0.806640625,567.1412085214569,350.593694409552,60.10988437775086,17.64403346099425,54.199274972008425,6,0.0,0.16666666666666666,0.0,0.6666666666666666,0.3333333333333333,0.0,1.8333333333333333,0.3333333333333333,2.0,0.8333333333333334,0.0,0.3333333333333333,461.5,-39.75916705552178
138,282624,-0.0025926028630541016,2.917013335227966,3.443643498420715,0.0026248067649544517,0.019820359353131305,0.24342174877723058,0.10901613533496857,1.7694171667099,0.810546875,567.9997878828003,352.86516722456145,60.50469498174789,17.753449446994637,54.199274972008425,7,0.0,0.2857142857142857,0.0,1.0,0.0,0.0,1.4285714285714286,0.0,2.4285714285714284,1.5714285714285714,0.0,0.0,366.14285714285717,-30.10678571722071
139,284672,-0.003497961737836401,2.6903995752334593,3.4480651060740155,0.004219302389618555,0.04399747094915559,0.2559186314543088,-0.04549822583794594,1.7535719871520996,0.7600911458333334,568.3400497447415,355.5229723876182,60.93790171483124,17.883472668996546,54.199274972008425,6,0.0,0.16666666666666666,0.0,1.0,0.0,0.0,1.6666666666666667,0.0,2.5,1.1666666666666667,0.16666666666666666,0.0,351.0,-33.25708336072663
140,286720,-0.0034658215086286266,1.6875110626220704,3.450713610649109,0.002917909371001794,0.028206525649875403,0.31446533898512524,-0.10245177894830704,1.48847234249115,0.68408203125,569.0904699415435,357.872261438657,61.3364108219248,18.002414390000922,54.199274972008425,2,0.0,0.5,0.0,1.0,0.0,0.0,2.5,0.0,3.0,0.5,0.0,0.0,340.5,-30.286250001750886
141,288768,-0.0034992529971835514,1.1066762924194335,3.4522112449010214,0.0031335004149698658,0.030806630768347533,0.28153974960247674,0.3439742922782898,0.9602827429771423,0.7923177083333334,569.677941696216,360.39474341367895,61.69776257400372,18.11368593700172,54.199274972008425,7,0.0,0.14285714285714285,0.0,1.0,0.0,0.0,2.0,0.0,2.857142857142857,0.8571428571428571,0.14285714285714285,0.0,434.85714285714283,-30.850000032356807
142,290816,-0.003907796977243075,3.158324885368347,3.452496306101481,0.003560637322602721,0.0417005884150664,0.2595508004228274,-0.14860570430755615,1.8165122270584106,0.8152669270833334,570.1444786280222,362.9779037147018,62.100690563929675,18.22488606400293,54.199274972008425,5,0.0,0.6,0.0,1.0,0.0,0.0,2.2,0.0,3.0,0.8,0.0,0.0,343.4,-34.15733337569982
143,292864,-0.0033797591342590748,2.712524151802063,3.462152028083801,0.00354497691109378,0.035520605145332715,0.27812611212333044,-0.09758244454860687,1.7241355180740356,0.7639973958333334,570.8174345140895,365.3701086097062,62.49684653193981,18.344191463998868,54.199274972008425,6,0.0,0.0,0.0,1.0,0.0,0.0,1.3333333333333333,0.0,2.6666666666666665,1.6666666666666667,0.0,0.0,413.3333333333333,-31.602083252587665
144,294912,-0.0028945455521655577,1.322220253944397,3.466386079788208,0.0030196641973203892,0.029947110983387877,0.25920767039060594,0.26959875226020813,1.1816619634628296,0.76123046875,571.7207289607397,367.56977048173576,62.89477887798421,18.45002018699597,54.199274972008425,3,0.0,0.3333333333333333,0.0,1.0,0.0,0.0,1.6666666666666667,0.0,2.3333333333333335,1.3333333333333333,0.0,0.0,378.0,-30.0
145,296960,-0.0028645124402828515,3.251081347465515,3.4682334899902343,0.0035093268724529485,0.03572287727923443,0.2798720841606458,-0.38148513436317444,1.8998088836669922,0.6988932291666666,572.5167778500185,369.8370337087181,63.28849736596749,18.568407685001148,54.199274972008425,7,0.0,0.2857142857142857,0.14285714285714285,0.7142857142857143,0.14285714285714285,0.0,1.4285714285714286,0.2857142857142857,2.142857142857143,1.0,0.2857142857142857,0.14285714285714285,416.14285714285717,-30.28357148602871
146,299008,-0.004389869963051751,1.5605294108390808,3.4705079952875773,0.004518375303115078,0.05228066429262981,0.29032839089632034,0.14587847888469696,1.329735517501831,0.71484375,573.3409510077747,372.07486035173497,63.686745722967316,18.679895340996154,54.199274972008425,5,0.0,0.2,0.2,0.6,0.2,0.0,1.8,0.6,2.0,0.4,0.2,0.2,342.4,-24.0
147,301056,-0.002610504200371603,2.015834152698517,3.4742639144261678,0.0036240579072982487,0.03928442291993027,0.28185618768135706,0.17763178050518036,1.3651682138442993,0.8230794270833334,573.950320268032,374.4675812837813,64.11527142494015,18.79296740599966,54.199274972008425,60,0.0,0.5,0.0,1.0,0.0,0.016666666666666666,2.1,0.7666666666666667,2.716666666666667,0.1,nan,0.7166666666666667,547.6833333333333,nan
148,303104,-0.0034781215431091065,2.879895544052124,3.4767905871073403,0.004310090509291816,0.04481100824971994,0.3004197413722674,0.4157699644565582,1.6382882595062256,0.78271484375,537.0857026467575,376.695352021743,64.54681352997432,18.90985091600305,91.13952155301376,4,0.0,0.0,0.0,0.5,0.5,0.0,1.25,0.5,1.75,1.0,0.25,0.5,478.25,-30.240625202888623
149,305152,-0.0038031840308879812,1.8970082640647887,3.4730567932128906,0.003986164399090695,0.04330036760463069,0.2789900307854017,-0.40757596492767334,1.4347593784332275,0.7522786458333334,537.5169101326511,379.36766310377425,64.99580948189396,19.060559064004337,91.13952155301376,4,0.0,0.0,0.0,0.75,0.25,0.0,1.5,0.25,2.5,1.25,0.0,0.25,423.0,-27.618125001550652
150,307200,-0.002833901297223444,1.326106357574463,3.4709121306737263,0.003283862727281909,0.03419311863059799,0.27287897318601606,-0.0011914215283468366,1.160575270652771,0.75927734375,537.077510736303,382.8815143808388,65.50789460391388,19.190594632003922,91.13952155301376,7,0.0,0.7142857142857143,0.0,1.0,0.0,0.0,2.5714285714285716,0.0,2.5714285714285716,0.2857142857142857,0.14285714285714285,0.0,344.42857142857144,-33.72857157673155
151,309248,-0.0025753932228932777,3.8185656785964968,3.4734396298726398,0.0027382256201259883,0.02500705055038755,0.2658804471294085,-0.19231069087982178,1.9471737146377563,0.8819986979166666,536.8933884497624,386.0993558458067,66.03675888291036,19.344115826002962,91.13952155301376,8,0.0,0.5,0.0,0.875,0.125,0.0,2.125,0.125,2.125,0.625,0.125,0.125,338.875,-32.06406266737031
152,311296,-0.0023107525620919963,2.403109073638916,3.4733784437179565,0.002752900337866939,0.02707953347126022,0.27239806602398553,0.13447637856006622,1.5483803749084473,0.8255208333333334,536.9605111805911,389.13174594684824,66.5165229769409,19.479093045003538,91.13952155301376,4,0.0,0.0,0.0,1.0,0.0,0.0,1.75,0.0,1.5,1.25,0.0,0.0,362.0,-30.0
153,313344,-0.002051500463858247,1.6628831148147583,3.4744423071543378,0.003286681327567295,0.029252962061824896,0.2922903324166934,-0.12764570116996765,1.3617836236953735,0.78564453125,537.3106373772781,391.8173892468476,67.03767312993295,19.60731783900701,91.13952155301376,5,0.0,0.2,0.0,0.8,0.2,0.0,2.2,0.2,2.6,0.6,0.0,0.2,445.4,-28.280499997362494
154,315392,-0.00355522179355224,1.804960012435913,3.477355217933655,0.003002060420228377,0.025695202709175646,0.2686785519123077,-0.08190007507801056,1.4066143035888672,0.7412109375,537.9956588498411,394.2193941328951,67.48742538491206,19.73555518500507,91.13952155301376,4,0.0,0.5,0.0,1.0,0.0,0.0,2.0,0.0,2.0,1.0,0.0,0.0,343.5,-30.00562499987427
155,317440,-0.0045377400480598835,2.525096082687378,3.4827666838963824,0.003911868256414156,0.0422528116342922,0.30518533984820045,-0.2848334014415741,1.791024088859558,0.6682942708333334,538.6548870791795,396.62802560692217,67.93594456197025,19.86563934800506,91.13952155301376,4,0.0,0.5,0.0,1.0,0.0,0.0,2.25,0.0,2.0,0.75,0.0,0.0,488.0,-44.76625058497302
156,319488,-0.00456670462541903,1.6115513682365417,3.4879579544067383,0.0045266362433072325,0.051470115854560086,0.25561390767494835,0.20109914243221283,1.1645913124084473,0.7740885416666666,538.8930504333115,399.50791778396524,68.37771173992223,19.989786266007286,91.13952155301376,7,0.0,0.5714285714285714,0.0,0.7142857142857143,0.2857142857142857,0.0,2.0,0.42857142857142855,2.2857142857142856,0.42857142857142855,0.14285714285714285,0.2857142857142857,440.0,-31.278571631094174
157,321536,-0.0033873751885645713,1.8444170713424684,3.487509783109029,0.003105209693400658,0.028696338172691564,0.27105859816074374,0.6729944944381714,1.265892744064331,0.908203125,539.0901800006193,402.37293358500756,68.86784041295323,20.12792034600716,91.13952155301376,3,0.0,0.3333333333333333,0.0,1.0,0.0,0.0,1.6666666666666667,0.0,3.0,1.3333333333333333,0.0,0.0,352.3333333333333,-30.229444443248212
158,323584,-0.0052445150911808016,2.2965131521224977,3.4913091897964477,0.004392014837219153,0.049651207968903086,0.31709523548682533,0.02310968190431595,1.5312244892120361,0.7335611979166666,539.44523412579,405.09325733192964,69.32800637497712,20.261183765011083,91.13952155301376,4,0.0,0.25,0.0,0.5,0.5,0.0,1.75,0.5,1.5,0.75,0.0,0.5,504.5,-28.474999963189475
159,325632,-0.002533801319077611,1.181969118118286,3.4934393564860025,0.003789056902472243,0.03964615638833493,0.3323718160390854,0.3428541421890259,0.9802653789520264,0.8193359375,539.6670648307586,407.9618940898363,69.78432832699036,20.398892827011878,91.13952155301376,3,0.0,0.0,0.0,0.0,1.0,0.0,1.0,1.0,2.3333333333333335,1.0,0.0,1.0,600.0,-25.542444494436495
160,327680,-0.003309985502467801,1.9627935528755187,3.495762912432353,0.003253501613043345,0.029729093502586085,0.2970217968026797,0.35211271047592163,1.3691736459732056,0.80419921875,539.9222535597253,410.7388569208706,70.27950214298471,20.541795689016,91.13952155301376,6,0.0,0.16666666666666666,0.0,0.6666666666666666,0.3333333333333333,0.0,2.0,0.3333333333333333,2.6666666666666665,0.6666666666666666,0.0,0.3333333333333333,489.6666666666667,-30.135416694916785
161,329728,-0.003213935457946112,3.343908095359802,3.4941567818323773,0.00303745977650736,0.02651842302099491,0.2566623017191887,-0.022454094141721725,1.9484686851501465,0.8155924479166666,540.279373678155,413.4411607938964,70.75318009597686,20.674500116016134,91.13952155301376,2,0.0,0.5,0.0,0.5,0.5,0.0,2.0,1.0,2.0,0.0,0.0,0.5,414.5,-21.228750044945627
162,331776,-0.0053619420291700715,2.0731123208999636,3.495993971824646,0.004716822433083753,0.0538541440696766,0.31925012866655983,-0.24112887680530548,1.3895107507705688,0.6756184895833334,540.9074304792673,415.81756936886813,71.23310964385746,20.802085472016188,91.13952155301376,6,0.0,0.3333333333333333,0.0,0.6666666666666666,0.3333333333333333,0.0,1.6666666666666667,0.3333333333333333,2.3333333333333335,1.0,0.0,0.3333333333333333,511.1666666666667,-32.87194464417795
163,333824,-0.003619999475874162,1.6839490175247191,3.498226801554362,0.004300561037520301,0.04549327275405327,0.28567563990751904,0.15863215923309326,1.2885948419570923,0.806640625,541.0727849523128,418.72807336888945,71.70220274189342,20.931174274017394,91.13952155301376,4,0.0,0.0,0.0,0.75,0.25,0.0,1.5,0.25,1.75,0.5,0.75,0.25,444.5,-38.27500041620806
164,335872,-0.0037377206856035626,1.9333001613616942,3.496050723393758,0.0037764620914596723,0.03713646564477434,0.32745513568321866,0.3551235795021057,1.471734881401062,0.7882486979166666,541.2164598382365,421.6739719208199,72.16373400187149,21.064734428015072,91.13952155301376,3,0.0,0.3333333333333333,0.0,0.6666666666666666,0.3333333333333333,0.0,1.6666666666666667,0.3333333333333333,1.6666666666666667,1.0,0.0,0.3333333333333333,470.0,-26.949444339144975
165,337920,-0.0018796361905212204,3.6937803506851195,3.5001036405563353,0.00445567502872445,0.05141872242869188,0.29658373941977817,-0.11779357492923737,1.8035701513290405,0.8857421875,541.3388707140432,424.6819256218587,72.58219021883997,21.18886051701702,91.13952155301376,7,0.0,0.2857142857142857,0.0,0.5714285714285714,0.42857142857142855,0.0,1.1428571428571428,0.42857142857142855,2.857142857142857,1.0,0.42857142857142855,0.42857142857142855,440.7142857142857,-30.90523815607386
166,339968,-0.0035697244689799844,2.669110918045044,3.5066082239151,0.005481302929826911,0.0675038730337595,0.36376319626967113,0.2233722060918808,1.6829652786254883,0.7434895833333334,541.8163482328395,427.3101369848664,72.99162964672723,21.304179074017156,91.13952155301376,4,0.0,0.0,0.0,0.5,0.5,0.0,1.0,0.75,2.0,1.25,0.0,0.5,503.0,-28.355416813865304
167,342016,-0.0036451649386435745,2.525530219078064,3.5101642926534016,0.004438868739437011,0.04763036441678802,0.26061495691537856,0.1464713215827942,1.424731969833374,0.8859049479166666,542.1727682375334,430.0073930788931,73.45818736076762,21.424246186019445,91.13952155301376,4,0.0,0.5,0.0,0.75,0.25,0.25,2.5,0.25,2.75,0.25,0.0,0.25,514.75,-27.544583426089957
168,344064,-0.003688376080632831,2.382444369792938,3.514491669336955,0.004859903762645085,0.05518277793501814,0.3062892913818359,0.045884229242801666,1.5608326196670532,0.81494140625,542.7921400532724,432.4476923948823,73.87380282976665,21.5466205540215,91.13952155301376,3,0.0,0.0,0.0,1.0,0.0,0.0,0.6666666666666666,0.0,2.3333333333333335,1.6666666666666667,0.6666666666666666,0.0,360.0,-31.886666647158563
169,346112,-0.004440406679350417,2.744780707359314,3.5131597677866617,0.005344080001304974,0.06544882932212204,0.32637751499811807,0.023803269490599632,1.582648754119873,0.8595377604166666,543.2215867257062,435.0944540099881,74.29058760275802,21.665911558025982,91.13952155301376,7,0.0,0.0,0.0,0.42857142857142855,0.5714285714285714,0.0,0.8571428571428571,0.8571428571428571,2.2857142857142856,1.1428571428571428,0.14285714285714285,0.5714285714285714,503.7142857142857,-27.473095165964747
170,348160,-0.0044434229172717705,3.5506487131118774,3.513401166598002,0.004860577760428375,0.054315386433154346,0.3210310513774554,-0.31242117285728455,1.8894180059432983,0.8297526041666666,543.6519194963068,437.7423818530151,74.70039846375585,21.79427203402156,91.13952155301376,4,0.0,0.75,0.0,1.0,0.0,0.0,2.75,0.0,2.5,0.25,0.0,0.0,389.5,-38.36666685901582
171,350208,-0.0066068473116805155,3.507522463798523,3.518052832285563,0.00609990402083666,0.07656771061010659,0.2646934961279233,-0.290355384349823,1.7163251638412476,0.7887369791666666,544.0455556999917,440.46053329004644,75.07233295171318,21.92275061502005,91.13952155301376,5,0.0,0.6,0.0,1.0,0.0,0.0,2.2,0.0,2.4,0.6,0.2,0.0,419.0,-35.95750011820346
172,352256,-0.006823307279652606,3.5407572984695435,3.5260486602783203,0.006850309469774463,0.08938407332946857,0.3456471636891365,-0.26856306195259094,2.0149316787719727,0.7347005208333334,544.5720162319923,442.96637985009875,75.50676273064892,22.039179286017315,91.13952155301376,5,0.0,0.8,0.0,1.0,0.0,0.0,2.8,0.0,2.8,0.0,0.2,0.0,346.0,-30.041999999061225
173,354304,-0.0033622817369177937,2.2681021332740783,3.529178746541341,0.004047392762020792,0.04164500769693404,0.28235583355029426,0.22088010609149933,1.458709955215454,0.82763671875,544.8541236259372,445.7881679160637,75.91222096263664,22.15310567801498,91.13952155301376,6,0.0,0.3333333333333333,0.0,0.8333333333333334,0.16666666666666666,0.0,2.1666666666666665,0.16666666666666666,2.5,0.5,0.16666666666666666,0.16666666666666666,430.0,-28.860416644796107
174,356352,-0.0033403771347366275,2.8993111848831177,3.5327979882558185,0.003695747026341447,0.04072535717083762,0.2962078993519147,0.184177428483963,1.762583613395691,0.8974609375,545.2112363454579,448.46582577408844,76.34955818850722,22.288212405015656,91.13952155301376,4,0.0,0.75,0.0,0.75,0.25,0.0,2.5,0.25,2.0,0.25,0.0,0.25,339.25,-27.679166669026017
175,358400,-0.004441425021893034,3.2960851430892943,3.539884893099467,0.004652118971442824,0.053206320017731436,0.329033554593722,-0.22392168641090393,1.9654455184936523,0.7080078125,545.960119845201,450.7121004000146,76.76073942554649,22.40504379401682,91.13952155301376,5,0.0,0.2,0.0,1.0,0.0,0.0,2.0,0.0,2.8,0.4,0.6,0.0,454.8,-32.389000022783875
176,360448,-0.003327977443890025,3.9314244747161866,3.548063373565674,0.0038010079912616955,0.04309650952927768,0.3045745184024175,-0.15171831846237183,1.994954228401184,0.8077799479166666,546.4513022738663,453.2458848899332,77.17010623747774,22.5262956800143,91.13952155301376,7,0.0,0.2857142857142857,0.0,0.8571428571428571,0.14285714285714285,0.0,1.5714285714285714,0.14285714285714285,2.2857142857142856,0.5714285714285714,0.7142857142857143,0.14285714285714285,388.0,-30.568809551053814
177,362496,-0.005526425906767448,5.271713304519653,3.553870407740275,0.004966885526236309,0.05488593938450018,0.29408396035432816,-0.3324119746685028,2.482983350753784,0.72900390625,547.119264006553,455.5870212029695,77.55861129246478,22.65789938801754,91.13952155301376,4,0.0,0.5,0.0,0.75,0.25,0.0,2.25,0.25,2.0,0.5,0.0,0.25,393.25,-28.062500022351742
178,364544,-0.003297269344329834,1.6006691217422486,3.5560558557510378,0.0044407859893728545,0.051291821307192245,0.3254968603452047,0.27956607937812805,1.2485331296920776,0.6809895833333334,547.6250659894615,458.08277653692494,77.99320732129854,22.775571477017365,91.13952155301376,4,0.0,0.25,0.0,1.0,0.0,0.0,1.75,0.0,2.5,0.75,0.5,0.0,385.75,-37.31000019074418
179,366592,-0.0042002375276448825,2.4240073204040526,3.558313417434692,0.004901757171940214,0.055848375583688416,0.3062419796983401,0.21081918478012085,1.5684579610824585,0.7784830729166666,547.9774907101607,460.7060566498694,78.4559262612238,22.913819594017696,91.13952155301376,6,0.0,0.3333333333333333,0.0,1.0,0.0,0.0,2.1666666666666665,0.0,2.0,0.16666666666666666,0.6666666666666666,0.0,402.6666666666667,-36.48083358320097
180,368640,-0.004325142304878682,3.12851505279541,3.563971455891927,0.004155497218731757,0.04412142694927752,0.3122493286927541,-0.049426548182964325,1.814547061920166,0.77197265625,548.389196014777,463.3032873048287,78.88108975422074,23.035947966018284,91.13952155301376,6,0.0,0.16666666666666666,0.0,1.0,0.0,0.0,2.0,0.0,2.3333333333333335,0.3333333333333333,0.6666666666666666,0.0,350.1666666666667,-31.56750001463418
181,370688,-0.004384335716410229,4.179514288902283,3.56740558942159,0.004567103006244927,0.052262977262338,0.3264925301074982,-0.4317501187324524,2.242175817489624,0.7102864583333334,548.952062097428,465.7452081267402,79.28031191826449,23.15591993801354,91.13952155301376,5,0.0,0.4,0.0,0.8,0.2,0.0,2.4,0.2,2.4,0.2,0.2,0.2,421.6,-34.88800024632364
182,372736,-0.0030673655991752943,2.708033871650696,3.571539878845215,0.0044018743061479204,0.04611585326492786,0.28818094631036123,0.18477971851825714,1.666941523551941,0.89892578125,549.5359963485237,468.1262731167517,79.70137927915493,23.2746982410099,91.13952155301376,7,0.0,0.42857142857142855,0.14285714285714285,0.8571428571428571,0.0,0.0,2.0,0.2857142857142857,1.7142857142857142,0.0,0.7142857142857143,0.0,308.14285714285717,-28.373095203457133
183,374784,-0.003724890702869743,3.3078759908676147,3.573966550827026,0.004508627509755027,0.05115320574647437,0.29274377375841143,-0.04549041762948036,1.947027564048767,0.826171875,550.4078270088448,470.1490684146629,80.14056611916749,23.383459900011076,91.13952155301376,4,0.0,0.75,0.0,1.0,0.0,0.0,2.75,0.0,1.5,0.25,0.0,0.0,410.5,-31.466666692402214
184,376832,-0.003950265818275511,2.6810102462768555,3.5772645791371662,0.003815996437364581,0.044169341664140424,0.27920294006665547,0.3525809347629547,1.5591835975646973,0.85205078125,550.8008955596775,472.73972813364526,80.57326040110638,23.509769639007573,91.13952155301376,5,0.0,0.2,0.0,0.6,0.4,0.0,1.6,0.6,1.8,0.4,0.4,0.4,473.6,-29.999500079546124
185,378880,-0.0050721403832236925,3.151743507385254,3.5845000902811686,0.004812290592339097,0.05938988242608805,0.3222222452362378,-0.1441705822944641,1.946244478225708,0.7197265625,551.4215059373404,475.0502655736782,80.99380554421805,23.628569673004677,91.13952155301376,5,0.0,0.2,0.0,1.0,0.0,0.0,2.0,0.0,2.0,0.4,0.6,0.0,392.2,-34.27400015778839
186,380928,-0.003933229051472154,4.427103519439697,3.592802961667379,0.004121862287441521,0.046933004426925135,0.30128532350063325,-0.29827478528022766,2.2793374061584473,0.7688802083333334,551.8738947528238,477.5621337176635,81.41938813427987,23.745572101004655,91.13952155301376,8,0.0,0.375,0.0,0.875,0.125,0.0,2.125,0.125,2.375,0.125,0.625,0.125,334.875,-34.39906266477192
187,382976,-0.004510586685501039,4.457852745056153,3.5994359254837036,0.005228623139778201,0.061790369699398676,0.30045057038466133,-0.143219992518425,2.1664047241210938,0.8662109375,552.0830486286011,480.37998643154424,81.84316696126189,23.866931283999293,91.13952155301376,6,0.0,0.3333333333333333,0.0,0.8333333333333334,0.16666666666666666,0.0,1.8333333333333333,0.3333333333333333,2.1666666666666665,0.0,0.8333333333333334,0.16666666666666666,314.1666666666667,-30.48819447355345
188,385024,-0.004007630371173339,2.246725082397461,3.6012330770492555,0.005175859386132972,0.06451670330328246,0.3278483659029007,0.11322563886642456,1.4814289808273315,0.77490234375,552.4465197443725,482.9810796116217,82.29438305924123,23.979496503998234,91.13952155301376,5,0.0,0.6,0.0,1.0,0.0,0.0,2.6,0.0,2.8,0.2,0.2,0.0,386.2,-35.211999961920085
189,387072,-0.0028050442657937915,2.0683883666992187,3.604035170873006,0.0032384022536986043,0.03129708985021959,0.3276021008690198,0.03543800860643387,1.51402747631073,0.81005859375,552.7453780134208,485.6931458736217,82.69971053823974,24.093099155994423,91.13952155301376,5,0.0,0.8,0.0,1.0,0.0,0.0,2.8,0.0,2.8,0.0,0.2,0.0,347.0,-31.382500052638353
190,389120,-0.004430568959893814,2.4135554313659666,3.6139445463816324,0.004028609141336995,0.040863068487184746,0.3191963454087575,0.0643758550286293,1.628387212753296,0.7991536458333334,553.1274297272496,488.25869549962226,83.14676156916539,24.212964041995292,91.13952155301376,7,0.0,1.0,0.0,1.0,0.0,0.0,3.0,0.0,3.0,0.0,0.0,0.0,358.42857142857144,-33.24154774252592
191,391168,-0.003496480321822067,3.120927619934082,3.620093067487081,0.004309338393278683,0.04612250842231636,0.32737275063991544,0.10281291604042053,1.833737850189209,0.7859700520833334,553.5713033371056,490.77124561862,83.57609407321434,24.32747774899326,91.13952155301376,4,0.0,0.5,0.0,0.75,0.25,0.0,2.25,0.25,2.0,0.5,0.0,0.25,409.0,-28.84541671385523
192,393216,-0.004316546026772509,2.452633237838745,3.6222184101740518,0.004902660286227341,0.0590892432606779,0.32273284445206324,0.33583974838256836,1.543992280960083,0.7913411458333334,553.9605761722639,493.3812155376945,83.96452083421173,24.44591754299472,91.13952155301376,6,0.0,0.5,0.0,0.8333333333333334,0.16666666666666666,0.0,2.5,0.16666666666666666,2.3333333333333335,0.0,0.3333333333333333,0.16666666666666666,381.1666666666667,-28.459444447420537
193,395264,-0.004198120668297634,2.5816577434539796,3.625340795516968,0.006282615147453422,0.08067685139055053,0.3633208011587461,0.046069104224443436,1.7074880599975586,0.80126953125,554.5702968241201,495.7231316226025,84.3402124441418,24.56184353599383,91.13952155301376,5,0.0,0.8,0.0,1.0,0.0,0.0,2.8,0.0,2.2,0.2,0.0,0.0,357.8,-30.061499999463557
194,397312,-0.0047410218045115474,2.857564115524292,3.634474436442057,0.0061536141473366055,0.07909819181077182,0.3386911407113075,0.25216278433799744,1.7291291952133179,0.7867838541666666,555.0975970380459,498.0797110215717,84.7561767951047,24.71839176199137,91.13952155301376,6,0.0,0.6666666666666666,0.0,1.0,0.0,0.0,2.6666666666666665,0.0,2.1666666666666665,0.16666666666666666,0.16666666666666666,0.0,405.6666666666667,-32.53833340248093
195,399360,-0.005144302351012205,2.409579944610596,3.6377342621485393,0.004960343967448354,0.056717782250295085,0.33446139593919116,0.29898950457572937,1.5201826095581055,0.87109375,555.6008538636426,500.50443545860617,85.17061523907614,24.839924709995103,91.13952155301376,4,0.0,0.25,0.0,1.0,0.0,0.0,1.75,0.0,2.75,1.0,0.25,0.0,414.5,-32.096249990398064
196,401408,-0.0025104902063806853,4.106065273284912,3.643315076828003,0.0026233901993245935,0.023294515162706374,0.3681506877144178,-0.25680652260780334,2.118008613586426,0.8790690104166666,555.7513963345965,503.3726053146602,85.58299656404415,24.962910775997443,91.13952155301376,60,0.0,0.8333333333333334,0.0,1.0,0.0,0.05,2.5833333333333335,0.13333333333333333,2.8,0.0,nan,0.11666666666666667,363.8,nan
197,403456,-0.002895444274569551,3.040447306632996,3.650527826944987,0.004090430293594083,0.042591128242202105,0.3034346863627434,-0.07050973922014236,1.7803213596343994,0.8583984375,532.298671212722,506.3450909306557,86.03443901305582,25.092219785998168,123.14483553201717,9,0.0,0.6666666666666666,0.1111111111111111,0.8888888888888888,0.0,0.0,2.4444444444444446,0.2222222222222222,2.5555555555555554,0.1111111111111111,0.2222222222222222,0.0,279.44444444444446,-27.828703705324894
198,405504,-0.004709240356654239,3.2459894180297852,3.6542204221089682,0.004734768193733169,0.05128195602834846,0.3145950357119242,-0.3628033697605133,1.8396745920181274,0.8935546875,532.5833301064991,509.149341990691,86.46309550411388,25.208465528994566,123.14483553201717,6,0.0,1.0,0.0,1.0,0.0,0.0,3.0,0.0,2.6666666666666665,0.0,0.0,0.0,292.1666666666667,-32.07111108582467
199,407552,-0.0036890333615398657,2.8657288789749145,3.6599428176879885,0.004282227716550354,0.04788477656741937,0.32531307339668275,-0.003569294698536396,1.7725212574005127,0.7732747395833334,533.0741579222683,511.6919692187075,86.85372235615068,25.328917825994722,123.14483553201717,7,0.0,0.7142857142857143,0.0,1.0,0.0,0.0,2.7142857142857144,0.0,2.4285714285714284,0.0,0.2857142857142857,0.0,323.0,-30.375476196275226
200,409600,-0.0032800608547404408,2.915987324714661,3.671615227063497,0.006618058501055798,0.0838593168494602,0.43388968805472056,-0.18877291679382324,1.7343146800994873,0.8308919270833334,533.3038248251091,514.5429736616425,87.30068140313233,25.45666986699507,123.14483553201717,5,0.0,0.4,0.0,1.0,0.0,0.0,2.4,0.0,2.4,0.0,0.6,0.0,330.4,-33.9441666321829
201,411648,-0.0034019773728990307,3.6220603704452516,3.6810082038243612,0.0041967446088678655,0.048183739526818196,0.32715156575043997,0.06739423424005508,1.9715955257415771,0.8035481770833334,533.6023622351781,517.285800835678,87.73916108618869,25.58473598699493,123.14483553201717,9,0.0,0.4444444444444444,0.2222222222222222,0.7777777777777778,0.0,0.0,2.0,0.4444444444444444,2.2222222222222223,0.2222222222222222,0.3333333333333333,0.0,301.1111111111111,-28.288148207796944
202,413696,-0.004823281204638382,2.9324915170669557,3.691497000058492,0.0048476363708094454,0.05158934146165848,0.32970293710629145,0.2925187349319458,1.8293954133987427,0.75634765625,534.0448765218631,519.7839173026587,88.21925308518985,25.726538028990035,123.14483553201717,2,0.0,1.0,0.0,1.0,0.0,0.0,3.0,0.0,3.0,0.0,0.0,0.0,354.5,-33.53374991589226
203,415744,-0.002551569533534348,2.052867221832275,3.6985952377319338,0.003379060993356077,0.029960011419219276,0.2978264023860296,0.1309317648410797,1.4250342845916748,0.79345703125,534.4628933476914,522.2512452406008,88.7242423542848,25.885680416991818,123.14483553201717,7,0.0,0.2857142857142857,0.0,0.8571428571428571,0.14285714285714285,0.0,2.2857142857142856,0.14285714285714285,2.2857142857142856,0.14285714285714285,0.42857142857142855,0.14285714285714285,430.7142857142857,-30.498333347761736
204,417792,-0.002792774340681111,3.9857890129089357,3.702949611345927,0.003419569969204073,0.031576573588730145,0.3114808176954587,-0.21188175678253174,2.1415157318115234,0.8046875,534.8767359788441,524.839480177623,89.14633491927088,26.00920581699029,123.14483553201717,8,0.0,0.75,0.0,1.0,0.0,0.0,2.75,0.0,2.125,0.125,0.125,0.0,334.875,-30.028124999371357
205,419840,-0.0028570065357295484,2.7894307374954224,3.7056956847508746,0.0034626628084049463,0.031607970125818,0.25294621884822843,-0.13750383257865906,1.7781347036361694,0.7978515625,535.2853161556391,527.3882166406329,89.60473337218718,26.147506062989123,123.14483553201717,5,0.0,0.6,0.0,1.0,0.0,0.0,2.6,0.0,2.2,0.0,0.4,0.0,306.4,-30.858500030171125
206,421888,-0.0026420307403896004,1.4731998920440674,3.7139623085657756,0.0033075122186066045,0.030370841493519644,0.3084126522143682,0.577379584312439,1.181516408920288,0.7454427083333334,535.894974286073,529.6842916536334,90.04315156912344,26.26563407998765,123.14483553201717,2,0.0,0.5,0.0,1.0,0.0,0.0,2.5,0.0,2.5,0.0,0.5,0.0,415.0,-30.131249997066334
207,423936,-0.0036502592760371045,2.366449546813965,3.7224290053049724,0.004186400364496584,0.04509872874089827,0.3252444535493851,-0.2826410233974457,1.6164216995239258,0.7496744791666666,536.4421746671877,532.0719915486043,90.45908147613954,26.392878586986626,123.14483553201717,7,0.0,0.2857142857142857,0.0,1.0,0.0,0.0,2.142857142857143,0.0,2.2857142857142856,0.42857142857142855,0.42857142857142855,0.0,421.7142857142857,-31.541666717534618
208,425984,-0.00332207185565494,3.3083581209182737,3.7288066148757935,0.004120667502054337,0.0467908463285615,0.31776900788148243,-0.13702449202537537,1.7535696029663086,0.8611653645833334,536.8436269041321,534.6459684195943,90.8912057990965,26.516778860983322,123.14483553201717,9,0.0,0.7777777777777778,0.0,0.8888888888888888,0.1111111111111111,0.0,2.7777777777777777,0.1111111111111111,2.2222222222222223,0.0,0.1111111111111111,0.1111111111111111,294.1111111111111,-29.87000003239761
209,428032,-0.003207823579820494,3.1091089248657227,3.7351038455963135,0.005019226878756637,0.05728365029208362,0.3186841080586115,-0.009273003786802292,1.8241628408432007,0.8297526041666666,537.0902922277571,537.4006961465711,91.3702383880518,26.63971911898261,123.14483553201717,7,0.0,0.5714285714285714,0.2857142857142857,0.7142857142857143,0.0,0.0,2.0,0.5714285714285714,1.5714285714285714,0.14285714285714285,0.2857142857142857,0.0,232.57142857142858,-24.414285719394684
210,430080,-0.004601446372301628,2.0435665130615233,3.743761690457662,0.005860083272086623,0.07414949239076425,0.3199677561720212,0.07493697851896286,1.4883012771606445,0.8134765625,537.5576605213639,539.8930022866116,91.7925890290935,26.761159775982378,123.14483553201717,5,0.0,0.8,0.0,1.0,0.0,0.0,2.6,0.0,3.0,0.4,0.0,0.0,397.0,-35.70950006060302
211,432128,-0.00352040973957628,2.6323672771453857,3.756096132596334,0.004411198206529926,0.048271800049891074,0.2867770458261172,0.09524513781070709,1.7286779880523682,0.7884114583333334,537.9673208565512,542.4628493115815,92.21437155405147,26.882314159978705,123.14483553201717,6,0.0,0.3333333333333333,0.16666666666666666,0.8333333333333334,0.0,0.0,2.0,0.16666666666666666,1.6666666666666667,0.5,0.3333333333333333,0.0,362.3333333333333,-28.36083333271866
212,434176,-0.0030777141078336475,2.095453977584839,3.7721171299616496,0.004114102783620481,0.0453324204388385,0.2867996618151665,0.5850224494934082,1.4447531700134277,0.78662109375,538.3384984377237,545.0793457225518,92.63663182008895,27.013816303981002,123.14483553201717,4,0.0,0.75,0.0,1.0,0.0,0.0,2.25,0.0,2.0,0.75,0.0,0.0,409.75,-30.922916701762006
213,436224,-0.003637754049001766,1.565168023109436,3.7775844017664593,0.004266331838781423,0.04808486613910645,0.317529766758283,0.08690794557332993,1.3290972709655762,0.80908203125,538.6240075085021,547.7942303555246,93.08406809814915,27.13543335597933,123.14483553201717,6,0.0,0.5,0.0,1.0,0.0,0.0,2.5,0.0,2.5,0.3333333333333333,0.16666666666666666,0.0,363.3333333333333,-30.185833335310843
214,438272,-0.003657210323338707,2.8657928228378298,3.7788488785425822,0.004745519534219315,0.05540255329882105,0.329758749405543,-0.18075460195541382,1.7418004274368286,0.8152669270833334,539.1021665287293,550.1760574135842,93.56282005212415,27.26102291497955,123.14483553201717,7,0.0,0.42857142857142855,0.0,0.8571428571428571,0.14285714285714285,0.0,2.142857142857143,0.14285714285714285,2.5714285714285716,0.2857142857142857,0.42857142857142855,0.14285714285714285,404.42857142857144,-32.19011906388083
215,440320,-0.0038492344552651047,3.8223685026168823,3.786181441942851,0.0050236187920866555,0.06043625469707573,0.312563423315684,-0.10823365300893784,2.0953543186187744,0.8269856770833334,539.2766310526674,553.069026381665,93.99913516905508,27.379981891979696,123.14483553201717,5,0.0,0.4,0.0,1.0,0.0,0.0,2.0,0.0,2.0,0.0,1.0,0.0,280.2,-30.0
216,442368,-0.004148548868276218,1.8591431021690368,3.795665216445923,0.005153222680088015,0.06326937584284072,0.2899731566508611,0.0985889807343483,1.367009162902832,0.8517252604166666,539.8032338001657,555.4126530446592,94.44478240713215,27.50144830197678,123.14483553201717,5,0.0,0.6,0.0,0.8,0.2,0.0,2.6,0.2,2.4,0.0,0.2,0.2,356.8,-28.010000000149013
217,444416,-0.003708611490825812,2.7466535329818726,3.8078542947769165,0.004096106925055618,0.04587787302443758,0.31095376014709475,0.3199792206287384,1.7581018209457397,0.755859375,540.4392882568822,557.6075211257048,94.87255651715532,27.624097859974427,123.14483553201717,4,0.0,0.5,0.0,0.75,0.25,0.0,2.25,0.25,1.25,0.25,0.25,0.25,433.5,-36.0993752295617
218,446464,-0.004139135362735639,2.203916001319885,3.8117276589075724,0.0035917744004423493,0.03867749390968432,0.3257284959157308,-0.012382500804960728,1.422006607055664,0.7513020833333334,540.6994417267631,560.3415250866747,95.32233880815329,27.744343567974283,123.14483553201717,5,0.0,0.2,0.0,0.8,0.2,0.0,1.8,0.4,2.2,0.4,0.4,0.2,487.6,-35.25483351657167
219,448512,-0.004017300492463013,1.4744107723236084,3.8104784806569416,0.00453101370969385,0.04993544753330449,0.3204497809211413,0.395334929227829,1.1806960105895996,0.8453776041666666,540.8470776377285,563.2248158056755,95.7863489901647,27.86805741496937,123.14483553201717,4,0.0,0.75,0.0,1.0,0.0,0.0,2.75,0.0,2.25,0.0,0.25,0.0,360.5,-34.88479180110153
220,450560,-0.004067122472527747,1.609634029865265,3.8124824206034345,0.0036189016647580454,0.039200163423083724,0.3092776522040367,0.5055568218231201,1.125699520111084,0.873046875,540.9591957191105,566.1591665336382,96.25769301714172,27.98658035196422,123.14483553201717,5,0.0,0.2,0.0,0.8,0.2,0.0,1.8,0.2,2.0,0.8,0.2,0.2,490.0,-29.71466670529917
221,452608,-0.0032816809388653686,2.517781710624695,3.8181148052215574,0.004099277723303387,0.04268197367588679,0.3586143592993418,-0.02616129070520401,1.6027896404266357,0.83251953125,541.0008789765067,569.1643919786366,96.72680489213235,28.134922424964316,123.14483553201717,7,0.0,0.5714285714285714,0.0,0.7142857142857143,0.2857142857142857,0.0,2.4285714285714284,0.2857142857142857,2.7142857142857144,0.2857142857142857,0.0,0.2857142857142857,411.7142857142857,-28.644761927292816
222,454656,-0.00358803563285619,1.9768288493156434,3.827134545644124,0.003947357435657069,0.04514681356959045,0.29386496047178906,0.2648698687553406,1.3939987421035767,0.92919921875,540.8784631093279,572.3631372305899,97.25959135718585,28.28072352596064,123.14483553201717,2,0.0,0.0,0.0,1.0,0.0,0.0,2.0,0.0,3.0,1.0,0.0,0.0,373.5,-38.89125034189783
223,456704,-0.0033843834574023885,2.685882544517517,3.83856737613678,0.003546949578123408,0.03198348642326891,0.31619280874729155,0.4127415418624878,1.5058069229125977,0.7431640625,540.8700826369861,575.4304015876769,97.76034909021837,28.408852863954962,123.14483553201717,5,0.0,0.4,0.2,0.8,0.0,0.2,2.0,0.2,2.0,0.8,0.0,0.0,487.4,-31.312000140361487
224,458752,-0.004472118208650499,2.0170722246170043,3.8498704195022584,0.004440915372472472,0.05114332523274546,0.3226124038298925,0.07964234799146652,1.4088430404663086,0.8258463541666666,541.0714504566914,578.2317848176899,98.213242174279,28.53197726095823,123.14483553201717,4,0.0,1.0,0.0,1.0,0.0,0.0,3.0,0.0,3.0,0.0,0.0,0.0,428.5,-37.617083627032116
225,460800,-0.004111170786200091,2.6313438415527344,3.8581271807352704,0.00445250852983568,0.05223233596576999,0.289825605849425,-0.3585965931415558,1.6279774904251099,0.7853190104166666,541.5148778699516,580.658640773654,98.66656135940866,28.65170071495959,123.14483553201717,6,0.0,0.6666666666666666,0.0,0.8333333333333334,0.16666666666666666,0.0,2.6666666666666665,0.16666666666666666,2.0,0.16666666666666666,0.0,0.16666666666666666,434.8333333333333,-30.999861157654475
226,462848,-0.00483919535666549,2.553925561904907,3.8682381312052407,0.004318635091393876,0.05102176294118787,0.31233334640661875,0.04926353320479393,1.6740435361862183,0.8287760416666666,541.9096057419887,583.1766280166339,99.09212442442367,28.775830452956143,123.14483553201717,5,0.0,0.8,0.0,1.0,0.0,0.0,2.8,0.0,2.2,0.2,0.0,0.0,364.6,-33.90700014885515
227,464896,-0.004341126652434468,3.050931930541992,3.8674522479375204,0.003682589951677073,0.039429003341744345,0.29807197948296865,0.3165944218635559,1.5073038339614868,0.90234375,542.0761030677434,586.033868783612,99.54594285543135,28.88914272296097,123.14483553201717,4,0.0,0.25,0.0,0.75,0.25,0.0,2.0,0.25,2.0,0.25,0.5,0.25,534.25,-30.140000075800344
228,466944,-0.002529974316227405,2.9695116758346556,3.866722408930461,0.0035234687569345004,0.03737937367986888,0.30921141505241395,-0.03969994932413101,1.6850312948226929,0.8494466145833334,542.2619023817124,588.8354697565956,100.00922694041219,29.01024228495953,123.14483553201717,6,0.0,0.5,0.0,0.8333333333333334,0.16666666666666666,0.0,1.8333333333333333,0.16666666666666666,2.6666666666666665,1.0,0.0,0.16666666666666666,434.1666666666667,-33.608333283647276
229,468992,-0.002673054428305477,2.9871514081954955,3.8756673971811932,0.003435250437140608,0.03477569057140499,0.30794596125682194,0.09104865044355392,1.6964070796966553,0.8388671875,542.5340420215734,591.5224719205144,100.46136731638398,29.131773423956474,123.14483553201717,4,0.0,0.5,0.0,0.75,0.25,0.0,2.0,0.25,2.5,0.75,0.0,0.25,415.75,-29.54291669279337
230,471040,-0.004227428433174888,2.74391028881073,3.8869321743647256,0.005855193441376532,0.07160463742911816,0.32769389152526857,-0.20602072775363922,1.6996022462844849,0.7540690104166666,542.886498714911,594.0839648955007,100.90219530545437,29.255039762960223,123.14483553201717,6,0.0,0.3333333333333333,0.0,0.8333333333333334,0.16666666666666666,0.0,1.5,0.16666666666666666,2.0,1.0,0.3333333333333333,0.16666666666666666,463.6666666666667,-31.428472344763577
231,473088,-0.004658563528209925,2.492799472808838,3.895677661895752,0.005820082151672745,0.07444728454574942,0.3194391662875811,0.09873446077108383,1.5263315439224243,0.8556315104166666,543.0523075864787,596.9498890575196,101.34147616543487,29.37771382596111,123.14483553201717,2,0.0,0.5,0.0,1.0,0.0,0.0,2.5,0.0,2.5,0.0,0.5,0.0,418.5,-35.00000015436672
232,475136,-0.003651772082472841,2.7925272464752195,3.9040847698847454,0.004042220721343555,0.04135967943196495,0.3286054174105326,0.30621805787086487,1.6955560445785522,0.7736002604166666,543.3238333314489,599.6350425375058,101.78492316948541,29.49713903596421,123.14483553201717,5,0.0,0.6,0.0,1.0,0.0,0.0,2.6,0.0,2.4,0.2,0.2,0.0,477.6,-30.62416667630896
233,477184,-0.0035917270346544684,1.915611493587494,3.9072362263997396,0.003645917057692649,0.03788966418942437,0.2814802661538124,0.6201633810997009,1.2970232963562012,0.9189453125,543.4384926009532,602.5331232085082,102.25534227445314,29.63089781696908,123.14483553201717,3,0.0,0.0,0.0,0.3333333333333333,0.6666666666666666,0.0,1.0,1.0,2.0,0.6666666666666666,0.3333333333333333,0.6666666666666666,517.0,-25.96749984519556
234,479232,-0.0019490169594064354,3.456069588661194,3.911793867746989,0.0036452059735723667,0.03816135983603696,0.41663384685913724,-0.0056115081533789635,1.8548120260238647,0.8473307291666666,543.6466210450951,605.2644640314902,102.72023747646745,29.769291776967293,123.14483553201717,7,0.0,0.5714285714285714,0.0,0.8571428571428571,0.14285714285714285,0.0,2.4285714285714284,0.14285714285714285,2.5714285714285716,0.2857142857142857,0.14285714285714285,0.14285714285714285,449.2857142857143,-33.235714156978894
235,481280,-0.00377941500240316,2.9939625024795533,3.9161597808202107,0.004726020897808632,0.05580769833177328,0.2863617420196533,0.07205522805452347,1.758804202079773,0.82958984375,544.0470619225323,607.7395245894222,103.15870596840978,29.89082645496819,123.14483553201717,3,0.0,0.3333333333333333,0.0,0.6666666666666666,0.3333333333333333,0.0,2.0,0.3333333333333333,2.3333333333333335,0.6666666666666666,0.0,0.3333333333333333,469.0,-30.987777827928465
236,483328,-0.0034641451231436802,4.096013164520263,3.920251226425171,0.003917466605662804,0.04181558843314027,0.30032795617977776,-0.7146689295768738,2.0630085468292236,0.7086588541666666,544.5388585333,610.1135239963405,103.54963253832102,30.004905652967864,123.14483553201717,5,0.0,0.6,0.0,1.0,0.0,0.0,2.4,0.0,2.0,0.4,0.2,0.0,460.8,-37.261666818056256
237,485376,-0.0026722671231254936,2.7274283885955812,3.925911863644918,0.0044583774332863126,0.052707511667783064,0.3131677880883217,0.28586503863334656,1.589045524597168,0.78271484375,544.8078965677156,612.8062574622963,103.97344262734987,30.126362059971143,123.14483553201717,4,0.0,0.0,0.0,0.75,0.25,0.0,1.0,0.5,2.25,0.25,1.25,0.25,402.75,-25.323125007678755
238,487424,-0.00216967230468678,3.023651909828186,3.92865039507548,0.0041305323243519135,0.047904995083808896,0.3462205842137337,0.03348223865032196,1.8485289812088013,0.837890625,545.0190213062201,615.5074160762451,104.45476829135441,30.25683690697042,123.14483553201717,6,0.0,0.3333333333333333,0.0,0.5,0.5,0.0,1.6666666666666667,0.8333333333333334,2.6666666666666665,0.16666666666666666,0.3333333333333333,0.5,495.0,-32.60138924031829
239,489472,-0.0033334564029549557,1.952921199798584,3.9347932815551756,0.004892530168404707,0.05870980110097056,0.35218570282061895,0.2443203628063202,1.4619077444076538,0.8068033854166666,545.226198093986,618.2962677982359,104.88557539827889,30.376591176973307,123.14483553201717,1,0.0,0.0,0.0,0.0,1.0,0.0,0.0,1.0,1.0,2.0,0.0,1.0,600.0,-44.3875002223067
240,491520,-0.0035253232965866727,5.618027830123902,3.9401731491088867,0.0038722896938385575,0.04117519009547929,0.3040301402409871,-0.08893916755914688,2.3099215030670166,0.81494140625,545.4222247637981,621.0269482921285,105.36165710634668,30.507599753975228,123.14483553201717,6,0.0,0.16666666666666666,0.0,0.6666666666666666,0.3333333333333333,0.0,1.5,0.6666666666666666,2.5,0.0,0.8333333333333334,0.3333333333333333,495.1666666666667,-29.609444580506533
241,493568,-0.004026705956008906,2.1920379638671874,3.9438490072886148,0.005555816537156855,0.07188675194435443,0.2972848693529765,0.14766249060630798,1.5138980150222778,0.828125,545.7461887063147,623.6099585521006,105.80090569235472,30.624397623971163,123.14483553201717,2,0.0,0.0,0.0,0.5,0.5,0.0,2.0,0.5,3.0,0.5,0.0,0.5,540.5,-37.54666672949679
242,495616,-0.005237794287192325,3.5701146125793457,3.949043313662211,0.006003853007768585,0.0761357517602543,0.30794956584771477,-0.09473002701997757,1.7230172157287598,0.78515625,545.9848314893694,626.301767609104,106.22466037038976,30.74594046097627,123.14483553201717,5,0.0,0.2,0.0,0.6,0.4,0.0,1.8,0.4,2.2,0.4,0.4,0.4,569.4,-39.238666757103054
243,497664,-0.0036837209297421697,2.715549445152283,3.9507655064264933,0.003538054019311124,0.03639372680336237,0.2658345401287079,0.23424452543258667,1.5243961811065674,0.9132486979166666,545.9848220758743,629.4372402051231,106.63611274946743,30.865532414980407,123.14483553201717,3,0.0,0.3333333333333333,0.0,0.3333333333333333,0.6666666666666666,0.0,1.3333333333333333,0.6666666666666666,3.0,1.0,0.0,0.6666666666666666,531.0,-35.67138904953996
244,499712,-0.004408227339930211,3.5663294553756715,3.953502877553304,0.005754003752573544,0.07096834301482886,0.3230009530981382,-0.2950756549835205,1.8908121585845947,0.7936197916666666,546.1437572992924,632.2292453061746,107.1094387614794,30.989497972979734,123.14483553201717,6,0.0,0.5,0.0,0.6666666666666666,0.3333333333333333,0.0,2.3333333333333335,0.3333333333333333,3.0,0.3333333333333333,0.0,0.3333333333333333,493.5,-33.4695834312588
245,501760,-0.0030293004509682458,2.283031368255615,3.9594831228256226,0.0035531821331797053,0.03857565554790199,0.30254098226626713,0.09943139553070068,1.5841796398162842,0.7848307291666666,546.3243983551745,634.9993433111158,107.56760813142319,31.124877747977735,123.14483553201717,60,0.0,0.3333333333333333,0.0,0.3333333333333333,0.6666666666666666,0.03333333333333333,1.4666666666666666,1.0666666666666667,2.6666666666666665,0.43333333333333335,nan,0.55,535.1166666666667,nan
246,503808,-0.003608960527344607,2.202448344230652,3.968368180592855,0.004691635217108104,0.05471814518872028,0.30567593673865,0.05441950261592865,1.4251070022583008,0.8160807291666666,516.0676499327044,637.6861295741328,108.04367392245331,31.249565711979812,177.5536928610236,3,0.0,0.3333333333333333,0.0,1.0,0.0,0.0,2.3333333333333335,0.0,2.3333333333333335,0.0,0.6666666666666666,0.0,497.3333333333333,-36.182778000676386
247,505856,-0.0049216623844889305,1.8767298579216003,3.980860733985901,0.0048644518815179555,0.05639459257557367,0.2897190600633621,0.26641175150871277,1.3805458545684814,0.8714192708333334,516.3177740901149,640.5145394711653,108.48979180950118,31.374543771977187,177.5536928610236,3,0.0,0.0,0.0,0.6666666666666666,0.3333333333333333,0.0,1.6666666666666667,0.3333333333333333,1.6666666666666667,0.3333333333333333,0.6666666666666666,0.3333333333333333,574.0,-39.88555587626373
248,507904,-0.0038445480982773005,2.4676616907119753,3.991244387626648,0.004469208690448112,0.05430821841582656,0.27609249701102573,0.12427308410406113,1.4680575132369995,0.9171549479166666,516.7339075473733,643.0913669711153,108.87284390754212,31.498038359983184,177.5536928610236,4,0.0,0.25,0.0,0.25,0.75,0.0,1.5,1.25,3.0,0.25,0.0,0.75,569.25,-35.8770835082978
249,509952,-0.004906831538149466,1.9628995418548585,3.99882599512736,0.005328444130235849,0.06829111206655701,0.27419472436110176,0.1953384429216385,1.345300316810608,0.8492838541666666,517.1185819315674,645.6519796450666,109.32507262459694,31.621713481981715,177.5536928610236,4,0.0,0.0,0.0,0.25,0.75,0.0,1.5,1.0,2.25,0.25,0.25,0.75,550.25,-22.940833270084113
250,512000,-0.005536590159560244,2.5848779916763305,4.008587042490642,0.006195665800708423,0.08612648337924232,0.30062211404244105,0.0038060552906244993,1.5547653436660767,0.8541666666666666,517.4453682707616,648.3702109420265,109.7267270315715,31.75068541498331,177.5536928610236,5,0.0,0.2,0.0,0.6,0.4,0.0,1.2,1.0,2.6,0.4,0.4,0.4,536.4,-37.18283365266397
251,514048,-0.004400376183912158,2.330961751937866,4.018123499552408,0.005171006428256749,0.059786583110690114,0.34556708534558617,-0.08124440163373947,1.5687947273254395,0.7506510416666666,517.7849552588995,651.0064776001091,110.1880066376325,31.87063769998349,177.5536928610236,2,0.0,0.0,0.0,0.5,0.5,0.0,0.5,0.5,3.0,2.0,0.0,0.5,573.0,-33.719583412632346
252,516096,-0.0029465120072321347,1.9019875526428223,4.028747828801473,0.004302082070937915,0.04834795230999589,0.3152547240257263,0.019606871530413628,1.3487175703048706,0.8116861979166666,518.0625957070417,653.7227017250916,110.62657358461729,32.036010664982314,177.5536928610236,6,0.0,0.16666666666666666,0.0,0.5,0.5,0.0,0.6666666666666666,0.6666666666666666,2.8333333333333335,1.5,0.16666666666666666,0.5,569.1666666666666,-33.47625042606766
253,518144,-0.0038322654678874337,1.9761710286140441,4.03576135635376,0.006028451375332084,0.07655393133560816,0.3466092601418495,-0.3250977694988251,1.4643207788467407,0.8597005208333334,518.435580586018,656.3201183680212,111.0581347685511,32.16268462898006,177.5536928610236,1,0.0,0.0,0.0,0.0,1.0,0.0,0.0,2.0,3.0,1.0,0.0,1.0,600.0,-31.008333361707628
254,520192,-0.0048732186221362404,4.166465902328492,4.039108912150065,0.0046750838991156726,0.05745132404069106,0.2861783608794212,-0.30021607875823975,1.9613020420074463,0.80810546875,518.7814918114409,658.9155915739466,111.49712411555083,32.29777976198238,177.5536928610236,8,0.0,0.0,0.125,0.625,0.25,0.0,0.5,0.625,2.125,1.5,0.375,0.25,461.5,-32.5336459086393
255,522240,-0.0026380884111858903,2.4772475242614744,4.047104899088541,0.0036930998805156565,0.03893270989259084,0.3038280695676804,-0.12641580402851105,1.5916098356246948,0.92333984375,519.0385595312687,661.7002420988938,111.94792866746866,32.42507856298471,177.5536928610236,1,0.0,0.0,0.0,1.0,0.0,0.0,2.0,0.0,2.0,0.0,1.0,0.0,462.0,-30.20249999826774
256,524288,-0.003948570536158514,4.40901288986206,4.0529618740081785,0.003806483401228131,0.04046332777943462,0.33239956200122833,-0.4745379686355591,2.248702049255371,0.6188151041666666,519.5251257941699,664.1098976477952,112.33028812148405,32.541460586980975,177.5536928610236,7,0.0,0.0,0.0,0.42857142857142855,0.5714285714285714,0.0,0.5714285714285714,0.5714285714285714,2.142857142857143,1.8571428571428572,0.0,0.5714285714285714,547.8571428571429,-34.819285694509745
257,526336,-0.003982640914485577,2.4060842752456666,4.058891534805298,0.004343609137449574,0.05195376782212406,0.25291152819991114,0.17780661582946777,1.5034433603286743,0.8072916666666666,519.887135920792,666.7395089128331,112.74149042049976,32.65611392898427,177.5536928610236,2,0.0,0.0,0.0,1.0,0.0,0.0,1.0,0.0,2.5,0.5,1.5,0.0,421.5,-43.020000506192446
258,528384,-0.005459556266820679,3.580785322189331,4.070632616678874,0.00560290775212847,0.07083540551053981,0.324341481924057,-0.2794027030467987,1.92787504196167,0.78857421875,520.2155902225555,669.3797945788392,113.1910065225311,32.77529468298599,177.5536928610236,4,0.0,0.0,0.0,0.5,0.5,0.0,0.75,0.75,2.25,0.75,0.75,0.5,557.25,-32.57333357504103
259,530432,-0.0036724704240138333,2.241810846328735,4.078244098027548,0.0037354136136245695,0.04098302387477209,0.2967775930960973,-0.10238556563854218,1.599953055381775,0.8287760416666666,520.5004074550372,672.0453556278153,113.65163384247717,32.94075161698129,177.5536928610236,3,0.0,0.0,0.0,0.3333333333333333,0.6666666666666666,0.0,0.6666666666666666,1.0,2.3333333333333335,1.3333333333333333,0.0,0.6666666666666666,578.0,-39.15083377140885
260,532480,-0.00530457501639224,3.2880049467086794,4.076388994852702,0.005022545867905137,0.059683274229367575,0.28765291422605516,-0.25220566987991333,1.845353603363037,0.7698567708333334,520.8708066456343,674.5947860017986,114.09807335651567,33.06387607297802,177.5536928610236,5,0.0,0.0,0.0,0.8,0.2,0.0,0.2,0.4,2.6,2.0,0.4,0.2,447.0,-33.856333452183755
261,534528,-0.0043962358322460204,2.0594854235649107,4.071095768610636,0.00590399348865149,0.07574913560723265,0.33765656153361,-0.03417620435357094,1.5253959894180298,0.7626953125,521.2565794143766,677.1228464567612,114.53440109652729,33.184557087981375,177.5536928610236,3,0.0,0.0,0.0,0.6666666666666666,0.3333333333333333,0.0,0.0,0.3333333333333333,3.0,2.6666666666666665,0.0,0.3333333333333333,523.0,-36.08916701702401
262,536576,-0.0034648889132464925,0.8253218531608582,4.075666777292887,0.0034560185893752057,0.039053592124643426,0.3082387402653694,0.16541536152362823,0.8206710815429688,0.8404947916666666,521.6202524420909,679.7005563726852,114.9656744465392,33.29765945698455,177.5536928610236,4,0.0,0.0,0.0,0.5,0.5,0.0,0.75,0.5,2.5,1.25,0.5,0.5,533.75,-26.341875027748756
263,538624,-0.004429205930015693,3.2663543701171873,4.079582103093466,0.004351458789016231,0.0459852307724456,0.2786072785655657,-0.1347166895866394,1.7867586612701416,0.8453776041666666,521.9405229321941,682.3277991736904,115.40867561547202,33.41955205298291,177.5536928610236,6,0.0,0.0,0.0,0.5,0.5,0.0,0.5,0.6666666666666666,2.5,1.6666666666666667,0.16666666666666666,0.5,520.0,-34.992361212847754
264,540672,-0.003571640447868655,3.48676974773407,4.087694962819417,0.003932158321630698,0.04056291682645678,0.2957854812343915,-0.26660943031311035,1.975608468055725,0.78662109375,522.1697415894776,685.1723634096707,115.82765008351998,33.54129783898679,177.5536928610236,3,0.0,0.0,0.0,0.3333333333333333,0.6666666666666666,0.0,0.3333333333333333,1.0,3.0,1.0,0.6666666666666666,0.6666666666666666,496.6666666666667,-31.817777938830357
265,542720,-0.005241814183924968,1.205819880962372,4.099679470062256,0.00487194924383789,0.05918794461758807,0.2602892115712166,0.14696252346038818,1.0627108812332153,0.8160807291666666,522.4318337295879,687.9078079686369,116.27702730051533,33.6646341799933,177.5536928610236,5,0.0,0.0,0.0,0.6,0.4,0.0,0.6,0.4,3.0,2.0,0.0,0.4,529.6,-38.86300030304119
266,544768,-0.0033762900391593577,1.7314078688621521,4.108758052190145,0.00461955836863409,0.04925326026277617,0.2710662052035332,0.060080137103796005,1.356503963470459,0.8733723958333334,522.6157620844901,690.8433723895942,116.70084527046129,33.77896476699243,177.5536928610236,1,0.0,0.0,0.0,1.0,0.0,0.0,1.0,0.0,3.0,2.0,0.0,0.0,513.0,-31.65000006556511
267,546816,-0.004240072491423537,2.7505642414093017,4.111866903305054,0.005266183736164511,0.06363486068633696,0.2814778054753939,0.24916523694992065,1.6163560152053833,0.85693359375,522.9131095913815,693.5088954175662,117.14950694443542,33.90006805999292,177.5536928610236,4,0.0,0.0,0.0,0.0,1.0,0.0,0.25,2.0,2.5,0.75,0.0,1.0,600.0,-21.865416854037903
268,548864,-0.0032817150834792605,1.4983301401138305,4.112078428268433,0.003112112657070902,0.0310218110991021,0.2768278817335765,0.017654282972216606,1.3096123933792114,0.7999674479166666,523.2957081447366,696.0160358255089,117.57445989450935,34.02871010799572,177.5536928610236,4,0.0,0.0,0.0,0.25,0.75,0.0,0.25,1.25,3.0,1.5,0.0,0.75,549.75,-30.51729181758128
269,550912,-0.003909023710487721,2.67010612487793,4.112023735046387,0.0037677161811035995,0.04293491178347419,0.24418421636025112,-0.08965671807527542,1.5474772453308105,0.8068033854166666,523.7666068269809,698.3530079595294,117.99349293358682,34.15091225699871,177.5536928610236,5,0.0,0.0,0.0,0.6,0.4,0.0,0.8,0.8,2.4,0.4,1.0,0.4,512.4,-27.982000092230738
270,552960,-0.0029545648062291245,4.002269983291626,4.115443674723307,0.003145913360775947,0.03192634049725408,0.24784389386574426,-0.13228829205036163,2.0965092182159424,0.8308919270833334,524.1403235781953,700.9359163265399,118.36942491963418,34.27125306499511,177.5536928610236,4,0.0,0.0,0.0,0.5,0.5,0.0,0.0,0.75,1.5,2.25,0.0,0.5,490.0,-22.623125001904555
271,555008,-0.006118766155123012,2.3814208984375,4.126771052678426,0.0057810304462614405,0.0698228788174068,0.28098118156194685,-0.13198664784431458,1.599528431892395,0.798828125,524.4719098591623,703.550629723446,118.78462617870537,34.395272837995435,177.5536928610236,4,0.0,0.0,0.0,0.5,0.5,0.0,1.0,0.5,2.5,1.0,0.5,0.5,519.75,-41.18166690436192
272,557056,-0.003562235766245673,1.8647589206695556,4.140935897827148,0.0035755842080669193,0.03840422836365178,0.2728679358959198,0.2063087522983551,1.3328081369400024,0.86328125,524.7451420846761,706.2425509184905,119.22907227175892,34.52017125999555,177.5536928610236,4,0.0,0.0,0.0,0.25,0.75,0.0,0.0,1.0,2.5,2.0,0.0,0.75,539.5,-34.98833353142254
273,559104,-0.003850446253394087,1.9834453582763671,4.145484002431234,0.005350752548986278,0.06261420840552698,0.3121568724513054,-0.03722304850816727,1.5351853370666504,0.7535807291666666,525.1135600557642,708.7085975024893,119.67912203771994,34.6715216159937,177.5536928610236,3,0.0,0.0,0.0,0.6666666666666666,0.3333333333333333,0.0,0.0,0.6666666666666666,3.0,2.3333333333333335,0.0,0.3333333333333333,531.3333333333334,-28.32555561202268
274,561152,-0.004190146803254417,1.2550279378890992,4.151201677322388,0.004893230240805171,0.06132954864685113,0.2896063153942426,0.225176140666008,1.0013790130615234,0.884765625,525.3528355811509,711.4485876744948,120.13957326974196,34.793777031998616,177.5536928610236,4,0.0,0.0,0.0,0.25,0.75,0.0,0.25,1.25,1.5,1.5,0.0,0.75,566.75,-26.771041627041996
275,563200,-0.004858488980486678,2.971189785003662,4.152435080210368,0.005596886034470263,0.07075861723472675,0.3042290483911832,-0.3106156885623932,1.7744218111038208,0.81640625,525.6451055277494,714.1043269655565,120.56619267068163,34.91975303000072,177.5536928610236,2,0.0,0.0,0.0,0.5,0.5,0.0,0.5,0.5,2.0,2.0,0.0,0.5,501.0,-36.14750042837113
276,565248,-0.0018327338892656067,1.6746597409248352,4.155393282572429,0.00270108927000291,0.02749903778700779,0.2866114561756452,0.031236207112669945,1.2526830434799194,0.7908528645833334,525.9001038806075,716.8377278985063,120.9940575746441,35.04294809799467,177.5536928610236,6,0.0,0.0,0.0,0.0,1.0,0.0,0.8333333333333334,1.1666666666666667,3.0,1.0,0.0,1.0,600.0,-37.94319483342891
277,567296,-0.004184296924358932,2.414873743057251,4.1554484367370605,0.004136184557142852,0.046979130040078115,0.3024734069903692,-0.1173047348856926,1.5629407167434692,0.8401692708333334,526.1463689833091,719.6264418615465,121.3870837645809,35.16712075299438,177.5536928610236,4,0.0,0.0,0.0,1.0,0.0,0.0,0.0,0.0,2.5,3.0,0.0,0.0,439.0,-35.87729176227003
278,569344,-0.0030705298132185513,1.2812278389930725,4.1580801169077555,0.003481152411566853,0.036695632291957735,0.2906745567917824,0.029456550255417824,1.1162710189819336,0.8248697916666666,526.5396537369968,722.1061027225005,121.78705334359256,35.284617433993844,177.5536928610236,5,0.0,0.2,0.0,0.8,0.2,0.0,1.6,0.2,3.0,1.2,0.0,0.2,489.4,-33.831333367712794
279,571392,-0.005064912404244145,2.4532774448394776,4.1699950218200685,0.004797251625991002,0.05504180063338329,0.2725095490614573,0.13642549514770508,1.6497101783752441,0.75,527.1056596230977,724.1780683975085,122.24528469763027,35.39112576999469,177.5536928610236,3,0.0,0.3333333333333333,0.3333333333333333,0.6666666666666666,0.0,0.0,1.6666666666666667,0.6666666666666666,1.0,0.0,0.6666666666666666,0.0,305.0,-23.603333329161007
280,573440,-0.005698195511164765,3.483725643157959,4.179688803354899,0.007082179242110961,0.09367460410188262,0.24253749152024587,-0.19049859046936035,1.69140625,0.8318684895833334,527.5532959267764,726.4876598325282,122.67485838768334,35.51641519599798,177.5536928610236,5,0.0,0.0,0.0,0.2,0.8,0.0,0.6,0.8,1.6,1.4,0.2,0.8,550.0,-25.485499873943628
281,575488,-0.003277103032451123,1.4940847754478455,4.188688532511393,0.0033603301201852805,0.03317569241626188,0.29105002830425897,0.05964714288711548,1.186242699623108,0.8663736979166666,527.8319441776393,729.1756900215405,123.09055340862687,35.628548922002665,177.5536928610236,4,0.0,0.0,0.0,0.75,0.25,0.0,0.5,0.25,2.0,2.25,0.0,0.25,426.75,-27.87562501244247
282,577536,-0.0036388948598566153,2.364377474784851,4.196761290232341,0.004869095021466053,0.054855962229582174,0.2739262407024701,-0.37189334630966187,1.6091076135635376,0.7799479166666666,528.2625355175201,731.5303646275643,123.5140704606456,35.74780060000194,177.5536928610236,5,0.0,0.0,0.0,1.0,0.0,0.0,1.0,0.0,2.6,2.0,0.0,0.0,486.2,-34.167000114545225
283,579584,-0.005623820377513767,1.9361013889312744,4.204793326059977,0.005440489789767327,0.07013058525044472,0.29639740387598673,-0.20784135162830353,1.4831265211105347,0.7574869791666666,528.607920576077,734.0301001534972,123.9606443156299,35.867005763000634,177.5536928610236,4,0.0,0.0,0.0,0.75,0.25,0.0,0.5,0.25,1.5,2.25,0.0,0.25,466.75,-29.36499992827885
284,581632,-0.0038832256803289058,1.8727470517158509,4.207814423243205,0.004561879104028247,0.05269232292970021,0.2847215923170249,-0.021062983199954033,1.3611180782318115,0.8297526041666666,528.9137499227124,736.6286940304635,124.38174274766789,35.989647187998344,177.5536928610236,6,0.0,0.0,0.0,0.5,0.5,0.0,0.8333333333333334,0.8333333333333334,2.5,0.8333333333333334,0.5,0.5,511.6666666666667,-30.521250095916912
285,583680,-0.0036452718467141192,1.5209861755371095,4.214565785725911,0.003169721509964064,0.03434340668221315,0.23620475480953854,-0.20868457853794098,1.258528709411621,0.9029947916666666,529.3399752793727,738.8986065244244,124.836152256692,36.15008604599279,177.5536928610236,3,0.0,0.0,0.3333333333333333,0.6666666666666666,0.0,0.0,0.0,0.6666666666666666,2.0,2.0,0.3333333333333333,0.0,328.3333333333333,-29.30166711534063
286,585728,-0.003607562258791101,1.643170177936554,4.2268511613210045,0.00343030325037072,0.035391139906520645,0.263844245672226,0.16740652918815613,1.3637542724609375,0.73193359375,529.776631113383,741.2464921325009,125.24084390267672,36.26878037899587,177.5536928610236,3,0.0,0.0,0.0,0.6666666666666666,0.3333333333333333,0.0,0.3333333333333333,0.3333333333333333,1.6666666666666667,2.3333333333333335,0.0,0.3333333333333333,505.0,-28.911111197744805
287,587776,-0.003041299517887334,1.6099604487419128,4.236404244105021,0.0030825923703055183,0.03055335928996404,0.2331103801727295,0.2230590134859085,1.2135748863220215,0.8642578125,530.1323033160259,743.7350708074664,125.65381460657954,36.392903180996655,177.5536928610236,4,0.0,0.0,0.0,0.0,1.0,0.0,0.5,1.5,1.75,0.75,0.25,1.0,600.0,-18.58562513696961
288,589824,-0.004146417882293463,1.7421507954597473,4.236664628982544,0.003676045198483907,0.04004759966240575,0.2963816503683726,-0.09132663905620575,1.3676378726959229,0.73388671875,530.581605350957,746.0659248384472,126.03997500758123,36.51772584999708,177.5536928610236,4,0.0,0.0,0.0,0.5,0.5,0.0,0.5,0.75,2.5,1.75,0.0,0.5,566.0,-30.75625011511147
289,591872,-0.0043456334232663115,1.7059909343719482,4.232787911097208,0.004111280850384591,0.04717435711839547,0.25224684228499733,-0.24401642382144928,1.3217514753341675,0.82958984375,530.9453758317788,748.4874407565221,126.49790113855852,36.63447223100229,177.5536928610236,6,0.0,0.0,0.0,0.5,0.5,0.0,0.5,0.6666666666666666,2.1666666666666665,1.5,0.3333333333333333,0.5,489.0,-24.194583259134863
290,593920,-0.002437158557586372,2.3714900732040407,4.235073216756185,0.0031271470667462303,0.027761933851676683,0.24589271893103917,-0.12439297139644623,1.6307086944580078,0.8541666666666666,531.3019159007582,750.9927757045225,126.90561980262282,36.74450994500512,177.5536928610236,3,0.0,0.0,0.0,1.0,0.0,0.0,0.6666666666666666,0.0,1.6666666666666667,2.3333333333333335,0.0,0.0,353.0,-30.0
291,595968,-0.003214524476788938,1.1678784489631653,4.235749276479085,0.0032056286700853616,0.02854854593363901,0.24566969921191534,0.032793283462524414,1.1399054527282715,0.7955729166666666,531.5505713851669,753.612972329538,127.3842919385861,36.880136659005075,177.5536928610236,5,0.0,0.0,0.0,1.0,0.0,0.0,0.6,0.0,1.8,2.4,0.0,0.0,419.4,-30.637500024866313
292,598016,-0.0034062601490101466,1.7933369994163513,4.2394207636515295,0.003216255735876004,0.029386880116847654,0.2809757764140765,-0.06643258035182953,1.361547827720642,0.8427734375,531.8956930151106,756.1015855755977,127.80630768860283,36.99751800400554,177.5536928610236,5,0.0,0.0,0.0,0.8,0.2,0.0,0.4,0.4,2.6,1.8,0.4,0.2,428.6,-32.42583332033828
293,600064,-0.0035261767528330288,2.2840237855911254,4.245846446355184,0.004346036694259084,0.049113035997531064,0.2585633024573326,0.23993325233459473,1.5755949020385742,0.853515625,532.2354060612922,758.5646748715953,128.23858790162922,37.13707517400326,177.5536928610236,60,0.0,0.0,0.0,0.6,0.4,0.0,1.1166666666666667,1.0833333333333333,2.6,0.6333333333333333,nan,0.6,516.0666666666667,nan
294,602112,-0.0025031623251076476,1.9432924509048461,4.254455995559693,0.0028372839580029998,0.029662568812879424,0.2601250713070234,0.21378019452095032,1.265329360961914,0.9305013020833334,511.44111286041317,761.5102953155947,128.69168172658829,37.257564729006845,223.747762057028,6,0.0,0.0,0.0,0.6666666666666666,0.3333333333333333,0.0,0.16666666666666666,0.5,2.3333333333333335,2.3333333333333335,0.0,0.3333333333333333,421.6666666666667,-30.537500130167853
295,604160,-0.005886965648581584,2.836934947967529,4.265445375442505,0.005758044009640907,0.0704349171059827,0.28218086063861847,0.011420042254030704,1.755483865737915,0.8961588541666666,511.58943681295176,764.5098023015671,129.1298470986294,37.37905744201271,223.747762057028,4,0.0,0.0,0.0,0.75,0.25,0.0,0.5,0.75,2.5,1.75,0.0,0.25,473.75,-29.880208570044488
296,606208,-0.0030560718073199193,1.789741575717926,4.274378903706869,0.0040908972205201235,0.04475585160932193,0.3014095122615496,-0.11203047633171082,1.329008936882019,0.8030598958333334,511.9537927050076,767.0608202825897,129.52021839461668,37.50682878501539,223.747762057028,4,0.0,0.0,0.0,0.75,0.25,0.0,0.75,0.25,3.0,2.0,0.0,0.25,434.0,-31.158333074767143
297,608256,-0.0023836901105823926,3.2386213541030884,4.28077171643575,0.003374087763616392,0.029105751045669117,0.2467916155854861,-0.30764535069465637,1.7772674560546875,0.8466796875,512.2615586182707,769.7052778676734,129.9476331185724,37.62390562801011,223.747762057028,6,0.0,0.0,0.0,1.0,0.0,0.0,1.0,0.0,2.3333333333333335,1.3333333333333333,0.6666666666666666,0.0,363.5,-30.0
298,610304,-0.0031740505321067756,1.4383484840393066,4.283072376251221,0.003325120383003442,0.03343576350404571,0.2763150617480278,0.31776323914527893,1.2601792812347412,0.7972005208333334,512.7162278414022,772.0405706616366,130.35571480460203,37.742411895007535,223.747762057028,2,0.0,0.0,0.0,0.0,1.0,0.0,1.0,1.0,3.0,1.0,0.0,1.0,600.0,-28.884999997913837
299,612352,-0.003926186705939472,2.2151546478271484,4.287849696477254,0.004487798888727238,0.05131766841902087,0.2750874936580658,-0.1335250586271286,1.5730189085006714,0.7903645833333334,513.1239574017992,774.4813626845644,130.74725897459575,37.86303068300913,223.747762057028,6,0.0,0.0,0.0,0.5,0.5,0.0,0.8333333333333334,0.8333333333333334,2.1666666666666665,1.1666666666666667,0.16666666666666666,0.5,502.5,-23.77833339587475
300,614400,-0.003626096101167301,1.548730766773224,4.3023872534434,0.004452396013990847,0.05198501545625429,0.2765213444828987,0.029591025784611702,1.3276985883712769,0.7215169270833334,513.6075553936814,776.7683902235804,131.12634975958645,37.98088180101331,223.747762057028,3,0.0,0.0,0.0,0.6666666666666666,0.3333333333333333,0.0,0.0,0.3333333333333333,2.3333333333333335,2.6666666666666665,0.0,0.3333333333333333,436.0,-28.305000038817525
301,616448,-0.0026366556509553143,3.303498125076294,4.319957097371419,0.0031270881918881847,0.02998228018792967,0.2702156643072764,-0.27891507744789124,1.7543505430221558,0.7679036458333334,513.9472270491397,779.3382608516258,131.53716336664365,38.093852227015304,223.747762057028,6,0.0,0.16666666666666666,0.0,0.8333333333333334,0.16666666666666666,0.0,1.5,0.3333333333333333,2.3333333333333335,0.5,0.6666666666666666,0.16666666666666666,488.6666666666667,-29.88291672221385
302,618496,-0.0038992523584359634,1.5128889322280883,4.332380612691243,0.0033817976205781967,0.03814021525904536,0.2712828015287717,-0.1481158584356308,1.3383300304412842,0.73388671875,514.433915901109,781.5842533836476,131.9350795256105,38.21181825701933,223.747762057028,3,0.0,0.0,0.0,1.0,0.0,0.0,0.3333333333333333,0.0,3.0,2.6666666666666665,0.0,0.0,316.6666666666667,-30.131666892829042
303,620544,-0.004333899123594165,1.8736408352851868,4.336066325505574,0.003409776903713025,0.037346140291386595,0.24228512197732927,0.20008708536624908,1.2216484546661377,0.83935546875,514.7505750884262,784.1854379915967,132.35290881261608,38.331463880022056,223.747762057028,6,0.0,0.0,0.0,0.6666666666666666,0.3333333333333333,0.0,0.6666666666666666,0.3333333333333333,2.0,1.3333333333333333,0.6666666666666666,0.3333333333333333,507.1666666666667,-29.264861138382305
304,622592,-0.0020479972879305325,1.88052579164505,4.335071070988973,0.0032092589277610607,0.027725977062558135,0.246912781894207,0.040632836520671844,1.3520760536193848,0.84619140625,515.0217911867529,786.9011246265582,132.76787796262943,38.44639657602238,223.747762057028,5,0.0,0.0,0.0,0.8,0.2,0.0,0.4,0.2,2.6,2.4,0.0,0.2,407.4,-32.47233337424696
305,624640,-0.00346197906959181,1.7272114753723145,4.3395098686218265,0.0037750937980276797,0.041770947809952004,0.25954121400912605,0.017685502767562866,1.3842084407806396,0.833984375,515.2239777176994,789.7557779005219,133.18594303861755,38.56525856402004,223.747762057028,4,0.0,0.0,0.0,0.75,0.25,0.0,1.25,0.25,2.75,1.5,0.0,0.25,452.5,-29.8925000843592
306,626688,-0.0017903492514354487,2.0000710487365723,4.347917715708415,0.002453867495968139,0.021159541280940174,0.2783355156580607,0.18298114836215973,1.1998116970062256,0.8629557291666666,515.465491463991,792.5684413894705,133.56878135157604,38.67724524301593,223.747762057028,4,0.0,0.25,0.0,1.0,0.0,0.0,1.5,0.0,2.75,1.25,0.25,0.0,423.75,-30.0
307,628736,-0.0035505874276471634,1.9196888089179993,4.352725156148275,0.0036521227397545595,0.03439477266122897,0.2547652860482534,0.4039487838745117,1.2846758365631104,0.8600260416666666,515.6958086043184,795.4042927865303,133.9528816514794,38.798155821015825,223.747762057028,5,0.0,0.0,0.0,0.8,0.2,0.0,1.2,0.4,3.0,1.4,0.0,0.2,427.0,-26.63166669178754
308,630784,-0.0038423121130714815,1.8286931753158568,4.358112700780233,0.00356430747708813,0.036218410334549846,0.23549852818250655,0.10257713496685028,1.2490267753601074,0.9392903645833334,515.8829087857924,798.2992482844784,134.36791321342025,38.922487571013335,223.747762057028,4,0.0,0.0,0.0,0.5,0.5,0.0,0.5,1.0,2.5,1.5,0.0,0.5,496.0,-22.878749990370125
309,632832,-0.0020420541293181787,3.4973122835159303,4.365379556020101,0.002019926339519964,0.015935279483286043,0.28277207364638646,-0.29068461060523987,1.9202855825424194,0.8030598958333334,516.1070974829079,801.0943719725037,134.78447505439544,39.05184018901491,223.747762057028,7,0.0,0.0,0.0,0.8571428571428571,0.14285714285714285,0.0,0.42857142857142855,0.14285714285714285,3.0,2.4285714285714284,0.0,0.14285714285714285,427.2857142857143,-33.055714117762236
310,634880,-0.0039378464008526255,2.1951860547065736,4.364342864354452,0.004288062603366083,0.04607817177505543,0.33476166327794393,-0.2603970468044281,1.4376825094223022,0.7928059895833334,516.412785533145,803.7022932184991,135.19872807840147,39.17229136901733,223.747762057028,5,0.0,0.0,0.0,1.0,0.0,0.0,0.8,0.0,2.8,2.0,0.2,0.0,380.2,-31.328499927185476
311,636928,-0.0033562109029541412,2.4376953125,4.358037805557251,0.004420592413145252,0.05230177867924794,0.268845796585083,-0.245339497923851,1.650994896888733,0.7252604166666666,516.7380121223458,806.2367728725221,135.62405627240514,39.31556645202363,223.747762057028,2,0.0,0.5,0.0,1.0,0.0,0.0,2.5,0.0,2.5,0.0,0.5,0.0,520.0,-30.0
312,638976,-0.0037165477018182478,2.7204068183898924,4.3567785580952965,0.004267624257064904,0.04910698210199674,0.3229491407672564,-0.33746829628944397,1.6575783491134644,0.7101236979166666,517.1850638959779,808.4909643245846,136.03999483640655,39.439085457022884,223.747762057028,6,0.0,0.3333333333333333,0.0,0.8333333333333334,0.16666666666666666,0.0,2.0,0.16666666666666666,2.0,0.5,0.3333333333333333,0.16666666666666666,450.1666666666667,-32.479722288825236
313,641024,-0.004805569983242701,2.9953185319900513,4.356304232279459,0.004552773479466563,0.05177723143715411,0.3092749074101448,0.19620633125305176,1.6460710763931274,0.7991536458333334,517.6169523828173,810.7580704566717,136.47583072942507,39.55519960301899,223.747762057028,5,0.0,0.4,0.0,0.8,0.2,0.0,2.2,0.2,2.4,0.4,0.2,0.2,423.2,-30.743000022694467
314,643072,-0.0030315424082800746,3.334478259086609,4.358490244547526,0.004044398555862122,0.04471164136969795,0.3362942740321159,0.05332191288471222,1.9241846799850464,0.82421875,518.1133622477652,812.9705816496207,136.83427010541345,39.66796058302134,223.747762057028,5,0.0,0.0,0.0,0.8,0.2,0.0,0.2,0.4,2.6,2.4,0.0,0.2,362.0,-28.076833235658704
315,645120,-0.003557437638907383,1.6132394194602966,4.366623242696126,0.0033874238546470416,0.03578611174598336,0.2624705264965693,0.21495556831359863,1.330379843711853,0.8269856770833334,518.6794772612137,815.016930328602,137.19283243137033,39.77482631702151,223.747762057028,4,0.0,0.25,0.0,0.5,0.5,0.0,1.5,1.0,2.75,0.25,0.25,0.5,494.5,-24.246875104261562
316,647168,-0.002888684399658814,2.9107285737991333,4.3799459139506025,0.002930856075564488,0.028107356974699845,0.2932515263557434,-0.06639155745506287,1.7123371362686157,0.79638671875,519.1754435345694,817.2382265417182,137.54313244143123,39.882260025020514,223.747762057028,4,0.0,0.25,0.0,1.0,0.0,0.0,1.75,0.0,2.5,0.75,0.5,0.0,344.5,-35.09750009421259
317,649216,-0.0028989193184922137,2.1348239183425903,4.391998068491618,0.002792953045019797,0.026251872590122124,0.26721894592046735,-0.042973536998033524,1.3820502758026123,0.81005859375,519.6556928420871,819.4514643996372,137.91903568443377,39.99634603501909,223.747762057028,6,0.0,0.3333333333333333,0.0,1.0,0.0,0.0,1.5,0.0,2.3333333333333335,1.5,0.0,0.0,501.5,-34.82527796473975
318,651264,-0.003500352728102977,2.0809553980827333,4.391429932912191,0.003136525836299131,0.031075779736662906,0.2742593040068944,-0.09527646750211716,1.5422616004943848,0.7838541666666666,520.1614749959375,821.6348609286433,138.26901822345098,40.106066983018536,223.747762057028,4,0.0,0.0,0.0,0.75,0.25,0.0,0.75,0.25,2.75,1.75,0.25,0.25,381.0,-37.257083476986736
319,653312,-0.0025754751802499714,2.6893373489379884,4.391368246078491,0.0022722884251801688,0.02073290787714844,0.2898433357477188,-0.050893452018499374,1.621893286705017,0.8206380208333334,520.6595591549476,823.7945918446349,138.64764376643143,40.209238850016845,223.747762057028,6,0.0,0.3333333333333333,0.0,0.8333333333333334,0.16666666666666666,0.0,1.6666666666666667,0.3333333333333333,2.5,0.8333333333333334,0.16666666666666666,0.16666666666666666,419.5,-26.696666665996116
320,655360,-0.004140870296396315,3.511464476585388,4.3935778617858885,0.003624720867147741,0.036183384627414245,0.2687067374587059,-0.056131210178136826,1.9789044857025146,0.7755533854166666,521.2675684432786,825.7191786356125,138.99904783046077,40.320235511018836,223.747762057028,5,0.0,0.6,0.0,1.0,0.0,0.0,2.2,0.0,2.2,0.4,0.4,0.0,356.0,-32.005333355814216
321,657408,-0.003979171913427611,1.5255371451377868,4.4009892304738365,0.0036295709717630797,0.03622193584839503,0.2802552233139674,0.14790472388267517,1.1945855617523193,0.73828125,521.839446811734,827.6575403505558,139.39415939846367,40.43341089702153,223.747762057028,6,0.0,0.3333333333333333,0.0,0.8333333333333334,0.16666666666666666,0.0,2.0,0.3333333333333333,1.8333333333333333,0.5,0.16666666666666666,0.16666666666666666,471.6666666666667,-27.66986111536001
322,659456,-0.0034679537444996336,1.8693535447120666,4.402150758107504,0.003582311466873289,0.0391152019922932,0.2968986799319585,-0.07684691995382309,1.351142406463623,0.8727213541666666,522.3038296420008,829.9159768205354,139.74501287251042,40.5451745660248,223.747762057028,4,0.0,0.25,0.0,1.0,0.0,0.0,1.25,0.0,2.5,1.75,0.0,0.0,375.75,-37.41750012501143
323,661504,-0.002375617592285077,3.3247615814208986,4.407073942820231,0.002474656316569359,0.02196568810613826,0.32671237339576087,0.12318255752325058,1.9729294776916504,0.72216796875,522.8876441543512,831.8706024175262,140.1116741345104,40.65511936302937,223.747762057028,3,0.0,0.0,0.0,0.6666666666666666,0.3333333333333333,0.0,0.3333333333333333,0.3333333333333333,3.0,1.6666666666666667,0.6666666666666666,0.3333333333333333,506.0,-29.23305549379438
324,663552,-0.003641666021818916,3.8710874557495116,4.409543514251709,0.003907249822377662,0.04051265405335774,0.2769539495309194,-0.4393642544746399,2.001904010772705,0.7208658854166666,523.4714947148046,833.7525746015599,140.51349036645115,40.771006905029935,223.747762057028,6,0.0,0.16666666666666666,0.16666666666666666,0.5,0.3333333333333333,0.0,1.5,0.6666666666666666,1.8333333333333333,0.0,0.8333333333333334,0.3333333333333333,397.8333333333333,-24.61958338180557
325,665600,-0.0029528079302205395,1.7851753950119018,4.409871069590251,0.003657956416540431,0.03247178690508008,0.28081907133261363,0.3322407901287079,1.222243070602417,0.8206380208333334,523.930861563562,835.9971077795417,140.87266096840176,40.88075030002801,223.747762057028,5,0.0,0.4,0.0,1.0,0.0,0.0,2.4,0.0,2.0,0.0,0.6,0.0,335.8,-30.202500006277113
326,667648,-0.001960720192679825,4.543008136749267,4.412139352162679,0.0033682915129791937,0.03662889994836102,0.3310890917976697,-0.4956603944301605,2.177403211593628,0.802734375,524.3721995936162,838.2710479755187,141.23288106540713,40.99627232502098,223.747762057028,6,0.0,0.3333333333333333,0.0,0.8333333333333334,0.16666666666666666,0.0,1.8333333333333333,0.16666666666666666,3.0,1.0,0.0,0.16666666666666666,430.1666666666667,-34.75624997091169
327,669696,-0.0046810256938139595,2.6876510858535765,4.414014021555583,0.004135380042586101,0.04571542508977776,0.29112775723139445,0.034550268203020096,1.6238850355148315,0.74658203125,524.87687879288,840.4035409975186,141.58013380940247,41.10390351602109,223.747762057028,7,0.0,0.14285714285714285,0.14285714285714285,0.7142857142857143,0.14285714285714285,0.0,1.4285714285714286,0.42857142857142855,2.4285714285714284,0.5714285714285714,0.5714285714285714,0.14285714285714285,352.42857142857144,-27.821428607018397
328,671744,-0.003065385646186769,1.5708170771598815,4.417064873377482,0.003959518701349476,0.0426258190224568,0.2824185500542323,0.18173734843730927,1.2742935419082642,0.900390625,525.2518003633178,842.7610602995483,141.9995942713067,41.2160483630214,223.747762057028,5,0.0,0.2,0.0,1.0,0.0,0.0,1.6,0.0,2.4,0.8,0.6,0.0,345.6,-31.0978333725594
329,673792,-0.003242799103706299,3.5859082698822022,4.422825940450033,0.003015502376481403,0.030568904344302913,0.2735817596316338,-0.42215949296951294,2.065490961074829,0.7849934895833334,525.7588721190505,844.7984063725307,142.41373202032264,41.330588076016284,223.747762057028,5,0.0,0.2,0.0,1.0,0.0,0.0,1.4,0.0,2.6,1.6,0.0,0.0,375.4,-30.934499949216843
330,675840,-0.004415262653492391,2.6838513374328614,4.427110226949056,0.004354839040870894,0.04619850407664974,0.29022505233685175,0.011974534951150417,1.5788514614105225,0.7747395833333334,526.2622853253685,846.9092569754939,142.77351141032705,41.440248586011876,223.747762057028,5,0.0,0.4,0.0,0.8,0.2,0.0,1.6,0.2,2.6,0.4,0.8,0.2,426.8,-34.39550031824037
331,677888,-0.002959636481925069,2.4047696352005006,4.428211085001627,0.0037530511799839304,0.0422339674939091,0.28232157975435257,0.38974636793136597,1.5670325756072998,0.8136393229166666,526.8132295744854,848.9143517234988,143.11750604022382,41.54821231801179,223.747762057028,6,0.0,0.5,0.0,0.6666666666666666,0.3333333333333333,0.0,2.0,0.3333333333333333,2.1666666666666665,0.5,0.16666666666666666,0.3333333333333333,391.1666666666667,-33.13916684074017
332,679936,-0.0036758939425150555,3.418108367919922,4.429887421925863,0.0046200725322489014,0.05136928386831035,0.27036722799142204,0.11644230037927628,1.8497836589813232,0.8955078125,527.3046232993829,851.0637753175251,143.4642589332434,41.65520783801185,223.747762057028,5,0.0,0.0,0.0,0.8,0.2,0.0,1.0,0.2,2.4,1.6,0.2,0.2,387.8,-28.97499992009252
333,681984,-0.0025616041229416927,1.5539860248565673,4.432183265686035,0.002797929001531198,0.026534286459597448,0.2575563122828802,0.07777250558137894,1.3141661882400513,0.8836263020833334,527.7761946623774,853.1842034075526,143.85952634628484,41.774359212009585,223.747762057028,4,0.0,0.25,0.0,1.0,0.0,0.0,1.0,0.0,2.0,2.0,0.0,0.0,371.0,-31.00833322480321
334,684032,-0.0025705132856577015,2.3881375193595886,4.436046679814656,0.002871228045231426,0.030242996119583646,0.24881520122289658,0.3189842104911804,1.5042933225631714,0.9256184895833334,528.2650859984989,855.2828424375402,144.23915558627778,41.89079348601081,223.747762057028,5,0.0,0.4,0.0,0.8,0.2,0.0,2.2,0.4,2.4,0.2,0.2,0.2,419.8,-28.04366673193872
335,686080,-0.0043622477445751425,2.733068823814392,4.442420546213786,0.004203001413372389,0.04760689347361525,0.28107615063587826,0.05117062106728554,1.6894290447235107,0.8738606770833334,528.6853886842339,857.4989197385512,144.64556022325996,42.01732441700733,223.747762057028,5,0.0,0.2,0.0,0.8,0.2,0.0,1.6,0.2,2.4,1.0,0.2,0.2,390.2,-29.393999971821906
336,688128,-0.003767191923301046,1.9423706531524658,4.44790514310201,0.0037037405134205024,0.04241919229583194,0.28654859562714896,0.12725305557250977,1.2095775604248047,0.93505859375,529.0754057082717,859.776897030577,145.07095846627635,42.12792598300439,223.747762057028,5,0.0,0.6,0.0,0.6,0.4,0.0,2.4,0.4,2.2,0.2,0.0,0.4,473.8,-34.47733341678977
337,690176,-0.0038196266318360965,3.8215521574020386,4.449966208140055,0.0034140390443614444,0.034076315409038216,0.2932578916351,-0.2837563455104828,1.9273945093154907,0.8380533854166666,529.5240984512567,861.989536800611,145.4319363052491,42.23274475499784,223.747762057028,6,0.0,0.3333333333333333,0.0,1.0,0.0,0.0,2.1666666666666665,0.0,2.6666666666666665,0.8333333333333334,0.0,0.0,418.6666666666667,-32.24874988524243
338,692224,-0.0031631798793872196,2.758444571495056,4.451958735783895,0.004170401900496852,0.04801779381620387,0.3284625455737114,0.15855491161346436,1.7460228204727173,0.8181966145833334,530.0478315744783,864.014736179488,145.7913224282529,42.3411200959963,223.747762057028,5,0.0,0.4,0.0,1.0,0.0,0.0,2.2,0.0,2.4,0.6,0.2,0.0,359.8,-30.00499999988824
339,694272,-0.0026233253302052617,3.7276386499404905,4.4535525639851885,0.0040206223797653855,0.04094659734206895,0.3011268362402916,-0.21760430932044983,1.990007758140564,0.8225911458333334,530.6317271189748,865.9046682845656,146.14298620029876,42.44610100999125,223.747762057028,4,0.0,0.25,0.0,1.0,0.0,0.0,2.25,0.0,2.0,0.25,0.5,0.0,425.0,-30.34875001036562
340,696320,-0.00506514492056643,2.941252064704895,4.461778068542481,0.004897690326652619,0.06203834360154967,0.24988097697496414,0.2628827393054962,1.6750376224517822,0.86865234375,531.1801696179384,867.8652840195209,146.49955691434297,42.553875611993135,223.747762057028,5,0.0,0.2,0.2,0.8,0.0,0.0,1.4,0.4,2.0,0.2,1.0,0.0,294.0,-26.0
341,698368,-0.005077183357207105,2.8881109952926636,4.4771661281585695,0.004383128276242572,0.04942369015576939,0.2706926703453064,-0.17242516577243805,1.8641092777252197,0.7607421875,531.6881131003004,869.8447519685578,146.91155583931686,42.65971522999462,223.747762057028,6,0.0,0.0,0.0,0.5,0.5,0.0,0.8333333333333334,1.0,2.0,0.8333333333333334,0.3333333333333333,0.5,504.5,-23.590694362685706
342,700416,-0.003135467394410322,1.8911390423774719,4.489940770467123,0.0031582740610542116,0.03267714196505646,0.28465891679128014,0.07382454723119736,1.3752381801605225,0.7418619791666666,532.1530819280455,871.9010044634852,147.33598218030238,42.77098431199556,223.747762057028,60,0.0,0.16666666666666666,0.0,0.8333333333333334,0.16666666666666666,0.0,2.5,0.2,2.816666666666667,0.016666666666666666,nan,0.11666666666666667,381.5833333333333,nan
343,702464,-0.00289554697277102,3.6927685499191285,4.498146470387777,0.00352453437692093,0.03616772988655915,0.28490176796913147,-0.45822638273239136,2.0457537174224854,0.76025390625,519.6759637669109,874.5209631155158,147.8077440333218,42.90773374699347,255.95382792202145,4,0.0,0.25,0.0,1.0,0.0,0.0,1.75,0.0,2.5,0.75,0.5,0.0,396.75,-32.881874880054966
344,704512,-0.002764812075959829,2.364843428134918,4.508079242706299,0.003144028438207892,0.028229961443382006,0.2761829247077306,0.2538163363933563,1.5968657732009888,0.8279622395833334,519.8661719954572,877.2782616815311,148.25740171035432,43.032548745992244,255.95382792202145,6,0.0,0.3333333333333333,0.0,1.0,0.0,0.0,1.6666666666666667,0.0,2.6666666666666665,0.3333333333333333,1.0,0.0,408.5,-30.97916662755112
345,706560,-0.003874047251883894,1.3854775547981262,4.510762023925781,0.0033783728598812198,0.0332475873020788,0.2421887055039406,0.2149237096309662,1.250173568725586,0.9290364583333334,520.2456532696826,879.5165421405254,148.71041008429165,43.18034169299062,255.95382792202145,3,0.0,0.3333333333333333,0.0,1.0,0.0,0.0,1.6666666666666667,0.0,2.3333333333333335,1.3333333333333333,0.0,0.0,328.0,-30.0
346,708608,-0.0030472270290677747,2.9246060132980345,4.508837556838989,0.003947601588233281,0.04374346977953489,0.2525525391101837,0.26169946789741516,1.7194935083389282,0.8582356770833334,520.666702678504,881.6471717145032,149.19685609422595,43.298736036987975,255.95382792202145,4,0.0,0.5,0.0,0.75,0.25,0.0,2.25,0.5,1.75,0.0,0.25,0.25,467.75,-25.350000004516914
347,710656,-0.0039000808261334895,2.3807215809822084,4.514978710810343,0.0045414477264329066,0.05331177613697946,0.2414349600672722,-0.10427972674369812,1.6650316715240479,0.8068033854166666,520.9696324250417,884.1672088994892,149.60444488719077,43.41906624899275,255.95382792202145,4,0.0,0.0,0.0,0.25,0.75,0.0,2.0,0.75,1.5,0.25,0.0,0.75,529.5,-22.519999999552965
348,712704,-0.0037305618442284565,2.055874693393707,4.524100812276204,0.003925589067512192,0.0449730556535845,0.2816863521933556,-0.029508773237466812,1.430145263671875,0.7830403645833334,521.2783863520259,886.5953724904975,150.0612084852255,43.54290965699329,255.95382792202145,6,0.0,0.16666666666666666,0.0,0.6666666666666666,0.3333333333333333,0.0,1.6666666666666667,0.3333333333333333,2.5,0.5,0.5,0.3333333333333333,457.1666666666667,-32.20083342740933
349,714752,-0.002045594900846481,1.6840218544006347,4.529199202855428,0.0031301604754032154,0.03218608188132445,0.2598365274568399,0.2047419250011444,1.2658385038375854,0.8971354166666666,521.5131316658772,889.2569314044595,150.49897979322122,43.66424120999727,255.95382792202145,3,0.0,0.0,0.0,0.6666666666666666,0.3333333333333333,0.0,1.3333333333333333,0.3333333333333333,1.6666666666666667,1.3333333333333333,0.0,0.3333333333333333,423.3333333333333,-27.554999832840014
350,716800,-0.0036455247551202773,2.442209506034851,4.534343560536702,0.004096667996849533,0.04312845084350556,0.29101871997117995,0.26238805055618286,1.500606894493103,0.8151041666666666,521.7643179511025,891.8226186955071,150.94595736122574,43.81578594199527,255.95382792202145,5,0.0,0.2,0.0,0.8,0.2,0.0,1.2,0.2,2.0,1.4,0.2,0.2,474.0,-30.494499882496893
351,718848,-0.003409182501491159,2.0784053444862365,4.541053342819214,0.002819766155438752,0.02819792743927489,0.235370409488678,0.022996410727500916,1.5619195699691772,0.8515625,521.9493834679947,894.5868766624626,151.39231145118538,43.935525021996,255.95382792202145,5,0.0,0.0,0.0,0.8,0.2,0.0,1.2,0.2,2.6,1.6,0.0,0.2,431.0,-29.02599995471537
352,720896,-0.004448426375165582,2.5275901317596436,4.544675429662068,0.00369334127820181,0.0388412313341784,0.2547878791888555,0.2626754343509674,1.4837572574615479,0.8650716145833334,522.1678368739388,897.305531178492,151.79371828411968,44.066116684996814,255.95382792202145,5,0.0,0.0,0.0,0.6,0.4,0.0,1.4,0.4,2.2,0.8,0.4,0.4,436.2,-28.150666829012334
353,722944,-0.0038894440842947614,2.1388975024223327,4.553630987803142,0.0037163302763399777,0.03673185417428613,0.2743941863377889,0.01588357426226139,1.5470104217529297,0.84521484375,522.3221889326627,900.1969189734227,152.20027436412784,44.19065505699837,255.95382792202145,4,0.0,0.0,0.0,0.5,0.5,0.0,0.5,1.0,1.75,1.25,0.25,0.5,479.25,-23.132708354038186
354,724992,-0.003509776405796098,1.4873989701271058,4.564867353439331,0.0042004765634788945,0.04663063348270953,0.31791880130767824,-0.06917980313301086,1.2266550064086914,0.8603515625,522.4906846188322,903.0122700174834,152.6354407090621,44.31058397999732,255.95382792202145,4,0.0,0.25,0.0,0.75,0.25,0.0,1.25,0.25,3.0,1.5,0.0,0.25,415.25,-27.563749998575076
355,727040,-0.0017271620376656453,1.8003655791282653,4.570185852050781,0.0035094478033793567,0.03535494368989021,0.28152294804652533,-0.011854041367769241,1.3001869916915894,0.77392578125,522.769327192969,905.5880236153898,153.0343240460861,44.42556603299454,255.95382792202145,6,0.0,0.16666666666666666,0.0,0.8333333333333334,0.16666666666666666,0.0,1.3333333333333333,0.16666666666666666,2.5,1.5,0.0,0.16666666666666666,444.6666666666667,-28.885277754937608
356,729088,-0.0028951208766860265,1.9060322165489196,4.57437752087911,0.004119011790245847,0.042004901271623866,0.22880759139855703,0.10060159862041473,1.3130258321762085,0.9415690104166666,522.9312867960671,908.4252569153396,153.45782961213263,44.55607938799221,255.95382792202145,6,0.0,0.3333333333333333,0.0,1.0,0.0,0.0,1.6666666666666667,0.0,2.6666666666666665,1.3333333333333333,0.0,0.0,392.0,-31.201666697394103
357,731136,-0.0027923015256722766,2.0214518785476683,4.581851991017659,0.0031977200618089415,0.025900375028140844,0.2442879781126976,-0.1351792961359024,1.5039876699447632,0.8291015625,523.1870239772032,911.0149497162638,153.88564319613215,44.67921937499341,255.95382792202145,4,0.0,0.25,0.0,1.0,0.0,0.0,1.75,0.0,2.5,1.25,0.0,0.0,342.75,-30.063749998575076
358,733184,-0.0018580828223396868,1.19976145029068,4.585437536239624,0.0032586118429427787,0.027565066888928413,0.24526185045639673,0.1041809543967247,1.136211633682251,0.8580729166666666,523.4734185232858,913.5074418992517,154.31953487808642,44.80368750699563,255.95382792202145,6,0.0,0.16666666666666666,0.0,1.0,0.0,0.0,1.0,0.0,2.5,1.5,0.5,0.0,387.6666666666667,-30.619722245571513
359,735232,-0.001735285638521115,1.785877537727356,4.595375188191732,0.002456982164053743,0.022091230986795076,0.26702332148949304,0.13114677369594574,1.311803936958313,0.9222005208333334,523.6433640352406,916.3005722832968,154.76368199103308,44.92282208899269,255.95382792202145,6,0.0,0.16666666666666666,0.0,0.8333333333333334,0.16666666666666666,0.0,1.6666666666666667,0.16666666666666666,2.5,1.0,0.16666666666666666,0.16666666666666666,399.0,-28.34305555606261
360,737280,-0.0028165130274525533,1.910909688472748,4.602468617757162,0.0033037669147538786,0.03378268584686642,0.26907023290793103,-0.16152025759220123,1.4087010622024536,0.8287760416666666,523.8738216212435,918.9569754593686,155.1884956800277,45.04235704699386,255.95382792202145,4,0.0,0.0,0.0,1.0,0.0,0.0,1.5,0.0,3.0,1.5,0.0,0.0,394.75,-30.11249999748543
361,739328,-0.002489867817106036,1.1577997922897338,4.6088967005411785,0.003314588677588067,0.0325494564914455,0.29295792629321415,0.11422178894281387,1.1089513301849365,0.8142903645833334,524.1046561546517,921.6214666104279,155.59689281904866,45.17004384798929,255.95382792202145,5,0.0,0.0,0.0,0.8,0.2,0.0,0.8,0.2,2.8,1.8,0.2,0.2,396.2,-28.357000005058943
362,741376,-0.002362239162903279,1.0399282932281495,4.617361561457316,0.003454056141641955,0.03433571153630813,0.2624235520760218,0.08501212298870087,1.0526446104049683,0.9093424479166666,524.3308678515778,924.248995801383,156.0481733140623,45.28723427798832,255.95382792202145,6,0.0,0.16666666666666666,0.0,0.8333333333333334,0.16666666666666666,0.0,1.5,0.16666666666666666,2.6666666666666665,1.3333333333333333,0.0,0.16666666666666666,368.8333333333333,-28.335833333277453
363,743424,-0.0023848813240571567,2.1888215065002443,4.622475671768188,0.0028797044914826756,0.027303400558109085,0.273001004755497,0.3423396050930023,1.5063930749893188,0.8299153645833334,524.6812892877497,926.5865966933925,156.46368115008227,45.40254037998238,255.95382792202145,5,0.0,0.2,0.0,0.8,0.2,0.0,1.2,0.4,2.2,1.4,0.0,0.2,374.0,-26.0
364,745472,-0.00234714014356238,2.36265606880188,4.627860196431478,0.002815112557344894,0.025296257036582878,0.23145567774772643,0.06608525663614273,1.4061771631240845,0.83251953125,525.0544629879357,928.8301771743063,156.88762254302856,45.53224836997833,255.95382792202145,5,0.0,0.2,0.0,0.8,0.2,0.0,1.6,0.4,1.6,0.8,0.2,0.2,469.8,-27.787666696310044
365,747520,-0.001345261000096798,1.2177470445632934,4.635478448867798,0.001890413046499025,0.01393096016254276,0.2685773586233457,0.2226603776216507,1.0823205709457397,0.810546875,525.3542772969314,931.2580031983525,157.3354284589368,45.65209849797975,255.95382792202145,3,0.0,0.0,0.0,0.3333333333333333,0.6666666666666666,0.0,0.6666666666666666,1.0,1.6666666666666667,1.3333333333333333,0.0,0.6666666666666666,565.3333333333334,-20.515833337946486
366,749568,-0.002892912553700929,2.0762995004653932,4.643669271469117,0.0031177008054735483,0.031100787967443467,0.2758755773305893,-0.19558276236057281,1.3431750535964966,0.8507486979166666,525.5214389764416,934.0041727663265,157.80575852394395,45.78819631997612,255.95382792202145,5,0.0,0.0,0.0,1.0,0.0,0.0,1.4,0.0,2.4,1.4,0.2,0.0,446.8,-32.83750005522743
367,751616,-0.002835152763873339,1.6626129508018495,4.654137134552002,0.003673164623857398,0.037244329873162015,0.27468757977088293,0.03079327754676342,1.207779049873352,0.7918294270833334,525.781033034321,936.5833354962961,158.20789240888553,45.90339299297921,255.95382792202145,7,0.0,0.0,0.0,1.0,0.0,0.0,1.5714285714285714,0.0,2.857142857142857,1.0,0.42857142857142855,0.0,409.0,-33.13857155253312
368,753664,-0.0024144147018281123,2.1738810777664184,4.663261397679647,0.003000376863952914,0.026226803916506468,0.2438660810391108,-0.24541078507900238,1.4917200803756714,0.8984375,525.9191963832078,939.3758932253259,158.67323330487852,46.03811687497364,255.95382792202145,4,0.0,0.0,0.0,1.0,0.0,0.0,1.5,0.0,3.0,1.5,0.0,0.0,323.25,-30.0
369,755712,-0.002493796571313093,1.3291891098022461,4.669845676422119,0.003384302699165414,0.03580367740554114,0.28908754189809166,-0.04203769192099571,1.1890896558761597,0.7804361979166666,526.2086831372573,941.8400346154522,159.10285542586644,46.15517421297409,255.95382792202145,5,0.0,0.2,0.0,1.0,0.0,0.0,1.6,0.0,2.8,1.2,0.2,0.0,337.4,-30.116000000946222
370,757760,-0.0008840104099363088,2.2313537120819094,4.671045446395874,0.0021433991186615097,0.01337532663019374,0.2699741587042809,0.13924774527549744,1.4961378574371338,0.7566731770833334,526.5289939642788,944.1786696524432,159.56248843199137,46.271576974977506,255.95382792202145,5,0.0,0.0,0.0,1.0,0.0,0.0,1.2,0.0,2.4,1.6,0.2,0.0,418.4,-32.60049996068701
371,759808,-0.003359367630522077,0.9144416809082031,4.677829281489054,0.0035759362131580485,0.03989431955075513,0.2623841047286987,0.329754114151001,0.888497531414032,0.8701171875,526.7547895812561,946.7909953804265,160.00460775002284,46.39436191198183,255.95382792202145,5,0.0,0.0,0.0,0.8,0.2,0.0,0.4,0.2,2.0,2.2,0.2,0.2,462.2,-30.929166746512056
372,761856,-0.004801608676886341,2.095657479763031,4.687388610839844,0.005163275213782074,0.06646448423465093,0.2697189822793007,0.11197669059038162,1.3863484859466553,0.8287760416666666,527.0112676147916,949.3146572674887,160.4472051290286,46.52119585298351,255.95382792202145,5,0.0,0.2,0.0,0.8,0.2,0.0,1.6,0.2,2.2,1.2,0.0,0.2,426.2,-28.09299999792129
373,763904,-0.0018340334141006072,3.0022594690322877,4.695882161458333,0.002598586030873776,0.02175644790986553,0.299142454067866,-0.18588505685329437,1.6428786516189575,0.83349609375,527.237109663414,951.9611937165173,160.85751682809496,46.64264771497983,255.95382792202145,5,0.0,0.2,0.0,0.8,0.2,0.0,1.6,0.2,2.6,1.2,0.0,0.2,433.8,-29.538166713993995
374,765952,-0.0030012372493123016,1.122093093395233,4.699841276804606,0.003368107071876303,0.03224731944113349,0.2967359418670336,0.013947801664471626,1.0396363735198975,0.8352864583333334,527.4253765126443,954.636377885523,161.3186423770967,46.763772648977465,255.95382792202145,6,0.0,0.0,0.0,0.8333333333333334,0.16666666666666666,0.0,1.6666666666666667,0.16666666666666666,2.6666666666666665,1.1666666666666667,0.0,0.16666666666666666,405.0,-28.482222224585712
375,768000,-0.0030085918260738254,1.0406485080718995,4.706354792912801,0.004260060869228451,0.04767005300770203,0.31291725784540175,0.02510804496705532,1.0647145509719849,0.90771484375,527.594138398291,957.4281083055976,161.737613950143,46.878227117980714,255.95382792202145,6,0.0,0.0,0.0,1.0,0.0,0.0,0.8333333333333334,0.0,2.6666666666666665,2.1666666666666665,0.0,0.0,318.6666666666667,-30.0
376,770048,-0.001519557732778291,2.4920078992843626,4.712451505661011,0.0025892228931710818,0.0216361687790292,0.2716208532452583,0.006957085337489843,1.5474896430969238,0.8518880208333334,527.7919620141128,960.1017048716094,162.1851142670348,46.99654792997899,255.95382792202145,4,0.0,0.0,0.0,1.0,0.0,0.0,1.25,0.0,2.0,1.75,0.0,0.0,414.25,-32.58791668876074
377,772096,-0.0038994869605327646,1.905116045475006,4.716131623586019,0.005004714371161955,0.057461268020172915,0.2747074042757352,-0.33304476737976074,1.4118045568466187,0.8279622395833334,527.9407996008115,962.8507461676127,162.66549033203046,47.11963868798193,255.95382792202145,6,0.0,0.16666666666666666,0.0,0.8333333333333334,0.16666666666666666,0.0,1.6666666666666667,0.16666666666666666,2.6666666666666665,1.1666666666666667,0.0,0.16666666666666666,395.1666666666667,-28.34583333383004
378,774144,-0.0030042908270843326,3.5551681518554688,4.7242114543914795,0.004285759173310843,0.04756699454349776,0.27153212279081346,0.12139156460762024,1.9575672149658203,0.7765299479166666,528.1044982106123,965.5850834045705,163.119237750092,47.24912926997786,255.95382792202145,5,0.0,0.2,0.0,0.8,0.2,0.0,1.8,0.4,2.6,0.8,0.0,0.2,386.0,-28.6223332866095
379,776192,-0.0025886142320814542,1.2978311717510223,4.737563117345174,0.0020625373955930402,0.016566584267032645,0.2810658608873685,0.16816149652004242,1.1254112720489502,0.8544921875,528.3535786805243,968.1298578205897,163.5448897890965,47.3678950769754,255.95382792202145,3,0.0,0.3333333333333333,0.0,0.6666666666666666,0.3333333333333333,0.0,1.6666666666666667,0.3333333333333333,2.3333333333333335,1.0,0.0,0.3333333333333333,439.0,-26.666666666666668
380,778240,-0.004950031754560769,1.5862645745277404,4.74246187210083,0.005961046203624265,0.07756754212702315,0.27271047284205757,-0.07987120002508163,1.2088960409164429,0.8362630208333334,528.5514983592926,970.7968925296809,163.98038284909126,47.48515441597556,255.95382792202145,6,0.0,0.5,0.0,1.0,0.0,0.0,1.8333333333333333,0.0,2.3333333333333335,1.1666666666666667,0.0,0.0,410.6666666666667,-30.76527775110056
381,780288,-0.0036067376631156852,3.4041296005249024,4.752238210042318,0.00436684068340446,0.054164751374628395,0.29020856420199076,-0.3506647050380707,1.8845831155776978,0.8369140625,528.7094994062596,973.6014998146857,164.37364754805458,47.61583961597353,255.95382792202145,7,0.0,0.2857142857142857,0.0,1.0,0.0,0.0,2.142857142857143,0.0,2.142857142857143,0.8571428571428571,0.0,0.0,392.2857142857143,-30.42428567327027
382,782336,-0.0015894883120684729,2.2993678569793703,4.75996667544047,0.0031758689007873524,0.03020122734985004,0.307353871067365,0.1360277384519577,1.4583228826522827,0.8517252604166666,528.9648345025118,976.1599089286901,164.77096753607475,47.73080442297214,255.95382792202145,4,0.0,0.25,0.0,1.0,0.0,0.0,2.0,0.0,3.0,1.0,0.0,0.0,422.0,-30.0
383,784384,-0.002926253855306034,1.694972288608551,4.76669454574585,0.004529552359375845,0.050804888810186334,0.30609660694996516,-0.15915295481681824,1.2810333967208862,0.7198893229166666,529.1902247188711,978.7048298997179,165.24173407607304,47.85136344397324,255.95382792202145,5,0.0,0.0,0.0,0.8,0.2,0.0,1.6,0.2,2.2,1.2,0.0,0.2,462.4,-29.59400005824864
384,786432,-0.0029173063696362076,1.2657334446907043,4.772001266479492,0.003607619125227295,0.0365147384814918,0.2760200892885526,-0.07054643332958221,1.1078407764434814,0.8968098958333334,529.3221759843921,981.5515428307335,165.67413439705706,47.96727170297527,255.95382792202145,5,0.0,0.0,0.0,1.0,0.0,0.0,1.4,0.0,3.0,1.6,0.0,0.0,301.0,-30.0
385,788480,-0.004457155521959066,2.050309991836548,4.777550633748373,0.004268328837309955,0.0440056818149363,0.2741249536474546,0.12383073568344116,1.3399368524551392,0.77099609375,529.4348333472616,984.4131837177047,166.12052825596038,48.0983483699747,255.95382792202145,5,0.0,0.2,0.0,1.0,0.0,0.0,2.0,0.0,2.6,0.8,0.2,0.0,468.4,-33.540000063180926
386,790528,-0.004562136728782207,2.4870942354202272,4.7839121182759605,0.0042611665579353145,0.048895226574192444,0.25393460591634115,-0.12199599295854568,1.4701931476593018,0.8780924479166666,529.5796807309557,987.2076846266427,166.56264740098413,48.215537486976245,255.95382792202145,5,0.0,0.4,0.0,0.8,0.2,0.0,2.2,0.2,2.6,0.6,0.0,0.2,399.0,-28.0
387,792576,-0.003607850999105722,1.7406290173530579,4.791403849919637,0.0036473447984373057,0.03896699296310544,0.3000573143362999,0.38979849219322205,1.4789766073226929,0.6897786458333334,529.8560924581564,989.6768469916715,166.98116509289684,48.3317628259756,255.95382792202145,1,0.0,0.0,0.0,1.0,0.0,0.0,1.0,0.0,3.0,2.0,0.0,0.0,360.0,-30.0
388,794624,-0.0015033097316821417,2.440838670730591,4.794509744644165,0.002363694400611391,0.018412046565208583,0.26060703247785566,-0.16300596296787262,1.3579564094543457,0.7477213541666666,530.0179596270652,992.3900446756816,167.43220424790343,48.46827778597071,255.95382792202145,7,0.0,0.2857142857142857,0.0,0.7142857142857143,0.2857142857142857,0.0,1.7142857142857142,0.42857142857142855,2.4285714285714284,0.8571428571428571,0.0,0.2857142857142857,533.8571428571429,-25.78238095316504
389,796672,-0.0030356535765652857,1.742320966720581,4.801037740707398,0.004625621219926962,0.04975070091119657,0.34312408765157065,-0.07314761728048325,1.408639907836914,0.7272135416666666,530.1572165935758,995.133405393768,167.93168763592257,48.58895223296713,255.95382792202145,6,0.0,0.0,0.0,1.0,0.0,0.0,1.1666666666666667,0.0,3.0,1.8333333333333333,0.0,0.0,390.0,-30.0
390,798720,-0.00392185291275382,1.144070303440094,4.807209841410319,0.004234555705897554,0.044907275059570866,0.2630289460221926,0.40095341205596924,1.1099717617034912,0.8523763020833334,530.4072539789125,997.5917567008146,168.403386444872,48.71637235896196,255.95382792202145,2,0.0,0.5,0.0,0.5,0.5,0.0,2.5,0.5,3.0,0.0,0.0,0.5,505.5,-25.0
391,800768,-0.0044386562871901935,2.3254632711410523,4.816383504867554,0.005550608477099639,0.06967081369366497,0.26207808206478755,0.032254986464977264,1.5688999891281128,0.8854166666666666,530.6131689241982,1000.1988283597966,168.8439599208359,48.83466006696108,255.95382792202145,60,0.0,0.0,0.14285714285714285,0.7142857142857143,0.14285714285714285,0.1,2.3833333333333333,0.3333333333333333,2.533333333333333,0.21666666666666667,nan,0.11666666666666667,407.4,nan
392,802816,-0.003444623958785087,1.3538188695907594,4.823037767410279,0.004093769746207536,0.04169907628869017,0.2880584388971329,-0.02559882216155529,1.219748854637146,0.890625,517.826913136785,1002.8806224107757,169.30569303770608,48.949430777960515,293.7964997710151,3,0.0,0.3333333333333333,0.0,0.6666666666666666,0.3333333333333333,0.0,1.0,1.0,2.3333333333333335,1.0,0.0,0.3333333333333333,445.0,-22.67083314464738
393,804864,-0.003689733159262687,1.863675630092621,4.825957647959391,0.004347016560339878,0.04832965364524474,0.28610270271698635,-0.32054266333580017,1.404194712638855,0.85107421875,518.067607508029,1005.4452525667512,169.7527326856216,49.0665396409604,293.7964997710151,7,0.0,0.0,0.0,0.7142857142857143,0.2857142857142857,0.0,1.2857142857142858,0.5714285714285714,2.2857142857142856,1.0,0.14285714285714285,0.2857142857142857,401.14285714285717,-24.285714285714285
394,806912,-0.003238302496417115,1.2753494262695313,4.832280365626017,0.004514192897731988,0.05426757505241161,0.2693297411004702,0.05587473511695862,1.0738316774368286,0.83203125,518.4924688377803,1007.4868581947667,170.18548363663285,49.18295022496022,293.7964997710151,2,0.0,0.5,0.0,1.0,0.0,0.0,2.5,0.0,2.5,0.0,0.5,0.0,355.0,-30.0
395,808960,-0.0031693650891924108,2.3775310158729552,4.84011402130127,0.0024611193436315164,0.021079956910883386,0.2377008001009623,-0.01976446993649006,1.3905080556869507,0.8323567708333334,518.8870785993884,1009.6347067167881,170.59213288367027,49.29773010995996,293.7964997710151,5,0.0,0.2,0.0,0.6,0.4,0.0,1.6,0.8,1.8,0.2,0.4,0.4,543.0,-31.634000303409994
396,811008,-0.0035719526291359215,1.754838228225708,4.845421059926351,0.004324592398795161,0.05169913976375635,0.28358405629793804,-0.10542715340852737,1.2933001518249512,0.822265625,519.1294386350664,1012.2263684847494,171.01090819676028,49.41088702996058,293.7964997710151,6,0.0,0.3333333333333333,0.0,0.5,0.5,0.0,1.8333333333333333,1.0,2.0,0.16666666666666666,0.0,0.5,457.6666666666667,-20.0
397,813056,-0.001901447338362535,2.5365314960479735,4.850106048583984,0.0026767273473300916,0.02179695412827035,0.30691359341144564,-0.49898761510849,1.5701619386672974,0.8426106770833334,519.2967685808691,1015.0047205568262,171.4479578897226,49.53262789096334,293.7964997710151,6,0.0,0.0,0.0,1.0,0.0,0.0,1.5,0.0,2.8333333333333335,1.3333333333333333,0.16666666666666666,0.0,366.6666666666667,-30.0
398,815104,-0.003071409977807586,0.9193126082420349,4.860361703236898,0.0029882346187501,0.02883671773597598,0.2554070259133975,0.2620183825492859,0.9321173429489136,0.912109375,519.4682169316092,1017.7489575848376,171.88709109181218,49.65440596696135,293.7964997710151,5,0.0,0.0,0.0,1.0,0.0,0.0,1.2,0.0,2.8,1.6,0.2,0.0,319.4,-30.047999998927118
399,817152,-0.004071757018876573,1.8125099420547486,4.866034905115764,0.004381032905371285,0.050390218089645104,0.2902529314160347,0.0835258960723877,1.452443242073059,0.7662760416666666,519.7872526251488,1020.0350686257589,172.33272481678432,49.79855681995832,293.7964997710151,5,0.0,0.2,0.0,1.0,0.0,0.0,2.0,0.0,2.8,0.8,0.2,0.0,380.0,-31.93600003030151
400,819200,-0.0035746233343767623,3.848946285247803,4.869566361109416,0.00401625500924203,0.0429880244579787,0.2922575816512108,-0.2984168827533722,1.872178554534912,0.7902018229166666,520.0389475702351,1022.5649691627914,172.7523406728069,49.919034089958586,293.7964997710151,6,0.0,0.5,0.0,0.8333333333333334,0.16666666666666666,0.0,2.5,0.16666666666666666,2.1666666666666665,0.16666666666666666,0.16666666666666666,0.16666666666666666,405.5,-28.345833333053935
401,821248,-0.0032456713573386273,1.5958858489990235,4.874799728393555,0.0040498603488761074,0.043706213434537254,0.27663018157084784,0.22428429126739502,1.2144478559494019,0.8404947916666666,520.3066907633415,1025.0433222318607,173.1839392608381,50.03880522395775,293.7964997710151,5,0.0,0.0,0.0,0.8,0.2,0.0,1.4,0.4,2.4,1.0,0.2,0.2,363.8,-27.201500045880675
402,823296,-0.00338213921689506,2.4668550729751586,4.877203337351481,0.003118141325097075,0.030098781843359273,0.29493945439656577,-0.08821486681699753,1.5086435079574585,0.8201497395833334,520.6440313673237,1027.356790757869,173.57441340584046,50.15999999396445,293.7964997710151,5,0.0,0.2,0.0,1.0,0.0,0.0,1.8,0.0,2.4,1.0,0.2,0.0,395.8,-30.0
403,825344,-0.004612078556480507,0.9270598292350769,4.886638577779134,0.0043044663884006,0.047497962950728834,0.300426709651947,0.06154199689626694,0.997067391872406,0.7975260416666666,520.8939333070771,1029.8927306139012,173.99102472075901,50.27756333596335,293.7964997710151,5,0.0,0.0,0.0,0.4,0.6,0.0,1.0,1.0,2.2,1.0,0.0,0.6,475.6,-20.063666668720543
404,827392,-0.0038735365436878056,2.385182499885559,4.895272954305013,0.004698620018475745,0.053417097016548114,0.29100379794836045,-0.3160412013530731,1.5504090785980225,0.8382161458333334,521.1351735818837,1032.4152900039626,174.4412813266681,50.403594536961464,293.7964997710151,4,0.0,0.25,0.0,1.0,0.0,0.0,1.75,0.0,2.5,0.75,0.5,0.0,414.5,-32.71187510038726
405,829440,-0.00365246924047824,1.9942761540412903,4.897803592681885,0.0035379281440379717,0.03603273754706606,0.28193288793166477,0.3625538647174835,1.4110543727874756,0.8367513020833334,521.3280187451762,1035.035159105988,174.91103135963203,50.538439607960754,293.7964997710151,6,0.0,0.16666666666666666,0.16666666666666666,0.6666666666666666,0.16666666666666666,0.16666666666666666,1.1666666666666667,0.6666666666666666,2.0,1.0,0.16666666666666666,0.16666666666666666,445.1666666666667,-22.460416609110933
406,831488,-0.0038407335437720272,1.2980712532997132,4.904920673370361,0.004099009922962912,0.045250437261226274,0.2492567206422488,-0.0869143083691597,1.0915712118148804,0.8484700520833334,521.5644901004457,1037.5921490429464,175.3301625986569,50.67411102296319,293.7964997710151,5,0.0,0.2,0.0,1.0,0.0,0.0,2.0,0.0,2.8,0.8,0.2,0.0,378.4,-30.00599999986589
407,833536,-0.0019726756281064203,2.540260910987854,4.918073781331381,0.0029861212994452065,0.02854122870679324,0.2711169744531314,-0.1334686279296875,1.6715012788772583,0.8577473958333334,521.7888437866603,1040.1817005029152,175.7599917497937,50.80326769796375,293.7964997710151,4,0.0,0.0,0.0,1.0,0.0,0.0,1.0,0.0,3.0,1.5,0.5,0.0,369.75,-30.468333340715617
408,835584,-0.0025609345291741194,0.8057287573814392,4.929023408889771,0.0025368503360557624,0.02165759065343688,0.25749218861262,0.08747851848602295,0.8806188702583313,0.9637044270833334,522.0046530201713,1042.7561150188776,176.2133017528031,50.934308241958206,293.7964997710151,4,0.0,0.0,0.0,0.5,0.5,0.0,1.25,1.0,2.0,0.75,0.0,0.5,458.5,-20.0
409,837632,-0.0020243966641525428,3.4229928731918333,4.933917649586996,0.003292295194983902,0.029870925975653034,0.2683043465018272,-0.05179916322231293,1.8243610858917236,0.8125,522.3531096415074,1045.0320388608961,176.57802616077242,51.04926616696321,293.7964997710151,5,0.0,0.2,0.0,1.0,0.0,0.0,1.8,0.0,2.2,1.2,0.0,0.0,418.0,-30.0
410,839680,-0.0020806817066234846,1.891294777393341,4.936292823155721,0.003616426699139197,0.03734948637817676,0.3126151199142138,-0.09091398864984512,1.4024666547775269,0.8567708333333334,522.5598575620027,1047.663552696802,177.00448622988188,51.17892114596907,293.7964997710151,6,0.0,0.0,0.0,0.5,0.5,0.0,1.3333333333333333,1.0,2.0,0.6666666666666666,0.0,0.5,472.0,-20.0
411,841728,-0.003840877218560005,1.5769443035125732,4.944951152801513,0.0042765573652218634,0.04861295756418258,0.3021779174606005,-0.10349082201719284,1.286016583442688,0.8074544270833334,522.7639978524933,1050.3018848798529,177.45421767287917,51.28622686196468,293.7964997710151,4,0.0,0.0,0.0,1.0,0.0,0.0,1.25,0.0,3.0,1.75,0.0,0.0,406.0,-30.007499999832362
412,843776,-0.003483866439394963,0.7382819890975952,4.951528135935465,0.004947323788523051,0.05722574337075154,0.2773649573326111,0.207860067486763,0.8379334211349487,0.8590494791666666,522.9434605946984,1052.9921767188134,177.90680583882204,51.406268286962586,293.7964997710151,3,0.0,0.3333333333333333,0.0,0.6666666666666666,0.3333333333333333,0.0,2.0,0.3333333333333333,2.3333333333333335,0.6666666666666666,0.0,0.3333333333333333,469.0,-26.666666666666668
413,845824,-0.0028962836872475843,2.327538251876831,4.954273509979248,0.003897929560206729,0.042878467151119065,0.2991676146785418,-0.23077838122844696,1.4510620832443237,0.8317057291666666,523.1517855575609,1055.6148868307791,178.328660780855,51.53283251396351,293.7964997710151,7,0.0,0.14285714285714285,0.0,0.8571428571428571,0.14285714285714285,0.0,1.7142857142857142,0.2857142857142857,2.5714285714285716,0.8571428571428571,0.14285714285714285,0.14285714285714285,421.14285714285717,-27.142857142857142
414,847872,-0.004393149308937912,1.8673248767852784,4.957704496383667,0.0050309598818878455,0.060161331885804734,0.29236936767896016,0.3331010341644287,1.3249714374542236,0.8544921875,523.3728162703549,1058.2075981847956,178.75022978484049,51.65606576095888,293.7964997710151,3,0.0,0.0,0.0,0.6666666666666666,0.3333333333333333,0.0,0.6666666666666666,0.6666666666666666,3.0,1.6666666666666667,0.0,0.3333333333333333,415.0,-29.606666911859065
415,849920,-0.002196733886376023,2.6016620635986327,4.961650069554647,0.003310288527050531,0.03050554620567709,0.2881364867091179,-0.5336489081382751,1.6187344789505005,0.7830403645833334,523.6133479906723,1060.764028026817,179.1529203389,51.77805055295903,293.7964997710151,6,0.0,0.0,0.0,0.5,0.5,0.0,1.3333333333333333,0.5,2.1666666666666665,1.0,0.16666666666666666,0.5,535.5,-25.564027787030984
416,851968,-0.003531870878456781,1.3441609025001526,4.962630446751913,0.00472163653750098,0.0491442103132916,0.33871370007594426,0.021705353632569313,1.0958107709884644,0.8343098958333334,523.7800782616085,1063.524861651822,179.57037572085392,51.90204279095633,293.7964997710151,5,0.0,0.2,0.0,1.0,0.0,0.0,2.0,0.0,3.0,1.0,0.0,0.0,351.6,-30.020999999530613
417,854016,-0.0033507723128423095,1.3716124892234802,4.96287678082784,0.004374232102553504,0.049319283951384324,0.27324100881814956,0.09755636751651764,1.1557762622833252,0.8282877604166666,523.9701378200169,1066.188161768754,180.00628293793125,52.02379957695666,293.7964997710151,6,0.0,0.0,0.0,1.0,0.0,0.0,1.3333333333333333,0.0,2.8333333333333335,1.5,0.16666666666666666,0.0,380.5,-30.0
418,856064,-0.0032861270165691773,1.6318046569824218,4.967524973551432,0.00329441423836947,0.0333502936642617,0.30952250510454177,0.2499784678220749,1.1905055046081543,0.8709309895833334,524.1995902670847,1068.6748425138067,180.49108209693077,52.14552942595765,293.7964997710151,4,0.0,0.25,0.0,1.0,0.0,0.0,1.5,0.0,2.75,1.25,0.25,0.0,381.5,-30.316666624508798
419,858112,-0.0029383339919149877,1.6141560196876525,4.977627245585124,0.00371743927872642,0.04050989073390762,0.26160842428604764,0.4281170070171356,1.1820570230484009,0.923828125,524.3793322726323,1071.354765281736,180.9472339418935,52.264033447958354,293.7964997710151,3,0.0,0.3333333333333333,0.0,0.6666666666666666,0.3333333333333333,0.0,1.3333333333333333,1.0,2.3333333333333335,0.6666666666666666,0.0,0.3333333333333333,495.6666666666667,-20.18249999731779
420,860160,-0.004129603541999435,1.348177719116211,4.986468807856242,0.004802938562451094,0.05897926234950622,0.28132133185863495,0.16469551622867584,1.1898720264434814,0.8466796875,524.5633421154204,1074.00040647664,181.40729356291558,52.39390409495536,293.7964997710151,4,0.0,0.0,0.0,0.75,0.25,0.0,1.0,0.75,2.5,1.25,0.0,0.25,457.25,-22.508749999804422
421,862208,-0.00309577154306074,3.8208914279937742,4.989113759994507,0.004226833067604785,0.041870801585416,0.2980931863188744,-0.3151521384716034,1.878206729888916,0.8121744791666666,524.7745715536205,1076.5865880066704,181.844296970914,52.51554136695631,293.7964997710151,7,0.0,0.2857142857142857,0.0,0.5714285714285714,0.42857142857142855,0.2857142857142857,1.7142857142857142,0.7142857142857143,2.4285714285714284,0.5714285714285714,0.0,0.42857142857142855,474.7142857142857,-21.754761902349337
422,864256,-0.003147407225333154,1.0080693900585174,4.985988887151082,0.005107837618284409,0.06563734263181686,0.26667013665040334,0.10945487767457962,0.91810142993927,0.85791015625,525.0003597667186,1079.184395079661,182.23268352585728,52.64131352095865,293.7964997710151,3,0.0,0.0,0.0,1.0,0.0,0.0,1.6666666666666667,0.0,2.3333333333333335,0.6666666666666666,0.6666666666666666,0.0,367.0,-30.135000001949567
423,866304,-0.003305092981706063,1.8917711615562438,4.986293745040894,0.003959814883511337,0.0441220587429901,0.31766707400480904,-0.1269865185022354,1.4818265438079834,0.7703450520833334,525.2199424610802,1081.7716520507165,182.62219996983185,52.77791230696312,293.7964997710151,6,0.0,0.0,0.0,0.6666666666666666,0.3333333333333333,0.0,1.5,0.5,2.3333333333333335,1.0,0.0,0.3333333333333333,493.6666666666667,-25.13527778054898
424,868352,-0.0014899916384213915,1.7100754857063294,4.98664665222168,0.0029698112889502194,0.023654940988247594,0.2676384722193082,0.05622190609574318,1.2812628746032715,0.8468424479166666,525.3902747509034,1084.5168218877297,183.03711862282944,52.89525819096161,293.7964997710151,3,0.0,0.0,0.0,0.6666666666666666,0.3333333333333333,0.0,1.6666666666666667,0.3333333333333333,2.6666666666666665,0.6666666666666666,0.3333333333333333,0.3333333333333333,471.3333333333333,-26.965833210075896
425,870400,-0.004070037662556084,2.4335485696792603,4.994531838099162,0.00450183564148919,0.05178335404489189,0.29953373124202093,-0.06920327246189117,1.6482396125793457,0.7578125,525.573357483459,1087.1922220397973,183.46244208083226,53.02067323496158,293.7964997710151,5,0.0,0.4,0.0,0.8,0.2,0.0,1.6,0.4,2.8,0.8,0.2,0.2,396.0,-26.13799999691546
426,872448,-0.003255789870551477,0.9977371454238891,4.999222771326701,0.0032135809169024773,0.03157399601380651,0.2599209959308306,0.43116480112075806,0.8144752979278564,0.9267578125,525.6886325077871,1089.994907814813,183.9574803598589,53.15721118095826,293.7964997710151,4,0.0,0.25,0.0,0.75,0.25,0.0,1.5,0.25,3.0,1.25,0.0,0.25,461.0,-27.633333335164934
427,874496,-0.002122091952090462,1.815716767311096,5.0100840409596765,0.0034417316709270283,0.03284093028632924,0.2785244474808375,-0.04553141072392464,1.5184677839279175,0.8136393229166666,526.0228815437478,1092.160700313776,184.41109030078223,53.279722733961535,293.7964997710151,4,0.0,0.0,0.0,0.75,0.25,0.0,0.75,0.5,2.75,1.5,0.25,0.25,495.25,-29.218124996405095
428,876544,-0.0025450778931068877,0.630020233988762,5.018488868077596,0.0031722755463219343,0.028698843515788514,0.25293002327283226,0.10714399069547653,0.7885783314704895,0.8466796875,526.3160861919011,1094.4651900178724,184.8352415328627,53.42449707596097,293.7964997710151,3,0.0,0.0,0.0,0.3333333333333333,0.6666666666666666,0.0,1.3333333333333333,1.3333333333333333,1.6666666666666667,0.3333333333333333,0.0,0.6666666666666666,585.3333333333334,-16.666666666666668
429,878592,-0.00440896246000193,1.4047534465789795,5.024002885818481,0.004151019908982578,0.04395982455074166,0.3173155109087626,-0.07019001990556717,1.2100121974945068,0.79541015625,526.4068440983059,1097.3786933238298,185.29239884584968,53.54587638995872,293.7964997710151,4,0.0,0.25,0.0,0.5,0.5,0.0,1.25,1.5,2.0,0.25,0.0,0.5,549.5,-15.0
430,880640,-0.003786657319869846,2.0490520715713503,5.0299017588297525,0.004203074096008752,0.04794347796899577,0.2725699464480082,-0.05320355296134949,1.481903076171875,0.8289388020833334,526.5509470282537,1100.1167308418371,185.73313728190988,53.69841719895339,293.7964997710151,6,0.0,0.16666666666666666,0.0,0.6666666666666666,0.3333333333333333,0.0,1.5,0.5,2.3333333333333335,0.6666666666666666,0.3333333333333333,0.3333333333333333,498.3333333333333,-25.286388844717294
431,882688,-0.0043264027878952525,2.1956013679504394,5.033546272913615,0.004554588918714823,0.047427378587114315,0.3137426614761353,-0.20078571140766144,1.463616967201233,0.8258463541666666,526.511566898598,1103.4356265408278,186.1990173548329,53.81894336594996,293.7964997710151,4,0.0,0.25,0.0,1.0,0.0,0.0,1.75,0.0,2.75,1.0,0.25,0.0,492.5,-35.917500065406784
432,884736,-0.0022192994598299264,0.926681113243103,5.039620717366536,0.002752566781836071,0.028067443527591725,0.25701492627461753,0.03804798796772957,0.9492185115814209,0.89501953125,526.6709588026756,1106.1540174067995,186.64483696776006,53.935325253951305,293.7964997710151,4,0.0,0.0,0.0,0.75,0.25,0.0,1.0,0.75,2.5,1.25,0.0,0.25,516.0,-25.19500000879634
433,886784,-0.0033052483825789145,1.4172341585159303,5.046244398752848,0.0037704609322753175,0.0364460145162108,0.27323227673768996,0.15284493565559387,1.2247868776321411,0.828125,527.0055499614813,1108.3318942147816,187.06986737068655,54.0548033289524,293.7964997710151,3,0.0,0.3333333333333333,0.0,1.0,0.0,0.0,1.6666666666666667,0.0,3.0,1.3333333333333333,0.0,0.0,385.3333333333333,-30.0
434,888832,-0.0031964938272722064,1.4949931442737578,5.052470048268636,0.0038331780578725254,0.04157830209781726,0.22052121063073477,0.28450247645378113,1.1211739778518677,0.9659830729166666,527.202786401017,1110.9606551008692,187.4768372237013,54.18090471695177,293.7964997710151,4,0.0,0.0,0.0,0.0,1.0,0.0,0.75,2.25,1.5,0.0,0.0,1.0,600.0,-10.407083425438032
435,890880,-0.0020808541487591964,3.090915560722351,5.056995995839437,0.003513344422744788,0.03390240596296887,0.25838105380535126,0.38234856724739075,1.8242545127868652,0.9148763020833334,527.3074236973607,1113.884797197752,187.894169785759,54.296003539951926,293.7964997710151,5,0.0,0.0,0.0,0.6,0.4,0.0,0.4,1.2,2.6,1.4,0.0,0.4,490.0,-21.43033339167014
436,892928,-0.00358250067414095,2.641597104072571,5.065328566233317,0.006957191309332226,0.0411423814871038,0.28076958159605664,-0.2044229805469513,1.5276458263397217,0.8455403645833334,527.5327987485756,1116.3346489416945,188.3674697157985,54.43279277495458,293.7964997710151,4,0.0,0.25,0.0,0.75,0.25,0.0,1.0,0.5,3.0,1.5,0.0,0.25,428.25,-27.48750004824251
437,894976,-0.002981149358674884,0.7572221100330353,5.075472354888916,0.00817112046333932,0.050309864971010636,0.2524380713701248,0.04471958428621292,0.9755612015724182,0.83251953125,527.8290224178573,1118.6220262666538,188.79017585880501,54.57096969295526,293.7964997710151,2,0.0,0.0,0.0,0.0,1.0,0.5,2.0,1.0,2.5,0.0,0.0,1.0,600.0,-21.54375013941899
438,897024,-0.003004388154173891,1.3687498569488525,5.086111386617024,0.003961575327464373,0.046518286154605445,0.2918985644976298,-0.03910316154360771,1.0939571857452393,0.8260091145833334,528.0017139766005,1121.270520134647,189.2496881418192,54.68661280395463,293.7964997710151,5,0.0,0.0,0.0,0.4,0.6,0.0,0.8,1.6,1.2,0.4,0.2,0.6,550.0,-14.930166759807616
439,899072,-0.005609080758100997,1.1576908886432649,5.0907077153523765,0.005060814092943034,0.061408263809668524,0.2853678226470947,-0.11888692528009415,1.0994292497634888,0.8209635416666666,528.2562395554601,1123.6457234256304,189.71145555879775,54.80631681595696,293.7964997710151,3,0.0,0.3333333333333333,0.0,0.6666666666666666,0.3333333333333333,0.0,2.3333333333333335,0.3333333333333333,3.0,0.3333333333333333,0.0,0.3333333333333333,512.0,-28.670277683685224
440,901120,-0.005752914677820324,1.7328166246414185,5.099176836013794,0.005743718105131279,0.07313424045763289,0.2558486503859361,0.12196841835975647,1.245890498161316,0.8473307291666666,528.5254189443167,1125.9982553686714,190.1395842037964,54.93271022896079,293.7964997710151,60,0.0,0.0,0.0,0.6,0.4,0.03333333333333333,1.6,0.5333333333333333,2.716666666666667,0.8166666666666667,nan,0.35,461.93333333333334,nan
441,903168,-0.002890274254605174,2.519066262245178,5.104297399520874,0.0028573854325025312,0.028621376887895168,0.24604743371407192,-0.24963532388210297,1.525860071182251,0.8885091145833334,515.841406231951,1128.6066312386029,190.58536684573482,55.06510193996655,336.38828818801267,6,0.0,0.16666666666666666,0.0,0.5,0.5,0.0,1.3333333333333333,1.0,2.0,0.3333333333333333,0.3333333333333333,0.5,493.1666666666667,-20.009999999776483
442,905216,-0.002866213929761822,2.038400208950043,5.108669185638428,0.003264265516051701,0.02976747709714497,0.27607740213473636,-0.1204855740070343,1.4769299030303955,0.85791015625,516.0142663497638,1131.352882044579,191.00852215073974,55.18743787897256,336.38828818801267,2,0.0,0.0,0.0,1.0,0.0,0.0,1.5,0.0,3.0,1.5,0.0,0.0,494.0,-30.254999998025596
443,907264,-0.0033179013757035137,3.0454976081848146,5.112568060557048,0.003796257140471049,0.039541335780328764,0.30251708229382834,-0.47453635931015015,1.8894203901290894,0.759765625,516.2536629095213,1133.8292470135275,191.4685037036761,55.31183370696817,336.38828818801267,4,0.0,0.25,0.0,0.75,0.25,0.0,1.5,0.5,2.5,1.0,0.0,0.25,460.0,-25.0
444,909312,-0.0022065880766604096,1.6541704416275025,5.119127559661865,0.003354590365494866,0.032418789442939064,0.26264219780762993,0.04651608318090439,1.2676889896392822,0.83349609375,516.4097508381057,1136.6365143075454,191.89256230367027,55.42650640996726,336.38828818801267,4,0.0,0.5,0.0,1.0,0.0,0.0,2.0,0.0,3.0,1.0,0.0,0.0,551.0,-38.017499992623925
445,911360,-0.0021476918288196125,1.1414761781692504,5.128577868143718,0.002422686260743549,0.02282907033028702,0.2335494930545489,0.14262712001800537,1.0199403762817383,0.8917643229166666,516.5459973850291,1139.4795583476298,192.3310369206156,55.549306484972476,336.38828818801267,5,0.0,0.2,0.0,0.8,0.2,0.0,1.4,0.4,2.8,1.0,0.2,0.2,436.4,-28.981000117771327
446,913408,-0.003895916766487062,2.7354106187820433,5.13943042755127,0.00511675166924519,0.060370586812496185,0.30487860838572184,-0.09311026334762573,1.731951117515564,0.8492838541666666,516.726378611955,1142.1378206806403,192.78013077761716,55.70057368397829,336.38828818801267,3,0.0,0.0,0.0,0.3333333333333333,0.6666666666666666,0.0,1.0,1.0,3.0,1.0,0.0,0.6666666666666666,543.3333333333334,-30.274444691526394
447,915456,-0.0027833414690879485,1.7520141005516052,5.141874726613363,0.003916597784214352,0.044952118792571126,0.2777031198143959,0.20177023112773895,1.2648640871047974,0.8466796875,516.9295287380475,1144.742436218672,193.22884342067118,55.81578222997632,336.38828818801267,4,0.0,0.25,0.0,0.5,0.5,0.0,1.25,1.25,2.25,0.25,0.25,0.5,583.0,-23.42500013485551
448,917504,-0.0013373239198699594,1.4485752582550049,5.142625617980957,0.0016015851636479598,0.009522405984656264,0.3152332713206609,0.16604472696781158,1.1852624416351318,0.89892578125,517.1541091718173,1147.2760511567394,193.66954668267135,55.940688821981894,336.38828818801267,4,0.0,0.0,0.0,0.75,0.25,0.0,1.5,0.25,2.5,1.25,0.0,0.25,521.5,-27.514999999664724
449,919552,-0.0037639739874672767,2.2000614643096923,5.14264505704244,0.003946765876753489,0.04085936264988656,0.29677533308664955,0.021310556679964066,1.4496186971664429,0.86572265625,517.3657270678002,1149.8562895756113,194.1034785106458,56.0612834789863,336.38828818801267,4,0.0,0.0,0.0,0.5,0.5,0.0,1.5,1.0,1.5,0.5,0.0,0.5,562.75,-20.865625025704503
450,921600,-0.0035032994574673163,1.8933887600898742,5.149920082092285,0.0036077544906572816,0.0372742434265092,0.2789185563723246,-0.04207225516438484,1.3181449174880981,0.8484700520833334,517.5378641302834,1152.5948261075537,194.50708502559428,56.19198540198704,336.38828818801267,5,0.0,0.0,0.0,0.6,0.4,0.0,1.0,0.6,2.6,1.4,0.0,0.4,523.8,-25.162000039685516
451,923648,-0.002889445573479558,1.669656014442444,5.154129266738892,0.0039387941412618,0.040789832388206076,0.3024806792537371,0.18376067280769348,1.2383732795715332,0.8955078125,517.8033015419531,1155.026019949495,194.90559430763096,56.31777657198836,336.38828818801267,2,0.0,0.0,0.0,1.0,0.0,0.0,1.0,0.0,3.0,2.0,0.0,0.0,410.5,-35.41166679142043
452,925696,-0.004556782504854103,4.053678727149963,5.161616436640421,0.005089964462634988,0.06309534723404794,0.2709403172135353,-0.13270236551761627,2.1042919158935547,0.8321940104166666,518.067998460059,1157.352695317415,195.34656701570202,56.48786825698335,336.38828818801267,5,0.0,0.0,0.0,0.4,0.6,0.0,0.6,1.2,2.4,1.0,0.2,0.6,526.0,-23.410999965388328
453,927744,-0.0035107187247679877,2.0706997156143188,5.169072993596395,0.002901046712511669,0.02960503539458538,0.24294451326131822,-0.04360440373420715,1.4244626760482788,0.7786458333333334,518.3085945198741,1159.82944204643,195.76718772076129,56.613206648988125,336.38828818801267,5,0.0,0.2,0.0,0.6,0.4,0.0,1.4,1.0,2.0,0.4,0.2,0.4,444.2,-20.0
454,929792,-0.0034935832406821038,1.7625902533531188,5.173573891321818,0.004475486758052641,0.04643793620634824,0.30027784605820973,0.07700677961111069,1.4002212285995483,0.7369791666666666,518.5512289465399,1162.3057642563945,196.1843219837756,56.73652959999163,336.38828818801267,4,0.0,0.25,0.0,0.5,0.5,0.0,1.5,0.75,2.5,0.25,0.5,0.5,529.0,-27.243750153575093
455,931840,-0.003169510262281013,1.1706883549690246,5.172300148010254,0.0042334230856723295,0.04291572341074546,0.291922457019488,-0.05894268676638603,1.0863406658172607,0.7802734375,518.7113747279077,1165.0339966483589,196.64070719970186,56.85419078499399,336.38828818801267,4,0.0,0.25,0.0,0.5,0.5,0.0,1.5,0.5,2.25,0.75,0.25,0.5,518.5,-27.6325001004152
456,933888,-0.002130636465153657,1.6267068982124329,5.175626500447591,0.002266334183244171,0.018891400083278616,0.2690258532762527,0.02606724202632904,1.2257475852966309,0.8419596354166666,518.8686218832997,1167.734791366449,197.1121723986289,56.97491740899568,336.38828818801267,6,0.0,0.16666666666666666,0.0,0.8333333333333334,0.16666666666666666,0.0,1.1666666666666667,0.3333333333333333,2.5,1.3333333333333333,0.16666666666666666,0.16666666666666666,439.5,-29.84319451598761
457,935936,-0.004456256900448352,1.7416425585746764,5.185214964548747,0.003938617090810735,0.04310980471006284,0.2858201801776886,0.1914881020784378,1.4117358922958374,0.7854817708333334,519.0865827680041,1170.2442511584013,197.57663404061168,57.099155685995356,336.38828818801267,2,0.0,0.0,0.0,1.0,0.0,0.0,1.5,0.0,3.0,1.5,0.0,0.0,445.0,-32.62999993446283
458,937984,-0.004081782069988549,1.9442013859748841,5.191252597173055,0.004100439020135579,0.04275554719691475,0.26619749118884406,-0.13123014569282532,1.4643166065216064,0.7490234375,519.308706911646,1172.7151906653962,198.0667282705981,57.213891398998385,336.38828818801267,4,0.0,0.0,0.0,0.5,0.5,0.0,1.25,0.75,2.5,1.0,0.0,0.5,541.0,-25.383125044754706
459,940032,-0.0036674633777389926,2.095372211933136,5.192891359329224,0.004338813385789386,0.04894318290365239,0.3055062209566434,-0.41541117429733276,1.486829161643982,0.7415364583333334,519.5229786185727,1175.2127726513136,198.53929174950463,57.337089011998614,336.38828818801267,4,0.0,0.25,0.0,0.5,0.5,0.0,1.25,0.5,2.5,0.75,0.5,0.5,579.25,-46.9406255595386
460,942080,-0.004438167643578102,1.801701045036316,5.198775053024292,0.004655006987797113,0.05152593074987332,0.25087902545928953,0.14102144539356232,1.3239293098449707,0.7762044270833334,519.7854708116707,1177.5900260822455,198.97562690847553,57.45606551299716,336.38828818801267,4,0.0,0.0,0.0,0.5,0.5,0.0,0.75,0.5,2.75,1.5,0.25,0.5,489.75,-37.23416664171964
461,944128,-0.004431312132510357,2.144050991535187,5.212054999669393,0.004820635547923283,0.06029923430954417,0.2728870302438736,0.0845131054520607,1.4161771535873413,0.8492838541666666,520.0463676922885,1179.937185485258,199.4224487395186,57.5872121709981,336.38828818801267,4,0.0,0.0,0.0,0.5,0.5,0.0,0.75,0.75,2.25,0.75,0.75,0.5,526.25,-40.43187535228208
462,946176,-0.003308792323999417,1.3842262983322144,5.220482714970907,0.003789839965080925,0.039515213730434574,0.2769747868180275,0.17129045724868774,1.2431695461273193,0.8876953125,520.2274978048142,1182.5114787462444,199.91325042955577,57.716420121992996,336.38828818801267,4,0.0,0.0,0.0,0.5,0.5,0.0,1.25,1.0,2.0,0.75,0.0,0.5,525.75,-20.136249923030846
463,948224,-0.002986489391575257,1.799612319469452,5.225905815760295,0.0035644589276942066,0.03441201139551898,0.26295538047949474,0.060052040964365005,1.3398395776748657,0.7527669270833334,520.3363961628376,1185.27435449927,200.42114756053343,57.88114104899432,336.38828818801267,6,0.0,0.0,0.0,0.6666666666666666,0.3333333333333333,0.0,0.8333333333333334,0.6666666666666666,2.0,1.1666666666666667,0.3333333333333333,0.3333333333333333,475.0,-27.23180555831641
464,950272,-0.00287462483975105,0.7528731465339661,5.22830441792806,0.003303596776279205,0.031204932555556297,0.23669399072726569,0.4007880985736847,0.7537055015563965,0.9119466145833334,520.3398956557272,1188.4863054253074,200.90906168651418,57.99836557899107,336.38828818801267,2,0.0,0.0,0.0,0.5,0.5,0.0,0.5,0.5,3.0,2.0,0.0,0.5,465.0,-33.09041696134955
465,952320,-0.0034706598613411187,1.5818124413490295,5.229855457941691,0.004023464575606954,0.04758298402496924,0.3022997592886289,0.37360456585884094,1.1984388828277588,0.8580729166666666,520.415575687227,1191.4542662333115,201.39078018845612,58.1204990109909,336.38828818801267,3,0.0,0.0,0.0,0.3333333333333333,0.6666666666666666,0.3333333333333333,1.3333333333333333,0.6666666666666666,2.6666666666666665,1.0,0.0,0.6666666666666666,535.6666666666666,-23.19111106529211
466,954368,-0.0033015968025817224,1.5568617105484008,5.227681732177734,0.003126919231852317,0.02894049116099874,0.23345269511143366,0.06903595477342606,1.1929150819778442,0.9054361979166666,520.5269955491502,1194.3255279632504,201.83664595443406,58.24557922498934,336.38828818801267,4,0.0,0.0,0.0,0.5,0.5,0.0,1.25,1.0,3.0,0.75,0.0,0.5,556.75,-23.57916672108695
467,956416,-0.0034739211022194166,2.835989308357239,5.230051056543986,0.0035007977653914724,0.03299562527099624,0.26152511487404506,-0.2740391492843628,1.5965287685394287,0.7892252604166666,520.6940034759622,1196.9757519532504,202.28545805740578,58.37384401698364,336.38828818801267,6,0.0,0.6666666666666666,0.0,1.0,0.0,0.0,2.6666666666666665,0.0,3.0,0.3333333333333333,0.0,0.0,449.0,-30.014166666350018
468,958464,-0.002071978529572031,1.9365655064582825,5.22529141108195,0.002499340770511556,0.021318887868740907,0.25660914157827697,0.21961720287799835,1.2727851867675781,0.8707682291666666,520.8318355694282,1199.7945281162247,202.69338152835553,58.50274747997901,336.38828818801267,3,0.0,0.3333333333333333,0.0,0.6666666666666666,0.3333333333333333,0.0,2.3333333333333335,0.3333333333333333,1.6666666666666667,0.3333333333333333,0.0,0.3333333333333333,478.6666666666667,-30.316666811704636
469,960512,-0.002716610918287188,1.939783501625061,5.218777402242025,0.003308210644023424,0.03324271651993816,0.28383310784896215,-0.018516678363084793,1.3766194581985474,0.88330078125,520.9419473122256,1202.6281423322434,203.16460236826242,58.63469561897364,336.38828818801267,6,0.0,0.0,0.0,0.5,0.5,0.0,1.1666666666666667,1.0,2.6666666666666665,0.8333333333333334,0.0,0.5,520.5,-21.68055552484778
470,962560,-0.0021436241067325076,1.3595676302909852,5.227347056070964,0.0026804327007945734,0.02450320404022932,0.24778619954983394,0.018282104283571243,1.230458378791809,0.7814127604166666,521.1941638060742,1205.0613036891664,203.5671527672239,58.75481890497758,336.38828818801267,2,0.0,0.0,0.0,0.5,0.5,0.0,2.0,0.5,3.0,0.5,0.0,0.5,532.5,-25.0
471,964608,-0.005526594063849188,1.5545466184616088,5.234237257639567,0.00478507007650959,0.05940310641502341,0.2549103985230128,0.01904928870499134,1.1330628395080566,0.6531575520833334,521.4018205015254,1207.5458927771906,204.0052041891904,58.91983457798051,336.38828818801267,6,0.0,0.16666666666666666,0.0,0.5,0.5,0.0,1.6666666666666667,0.5,2.0,0.5,0.3333333333333333,0.5,571.1666666666666,-28.129583383677527
472,966656,-0.0017892981025700767,1.0060752034187317,5.235326353708903,0.0035241521122330254,0.0335097117543531,0.2624303698539734,0.10897279530763626,1.0337504148483276,0.9169921875,521.4997413777598,1210.4156580252748,204.4802100271918,59.06130171297991,336.38828818801267,1,0.0,0.0,0.0,0.0,1.0,0.0,2.0,1.0,3.0,0.0,0.0,1.0,600.0,-20.343333326280117
473,968704,-0.0046946188434958454,1.827776026725769,5.2364924589792885,0.005274255380445636,0.05903044550213963,0.27700464278459547,0.11955717206001282,1.416742205619812,0.8365885416666666,521.5899141146206,1213.3103812853005,204.951334481113,59.18424138697446,336.38828818801267,3,0.0,0.0,0.0,0.0,1.0,0.0,0.6666666666666666,2.0,3.0,0.3333333333333333,0.0,1.0,600.0,-20.080000133874517
474,970752,-0.0024369749992426176,2.6047554492950438,5.244362338383993,0.004016511048173258,0.040232869299749535,0.23835620681444805,-0.1437002271413803,1.583713412284851,0.9069010416666666,521.6733715269455,1216.2495350072786,205.42030375902687,59.30261187297583,336.38828818801267,5,0.0,0.4,0.0,0.4,0.6,0.0,1.4,1.2,2.8,0.2,0.2,0.6,580.0,-22.931000117771326
475,972800,-0.0027597364426280063,3.007641077041626,5.253967030843099,0.003046040867367298,0.03246956169605255,0.3197263926267624,-0.24117030203342438,1.935344934463501,0.71044921875,521.8853655603423,1218.7295396282789,205.89231615002063,59.42259114697663,336.38828818801267,3,0.0,0.0,0.0,0.6666666666666666,0.3333333333333333,0.0,1.6666666666666667,0.3333333333333333,3.0,1.0,0.0,0.3333333333333333,488.6666666666667,-28.50333326558272
476,974848,-0.004236491792835295,1.5737013220787048,5.258476940790812,0.0038033175891214613,0.04011202673815812,0.258558064699173,0.006154233124107122,1.250486969947815,0.7822265625,522.0984447363974,1221.2651927572442,206.30222810399573,59.546087740971416,336.38828818801267,6,0.0,0.16666666666666666,0.0,0.3333333333333333,0.6666666666666666,0.0,1.1666666666666667,0.6666666666666666,2.8333333333333335,0.6666666666666666,0.5,0.6666666666666666,537.0,-26.372638941354428
477,976896,-0.0030262404199068744,1.557216429710388,5.261842187245687,0.00401288859025127,0.04750682242059459,0.2674102877577146,0.10786744952201843,1.2676494121551514,0.8938802083333334,522.2376690367512,1224.019280967259,206.7415197139926,59.678090164969035,336.38828818801267,1,0.0,1.0,0.0,1.0,0.0,0.0,3.0,0.0,3.0,0.0,0.0,0.0,504.0,-30.0
478,978944,-0.003457140860458215,2.4691561222076417,5.265152581532797,0.005063748130394815,0.05388637651922181,0.28857978880405427,-0.2608928084373474,1.6064517498016357,0.7486979166666666,522.41901668402,1226.5932454633003,207.18391417292878,59.81217072396976,336.38828818801267,7,0.0,0.5714285714285714,0.0,0.5714285714285714,0.42857142857142855,0.0,2.0,0.7142857142857143,2.5714285714285716,0.14285714285714285,0.14285714285714285,0.42857142857142855,525.4285714285714,-25.26940473162436
479,980992,-0.0036808553035371006,2.771878743171692,5.272741047541301,0.004513003475089287,0.048245454016917697,0.2487370322148005,0.03964247182011604,1.6354351043701172,0.9191080729166666,522.6100634602952,1229.0739994842443,207.66500943092979,59.97619144597411,336.38828818801267,2,0.0,0.0,0.0,1.0,0.0,0.0,1.0,0.0,2.5,1.5,0.5,0.0,471.5,-37.20166690926999
480,983040,-0.002379279436233143,2.7425523519515993,5.27951405843099,0.003644551477272273,0.03000330369686708,0.27878255943457286,-0.1507333517074585,1.7735317945480347,0.7469075520833334,522.9148608867056,1231.2380352772307,208.10421012392908,60.10483157698036,336.38828818801267,3,0.0,0.6666666666666666,0.0,0.6666666666666666,0.3333333333333333,0.0,2.0,0.6666666666666666,2.3333333333333335,0.3333333333333333,0.0,0.3333333333333333,527.6666666666666,-23.346666666368645
481,985088,-0.002784188212050746,3.117291736602783,5.290725819269816,0.004277080846077297,0.020439113191484164,0.2406750331322352,0.09242984652519226,1.8008819818496704,0.79150390625,523.1862360073005,1233.5784091212481,208.49221592697722,60.221789500981686,336.38828818801267,5,0.0,0.0,0.0,0.4,0.6,0.0,0.6,1.2,2.0,0.6,0.6,0.6,554.0,-22.779000128526242
482,987136,-0.003258621339045931,1.023405772447586,5.297145366668701,0.003992965341300684,0.04346845894663905,0.2718166639407476,0.4871308207511902,1.0023250579833984,0.7757161458333334,523.5118494222635,1235.6526516291997,208.9303932489711,60.34582515998045,336.38828818801267,2,0.0,0.5,0.0,0.5,0.5,0.0,1.5,0.5,2.0,0.0,1.0,0.5,596.0,-25.0
483,989184,-0.003798764623934403,2.6582937717437742,5.307793490091959,0.004217810058391554,0.04677827269770205,0.24738564391930898,-0.062231648713350296,1.8126881122589111,0.7513020833333334,523.7992044362951,1237.8326854351617,209.3668427810553,60.49952949298313,336.38828818801267,6,0.0,0.0,0.0,0.0,1.0,0.16666666666666666,0.5,1.6666666666666667,1.6666666666666667,0.3333333333333333,0.5,1.0,600.0,-12.11666668454806
484,991232,-0.0025350931488598385,1.2088858604431152,5.316841777165731,0.0023291676106547738,0.021089791770403585,0.21202415227890015,0.22691939771175385,1.0436609983444214,0.8263346354166666,523.9620814724012,1240.5081519601954,209.7972308129465,60.623208017983416,336.38828818801267,3,0.0,0.0,0.0,0.6666666666666666,0.3333333333333333,0.0,0.3333333333333333,1.0,1.3333333333333333,0.0,1.6666666666666667,0.3333333333333333,420.0,-20.0
485,993280,-0.0032995792843090992,2.2477661967277527,5.323858976364136,0.004445533340949564,0.05232104548097898,0.2562132174770037,0.0995369553565979,1.6307686567306519,0.80224609375,524.1337392653102,1243.1370737042234,210.22962965993793,60.75389009698847,336.38828818801267,5,0.0,0.2,0.0,0.4,0.6,0.0,1.0,1.4,2.6,0.2,0.4,0.6,562.0,-22.65083366073668
486,995328,-0.002813336765393615,1.6087197065353394,5.332346884409587,0.0034622402149750544,0.03204111315620442,0.26825056622425714,0.08847305923700333,1.2819442749023438,0.7771809895833334,524.397583052625,1245.4818525782393,210.63536031490366,60.873488245983026,336.38828818801267,1,0.0,0.0,0.0,0.0,1.0,0.0,1.0,1.0,2.0,0.0,1.0,1.0,600.0,-39.05000075697899
487,997376,-0.0033975571976043286,1.8862421751022338,5.341444396972657,0.004590819591456352,0.04327441357308999,0.26816156854232154,0.03330428898334503,1.4075871706008911,0.7508138020833334,524.6420740993555,1247.8589563922214,211.05921830887382,60.99447647598572,336.38828818801267,4,0.0,0.0,0.0,0.0,1.0,0.0,0.5,1.0,2.0,1.0,0.5,1.0,600.0,-21.111249921261333
488,999424,-0.002074137314533194,0.4921023517847061,5.348137601216634,0.0022611030683464596,0.020351062753858666,0.25288560539484023,0.34251511096954346,0.621861457824707,0.9129231770833334,524.7409008773923,1250.730494559226,211.5028890438989,61.122659544984344,336.38828818801267,3,0.0,0.0,0.0,0.0,1.0,0.0,1.3333333333333333,1.6666666666666667,2.3333333333333335,0.0,0.0,1.0,600.0,-13.356666666145125
489,1001472,-0.0030254948748430857,2.921405220031738,5.356719319025675,0.004030255313988429,0.04423827821544061,0.2687344531218211,-0.089182548224926,1.7737340927124023,0.8238932291666666,524.8751261365242,1253.4966597832463,211.93409989684005,61.24204849499074,336.38828818801267,60,0.0,0.0,0.0,0.2,0.8,0.0,0.8833333333333333,1.25,2.7666666666666666,0.8666666666666667,nan,0.7333333333333333,548.5333333333333,nan
490,1003520,-0.0025039560297348846,0.9335397958755494,5.362555440266927,0.004193066002172389,0.048880136494214334,0.2739004482825597,0.11389307677745819,0.9736722111701965,0.85400390625,511.0395353703444,1256.275109101247,212.35362888072996,61.36345745699509,388.6241793620138,3,0.0,0.3333333333333333,0.0,0.3333333333333333,0.6666666666666666,0.0,1.6666666666666667,0.6666666666666666,3.0,0.6666666666666666,0.0,0.6666666666666666,587.6666666666666,-28.237500219916303
491,1005568,-0.004034408135339618,1.9571157932281493,5.368962907791138,0.003652401833077542,0.0359703170058007,0.2637208253145218,-0.32419896125793457,1.5002378225326538,0.75732421875,511.1960692084356,1259.0230697642328,212.7709456657758,61.495968186995015,388.6241793620138,5,0.0,0.0,0.0,0.6,0.4,0.0,1.6,0.4,2.8,0.8,0.2,0.4,501.8,-29.705000112392007
492,1007616,-0.004601100089106088,1.5482340216636659,5.374067735671997,0.004322372578998272,0.046141757140867413,0.2773152247071266,0.17322960495948792,1.2757935523986816,0.72998046875,511.40127773003485,1261.639317696201,213.15718525771808,61.61529169599089,388.6241793620138,3,0.0,0.0,0.0,0.0,1.0,0.0,0.3333333333333333,1.3333333333333333,2.6666666666666665,1.0,0.3333333333333333,1.0,600.0,-21.357500184637804
493,1009664,-0.003907250508200377,1.1815540075302124,5.378565994898478,0.003794852060065081,0.040874529800688224,0.2611427754163742,0.21258896589279175,1.007343053817749,0.87548828125,511.5441713795572,1264.4732579082338,213.56410105370014,61.73099291599647,388.6241793620138,3,0.0,0.0,0.0,0.0,1.0,0.0,0.3333333333333333,1.6666666666666667,2.3333333333333335,0.3333333333333333,0.6666666666666666,1.0,600.0,-29.11583395845567
494,1011712,-0.00167397433736672,0.8668975234031677,5.379241450627645,0.0027113305697590443,0.022174173321885367,0.255923459927241,0.2747630774974823,0.8678739070892334,0.8763020833333334,511.69666394682844,1267.3053058632868,213.9432834516847,61.85448322399316,388.6241793620138,2,0.0,0.0,0.0,0.0,1.0,0.0,0.5,2.0,3.0,0.5,0.0,1.0,600.0,-18.34166676038876
495,1013760,-0.004514364902085314,2.2082759022712706,5.373479096094767,0.00370333291077903,0.04045910118147731,0.2714885597427686,0.5334739685058594,1.4485111236572266,0.8299153645833334,511.87181528681975,1270.0239751753397,214.3285583057368,61.980931043988676,388.6241793620138,4,0.0,0.0,0.0,0.0,1.0,0.0,0.25,1.75,2.5,1.0,0.0,1.0,600.0,-15.450000041164458
496,1015808,-0.002763888967456296,0.8903393745422363,5.371636009216308,0.003667035948739302,0.04045726827656229,0.23810283293326695,-0.14908668398857117,1.0007823705673218,0.8621419270833334,512.0292589682076,1272.7992739823385,214.7250476157642,62.104696263988444,388.6241793620138,4,0.0,0.0,0.0,0.0,1.0,0.0,1.25,1.25,2.5,0.5,0.0,1.0,600.0,-18.3477083487669
497,1017856,-0.0033940910439317425,1.9503549933433533,5.382593743006388,0.003938634110967214,0.04415739907029395,0.2701120475927989,-0.43651315569877625,1.4902549982070923,0.8294270833333334,512.1866899492425,1275.494683622368,215.1815520707314,62.24074465299054,388.6241793620138,3,0.0,0.0,0.0,0.0,1.0,0.0,0.0,1.3333333333333333,2.3333333333333335,1.6666666666666667,0.0,1.0,600.0,-20.682777837850153
498,1019904,-0.0034991815511602907,1.9449384689331055,5.390485239028931,0.004471800257832877,0.04970495781550805,0.2604822129011154,0.14855512976646423,1.287985920906067,0.8736979166666666,512.3280472225883,1278.250345606415,215.6396169747677,62.37142966099054,388.6241793620138,6,0.0,0.0,0.16666666666666666,0.16666666666666666,0.6666666666666666,0.0,0.16666666666666666,1.8333333333333333,2.5,0.8333333333333334,0.16666666666666666,0.6666666666666666,501.8333333333333,-21.875277894704293
499,1021952,-0.0030474413152357252,0.6287494122982025,5.395993693669637,0.0036540239349923233,0.03895555512281135,0.22434312303860982,0.07544051855802536,0.8092086315155029,0.90478515625,512.4706073815574,1281.0241830523519,216.08306929771788,62.49403228698793,388.6241793620138,3,0.0,0.0,0.0,0.0,1.0,0.0,0.3333333333333333,2.0,2.6666666666666665,0.3333333333333333,0.3333333333333333,1.0,600.0,-20.153333645624418
500,1024000,-0.002985600746857623,2.1223525404930115,5.407613960901896,0.004271676484859199,0.048492031544446944,0.2672253211339315,-0.3090379536151886,1.4856270551681519,0.8592122395833334,512.684930387563,1283.5562811353666,216.49451111069357,62.61853502198937,388.6241793620138,4,0.0,0.0,0.0,0.5,0.5,0.0,0.25,1.0,2.5,1.75,0.0,0.5,540.25,-30.603541866876185
501,1026048,-0.0026789259747602044,1.2722845315933227,5.416914176940918,0.013297923203390382,0.022313796833623202,0.26087290048599243,-0.07146236300468445,1.1515264511108398,0.85791015625,512.8812430766686,1286.2128326293023,216.8694454106735,62.73662393898849,388.6241793620138,2,0.0,0.0,0.0,0.5,0.5,0.0,0.0,1.5,2.0,1.5,0.0,0.5,524.5,-22.222916970029473
502,1028096,-0.004699492966756225,2.4708351135253905,5.427079232533773,0.005527535138710634,0.06977729328209534,0.2879068369666735,-0.26084139943122864,1.634889841079712,0.8063151041666666,513.0422115078885,1288.9613394932312,217.27400219468836,62.860726392988,388.6241793620138,4,0.0,0.0,0.0,0.25,0.75,0.0,0.5,1.25,2.25,1.0,0.25,0.75,566.25,-18.54979165853001
503,1030144,-0.00435241760375599,2.267521357536316,5.433180777231852,0.004736113471050061,0.05503996160502235,0.24756432274977366,0.021678311750292778,1.4864654541015625,0.8824869791666666,513.1424931665051,1291.9223230482676,217.69420474764047,62.97898186798557,388.6241793620138,4,0.0,0.0,0.0,0.25,0.75,0.0,0.5,0.75,3.0,1.75,0.0,0.75,580.5,-26.243750103982165
504,1032192,-0.006114282324172867,2.6155977725982664,5.435754060745239,0.004820789408256114,0.05303387751725192,0.30158776392539344,-0.41963669657707214,1.6879173517227173,0.74462890625,513.3592404267996,1294.4493289022575,218.103573582659,63.09413701398444,388.6241793620138,2,0.0,0.0,0.0,0.0,1.0,0.0,1.5,1.5,3.0,0.0,0.0,1.0,600.0,-18.929166685789824
505,1034240,-0.005341728885347645,1.7830660104751588,5.4404071489969885,0.0048939131138674204,0.05836807024121905,0.25646008998155595,-0.08017876744270325,1.3100807666778564,0.7511393229166666,513.6114663192535,1296.796325542171,218.54129881159315,63.21283326298726,388.6241793620138,5,0.0,0.0,0.0,0.2,0.8,0.0,0.4,0.8,2.8,1.6,0.2,0.8,593.0,-25.986833388730883
506,1036288,-0.0036662374784403556,1.1031510412693024,5.444392585754395,0.003910134313665973,0.040172445316178106,0.2687278757492701,0.0861213430762291,1.1581398248672485,0.9039713541666666,513.7666070169612,1299.5116449102352,218.98805406053725,63.33432992498274,388.6241793620138,3,0.0,0.0,0.0,0.0,1.0,0.0,0.0,1.6666666666666667,2.6666666666666665,1.0,0.3333333333333333,1.0,600.0,-26.61000029090792
507,1038336,-0.004398530911809455,1.4004556298255921,5.445313914616903,0.0038771392916227185,0.03990442076077064,0.23457988649606704,0.24686989188194275,1.2183870077133179,0.8790690104166666,513.8622978123186,1302.4216267181619,219.46094202257518,63.46069410798373,388.6241793620138,4,0.0,0.0,0.0,0.0,1.0,0.0,0.25,2.5,2.25,0.0,0.25,1.0,600.0,-10.872291775071062
508,1040384,-0.0024072108169396716,1.3345799922943116,5.449234819412231,0.0032242948092365015,0.027142826921772212,0.2527115687727928,0.20043742656707764,1.0204017162322998,0.8839518229166666,514.0118732770524,1305.145208244161,219.9125281086599,63.58061073998397,388.6241793620138,3,0.0,0.3333333333333333,0.0,0.3333333333333333,0.6666666666666666,0.0,1.6666666666666667,0.6666666666666666,3.0,0.6666666666666666,0.0,0.6666666666666666,583.3333333333334,-33.29666685219854
509,1042432,-0.0030457541909224045,1.79253009557724,5.4584591070810955,0.003425954499834916,0.03582198681154599,0.2605028649171193,-0.01030505821108818,1.451197862625122,0.8499348958333334,514.1696604596948,1307.8150657381848,220.38810111866042,63.70111574598559,388.6241793620138,3,0.0,0.0,0.0,0.0,1.0,0.0,0.3333333333333333,2.0,2.3333333333333335,0.6666666666666666,0.0,1.0,600.0,-17.691111145230632
510,1044480,-0.003003374165079246,1.4249802947044372,5.464452505111694,0.0031820482865500656,0.028871539553316932,0.2623406797647476,0.0276439618319273,1.1902459859848022,0.8365885416666666,514.3264844890294,1310.5140084691957,220.83552871671418,63.82368459398276,388.6241793620138,4,0.0,0.0,0.0,0.0,1.0,0.0,1.0,1.75,2.75,0.0,0.25,1.0,600.0,-21.354375287191942
511,1046528,-0.004210747021716088,1.329614794254303,5.469095357259115,0.004865713626813043,0.05949229495211815,0.27399055411418277,0.10372874140739441,1.14634370803833,0.8133138020833334,514.4526956702131,1313.3693940041776,221.25112910369353,63.94278194198705,388.6241793620138,2,0.0,0.5,0.0,0.5,0.5,0.0,1.5,0.5,2.5,0.5,0.5,0.5,547.5,-32.52166689466685
512,1048576,-0.0026437144183243315,1.7610051512718201,5.4750404516855875,0.004466536069763312,0.047302251076325776,0.2611929987867673,-0.19717755913734436,1.382615327835083,0.8284505208333334,514.5889844596819,1316.1023145311701,221.71246896374942,64.0855545589875,388.6241793620138,5,0.0,0.2,0.0,0.2,0.8,0.0,0.8,1.2,3.0,1.0,0.0,0.8,583.0,-18.477333342283963
513,1050624,-0.003969699644949287,0.7888244688510895,5.480455334981283,0.004557958127705852,0.0489593679124179,0.271077927450339,0.25901761651039124,0.9601649045944214,0.8409830729166666,514.7894779569806,1318.659275413127,222.11644099773548,64.21309353398829,388.6241793620138,3,0.0,0.0,0.0,0.0,1.0,0.0,0.3333333333333333,2.3333333333333335,3.0,0.3333333333333333,0.0,1.0,600.0,-14.576666864566505
514,1052672,-0.0029611019233319285,1.6723858714103699,5.48687957127889,0.005364562858729727,0.032242583464055015,0.24272946218649546,0.3402799367904663,1.132124423980713,0.84375,514.9315659195072,1321.4409300881598,222.52362068068032,64.33816011199087,388.6241793620138,5,0.0,0.2,0.0,0.2,0.8,0.0,0.8,1.2,2.6,0.6,0.4,0.8,596.0,-19.572833310998977
515,1054720,-0.0024792787968181073,0.7172957003116608,5.491500171025594,0.0041594513573556926,0.04194222835358232,0.2824890340367953,0.33406350016593933,0.843180239200592,0.9269205729166666,515.0672923094008,1324.2477174191954,222.9376755346093,64.46104797398584,388.6241793620138,2,0.0,0.0,0.0,0.0,1.0,0.0,0.0,2.0,3.0,1.0,0.0,1.0,600.0,-12.965000044554472
516,1056768,-0.003912257008778397,0.9335834860801697,5.493627738952637,0.004230157696712015,0.04582264411340778,0.26141904791196185,-0.013958767987787724,1.0951560735702515,0.92724609375,515.1733581419984,1327.200978528177,223.32596167672455,64.58440194398281,388.6241793620138,3,0.0,0.0,0.0,0.0,1.0,0.0,0.3333333333333333,1.6666666666666667,1.6666666666666667,1.0,0.0,1.0,600.0,-14.525000020551184
517,1058816,-0.004284996657709901,1.726174783706665,5.494685967763265,0.004778837979010487,0.05212668909613664,0.2786910851796468,-0.233317568898201,1.328134298324585,0.8751627604166666,515.3148639106653,1329.9802004251906,223.7393422596724,64.70438128598471,388.6241793620138,4,0.0,0.0,0.0,0.0,1.0,0.0,0.25,2.0,3.0,0.75,0.0,1.0,600.0,-15.88083342043683
518,1060864,-0.0031618570482047897,1.2229972958564759,5.496483453114828,0.003337259371736915,0.03243031720630825,0.2641751870512962,-0.15556807816028595,1.1746337413787842,0.8310546875,515.4933311367474,1332.57989313922,224.19095881360408,64.82362873898819,388.6241793620138,2,0.0,0.0,0.0,0.0,1.0,0.0,0.0,1.0,3.0,2.0,0.0,1.0,600.0,-34.14500006567687
519,1062912,-0.0036006170130955676,0.7231070339679718,5.50394123395284,0.004481234969231333,0.0495258846009771,0.2594568386673927,0.0827951729297638,0.8926568627357483,0.8473307291666666,515.6486811730105,1335.310970647377,224.59308712754137,64.94802837998577,388.6241793620138,5,0.0,0.0,0.0,0.0,1.0,0.0,0.2,1.8,2.4,0.8,0.2,1.0,600.0,-13.491666697897017
520,1064960,-0.0037211512215435507,0.7784465670585632,5.51103941599528,0.004017038732105741,0.046303388953674585,0.2670732503135999,-0.12096001952886581,0.9429692029953003,0.89404296875,515.7854100949866,1338.0962937164659,225.02567103466572,65.06499224798608,388.6241793620138,3,0.0,0.0,0.0,0.0,1.0,0.0,0.0,1.3333333333333333,2.3333333333333335,1.6666666666666667,0.0,1.0,600.0,-20.44777778365339
521,1067008,-0.002501624131885668,1.3336092948913574,5.508335034052531,0.0035161296330064634,0.03446638823952526,0.28837067385514575,-0.2541634142398834,1.1279743909835815,0.8243815104166666,515.9478339849531,1340.7462228614459,225.44163516862318,65.22074656198674,388.6241793620138,5,0.0,0.0,0.0,0.0,1.0,0.0,1.0,1.4,2.6,0.6,0.0,1.0,600.0,-23.17700015231967
522,1069056,-0.003311526158358902,0.9893160283565521,5.506574948628743,0.003881048855772762,0.04217907478256772,0.2629209195574125,-0.06223926693201065,0.8537118434906006,0.94482421875,516.0456712886718,1343.660435300415,225.89610845560674,65.34079943298275,388.6241793620138,2,0.0,0.0,0.0,0.5,0.5,0.0,0.0,1.0,2.0,2.0,0.0,0.5,586.0,-25.293333411216736
523,1071104,-0.004622043368484204,0.7308051705360412,5.512035846710205,0.004430285177102948,0.04910200549444805,0.29085390269756317,-0.031149856746196747,0.9007013440132141,0.8528645833333334,516.1878530173428,1346.4120540904696,226.33057882759022,65.45883291098289,388.6241793620138,3,0.0,0.0,0.0,0.0,1.0,0.0,0.3333333333333333,1.3333333333333333,3.0,1.3333333333333333,0.0,1.0,600.0,-25.683888941382367
524,1073152,-0.0011021104330817858,2.123623013496399,5.522903649012248,0.0028327995501818155,0.021044793344723683,0.274622726192077,-0.29086366295814514,1.4191778898239136,0.8382161458333334,516.3339506925249,1349.1468177145289,226.76163847051066,65.57542026897863,388.6241793620138,5,0.0,0.0,0.0,0.2,0.8,0.0,0.8,1.4,2.6,0.8,0.0,0.8,577.4,-21.88300016373396
525,1075200,-0.005988634789052109,1.6293821930885315,5.529833253224691,0.0053003163024399665,0.0660738006234169,0.28686359425385793,-0.0827895998954773,1.5116387605667114,0.7029622395833334,516.5283369349536,1351.7487794075496,227.1370482725033,65.70335449597769,388.6241793620138,1,0.0,0.0,0.0,0.0,1.0,0.0,0.0,3.0,3.0,0.0,0.0,1.0,600.0,-9.746666811406612
526,1077248,-0.00206718782040601,1.7101511836051941,5.537371063232422,0.0027143744452970964,0.02826353053872784,0.2770282909274101,-0.13399355113506317,1.0538533926010132,0.7931315104166666,516.6716929460142,1354.5408303796721,227.51949517353933,65.82350386597682,388.6241793620138,6,0.0,0.16666666666666666,0.0,0.3333333333333333,0.6666666666666666,0.0,0.8333333333333334,0.8333333333333334,2.0,0.6666666666666666,0.6666666666666666,0.6666666666666666,550.6666666666666,-21.739166666132707
527,1079296,-0.002530947988755846,0.795070618391037,5.545987526575725,0.004452297093020559,0.048969669236491126,0.2643559987346331,0.10934700816869736,0.9561254382133484,0.9158528645833334,516.8290257138183,1357.2698401156304,227.90743451453454,65.9499467839778,388.6241793620138,2,0.0,0.0,0.0,0.0,1.0,0.0,0.5,2.0,3.0,0.5,0.0,1.0,600.0,-17.660000116564333
528,1081344,-0.003649009178237369,1.3305402398109436,5.554092677434285,0.004126584318469106,0.04550637896560753,0.28680972109238306,-0.06545708328485489,1.20167875289917,0.7900390625,517.0184138096545,1359.832220056669,228.3199060855768,66.07441811898025,388.6241793620138,6,0.0,0.0,0.0,0.0,1.0,0.0,0.16666666666666666,2.0,2.5,0.6666666666666666,0.16666666666666666,1.0,600.0,-17.457500013833243
529,1083392,-0.00268894107430242,0.9164918541908265,5.56540945370992,0.004495615200586152,0.050381706251452364,0.23731570392847062,0.11496587842702866,0.9284727573394775,0.9249674479166666,517.1071007333576,1362.7540525596123,228.79124243759725,66.18658536197472,388.6241793620138,2,0.0,0.0,0.0,0.0,1.0,0.0,0.0,1.0,2.5,1.5,0.5,1.0,600.0,-44.47500057867728
530,1085440,-0.004123751004226506,1.5132664322853089,5.571550051371257,0.003950017671939321,0.043800913515345506,0.287966325879097,-0.09434348344802856,1.3330789804458618,0.7825520833333334,517.4183631321852,1364.8731147766011,229.1847343985355,66.2963663239716,388.6241793620138,2,0.0,0.0,0.0,0.0,1.0,0.0,1.0,2.0,3.0,0.0,0.0,1.0,600.0,-17.558333446271718
531,1087488,-0.004574948502704501,1.9474637508392334,5.5781285762786865,0.006081942469533411,0.07987468995464345,0.26401733607053757,-0.10072506964206696,1.3891178369522095,0.86279296875,517.7009521517737,1367.1129355136145,229.54705652649864,66.41609564596729,388.6241793620138,7,0.0,0.14285714285714285,0.0,0.14285714285714285,0.8571428571428571,0.0,1.0,1.5714285714285714,2.7142857142857144,0.42857142857142855,0.0,0.8571428571428571,546.0,-16.611666688096843
532,1089536,-0.0030984599977576482,0.9628895938396453,5.593647845586141,0.0038405139949690783,0.03823305911694964,0.26005391975243886,0.04265325888991356,0.8500709533691406,0.9108072916666666,517.9714762515822,1369.4113748746604,229.91905356144707,66.52807973197196,388.6241793620138,1,0.0,1.0,0.0,1.0,0.0,0.0,3.0,0.0,3.0,0.0,0.0,0.0,359.0,-30.0
533,1091584,-0.0018011214269790798,1.3741626620292664,5.602489932378133,0.002696365357110153,0.018446988806438944,0.28212334016958873,0.13437195122241974,1.2232255935668945,0.88427734375,518.229785133639,1371.7023058346458,230.32676033741882,66.63762823396974,388.6241793620138,4,0.0,0.0,0.0,0.0,1.0,0.0,0.0,2.25,2.75,0.5,0.25,1.0,600.0,-25.906666975701228
534,1093632,-0.0028100760304369033,0.5399604976177216,5.599968385696411,0.002922139196326749,0.02794672327581793,0.2456572194894155,0.11470065265893936,0.748708188533783,0.9495442708333334,518.4757413699593,1374.0625135706214,230.7118496273397,66.75664305097598,388.6241793620138,4,0.0,0.0,0.0,0.0,1.0,0.0,1.25,1.75,3.0,0.0,0.0,1.0,600.0,-18.27125010744203
535,1095680,-0.003983636184905966,2.386485052108765,5.606321048736572,0.003263894370208694,0.03325721420890962,0.24003595064083735,-0.149592325091362,1.649243950843811,0.90478515625,518.7298392605348,1376.3868680055239,231.10091502933938,66.8745294819746,388.6241793620138,3,0.0,0.0,0.0,0.0,1.0,0.0,0.0,2.6666666666666665,3.0,0.3333333333333333,0.0,1.0,600.0,-15.883333388095101
536,1097728,-0.004644629832667609,1.174838137626648,5.611244742075602,0.005419386100686604,0.057293430296704174,0.2732113083203634,-0.07641509175300598,1.0325140953063965,0.7955729166666666,519.0378898657387,1378.473672615546,231.50702121129143,66.98115898897959,388.6241793620138,5,0.0,0.0,0.0,0.2,0.8,0.0,0.6,1.8,2.8,0.0,0.6,0.8,554.4,-16.97500004582107
537,1099776,-0.003786250234891971,2.8501518964767456,5.62323473294576,0.004234770089570716,0.0487290979285414,0.25898106743892035,-0.09943093359470367,1.3278441429138184,0.83349609375,519.3076812673255,1380.7327086695295,231.8833558642873,67.1059616149796,388.6241793620138,4,0.0,0.5,0.0,0.75,0.25,0.0,2.0,0.5,2.5,0.0,0.5,0.25,502.0,-34.80812538380269
538,1101824,-0.0019869143802983065,1.1948276162147522,5.634032440185547,0.003625733878728236,0.03372842262809475,0.23180454125006994,0.28992894291877747,1.1185369491577148,0.9244791666666666,519.5550268009043,1383.0859378424866,232.27509658825875,67.21472314597486,388.6241793620138,60,0.0,0.0,0.0,0.0,1.0,0.05,1.4666666666666666,0.9833333333333333,2.7,0.5333333333333333,nan,0.5166666666666667,463.1166666666667,nan
539,1103872,-0.0018998745867672066,1.4215258002281188,5.6319014231363935,0.0030141927741943095,0.024952627454573908,0.22890508820613226,0.08839123696088791,1.0165400505065918,0.9659830729166666,511.1653260687634,1385.48872869552,232.74200760423264,67.33758076097729,424.34142403701117,3,0.0,0.6666666666666666,0.0,0.6666666666666666,0.3333333333333333,0.0,2.0,1.0,3.0,0.0,0.0,0.3333333333333333,439.0,-26.22055557370186
540,1105920,-0.0038810054791004705,1.4935279607772827,5.634895833333333,0.0035164015510998087,0.03569901172692577,0.23156136721372605,0.0841924175620079,1.2065235376358032,0.9332682291666666,511.3852024140061,1387.93364636154,233.1704939082556,67.44657930498215,424.34142403701117,4,0.0,0.25,0.0,0.25,0.75,0.0,1.0,2.0,3.0,0.0,0.0,0.75,497.5,-17.43166674580425
541,1107968,-0.0038172436121385544,2.089933383464813,5.636423858006795,0.004900470941265667,0.055691716893731306,0.2539778595169385,0.16986100375652313,1.4999334812164307,0.9111328125,511.6478295212269,1390.24940682757,233.55019279824774,67.5554105519841,424.34142403701117,5,0.0,0.0,0.0,0.0,1.0,0.0,0.6,2.2,3.0,0.2,0.0,1.0,600.0,-14.266333384253084
542,1110016,-0.0046248820416318875,1.688261377811432,5.63711511294047,0.00534395137122677,0.06177897214268645,0.2531846672296524,-0.21273508667945862,1.1850247383117676,0.8776041666666666,511.9392192669381,1392.393414548511,233.97623433225817,67.66371845098911,424.34142403701117,2,0.0,1.0,0.0,1.0,0.0,0.0,3.0,0.0,3.0,0.0,0.0,0.0,516.0,-30.00499999988824
543,1112064,-0.0029160934005631133,1.7041972160339356,5.644280783335367,0.0051696660313155,0.03749412859324366,0.27429475585619606,0.05266733095049858,1.330358624458313,0.8377278645833334,512.2216485703995,1394.5449519695976,234.41937252019125,67.7697207179881,424.34142403701117,6,0.0,0.16666666666666666,0.0,0.16666666666666666,0.8333333333333334,0.16666666666666666,1.0,1.5,2.5,0.5,0.0,0.8333333333333334,581.0,-21.120277794077992
544,1114112,-0.0037017344123645066,1.5623812437057496,5.647669982910156,0.004151490772104202,0.0443353121362937,0.24351415038108826,-0.040709320455789566,1.23379647731781,0.9073893229166666,512.4878546329593,1396.761369132677,234.86101039416826,67.88059819998307,424.34142403701117,3,0.0,0.3333333333333333,0.0,0.3333333333333333,0.6666666666666666,0.0,1.3333333333333333,1.6666666666666667,1.6666666666666667,0.0,0.0,0.6666666666666666,467.6666666666667,-14.1625000241523
545,1116160,-0.003490973419199387,1.9086804509162902,5.652254835764567,0.00428125254388411,0.046326411965613566,0.27059985548257826,-0.3681719899177551,1.3741337060928345,0.82763671875,512.771017140279,1398.9876747616509,235.2351136421421,67.98891480197926,424.34142403701117,4,0.0,0.5,0.0,0.5,0.5,0.0,1.5,1.0,3.0,0.5,0.0,0.5,565.0,-27.34291663696058
546,1118208,-0.004336840325656037,2.301049900054932,5.654383850097656,0.005458542120954853,0.06811741818673908,0.24349097659190497,-0.10953886061906815,1.4388338327407837,0.9070638020833334,513.0087048963373,1401.3748405736624,235.63005739609798,68.1007346729748,424.34142403701117,6,0.0,0.3333333333333333,0.0,0.3333333333333333,0.6666666666666666,0.0,1.0,1.6666666666666667,2.8333333333333335,0.16666666666666666,0.16666666666666666,0.6666666666666666,466.8333333333333,-24.714028040723253
547,1120256,-0.003001715341330661,0.9304811596870423,5.66447393099467,0.0024807249855226163,0.0199244597965541,0.19780232484141985,0.11250318586826324,0.8758251070976257,0.9485677083333334,513.2473242757466,1403.7880174407037,236.00212959107012,68.21184586597519,424.34142403701117,2,0.0,1.0,0.0,1.0,0.0,0.0,3.0,0.0,3.0,0.0,0.0,0.0,291.0,-30.0
548,1122304,-0.0032469909987412394,2.6504692316055296,5.679142586390177,0.0047189927641969834,0.04862428838387132,0.262352088590463,-0.1846168339252472,1.6945295333862305,0.9158528645833334,513.4893758303512,1406.1015343088366,236.43531901409006,68.32794975897559,424.34142403701117,4,0.0,0.25,0.0,0.25,0.75,0.0,0.75,2.25,3.0,0.0,0.0,0.75,487.75,-16.25541675463319
549,1124352,-0.005513054279920955,1.6596629619598389,5.688357575734456,0.007620517366740387,0.07339779185519243,0.2644382695357005,0.031483568251132965,1.3267902135849,0.8028971354166666,513.7592436832216,1408.3037639998074,236.85462055817334,68.44433693497558,424.34142403701117,5,0.0,0.2,0.0,0.2,0.8,0.0,1.0,1.6,3.0,0.4,0.0,0.8,592.6,-25.130666795372964
550,1126400,-0.0008426453491362433,2.3676544666290282,5.6962336222330725,0.003907771881240526,0.03517408276675269,0.28558503836393356,0.12685620784759521,1.5637608766555786,0.8056640625,514.0534683969621,1410.4117186248768,237.26863527618116,68.55209806397761,424.34142403701117,6,0.0,0.5,0.0,0.5,0.5,0.0,1.5,1.1666666666666667,2.8333333333333335,0.16666666666666666,0.16666666666666666,0.5,435.6666666666667,-25.127222373227898
551,1128448,-0.002354893708252348,1.864952552318573,5.7001476605733234,0.0033828211664513217,0.033270913447874285,0.21306756585836412,0.09515837579965591,1.4104502201080322,0.9383138020833334,514.3031960242887,1412.7670710028542,237.64480188617745,68.65739184598351,424.34142403701117,2,0.0,0.0,0.0,0.0,1.0,0.0,0.0,2.5,2.5,0.0,0.5,1.0,600.0,-22.471667187754065
552,1130496,-0.0028306178139852517,1.0098904430866242,5.708652846018473,0.00583064530971266,0.06931237594690173,0.27452461073795953,0.06542081385850906,1.0012853145599365,0.78515625,514.5852135513921,1414.9759061117948,238.01544534415734,68.77163454298716,424.34142403701117,4,0.0,0.5,0.0,0.5,0.5,0.0,2.0,1.0,2.5,0.0,0.0,0.5,463.25,-22.838750033872202
553,1132544,-0.0025816726808746654,1.553928792476654,5.718822383880616,0.0024306529765150725,0.018715566016423206,0.23667029539744058,0.1752946972846985,1.200827717781067,0.9464518229166666,514.7838616082031,1417.4809830367813,238.4233641772371,68.89017775798857,424.34142403701117,5,0.0,0.4,0.0,0.4,0.6,0.0,1.2,1.8,3.0,0.0,0.0,0.6,534.4,-20.090166714601217
554,1134592,-0.0021944969426840543,2.190483200550079,5.721387624740601,0.0035459358924858483,0.031803901322806874,0.23690244952837627,0.17462921142578125,1.4610909223556519,0.8460286458333334,515.0038290537939,1419.841999163822,238.88279445319495,69.00156609598343,424.34142403701117,3,0.0,0.3333333333333333,0.3333333333333333,0.3333333333333333,0.3333333333333333,0.0,1.6666666666666667,1.0,2.0,0.0,0.3333333333333333,0.3333333333333333,327.3333333333333,-20.0
555,1136640,-0.0050929843060051406,0.41849521100521087,5.722675879796346,0.006209012991896638,0.07730222797642151,0.2579034874836604,0.22360365092754364,0.6824629306793213,0.90869140625,515.2035995549082,1422.267843667738,239.3363458581298,69.12001262598642,424.34142403701117,5,0.0,0.0,0.0,0.0,1.0,0.0,0.0,2.8,3.0,0.2,0.0,1.0,600.0,-11.63000013474375
556,1138688,-0.003967117426994567,1.6822600364685059,5.7320470650990805,0.004560450435383246,0.049330549167158705,0.2553895319501559,-0.057530418038368225,1.382980227470398,0.8955078125,515.4326342644333,1424.6275233918277,239.75507680414012,69.24287309098872,424.34142403701117,3,0.0,0.3333333333333333,0.0,0.3333333333333333,0.6666666666666666,0.0,1.0,1.0,2.3333333333333335,0.3333333333333333,0.6666666666666666,0.6666666666666666,525.3333333333334,-23.624166721788544
557,1140736,-0.0033878227074940997,1.498758864402771,5.738441022237142,0.004668257247257183,0.05222904676338658,0.2533127427101135,-0.09317376464605331,1.2111091613769531,0.9449869791666666,515.6160490037105,1427.1374706848292,240.20448301910073,69.36061814399,424.34142403701117,5,0.0,0.2,0.0,0.2,0.8,0.0,1.2,1.6,3.0,0.2,0.0,0.8,519.6,-20.080833368655295
558,1142784,-0.0018163483269745483,3.1947608470916746,5.747095155715942,0.004871538570919635,0.044285492696023235,0.21130236387252807,-0.037809424102306366,1.7130210399627686,0.9599609375,515.8270783354587,1429.6114268138117,240.59059698011697,69.47981179998897,424.34142403701117,3,0.0,0.6666666666666666,0.0,0.6666666666666666,0.3333333333333333,0.0,2.0,1.0,3.0,0.0,0.0,0.3333333333333333,383.6666666666667,-21.80000002682209
559,1144832,-0.003334310829328994,1.2174438118934632,5.753034718831381,0.0041959754731238546,0.04484436843000973,0.2963538718720277,0.20582109689712524,1.1276161670684814,0.86962890625,516.04567501476,1431.9811797757575,241.0416380020688,69.58857414999511,424.34142403701117,3,0.0,0.0,0.0,0.0,1.0,0.0,1.3333333333333333,1.6666666666666667,2.3333333333333335,0.0,0.0,1.0,600.0,-21.02888893832763
560,1146880,-0.0029271293121079602,2.548968291282654,5.751865323384603,0.004324105163201845,0.041282569306592146,0.2467015897234281,0.1584591567516327,1.625360369682312,0.8938802083333334,516.255282412104,1434.3848002978048,241.4826909311014,69.69846738299384,424.34142403701117,5,0.0,0.0,0.0,0.4,0.6,0.0,0.8,1.6,3.0,0.6,0.0,0.6,564.8,-17.095333378762007
561,1148928,-0.0017787005209053556,1.6647539615631104,5.749089002609253,0.0046493317534354855,0.04192378488369286,0.25197758426268896,-0.039520952850580215,1.3338080644607544,0.8404947916666666,516.4938901908937,1436.7155015798198,241.89592927703052,69.8077510909934,424.34142403701117,2,0.0,0.5,0.0,0.5,0.5,0.0,2.0,1.0,3.0,0.0,0.0,0.5,486.5,-20.425000006332994
562,1150976,-0.002716276134015061,2.763692760467529,5.7542970180511475,0.003177732239898834,0.02838577013850833,0.23471844643354417,-0.13147322833538055,1.6210328340530396,0.8800455729166666,516.7125952237359,1439.0451316547405,242.3590627130252,69.92527008998877,424.34142403701117,7,0.0,0.42857142857142855,0.0,0.42857142857142855,0.5714285714285714,0.14285714285714285,1.2857142857142858,1.1428571428571428,2.5714285714285716,0.2857142857142857,0.2857142857142857,0.5714285714285714,504.85714285714283,-23.798214458128705
563,1153024,-0.0030590264417696745,1.2496819972991944,5.761529541015625,0.007526250436300567,0.053558846353553236,0.24368713200092315,0.19902662932872772,0.996600866317749,0.94091796875,516.9189736460298,1441.434743500664,242.83191889504087,70.04305947198736,424.34142403701117,2,0.0,1.0,0.0,1.0,0.0,0.5,3.0,0.0,2.5,0.0,0.0,0.0,476.0,-25.088333336636424
564,1155072,-0.002661030081799254,1.8215219974517822,5.767487160364786,0.004075542160813465,0.0427471810253337,0.2549540196855863,-0.1605401337146759,1.3086329698562622,0.8484700520833334,517.1409316183583,1443.795265892717,243.25918263496715,70.15319072298735,424.34142403701117,6,0.0,0.0,0.0,0.5,0.5,0.0,0.8333333333333334,1.1666666666666667,3.0,1.0,0.0,0.5,556.5,-19.948333356684696
565,1157120,-0.002772092879846847,0.676081246137619,5.770578606923421,0.0040168213708966505,0.04039754464756697,0.23703976720571518,0.13090084493160248,0.7448675036430359,0.85888671875,517.3872574671366,1446.088210418704,243.6697134249771,70.2644114609866,424.34142403701117,2,0.0,0.5,0.0,0.5,0.5,0.0,2.5,0.5,3.0,0.0,0.0,0.5,563.5,-25.141250000335276
566,1159168,-0.002823842875659466,0.5819001823663712,5.7743626435597735,0.08144322306179674,0.045254864093537135,0.21613714521129926,-0.05579706281423569,0.8078564405441284,0.9541015625,517.5958045568956,1448.48295403269,244.1068614410833,70.38059460598015,424.34142403701117,3,0.0,0.0,0.0,0.0,1.0,0.0,0.0,3.0,3.0,0.0,0.0,1.0,600.0,-12.66944448556751
567,1161216,-0.002955211807663242,1.9282471418380738,5.776545826594035,0.00212661577884307,0.019627039887321493,0.24259202281634012,0.15577878057956696,1.492720127105713,0.9000651041666666,517.8302914762763,1450.8145572186768,244.50519544402778,70.49036869697738,424.34142403701117,6,0.0,0.0,0.3333333333333333,0.0,0.6666666666666666,0.0,0.16666666666666666,2.5,1.6666666666666667,0.0,0.3333333333333333,0.6666666666666666,427.1666666666667,-11.162500072969124
568,1163264,-0.0030504524474963546,1.9394882321357727,5.775195614496867,0.0036940872159097657,0.038155849095589174,0.24787808110316595,-0.3001421093940735,1.3952066898345947,0.7698567708333334,518.1333634365091,1452.8520933087057,244.90186741304933,70.59542430297734,424.34142403701117,3,0.0,0.3333333333333333,0.0,0.6666666666666666,0.3333333333333333,0.0,1.6666666666666667,1.0,3.0,0.3333333333333333,0.0,0.3333333333333333,542.0,-24.25388889138897
569,1165312,-0.0034436651583140093,3.036486840248108,5.7851053237915036,0.0030091565170550895,0.02417407592680926,0.2378421927491824,-0.594027578830719,1.7796612977981567,0.6974283854166666,518.4655694453825,1454.8105242837337,245.26070852302655,70.7019691239766,424.34142403701117,6,0.0,0.3333333333333333,0.0,0.3333333333333333,0.6666666666666666,0.0,1.3333333333333333,0.8333333333333334,2.5,0.5,0.3333333333333333,0.6666666666666666,504.8333333333333,-32.46027810196392
570,1167360,-0.002847588201984763,1.9399767994880677,5.792992766698202,0.0037159695773124096,0.04113676918204874,0.2508734161655108,0.04087844491004944,1.4828176498413086,0.8165690104166666,518.7544906318891,1456.9377127846456,245.64345607798168,70.81154760997742,424.34142403701117,1,0.0,0.0,0.0,0.0,1.0,0.0,1.0,1.0,1.0,1.0,0.0,1.0,600.0,-29.305000328924507
571,1169408,-0.0020431558456039055,2.730171275138855,5.802061653137207,0.004435744332052612,0.031310597640307,0.23561918089787165,-0.06927322596311569,1.631911039352417,0.85546875,519.0323197420984,1459.1164622716678,246.00515451805404,70.92378529597772,424.34142403701117,6,0.0,0.16666666666666666,0.0,0.5,0.5,0.0,1.3333333333333333,1.0,2.3333333333333335,0.6666666666666666,0.0,0.5,529.5,-23.592083405315254
572,1171456,-0.00193230831840386,1.4399068236351014,5.812969700495402,0.0022949186761252348,0.016293898034685603,0.24084896147251128,-0.05029584839940071,1.2416260242462158,0.81103515625,519.3161573687372,1461.2276889406203,246.41203748901899,71.02835586497531,424.34142403701117,2,0.0,0.0,0.0,0.5,0.5,0.0,2.0,0.5,2.5,0.5,0.0,0.5,583.0,-28.75249997433275
573,1173504,-0.0027309161804926893,1.4815427780151367,5.820221106211345,0.0038866599460985955,0.03925974235171452,0.22854800273974737,0.08124453574419022,1.3194752931594849,0.7859700520833334,519.5949952466952,1463.3992264766275,246.77787007706502,71.13467193097313,424.34142403701117,4,0.0,0.0,0.0,0.25,0.75,0.0,0.25,1.25,2.0,1.5,0.0,0.75,568.75,-20.157083373283967
574,1175552,-0.004829519186265922,2.0145762085914614,5.827863454818726,0.005386731510469171,0.054147901141550395,0.22951159526904424,-0.08233252912759781,1.4517065286636353,0.7970377604166666,519.835035538714,1465.6576790985782,247.21543025706342,71.23850136997498,424.34142403701117,4,0.0,0.0,0.0,0.25,0.75,0.0,1.25,1.0,2.75,0.5,0.25,0.75,596.25,-20.037500085076317
575,1177600,-0.003888347706136604,1.2487518191337585,5.8342525641123455,0.003895597871936237,0.036554321794149774,0.27757324824730556,-0.08373764902353287,1.085055947303772,0.7677408854166666,520.1608895883998,1467.6372733275784,247.57102458201553,71.34302490797563,424.34142403701117,3,0.0,0.0,0.0,0.6666666666666666,0.3333333333333333,0.0,1.3333333333333333,0.3333333333333333,2.6666666666666665,1.0,0.3333333333333333,0.3333333333333333,597.0,-36.39000022504479
576,1179648,-0.0018838083274507274,1.6456514716148376,5.835388406117757,0.013246856875833164,0.02471620184757436,0.24618712638815243,0.15551908314228058,1.2656053304672241,0.8533528645833334,520.4131409009123,1469.89781852554,247.94963426704635,71.45329935197515,424.34142403701117,5,0.0,0.2,0.2,0.2,0.6,0.0,0.6,1.8,1.8,0.2,0.4,0.6,550.2,-20.46750018633902
577,1181696,-0.003364794570855641,0.7788651883602142,5.835530630747477,0.004759491598002293,0.05787696548892806,0.23819238642851512,0.3522654175758362,0.9238401055335999,0.8958333333333334,520.6480986720404,1472.2232768844842,248.32607476511475,71.57841879397893,424.34142403701117,2,0.0,0.0,0.5,0.0,0.5,0.0,1.0,2.0,1.5,0.0,0.0,0.5,523.0,-10.0
578,1183744,-0.0028008370602037756,1.4284754037857055,5.842183144887288,0.02525494483730224,0.03642408762049551,0.25109697580337526,-0.06995541602373123,1.2500735521316528,0.8894856770833334,520.753682796446,1474.9478486954758,248.84613139513385,71.69375939897873,424.34142403701117,5,0.0,0.0,0.0,0.0,1.0,0.0,0.4,1.6,2.8,0.8,0.2,1.0,600.0,-15.442500051949173
579,1185792,-0.0024926032583607594,2.2910420060157777,5.846614138285319,0.004555962346785236,0.023869141773320734,0.22123269438743592,-0.1577557623386383,1.6564170122146606,0.8269856770833334,520.9990448892006,1477.1651287145069,249.26869251910102,71.809391777977,424.34142403701117,2,0.0,0.0,0.0,0.0,1.0,0.0,0.0,3.0,3.0,0.0,0.0,1.0,600.0,-11.276666834950447
580,1187840,-0.0015742621772612134,0.6894108772277832,5.847020880381266,0.0030252151710915185,0.023394802360174556,0.22887780889868736,0.10612140595912933,0.9153042435646057,0.7618815104166666,521.1891536520898,1479.6561936814542,249.6632576200427,71.9348894879804,424.34142403701117,4,0.0,0.0,0.0,0.25,0.75,0.0,0.0,1.5,1.75,1.25,0.25,0.75,567.25,-23.031875265645795
581,1189888,-0.0028833674577375254,1.3906527519226075,5.843999417622884,0.005146149285913755,0.04270512329724928,0.23351436853408813,0.017637625336647034,1.2582460641860962,0.77783203125,521.3733966762309,1482.1391923384435,250.09402123108157,72.04635079998116,424.34142403701117,4,0.0,0.25,0.0,0.25,0.75,0.0,0.75,1.5,2.25,0.0,0.75,0.75,584.25,-19.202500140061602
582,1191936,-0.004557776893489063,0.7195589303970337,5.8417784690856935,0.004602107803933264,0.047637735470198096,0.2655919661124547,0.3105837106704712,0.7459781169891357,0.7970377604166666,521.5078036592035,1484.7826796335285,250.56780316906224,72.16946035897854,424.34142403701117,3,0.0,0.0,0.0,0.0,1.0,0.3333333333333333,0.3333333333333333,1.3333333333333333,1.6666666666666667,1.0,0.3333333333333333,1.0,600.0,-19.212500145814072
583,1193984,-0.0018888472957769408,0.8389148473739624,5.841416708628336,0.002563952217271037,0.020923400049408278,0.2368493487437566,0.10474911332130432,0.9690022468566895,0.91845703125,521.5962850965207,1487.6926025304492,250.98157352405542,72.2870695769816,424.34142403701117,4,0.0,0.0,0.0,0.0,1.0,0.0,0.5,2.0,2.5,0.0,0.5,1.0,600.0,-13.749166713561863
584,1196032,-0.004320558386583192,1.1520760893821715,5.84547921816508,0.006680664282583789,0.05420217827195302,0.22947354863087335,-0.07775325328111649,1.039319634437561,0.8824869791666666,521.701779351287,1490.4860862565474,251.4339536649859,72.4069659909801,424.34142403701117,3,0.0,0.3333333333333333,0.0,0.3333333333333333,0.6666666666666666,0.0,1.0,1.6666666666666667,3.0,0.3333333333333333,0.0,0.6666666666666666,587.0,-24.685833380091935
585,1198080,-0.0036189298455913863,1.0563183546066284,5.849997838338216,0.003955488361922713,0.03829370728150631,0.2311034287015597,-0.03975953161716461,0.8835963010787964,0.91259765625,521.7590627554683,1493.4789818245263,251.88614933591452,72.52257081498101,424.34142403701117,5,0.0,0.4,0.0,0.6,0.4,0.0,1.4,1.2,2.6,0.4,0.0,0.4,577.4,-26.53116678670049
586,1200128,-0.0043625825278771424,0.6591173112392426,5.850794776280721,0.011150715814437717,0.03888047229653845,0.28756697475910187,0.024129724130034447,0.8319862484931946,0.9620768229166666,521.8136769580819,1496.4383946085072,252.35409690295637,72.67421789497894,424.34142403701117,60,0.0,0.0,0.0,0.0,1.0,0.016666666666666666,1.55,1.1666666666666667,2.9,0.26666666666666666,nan,0.6333333333333333,447.73333333333335,nan
587,1202176,-0.003388111562041255,1.245690017938614,5.849184608459472,0.0038765240960145775,0.043566992114453265,0.2379263997077942,0.040014032274484634,1.0777467489242554,0.9049479166666666,512.3724221559394,1499.4043189384902,252.80714602587977,72.79778491397883,467.05620637501124,5,0.0,0.2,0.0,0.4,0.6,0.0,1.0,1.4,2.6,0.6,0.0,0.6,561.0,-19.23383339205757
588,1204224,-0.0017387695183667044,0.7499464392662049,5.851167949040731,0.003329390570576507,0.02976518392097205,0.2454623947540919,0.0852360650897026,0.880536675453186,0.94775390625,512.4354580953249,1502.4199407864944,253.26505430389807,72.92462030997558,467.05620637501124,3,0.0,0.0,0.0,0.0,1.0,0.0,0.3333333333333333,2.6666666666666665,3.0,0.0,0.0,1.0,600.0,-8.154999972321093
589,1206272,-0.002468679682351649,2.4285167694091796,5.854602909088134,0.003754260611451817,0.039328376556901884,0.2541291549801826,-0.41509124636650085,1.6099355220794678,0.8836263020833334,512.5325467418988,1505.3316993465123,253.6767513778541,73.04799416697642,467.05620637501124,4,0.0,0.0,0.0,0.25,0.75,0.0,0.5,1.75,2.75,0.5,0.25,0.75,566.75,-17.80500008794479
590,1208320,-0.0025671531329862773,1.4066561102867126,5.8612180550893145,0.0052516803897257585,0.044827847473789005,0.24117086033026378,-0.14706134796142578,1.137379765510559,0.8671875,512.6421297027508,1508.2057782945194,254.07195985985163,73.17675108897674,467.05620637501124,4,0.0,0.25,0.0,0.25,0.75,0.0,1.25,1.25,3.0,0.5,0.0,0.75,488.5,-29.332916719140485
591,1210368,-0.003998068805473546,2.203152120113373,5.863824574152629,0.0061716034892015156,0.04848821684330081,0.2831032241384188,-0.21327033638954163,1.5528379678726196,0.8720703125,512.757470245864,1511.0335236545652,254.49091135381605,73.29515739397903,467.05620637501124,4,0.0,0.0,0.0,0.25,0.75,0.0,0.5,1.75,3.0,0.75,0.0,0.75,598.5,-15.995833341032267
592,1212416,-0.0018267466298614939,3.6152047395706175,5.862117592493693,0.013354538451555225,0.021189937911306817,0.2726324324806531,-0.03818647935986519,1.9627934694290161,0.7654622395833334,512.8780283089075,1513.7816088525942,254.9615898707707,73.4153998189795,467.05620637501124,5,0.0,0.2,0.0,0.2,0.8,0.0,1.8,1.2,2.2,0.0,0.0,0.8,532.8,-23.809666688367724
593,1214464,-0.002228700602427125,1.2035445511341094,5.866222906112671,0.006114241645915778,0.060185207954297465,0.25230070650577546,-0.016372762620449066,1.0846270322799683,0.7882486979166666,513.0203079879846,1516.4849690585688,255.37232230171503,73.54328230697865,467.05620637501124,2,0.0,0.5,0.0,1.0,0.0,0.0,2.5,0.0,3.0,0.5,0.0,0.0,535.0,-30.0
594,1216512,-0.003959897921110193,2.9339934825897216,5.868806521097819,0.005026129588926172,0.05467750646639615,0.2754290839036306,-0.2774953842163086,1.8135286569595337,0.7771809895833334,513.1011417143174,1519.4100334474715,255.83726136065525,73.66245385797811,467.05620637501124,5,0.0,0.4,0.0,0.4,0.6,0.0,1.6,1.0,3.0,0.4,0.0,0.6,511.0,-23.11500009521842
595,1218560,-0.004137191722596374,1.2645082831382752,5.868770933151245,0.0039060790532857935,0.044306794068931295,0.23009417553742725,0.09306773543357849,1.1915346384048462,0.8103841145833334,513.204161013785,1522.2304149254778,256.31693955072114,73.77995398097846,467.05620637501124,2,0.0,0.0,0.0,0.0,1.0,0.0,1.0,2.0,3.0,0.0,0.0,1.0,600.0,-18.29333334416151
596,1220608,-0.003108514639704178,2.9512318849563597,5.872953303654989,0.0027881827540511494,0.023358937729305276,0.24162663370370865,-0.17739535868167877,1.8110601902008057,0.8318684895833334,513.3224049347904,1524.9663165635066,256.7804273236543,73.91640475197346,467.05620637501124,4,0.0,0.5,0.0,0.5,0.5,0.0,2.0,0.75,3.0,0.25,0.0,0.5,461.75,-30.6587499929592
597,1222656,-0.00025402518610159557,1.6856502413749694,5.881359354654948,0.00768948903545,0.04164752273354679,0.2700015142560005,0.12732914090156555,1.4806175231933594,0.9020182291666666,513.4187974884718,1527.8124287255123,257.25066772267746,74.0371300859697,467.05620637501124,4,0.0,0.0,0.0,0.0,1.0,0.0,0.5,2.25,2.5,0.25,0.0,1.0,600.0,-12.815416790544987
598,1224704,-0.0033619279973208906,3.260089945793152,5.887422800064087,0.0062532695056385515,0.07802496426738799,0.30710737804571786,-0.47890332341194153,1.7913870811462402,0.8123372395833334,513.5622887054845,1530.4772125136078,257.69185027565254,74.15513806296804,467.05620637501124,4,0.0,0.25,0.0,0.25,0.75,0.0,0.75,1.25,3.0,1.0,0.0,0.75,574.25,-30.767500314628705
599,1226752,-0.0029214369715191424,1.0344189763069154,5.897469822565714,0.0066333192128998535,0.06151449699730923,0.23544666667779288,0.15973076224327087,0.8825491070747375,0.8531901041666666,513.6975735270133,1533.207003838681,258.1134190485027,74.26903066696832,467.05620637501124,4,0.0,0.25,0.0,0.5,0.5,0.0,1.75,0.75,3.0,0.5,0.0,0.5,556.0,-30.828958361642435
600,1228800,-0.0029588202063071853,1.5500609159469605,5.905318641662598,0.004387759812537221,0.050179958355147394,0.2678665558497111,-0.1272837519645691,1.3825050592422485,0.8263346354166666,513.8273589029001,1535.9114522737145,258.56980839954485,74.39309628696356,467.05620637501124,3,0.0,0.0,0.0,0.0,1.0,0.0,0.6666666666666666,1.6666666666666667,2.6666666666666665,0.3333333333333333,0.3333333333333333,1.0,600.0,-13.391666565245638
601,1230848,-0.002372498796709503,2.2666170239448546,5.908890597025553,0.004521690955379161,0.0473214696898746,0.25268710951010387,-0.21693482995033264,1.5483968257904053,0.7884114583333334,513.9378305535363,1538.7097016317712,259.01478408658295,74.51348426596087,467.05620637501124,5,0.0,0.2,0.0,0.2,0.8,0.0,0.8,1.4,3.0,0.8,0.0,0.8,579.8,-27.63300006929785
602,1232896,-0.003902015728332723,1.6324651718139649,5.914252885182699,0.004606914252993495,0.04505599562932427,0.2563436364134153,-0.06132194399833679,1.409799337387085,0.8033854166666666,514.0806807308451,1541.3972887527852,259.44092547054606,74.63269317795493,467.05620637501124,1,0.0,0.0,0.0,0.0,1.0,0.0,0.0,1.0,3.0,2.0,0.0,1.0,600.0,-33.77000028826296
603,1234944,-0.00542707166071826,1.0390876233577728,5.918009614944458,0.00665082185844786,0.056360866606701164,0.2545276681582133,0.10549955815076828,1.1377122402191162,0.7931315104166666,514.2017936105474,1544.1320520146546,259.903815844591,74.74801821295841,467.05620637501124,4,0.0,0.0,0.0,0.0,1.0,0.0,0.25,2.0,2.0,0.25,0.5,1.0,600.0,-13.957500118529424
604,1236992,-0.004409914650022983,2.129198908805847,5.919049644470215,0.016720996881000854,0.05160564932351311,0.26784566392501197,-0.00849333219230175,1.514657974243164,0.8238932291666666,514.3596463966421,1546.658395427672,260.38616729054775,74.88064665596175,467.05620637501124,3,0.0,0.0,0.0,0.0,1.0,0.0,0.6666666666666666,1.6666666666666667,3.0,0.6666666666666666,0.0,1.0,600.0,-27.71916701893012
605,1239040,-0.002257930176953475,1.9958373069763184,5.923170979817709,0.008639810319550634,0.06226820153727507,0.27500977863868076,-0.23273950815200806,1.5532633066177368,0.7190755208333334,514.5496831822588,1549.074928086753,260.832701884523,75.00725883295672,467.05620637501124,4,0.0,0.0,0.0,0.0,1.0,0.0,1.0,1.25,2.0,0.75,0.0,1.0,600.0,-27.779583536321297
606,1241088,-0.0024592502353092036,0.8804843962192536,5.930731519063314,0.0032167110536344503,0.027462977011843272,0.25860051810741425,0.25764524936676025,0.965899646282196,0.86669921875,514.697569129054,1551.7382013998067,261.2351388904717,75.13901140695089,467.05620637501124,4,0.0,0.0,0.0,0.0,1.0,0.0,0.0,1.75,2.25,1.0,0.25,1.0,600.0,-19.748125213431194
607,1243136,-0.0031687372907375296,2.249668633937836,5.92964604695638,0.00575321271253415,0.04546027509883667,0.2795168360074361,-0.18021827936172485,1.556153655052185,0.8347981770833334,514.8357896545323,1554.3878617888186,261.6997644574076,75.26090035795642,467.05620637501124,3,0.0,0.0,0.0,0.0,1.0,0.0,0.0,1.6666666666666667,2.6666666666666665,1.0,0.3333333333333333,1.0,600.0,-30.05416694190353
608,1245184,-0.0006361767669053127,1.4276228547096252,5.930916293462118,0.004718440919047376,0.048266460346834114,0.25919416348139446,0.17254897952079773,1.1798598766326904,0.8619791666666666,514.9350918505967,1557.2487719827404,262.12180701535544,75.39132522996078,467.05620637501124,5,0.0,0.0,0.0,0.0,1.0,0.0,0.2,1.8,2.6,1.0,0.0,1.0,600.0,-21.586833421885967
609,1247232,-0.004776572382373463,1.7775868892669677,5.936843808492025,0.005266990416324309,0.05899120979787161,0.24275861581166586,-0.08045972138643265,1.489385962486267,0.8214518229166666,515.0484219926484,1560.0427315287234,262.55326794530265,75.52124185496359,467.05620637501124,1,0.0,0.0,0.0,0.0,1.0,0.0,0.0,2.0,3.0,1.0,0.0,1.0,600.0,-10.0
610,1249280,-0.0028377709017756085,1.0811599135398864,5.94087553024292,0.004395208041925495,0.049266517038146655,0.2701301465431849,0.09464743733406067,1.1070301532745361,0.8653971354166666,515.1367150489654,1562.9226524006517,263.0053176243673,75.64862708996225,467.05620637501124,4,0.0,0.0,0.0,0.0,1.0,0.0,0.5,1.75,3.0,0.75,0.0,1.0,600.0,-22.311875073239207
611,1251328,-0.004262745101004839,0.8489748477935791,5.945974667867024,0.0047955708937666465,0.05251176166348159,0.21776272480686507,-0.044367365539073944,0.9371344447135925,0.9532877604166666,515.219125559421,1565.8481694555667,263.4460883443171,75.7718576739644,467.05620637501124,3,0.0,0.0,0.0,0.0,1.0,0.0,0.3333333333333333,1.6666666666666667,2.6666666666666665,0.6666666666666666,0.3333333333333333,1.0,600.0,-24.51500030855338
612,1253376,-0.002484796835051384,0.822463595867157,5.954150915145874,0.004122645398043309,0.03386776713499178,0.2727330888311068,0.3506157100200653,0.9146866202354431,0.9541015625,515.2908386349244,1568.8401288535533,263.86711884530087,75.89611425096518,467.05620637501124,4,0.0,0.0,0.0,0.0,1.0,0.0,0.0,2.25,3.0,0.75,0.0,1.0,600.0,-22.17145866039209
613,1255424,-0.002098971834251036,0.7132940322160721,5.958519347508749,0.004831575128870706,0.025976525573059916,0.23381392657756805,0.33763208985328674,0.7765253186225891,0.9684244791666666,515.3541026638507,1571.8468721256068,264.3136151223298,76.01549821996741,467.05620637501124,4,0.0,0.0,0.0,0.0,1.0,0.0,0.5,2.5,2.5,0.0,0.0,1.0,600.0,-6.930625026347116
614,1257472,0.006124448863556608,0.8641806006431579,5.961312119166056,0.007163398144257371,0.05468168359560271,0.32562639713287356,0.0561542771756649,0.9237400889396667,0.9597981770833334,515.4346375922712,1574.7611018606767,264.76447429839027,76.14257580996491,467.05620637501124,4,0.0,0.25,0.0,0.25,0.75,0.0,1.25,1.5,3.0,0.25,0.0,0.75,554.0,-21.51000008219853
615,1259520,-0.003394041070714593,0.46416533589363096,5.962846962610881,0.0037989020832659057,0.037858072916666666,0.2389532039562861,0.4069454073905945,0.6902135610580444,1.0,515.5053999277203,1577.7455365046335,265.18360314741585,76.26975039696117,467.05620637501124,4,0.0,0.0,0.0,0.0,1.0,0.0,0.0,3.0,3.0,0.0,0.0,1.0,600.0,-7.372916741296649
616,1261568,-0.003230649430770427,1.4985992789268494,5.959995253880819,0.014826209142756851,0.06971928115623692,0.23286324640115103,0.08835840970277786,1.2881317138671875,0.9033203125,515.6067989358946,1580.5803551635909,265.6219292343594,76.39051902296342,467.05620637501124,1,0.0,0.0,0.0,0.0,1.0,0.0,0.0,3.0,3.0,0.0,0.0,1.0,600.0,0.0
617,1263616,-0.002635565605790665,1.3075565576553345,5.964117097854614,0.007500528768772104,0.048032054774618395,0.23695266246795654,-0.06862281262874603,0.9998902082443237,0.9441731770833334,515.689008629676,1583.4844049856401,266.0741413713695,76.50741950096563,467.05620637501124,4,0.0,0.25,0.0,0.25,0.75,0.0,1.0,1.25,3.0,0.75,0.0,0.75,585.75,-19.09499997459352
618,1265664,-0.002409328989839802,0.8695011377334595,5.970572551091512,0.00364110201380754,0.036144534188012285,0.2294077436129252,-0.08299635350704193,1.0252628326416016,0.9518229166666666,515.777375528049,1586.3687694506734,266.52509910838853,76.62936108796566,467.05620637501124,3,0.0,0.0,0.0,0.0,1.0,0.0,0.0,2.3333333333333335,3.0,0.6666666666666666,0.0,1.0,600.0,-6.741666669646899
619,1267712,-0.0037638799500806877,0.680455493927002,5.982188828786215,0.005807563775791399,0.04153176028824722,0.24987690051396688,0.2006980925798416,0.8305650949478149,0.9412434895833334,515.8704463322135,1589.1882779566658,266.993749992369,76.758468504966,467.05620637501124,6,0.0,0.0,0.16666666666666666,0.0,0.8333333333333334,0.0,0.3333333333333333,2.1666666666666665,2.1666666666666665,0.5,0.0,0.8333333333333334,557.8333333333334,-12.253888928641876
620,1269760,-0.0025832971872053654,0.9138013005256653,5.987362925211588,0.0049283080608195935,0.02792423376813531,0.2374670868118604,-0.09743402153253555,1.0009329319000244,0.95947265625,515.9633635557,1592.0778107526858,267.41677766638895,76.87959339796362,467.05620637501124,2,0.0,0.0,0.0,0.0,1.0,0.0,0.5,1.5,3.0,1.0,0.0,1.0,600.0,-23.695833464618772
621,1271808,-0.0023919033798544356,0.7376985728740693,5.984421491622925,0.004668677603573693,0.033034051993551354,0.24393057227134704,0.07693586498498917,0.7838149666786194,0.9580078125,516.0367020169638,1595.062005572705,267.8283264223355,77.00200619396492,467.05620637501124,5,0.0,0.2,0.0,0.2,0.8,0.0,0.6,2.2,2.6,0.2,0.0,0.8,590.2,-14.452000036090613
622,1273856,-0.003292023033524553,1.1157672822475433,5.981868600845337,0.0054668710002412505,0.05337802798797687,0.23062674254179,0.0014490290777757764,1.0595623254776,0.95166015625,516.1384725961782,1597.9067940606838,268.24204820427985,77.13433863595856,467.05620637501124,3,0.0,0.0,0.0,0.0,1.0,0.3333333333333333,0.3333333333333333,2.0,2.6666666666666665,0.6666666666666666,0.0,1.0,600.0,-18.42944462162753
623,1275904,-0.004537357343360781,1.0526678264141083,5.9809807141621905,0.005090393132316725,0.06015821389543514,0.28740430623292923,-0.2838335633277893,1.1220173835754395,0.8388671875,516.2643139687364,1600.604062573635,268.6885490142886,77.25776900596247,467.05620637501124,2,0.0,0.0,0.0,0.0,1.0,0.0,0.0,1.5,2.0,1.5,0.0,1.0,600.0,-21.2562502049841
624,1277952,-0.0023177983976590136,1.8903720498085022,5.983546861012777,0.004160688576181807,0.04379167518345639,0.2574368049701055,-0.1887710988521576,1.5093817710876465,0.8673502604166666,516.3673387971619,1603.4283961816764,269.11518289334344,77.38167712496215,467.05620637501124,4,0.0,0.0,0.0,0.0,1.0,0.0,0.5,1.75,3.0,0.75,0.0,1.0,600.0,-14.166666695848107
625,1280000,-0.004009949827256302,1.4466588377952576,5.982135502497355,0.006955443190554434,0.07288732475135476,0.26747852166493735,0.11022895574569702,1.1895636320114136,0.8518880208333334,516.4964721744441,1606.0616303826755,269.56994287229463,77.53845404996537,467.05620637501124,3,0.0,0.0,0.0,0.3333333333333333,0.6666666666666666,0.0,0.3333333333333333,1.3333333333333333,2.3333333333333335,0.6666666666666666,0.6666666666666666,0.6666666666666666,495.0,-18.808333364936214
626,1282048,-0.003019275490078144,1.184807014465332,5.986510817209879,0.004655080735810202,0.04875248141664391,0.24021868010361988,-0.01048152707517147,1.154974341392517,0.8460286458333334,516.6462364715477,1608.652166619715,269.99758496128925,77.6652283249714,467.05620637501124,5,0.0,0.0,0.0,0.0,1.0,0.0,0.8,1.8,2.8,0.2,0.2,1.0,600.0,-12.12433333452791
627,1284096,-0.004072436330413136,0.9879965662956238,5.990164120992024,0.00402838976727935,0.046676359345049906,0.24068072984615962,0.029639527201652527,1.0405950546264648,0.9197591145833334,516.7603336705114,1611.4092271937625,270.42604579431645,77.79507223796827,467.05620637501124,3,0.0,0.0,0.0,0.0,1.0,0.0,0.0,2.0,2.3333333333333335,1.0,0.0,1.0,600.0,-11.5500000230968
628,1286144,0.00024042060831561685,1.354268205165863,5.9925597985585535,0.009676504258338051,0.028021994105074555,0.2754020949204763,0.008987504057586193,1.1652032136917114,0.8761393229166666,516.8890560628034,1614.0849781707948,270.86420295633434,77.92496016596851,467.05620637501124,4,0.0,0.0,0.0,0.25,0.75,0.0,1.25,1.25,2.75,0.25,0.25,0.75,598.25,-17.977083338657394
629,1288192,-0.002208539099956397,0.829518723487854,5.991689125696818,0.03634662341986162,0.03376769471603135,0.2371113990743955,0.09912926703691483,0.9662714004516602,0.91357421875,517.0252162876308,1616.7295388048078,271.2984591252316,78.0512940579647,467.05620637501124,3,0.0,0.0,0.0,0.0,1.0,0.0,0.0,2.0,2.3333333333333335,1.0,0.0,1.0,600.0,-15.010833473100016
630,1290240,-0.0043359505129046735,1.13327197432518,5.990145190556844,0.016326014643224578,0.062264957061658306,0.25012981047232946,-0.1670282632112503,1.127382516860962,0.900390625,517.1803446571826,1619.3372825298866,271.6862542361923,78.18005233096483,467.05620637501124,3,0.0,0.0,0.0,0.0,1.0,0.0,0.3333333333333333,2.3333333333333335,1.6666666666666667,0.3333333333333333,0.0,1.0,600.0,-9.136110976804048
631,1292288,-0.0007419768953695893,0.7628944635391235,5.988386408487956,0.01591646280309457,0.05723543660327171,0.2640322441856066,0.14218200743198395,0.9216203689575195,0.9322916666666666,517.2867224624217,1622.1740374598812,272.08664578214666,78.30248767796002,467.05620637501124,3,0.0,0.0,0.0,0.0,1.0,0.0,0.0,2.3333333333333335,2.3333333333333335,0.6666666666666666,0.0,1.0,600.0,-13.35222240909934
632,1294336,-0.002928137379543235,1.3088098049163819,5.985484552383423,0.016549841201954033,0.045790710804673534,0.2503031427661578,-0.22720088064670563,1.1920889616012573,0.8932291666666666,517.3625200757327,1625.0885933338795,272.53137327222066,78.43956202796107,467.05620637501124,3,0.0,0.0,0.0,0.0,1.0,0.0,0.3333333333333333,1.6666666666666667,2.6666666666666665,0.6666666666666666,0.3333333333333333,1.0,600.0,-14.258333343391618
633,1296384,-0.0027691388090412754,1.6077104210853577,5.98678617477417,0.0038936296401213136,0.04229490210612615,0.25758917778730395,0.027290651574730873,1.3504002094268799,0.8873697916666666,517.4712615758926,1627.88307104689,272.9474400892432,78.55754431796231,467.05620637501124,4,0.0,0.0,0.0,0.0,1.0,0.0,0.0,2.5,3.0,0.5,0.0,1.0,600.0,-5.750000029802322
634,1298432,-0.0025021133148887503,0.8791794896125793,5.98957789738973,0.011053280626704994,0.03853408247232437,0.27003337840239205,0.05202886834740639,1.026079773902893,0.8629557291666666,517.5830516375232,1630.5457425888962,273.4218010123004,78.71376898296148,467.05620637501124,4,0.0,0.0,0.0,0.0,1.0,0.0,0.25,2.0,2.75,0.5,0.25,1.0,600.0,-13.884166782023385
635,1300480,-0.004587181680835784,0.3679905951023102,5.987322648366292,0.018470500603628655,0.06544966103586679,0.24379122058550518,0.031217731535434723,0.6608491539955139,0.8688151041666666,517.7981997353005,1632.787456053913,273.84681220629864,78.83672883695544,467.05620637501124,60,0.016666666666666666,0.0,0.0,0.0,1.0,0.18333333333333332,0.26666666666666666,1.2333333333333334,2.6166666666666667,1.4333333333333333,nan,0.8333333333333334,584.9666666666667,nan
636,1302528,0.0026301796994327256,0.6310793668031692,5.988184960683187,0.028626402889494786,0.0324311533709988,0.23991930882136028,-0.09864800423383713,0.8324790000915527,0.9241536458333334,507.01020811637636,1635.2622876038513,274.3567551842789,78.97632731295744,521.2830280170165,4,0.0,0.0,0.0,0.0,1.0,0.0,0.25,2.25,2.0,0.0,0.5,1.0,600.0,-12.42604185140226
637,1304576,-0.00228463425883092,1.8285335063934327,5.991028865178426,0.003719939149838562,0.026245789229869844,0.22712432692448298,-0.2345508635044098,1.4060249328613281,0.8341471354166666,507.16330064954093,1637.7726801688987,274.85774217222934,79.11836714296078,521.2830280170165,4,0.0,0.0,0.25,0.0,0.75,0.0,0.5,2.0,1.75,0.25,0.25,0.75,466.25,-15.15000019967556
638,1306624,-0.0023281612889453148,0.832551795244217,5.998698298136393,0.0044343146487941945,0.04052155127283186,0.22418254589041073,-0.07596825808286667,0.9351494312286377,0.8772786458333334,507.34567981115094,1640.1049547118673,275.38381757517345,79.26103439296276,521.2830280170165,3,0.0,0.0,0.0,0.0,1.0,0.0,0.0,2.3333333333333335,1.6666666666666667,0.6666666666666666,0.0,1.0,600.0,-8.39333335403353
639,1308672,-0.0030601065101412434,1.124037766456604,6.008669503529867,0.004482537000512821,0.039444335255150995,0.23802600453297298,-0.15485312044620514,1.141060471534729,0.8497721354166666,507.48270226919624,1642.7285337609137,275.8588622821262,79.39997573796427,521.2830280170165,3,0.0,0.0,0.0,0.0,1.0,0.0,0.0,2.3333333333333335,1.6666666666666667,0.0,0.6666666666666666,1.0,600.0,-9.583333376795053
640,1310720,-0.003705096912259857,1.4954779267311096,6.0202338377634685,0.004905249976339595,0.053517872339580205,0.24256330281496047,-0.04840132221579552,1.2400546073913574,0.8147786458333334,507.6198658795015,1645.3243323529532,276.3641362341732,79.52942283796438,521.2830280170165,4,0.0,0.0,0.0,0.0,1.0,0.0,0.5,2.0,2.25,0.25,0.25,1.0,600.0,-16.89979188190773
641,1312768,-0.003600633684254717,1.802259373664856,6.02995335261027,0.0035247724641521926,0.03827041396483158,0.24213185906410217,-0.14942248165607452,1.415008306503296,0.7908528645833334,507.76194432200805,1647.8866613079517,276.87226423519314,79.6669083579618,521.2830280170165,4,0.0,0.0,0.0,0.0,1.0,0.0,0.0,1.75,2.75,1.0,0.25,1.0,600.0,-16.828958419617265
642,1314816,-0.003297022466237346,0.4508552193641663,6.04186011950175,0.0037750515063502614,0.03669101788739984,0.2245331031580766,0.2418922781944275,0.5862600207328796,0.79345703125,507.91817332846654,1650.4822404159786,277.2892237422129,79.79552739896462,521.2830280170165,3,0.0,0.0,0.0,0.0,1.0,0.0,0.3333333333333333,1.6666666666666667,2.6666666666666665,0.6666666666666666,0.3333333333333333,1.0,600.0,-13.333333333333334
643,1316864,-0.003023726927737395,0.5712572336196899,6.04512456258138,0.008574667913914405,0.020481161773204803,0.22719188431898754,0.10417433083057404,0.8014346361160278,0.8702799479166666,508.0443298073039,1653.1993555148802,277.7415433792121,79.91878566796368,521.2830280170165,3,0.0,0.0,0.0,0.0,1.0,0.0,0.6666666666666666,1.6666666666666667,2.6666666666666665,0.3333333333333333,0.3333333333333333,1.0,600.0,-16.720833461886894
644,1318912,-0.001984140113927424,1.097170341014862,6.047333033879598,0.00561696601124216,0.03544478228238101,0.26052314539750415,-0.10404249280691147,1.1076947450637817,0.9129231770833334,508.1329090714707,1656.1197853219492,278.1762171652663,80.04022178696323,521.2830280170165,4,0.0,0.0,0.0,0.0,1.0,0.0,0.0,2.5,3.0,0.5,0.0,1.0,600.0,-9.16958339116536
645,1320960,-0.00323205672223897,0.9650264501571655,6.052647765477499,0.10848126322186241,0.060248884888521086,0.22398904090126356,0.03986668959259987,1.0134093761444092,0.8885091145833334,508.26153616165413,1658.8899495730147,278.56581243115943,80.16514010696119,521.2830280170165,3,0.0,0.0,0.0,0.0,1.0,0.0,0.6666666666666666,1.3333333333333333,3.0,1.0,0.0,1.0,600.0,-26.473889027101297
646,1323008,-0.003174655083178853,1.5444703221321106,6.0609679063161215,0.017048743904645867,0.03179807614069432,0.2410517414410909,-0.1545657366514206,1.3124301433563232,0.8585611979166666,508.4433944856472,1661.3934602140362,278.9499809490735,80.28807686096116,521.2830280170165,3,0.0,0.0,0.0,0.0,1.0,0.0,0.3333333333333333,1.6666666666666667,3.0,1.0,0.0,1.0,600.0,-16.59027782563741
647,1325056,-0.0026565989207786816,1.1884475469589233,6.0628456751505535,0.5042637807161857,0.04852725016341234,0.2500958939393361,-0.05573549121618271,1.1240421533584595,0.8277994791666666,508.62778917301847,1663.8193487100652,279.3866615581064,80.4045866509623,521.2830280170165,4,0.0,0.0,0.0,0.0,1.0,0.0,0.0,1.75,2.25,1.0,0.25,1.0,600.0,-13.964791676495224
648,1327104,-0.0023968324220428865,1.984650468826294,6.067265303929647,0.007295615222149839,0.042894109117332845,0.24501381715138754,-0.009185940958559513,1.504982829093933,0.8307291666666666,508.76942202143033,1666.465140669061,279.8139483530831,80.53327833296498,521.2830280170165,4,0.0,0.0,0.0,0.0,1.0,0.0,0.0,1.5,2.25,1.25,0.25,1.0,600.0,-17.03187507367693
649,1329152,-0.0047088660940062255,1.6804174780845642,6.0680408159891766,0.007860489303129724,0.046790267402927084,0.2492123280962308,-0.18537485599517822,1.3991464376449585,0.7682291666666666,508.9292773885128,1669.0696452040938,280.20178148800187,80.64925499796664,521.2830280170165,3,0.0,0.0,0.0,0.0,1.0,0.0,0.0,1.6666666666666667,2.3333333333333335,1.3333333333333333,0.0,1.0,600.0,-14.208333368102709
650,1331200,-0.002865966671379283,1.3730609178543092,6.072428607940674,0.006309306667632578,0.03665887198100488,0.21408292998870213,-0.031412310898303986,1.0468366146087646,0.84375,509.08080824974263,1671.7077297131327,280.5975324480314,80.76864293396648,521.2830280170165,3,0.0,0.0,0.0,0.3333333333333333,0.6666666666666666,0.0,1.0,1.0,2.3333333333333335,0.3333333333333333,0.6666666666666666,0.6666666666666666,570.0,-20.067499998491257
651,1333248,-0.00015371441065023343,1.3080816268920898,6.079662402470906,0.0060029360591821995,0.038837863807566465,0.2523270110289256,0.049618735909461975,1.2323665618896484,0.78857421875,509.23828936753335,1674.3154368660398,280.989200445998,80.88849640196713,521.2830280170165,4,0.0,0.0,0.0,0.0,1.0,0.0,0.0,1.75,2.0,1.25,0.0,1.0,600.0,-12.5
652,1335296,-0.003148462351722022,1.5363433957099915,6.089555788040161,0.004638810714323445,0.04574275451401869,0.2187559554974238,0.0794331505894661,1.223772644996643,0.8621419270833334,509.3126038320433,1677.2984785919762,281.4233973310038,81.00986916896363,521.2830280170165,3,0.0,0.0,0.0,0.3333333333333333,0.6666666666666666,0.0,0.3333333333333333,1.3333333333333333,2.3333333333333335,1.3333333333333333,0.0,0.6666666666666666,592.6666666666666,-16.666666666666668
653,1337344,-0.003703614044449447,1.2595758080482482,6.099981562296549,0.004290597717973317,0.047012445738073436,0.23063333158691723,-0.0005871111061424017,1.230956792831421,0.85400390625,509.3878561237558,1680.2729210320467,281.85502509004436,81.13935018696066,521.2830280170165,3,0.0,0.0,0.0,0.0,1.0,0.0,0.0,2.0,3.0,1.0,0.0,1.0,600.0,-10.0
654,1339392,-0.0037787422644517694,0.8053719341754914,6.105662202835083,0.004955102967853975,0.025848362016646812,0.24387729416290918,0.053104955703020096,0.9760894775390625,0.82470703125,509.47230406116404,1683.183139632085,282.29906539705553,81.26573093296611,521.2830280170165,4,0.0,0.0,0.0,0.0,1.0,0.0,0.25,1.5,2.75,1.0,0.25,1.0,600.0,-18.52666671643965
655,1341440,-0.002395246806554496,0.9289652287960053,6.107145325342814,0.003554888070644324,0.03721635442537566,0.23025221278270086,-0.09680374711751938,0.9504721164703369,0.8987630208333334,509.57767190809824,1686.0076615490616,282.7306176670754,81.38367109096725,521.2830280170165,4,0.0,0.0,0.0,0.0,1.0,0.0,0.25,1.5,2.5,0.75,0.5,1.0,600.0,-22.098125169752166
656,1343488,-0.0020981000270694494,0.8067894876003265,6.1090525468190515,0.005295750837346228,0.03078275554580614,0.2541893849770228,-0.05463505536317825,0.9327343702316284,0.8810221354166666,509.6425918309204,1688.994871262992,283.19186578808876,81.51055487096892,521.2830280170165,3,0.0,0.0,0.0,0.0,1.0,0.0,0.0,1.6666666666666667,3.0,1.3333333333333333,0.0,1.0,600.0,-25.946944415569305
657,1345536,-0.003022839780896902,1.0439520299434661,6.107632700602213,0.015204126591076299,0.06441092943617453,0.23752143184343974,-0.15050546824932098,1.0447946786880493,0.9386393229166666,509.6996802464576,1692.0371343789957,283.64797943513986,81.62583671796892,521.2830280170165,3,0.0,0.0,0.0,0.0,1.0,0.0,0.3333333333333333,1.6666666666666667,3.0,1.0,0.0,1.0,600.0,-21.831944277199607
658,1347584,-0.003647266421103268,0.8887215793132782,6.108955065409343,0.005104589873518724,0.0466906670636187,0.22498994767665864,0.06206144392490387,0.9803081750869751,0.85986328125,509.82107906252935,1694.7721502220302,284.07512341311667,81.74656076697283,521.2830280170165,4,0.0,0.0,0.0,0.0,1.0,0.0,0.0,1.75,2.5,1.25,0.0,1.0,600.0,-20.19541672244668
659,1349632,-0.004105890875992676,1.4918457984924316,6.115859969456991,0.005669432166905608,0.045763627455259366,0.20715233832597732,-0.015923822298645973,1.136783480644226,0.8279622395833334,509.9262919402011,1697.5350086500985,284.5339685421204,81.87957287697645,521.2830280170165,4,0.0,0.0,0.0,0.25,0.75,0.0,0.0,1.25,2.75,1.5,0.25,0.75,593.0,-20.463333394145593
660,1351680,-0.004044467503748214,1.1084208846092225,6.127503903706868,0.01939138707367126,0.05156950879609212,0.22614701936642329,-0.18502545356750488,1.0696430206298828,0.8390299479166666,510.01331999261237,1700.434517482172,284.96914792713505,82.01110605297436,521.2830280170165,2,0.0,0.0,0.0,0.0,1.0,0.0,1.0,1.0,2.0,1.0,0.0,1.0,600.0,-20.0
661,1353728,-0.006627286125149112,0.5605740576982499,6.137038946151733,0.005412648410735225,0.059342953842133284,0.2519202768802643,-0.04771358147263527,0.7960922122001648,0.7942708333333334,510.1131853020314,1703.188150896145,285.46523270208127,82.14482330497412,521.2830280170165,4,0.0,0.0,0.0,0.0,1.0,0.0,0.25,1.25,2.25,1.25,0.25,1.0,600.0,-18.43333336513024
662,1355776,0.008609488001093268,2.276771628856659,6.146013323465983,0.014071277972349586,0.06256170699295277,0.29318298399448395,-0.23968535661697388,1.3974051475524902,0.9029947916666666,510.2000502187137,1706.0790296031191,285.91719522917265,82.26325668197387,521.2830280170165,4,0.0,0.0,0.0,0.25,0.75,0.0,0.75,1.25,2.75,0.75,0.25,0.75,581.75,-19.228749971603975
663,1357824,-0.003665093860278527,0.4806024968624115,6.1515901724497475,0.0062050597321596495,0.051081449585035445,0.22336169679959614,-0.0024899670388549566,0.7705254554748535,0.865234375,510.279825740162,1709.073097501161,286.30316465817305,82.38293587297812,521.2830280170165,3,0.0,0.0,0.0,0.0,1.0,0.0,0.0,2.3333333333333335,3.0,0.6666666666666666,0.0,1.0,600.0,-15.273055684131881
664,1359872,-0.002475397940725088,1.6647512674331666,6.154380289713542,0.006102346023870571,0.020247760872977475,0.2671942234039307,-0.0511576272547245,1.4567458629608154,0.81201171875,510.3762550841373,1711.9725519782442,286.69114731306763,82.51421680197382,521.2830280170165,3,0.0,0.0,0.0,0.0,1.0,0.0,0.0,2.0,2.6666666666666665,0.6666666666666666,0.3333333333333333,1.0,600.0,-15.654444544576108
665,1361920,-0.0060240070405901255,1.5216904044151307,6.153259356816609,0.006909277214435861,0.05790569153226291,0.21017249698440235,-0.08712202310562134,1.1447879076004028,0.7693684895833334,510.5177386644662,1714.5610169632637,287.1420078540541,82.64354540697241,521.2830280170165,3,0.0,0.0,0.0,0.3333333333333333,0.6666666666666666,0.0,0.0,1.3333333333333333,2.3333333333333335,1.0,0.6666666666666666,0.6666666666666666,591.0,-19.931111160044868
666,1363968,-0.004359352965063105,1.1569652020931245,6.158812348047892,0.00895640296706309,0.06837843302637339,0.22942341168721517,-0.11675367504358292,0.9722715020179749,0.8570963541666666,510.62471008370215,1717.3412144663525,287.58153822006716,82.7585137489732,521.2830280170165,5,0.0,0.0,0.0,0.2,0.8,0.0,0.2,1.4,2.4,0.8,0.6,0.8,563.0,-20.808833369612692
667,1366016,-0.0035314700100570915,0.8112971425056458,6.1644849141438804,0.01826683222364712,0.03542223167605698,0.19681712090969086,0.019052863121032715,0.9536556601524353,0.8933919270833334,510.7386584543471,1720.0633904763527,288.04289427508775,82.8876192009775,521.2830280170165,2,0.0,0.0,0.0,0.0,1.0,0.0,0.0,2.0,2.5,0.5,0.5,1.0,600.0,-10.377499991562217
668,1368064,-0.00393100186289909,2.880122923851013,6.172994375228882,0.010277581340051255,0.05026974726933986,0.20839092830816905,-0.03320733457803726,1.838388204574585,0.8487955729166666,510.8423821403203,1722.8793229783696,288.46868350308796,83.00430682197475,521.2830280170165,5,0.0,0.0,0.0,0.0,1.0,0.0,0.0,1.8,2.4,1.0,0.2,1.0,600.0,-18.421666767820717
669,1370112,-0.002884863237462317,2.867418122291565,6.181815417607625,0.003999191310625368,0.03377355109745016,0.2438036983211835,-0.47429370880126953,1.852047085762024,0.6915690104166666,510.9795628424098,1725.5210223843897,288.89393076411216,83.12210489397694,521.2830280170165,4,0.0,0.0,0.25,0.5,0.25,0.0,0.5,0.75,2.25,1.5,0.25,0.25,452.5,-33.05270835547708
670,1372160,-0.0018658739170253587,1.5261441469192505,6.1920338789621985,0.004145660185410331,0.0435586916981265,0.18610044370094936,0.4642234742641449,0.8814782500267029,0.82080078125,511.1171791607771,1728.2006044553418,289.28805071402894,83.2404810449807,521.2830280170165,4,0.0,0.0,0.0,0.75,0.25,0.0,0.0,0.5,1.5,1.5,1.0,0.25,517.5,-25.0
671,1374208,-0.002741856967137816,2.3501551151275635,6.190771436691284,0.003051012933186333,0.027489203889854253,0.22888674587011337,-0.29739952087402344,1.606099009513855,0.86328125,511.23480694196223,1730.9209482923252,289.72911568799464,83.36890027698246,521.2830280170165,2,0.0,0.0,0.0,0.5,0.5,0.0,1.0,1.0,2.5,0.5,0.5,0.5,589.0,-22.166250022826716
672,1376256,0.0002972157526528463,1.7540281653404235,6.18424604733785,0.005467804014127372,0.03520651849297186,0.2446284721295039,-0.19943858683109283,1.4235336780548096,0.7835286458333334,511.3964680855564,1733.435574369294,290.15157307801564,83.48199334197852,521.2830280170165,5,0.0,0.0,0.0,0.0,1.0,0.0,0.0,1.6,2.8,1.2,0.2,1.0,600.0,-24.355166892893614
673,1378304,0.0066308012387404835,1.0523124277591704,6.185183429718018,0.008537175557527614,0.04284410301285486,0.2866420055429141,0.1906379908323288,1.081771731376648,0.7737630208333334,511.5529756301828,1735.9527290333135,290.59179405498435,83.60238466397277,521.2830280170165,3,0.0,0.0,0.0,0.0,1.0,0.0,0.6666666666666666,1.3333333333333333,2.0,0.6666666666666666,0.3333333333333333,1.0,600.0,-22.775000216749806
674,1380352,-0.0022073862492106855,2.456477165222168,6.184834051132202,0.004796465887435867,0.026040418612925956,0.23732161993781725,-0.289000540971756,1.6142299175262451,0.8331705729166666,511.7360331077652,1738.3506769792948,291.00646882201545,83.73391204797372,521.2830280170165,4,0.0,0.0,0.0,0.25,0.75,0.0,0.5,1.25,2.75,1.0,0.25,0.75,584.5,-26.793333661044016
675,1382400,-0.0038862750836415215,1.3720062851905823,6.1830053170522055,0.0041692057405574206,0.04596781056995193,0.20544704323013624,0.21529099345207214,1.2352699041366577,0.7823893229166666,511.96931899238837,1740.5223414012944,291.4001226150431,83.85504571097408,521.2830280170165,3,0.0,0.0,0.3333333333333333,0.0,0.6666666666666666,0.0,0.0,2.0,2.0,0.6666666666666666,0.3333333333333333,0.6666666666666666,421.0,-11.21666668417553
676,1384448,-0.0024916528530108434,1.873559296131134,6.190065749486288,0.0034739910671608715,0.022882015067928783,0.1930356984337171,-0.17975586652755737,1.4122061729431152,0.8473307291666666,512.1493571849775,1742.9562866642518,291.79983230108337,83.97538857297332,521.2830280170165,4,0.0,0.0,0.0,0.0,1.0,0.0,0.0,1.5,1.5,1.0,0.5,1.0,600.0,-22.67562523880042
677,1386496,-0.0028472342140351734,1.654080069065094,6.197652546564738,0.004197038645967647,0.03544511108193547,0.17478754719098408,0.10530925542116165,1.3997716903686523,0.8245442708333334,512.2770306621802,1745.6228315642875,292.23017016902304,84.09828552797262,521.2830280170165,4,0.0,0.0,0.0,0.0,1.0,0.0,0.25,1.5,2.25,1.0,0.25,1.0,600.0,-24.825208596885204
678,1388544,-0.0015549983402403692,2.046717405319214,6.20196746190389,0.05591301232404173,0.0341616993653588,0.22968092014392216,-0.1806570440530777,1.5532459020614624,0.76123046875,512.4060967615574,1748.303927392255,292.6497086300078,84.21122855296562,521.2830280170165,3,0.0,0.0,0.0,0.3333333333333333,0.6666666666666666,0.0,0.6666666666666666,1.3333333333333333,3.0,1.0,0.0,0.6666666666666666,575.0,-21.992777783734102
679,1390592,-0.0025095578748732805,2.148805570602417,6.203580538431804,0.00382920742731964,0.018657081438383707,0.20031013935804368,0.07135701924562454,1.3517705202102661,0.8463541666666666,512.5309665142184,1751.0031605642944,293.05990178295906,84.3311971719595,521.2830280170165,4,0.0,0.0,0.0,0.5,0.5,0.0,0.5,1.0,2.5,1.0,0.5,0.5,560.5,-26.630000231787562
680,1392640,-0.004754249839849459,1.9895294070243836,6.203053331375122,0.004297447241287955,0.045194471216139696,0.1902595597008864,-0.13461467623710632,1.5557299852371216,0.76025390625,512.7161128099975,1753.430690970301,293.44234864097234,84.4453637409606,521.2830280170165,3,0.0,0.0,0.0,0.0,1.0,0.0,0.0,2.0,3.0,1.0,0.0,1.0,600.0,-20.16166679436962
681,1394688,-0.004922601153763632,1.5683686971664428,6.2077780564626055,0.0048739829075808904,0.04542183223335693,0.22256361842155456,-0.013841021806001663,1.4079840183258057,0.6800130208333334,512.9472811606094,1755.6224830683495,293.81291521490493,84.56454722995841,521.2830280170165,4,0.0,0.0,0.0,0.0,1.0,0.0,0.5,1.25,2.25,1.0,0.25,1.0,600.0,-26.15895865194034
682,1396736,-0.0033220293233171107,2.151396334171295,6.214854669570923,0.00288499418787372,0.024060288808929423,0.18632752324144045,-0.09248410165309906,1.6692144870758057,0.7469075520833334,513.1562885206765,1757.8388193902865,294.23641883188975,84.71168001095793,521.2830280170165,3,0.0,0.0,0.3333333333333333,0.0,0.6666666666666666,0.0,0.3333333333333333,1.3333333333333333,1.6666666666666667,0.6666666666666666,0.6666666666666666,0.6666666666666666,425.3333333333333,-16.916666676600773
683,1398784,-0.0005592765286564827,2.9699726819992067,6.222095934549968,0.004454098823528815,0.027038982355346283,0.23021716872851053,-0.19385303556919098,1.7111918926239014,0.70849609375,513.3891438416026,1759.9948885332778,294.6193932658498,84.83355491795373,521.2830280170165,6,0.0,0.0,0.16666666666666666,0.3333333333333333,0.5,0.0,0.0,1.1666666666666667,1.6666666666666667,1.1666666666666667,0.6666666666666666,0.5,506.3333333333333,-27.082916943123564
684,1400832,-0.002735650119817971,0.6978142499923706,6.221354405085246,0.0038326906379855547,0.009159731895973284,0.17895000179608664,0.35313504934310913,0.6919789910316467,0.8704427083333334,513.5184683846072,1762.6907099663003,295.00336455982324,84.9514740879531,521.2830280170165,60,0.0,0.0,0.0,0.3333333333333333,0.6666666666666666,0.0,0.36666666666666664,0.2833333333333333,2.7333333333333334,2.316666666666667,nan,0.26666666666666666,462.4,nan
685,1402880,0.0046320659962172306,3.360349655151367,6.222585995992024,0.009337884224563216,0.03960589626415943,0.28784098525842033,-0.3145986795425415,1.8149906396865845,0.8597005208333334,505.7847852947778,1765.3285918383262,295.49693559485604,85.0811537149566,563.6591587240109,5,0.0,0.0,0.4,0.4,0.2,0.0,0.0,1.4,1.6,1.2,0.4,0.2,442.2,-18.800499954540282
686,1404928,-0.0040377583121880885,1.951298475265503,6.21745990117391,0.003935591767731239,0.0352213471972694,0.21585837329427401,-0.0925881415605545,1.4520624876022339,0.7760416666666666,505.95618727341105,1767.7415956873083,295.9409078588578,85.22715847996005,563.6591587240109,5,0.0,0.0,0.2,0.0,0.8,0.0,0.0,1.4,2.4,1.4,0.2,0.8,491.8,-25.782333515025677
687,1406976,-0.002319536810197557,1.3270668745040894,6.221263742446899,0.006731117606977932,0.023459261706254134,0.20356108695268632,0.37681978940963745,1.1574221849441528,0.8738606770833334,506.0687439449134,1770.452029662294,296.43351758486097,85.35273114196025,563.6591587240109,2,0.0,0.0,0.0,0.0,1.0,0.0,0.0,1.5,1.5,1.0,0.5,1.0,600.0,-17.937500109896064
688,1409024,-0.0035372585834314426,1.947118306159973,6.2284545262654625,0.016323088356026954,0.0228142091150706,0.2080807626247406,0.07929506152868271,1.4736837148666382,0.84765625,506.1723396124643,1773.2889978842577,296.8537815778327,85.47879928195471,563.6591587240109,3,0.0,0.0,0.0,0.0,1.0,0.0,0.3333333333333333,2.0,2.6666666666666665,0.3333333333333333,0.3333333333333333,1.0,600.0,-16.331111355684698
689,1411072,-0.004410928313154728,1.546340548992157,6.238497161865235,0.004999311820271638,0.04890752488281578,0.19866068065166473,-0.033289313316345215,1.312227487564087,0.8528645833333334,506.2747009991449,1776.1001885362639,297.29599248591694,85.60570959595498,563.6591587240109,4,0.0,0.0,0.0,0.0,1.0,0.0,0.25,1.5,3.0,1.25,0.0,1.0,600.0,-17.071875009918585
690,1413120,-0.0046305248979479074,2.5043001413345336,6.248286024729411,0.005507577638248525,0.0584067077220728,0.22797491252422333,-0.044224951416254044,1.7252492904663086,0.7734375,506.4360711357858,1778.6302316432775,297.7094264819898,85.72333436495683,563.6591587240109,4,0.0,0.0,0.0,0.25,0.75,0.0,0.5,1.5,3.0,1.0,0.0,0.75,599.5,-24.288750276435167
691,1415168,-0.004874207368508602,0.8628018081188202,6.257090282440186,0.004712692279038796,0.032130893137461196,0.19721893444657326,0.15431180596351624,0.8926640748977661,0.81103515625,506.57764407898196,1781.264060831345,298.1287312409622,85.83701993295836,563.6591587240109,3,0.0,0.0,0.0,0.3333333333333333,0.6666666666666666,0.0,0.3333333333333333,1.0,2.6666666666666665,1.3333333333333333,0.3333333333333333,0.6666666666666666,587.0,-24.56166682826976
692,1417216,-0.0021358403561559194,1.373858094215393,6.262064297993978,0.0020404697284296465,0.01274914425254489,0.20526853402455647,0.18317431211471558,1.1453585624694824,0.8849283854166666,506.70269508703433,1783.9776082163662,298.549747396959,85.9554350549588,563.6591587240109,3,0.0,0.0,0.0,0.3333333333333333,0.6666666666666666,0.0,0.0,1.3333333333333333,2.3333333333333335,1.0,0.6666666666666666,0.6666666666666666,593.0,-22.7591668269597
693,1419264,-0.0028546056060198073,1.622840905189514,6.265711832046509,0.00426716873892777,0.04050226038865124,0.19428757056593896,0.3220708668231964,1.2184760570526123,0.9490559895833334,506.7746763455472,1786.9613076264213,298.97915514993656,86.07760456695542,563.6591587240109,5,0.0,0.0,0.0,0.0,1.0,0.0,0.4,2.2,2.8,0.2,0.2,1.0,600.0,-12.41666676737368
694,1421312,-0.002959501802009375,1.5433342933654786,6.266611210505167,0.005056337543404273,0.0333727456900912,0.18823585286736488,0.16754241287708282,1.2875409126281738,0.9064127604166666,506.8401532756957,1789.97134371641,299.4086624478805,86.21824085096159,563.6591587240109,2,0.0,0.0,0.0,0.0,1.0,0.0,0.5,2.0,3.0,0.5,0.0,1.0,600.0,-12.995833324734122
695,1423360,-0.003186411146695415,1.6131391882896424,6.271597607930501,0.013326585555114434,0.03550381038027505,0.18833498507738114,0.01215625461190939,1.2449722290039062,0.8732096354166666,506.9471003672533,1792.7477338794124,299.8528244629415,86.33790290796605,563.6591587240109,4,0.0,0.0,0.0,0.25,0.75,0.0,0.75,1.5,3.0,0.75,0.0,0.75,585.25,-20.512500250828452
696,1425408,-0.0004847599193453789,1.1749975681304932,6.278813091913859,0.0034368414072863136,0.017345224615807335,0.1949048397441705,0.21339498460292816,1.077048659324646,0.9435221354166666,507.0644132175783,1795.5276987504622,300.2502384979962,86.4593367569687,563.6591587240109,3,0.0,0.0,0.0,0.0,1.0,0.0,0.0,2.0,2.6666666666666665,0.6666666666666666,0.3333333333333333,1.0,600.0,-14.327777757775038
697,1427456,-0.0018761086723922441,2.2391311645507814,6.28002339998881,0.012510566513810772,0.017541775739906975,0.1875015581647555,-0.10293833166360855,1.5069360733032227,0.8948567708333334,507.1970212265662,1798.175811848465,300.686417588935,86.57624082097027,563.6591587240109,5,0.0,0.0,0.2,0.0,0.8,0.0,0.4,2.2,1.6,0.2,0.2,0.8,493.6,-11.00316664762795
698,1429504,-0.0014170135681827864,0.5056167960166931,6.288525946935018,0.0032899428171125084,0.01689360276795924,0.17934487288196882,0.12657158076763153,0.7336345911026001,0.90185546875,507.30687392780516,1800.9990637834562,301.080820298921,86.69671707697125,563.6591587240109,3,0.0,0.0,0.0,0.0,1.0,0.0,0.3333333333333333,1.6666666666666667,2.3333333333333335,1.0,0.0,1.0,600.0,-20.61500015047689
699,1431552,-0.0025233749377851686,2.4934319972991945,6.290937995910644,0.003143481389633962,0.014631950991073003,0.20027125428120296,-0.07780144363641739,1.6116303205490112,0.8536783854166666,507.43029924528724,1803.6842851174224,301.5225662499215,86.8156104839727,563.6591587240109,3,0.0,0.0,0.0,0.3333333333333333,0.6666666666666666,0.0,0.0,1.6666666666666667,2.6666666666666665,1.0,0.3333333333333333,0.6666666666666666,563.0,-17.35972218432774
700,1433600,-0.0023656563639330368,2.5771345615386965,6.285213613510132,0.013322830211836844,0.035051437187939884,0.18494515319665272,-0.29144975543022156,1.6955572366714478,0.8448893229166666,507.54332893084427,1806.4308653533517,301.9601672609424,86.92464067497349,563.6591587240109,5,0.0,0.0,0.0,0.0,1.0,0.0,0.4,1.6,2.4,0.8,0.2,1.0,600.0,-18.530833516642453
701,1435648,-0.0017927967244759202,1.3384794473648072,6.28572268486023,0.009623894980177284,0.016832188823415587,0.21983463217814764,-0.09930247813463211,1.2380993366241455,0.7381184895833334,507.7071256318221,1808.8725937233685,302.42164428991236,87.05065944197122,563.6591587240109,2,0.0,0.0,0.0,0.0,1.0,0.0,1.0,1.5,3.0,0.5,0.0,1.0,600.0,-15.61500017857179
702,1437696,-0.0024688875457892817,3.210695242881775,6.2921538829803465,0.0033172074419174653,0.021921537684587142,0.20318024555842082,-0.39320579171180725,1.858276605606079,0.7872721354166666,507.84429593888433,1811.4861811313167,302.8476714649005,87.17205427797307,563.6591587240109,5,0.0,0.0,0.0,0.2,0.8,0.0,0.2,1.0,2.0,1.2,0.6,0.8,559.2,-24.138333491515368
703,1439744,-0.0005322434308861072,0.9826756834983825,6.295415703455607,0.00988546204365169,0.037066775346950936,0.22849365870157878,-0.1184050589799881,1.129219889640808,0.7198893229166666,508.0065023156874,1813.9941983603567,303.2527784319391,87.29447096597869,563.6591587240109,2,0.0,0.0,0.0,0.0,1.0,0.0,0.5,1.5,3.0,1.0,0.0,1.0,600.0,-18.620833428110927
704,1441792,-0.00027683049653812,2.23118417263031,6.297701088587443,0.005386119986845491,0.04206981753231957,0.23398371239503224,-0.16292650997638702,1.463918685913086,0.78662109375,508.1848467863135,1816.429513932373,303.63837578290986,87.41145123097522,563.6591587240109,7,0.0,0.0,0.14285714285714285,0.2857142857142857,0.5714285714285714,0.0,0.2857142857142857,1.2857142857142858,2.0,0.7142857142857143,0.7142857142857143,0.5714285714285714,505.14285714285717,-20.6139287087135
705,1443840,-0.002965480787679553,1.152903187274933,6.299333000183106,0.004471602486592019,0.04328218088485301,0.22309281229972838,-0.053355418145656586,1.1914833784103394,0.8157552083333334,508.31911851349685,1819.0982182884327,304.04589520896843,87.53109492897056,563.6591587240109,1,0.0,0.0,0.0,0.0,1.0,0.0,0.0,1.0,1.0,2.0,0.0,1.0,600.0,-20.0
706,1445888,-0.0038932931609451773,1.186263906955719,6.308094422022502,0.00458690613534903,0.04251971585908905,0.23425881763299305,0.30004674196243286,1.173301339149475,0.7789713541666666,508.4693672513739,1821.6751541674457,304.44872606294666,87.6478028509664,563.6591587240109,3,0.0,0.0,0.0,0.0,1.0,0.0,0.6666666666666666,1.6666666666666667,3.0,0.6666666666666666,0.0,1.0,600.0,-18.976666742625337
707,1447936,-0.004755275797409316,2.069951283931732,6.324726931254069,0.005586912481285348,0.058093397098127754,0.22652449657519658,-0.10272783041000366,1.5434366464614868,0.7926432291666666,508.65355982704233,1824.034501582406,304.8583068689113,87.77138401997217,563.6591587240109,4,0.0,0.0,0.0,0.0,1.0,0.0,0.5,1.75,2.5,0.25,0.5,1.0,600.0,-19.108333558076993
708,1449984,-0.002818927667491759,3.206912660598755,6.337155771255493,0.0061447231464020055,0.017589049483649432,0.2275399774312973,-0.16236598789691925,1.9087333679199219,0.7457682291666666,508.8255461861711,1826.4487001585003,305.27618019691,87.90438720297243,563.6591587240109,4,0.0,0.0,0.25,0.25,0.5,0.0,0.75,0.75,2.0,1.25,0.25,0.5,549.75,-27.70479186740704
709,1452032,-0.0033577876553560295,1.3127289175987245,6.347338914871216,0.003990844028885476,0.03787073178294425,0.2065780018766721,0.02575615793466568,1.1299383640289307,0.8416341145833334,508.96462472960866,1829.053471923522,305.6884497508945,88.02892426897597,563.6591587240109,4,0.0,0.0,0.0,0.75,0.25,0.0,0.5,0.25,2.5,1.75,0.5,0.25,577.0,-37.66875016107224
710,1454080,-0.0007235019622991482,2.1861453890800475,6.356041431427002,0.0043344200610590635,0.021117886613744,0.23242616405089697,-0.22385452687740326,1.5153663158416748,0.7770182291666666,509.0962383240364,1831.7496116144976,306.0579582669161,88.15572253798018,563.6591587240109,4,0.0,0.0,0.0,0.5,0.5,0.0,0.75,0.5,2.5,1.75,0.0,0.5,578.25,-26.957500020507723
711,1456128,-0.002056262797365586,1.6763262152671814,6.359545771280924,0.00688323062301303,0.04116644924506545,0.21811875998973845,-0.05011380463838577,1.3440117835998535,0.8147786458333334,509.20256070955446,1834.5521000476,306.4492764569368,88.2943164509852,563.6591587240109,4,0.0,0.0,0.0,0.25,0.75,0.0,0.25,1.0,2.75,1.5,0.25,0.75,584.5,-29.825625132769346
712,1458176,-0.0025456168067951998,0.5644778877496719,6.361124579111735,0.022310779234491443,0.06390974667156116,0.24774251555403073,0.1529730260372162,0.8039247989654541,0.8546549479166666,509.31014058772826,1837.3323293635694,306.8720521790092,88.41804024799058,563.6591587240109,1,0.0,0.0,0.0,0.0,1.0,0.0,1.0,1.0,3.0,1.0,0.0,1.0,600.0,-25.303333412855864
713,1460224,0.00558391228551045,2.1046653509140016,6.363253339131673,0.14496051173191518,0.07212156815221533,0.3023231749733289,0.06381235271692276,1.4941400289535522,0.8116861979166666,509.4627065037169,1839.7948872825873,307.3214978539763,88.55711367598997,563.6591587240109,6,0.0,0.0,0.0,0.16666666666666666,0.8333333333333334,0.0,0.16666666666666666,1.3333333333333333,2.8333333333333335,1.3333333333333333,0.16666666666666666,0.8333333333333334,576.5,-21.565277851729963
714,1462272,-0.0029449514666339384,1.2682585000991822,6.362248039245605,0.006846380225215398,0.05251108750235289,0.18714413717389106,0.059803687036037445,1.2113513946533203,0.8570963541666666,509.6302157906905,1842.2275561205097,307.74344180092885,88.69286890898366,563.6591587240109,1,0.0,0.0,0.0,0.0,1.0,0.0,0.0,2.0,2.0,0.0,1.0,1.0,600.0,-10.0
715,1464320,-0.002826140219500909,2.834597373008728,6.367264397939047,0.010066550414679416,0.048858033380626394,0.20650528917709987,-0.20698614418506622,1.702846884727478,0.72509765625,509.80465410611737,1844.6048845965706,308.1638856989375,88.82644496997818,563.6591587240109,6,0.0,0.0,0.0,0.5,0.5,0.0,0.0,0.6666666666666666,2.0,2.0,0.3333333333333333,0.5,585.5,-26.387777789030224
716,1466368,0.003043059189803898,0.9516103088855743,6.372948582967123,0.02135520462470595,0.10977617503764729,0.25100359817345935,0.48276206851005554,0.8982055187225342,0.8440755208333334,509.9194327140034,1847.3192463815649,308.5939770339028,88.96077477397921,563.6591587240109,2,0.0,0.0,0.0,0.0,1.0,0.0,0.0,1.5,3.0,1.5,0.0,1.0,600.0,-16.47000002209097
717,1468416,0.010650968860136344,2.5698949337005614,6.370658381779989,0.014993309109401783,0.038892268284689634,0.30089593728383385,-0.35319122672080994,1.6361597776412964,0.81201171875,510.0205823004968,1850.0652511365115,309.04896662486135,89.09707471697766,563.6591587240109,4,0.0,0.0,0.0,0.5,0.5,0.0,0.25,0.75,2.5,1.5,0.5,0.5,555.5,-27.5806248835288
718,1470464,-0.0031969266701101636,0.7834454417228699,6.3616229375203455,0.006863008938671556,0.03854612855163093,0.1993093656996886,0.14065101742744446,0.8099632859230042,0.90673828125,510.1173430735073,1852.8859080454495,309.465001804856,89.23152685897367,563.6591587240109,4,0.0,0.0,0.0,0.25,0.75,0.0,0.25,1.5,3.0,1.25,0.0,0.75,599.5,-24.67895858734846
719,1472512,-0.002110626482559989,1.4342125177383422,6.361622460683187,0.005633984556576858,0.021690472378395498,0.18493843898177148,0.06554431468248367,1.2615021467208862,0.87646484375,510.23454480715793,1855.6229626684362,309.8721291558322,89.35148875497543,563.6591587240109,2,0.0,0.0,0.0,0.0,1.0,0.0,0.5,1.5,3.0,1.0,0.0,1.0,600.0,-17.738333342131227
720,1474560,-0.0028330748590330284,2.4664403796195984,6.362182982762655,0.00501864892097501,0.03048805265765016,0.20007520293196043,-0.016621865332126617,1.4871729612350464,0.8976236979166666,510.33314256682246,1858.4248449675288,310.3005669788472,89.47689546997572,563.6591587240109,5,0.0,0.0,0.0,0.4,0.6,0.0,0.2,1.0,2.6,1.8,0.0,0.6,570.8,-24.215000099502504
721,1476608,-0.004171044660809761,2.0454636931419374,6.365827687581381,0.007327140091517018,0.05368113958199198,0.2182903749247392,-0.25167638063430786,1.555980920791626,0.7991536458333334,510.4674583917293,1860.9651146685355,310.7507903449441,89.64605662797112,563.6591587240109,1,0.0,0.0,0.0,0.0,1.0,0.0,0.0,3.0,1.0,0.0,0.0,1.0,600.0,-7.730000115931034
722,1478656,-0.0033807437985766834,1.556001567840576,6.370968739191691,0.006473747520885809,0.05233483276485155,0.20089796384175618,0.14686022698879242,1.2287278175354004,0.78125,510.63591057434826,1863.3342917025075,311.2008023159142,89.7717692809747,563.6591587240109,6,0.0,0.0,0.0,0.16666666666666666,0.8333333333333334,0.0,0.16666666666666666,1.3333333333333333,2.6666666666666665,1.1666666666666667,0.3333333333333333,0.8333333333333334,578.5,-23.05805568707486
723,1480704,0.006017783020312587,1.8017064929008484,6.36904681523641,0.008514361475439122,0.04396936549261833,0.32862581660350165,0.022748269140720367,1.3826767206192017,0.8190104166666666,510.74053660125236,1866.081477608459,311.65677305594727,89.89217032497254,563.6591587240109,2,0.0,0.0,0.0,0.5,0.5,0.0,0.0,1.0,1.5,1.5,0.5,0.5,594.0,-26.275000044843182
724,1482752,-0.004013625759883629,1.2584268569946289,6.365566380818685,0.007018857337243389,0.051727411441970614,0.2257686843474706,0.004641873296350241,1.108616828918457,0.78076171875,510.8709729614417,1868.7138781845133,312.0688563558724,90.01625914597389,563.6591587240109,6,0.0,0.0,0.0,0.16666666666666666,0.8333333333333334,0.0,0.3333333333333333,1.3333333333333333,2.6666666666666665,1.0,0.3333333333333333,0.8333333333333334,599.3333333333334,-24.37902806722559
725,1484800,0.012023902802805726,2.6084553480148314,6.368060048421224,0.018315671102997536,0.04065054029148693,0.3322305098176003,-0.28870099782943726,1.7131218910217285,0.8142903645833334,511.04505411065355,1871.1521941574465,312.44634407994454,90.13929618697148,563.6591587240109,2,0.0,0.0,0.0,0.5,0.5,0.0,0.0,1.0,2.5,1.5,0.5,0.5,588.5,-29.78749989485368
726,1486848,-0.004775398100415866,1.9620128393173217,6.370031881332397,0.005065860050369035,0.05747366927486534,0.2225802888472875,-0.2656418979167938,1.505818247795105,0.6905924479166666,511.2461947239994,1873.3907286543836,312.8504259918918,90.2681896069771,563.6591587240109,4,0.0,0.0,0.0,0.5,0.5,0.0,0.5,1.0,2.0,1.0,0.5,0.5,555.0,-23.218750047846697
727,1488896,-0.003078015010881548,1.0236318171024323,6.374477020899454,0.01498811790467395,0.031396018127755575,0.20601554463307062,0.10966875404119492,1.063172698020935,0.7742513020833334,511.4172078254427,1875.7171426433706,313.32185305884923,90.3953839309761,563.6591587240109,3,0.0,0.0,0.0,0.3333333333333333,0.6666666666666666,0.0,0.3333333333333333,1.0,2.6666666666666665,1.3333333333333333,0.3333333333333333,0.6666666666666666,593.6666666666666,-25.315000197229285
728,1490944,-0.0028173188601310056,1.6059069395065309,6.377756611506144,0.004389192108161902,0.034656273608561605,0.20801606128613154,-0.002076714066788554,1.3141950368881226,0.7587890625,511.5397322452204,1878.2174770843994,313.8434309708973,90.57209004897595,563.6591587240109,3,0.0,0.0,0.0,0.6666666666666666,0.3333333333333333,0.0,0.3333333333333333,0.3333333333333333,1.6666666666666667,1.6666666666666667,0.6666666666666666,0.3333333333333333,566.0,-27.66166670108214
729,1492992,0.00017771238926798106,1.3535819053649902,6.379121351242065,0.023654858651570975,0.08039704842958599,0.22358134910464286,0.12548837065696716,1.2000408172607422,0.8292643229166666,511.6670709778807,1880.8051763444018,314.29589052088704,90.69921899197652,563.6591587240109,4,0.0,0.0,0.0,0.0,1.0,0.0,0.25,1.25,2.5,1.0,0.5,1.0,600.0,-25.354166710050777
730,1495040,-0.0032502782143031556,3.113707995414734,6.383946498235066,0.007849578195115706,0.041417756269220264,0.21659998347361883,-0.3534450829029083,1.7853549718856812,0.7864583333333334,511.80921024225137,1883.2822446494756,314.7908924298681,90.81461504397885,563.6591587240109,3,0.0,0.0,0.0,0.3333333333333333,0.6666666666666666,0.0,0.0,1.3333333333333333,3.0,1.6666666666666667,0.0,0.6666666666666666,559.0,-26.019444660749286
731,1497088,-0.002403464431214767,1.2352794587612153,6.393350013097128,0.005289323636194846,0.022541053193466117,0.19121908396482468,0.2870587706565857,1.0293887853622437,0.8328450520833334,511.963427708697,1885.7276187184398,315.22535538583907,90.94885978597449,563.6591587240109,5,0.0,0.0,0.0,0.6,0.4,0.0,0.2,0.8,2.4,1.8,0.2,0.4,556.0,-25.545000091567637
732,1499136,-0.003069964722574999,2.6849671602249146,6.396133820215861,0.0038768844460719265,0.04081407388827453,0.2226461539665858,-0.3921249806880951,1.7566100358963013,0.7197265625,512.1830842180011,1887.8644405385348,315.6305813227955,91.06292026997107,563.6591587240109,2,0.0,0.0,0.0,0.0,1.0,0.0,0.0,1.0,2.5,1.5,0.5,1.0,600.0,-34.8500003926456
733,1501184,-0.0009031976476156463,0.8843115925788879,6.401948992411295,0.0130326231388608,0.013069340023988237,0.1811909760038058,0.3405302166938782,0.8148891925811768,0.70654296875,512.3230211992146,1890.3741062105182,316.08314306676766,91.1967655069675,563.6591587240109,60,0.0,0.0,0.0,0.2,0.8,0.0,0.55,0.1,2.9,2.35,nan,0.06666666666666667,338.93333333333334,nan
734,1503232,-0.0020203621747593085,2.9738609552383424,6.409243615468343,0.029507422456905866,0.037749674861940245,0.21862537413835526,-0.2014559954404831,1.7325255870819092,0.8082682291666666,506.7746047328485,1893.078490450498,316.61991851475614,91.3276397879672,596.2851331080092,3,0.0,0.0,0.3333333333333333,0.0,0.6666666666666666,0.0,0.0,1.3333333333333333,1.3333333333333333,0.6666666666666666,1.0,0.6666666666666666,419.0,-24.01583348835508
735,1505280,-0.0029206841136328876,2.260255551338196,6.420796410242716,0.004354286561734474,0.03768161246553063,0.20967847605546316,-0.0865868404507637,1.5847729444503784,0.7488606770833334,506.8934419362849,1895.7030545635498,317.0849998958147,91.46988555896678,596.2851331080092,5,0.0,0.0,0.0,0.2,0.8,0.0,0.0,1.0,2.8,1.8,0.2,0.8,595.8,-27.15450027398765
736,1507328,0.00886744321420944,1.6201096296310424,6.422540505727132,0.03421031564163665,0.06157746423656742,0.31888756652673084,0.1344202309846878,1.380637526512146,0.73779296875,507.04155341510045,1898.2089360355458,317.5226926529067,91.60463335397071,596.2851331080092,2,0.0,0.0,0.0,0.0,1.0,0.0,0.5,1.5,3.0,1.0,0.0,1.0,600.0,-17.17750006960705
737,1509376,0.0012912180779191356,2.2059016704559324,6.4134618759155275,0.009978203002780598,0.06701219611956427,0.25932433356841406,-0.014352647587656975,1.5590085983276367,0.685546875,507.23593464798597,1900.4766389995348,317.938469382927,91.71881682397361,596.2851331080092,4,0.0,0.0,0.25,0.0,0.75,0.0,0.75,1.25,2.0,0.75,0.25,0.75,588.5,-23.075000209035352
738,1511424,-0.004227093149287005,1.7748745918273925,6.410467481613159,0.004032613297749776,0.03781593182357028,0.24332888846596082,-0.3849470913410187,1.3980106115341187,0.6842447916666666,507.41078099248364,1902.8679931885854,318.33622593295877,91.8434528659709,596.2851331080092,3,0.0,0.0,0.0,0.0,1.0,0.0,1.0,1.0,3.0,1.0,0.0,1.0,600.0,-29.990000383307535
739,1513472,-0.0046981414197944105,2.8989057540893555,6.4102924505869545,0.008236907878502583,0.06234661370981485,0.24000536799430847,-0.3859860599040985,1.7934861183166504,0.6739908854166666,507.58217931879176,1905.2501135546481,318.7617490630364,91.95990845897177,596.2851331080092,5,0.0,0.0,0.0,0.4,0.6,0.0,1.2,0.6,2.6,0.8,0.4,0.6,540.0,-33.906000308506194
740,1515520,-0.0036973236972698944,1.1624982714653016,6.418211778004964,0.005393514942503922,0.04297284608862052,0.20608037064472834,0.11817976087331772,1.1513265371322632,0.7185872395833334,507.7862736777185,1907.4574709456356,319.171099906016,92.0868701089712,596.2851331080092,3,0.0,0.0,0.0,0.0,1.0,0.0,2.0,1.0,3.0,0.0,0.0,1.0,600.0,-30.346667064043384
741,1517568,-0.004422400387314459,1.4787101745605469,6.426773309707642,0.020634604945856456,0.02970860731632759,0.21285245766242344,0.1449383646249771,1.3217723369598389,0.7571614583333334,507.9323725971477,1909.9733166056321,319.6172394830137,92.19745615297143,596.2851331080092,4,0.0,0.0,0.0,0.0,1.0,0.0,0.0,1.25,1.75,1.5,0.25,1.0,600.0,-22.73125011101365
742,1519616,0.003111140637580926,1.9697283864021302,6.430929724375407,0.007976760936435312,0.0329678249040929,0.29881651351849237,0.11478463560342789,1.4412214756011963,0.7998046875,508.04414871694394,1912.6874089275661,320.0552562439334,92.317655738967,596.2851331080092,3,0.0,0.0,0.0,0.0,1.0,0.0,0.0,1.6666666666666667,2.6666666666666665,1.0,0.3333333333333333,1.0,600.0,-24.59333364230891
743,1521664,-0.002792258667977876,1.1805270552635192,6.432134135564168,0.006589241933155184,0.03829328826395795,0.20933325762550037,-0.135244682431221,1.149823784828186,0.7657877604166666,508.1541019129085,1915.398023759626,320.50606216993765,92.44327047296974,596.2851331080092,2,0.0,0.0,0.0,0.0,1.0,0.0,1.0,1.0,3.0,1.0,0.0,1.0,600.0,-38.595000714529306
744,1523712,-0.002196493985441824,1.5914092659950256,6.437547747294108,0.008156922574077423,0.026868461184979726,0.19909764702121416,0.29516029357910156,1.2168517112731934,0.8479817708333334,508.2809126592327,1917.9987230096376,320.94925415992475,92.56814350796776,596.2851331080092,5,0.0,0.0,0.0,0.2,0.8,0.0,0.2,1.4,2.6,1.4,0.0,0.8,575.4,-20.748500110860913
745,1525760,-0.003910677895570795,1.105310869216919,6.443696387608846,0.005509049940155819,0.045738339486221476,0.18309890056649844,0.019302474334836006,1.0445702075958252,0.8556315104166666,508.4369807142765,1920.475692212669,321.3616842898846,92.69592151696997,596.2851331080092,2,0.0,0.0,0.0,0.5,0.5,0.0,0.0,0.5,2.0,2.5,0.0,0.5,577.0,-25.0
746,1527808,-0.003673271229490638,1.2229191660881042,6.444686730702718,0.014807214876054787,0.05859488299659764,0.21996435870726902,-0.015651127323508263,1.194909930229187,0.74560546875,508.6162262755738,1922.7763965517734,321.8043933838344,92.81573912697058,596.2851331080092,5,0.0,0.0,0.2,0.0,0.8,0.0,0.8,1.2,2.0,1.0,0.0,0.8,578.4,-22.883000174351036
747,1529856,-0.0036797596510344493,0.6756393134593963,6.440892712275187,0.006309478224041717,0.046165299819161495,0.1970859445631504,0.18260371685028076,0.8610689640045166,0.8450520833333334,508.7580621134036,1925.2877136017196,322.252475381727,92.94000133996451,596.2851331080092,3,0.0,0.0,0.0,0.0,1.0,0.0,0.3333333333333333,1.6666666666666667,1.6666666666666667,1.0,0.0,1.0,600.0,-17.625277915348608
748,1531904,0.0007973484850178162,1.408410632610321,6.446973355611165,0.01125486110492299,0.0257342369412072,0.23153440654277802,0.028724920004606247,1.2368015050888062,0.7521158854166666,508.8832480378201,1927.8493231867105,322.74384155273583,93.06033525396197,596.2851331080092,5,0.0,0.0,0.0,0.0,1.0,0.0,0.6,1.2,2.4,1.0,0.2,1.0,600.0,-18.4120000035502
749,1533952,0.005028421012684703,2.3203186988830566,6.450915940602621,0.007554224214012114,0.04897585380046318,0.23960061023632687,-0.00636008195579052,1.4345123767852783,0.84521484375,508.99777618248766,1930.5255611608081,323.19729934076895,93.18208521896304,596.2851331080092,2,0.0,0.0,0.0,0.5,0.5,0.0,1.0,0.5,3.0,1.5,0.0,0.5,570.5,-34.03666668990627
750,1536000,-5.87799275914828e-05,2.7397249221801756,6.452127043406168,0.012921352688378344,0.04968217124696821,0.246640640993913,-0.40589699149131775,1.8372174501419067,0.7037760416666666,509.14215113233524,1933.0429345788289,323.6341012157718,93.30037503096537,596.2851331080092,3,0.0,0.0,0.0,0.3333333333333333,0.6666666666666666,0.0,1.3333333333333333,0.6666666666666666,3.0,1.0,0.0,0.6666666666666666,510.6666666666667,-24.027500122009467
751,1538048,-0.00473747116047889,0.8958216845989228,6.460514688491822,0.004304874502607466,0.028523847526715447,0.19838643372058867,0.25732532143592834,0.8576169013977051,0.7884114583333334,509.27738983813816,1935.5828426048392,324.08107121174544,93.42957395396661,596.2851331080092,5,0.0,0.0,0.0,0.2,0.8,0.0,1.2,1.0,2.8,0.6,0.2,0.8,590.8,-30.23133372394368
752,1540096,-0.0012328194299091896,2.035536062717438,6.465637604395549,0.010274295520503074,0.03967601579691594,0.21799499864379565,0.16410872340202332,1.4852205514907837,0.8447265625,509.4281652591776,1938.0716725848033,324.50849799673597,93.54449550696881,596.2851331080092,2,0.0,0.0,0.0,0.0,1.0,0.0,0.0,2.0,2.5,0.5,0.5,1.0,600.0,-16.73875025822781
753,1542144,-0.003983935713768006,1.0302209436893464,6.470664723714193,0.01615048445202471,0.040786749015872675,0.1865415208041668,0.01875467412173748,0.9801012873649597,0.8740234375,509.61419810992413,1940.3958595047661,324.9013678876727,93.65185625097365,596.2851331080092,5,0.0,0.0,0.0,0.4,0.6,0.0,0.0,1.0,2.6,2.0,0.0,0.6,536.6,-25.755166789703072
754,1544192,-0.0021057251607999204,2.3345019936561586,6.471419827143351,0.007795876171439886,0.03317837464467933,0.21240922411282856,-0.017992787063121796,1.6807103157043457,0.8097330729166666,509.80692475624716,1942.6771516308509,325.2836730946801,93.76741455696902,596.2851331080092,3,0.0,0.0,0.0,0.0,1.0,0.0,0.6666666666666666,2.0,3.0,0.3333333333333333,0.0,1.0,600.0,-13.105833306753388
755,1546240,-0.004310033819638193,1.8967481970787048,6.471393728256226,0.07521660163377722,0.04200099425700803,0.21266744236151378,0.030681876465678215,1.2028504610061646,0.7880859375,510.00018090348055,1944.9212311058218,325.69358945464046,93.87998487096775,596.2851331080092,4,0.0,0.0,0.0,0.25,0.75,0.0,0.75,1.25,2.75,0.75,0.25,0.75,597.0,-27.516250329907052
756,1548288,-0.0020756032259669154,1.1163489162921905,6.473415517807007,0.006671873005689122,0.02805191114700089,0.21787637720505396,0.01908150315284729,1.1231342554092407,0.8408203125,510.19469035675183,1947.1035166618167,326.1547782236157,93.99166407696612,596.2851331080092,2,0.0,0.0,0.0,0.0,1.0,0.0,0.5,1.0,3.0,1.5,0.0,1.0,600.0,-22.46875009732321
757,1550336,-0.003959522052900866,1.3845122456550598,6.470958042144775,0.029368304081920846,0.04133883593603969,0.2195938895146052,-0.17441236972808838,1.3104562759399414,0.7454427083333334,510.396394888713,1949.277241497788,326.5745881865587,94.10637686396512,596.2851331080092,5,0.0,0.0,0.0,0.0,1.0,0.0,0.4,1.6,2.6,1.0,0.0,1.0,600.0,-22.28916697893292
758,1552384,-3.6007879922787346e-05,0.863823664188385,6.46930734316508,0.0049333327209145255,0.031051023855494957,0.21049457490444184,0.20780950784683228,0.8937576413154602,0.7970377604166666,510.6300175452064,1951.25428193884,327.0020773075739,94.22855101396271,596.2851331080092,3,0.0,0.0,0.0,0.0,1.0,0.0,0.6666666666666666,1.3333333333333333,2.3333333333333335,1.0,0.0,1.0,600.0,-23.30916690795372
759,1554432,-0.0011032403369123738,2.2053029894828797,6.467832120259603,0.1230401761791048,0.03237604886914293,0.207898939649264,-0.14585962891578674,1.4116662740707397,0.7781575520833334,510.83939183931085,1953.3643037087822,327.4423598746289,94.33799641396035,596.2851331080092,2,0.0,0.0,0.0,0.5,0.5,0.0,1.0,1.0,1.5,0.5,0.5,0.5,593.0,-34.8787505524233
760,1556480,-0.0011891782671834032,1.2115578591823577,6.46422979036967,0.004784879326325609,0.04655492966606592,0.19660912156105043,0.023528359830379486,1.1288994550704956,0.8055013020833334,511.042464436145,1955.5653138017806,327.82847923160443,94.45134027495806,596.2851331080092,5,0.0,0.0,0.0,0.0,1.0,0.0,0.6,1.4,2.6,1.0,0.0,1.0,600.0,-21.199000185262413
761,1558528,-0.0018268966271231572,0.8053271651268006,6.465931669871012,0.02851568286253799,0.02523404035794859,0.20228994290033978,0.2060614377260208,0.9636346697807312,0.79150390625,511.25345562984086,1957.7335612956522,328.2067278065806,94.56651452895312,596.2851331080092,3,0.0,0.0,0.0,0.0,1.0,0.0,1.0,1.3333333333333333,1.6666666666666667,0.6666666666666666,0.0,1.0,600.0,-19.439166749982785
762,1560576,-0.0011654025681006412,2.4196057438850405,6.468246603012085,0.002732173735239485,0.020366425168079634,0.19641163398822148,0.03105553425848484,1.6570733785629272,0.78369140625,511.4516487310543,1959.8954874696865,328.6444739265353,94.6844863699589,596.2851331080092,4,0.0,0.0,0.0,0.0,1.0,0.0,1.0,2.0,2.0,0.0,0.0,1.0,600.0,-21.056458719074726
763,1562624,-0.004034639180948337,0.7390584886074066,6.474078973134358,0.0070093408673225594,0.03973830734224369,0.18977005432049435,0.19926799833774567,0.7560527920722961,0.8693033854166666,511.64114831674493,1962.1104549366719,329.09351136054465,94.79637586995523,596.2851331080092,2,0.0,0.0,0.0,0.5,0.5,0.0,0.5,0.5,2.0,2.0,0.0,0.5,592.0,-31.787500075995922
764,1564672,-0.002433004036235313,0.49853476583957673,6.474355792999267,0.0031444713754657035,0.014286270217659573,0.1914055071771145,0.050108883529901505,0.7721810340881348,0.8504231770833334,511.82061725058276,1964.4132085356177,329.49003421755333,94.91330103595101,596.2851331080092,5,0.0,0.0,0.0,0.0,1.0,0.0,0.4,1.8,2.2,0.8,0.0,1.0,600.0,-17.46950013972819
765,1566720,0.0013768594018377675,0.3978082925081253,6.477118412653605,0.008298070049204399,0.04153886049365004,0.1969757134715716,0.24860627949237823,0.6722697019577026,0.982421875,511.9721004186908,1966.8250716076654,329.9472052575293,95.03160435294558,596.2851331080092,3,0.0,0.0,0.0,0.0,1.0,0.0,0.3333333333333333,2.3333333333333335,3.0,0.3333333333333333,0.0,1.0,600.0,-10.813611333724111
766,1568768,-0.0016371511893036464,0.7250029981136322,6.476458724339803,0.0048093504972712255,0.035258740892944236,0.17389989122748375,0.14995171129703522,0.9292488694190979,0.9786783854166666,512.1397478217037,1969.2333955037248,330.3336948374781,95.14552170394745,596.2851331080092,2,0.0,0.0,0.0,0.0,1.0,0.0,0.0,3.0,3.0,0.0,0.0,1.0,600.0,-9.793333459179848
767,1570816,-0.0010912700284582872,1.1143393814563751,6.480756632486979,0.0023220462773072843,0.009578897214184205,0.19035300413767497,0.3479243814945221,1.1089591979980469,0.9689127604166666,512.312941985413,1971.5958615627897,330.72022590542474,95.26259059294534,596.2851331080092,5,0.0,0.0,0.0,0.0,1.0,0.0,0.2,2.6,3.0,0.2,0.0,1.0,600.0,-13.432833459973335
768,1572864,-0.001183116440855277,1.044585543870926,6.482638931274414,0.006617199590740104,0.03485364301595837,0.18933471242586772,0.13256751000881195,1.0470666885375977,0.9591471354166666,512.5068906975476,1973.8689930327964,331.08472200044343,95.36952423294133,596.2851331080092,3,0.0,0.0,0.0,0.0,1.0,0.0,0.0,2.6666666666666665,3.0,0.3333333333333333,0.0,1.0,600.0,-6.846666696170966
769,1574912,-0.00129719107838658,0.9496324479579925,6.486611525217692,0.008782881061779334,0.03106623156927526,0.19118684430917104,0.07549957185983658,0.8640177249908447,0.8634440104166666,512.690601724205,1976.1716734347428,331.4764165024535,95.4762866059391,596.2851331080092,5,0.0,0.0,0.0,0.4,0.6,0.0,0.0,1.2,1.8,1.8,0.0,0.6,577.2,-21.499833404738457
770,1576960,-0.001462908867688384,0.367191869020462,6.490704854329427,0.003414175327634439,0.021174135990440844,0.18268622656663258,0.20769792795181274,0.6229005455970764,0.9978841145833334,512.8561714994487,1978.5316449058082,331.9069114703889,95.58620440794039,596.2851331080092,1,0.0,0.0,0.0,0.0,1.0,0.0,0.0,3.0,3.0,0.0,0.0,1.0,600.0,-2.0000000298023224
771,1579008,-0.0036798935228337846,0.9536949276924134,6.490935611724853,0.00909721600546618,0.046100201515946536,0.18137596249580384,-0.20145754516124725,0.9308152794837952,0.93408203125,513.0151470020376,1980.9213158038765,332.325084060285,95.70131467394094,596.2851331080092,6,0.0,0.0,0.0,0.16666666666666666,0.8333333333333334,0.0,0.5,1.8333333333333333,2.6666666666666665,0.6666666666666666,0.0,0.8333333333333334,568.8333333333334,-16.57541667483747
772,1581056,-0.0019202513038180768,1.0601804733276368,6.49335823059082,0.0444600894440858,0.02318770142737776,0.204434505601724,-0.2955953776836395,1.0397019386291504,0.9386393229166666,513.1598617226898,1983.3562472819176,332.7649235823119,95.81199425094383,596.2851331080092,2,0.0,0.0,0.0,0.0,1.0,0.0,0.5,2.0,3.0,0.5,0.0,1.0,600.0,-21.198333469685167
773,1583104,0.0013627560421203575,0.5622014492750168,6.496370093027751,0.022892438367125578,0.029380604923547556,0.25850264529387157,0.08160895109176636,0.7997092604637146,0.9215494791666666,513.3309200140905,1985.6736474809295,333.2001767952461,95.920147263947,596.2851331080092,3,0.0,0.0,0.0,0.0,1.0,0.0,0.6666666666666666,2.3333333333333335,3.0,0.0,0.0,1.0,600.0,-15.811111216433346
774,1585152,-0.0010578755793782572,0.6670762181282044,6.496339464187622,0.004788938544030922,0.023050283563012877,0.19826161240537962,0.24307453632354736,0.8071672916412354,0.9716796875,513.4914132529909,1988.0571209259433,333.621608514266,96.03778289094043,596.2851331080092,4,0.0,0.0,0.0,0.0,1.0,0.0,0.0,2.5,2.75,0.25,0.25,1.0,600.0,-7.461875029839575
775,1587200,0.009103881553164684,0.886436814069748,6.500496212641398,0.015782469426630995,0.03959612761391327,0.27690355479717255,-0.07118154317140579,0.9891597628593445,0.9915364583333334,513.6535730631313,1990.4740506859598,334.00725158022396,96.16083972094202,596.2851331080092,2,0.0,0.0,0.0,0.0,1.0,0.0,0.0,2.5,3.0,0.5,0.0,1.0,600.0,-8.681666654767469
776,1589248,-0.0009853871742961928,1.217233920097351,6.503135045369466,0.0046784979874246345,0.020610150799620898,0.21659448519349098,-0.23115704953670502,1.1937047243118286,0.8837890625,513.8409981298046,1992.7571643759802,334.37185187114665,96.27251929694467,596.2851331080092,6,0.0,0.0,0.0,0.0,1.0,0.0,0.16666666666666666,2.3333333333333335,3.0,0.5,0.0,1.0,600.0,-13.086666668765247
777,1591296,-0.002512261352967471,0.18540897071361542,6.5062910715738935,0.027141251116214942,0.035556695656850934,0.1838994967440764,0.019616885110735893,0.47184503078460693,0.9166666666666666,514.0208377017502,1995.0391477959492,334.7872394031001,96.38134589894617,596.2851331080092,1,0.0,0.0,0.0,0.0,1.0,0.0,0.0,3.0,3.0,0.0,0.0,1.0,600.0,0.0
778,1593344,-0.0027732179713590693,0.8353694438934326,6.510918188095093,0.007657778655993752,0.024213341165644428,0.18563009947538375,0.002571488730609417,0.9356092810630798,0.923828125,514.2221695344494,1997.2473660089236,335.153598726145,96.48414895194583,596.2851331080092,6,0.0,0.0,0.0,0.0,1.0,0.0,0.0,2.5,2.6666666666666665,0.16666666666666666,0.3333333333333333,1.0,600.0,-12.518750096128011
779,1595392,-0.0023844983312301337,1.9786051988601685,6.516730388005574,0.026811720163823338,0.03276305738836527,0.16503720929225285,-0.07881803810596466,1.3717025518417358,0.89208984375,514.4168763367422,1999.4938481578356,335.5245497400101,96.59251164194575,596.2851331080092,2,0.0,0.0,0.0,0.5,0.5,0.0,0.5,1.0,2.0,1.5,0.0,0.5,549.5,-22.084999869577587
780,1597440,-0.0019229286738360921,1.0993300259113312,6.523739814758301,0.007447963174490724,0.03714749662127967,0.18059062610069912,0.12022210657596588,0.8947922587394714,0.94384765625,514.6065956451346,2001.7728625848176,335.8842970289843,96.70315078595013,596.2851331080092,3,0.0,0.3333333333333333,0.0,0.3333333333333333,0.6666666666666666,0.0,1.0,1.6666666666666667,2.3333333333333335,0.3333333333333333,0.0,0.6666666666666666,578.6666666666666,-20.603333610109985
781,1599488,-0.0023012153493861356,1.648901343345642,6.522918065388997,0.013995441015382918,0.052929010397444166,0.20999927421410877,-0.1790890395641327,1.3183186054229736,0.8972981770833334,514.8057010978292,2003.989111975825,336.24422422903444,96.81196749794617,596.2851331080092,5,0.0,0.0,0.0,0.2,0.8,0.0,0.6,1.8,2.6,0.6,0.0,0.8,579.2,-13.98716655150056
782,1601536,0.004019571012274052,3.114758920669556,6.516183153788249,0.023576749438264717,0.055079301706670476,0.25104253192742665,-0.398807168006897,1.9381277561187744,0.8094075520833334,515.0186012659191,2006.0693073358416,336.66621960192424,96.92927515594783,596.2851331080092,60,0.0,0.0,0.0,0.0,1.0,0.0,0.45,0.8833333333333333,2.8666666666666667,1.6333333333333333,nan,0.7,563.4833333333333,nan
783,1603584,-0.0020703276619315147,1.1138796746730804,6.513644091288248,0.03070836025484217,0.020347802670827756,0.188717965533336,-0.04492638260126114,0.9310110211372375,0.7693684895833334,508.25419592559797,2008.2913464197918,337.1233965679421,97.04381489894877,638.786251074016,6,0.0,0.0,0.0,0.3333333333333333,0.6666666666666666,0.0,0.6666666666666666,1.1666666666666667,2.3333333333333335,0.8333333333333334,0.3333333333333333,0.6666666666666666,584.3333333333334,-24.46875024959445
784,1605632,4.70218559106191e-06,0.4570913791656494,6.5201307455698645,0.00977063059884434,0.031248519441578537,0.2000306122004986,0.08684615045785904,0.6442841291427612,0.9287109375,508.3941201733011,2010.728248020685,337.6193816429077,97.16151196695137,638.786251074016,2,0.0,0.0,0.0,0.0,1.0,0.0,0.0,1.5,2.5,0.0,1.5,1.0,600.0,-34.06875057518482
785,1607680,-0.0016619200624215106,1.497378981113434,6.525935125350952,0.0047030104986333756,0.02321879320855563,0.19820979957779247,0.06683333218097687,1.1701021194458008,0.9378255208333334,508.5457909388345,2013.1114969746195,338.0926655459334,97.27573730495351,638.786251074016,6,0.0,0.0,0.0,0.0,1.0,0.0,0.5,2.1666666666666665,3.0,0.3333333333333333,0.0,1.0,600.0,-17.604583353968337
786,1609728,-0.0020832805118213096,0.7449747085571289,6.526725180943807,0.004050119885262878,0.02447315672955786,0.18787034799655278,-0.03986354172229767,0.9108673930168152,0.97216796875,508.71523100816216,2015.478348960598,338.491830823019,97.39609073595057,638.786251074016,1,0.0,0.0,0.0,0.0,1.0,0.0,0.0,2.0,1.0,1.0,0.0,1.0,600.0,-10.487500007264316
787,1611776,-0.0029897692302862803,1.2176782965660096,6.528220049540201,0.014393247446666162,0.03660453380240748,0.18833999385436376,0.054256927222013474,1.1171541213989258,0.8513997395833334,508.9057040011144,2017.7375978226337,338.8783826049039,97.50023517494992,638.786251074016,4,0.0,0.0,0.0,0.0,1.0,0.0,0.25,2.5,3.0,0.25,0.0,1.0,600.0,-14.31958350352943
788,1613824,-0.0013332051341421903,0.5939942598342896,6.53228333791097,0.0058239869036090875,0.031491831356349094,0.1558709904551506,0.10796332359313965,0.6156133413314819,0.90185546875,509.0810088754061,2020.0530369187036,339.2711127988514,97.62873448295431,638.786251074016,4,0.0,0.0,0.0,0.25,0.75,0.0,0.5,1.25,2.0,1.25,0.0,0.75,598.5,-18.200833338312805
789,1615872,-0.0031101040930176776,2.126512610912323,6.539305607477824,0.009823132061380116,0.03748439625681688,0.18858405003945033,-0.27672579884529114,1.4707088470458984,0.888671875,509.239492189538,2022.3978405587477,339.7333226688788,97.75489853195177,638.786251074016,2,0.0,0.0,0.5,0.0,0.5,0.0,0.0,1.5,1.5,1.0,0.5,0.5,331.5,-24.660417046397924
790,1617920,-0.0021639526453024398,1.634082055091858,6.544771337509156,0.00596020558004966,0.0282856547467721,0.19616276224454243,0.018393706530332565,1.2512809038162231,0.8841145833333334,509.41366803905163,2024.7413461517572,340.12119486882875,97.86227088994929,638.786251074016,6,0.0,0.0,0.0,0.0,1.0,0.0,0.5,2.1666666666666665,3.0,0.3333333333333333,0.0,1.0,600.0,-17.58166695168863
791,1619968,-0.0021777261591826875,1.341607141494751,6.54522811571757,0.0042653529618595105,0.015570123311287412,0.1784084198375543,0.1858399361371994,1.179495096206665,0.927734375,509.58568468107717,2027.0669251007785,340.53703251987463,97.97059159995115,638.786251074016,1,0.0,0.0,0.0,0.0,1.0,0.0,1.0,2.0,3.0,0.0,0.0,1.0,600.0,-21.30750010954216
792,1622016,0.0006585829668135072,2.0931775689125063,6.547424046198527,0.011534942141831076,0.027710069483146072,0.21336528832713764,-0.01902194507420063,1.4743058681488037,0.8033854166666666,509.8004049383846,2029.1853158468075,340.89391158179933,98.08144403195183,638.786251074016,7,0.0,0.0,0.0,0.0,1.0,0.0,0.5714285714285714,2.0,2.857142857142857,0.2857142857142857,0.14285714285714285,1.0,600.0,-15.270952511645321
793,1624064,-0.0018651087845986088,1.6267874121665955,6.548586241404215,0.010112201859010383,0.03618104379080857,0.20439443339904148,-0.20419010519981384,1.5076205730438232,0.73291015625,510.0473546464321,2030.9257431097867,341.40814801074885,98.21833064995008,638.786251074016,1,0.0,0.0,0.0,0.0,1.0,0.0,0.0,3.0,3.0,0.0,0.0,1.0,600.0,-7.14333329629153
794,1626112,-0.0029290257914302248,1.3171450734138488,6.553217538197836,0.006090365700098725,0.025435333741673578,0.1961865246295929,0.009542872197926044,0.9244563579559326,0.7918294270833334,510.258128003267,2033.0580415607837,341.7728496197378,98.327716948952,638.786251074016,4,0.0,0.0,0.0,0.75,0.25,0.0,0.0,0.75,2.0,1.25,1.0,0.25,496.0,-26.271874992875382
795,1628160,0.0031738872135368486,0.8569375932216644,6.556571292877197,0.014021059517593434,0.029359876783564685,0.19220719163616498,0.43995118141174316,0.823554277420044,0.9765625,510.41698819053227,2035.4248034167467,342.2093112907096,98.44224467195454,638.786251074016,4,0.0,0.0,0.0,0.0,1.0,0.0,0.0,2.25,2.25,0.0,0.75,1.0,600.0,-17.79833364789374
796,1630208,-0.001349424058571458,0.4865047335624695,6.55573722521464,0.0035874631508098294,0.014191474439576269,0.1783888342479865,0.14792345464229584,0.7553330063819885,0.98388671875,510.570077014539,2037.8074279097273,342.66597891370475,98.5574982519538,638.786251074016,2,0.0,0.0,0.0,0.0,1.0,0.0,0.0,3.0,3.0,0.0,0.0,1.0,600.0,-4.963333359453827
797,1632256,-0.0021278334781527517,1.2015525221824646,6.5588989893595375,0.007829052550490209,0.02514838972516979,0.18255430360635122,0.11396864801645279,1.1371631622314453,0.9318033854166666,510.6794367911462,2040.466577303705,343.09364557771187,98.68897263395775,638.786251074016,5,0.0,0.0,0.0,0.0,1.0,0.0,0.0,2.6,3.0,0.4,0.0,1.0,600.0,-10.62033337764442
798,1634304,-0.0014586229430278764,1.618999445438385,6.554050286610921,0.0033326243845901143,0.02291147995662565,0.1858902265628179,-0.28436511754989624,1.2548705339431763,0.8341471354166666,510.7728829205533,2043.2365109987659,343.52117750969046,98.8132952169617,638.786251074016,3,0.0,0.0,0.0,0.0,1.0,0.0,0.6666666666666666,2.0,3.0,0.3333333333333333,0.0,1.0,600.0,-18.855555743910372
799,1636352,-0.00047040188995500407,1.2127115309238434,6.5501281261444095,0.004438785180294265,0.030163466037871938,0.1911848319073518,0.04883679375052452,0.9534070491790771,0.9373372395833334,510.8344337156539,2046.1748653237591,343.970360798623,98.93903318195953,638.786251074016,4,0.0,0.0,0.0,0.5,0.5,0.0,0.0,1.0,2.5,1.5,0.5,0.5,553.0,-30.717708499287255
800,1638400,-0.00294698616489768,1.1888445258140563,6.55219407081604,0.005901580814194555,0.03235242232137049,0.1614487720032533,-0.06422394514083862,1.1108195781707764,0.94677734375,510.90400402928213,2049.0871039297126,344.3987633816723,99.06704867396184,638.786251074016,2,0.0,0.0,0.0,0.0,1.0,0.0,0.0,3.0,3.0,0.0,0.0,1.0,600.0,-9.782500059343874
801,1640448,-0.003192663157824427,2.1638359904289244,6.555184523264567,0.0071959813426171115,0.03351388870893667,0.19680954044063886,-0.05371220409870148,1.3877161741256714,0.82421875,510.99554168848164,2051.8221850987175,344.85975875162694,99.19443529895943,638.786251074016,5,0.0,0.2,0.0,0.4,0.6,0.0,1.2,1.4,3.0,0.4,0.0,0.6,585.8,-24.387333313003182
802,1642496,0.026575233861027905,2.25458025932312,6.553923670450846,0.08836131772677618,0.043593291779203965,0.545800240089496,-0.2791707515716553,1.4327797889709473,0.9065755208333334,511.0968144305014,2054.5514373526676,345.26806076861976,99.32648253695515,638.786251074016,3,0.0,0.0,0.0,0.3333333333333333,0.6666666666666666,0.0,0.3333333333333333,0.6666666666666666,2.3333333333333335,1.3333333333333333,0.6666666666666666,0.6666666666666666,546.6666666666666,-35.28333357907832
803,1644544,-0.0024775747403812903,1.4555608034133911,6.5518779277801515,0.010396756614985255,0.0315574248903431,0.18611717919508616,0.002822340466082096,1.2606850862503052,0.84423828125,511.1938949977986,2057.2646190486266,345.7251182966793,99.43581539995648,638.786251074016,6,0.0,0.0,0.0,0.3333333333333333,0.6666666666666666,0.16666666666666666,0.5,1.3333333333333333,2.6666666666666665,1.0,0.16666666666666666,0.6666666666666666,544.8333333333334,-29.49055575982978
804,1646592,-0.0022882217291529134,2.4422760248184203,6.552282396952311,0.006740447017364204,0.029971854660349587,0.1681447500983874,0.06431702524423599,1.5920649766921997,0.9280598958333334,511.2801797843184,2060.0728871996253,346.14387492665264,99.56120963196008,638.786251074016,3,0.0,0.0,0.0,0.3333333333333333,0.6666666666666666,0.0,1.0,1.3333333333333333,3.0,0.0,0.6666666666666666,0.6666666666666666,518.3333333333334,-28.440000078640878
805,1648640,-0.003014676203019917,2.032559943199158,6.561945645014445,0.005799433159457597,0.02857361836358905,0.17670900002121925,0.05529558286070824,1.3675707578659058,0.9510091145833334,511.3682302073361,2062.8796474766277,346.55692039767746,99.6832720639577,638.786251074016,3,0.0,0.3333333333333333,0.0,0.6666666666666666,0.3333333333333333,0.3333333333333333,1.6666666666666667,0.6666666666666666,2.6666666666666665,0.6666666666666666,0.0,0.3333333333333333,527.6666666666666,-28.173611478569608
806,1650688,-0.00036310980503913016,2.300118064880371,6.569031620025635,0.005338517510487388,0.01464634018484503,0.18355927218993504,-0.0894327312707901,1.529178261756897,0.9130859375,511.4494889751094,2065.7575545057043,346.9558128706849,99.79786601795786,638.786251074016,4,0.0,0.25,0.0,0.5,0.5,0.0,1.0,1.0,2.5,1.0,0.0,0.5,530.5,-27.245208243606612
807,1652736,-0.0011718906229361893,1.4264203429222106,6.56864234606425,0.010923407516626564,0.04054227690212429,0.18648458793759345,-0.017741817981004715,1.1854327917099,0.8536783854166666,511.55708972965266,2068.473801466709,347.34573394868494,99.91626493295189,638.786251074016,4,0.0,0.25,0.0,0.5,0.5,0.0,1.5,1.0,2.75,0.25,0.25,0.5,517.75,-24.78125006495975
808,1654784,-0.0021220732713118197,1.383839452266693,6.569337972005209,0.004463623105099638,0.010944140388164669,0.15504489988088607,-0.07002536952495575,1.1692031621932983,0.9169921875,511.6466251401171,2071.3249853436064,347.72093983678496,100.03654743494553,638.786251074016,3,0.0,0.0,0.0,0.0,1.0,0.0,0.6666666666666666,2.3333333333333335,3.0,0.0,0.0,1.0,600.0,-21.061388929219294
809,1656832,-0.001202510305059453,0.5309672236442566,6.574095662434896,0.006455041300796438,0.015811235492583363,0.1723947361111641,0.3595484793186188,0.6382001042366028,0.9479166666666666,511.7221091296293,2074.231279109641,348.11976100871107,100.15405282294523,638.786251074016,3,0.0,0.0,0.0,0.0,1.0,0.0,0.3333333333333333,2.3333333333333335,2.6666666666666665,0.0,0.3333333333333333,1.0,600.0,-24.648889470224578
810,1658880,-0.003396158735267818,3.0186440706253053,6.577490631739298,0.005293970346489611,0.030971903648848335,0.18755233908692995,0.09643572568893433,1.7596139907836914,0.87353515625,511.81499001734954,2077.0376971235964,348.5009275637349,100.28193419394665,638.786251074016,4,0.0,0.0,0.0,0.0,1.0,0.0,0.25,2.5,2.5,0.25,0.0,1.0,600.0,-15.364583312300965
811,1660928,-0.00019119161297567188,1.7114742040634154,6.584563318888346,0.004939390038877415,0.040557286783587186,0.1656739870707194,0.20564524829387665,1.3920745849609375,0.9147135416666666,511.8995384607607,2079.8849794455964,348.8915757847426,100.41229743794975,638.786251074016,3,0.0,0.3333333333333333,0.0,0.3333333333333333,0.6666666666666666,0.0,1.0,1.3333333333333333,2.6666666666666665,0.3333333333333333,0.3333333333333333,0.6666666666666666,577.6666666666666,-24.365833397954702
812,1662976,0.005509326327592134,3.483526682853699,6.583076477050781,0.0075603432419787476,0.05702370981064935,0.24234218671917915,-0.36055827140808105,1.932899832725525,0.8458658854166666,511.98522134875896,2082.6739780436255,349.3052327307305,100.54282940795383,638.786251074016,5,0.0,0.2,0.0,0.4,0.6,0.0,1.2,1.2,2.8,0.4,0.2,0.6,572.6,-29.024833459220826
813,1665024,-0.0027629727070840695,3.154207730293274,6.581801986694336,0.010033897488756337,0.0475660398369655,0.17372446730732918,-0.08677224069833755,1.824289083480835,0.83642578125,512.0850536059696,2085.3931838486315,349.7340915136883,100.65434860695677,638.786251074016,4,0.0,0.0,0.0,0.5,0.5,0.25,0.75,1.0,2.25,0.75,0.5,0.5,540.25,-30.08333352371119
814,1667072,-0.001966350929190715,0.6053761720657349,6.590605115890503,0.004180842508988766,0.02415842095312352,0.16804885615905127,0.123700350522995,0.6928879618644714,0.8430989583333334,512.1936462797928,2088.0747274655732,350.1435509736839,100.77141923696036,638.786251074016,2,0.0,0.0,0.0,0.5,0.5,0.0,0.5,1.5,3.0,0.0,1.0,0.5,563.5,-28.9150002123788
815,1669120,-0.0024787433523063857,2.069477844238281,6.59311351776123,0.003847166289536593,0.030996201296026506,0.15948173875610033,0.28353193402290344,1.3538591861724854,0.9241536458333334,512.281801692331,2090.864081290565,350.5564562086947,100.89448799495585,638.786251074016,4,0.0,0.0,0.0,0.0,1.0,0.0,0.5,1.75,2.5,0.25,0.5,1.0,600.0,-30.62333367357496
816,1671168,-0.0015012942642594377,1.8420722723007201,6.592817910512289,0.010463671793695539,0.0354105273882548,0.17838451117277146,0.2568652629852295,1.144895315170288,0.9471028645833334,512.3477792579018,2093.8026384835393,350.9666786667731,101.01959940495726,638.786251074016,3,0.0,0.0,0.0,0.0,1.0,0.0,1.6666666666666667,1.3333333333333333,3.0,0.0,0.0,1.0,600.0,-23.064444466804463
817,1673216,-0.0022666833848537255,3.3680285930633547,6.593628485997518,0.0060632483272153575,0.027071043488103897,0.16048996075987815,-0.4145810306072235,1.833351969718933,0.8994140625,512.4303920768319,2096.657225686431,351.36273429286666,101.14051716095855,638.786251074016,5,0.0,0.2,0.0,0.4,0.6,0.0,1.2,1.2,2.6,0.6,0.0,0.6,560.8,-26.714666741900146
818,1675264,-4.1690468788146975e-05,2.3943740129470825,6.595514567693074,0.012901670179295858,0.014773357729427516,0.1945294603705406,0.2827152907848358,1.5485962629318237,0.8483072916666666,512.5169388921225,2099.444405733426,351.79273435883806,101.26977060995705,638.786251074016,2,0.0,0.0,0.0,0.0,1.0,0.0,1.0,2.0,2.0,0.0,0.0,1.0,600.0,-17.03041679225862
819,1677312,-0.0027988631239471338,3.8731808423995973,6.596969207127889,0.0045407039792432135,0.024381552873334537,0.1914340600371361,-0.49859750270843506,1.9809271097183228,0.796875,512.62770605501,2102.1078432874565,352.18476611374354,101.40440466595464,638.786251074016,4,0.0,0.75,0.0,0.75,0.25,0.0,2.5,0.25,3.0,0.25,0.0,0.25,493.5,-30.02958339662291
820,1679360,-0.0005774541855013619,2.5128509283065794,6.603103669484456,0.00674098249534533,0.030390296721210082,0.18947814206282299,0.308029443025589,1.4805136919021606,0.849609375,512.6723899782589,2105.111533288422,352.6302478776852,101.5427116769497,638.786251074016,7,0.0,0.2857142857142857,0.14285714285714285,0.42857142857142855,0.42857142857142855,0.14285714285714285,1.4285714285714286,1.0,2.142857142857143,0.42857142857142855,0.14285714285714285,0.42857142857142855,415.2857142857143,-24.52083351449775
821,1681408,-0.001973351587851842,1.3723079681396484,6.607294623057047,0.007159493137927105,0.03518797823150332,0.19045531774560612,-0.011947154998779297,1.006317377090454,0.8562825520833334,512.7578516483954,2107.890457837435,353.0536351157498,101.68136831894662,638.786251074016,3,0.0,0.0,0.0,0.3333333333333333,0.6666666666666666,0.0,1.6666666666666667,0.6666666666666666,2.6666666666666665,0.3333333333333333,0.3333333333333333,0.6666666666666666,552.0,-31.094166779580217
822,1683456,-0.0022528395250750086,3.203592896461487,6.612118784586588,0.005271780109008735,0.043914225045591594,0.18458245620131492,-0.4689880907535553,1.7370610237121582,0.8922526041666666,512.8198831067116,2110.832679733394,353.47744573573436,101.80312055794639,638.786251074016,5,0.0,0.0,0.0,0.0,1.0,0.0,1.4,1.2,3.0,0.4,0.0,1.0,600.0,-35.254833380598576
823,1685504,-0.0006052372356255849,0.9851028501987458,6.6151535987854,0.007247923105023801,0.03471615445644905,0.1718222491443157,0.11098532378673553,0.9883884191513062,0.9430338541666666,512.8941654332357,2113.6536000644846,353.91392213079234,101.96594015394658,638.786251074016,1,0.0,0.0,0.0,0.0,1.0,0.0,0.0,3.0,3.0,0.0,0.0,1.0,600.0,-23.345000461675227
824,1687552,-0.003273433401773218,0.9271186947822571,6.619265460968018,0.004928792188177056,0.03225819489064937,0.16299172987540564,0.1994394063949585,0.9271078109741211,0.95556640625,512.9690921845272,2116.4915045895104,354.344117760862,102.09804601794167,638.786251074016,5,0.0,0.0,0.0,0.2,0.8,0.0,0.4,2.0,2.6,0.6,0.0,0.8,570.6,-19.205666719377042
825,1689600,0.00045460005446026723,1.5586692452430726,6.621619733174642,0.03185892658463369,0.04887007410482814,0.19896609236796697,-0.13586443662643433,1.2321562767028809,0.89453125,513.0190320961113,2119.4816968785017,354.793066823906,102.22219483394292,638.786251074016,2,0.0,0.0,0.0,0.0,1.0,0.0,0.0,2.5,3.0,0.5,0.0,1.0,600.0,-17.417500094976276
826,1691648,0.11102319040801376,1.7034857869148254,6.611956294377645,0.05436232046922669,0.07839272197646399,1.4880292852719625,0.013210304081439972,1.25248384475708,0.9000651041666666,513.0911818173792,2122.3661900265433,355.2012249479012,102.34635465293832,638.786251074016,4,0.0,0.25,0.0,0.25,0.75,0.0,1.0,1.75,3.0,0.25,0.0,0.75,561.0,-30.406458471668884
827,1693696,-0.00032409416356434423,2.4135454177856444,6.608082882563273,0.004483952659453886,0.026733455422800034,0.1736170473198096,0.3650767505168915,1.512589454650879,0.9521484375,513.1375154121484,2125.4177065705153,355.6186946148591,102.46967605293321,638.786251074016,4,0.0,0.0,0.0,0.0,1.0,0.0,0.75,2.25,2.5,0.0,0.0,1.0,600.0,-28.082916935905814
828,1695744,-0.0022268587529348832,2.1487634897232057,6.610831801096598,0.004883079335195361,0.026834688576248784,0.1947929521401723,-0.08039349317550659,1.4401499032974243,0.8551432291666666,513.2330320475705,2128.1260656685336,356.03735876591236,102.61407705893362,638.786251074016,4,0.0,0.0,0.0,0.0,1.0,0.0,0.0,1.75,3.0,1.25,0.0,1.0,600.0,-22.38062506681308
829,1697792,-0.000500652725653102,1.591609263420105,6.616138124465943,0.007272931653278647,0.013091419221988568,0.17262142797311147,-0.08056814223527908,1.2218397855758667,0.8670247395833334,513.314059149406,2130.952104501521,356.45257406894234,102.74272793993441,638.786251074016,4,0.0,0.0,0.0,0.25,0.75,0.25,0.25,1.25,2.5,1.25,0.25,0.75,594.5,-29.355416654027067
830,1699840,-0.0035303379874676464,3.2971452474594116,6.620032119750976,0.00986076909393887,0.05370500836288557,0.16710807184378307,-0.33679887652397156,1.8202074766159058,0.9187825520833334,513.3975725242307,2133.7710987775863,356.87198722893663,102.86056338493654,638.786251074016,3,0.0,0.0,0.0,0.6666666666666666,0.3333333333333333,0.0,1.3333333333333333,1.0,3.0,0.6666666666666666,0.0,0.3333333333333333,556.0,-32.25277776271105
831,1701888,-0.0030832054481531182,2.336506986618042,6.6221530119578045,0.004608666200753456,0.020243110961746424,0.19757971192399662,-0.43435633182525635,1.5544015169143677,0.8092447916666666,513.4982564065889,2136.4084981475607,357.327828759946,102.99677994693775,638.786251074016,60,0.0,0.0,0.0,0.3333333333333333,0.6666666666666666,0.016666666666666666,0.7333333333333333,0.8333333333333334,2.8833333333333333,1.4333333333333333,nan,0.6333333333333333,515.8333333333334,nan
832,1703936,-0.002304041028643648,1.8310932636260986,6.623455699284872,0.003130303389237573,0.01736168150479595,0.18102913002173107,0.14814665913581848,1.4525585174560547,0.8155924479166666,506.4951916335771,2138.946261668556,357.7990548108646,103.12626428194199,685.4067494840201,2,0.0,0.0,0.0,0.0,1.0,0.0,0.5,2.0,2.5,0.0,0.5,1.0,600.0,-36.14916719403118
833,1705984,-0.0023244359627521286,1.8396023035049438,6.62748696009318,0.007594898045257045,0.0320029380498454,0.16816014076272648,0.014382600784301758,1.212605595588684,0.84912109375,506.5906345822436,2141.635206781517,358.2634977478665,103.2627646249457,685.4067494840201,5,0.0,0.0,0.0,0.0,1.0,0.0,0.0,1.4,2.4,1.0,0.6,1.0,600.0,-29.627833762485533
834,1708032,-0.0026659622710819048,2.4677817821502686,6.63143515586853,0.007751874019353029,0.017578455906671783,0.18959732229510942,-0.10684704780578613,1.6229878664016724,0.8147786458333334,506.68518594206233,2144.3735225354903,358.7228270368869,103.37605892994179,685.4067494840201,3,0.0,0.0,0.0,0.0,1.0,0.0,0.0,2.0,2.6666666666666665,0.6666666666666666,0.3333333333333333,1.0,600.0,-24.4097224669531
835,1710080,-0.0010514977834342669,1.7994896292686462,6.627202796936035,0.007251285429811105,0.05481846586723502,0.22283277312914532,-0.10442319512367249,1.3514324426651,0.87841796875,506.7555971991969,2147.1909557814506,359.1955756829266,103.54356148694205,685.4067494840201,5,0.0,0.0,0.0,0.4,0.6,0.0,0.2,1.2,2.4,1.0,0.6,0.6,544.4,-33.374833810888234
836,1712128,-0.0021231747698038815,1.142937821149826,6.625558948516845,0.013795929440918068,0.027471091761253775,0.1767062798142433,0.17677240073680878,1.0666359663009644,0.9171549479166666,506.85357306811886,2149.9214502694886,359.63021885794296,103.66397740493994,685.4067494840201,3,0.0,0.0,0.0,0.3333333333333333,0.6666666666666666,0.0,0.6666666666666666,1.3333333333333333,3.0,1.0,0.0,0.6666666666666666,593.0,-28.85333340987563
837,1714176,-0.00010448596440255642,1.9926557660102844,6.629081265131632,0.005472788018960273,0.025547634297981858,0.1852472258110841,-0.15727074444293976,1.339377760887146,0.89794921875,506.93247507979555,2152.771733799542,360.0639761279235,103.78811033894453,685.4067494840201,4,0.0,0.25,0.0,0.75,0.25,0.0,1.25,0.5,2.25,1.0,0.25,0.25,491.25,-30.1077084147837
838,1716224,-0.0006700570028139434,1.0978774964809417,6.630123917261759,0.012886846961919218,0.005480556124045203,0.18214479933182398,0.11313129961490631,1.0177875757217407,0.9386393229166666,507.0075878023176,2155.6421856665474,360.5117709369515,103.91229535694583,685.4067494840201,2,0.0,0.0,0.0,0.0,1.0,0.0,0.5,2.5,3.0,0.0,0.0,1.0,600.0,-10.165833337698132
839,1718272,-0.0025039204861968755,1.8143554210662842,6.628745587666829,0.0033556248124417226,0.029714507974373798,0.16557715957363447,0.4103493392467499,1.3290414810180664,0.92529296875,507.09470156418604,2158.461522850601,360.9184435629577,104.0451800569499,685.4067494840201,5,0.0,0.0,0.0,0.0,1.0,0.0,0.0,2.4,2.8,0.4,0.2,1.0,600.0,-19.237333611864596
840,1720320,-0.0023066903768873695,1.9703712344169617,6.629287242889404,0.005630428599276153,0.03041205945579956,0.1966214785973231,-0.31453755497932434,1.3470052480697632,0.8614908854166666,507.19360175430586,2161.1555239736263,361.38201731091976,104.1631838909525,685.4067494840201,3,0.0,0.0,0.0,0.0,1.0,0.0,0.6666666666666666,1.6666666666666667,3.0,0.6666666666666666,0.0,1.0,600.0,-28.42944471957162
841,1722368,-0.0007886559609081208,1.3634397745132447,6.632282829284668,0.00710512268851744,0.020741399800560126,0.1886602727075418,-0.0765705406665802,1.210270881652832,0.8675130208333334,507.2942087018504,2163.821438330626,361.85313861488976,104.28752233095292,685.4067494840201,3,0.0,0.0,0.0,0.0,1.0,0.3333333333333333,0.0,2.3333333333333335,2.6666666666666665,0.6666666666666666,0.0,1.0,600.0,-17.371944580692798
842,1724416,-0.004199125963107993,1.0404828786849976,6.6330809434254965,0.007296129294748728,0.037390744942240414,0.1975960463285446,0.033156607300043106,1.0475220680236816,0.8009440104166666,507.42909874918604,2166.293017334654,362.28933416197106,104.41163274495193,685.4067494840201,4,0.0,0.0,0.0,0.25,0.75,0.0,0.0,1.75,2.5,0.75,0.5,0.75,577.75,-26.65083374211099
843,1726464,-0.0040528119774535295,1.6401586174964904,6.639142815272013,0.005830712185706943,0.0436579091163973,0.1922869436442852,-0.21217438578605652,1.1980868577957153,0.8473307291666666,507.51928889065283,2169.041136232736,362.7581575349177,104.52698381795199,685.4067494840201,3,0.0,0.0,0.0,0.0,1.0,0.0,0.3333333333333333,1.0,2.6666666666666665,1.3333333333333333,0.3333333333333333,1.0,600.0,-31.113333519548178
844,1728512,-0.000962348065028588,1.6304375171661376,6.638634093602499,0.00863604035791165,0.032743043988011776,0.18191879466176034,0.09728043526411057,1.2843295335769653,0.9228515625,507.60048057432726,2171.845140956735,363.21084629189863,104.65017212895327,685.4067494840201,6,0.0,0.0,0.0,0.16666666666666666,0.8333333333333334,0.0,0.16666666666666666,2.0,2.6666666666666665,0.5,0.3333333333333333,0.8333333333333334,573.1666666666666,-24.09486131455439
845,1730560,0.0025905267170552785,0.6375599265098572,6.637766663233439,0.007234700285092307,0.030236283445265143,0.21270745744307837,-0.1663953810930252,0.6448346972465515,0.92138671875,507.67318663722756,2174.7115468837583,363.66353575882385,104.77551692395355,685.4067494840201,1,0.0,1.0,0.0,1.0,0.0,0.0,3.0,0.0,3.0,0.0,0.0,0.0,527.0,-49.52500077523291
846,1732608,-0.0024554096467909402,3.4737390756607054,6.638310591379802,0.006282081167834501,0.03601491671676437,0.18449078450600306,-0.2322903573513031,1.898331880569458,0.9557291666666666,507.7336497065505,2177.662061248746,364.11288709785003,104.89772858595097,685.4067494840201,4,0.0,0.0,0.0,0.0,1.0,0.0,0.0,2.75,3.0,0.25,0.0,1.0,600.0,-23.671667024260387
847,1734656,-0.001627904719983538,1.9632423996925354,6.641041978200277,0.02319365148543966,0.05053094717829178,0.1730355051656564,0.15765602886676788,1.4641777276992798,0.8885091145833334,507.82551655550463,2180.410122471716,364.55087224683666,105.02440908895369,685.4067494840201,3,0.0,0.0,0.0,0.0,1.0,0.0,0.3333333333333333,2.0,3.0,0.6666666666666666,0.0,1.0,600.0,-28.310000164744753
848,1736704,-0.003943870513467118,1.568043828010559,6.643461974461873,0.011331115515592198,0.0470379954824845,0.18345127205053965,-0.000259768043179065,1.2886217832565308,0.84716796875,507.9129933561033,2183.1527816826856,365.0063424048276,105.16100767195167,685.4067494840201,3,0.0,0.0,0.0,0.3333333333333333,0.6666666666666666,0.0,0.3333333333333333,1.6666666666666667,2.6666666666666665,0.6666666666666666,0.3333333333333333,0.6666666666666666,587.3333333333334,-30.80805583080898
849,1738752,3.992114216089249e-06,1.641902542114258,6.645380258560181,0.010409765731310472,0.03665072976921995,0.18926247681180636,-0.1434471607208252,1.3238282203674316,0.8678385416666666,508.0120221203085,2185.8285144205947,365.4593938898033,105.29119254195393,685.4067494840201,5,0.0,0.0,0.0,0.2,0.8,0.0,0.2,1.6,3.0,0.8,0.4,0.8,596.6,-24.089666729979218
850,1740800,-0.0017327228570745016,1.9000940203666687,6.644516468048096,0.004911566455363451,0.020517548247395705,0.18649677659074465,-0.19109846651554108,1.3550455570220947,0.8553059895833334,508.1187125399145,2188.457620944653,365.90979905777203,105.41497817295021,685.4067494840201,4,0.0,0.0,0.0,0.5,0.5,0.0,0.25,1.25,2.5,1.0,0.5,0.5,529.5,-33.53958337416407
851,1742848,-0.0003557565854862332,1.9879730105400086,6.649344698588053,0.0058124924544245005,0.015983107072922092,0.18521803095936776,-0.06787742674350739,1.4377979040145874,0.8751627604166666,508.22510376472013,2191.1162916337344,366.33662892578286,105.54066404595505,685.4067494840201,4,0.0,0.0,0.0,0.25,0.75,0.0,0.25,1.75,2.75,0.75,0.25,0.75,572.75,-26.223333628848195
852,1744896,-0.0014969612277733783,0.5762694239616394,6.65444639523824,0.02942306933691725,0.039040904771536586,0.2173742820819219,0.28388023376464844,0.7183068990707397,0.9539388020833334,508.2982803430793,2193.93768046068,366.8144545728137,105.67023067695845,685.4067494840201,2,0.0,0.5,0.0,0.5,0.5,0.0,1.5,1.0,3.0,0.5,0.0,0.5,486.0,-25.813333064317703
853,1746944,-0.002036245171135912,3.067531943321228,6.657064692179362,0.0072048047635083394,0.0264330685720779,0.20358390534917514,-0.28076785802841187,1.733965516090393,0.9189453125,508.37342158960206,2196.780504006638,367.262821057775,105.79325961496215,685.4067494840201,3,0.0,0.0,0.0,0.0,1.0,0.0,0.0,1.6666666666666667,2.6666666666666665,1.0,0.3333333333333333,1.0,600.0,-26.86361123373111
854,1748992,-0.002852257639945795,0.8689250409603119,6.66123431523641,0.01754599637630842,0.025004969909787178,0.17542014544208845,0.2985437512397766,0.8615552186965942,0.8802083333333334,508.4469361488753,2199.6305795417284,367.7098269197013,105.91948585396312,685.4067494840201,4,0.0,0.0,0.0,0.0,1.0,0.0,0.25,1.75,3.0,1.0,0.0,1.0,600.0,-27.936458185547963
855,1751040,-0.0016057872863408798,1.9668774008750916,6.665800380706787,0.007369947163776184,0.0282063080308338,0.18893737122416496,0.03144334256649017,1.3015600442886353,0.9383138020833334,508.5189464559267,2202.486271576694,368.16100254066987,106.04179259596276,685.4067494840201,4,0.0,0.0,0.0,0.5,0.5,0.0,0.75,0.75,2.5,1.0,0.5,0.5,544.75,-29.771666684071533
856,1753088,0.003884216224832926,3.7640352487564086,6.66569504737854,0.010044080143173536,0.05298414438342055,0.23973488559325537,-0.12356587499380112,1.933362364768982,0.8671875,508.59940321122957,2205.317416649683,368.5859068545906,106.16262869796628,685.4067494840201,4,0.0,0.0,0.0,0.25,0.75,0.0,0.25,1.25,3.0,1.5,0.0,0.75,594.25,-33.722291509155184
857,1755136,-0.004648123165437331,1.7362390995025634,6.668975480397543,0.008216059325301709,0.051685819503230354,0.19541063929597538,-0.15615957975387573,1.262111783027649,0.84228515625,508.680180930823,2208.1230529416716,369.02917559266643,106.2865396309644,685.4067494840201,4,0.0,0.0,0.0,0.5,0.5,0.0,0.25,0.5,3.0,1.75,0.5,0.5,579.0,-43.67104217817541
858,1757184,-0.00029908137706418834,2.9710591793060304,6.668857876459757,0.013413853976332272,0.023475437782083948,0.1723151738444964,0.2369769662618637,1.6667908430099487,0.92578125,508.7740401462588,2210.907171592662,369.4179207006673,106.41123802596121,685.4067494840201,3,0.0,0.0,0.0,0.3333333333333333,0.6666666666666666,0.0,0.6666666666666666,1.3333333333333333,3.0,1.0,0.0,0.6666666666666666,588.0,-21.623333403219778
859,1759232,0.00018952201741437118,1.8022903442382812,6.66453119913737,0.012550867119959246,0.03093629297800362,0.19824172233541806,-0.1562276929616928,1.4017291069030762,0.8663736979166666,508.8976083947379,2213.4917914867037,369.80149843663094,106.53630913296365,685.4067494840201,4,0.0,0.25,0.0,0.75,0.25,0.0,1.0,0.5,2.5,1.5,0.0,0.25,533.0,-35.866874827770516
860,1761280,0.0005473457024587939,0.40982707142829894,6.662347857157389,0.006381123321868169,0.03358612318212787,0.17171382730205853,0.14683520793914795,0.5239527225494385,0.8898111979166666,508.9853366686195,2216.293696937726,370.21262765563006,106.65896893696481,685.4067494840201,1,0.0,0.0,0.0,0.0,1.0,1.0,0.0,1.0,2.0,2.0,0.0,1.0,600.0,-32.577500878833234
861,1763328,-7.147442083805799e-05,1.8003713607788085,6.662418794631958,0.007614828164999684,0.017925749303928266,0.17280118217070897,-0.05034207925200462,1.2793718576431274,0.9456380208333334,509.05478249128697,2219.1897294298105,370.64741784657235,106.76715304496611,685.4067494840201,6,0.0,0.0,0.0,0.0,1.0,0.0,0.3333333333333333,2.1666666666666665,2.6666666666666665,0.16666666666666666,0.3333333333333333,1.0,600.0,-17.084027944520738
862,1765376,-0.00197999261484559,1.1114043772220612,6.663061730066935,0.01945622979934948,0.042532117245718835,0.17292438770333926,-0.0662485659122467,1.1182366609573364,0.9368489583333334,509.13013801521686,2222.0134655277798,371.0806706285657,106.91452392196516,685.4067494840201,2,0.0,0.0,0.0,0.0,1.0,0.0,0.0,3.0,3.0,0.0,0.0,1.0,600.0,-18.605833350215107
863,1767424,-0.0014680197307219108,2.332534980773926,6.668438498179118,0.012531589181162418,0.02809083624742925,0.1780823548634847,-0.12095040827989578,1.6434237957000732,0.8146158854166666,509.254004772009,2224.5163964997846,371.5281119625506,107.03662477696344,685.4067494840201,5,0.0,0.0,0.0,0.2,0.8,0.0,0.6,1.6,2.8,0.6,0.2,0.8,597.6,-24.6405001767911
864,1769472,-0.002742485007426391,1.5055834174156189,6.67629272143046,0.006386924410859743,0.023257317731622606,0.1738731009264787,0.08158320188522339,1.1404716968536377,0.88427734375,509.3565647048101,2227.141240170771,371.9909370784735,107.17168225696514,685.4067494840201,3,0.0,0.0,0.0,0.3333333333333333,0.6666666666666666,0.0,1.0,1.3333333333333333,2.6666666666666665,0.3333333333333333,0.3333333333333333,0.6666666666666666,564.6666666666666,-25.12166700263818
865,1771520,-0.0010475241346284748,1.0815856099128722,6.680965725580851,0.008509392561973073,0.024481888328834127,0.16744804059465726,0.030168989673256874,1.1189653873443604,0.9016927083333334,509.43623045517916,2229.956312553775,372.4209906014803,107.30163146895939,685.4067494840201,3,0.0,0.0,0.0,0.3333333333333333,0.6666666666666666,0.0,0.3333333333333333,1.6666666666666667,2.0,0.6666666666666666,0.3333333333333333,0.6666666666666666,552.0,-22.3716668432268
866,1773568,-0.0013422632628741363,0.6222806632518768,6.685796022415161,0.013470779075093257,0.015922035292411842,0.1627450741827488,0.17751766741275787,0.7385144233703613,0.9814453125,509.5000878745967,2232.8836238377553,372.8492840124163,107.42955106196314,685.4067494840201,4,0.0,0.0,0.0,0.0,1.0,0.0,0.25,2.5,2.5,0.25,0.0,1.0,600.0,-16.44041674793698
867,1775616,0.0009351970785549687,1.8910144805908202,6.6870826244354244,0.007297839805445013,0.03130212031537667,0.19499900738398235,-0.34319379925727844,1.370815634727478,0.8836263020833334,509.58859124989533,2235.660125785762,373.2704902903788,107.55823633896216,685.4067494840201,2,0.0,0.0,0.0,0.0,1.0,0.0,0.5,2.5,3.0,0.0,0.0,1.0,600.0,-16.482500217389315
868,1777664,-0.0019253385418172306,2.0013105273246765,6.688867473602295,0.008563580501747008,0.027423253500213227,0.17297876328229905,-0.0656028762459755,1.3772485256195068,0.8819986979166666,509.6806538778373,2238.39627509172,373.69912131437013,107.68434294196777,685.4067494840201,5,0.0,0.2,0.0,0.2,0.8,0.0,0.8,1.8,3.0,0.4,0.0,0.8,591.4,-24.833833582419903
869,1779712,-0.0011925268375004331,0.875482976436615,6.694210370381673,0.005255320879708355,0.015867635258473456,0.172768551359574,0.22619184851646423,0.8385043144226074,0.89990234375,509.7582343173341,2241.228630203688,374.1281293883949,107.80642893996992,685.4067494840201,3,0.0,0.0,0.0,0.3333333333333333,0.6666666666666666,0.0,0.6666666666666666,1.3333333333333333,2.6666666666666665,0.6666666666666666,0.3333333333333333,0.6666666666666666,587.3333333333334,-31.323333430103958
870,1781760,7.566146086901426e-05,1.5336620926856994,6.695053052902222,0.010960673945495122,0.028589951759204268,0.18605588898062705,-0.0713808462023735,1.2819733619689941,0.8982747395833334,509.82319326616107,2244.090024312667,374.6025139084086,107.93055832396931,685.4067494840201,4,0.0,0.0,0.0,0.0,1.0,0.0,0.0,2.75,2.75,0.0,0.25,1.0,600.0,-13.633958502789028
871,1783808,0.4216915952507406,2.8708465576171873,6.684525680541992,0.1806303410946081,0.0733052928155909,4.196727628757556,-0.2999400794506073,1.7683608531951904,0.8209635416666666,509.9212610311064,2246.7060244987006,375.06501803449646,108.08967189797113,685.4067494840201,3,0.0,0.0,0.0,0.3333333333333333,0.6666666666666666,0.0,1.0,1.0,3.0,1.0,0.0,0.6666666666666666,587.0,-22.551666730083525
872,1785856,-0.0020169359263187896,2.181971025466919,6.677086400985718,0.021771697288689513,0.023739955217267076,0.18810429995258648,-0.05834636837244034,1.53195321559906,0.7908528645833334,510.0465337683408,2249.1785396796986,375.52449811444967,108.212316102974,685.4067494840201,4,0.0,0.0,0.0,0.0,1.0,0.0,0.25,2.0,2.5,0.25,0.5,1.0,600.0,-22.065000249654986
873,1787904,-0.0019487335036198299,1.481059968471527,6.674366362889608,0.006296288423861067,0.020017485968613375,0.17818251972397167,0.11172701418399811,1.0928236246109009,0.8518880208333334,510.14911747681674,2251.821580886666,375.95387366745854,108.34519858197018,685.4067494840201,4,0.0,0.0,0.0,0.25,0.75,0.0,0.25,1.0,2.5,1.25,0.5,0.75,582.0,-39.380000410368666
874,1789952,-0.0022444142067494493,3.685258460044861,6.68016414642334,0.007206002313129526,0.04014568409960096,0.17612959270675976,-0.4170304238796234,1.9305953979492188,0.8709309895833334,510.23939208495887,2254.539256597731,376.4006727294691,108.47001174797333,685.4067494840201,3,0.0,0.3333333333333333,0.0,1.0,0.0,0.0,2.0,0.0,2.6666666666666665,0.6666666666666666,0.3333333333333333,0.0,411.6666666666667,-32.69166670553386
875,1792000,-0.0034346464012439053,1.567897367477417,6.68690242767334,0.009297536474211181,0.05200962861223767,0.19067504306634267,0.027335194870829582,1.2540192604064941,0.82958984375,510.347008096806,2257.1325636507536,376.84869102847006,108.59498573697056,685.4067494840201,5,0.0,0.0,0.0,0.6,0.4,0.0,1.4,1.0,2.4,0.4,0.2,0.4,496.8,-24.605666645243765
876,1794048,-0.000610346417912903,3.4535975456237793,6.688338851928711,0.031521809807357686,0.027600757692319653,0.17405313178896903,0.1517152339220047,1.8842576742172241,0.8419596354166666,510.48021770589474,2259.62360082379,377.2389282055374,108.71501286097191,685.4067494840201,4,0.0,0.25,0.0,0.75,0.25,0.0,1.0,0.25,2.25,1.5,0.25,0.25,451.0,-33.75250019156374
877,1796096,-0.0014115231034035483,2.2789891242980955,6.683772945404053,0.006202901641760642,0.052315830066800115,0.19372538576523463,-0.09162744134664536,1.4940459728240967,0.83154296875,510.58777325102255,2262.2038763257588,377.6945234246523,108.8440532999739,685.4067494840201,4,0.0,0.25,0.0,0.75,0.25,0.0,1.25,0.25,2.0,1.0,0.5,0.25,491.25,-31.225625159218907
878,1798144,-0.0034435557570153224,4.3976531505584715,6.678554503122966,0.021910576063601184,0.030374444163559625,0.18694326182206472,-0.38453948497772217,2.169078826904297,0.7781575520833334,510.6923236071396,2264.8108971358233,378.1084067446718,109.00024875097733,685.4067494840201,5,0.0,0.2,0.0,0.4,0.6,0.0,1.6,0.6,2.2,0.8,0.0,0.6,538.2,-29.694333515502514
879,1800192,-0.0035670008995415023,3.9938181400299073,6.67944057782491,0.058125455501188604,0.042507143093583485,0.17750082835555075,-0.4113411605358124,2.1290180683135986,0.78125,510.83765426512963,2267.165903290843,378.5289799516613,109.13371710898355,685.4067494840201,60,0.0,0.5,0.0,0.75,0.25,0.05,0.95,1.2333333333333334,2.7333333333333334,0.75,nan,0.65,525.6166666666667,nan
880,1802240,-0.0048372425992662706,2.322650694847107,6.684992790222168,0.09295851653150748,0.038383417619237054,0.18612933829426764,0.01712254248559475,1.6798709630966187,0.6578776041666666,503.9725610838779,2269.2930067988855,378.95742408467777,109.25951984698622,734.6845200310199,3,0.0,0.3333333333333333,0.0,0.6666666666666666,0.3333333333333333,0.0,1.3333333333333333,0.6666666666666666,2.0,0.6666666666666666,0.3333333333333333,0.3333333333333333,532.6666666666666,-35.66666691424325
881,1804288,0.00048691254730025925,2.161183476448059,6.687193981806437,0.036367325075358774,0.021604221826419235,0.17230488061904908,0.41354143619537354,1.1740059852600098,0.7791341145833334,504.0906118681034,2271.7839466258083,379.44243683570676,109.38610354798584,734.6845200310199,5,0.0,0.0,0.0,0.4,0.6,0.0,0.4,0.6,2.0,1.0,1.0,0.6,556.8,-33.28350026719272
882,1806336,-0.0018099445073554913,1.5677390694618225,6.687116416295369,0.0037608869204026024,0.026808068497727315,0.1847252515455087,-0.12919612228870392,1.324586033821106,0.8387044270833334,504.16210024072006,2274.6525358548024,379.9076567437587,109.49970413298433,734.6845200310199,3,0.0,0.0,0.0,1.0,0.0,0.0,1.0,0.0,2.0,1.6666666666666667,0.3333333333333333,0.0,463.6666666666667,-30.181388788856566
883,1808384,-0.003286157282127533,2.1182727575302125,6.690985711415609,0.005620060960548775,0.03252953074406832,0.21868834197521209,-0.25913214683532715,1.5435292720794678,0.6954752604166666,504.30598450321185,2276.988339602809,380.35331845874316,109.62916581799072,734.6845200310199,6,0.0,0.16666666666666666,0.0,0.8333333333333334,0.16666666666666666,0.0,1.1666666666666667,0.16666666666666666,2.8333333333333335,1.5,0.16666666666666666,0.16666666666666666,523.8333333333334,-39.86791674870377
884,1810432,-0.0011429587223877509,2.409697639942169,6.7004170417785645,0.027781061424563328,0.024532752002899845,0.16566944320996602,-0.06637729704380035,1.6733018159866333,0.8541666666666666,504.4049020684298,2279.6703722067687,380.7956143287156,109.76400086198555,734.6845200310199,2,0.0,0.5,0.0,1.0,0.0,0.0,1.5,0.0,2.5,1.0,0.5,0.0,460.0,-36.25875037768856
885,1812480,5.241129450344791e-05,2.3166322469711305,6.703163385391235,0.00792312079374824,0.01999875557376072,0.19516442567110062,0.3845084011554718,1.3804157972335815,0.7423502604166666,504.5320955749177,2282.1616443137755,381.2247892107116,109.88805878798303,734.6845200310199,6,0.0,0.16666666666666666,0.0,0.6666666666666666,0.3333333333333333,0.0,1.0,0.5,2.3333333333333335,0.8333333333333334,0.6666666666666666,0.3333333333333333,487.5,-28.985694505584735
886,1814528,0.05612584887615715,2.778602695465088,6.694653177261353,0.5807652960764245,0.04920671960959832,0.7154155939817428,0.046500325202941895,1.794969916343689,0.8610026041666666,504.61952497267384,2284.973298585748,381.63594318067044,110.01076274598017,734.6845200310199,2,0.0,0.0,0.0,0.5,0.5,0.0,0.0,1.5,3.0,1.5,0.0,0.5,576.5,-25.2983332965523
887,1816576,-0.0012631421287854514,1.3352595806121825,6.684642283121745,0.004411243605621469,0.013853612235592058,0.17813694725433984,0.18751898407936096,1.0872583389282227,0.7345377604166666,504.7190244906797,2287.6391092228005,382.10374377058906,110.1249086009775,734.6845200310199,4,0.0,0.0,0.0,0.25,0.75,0.0,0.75,0.75,2.5,1.0,0.5,0.75,544.75,-28.181875044247136
888,1818624,-0.0005722451178977887,2.1062172174453737,6.683325417836508,0.006703115657728631,0.030085621975983183,0.16420579701662064,0.40976232290267944,1.49601149559021,0.8727213541666666,504.8109592434407,2290.3891513188137,382.5239366026435,110.2551868259834,734.6845200310199,5,0.0,0.0,0.2,0.4,0.4,0.0,0.2,1.4,2.2,1.0,0.4,0.4,467.6,-22.41216660263017
889,1820672,-7.376357292135557e-05,1.2998387813568115,6.6836039861043295,0.015993668305357762,0.04760835791239515,0.18887609615921974,-0.26097986102104187,1.2105395793914795,0.7877604166666666,504.9230395934316,2292.97824673976,382.9776529566734,110.37310840598366,734.6845200310199,1,0.0,0.0,0.0,1.0,0.0,0.0,0.0,0.0,1.0,3.0,0.0,0.0,451.0,-30.0
890,1822720,-0.0022030149896939597,1.9799328207969666,6.685756810506185,0.004922680657667418,0.028273213561624287,0.18023533796270688,-0.12350084632635117,1.4725228548049927,0.7679036458333334,505.039576872515,2295.4493842937227,383.45103474170173,110.53120554298948,734.6845200310199,8,0.0,0.0,0.0,0.375,0.625,0.0,0.25,0.875,2.375,1.625,0.25,0.625,571.25,-30.27416674728738
891,1824768,-0.0017882239383955796,3.3261537551879883,6.686442422866821,0.015248157875127314,0.04296328682685271,0.1754077484210332,-0.22354796528816223,2.030435562133789,0.7119140625,505.17572132898397,2297.856657340657,383.8955771467081,110.65254977599398,734.6845200310199,3,0.0,0.3333333333333333,0.0,1.0,0.0,0.0,1.6666666666666667,0.0,2.3333333333333335,0.6666666666666666,0.6666666666666666,0.0,391.3333333333333,-33.221666786354035
892,1826816,-0.00036660272162407636,1.9039047598838805,6.692003027598063,0.007616174642074232,0.010353560578854134,0.1580056237677733,0.2185266762971878,1.4376444816589355,0.8056640625,505.2182632316124,2300.869519321648,384.37385586568416,110.78247901999566,734.6845200310199,5,0.0,0.0,0.0,0.8,0.2,0.0,0.0,0.4,2.0,1.6,1.0,0.2,486.8,-29.182000123150647
893,1828864,-0.0013097329220424095,3.105857181549072,6.694544506072998,0.4342319899216818,0.022582695233480384,0.1686417003472646,-0.38887643814086914,1.725877046585083,0.85546875,505.26239072593035,2303.8575192116914,384.86244092177367,110.92367441799433,734.6845200310199,4,0.0,0.25,0.0,0.75,0.25,0.0,1.0,0.25,2.0,1.25,0.5,0.25,417.75,-33.19666660542134
894,1830912,0.0022719867876730858,0.9349847972393036,6.69285626411438,0.014703817976502857,0.028444457869045436,0.20156757036844888,-0.0571654848754406,0.9730004072189331,0.8619791666666666,505.3234552902838,2306.7864901146895,385.315739925667,111.05260906099284,734.6845200310199,1,0.0,0.0,0.0,0.0,1.0,0.0,1.0,1.0,3.0,1.0,0.0,1.0,600.0,-31.550000156275928
895,1832960,0.004696259848424233,1.1783897817134856,6.6895294189453125,0.010693967280288538,0.03914394498957942,0.21843636284271875,0.1912110447883606,1.0462337732315063,0.92236328125,505.34939958371643,2309.9138682467456,385.80449390865397,111.17677896998794,734.6845200310199,6,0.0,0.0,0.0,0.3333333333333333,0.6666666666666666,0.0,0.16666666666666666,1.1666666666666667,2.6666666666666665,1.3333333333333333,0.3333333333333333,0.6666666666666666,573.5,-30.89847227030744
896,1835008,-0.0017953968763322337,0.780926501750946,6.689820655186971,0.011721268740560238,0.061106768211660285,0.17478741134206455,0.06634058803319931,0.8839071989059448,0.9256184895833334,505.4289103859184,2312.7367750878184,386.2520597086623,111.29423376898922,734.6845200310199,2,0.0,0.0,0.0,0.0,1.0,0.0,0.0,1.5,3.0,1.5,0.0,1.0,600.0,-27.924166597425938
897,1837056,0.0024492694259000323,1.1545064866542816,6.686633618672689,0.022202355465712267,0.030009928388365855,0.1831920325756073,0.13979275524616241,1.042123794555664,0.8922526041666666,505.5028288039116,2315.6195772557694,386.66585236461106,111.41310242898908,734.6845200310199,5,0.0,0.0,0.0,0.2,0.8,0.0,0.2,1.8,2.6,1.0,0.0,0.8,572.4,-20.042166773043572
898,1839104,-0.0016640019370242954,2.2967552304267884,6.682149823506673,0.05527354995332037,0.026478945518222947,0.15041899904608727,0.1056751161813736,1.468819260597229,0.9404296875,505.56354889713583,2318.5471067067265,387.1203345005997,111.5350892689894,734.6845200310199,4,0.0,0.0,0.0,0.25,0.75,0.0,0.0,2.0,2.75,0.75,0.25,0.75,545.0,-21.212500222725794
899,1841152,0.00718323333033671,1.4639823198318482,6.684967549641927,0.010097383109192984,0.04087059492400537,0.24136301577091218,-0.17571772634983063,1.2584969997406006,0.8977864583333334,505.62985924736375,2321.429931995728,387.5569768307396,111.68229102499026,734.6845200310199,4,0.0,0.0,0.0,0.25,0.75,0.0,0.5,1.75,2.5,0.75,0.0,0.75,563.25,-24.256250254111364
900,1843200,-0.00138171489816159,1.0721106112003327,6.680231618881225,0.0167723978869617,0.019684390467591583,0.18158590247233708,-0.1742452085018158,1.0398659706115723,0.9112955729166666,505.7096258066927,2324.2124548907886,388.03855223275605,111.7978747889938,734.6845200310199,1,0.0,0.0,0.0,0.0,1.0,0.0,0.0,2.0,3.0,1.0,0.0,1.0,600.0,-25.42083384282887
901,1845248,-0.001725099356068919,1.336310076713562,6.6789133230845135,0.006086852418472215,0.04972572804351027,0.173015379657348,0.07708283513784409,1.1531925201416016,0.8631184895833334,505.7868993349742,2327.0119151967665,388.4844139688139,111.93224764199113,734.6845200310199,4,0.0,0.0,0.0,0.0,1.0,0.0,0.0,2.25,2.5,0.75,0.0,1.0,600.0,-24.228333414997905
902,1847296,0.0053504820330999795,3.3282472848892213,6.682414277394613,0.053372449202773474,0.06261986491736024,0.21328852276007335,-0.1960076093673706,1.8222241401672363,0.8653971354166666,505.8934497152727,2329.589601785672,388.9375825197785,112.06385330499324,734.6845200310199,5,0.0,0.0,0.0,0.2,0.8,0.0,0.6,1.4,3.0,1.0,0.0,0.8,561.8,-29.294166912604123
903,1849344,-0.0007022315248226126,1.7357036232948304,6.682062514623007,0.005422674891694138,0.009036619084266324,0.1748222753405571,-0.09161093086004257,1.3006672859191895,0.87109375,505.9886538331569,2332.2954729576813,389.34726396277983,112.2126931909952,734.6845200310199,3,0.0,0.0,0.0,0.6666666666666666,0.3333333333333333,0.0,0.3333333333333333,0.6666666666666666,2.0,1.6666666666666667,0.3333333333333333,0.3333333333333333,564.0,-39.329722237462796
904,1851392,0.007733129997116824,2.019054090976715,6.6850469748179115,0.008859415587964273,0.05234362273865069,0.24829555923740068,-0.20812809467315674,1.4537630081176758,0.8929036458333334,506.09001086063944,2334.9639832806497,389.7653566517183,112.34028805599519,734.6845200310199,4,0.0,0.0,0.0,0.25,0.75,0.0,0.25,1.25,2.75,1.25,0.25,0.75,559.25,-35.99104193400126
905,1853440,-0.0024465219719180214,2.724898099899292,6.684093554814656,0.017509944809717126,0.04342156718097006,0.17327961847186088,-0.2031702697277069,1.812576413154602,0.7596028645833334,506.21418887780055,2337.399885056664,390.2364414476615,112.46907077799551,734.6845200310199,4,0.0,0.0,0.0,0.5,0.5,0.0,0.5,1.0,2.5,1.5,0.0,0.5,567.0,-32.78000045369845
906,1855488,-0.0013377897654815267,1.4743759274482726,6.688093137741089,0.010667433787602931,0.054775460110977295,0.1538378544151783,0.19976806640625,1.177211046218872,0.822265625,506.3152148968226,2340.0164888176296,390.6892099616525,112.60832857499918,734.6845200310199,3,0.0,0.0,0.0,0.3333333333333333,0.6666666666666666,0.0,0.3333333333333333,1.6666666666666667,2.6666666666666665,0.6666666666666666,0.3333333333333333,0.6666666666666666,585.0,-21.592500077870984
907,1857536,-0.0014858743195266773,1.9194928526878356,6.6908063888549805,0.045876769982229844,0.040434043815669916,0.16325235664844512,0.2411499172449112,1.2589845657348633,0.8502604166666666,506.4068064838903,2342.7408544846694,391.12440528869774,112.72866578399407,734.6845200310199,4,0.0,0.0,0.0,0.0,1.0,0.0,0.75,1.5,2.25,0.0,0.75,1.0,600.0,-29.88500054529868
908,1859584,0.00955883061978966,1.7996688723564147,6.692348941167196,0.010230553284054622,0.02475418506655842,0.23140645027160645,-0.08243319392204285,1.298817753791809,0.93212890625,506.470093951552,2345.630157555701,391.5718260986905,112.86510912999802,734.6845200310199,3,0.0,0.0,0.0,0.3333333333333333,0.6666666666666666,0.0,1.0,1.3333333333333333,3.0,0.6666666666666666,0.0,0.6666666666666666,596.0,-35.79027811034272
909,1861632,-0.0019081286908961678,3.098837375640869,6.689473438262939,0.002549625504373883,0.018690648077366253,0.17841995134949684,-0.3598877489566803,1.8814061880111694,0.8509114583333334,506.56833153006795,2348.2856419027303,392.0028713006759,113.00565099199594,734.6845200310199,3,0.0,0.0,0.0,0.0,1.0,0.0,0.6666666666666666,2.3333333333333335,3.0,0.0,0.0,1.0,600.0,-16.662777804924797
910,1863680,-0.0028352922439808027,1.8845088958740235,6.684978485107422,0.003642361164384056,0.03823570514796302,0.164200758934021,-0.24333971738815308,1.5370811223983765,0.7345377604166666,506.69503372271026,2350.801409747779,392.39876309673855,113.12343417899683,734.6845200310199,3,0.0,0.0,0.0,0.0,1.0,0.0,1.0,1.3333333333333333,3.0,0.6666666666666666,0.0,1.0,600.0,-28.205833648952346
911,1865728,-0.00026356008214255174,2.408177971839905,6.682264502843221,0.006659231032244861,0.012377515850433458,0.17224214027325313,0.2559571862220764,1.5824493169784546,0.83984375,506.808601705164,2353.391908466823,392.79346560871636,113.25047520799853,734.6845200310199,6,0.0,0.0,0.0,0.6666666666666666,0.3333333333333333,0.0,0.3333333333333333,0.6666666666666666,1.6666666666666667,1.0,1.0,0.3333333333333333,524.3333333333334,-35.67194461543113
912,1867776,-0.0025735429759758213,1.309896981716156,6.68680640856425,0.0032658418952147866,0.024108378080806386,0.14690587396423022,0.27859076857566833,1.1287689208984375,0.923828125,506.88232486267805,2356.275730505782,393.19917931575765,113.37533209200046,734.6845200310199,2,0.0,0.0,0.0,0.0,1.0,0.0,0.0,2.5,2.0,0.5,0.0,1.0,600.0,-11.721666688565165
913,1869824,0.000496174325235188,1.9272377252578736,6.68592414855957,0.009684876973430316,0.02237072232334564,0.17043344502647717,0.2994363009929657,1.383636236190796,0.88818359375,506.9610007824307,2359.0577128588047,393.6502063707958,113.49522605400125,734.6845200310199,4,0.0,0.0,0.0,0.0,1.0,0.0,0.25,2.25,2.75,0.25,0.25,1.0,600.0,-21.974375217454508
914,1871872,0.0017110235368212065,0.9675711512565612,6.681831487019857,0.07065252108732238,0.013910098024643958,0.1560722917318344,0.2887499928474426,0.86974036693573,0.91357421875,507.051239555765,2361.783188224901,394.0790584107599,113.62193714000023,734.6845200310199,4,0.0,0.0,0.0,0.25,0.75,0.0,0.75,1.5,2.75,0.5,0.25,0.75,568.25,-29.48166699358262
915,1873920,0.009025518712587655,1.2218243420124053,6.678737290700277,0.05916659190067245,0.07923730533414831,0.286528472105662,-0.06603822112083435,1.19865083694458,0.9205729166666666,507.14710457363304,2364.460440736897,394.5313553738015,113.73661816799722,734.6845200310199,2,0.0,0.0,0.0,0.0,1.0,0.0,1.5,1.0,2.0,0.5,0.0,1.0,600.0,-23.72083333740011
916,1875968,-0.002152655366808176,2.8907156944274903,6.675483194986979,0.006601224197462822,0.0585028508096002,0.15943623781204225,-0.05681084096431732,1.813468337059021,0.9016927083333334,507.21944235583044,2367.226637792861,395.0041613117428,113.90093234899541,734.6845200310199,4,0.0,0.0,0.0,0.0,1.0,0.0,0.25,2.75,2.5,0.0,0.0,1.0,600.0,-10.737291806843132
917,1878016,-0.002120839920826256,1.9744642615318297,6.678946256637573,0.009594754469192897,0.027692666017295173,0.1738624741633733,-0.16513000428676605,1.481956124305725,0.79931640625,507.3158681858145,2369.884873265917,395.4491397267411,114.02874499400059,734.6845200310199,3,0.0,0.0,0.0,0.3333333333333333,0.6666666666666666,0.0,0.3333333333333333,2.0,3.0,0.0,0.6666666666666666,0.6666666666666666,500.0,-20.91333337686956
918,1880064,-0.0006793757900595665,1.2987637162208556,6.680949878692627,0.0036401009342322747,0.02139215370019277,0.1639096334576607,-0.20587261021137238,1.247287631034851,0.8268229166666666,507.3984591042006,2372.599780622928,395.92404322180664,114.1527246580008,734.6845200310199,5,0.0,0.0,0.0,0.2,0.8,0.0,0.0,1.6,2.6,1.0,0.4,0.8,589.0,-25.88250027792528
919,1882112,-0.001945054872582356,1.191570121049881,6.680916468302409,0.0069883598140828935,0.03394562557805329,0.17192446688810983,-0.03968098759651184,1.0794258117675781,0.84814453125,507.5132578248743,2375.189121099873,396.3212489989237,114.27001595200272,734.6845200310199,3,0.0,0.0,0.0,0.0,1.0,0.0,0.3333333333333333,1.6666666666666667,2.3333333333333335,0.3333333333333333,0.6666666666666666,1.0,600.0,-33.071111351096384
920,1884160,-0.0008313458024834593,2.827520322799683,6.686138582229614,0.0022023220415576363,0.012369939785761138,0.16223371451099713,-0.12733504176139832,1.8115415573120117,0.828125,507.6057833256663,2377.919390806863,396.72541599989927,114.39753683200252,734.6845200310199,4,0.0,0.0,0.0,0.25,0.75,0.0,0.0,1.75,2.5,0.75,0.5,0.75,583.5,-25.978125086287037
921,1886208,-0.0014820085372775794,1.115754634141922,6.689508740107218,0.004741081233866377,0.026114437356591226,0.17608806490898132,0.1508127748966217,1.25441575050354,0.76025390625,507.7457134495133,2380.229546064824,397.1893609988183,114.5271391270071,734.6845200310199,3,0.0,0.0,0.0,0.0,1.0,0.0,0.0,2.6666666666666665,2.3333333333333335,0.3333333333333333,0.0,1.0,600.0,-13.193333410657942
922,1888256,-0.0022842607635539026,1.1529639184474945,6.685951884587606,0.004546608506037349,0.026579140592366456,0.171704563498497,0.0016004486242309213,1.0964438915252686,0.82470703125,507.8500656906152,2382.787641621828,397.66933461681765,114.6451804790122,734.6845200310199,4,0.0,0.0,0.0,0.25,0.75,0.0,0.25,1.5,2.5,0.25,1.0,0.75,552.0,-29.02479184360709
923,1890304,-0.001721283180328707,1.0784013390541076,6.688321193059285,0.0058226064187086495,0.02269153461093083,0.18152478734652203,0.22946299612522125,1.0159261226654053,0.8782552083333334,507.95078732865306,2385.396804783777,398.1167274778054,114.77520304301288,734.6845200310199,2,0.0,0.0,0.0,0.0,1.0,0.0,0.5,1.0,2.0,0.5,1.0,1.0,600.0,-37.76124996272847
924,1892352,-0.000657197282028695,1.2694277942180634,6.688422171274821,0.017486315628048033,0.035733478954837965,0.19070780028899512,0.09516921639442444,1.1626545190811157,0.88232421875,508.0414001878991,2388.114966232737,398.5355449127528,114.89256104500964,734.6845200310199,4,0.0,0.0,0.0,0.0,1.0,0.0,0.75,1.75,2.25,0.25,0.25,1.0,600.0,-19.757083575008437
925,1894400,-0.0037611061163867515,3.614587092399597,6.684583743413289,0.01035183536587283,0.07322742530765633,0.17251945535341898,-0.23462076485157013,1.9785290956497192,0.8919270833333334,508.1246720185488,2390.8666424037438,398.9874174317374,115.00495997501275,734.6845200310199,4,0.0,0.0,0.0,0.0,1.0,0.0,0.25,2.25,2.5,0.5,0.0,1.0,600.0,-19.470416638767347
926,1896448,-0.003182957466924563,1.3923973798751832,6.680556551615397,0.004206335798759634,0.04174522974062711,0.19883503566185634,-0.059765495359897614,1.320098638534546,0.6974283854166666,508.25837468361476,2393.2408603476797,399.4227234707141,115.13878342001408,734.6845200310199,4,0.0,0.0,0.0,0.0,1.0,0.0,0.75,2.0,2.0,0.25,0.0,1.0,600.0,-15.297916908399202
927,1898496,-0.0013154559448594228,0.5890827238559723,6.673381026585897,0.0031450763398121733,0.012162846497570474,0.1530565117796262,0.15193374454975128,0.7509568333625793,0.81689453125,508.3662941966589,2395.807835563719,399.85277803766076,115.27120098301384,734.6845200310199,3,0.0,0.0,0.0,0.3333333333333333,0.6666666666666666,0.0,0.6666666666666666,0.6666666666666666,1.6666666666666667,0.3333333333333333,1.3333333333333333,0.6666666666666666,548.6666666666666,-27.133333484331768
928,1900544,0.0005864412601416309,1.7568525314331054,6.671160157521566,0.003801045924531839,0.025369409968455634,0.17925040473540624,-0.28602683544158936,1.34857177734375,0.85107421875,508.4766265774515,2398.3622420976826,400.28793810763455,115.40146237601584,734.6845200310199,60,0.0,0.0,0.0,0.0,1.0,0.0,0.45,1.0,2.783333333333333,1.4333333333333333,nan,0.7666666666666667,551.9666666666667,nan
929,1902592,-0.002426388079766184,2.1343276500701904,6.6687812328338625,0.32385561667906587,0.052215405309107156,0.17579505691925684,0.014572898857295513,1.370863676071167,0.8351236979166666,502.02409407247194,2401.1194871156767,400.75480477251403,115.5278858980164,783.3287624190198,7,0.0,0.0,0.0,0.42857142857142855,0.5714285714285714,0.0,0.8571428571428571,1.2857142857142858,2.4285714285714284,0.5714285714285714,0.2857142857142857,0.5714285714285714,543.0,-23.85380963355835
930,1904640,-0.002774310779447357,1.9185346961021423,6.6664911588033045,0.006180007816146827,0.028387039717442046,0.17038206582268078,-0.1459076702594757,1.4156047105789185,0.8409830729166666,502.10561969402727,2403.8804063286298,401.2190311505328,115.66445380001824,783.3287624190198,1,0.0,1.0,0.0,1.0,0.0,0.0,3.0,0.0,3.0,0.0,0.0,0.0,406.0,-30.587500008754432
931,1906688,-0.0013301967080527296,2.683095622062683,6.668903986612956,0.002869685847872461,0.011847636328699689,0.16692421262462934,-0.06252355128526688,1.631108045578003,0.82958984375,502.2179504076411,2406.5031861586904,401.6039789944916,115.77896278001572,783.3287624190198,7,0.0,0.0,0.0,0.2857142857142857,0.7142857142857143,0.0,0.5714285714285714,1.2857142857142858,2.7142857142857144,0.8571428571428571,0.2857142857142857,0.7142857142857143,581.1428571428571,-25.634166929538228
932,1908736,-0.0010902015569930275,2.184715688228607,6.675860865910848,0.011171583844740478,0.018837294122204185,0.18270240227381387,-0.1888113021850586,1.4707201719284058,0.8240559895833334,502.35233873767913,2408.9285300417323,402.0248518235021,115.89916439701483,783.3287624190198,2,0.0,1.0,0.0,1.0,0.0,0.0,3.0,0.0,3.0,0.0,0.0,0.0,434.5,-34.34750015242025
933,1910784,-0.0007514573245619734,3.8220669269561767,6.676545508702596,0.006827588910770525,0.0366774607100524,0.1942104582985242,-0.632658064365387,1.9795851707458496,0.7732747395833334,502.4631627080164,2411.5046601147624,402.47498843948415,116.00617902101658,783.3287624190198,6,0.0,0.16666666666666666,0.0,0.8333333333333334,0.16666666666666666,0.0,1.6666666666666667,0.3333333333333333,1.8333333333333333,0.8333333333333334,0.16666666666666666,0.16666666666666666,482.5,-32.34166687307879
934,1912832,-0.0019535478864175578,1.8158143997192382,6.6839059034983315,0.003793710571577928,0.019168388897863528,0.17401371921102207,0.012436317279934883,1.4158679246902466,0.77099609375,502.55359911879765,2414.207809238753,402.9171236594484,116.15028995801549,783.3287624190198,3,0.0,0.6666666666666666,0.3333333333333333,0.6666666666666666,0.0,0.0,2.0,0.6666666666666666,2.0,0.0,0.3333333333333333,0.0,343.6666666666667,-30.483333603478968
935,1914880,-0.00172039705212228,3.189919114112854,6.688517411549886,0.004405080241910279,0.02150975955883041,0.16491939549644788,-0.06449726969003677,1.8480958938598633,0.796875,502.6695218241677,2416.710706614729,403.3826212335116,116.27062576701428,783.3287624190198,5,0.0,0.0,0.0,0.6,0.4,0.0,1.2,0.8,2.6,0.6,0.4,0.4,487.0,-30.13533352743834
936,1916928,-0.0014125972928013652,2.5455270290374754,6.694324890772502,0.005821697947006517,0.03625177144616221,0.19911002119382223,0.04714995622634888,1.636044979095459,0.7493489583333334,502.8187905380296,2419.0149461757537,403.81056975653337,116.38511592201394,783.3287624190198,3,0.0,0.0,0.0,0.0,1.0,0.0,1.6666666666666667,1.0,2.3333333333333335,0.3333333333333333,0.0,1.0,600.0,-24.176666829114158
937,1918976,-0.0021179167631392676,1.8443702459335327,6.694793844223023,0.023956658697170497,0.031133221730124207,0.18382725318272908,0.030388539656996727,1.3588224649429321,0.7473958333333334,502.97304768378854,2421.270563197817,404.2322432275032,116.50569292201544,783.3287624190198,5,0.0,0.2,0.0,0.4,0.6,0.0,1.2,0.8,2.4,0.8,0.2,0.6,548.8,-29.474500140175223
938,1921024,-0.001340146401586632,2.216709887981415,6.689563258488973,0.016638131981017067,0.017619052381875614,0.17379384189844133,-0.0012464756146073341,1.5734790563583374,0.8185221354166666,503.08960657600466,2423.7714374988354,404.6885825324425,116.62699452001107,783.3287624190198,1,0.0,0.0,0.0,0.0,1.0,0.0,2.0,1.0,3.0,0.0,0.0,1.0,600.0,-41.81000084429979
939,1923072,3.290570651491483e-05,1.7813314914703369,6.6848304748535154,0.011599839229408342,0.04295689075564345,0.196533706287543,0.09666524082422256,1.322310447692871,0.6837565104166666,503.25998670123124,2425.8849600729664,405.11603470446425,116.74495946601382,783.3287624190198,5,0.0,0.0,0.0,0.0,1.0,0.0,1.0,1.2,1.8,0.8,0.0,1.0,600.0,-23.40750014167279
940,1925120,-0.0009459480604467293,1.0524795055389404,6.684695227940877,0.00862818247405812,0.038273737598986675,0.14884928713242213,0.3398926556110382,0.8312039375305176,0.89306640625,503.3717834529331,2428.437372599976,405.56492916050047,116.86617087601917,783.3287624190198,3,0.0,0.3333333333333333,0.0,0.6666666666666666,0.3333333333333333,0.0,1.0,0.3333333333333333,2.0,1.3333333333333333,0.3333333333333333,0.3333333333333333,571.3333333333334,-37.81416709472736
941,1927168,-0.0022915078753915925,2.2202154278755186,6.68554801940918,0.0061121594762274375,0.026037942078740647,0.1871477228899797,-0.11197062581777573,1.6274559497833252,0.7542317708333334,503.5157417688339,2430.7792753400136,405.9736184714202,116.98762182001519,783.3287624190198,3,0.0,0.3333333333333333,0.0,0.3333333333333333,0.6666666666666666,0.0,1.3333333333333333,0.6666666666666666,2.6666666666666665,0.6666666666666666,0.3333333333333333,0.6666666666666666,575.6666666666666,-30.633333570944767
942,1929216,-0.0033673623809590937,1.4603798270225525,6.684636020660401,0.00957358780093879,0.03638586478773505,0.16173172667622565,0.07807803153991699,1.0867584943771362,0.9254557291666666,503.6485216807068,2433.1705730479152,406.4085166343939,117.11052235701209,783.3287624190198,5,0.0,0.0,0.0,0.4,0.6,0.0,1.2,0.6,2.0,1.2,0.0,0.6,558.2,-24.1990000737831
943,1931264,-0.0033773938737188774,3.420397472381592,6.685319455464681,0.02368610790144885,0.04276287483517081,0.16973748728632926,-0.4169623851776123,1.8225830793380737,0.8095703125,503.8272573221866,2435.2651675199813,406.8078584284085,117.22733505701035,783.3287624190198,4,0.0,0.25,0.0,1.0,0.0,0.0,2.25,0.0,1.5,0.75,0.0,0.0,501.0,-32.83979167439975
944,1933312,-0.0028693500430866455,5.526905155181884,6.68551410039266,0.007353296507183889,0.03505446511941652,0.1927385812004407,-0.528458297252655,2.4536685943603516,0.8307291666666666,503.946999547365,2437.733991343928,407.25519319543673,117.34728746200562,783.3287624190198,5,0.0,0.0,0.0,0.4,0.6,0.0,1.0,0.4,1.2,1.0,0.6,0.4,474.8,-27.961000076960772
945,1935360,-0.0024848996918687286,3.5225202560424806,6.684537410736084,0.021814616986375768,0.035619907185900954,0.20600401014089584,-0.5058024525642395,2.0474674701690674,0.6728515625,504.0984347095552,2440.0371445198834,407.646045019399,117.4669341350018,783.3287624190198,3,0.0,1.0,0.0,1.0,0.0,0.0,3.0,0.0,2.3333333333333335,0.0,0.0,0.0,472.3333333333333,-32.35000009338061
946,1937408,-0.0021988058016480256,1.442478632926941,6.689044952392578,0.009845736500574276,0.039024670235812665,0.1817589451869329,0.25632336735725403,1.0888230800628662,0.76806640625,504.2488704308326,2442.2962904358865,408.0810891743895,117.58560553100688,783.3287624190198,5,0.0,0.0,0.0,0.6,0.4,0.0,1.0,0.4,2.6,1.2,0.4,0.4,549.8,-35.72150022797287
947,1939456,-0.0027633939520455898,2.151281774044037,6.695983107884725,0.01414603361239036,0.04939187862134228,0.188068750500679,0.21209993958473206,1.5366626977920532,0.80029296875,504.34235943792254,2445.0168157878434,408.4960145223522,117.70611684700998,783.3287624190198,2,0.0,0.5,0.0,1.0,0.0,0.0,1.5,0.0,2.5,1.0,0.5,0.0,388.5,-32.3250000923872
948,1941504,-0.000542835606756853,3.217865467071533,6.6986230373382565,0.014457138852837186,0.029690750145042934,0.17602520858248075,0.18541525304317474,1.7955495119094849,0.8087565104166666,504.44918631818064,2447.634834734832,408.892193135267,117.82895779600949,783.3287624190198,7,0.0,0.42857142857142855,0.0,0.42857142857142855,0.5714285714285714,0.0,1.5714285714285714,0.8571428571428571,2.5714285714285716,0.42857142857142855,0.14285714285714285,0.5714285714285714,502.7142857142857,-29.850714642421476
949,1943552,-0.0028087657837507626,1.6340269327163697,6.699507013956706,0.015308897292319065,0.03945435325149447,0.18787243515253066,0.3128514885902405,1.2383414506912231,0.9259440104166666,504.5466379591448,2450.284062391758,409.3416128473109,117.95032573500794,783.3287624190198,1,0.0,0.0,0.0,1.0,0.0,0.0,1.0,0.0,3.0,2.0,0.0,0.0,519.0,-30.0
950,1945600,-0.003143357951194048,3.4672570705413817,6.705709600448609,0.0532612989055148,0.04012029734440148,0.18626588359475135,-0.24481768906116486,1.9109113216400146,0.7526041666666666,504.68378700291316,2452.6538710738096,409.7552416703038,118.07112248201156,783.3287624190198,6,0.0,0.16666666666666666,0.0,0.5,0.5,0.0,1.3333333333333333,0.6666666666666666,2.3333333333333335,1.0,0.0,0.5,548.1666666666666,-31.254305777295183
951,1947648,-0.0019638631725683807,2.7214403629302977,6.716446383794149,0.01014441111983615,0.022930437881344308,0.17975285028417906,-0.025426538661122322,1.7208771705627441,0.8214518229166666,504.79523980898415,2455.203943252767,410.18499319326656,118.19609129801393,783.3287624190198,2,0.0,0.0,0.0,0.0,1.0,0.0,1.0,1.0,2.0,1.0,0.0,1.0,600.0,-21.66750006331131
952,1949696,-0.0034526894218288363,2.4807238578796387,6.723024574915568,0.018579304594459244,0.03224463106210654,0.1976822319130103,0.013147076591849327,1.6799038648605347,0.6673177083333334,504.95359183428906,2457.4397919387266,410.56834652919497,118.32903931500914,783.3287624190198,5,0.0,0.0,0.0,0.4,0.6,0.0,0.8,0.6,2.6,1.2,0.4,0.6,565.0,-39.040333652123806
953,1951744,-0.0017192925147052544,1.024276077747345,6.730994606018067,0.0067431630755891096,0.03309676647962381,0.16884848972161612,0.3683057427406311,0.8996582627296448,0.9541015625,505.020596759102,2460.300131969707,411.0266803711056,118.45369254500838,783.3287624190198,2,0.0,0.0,0.0,0.0,1.0,0.0,0.0,1.5,1.5,1.0,0.5,1.0,600.0,-27.00500047300011
954,1953792,-0.0018863930522153775,3.1957374095916746,6.738318427403768,0.005875697466156756,0.03059599386372914,0.1687448538839817,-0.0008760422351770103,1.8602083921432495,0.86767578125,505.09258656969183,2463.150860980728,411.4537299200165,118.5777890610043,783.3287624190198,3,0.0,0.3333333333333333,0.0,0.6666666666666666,0.3333333333333333,0.0,1.3333333333333333,0.3333333333333333,3.0,1.3333333333333333,0.0,0.3333333333333333,573.6666666666666,-36.49722246546298
955,1955840,-0.0007006262894719839,2.0685646653175356,6.744047498703003,0.026738667268849287,0.04728407914905498,0.16671303088466327,0.21056760847568512,1.3268142938613892,0.90625,505.16497218831387,2465.9640984676735,411.91945838506945,118.68692188400018,783.3287624190198,5,0.0,0.0,0.0,0.0,1.0,0.0,0.8,1.2,3.0,1.0,0.0,1.0,600.0,-27.14933343920857
956,1957888,-0.0013573525395865242,1.440376603603363,6.748208411534628,0.005875495520497983,0.0436876169211852,0.16846541091799735,-0.03957977890968323,1.2802680730819702,0.81494140625,505.2726085575566,2468.5330802456956,412.3620834540998,118.80126776699763,783.3287624190198,1,0.0,0.0,0.0,0.0,1.0,0.0,1.0,1.0,3.0,1.0,0.0,1.0,600.0,-26.849999994039536
957,1959936,-0.0001724721980281174,2.5748215913772583,6.751688162485759,0.02171442496861952,0.07134495430315534,0.18452232281366984,0.03489641100168228,1.5772229433059692,0.81640625,505.3799020481114,2471.11141479473,412.7869712900356,118.91581430799852,783.3287624190198,6,0.0,0.16666666666666666,0.0,0.16666666666666666,0.8333333333333334,0.0,0.6666666666666666,1.6666666666666667,2.5,0.5,0.16666666666666666,0.8333333333333334,596.8333333333334,-25.39791677100584
958,1961984,-0.0008788429695414379,1.973544979095459,6.754159832000733,0.009283874391015464,0.047304029048730926,0.18659119084477424,0.047013647854328156,1.3560192584991455,0.8699544270833334,505.46579221185976,2473.8529465417305,413.22138617899327,119.0328325349983,783.3287624190198,3,0.0,0.3333333333333333,0.0,0.3333333333333333,0.6666666666666666,0.0,1.0,0.6666666666666666,2.6666666666666665,1.0,0.3333333333333333,0.6666666666666666,495.6666666666667,-35.32388919964433
959,1964032,0.00037092890900870167,3.0050973653793336,6.750207297007242,0.020653817752220978,0.028847579875340066,0.18946050877372425,-0.14178644120693207,1.7213730812072754,0.8522135416666666,505.54737254273283,2476.6410558947828,413.64000490895705,119.14982315499947,783.3287624190198,4,0.0,0.0,0.25,0.25,0.5,0.0,0.25,0.75,1.25,1.75,0.25,0.5,553.0,-33.96916671493091
960,1966080,0.0020949742992039926,2.365296196937561,6.747794771194458,0.037156189473656315,0.052649923429513974,0.18814146369695664,-0.1704460084438324,1.4200738668441772,0.9114583333333334,505.6211502806875,2479.5104618888145,414.04298066993215,119.26928894000594,783.3287624190198,2,0.0,0.0,0.0,0.5,0.5,0.0,0.0,0.5,3.0,2.5,0.0,0.5,552.0,-34.63333319267258
961,1968128,-0.0030876076246083056,1.9019806504249572,6.751409610112508,0.01439417139942331,0.0512446491435791,0.16259793763359387,0.0884004458785057,1.3469936847686768,0.8011067708333334,505.7008191416968,2482.2517332348216,414.5033371089885,119.39228661700326,783.3287624190198,5,0.0,0.0,0.0,0.2,0.8,0.0,1.2,1.0,2.6,0.8,0.0,0.8,598.4,-31.61166679430753
962,1970176,-0.0009178480967724074,2.3175385117530825,6.759432315826416,0.017536362982355058,0.030055729703356824,0.1629224682847659,0.13454535603523254,1.545712947845459,0.8785807291666666,505.77198618720803,2485.06772590481,414.95964345204993,119.50773917199695,783.3287624190198,4,0.0,0.25,0.0,0.25,0.75,0.0,1.75,1.25,3.0,0.0,0.0,0.75,565.5,-27.3658333751373
963,1972224,-0.0023663413128815593,2.358413481712341,6.763966290156047,0.006960612276452593,0.015281686803791671,0.18249725922942162,-0.24618937075138092,1.6651906967163086,0.7646484375,505.86564333526815,2487.7583693918277,415.3780850610128,119.62546045299678,783.3287624190198,3,0.0,0.3333333333333333,0.0,0.6666666666666666,0.3333333333333333,0.0,2.3333333333333335,0.3333333333333333,3.0,0.3333333333333333,0.0,0.3333333333333333,546.0,-40.69333358823011
964,1974272,-0.0019880101375747473,2.460787796974182,6.765919574101766,0.008218942800400935,0.031899476474306236,0.15821591938535373,0.0713631734251976,1.4184346199035645,0.8263346354166666,505.94038768291364,2490.581483726928,415.80882619993645,119.73843779599702,783.3287624190198,4,0.0,0.5,0.0,0.5,0.5,0.0,2.0,0.5,2.75,0.25,0.25,0.5,589.25,-29.851458370452747
965,1976320,-0.005790954209320868,2.02122848033905,6.769561258951823,0.00884209651267156,0.0753273950656876,0.1718485270937284,0.10895531624555588,1.356825590133667,0.84716796875,506.01827197133525,2493.3573831328904,416.2587826949821,119.85853216099349,783.3287624190198,3,0.0,0.3333333333333333,0.0,0.3333333333333333,0.6666666666666666,0.0,1.0,1.0,2.6666666666666665,0.6666666666666666,0.3333333333333333,0.6666666666666666,553.6666666666666,-24.61305558340003
966,1978368,0.002487268182449043,1.256820011138916,6.770088736216227,0.03857467054234197,0.05948506953039517,0.1842000151673953,0.16676096618175507,1.046636939048767,0.908203125,506.0832555030621,2496.2014933609025,416.7115574059426,119.99165328699019,783.3287624190198,5,0.0,0.2,0.0,0.2,0.8,0.0,1.2,1.6,3.0,0.2,0.0,0.8,549.8,-23.864000245369972
967,1980416,-0.00028276955999899654,0.9922790825366974,6.76434006690979,0.0027698528196197004,0.011776509733560184,0.16788723121086757,0.2033534049987793,0.9265888333320618,0.9529622395833334,506.1336966614441,2499.1876671268838,417.1493892968865,120.12146739098534,783.3287624190198,2,0.0,0.0,0.0,0.0,1.0,0.0,0.5,1.5,3.0,1.0,0.0,1.0,600.0,-30.363750234246254
968,1982464,-0.0015175740302462752,1.8204891800880432,6.763171370824178,0.005798332575310875,0.03725035290311401,0.16486684754490852,-0.04355324059724808,1.3602687120437622,0.8929036458333334,506.2012737330946,2502.0333783368915,417.59817922587536,120.24531513998954,783.3287624190198,4,0.0,0.0,0.0,0.0,1.0,0.0,0.25,2.0,3.0,0.75,0.0,1.0,600.0,-24.57708360441029
969,1984512,-0.0013847772769319513,1.0861244440078734,6.770855299631754,0.011900624409706021,0.0525804123065124,0.16033173029621442,0.19009912014007568,1.0117985010147095,0.9254557291666666,506.2653851785742,2504.9751129808938,417.9881992318042,120.36332962899178,783.3287624190198,4,0.0,0.0,0.0,0.0,1.0,0.0,0.0,1.75,3.0,1.25,0.0,1.0,600.0,-30.703958800295368
970,1986560,0.002093716198578477,2.6603543043136595,6.7716871420542395,0.03112161723935666,0.025083031443258127,0.1906954400241375,-0.08770022541284561,1.6819807291030884,0.9241536458333334,506.32715375524805,2507.93784686282,418.3829992708852,120.47818690599524,783.3287624190198,2,0.0,0.0,0.0,0.0,1.0,0.0,0.0,2.0,3.0,1.0,0.0,1.0,600.0,-20.871666797436774
971,1988608,0.01153090593094627,1.3147851943969726,6.764033714930217,0.06647269503543309,0.05514914158654089,0.28848887532949447,-0.10962706804275513,1.1854431629180908,0.8196614583333334,506.42535734069685,2510.5244184118274,418.843484539917,120.6024010589972,783.3287624190198,5,0.0,0.0,0.0,0.2,0.8,0.0,0.2,1.6,3.0,1.2,0.0,0.8,596.8,-30.1756671955809
972,1990656,-0.0024741738471978653,1.6666812181472779,6.760120248794555,0.007639119752275292,0.033818279854798065,0.16515749841928482,-0.10271931439638138,1.2694306373596191,0.8546549479166666,506.5231638977408,2513.158965227769,419.2683569069777,120.7322567799929,783.3287624190198,2,0.0,0.0,0.0,0.5,0.5,0.0,1.0,0.5,2.5,1.0,0.5,0.5,588.0,-48.17666740948334
973,1992704,0.00057296856927375,2.676615500450134,6.762477922439575,0.009176573009851079,0.027347604588915903,0.1814336302379767,-0.15371738374233246,1.554735541343689,0.7939453125,506.62439333920634,2515.7067849168016,419.7230257519841,120.87496264299261,783.3287624190198,4,0.0,0.0,0.0,0.0,1.0,0.0,0.5,1.5,3.0,1.0,0.0,1.0,600.0,-24.749791882000864
974,1994752,-0.0005015585959578554,0.8012300193309784,6.762938896814982,0.009609105141134933,0.012483245433152964,0.16192307646075885,0.2552376389503479,0.8578178286552429,0.89404296875,506.70407864783465,2518.4985062217384,420.1363187730458,120.99496674199327,783.3287624190198,3,0.0,0.0,0.0,0.0,1.0,0.0,0.3333333333333333,1.0,2.3333333333333335,1.6666666666666667,0.0,1.0,600.0,-40.33083372237161
975,1996800,-0.0009136473139127096,1.6988111734390259,6.767210372289022,0.13838515991616684,0.0317808303826799,0.1788208914299806,0.003316205693408847,1.2868685722351074,0.857421875,506.7667856633319,2521.387144815759,420.57172637998883,121.11839543799579,783.3287624190198,4,0.0,0.0,0.0,0.0,1.0,0.0,0.5,1.5,3.0,1.0,0.0,1.0,600.0,-22.778542037005536
976,1998848,-0.0030266622081398962,0.9449595630168914,6.764542214075724,0.00941325950261671,0.028587359453861913,0.15827654699484509,0.15832436084747314,0.830939769744873,0.9158528645833334,506.83245525616877,2524.2660783687024,420.99228243702964,121.24222184900282,783.3287624190198,4,0.0,0.0,0.0,0.25,0.75,0.0,0.25,1.25,3.0,1.5,0.0,0.75,570.5,-30.22875020117499
977,2000896,-0.0024290495396902165,3.844982886314392,6.765480168660482,0.011527251513083077,0.046186216932255775,0.1817626364529133,-0.3382093608379364,2.0765340328216553,0.78857421875,506.9809413351886,2526.6006439777702,421.3476135110395,121.35502735000046,783.3287624190198,60,0.0,0.0,0.0,0.0,1.0,0.0,0.9166666666666666,0.08333333333333333,2.9,2.0,nan,0.08333333333333333,411.1,nan
978,2002944,-0.001420003589009866,1.2237362742424012,6.770968993504842,0.01250308903787906,0.020325940661132337,0.1568686972061793,0.039615754038095474,0.9562511444091797,0.8347981770833334,503.04042457351784,2528.777070508804,421.80782605308195,121.48029361399676,815.4309812610227,5,0.0,0.0,0.0,0.4,0.6,0.0,0.8,1.0,2.6,1.2,0.0,0.6,576.0,-31.549666877649724
979,2004992,0.0009556743665598333,0.822993278503418,6.771082528432211,0.009284067489594842,0.022281462648728243,0.15125727355480195,0.21148718893527985,0.927646279335022,0.9143880208333334,503.1891315514187,2531.0215886928418,422.24502225912147,121.58684168799664,815.4309812610227,2,0.0,0.0,0.0,0.0,1.0,0.0,0.5,1.5,2.0,0.0,1.0,1.0,600.0,-17.781250103842467
980,2007040,-0.003291364281903952,2.21237370967865,6.770624303817749,0.00841292782279197,0.038985923937677094,0.16932633568843206,-0.027802327647805214,1.4728894233703613,0.8665364583333334,503.3573291743275,2533.1916081328745,422.61116572405444,121.69142343699787,815.4309812610227,5,0.0,0.0,0.0,0.0,1.0,0.0,0.4,1.8,2.2,0.8,0.0,1.0,600.0,-23.649666939675807
981,2009088,-0.002044992427302835,0.7943615734577179,6.769772958755493,0.005246062467631418,0.04213606305420399,0.15287804504235586,0.21011732518672943,0.9809176325798035,0.9298502604166666,503.52003537236567,2535.419364046851,422.96493520111835,121.80477925799642,815.4309812610227,2,0.0,0.0,0.0,0.0,1.0,0.0,0.5,2.0,2.0,0.5,0.0,1.0,600.0,-23.686000296467682
982,2011136,-0.0010652975096794156,2.251725804805756,6.767675844828288,0.029924389091562868,0.014539583368847768,0.17455474560459455,0.041583795100450516,1.5972877740859985,0.8260091145833334,503.70349809028767,2537.377199567789,423.40707965120237,121.9143946349941,815.4309812610227,5,0.0,0.0,0.0,0.0,1.0,0.0,0.2,2.0,3.0,0.8,0.0,1.0,600.0,-20.014833514299244
983,2013184,-0.0010952765005640686,1.0853171288967132,6.7699135939280195,0.010906781733501703,0.0389022186708947,0.14889970620473225,-0.013406295329332352,0.9117183685302734,0.87841796875,503.8723790427433,2539.5456926517654,423.76252663923515,122.0304613999906,815.4309812610227,3,0.0,0.0,0.0,0.0,1.0,0.0,0.3333333333333333,1.3333333333333333,2.0,1.0,0.3333333333333333,1.0,600.0,-34.84722269295404
984,2015232,0.0014468435586119691,1.4162998914718627,6.767001930872599,0.8813817627737687,0.04373188050619016,0.18882506216565767,0.20795898139476776,1.1742509603500366,0.8606770833333334,504.0167072324636,2541.828141857739,424.1903528732437,122.14102474799438,815.4309812610227,2,0.0,0.0,0.5,0.0,0.5,0.0,1.0,1.5,1.0,0.0,0.5,0.5,529.0,-31.280000808648765
985,2017280,-0.0024296371964737775,2.4056952238082885,6.757014322280884,0.011964515170742136,0.01688344865106046,0.16629921371738116,-0.295202374458313,1.5728585720062256,0.8357747395833334,504.16605965291325,2544.12035367763,424.5658726773181,122.25185368099483,815.4309812610227,5,0.0,0.0,0.0,0.0,1.0,0.0,0.4,1.4,2.6,1.2,0.0,1.0,600.0,-27.175000153668226
986,2019328,-0.0010561489926961562,0.8638719081878662,6.757947524388631,0.010355616801340754,0.012725155311636626,0.15976566672325135,0.1548997014760971,0.8506690263748169,0.83740234375,504.3158533429314,2546.3450510256007,424.99069202331884,122.3637459439924,815.4309812610227,2,0.0,0.0,0.0,0.0,1.0,0.0,0.5,1.5,3.0,1.0,0.0,1.0,600.0,-29.580833525396883
987,2021376,0.0005844009652112921,3.2253708839416504,6.75861759185791,0.009090870805084705,0.03911996472161263,0.18404871523380278,-0.45538315176963806,1.9142634868621826,0.7615559895833334,504.4988001668401,2548.3786037675745,425.35798874234024,122.47805218998838,815.4309812610227,5,0.0,0.0,0.0,0.2,0.8,0.0,0.6,1.2,2.4,0.6,0.6,0.8,592.6,-29.183500293735413
988,2023424,0.0011904389364644885,1.558753764629364,6.758944336573283,0.010958357240694265,0.03508277438425769,0.17962266181906064,-0.21771949529647827,1.2063792943954468,0.7888997395833334,504.70156207293115,2550.2725384455116,425.7110864543574,122.59483123999235,815.4309812610227,3,0.0,0.0,0.0,0.3333333333333333,0.6666666666666666,0.0,1.0,0.6666666666666666,2.3333333333333335,1.3333333333333333,0.0,0.6666666666666666,599.6666666666666,-32.45750028888384
989,2025472,0.05801905174739659,1.2587865829467773,6.756682380040487,0.0670656198480477,0.049551512999460104,0.6530922499795755,0.10725905746221542,1.1030328273773193,0.8357747395833334,504.86337234016816,2552.45649455447,426.0845592283076,122.70840410899109,815.4309812610227,5,0.0,0.0,0.2,0.2,0.6,0.0,0.2,1.4,1.8,0.6,0.8,0.6,493.4,-25.84766703080386
990,2027520,-0.0032097979225606346,0.40963237881660464,6.749568255742391,0.007312531225276568,0.02977883592636014,0.1479904053111871,0.25674089789390564,0.6406235694885254,0.9402669270833334,505.017512771613,2554.67596540651,426.4853583082586,122.82612269398669,815.4309812610227,2,0.0,0.0,0.0,0.0,1.0,0.0,0.5,2.0,3.0,0.5,0.0,1.0,600.0,-16.61916687618941
991,2029568,-0.003124227545534571,2.088528776168823,6.7478267828623455,0.007755753516297166,0.050757739289353294,0.17474075481295587,0.003498690901324153,1.5421761274337769,0.7952473958333334,505.2010687414941,2556.677733912431,426.8814776012732,122.93694380698435,815.4309812610227,4,0.0,0.0,0.0,0.25,0.75,0.0,1.25,1.25,2.0,0.5,0.0,0.75,597.0,-21.725625065388158
992,2031616,0.001716192685610925,1.1564614713191985,6.745879093805949,0.015972503254639985,0.06609950851028164,0.17197189902265866,0.03917459771037102,1.1079214811325073,0.8727213541666666,505.36835919823596,2558.8052208664812,427.26314810628537,123.05465779898077,815.4309812610227,4,0.0,0.0,0.0,0.0,1.0,0.0,1.0,1.5,2.0,0.5,0.0,1.0,600.0,-18.55187510396354
993,2033664,-0.0012993292029326161,2.6475647687911987,6.751051648457845,0.012638852650222058,0.01719567395436267,0.16820933148264886,0.0901699960231781,1.7888624668121338,0.7864583333333334,505.5549205144789,2560.6965755285273,427.7296985371868,123.16229362197919,815.4309812610227,2,0.0,0.0,0.0,0.0,1.0,0.0,1.0,1.5,2.0,0.5,0.0,1.0,600.0,-22.837500205263495
994,2035712,-0.002972849526850041,1.963063609600067,6.753112173080444,0.013063462319162984,0.03665190837734068,0.16685424695412318,-0.18495480716228485,1.329504132270813,0.7955729166666666,505.7299711868645,2562.709780627556,428.1498984912032,123.28075539597921,815.4309812610227,5,0.0,0.0,0.0,0.4,0.6,0.0,0.8,0.6,2.4,1.4,0.2,0.6,574.4,-24.329000000841916
995,2037760,-0.0013394106645137072,1.2171717166900635,6.751401058832804,0.0031400741291387627,0.017507773401060453,0.14554239213466644,0.3515110909938812,0.9391043782234192,0.8250325520833334,505.90894345911886,2564.7574258666573,428.52223247521033,123.39739414198266,815.4309812610227,3,0.0,0.3333333333333333,0.0,0.6666666666666666,0.3333333333333333,0.0,1.6666666666666667,0.3333333333333333,2.0,0.6666666666666666,0.3333333333333333,0.3333333333333333,522.0,-27.741666709383328
996,2039808,0.0021637091595039237,2.10478994846344,6.7496048291524255,0.01048955427055868,0.0135189510959511,0.17059319441517193,-0.02331623062491417,1.381465196609497,0.8697916666666666,506.0789356488998,2566.8620424706096,428.8996322652238,123.5158536199815,815.4309812610227,5,0.0,0.0,0.2,0.2,0.6,0.0,1.0,1.0,1.6,1.0,0.0,0.6,587.0,-25.362666820827872
997,2041856,-0.0008853598643327132,0.8833938181400299,6.753147840499878,0.0053848441952141,0.014792611302497486,0.17119112759828567,0.28658413887023926,0.9862556457519531,0.8408203125,506.23546428646273,2568.9987755096154,429.3409651681286,123.63561129598384,815.4309812610227,2,0.0,0.0,0.0,0.0,1.0,0.0,0.0,2.0,2.0,1.0,0.0,1.0,600.0,-14.275000104680657
998,2043904,-0.002078476917571,2.203612768650055,6.757901573181153,0.007005424902308733,0.02771328213469436,0.16008937234679857,-0.18112167716026306,1.4039362668991089,0.875,506.40366348683983,2571.105647376593,429.7336219051722,123.74472180198791,815.4309812610227,4,0.0,0.25,0.0,0.5,0.5,0.0,1.25,0.75,1.75,0.75,0.25,0.5,552.75,-28.560000181896612
999,2045952,0.0034417982872885964,1.5682924509048461,6.767637395858765,0.005842558746614183,0.020251820737030357,0.19369463374217352,0.06355282664299011,1.3108187913894653,0.8196614583333334,506.57273466888284,2573.218052951597,430.115325696177,123.85435926898208,815.4309812610227,4,0.0,0.25,0.0,0.25,0.75,0.0,1.0,1.25,2.0,0.75,0.0,0.75,560.25,-25.455000316957012
1000,2048000,-0.0025618284515076086,1.9999484539031982,6.778197542826335,0.03247901293992375,0.05823795977048576,0.18462376048167548,-0.21281246840953827,1.4192051887512207,0.8414713541666666,506.7163627204018,2575.486456418643,430.53437078621937,123.96255996097898,815.4309812610227,4,0.0,0.0,0.0,0.25,0.75,0.0,0.5,1.5,2.75,0.75,0.25,0.75,549.75,-24.63875018595718
1001,2050048,-0.004275067689983795,1.782463800907135,6.787945810953776,0.0063335707964142784,0.040491455560550095,0.18608174696564675,0.003224350977689028,1.4647350311279297,0.767578125,506.8956173312847,2577.539476357553,430.8928031252435,124.07689051397756,815.4309812610227,2,0.0,0.0,0.0,0.5,0.5,0.0,0.0,1.5,2.5,1.0,0.5,0.5,554.0,-20.4608334149234
1002,2052096,0.017869885618953654,2.076549744606018,6.790554205576579,0.024278069676559728,0.04873266989986102,0.2589145680268606,-0.1072310134768486,1.5277819633483887,0.7373046875,507.05492022696296,2579.7436143535815,431.2453673032869,124.19400689397298,815.4309812610227,5,0.0,0.2,0.0,0.4,0.6,0.0,0.8,0.8,2.2,1.0,0.4,0.6,577.4,-29.389333476498724
1003,2054144,-0.002045113438119491,1.201262104511261,6.783045276006063,0.006147532560862601,0.022695787460543217,0.14810716112454733,0.19636371731758118,1.0742270946502686,0.9069010416666666,507.2131383355104,2581.913529029567,431.6393235552241,124.30828992197348,815.4309812610227,4,0.0,0.0,0.0,0.5,0.5,0.0,0.0,1.25,2.25,1.0,0.75,0.5,507.5,-22.942708337213844
1004,2056192,-0.0017906153186534842,0.8890884101390839,6.783110078175863,0.016696707273755843,0.01719788012172406,0.15479495401183765,0.3302656412124634,0.9000019431114197,0.83984375,507.41664533628364,2583.596045008613,432.1554184722045,124.42633314897103,815.4309812610227,3,0.0,0.3333333333333333,0.0,0.3333333333333333,0.6666666666666666,0.0,1.3333333333333333,1.0,2.3333333333333335,0.6666666666666666,0.0,0.6666666666666666,577.3333333333334,-25.80500010835628
1005,2058240,-0.0024610421154648066,1.3026160180568696,6.783658075332641,0.01163001242869844,0.02451164851275583,0.14658953721324602,0.11679252982139587,1.1266502141952515,0.9353841145833334,507.5772149817957,2585.675553277564,432.6062185332339,124.54370537897194,815.4309812610227,5,0.0,0.0,0.2,0.2,0.6,0.0,0.4,1.4,1.4,1.0,0.2,0.6,534.6,-19.971666648238898
1006,2060288,-0.002145223151698398,1.9674267292022705,6.7895380338033045,0.013426700292620808,0.03089031802956015,0.16495111659169198,-0.2363525778055191,1.3738497495651245,0.8629557291666666,507.7668146379489,2587.5579540436156,433.0290967271794,124.65948208697228,815.4309812610227,2,0.0,0.5,0.0,0.5,0.5,0.0,2.5,0.5,3.0,0.0,0.0,0.5,557.5,-34.21125017129816
1007,2062336,0.001960644902040561,1.972156822681427,6.792824649810791,0.00851234834214362,0.03325121559513112,0.18436295092105864,0.038061000406742096,1.441394329071045,0.8372395833333334,507.9538435992524,2589.503496315687,433.40079186424555,124.7832925419716,815.4309812610227,5,0.0,0.0,0.0,0.0,1.0,0.0,0.6,1.4,1.4,1.0,0.0,1.0,600.0,-18.357766723399983
1008,2064384,-0.0021453027070189516,1.5687161922454833,6.791660849253336,0.015039954344198728,0.02573374977024893,0.1563660393158595,0.24449442327022552,1.2449980974197388,0.8336588541666666,508.1384507206936,2591.467395171734,433.7915391331917,124.8897086019715,815.4309812610227,3,0.0,0.0,0.0,0.3333333333333333,0.6666666666666666,0.0,1.0,1.0,2.0,0.6666666666666666,0.3333333333333333,0.6666666666666666,546.3333333333334,-21.278333350084722
1009,2066432,-0.0018916490487754345,1.6951109886169433,6.795968802769979,0.07453896733156094,0.022456855691658954,0.1619658758242925,0.19800932705402374,1.2958742380142212,0.84228515625,508.31485835445415,2593.4501300927077,434.2122761821738,125.00045163897448,815.4309812610227,4,0.0,0.0,0.0,0.5,0.5,0.0,0.75,1.0,2.0,0.75,0.5,0.5,530.75,-27.18916694377549
1010,2068480,0.000676108089586099,2.644632840156555,6.802539475758871,0.012581947805786815,0.009700833858611682,0.1664200949172179,-0.3138296902179718,1.7023764848709106,0.84765625,508.48471364568235,2595.4722632157864,434.6417763811478,125.11389909697755,815.4309812610227,4,0.0,0.0,0.25,0.0,0.75,0.0,0.5,1.25,1.75,1.0,0.25,0.75,463.5,-20.537500007310882
1011,2070528,0.008037632137226561,2.2790191173553467,6.802183326085409,0.0758289602274696,0.04050183021075403,0.2226651355624199,-0.31179484724998474,1.5177422761917114,0.7674153645833334,508.66713809611923,2597.473040730816,435.00533603208896,125.22619842497079,815.4309812610227,4,0.0,0.0,0.0,0.25,0.75,0.0,0.5,1.0,2.25,1.25,0.25,0.75,548.75,-33.206875199917704
1012,2072576,-0.00310709394980222,1.6261891365051269,6.798823881149292,0.015375089229200967,0.029798988237356147,0.15748820180694262,0.0788053646683693,1.2610371112823486,0.7744140625,508.8601420723253,2599.3744862718086,435.3817690741198,125.33563742697152,815.4309812610227,3,0.0,0.0,0.0,0.0,1.0,0.0,0.3333333333333333,1.3333333333333333,2.0,1.0,0.3333333333333333,1.0,600.0,-29.675000386933487
1013,2074624,-0.001289183240927135,3.057185697555542,6.799871444702148,0.017933384228187303,0.03091947017237544,0.17658972789843877,-0.12883813679218292,1.8185194730758667,0.7916666666666666,509.0283045764596,2601.4810667077836,435.7361277790624,125.45505599397438,815.4309812610227,5,0.0,0.2,0.0,0.4,0.6,0.0,1.0,0.8,2.2,0.8,0.4,0.6,569.0,-31.449833505228163
1014,2076672,-0.002338506824647387,1.3065592646598816,6.797776428858439,0.0078751262917649,0.027279433918495972,0.17209630583723387,0.033539414405822754,1.1846158504486084,0.8352864583333334,509.18178005730425,2603.6493260798525,436.138560222098,125.57085347097745,815.4309812610227,3,0.0,0.0,0.0,0.3333333333333333,0.6666666666666666,0.0,0.3333333333333333,1.3333333333333333,2.3333333333333335,0.6666666666666666,0.6666666666666666,0.6666666666666666,545.0,-25.335000179397564
1015,2078720,-0.0002630785146417717,1.696495807170868,6.798342816034952,0.03248997420693437,0.031999571792160474,0.17952787230412165,-0.22497844696044922,1.3196080923080444,0.8401692708333334,509.31895899620457,2605.9422593799245,436.5543922500801,125.68010593997315,815.4309812610227,2,0.0,0.0,0.0,0.0,1.0,0.5,0.5,1.0,2.5,1.5,0.0,1.0,600.0,-28.56375037250109
1016,2080768,-0.0027247260271299942,4.873241758346557,6.804494142532349,0.055801247023434065,0.03203168292529881,0.18500804578264554,-0.428447961807251,2.5116829872131348,0.7236328125,509.4871739966722,2608.0519680548823,436.91315345100156,125.79140697397088,815.4309812610227,4,0.0,0.0,0.0,0.25,0.75,0.0,0.25,1.25,2.5,1.5,0.0,0.75,557.75,-26.35249990806915
1017,2082816,-0.002737241472156408,1.0994283258914948,6.812452046076457,0.010505538053015092,0.042978594490947826,0.16371152599652608,0.1369175761938095,1.0103392601013184,0.75439453125,509.63538561585017,2610.2552548079548,437.3242529940035,125.9027597029708,815.4309812610227,4,0.0,0.0,0.0,0.0,1.0,0.0,0.25,1.5,2.5,0.75,0.5,1.0,600.0,-34.85145894205198
1018,2084864,-0.0007999688348112007,2.4488748788833616,6.81900151570638,0.0194136998266913,0.03993639436860879,0.18013165046771368,-0.36798277497291565,1.542927622795105,0.7874348958333334,509.7788669669967,2612.4967769889045,437.73733030000585,126.00977681396762,815.4309812610227,4,0.0,0.0,0.0,0.5,0.5,0.0,0.75,0.5,2.25,1.0,0.75,0.5,557.0,-31.283750133239664
1019,2086912,0.0020796138133543232,2.1437375783920287,6.8235122521718345,0.00614796377485618,0.03936110875414064,0.18850184679031373,0.0039766463451087475,1.5583914518356323,0.7902018229166666,509.93157298600295,2614.7090502028514,438.10908775292046,126.12808383596712,815.4309812610227,4,0.0,0.0,0.0,0.25,0.75,0.0,0.25,1.0,3.0,1.75,0.0,0.75,556.75,-35.91187555086799
1020,2088960,-5.138106644153595e-07,1.5428059935569762,6.82009433110555,0.019045763614121823,0.03588359306255976,0.18273358369867007,0.04130277410149574,1.3003932237625122,0.76611328125,510.0990875689505,2616.8178858448737,438.46109487386275,126.2446518939687,815.4309812610227,4,0.0,0.0,0.0,0.25,0.75,0.0,0.25,1.0,2.25,1.0,0.75,0.75,538.5,-26.645416834158823
1021,2091008,-0.0017798942086907725,1.5234741926193238,6.819879627227783,0.006654980827200537,0.02797352698786805,0.17818814342220624,0.19621330499649048,1.236068844795227,0.79150390625,510.2355541509605,2619.1051513418424,438.8787947908495,126.35358892796648,815.4309812610227,3,0.0,0.0,0.0,0.6666666666666666,0.3333333333333333,0.0,0.3333333333333333,0.3333333333333333,2.6666666666666665,2.0,0.3333333333333333,0.3333333333333333,539.0,-35.245833552752934
1022,2093056,0.007578191510401666,1.0766888737678528,6.816218630472819,0.035059269451206396,0.03444051016122103,0.22449165905515353,0.09786821901798248,1.0195729732513428,0.80859375,510.3806686763839,2621.358873015728,439.2613125877324,126.4715938609661,815.4309812610227,3,0.0,0.0,0.0,0.6666666666666666,0.3333333333333333,0.0,0.0,0.3333333333333333,3.0,2.6666666666666665,0.0,0.3333333333333333,532.0,-29.866666793823242
1023,2095104,-0.0025351256985838215,2.1026281476020814,6.811369053522745,0.004868483556977784,0.03042057410348207,0.1748080921669801,-0.2405969351530075,1.449869155883789,0.8260091145833334,510.5219433835368,2623.6353054896827,439.6433997706554,126.58937202096422,815.4309812610227,5,0.0,0.0,0.0,0.4,0.6,0.0,0.8,0.8,2.8,1.2,0.2,0.6,552.2,-26.422333395294846
1024,2097152,-0.0012056613884245356,2.788888168334961,6.813174454371135,0.012455679255072027,0.0350212095460544,0.17686255872249604,0.007828110828995705,1.6468998193740845,0.8302408854166666,510.6604507639055,2625.899197652754,440.06393684757495,126.69655774396233,815.4309812610227,4,0.0,0.0,0.0,0.25,0.75,0.0,0.5,1.0,3.0,1.5,0.0,0.75,562.25,-32.84333356539719
1025,2099200,0.03746254984483433,0.9353289127349853,6.810030953089396,0.0357746702618897,0.029469224624335766,0.4991071748236815,0.11351677030324936,0.9912763833999634,0.8115234375,510.80474084758555,2628.1641649426892,440.44416747256764,126.80987146696134,815.4309812610227,3,0.0,0.0,0.0,0.3333333333333333,0.6666666666666666,0.0,0.0,1.3333333333333333,3.0,1.6666666666666667,0.0,0.6666666666666666,579.3333333333334,-25.766666925512254
1026,2101248,-0.0019284133193044303,2.180913484096527,6.80973711013794,0.02020714894946044,0.024456145730800925,0.16881622051199277,-0.027301928028464317,1.293347716331482,0.8084309895833334,510.9456678279956,2630.4554091727114,440.8206565535802,126.92361506996531,815.4309812610227,60,0.0,0.0,0.0,0.3333333333333333,0.6666666666666666,0.016666666666666666,0.65,0.3333333333333333,2.8833333333333333,2.0166666666666666,nan,0.31666666666666665,393.26666666666665,nan
1027,2103296,-0.001305414418069025,2.227931010723114,6.811804803212484,0.009931055047006036,0.05738066859388103,0.1937477524081866,-0.05163330212235451,1.5567587614059448,0.7828776041666666,506.5878744048357,2633.205490690787,441.32395059064584,127.04541452995909,851.3481877290178,4,0.0,0.0,0.0,0.0,1.0,0.0,0.5,1.5,3.0,1.0,0.0,1.0,600.0,-25.046875300002284
1028,2105344,0.008484672555156673,2.2456369161605836,6.808670584360758,0.017414108877225467,0.10688558852610489,0.25509636650482814,-0.23197823762893677,1.5102664232254028,0.89990234375,506.6319223816887,2636.2122085217707,441.75968692463357,127.16721013196366,851.3481877290178,5,0.0,0.0,0.0,0.8,0.2,0.0,0.4,0.2,3.0,2.4,0.0,0.2,487.8,-36.105000210739675
1029,2107392,0.0036269401035193974,1.8215516567230225,6.8096142133076984,0.09048221154953354,0.04784127705497667,0.22255672936638196,-0.19666238129138947,1.3911150693893433,0.8191731770833334,506.70506427613935,2638.9408738038837,442.22958516254585,127.30683583496284,851.3481877290178,2,0.0,0.0,0.0,0.5,0.5,0.0,0.5,0.5,2.5,1.5,0.5,0.5,519.0,-34.41250026784837
1030,2109440,0.0428537300749061,1.480914568901062,6.809962097803751,0.13653973186349808,0.01252486506321778,0.6022356385986011,-0.012182475067675114,1.2426257133483887,0.845703125,506.76947884672495,2641.7523441890153,442.6821590115869,127.45260570495884,851.3481877290178,4,0.0,0.0,0.0,1.0,0.0,0.0,0.25,0.0,3.0,2.75,0.0,0.0,555.25,-37.06812510092277
1031,2111488,-0.002203390027473991,2.4130484580993654,6.8099475065867106,0.0056856530408064525,0.03411908385654291,0.16842984507481257,-0.262582391500473,1.5270980596542358,0.8333333333333334,506.8389547284838,2644.5286666049287,443.1298470125621,127.58715769796254,851.3481877290178,4,0.0,0.0,0.0,0.75,0.25,0.0,0.75,0.25,2.5,2.0,0.0,0.25,532.0,-33.532083254656754
1032,2113536,-0.0025806867866776883,2.288190221786499,6.8118260383605955,0.006508703948929906,0.039737497875466946,0.18400201499462127,-0.03703179582953453,1.6076107025146484,0.775390625,506.9147577395462,2647.282066572923,443.567191253489,127.70509244996356,851.3481877290178,4,0.0,0.0,0.0,0.25,0.75,0.0,0.5,0.75,3.0,1.75,0.0,0.75,590.75,-31.474791685817763
1033,2115584,-0.00048616953815023103,1.4048450946807862,6.812162669499715,0.01688502964292032,0.0566513152482609,0.17572025954723358,-0.10379434376955032,1.1422661542892456,0.7545572916666666,506.991466022217,2649.961512036891,444.03870342146547,127.85476476096665,851.3481877290178,4,0.0,0.0,0.0,0.75,0.25,0.0,0.75,0.25,2.0,1.5,0.5,0.25,507.75,-30.42833340051584
1034,2117632,-0.0032713040166224045,2.168224000930786,6.819448725382487,0.011706100908728938,0.03548225620761514,0.17544573197762173,-0.13633012771606445,1.449439525604248,0.7989908854166666,507.0052327030851,2653.097642187946,444.5620192605129,127.98706883196428,851.3481877290178,4,0.0,0.0,0.0,0.25,0.75,0.0,0.5,1.0,3.0,1.5,0.0,0.75,574.25,-23.062500039115548
1035,2119680,-0.0021138044947292657,1.4454142093658446,6.828183094660441,0.041260951369379954,0.0391323633142747,0.1797861248254776,0.09556267410516739,1.1274597644805908,0.7760416666666666,507.06645344846663,2655.9504105979286,444.99673985956906,128.11550331796752,851.3481877290178,4,0.0,0.25,0.0,0.75,0.25,0.0,1.25,0.25,2.75,1.25,0.25,0.25,543.75,-38.35000024922192
1036,2121728,0.013666569061266879,1.3332270383834839,6.8286341826121015,0.03820785281520026,0.0484901528339833,0.2754265141983827,0.15936169028282166,1.0735750198364258,0.8455403645833334,507.1391764824037,2658.7634804819463,445.39290792260726,128.24825661296927,851.3481877290178,3,0.0,0.0,0.0,0.6666666666666666,0.3333333333333333,0.0,1.0,0.3333333333333333,2.3333333333333335,1.6666666666666667,0.0,0.3333333333333333,524.3333333333334,-33.185833259796105
1037,2123776,-0.0011517205547230938,1.6520588040351867,6.8208507061004635,0.007834629307035356,0.024581885923786708,0.1869988662501176,-0.10739187896251678,1.3343358039855957,0.861328125,507.21383684351304,2661.545881613012,445.806123741575,128.3663201399686,851.3481877290178,5,0.0,0.0,0.0,0.8,0.2,0.0,0.6,0.2,2.8,2.0,0.2,0.2,534.4,-33.232000184059146
1038,2125824,-0.00401975149094748,1.69439777135849,6.820684289932251,0.008487911568954587,0.05121695058575521,0.16791403417785963,-0.12282225489616394,1.3509465456008911,0.8152669270833334,507.2902117710986,2664.2780757689907,446.2581618446129,128.48377656997036,851.3481877290178,3,0.0,0.0,0.0,0.6666666666666666,0.3333333333333333,0.0,1.0,0.3333333333333333,3.0,1.6666666666666667,0.0,0.3333333333333333,538.0,-33.1119444744351
1039,2127872,0.001333041919860989,1.1505072593688965,6.822413889567057,0.006266922369832173,0.034377575704517466,0.21141741077105206,0.3586602509021759,1.0429515838623047,0.7220052083333334,507.38285849625936,2666.854906767112,446.71668400960334,128.6136859649705,851.3481877290178,3,0.0,0.0,0.0,0.0,1.0,0.0,0.0,1.0,3.0,2.0,0.0,1.0,600.0,-28.311111300562818
1040,2129920,-0.0024453109484359934,1.435596525669098,6.8222759882609045,0.0074609160345668595,0.05780864160818358,0.17202172577381133,0.09697353839874268,1.2097547054290771,0.8421223958333334,507.46559893918084,2669.5220836470617,447.1645255266412,128.73087340896745,851.3481877290178,5,0.0,0.2,0.0,0.4,0.6,0.0,0.6,0.8,2.4,1.4,0.2,0.6,542.2,-26.37983339317143
1041,2131968,0.000297059997683391,1.7582223892211915,6.822030798594157,0.006378702985239215,0.0377603658552592,0.2073191486299038,0.01953033357858658,1.2565953731536865,0.7893880208333334,507.5537243477815,2672.1628012040965,447.6095200066193,128.85008487296727,851.3481877290178,2,0.0,0.0,0.0,0.5,0.5,0.0,0.5,1.0,2.5,1.0,0.5,0.5,465.0,-24.680000097490847
1042,2134016,-0.004195367471159746,1.1175666809082032,6.822517267862955,0.005885048732792105,0.04216909377913301,0.17020583972334863,0.18716919422149658,0.9794872403144836,0.90087890625,507.61356709581355,2675.024412192106,448.0546825466372,128.96563212297042,851.3481877290178,5,0.0,0.0,0.0,0.4,0.6,0.0,0.6,0.8,2.8,1.4,0.2,0.6,577.4,-38.35583368707448
1043,2136064,-0.0022536325152032076,1.0877166867256165,6.825890016555786,0.010976609161298256,0.032677689101547,0.16050247897704442,0.06527464836835861,0.9366560578346252,0.8870442708333334,507.65092617437864,2678.0618155730845,448.5064481676236,129.0878300089753,851.3481877290178,3,0.0,0.0,0.0,0.3333333333333333,0.6666666666666666,0.0,0.3333333333333333,1.3333333333333333,3.0,1.3333333333333333,0.0,0.6666666666666666,561.3333333333334,-20.427222209672134
1044,2138112,0.0011936615648058555,1.1638267517089844,6.827464373906453,0.26055296606306605,0.041502882881710924,0.19855871473749478,-0.05726604536175728,1.1162757873535156,0.8365885416666666,507.72044416036965,2680.891798762146,448.9055490036335,129.2157905249769,851.3481877290178,4,0.0,0.0,0.0,0.0,1.0,0.0,0.25,1.0,3.0,1.75,0.0,1.0,600.0,-27.893125032889657
1045,2140160,0.0006433141990176712,0.7813171744346619,6.826507679621378,0.019863920713153977,0.053106564298893016,0.20471250290671986,-0.13279293477535248,0.9073725938796997,0.8997395833333334,507.77987276302366,2683.8053479721566,449.302639996582,129.3345078419734,851.3481877290178,2,0.0,0.0,0.0,0.5,0.5,0.0,0.0,0.5,3.0,2.5,0.0,0.5,542.0,-32.521250086138025
1046,2142208,-0.0027688159161092093,1.938597023487091,6.826317087809245,0.007685641769694484,0.01912484421239545,0.1701783172786236,0.043928902596235275,1.4657890796661377,0.8580729166666666,507.8394549391137,2686.6965442071523,449.71804767053254,129.4514224219747,851.3481877290178,4,0.0,0.0,0.0,0.0,1.0,0.0,0.0,1.75,3.0,1.25,0.0,1.0,600.0,-24.42333344114013
1047,2144256,-0.00011680950992740691,2.918826675415039,6.826295566558838,0.010972096420785723,0.04153452857863158,0.18470294202367465,-0.20866845548152924,1.7874962091445923,0.9140625,507.90028197461874,2689.5643522721803,450.12709071457357,129.5904188599743,851.3481877290178,4,0.0,0.0,0.0,0.25,0.75,0.0,0.25,1.25,3.0,1.5,0.0,0.75,588.5,-30.80250011640601
1048,2146304,-0.002198232932278188,1.2624082088470459,6.828863938649495,0.004421722314630946,0.034845083823893216,0.1807321861386299,0.09129613637924194,1.2091962099075317,0.74072265625,508.0105600537559,2692.039913026143,450.5398864795934,129.71235789997445,851.3481877290178,4,0.0,0.0,0.0,0.25,0.75,0.0,0.5,0.75,2.5,1.25,0.5,0.75,546.75,-29.887083247536793
1049,2148352,0.012984811027126852,0.9232778787612915,6.830071576436361,0.14769037863394865,0.09510865045400957,0.4244540832936764,0.04848240315914154,0.8966453671455383,0.8779296875,508.0790410666076,2694.857333061169,450.9510322645947,129.83748509097495,851.3481877290178,4,0.0,0.0,0.0,0.25,0.75,0.0,0.25,0.75,3.0,2.0,0.0,0.75,583.25,-27.70520837465301
1050,2150400,0.008216962450630187,1.5697367310523986,6.825531498591105,0.025575300849353274,0.04637018765788525,0.2161231145262718,0.024924514815211296,1.2029484510421753,0.9090169270833334,508.14010251397434,2697.732051321167,451.3733638306803,129.95937681997748,851.3481877290178,3,0.0,0.0,0.0,0.6666666666666666,0.3333333333333333,0.0,1.0,0.3333333333333333,2.6666666666666665,1.3333333333333333,0.3333333333333333,0.3333333333333333,513.0,-33.231388977107905
1051,2152448,0.0030987136415205896,1.4827768802642822,6.818757963180542,0.029752491352458794,0.024385103241850933,0.20304202859600384,0.006470332853496075,1.204287052154541,0.83154296875,508.2471009858596,2700.227727551108,451.77674741865485,130.08980470697134,851.3481877290178,5,0.0,0.0,0.0,0.0,1.0,0.0,1.4,1.4,2.6,0.2,0.0,1.0,600.0,-19.67800007276237
1052,2154496,-0.0006603929058959086,1.1596941947937012,6.817469453811645,0.009678001670787731,0.03896840816984574,0.16439366887013118,0.3818727433681488,1.020333170890808,0.8888346354166666,508.32602216715435,2702.9580691381852,452.18876071771956,130.20884210197255,851.3481877290178,2,0.0,0.0,0.0,0.0,1.0,0.0,0.0,1.5,2.0,1.5,0.0,1.0,600.0,-21.201666811015457
1053,2156544,-0.0020217447347628576,2.069521450996399,6.8145874500274655,0.013229514094806898,0.034087014749335745,0.19077860936522484,-0.263175904750824,1.3668627738952637,0.8694661458333334,508.39955123626754,2705.745950968252,452.59628849067667,130.32509121196927,851.3481877290178,4,0.0,0.25,0.0,0.5,0.5,0.0,1.5,0.75,2.0,0.75,0.0,0.5,572.75,-24.718333368422464
1054,2158592,0.0015732844398977856,1.925135850906372,6.812757794062296,0.012848491043162843,0.03412312331298987,0.20929218331972757,-0.11083953827619553,1.3820699453353882,0.8645833333333334,508.48562287092363,2708.4141400652297,453.01269590068114,130.44164927496604,851.3481877290178,3,0.0,0.3333333333333333,0.0,0.3333333333333333,0.6666666666666666,0.0,2.3333333333333335,0.6666666666666666,3.0,0.0,0.0,0.6666666666666666,580.3333333333334,-27.453888923861086
1055,2160640,-0.0026079558107691505,3.0399396896362303,6.814126761754354,0.017401869335056594,0.019444635914017756,0.17848912452658017,-0.37738627195358276,1.8035225868225098,0.76025390625,508.62326230679383,2710.6682675841876,453.4021184316225,130.567221141966,851.3481877290178,4,0.0,0.0,0.0,0.5,0.5,0.0,1.5,0.75,2.5,0.75,0.0,0.5,569.5,-27.39708348386921
1056,2162688,-0.0023650868873422346,1.4574804425239563,6.818233569463094,0.014893931239688149,0.030342071685784806,0.1659541038175424,0.10353344678878784,1.1175289154052734,0.9108072916666666,508.6967149504826,2713.4327552521354,453.8215487536654,130.6865655379661,851.3481877290178,5,0.0,0.2,0.0,0.8,0.2,0.0,1.4,0.2,2.2,1.0,0.4,0.2,509.2,-34.88750027269125
1057,2164736,-0.0009704366093501449,1.9323654890060424,6.823342959086101,0.009402968280483037,0.04981876897315184,0.19243401363492013,-0.11242086440324783,1.3781912326812744,0.8458658854166666,508.76944113752967,2716.1802047461315,454.2653729736994,130.80635206696752,851.3481877290178,3,0.0,0.6666666666666666,0.0,0.6666666666666666,0.3333333333333333,0.0,2.6666666666666665,0.3333333333333333,3.0,0.0,0.0,0.3333333333333333,522.6666666666666,-27.456666686261695
1058,2166784,-0.0026615617020676534,2.3852495193481444,6.8224059581756595,0.010932469317534317,0.04947439049525807,0.19064354300498962,-0.2824408710002899,1.5752469301223755,0.7731119791666666,508.87412706104396,2718.6805482632262,454.68829623472993,130.92803101996833,851.3481877290178,4,0.0,0.0,0.0,0.0,1.0,0.0,2.0,1.0,3.0,0.0,0.0,1.0,600.0,-23.844166707945988
1059,2168832,9.192995882282655e-06,1.1944321632385253,6.825168402989705,0.018070707361524305,0.037376806139945984,0.17095995272199313,0.20151746273040771,0.950666606426239,0.8382161458333334,508.9493006009193,2721.44037076526,455.0992480986388,131.05362179396616,851.3481877290178,3,0.0,0.0,0.0,0.6666666666666666,0.3333333333333333,0.0,1.6666666666666667,0.3333333333333333,2.6666666666666665,0.6666666666666666,0.3333333333333333,0.3333333333333333,507.0,-31.27444453568508
1060,2170880,0.0010755108126128713,2.158581030368805,6.827193021774292,0.013670370935384805,0.040623628674075006,0.17991353198885918,0.06148942559957504,1.408450722694397,0.9033203125,509.0212762778844,2724.2170398822127,455.5250152116496,131.1684318089683,851.3481877290178,4,0.0,0.0,0.0,0.5,0.5,0.0,1.25,0.75,2.25,0.75,0.25,0.5,544.0,-31.331041826168075
1061,2172928,-0.0034493680849360924,2.183954453468323,6.826380840937296,0.009658208407442241,0.046038263376491764,0.17725453451275824,0.017214598134160042,1.3321115970611572,0.8688151041666666,509.0978133269023,2726.89220464119,456.0039140136578,131.28620471097383,851.3481877290178,4,0.0,0.25,0.0,0.5,0.5,0.0,1.75,0.5,3.0,0.75,0.0,0.5,574.25,-28.43937497504521
1062,2174976,-7.274930831044913e-05,1.3812507152557374,6.8291749636332195,0.0245494218581977,0.032549484889023005,0.17198880066474279,0.08588002622127533,1.1523818969726562,0.9295247395833334,509.15468720511814,2729.681042993201,456.5198251587426,131.4124876209753,851.3481877290178,3,0.0,0.0,0.0,0.3333333333333333,0.6666666666666666,0.0,0.3333333333333333,1.0,1.3333333333333333,1.3333333333333333,0.3333333333333333,0.6666666666666666,536.0,-26.477500003452104
1063,2177024,-0.0013115297515469138,4.427010893821716,6.834667015075683,0.00969685467813785,0.021752706736636658,0.1681473265091578,0.23176422715187073,2.029519557952881,0.8203125,509.2409212634895,2732.284714470188,456.983384796702,131.54372791697097,851.3481877290178,4,0.0,0.0,0.25,0.5,0.25,0.25,1.75,0.75,2.25,0.5,0.0,0.25,534.0,-24.44625002075918
1064,2179072,-0.0017002768387707572,2.1093430280685426,6.837713305155436,0.00632635137590114,0.0396547994731615,0.1688054377834002,-0.3260633945465088,1.406438946723938,0.8001302083333334,509.32189777400856,2734.9086121102155,457.4557450327775,131.66954141196766,851.3481877290178,5,0.0,0.4,0.0,0.6,0.4,0.2,1.8,0.4,2.6,0.6,0.2,0.4,512.4,-25.305499963369222
1065,2181120,-0.0015240405880225202,1.713098442554474,6.8417784690856935,0.023509247754312432,0.06362401693283269,0.17798881431420643,0.029195629060268402,1.2160457372665405,0.8479817708333334,509.3925417729664,2737.6796212322733,457.8862534308355,131.79064057196956,851.3481877290178,3,0.0,0.3333333333333333,0.0,0.6666666666666666,0.3333333333333333,0.0,1.6666666666666667,0.3333333333333333,2.6666666666666665,0.6666666666666666,0.3333333333333333,0.3333333333333333,541.3333333333334,-34.755277768863984
1066,2183168,0.027632961489143782,2.81025173664093,6.843556340535482,0.06821982068552947,0.039889883533275376,0.5635427082578341,-0.04559999704360962,1.6569745540618896,0.8592122395833334,509.46941253559544,2740.3841869151947,458.3259106087644,131.91004675497243,851.3481877290178,4,0.0,0.0,0.0,0.75,0.25,0.0,1.25,0.5,2.75,1.0,0.25,0.25,536.0,-27.90187494386919
1067,2185216,-0.0022047731559723615,2.85361225605011,6.84106478691101,0.009602840135145622,0.03379481599743788,0.16823200037082037,-0.05255521088838577,1.6899725198745728,0.8427734375,509.5515512110203,2743.087698993222,458.7346291957365,132.02797115397698,851.3481877290178,3,0.0,0.6666666666666666,0.0,1.0,0.0,0.0,2.6666666666666665,0.0,1.6666666666666667,0.3333333333333333,0.0,0.0,518.3333333333334,-32.28000001360973
1068,2187264,-0.0012287787899064521,0.9970525622367858,6.8448558648427325,0.04094672608965387,0.03759732502512634,0.17280645320812862,0.07599678635597229,1.0055619478225708,0.9054361979166666,509.61113409893017,2745.989724695275,459.1257977557543,132.14441381497454,851.3481877290178,4,0.0,0.5,0.0,0.75,0.25,0.0,2.0,0.25,2.75,0.5,0.25,0.25,485.5,-29.813749987166375
1069,2189312,0.004955619433894753,2.9981725454330443,6.843632443745931,2.013248898189825,0.04857890224084258,0.2326138970752557,-0.24169640243053436,1.8251981735229492,0.8131510416666666,509.6796468369492,2748.727248894298,459.5946049436461,132.26411619797727,851.3481877290178,4,0.0,0.25,0.0,0.5,0.5,0.0,2.0,0.5,3.0,0.5,0.0,0.5,574.0,-25.286666667321697
1070,2191360,-0.0015894093550741673,2.1795136451721193,6.835137923558553,0.015191463238443248,0.04533083008912702,0.19131808926661809,0.23040452599525452,1.3715709447860718,0.8487955729166666,509.7522412437215,2751.474657226274,460.0282193906605,132.3753036449707,851.3481877290178,4,0.0,0.25,0.0,0.5,0.5,0.0,2.0,0.5,3.0,0.5,0.0,0.5,579.0,-26.660833339672536
1071,2193408,-0.00081192038487643,2.5538785457611084,6.836794471740722,0.012205085263121872,0.03292770799404631,0.16863307803869249,0.28537145256996155,1.449913501739502,0.8585611979166666,509.81637875882933,2754.228609324251,460.4953237937152,132.5156052059683,851.3481877290178,3,0.0,0.3333333333333333,0.0,0.3333333333333333,0.6666666666666666,0.0,2.0,1.0,3.0,0.0,0.0,0.6666666666666666,597.3333333333334,-26.923889144013327
1072,2195456,-0.0015902702318271622,2.745563769340515,6.843971172968547,0.005730538143931578,0.025452518719248474,0.18456652462482454,-0.19784417748451233,1.7743077278137207,0.7815755208333334,509.90102395125916,2756.847059108295,460.9434622196495,132.6360373589705,851.3481877290178,5,0.0,0.2,0.0,0.4,0.6,0.0,1.6,0.6,2.6,0.8,0.0,0.6,586.6,-25.58633335288614
1073,2197504,-0.0033384238064172677,1.8707661628723145,6.849993244806925,0.027407857802851748,0.05390813077489535,0.18176494166254997,-0.11357952654361725,1.2640604972839355,0.9344075520833334,509.9630237332969,2759.6799118044146,461.3784910026516,132.75662421996822,851.3481877290178,3,0.0,0.3333333333333333,0.0,1.0,0.0,0.0,2.3333333333333335,0.0,3.0,0.6666666666666666,0.0,0.0,454.0,-31.83500002200405
1074,2199552,-0.0005343585003477831,2.8362957239151,6.8478875160217285,0.05842653341048087,0.04170419396056483,0.1854781538248062,0.2114608883857727,1.7204631567001343,0.79443359375,510.0550878351105,2762.306324258381,461.77005160362023,132.87855784996646,851.3481877290178,4,0.0,0.0,0.0,0.25,0.75,0.0,0.25,1.25,2.25,1.25,0.25,0.75,550.5,-23.066958350143977
1075,2201600,-0.0010166552267037332,1.0382732450962067,6.848419332504273,0.014749075577128679,0.024034801373879113,0.16733037556211153,0.10851632803678513,1.063666582107544,0.9104817708333334,510.1332907504449,2765.0685378314593,462.15176321857143,132.99321969496668,851.3481877290178,60,0.0,0.0,0.0,0.0,1.0,0.0,1.1333333333333333,0.2833333333333333,2.9166666666666665,1.5333333333333334,nan,0.23333333333333334,476.01666666666665,nan
1076,2203648,-0.00023277532673091628,3.5866795063018797,6.851112953821818,0.00928707779579175,0.029006439548296233,0.1892875164747238,-0.15045809745788574,1.9129250049591064,0.8103841145833334,504.81513613896595,2767.780566388421,462.60415553062194,133.11992890197143,897.4660624460157,4,0.0,0.0,0.0,0.5,0.5,0.0,1.5,0.5,3.0,1.0,0.0,0.5,571.5,-27.112916639074683
1077,2205696,0.025676805626183827,1.593519639968872,6.852453994750976,0.03006919878728998,0.06800760338082909,0.36078028231859205,0.10238853842020035,1.2543270587921143,0.8712565104166666,504.89618000056026,2770.3997822124074,463.0998428777093,133.23519833997125,897.4660624460157,4,0.0,0.0,0.0,0.5,0.5,0.0,0.5,0.75,2.25,1.5,0.25,0.5,564.0,-23.865833343705162
1078,2207744,-0.002254271263564078,2.1587398052215576,6.846028105417887,0.008693287768013154,0.04301241804690411,0.17683363556861878,0.019829140976071358,1.4347232580184937,0.8291015625,505.0241630092874,2772.723399600305,463.49464491171966,133.361045421967,897.4660624460157,3,0.0,0.6666666666666666,0.0,1.0,0.0,0.0,2.0,0.0,2.6666666666666665,0.6666666666666666,0.3333333333333333,0.0,478.3333333333333,-37.1750000808388
1079,2209792,-0.0027842436504821916,2.900227093696594,6.843813419342041,0.02884522736227761,0.029226597553739946,0.18361515055100122,-0.10239823907613754,1.7289774417877197,0.8876953125,505.1054080067005,2775.430988908338,463.90416019376426,133.48307717996795,897.4660624460157,5,0.0,0.0,0.0,0.4,0.6,0.0,0.4,0.6,2.0,1.8,0.2,0.6,568.6,-31.570500283222646
1080,2211840,-0.00036769015714526175,2.625759482383728,6.839344151814779,0.01109502961820302,0.05962786643455426,0.19064343521992366,-0.16965529322624207,1.5532342195510864,0.9080403645833334,505.1911923243644,2778.121346077307,464.29916333579604,133.61122626096767,897.4660624460157,3,0.0,0.3333333333333333,0.0,1.0,0.0,0.0,2.3333333333333335,0.0,2.3333333333333335,0.6666666666666666,0.0,0.0,446.6666666666667,-30.165000005004305
1081,2213888,-0.0010835918287436168,2.1694775938987734,6.835467052459717,0.008260501777598014,0.02443594733097901,0.17573146919409435,0.18099820613861084,1.3824986219406128,0.83251953125,505.29680340288377,2780.601829142295,464.7250699338183,133.734401511967,897.4660624460157,5,0.0,0.2,0.0,0.6,0.4,0.0,1.8,0.6,3.0,0.6,0.0,0.4,548.6,-25.57533332053572
1082,2215936,0.0011298593444128832,3.267832899093628,6.828594779968261,0.07164504011549676,0.014301071828231215,0.17119582245747247,0.0867544561624527,1.7974603176116943,0.8806966145833334,505.39901839579255,2783.146814628286,465.1188267168982,133.86177820096782,897.4660624460157,4,0.0,0.25,0.0,0.75,0.25,0.0,1.75,0.5,2.25,0.5,0.25,0.25,508.25,-25.09666666854173
1083,2217984,0.004664101439993828,2.772242212295532,6.823829634984334,0.03913304961558121,0.04900376670993865,0.21055965771277746,-0.1567097008228302,1.6529449224472046,0.8723958333333334,505.4901105414331,2785.7744155394103,465.53180749690364,133.9788904369634,897.4660624460157,4,0.0,0.0,0.25,0.25,0.5,0.0,0.75,1.0,1.25,1.0,0.25,0.5,471.75,-20.483750006882474
1084,2220032,0.0030828113202005627,1.8841944932937622,6.816701507568359,0.05359044815801705,0.04736893887165934,0.1892184190452099,0.02224097214639187,1.4529993534088135,0.8460286458333334,505.5726469423721,2788.4785174204153,465.94870345682284,134.0948912189633,897.4660624460157,2,0.0,0.5,0.0,0.5,0.5,0.0,2.5,0.5,2.0,0.0,0.0,0.5,569.5,-25.014999999664724
1085,2222080,0.13074847147023927,2.5043183088302614,6.811418247222901,0.3600085622863844,0.04524547231073181,1.8676610216498375,0.357374370098114,1.5103822946548462,0.8465169270833334,505.6618595398302,2791.0691862474414,466.3914443457834,134.2205810779633,897.4660624460157,5,0.0,0.2,0.0,0.4,0.6,0.0,1.2,1.0,2.8,0.6,0.2,0.6,550.2,-27.894333540648223
1086,2224128,0.001156621977376441,1.422444725036621,6.804822603861491,0.030780986680959663,0.06311647871819635,0.1857837123175462,0.2113151252269745,1.1332716941833496,0.9070638020833334,505.7585706562971,2793.637553727429,466.80717436871055,134.34504475396534,897.4660624460157,3,0.0,0.3333333333333333,0.0,0.6666666666666666,0.3333333333333333,0.0,1.3333333333333333,0.6666666666666666,2.6666666666666665,0.6666666666666666,0.3333333333333333,0.3333333333333333,520.0,-23.333333333333332
1087,2226176,-0.0009551740067157273,1.9277621626853942,6.796304353078207,0.0844783596888495,0.08465104630061736,0.18915962154666582,0.12348832190036774,1.4105088710784912,0.8307291666666666,505.84481332414595,2796.2814574853764,467.2342384386866,134.46540364796238,897.4660624460157,6,0.0,0.0,0.16666666666666666,0.3333333333333333,0.5,0.0,0.6666666666666666,1.1666666666666667,1.8333333333333333,1.0,0.16666666666666666,0.5,492.6666666666667,-18.78833327659716
1088,2228224,-0.0031428498584621894,1.8771785140037536,6.792932828267415,0.017494526811060496,0.026476096528737496,0.1598899744451046,-0.06177714839577675,1.2810869216918945,0.90869140625,505.91589462634175,2799.1032520113877,467.62966930371476,134.58060491196375,897.4660624460157,3,0.0,0.0,0.0,1.0,0.0,0.0,2.0,0.0,3.0,1.0,0.0,0.0,532.0,-37.490000003638364
1089,2230272,-0.0004571828331487874,2.362809181213379,6.792327165603638,0.01085099644648532,0.038388115326718736,0.18718617161115012,-0.10422252863645554,1.543207049369812,0.7742513020833334,506.00494917093766,2801.7052454294317,468.07441353979084,134.70050642196293,897.4660624460157,4,0.0,0.0,0.0,0.75,0.25,0.0,1.75,0.25,2.5,1.0,0.0,0.25,527.0,-28.048333341721445
1090,2232320,0.004353707714471966,1.6692405462265014,6.7877827167510985,0.009501219311884294,0.0623138217565914,0.20041576003034908,0.014625056646764278,1.2620216608047485,0.9197591145833334,506.06497972368663,2804.5482208693647,468.5185157917804,134.82032815296407,897.4660624460157,5,0.0,0.2,0.2,0.4,0.4,0.0,1.2,1.0,2.0,0.6,0.2,0.4,460.4,-23.146333388239146
1091,2234368,-0.001624197566707153,2.2426264882087708,6.791454696655274,0.009135484323875669,0.05006771284000327,0.18462769985198973,-0.2832179069519043,1.4825791120529175,0.8414713541666666,506.14014682944213,2807.28283837832,468.9535986537667,134.9397133819657,897.4660624460157,2,0.0,0.0,0.0,1.0,0.0,0.0,1.5,0.0,3.0,1.5,0.0,0.0,537.0,-35.04333330783993
1092,2236416,0.0010414975889337559,1.4500579476356505,6.795360501607259,0.012308927912575504,0.03718450332526117,0.17816776235898335,0.17799119651317596,0.9841595888137817,0.7918294270833334,506.21161353545125,2809.9980601523275,469.38802278676303,135.09546478396078,897.4660624460157,5,0.0,0.0,0.0,0.2,0.8,0.0,0.8,0.8,3.0,1.4,0.0,0.8,598.0,-32.418000381439924
1093,2238464,0.0005766439872483413,1.5309702277183532,6.7956100304921465,0.013205411292922993,0.0532522857033958,0.219459164639314,0.09343501180410385,1.291002869606018,0.8836263020833334,506.2714648339157,2812.8545716352746,469.82328909480566,135.21865300696663,897.4660624460157,2,0.0,0.0,0.0,0.0,1.0,0.0,0.0,1.0,3.0,2.0,0.0,1.0,600.0,-23.28250012686476
1094,2240512,0.47766141706864196,1.984072482585907,6.795095825195313,0.1514208490693515,0.06542314761318266,4.058048345645269,-0.22529931366443634,1.3615199327468872,0.8006184895833334,506.35225871891754,2815.5274859612473,470.2548753518131,135.3416212299635,897.4660624460157,4,0.0,0.0,0.0,0.0,1.0,0.0,1.25,1.0,3.0,0.75,0.0,1.0,600.0,-24.9104168175254
1095,2242560,-0.0013863006664905698,1.2045671701431275,6.789747587839762,0.006708544613987518,0.032196458347607405,0.16907881249984105,0.16891682147979736,1.0464377403259277,0.8818359375,506.4319286139646,2818.2003457762767,470.7071690958837,135.46011895496486,897.4660624460157,3,0.0,0.0,0.0,0.3333333333333333,0.6666666666666666,0.0,1.0,0.6666666666666666,3.0,1.3333333333333333,0.0,0.6666666666666666,573.6666666666666,-29.268333411620308
1096,2244608,-5.487747257575393e-05,2.5018849849700926,6.7929021199544275,0.03215346231590956,0.04758000050981839,0.21114119589328767,-0.5537821650505066,1.5591248273849487,0.6852213541666666,506.54185402030413,2820.677247930231,471.09000522381393,135.5792092309639,897.4660624460157,5,0.0,0.0,0.0,0.2,0.8,0.0,0.4,0.8,2.8,1.6,0.2,0.8,598.2,-31.317333695851268
1097,2246656,-0.00537788886576891,1.5102357864379883,6.7979289849599205,0.028256210134228847,0.0847285379578049,0.19759543165564536,-0.15307576954364777,1.3546799421310425,0.77294921875,506.6469196371329,2823.1327742682624,471.5261006778237,135.69645920896437,897.4660624460157,3,0.0,0.0,0.0,0.3333333333333333,0.6666666666666666,0.0,0.6666666666666666,0.6666666666666666,2.6666666666666665,1.3333333333333333,0.3333333333333333,0.6666666666666666,581.0,-29.47500024208178
1098,2248704,-0.004032794455997646,1.4952628850936889,6.799263763427734,0.004337182134622708,0.03974242879776284,0.1760706086953481,0.11674007773399353,1.2086975574493408,0.7364908854166666,506.782186203402,2825.365803047309,471.92542360575317,135.81330146796972,897.4660624460157,5,0.0,0.0,0.0,0.8,0.2,0.0,1.0,0.2,2.6,1.4,0.4,0.2,496.8,-31.842166673205792
1099,2250752,0.0027755728534733255,0.7990475296974182,6.798133484522501,0.025992602525123705,0.03405902517649035,0.19352769975860915,0.11587581038475037,0.8946788907051086,0.8854166666666666,506.89467938441646,2827.7702308362786,472.34894493273896,135.9388309069691,897.4660624460157,3,0.0,0.0,0.0,0.6666666666666666,0.3333333333333333,0.0,0.3333333333333333,0.3333333333333333,1.6666666666666667,1.6666666666666667,0.6666666666666666,0.3333333333333333,516.0,-28.902500189375132
1100,2252800,0.17883081259205938,3.060213565826416,6.7896072228749595,0.15066680789799042,0.03823867927615841,2.468148520588875,-0.24393896758556366,1.7822508811950684,0.8264973958333334,507.0106549633836,2830.164286517276,472.74814559666993,136.05980405096489,897.4660624460157,5,0.0,0.0,0.0,0.8,0.2,0.0,1.2,0.4,1.8,1.4,0.0,0.2,505.4,-26.677666676975786
1101,2254848,-0.0039332203106217396,0.5981506317853927,6.780426152547201,0.018409174163631786,0.06291190764556329,0.18913466855883598,0.22298981249332428,0.8084650635719299,0.8087565104166666,507.0999830544249,2832.817851916312,473.1393812476308,136.17891092096397,897.4660624460157,1,0.0,0.0,0.0,0.0,1.0,0.0,0.0,1.0,3.0,2.0,0.0,1.0,600.0,-32.05333375930786
1102,2256896,-0.0022859863704070447,2.0214188575744627,6.777812035878499,0.05386959207050192,0.022394526734327277,0.17873916923999786,0.15182454884052277,1.3377801179885864,0.716796875,507.1946095883109,2835.390784259296,473.541159098575,136.29996279696206,897.4660624460157,6,0.0,0.0,0.0,0.3333333333333333,0.6666666666666666,0.0,0.6666666666666666,0.8333333333333334,2.5,1.3333333333333333,0.16666666666666666,0.6666666666666666,593.8333333333334,-24.832222292898223
1103,2258944,-0.002508437994401902,2.122886431217194,6.774409246444702,0.14726380883560827,0.048349976702593264,0.17180966436862946,-0.15709403157234192,1.4753915071487427,0.8147786458333334,507.26894721336896,2838.133250219362,473.94889578657603,136.41792431996146,897.4660624460157,2,0.0,0.0,0.0,0.0,1.0,0.0,0.0,1.0,2.5,1.5,0.5,1.0,600.0,-20.387500006938353
1104,2260992,0.002457667834823951,2.1372326016426086,6.775990168253581,0.0071126008192853385,0.02625271026045084,0.1973886380592982,0.1726669818162918,1.5376139879226685,0.7830403645833334,507.356081494974,2840.749790954331,474.3848765116418,136.53201009496115,897.4660624460157,3,0.0,0.0,0.0,0.3333333333333333,0.6666666666666666,0.0,1.0,0.6666666666666666,3.0,1.3333333333333333,0.0,0.6666666666666666,564.6666666666666,-23.53222222502033
1105,2263040,-0.002263855484003822,1.2885989665985107,6.776238822937012,0.008091388155783837,0.06856945554027334,0.17929895321528116,0.044275619089603424,1.1522235870361328,0.83056640625,507.4375318908376,2843.3287383382267,474.8854801636844,136.65542106896464,897.4660624460157,5,0.0,0.0,0.0,0.2,0.8,0.0,0.2,1.2,2.2,1.4,0.2,0.8,583.6,-19.805500066652893
1106,2265088,0.013753812558328112,1.4530757069587708,6.774690802892049,0.06924407753006866,0.05476150591081629,0.2695624758799871,0.13149768114089966,1.1817928552627563,0.8385416666666666,507.5183641567122,2845.956913826187,475.3463951576996,136.78448374996515,897.4660624460157,3,0.0,0.0,0.0,0.6666666666666666,0.3333333333333333,0.0,1.0,0.3333333333333333,2.3333333333333335,1.0,0.6666666666666666,0.3333333333333333,481.3333333333333,-26.872777779120952
1107,2267136,-0.0029789016106709218,2.0914010405540466,6.771694342295329,0.011968663580773864,0.029424843766416114,0.16768903508782387,-0.12256328761577606,1.2823346853256226,0.9073893229166666,507.5834629398524,2848.7293735531057,475.7892479186703,136.909039988961,897.4660624460157,6,0.0,0.16666666666666666,0.0,0.6666666666666666,0.3333333333333333,0.0,1.6666666666666667,0.3333333333333333,3.0,1.0,0.0,0.3333333333333333,516.5,-28.17152783383305
1108,2269184,4.627034068107605e-05,1.9701387643814088,6.776374085744222,0.013063322869129479,0.029353366885334253,0.18274696345130603,0.04079713672399521,1.395066738128662,0.8684895833333334,507.6629641714632,2851.4513342620703,476.1826106166918,137.02921343596245,897.4660624460157,3,0.0,0.0,0.0,1.0,0.0,0.0,1.0,0.0,3.0,2.0,0.0,0.0,505.3333333333333,-30.0
1109,2271232,0.00047967647939609986,1.80490140914917,6.779752731323242,0.026797180258048076,0.047998551232740286,0.19324810827771824,-0.021641427651047707,1.267817497253418,0.81689453125,507.7305540697822,2854.212858185121,476.6156559557785,137.16126019396324,897.4660624460157,4,0.0,0.0,0.0,0.5,0.5,0.0,1.0,0.5,2.5,1.5,0.0,0.5,582.75,-25.073750000214204
1110,2273280,-0.0004662918159738183,2.0096045970916747,6.783600743611654,0.6195744221641992,0.01595147407303254,0.17134744549791017,-0.20419980585575104,1.3313021659851074,0.9015299479166666,507.7897523234326,2857.088389523131,477.03849434579024,137.27575034795882,897.4660624460157,3,0.0,0.0,0.0,0.6666666666666666,0.3333333333333333,0.0,1.0,0.3333333333333333,3.0,1.6666666666666667,0.0,0.3333333333333333,529.6666666666666,-34.05555582046509
1111,2275328,-0.001046286274989446,1.6536830902099608,6.789266029993693,0.007005575788207352,0.023342719371430575,0.18444469372431438,-0.02604796551167965,1.2509875297546387,0.8370768229166666,507.8609810344584,2859.7824232111816,477.50657357978343,137.40366365796217,897.4660624460157,4,0.0,0.0,0.0,1.0,0.0,0.0,1.0,0.0,3.0,2.0,0.0,0.0,515.75,-31.967500070109963
1112,2277376,0.0002763801681188246,1.7386147141456605,6.794032986958822,0.021612991974689067,0.021711613913066686,0.18554157316684722,-0.07664205878973007,1.3464912176132202,0.8445638020833334,507.9271276809765,2862.5367043621663,477.95287218478916,137.54493660896696,897.4660624460157,2,0.0,0.0,0.0,0.0,1.0,0.0,0.0,1.0,3.0,2.0,0.0,1.0,600.0,-21.94666668632999
1113,2279424,0.0034771494256953398,2.8714181661605833,6.794683742523193,0.02379471592915555,0.05669047044745336,0.22678809935847918,0.004171844106167555,1.8446242809295654,0.7867838541666666,508.01886561280656,2865.070449716113,478.408404133741,137.66827249997004,897.4660624460157,5,0.0,0.0,0.0,0.2,0.8,0.0,0.6,1.2,2.6,1.2,0.0,0.8,566.2,-19.44000005722046
1114,2281472,-0.0016373891072968643,2.165428304672241,6.7973648389180505,0.024418127715277176,0.04524208647587026,0.18037005389730135,-0.24365638196468353,1.4416940212249756,0.806640625,508.08529085528977,2867.818897806137,478.8599721226783,137.78876175796904,897.4660624460157,5,0.0,0.0,0.0,0.8,0.2,0.0,1.4,0.4,2.6,0.8,0.4,0.2,459.4,-26.546333341114224
1115,2283520,0.008704181898307677,2.2690572500228883,6.802232726414998,0.00825062725149716,0.04896543158683926,0.2416856865088145,-0.07977268099784851,1.5057452917099,0.7762044270833334,508.19356306172466,2870.2562584002662,479.26803759675386,137.9144094659714,897.4660624460157,5,0.0,0.2,0.0,0.8,0.2,0.0,1.8,0.4,2.8,0.6,0.2,0.2,481.2,-26.463500015717
1116,2285568,-0.004326620497158729,1.1918647646903993,6.804046233495076,0.005707812092926663,0.05258377695378537,0.17251603255669276,-0.07329192757606506,1.1316851377487183,0.7802734375,508.2691382301808,2872.9265912862757,479.72595958977763,138.0365239619714,897.4660624460157,3,0.0,0.0,0.0,0.6666666666666666,0.3333333333333333,0.0,0.6666666666666666,0.3333333333333333,1.6666666666666667,1.3333333333333333,0.6666666666666666,0.3333333333333333,522.6666666666666,-28.85083327551062
1117,2287616,-0.0022308510417739552,1.7933993101119996,6.807138872146607,0.0055003744336621216,0.01716812883193294,0.19142478754123052,0.04106713831424713,1.3341658115386963,0.75,508.38040406127567,2875.3149186973897,480.14810727873555,138.16544212597364,897.4660624460157,5,0.0,0.0,0.0,0.6,0.4,0.0,0.8,0.4,2.6,1.4,0.4,0.4,485.8,-28.40000009536743
1118,2289664,-0.0015873170147339504,2.3159560203552245,6.810179169972738,0.08275111341305698,0.018298484090094765,0.17562104562918346,-0.04508469998836517,1.5142000913619995,0.8269856770833334,508.4816812319337,2877.7566622864106,480.60231983273843,138.29470997997123,897.4660624460157,3,0.0,0.3333333333333333,0.0,1.0,0.0,0.0,1.6666666666666667,0.0,2.0,1.0,0.3333333333333333,0.0,536.3333333333334,-37.09083349118009
1119,2291712,0.00017392250786845881,2.473611044883728,6.807438484827677,0.20593198186640319,0.019417568820063024,0.19052287687857947,-0.1691739857196808,1.5067287683486938,0.78515625,508.5892114765226,2880.164767575334,481.0465617296941,138.41013187896897,897.4660624460157,4,0.0,0.0,0.0,0.75,0.25,0.0,1.25,0.25,2.75,1.25,0.25,0.25,522.75,-31.81437516817823
1120,2293760,0.0030596142906385163,1.5607149362564088,6.80466825167338,0.010358866187743843,0.05652966819858799,0.22441162690520286,0.05063575133681297,1.292901635169983,0.8479817708333334,508.67315472873037,2882.7298593743326,481.51727631668473,138.54359176797152,897.4660624460157,4,0.0,0.25,0.25,0.25,0.5,0.0,1.25,1.0,1.75,0.5,0.25,0.5,460.25,-21.54229162284173
1121,2295808,-0.0023935912370992205,3.1364719390869142,6.801974678039551,0.007357981510964843,0.019601284786282726,0.18196189254522324,-0.13233241438865662,1.8171383142471313,0.7776692708333334,508.7685198335549,2885.2494926833533,481.94928653477837,138.66901534997305,897.4660624460157,4,0.0,0.0,0.0,0.0,1.0,0.0,1.25,1.0,2.5,0.75,0.0,1.0,600.0,-20.685625023092143
1122,2297856,0.0019030124337101977,1.4100250959396363,6.798724015553792,0.023146167925248543,0.04159813199657947,0.20190939729412397,0.09007403999567032,1.2132560014724731,0.7571614583333334,508.892500579865,2887.47219095927,482.4110802688083,138.79814019097103,897.4660624460157,5,0.0,0.0,0.2,0.2,0.6,0.0,0.4,1.0,2.0,1.4,0.2,0.6,471.6,-21.625000063702466
1123,2299904,0.0026518330026495582,1.3335094451904297,6.797394466400147,0.013218683012140294,0.01974338999716565,0.18017194544275603,0.2528838813304901,1.1841686964035034,0.88037109375,509.0467507995872,2889.488953735272,482.8066143367614,138.93566142497002,897.4660624460157,2,0.0,0.0,0.0,0.5,0.5,0.0,1.5,0.5,1.5,0.5,0.5,0.5,537.5,-25.0
1124,2301952,0.0018586453593646486,1.1201319992542267,6.794879976908366,0.24935368893590446,0.043771670836334424,0.21186063860853513,0.12085072696208954,1.0517207384109497,0.6964518229166666,509.17788444525036,2891.6892856593186,483.23583648266504,139.05649578596785,897.4660624460157,60,0.0,0.0,0.0,0.4,0.6,0.0,0.2833333333333333,0.23333333333333334,2.7666666666666666,2.4833333333333334,nan,0.23333333333333334,375.28333333333336,nan
1125,2304000,0.0008702417146802569,1.0784769654273987,6.7899803479512535,0.08245910895833125,0.0220092230476439,0.17906541153788566,0.1399315893650055,1.085747480392456,0.9013671875,505.4446204975256,2894.413513262305,483.6718534967149,139.18668345396873,931.5087808540193,2,0.0,0.0,0.0,0.0,1.0,0.0,1.0,1.0,2.0,1.0,0.0,1.0,600.0,-20.0
1126,2306048,0.0032250080180043976,2.363661551475525,6.78782852490743,0.11384441804693779,0.03850333964607368,0.24540020897984505,0.13779520988464355,1.5629905462265015,0.7802734375,505.5276157634725,2897.072755554327,484.0873276537386,139.30204280996986,931.5087808540193,5,0.0,0.0,0.0,0.6,0.4,0.0,0.6,0.6,2.6,1.8,0.0,0.4,551.2,-29.855333480797707
1127,2308096,1.0684732812767228,1.630041480064392,6.784942150115967,0.28232413857088734,0.040052965415331224,14.391920213401317,0.13511398434638977,1.2303130626678467,0.923828125,505.59962435257773,2899.7728940653615,484.54675147783564,139.42710792896833,931.5087808540193,3,0.0,0.0,0.0,0.3333333333333333,0.6666666666666666,0.0,0.3333333333333333,0.6666666666666666,2.3333333333333335,1.6666666666666667,0.3333333333333333,0.6666666666666666,581.0,-31.813333434984088
1128,2310144,-0.0019577449730907876,3.50505952835083,6.784542719523112,0.025709719891407683,0.028994350616509717,0.18555480514963468,-0.2051646113395691,2.060019016265869,0.73095703125,505.70517449312433,2902.2090545563697,484.9763781037982,139.55227045196807,931.5087808540193,3,0.0,0.0,0.0,0.3333333333333333,0.6666666666666666,0.0,0.3333333333333333,0.6666666666666666,3.0,2.0,0.0,0.6666666666666666,523.6666666666666,-31.141666904091835
1129,2312192,-0.0024493166944012045,0.7283657848834991,6.785158793131511,0.01114043955070277,0.06879378791588048,0.16635951822002729,0.1366615742444992,0.7932134866714478,0.93017578125,505.78983151434153,2904.8337544254027,485.405755998785,139.67381281296548,931.5087808540193,5,0.0,0.0,0.0,0.6,0.4,0.0,0.6,0.4,2.6,2.0,0.0,0.4,556.0,-29.370000130683184
1130,2314240,0.008117923086198667,2.5281305074691773,6.783718506495158,0.00937789455880799,0.04995061024480189,0.34215169499317805,-0.2213524729013443,1.7718031406402588,0.7101236979166666,505.9125560788641,2907.14929818947,485.80240323273756,139.79419297596178,931.5087808540193,5,0.0,0.0,0.0,0.6,0.4,0.0,0.6,0.4,2.6,2.0,0.0,0.4,510.6,-27.274000041931867
1131,2316288,-0.0023609584022779018,1.5246373057365417,6.77312437693278,0.012544880235024418,0.035512609081342815,0.1707509882748127,-0.060077965259552,1.1229407787322998,0.9065755208333334,505.97729962510135,2910.000118540469,486.20018395576335,139.9129547239645,931.5087808540193,3,0.0,0.0,0.0,0.6666666666666666,0.3333333333333333,0.0,0.6666666666666666,0.3333333333333333,1.3333333333333333,1.6666666666666667,0.3333333333333333,0.3333333333333333,563.0,-32.46166688995436
1132,2318336,-0.0008414289720046023,2.247492957115173,6.773484643300375,0.004507752003458639,0.015465733082965016,0.1738597402969996,-0.09825729578733444,1.5578533411026,0.7718098958333334,506.0768850188967,2912.4909376874784,486.6306840897523,140.03019328896335,931.5087808540193,3,0.0,0.0,0.0,1.0,0.0,0.0,0.6666666666666666,0.0,2.3333333333333335,2.3333333333333335,0.0,0.0,438.6666666666667,-30.0
1133,2320384,8.607077955578765e-05,2.2559977889060976,6.7721383730570475,0.04803008089074865,0.018734703469090164,0.1572982795536518,0.25249701738357544,1.2765315771102905,0.81982421875,506.20511879464016,2914.756447624459,487.02420313077164,140.15021393596544,931.5087808540193,5,0.0,0.0,0.0,0.2,0.8,0.0,0.2,1.2,2.6,1.4,0.2,0.8,598.6,-31.578333816491067
1134,2322432,0.008675979587375574,2.4774088621139527,6.769135777155558,0.040260692383162676,0.03956029732168342,0.2777842911581198,-0.18641424179077148,1.5579408407211304,0.8717447916666666,506.2827962227529,2917.438324301467,487.4543898847478,140.2694857769602,931.5087808540193,4,0.0,0.0,0.0,0.75,0.25,0.0,0.75,0.25,1.0,2.0,0.0,0.25,488.5,-27.58250000094995
1135,2324480,-0.002340916241519153,2.4534260630607605,6.772849527994792,0.013319774624687853,0.016082737843195596,0.16653542543450991,-0.1930193156003952,1.5174860954284668,0.81982421875,506.38268018583517,2919.930120568497,487.87420606369415,140.38870521196077,931.5087808540193,3,0.0,0.0,0.0,1.0,0.0,0.0,0.6666666666666666,0.0,3.0,2.3333333333333335,0.0,0.0,528.3333333333334,-38.54666674897695
1136,2326528,-0.0022619022522121666,3.176883316040039,6.780968681971232,0.007508382205075274,0.0293474203053241,0.16323518380522728,-0.17981821298599243,1.7609078884124756,0.7999674479166666,506.4964061436644,2922.3069491165006,488.2854459336959,140.50435084495984,931.5087808540193,4,0.0,0.0,0.0,0.75,0.25,0.0,1.5,0.5,2.0,1.0,0.0,0.25,539.75,-33.73750006221235
1137,2328576,-0.0016831355906712512,2.81867938041687,6.78316904703776,0.06821630216503156,0.02388163337794443,0.15100232635935149,0.06226552650332451,1.6700958013534546,0.8927408854166666,506.56933641762686,2925.0567342504437,488.68720147167915,140.62608975396142,931.5087808540193,5,0.0,0.0,0.0,0.8,0.2,0.0,0.8,0.2,2.0,1.8,0.2,0.2,515.0,-42.23350030221045
1138,2330624,-0.00017699364883204302,1.8899744391441344,6.782324234644572,0.049899177280409886,0.013685663898165027,0.1943842445810636,0.12280242145061493,1.3612146377563477,0.8836263020833334,506.65325272498575,2927.7246749834376,489.0778568756941,140.75034712896013,931.5087808540193,2,0.0,0.0,0.0,0.5,0.5,0.0,0.5,0.5,2.0,2.0,0.0,0.5,498.5,-31.32750006741844
1139,2332672,-1.1159213803087672e-05,2.0267974853515627,6.77811156908671,0.023791682842420413,0.021477398493637643,0.19954823106527328,-0.04842895269393921,1.3692048788070679,0.77490234375,506.7641832898886,2930.108174430512,489.4909853227,140.87148007395444,931.5087808540193,5,0.0,0.0,0.0,0.4,0.6,0.0,0.2,0.6,2.2,2.2,0.0,0.6,557.0,-35.30250019133091
1140,2334720,-0.003065013177304839,2.66710844039917,6.774053287506104,0.00890571461059153,0.04123914972878993,0.187458003560702,-0.16784217953681946,1.6766026020050049,0.8430989583333334,506.8475515995661,2932.719303265556,489.93290822372364,140.98915616595332,931.5087808540193,3,0.0,0.0,0.0,0.6666666666666666,0.3333333333333333,0.0,0.6666666666666666,0.3333333333333333,2.3333333333333335,2.0,0.0,0.3333333333333333,532.0,-30.198333473255236
1141,2336768,-0.0014235969826889535,1.6572396636009217,6.775859848658244,0.011494297710305546,0.018777088557059566,0.14496757984161376,-0.12704585492610931,1.2716163396835327,0.8670247395833334,506.9884669897533,2934.8391468636037,490.34140705073514,141.10607686195,931.5087808540193,6,0.0,0.16666666666666666,0.0,0.8333333333333334,0.16666666666666666,0.0,0.8333333333333334,0.16666666666666666,2.5,1.8333333333333333,0.16666666666666666,0.16666666666666666,465.1666666666667,-37.80069483521705
1142,2338816,-0.001818988084172209,2.84191153049469,6.7834228515625,0.031667584460713744,0.020308271023289613,0.17173645148674646,-0.4352256655693054,1.686402440071106,0.7897135416666666,507.1242594326785,2937.0383458455326,490.7286919317121,141.22924671695364,931.5087808540193,2,0.0,0.0,0.0,1.0,0.0,0.0,0.5,0.0,1.0,2.5,0.0,0.0,537.0,-37.849999848753214
1143,2340864,-0.002288580291982119,1.5371838927268981,6.7890706062316895,0.008378922984896538,0.023539881113295753,0.16534299279252687,0.1415139138698578,1.2215709686279297,0.7869466145833334,507.2225341311763,2939.5526308674453,491.1367672047927,141.34671325595264,931.5087808540193,4,0.0,0.25,0.0,0.25,0.75,0.0,1.25,0.75,1.5,1.0,0.0,0.75,547.25,-39.658750649075955
1144,2342912,-0.0020936554220194617,2.529504585266113,6.79218061765035,0.030239487645061066,0.03323886836102853,0.17484463651974996,-0.1618407517671585,1.5700101852416992,0.8502604166666666,507.2933155966293,2942.304626183417,491.54206642875215,141.47128605595208,931.5087808540193,4,0.0,0.25,0.0,0.25,0.75,0.0,1.25,0.75,1.75,0.75,0.25,0.75,538.25,-34.3939586461056
1145,2344960,0.005839608083867158,1.5531093955039978,6.793827040990194,0.01788093432939301,0.05883849532110617,0.218002720673879,-0.02158370055258274,1.2525489330291748,0.7945963541666666,507.3829699564051,2944.8625888784372,491.9683269357047,141.5901126859535,931.5087808540193,4,0.0,0.5,0.0,1.0,0.0,0.0,2.5,0.0,3.0,0.5,0.0,0.0,521.0,-41.99062555003911
1146,2347008,-0.00016231402599563202,2.775856447219849,6.794884204864502,0.0030940641712125703,0.01084868067021792,0.18982547918955486,0.2681618332862854,1.6918401718139648,0.7599283854166666,507.50385845162845,2947.1264363164883,492.39393566766375,141.71821771895338,931.5087808540193,4,0.0,0.0,0.0,0.0,1.0,0.0,1.5,1.25,2.5,0.25,0.0,1.0,600.0,-35.85500077693723
1147,2349056,-0.0008602628309745342,1.9298571467399597,6.797970596949259,0.238685337191176,0.03082016354892403,0.17573118830720583,-0.24148792028427124,1.3074336051940918,0.7781575520833334,507.6380933916807,2949.292810617553,492.81411602870503,141.8414145799543,931.5087808540193,4,0.0,0.0,0.0,0.5,0.5,0.0,1.5,0.5,2.0,1.0,0.0,0.5,544.75,-34.47125035547651
1148,2351104,-0.0030032867720971505,2.240269684791565,6.803226693471273,0.022212602465879173,0.028511009322634586,0.18050514633456866,-0.22837349772453308,1.5561860799789429,0.7556966145833334,507.76798609771026,2951.5177004815414,493.21615063666104,141.9573520609556,931.5087808540193,4,0.0,0.0,0.0,0.5,0.5,0.0,0.25,0.5,1.5,1.75,0.5,0.5,531.75,-35.26875025918707
1149,2353152,-0.00034261448308825493,1.9917789578437806,6.806232484181722,0.016250299774886418,0.05191446789540351,0.177932824442784,-0.3514113426208496,1.4329864978790283,0.8455403645833334,507.85395728771636,2954.0993178704957,493.6459330526559,142.08537627496116,931.5087808540193,4,0.0,0.25,0.0,1.0,0.0,0.0,1.75,0.0,2.0,1.25,0.0,0.0,491.25,-38.41062514274381
1150,2355200,0.0067265086399856955,2.280978500843048,6.8082985719045,0.009808078476150209,0.06883451812900603,0.23890495002269746,-0.27271005511283875,1.6963013410568237,0.7784830729166666,507.9588933533321,2956.5424983194607,494.0415114456555,142.21343046095717,931.5087808540193,6,0.0,0.8333333333333334,0.0,0.8333333333333334,0.16666666666666666,0.0,2.6666666666666665,0.16666666666666666,2.3333333333333335,0.16666666666666666,0.0,0.16666666666666666,368.0,-29.608333378875006
1151,2357248,-0.00159856458970656,3.062456464767456,6.810464715957641,0.010497692689144363,0.03346251691691578,0.19023680090904235,-0.3267575800418854,1.719900369644165,0.8235677083333334,508.0643627753812,2958.955685885514,494.4767804556468,142.3283453389522,931.5087808540193,4,0.0,0.5,0.0,0.5,0.5,0.0,2.0,0.5,2.75,0.25,0.25,0.5,490.25,-40.39812540775165
1152,2359296,0.009108602162450552,2.5126240491867065,6.813265705108643,0.03843025797201941,0.04839932061731815,0.24872069259484608,-0.3207451105117798,1.6979488134384155,0.7060546875,508.1939418241571,2961.137454685486,494.91493804871425,142.44949460095086,931.5087808540193,4,0.0,0.5,0.0,0.75,0.25,0.0,2.25,0.25,2.0,0.5,0.0,0.25,486.0,-36.81875030975789
1153,2361344,-0.0008058938120181362,1.371301543712616,6.816162474950155,0.007236421142927914,0.021453500996964674,0.1642953964571158,0.02761276625096798,1.111301302909851,0.7965494791666666,508.2892285498403,2963.634644408514,495.3467786016845,142.57479987094848,931.5087808540193,2,0.0,0.0,0.0,0.0,1.0,0.0,1.5,1.0,2.5,0.0,0.5,1.0,600.0,-48.67500075278804
1154,2363392,0.005807585874572396,1.9607576727867126,6.815588315327962,0.016455619675495352,0.024822397987979153,0.24429539839426676,-0.01046766433864832,1.3961994647979736,0.7430013020833334,508.4005418751594,2965.9675152645577,495.78639914470114,142.69834800394892,931.5087808540193,7,0.0,0.5714285714285714,0.0,0.7142857142857143,0.2857142857142857,0.0,2.2857142857142856,0.42857142857142855,2.0,0.14285714285714285,0.14285714285714285,0.2857142857142857,513.1428571428571,-33.70785745765482
1155,2365440,-0.0011068868848572795,1.6180823802948,6.8086589813232425,0.05160428371843106,0.0474011982868736,0.19513223096728324,0.16048865020275116,1.3649317026138306,0.7937825520833334,508.512515995996,2968.3748167044905,496.17598634667957,142.8178822039481,931.5087808540193,0,nan,nan,nan,nan,nan,nan,nan,nan,nan,nan,nan,nan,nan,nan
1156,2367488,-4.058614916478594e-05,2.2587898850440977,6.808334636688232,0.007003731174791028,0.04232064195287724,0.20501985202232997,0.05943269282579422,1.558162808418274,0.68896484375,508.6297483140219,2970.6871539955173,496.5919877206252,142.9298453709489,931.5087808540193,8,0.0,0.0,0.125,0.25,0.625,0.0,1.125,0.875,1.625,0.625,0.375,0.625,500.75,-31.892500367132016
1157,2369536,0.0006949315158029397,2.287581181526184,6.810329516728719,0.007200968828207503,0.03618286369989316,0.192900533725818,0.1092294305562973,1.6141735315322876,0.8326822916666666,508.7333510379443,2973.0977132954868,497.0296847705613,143.0497683599533,931.5087808540193,1,0.0,0.0,0.0,0.0,1.0,0.0,1.0,2.0,1.0,0.0,0.0,1.0,600.0,-18.100000321865082
1158,2371584,-0.003362027454810838,2.1274420619010925,6.815324227015178,0.7129387249675346,0.027532818137357633,0.20375346541404724,-0.2107343226671219,1.4381346702575684,0.6261393229166666,508.8563626793103,2975.311861843511,497.4708615795171,143.17334917194967,931.5087808540193,7,0.0,0.2857142857142857,0.0,0.7142857142857143,0.2857142857142857,0.0,2.0,0.2857142857142857,2.0,0.2857142857142857,0.42857142857142855,0.2857142857142857,502.2857142857143,-36.04321462647723
1159,2373632,0.04684650205696623,0.8106413245201111,6.815834410985311,0.026698725072977443,0.045469246711581944,0.5580019267896811,0.658605694770813,0.836247980594635,0.9322916666666666,508.9636254304992,2977.687568987596,497.91537843755214,143.29918651894695,931.5087808540193,1,0.0,1.0,0.0,1.0,0.0,0.0,3.0,0.0,3.0,0.0,0.0,0.0,593.0,-55.27500100247562
1160,2375680,-0.0019049547066970264,2.659002447128296,6.811210838953654,0.005671097540956301,0.009225139440968633,0.19665958682696025,-0.4694647490978241,1.7843968868255615,0.63671875,509.0949973384998,2979.7893199575774,498.38625908258837,143.42590957594803,931.5087808540193,5,0.0,0.2,0.0,0.8,0.2,0.0,2.2,0.2,1.8,0.6,0.0,0.2,514.2,-37.082500346656886
1161,2377728,-0.0004904091911157593,0.5200227111577987,6.8089125474294026,0.05392636963321517,0.0295680523578388,0.1550716293354829,0.27150100469589233,0.5897810459136963,0.8723958333333334,509.21262763053505,2982.029860691582,498.8138887115638,143.58942447594745,931.5087808540193,3,0.0,0.0,0.0,0.0,1.0,0.0,0.6666666666666666,1.0,2.0,1.0,0.3333333333333333,1.0,600.0,-45.21111214005699
1162,2379776,-0.0009657192587231596,2.5273378133773803,6.804782215754191,0.005661287814533959,0.0366292540061598,0.17994564548134803,0.1860216110944748,1.7015520334243774,0.7099609375,509.36058385173783,2984.061650765507,499.23157198153785,143.70293584894534,931.5087808540193,3,0.0,0.0,0.0,0.0,1.0,0.0,0.6666666666666666,1.6666666666666667,2.0,0.3333333333333333,0.3333333333333333,1.0,600.0,-23.914167051048327
1163,2381824,0.003172851827306052,1.426546311378479,6.80433677037557,0.012530712292452032,0.03551585054180274,0.18967101300756137,0.11894585937261581,1.1348094940185547,0.8849283854166666,509.45972536341037,2986.5515692154804,499.6250971685222,143.8235250149446,931.5087808540193,5,0.0,0.2,0.0,0.4,0.6,0.0,1.2,0.6,1.2,1.0,0.2,0.6,560.8,-35.40550018846989
1164,2383872,0.07756295680107238,2.238570749759674,6.800284210840861,0.0399273499865861,0.041815113885483396,1.115724470714728,0.014974622055888176,1.531482458114624,0.80078125,509.61098068205513,2988.591491350395,500.0073782905383,143.94274479394517,931.5087808540193,3,0.0,0.3333333333333333,0.0,0.6666666666666666,0.3333333333333333,0.0,1.6666666666666667,0.3333333333333333,1.6666666666666667,1.0,0.0,0.3333333333333333,492.3333333333333,-32.98472242616117
1165,2385920,-0.0018191824744765957,2.3037992238998415,6.799230480194092,0.011584950264174646,0.018598711184070756,0.1753506764769554,-0.012829716317355633,1.3436371088027954,0.82568359375,509.681859337999,2991.2792747794447,500.44531277555507,144.0668612749505,931.5087808540193,5,0.0,0.0,0.0,0.4,0.6,0.0,1.0,0.6,1.8,1.0,0.4,0.6,591.0,-42.81966727068648
1166,2387968,0.006013622123282403,1.9434019923210144,6.800239419937133,0.01628986351424828,0.06632834967846672,0.2424354722102483,0.09184131026268005,1.4300464391708374,0.7779947916666666,509.77128933532305,2993.778130313498,500.90327462358255,144.1976844839519,931.5087808540193,3,0.0,0.6666666666666666,0.0,1.0,0.0,0.0,2.6666666666666665,0.0,2.3333333333333335,0.3333333333333333,0.0,0.0,422.6666666666667,-34.04277779379239
1167,2390016,0.19868776714041209,1.9439289331436158,6.791935666402181,0.16739721138340732,0.00869907153925548,2.462701552112897,0.1926843374967575,1.2835139036178589,0.8590494791666666,509.8642612404421,2996.26305634858,501.3446700515924,144.32589843295136,931.5087808540193,5,0.0,0.0,0.2,0.2,0.6,0.0,1.2,1.2,2.0,0.4,0.2,0.6,476.8,-36.78533388720825
1168,2392064,0.0007019287809574355,1.9087145924568176,6.785104242960612,0.00962115097984982,0.022713229859558245,0.17868202279011408,0.07743366807699203,1.4227851629257202,0.8258463541666666,509.9800677795928,2998.586501030608,501.7506039736327,144.44561645494832,931.5087808540193,2,0.0,0.0,0.0,0.5,0.5,0.0,0.0,0.5,3.0,2.5,0.0,0.5,518.0,-29.899166504386812
1169,2394112,-0.00023277484190960726,1.6204156160354615,6.779959392547608,0.007306069162101873,0.008604721224401146,0.17986047168572744,0.09348084777593613,1.2683907747268677,0.89794921875,510.04156091475005,3001.410170996671,502.1562249775525,144.56057870994846,931.5087808540193,6,0.0,0.3333333333333333,0.0,0.6666666666666666,0.3333333333333333,0.0,1.1666666666666667,0.3333333333333333,2.3333333333333335,1.5,0.0,0.3333333333333333,490.8333333333333,-36.745972351559125
1170,2396160,-0.0019369446177734061,2.6596091032028197,6.774749930699667,0.008291619763864826,0.05082079301743458,0.19323787813385326,-0.0937739685177803,1.6601117849349976,0.8199869791666666,510.1319890060641,3003.9866410805917,502.5433985754862,144.67840404494927,931.5087808540193,4,0.0,0.75,0.0,0.75,0.25,0.0,2.5,0.25,2.5,0.25,0.0,0.25,486.0,-34.25500035495497
1171,2398208,0.0008410824074720342,1.6073032736778259,6.773499298095703,0.031096431087159242,0.03272814616793766,0.1773972729841868,0.2650868892669678,1.1749868392944336,0.83837890625,510.2134031512151,3006.626985199553,502.9332888965,144.80441657495248,931.5087808540193,4,0.0,0.5,0.0,0.75,0.25,0.0,2.25,0.25,2.0,0.5,0.0,0.25,514.75,-31.223541658371687
1172,2400256,-0.003226373214662696,1.7880585074424744,6.777940464019776,0.07727716076090776,0.02247123750081907,0.1733087529738744,-0.07357478886842728,1.3656513690948486,0.7125651041666666,510.3367544742007,3008.894803057483,503.31903250850155,144.92335594295582,931.5087808540193,60,0.0,0.0,0.0,0.8,0.2,0.0,1.3,0.016666666666666666,2.8333333333333335,1.65,nan,0.016666666666666666,289.46666666666664,nan
1173,2402304,0.041981937634409404,1.3315484285354615,6.778818655014038,0.022225697135339336,0.07278912160545588,0.6670229991277059,0.028124870732426643,1.1332614421844482,0.8043619791666666,507.6523786359501,3011.2069074294923,503.7296593035426,145.04580522895412,957.4584312750158,3,0.0,0.3333333333333333,0.0,0.3333333333333333,0.6666666666666666,0.0,2.0,0.6666666666666666,2.3333333333333335,0.3333333333333333,0.0,0.6666666666666666,566.6666666666666,-51.072500950967274
1174,2404352,-0.0015322334443529447,1.8493981957435608,6.7757810115814205,0.005300941777143938,0.022863762394990772,0.16140622248252232,0.19775769114494324,1.2963765859603882,0.74462890625,507.7440993328975,3013.732328429476,504.1407525425311,145.18260238294897,957.4584312750158,4,0.0,0.0,0.0,0.5,0.5,0.0,2.0,0.5,1.5,0.5,0.0,0.5,531.25,-42.584167209337465
1175,2406400,0.0009478796351080139,1.7099467277526856,6.779783248901367,0.008203095270922252,0.0266529693811511,0.19934199278553327,0.017175571992993355,1.3496397733688354,0.7734375,507.8625543072084,3016.0223950424916,504.5576115155054,145.30728480195103,957.4584312750158,3,0.0,0.3333333333333333,0.0,0.3333333333333333,0.6666666666666666,0.0,2.0,0.6666666666666666,2.3333333333333335,0.3333333333333333,0.0,0.6666666666666666,564.3333333333334,-31.875555759761482
1176,2408448,0.001840961488414905,1.8098210573196412,6.781518205006917,0.005443567665255008,0.028844723043342433,0.22113901401559513,-0.06434725224971771,1.408850073814392,0.68994140625,507.9917935567004,3018.0844438754066,505.032322441446,145.47734702794696,957.4584312750158,5,0.0,0.2,0.0,0.4,0.6,0.0,1.6,0.8,1.8,0.6,0.0,0.6,562.4,-35.759167121723294
1177,2410496,-0.0022432348186460635,0.8363216757774353,6.774746958414713,0.01066641710640397,0.07900774239484841,0.2067861256500085,0.0270402729511261,0.9368486404418945,0.8668619791666666,508.09017358782285,3020.4590062093994,505.4920899204517,145.61574332694727,957.4584312750158,3,0.0,0.6666666666666666,0.0,0.6666666666666666,0.3333333333333333,0.0,2.3333333333333335,0.3333333333333333,2.3333333333333335,0.3333333333333333,0.0,0.3333333333333333,530.3333333333334,-40.826667114160955
1178,2412544,-0.0041291277389973405,2.0111534357070924,6.773151063919068,0.005215728220112699,0.04841673967506115,0.17653213664889336,0.0241106990724802,1.4033935070037842,0.7898763020833334,508.21328623095326,3022.6646261433343,505.9224182513208,145.7545956589529,957.4584312750158,3,0.0,0.0,0.3333333333333333,0.0,0.6666666666666666,0.0,0.3333333333333333,1.6666666666666667,1.6666666666666667,0.3333333333333333,0.6666666666666666,0.6666666666666666,424.6666666666667,-29.006389002936583
1179,2414592,-0.0008781055764605602,2.7829169273376464,6.777616818745931,0.03159671014873311,0.010530735501864305,0.16993046204249065,0.04461050406098366,1.6912446022033691,0.85009765625,508.3070685718559,3025.2066161104376,506.3118125922556,145.87002840494824,957.4584312750158,6,0.0,0.16666666666666666,0.0,0.16666666666666666,0.8333333333333334,0.0,1.3333333333333333,1.1666666666666667,1.8333333333333333,0.3333333333333333,0.16666666666666666,0.8333333333333334,560.8333333333334,-29.32513909530826
1180,2416640,-0.0009701903909444809,1.2466723322868347,6.780601183573405,0.005612777601345442,0.01770140064569811,0.1591439078251521,0.28743255138397217,1.2251882553100586,0.8175455729166666,508.4072459854729,3027.6481604074943,506.741606545198,145.99220503194374,957.4584312750158,0,nan,nan,nan,nan,nan,nan,nan,nan,nan,nan,nan,nan,nan,nan
1181,2418688,-0.002630852721631527,2.2423734307289123,6.782638454437256,0.005419775934872935,0.02673141019574056,0.15365734348694485,0.30938827991485596,1.3008514642715454,0.7286783854166666,508.5041010631466,3030.122151999465,507.1542776931601,146.11141096594656,957.4584312750158,7,0.0,0.0,0.0,0.0,1.0,0.0,0.8571428571428571,1.2857142857142858,2.4285714285714284,0.5714285714285714,0.2857142857142857,1.0,600.0,-28.793214661335305
1182,2420736,-0.0012700319852835189,2.518390154838562,6.779316266377767,0.007030976333771833,0.03211454517052819,0.19006577879190445,-0.09432928264141083,1.6358487606048584,0.8746744791666666,508.6209846878038,3032.415299483444,507.56987136010866,146.23746973995003,957.4584312750158,1,0.0,0.0,0.0,0.0,1.0,0.0,0.0,1.0,2.0,1.0,1.0,1.0,600.0,-46.85000067949295
1183,2422784,-0.0015723085418964426,1.9410986661911012,6.77449549039205,0.0041340949743850315,0.0067452803642178575,0.15144409164786338,0.0599546954035759,1.243310570716858,0.7421875,508.75069703944234,3034.610500496434,507.9610854340426,146.3565419569495,957.4584312750158,6,0.0,0.5,0.0,0.6666666666666666,0.3333333333333333,0.0,2.1666666666666665,0.6666666666666666,2.3333333333333335,0.16666666666666666,0.0,0.3333333333333333,540.3333333333334,-30.014166976014774
1184,2424832,-0.003003883197986094,1.3319971680641174,6.77911574045817,0.03506431849188327,0.04675362288641433,0.1662971317768097,0.16216056048870087,1.1509312391281128,0.904296875,508.84936080990855,3037.0479713584355,508.3874282590041,146.48740607494983,957.4584312750158,3,0.0,0.3333333333333333,0.0,0.3333333333333333,0.6666666666666666,0.0,1.6666666666666667,1.0,2.0,0.0,0.3333333333333333,0.6666666666666666,552.0,-27.95166697570433
1185,2426880,-0.0009108188406874736,2.0460882782936096,6.78756152788798,0.004954064570483752,0.032268276632142566,0.1735529360671838,-0.2596112787723541,1.510413408279419,0.7880859375,509.007612459385,3038.9624640065012,508.798526498038,146.60472060195025,957.4584312750158,3,0.0,0.3333333333333333,0.0,0.6666666666666666,0.3333333333333333,0.0,2.3333333333333335,0.3333333333333333,2.3333333333333335,0.3333333333333333,0.0,0.3333333333333333,536.0,-33.91250022330011
1186,2428928,-0.0026239704442559742,1.681459939479828,6.791389195124308,0.029722826400150854,0.06533002344270547,0.17387854283054668,0.12738969922065735,1.3168224096298218,0.7770182291666666,509.1196332597249,3041.2584323944757,509.23818958401534,146.7250705489496,957.4584312750158,5,0.0,0.0,0.0,0.2,0.8,0.0,1.0,1.0,1.0,0.6,0.4,0.8,563.6,-32.56883349912241
1187,2430976,0.007981663422348599,2.1655383110046387,6.792838223775228,0.03410173145821318,0.03255280510056764,0.23460740596055984,0.005700493231415749,1.420867919921875,0.74365234375,509.2197134862339,3043.69053983748,509.66216078096477,146.84531055294792,957.4584312750158,3,0.0,0.3333333333333333,0.0,0.3333333333333333,0.6666666666666666,0.0,1.6666666666666667,1.0,2.3333333333333335,0.3333333333333333,0.0,0.6666666666666666,539.0,-24.636666677271325
1188,2433024,0.0030965222433830303,1.3895963430404663,6.788405466079712,0.007173138619206535,0.05256742986384779,0.20642313857873282,-0.1647901087999344,1.0045952796936035,0.8172200520833334,509.329518622307,3046.0331533224817,510.07801735594694,146.9625081029444,957.4584312750158,5,0.0,0.8,0.0,0.8,0.2,0.0,2.6,0.2,2.8,0.0,0.2,0.2,501.6,-38.39500031815842
1189,2435072,-0.001140148666066428,1.5092848062515258,6.7844348112742106,0.004178606314720431,0.017715758453899375,0.1579620103041331,0.33147016167640686,1.1763286590576172,0.8634440104166666,509.43680645687243,3048.4137732964955,510.4882709330268,147.08599309994315,957.4584312750158,3,0.0,0.6666666666666666,0.0,0.6666666666666666,0.3333333333333333,0.0,2.0,0.6666666666666666,2.0,0.0,0.3333333333333333,0.3333333333333333,487.3333333333333,-32.05750044683615
1190,2437120,-0.001477763376897201,1.1274168491363525,6.784774653116862,0.007276186932964872,0.01800889363512397,0.16124637325604757,0.07293501496315002,1.0252021551132202,0.8059895833333334,509.5519095187454,3050.7066254384554,510.90644790101214,147.2037555449424,957.4584312750158,4,0.0,0.25,0.0,0.25,0.75,0.0,1.25,0.75,2.0,1.0,0.0,0.75,592.25,-29.280625220621005
1191,2439168,0.00021044262684881686,1.6239221811294555,6.785654576619466,0.009310314132017083,0.013563912458873043,0.17620624353488287,0.1602042317390442,1.2865238189697266,0.8629557291666666,509.63594867444914,3053.269377578479,511.33589188195765,147.3314631289395,957.4584312750158,5,0.0,0.4,0.2,0.4,0.4,0.0,1.4,1.0,1.6,0.4,0.2,0.4,436.4,-24.875333446450533
1192,2441216,-0.0012118166681223859,1.9516485452651977,6.783928362528483,0.007032830503036772,0.01890203687750424,0.170587457716465,0.15465892851352692,1.3622864484786987,0.81884765625,509.74710392122444,3055.6156701425352,511.72755657089874,147.46234324494435,957.4584312750158,3,0.0,0.3333333333333333,0.0,0.3333333333333333,0.6666666666666666,0.0,2.3333333333333335,0.6666666666666666,1.6666666666666667,0.0,0.0,0.6666666666666666,523.6666666666666,-25.952499754416447
1193,2443264,-0.0024014863496025405,2.3970954775810243,6.7824147542317705,0.012849203248818716,0.028381147227870922,0.1793796055018902,-0.23463650047779083,1.5679819583892822,0.8517252604166666,509.83433555706523,3058.1336723875283,512.1783568209066,147.5794900189503,957.4584312750158,4,0.0,0.0,0.0,0.5,0.5,0.0,1.25,0.5,2.0,1.25,0.0,0.5,550.0,-29.35958350240253
1194,2445312,-0.0007725537211323778,2.1096177220344545,6.7873937606811525,0.00367044701318567,0.00537912476186951,0.15672041848301888,0.38731586933135986,1.4149012565612793,0.7814127604166666,509.93709113477587,3060.5193844276073,512.6162660159898,147.69816505594645,957.4584312750158,3,0.0,0.0,0.0,0.3333333333333333,0.6666666666666666,0.0,0.6666666666666666,1.0,2.3333333333333335,1.3333333333333333,0.0,0.6666666666666666,594.0,-32.54166714722911
1195,2447360,-0.0015637033289143194,3.6402382373809816,6.787406841913859,0.009444838331061571,0.020691159592630962,0.1852259082098802,-0.3982568383216858,1.9615122079849243,0.79833984375,510.03206604684584,3062.999705150629,513.0286066550179,147.82558406394674,957.4584312750158,5,0.0,0.2,0.0,0.4,0.6,0.0,1.2,1.0,2.2,0.4,0.4,0.6,553.4,-36.50416725873947
1196,2449408,0.018379590730182825,1.6044578790664672,6.785711002349854,0.015362910137143141,0.11132577939036613,0.3983745795985063,0.12759782373905182,1.290252447128296,0.7783203125,510.1122406164075,3065.589590516618,513.4754977560588,147.93976139894949,957.4584312750158,2,0.0,0.0,0.0,0.5,0.5,0.0,1.0,0.5,2.0,1.5,0.0,0.5,547.0,-30.250000207684934
1197,2451456,-0.003691111043250809,2.9049575328826904,6.7795808951059975,0.011825906073014873,0.05681431618674348,0.19188054278492928,-0.22903817892074585,1.7203007936477661,0.79541015625,510.20205013037923,3068.0998041066196,513.8930843550916,148.0623035389508,957.4584312750158,6,0.0,0.16666666666666666,0.0,0.6666666666666666,0.3333333333333333,0.0,1.6666666666666667,0.3333333333333333,2.8333333333333335,0.5,0.5,0.3333333333333333,519.8333333333334,-38.82736150105484
1198,2453504,-0.0026882864146803814,1.7357365489006042,6.776740423838297,0.023440264861953133,0.03511659993091598,0.17216510499517124,-0.2928885221481323,1.3527346849441528,0.7755533854166666,510.2978564166186,3070.5604481606206,514.3234978231849,148.18103604495263,957.4584312750158,1,0.0,0.0,0.0,1.0,0.0,0.0,2.0,0.0,3.0,1.0,0.0,0.0,506.0,-30.08750000130385
1199,2455552,-0.002317690688263004,1.5914570450782777,6.779527346293132,0.008263350120008303,0.03091815535444766,0.16981522490580878,0.34742268919944763,1.03578519821167,0.7083333333333334,510.3892616872607,3073.0792682066312,514.7241001851653,148.30898630695447,957.4584312750158,7,0.0,0.14285714285714285,0.0,0.42857142857142855,0.5714285714285714,0.0,1.5714285714285714,0.7142857142857143,2.4285714285714284,0.42857142857142855,0.2857142857142857,0.5714285714285714,556.1428571428571,-35.6703575300718
1200,2457600,-0.0019267088471679017,1.2719901144504546,6.777733023961385,0.01658472555670111,0.04860712081038703,0.17336297581593196,0.09556259959936142,1.174343466758728,0.9202473958333334,510.4586601351771,3075.8216453546265,515.1271339211089,148.42746738295682,957.4584312750158,1,0.0,0.0,0.0,0.0,1.0,0.0,0.0,2.0,2.0,0.0,1.0,1.0,600.0,-38.690000290982425
1201,2459648,-0.0016188831611846884,2.1043861865997315,6.773141606648763,0.048958559418254784,0.031162567040883004,0.1849580926199754,-0.2877223789691925,1.5826964378356934,0.6884765625,510.55057340833935,3078.308982229697,515.5432003041642,148.55550643195602,957.4584312750158,6,0.0,0.16666666666666666,0.0,1.0,0.0,0.0,2.0,0.0,2.0,1.0,0.0,0.0,513.0,-34.092083426658064
1202,2461696,-0.0025763742974959313,1.1339958906173706,6.7746386686960856,0.005678551987512037,0.02617464210682859,0.1715418038268884,0.013040750287473202,1.051050066947937,0.8326822916666666,510.6528016880547,3080.648231170686,516.0205296342392,148.66820802395523,957.4584312750158,2,0.0,0.5,0.0,1.0,0.0,0.0,2.5,0.0,3.0,0.5,0.0,0.0,585.5,-45.1250007271301
1203,2463744,0.005024769312391679,1.973765254020691,6.776315832138062,0.00981706491826723,0.039848283181587854,0.2308357854684194,-0.14709919691085815,1.459399700164795,0.7630208333333334,510.76421381310695,3082.9736005537343,516.4244651392582,148.79054277695104,957.4584312750158,4,0.0,0.5,0.0,0.75,0.25,0.0,2.25,0.25,1.5,0.5,0.0,0.25,518.5,-30.17187498183921
1204,2465792,0.002493287688897302,1.2887006998062134,6.772894191741943,0.010370395707529194,0.014608609567706784,0.18532879203557967,0.13490156829357147,1.1095995903015137,0.8668619791666666,510.8264065152922,3085.711881519732,516.8547122832097,148.90864538695314,957.4584312750158,5,0.0,0.4,0.0,0.6,0.4,0.0,1.4,0.8,2.4,0.6,0.2,0.4,518.4,-34.844500491581854
1205,2467840,0.0019012219786721592,2.109958624839783,6.775252119700114,0.0061403686631820165,0.023771130968816577,0.17686108772953352,-0.0030247331596910954,1.5229970216751099,0.8147786458333334,510.9025622640765,3088.294647321709,517.3203196512404,149.02691531795426,957.4584312750158,2,0.0,0.0,0.0,0.5,0.5,0.0,1.5,0.5,2.5,0.5,0.5,0.5,580.5,-49.21125075337477
1206,2469888,0.0009919514025871952,0.8812144815921783,6.777163982391357,0.019702067912294296,0.04019874019237856,0.20276008248329164,0.24412807822227478,0.8527906537055969,0.8004557291666666,511.0023388275988,3090.719481927714,517.7058447202435,149.1474391279553,957.4584312750158,5,0.0,0.2,0.0,0.4,0.6,0.0,1.4,0.8,2.4,0.6,0.2,0.6,567.0,-32.04400018043816
1207,2471936,0.00018725811775463324,2.4976278066635134,6.781983995437622,0.005995082929924441,0.044927265914157036,0.1812671388188998,0.024202067404985428,1.597123622894287,0.7887369791666666,511.0983074034696,3093.116327081705,518.1659472862957,149.26567749495007,957.4584312750158,3,0.0,0.0,0.0,0.3333333333333333,0.6666666666666666,0.0,1.0,0.6666666666666666,1.3333333333333333,1.0,0.3333333333333333,0.6666666666666666,600.0,-31.005833636814106
1208,2473984,-0.00043818899430334566,1.5592859983444214,6.780431906382243,0.021575408662708167,0.03298117460993429,0.18622154692808787,0.1842433363199234,1.1790082454681396,0.7244466145833334,511.1948868141831,3095.5022429426826,518.5962713702684,149.42468094495416,957.4584312750158,5,0.0,0.0,0.0,0.2,0.8,0.0,1.0,1.0,2.0,0.8,0.2,0.8,586.8,-32.92333374293521
1209,2476032,-0.0010397088713943957,0.6617902249097825,6.774026075998942,0.00514999770821305,0.029405024919348457,0.17381404414772988,0.5876829624176025,0.7759033441543579,0.88720703125,511.2579754832618,3098.2438338577267,519.0277324892741,149.5455385359528,957.4584312750158,1,0.0,0.0,0.0,0.0,1.0,0.0,2.0,1.0,1.0,0.0,0.0,1.0,600.0,-44.42500095628202
1210,2478080,0.0006081633192176621,1.8093852758407594,6.770005178451538,0.02055051153874956,0.025337436023013044,0.18713278099894523,0.5565937757492065,1.2964695692062378,0.8509114583333334,511.31754919128855,3101.014385035698,519.4628831263035,149.67194874795678,957.4584312750158,4,0.0,0.0,0.0,0.25,0.75,0.0,0.75,1.25,2.25,0.75,0.25,0.75,593.5,-23.755208515445702
1211,2480128,-0.0019323473524612686,1.4609515070915222,6.766050418217977,0.025154260450896495,0.01686855632967005,0.17389384830991428,-0.03866242244839668,1.1802682876586914,0.9186197916666666,511.3844543165945,3103.6701515207387,519.9368683662469,149.79386970995984,957.4584312750158,5,0.0,0.0,0.2,0.2,0.6,0.0,0.8,1.2,2.0,0.8,0.2,0.6,486.0,-23.22900013551116
1212,2482176,-0.0017124934180174022,3.568384575843811,6.77273252805074,0.005774125597963575,0.03228349112517511,0.17389637356003126,-0.4350472092628479,1.8802961111068726,0.8238932291666666,511.496498464647,3105.954088708764,520.3590592072942,149.92138211995916,957.4584312750158,2,0.0,0.0,0.0,0.5,0.5,0.0,1.5,1.0,3.0,0.5,0.0,0.5,580.0,-23.88875009934418
1213,2484224,0.020242478771251626,1.0510886490345002,6.776840893427531,0.022001588410542658,0.052362388469434036,0.34398556848367057,0.23384249210357666,1.0220532417297363,0.7727864583333334,511.6197433224069,3108.197756831796,520.7301265042479,150.0413606269576,957.4584312750158,5,0.0,0.2,0.0,0.6,0.4,0.0,1.2,0.4,1.6,1.2,0.2,0.4,590.6,-41.61300042532385
1214,2486272,-0.00203809019876644,1.4714719295501708,6.771565580368042,0.007141333215016251,0.036404147658807534,0.16922292088468868,0.217805415391922,1.190055012702942,0.8645833333333334,511.7269768483156,3110.515869918796,521.1669419863392,150.15797564195964,957.4584312750158,3,0.0,0.0,0.0,0.0,1.0,0.0,1.3333333333333333,1.0,1.6666666666666667,0.6666666666666666,0.0,1.0,600.0,-28.243055825742584
1215,2488320,-0.002277122864810129,2.614888381958008,6.770149644215902,0.0023494160928142567,0.01045155874453485,0.17274494866530102,-0.10164913535118103,1.6746180057525635,0.8076171875,511.8168817031167,3112.9816331327966,521.5822093343668,150.3155604249623,957.4584312750158,5,0.0,0.0,0.0,0.2,0.8,0.0,0.8,1.0,1.6,1.0,0.2,0.8,593.2,-24.58616677056998
1216,2490368,-0.0022734423691872507,1.2803669214248656,6.77234476407369,0.03244333491990498,0.058347050868906083,0.1852410353720188,0.16553466022014618,1.0976736545562744,0.8533528645833334,511.93849240581375,3115.2451918029183,521.944896586363,150.43039069796214,957.4584312750158,3,0.0,0.0,0.0,0.6666666666666666,0.3333333333333333,0.0,1.6666666666666667,0.3333333333333333,3.0,1.0,0.0,0.3333333333333333,550.0,-28.633333152470488
1217,2492416,-0.0018757889474121233,2.151374566555023,6.769308694203695,0.01582735193078406,0.026458253168190518,0.1831549108028412,-0.00650371890515089,1.4561455249786377,0.7845052083333334,512.1033179745425,3117.130193115925,522.2997947844196,150.5370634629653,957.4584312750158,2,0.0,0.0,0.0,0.0,1.0,0.0,0.5,1.0,1.5,1.0,0.5,1.0,600.0,-24.816666851285845
1218,2494464,-0.0005963307320295523,1.9966451287269593,6.766304779052734,0.010106427395173038,0.0691213221133997,0.17595577364166579,-0.04477851092815399,1.2443265914916992,0.8771158854166666,512.2251408374311,3119.367557782891,522.686700689359,150.64554442296503,957.4584312750158,5,0.0,0.0,0.0,0.4,0.6,0.0,1.0,0.8,2.0,1.0,0.2,0.6,595.6,-37.54633360821754
1219,2496512,-0.00290490227440993,2.221352231502533,6.765174086888631,0.011178624971459309,0.04078390133023883,0.18041776617368063,0.14598500728607178,1.573739767074585,0.8580729166666666,512.3403910311267,3121.6459022019117,523.1049342733459,150.75126477496087,957.4584312750158,2,0.0,0.0,0.0,0.5,0.5,0.0,0.5,1.5,3.0,1.0,0.0,0.5,534.5,-22.970833404455334
1220,2498560,-0.0006434393435483798,2.5771358609199524,6.770236810048421,0.01531454363236359,0.012887755633952717,0.18531653235356013,0.1303539127111435,1.6609827280044556,0.8212890625,512.4848406385568,3123.661993706992,523.5110872393416,150.86215002295648,957.4584312750158,4,0.0,0.0,0.0,0.25,0.75,0.0,1.0,1.25,2.75,0.5,0.25,0.75,594.25,-26.398541843518615
1221,2500608,0.0008596112330754598,3.440436100959778,6.775923538208008,0.01791340270889729,0.02539544483879581,0.19706520959734916,-0.07491400092840195,2.0093061923980713,0.7646484375,512.6623685373974,3125.376996209103,523.9024720513917,150.97114162495564,957.4584312750158,60,0.0,0.0,0.0,0.0,1.0,0.0,0.43333333333333335,0.26666666666666666,2.6,2.2666666666666666,nan,0.26666666666666666,407.85,nan
1222,2502656,-0.0018852301679241161,1.900761318206787,6.7801437695821125,0.038457741984166204,0.008569516699450712,0.15959342643618585,-0.20402683317661285,1.320184588432312,0.7693684895833334,509.4196098159339,3127.2256069441864,524.3575049104547,151.0893898989525,989.989294975021,5,0.0,0.0,0.0,0.6,0.4,0.0,0.4,0.4,1.4,1.4,0.8,0.4,550.8,-33.20233352798969
1223,2504704,-0.0023846171029921,0.9596668660640717,6.784396918614705,0.006058566842087506,0.03355286392616108,0.16081832721829414,0.2527313828468323,0.9941573143005371,0.9484049479166666,509.53065889950955,3129.583453525156,524.7443049575231,151.19210642295366,989.989294975021,2,0.0,0.0,0.0,0.0,1.0,0.0,0.0,2.5,2.5,0.0,0.5,1.0,600.0,-20.208333406597376
1224,2506752,0.00046529910287063103,2.2576767683029173,6.785447216033935,0.009138981984384979,0.01947840672607223,0.18741917684674264,0.5505823493003845,1.3421707153320312,0.8859049479166666,509.67811713613446,3131.5924799560817,525.1120628174394,151.30307139495562,989.989294975021,3,0.0,0.0,0.0,0.0,1.0,0.0,0.0,1.6666666666666667,2.3333333333333335,1.3333333333333333,0.0,1.0,600.0,-25.53944458377858
1225,2508800,-0.002181000730585462,1.0735034823417664,6.786055994033814,0.005439176526851952,0.013004187867045403,0.14946209788322448,0.3152274191379547,0.9701103568077087,0.9111328125,509.8515055247425,3133.3783662880087,525.4640085114588,151.41723896295298,989.989294975021,4,0.0,0.0,0.0,0.0,1.0,0.0,0.5,1.75,1.75,0.5,0.25,1.0,600.0,-20.650625267997384
1226,2510848,0.0039261339309935766,1.3156309008598328,6.785056559244792,0.03753183253187065,0.02203544748481363,0.2176804969708125,0.08042022585868835,1.1573452949523926,0.9000651041666666,510.0022067867869,3135.255911150998,525.9172241594424,151.545213174948,989.989294975021,2,0.0,0.0,0.0,0.5,0.5,0.0,0.5,0.5,1.0,2.0,0.0,0.5,561.0,-29.62250018073246
1227,2512896,-0.0038342714426107703,1.5730368852615357,6.788879489898681,0.008451723887022429,0.0673067536049833,0.17256270622213682,0.3522968888282776,1.2955244779586792,0.9052734375,510.12912801778924,3137.3947016820093,526.3490161494992,151.65284921295097,989.989294975021,5,0.0,0.0,0.0,0.0,1.0,0.0,0.0,2.0,1.8,1.0,0.0,1.0,600.0,-16.270833376422523
1228,2514944,-0.0007454330062804123,2.0701099753379824,6.787857484817505,0.011663091988884844,0.024114162319650252,0.1984845312933127,-0.06345570832490921,1.5394169092178345,0.8655598958333334,510.2650633552433,3139.4353672480865,526.78702232652,151.7704811449512,989.989294975021,4,0.0,0.0,0.25,0.0,0.75,0.0,0.0,2.25,1.5,0.25,0.5,0.75,464.0,-13.518541795085184
1229,2516992,-0.002756966184824705,2.3754889965057373,6.781902043024699,0.015449711338199753,0.015135264175478369,0.1802336725095908,0.01364901103079319,1.537419080734253,0.76806640625,510.40811642281477,3141.507005943131,527.1389713494136,151.88152667194663,989.989294975021,6,0.0,0.0,0.0,0.16666666666666666,0.8333333333333334,0.0,0.16666666666666666,1.3333333333333333,2.1666666666666665,1.0,0.5,0.8333333333333334,577.0,-25.014166785404086
1230,2519040,0.005480574502144009,0.8550462365150452,6.777533117930094,0.00764479276452524,0.04010098649111266,0.27381834636131924,0.07689495384693146,1.0435254573822021,0.8671875,510.53784845467766,3143.6744389111846,527.5248175923625,151.99931410194404,989.989294975021,1,0.0,0.0,0.0,0.0,1.0,0.0,0.0,3.0,3.0,0.0,0.0,1.0,600.0,-5.395000046119094
1231,2521088,-0.003780313565706213,1.8598897457122803,6.775635019938151,0.007626242495219534,0.03590045386226848,0.19253962486982346,-0.001163829118013382,1.45078444480896,0.7106119791666666,510.71376080236985,3145.3766353051906,527.9297788093463,152.10710906594613,989.989294975021,3,0.0,0.0,0.0,0.3333333333333333,0.6666666666666666,0.0,0.3333333333333333,1.3333333333333333,2.3333333333333335,1.3333333333333333,0.0,0.6666666666666666,578.6666666666666,-23.68388911150396
1232,2523136,-0.0008205221539052825,0.8029592871665955,6.779660145441691,0.010352738709965099,0.021174257217595974,0.1770030493537585,0.15924055874347687,0.8883176445960999,0.9150390625,510.8622899439888,3147.2539909191255,528.4163147693544,152.2172008529451,989.989294975021,4,0.0,0.0,0.0,0.0,1.0,0.0,0.25,1.5,2.25,0.5,0.75,1.0,600.0,-23.88270867126994
1233,2525184,-0.0035008539736736564,1.75480717420578,6.782648102442423,0.021032718092707608,0.029102154052816333,0.17065764566262562,-0.0058760931715369225,1.4379875659942627,0.8046875,511.00817587782245,3149.3002691210277,528.7723310932925,152.32140663794416,989.989294975021,2,0.0,0.0,0.0,0.0,1.0,0.0,0.0,1.5,1.0,1.5,0.0,1.0,600.0,-18.04999997280538
1234,2527232,-0.0018900065566413104,1.3204149425029754,6.788054529825846,0.014402847550809384,0.025674679828807712,0.19784052222967147,0.0801566019654274,1.2134071588516235,0.8385416666666666,511.14552335648955,3151.4210239179592,529.124160454332,152.42853352893871,989.989294975021,6,0.0,0.0,0.0,0.0,1.0,0.0,0.16666666666666666,1.5,2.5,1.1666666666666667,0.16666666666666666,1.0,600.0,-19.5587501344271
1235,2529280,-0.0032435650937259197,1.504265546798706,6.791657861073812,0.010224960499908776,0.026000069446551304,0.17729370072484016,0.008651250042021275,1.3006330728530884,0.8522135416666666,511.27666996820625,3153.529919992914,529.5407448163314,152.5376634649365,989.989294975021,2,0.0,0.0,0.0,0.0,1.0,0.0,0.5,1.0,2.0,1.5,0.0,1.0,600.0,-22.533750080736354
1236,2531328,-0.0014477710118323253,0.4920096963644028,6.793270858128865,0.005989775915319721,0.04101623716608931,0.18316134785612423,0.1925855576992035,0.6848726868629456,0.7770182291666666,511.4182950569337,3155.5806294378344,529.9149175513157,152.64847989893315,989.989294975021,6,0.0,0.0,0.0,0.0,1.0,0.0,0.0,1.8333333333333333,2.5,1.0,0.16666666666666666,1.0,600.0,-17.11333354834157
1237,2533376,-0.0015097173163667321,1.3604551315307618,6.795085509618123,0.008810490796167868,0.023007504013366997,0.1835616203645865,-0.08377742022275925,1.1468586921691895,0.83251953125,511.5668998006014,3157.432065098794,530.424417420254,152.75665769393527,989.989294975021,1,0.0,0.0,0.0,1.0,0.0,0.0,1.0,0.0,3.0,2.0,0.0,0.0,506.0,-37.925000285729766
1238,2535424,-0.002728327042617214,1.6300250053405763,6.800997352600097,0.050590791437813705,0.06443188580063482,0.19028314848740896,-0.12653882801532745,1.3332839012145996,0.8271484375,511.72344023577324,3159.2853728168266,530.8468124041756,152.87118515893235,989.989294975021,5,0.0,0.0,0.2,0.2,0.6,0.0,0.2,1.2,2.0,1.4,0.2,0.6,444.4,-19.692666675150395
1239,2537472,0.0026407495053717865,0.7700410127639771,6.805502065022787,0.01347570437937975,0.013246214762330056,0.17350730200608572,0.26339831948280334,0.814484715461731,0.904296875,511.8450390000602,3161.5539706847703,531.2039223161628,152.97934571092628,989.989294975021,3,0.0,0.0,0.0,0.0,1.0,0.0,0.0,1.6666666666666667,1.3333333333333333,1.0,0.3333333333333333,1.0,600.0,-21.281666974226635
1240,2539520,0.014803915952021877,1.4357981085777283,6.800682640075683,0.013302691628147538,0.0261368075851351,0.30150220493475594,0.015242481604218483,1.2205628156661987,0.8714192708333334,511.96457898938945,3163.8063036968015,531.5957081231318,153.0824324259229,989.989294975021,3,0.0,0.0,0.0,0.0,1.0,0.0,0.0,2.0,3.0,1.0,0.0,1.0,600.0,-12.950000117222467
1241,2541568,-0.002677561080781743,1.1609680831432343,6.7986955642700195,0.01793978656157075,0.037289410317316654,0.16642749284704525,0.06049330532550812,1.0813839435577393,0.8528645833333334,512.1005225810227,3165.9097361977547,531.9619765781026,153.19289048492647,989.989294975021,5,0.0,0.0,0.0,0.0,1.0,0.0,0.6,1.6,2.6,0.8,0.0,1.0,600.0,-22.577000244427474
1242,2543616,0.0025117009101753257,1.6357531070709228,6.798517068227132,0.015127435080163803,0.024629843603664388,0.21267888471484184,-0.019690612331032753,1.3152230978012085,0.8855794270833334,512.2158498439708,3168.1233020548025,532.3952376461166,153.32004961392522,989.989294975021,2,0.0,0.0,0.0,0.0,1.0,0.0,0.0,2.0,2.0,1.0,0.0,1.0,600.0,-21.407500453293324
1243,2545664,-0.0018677858325342337,1.7019973039627074,6.794984785715739,0.0033587178879921947,0.017945819580927492,0.17990016837914785,-0.11372219771146774,1.320880651473999,0.7571614583333334,512.3667154365752,3170.069867715749,532.7760140871105,153.4305476919253,989.989294975021,5,0.0,0.0,0.0,0.0,1.0,0.0,0.4,1.6,2.0,0.8,0.2,1.0,600.0,-25.043000321183353
1244,2547712,-0.0035270436628100773,0.9338110446929931,6.800040054321289,0.009513625372589256,0.03729320021035771,0.1506152095894019,-0.008836789056658745,0.8896445631980896,0.9285481770833334,512.4985012546582,3172.120020013819,533.2303412781621,153.53804902492266,989.989294975021,2,0.0,0.0,0.0,0.5,0.5,0.0,1.0,0.5,2.0,1.5,0.0,0.5,524.5,-33.102500304579735
1245,2549760,-0.001299050462936672,1.9056949257850646,6.809255345662435,0.008754103450822488,0.0331024753744714,0.1849613033235073,-0.0607159286737442,1.3912348747253418,0.7786458333333334,512.645892817293,3174.115265940869,533.594481170112,153.64510989092378,989.989294975021,5,0.0,0.0,0.0,0.2,0.8,0.0,0.6,1.2,2.0,1.0,0.2,0.8,561.2,-25.840666742809116
1246,2551808,-0.0015982560168292064,1.0630000591278077,6.8159147580464685,0.009227413299959153,0.06011460326456775,0.18311779300371805,-0.11076822131872177,1.0685267448425293,0.84033203125,512.8068488720091,3175.9942941187983,533.9425272941226,153.7541495199257,989.989294975021,4,0.0,0.0,0.0,0.25,0.75,0.0,0.5,1.0,2.0,1.5,0.0,0.75,546.5,-32.995000414783135
1247,2553856,-0.002906676484659935,1.9444672822952271,6.818938795725504,0.013297816909228762,0.05407586025539786,0.18167565961678822,-0.05890810862183571,1.4607408046722412,0.8196614583333334,512.9375268961263,3178.09433643784,534.3614648271323,153.86621867892245,989.989294975021,2,0.0,0.0,0.0,0.0,1.0,0.0,0.5,2.0,2.0,0.5,0.0,1.0,600.0,-10.316666680388153
1248,2555904,-0.002911802532617003,0.9683777928352356,6.817792510986328,0.006163722328104389,0.025566769725022215,0.19231288929780324,0.04439820349216461,0.953075647354126,0.7014973958333334,513.0922042435786,3180.0239647788476,534.7244734940396,153.97008948491566,989.989294975021,4,0.0,0.0,0.0,0.25,0.75,0.0,1.0,0.75,1.75,1.0,0.25,0.75,580.75,-29.311875248444267
1249,2557952,-0.0035706914534481865,2.4326233863830566,6.821792713801066,0.006732117848393197,0.047209852297479905,0.17370995605985323,-0.29849472641944885,1.6675009727478027,0.8203125,513.2355324283826,3182.0313871118706,535.0957438769401,154.09335669091524,989.989294975021,4,0.0,0.0,0.0,0.5,0.5,0.0,1.25,0.5,2.5,1.25,0.0,0.5,507.5,-33.3212502237875
1250,2560000,-0.0028789347154088317,1.871549141407013,6.8252116998036705,0.04374452258537834,0.03911838021595031,0.18028368030985195,-0.05645368620753288,1.2715470790863037,0.7293294270833334,513.3905597894279,3183.967119341789,535.4354718639806,154.20821402491856,989.989294975021,5,0.0,0.2,0.0,0.4,0.6,0.0,1.2,0.6,1.4,0.8,0.4,0.6,539.6,-26.166500080749394
1251,2562048,-0.0009391511780753111,1.4129857778549195,6.828304751714071,0.05027204279322177,0.02797379724991818,0.17885378301143645,0.023967713117599487,1.2482870817184448,0.86376953125,513.5150260769784,3186.121144476776,535.8297870929891,154.3339305469126,989.989294975021,2,0.0,0.0,0.0,0.0,1.0,0.0,1.0,1.0,2.0,1.0,0.0,1.0,600.0,-27.987500304356217
1252,2564096,0.004445959918666631,1.2669978797435761,6.832109212875366,0.036653441920255624,0.014764384933126469,0.1893298144141833,-0.08545464277267456,1.1074806451797485,0.8279622395833334,513.6679485220927,3187.9910661286704,536.2373708879968,154.44719151391473,989.989294975021,5,0.0,0.2,0.0,0.6,0.4,0.0,1.6,0.8,2.6,0.6,0.0,0.4,500.4,-23.186500031501055
1253,2566144,-0.001024839110323228,2.309295582771301,6.830413675308227,0.029960753372870387,0.03172740230802447,0.1851875384648641,-0.4210963249206543,1.4216951131820679,0.78173828125,513.8287641128385,3189.8763099866846,536.57150576602,154.5541515489167,989.989294975021,5,0.0,0.6,0.0,0.6,0.4,0.0,2.2,0.4,1.4,0.4,0.0,0.4,502.0,-28.114000076800586
1254,2568192,0.003822941604691247,3.1412214756011965,6.830628728866577,0.0226315179024823,0.007527609642905494,0.18848253190517425,-0.48180076479911804,1.9265233278274536,0.7705078125,513.9752077859009,3191.8779983265995,536.9246974229973,154.66398042191577,989.989294975021,4,0.0,0.5,0.0,0.5,0.5,0.0,2.5,0.5,3.0,0.0,0.0,0.5,502.25,-25.381250012200326
1255,2570240,-0.0027355040656402707,1.1766942262649536,6.833798138300578,0.054850419531188285,0.015921348550667364,0.15157602081696192,0.04169044271111488,0.8207799196243286,0.85400390625,514.1126364896968,3193.9649006226173,537.2693372570575,154.77617728491896,989.989294975021,5,0.0,0.8,0.0,1.0,0.0,0.0,2.6,0.0,2.2,0.0,0.4,0.0,399.2,-30.035000000521542
1256,2572288,-0.0031116039007126044,2.8745381593704225,6.833443450927734,0.00905846724587415,0.06016133693046868,0.1785943888127804,-0.18836262822151184,1.7502464056015015,0.7483723958333334,514.2621390972414,3195.936158120596,537.6202839360849,154.88667707992136,989.989294975021,5,0.0,0.2,0.0,0.8,0.2,0.0,2.0,0.2,2.2,0.4,0.4,0.2,445.4,-28.029999999329448
1257,2574336,-0.0021920895747219523,1.3508161664009095,6.833622090021769,0.022377075208351017,0.0788715409891059,0.1818134089310964,0.13642027974128723,1.1043120622634888,0.8958333333333334,514.3921870753255,3198.0998918985933,537.9716597890656,154.99605503392377,989.989294975021,3,0.0,0.0,0.0,0.3333333333333333,0.6666666666666666,0.0,1.3333333333333333,1.0,2.6666666666666665,0.3333333333333333,0.3333333333333333,0.6666666666666666,584.3333333333334,-29.842500200184684
1258,2576384,-0.0022627654264700445,1.8908663034439086,6.832188351949056,0.017389974883311274,0.02518019071624925,0.17413882166147232,0.05239228531718254,1.432882308959961,0.7384440104166666,514.5493853117038,3199.946463938555,538.3644767620426,155.1038775109264,989.989294975021,3,0.0,0.3333333333333333,0.0,1.0,0.0,0.0,1.6666666666666667,0.0,1.0,1.3333333333333333,0.0,0.0,426.0,-31.41500002456208
1259,2578432,-0.0026937458884882894,2.0286308407783507,6.830333296457926,0.008009221400425304,0.03082527273800224,0.18510746508836745,0.18067237734794617,1.3691399097442627,0.8800455729166666,514.6733835422754,3202.155571625488,538.7164625880032,155.21629268792458,989.989294975021,4,0.0,0.25,0.0,0.25,0.75,0.0,1.75,1.0,2.25,0.0,0.25,0.75,594.5,-36.72812564542983
1260,2580480,-0.00329867135733366,1.1826204895973205,6.831730794906616,0.016762152839510235,0.0311648177759101,0.17747439369559287,0.12093885987997055,1.0782654285430908,0.7802734375,514.8174211803165,3204.118092446588,539.1178397250478,155.32198149592296,989.989294975021,3,0.0,0.0,0.0,0.3333333333333333,0.6666666666666666,0.0,1.0,0.6666666666666666,2.3333333333333335,1.3333333333333333,0.0,0.6666666666666666,590.6666666666666,-34.647222399401166
1261,2582528,-0.0006808167687267997,1.8502829670906067,6.8353792031606035,0.011276183145431181,0.010264860667909185,0.15658659487962723,0.15783676505088806,1.1856517791748047,0.90625,514.9390951763008,3206.307476824608,539.5036636160512,155.42675453592528,989.989294975021,5,0.0,0.0,0.0,0.8,0.2,0.0,1.0,0.4,2.0,1.4,0.2,0.2,577.8,-37.824500320572405
1262,2584576,0.0021594703115018397,1.26489360332489,6.839318577448527,0.04617550944482597,0.025571122501666346,0.19502182851235073,0.1344234049320221,1.100375771522522,0.8644205729166666,515.05392633792,3208.559759945536,539.8930086220425,155.5359442259214,989.989294975021,2,0.0,0.0,0.0,0.5,0.5,0.0,1.0,0.5,2.0,1.5,0.0,0.5,588.5,-28.934166587889194
1263,2586624,-0.0021827079966897146,3.9404654502868652,6.836953322092692,0.004733919210654373,0.026799708115868272,0.16068418845534324,0.04136936366558075,2.0167739391326904,0.8408203125,515.1765876843425,3210.7682505905614,540.2536366821878,155.64383660592284,989.989294975021,6,0.0,0.16666666666666666,0.0,0.16666666666666666,0.8333333333333334,0.0,1.0,1.1666666666666667,2.3333333333333335,0.8333333333333334,0.0,0.8333333333333334,599.3333333333334,-26.617639064633597
1264,2588672,-0.003272793263507386,1.4246376752853394,6.837910588582357,0.003959803869171689,0.03067448519092674,0.16452773834268253,-0.030230451375246048,1.1739280223846436,0.8401692708333334,515.3118101956361,3212.80195228957,540.6542395331999,155.75197580792155,989.989294975021,2,0.0,0.5,0.0,0.5,0.5,0.0,2.0,0.5,3.0,0.5,0.0,0.5,519.0,-35.0687498357147
1265,2590720,-0.0005576297844527289,2.1221362352371216,6.842705154418946,0.020586348747989782,0.021513318829238414,0.1657702644666036,-0.21135863661766052,1.4213777780532837,0.8260091145833334,515.4544796532607,3214.816671008535,541.0198500872575,155.86341296091996,989.989294975021,4,0.0,0.0,0.0,0.5,0.5,0.0,0.75,0.5,2.0,1.25,0.5,0.5,531.5,-34.27729192620609
1266,2592768,7.158634252846241e-06,1.8547187089920043,6.843777958552042,0.006936095464819421,0.02617758063133806,0.17070499335726103,0.05546409636735916,1.2727148532867432,0.90576171875,515.5711210395941,3217.035504219508,541.4149608863227,155.98266218492063,989.989294975021,3,0.0,0.3333333333333333,0.0,0.6666666666666666,0.3333333333333333,0.0,1.6666666666666667,0.3333333333333333,1.6666666666666667,1.0,0.0,0.3333333333333333,534.0,-36.23444469925016
1267,2594816,0.003329951030900702,3.7670440673828125,6.8452147801717125,0.02362669352053975,0.049182468978688124,0.20538333530227343,0.03177658095955849,1.9137144088745117,0.8483072916666666,515.6481771679423,3219.6194164845438,541.8177607603066,156.11128693092178,989.989294975021,4,0.0,0.25,0.0,0.75,0.25,0.0,1.25,0.5,2.0,1.25,0.0,0.25,530.5,-32.58041655574925
1268,2596864,-0.0010015343897975982,0.9742419123649597,6.847167952855428,0.004276845188966641,0.008095870640439292,0.15001155883073808,0.22112411260604858,0.9055312871932983,0.912109375,515.719266691868,3222.2360336375787,542.2462313212745,156.23092678292596,989.989294975021,4,0.0,0.0,0.0,0.25,0.75,0.0,0.5,1.25,1.75,1.0,0.25,0.75,579.0,-27.277916862396523
1269,2598912,0.008347573454496644,2.9585434436798095,6.842185401916504,0.01738865652914683,0.014794895774684846,0.21343148574233056,0.12568369507789612,1.6632853746414185,0.9059244791666666,515.7831762099567,3224.918559389509,542.6765001202148,156.3404423859247,989.989294975021,4,0.0,0.0,0.0,0.5,0.5,0.0,0.75,0.75,2.0,1.5,0.0,0.5,543.75,-26.91999990842305
1270,2600960,-0.002738854894414544,2.756977391242981,6.838765033086141,0.008256003089870016,0.054464448573223,0.18236661305030186,-0.24602605402469635,1.7271367311477661,0.83642578125,515.8554762137928,3227.5053018854815,543.0913954522985,156.4869841829277,989.989294975021,60,0.0,0.3333333333333333,0.0,0.6666666666666666,0.3333333333333333,0.0,1.1,0.18333333333333332,2.8666666666666667,1.6166666666666667,nan,0.15,332.26666666666665,nan
1271,2603008,-0.003248409090641265,2.959572458267212,6.838685115178426,0.003658712483593263,0.019872239821900926,0.16788138474027317,-0.08020663261413574,1.8009754419326782,0.7845052083333334,513.0813655420319,3229.8593678015022,543.5350855523502,156.59901960592833,1018.2062578600162,3,0.0,0.0,0.0,0.3333333333333333,0.6666666666666666,0.3333333333333333,1.0,0.6666666666666666,2.0,1.3333333333333333,0.0,0.6666666666666666,600.0,-26.627777834422886
1272,2605056,-0.002684919375072544,2.379555416107178,6.842561642328898,0.011108770188487445,0.037729537781948846,0.16025677397847177,-0.01920446567237377,1.516505241394043,0.83642578125,513.1535434430314,3232.434505084464,543.988319163298,156.71999973692436,1018.2062578600162,5,0.0,0.0,0.0,0.2,0.8,0.0,0.8,1.0,2.0,0.6,0.6,0.8,577.8,-31.73050036933273
1273,2607104,-0.0012183085006351273,1.5162466406822204,6.848991394042969,0.034665498822384205,0.0200792658686017,0.18031470129887264,0.1725008189678192,1.1599441766738892,0.84814453125,513.2195044867569,3235.1450882404897,544.3916205733694,156.83729399992444,1018.2062578600162,3,0.0,0.0,0.0,0.6666666666666666,0.3333333333333333,0.0,1.3333333333333333,0.3333333333333333,2.3333333333333335,1.3333333333333333,0.0,0.3333333333333333,582.3333333333334,-41.39833376494547
1274,2609152,-0.0004651826418315371,1.3914962768554688,6.856252829233806,0.003842211215912054,0.012003265134990216,0.15436973323424658,0.6554647088050842,1.0182634592056274,0.9150390625,513.2845136398079,3237.8280997644033,544.822949842368,156.95432950892427,1018.2062578600162,4,0.0,0.0,0.0,0.0,1.0,0.0,0.25,2.25,2.0,0.5,0.0,1.0,600.0,-18.065208578133024
1275,2611200,-0.0012861882705086222,1.2237321257591247,6.8611121813456215,0.0343487204949876,0.023656912761119506,0.1695003313322862,0.16647101938724518,1.16238534450531,0.9168294270833334,513.3497445828285,3240.5414195033954,545.2361221713363,157.07025980492472,1018.2062578600162,2,0.0,0.0,0.0,0.0,1.0,0.0,0.0,3.0,3.0,0.0,0.0,1.0,600.0,-10.436666681896895
1276,2613248,0.00023245826984445253,3.274303913116455,6.864407142003377,0.020081767162385706,0.03068695527423794,0.1873890720307827,-0.1538466215133667,1.9831836223602295,0.75390625,513.4603136103856,3242.792269236321,545.6431810043796,157.18693580692343,1018.2062578600162,4,0.0,0.0,0.0,0.25,0.75,0.0,1.25,1.25,2.5,0.5,0.0,0.75,584.0,-27.162500106962398
1277,2615296,-0.0030318563726420204,0.9931684613227845,6.8667186260223385,0.00831787136849016,0.03175752290990204,0.15192025726040204,0.2233954817056656,0.9772449135780334,0.8058268229166666,513.5479359568212,3245.2306292392823,546.0598040833138,157.3333130189203,1018.2062578600162,4,0.0,0.0,0.0,0.0,1.0,0.0,0.5,1.5,1.75,0.75,0.25,1.0,600.0,-23.293750322889537
1278,2617344,0.0009544482527417131,1.5874826073646546,6.866717529296875,0.007850725585982824,0.04970322311855853,0.20971084212263424,0.03893521800637245,1.3222891092300415,0.8741861979166666,513.6080253486264,3247.935921189266,546.4971664132972,157.47391151591728,1018.2062578600162,2,0.0,0.0,0.0,0.5,0.5,0.0,0.0,1.0,3.0,1.0,1.0,0.5,539.0,-31.60583360446617
1279,2619392,0.14918146424849207,1.6519513368606566,6.857901461919149,0.07409814073083301,0.04917555560047428,2.54579193542401,0.01306361984461546,1.2196824550628662,0.8113606770833334,513.693317213605,3250.397733322221,546.9282739212722,157.60342244191997,1018.2062578600162,5,0.0,0.0,0.0,0.2,0.8,0.0,1.0,1.2,2.6,0.8,0.0,0.8,573.0,-28.43683364316821
1280,2621440,0.002486428248342539,2.327849805355072,6.847473891576131,0.01752022891693438,0.02376835991938909,0.18163850282629332,-0.2977467179298401,1.6486221551895142,0.8269856770833334,513.7764558258491,3252.9173048001903,547.3244166972072,157.74278202091955,1018.2062578600162,3,0.0,0.0,0.0,0.0,1.0,0.0,0.3333333333333333,1.6666666666666667,2.3333333333333335,0.3333333333333333,0.6666666666666666,1.0,600.0,-31.162778324913234
1281,2623488,-0.0022558740883444747,1.5069294333457948,6.8438740253448485,0.015167581875963758,0.016097365304206808,0.17967113554477693,0.015387525781989098,1.3170126676559448,0.6904296875,513.8781349118701,3255.2283100501954,547.7566623021412,157.87039424292016,1018.2062578600162,4,0.0,0.0,0.0,0.0,1.0,0.0,0.0,1.25,1.5,1.25,0.5,1.0,600.0,-33.21395862707868
1282,2625536,-0.001654282594487692,0.9585965633392334,6.853043142954508,0.003080999185234153,0.009804563216554622,0.14949933663010598,0.07801306992769241,0.9369085431098938,0.8898111979166666,513.9718667775525,3257.6463457121863,548.1649982831368,157.98936082391447,1018.2062578600162,3,0.0,0.0,0.0,0.3333333333333333,0.6666666666666666,0.0,1.3333333333333333,0.6666666666666666,2.3333333333333335,1.0,0.0,0.6666666666666666,548.3333333333334,-38.45333379072448
1283,2627584,0.0013899353138792018,1.6089455604553222,6.856587139765422,0.01529808843624778,0.03120551067404449,0.1680913582444191,0.4349617063999176,1.1954606771469116,0.8370768229166666,514.0434943159994,3260.2905075161398,548.5697786741221,158.1008603479131,1018.2062578600162,4,0.0,0.0,0.0,0.5,0.5,0.0,1.25,0.5,1.75,1.0,0.25,0.5,550.0,-36.09708348987624
1284,2629632,-0.0018486884344990054,0.8484134137630462,6.858202854792277,0.006959553443205853,0.01794514642097056,0.14451830834150314,0.09631185233592987,0.9389839172363281,0.943359375,514.1102987195063,3262.9556237500437,548.9958427020974,158.21710955991148,1018.2062578600162,3,0.0,0.0,0.0,0.0,1.0,0.0,0.3333333333333333,1.6666666666666667,2.3333333333333335,1.0,0.0,1.0,600.0,-23.582777767131727
1285,2631680,-0.0021396238803087424,1.85628399848938,6.863464244206747,0.005510390165727586,0.02089842458954081,0.15268404160936674,0.28991612792015076,1.3448337316513062,0.8797200520833334,514.2115860196292,3265.315683476052,549.3929928630969,158.32966730590852,1018.2062578600162,4,0.0,0.0,0.0,0.5,0.5,0.0,0.25,1.25,2.0,1.5,0.0,0.5,567.0,-26.367708580801263
1286,2633728,-0.0014850731589831413,1.686178159713745,6.865759102503459,0.009974956688044283,0.02589599017907555,0.15031136001149814,0.0829353928565979,1.2252774238586426,0.8590494791666666,514.3490285995522,3267.3508663870016,549.7506860851281,158.45189245190704,1018.2062578600162,4,0.0,0.0,0.0,0.0,1.0,0.0,0.25,1.5,2.0,1.25,0.0,1.0,600.0,-25.79062517231796
1287,2635776,0.017786982158819836,1.4776044845581056,6.862670199076335,0.1987877753310992,0.03528731600381434,0.2889395721256733,0.011297889053821564,1.1790401935577393,0.8089192708333334,514.4537693852069,3269.673645669085,550.1456314220995,158.57301581791398,1018.2062578600162,3,0.0,0.0,0.0,0.3333333333333333,0.6666666666666666,0.0,0.6666666666666666,0.6666666666666666,1.0,1.6666666666666667,0.0,0.6666666666666666,547.6666666666666,-34.66166666864107
1288,2637824,-0.0023295807516357553,0.907665592432022,6.859498850504557,0.007782402401790023,0.04454404599188517,0.157497418175141,-0.00863093975931406,0.9718872308731079,0.9104817708333334,514.5383518440366,3272.124369894089,550.592015774062,158.70174563991168,1018.2062578600162,3,0.0,0.0,0.0,0.0,1.0,0.0,0.3333333333333333,2.0,2.0,0.3333333333333333,0.3333333333333333,1.0,600.0,-18.94333361958464
1289,2639872,0.019860824393981603,1.7058102130889892,6.857965771357218,0.1019721331113639,0.043344846612308176,0.4221177188058694,0.019981589168310165,1.2818814516067505,0.9039713541666666,514.6492396474306,3274.3477865120294,551.0136785910508,158.8235696759075,1018.2062578600162,4,0.0,0.0,0.0,0.5,0.5,0.0,1.75,0.75,2.0,0.5,0.0,0.5,554.25,-27.63666678185109
1290,2641920,-0.0027472467161715032,2.700735306739807,6.854389810562134,0.011456531599348334,0.031946523988153785,0.15754087194800376,-0.39780259132385254,1.6520086526870728,0.8263346354166666,514.7684533017291,3276.4836293461267,551.4360697290831,158.94579928490566,1018.2062578600162,6,0.0,0.5,0.0,0.5,0.5,0.0,2.0,0.8333333333333334,1.6666666666666667,0.16666666666666666,0.0,0.5,494.1666666666667,-24.61138899375995
1291,2643968,-0.0008176051739913722,1.9383916854858398,6.856358512242635,0.012295007410284598,0.013468552776612342,0.1485036554435889,-0.17298462986946106,1.4073294401168823,0.8826497395833334,514.8601197267519,3278.8729680651595,551.8710284560584,159.0747320339069,1018.2062578600162,3,0.0,0.6666666666666666,0.0,0.6666666666666666,0.3333333333333333,0.0,2.6666666666666665,0.3333333333333333,1.0,0.0,0.0,0.3333333333333333,438.6666666666667,-27.216666688521702
1292,2646016,-0.0016461913047047952,2.42280855178833,6.85648775100708,0.0631503788055852,0.0513508515432477,0.18660918374856314,-0.277896910905838,1.606009840965271,0.7386067708333334,514.9370969884354,3281.435283156112,552.2866751210458,159.20254936690617,1018.2062578600162,4,0.0,0.5,0.0,0.5,0.5,0.0,2.5,0.5,1.5,0.0,0.0,0.5,521.0,-28.912500149104744
1293,2648064,-0.0016834352543810382,5.0029033660888675,6.8560808022816975,0.0066718449616625245,0.03616434457556655,0.1697304459909598,-0.9114995002746582,2.138394594192505,0.8201497395833334,515.0003394006129,3284.080277368106,552.7451948159505,159.31929727290117,1018.2062578600162,7,0.0,0.8571428571428571,0.0,0.8571428571428571,0.14285714285714285,0.0,2.857142857142857,0.14285714285714285,2.142857142857143,0.0,0.0,0.14285714285714285,423.7142857142857,-32.741190638925346
1294,2650112,-0.0027174896948660415,3.9259301900863646,6.861076958974203,0.007648134984386464,0.03334635235369206,0.17207345440983773,-0.8356481790542603,2.064950466156006,0.7158203125,515.1008495574885,3286.400403312109,553.170955073947,159.4350296279008,1018.2062578600162,3,0.0,1.0,0.0,1.0,0.0,0.0,3.0,0.0,2.3333333333333335,0.0,0.0,0.0,308.6666666666667,-30.100000003973644
1295,2652160,-0.0019335039464446406,1.8422555565834045,6.867971547444662,0.05405883363782778,0.03733922643975044,0.17546029935280483,-0.1677449494600296,1.3306714296340942,0.80419921875,515.1814446114025,3288.8776583371073,553.6158197489713,159.5539875198956,1018.2062578600162,7,0.0,0.7142857142857143,0.0,0.8571428571428571,0.14285714285714285,0.0,2.4285714285714284,0.14285714285714285,2.7142857142857144,0.14285714285714285,0.2857142857142857,0.14285714285714285,440.0,-41.88333381672523
1296,2654208,-0.001244146916239212,2.773887586593628,6.8685857137044275,0.014582907330865662,0.0359695651801303,0.17175192634264627,-0.19658111035823822,1.6519255638122559,0.8982747395833334,515.2687701636012,3291.32049596413,554.0365008480076,159.6712089378998,1018.2062578600162,6,0.0,1.0,0.0,1.0,0.0,0.0,3.0,0.0,2.0,0.0,0.0,0.0,333.8333333333333,-30.590138849336654
1297,2656256,0.000742221095909675,3.9623656034469605,6.868280824025472,0.026824219310462163,0.014145690885682901,0.16166013081868488,0.7274492979049683,1.873429775238037,0.8712565104166666,515.3583869895945,3293.788692722119,554.4266092609178,159.7906285299032,1018.2062578600162,3,0.0,0.6666666666666666,0.0,0.6666666666666666,0.3333333333333333,0.0,2.0,0.6666666666666666,1.6666666666666667,0.3333333333333333,0.0,0.3333333333333333,432.3333333333333,-25.4049998888125
1298,2658304,-0.002403087258183708,3.338445258140564,6.866522518793742,0.007952032109218028,0.03747269296630596,0.18440621122717857,-0.019352754577994347,1.8788607120513916,0.7145182291666666,515.4342074683419,3296.2890308631104,554.9029109009425,159.91279030690202,1018.2062578600162,5,0.0,0.2,0.0,0.4,0.6,0.0,1.8,0.8,1.6,0.2,0.2,0.6,590.2,-34.94100035969168
1299,2660352,-0.0030521552175438653,1.1624893069267273,6.867548513412475,0.02938662006830176,0.034853984524185457,0.1708556758860747,0.16617226600646973,1.0986878871917725,0.8818359375,515.4913675406398,3298.973271699033,555.3896778959606,160.0269003899084,1018.2062578600162,3,0.0,0.6666666666666666,0.0,1.0,0.0,0.0,2.6666666666666665,0.0,2.3333333333333335,0.3333333333333333,0.0,0.0,441.3333333333333,-43.37500053085387
1300,2662400,-0.0002512840932467952,3.39431414604187,6.869670311609904,0.023202219842157017,0.031309814960695806,0.1776483525832494,-0.31980273127555847,1.876474142074585,0.8147786458333334,515.5944369253295,3301.2684953970747,555.7984651779843,160.14386303990614,1018.2062578600162,6,0.0,1.0,0.0,1.0,0.0,0.0,3.0,0.0,2.3333333333333335,0.0,0.0,0.0,435.5,-38.32694477013623
1301,2664448,-0.00038184171232084435,1.8756147265434264,6.868735933303833,0.017364733096716614,0.03058026134579753,0.16578695699572563,0.0902671068906784,1.3897666931152344,0.8426106770833334,515.6680836514855,3303.87774963407,556.2012432859701,160.26077491390606,1018.2062578600162,3,0.0,0.6666666666666666,0.0,0.6666666666666666,0.3333333333333333,0.0,2.3333333333333335,0.3333333333333333,1.6666666666666667,0.3333333333333333,0.0,0.3333333333333333,484.3333333333333,-30.957777918316424
1302,2666496,-0.002202700936080267,1.2086212396621705,6.869716771443685,0.0039021400550457957,0.010368882142938674,0.1715855432053407,0.12191365659236908,1.1492236852645874,0.80712890625,515.747262970356,3306.410209513131,556.6106531390469,160.38671807590435,1018.2062578600162,5,0.0,0.8,0.0,1.0,0.0,0.0,2.6,0.0,2.0,0.2,0.2,0.0,428.4,-37.674500359408555
1303,2668544,0.0008087542528907458,1.3788012623786927,6.869798866907756,0.010445882472170827,0.02388153437835475,0.16288032953937848,0.48116010427474976,1.120416522026062,0.8938802083333334,515.8591974720689,3308.6577712481376,556.9936181170269,160.50896100390673,1018.2062578600162,3,0.0,0.0,0.0,0.6666666666666666,0.3333333333333333,0.0,1.3333333333333333,1.0,1.3333333333333333,0.3333333333333333,0.3333333333333333,0.3333333333333333,509.6666666666667,-31.32555580418557
1304,2670592,0.0012878114978472392,2.4165720462799074,6.863892443974813,0.006159456240129657,0.019472419136824706,0.16263198480010033,0.15191812813282013,1.4414489269256592,0.8357747395833334,515.9298848252604,3311.2563774870505,557.4064023639658,160.63308944490564,1018.2062578600162,6,0.0,0.3333333333333333,0.0,0.6666666666666666,0.3333333333333333,0.0,1.8333333333333333,0.3333333333333333,1.8333333333333333,0.6666666666666666,0.16666666666666666,0.3333333333333333,464.3333333333333,-29.25583348609507
1305,2672640,0.0009422712241454671,1.7000717997550965,6.864767551422119,0.008573762812496473,0.011444046682057282,0.1660300207634767,0.605391800403595,1.1248650550842285,0.9705403645833334,515.9807408804221,3314.0543831400573,557.8290454100279,160.758408396905,1018.2062578600162,2,0.0,0.0,0.0,0.0,1.0,0.0,0.5,1.5,1.0,1.0,0.0,1.0,600.0,-29.507917061448097
1306,2674688,-0.0010514519487818082,3.8773442983627318,6.862806797027588,0.01636533281028581,0.024284970830194652,0.17392248238126437,0.20526057481765747,1.9262369871139526,0.79296875,516.070490605994,3316.5107863740704,558.2093045840229,160.87541039590724,1018.2062578600162,5,0.0,0.4,0.0,0.4,0.6,0.0,2.0,0.8,2.6,0.2,0.0,0.6,582.8,-29.835500000882895
1307,2676736,0.014238611546655495,1.0042686760425568,6.850757455825805,0.4221593003118566,0.0292009910956646,0.33289875984191897,0.11807630211114883,0.9697169661521912,0.8859049479166666,516.1782302017194,3318.77908433813,558.5987124229723,160.99762834391004,1018.2062578600162,3,0.0,0.0,0.0,0.0,1.0,0.0,0.6666666666666666,1.6666666666666667,2.3333333333333335,0.0,0.6666666666666666,1.0,600.0,-34.48277837301915
1308,2678784,0.00963938613422215,2.290693521499634,6.840310827891032,0.03980739908292889,0.03422839534468949,0.2501508260766665,-0.1578911542892456,1.5172295570373535,0.8292643229166666,516.3071951363266,3320.851716474128,558.979123678917,161.116801840908,1018.2062578600162,4,0.0,0.5,0.0,0.75,0.25,0.0,2.0,0.25,1.75,0.5,0.25,0.25,474.75,-33.23500010347925
1309,2680832,-0.002106522869144101,1.5470273852348329,6.838449207941691,0.004129893206360672,0.02634118350688368,0.16073039472103118,0.31189340353012085,1.1416321992874146,0.9176432291666666,516.3773855673792,3323.500684972125,559.3653820988766,161.23581627690874,1018.2062578600162,5,0.0,0.2,0.0,0.4,0.6,0.0,1.6,0.8,1.4,0.6,0.0,0.6,518.6,-33.52716682916507
1310,2682880,0.002237064709576468,1.1214420437812804,6.844110457102458,0.024433072262521213,0.022747884632553905,0.16947039862473806,0.2350178211927414,1.0480639934539795,0.9130859375,516.4349691109892,3326.2294459481345,559.7903240649466,161.35314059591474,1018.2062578600162,1,0.0,0.0,0.0,0.0,1.0,0.0,2.0,1.0,3.0,0.0,0.0,1.0,600.0,-24.365000101737678
1311,2684928,0.004659041990331995,3.4617775201797487,6.845048093795777,0.03079103383546074,0.04716124015394598,0.19927238623301188,0.21335183084011078,1.7496751546859741,0.8321940104166666,516.5068954907167,3328.7459066631127,560.2119057388772,161.51463983891153,1018.2062578600162,8,0.0,0.125,0.125,0.25,0.625,0.0,1.5,1.25,2.125,0.125,0.125,0.625,519.75,-30.009896026051138
1312,2686976,-0.0020096685737371446,1.2069120526313781,6.846044079462687,0.004481716432928806,0.02181718886907523,0.16035069823265075,0.05185960605740547,1.0608861446380615,0.9295247395833334,516.6020380844616,3331.075939381124,560.6661456388174,161.6340691659134,1018.2062578600162,1,0.0,0.0,0.0,0.0,1.0,0.0,2.0,1.0,3.0,0.0,0.0,1.0,600.0,-39.20083363354206
1313,2689024,0.0027179007108012834,2.6192735195159913,6.844783449172974,0.009030234145022102,0.04803258915975069,0.19890914956728617,-0.14702236652374268,1.6546998023986816,0.8370768229166666,516.7290119886577,3333.1288587611634,561.066380233875,161.75250925591536,1018.2062578600162,5,0.0,0.2,0.0,0.8,0.2,0.0,1.6,0.4,1.4,1.0,0.0,0.2,545.2,-32.540666772052646
1314,2691072,0.007134935385935629,0.9859841942787171,6.841595443089803,0.037981186712083094,0.020069008887124557,0.18581476484735807,0.4573899507522583,0.971813440322876,0.9124348958333334,516.79285565755,3335.844462965222,561.448692334845,161.86767242691712,1018.2062578600162,2,0.0,0.0,0.0,0.0,1.0,0.0,0.5,1.5,1.0,1.0,0.0,1.0,600.0,-21.256250040605664
1315,2693120,0.05944428989120449,2.358400273323059,6.833868948618571,0.025590301625197754,0.04497457941373189,0.7590723482271036,0.20999114215373993,1.5418256521224976,0.8512369791666666,516.8569952691811,3338.496730730236,561.8780933708331,161.98823623391218,1018.2062578600162,3,0.0,0.0,0.0,0.3333333333333333,0.6666666666666666,0.0,1.0,1.0,2.0,0.6666666666666666,0.3333333333333333,0.6666666666666666,590.0,-31.10972230322659
1316,2695168,0.006883754325099289,1.0040878415107728,6.826341867446899,0.03199489923814933,0.04418826918117702,0.1772924723724524,0.33977797627449036,0.9327645301818848,0.89404296875,516.9111501293263,3341.232463512286,562.3194682548128,162.1140193089086,1018.2062578600162,5,0.0,0.0,0.0,0.0,1.0,0.0,1.0,1.8,2.2,0.2,0.0,1.0,600.0,-22.189666925463825
1317,2697216,0.0048255227777796485,1.4830035090446472,6.8188265005747475,0.05018423409589256,0.06227537520462647,0.21410130436221758,0.04223885387182236,1.2014929056167603,0.8955078125,516.9939872048162,3343.68829506723,562.7550093518148,162.23347533490596,1018.2062578600162,3,0.0,0.0,0.0,0.3333333333333333,0.6666666666666666,0.0,1.0,1.0,2.6666666666666665,0.6666666666666666,0.3333333333333333,0.6666666666666666,564.0,-28.945833461048704
1318,2699264,-0.0026078153498626006,2.0376278519630433,6.814813502629598,0.005733334566078459,0.027143181026137123,0.15709770023822783,0.1332969218492508,1.3494808673858643,0.88134765625,517.0768779259275,3346.1189615502517,563.1852670577791,162.36494064690487,1018.2062578600162,5,0.0,0.0,0.0,0.0,1.0,0.0,0.6,1.8,1.8,0.6,0.0,1.0,600.0,-21.444333480298518
1319,2701312,-0.003359874473729481,1.1346699714660644,6.81594451268514,0.014005289641985049,0.048594929518488546,0.1524995336929957,-0.12167536467313766,1.0906295776367188,0.9314778645833334,517.1218130287529,3348.9360174952744,563.6450472898141,162.48407283490087,1018.2062578600162,60,0.0,0.0,0.0,1.0,0.0,0.0,1.2833333333333334,0.8833333333333333,2.8,0.8333333333333334,nan,0.6666666666666666,557.7,nan
1320,2703360,-0.0022428706162221108,0.9095846652984619,6.8154480934143065,0.020336994779063387,0.04916987113344173,0.1844993770122528,0.130714550614357,0.8951075077056885,0.9051106770833334,512.8405051938587,3351.8652385582245,564.0915083208747,162.60434381489904,1062.1830624660215,4,0.0,0.0,0.0,0.25,0.75,0.0,1.0,1.5,2.5,0.5,0.0,0.75,592.0,-26.34625025605783
1321,2705408,-0.003235055102656285,1.1394700050354003,6.814324633280436,0.00926227390106457,0.02915839143873503,0.185945246865352,0.2879570722579956,1.1464033126831055,0.9210611979166666,512.8972152621134,3354.58792231416,564.5404892538645,162.72474574489752,1062.1830624660215,4,0.0,0.0,0.0,0.0,1.0,0.0,0.0,3.0,3.0,0.0,0.0,1.0,600.0,-9.619583417428657
1322,2707456,7.129470662524303e-05,2.546068716049194,6.817119630177816,0.006955481076147407,0.040162742331934474,0.1773727888862292,-0.024313729256391525,1.686413288116455,0.8157552083333334,512.9893333093906,3356.9960282861575,564.9500473578446,162.84778127790196,1062.1830624660215,2,0.0,0.0,0.0,0.0,1.0,0.0,1.0,1.5,2.5,0.0,0.5,1.0,600.0,-26.345000393223017
1323,2709504,-0.002540427942585666,1.523857593536377,6.819934558868408,0.04491058504051277,0.06585386764879028,0.17578677758574485,-0.03631052002310753,1.1699708700180054,0.8640950520833334,513.0629222667889,3359.5671593402003,565.3757165957504,162.9681386729062,1062.1830624660215,6,0.0,0.0,0.0,0.16666666666666666,0.8333333333333334,0.0,1.1666666666666667,1.3333333333333333,1.8333333333333333,0.3333333333333333,0.16666666666666666,0.8333333333333334,573.8333333333334,-24.578055769825976
1324,2711552,-0.0028764517526724378,0.32094082832336424,6.822418800989786,0.007192106431223995,0.04048269974688689,0.1563458748161793,0.18552781641483307,0.5829958915710449,0.91748046875,513.1340513058768,3362.177631467195,565.7968900137785,163.0894605699068,1062.1830624660215,1,0.0,0.0,0.0,0.0,1.0,0.0,0.0,2.0,2.0,0.0,1.0,1.0,600.0,-32.2950008767657
1325,2713600,0.001949240934724609,1.3259659707546234,6.821371920903524,0.011143298938016718,0.019463659372801582,0.15680751676360766,0.43576106429100037,1.1055083274841309,0.90771484375,513.1978685888236,3364.8706968831684,566.205350847762,163.21209292890853,1062.1830624660215,6,0.0,0.0,0.0,0.0,1.0,0.0,0.0,2.6666666666666665,2.5,0.16666666666666666,0.16666666666666666,1.0,600.0,-14.538611269245544
1326,2715648,0.0005072682397440076,0.4405546814203262,6.817243576049805,0.004033805914514232,0.02720618563471362,0.17093856111168862,0.10796498507261276,0.5998591780662537,0.9485677083333334,513.2483160752754,3367.6155069841625,566.6942259307616,163.341568977914,1062.1830624660215,1,0.0,0.0,0.0,0.0,1.0,0.0,1.0,1.0,1.0,1.0,0.0,1.0,600.0,-21.990000071935356
1327,2717696,-0.0005193995777517558,1.6534717082977295,6.812069336573283,0.00973951913571606,0.019298029652175804,0.16031670148173968,0.14308658242225647,1.2843326330184937,0.89013671875,513.3166518772658,3370.222517457194,567.1388907537112,163.45970124591986,1062.1830624660215,5,0.0,0.0,0.0,0.2,0.8,0.0,0.8,1.6,2.6,0.6,0.0,0.8,565.0,-22.483000065758823
1328,2719744,5.600073685248693e-05,0.7842832326889038,6.810907061894735,0.004845381442767878,0.021609515099165342,0.1528309387465318,0.08134735375642776,0.8195823431015015,0.9383138020833334,513.3830865746546,3372.804392628219,567.602453006708,163.6047535219186,1062.1830624660215,3,0.0,0.0,0.0,0.0,1.0,0.0,0.3333333333333333,2.0,1.6666666666666667,0.6666666666666666,0.0,1.0,600.0,-23.921389083688457
1329,2721792,0.0025724365763987104,0.7336209833621978,6.813510084152222,0.03160412731813267,0.026539705115525673,0.18639025663336117,0.08160936087369919,0.8310686945915222,0.8644205729166666,513.4626260979766,3375.295528264309,568.0471861346814,163.72751512892137,1062.1830624660215,3,0.0,0.0,0.0,0.0,1.0,0.0,0.6666666666666666,2.0,2.3333333333333335,0.3333333333333333,0.0,1.0,600.0,-15.206111154519022
1330,2723840,0.0032707808966127533,0.8050993263721467,6.810714880625407,0.014402664351897935,0.05071210276025037,0.18724301755428313,0.1468600183725357,0.6786332130432129,0.9694010416666666,513.509208354433,3378.139818928248,568.4709070196332,163.8521453339199,1062.1830624660215,5,0.0,0.0,0.2,0.0,0.8,0.2,0.2,2.2,2.0,0.6,0.0,0.8,581.2,-15.970500160567463
1331,2725888,0.062119022780098024,0.7666600227355957,6.800926399230957,0.11390400317225916,0.07177260223931323,1.0464919904867809,0.1280713528394699,0.8906042575836182,0.90087890625,513.5755550999654,3380.8213458492683,568.8681360537012,163.97795425091317,1062.1830624660215,2,0.0,0.0,0.0,0.0,1.0,0.0,1.0,1.5,2.0,0.5,0.0,1.0,600.0,-29.427916932851076
1332,2727936,-0.00020896247200046975,0.9496669948101044,6.796021382013957,0.009572900325292722,0.02916095928909878,0.17320673068364462,0.13532835245132446,0.8993907570838928,0.9156901041666666,513.631717364633,3383.5501728253366,569.3190890067126,164.0933557649114,1062.1830624660215,5,0.0,0.0,0.0,0.2,0.8,0.0,0.6,2.2,3.0,0.2,0.0,0.8,588.6,-13.686166771594435
1333,2729984,0.0003728118948250388,0.8946011662483215,6.798106718063354,0.006325827680605774,0.016751260745028654,0.1718862553437551,0.12582334876060486,0.9877588748931885,0.93017578125,513.703490684506,3386.0807586163864,569.7754680047728,164.24213937290915,1062.1830624660215,1,0.0,0.0,0.0,0.0,1.0,0.0,0.0,2.0,1.0,1.0,0.0,1.0,600.0,-10.0
1334,2732032,-0.001244730642065406,2.1139005422592163,6.807769393920898,0.010625194944441318,0.022624943762396772,0.1659080055852731,-0.16719885170459747,1.465372920036316,0.8611653645833334,513.7649871268276,3388.7884522704553,570.1706899948404,164.36491145090986,1062.1830624660215,7,0.0,0.0,0.0,0.2857142857142857,0.7142857142857143,0.0,0.2857142857142857,1.2857142857142858,1.8571428571428572,1.4285714285714286,0.0,0.7142857142857143,539.8571428571429,-20.01559531096635
1335,2734080,-0.003670124275959097,2.3388381123542787,6.813726727167765,0.013327479491999838,0.06854996491068353,0.18613453805446625,-0.22415626049041748,1.636562466621399,0.8759765625,513.8097703083822,3391.6552910235114,570.5864075037753,164.5049043749168,1062.1830624660215,1,0.0,0.0,0.0,0.0,1.0,0.0,0.0,3.0,3.0,0.0,0.0,1.0,600.0,-15.075000114738941
1336,2736128,-0.0020133373793214558,2.9802520275115967,6.81717882156372,0.008500383855425753,0.03460837658494711,0.18894376282890638,-0.17412269115447998,1.6720361709594727,0.7150065104166666,513.8910505233026,3394.1795110694657,570.9632770459139,164.6290431109228,1062.1830624660215,5,0.0,0.0,0.0,0.6,0.4,0.0,0.6,0.8,2.2,1.2,0.4,0.4,583.0,-26.53066681958735
1337,2738176,-0.0006921480953072508,0.9014368236064911,6.821195411682129,0.006370544503442943,0.03146068745603164,0.18641173715392748,-0.08856283128261566,0.9960975050926208,0.9036458333333334,513.9533856629848,3396.837871599564,571.3997452459153,164.75652109592193,1062.1830624660215,3,0.0,0.0,0.0,0.0,1.0,0.0,0.6666666666666666,1.3333333333333333,3.0,1.0,0.0,1.0,600.0,-27.303333743475378
1338,2740224,-0.002244189443687598,1.4688748121261597,6.831335592269897,0.0085431698593311,0.03062507890475293,0.17216133922338486,0.27201107144355774,1.2346211671829224,0.7560221354166666,514.053751327115,3399.1887471615846,571.7776871869864,164.87214658492303,1062.1830624660215,3,0.0,0.0,0.0,0.3333333333333333,0.6666666666666666,0.0,0.6666666666666666,1.0,2.3333333333333335,1.3333333333333333,0.0,0.6666666666666666,557.3333333333334,-25.21250019936512
1339,2742272,-0.001519757443262885,0.4278996139764786,6.839642143249511,0.008600623079109937,0.025147995973626772,0.13161640365918478,-0.005357004702091217,0.6413121819496155,0.89697265625,514.12314790316,3401.753682806637,572.2258208800122,164.99803251892445,1062.1830624660215,5,0.0,0.0,0.0,0.0,1.0,0.0,0.0,1.8,2.0,1.0,0.2,1.0,600.0,-15.285000130534172
1340,2744320,-0.0028364166306952634,1.6264294624328612,6.841086149215698,0.017335291142808275,0.05546161215752363,0.18289180944363276,-0.18136084079742432,1.2970454692840576,0.7838541666666666,514.2134044982175,3404.144336873709,572.6496058831399,165.11453268992773,1062.1830624660215,4,0.0,0.0,0.0,0.5,0.5,0.0,0.75,0.75,2.0,1.5,0.0,0.5,529.0,-25.11979161342606
1341,2746368,-0.0031349450757261364,0.6698042809963226,6.840545431772868,0.015199008931328232,0.042879990426202615,0.17907085518042246,-0.0953947901725769,0.8292034268379211,0.7835286458333334,514.3160044612101,3406.3980556618044,573.0837094292074,165.2331882009239,1062.1830624660215,3,0.0,0.0,0.0,0.0,1.0,0.0,0.0,1.3333333333333333,1.6666666666666667,1.6666666666666667,0.0,1.0,600.0,-26.339722476589184
1342,2748416,-0.000449680196470581,0.6990954577922821,6.838967911402384,0.004844651401314574,0.011140350803422431,0.16537372196714084,0.21518217027187347,0.7908431887626648,0.9241536458333334,514.4168858079107,3408.7031543228586,573.4941285621899,165.3482055989225,1062.1830624660215,1,0.0,0.0,0.0,0.0,1.0,0.0,0.0,1.0,3.0,2.0,0.0,1.0,600.0,-30.07500039599836
1343,2750464,0.005095242101621504,1.1789193391799926,6.834141699473063,0.00993971866943563,0.028901468791688482,0.21832605178157488,0.06700780242681503,1.111133098602295,0.86328125,514.5073813025014,3411.1287780608254,573.8874719562009,165.46766231092624,1062.1830624660215,5,0.0,0.0,0.0,0.0,1.0,0.0,0.0,2.2,1.8,0.8,0.0,1.0,600.0,-18.085333537682892
1344,2752512,0.00022937849474449952,0.46606687009334563,6.827663898468018,0.007989159802794651,0.018326371427004537,0.1740989034374555,0.1468305140733719,0.7321812510490417,0.9147135416666666,514.5796977942919,3413.704081702883,574.3131162282734,165.5821723479312,1062.1830624660215,3,0.0,0.0,0.0,0.0,1.0,0.0,0.0,2.3333333333333335,2.3333333333333335,0.6666666666666666,0.0,1.0,600.0,-11.520000003899137
1345,2754560,0.03362738077994436,1.0822543799877167,6.81903486251831,0.04840276309017402,0.05765955048846081,0.4402514373262723,0.10356074571609497,1.126697301864624,0.8922526041666666,514.6504688173869,3416.2653047118947,574.7675588103011,165.69811977692734,1062.1830624660215,4,0.0,0.0,0.0,0.0,1.0,0.0,0.0,2.25,2.25,0.5,0.25,1.0,600.0,-7.5
1346,2756608,-0.0007510808238293976,0.8597253561019897,6.809715461730957,0.006715772705501877,0.02055951674313595,0.1549652693172296,-0.17282207310199738,0.9816110730171204,0.8824869791666666,514.7139192543564,3418.8689909259047,575.2084591493767,165.8612193099325,1062.1830624660215,4,0.0,0.0,0.0,0.0,1.0,0.0,0.25,2.25,2.5,0.5,0.0,1.0,600.0,-21.27333347965032
1347,2758656,-0.0013551594611878196,0.6791826337575912,6.8108440717061365,0.00780339016734312,0.029267517993381866,0.16923795118927956,-0.05717748403549194,0.8477845788002014,0.7775065104166666,514.8341413294273,3420.9277229239306,575.6468592153542,165.9814521449298,1062.1830624660215,3,0.0,0.0,0.0,0.0,1.0,0.0,0.0,1.6666666666666667,2.6666666666666665,1.0,0.3333333333333333,1.0,600.0,-20.202777835230034
1348,2760704,-0.0014276872194993,0.7647403210401535,6.807244857152303,0.00903017033318368,0.026168802396083872,0.14973193109035493,-0.12344367802143097,0.86823970079422,0.83544921875,514.9194725479483,3423.366337327934,576.0369570863331,166.11243314992316,1062.1830624660215,4,0.0,0.0,0.0,0.0,1.0,0.0,0.25,1.5,1.75,1.0,0.25,1.0,600.0,-23.249166872585192
1349,2762752,-0.002869973851920804,0.6083333253860473,6.806107727686564,0.019286714149833035,0.0491264585327978,0.1748049336175124,0.14428669214248657,0.8191631436347961,0.90283203125,514.9812126133356,3426.049557307946,576.4608368513145,166.23161529591744,1062.1830624660215,1,0.0,0.0,0.0,0.0,1.0,0.0,0.0,2.0,1.0,1.0,0.0,1.0,600.0,-39.94166685268283
1350,2764800,-0.0005642880316978941,0.6697336316108704,6.808374198277791,0.006671881322593738,0.02131493026390672,0.2049684869746367,-0.17667600512504578,0.906156063079834,0.8468424479166666,515.054193601167,3428.626105428928,576.8759999252215,166.3469481579159,1062.1830624660215,5,0.0,0.0,0.0,0.0,1.0,0.0,0.0,2.6,2.6,0.4,0.0,1.0,600.0,-11.282000039704144
1351,2766848,-0.00039101214109299085,0.3309971898794174,6.809258015950521,0.017963269273362434,0.020656174529964724,0.1761524093647798,0.04418941214680672,0.5648974776268005,0.8995768229166666,515.1220714627267,3431.2480793619106,577.2876586872226,166.46155642891244,1062.1830624660215,3,0.0,0.0,0.0,0.0,1.0,0.0,0.0,2.0,2.0,0.6666666666666666,0.3333333333333333,1.0,600.0,-18.391666894157726
1352,2768896,0.0007622253654214243,0.5026251643896102,6.8089447021484375,0.00558013566575634,0.014247965742833912,0.1643937644859155,0.20721550285816193,0.7260602116584778,0.91162109375,515.19602882894,3433.7772052029686,577.7226424752007,166.58300894290733,1062.1830624660215,4,0.0,0.0,0.0,0.0,1.0,0.0,0.0,2.0,1.75,0.75,0.25,1.0,600.0,-18.17500015674159
1353,2770944,0.003989703264232957,0.8429657578468323,6.802438465754191,0.008092959326071044,0.01293024829744051,0.19372176428635915,0.07388199120759964,0.9230872988700867,0.94140625,515.2618294645478,3436.423935993953,578.1284540681809,166.7023710699068,1062.1830624660215,5,0.0,0.0,0.0,0.2,0.8,0.0,0.0,2.0,1.8,1.0,0.0,0.8,556.6,-20.414666623808444
1354,2772992,1.88741289700071e-05,1.5912506461143494,6.803190851211548,0.018755650613456964,0.024140892464978,0.16734570413827896,-0.05732947215437889,1.3250219821929932,0.8951822916666666,515.3101150202546,3439.258575699969,578.5347906381066,166.82977538990963,1062.1830624660215,2,0.0,0.0,0.0,0.0,1.0,0.0,0.0,2.0,2.0,1.0,0.0,1.0,600.0,-15.355000118725002
1355,2775040,0.0063226180519753445,2.1316772580146788,6.809564669926961,0.04101762661399941,0.05284912744536996,0.24044807031750678,-0.18311496078968048,1.580992579460144,0.9095052083333334,515.3552098332013,3442.072125069979,578.9830785831655,166.9527436539065,1062.1830624660215,4,0.0,0.0,0.0,0.0,1.0,0.0,0.25,2.75,3.0,0.0,0.0,1.0,600.0,-22.669166675535962
1356,2777088,-0.00012357924909641346,0.1473747745156288,6.808588695526123,0.03503934266821792,0.04539919338033845,0.182812545945247,0.029035206884145737,0.4261202812194824,0.9065755208333334,515.4139149438815,3444.8289612099397,579.3663662342005,167.07645720390428,1062.1830624660215,2,0.0,0.0,0.0,0.0,1.0,0.0,0.0,2.0,3.0,0.0,1.0,1.0,600.0,-20.78916692920029
1357,2779136,0.001175394522336622,0.6228344082832337,6.809667253494263,0.015912580722942948,0.04966490537238618,0.18924332310756048,0.21102769672870636,0.7466782331466675,0.8697916666666666,515.4680121718736,3447.563241846852,579.7991542490709,167.2074599569023,1062.1830624660215,4,0.0,0.0,0.0,0.25,0.75,0.0,0.0,2.25,3.0,0.25,0.5,0.75,578.0,-18.9912502723746
1358,2781184,-0.0002594044121603171,1.9055524706840514,6.811656538645426,0.08347236309976627,0.027076938725076615,0.17205124571919442,-0.10751891881227493,1.395239233970642,0.8907877604166666,515.5191504410998,3450.3314875658325,580.2361109870908,167.33132772390672,1062.1830624660215,4,0.0,0.0,0.0,0.25,0.75,0.0,1.0,1.5,2.5,0.5,0.0,0.75,596.75,-22.411666655680165
1359,2783232,-0.0003570289816707373,0.4802582561969757,6.80749135017395,0.008641071668049942,0.017877338089359304,0.1662634218732516,0.0651455745100975,0.626209557056427,0.8889973958333334,515.5607684098231,3453.1688563657153,580.6689220290864,167.4816178119072,1062.1830624660215,4,0.0,0.0,0.0,0.0,1.0,0.0,0.5,2.0,2.5,0.5,0.0,1.0,600.0,-26.493125485721976
1360,2785280,0.001501234822596113,0.1225593440234661,6.804944451649984,0.009055900746413196,0.023958333333333335,0.17752835328380268,0.2523648738861084,0.358612060546875,1.0,515.6142594744344,3455.8872305777186,581.1325089170496,167.60121283390617,1062.1830624660215,3,0.0,0.0,0.0,0.0,1.0,0.0,0.0,3.0,3.0,0.0,0.0,1.0,600.0,-5.645000049533944
1361,2787328,0.010339288840380807,0.951918214559555,6.797466055552165,0.03192650089040398,0.06225281657340626,0.24412396301825842,0.10173868387937546,1.0024439096450806,0.96044921875,515.6684758551495,3458.6261043227205,581.5656496351075,167.71989575190673,1062.1830624660215,3,0.0,0.0,0.0,0.0,1.0,0.0,0.0,2.6666666666666665,1.6666666666666667,0.3333333333333333,0.0,1.0,600.0,-15.663333441130817
1362,2789376,-0.006390220570998887,1.8808932065963746,6.790694220860799,0.012275994250861308,0.08074962226673961,0.17344652935862542,-0.1453884094953537,1.4322865009307861,0.90185546875,515.7196340086917,3461.34117115166,582.0445906090681,167.84222526690428,1062.1830624660215,4,0.0,0.0,0.0,0.0,1.0,0.0,0.0,2.75,2.0,0.25,0.0,1.0,600.0,-16.233541767811403
1363,2791424,0.0007125636174653967,0.42826992869377134,6.789933474858602,0.01030865873132522,0.017096832068637012,0.15968841512997944,-0.00939092319458723,0.6407533288002014,0.9807942708333334,515.7675520352511,3464.150287245575,582.46567219602,167.9716315829064,1062.1830624660215,2,0.0,0.0,0.0,0.0,1.0,0.0,0.0,2.0,3.0,0.0,1.0,1.0,600.0,-29.554167228750885
1364,2793472,-0.0011330685190235575,0.775430154800415,6.784859069188436,0.004455820193591838,0.018089402133288482,0.14852654784917832,0.1405235230922699,0.8097124099731445,0.9820963541666666,515.8254387142476,3466.881355148551,582.8757088881102,168.09006446891,1062.1830624660215,4,0.0,0.0,0.0,0.25,0.75,0.0,0.5,2.25,2.5,0.25,0.0,0.75,570.25,-20.104583512060344
1365,2795520,-0.0009067798654238383,1.2134912967681886,6.78070247968038,0.01942634951750127,0.006723957310896367,0.1557449092467626,0.19572648406028748,1.0244860649108887,0.96337890625,515.8921619142683,3469.489455278541,583.2912229729991,168.2261714729102,1062.1830624660215,4,0.0,0.0,0.0,0.0,1.0,0.0,0.5,2.25,2.5,0.25,0.0,1.0,600.0,-17.140416735201143
1366,2797568,-0.002129981406809141,0.8029308199882508,6.782310819625854,0.005335138486164699,0.02390085548783342,0.1579713021715482,0.1295919269323349,0.9400801658630371,0.9523111979166666,515.9551287025164,3472.1641184175023,583.6950215159741,168.34851063091628,1062.1830624660215,4,0.0,0.0,0.0,0.0,1.0,0.0,0.0,2.5,1.5,0.5,0.0,1.0,600.0,-16.330000058049336
1367,2799616,-0.0024916363561108784,2.425511372089386,6.786019198099772,0.0050749427699580945,0.036063785556082924,0.17082358623544375,-0.12402027100324631,1.5798852443695068,0.9420572916666666,515.996297638001,3475.0298647224918,584.1234643459611,168.47525430691894,1062.1830624660215,3,0.0,0.0,0.0,0.3333333333333333,0.6666666666666666,0.0,0.6666666666666666,1.3333333333333333,2.3333333333333335,0.3333333333333333,0.6666666666666666,0.6666666666666666,597.6666666666666,-29.87555569037795
1368,2801664,0.06322173635659661,0.9332067847251893,6.78764762878418,0.05462517099222168,0.06581227681599558,0.6486851587891579,0.1886596828699112,0.9069617390632629,0.9762369791666666,516.0189594523964,3478.0273696704608,584.6027903159193,168.5990655799178,1062.1830624660215,60,0.0,0.25,0.0,0.25,0.75,0.05,0.9833333333333333,0.8666666666666667,2.7666666666666666,1.0833333333333333,nan,0.75,532.2833333333333,nan
1369,2803712,-0.0038394631759729237,2.718909978866577,6.792158857981364,0.03574746747035533,0.0504544025597473,0.1610468864440918,-0.3175068795681,1.6279478073120117,0.87890625,511.44710628103945,3480.9342154964543,585.0293995038883,168.7350579219201,1111.1296019360234,4,0.0,0.5,0.0,0.5,0.5,0.0,1.75,1.0,3.0,0.25,0.0,0.5,550.75,-20.70833334873896
1370,2805760,0.0009730512276291848,2.3006377935409548,6.799409166971842,0.011738298224130025,0.04458221032594641,0.1977667512993018,-0.21708202362060547,1.6246753931045532,0.8779296875,511.49295918995927,3483.8177453494427,585.4268745289446,168.86084840291733,1111.1296019360234,2,0.0,0.0,0.0,0.0,1.0,0.0,0.5,2.5,3.0,0.0,0.0,1.0,600.0,-15.440833471948281
1371,2807808,-0.000987539043611226,1.426156795024872,6.802778482437134,0.06740377418075999,0.046675464138388634,0.16590708742539087,0.05949518457055092,1.128277063369751,0.9309895833333334,511.54324516129617,3486.611408600402,585.852926829939,168.98383749891946,1111.1296019360234,5,0.0,0.2,0.0,0.2,0.8,0.0,0.8,1.6,3.0,0.2,0.4,0.8,560.4,-23.14466688875109
1372,2809856,0.005042472330387682,0.7734112292528152,6.804826434453329,0.010273076694769163,0.03769703513632218,0.2058480814099312,0.2653700113296509,0.8597081899642944,0.9664713541666666,511.59814146426976,3489.4209045574535,586.2301185919423,169.10991207891493,1111.1296019360234,2,0.0,0.0,0.0,0.0,1.0,0.0,0.0,2.5,2.0,0.5,0.0,1.0,600.0,-12.326249818317592
1373,2811904,-0.0015637549877283163,3.207875108718872,6.805750974019369,0.0071472984137168774,0.017051303184901674,0.17339495743314426,-0.11607833206653595,1.7644294500350952,0.8551432291666666,511.66657213178695,3492.010231228436,586.6521255559928,169.2531831619126,1111.1296019360234,6,0.0,0.3333333333333333,0.0,0.3333333333333333,0.6666666666666666,0.0,1.3333333333333333,1.5,2.6666666666666665,0.16666666666666666,0.0,0.6666666666666666,574.0,-19.74708340014331
1374,2813952,-0.0016343992669135333,1.2835535407066345,6.806423377990723,0.031875841040164235,0.02683762211042146,0.17897261306643486,0.023554014042019844,1.1367937326431274,0.9342447916666666,511.71284763767767,3494.8154444014144,587.1046844500524,169.38802562191267,1111.1296019360234,1,0.0,0.0,0.0,0.0,1.0,0.0,0.0,2.0,2.0,0.0,1.0,1.0,600.0,-40.37500120699406
1375,2816000,0.0031740277760642734,1.4022208213806153,6.804582277933757,0.01691597892495338,0.04424121553699176,0.19795570572217305,0.49476706981658936,1.2511560916900635,0.9130859375,511.75349184746517,3497.6515649293433,587.590450769072,169.50062123990938,1111.1296019360234,5,0.0,0.0,0.0,0.0,1.0,0.0,0.0,2.4,2.6,0.6,0.0,1.0,600.0,-12.504333432763815
1376,2818048,-0.0011631278379354627,1.510175633430481,6.80007201830546,0.01247076634511662,0.026707738967767607,0.167079658806324,-0.09553775936365128,1.1563012599945068,0.9178059895833334,511.78268809602633,3500.553688646316,588.0770162430417,169.66762168891,1111.1296019360234,3,0.0,0.0,0.0,0.3333333333333333,0.6666666666666666,0.0,1.6666666666666667,1.0,3.0,0.3333333333333333,0.0,0.6666666666666666,579.0,-24.19055581651628
1377,2820096,-0.0032208151804904144,1.947408175468445,6.8032340208689375,0.00802737968430544,0.034193925512954595,0.16978465964396794,-0.2734401524066925,1.357345700263977,0.9010416666666666,511.82397205400935,3503.3987514453183,588.5425069769772,169.790537015906,1111.1296019360234,2,0.0,0.0,0.0,0.0,1.0,0.0,0.5,2.5,3.0,0.0,0.0,1.0,600.0,-15.259999847970903
1378,2822144,-0.0016161431131574014,1.5713274717330932,6.804636637369792,0.005356151017864855,0.02431735515128821,0.1709193798402945,-0.1507217288017273,1.1869226694107056,0.9114583333333334,511.8724928730306,3506.1696970673074,589.0112333900179,169.9097349549047,1111.1296019360234,6,0.0,0.16666666666666666,0.0,0.16666666666666666,0.8333333333333334,0.0,1.5,1.3333333333333333,2.8333333333333335,0.0,0.16666666666666666,0.8333333333333334,596.3333333333334,-30.47777803017137
1379,2824192,0.0009092060577434798,1.228197193145752,6.807395998636881,0.008835076234148195,0.04429148947820068,0.18992911155025163,0.22845369577407837,1.105442762374878,0.9386393229166666,511.92969755942056,3508.9270543393723,589.4177181760388,170.03005800590472,1111.1296019360234,1,0.0,0.0,0.0,0.0,1.0,0.0,0.0,2.0,3.0,1.0,0.0,1.0,600.0,-18.421666806563735
1380,2826240,0.0009821223250279824,2.3113632440567016,6.811565764745077,0.01374527981194357,0.014998771979783972,0.1573131022353967,0.14751149713993073,1.4616979360580444,0.8849283854166666,511.9842799970098,3511.6794531053747,589.8402455061441,170.1466248729048,1111.1296019360234,6,0.0,0.0,0.0,0.0,1.0,0.0,0.3333333333333333,2.3333333333333335,2.6666666666666665,0.3333333333333333,0.0,1.0,600.0,-15.992777763322616
1381,2828288,0.004123421360660965,1.5050749063491822,6.812952852249145,0.016453390318201856,0.027959203456218044,0.18268059690793356,-0.20434026420116425,1.1734739542007446,0.9290364583333334,512.0337000822119,3514.51874859049,590.2461741611187,170.26825578590797,1111.1296019360234,2,0.0,0.5,0.0,0.5,0.5,0.0,2.0,0.5,1.5,0.0,0.5,0.5,576.0,-38.79500045767054
1382,2830336,-0.00071958633683001,0.6025696873664856,6.807070096333821,0.007380286907815995,0.038215437337445715,0.14783032685518266,0.23108699917793274,0.7644380331039429,0.9583333333333334,512.0791579707493,3517.3620894504493,590.6734885051264,170.38921657490573,1111.1296019360234,4,0.0,0.0,0.0,0.0,1.0,0.0,0.0,3.0,3.0,0.0,0.0,1.0,600.0,-12.250416917959228
1383,2832384,-0.00048037789141138393,1.6010172009468078,6.7991726716359455,0.004864777643039512,0.010763648878006885,0.15747888783613842,0.025114605203270912,1.3914830684661865,0.9327799479166666,512.1413794384616,3520.0522032264416,591.0774761721041,170.50996213990584,1111.1296019360234,4,0.0,0.0,0.25,0.0,0.75,0.0,0.0,2.5,1.5,0.0,0.5,0.75,464.5,-10.057500052498654
1384,2834432,-0.0035897045784319443,2.699618172645569,6.790762042999267,0.06648002031627888,0.03406737080852811,0.17423503696918488,-0.02229302190244198,1.6872944831848145,0.85205078125,512.2201276440031,3522.5527060704408,591.4991509151805,170.63010822690558,1111.1296019360234,2,0.0,0.0,0.0,0.0,1.0,0.0,0.0,2.5,3.0,0.5,0.0,1.0,600.0,-24.355000196956098
1385,2836480,0.012855125940404832,2.894637656211853,6.78634196917216,0.020893800409976394,0.08723416830568263,0.31362225537498795,-0.08005306124687195,1.8298163414001465,0.84228515625,512.3218373220028,3524.793527447495,591.918492348188,170.74877425690647,1111.1296019360234,5,0.0,0.2,0.0,0.2,0.8,0.0,1.0,1.6,1.8,0.0,0.4,0.8,582.2,-25.38566703358665
1386,2838528,-0.0016067337943241,0.8711774945259094,6.783801889419555,0.0115723859872863,0.009155689024676878,0.1854434423148632,0.014126504771411419,1.0111397504806519,0.7591145833333334,512.4235464621153,3527.0762925964664,592.3072072601135,170.86725851090887,1111.1296019360234,2,0.0,0.0,0.0,0.0,1.0,0.0,0.0,3.0,2.0,0.0,0.0,1.0,600.0,-8.52833328815177
1387,2840576,-0.00040500526811229067,2.8148435831069945,6.7885671297709145,0.009130042253915841,0.02347423098205278,0.19709100772937138,-0.0922001376748085,1.793512225151062,0.783203125,512.5085190979133,3529.511448894482,592.715461944179,170.98445349490794,1111.1296019360234,6,0.0,0.0,0.0,0.16666666666666666,0.8333333333333334,0.0,0.0,1.8333333333333333,1.8333333333333333,0.3333333333333333,0.8333333333333334,0.8333333333333334,585.3333333333334,-29.299861618240055
1388,2842624,-0.0018478046093756953,0.7217418193817139,6.793593660990397,0.03105710232096802,0.04821321781879912,0.17004026075204212,0.1528540849685669,0.8302583694458008,0.8541666666666666,512.5828496387317,3532.0158264374695,593.1576385942826,171.1100906569045,1111.1296019360234,3,0.0,0.0,0.0,0.3333333333333333,0.6666666666666666,0.0,0.0,1.6666666666666667,2.0,0.3333333333333333,1.0,0.6666666666666666,523.6666666666666,-24.61777805443853
1389,2844672,0.002735600967813904,0.6154496431350708,6.79234471321106,0.007804656975592176,0.03249492013516526,0.18463177482287088,0.2744397521018982,0.7672194838523865,0.9168294270833334,512.649946438848,3534.652752156486,593.5643962874019,171.2303989179054,1111.1296019360234,3,0.0,0.0,0.0,0.0,1.0,0.0,0.0,2.3333333333333335,2.0,0.3333333333333333,0.3333333333333333,1.0,600.0,-14.255000184600553
1390,2846720,0.0008801120488593976,1.1503186583518983,6.790603907903035,0.015636413210692503,0.02837738546077162,0.20507030313213667,-0.05258375033736229,1.1156986951828003,0.9542643229166666,512.6907989564961,3537.544373683457,593.9906098113643,171.34932092290546,1111.1296019360234,4,0.0,0.0,0.0,0.0,1.0,0.0,0.0,2.75,2.75,0.0,0.25,1.0,600.0,-17.30000027315691
1391,2848768,-0.0019266463874373584,2.082699704170227,6.792001024881999,0.005863889057460862,0.021264853658309827,0.16683012321591378,-0.25388044118881226,1.4055144786834717,0.8406575520833334,512.7365152718819,3540.358132746398,594.4372969783653,171.47675638490182,1111.1296019360234,2,0.0,0.0,0.0,0.0,1.0,0.0,1.0,2.0,3.0,0.0,0.0,1.0,600.0,-24.035000201081857
1392,2850816,-0.0025606919623290497,2.2363358974456786,6.7972191651662195,0.003998018579053072,0.021882364778624225,0.17094422976175944,-0.040606290102005005,1.479635238647461,0.8170572916666666,512.7954245692882,3543.051408068335,594.8588627484205,171.59971594490344,1111.1296019360234,5,0.0,0.2,0.0,0.2,0.8,0.0,1.6,1.2,2.8,0.0,0.2,0.8,563.0,-32.08366710199043
1393,2852864,-0.0011200831008409296,1.4440410614013672,6.800302505493164,0.00584492135385517,0.029501175810582935,0.17300362313787143,-0.032879915088415146,1.2294477224349976,0.94677734375,512.8106725917604,3546.1748475822606,595.312463017428,171.72443934190233,1111.1296019360234,2,0.0,0.0,0.0,0.0,1.0,0.0,1.5,1.5,3.0,0.0,0.0,1.0,600.0,-28.855000065406784
1394,2854912,-0.002987668277637567,2.854291844367981,6.805745077133179,0.005146573964642205,0.04010543890763074,0.1938935617605845,-0.13632546365261078,1.702248215675354,0.8777669270833334,512.8268500904422,3549.28477759425,595.7612202093442,171.84977823490044,1111.1296019360234,6,0.0,0.3333333333333333,0.0,0.3333333333333333,0.6666666666666666,0.0,1.3333333333333333,1.6666666666666667,2.6666666666666665,0.0,0.0,0.6666666666666666,553.8333333333334,-25.994305721794564
1395,2856960,-0.0010433734045363964,2.022093415260315,6.814852650960287,0.004571706177375745,0.015151095980157455,0.2153739298383395,-0.11675724387168884,1.4402105808258057,0.8045247395833334,512.9030594808247,3551.8093394741154,596.1703357863444,171.97956015589443,1111.1296019360234,2,0.0,1.0,0.0,1.0,0.0,0.0,3.0,0.0,3.0,0.0,0.0,0.0,526.0,-36.19500005012378
1396,2859008,0.00175578185201933,1.9998652338981628,6.818905512491862,0.0172341038492353,0.01794435827371975,0.17545805449287097,0.047136519104242325,1.3836617469787598,0.8419596354166666,512.9734954520046,3554.4194230770736,596.5637633132283,172.09521998489072,1111.1296019360234,5,0.0,0.4,0.0,0.6,0.4,0.0,1.6,1.0,2.2,0.0,0.4,0.4,518.8,-28.567000140063463
1397,2861056,-0.00040875811828300357,3.0932554721832277,6.819255542755127,0.019042676312771314,0.024731835598746935,0.18999623035391172,-0.3656388521194458,1.7880314588546753,0.8746744791666666,513.0272115622433,3557.1098350910834,597.0380169582422,172.21579638189723,1111.1296019360234,5,0.0,0.6,0.0,0.8,0.2,0.0,2.4,0.2,2.4,0.2,0.2,0.2,467.4,-28.93250003308058
1398,2863104,-0.00021392019116319715,2.1681430101394654,6.823567120234172,0.007229600850647936,0.033481163616913064,0.17510561471184094,-0.03894836828112602,1.490296483039856,0.7765299479166666,513.1019164948113,3559.598793971025,597.4979738821639,172.3305706658939,1111.1296019360234,3,0.0,0.3333333333333333,0.0,0.3333333333333333,0.6666666666666666,0.0,2.3333333333333335,0.6666666666666666,3.0,0.0,0.0,0.6666666666666666,537.0,-38.9808339853771
1399,2865152,0.010402770835207775,1.8162567615509033,6.8240808010101315,0.015095624457656717,0.06059503781919678,0.3551813301940759,-0.11175990849733353,1.3171665668487549,0.88671875,513.1555084880113,3562.3371395309878,597.9314260412139,172.4499432388984,1111.1296019360234,5,0.0,0.2,0.2,0.4,0.4,0.0,1.4,1.2,1.8,0.0,0.4,0.4,436.6,-23.22016682019457
1400,2867200,-0.0017732440785039217,2.7948547840118407,6.819820340474447,0.01210536944854539,0.0415453086917599,0.18209658786654473,-0.29543641209602356,1.7430278062820435,0.76220703125,513.2222048194761,3564.9413744399862,598.3622886081939,172.56778801789187,1111.1296019360234,2,0.0,0.0,0.0,0.5,0.5,0.0,1.0,1.5,2.5,0.0,0.5,0.5,514.5,-25.150833243504167
1401,2869248,0.001304377627093345,2.2956029176712036,6.822634077072143,0.00957894912668659,0.0357582915496702,0.19947195947170257,-0.12847928702831268,1.4853473901748657,0.80859375,513.2764727507865,3567.661573906007,598.7892135382135,172.69326296089275,1111.1296019360234,8,0.0,0.625,0.0,0.875,0.125,0.0,2.5,0.25,2.75,0.0,0.25,0.125,498.75,-36.62739619251806
1402,2871296,-0.000773557370606189,2.4342975854873656,6.823399035135905,0.011509671932435595,0.04427115747239441,0.17049255644281705,-0.1519758403301239,1.5702476501464844,0.8455403645833334,513.3339462902107,3570.3415738600233,599.213753446209,172.8172822248889,1111.1296019360234,3,0.0,0.3333333333333333,0.0,1.0,0.0,0.0,2.3333333333333335,0.0,2.3333333333333335,0.0,0.6666666666666666,0.0,348.0,-30.94166669808328
1403,2873344,-0.00032374556224870805,1.707948911190033,6.827616882324219,0.008896472027602915,0.028502037515863776,0.17247077350815138,0.47651201486587524,1.2361348867416382,0.8562825520833334,513.3811342109141,3573.124795722986,599.6549492202685,172.9483544788891,1111.1296019360234,4,0.0,0.0,0.0,0.0,1.0,0.0,0.75,2.0,3.0,0.25,0.0,1.0,600.0,-15.941250208183192
1404,2875392,-0.002098531916271895,3.2391183376312256,6.83057975769043,0.020815332770871463,0.029607971870185188,0.1961190807322661,-0.21317897737026215,1.964660882949829,0.7835286458333334,513.4444767023463,3575.781258247953,600.0665325132286,173.07121384489437,1111.1296019360234,2,0.0,0.5,0.0,0.5,0.5,0.0,2.0,1.0,3.0,0.0,0.0,0.5,559.5,-26.78250023489818
1405,2877440,-0.0018029988820975026,2.035046136379242,6.833937390645345,0.005935806546282644,0.025003042871442935,0.1836839161813259,-0.006976359058171511,1.4718339443206787,0.6689453125,513.5249809075335,3578.2457139548715,600.4811743592581,173.18824507089448,1111.1296019360234,5,0.0,0.4,0.0,0.4,0.6,0.0,1.6,1.2,2.8,0.0,0.2,0.6,594.4,-36.29200072027743
1406,2879488,-0.0011214280394293988,2.1002639532089233,6.83594586054484,0.028217107259357967,0.03063775720850875,0.18905990148584048,0.2062419205904007,1.4514727592468262,0.87353515625,513.5726452949204,3581.0555907478993,600.918777979241,173.2977465268923,1111.1296019360234,3,0.0,0.3333333333333333,0.0,0.3333333333333333,0.6666666666666666,0.0,1.6666666666666667,0.6666666666666666,3.0,0.0,0.6666666666666666,0.6666666666666666,522.3333333333334,-35.35083390430858
1407,2881536,-0.001661761539677779,2.786538338661194,6.84005004564921,0.04732269276670801,0.0111449172332262,0.1708855425318082,-0.037257369607686996,1.7700388431549072,0.7687174479166666,513.6385306948915,3583.668427361874,601.3409830611126,173.41211201889382,1111.1296019360234,4,0.0,0.75,0.0,0.75,0.25,0.0,2.75,0.25,3.0,0.0,0.0,0.25,490.75,-31.274375051492825
1408,2883584,-0.0014799295478345206,1.9467787623405457,6.844475142161051,0.1539597678560919,0.040178465719024344,0.20598888372381527,0.2314763069152832,1.3768943548202515,0.7794596354166666,513.7256143589265,3586.0500912178977,601.7656790561232,173.52688215089438,1111.1296019360234,4,0.0,0.0,0.0,0.0,1.0,0.0,1.5,1.25,2.75,0.0,0.25,1.0,600.0,-27.07937535957899
1409,2885632,-0.0020453436988949153,2.7660958766937256,6.8481948216756185,0.007009752597271776,0.013533589042102298,0.1881707782546679,-0.21137474477291107,1.564466953277588,0.8098958333333334,513.8048344192864,3588.5479314699332,602.162378989131,173.64474125489505,1111.1296019360234,3,0.0,0.3333333333333333,0.0,0.6666666666666666,0.3333333333333333,0.0,2.3333333333333335,0.3333333333333333,2.0,0.0,0.3333333333333333,0.3333333333333333,527.0,-37.16944467586776
1410,2887680,-0.0019942673738114537,2.4673959732055666,6.854677232106527,0.007187913994130213,0.02679250456082324,0.18328986391425134,-0.19742274284362793,1.5455291271209717,0.8077799479166666,513.8564902263497,3591.28679073495,602.5914529411675,173.77366334889666,1111.1296019360234,5,0.0,0.6,0.0,0.6,0.4,0.0,2.4,0.4,2.4,0.0,0.2,0.4,495.6,-33.736500290036204
1411,2889728,-0.0022357539040967823,2.640055012702942,6.856762297948202,0.013001666259757865,0.02454444414470345,0.1890496884783109,0.02245044708251953,1.639449119567871,0.8040364583333334,513.9186443183951,3593.940824518977,603.0109235702257,173.8886559718958,1111.1296019360234,3,0.0,0.0,0.0,0.0,1.0,0.0,1.6666666666666667,1.3333333333333333,3.0,0.0,0.0,1.0,600.0,-21.63333349954337
1412,2891776,0.0016055493867800882,1.4541455626487731,6.856387758255005,0.010956451110541821,0.03788314014673233,0.2163986658056577,-0.007726858835667372,1.2153071165084839,0.740234375,513.983011538429,3596.5862711269656,603.4173566532336,174.0085185578937,1111.1296019360234,4,0.0,0.25,0.0,0.25,0.75,0.0,2.0,1.0,3.0,0.0,0.0,0.75,561.0,-32.557708881096914
1413,2893824,-0.003007279165710012,2.502130961418152,6.857815567652384,0.07772334273516511,0.05845465091212342,0.19666159351666768,0.11776988208293915,1.6019446849822998,0.8391927083333334,514.0552159589223,3599.0971369560066,603.8513634932824,174.14184563589515,1111.1296019360234,2,0.0,0.0,0.0,0.0,1.0,0.0,1.5,1.5,2.0,0.0,0.0,1.0,600.0,-24.658750152913854
1414,2895872,-0.003255807606547023,1.4279457688331605,6.860395415623983,0.013865573583946874,0.054708462790586054,0.19965003778537113,-0.027037661522626877,1.2020440101623535,0.7312825520833334,514.1320162840782,3601.582304860007,604.2714912902666,174.26490262789594,1111.1296019360234,5,0.0,0.2,0.0,0.2,0.8,0.0,1.4,1.2,2.6,0.0,0.4,0.8,564.4,-26.46216673627496
1415,2897920,-0.003239482887632524,2.318059802055359,6.864019123713176,0.017913042497821153,0.051189967601870494,0.17507683510581654,0.13252012431621552,1.6153794527053833,0.8230794270833334,514.1883035706669,3604.2925345860713,604.6924270572563,174.3863536098943,1111.1296019360234,3,0.0,0.0,0.0,0.0,1.0,0.0,1.0,1.3333333333333333,2.3333333333333335,0.0,0.6666666666666666,1.0,600.0,-32.47527848246197
1416,2899968,0.0002457633032463491,1.4279601454734803,6.862726306915283,0.06218897902096311,0.026429315842688084,0.2062792291243871,0.38898390531539917,1.2992455959320068,0.82666015625,514.248720757212,3606.9592901730357,605.1204485382841,174.50568578289676,1111.1296019360234,4,0.0,0.0,0.0,0.0,1.0,0.0,0.25,2.75,2.5,0.0,0.0,1.0,600.0,-11.749375143670477
1417,2902016,0.002636427357113765,0.8426960170269012,6.859219535191854,0.01832783835319181,0.03171514798887074,0.17686035012205442,0.2735902965068817,0.8233928680419922,0.92138671875,514.2967331003704,3609.783386259056,605.5175697803425,174.62480762689665,1111.1296019360234,60,0.0,0.0,0.0,0.3333333333333333,0.6666666666666666,0.08333333333333333,1.05,0.8666666666666667,2.683333333333333,0.95,nan,0.8166666666666667,542.9,nan
1418,2904064,-0.001151797811811169,0.8939078390598297,6.8532401402791345,0.05796579178665221,0.0488572178563724,0.17745086227854093,0.7328354120254517,0.8776528239250183,0.9293619791666666,510.0076333953881,3612.7047813199315,605.9668474203427,174.74634322689963,1158.9694446810245,4,0.0,0.0,0.0,0.0,1.0,0.0,0.5,2.25,2.75,0.0,0.25,1.0,600.0,-15.316666770260781
1419,2906112,0.01102624178941672,2.4512213468551636,6.843063640594482,0.06255482072010636,0.04028366149092714,0.25901441474755604,0.07687569409608841,1.603273630142212,0.8929036458333334,510.04323563370434,3615.66060647399,606.3925218473305,174.8674756078981,1158.9694446810245,3,0.0,0.0,0.0,0.0,1.0,0.0,0.0,3.0,2.3333333333333335,0.0,0.0,1.0,600.0,-11.317777724936604
1420,2908160,0.0034189383926180503,4.964415168762207,6.834859784444173,0.02727696569248413,0.02774937937501818,0.20672415072719255,-0.34079214930534363,2.3608529567718506,0.837890625,510.10401003538647,3618.3811268610734,606.7849135553915,174.98558516590128,1158.9694446810245,4,0.0,0.0,0.0,0.25,0.75,0.0,0.75,0.75,1.75,0.25,1.25,0.5,405.75,-29.57500013196841
1421,2910208,0.0008435076219029724,1.4211669445037842,6.834452438354492,0.024520106298465787,0.05175486842247968,0.20490393688281378,0.10931951552629471,1.2189635038375854,0.8196614583333334,510.1706179498418,3621.027529996143,607.1844062904202,175.10477377090137,1158.9694446810245,5,0.0,0.0,0.0,0.0,1.0,0.0,1.2,1.8,3.0,0.0,0.0,1.0,600.0,-23.010500401444734
1422,2912256,-0.0017256961805590739,0.5709055066108704,6.840047407150268,0.013958064618054777,0.033187109511345625,0.1666013702750206,0.13144968450069427,0.6877231001853943,0.900390625,510.22069005120386,3623.842046850128,607.5969879004624,175.22726841989788,1158.9694446810245,2,0.0,0.0,0.0,0.0,1.0,0.0,1.0,1.5,2.5,0.0,0.5,1.0,600.0,-31.667917064391077
1423,2914304,0.01402448308217572,1.509204089641571,6.840382258097331,0.03416490108356811,0.06527005021926016,0.3724782613416513,0.002477169968187809,1.3139969110488892,0.9069010416666666,510.2669937249222,3626.6349813681736,608.0546930015771,175.34709984789515,1158.9694446810245,5,0.0,0.0,0.2,0.0,0.8,0.0,0.0,2.6,1.8,0.0,0.4,0.8,491.2,-14.704000189155341
1424,2916352,0.004073594106982151,1.8280791878700255,6.833684921264648,0.018548354471568017,0.039021059917286036,0.22636792386571566,0.0553516149520874,1.4934203624725342,0.8527018229166666,510.3222450899732,3629.372404979258,608.4894323925691,175.4575149358934,1158.9694446810245,3,0.0,0.0,0.0,0.0,1.0,0.0,0.3333333333333333,2.6666666666666665,3.0,0.0,0.0,1.0,600.0,-20.27750002189229
1425,2918400,-0.00035208604919413725,0.6210024058818817,6.830102475484212,0.003670000251925861,0.013513110158964992,0.16172736311952274,0.07231499999761581,0.7848612070083618,0.8523763020833334,510.3804521941361,3632.036470315201,608.9467046816062,175.58676030889183,1158.9694446810245,3,0.0,0.0,0.0,0.0,1.0,0.0,0.0,2.6666666666666665,2.6666666666666665,0.0,0.3333333333333333,1.0,600.0,-20.287777814703684
1426,2920448,-0.0021946839968829106,1.2926899671554566,6.83196652730306,0.00786967596844382,0.034475281337896985,0.1786529359718164,-0.014469326473772526,1.178077220916748,0.9158528645833334,510.44785800785775,3634.639705240239,609.3653598276287,175.70868942989182,1158.9694446810245,4,0.0,0.0,0.0,0.0,1.0,0.0,0.0,2.25,1.75,0.0,0.75,1.0,600.0,-30.496875657700002
1427,2922496,-0.0033428337512305005,4.560315561294556,6.840774647394816,0.07305118112611429,0.05614626581470172,0.18184152940909068,-0.5479344129562378,2.2266178131103516,0.80810546875,510.5260777664277,3637.15234286325,609.7689469776669,175.82360796788998,1158.9694446810245,3,0.0,0.0,0.0,0.0,1.0,0.0,1.0,2.0,2.3333333333333335,0.0,0.0,1.0,600.0,-28.61166704058026
1428,2924544,-0.0027319236968954405,3.5799002408981324,6.846938133239746,0.011309308519897362,0.0482776321315517,0.19753141154845555,-0.20370495319366455,2.1061923503875732,0.736328125,510.60342951332154,3639.6570511512473,610.1765942417405,175.94458542989014,1158.9694446810245,4,0.0,0.0,0.0,0.25,0.75,0.0,1.0,1.25,2.5,0.25,0.5,0.75,593.25,-34.08166706422344
1429,2926592,-0.00255572022870183,1.2230589985847473,6.854247967402141,0.009103435650467872,0.040922633023001254,0.16997475773096085,0.1254623979330063,1.0275874137878418,0.8870442708333334,510.6387661905591,3642.5525919512875,610.6446749667448,176.07850030288682,1158.9694446810245,3,0.0,0.0,0.0,0.0,1.0,0.0,0.3333333333333333,1.0,2.6666666666666665,0.0,1.6666666666666667,1.0,600.0,-50.06666769956549
1430,2928640,0.003451395255009023,3.3667136907577513,6.859301805496216,0.010760187737954159,0.026496201450936497,0.19263057336211203,-0.09472004324197769,1.908595323562622,0.8883463541666666,510.69270338323986,3645.2472945003756,611.1140034408163,176.1982741808897,1158.9694446810245,4,0.0,0.0,0.0,0.0,1.0,0.0,0.75,2.25,3.0,0.0,0.0,1.0,600.0,-30.853750285576098
1431,2930688,0.001033208138687769,0.6862017989158631,6.851309235890707,0.009983525320421904,0.03007607915593932,0.1577451005578041,0.3475218415260315,0.8006600141525269,0.875,510.7422687806158,3647.9765919194106,611.5982396608306,176.32295967289247,1158.9694446810245,3,0.0,0.0,0.0,0.0,1.0,0.0,0.0,3.0,3.0,0.0,0.0,1.0,600.0,-17.76999986730516
1432,2932736,0.0012390588216173151,1.3812804102897644,6.847618420918782,0.015005870782018368,0.02232056817350288,0.17313397998611132,0.06921252608299255,1.163751244544983,0.92041015625,510.7821261826773,3650.773244898439,612.0887283967822,176.4770077278954,1158.9694446810245,2,0.0,0.0,0.0,0.0,1.0,0.0,0.0,1.5,1.5,0.0,1.5,1.0,600.0,-37.72500090301037
1433,2934784,-0.0009189410833641886,1.6197390913963319,6.8454769929250086,0.017358383734244854,0.04238842255435884,0.19263584266106287,0.3196786344051361,1.4360921382904053,0.8948567708333334,510.8527679353523,3653.3376762094485,612.5035855427559,176.59616036988882,1158.9694446810245,5,0.0,0.0,0.0,0.0,1.0,0.0,0.0,3.0,2.6,0.0,0.0,1.0,600.0,-18.659333606250584
1434,2936832,0.0018774080400665602,0.8501707136631012,6.846802838643392,0.010163196845678613,0.029266035296798994,0.19825299109021824,-0.16491660475730896,0.9440686106681824,0.8387044270833334,510.94139721253987,3655.690459800375,612.9336512117588,176.71430219488684,1158.9694446810245,3,0.0,0.0,0.0,0.0,1.0,0.0,0.3333333333333333,2.0,2.3333333333333335,0.0,0.6666666666666666,1.0,600.0,-26.98083365553369
1435,2938880,-0.0011117269285023212,1.9678032517433166,6.845309162139893,0.007110039901454002,0.015329446787169824,0.15848983774582545,-0.05327106639742851,1.3409656286239624,0.8821614583333334,511.0087589485834,3658.3274715893567,613.3151704917909,176.8364932298864,1158.9694446810245,5,0.0,0.0,0.0,0.2,0.8,0.0,0.0,2.2,2.2,0.0,0.8,0.8,550.0,-25.021500326879323
1436,2940928,-0.0009532249920691053,1.0467787444591523,6.846267890930176,0.040437264359206894,0.03610445074737072,0.1859761546055476,0.02569296583533287,1.0596859455108643,0.9501953125,511.10204922144834,3660.6479642894483,613.7142681197874,176.9716784808843,1158.9694446810245,3,0.0,0.0,0.3333333333333333,0.0,0.6666666666666666,0.0,0.0,2.3333333333333335,1.6666666666666667,0.0,0.6666666666666666,0.6666666666666666,423.3333333333333,-20.06194456371789
1437,2942976,-0.0024693737669925515,1.0662719786167145,6.84616003036499,0.005952547851484269,0.035356619449642794,0.1821004033088684,-0.23608028888702393,1.09174644947052,0.9091796875,511.2067978736458,3662.8194014194887,614.1255530647395,177.09992761088506,1158.9694446810245,4,0.0,0.0,0.0,0.0,1.0,0.0,0.0,2.75,1.75,0.0,0.25,1.0,600.0,-26.07687568757683
1438,2945024,0.00013874802583207685,1.8151226043701172,6.848850647608439,0.02218569530620395,0.0077085259991387526,0.18716498116652172,0.1565135419368744,1.5107802152633667,0.81396484375,511.29265125805466,3665.1915005704504,614.556753089746,177.2174193218816,1158.9694446810245,4,0.0,0.0,0.0,0.0,1.0,0.0,0.0,2.75,1.75,0.0,0.25,1.0,600.0,-21.57583387498744
1439,2947072,-0.002614162644992272,2.0666347980499267,6.85366678237915,0.07624520758278473,0.0405005039802442,0.18138454779982566,-0.24399252235889435,1.599428415298462,0.7527669270833334,511.3836668543724,3667.5354656394775,614.9675853627268,177.34170839087892,1158.9694446810245,2,0.0,0.0,0.0,0.5,0.5,0.0,0.0,1.0,1.5,0.5,1.5,0.5,481.5,-26.68250025017187
1440,2949120,-0.0019732655685705445,0.6898454487323761,6.856891520818075,0.025132176824263296,0.026788286329247058,0.16836107795437177,0.2896917462348938,0.7804470658302307,0.9142252604166666,511.4294455984538,3670.396481999356,615.3559434506897,177.46606557687483,1158.9694446810245,5,0.0,0.0,0.0,0.2,0.8,0.0,0.0,2.0,2.6,0.2,0.8,0.8,593.0,-29.938500379864127
1441,2951168,0.0116152048499013,1.8565393686294556,6.851178073883057,0.020762828136988296,0.02825307466943438,0.2559966936707497,-0.15820646286010742,1.4950546026229858,0.8636067708333334,511.4790670702894,3673.1509806063914,615.8074161426484,177.59330961087835,1158.9694446810245,2,0.0,0.0,0.0,0.0,1.0,0.0,0.0,3.0,3.0,0.0,0.0,1.0,600.0,-18.06583343958482
1442,2953216,0.00037560746228943267,2.704132652282715,6.846783431371053,0.008835842299352711,0.018128116242587568,0.18115819121400514,-0.24246709048748016,1.7455191612243652,0.8351236979166666,511.5389445366252,3675.865540446255,616.1912609076462,177.71247885288176,1158.9694446810245,5,0.0,0.0,0.0,0.2,0.8,0.0,0.0,2.2,2.4,0.2,0.6,0.8,595.8,-24.10200037397444
1443,2955264,-0.0017594827998739977,1.3639549136161804,6.853473567962647,0.0052534392297578355,0.026720430833908418,0.18600342373053233,0.1247432678937912,1.2289711236953735,0.7508138020833334,511.61617236814357,3678.352394642272,616.6141340106697,177.8330407818794,1158.9694446810245,2,0.0,0.0,0.0,0.0,1.0,0.0,0.0,2.5,2.5,0.0,0.5,1.0,600.0,-27.221666862489656
1444,2957312,-0.0014772720848365377,2.5369699001312256,6.863097365697225,0.0036377363590872846,0.011258473934140057,0.16597382326920826,0.02609623409807682,1.7234046459197998,0.7853190104166666,511.7221502968783,3680.5296728293397,617.0090465596659,177.95202070788218,1158.9694446810245,5,0.0,0.0,0.0,0.4,0.6,0.0,0.0,1.4,2.0,0.6,1.0,0.6,561.4,-24.338000309839845
1445,2959360,-0.001174312742902354,2.3524363040924072,6.866961081822713,0.010178648093521285,0.01511408508910487,0.19729017714659372,0.014113049954175949,1.664535403251648,0.7635091145833334,511.85168052945335,3682.5278499583364,617.3468684397012,178.0566208018863,1158.9694446810245,4,0.0,0.0,0.0,0.5,0.5,0.0,0.0,1.25,2.0,0.75,1.0,0.5,550.5,-22.74583351612091
1446,2961408,0.0014061963530063318,0.8553025186061859,6.866420237223307,0.014253944267208378,0.0567962029017508,0.19628552173574765,0.44240331649780273,0.9394804835319519,0.7921549479166666,511.9856230518371,3684.451528141326,617.7057468366911,178.16708918988297,1158.9694446810245,4,0.0,0.0,0.0,0.25,0.75,0.0,0.0,2.0,1.75,0.25,0.75,0.75,534.25,-15.507291812682524
1447,2963456,-0.0024504317125926415,1.1568355083465576,6.862593269348144,0.008419653470627963,0.06623307426925748,0.20758711025118828,0.23449565470218658,1.1052227020263672,0.79931640625,512.1108981376317,3686.4666639953502,618.0661332436212,178.27961240488366,1158.9694446810245,3,0.0,0.0,0.0,0.3333333333333333,0.6666666666666666,0.0,0.0,1.6666666666666667,2.3333333333333335,0.6666666666666666,0.6666666666666666,0.6666666666666666,535.6666666666666,-18.900000140070915
1448,2965504,0.0028510982481141883,0.8367225825786591,6.857980585098266,0.01516003204548421,0.06502375331086417,0.2037556365132332,0.13296079635620117,0.871113121509552,0.8658854166666666,512.2213188775509,3688.675786912383,618.4108915145844,178.38304416188475,1158.9694446810245,2,0.0,0.0,0.0,0.0,1.0,0.0,0.0,2.5,2.5,0.0,0.5,1.0,600.0,-15.325000187382102
1449,2967552,0.00935695164759333,2.6297619342803955,6.8541792869567875,0.0998858270002529,0.057457244799782835,0.24476967031757038,-0.19565461575984955,1.7325104475021362,0.8556315104166666,512.326080634351,3690.8712399904034,618.8017230596306,178.49003136688407,1158.9694446810245,6,0.0,0.0,0.0,0.0,1.0,0.0,0.0,2.3333333333333335,2.1666666666666665,0.16666666666666666,0.5,1.0,600.0,-18.142500318586826
1450,2969600,-0.0024628655596946676,1.362527859210968,6.8510793050130205,0.048362535207221904,0.047966712616228806,0.18740510965387028,0.16957347095012665,1.1858850717544556,0.7766927083333334,512.4716500904624,3692.6350521103814,619.1876001256387,178.6019043718843,1158.9694446810245,3,0.0,0.0,0.0,0.6666666666666666,0.3333333333333333,0.0,0.0,1.0,2.0,1.0,1.0,0.3333333333333333,462.0,-20.0
1451,2971648,-0.0013658072838249305,0.9578513503074646,6.856934626897176,0.12681239126056124,0.036320634419098496,0.16503301709890367,0.33530622720718384,0.8738552927970886,0.8310546875,512.6067647799232,3694.555273219361,619.5377991566056,178.71004197787988,1158.9694446810245,2,0.0,0.0,0.0,0.5,0.5,0.0,0.0,1.5,2.5,1.0,0.5,0.5,598.5,-15.0
1452,2973696,0.00038515837319816153,0.6432079374790192,6.86523331006368,0.01014947033302936,0.024529128630335132,0.17675202389558156,0.2775900065898895,0.7740532755851746,0.9246419270833334,512.7102608117215,3696.7924147012527,619.9075851956513,178.82336357787426,1158.9694446810245,5,0.0,0.0,0.0,0.0,1.0,0.0,0.0,2.2,2.0,0.2,0.6,1.0,600.0,-14.580166806280612
1453,2975744,-0.0014197139491443523,5.183628702163697,6.873287105560303,0.00825695415842347,0.03408635877228031,0.17002574528257053,-0.4414132535457611,2.436922788619995,0.8181966145833334,512.8477999783248,3698.6491625463023,620.2883921416287,178.92808986987802,1158.9694446810245,4,0.0,0.0,0.0,0.5,0.5,0.0,0.0,1.25,2.5,1.25,0.5,0.5,493.25,-18.48125003837049
1454,2977792,0.09408928709259877,3.715410304069519,6.874975426991781,0.06294226968699755,0.07566039583956202,0.9483447556694349,-0.11152715235948563,1.9187637567520142,0.908203125,512.9810776963018,3700.3868479292723,620.819942926646,179.0360203548771,1158.9694446810245,5,0.0,0.0,0.0,0.6,0.4,0.0,0.0,0.6,1.4,1.6,0.8,0.4,527.0,-33.34633342986926
1455,2979840,-0.0005566466716118157,4.3496918201446535,6.86858115196228,0.01860335748400151,0.016592140472494066,0.18614143754045168,-0.4926786422729492,2.156416893005371,0.8976236979166666,513.1359763844114,3702.0658600661845,621.1768322476419,179.1445467538797,1158.9694446810245,4,0.0,0.0,0.0,0.75,0.25,0.0,0.0,0.75,1.5,1.75,0.5,0.25,490.75,-30.624583543743938
1456,2981888,0.004282701620832085,2.2611085176467896,6.862873045603434,0.022242811558923374,0.04137289604792992,0.20690969551603,0.20091736316680908,1.4502907991409302,0.92919921875,513.2444177321246,3704.252363399217,621.5510397066464,179.24952084488177,1158.9694446810245,4,0.0,0.0,0.0,0.5,0.5,0.0,1.0,1.0,1.5,1.0,0.0,0.5,532.25,-28.739583434420638
1457,2983936,-0.0015765778254717589,1.721003007888794,6.861330874760946,0.013428779765187452,0.0433375343757992,0.17282087877392768,0.12130679190158844,1.310454249382019,0.9788411458333334,513.3434796284288,3706.5258860062895,621.9334235916467,179.363779008876,1158.9694446810245,3,0.0,0.0,0.0,1.0,0.0,0.0,0.0,0.0,3.0,3.0,0.0,0.0,411.6666666666667,-32.59277749899775
1458,2985984,0.002001825954175729,5.377849817276001,6.861844746271769,0.009352995338849724,0.02596761571864287,0.20356067965428035,-0.5048233866691589,2.3865718841552734,0.9186197916666666,513.4536977158705,3708.665012326266,622.3130148145792,179.48372353187733,1158.9694446810245,5,0.0,0.2,0.0,0.8,0.2,0.0,0.8,0.2,2.6,2.0,0.0,0.2,513.6,-34.90583335775882
1459,2988032,0.003931437531718984,1.7633650302886963,6.858412043253581,0.018227233094512484,0.03609872191057851,0.18136502181490263,0.04121876880526543,1.3968738317489624,0.908203125,513.5806569025722,3710.666613429319,622.6618528725667,179.58744771887723,1158.9694446810245,3,0.0,0.0,0.0,0.6666666666666666,0.3333333333333333,0.0,0.0,1.0,2.3333333333333335,2.0,0.0,0.3333333333333333,522.6666666666666,-23.571666637590777
1460,2990080,-0.0011756868955368797,2.7183745384216307,6.859945185979208,0.03705101676362877,0.024351105947668355,0.17693133130669594,-0.042515967041254044,1.5677273273468018,0.9197591145833334,513.6807450322516,3712.8701603863083,623.0906603495387,179.6962019508719,1158.9694446810245,5,0.0,0.0,0.0,0.6,0.4,0.0,0.2,0.8,2.2,1.6,0.4,0.4,490.4,-31.72666675131768
1461,2992128,-0.0007644109893590212,5.8784956455230715,6.860106039047241,0.006230852050551524,0.03363135815598071,0.18353375047445297,-0.5615606904029846,2.4937682151794434,0.8712565104166666,513.7881835750203,3715.0502780773168,623.4602259615422,179.80512860087038,1158.9694446810245,8,0.0,0.0,0.0,0.875,0.125,0.0,0.25,0.375,2.5,2.125,0.25,0.125,396.125,-27.079374966211617
1462,2994176,0.0020529985583076873,1.5133292436599732,6.863174247741699,0.009104739453687217,0.018511046445928513,0.16823056613405546,0.4891117513179779,1.2111650705337524,0.9918619791666666,513.8988256915102,3717.2302619972907,623.8136236585851,179.91417637687118,1158.9694446810245,1,0.0,0.0,0.0,1.0,0.0,0.0,0.0,0.0,3.0,3.0,0.0,0.0,342.0,-30.0
1463,2996224,0.0010985133529175072,4.170166230201721,6.866628917058309,0.089923794567585,0.07099122223444283,0.19682695815960566,-0.11034213751554489,1.9533854722976685,0.8857421875,513.9991883682934,3719.381402752253,624.2794676665799,180.02649254287098,1158.9694446810245,6,0.0,0.0,0.0,0.8333333333333334,0.16666666666666666,0.0,0.3333333333333333,0.16666666666666666,2.0,2.5,0.0,0.16666666666666666,469.3333333333333,-32.60263896679195
1464,2998272,0.004177549388259649,4.174753212928772,6.865912246704101,0.02094040022154028,0.037849701723704735,0.19094649627804755,-0.3318227529525757,2.0424749851226807,0.9554036458333334,514.0845044572823,3721.7059678262885,624.7363315265393,180.13995446687477,1158.9694446810245,7,0.0,0.0,0.0,0.8571428571428571,0.14285714285714285,0.0,0.0,0.42857142857142855,2.7142857142857144,2.5714285714285716,0.0,0.14285714285714285,364.2857142857143,-25.75857143310298
1465,3000320,-0.00027572969762938254,3.750816559791565,6.860859791437785,0.006287268378461401,0.012917308672331273,0.1700996624926726,-0.40775659680366516,1.9481301307678223,0.9651692708333334,514.1796844642997,3723.9540978702935,625.1650730994734,180.24330047387775,1158.9694446810245,60,0.0,0.0,0.0,1.0,0.0,0.0,2.05,0.31666666666666665,2.8666666666666667,0.36666666666666664,nan,0.18333333333333332,294.68333333333334,nan
1466,3002368,-0.0009922255946245666,3.8478349924087523,6.857857990264892,0.035954750690143554,0.019578423785666623,0.1836101658642292,-0.24677766859531403,1.9247468709945679,0.9578450520833334,512.3364041796663,3726.3005109732985,625.6007136934641,180.3606436168775,1180.9331417430294,6,0.0,0.0,0.0,1.0,0.0,0.0,0.0,0.0,2.3333333333333335,3.0,0.0,0.0,344.0,-30.170416604029015
1467,3004416,0.0024851915979525073,2.856233835220337,6.862491575876872,0.01911982576518009,0.02105475707600514,0.18300213565429052,-0.30784791707992554,1.63795006275177,0.9521484375,512.420804358976,3728.695057589299,626.012711588417,180.4694319668779,1180.9331417430294,5,0.0,0.0,0.0,1.0,0.0,0.0,0.0,0.0,3.0,3.0,0.0,0.0,308.0,-30.0
1468,3006464,0.05028901413509933,6.226672601699829,6.86531130472819,0.08487196892771559,0.07389046239356199,0.8983200783530871,-0.38768622279167175,2.4538278579711914,0.8751627604166666,512.5097100786561,3731.056452747318,626.398823679403,180.58004023087415,1180.9331417430294,8,0.0,0.0,0.125,0.875,0.0,0.0,0.0,0.125,2.625,2.375,0.5,0.0,305.75,-28.75
1469,3008512,0.0002540167421102524,3.8004574537277223,6.861443758010864,0.00807069056900218,0.01819915440088759,0.18522183820605279,-0.3421657979488373,1.9275280237197876,0.9114583333333334,512.614604385398,3733.231170728417,626.7915381723578,180.69358945587737,1180.9331417430294,8,0.0,0.0,0.0,1.0,0.0,0.0,0.0,0.0,2.5,3.0,0.0,0.0,316.125,-30.0
1470,3010560,0.0019339578265013793,2.5897173285484314,6.8613653659820555,0.024737999642578265,0.04282561897610625,0.19082558701435726,-0.27489516139030457,1.6066187620162964,0.9576822916666666,512.7110013821319,3735.5323847894033,627.1644316254242,180.80553998087998,1180.9331417430294,6,0.0,0.0,0.0,1.0,0.0,0.0,0.0,0.0,2.3333333333333335,3.0,0.0,0.0,292.3333333333333,-30.0
1471,3012608,-0.0008787234255578369,1.9460652470588684,6.862008825937907,0.02839454284688448,0.052795862794543305,0.20815597400069236,-0.18969182670116425,1.384061574935913,0.9363606770833334,512.7917808534203,3737.9164766364484,627.604240656452,180.92044924988295,1180.9331417430294,6,0.0,0.0,0.0,1.0,0.0,0.0,0.0,0.0,3.0,3.0,0.0,0.0,316.1666666666667,-30.0
1472,3014656,-0.001347939755457143,3.152381730079651,6.860953632990519,0.020265109776422225,0.016417917950699728,0.16081694016853967,-0.13803954422473907,1.7999143600463867,0.94384765625,512.9031482182683,3740.0538976094467,627.9652565055076,181.02775991388626,1180.9331417430294,6,0.0,0.0,0.0,1.0,0.0,0.0,0.0,0.0,2.3333333333333335,2.6666666666666665,0.3333333333333333,0.0,330.1666666666667,-30.0
1473,3016704,0.0018727108050370588,1.662769877910614,6.865056498845418,0.08668618874119906,0.028983201164131365,0.18090983207027117,0.0015593314310535789,1.3132973909378052,0.9697265625,512.9996763441176,3742.303917965437,628.3776695614506,181.1366040058856,1180.9331417430294,5,0.0,0.0,0.0,1.0,0.0,0.0,0.0,0.0,1.4,3.0,0.0,0.0,317.0,-30.0
1474,3018752,-0.001961280300747603,2.3659279346466064,6.870272699991862,0.015476907065991934,0.02372803242566685,0.170513470719258,-0.19200024008750916,1.5314041376113892,0.9396158854166666,513.0912938187812,3744.6254603053385,628.7600092704888,181.25643577988376,1180.9331417430294,8,0.0,0.0,0.0,1.0,0.0,0.0,0.0,0.0,2.25,3.0,0.0,0.0,352.25,-30.00499999988824
1475,3020800,0.004270040841462711,2.639181685447693,6.8741219997406,0.012005430270801299,0.013601592047295222,0.19144910325606665,-0.24784348905086517,1.6896129846572876,0.89599609375,513.192460202588,3746.7958088033556,629.1705347475217,181.38600214788312,1180.9331417430294,7,0.0,0.0,0.0,1.0,0.0,0.0,0.0,0.0,2.4285714285714284,2.7142857142857144,0.2857142857142857,0.0,315.57142857142856,-30.0
1476,3022848,0.004090539649284134,1.531271755695343,6.880177466074626,0.023322417327047637,0.047656838122444846,0.19766439025600752,-0.1417853981256485,1.238250494003296,0.9484049479166666,513.301199327668,3748.9579310623085,629.5422145965204,181.49219863588223,1180.9331417430294,4,0.0,0.0,0.0,1.0,0.0,0.0,0.0,0.0,3.0,3.0,0.0,0.0,315.75,-30.0
1477,3024896,0.0010791994786510865,1.8338969469070434,6.885631593068441,0.020327977669270088,0.01670006881467998,0.17441563109556835,0.02066729962825775,1.3102139234542847,0.9417317708333334,513.3983591758764,3751.192972577366,629.9527705185319,181.60330542887823,1180.9331417430294,6,0.0,0.0,0.0,1.0,0.0,0.0,0.0,0.0,2.0,3.0,0.0,0.0,370.0,-31.2041666166236
1478,3026944,-0.0005482276513551673,2.8472361326217652,6.886136436462403,0.004656496382085607,0.01969708944670856,0.17478645394245784,-0.2516113817691803,1.7971694469451904,0.8875325520833334,513.4993127514108,3753.4280285263885,630.3253324365432,181.7205186468782,1180.9331417430294,5,0.0,0.0,0.0,1.0,0.0,0.0,0.0,0.0,3.0,3.0,0.0,0.0,297.0,-30.0
1479,3028992,0.017497050623448255,1.6581948399543762,6.8872869650522865,0.005127277392117927,0.014157853547173242,0.2932405675450961,0.1251131296157837,1.2852855920791626,0.92578125,513.6089468422882,3755.5730669814366,630.6898830615319,181.83147555487812,1180.9331417430294,6,0.0,0.0,0.0,1.0,0.0,0.0,0.0,0.0,2.0,2.6666666666666665,0.3333333333333333,0.0,423.0,-30.0
1480,3031040,-0.0010923111515391307,1.2508465051651,6.884193007151286,0.009890277571200083,0.04443987514823675,0.18435115863879523,0.2282896488904953,1.0905548334121704,0.9596354166666666,513.7084111399294,3757.825540192418,631.0623705185644,181.9438234228728,1180.9331417430294,6,0.0,0.0,0.0,1.0,0.0,0.0,0.0,0.0,2.0,3.0,0.0,0.0,382.8333333333333,-30.0
1481,3033088,0.00011305821438630422,1.275367558002472,6.884516827265421,0.0044840823005264,0.024394096892016628,0.18654071415464082,0.05747416242957115,1.198346734046936,0.9305013020833334,513.8191117539617,3759.9933084285076,631.4001476775884,182.05295898087206,1180.9331417430294,4,0.0,0.0,0.0,1.0,0.0,0.0,0.0,0.0,3.0,3.0,0.0,0.0,359.25,-30.06000000005588
1482,3035136,-0.000538623906080223,1.4843233823776245,6.891237751642863,0.01173469623317942,0.01243066080690672,0.1879063275953134,-0.05995730310678482,1.2165454626083374,0.9083658854166666,513.9174773152142,3762.213015203488,631.8030427765771,182.16016548287007,1180.9331417430294,8,0.0,0.0,0.0,1.0,0.0,0.0,0.125,0.0,1.75,2.875,0.0,0.0,381.125,-30.30500000657048
1483,3037184,0.005151109522557817,0.8271223366260528,6.892124287287394,0.01499408354672293,0.04922873311831306,0.25105872948964436,-0.05388953164219856,0.9445043802261353,0.9733072916666666,514.0163476342583,3764.4835052354683,632.1667752577268,182.2703107328707,1180.9331417430294,5,0.0,0.0,0.0,1.0,0.0,0.0,0.0,0.0,2.6,3.0,0.0,0.0,324.0,-30.010000000149013
1484,3039232,0.0002337549968312184,1.5078097820281982,6.892875560124716,0.01182084082829533,0.022124623445173106,0.18054921478033065,-0.35954979062080383,1.2466421127319336,0.9803059895833334,514.1344805289493,3766.538358915481,632.5301500307323,182.3764024648699,1180.9331417430294,6,0.0,0.0,0.0,1.0,0.0,0.0,0.0,0.0,2.0,3.0,0.0,0.0,314.5,-30.0
1485,3041280,-0.0015021000949976345,1.4773036360740661,6.898186175028483,0.02526477137580514,0.044712923280894754,0.17807498996456464,-0.24043047428131104,1.243607521057129,0.9274088541666666,514.2334400114587,3768.8073678414585,632.8870395948397,182.48765581187035,1180.9331417430294,7,0.0,0.0,0.0,1.0,0.0,0.0,0.0,0.0,2.142857142857143,3.0,0.0,0.0,305.2857142857143,-30.0
1486,3043328,0.013072680090166008,1.0684500813484192,6.897954003016154,0.011588496439314137,0.0773610481293872,0.28887065400679907,-0.18081264197826385,0.994533121585846,0.9459635416666666,514.328426400507,3771.0237627954266,633.3306284938735,182.59665561086877,1180.9331417430294,8,0.0,0.0,0.0,1.0,0.0,0.0,0.125,0.0,2.5,2.875,0.0,0.0,309.75,-30.0
1487,3045376,-0.0009124469817227994,1.2362619876861571,6.892485920588175,0.08085353500209749,0.036840149333390096,0.17246407307684422,-0.04570765420794487,1.141440749168396,0.9588216145833334,514.4612359543661,3772.8808279104705,633.7115920549695,182.7116664868663,1180.9331417430294,6,0.0,0.0,0.0,1.0,0.0,0.0,0.0,0.0,2.0,3.0,0.0,0.0,316.1666666666667,-30.0
1488,3047424,-0.0007219952880404889,0.6682075649499893,6.891234064102173,0.007484082280037304,0.03455847120688607,0.18169821575284004,0.1362331360578537,0.8282536864280701,0.9402669270833334,514.5775067165539,3774.8767119024924,634.1362818690104,182.82498410486733,1180.9331417430294,5,0.0,0.0,0.0,1.0,0.0,0.0,0.0,0.0,2.2,3.0,0.0,0.0,350.8,-30.0
1489,3049472,0.0019494089273697076,0.8942045450210572,6.894792493184408,0.011055728480763112,0.05532873511159172,0.20144860446453094,-0.03381456434726715,0.9800297617912292,0.9318033854166666,514.6786068830843,3777.100124823519,634.5084440579958,182.93812652787165,1180.9331417430294,5,0.0,0.0,0.0,1.0,0.0,0.0,0.0,0.0,1.4,3.0,0.0,0.0,336.8,-30.0
1490,3051520,-0.0019923521787859498,0.7700775921344757,6.8947662830352785,0.016599267585358273,0.0474123976038148,0.20863053028782208,-0.040782202035188675,0.8936178088188171,0.9334309895833334,514.7644675225024,3779.4224585064876,634.9393992690166,183.0514661128691,1180.9331417430294,8,0.0,0.0,0.0,1.0,0.0,0.0,0.0,0.0,2.625,2.875,0.125,0.0,321.5,-30.046875001862645
1491,3053568,0.026195643384320042,1.1410554945468903,6.89342999458313,1.443792955899456,0.06917039713201424,0.40056731179356575,0.0922623872756958,1.1247276067733765,0.8997395833333334,514.8645769806715,3781.615336205534,635.3474935000049,183.16049215987005,1180.9331417430294,5,0.0,0.0,0.0,1.0,0.0,0.0,0.0,0.0,2.2,3.0,0.0,0.0,340.8,-30.0
1492,3055616,0.0005970084729293982,1.0045791149139405,6.894495709737142,0.008277091601242622,0.06085197706706822,0.20342778613169987,0.025930853560566902,1.0146507024765015,0.9122721354166666,514.968947707468,3783.7611764635512,635.7521021099601,183.26959052887105,1180.9331417430294,5,0.0,0.0,0.0,1.0,0.0,0.0,0.0,0.0,2.8,2.8,0.2,0.0,390.6,-31.244999971985816
1493,3057664,-0.002349959028651938,0.9041496694087983,6.896963008244833,0.005799411489473035,0.02728731759901469,0.16422394638260204,0.04277504235506058,0.9674990177154541,0.8684895833333334,515.0680149302941,3785.9604672625064,636.1608024060042,183.37886046686617,1180.9331417430294,6,0.0,0.0,0.0,1.0,0.0,0.0,0.0,0.0,2.1666666666666665,2.8333333333333335,0.16666666666666666,0.0,396.8333333333333,-30.67083335823069
1494,3059712,0.01109385301852702,0.7510456562042236,6.8995953559875485,0.02305784265821179,0.045528618075574435,0.27520890211065613,0.332722544670105,0.8707355260848999,0.9401041666666666,515.1987056850171,3787.7077537975274,636.6620086629482,183.49241647786403,1180.9331417430294,3,0.0,0.0,0.0,1.0,0.0,0.0,0.0,0.0,3.0,3.0,0.0,0.0,344.3333333333333,-31.051111068887014
1495,3061760,-0.0007130035238030057,3.3558708667755126,6.893081076939901,0.019112348509952425,0.029174021681925903,0.1643017863233884,0.384650856256485,1.7334704399108887,0.8795572916666666,515.3101384190535,3789.8184371345196,637.0272321049997,183.60057799486094,1180.9331417430294,7,0.0,0.0,0.0,0.8571428571428571,0.14285714285714285,0.0,0.0,0.2857142857142857,1.7142857142857142,2.5714285714285716,0.14285714285714285,0.14285714285714285,469.7142857142857,-28.69345237248178
1496,3063808,-0.00029554111727823814,1.8625575661659242,6.891806411743164,0.009665721396838004,0.028295780128488938,0.1704780414700508,0.30089759826660156,1.2649354934692383,0.94921875,515.4037280764974,3792.0647354935645,637.4630405960124,183.7092549188601,1180.9331417430294,1,0.0,0.0,0.0,0.0,1.0,0.0,0.0,2.0,3.0,1.0,0.0,1.0,600.0,-34.08750053588301
1497,3065856,-0.0022914243085930745,0.7590494692325592,6.892745812733968,0.006270142166613368,0.041679995270290725,0.1897564614812533,-0.17345276474952698,0.8929615020751953,0.9396158854166666,515.5044136096767,3794.2568433485067,637.8587245340823,183.81567818485928,1180.9331417430294,6,0.0,0.0,0.0,1.0,0.0,0.0,0.0,0.0,3.0,3.0,0.0,0.0,437.0,-35.62736143684015
1498,3067904,-0.002946923199730615,0.9164868712425231,6.893219836552938,0.018487836882316817,0.03919890952917437,0.18215972979863485,-0.08766893297433853,0.9887840747833252,0.89453125,515.5860330806167,3796.6539254274976,638.2582936451072,183.9406408648647,1180.9331417430294,4,0.0,0.0,0.0,0.75,0.25,0.0,0.0,0.75,1.5,2.25,0.0,0.25,476.5,-27.723749971948564
1499,3069952,-0.0016684625064954163,1.8786241173744203,6.893588225046794,0.009738606699587156,0.02386978194117546,0.16047265628973642,-0.16281604766845703,1.4239245653152466,0.8492838541666666,515.6554412791592,3799.2116749625566,638.6416167281131,184.05878859886434,1180.9331417430294,6,0.0,0.0,0.0,0.8333333333333334,0.16666666666666666,0.0,0.0,0.16666666666666666,2.6666666666666665,2.1666666666666665,0.6666666666666666,0.16666666666666666,434.8333333333333,-36.07361117828017
1500,3072000,0.0015666360048877928,0.8126069784164429,6.89312375386556,0.013315639349942406,0.04177615069008122,0.19033896972735723,0.13104209303855896,0.9470115303993225,0.94140625,515.718512152602,3801.8300677545485,639.04140044612,184.1761403168639,1180.9331417430294,3,0.0,0.0,0.0,0.6666666666666666,0.3333333333333333,0.0,0.0,1.0,2.3333333333333335,2.0,0.0,0.3333333333333333,477.6666666666667,-27.28472216722245
1501,3074048,0.027470645681023597,3.181016278266907,6.8834315776824955,0.0368995052180253,0.021617963211610913,0.46986304918924965,0.03609878569841385,1.8786660432815552,0.7970377604166666,515.7875992014198,3804.3332079795873,639.4485132170739,184.29052875486377,1180.9331417430294,5,0.0,0.0,0.0,0.8,0.2,0.0,0.0,0.4,2.2,2.6,0.0,0.2,540.4,-29.7235000426881
1502,3076096,0.001080445369007066,1.3989162564277648,6.880508454640706,0.009435988616314717,0.008576239920997372,0.1841602310538292,0.20352855324745178,1.134849190711975,0.8502604166666666,515.8406583581539,3807.0070586146103,639.8712649751178,184.43375722086785,1180.9331417430294,3,0.0,0.0,0.0,0.3333333333333333,0.6666666666666666,0.0,0.0,1.0,2.6666666666666665,1.6666666666666667,0.3333333333333333,0.6666666666666666,509.3333333333333,-29.41833377070725
1503,3078144,0.0001601560574878628,1.093788057565689,6.8843846638997395,0.026927834673551844,0.02413884624450778,0.16473549008369445,0.024830864742398262,0.9370349645614624,0.9072265625,515.8915232430421,3809.6953983986314,640.3230954270985,184.55060550486814,1180.9331417430294,5,0.0,0.0,0.0,1.0,0.0,0.0,0.0,0.0,2.2,2.6,0.4,0.0,406.0,-32.380000091344115
1504,3080192,-0.0013931687407117957,1.049981838464737,6.8874266147613525,0.006454387586563826,0.020208651130087674,0.19011109471321105,0.37411510944366455,1.0462467670440674,0.87548828125,515.9381338756888,3812.4436909155484,640.7570009091942,184.67399140386988,1180.9331417430294,4,0.0,0.0,0.0,1.0,0.0,0.0,0.0,0.0,2.5,3.0,0.0,0.0,470.5,-32.990624965401366
1505,3082240,0.001501550905716916,1.5030752658843993,6.882973639170329,0.011505516511776174,0.013879619437890749,0.20497876902421316,0.11544891446828842,1.3132293224334717,0.8606770833333334,516.0038706781526,3814.9859897575443,641.1736764592497,184.8021920868705,1180.9331417430294,5,0.0,0.0,0.0,0.6,0.4,0.0,0.0,0.8,3.0,2.2,0.0,0.4,479.2,-26.265000040084125
1506,3084288,0.0004926979192532599,0.7918414831161499,6.881580511728923,0.008305448831136649,0.01911073992184053,0.19789272298415503,-0.057072147727012634,0.9572689533233643,0.8660481770833334,516.0755244792688,3817.5200877515454,641.5598784682443,184.92292311587516,1180.9331417430294,2,0.0,0.0,0.0,0.5,0.5,0.0,0.0,1.0,1.5,1.5,0.5,0.5,505.5,-25.49875019583851
1507,3086336,-0.0029731364450223435,1.2084362983703614,6.88321369489034,0.017271910850346708,0.03553897871946295,0.17450933878620464,-0.011242243461310863,0.9416770339012146,0.83935546875,516.1188523098684,3820.2918018865894,642.000820609348,185.04466665887594,1180.9331417430294,8,0.0,0.0,0.0,0.75,0.25,0.0,0.0,0.25,2.25,2.5,0.25,0.25,482.25,-31.407395991205703
1508,3088384,-0.00025702319690026345,0.7567339479923249,6.881292390823364,0.053753407501305146,0.04259156056990226,0.20243941470980645,0.16124215722084045,0.8654153943061829,0.9519856770833334,516.1519548792388,3823.2365020235957,642.4057548493874,185.1711078378794,1180.9331417430294,3,0.0,0.0,0.0,1.0,0.0,0.0,0.0,0.0,3.0,3.0,0.0,0.0,393.6666666666667,-30.97500003874302
1509,3090432,0.0023320593095074098,1.0951881170272828,6.8738930225372314,0.01160074637349074,0.039635904435999694,0.19609519268075626,-0.10228277742862701,1.0925474166870117,0.8621419270833334,516.194879882701,3826.045854863696,642.8219394734115,185.293081406875,1180.9331417430294,4,0.0,0.0,0.0,1.0,0.0,0.0,0.0,0.0,3.0,3.0,0.0,0.0,504.25,-31.88749994104728
1510,3092480,0.00368268140591681,0.8681124866008758,6.864319610595703,0.22255312544681752,0.035588815016672014,0.20408382366100947,0.024395707994699478,0.9790093898773193,0.9065755208333334,516.2517879374647,3828.6929473286364,643.2459447694127,185.4144410078734,1180.9331417430294,4,0.0,0.0,0.0,0.5,0.5,0.0,0.0,1.0,2.25,1.75,0.25,0.5,470.25,-20.0
1511,3094528,-0.0005519002093933523,0.8633163630962372,6.859223413467407,0.021123093855567276,0.040716312701503436,0.19232996528347332,0.1707102507352829,0.8156670928001404,0.84375,516.306815543769,3831.2975817406113,643.6741184694547,185.5892700898694,1180.9331417430294,4,0.0,0.0,0.0,0.5,0.5,0.0,0.0,1.0,2.25,1.75,0.25,0.5,533.5,-21.842500028200448
1512,3096576,0.005986728212640931,0.7909927785396575,6.854301341374716,0.04371543596292516,0.06651618032095333,0.24817991132537523,-0.0739852637052536,0.8405293226242065,0.9130859375,516.3508380377871,3834.0717595796013,644.1014603284857,185.72515577886224,1180.9331417430294,4,0.0,0.0,0.0,0.25,0.75,0.0,0.0,1.0,2.75,1.75,0.25,0.75,555.75,-23.318750095553696
1513,3098624,0.002101870509068249,0.6241536378860474,6.849892393747965,0.012572289793752134,0.029436655047660073,0.193061384310325,0.0968514159321785,0.7958940863609314,0.88623046875,516.4045072668893,3836.747155038727,644.5164062374897,185.85890887185815,1180.9331417430294,3,0.0,0.0,0.0,0.6666666666666666,0.3333333333333333,0.0,0.0,0.3333333333333333,3.0,2.6666666666666665,0.0,0.3333333333333333,463.6666666666667,-28.366666691998642
1514,3100672,0.004779083949203292,1.3477940082550048,6.8464528242746985,0.017003009483839076,0.04091638062770168,0.20452263653278352,0.2893697917461395,1.0356395244598389,0.8948567708333334,516.4600841014649,3839.4339548156277,644.9107330615734,185.97735398085206,1180.9331417430294,60,0.0,0.0,0.0,0.5,0.5,0.016666666666666666,0.35,1.1166666666666667,2.9166666666666665,1.4333333333333333,nan,0.5333333333333333,527.8,nan
1515,3102720,-1.7052865587174892e-05,1.4032384216785432,6.841348059972128,0.01299845233443193,0.035279475556065636,0.15502263555924098,0.07332728803157806,1.1892238855361938,0.9677734375,511.99478861068974,3842.2129162406345,645.3726050046171,186.0982181698564,1233.7707330980265,2,0.0,0.0,0.0,0.0,1.0,0.0,0.0,2.0,2.0,1.0,0.0,1.0,600.0,-19.150000082328916
1516,3104768,0.003509986047477772,1.4797906875610352,6.836517985661825,0.07394333501967291,0.06133784104604274,0.24686218723654746,-0.09478528797626495,1.1802000999450684,0.8468424479166666,512.0450706707815,3844.949687876615,645.8059347417002,186.21494289286056,1233.7707330980265,5,0.0,0.0,0.0,0.4,0.6,0.0,0.0,1.8,2.0,1.0,0.2,0.6,553.6,-20.837666749302297
1517,3106816,0.0013583487675835689,0.42981484830379485,6.825978644688925,0.023294268626098832,0.02688289132590095,0.18014081368843715,0.06283534318208694,0.6231635808944702,0.9215494791666666,512.0932434780184,3847.7121880005725,646.2426383377606,186.3261849438568,1233.7707330980265,4,0.0,0.0,0.0,0.75,0.25,0.0,0.0,0.25,2.75,2.5,0.25,0.25,477.5,-33.37125023663975
1518,3108864,-0.00012952074175700545,0.4232067376375198,6.8212236881256105,0.011054345961504926,0.027737960141773026,0.16385145286719005,0.20501238107681274,0.604662299156189,0.9544270833333334,512.1417685562202,3850.4395731714976,646.6789933398031,186.4681342628537,1233.7707330980265,3,0.0,0.0,0.0,0.6666666666666666,0.3333333333333333,0.0,0.0,0.6666666666666666,3.0,2.3333333333333335,0.0,0.3333333333333333,474.0,-24.833333365619183
1519,3110912,0.004384688008576632,0.2779060870409012,6.822232834498087,0.008923253171572772,0.02164364435399572,0.1816666382054488,0.22765135765075684,0.5248563885688782,0.9954427083333334,512.1817708314106,3853.2751827895045,647.1174841106549,186.59359635485453,1233.7707330980265,4,0.0,0.0,0.0,0.25,0.75,0.0,0.0,2.25,2.5,0.75,0.0,0.75,543.25,-9.49208334996365
1520,3112960,0.004649124775702755,2.557807946205139,6.820090691248576,0.030271794689663997,0.04099863559628526,0.2851053955654303,-0.31207188963890076,1.7140593528747559,0.8828125,512.2305463910066,3856.012010509483,647.5468789555744,186.718471160857,1233.7707330980265,7,0.0,0.0,0.14285714285714285,0.5714285714285714,0.2857142857142857,0.0,0.0,1.0,2.2857142857142856,1.5714285714285714,0.42857142857142855,0.2857142857142857,414.0,-20.085714289120265
1521,3115008,-0.0022050148885076246,2.244038939476013,6.815823062260946,0.005263973691035062,0.014504083979409188,0.19190070231755574,-0.12387791275978088,1.583854079246521,0.86474609375,512.2851317404014,3858.717735442464,647.9637147836766,186.83524708086043,1233.7707330980265,3,0.0,0.0,0.0,1.0,0.0,0.0,0.0,0.0,3.0,3.0,0.0,0.0,473.6666666666667,-35.5999999307096
1522,3117056,-0.0005467965675052255,1.978145921230316,6.815992593765259,0.01066536499808232,0.019901728257536888,0.19568384786446888,0.19636759161949158,1.3353919982910156,0.7955729166666666,512.3605072712215,3861.168451226491,648.3755520336126,186.95598049086402,1233.7707330980265,6,0.0,0.0,0.0,0.6666666666666666,0.3333333333333333,0.0,0.0,0.3333333333333333,2.5,2.1666666666666665,0.5,0.3333333333333333,506.0,-26.79166667163372
1523,3119104,-0.0007135811727494001,3.073982048034668,6.816479746500651,0.015380135199908789,0.017977996876773737,0.19397412886222204,-0.39355233311653137,1.9180854558944702,0.7967122395833334,512.4412327515834,3863.6006687114786,648.7590240216232,187.07412292686058,1233.7707330980265,4,0.0,0.0,0.0,0.75,0.25,0.0,0.0,0.75,1.75,1.5,0.75,0.25,391.75,-22.5
1524,3121152,-0.0028658360165233414,1.3932886719703674,6.817560911178589,0.007906488525137926,0.03765429278525213,0.20480960955222446,-0.059938542544841766,1.2451077699661255,0.7928059895833334,512.5215266583486,3866.0065893955616,649.1644215966007,187.1867305548658,1233.7707330980265,5,0.0,0.0,0.0,0.8,0.2,0.0,0.0,0.4,2.2,1.8,0.8,0.2,393.6,-28.692833418771624
1525,3123200,0.008055117427526662,0.7281391859054566,6.814743185043335,0.018446147228435922,0.021392344842509677,0.2577765886982282,-0.10381301492452621,0.8106318116188049,0.8245442708333334,512.6039718908125,3868.360650065537,649.5874641325936,187.30350036686286,1233.7707330980265,4,0.0,0.0,0.0,1.0,0.0,0.0,0.0,0.0,2.0,2.5,0.5,0.0,431.5,-31.29374995455146
1526,3125248,-0.00204191777544717,0.8299155533313751,6.808589394887289,0.0145622711936691,0.03562626311710725,0.19239013095696766,0.08467383682727814,0.9537664651870728,0.9796549479166666,512.6404474537695,3871.2357657834873,650.0250421156015,187.4228300108589,1233.7707330980265,3,0.0,0.0,0.0,0.6666666666666666,0.3333333333333333,0.0,0.0,1.0,2.0,1.6666666666666667,0.3333333333333333,0.3333333333333333,574.0,-27.050000145410497
1527,3127296,-0.0018309474146614472,1.9284657835960388,6.811419359842936,0.028082268312573433,0.013311757411186894,0.18919131259123484,-0.17995619773864746,1.4977970123291016,0.8782552083333334,512.6905812142419,3873.980658662491,650.4323287976222,187.54805869885604,1233.7707330980265,6,0.0,0.0,0.0,0.8333333333333334,0.16666666666666666,0.0,0.0,0.5,2.8333333333333335,2.3333333333333335,0.16666666666666666,0.16666666666666666,436.1666666666667,-26.992499998460215
1528,3129344,0.0077799455573161445,1.342288887500763,6.810064601898193,0.02002260887529701,0.0932036209696283,0.26285736511151,0.06388663500547409,1.1275298595428467,0.8312174479166666,512.7463235518958,3876.684673637421,650.8201300536311,187.67658634685358,1233.7707330980265,4,0.0,0.0,0.0,0.75,0.25,0.0,0.0,0.25,2.25,2.5,0.25,0.25,493.0,-34.58187496033497
1529,3131392,0.004015334524835149,0.8553850412368774,6.802413543065389,0.04350985588195423,0.017322027570723247,0.2038094532986482,0.07695509493350983,0.9660492539405823,0.8824869791666666,512.7891294217421,3879.5593995624804,651.1964005036134,187.7976281658557,1233.7707330980265,5,0.0,0.0,0.0,1.0,0.0,0.0,0.0,0.0,2.6,2.6,0.4,0.0,432.2,-30.21000000834465
1530,3133440,-0.0012847538110994114,0.2982672452926636,6.803071244557699,0.015040379910108944,0.02202038005925715,0.18244747072458267,0.24789384007453918,0.4867527484893799,0.9435221354166666,512.8270295490787,3882.430244379517,651.6326727756314,187.9158587318525,1233.7707330980265,3,0.0,0.0,0.0,1.0,0.0,0.0,0.0,0.0,2.6666666666666665,2.6666666666666665,0.3333333333333333,0.0,451.0,-32.07499995330969
1531,3135488,-0.0004193662733693297,2.2616433978080748,6.806113767623901,0.014105000187798093,0.0300865589796255,0.19427849650382994,-0.1806280016899109,1.62521231174469,0.8849283854166666,512.8811755911797,3885.1323718764543,652.0448319775678,188.03650834685686,1233.7707330980265,6,0.0,0.0,0.0,0.6666666666666666,0.3333333333333333,0.0,0.0,1.0,2.6666666666666665,2.0,0.0,0.3333333333333333,484.3333333333333,-23.319722259882838
1532,3137536,-0.0007804364257026463,0.7405707478523255,6.805920696258545,0.01470225079295536,0.025384445550541083,0.19620079199473064,-0.11405762284994125,0.932508647441864,0.8113606770833334,512.9589454799269,3887.5503496144884,652.4618031875143,188.1477863488617,1233.7707330980265,4,0.0,0.0,0.0,1.0,0.0,0.0,0.0,0.0,2.25,2.25,0.75,0.0,431.5,-30.0
1533,3139584,0.0008084287013237675,1.4538525819778443,6.805874220530192,0.01970342022056381,0.019875554530881346,0.19976983393232028,-0.26465392112731934,1.3360493183135986,0.77001953125,513.041198263217,3889.8946839935234,652.8873595495315,188.26721040086704,1233.7707330980265,6,0.0,0.0,0.0,0.8333333333333334,0.16666666666666666,0.0,0.0,0.5,2.1666666666666665,2.0,0.5,0.16666666666666666,490.3333333333333,-27.584166707781453
1534,3141632,-0.0009255302914728721,0.5292646259069442,6.8070182005564375,0.015983708039857446,0.024732830204690495,0.17828490336736044,-0.0011950611369684339,0.6630972623825073,0.8453776041666666,513.0978026655994,3892.5400008314828,653.3287508865542,188.39285870086314,1233.7707330980265,1,0.0,0.0,0.0,1.0,0.0,0.0,0.0,0.0,1.0,1.0,2.0,0.0,344.0,-30.0
1535,3143680,0.00018004597319910923,1.2944050788879395,6.8064303239186605,0.00879162303560103,0.047426069838305315,0.20854036162296932,-0.30165085196495056,1.1902544498443604,0.87744140625,513.1484164942985,3895.2719899154254,653.7424046795932,188.51968291386584,1233.7707330980265,5,0.0,0.0,0.0,0.2,0.8,0.0,0.0,2.0,2.6,0.6,0.4,0.8,565.8,-17.021333308145405
1536,3145728,-0.0015606732107698918,2.7273421764373778,6.807921028137207,0.024095362129931647,0.04751645006084194,0.24001456995805104,-0.4904147684574127,1.7585417032241821,0.7418619791666666,513.2329864436958,3897.5957117334037,654.1649737804983,188.64139445386536,1233.7707330980265,3,0.0,0.0,0.3333333333333333,0.0,0.6666666666666666,0.0,0.0,1.3333333333333333,2.0,1.3333333333333333,0.3333333333333333,0.6666666666666666,419.0,-22.684166667051613
1537,3147776,0.033045643942508224,1.0550197601318358,6.811403401692709,0.2393782250978499,0.04506818553588043,0.5113966633876165,0.22992314398288727,1.0997252464294434,0.79931640625,513.3109734146551,3900.0337824644375,654.5526291424612,188.76084404386347,1233.7707330980265,6,0.0,0.0,0.0,0.5,0.5,0.0,0.0,1.1666666666666667,2.1666666666666665,1.0,0.8333333333333334,0.5,517.8333333333334,-20.65125008641432
1538,3149824,-0.0028353637836213844,1.8020148873329163,6.807967758178711,0.018135620176326483,0.043678966459507744,0.18942339817682902,-0.18368889391422272,1.3111904859542847,0.8499348958333334,513.3803968475102,3902.557438597418,654.9715263704202,188.8740510198695,1233.7707330980265,2,0.0,0.0,0.0,1.0,0.0,0.0,0.0,0.0,2.5,2.5,0.5,0.0,489.5,-30.200000002980232
1539,3151872,0.047477004219157,2.4610215425491333,6.804809919993082,0.03164120418781143,0.07928959916656216,0.5414643282691638,0.12123558670282364,1.589412808418274,0.84033203125,513.4438675264345,3905.026400407449,655.4319258063915,188.9928737138689,1233.7707330980265,6,0.0,0.0,0.0,0.3333333333333333,0.6666666666666666,0.0,0.0,1.0,2.0,1.6666666666666667,0.3333333333333333,0.6666666666666666,547.8333333333334,-21.925000016577542
1540,3153920,0.005118289022357203,1.653409218788147,6.796134185791016,0.017962061538613246,0.04154422071296722,0.2603527680039406,-0.1116051971912384,1.403210163116455,0.86572265625,513.5072146912493,3907.5987516685127,655.8568255183418,189.1148411998729,1233.7707330980265,3,0.0,0.0,0.0,0.3333333333333333,0.6666666666666666,0.0,0.0,1.6666666666666667,2.6666666666666665,1.0,0.3333333333333333,0.6666666666666666,532.0,-20.044166784423094
1541,3155968,0.007185537210898474,0.270434133708477,6.790695110956828,0.01156841218956591,0.04016924650253107,0.3127384511133035,0.32157570123672485,0.46618175506591797,0.8606770833333334,513.5875738410797,3910.007032540452,656.2515517662978,189.23622849787353,1233.7707330980265,2,0.0,0.0,0.0,0.5,0.5,0.0,0.0,1.0,2.5,1.5,0.5,0.5,527.0,-21.46250005811453
1542,3158016,0.0008452097962920864,0.8189706087112427,6.787179120381674,0.013365013680110375,0.0285860700532794,0.20674866711099943,0.23701393604278564,0.9178762435913086,0.9202473958333334,513.6601008633053,3912.5232755394463,656.6282326272776,189.35259000587394,1233.7707330980265,5,0.0,0.0,0.0,0.0,1.0,0.0,0.0,2.4,2.2,0.2,0.4,1.0,600.0,-9.500000024586916
1543,3160064,-0.0006095245946198702,1.2143045902252196,6.787815030415853,0.008103223719323675,0.02451178845949471,0.16421638603011768,0.21287555992603302,1.1978858709335327,0.9280598958333334,513.7456894689271,3914.868615343483,657.0189817622595,189.47428718688025,1233.7707330980265,2,0.0,0.0,0.0,0.0,1.0,0.0,0.0,2.5,2.0,0.5,0.0,1.0,600.0,-7.549999934853986
1544,3162112,-0.0013358479598537087,1.9652098655700683,6.785499986012777,0.012089946175304551,0.03568312668552001,0.21468721330165863,-0.36410650610923767,1.3925714492797852,0.8850911458333334,513.8324682342528,3917.1265120844255,657.4676514322127,189.59170289788017,1233.7707330980265,5,0.0,0.0,0.0,0.4,0.6,0.0,0.0,1.0,2.4,1.8,0.2,0.6,542.2,-22.9649999730289
1545,3164160,0.015005983621813357,1.6997416377067567,6.785298299789429,0.02667131572185705,0.12989811630298695,0.30995936393737794,-0.025655806064605713,1.452247142791748,0.8829752604166666,513.9161400211135,3919.477198936387,657.8766592492175,189.70680068187357,1233.7707330980265,3,0.0,0.0,0.0,0.0,1.0,0.0,0.0,2.3333333333333335,1.3333333333333333,0.3333333333333333,0.3333333333333333,1.0,600.0,-16.64166685938835
1546,3166208,0.0034888827610605705,2.164345622062683,6.779002332687378,0.016214555389403053,0.04090030264730255,0.2076952077448368,0.07203421741724014,1.4286775588989258,0.7906901041666666,514.0047017352774,3921.7858082704843,658.2476574472312,189.83643678987573,1233.7707330980265,5,0.0,0.0,0.0,0.0,1.0,0.0,0.0,1.4,2.0,1.4,0.2,1.0,600.0,-20.215000088885425
1547,3168256,0.0034496565582230686,1.3276236057281494,6.774064000447591,0.032436993056520196,0.010996231576427817,0.23722071548302967,-0.26102688908576965,1.228157877922058,0.87255859375,514.088489880008,3924.140017193451,658.6435270052389,189.95869129387575,1233.7707330980265,3,0.0,0.0,0.3333333333333333,0.0,0.6666666666666666,0.0,0.0,1.3333333333333333,1.3333333333333333,1.3333333333333333,0.3333333333333333,0.6666666666666666,425.0,-25.076389226907242
1548,3170304,-0.0019910381835264463,1.3412564635276794,6.775796604156494,0.011122990543177972,0.03375322138114522,0.19116563548644383,0.28977257013320923,1.3130468130111694,0.802734375,514.1934258614887,3926.1970404164094,659.0609976633277,190.09668889187742,1233.7707330980265,3,0.0,0.0,0.0,0.0,1.0,0.0,0.0,3.0,2.3333333333333335,0.0,0.0,1.0,600.0,-1.318333332426846
1549,3172352,-0.0013639025079707305,1.251944649219513,6.777631759643555,1.457850751990918,0.020728330267593263,0.14454697147011758,0.0995558425784111,0.8914363980293274,0.8797200520833334,514.2809459181342,3928.464525231415,659.4830750593028,190.22339487187855,1233.7707330980265,4,0.0,0.0,0.0,0.5,0.5,0.0,0.0,0.75,1.75,1.5,0.75,0.5,583.5,-23.078958351165056
1550,3174400,0.0003843404000993663,0.8357529580593109,6.777127647399903,0.03151690674518856,0.059264248330146076,0.1994631879031658,-0.11013089865446091,0.9360256791114807,0.9552408854166666,514.3734056838008,3930.715887109429,659.8737013163118,190.34424685288104,1233.7707330980265,3,0.0,0.0,0.0,0.3333333333333333,0.6666666666666666,0.0,0.0,1.6666666666666667,2.0,1.0,0.3333333333333333,0.6666666666666666,523.3333333333334,-19.033333484083414
1551,3176448,-0.00030493296993275483,0.3827612966299057,6.7749993642171225,0.011546946006516616,0.021635678534706434,0.16913823460539182,0.3060002624988556,0.5974115133285522,0.9479166666666666,514.4296346590479,3933.3279625004434,660.3199063972424,190.4716886368842,1233.7707330980265,4,0.0,0.0,0.0,0.0,1.0,0.0,0.0,2.75,1.5,0.25,0.0,1.0,600.0,-4.975833368487656
1552,3178496,-0.0025017007021233438,0.9848803341388702,6.776983149846395,0.06813524810907741,0.03922093176903824,0.1883631393313408,-0.010075381956994534,1.0263724327087402,0.8850911458333334,514.5001548350656,3935.818147292419,660.7374479752398,190.5957305728807,1233.7707330980265,3,0.0,0.0,0.0,0.0,1.0,0.0,0.0,2.3333333333333335,2.6666666666666665,0.3333333333333333,0.3333333333333333,1.0,600.0,-14.691666928430399
1553,3180544,0.006109104656691973,0.7458597004413605,6.781480932235718,0.019820899601715306,0.019099667062982918,0.20426757534344991,0.17318831384181976,0.8679600954055786,0.9471028645833334,514.5537578792602,3938.439850026407,661.2066479611531,190.71294792288245,1233.7707330980265,5,0.0,0.0,0.0,0.0,1.0,0.0,0.0,2.6,2.2,0.4,0.0,1.0,600.0,-8.108333430439234
1554,3182592,0.01861973720563886,0.1150951236486435,6.7837329069773356,0.062451273249462244,0.0252456184476614,0.273939889917771,0.12241848558187485,0.3345116376876831,0.958984375,514.5824710701239,3941.372941828362,661.6663020851483,190.83875776088098,1233.7707330980265,2,0.0,0.0,0.0,0.0,1.0,0.0,0.0,2.0,2.5,0.5,0.5,1.0,600.0,-19.962500270456076
1555,3184640,0.006580386194400489,0.49471820890903473,6.781044467290243,0.014161048480309546,0.03707682291666667,0.19851233238975208,0.40762412548065186,0.7619548439979553,1.0,514.623335224116,3944.1669215733928,662.1207348791431,190.96087589188392,1233.7707330980265,4,0.0,0.0,0.0,0.0,1.0,0.0,0.0,3.0,3.0,0.0,0.0,1.0,600.0,-2.4158333651721478
1556,3186688,-0.0007762364868540317,1.5752303004264832,6.777668253580729,0.09972456223331391,0.02672282123627762,0.1940081482132276,-0.2079072743654251,1.3423932790756226,0.890625,514.684703665894,3946.744024453292,662.5103084060975,191.08291520288185,1233.7707330980265,4,0.0,0.0,0.25,0.0,0.75,0.0,0.0,2.75,1.75,0.0,0.25,0.75,464.0,-5.40500001446344
1557,3188736,-0.0008522024067739646,0.6512903809547425,6.7827883879343664,0.008633286397283276,0.008981523647283515,0.1859554260969162,0.115196593105793,0.8169681429862976,0.921875,514.7431956124351,3949.3725178223613,662.9183673711159,191.20644864588394,1233.7707330980265,4,0.0,0.0,0.0,0.25,0.75,0.0,0.0,2.25,2.5,0.25,0.5,0.75,528.5,-10.424166707554832
1558,3190784,0.0020184094765378783,1.4693926215171813,6.78748254776001,0.02376091081338624,0.07454771515137205,0.22380809634923934,-0.09107442200183868,1.2324498891830444,0.88671875,514.7993279463417,3952.002512038278,663.3575257681296,191.32718653288612,1233.7707330980265,3,0.0,0.0,0.0,0.3333333333333333,0.6666666666666666,0.0,0.0,1.0,2.0,1.6666666666666667,0.3333333333333333,0.6666666666666666,545.3333333333334,-20.700000025952857
1559,3192832,-0.0007991014383151196,0.4745828419923782,6.792832263310751,0.01762650943516443,0.029952186827237406,0.18077734634280204,0.08875851333141327,0.5535160899162292,0.8800455729166666,514.8549499407484,3954.679211980314,663.7485394942123,191.45740936489165,1233.7707330980265,4,0.0,0.0,0.0,0.25,0.75,0.0,0.0,1.75,2.5,1.25,0.0,0.75,571.25,-17.131250112317502
1560,3194880,-0.0012871605538142224,1.7771847367286682,6.798039531707763,0.04452641001504768,0.03745071646214152,0.1919380841155847,0.12699279189109802,1.4545611143112183,0.935546875,514.9180103234933,3957.2249831432855,664.1824964222178,191.5742865998909,1233.7707330980265,4,0.0,0.0,0.0,0.0,1.0,0.0,0.0,2.5,2.25,0.25,0.25,1.0,600.0,-9.55333343707025
1561,3196928,-0.0004754826348895828,0.5711543917655945,6.801017125447591,0.005855167818178113,0.01217258491475756,0.1943184810380141,0.15090708434581757,0.7794916033744812,0.86865234375,515.0138618352332,3959.3594154183884,664.6187840141938,191.70164418288914,1233.7707330980265,4,0.0,0.0,0.0,0.25,0.75,0.0,0.0,2.25,2.75,0.5,0.25,0.75,573.75,-9.767916662385687
1562,3198976,0.0012282396608497947,0.6067041307687759,6.800498310724894,0.011564832652220502,0.029344613927726946,0.19077109123269717,-0.042350415140390396,0.769078254699707,0.876953125,515.0977918053526,3961.6726327694414,665.0275375171332,191.82734271088702,1233.7707330980265,3,0.0,0.0,0.0,0.3333333333333333,0.6666666666666666,0.0,0.0,1.3333333333333333,1.6666666666666667,1.0,0.6666666666666666,0.6666666666666666,550.3333333333334,-17.68333336090048
1563,3201024,0.012251503612302865,0.3491015762090683,6.794434674580892,0.030143023142591117,0.038880221111079055,0.2578025301297506,-0.06099846959114075,0.5801425576210022,0.9609375,515.1457430700311,3964.4030589824833,665.4515411380708,191.9484675658896,1233.7707330980265,60,0.0,0.0,0.0,0.25,0.75,0.0,1.15,0.2,2.8333333333333335,1.6166666666666667,nan,0.2,359.75,nan
1564,3203072,-0.0020787051607233783,1.023073148727417,6.785263188680013,0.006561531915698045,0.02054734146222472,0.19070377026995022,-0.21871213614940643,1.0731310844421387,0.9318033854166666,512.7337359226102,3967.3220323864516,665.904585329059,192.08277184289182,1263.3542191730303,3,0.0,0.0,0.0,0.0,1.0,0.0,0.0,3.0,2.3333333333333335,0.0,0.0,1.0,600.0,-4.760000077386697
1565,3205120,-0.000778137331265801,0.6435195595026016,6.783264557520549,0.02869948892427298,0.03582115699537099,0.18039000406861305,-0.013197289779782295,0.8544023633003235,0.9103190104166666,512.7739673299802,3970.12182839241,666.3473405860641,192.20473772689002,1263.3542191730303,3,0.0,0.0,0.0,0.6666666666666666,0.3333333333333333,0.0,0.0,1.0,2.6666666666666665,1.6666666666666667,0.3333333333333333,0.3333333333333333,555.0,-28.270000129006803
1566,3207168,-0.0010658609913662075,0.931782341003418,6.783627859751383,0.005160040555832287,0.016480185619244973,0.18241716176271439,-0.06132758408784866,1.0398021936416626,0.9524739583333334,512.8283451603434,3972.805627151356,666.7570785280914,192.32861193189456,1263.3542191730303,3,0.0,0.0,0.0,0.3333333333333333,0.6666666666666666,0.0,0.0,2.0,2.0,0.6666666666666666,0.3333333333333333,0.6666666666666666,597.6666666666666,-14.777777833243212
1567,3209216,-0.002244125751227936,1.0552604019641876,6.790134223302205,0.060515597990403576,0.05994426641458025,0.1724126696586609,-0.17642150819301605,1.0678311586380005,0.9337565104166666,512.8832041696968,3975.4369323344217,667.2017573850244,192.45532108488987,1263.3542191730303,4,0.0,0.0,0.0,0.0,1.0,0.0,0.25,2.0,2.0,0.75,0.0,1.0,600.0,-19.00604180013761
1568,3211264,0.0007532488787546753,1.8140896439552308,6.794075806935628,0.010174397491694739,0.018294641790756336,0.18886958907047907,0.17069339752197266,1.4854258298873901,0.9088541666666666,512.9282776895063,3978.181138840395,667.6312867639572,192.60044096789352,1263.3542191730303,4,0.0,0.0,0.0,0.0,1.0,0.0,0.0,2.5,2.0,0.5,0.0,1.0,600.0,-19.100000362843275
1569,3213312,-0.0028395357532038663,0.6508429050445557,6.796422004699707,0.004937713226536289,0.03195370910301184,0.19715739687283834,-0.09381724148988724,0.7853788733482361,0.91259765625,512.9814551232234,3980.8570626154033,668.052887611957,192.72766898789268,1263.3542191730303,3,0.0,0.0,0.0,0.0,1.0,0.0,0.0,2.3333333333333335,2.3333333333333335,0.6666666666666666,0.0,1.0,600.0,-22.11000028811395
1570,3215360,-0.0009665161798087259,0.39040473401546477,6.803952852884929,0.009620913169540776,0.033483558675895135,0.1652461310227712,-0.06959851831197739,0.6603270769119263,0.97802734375,513.0279873714518,3983.6180398264114,668.4754386519999,192.84993703089276,1263.3542191730303,4,0.0,0.0,0.0,0.0,1.0,0.0,0.25,2.25,2.5,0.5,0.0,1.0,600.0,-18.033125150133856
1571,3217408,-0.0001477968879044056,0.3457839250564575,6.810120105743408,0.009258797157478208,0.012923177083333333,0.16508163611094157,0.07414030283689499,0.6545459628105164,1.0,513.0672252616922,3986.453139864454,668.9102381840057,192.97302195989323,1263.3542191730303,3,0.0,0.0,0.0,0.0,1.0,0.0,0.0,3.0,2.3333333333333335,0.0,0.0,1.0,600.0,-14.375000175399085
1572,3219456,-0.0029464559784779945,0.36373699009418486,6.813849830627442,0.00909917156677693,0.03514921966319283,0.18382580528656642,0.040266767144203186,0.696466326713562,0.9973958333333334,513.106159889868,3989.31913699548,669.3229435829999,193.0981612918913,1263.3542191730303,3,0.0,0.0,0.0,0.0,1.0,0.0,0.0,3.0,2.3333333333333335,0.0,0.0,1.0,600.0,-10.498333478967348
1573,3221504,-9.859404720676442e-05,0.7872560918331146,6.815158367156982,0.011451359582618654,0.02903483030386269,0.16254318729043007,0.022075043991208076,0.7761728763580322,0.9933268229166666,513.1523810682883,3992.0441118584786,669.7766200709884,193.22743554389308,1263.3542191730303,3,0.0,0.0,0.0,0.3333333333333333,0.6666666666666666,0.0,0.0,2.0,2.3333333333333335,1.0,0.0,0.6666666666666666,595.6666666666666,-14.883888859922687
1574,3223552,0.0016020166804082692,1.0938621401786803,6.811651913324992,0.012423308824266618,0.01440301009764274,0.17180885697404544,-0.036403998732566833,1.0395756959915161,0.9876302083333334,513.1890896227213,3994.9190387144554,670.1882775310514,193.36553392889618,1263.3542191730303,4,0.0,0.0,0.0,0.0,1.0,0.0,0.0,2.5,2.0,0.5,0.0,1.0,600.0,-15.245416727149859
1575,3225600,-0.0005845544277690351,0.8230570137500763,6.805379327138265,0.040301028002674384,0.034132290491834284,0.19004068846503894,0.18493841588497162,0.9126080274581909,0.9641927083333334,513.2351146862139,3997.66207263642,670.6215233730181,193.50137422989064,1263.3542191730303,4,0.0,0.0,0.0,0.0,1.0,0.0,0.0,3.0,3.0,0.0,0.0,1.0,600.0,-11.769166655605659
1576,3227648,0.00030570803828595673,0.8323476076126098,6.803922907511393,0.011421288254011112,0.009463182301260531,0.1906713828444481,-0.04517963156104088,0.9383882284164429,0.94580078125,513.2903056468377,4000.255887800384,671.0901369390122,193.63129998889053,1263.3542191730303,3,0.0,0.0,0.0,0.0,1.0,0.0,0.0,2.3333333333333335,2.3333333333333335,0.6666666666666666,0.0,1.0,600.0,-14.933333372697234
1577,3229696,-0.0012654409612878226,0.5493706285953521,6.801741409301758,0.007413109574311723,0.03750666904573639,0.21154495651523272,-0.09900501370429993,0.7763830423355103,0.9716796875,513.3318738110986,4003.0501537233868,671.5224921389963,193.76004303489026,1263.3542191730303,4,0.0,0.0,0.0,0.0,1.0,0.0,0.0,2.5,2.0,0.5,0.0,1.0,600.0,-16.04291673586704
1578,3231744,0.0028361453985174495,0.19968187734484671,6.796623563766479,0.020745957177132367,0.016351442597806454,0.1798669365545114,0.08119920641183853,0.5209382772445679,0.9313151041666666,513.3566051445916,4006.036680268291,671.9667604688948,193.888813023892,1263.3542191730303,3,0.0,0.0,0.0,0.0,1.0,0.0,0.0,2.3333333333333335,2.3333333333333335,0.6666666666666666,0.0,1.0,600.0,-21.078888962666195
1579,3233792,-0.000542601163033396,1.0134138703346252,6.790989764531454,0.009588500626462822,0.012773624248802662,0.18646669288476309,-0.010414344258606434,0.984413743019104,0.9635416666666666,513.3840105931239,4009.002469076273,672.4166509489005,194.00480679989414,1263.3542191730303,3,0.0,0.0,0.0,0.0,1.0,0.0,0.0,3.0,3.0,0.0,0.0,1.0,600.0,-15.102777934633195
1580,3235840,-0.0027343217872839885,0.17822636067867278,6.789583683013916,0.008019269394571893,0.06944453706964851,0.20472139567136766,-0.036787550896406174,0.4245316684246063,0.9798177083333334,513.4476519487858,4011.503833925264,672.8690800579861,194.1382333928923,1263.3542191730303,3,0.0,0.0,0.0,0.0,1.0,0.0,0.0,2.3333333333333335,3.0,0.6666666666666666,0.0,1.0,600.0,-20.82722237271567
1581,3237888,-0.0006540944336544878,0.24372581392526627,6.791226609547933,0.0149312228236037,0.015126618669213106,0.17581256677707036,-0.10327765345573425,0.5523214340209961,0.9793294270833334,513.5144120724223,4013.973669829269,673.3128407000622,194.27461733789096,1263.3542191730303,4,0.0,0.0,0.0,0.0,1.0,0.0,0.0,2.75,2.0,0.25,0.0,1.0,600.0,-12.48333343444392
1582,3239936,0.0012405126821249724,0.11507188603281975,6.793016783396403,0.005979994100440914,0.012630208333333334,0.1956354575852553,0.006850054021924734,0.400797039270401,1.0,513.561188111156,4016.701068084265,673.7401357430645,194.4091421238918,1263.3542191730303,4,0.0,0.0,0.0,0.0,1.0,0.0,0.0,3.0,2.0,0.0,0.0,1.0,600.0,-6.65875006117858
1583,3241984,0.0028470045886933803,0.09209125824272632,6.788038635253907,0.06055132579058409,0.021321614583333332,0.17910840486486754,0.0182801540941,0.343208909034729,1.0,513.61502803542,4019.3776984982906,674.1546137171099,194.53428213789448,1263.3542191730303,3,0.0,0.0,0.0,0.0,1.0,0.0,0.0,3.0,2.3333333333333335,0.0,0.0,1.0,600.0,-14.323333302823206
1584,3244032,-0.001674020402909567,0.3184546113014221,6.782451073328654,0.006207063045197477,0.03641647289817532,0.1585938401520252,-0.027482425794005394,0.6482042074203491,0.9993489583333334,513.6576278981389,4022.2213496432523,674.5358655850941,194.66489530789113,1263.3542191730303,4,0.0,0.0,0.0,0.0,1.0,0.0,0.0,2.75,2.5,0.25,0.0,1.0,600.0,-8.894166664220393
1585,3246080,-0.001909464952041162,0.5148980110883713,6.7839701493581135,0.005974114067309226,0.039015774886744715,0.1810334101319313,-0.17528672516345978,0.7737520337104797,0.9928385416666666,513.6846798054713,4025.245252118293,674.9314924620558,194.78595969189337,1263.3542191730303,3,0.0,0.0,0.0,0.0,1.0,0.0,0.0,2.6666666666666665,1.6666666666666667,0.3333333333333333,0.0,1.0,600.0,-9.429444384916374
1586,3248128,0.0018288646009750665,0.6419490277767181,6.787131071090698,0.03451439111765164,0.06874311715364456,0.21717896635333697,-0.20052947103977203,0.8520270586013794,0.9148763020833334,513.720781959679,4028.1325744863134,675.3417394200733,194.90786479188682,1263.3542191730303,3,0.0,0.0,0.0,0.0,1.0,0.0,0.0,2.3333333333333335,3.0,0.6666666666666666,0.0,1.0,600.0,-22.88388887265076
1587,3250176,-0.0012851599283749237,1.5753257036209107,6.786674515406291,0.0065579019525709254,0.024305217472525936,0.18773927216728528,-0.1217556893825531,1.2234418392181396,0.98828125,513.745799612328,4031.1691697954084,675.7460121161057,195.0356901738851,1263.3542191730303,3,0.0,0.0,0.0,0.0,1.0,0.0,0.0,2.6666666666666665,3.0,0.3333333333333333,0.0,1.0,600.0,-22.9294446039324
1588,3252224,-0.001874168395685653,0.609128525853157,6.784086926778158,0.0075960997569685185,0.036484081476616366,0.18703957895437875,0.014668905176222324,0.7811753153800964,0.8766276041666666,513.7979679087672,4033.813187222404,676.1829132931307,195.17256263488525,1263.3542191730303,4,0.0,0.0,0.0,0.0,1.0,0.0,0.0,2.0,3.0,1.0,0.0,1.0,600.0,-26.58416660805233
1589,3254272,-0.001626737037440762,0.6870222479104996,6.784392023086548,0.019226509938016535,0.04609188142543038,0.200945695489645,0.0667761042714119,0.8383356332778931,0.9597981770833334,513.8489483434345,4036.473590472393,676.6373115231181,195.29026316788804,1263.3542191730303,5,0.0,0.0,0.0,0.2,0.8,0.0,0.0,1.8,2.2,1.2,0.0,0.8,554.0,-23.541333487071096
1590,3256320,-0.002093782782352112,1.0784853458404542,6.786575142542521,0.007064727676333859,0.038048874369512,0.20399134382605552,-0.04533534124493599,1.059532642364502,0.9169921875,513.9113986041131,4038.9822870513963,677.0889150902149,195.4263052608876,1263.3542191730303,2,0.0,0.0,0.0,0.0,1.0,0.0,0.0,2.0,2.0,1.0,0.0,1.0,600.0,-25.427499879617244
1591,3258368,-0.003941138875476705,2.543492341041565,6.793352444966634,0.029886987681432706,0.05850456811798115,0.2088147225479285,-0.26986539363861084,1.6128625869750977,0.87109375,513.9715373709404,4041.560620855329,677.5001872591965,195.55352288889117,1263.3542191730303,6,0.0,0.0,0.0,0.5,0.5,0.0,0.0,1.0,2.3333333333333335,2.0,0.0,0.5,520.3333333333334,-21.620833347861964
1592,3260416,0.000402279927705725,1.9618677616119384,6.797078275680542,0.004409273085184395,0.018436732073314487,0.22852314015229544,-0.2150147408246994,1.4247233867645264,0.89697265625,514.0366760966259,4044.082433176336,677.9181830571833,195.6797728238962,1263.3542191730303,3,0.0,0.0,0.0,0.6666666666666666,0.3333333333333333,0.0,0.0,0.3333333333333333,3.0,2.6666666666666665,0.0,0.3333333333333333,465.3333333333333,-39.25722254533321
1593,3262464,0.009410126802201072,0.8443433165550231,6.796838156382242,0.05846585332959269,0.09351100390776992,0.32488235558072726,0.16707588732242584,0.7997202277183533,0.7747395833333334,514.1280652234009,4046.2957178814395,678.3119022861647,195.822757889895,1263.3542191730303,4,0.0,0.0,0.0,0.0,1.0,0.0,0.0,1.5,2.0,1.5,0.0,1.0,600.0,-20.666666864650324
1594,3264512,0.00919423916299517,1.2234959959983827,6.790149243672689,0.01610778324538842,0.02743632302929958,0.26230617438753445,-0.09569191932678223,1.1154978275299072,0.8610026041666666,514.1973987085245,4048.7142776784385,678.7789432821592,195.94344243589148,1263.3542191730303,3,0.0,0.0,0.0,0.3333333333333333,0.6666666666666666,0.0,0.0,0.6666666666666666,1.6666666666666667,2.3333333333333335,0.0,0.6666666666666666,537.0,-23.333333333333332
1595,3266560,-0.002228778724869092,1.3784216701984406,6.787820498148601,0.01758153170036773,0.06039675164890165,0.19974125623703004,-0.07108383625745773,1.1809989213943481,0.91845703125,514.2636399288353,4051.2009839174134,679.2116477701493,196.07664425588882,1263.3542191730303,2,0.0,0.0,0.0,0.5,0.5,0.0,0.0,0.5,3.0,2.5,0.0,0.5,498.0,-25.845000009983778
1596,3268608,0.0017964892713886607,1.386833095550537,6.793047539393107,0.0121496490513285,0.05526620342085759,0.24883708010117214,-0.1889399290084839,1.1654822826385498,0.8919270833333334,514.3440540138289,4053.540679150443,679.6164336552101,196.198158412888,1263.3542191730303,5,0.0,0.0,0.0,0.2,0.8,0.0,0.0,1.8,2.0,1.0,0.2,0.8,578.6,-20.75833341348916
1597,3270656,-0.001451373992798229,1.2742626905441283,6.79352978070577,0.033110452160084,0.024440992856398225,0.1931903086602688,-0.04544270783662796,1.0574591159820557,0.88037109375,514.4183027951216,4055.9793067024,680.0018341421164,196.3177900318915,1263.3542191730303,4,0.0,0.0,0.0,0.25,0.75,0.0,0.0,1.5,2.25,1.25,0.25,0.75,558.75,-30.249583557015285
1598,3272704,-0.0010354138658537218,1.9482961654663087,6.795461432139079,0.013779044042651852,0.02813957106942932,0.18257436354955037,-0.11967793852090836,1.4862738847732544,0.89013671875,514.4890282460382,4058.4577207294496,680.3870560221112,196.44622901389084,1263.3542191730303,4,0.0,0.0,0.0,0.0,1.0,0.0,0.0,2.25,1.5,0.75,0.0,1.0,600.0,-11.206250026356429
1599,3274752,-0.00275399749710535,1.4237592935562133,6.802100245157877,0.01672333268603931,0.028318314611290894,0.20684527605772018,0.042959172278642654,1.1361058950424194,0.8961588541666666,514.5406715176688,4061.117048590473,680.8212968751177,196.579096082889,1263.3542191730303,4,0.0,0.0,0.0,0.25,0.75,0.0,0.0,1.75,2.0,0.75,0.5,0.75,551.25,-21.13458379707299
1600,3276800,0.0016931708950626975,0.6956287264823914,6.8095569292704266,0.011596690997248516,0.028880612334857385,0.20762796501318614,-0.09731745719909668,0.8368911743164062,0.8232421875,514.6045678782026,4063.605942812421,681.2649030471075,196.71440103488567,1263.3542191730303,2,0.0,0.0,0.0,0.0,1.0,0.0,0.0,2.0,3.0,1.0,0.0,1.0,600.0,-32.625833980273455
1601,3278848,0.0012281363519529502,0.9671348750591278,6.812916692097982,0.0069479866224961976,0.02341373128583655,0.2194975346326828,-0.0037797216791659594,0.9915313720703125,0.892578125,514.6931752468623,4065.8555160254036,681.6681647251316,196.836186716886,1263.3542191730303,4,0.0,0.0,0.0,0.25,0.75,0.0,0.0,1.5,2.75,1.25,0.25,0.75,595.0,-29.85791707027238
1602,3280896,-0.000380000623408705,0.45353566110134125,6.816593472162882,0.013157808714701484,0.03703695700193445,0.16631691480676333,0.12147378921508789,0.7419589757919312,0.9571940104166666,514.7512760356908,4068.4907727513637,682.0605895791596,196.96258299488545,1263.3542191730303,2,0.0,0.0,0.0,0.0,1.0,0.0,0.0,2.5,2.0,0.5,0.0,1.0,600.0,-15.584166998043656
1603,3282944,0.02285627801514541,2.099224495887756,6.813740078608195,0.0312654230510816,0.07618957033070425,0.3809678206841151,0.012842332012951374,1.5704762935638428,0.86572265625,514.8087201534315,4071.129937599384,682.4414990292062,197.08263294888457,1263.3542191730303,4,0.0,0.0,0.0,0.0,1.0,0.0,0.0,2.5,1.5,0.5,0.0,1.0,600.0,-11.868333358550444
1604,3284992,-0.0006151133003489425,0.37537348866462705,6.801377614339192,0.004207502793481884,0.012521566442834834,0.17252195551991462,0.23235231637954712,0.5311611890792847,0.8990885416666666,514.8541294188121,4073.851029216399,682.8836421652377,197.2054304088888,1263.3542191730303,5,0.0,0.0,0.0,0.2,0.8,0.0,0.0,1.8,2.6,0.8,0.4,0.8,566.2,-21.46400012075901
1605,3287040,0.001152483627568775,0.7219640254974365,6.797289085388184,0.02338750989874825,0.025072777783498167,0.19287864615519842,0.30801674723625183,0.857136607170105,0.9944661458333334,514.897584986959,4076.6025302704074,683.3250104221661,197.32781564389006,1263.3542191730303,3,0.0,0.0,0.0,0.0,1.0,0.0,0.0,3.0,2.3333333333333335,0.0,0.0,1.0,600.0,-6.793888933335741
1606,3289088,0.0010423165712078722,0.5784900844097137,6.8017276128133135,0.006908877527772954,0.01709290928362558,0.18480440800388653,0.07521769404411316,0.7967237234115601,0.9484049479166666,514.9393098086606,4079.3902348374177,683.763547424227,197.44278699788993,1263.3542191730303,4,0.0,0.0,0.0,0.0,1.0,0.0,0.0,2.25,2.5,0.75,0.0,1.0,600.0,-14.79229172738269
1607,3291136,0.004154680481102939,0.7610218107700348,6.801410563786825,0.019483477672717225,0.0250378045020625,0.229537919908762,0.02494107373058796,0.9177086353302002,0.98583984375,514.9702235063805,4082.2369401944234,684.2249291172266,197.6053799208894,1263.3542191730303,2,0.0,0.0,0.0,0.0,1.0,0.0,0.0,2.5,3.0,0.5,0.0,1.0,600.0,-20.88499984750524
1608,3293184,0.0007682680579212804,0.5419055581092834,6.801190296808879,0.0202955446128423,0.037456510142267994,0.20213643064101536,-0.00312114623375237,0.795426070690155,0.9915364583333334,515.0129074026441,4084.9829317624462,684.6562783251866,197.72211680488545,1263.3542191730303,4,0.0,0.0,0.0,0.0,1.0,0.0,0.0,2.5,3.0,0.5,0.0,1.0,600.0,-21.830625170841813
1609,3295232,-0.0004837478899086515,2.214060640335083,6.806929953893026,0.015171521176428844,0.017710673238616435,0.20058256809910138,-0.1657356321811676,1.5312806367874146,0.9228515625,515.0646772114042,4087.6702273034534,685.0611377252644,197.854006410882,1263.3542191730303,3,0.0,0.0,0.0,0.3333333333333333,0.6666666666666666,0.0,0.0,2.0,1.6666666666666667,1.0,0.0,0.6666666666666666,568.0,-17.5650000142244
1610,3297280,-0.0013447492965497077,1.1777634859085082,6.812957350413004,0.01623368604341522,0.034834945333811144,0.19192873934904733,-0.22883613407611847,1.0955662727355957,0.9069010416666666,515.1310380111314,4090.2139293465225,685.437429439291,197.9759587658773,1263.3542191730303,4,0.0,0.0,0.0,0.5,0.5,0.0,0.0,1.5,2.5,1.0,0.5,0.5,564.5,-31.15000037685968
1611,3299328,0.002190795874533554,0.6785951972007751,6.816429313023885,0.005393502396570208,0.02114066780389597,0.1825282630821069,-0.036180030554533005,0.8673197031021118,0.8948567708333334,515.2038514037549,4092.675095628503,685.8023053113066,198.11280267987604,1263.3542191730303,4,0.0,0.0,0.0,0.0,1.0,0.0,0.0,2.5,2.0,0.5,0.0,1.0,600.0,-14.025000019464642
1612,3301376,0.004077225093108912,0.6777595162391663,6.817272583643596,0.008137288524691637,0.03287207519169897,0.22002407982945443,0.05117950588464737,0.8522993922233582,0.9228515625,515.2402772125365,4095.5206624464627,686.2154902382899,198.23980675987696,1263.3542191730303,60,0.0,0.0,0.0,0.5,0.5,0.0,0.5833333333333334,0.11666666666666667,2.85,2.216666666666667,nan,0.11666666666666667,304.21666666666664,nan
1613,3303424,-7.733019592706114e-05,0.42302984595298765,6.816950941085816,0.008558190893381834,0.035013971772665776,0.18348059927423796,0.05026824399828911,0.64815354347229,0.9567057291666666,512.9710891816818,4098.400493452442,686.6710442482217,198.37308295287949,1292.0580733390307,4,0.0,0.0,0.0,0.0,1.0,0.0,0.0,3.0,3.0,0.0,0.0,1.0,600.0,-14.325833342270926
1614,3305472,-0.0021335095962664733,1.1790770292282104,6.816422367095948,0.015256468212949887,0.021000527458575866,0.20028803398211797,-0.14645661413669586,1.079581618309021,0.9124348958333334,513.0230395988199,4101.118292655425,687.057241899267,198.50162682587688,1292.0580733390307,3,0.0,0.0,0.0,0.3333333333333333,0.6666666666666666,0.0,0.0,1.0,2.0,1.6666666666666667,0.3333333333333333,0.6666666666666666,564.6666666666666,-25.625000088475645
1615,3307520,0.0023381478269584475,1.369345247745514,6.81688084602356,0.02332250465018054,0.045048275085476534,0.21847139075398445,-0.38497477769851685,1.1406148672103882,0.8600260416666666,513.0800267285612,4103.750240176392,687.4673070712452,198.6202901198776,1292.0580733390307,3,0.0,0.0,0.0,0.3333333333333333,0.6666666666666666,0.0,0.0,1.3333333333333333,2.0,1.3333333333333333,0.3333333333333333,0.6666666666666666,574.6666666666666,-31.429166958046455
1616,3309568,-0.0003676702675875276,2.5289083242416384,6.8198624610900875,0.05280982274368095,0.0327167160770235,0.2316929747660955,-0.09371879696846008,1.712847113609314,0.8268229166666666,513.1390137229782,4106.31120191935,687.9157296773046,198.7373032118776,1292.0580733390307,4,0.0,0.0,0.0,0.25,0.75,0.0,0.0,2.0,2.75,0.75,0.25,0.75,547.75,-24.746041740407236
1617,3311616,-0.0010953833892320592,0.45324839651584625,6.8256105581919355,0.034203669761579174,0.038653440323347846,0.21867394695679346,0.003280976787209511,0.704075038433075,0.8536783854166666,513.2229906941535,4108.601812906381,688.3204602503247,198.86146794188244,1292.0580733390307,3,0.0,0.0,0.0,0.6666666666666666,0.3333333333333333,0.0,0.0,1.0,2.6666666666666665,1.0,1.0,0.3333333333333333,522.3333333333334,-31.46416695229709
1618,3313664,-0.0014397412616138658,2.330779552459717,6.830454794565837,0.00668627137686902,0.019504005073880157,0.18156977345546085,0.14154742658138275,1.4006825685501099,0.8767903645833334,513.2980552716087,4110.985130480389,688.7468822613155,198.9745462128849,1292.0580733390307,6,0.0,0.0,0.0,0.16666666666666666,0.8333333333333334,0.0,0.0,1.8333333333333333,2.0,0.8333333333333334,0.3333333333333333,0.8333333333333334,561.5,-21.101944681101788
1619,3315712,0.006375946935683411,0.6209314972162246,6.830302556355794,0.007922347367275507,0.026095288914317886,0.24939848408102988,0.10620953887701035,0.675308346748352,0.9026692708333334,513.3470541217971,4113.681525448359,689.1864561834154,199.09961945188843,1292.0580733390307,2,0.0,0.0,0.0,1.0,0.0,0.0,0.0,0.0,1.5,2.5,0.5,0.0,525.0,-31.977083381265402
1620,3317760,0.00812478926188002,0.8380829930305481,6.822652546564738,0.008903512036583076,0.033580583659932016,0.20874790847301483,-0.02589968964457512,0.8791787624359131,0.9578450520833334,513.3811553364461,4116.510661684348,689.6548484784435,199.22728822088538,1292.0580733390307,5,0.0,0.0,0.0,0.2,0.8,0.0,0.0,2.2,2.4,0.6,0.2,0.8,579.6,-18.021000013686717
1621,3319808,-0.0015387407736852765,1.9976371288299561,6.819838937123617,0.013351325890592609,0.03240553182549775,0.19499149893720943,-0.06092698499560356,1.2958858013153076,0.9747721354166666,513.414127735629,4119.406873303371,690.088255395407,199.35602167987963,1292.0580733390307,4,0.0,0.0,0.0,0.5,0.5,0.0,0.0,1.5,2.25,0.75,0.75,0.5,467.25,-24.512500062584877
1622,3321856,0.001730906687832127,0.4649064064025879,6.823500649134318,0.010826065291378957,0.02448855872110774,0.2076587865749995,-0.03871234506368637,0.6844738721847534,0.9625651041666666,513.4648848938078,4122.095742448342,690.5113764604102,199.48264078787906,1292.0580733390307,1,0.0,0.0,0.0,0.0,1.0,0.0,1.0,2.0,3.0,0.0,0.0,1.0,600.0,-24.925000264309347
1623,3323904,0.06250636067707091,1.1946475505828857,6.818216673533121,0.028566389046803427,0.01838909585106497,0.6580125011503697,-0.09699647128582001,1.1402406692504883,0.95751953125,513.5108345832447,4124.81626786432,690.9530004104745,199.60569986088376,1292.0580733390307,6,0.0,0.0,0.0,0.16666666666666666,0.8333333333333334,0.0,0.16666666666666666,2.3333333333333335,2.6666666666666665,0.5,0.0,0.8333333333333334,593.3333333333334,-20.48222229614233
1624,3325952,-0.001018844098628809,0.29430092722177503,6.812863524754842,0.004253148693048085,0.01919257443320627,0.17662543455759686,-0.05860185623168945,0.5632457733154297,0.9407552083333334,513.5966261605338,4127.044386335358,691.3880456374754,199.73226615788008,1292.0580733390307,1,0.0,0.0,0.0,0.0,1.0,0.0,0.0,3.0,1.0,0.0,0.0,1.0,600.0,-13.750000206753612
1625,3328000,0.005346732800050328,1.1212306916713715,6.810770082473755,0.016984207668186476,0.033196230872999874,0.2591037951409817,0.02003856562077999,0.9696904420852661,0.9353841145833334,513.6481838021448,4129.689745200361,691.8328241464187,199.85372791687405,1292.0580733390307,6,0.0,0.0,0.0,0.3333333333333333,0.6666666666666666,0.0,0.0,1.5,1.8333333333333333,1.3333333333333333,0.16666666666666666,0.6666666666666666,576.1666666666666,-29.061111288145185
1626,3330048,-0.0019238545326516032,0.5449722170829773,6.807289409637451,0.010040522516161825,0.04482043962925673,0.18205650746822358,-0.1381320208311081,0.7218716144561768,0.9739583333333334,513.6884191178808,4132.505381698342,692.2631408264278,199.9771044098743,1292.0580733390307,2,0.0,0.0,0.0,0.0,1.0,0.0,1.0,2.0,2.0,0.0,0.0,1.0,600.0,-15.817499915836379
1627,3332096,0.0024777702948388953,0.8614020884037018,6.811616722742716,0.021752960248462235,0.06903718614485115,0.20386169205109278,-0.21511127054691315,0.9721248149871826,0.9892578125,513.7278607348654,4135.282314318363,692.7247425085297,200.10233192387386,1292.0580733390307,4,0.0,0.0,0.0,0.0,1.0,0.0,0.0,3.0,2.5,0.0,0.0,1.0,600.0,-20.045000137994066
1628,3334144,0.0009220527290987472,0.5205494731664657,6.81159987449646,0.020019289490301163,0.02733949137230714,0.19388718282183012,-0.08785291761159897,0.7226099371910095,0.9197591145833334,513.811329329257,4137.614173923415,693.0992928725609,200.22130675787776,1292.0580733390307,4,0.0,0.0,0.0,0.0,1.0,0.0,0.0,2.25,2.5,0.75,0.0,1.0,600.0,-24.005208207992837
1629,3336192,-0.00010278248810209334,0.8156096994876861,6.812245353062948,0.005503324920330972,0.02316212865213553,0.18582561785976093,-0.04917260259389877,0.8934616446495056,0.9222005208333334,513.8882121126958,4139.950746294402,693.5355519695586,200.34317905188072,1292.0580733390307,2,0.0,0.0,0.0,0.5,0.5,0.0,0.0,1.0,1.5,1.5,0.5,0.5,537.5,-25.475000048987567
1630,3338240,-0.0012938524479977787,0.15690080374479293,6.811523135503133,0.006492243125103414,0.03744905626711746,0.18708057527740796,0.012323398143053055,0.4210527241230011,0.998046875,513.9359465787542,4142.641332785315,693.9801798495319,200.46606393188267,1292.0580733390307,5,0.0,0.0,0.0,0.0,1.0,0.0,0.0,2.6,1.0,0.4,0.0,1.0,600.0,-18.997333349846304
1631,3340288,0.0005954780305425326,0.24491856396198272,6.808255036671956,0.006844833384578427,0.021354166666666667,0.19638668795426686,0.14461031556129456,0.5789182186126709,1.0,513.9819907913497,4145.3288551442965,694.4403547455877,200.6065727898822,1292.0580733390307,1,0.0,0.0,0.0,0.0,1.0,0.0,0.0,3.0,3.0,0.0,0.0,1.0,600.0,-19.939999948255718
1632,3342336,0.008285472596374651,0.8453141570091247,6.804227574666341,0.07587168040918187,0.0751342821555833,0.2786964555581411,0.2215055674314499,0.9409077763557434,0.9580078125,514.0344034562262,4147.980692544312,694.867186871561,200.73193509088014,1292.0580733390307,5,0.0,0.0,0.0,0.0,1.0,0.0,0.0,2.6,2.2,0.4,0.0,1.0,600.0,-20.137500350177287
1633,3344384,0.0010066152996538829,0.606355881690979,6.80027813911438,0.01637076513143256,0.03702587610265861,0.1777739018201828,0.08154018968343735,0.7792101502418518,0.9729817708333334,514.0698732375488,4150.839336923345,695.303641415645,200.85290368587448,1292.0580733390307,3,0.0,0.0,0.3333333333333333,0.0,0.6666666666666666,0.0,0.0,2.3333333333333335,2.0,0.6666666666666666,0.0,0.6666666666666666,580.3333333333334,-13.912777885173758
1634,3346432,-0.0012140207923948764,1.5711928844451903,6.7988776683807375,0.008393176128932586,0.016924364453492064,0.18295973738034566,-0.21502475440502167,1.3069578409194946,0.9617513020833334,514.0796024940041,4153.732140185413,695.7457254675755,200.9766177018755,1292.0580733390307,4,0.0,0.0,0.0,0.0,1.0,0.0,0.0,2.75,2.5,0.25,0.0,1.0,600.0,-22.971666673896834
1635,3348480,-1.6728825479124983e-05,0.7472960352897644,6.804770787556966,0.006383883751307925,0.016779857998092968,0.19755824704964955,-0.1292746365070343,0.9026264548301697,0.95068359375,514.1177111474541,4156.563025834388,696.169472419555,201.10104014888202,1292.0580733390307,4,0.0,0.0,0.0,0.0,1.0,0.0,0.25,2.25,3.0,0.5,0.0,1.0,600.0,-31.861458429601043
1636,3350528,0.0011673545411516292,0.8879374146461487,6.802130953470866,0.015686000986897854,0.017210875152765464,0.19634372840325037,0.14406752586364746,0.993744969367981,0.91796875,514.1606352824223,4159.3244461653885,696.6102546585462,201.2215821828795,1292.0580733390307,2,0.0,0.0,0.0,0.0,1.0,0.0,0.0,3.0,2.0,0.0,0.0,1.0,600.0,-14.037500161677599
1637,3352576,0.005254347741720266,1.2567053079605102,6.797124751408895,0.023257032479159535,0.043314035007885346,0.24747704764207204,-0.004829377867281437,1.1446038484573364,0.81591796875,514.2079441657085,4162.081707836434,697.0019190415114,201.34307836688095,1292.0580733390307,4,0.0,0.0,0.0,0.0,1.0,0.0,0.0,1.75,2.75,1.0,0.25,1.0,600.0,-27.186041608685628
1638,3354624,0.0018659515810819963,1.7797512888908387,6.792452176411946,0.010737028522028898,0.056754371345353626,0.2270943028231462,-0.2216513603925705,1.3470529317855835,0.9111328125,514.2676571906383,4164.693659789395,697.3928973155125,201.46059436787618,1292.0580733390307,2,0.0,0.0,0.0,0.0,1.0,0.0,0.0,1.0,3.0,2.0,0.0,1.0,600.0,-28.220833593513817
1639,3356672,0.004668893769849092,1.170098453760147,6.783501927057902,0.013029596349224449,0.041079319966956976,0.24661775132020314,0.24047276377677917,0.9886149168014526,0.8787434895833334,514.3329860182727,4167.196260608442,697.8051594635617,201.58170548187627,1292.0580733390307,5,0.0,0.0,0.0,0.0,1.0,0.0,0.0,1.8,2.6,1.2,0.0,1.0,600.0,-33.058000180963425
1640,3358720,0.0050242447876371445,1.2457345068454742,6.774541441599528,0.018505160820980866,0.02933687794332703,0.2261446461081505,0.03766944631934166,1.1520609855651855,0.9436848958333334,514.3731447445838,4170.004886958508,698.2392525805844,201.6975227218718,1292.0580733390307,3,0.0,0.0,0.0,0.0,1.0,0.0,0.0,2.3333333333333335,1.6666666666666667,0.6666666666666666,0.0,1.0,600.0,-19.58777777198702
1641,3360768,-0.0018756464744607607,1.7590092778205872,6.774459377924601,0.007947249470938307,0.030999948961349826,0.21371774896979331,-0.005695792380720377,1.329527497291565,0.8614908854166666,514.4214172355514,4172.650754219489,698.6861237105768,201.8475278748665,1292.0580733390307,5,0.0,0.0,0.0,0.4,0.6,0.0,0.6,0.6,3.0,1.8,0.0,0.6,555.8,-37.51766668418422
1642,3362816,-0.0012432457677884182,0.3133987203240395,6.7712266127268474,0.019077209856671593,0.024591014390656103,0.20512806350986162,0.07833059877157211,0.4982382357120514,0.9597981770833334,514.4775436776209,4175.227199225526,699.1301053635616,201.9748896158635,1292.0580733390307,3,0.0,0.0,0.0,0.3333333333333333,0.6666666666666666,0.0,0.3333333333333333,1.3333333333333333,3.0,1.3333333333333333,0.0,0.6666666666666666,557.6666666666666,-28.748888979976375
1643,3364864,-0.00010173106129514053,0.4582542508840561,6.768112897872925,0.004598585894564166,0.014194611296989023,0.1866666222612063,0.18077827990055084,0.683874785900116,0.9747721354166666,514.538106843023,4177.764710485513,699.5598198446532,202.1025453028633,1292.0580733390307,3,0.0,0.0,0.0,0.0,1.0,0.0,0.0,2.6666666666666665,1.6666666666666667,0.3333333333333333,0.0,1.0,600.0,-22.25166651730736
1644,3366912,-0.0009299234254285694,0.9291583478450776,6.768565511703491,0.015508942688272024,0.04526268046659728,0.18667650495966276,-0.046313442289829254,0.9577063322067261,0.9777018229166666,514.6019016705264,4180.280696529509,699.9705614167251,202.22922406186262,1292.0580733390307,4,0.0,0.0,0.0,0.0,1.0,0.0,0.25,2.5,2.5,0.25,0.0,1.0,600.0,-18.140000083018094
1645,3368960,-0.00106898487235109,0.43935332000255584,6.775408665339152,0.013971723738359287,0.01915560238994658,0.17230667223532994,0.05362769588828087,0.6400039196014404,0.9773763020833334,514.659124197843,4182.9422869945265,700.3433110776605,202.346615839866,1292.0580733390307,2,0.0,0.0,0.0,0.0,1.0,0.0,0.0,2.0,2.0,1.0,0.0,1.0,600.0,-22.74333340395242
1646,3371008,-0.001530304763582535,1.2083005070686341,6.7780031363169355,0.01881558005528253,0.018903990237352748,0.1896959443887075,-0.22417393326759338,1.1192495822906494,0.9025065104166666,514.7312794151435,4185.307313621466,700.7896364316839,202.47177558886324,1292.0580733390307,5,0.0,0.0,0.0,0.0,1.0,0.0,0.2,2.0,2.2,0.8,0.0,1.0,600.0,-21.59916677409783
1647,3373056,0.0016209048005597045,0.3464310586452484,6.778579076131185,0.010375850535153101,0.016145362852451703,0.17265171433488527,0.07263130694627762,0.5853637456893921,0.99609375,514.797037413346,4187.784592860429,701.2270001736033,202.5887396978651,1292.0580733390307,2,0.0,0.0,0.0,0.0,1.0,0.0,0.0,2.5,2.0,0.5,0.0,1.0,600.0,-26.557500035036355
1648,3375104,-0.0005221319734118879,1.284585678577423,6.774393939971924,0.016356317175086586,0.0431746091072758,0.19929298808177312,-0.19670245051383972,1.1475958824157715,0.9661458333333334,514.8510904913495,4190.359915446366,701.6957197755837,202.71272771886288,1292.0580733390307,4,0.0,0.0,0.0,0.0,1.0,0.0,0.0,2.75,1.5,0.25,0.0,1.0,600.0,-18.33958341833204
1649,3377152,0.0034964854227534183,0.7976271986961365,6.769631417592366,0.016384427273563536,0.08353041424416005,0.28354355444510776,-0.024507597088813782,0.926174521446228,0.849609375,514.9250923934563,4192.722584315314,702.1236077205176,202.83636962686433,1292.0580733390307,4,0.0,0.0,0.0,0.0,1.0,0.0,0.25,2.25,2.5,0.5,0.0,1.0,600.0,-25.926458504982293
1650,3379200,-0.0015924770404429486,1.7304141402244568,6.762063201268514,0.011642317823134362,0.009703082288615406,0.19086227416992188,-0.11276567727327347,1.1989794969558716,0.9055989583333334,514.9906466606097,4195.2414185443195,702.5112371545401,202.95667603486072,1292.0580733390307,4,0.0,0.0,0.0,0.5,0.5,0.0,0.0,1.25,2.5,1.25,0.5,0.5,548.5,-32.862083692336455
1651,3381248,0.0006672252823288242,1.084296029806137,6.763407357533773,0.031070347281638534,0.019846781723511717,0.2214375140766303,-0.09925419092178345,1.04379141330719,0.9314778645833334,515.0432923656698,4197.933705527314,702.8922379735013,203.07866014185856,1292.0580733390307,3,0.0,0.0,0.0,0.0,1.0,0.0,0.0,2.0,2.3333333333333335,1.0,0.0,1.0,600.0,-26.49333347907911
1652,3383296,-0.002561117083920787,1.7063462615013123,6.759354941050211,0.006811527603228266,0.03703042620327324,0.21305915440122286,-0.10926450788974762,1.22641122341156,0.9117838541666666,515.0920639493414,4200.5888440803465,703.3326227664948,203.21319511686306,1292.0580733390307,4,0.0,0.0,0.0,0.25,0.75,0.0,0.0,1.5,2.25,1.25,0.25,0.75,562.5,-29.492291913367808
1653,3385344,-0.0006733468268066645,1.1999038338661194,6.753638124465942,0.01758223372356345,0.028474261898857853,0.1964341993133227,0.26263514161109924,1.0188202857971191,0.9283854166666666,515.1725398161915,4202.861271988411,703.7550827774176,203.3489526718622,1292.0580733390307,3,0.0,0.0,0.0,0.0,1.0,0.0,1.0,1.6666666666666667,3.0,0.3333333333333333,0.0,1.0,600.0,-27.73527771172424
1654,3387392,0.003002366578827302,0.18113143146038055,6.7475916862487795,0.009602755828139683,0.031535685217628874,0.20952619661887487,-0.08954727649688721,0.4748457968235016,0.9947916666666666,515.2394267057919,4205.312157691413,704.187554841461,203.47470678086393,1292.0580733390307,2,0.0,0.0,0.0,0.0,1.0,0.0,0.0,2.5,2.0,0.5,0.0,1.0,600.0,-25.63666649768129
1655,3389440,0.013398138276291624,1.533505141735077,6.739566802978516,0.03385888345364947,0.07240715622125814,0.2887974642217159,-0.06065409630537033,1.2477227449417114,0.9326171875,515.2922646390282,4207.930970905429,704.6276417784466,203.5909006698639,1292.0580733390307,4,0.0,0.0,0.0,0.25,0.75,0.0,0.0,2.0,1.0,1.0,0.0,0.75,585.75,-21.825416673207656
1656,3391488,-0.00449281030887505,2.4427260041236876,6.735394843419393,0.006932338520467359,0.028992834128439428,0.1965547372897466,-0.18430882692337036,1.6931554079055786,0.8844401041666666,515.3683707468703,4210.308804620399,705.0152343834488,203.7139920868649,1292.0580733390307,6,0.0,0.0,0.0,0.5,0.5,0.0,0.16666666666666666,1.5,2.1666666666666665,1.1666666666666667,0.16666666666666666,0.5,546.3333333333334,-30.607083366640534
1657,3393536,4.7589931637048724e-05,2.3711015701293947,6.740202124913534,0.00722785131559552,0.009563247680974503,0.17910316834847131,-0.14406688511371613,1.4604665040969849,0.8707682291666666,515.4648743871736,4212.447556233412,705.3895005244631,203.83478585787088,1292.0580733390307,3,0.0,0.0,0.0,0.3333333333333333,0.6666666666666666,0.0,0.0,2.0,1.6666666666666667,0.3333333333333333,0.6666666666666666,0.6666666666666666,564.3333333333334,-26.078333714666467
1658,3395584,0.004705457428159813,0.6906847596168518,6.740354331334432,0.07255099375033751,0.031615472460786505,0.24510959560672443,-0.009495653212070465,0.7893354296684265,0.9182942708333334,515.5519236593584,4214.640597912425,705.7927439004707,203.97639534986956,1292.0580733390307,3,0.0,0.0,0.0,0.0,1.0,0.0,0.0,2.0,1.6666666666666667,0.3333333333333333,0.6666666666666666,1.0,600.0,-33.70611184835434
1659,3397632,0.005662267938411484,1.6894001245498658,6.732379817962647,0.012107463735931863,0.05632865484803915,0.24177005936702092,-0.07189954072237015,1.3453599214553833,0.9500325520833334,515.6100113062187,4217.199493161454,706.2095943634704,204.1020348588645,1292.0580733390307,4,0.0,0.0,0.0,0.0,1.0,0.0,0.75,2.25,1.5,0.0,0.0,1.0,600.0,-23.250416698050685
1660,3399680,-0.0014617678942158818,2.3007338523864744,6.727468013763428,0.009890427810387337,0.046922066683570546,0.24750714153051376,-0.451372891664505,1.5129668712615967,0.8033854166666666,515.6439612701703,4220.047771106409,706.6375456824826,204.2409254088634,1292.0580733390307,4,0.0,0.75,0.0,0.75,0.25,0.0,2.5,0.5,2.5,0.0,0.0,0.25,502.5,-42.21541713736951
1661,3401728,-0.00197288462271293,1.8130080223083496,6.728344949086507,0.006690402425980816,0.024995830173914633,0.19174206852912903,-0.04436228796839714,1.3769257068634033,0.9124348958333334,515.6819502607912,4222.878520330421,707.0619657265561,204.3552824248618,1292.0580733390307,60,0.0,0.0,0.0,0.0,1.0,0.0,2.1,0.1,3.0,0.8,nan,0.1,337.7,nan
1662,3403776,-0.0004517372619981567,2.8815535068511964,6.726436916987101,0.006132148060714826,0.017315568239428102,0.24101062417030333,-0.22468119859695435,1.6738742589950562,0.8592122395833334,513.6222627207753,4225.631485580503,707.5301754615575,204.46928724186,1319.03108616003,4,0.0,0.0,0.0,0.25,0.75,0.0,1.0,1.25,2.5,0.75,0.0,0.75,579.5,-39.35125056607649
1663,3405824,0.002461925738801559,1.9219100594520568,6.719404856363933,0.014323055022396147,0.02372143215422208,0.2198506052295367,-0.21853213012218475,1.3578886985778809,0.892578125,513.6547398765294,4228.494627104534,707.9860560345114,204.5902947168579,1319.03108616003,5,0.0,0.4,0.0,0.6,0.4,0.0,1.8,0.6,2.6,0.6,0.0,0.4,560.4,-41.35183369861916
1664,3407872,0.0043006402750809984,2.9498254537582396,6.715981531143188,0.011226243616692954,0.06912487114702041,0.2908208097020785,-0.3459569215774536,1.8404721021652222,0.85205078125,513.7042915654919,4231.143659570516,708.4319202585393,204.72691309985385,1319.03108616003,3,0.0,0.6666666666666666,0.0,0.6666666666666666,0.3333333333333333,0.0,2.3333333333333335,0.6666666666666666,3.0,0.0,0.0,0.3333333333333333,440.3333333333333,-35.84861088621741
1665,3409920,0.006115246362363299,1.9602312088012694,6.709751431147257,0.008894465756990636,0.0666039588007455,0.289373450477918,-0.1758042275905609,1.411571979522705,0.9088541666666666,513.751801397085,4233.823926066427,708.8713927275239,204.84940602585266,1319.03108616003,4,0.0,0.25,0.0,0.25,0.75,0.0,1.25,1.25,2.0,0.5,0.0,0.75,579.75,-30.621667039464228
1666,3411968,-0.0014168827949712674,3.838552141189575,6.702659606933594,0.003875789610507733,0.015360828194146355,0.22173139154911042,-0.7732185125350952,1.9897353649139404,0.72216796875,513.8219694340823,4236.230104044385,709.2828178555501,204.9935612858535,1319.03108616003,5,0.0,0.4,0.0,0.8,0.2,0.0,2.2,0.4,2.2,0.4,0.0,0.2,486.4,-40.629500249121335
1667,3414016,-0.001873737790932258,3.831932616233826,6.705972639719645,0.009453998020277746,0.01704214874577398,0.24075709333022435,-1.0374987125396729,2.143463134765625,0.6624348958333334,513.9082998194831,4238.438871903396,709.7071910575105,205.11313264785713,1319.03108616003,3,0.0,0.3333333333333333,0.0,0.3333333333333333,0.6666666666666666,0.0,2.3333333333333335,0.6666666666666666,3.0,0.0,0.0,0.6666666666666666,513.0,-49.485278653446585
1668,3416064,-0.0021854053367860614,2.535215902328491,6.709448925654093,0.006285620827111415,0.02284902889902393,0.2172454960644245,-0.2968860864639282,1.717158317565918,0.7176106770833334,513.9752035120074,4240.838507133427,710.1642053105752,205.24014841086318,1319.03108616003,7,0.0,0.2857142857142857,0.0,0.8571428571428571,0.14285714285714285,0.0,1.8571428571428572,0.14285714285714285,2.5714285714285716,0.8571428571428571,0.14285714285714285,0.14285714285714285,453.85714285714283,-50.4951198038512
1669,3418112,-7.310855823258558e-05,3.8375736951828,6.714188861846924,0.003914500923322824,0.009300845791585743,0.24715042461951572,-0.5444230437278748,2.276554584503174,0.61572265625,514.0922334112051,4242.69332148751,710.5466212086321,205.3682186698643,1319.03108616003,3,0.0,0.3333333333333333,0.0,1.0,0.0,0.0,2.0,0.0,2.0,0.6666666666666666,0.3333333333333333,0.0,374.6666666666667,-38.58083363731081
1670,3420160,-0.002204709730964775,2.0620962142944337,6.717640654246012,0.004327610455220565,0.022298127478764702,0.2011341318488121,-0.012697093188762665,1.5105236768722534,0.7677408854166666,514.1582012778925,4245.13745044353,710.9852500355628,205.48390004585963,1319.03108616003,6,0.0,0.16666666666666666,0.0,1.0,0.0,0.0,1.3333333333333333,0.0,2.0,1.3333333333333333,0.3333333333333333,0.0,476.5,-43.76236147092035
1671,3422208,-0.0032171450283688804,3.0508957862854005,6.716616837183635,0.006462035088952689,0.04175371292512864,0.225482273598512,-0.33724334836006165,1.9602670669555664,0.6907552083333334,514.2244992279504,4247.578137922508,711.418244090557,205.61263772485836,1319.03108616003,2,0.0,1.0,0.0,1.0,0.0,0.0,3.0,0.0,3.0,0.0,0.0,0.0,312.5,-40.617917072959244
1672,3424256,-0.0010746010423948367,3.049080467224121,6.720547564824423,0.00322112585126888,0.02144324122928083,0.20979883099595706,0.05771312490105629,1.7365421056747437,0.73095703125,514.282306209759,4250.07915131154,711.8818167245627,205.74298563685443,1319.03108616003,7,0.0,0.42857142857142855,0.0,0.5714285714285714,0.42857142857142855,0.0,2.142857142857143,0.5714285714285714,2.7142857142857144,0.2857142857142857,0.0,0.42857142857142855,482.14285714285717,-49.48976279502468
1673,3426304,-0.0020141549638841147,2.4128176093101503,6.726848729451498,0.003074591218698212,0.013882651913445444,0.20661635398864747,-0.015519795008003712,1.6377863883972168,0.7325846354166666,514.3555150519768,4252.477304114538,712.2865960585841,205.8642766758494,1319.03108616003,1,0.0,1.0,0.0,1.0,0.0,0.0,3.0,0.0,3.0,0.0,0.0,0.0,450.0,-39.155000356491655
1674,3428352,-0.0016408009454607964,1.674286389350891,6.73107681274414,0.007050832633588773,0.035845150069023175,0.18928038304050762,0.2613629102706909,1.3705857992172241,0.75732421875,514.4082076779716,4255.120387572504,712.6869756746382,205.9978831008484,1319.03108616003,6,0.0,0.5,0.0,0.8333333333333334,0.16666666666666666,0.0,2.0,0.3333333333333333,2.5,0.5,0.16666666666666666,0.16666666666666666,534.6666666666666,-57.74208432606732
1675,3430400,-0.0016589711827691644,3.5307883262634276,6.731654787063599,0.010571003908989952,0.03141305150541787,0.20864712769786517,0.5547925233840942,1.8079420328140259,0.8893229166666666,514.4432351768861,4257.925824839513,713.1605322146352,206.1201800618437,1319.03108616003,2,0.0,0.0,0.0,0.0,1.0,0.0,1.5,1.5,3.0,0.0,0.0,1.0,600.0,-42.86291728983633
1676,3432448,-0.0026382212449486057,2.864963102340698,6.733652925491333,0.004639577788475435,0.036374371068086477,0.21040244897206625,0.521864652633667,1.6724435091018677,0.7478841145833334,514.503434466564,4260.397669933562,713.6292775105903,206.2475543008477,1319.03108616003,6,0.0,0.0,0.0,0.3333333333333333,0.6666666666666666,0.0,0.8333333333333334,1.1666666666666667,2.5,0.5,0.5,0.6666666666666666,541.0,-34.62000018032268
1677,3434496,-4.8654600201795496e-05,1.9333180785179138,6.736744419733683,0.007660018172464334,0.03402899189386517,0.18734384328126907,0.3510211110115051,1.37993586063385,0.8551432291666666,514.5856010772685,4262.650837392612,714.06222990065,206.36255341284414,1319.03108616003,2,0.0,0.0,0.0,0.0,1.0,0.0,1.5,1.5,3.0,0.0,0.0,1.0,600.0,-26.706250476883724
1678,3436544,-0.0009369346390788754,2.349988603591919,6.7356974919637045,0.009089212717177967,0.02694495052564889,0.21462281445662182,-0.025821508839726448,1.6370370388031006,0.7674153645833334,514.666122328898,4264.904668602583,714.5070410336484,206.4796166628439,1319.03108616003,4,0.0,0.0,0.0,0.25,0.75,0.0,0.75,1.0,1.5,0.75,0.5,0.75,560.0,-41.52395869977772
1679,3438592,-0.0015150457387790085,2.8083733320236206,6.733674144744873,0.00870742903983531,0.048094771693771084,0.16981329595049222,0.3959811329841614,1.8323721885681152,0.8468424479166666,514.7044358585749,4267.675302750606,714.9631902646215,206.61035622184863,1319.03108616003,3,0.0,0.0,0.0,0.3333333333333333,0.6666666666666666,0.0,0.0,2.0,2.0,0.6666666666666666,0.3333333333333333,0.6666666666666666,592.0,-30.312500067365665
1680,3440640,-0.0018052557366900145,2.475644326210022,6.730144357681274,0.009040923460922083,0.021195837141325075,0.2315826989710331,-0.16160258650779724,1.6944563388824463,0.6617838541666666,514.7667848048098,4270.199787094622,715.3525764625883,206.75397916584916,1319.03108616003,3,0.0,0.0,0.0,0.3333333333333333,0.6666666666666666,0.0,1.3333333333333333,0.6666666666666666,2.6666666666666665,0.6666666666666666,0.3333333333333333,0.6666666666666666,576.6666666666666,-60.44222360352675
1681,3442688,0.0012889852114312816,0.9769048988819122,6.732394170761109,0.008060683271226783,0.02929408186270545,0.21637998024622598,0.13253547251224518,0.8381752371788025,0.8932291666666666,514.8047078771139,4273.015475730674,715.7676884886314,206.8886340858444,1319.03108616003,5,0.0,0.2,0.0,0.4,0.6,0.0,1.8,0.8,3.0,0.4,0.0,0.6,586.2,-54.158000972121954
1682,3444736,0.00041937446221709254,1.0506085693836211,6.738945579528808,0.09036158900659454,0.014747423666995019,0.16583546673258145,0.5275236368179321,1.049453616142273,0.9934895833333334,514.8272150973637,4276.035527472704,716.186532714637,207.01906980384229,1319.03108616003,2,0.0,0.0,0.0,0.0,1.0,0.0,0.0,3.0,3.0,0.0,0.0,1.0,600.0,-22.156666757073253
1683,3446784,-0.0015477239154279231,2.9338474750518797,6.74196564356486,0.007438809787466501,0.019269562454428523,0.1860928917924563,0.05139955133199692,1.754101276397705,0.8815104166666666,514.8730495629535,4278.736166815746,716.618991938587,207.13766340884467,1319.03108616003,6,0.0,0.0,0.16666666666666666,0.0,0.8333333333333334,0.0,0.3333333333333333,2.0,2.1666666666666665,0.5,0.16666666666666666,0.8333333333333334,514.5,-30.073055587320898
1684,3448832,0.0027416536288607557,0.3387302964925766,6.740392017364502,0.01362109068237866,0.029153064421067635,0.21548758794864017,0.25478649139404297,0.4955264627933502,0.9055989583333334,514.954333845342,4281.053084365703,717.0049434195826,207.25249456584424,1319.03108616003,1,0.0,0.0,0.0,0.0,1.0,0.0,2.0,1.0,3.0,0.0,0.0,1.0,600.0,-26.199999993667006
1685,3450880,-0.002739614763656088,0.6198040246963501,6.734144926071167,0.00781977810402168,0.03276309240997458,0.18831769203146298,0.33424222469329834,0.7031955122947693,0.9733072916666666,515.0289747915162,4283.434487292754,717.4027362186243,207.3636615668438,1319.03108616003,5,0.0,0.0,0.0,0.0,1.0,0.0,0.0,2.6,3.0,0.0,0.4,1.0,600.0,-30.993667239136993
1686,3452928,0.0057003214644889035,0.4514906704425812,6.737403504053751,0.03739401488176857,0.024153645833333334,0.23289485573768615,0.3869968354701996,0.6860836744308472,1.0,515.1105239161789,4285.757334027767,717.7809221146308,207.47329420284223,1319.03108616003,3,0.0,0.0,0.0,0.0,1.0,0.0,0.0,3.0,2.3333333333333335,0.0,0.0,1.0,600.0,-19.73499997643133
1687,3454976,0.008124254853464663,1.4569941997528075,6.733730284372966,0.012199870643477577,0.10176317792696257,0.2706009268760681,0.2202451378107071,1.2188338041305542,0.9534505208333334,515.1926017242599,4288.068529994773,718.1514535397291,207.5961811678426,1319.03108616003,3,0.0,0.0,0.0,0.0,1.0,0.0,0.3333333333333333,2.3333333333333335,2.3333333333333335,0.3333333333333333,0.0,1.0,600.0,-17.618888957425952
1688,3457024,-0.0011015502988205603,1.369228971004486,6.732601849238078,0.005018995548501455,0.019218806445132942,0.2025155005355676,-0.18681922554969788,1.2089800834655762,0.91552734375,515.2757329427616,4290.3120903487725,718.5707369047377,207.70968323984562,1319.03108616003,5,0.0,0.0,0.0,0.0,1.0,0.0,0.6,2.4,2.6,0.0,0.0,1.0,600.0,-23.671333238482475
1689,3459072,0.03807888817197333,0.2879793122410774,6.735255400339763,0.07011916512916892,0.07370022006798535,0.589627031981945,0.32912734150886536,0.5127880573272705,0.9293619791666666,515.361315038979,4292.594376762805,718.9432754716981,207.81402672184777,1319.03108616003,1,0.0,0.0,0.0,0.0,1.0,0.0,1.0,2.0,3.0,0.0,0.0,1.0,600.0,-29.905000754166394
1690,3461120,-0.0023655361922768257,2.2826572179794313,6.729395453135172,0.013071130146757544,0.02921575092089673,0.1838247482975324,-0.2594590485095978,1.5789788961410522,0.9514973958333334,515.4471401245064,4294.8266528788445,719.3454093246983,207.91809914684563,1319.03108616003,5,0.0,0.0,0.0,0.2,0.8,0.0,0.0,2.0,2.4,0.8,0.2,0.8,582.0,-18.857000087574125
1691,3463168,-0.0013455202349481018,1.4211511731147766,6.730771128336588,0.015280347311636433,0.028622614957081776,0.20609461491306622,-0.2078867107629776,1.1899298429489136,0.8536783854166666,515.5530549298148,4296.776498706829,719.7586240917008,208.03495173384727,1319.03108616003,3,0.0,0.0,0.0,0.3333333333333333,0.6666666666666666,0.0,0.0,1.6666666666666667,2.3333333333333335,0.6666666666666666,0.6666666666666666,0.6666666666666666,534.3333333333334,-30.170000084054966
1692,3465216,-0.0015040575444193868,2.733422946929932,6.731761455535889,0.006492613552836701,0.0331536828695486,0.19661125987768174,-0.45943161845207214,1.5867409706115723,0.86767578125,515.656158203268,4298.792915284896,720.151994461703,208.13926479984366,1319.03108616003,8,0.0,0.0,0.125,0.625,0.25,0.0,0.125,0.875,1.5,1.75,0.25,0.25,470.25,-32.064999960013665
1693,3467264,-0.0014814391285957148,1.6105268239974975,6.73423204421997,0.019396037014666946,0.029424382885918022,0.19876703719298044,-0.1427154541015625,1.3536409139633179,0.8771158854166666,515.7706452895811,4300.582574864951,720.6270942857373,208.25184817384434,1319.03108616003,2,0.0,0.0,0.0,1.0,0.0,0.0,0.0,0.0,1.5,2.5,0.5,0.0,430.5,-30.23249999480322
1694,3469312,-0.0014900950101340035,2.4467982769012453,6.732638120651245,0.01346016296884045,0.01668694066659858,0.21355872824788094,-0.3957933783531189,1.7470104694366455,0.7579752604166666,515.8839258226193,4302.44807352795,721.0332613517676,208.36527966284484,1319.03108616003,5,0.0,0.0,0.0,0.8,0.2,0.0,0.0,0.4,2.2,2.2,0.4,0.2,504.2,-35.60850013010204
1695,3471360,0.002940328710004299,0.5911002933979035,6.725610748926798,0.00848285273715798,0.04099149010532225,0.2947865736981233,0.2972277104854584,0.7456952333450317,0.9150390625,515.9597333825026,4304.766259273943,721.4636718518086,208.47761051284033,1319.03108616003,3,0.0,0.0,0.0,1.0,0.0,0.0,0.0,0.0,2.0,2.0,1.0,0.0,472.3333333333333,-32.232222282638155
1696,3473408,-0.0021721240346475193,2.1500205039978026,6.721992063522339,0.007901401654817165,0.03125895851602157,0.19193835631012918,-0.2014094442129135,1.470231294631958,0.87939453125,516.0500792341147,4306.970780033938,721.8343958078622,208.58834109483723,1319.03108616003,4,0.0,0.0,0.0,0.5,0.5,0.0,0.25,0.75,3.0,2.0,0.0,0.5,559.75,-35.16541671741288
1697,3475456,-0.0004683672431080292,1.7565597534179687,6.722275670369466,0.00337170566349793,0.00733109877910465,0.2143481691678365,0.15317383408546448,1.3398770093917847,0.86962890625,516.1349316097936,4309.261385433885,722.1947567978714,208.69520062283846,1319.03108616003,4,0.0,0.0,0.0,0.5,0.5,0.0,0.25,0.75,2.25,1.75,0.25,0.5,524.0,-33.960208731354214
1698,3477504,-0.0004026554447288314,3.474670886993408,6.719839731852214,0.004976551786724789,0.020892539888154715,0.20826840152343115,-0.575122594833374,1.8338412046432495,0.7967122395833334,516.225029138517,4311.418227124777,722.5944876059075,208.80586607683654,1319.03108616003,6,0.0,0.0,0.0,0.8333333333333334,0.16666666666666666,0.0,0.8333333333333334,0.16666666666666666,2.6666666666666665,1.6666666666666667,0.3333333333333333,0.16666666666666666,477.3333333333333,-36.86124991547937
1699,3479552,0.00021063081997757155,1.5072020649909974,6.719953282674154,0.006712318375745477,0.02824441365276774,0.2493493949373563,0.0075922333635389805,1.337916374206543,0.83251953125,516.3080478456126,4313.655014724718,723.011678136907,208.9223629468397,1319.03108616003,3,0.0,0.0,0.0,1.0,0.0,0.0,0.6666666666666666,0.0,2.6666666666666665,2.0,0.3333333333333333,0.0,487.0,-37.020000006382666
1700,3481600,0.00020222511375322938,2.534180760383606,6.72299927075704,0.07297594175809839,0.016478676341163616,0.2101692075530688,-0.31691280007362366,1.688725471496582,0.7547200520833334,516.4112863479698,4315.649173424739,723.4028701948846,209.04823509784183,1319.03108616003,5,0.0,0.0,0.0,0.8,0.2,0.0,0.6,0.4,2.0,1.8,0.2,0.2,499.8,-39.31266694646329
1701,3483648,0.008378096429320673,1.1122962653636932,6.72862073580424,0.01349769132793881,0.022695553997376314,0.29210404480497043,0.029451653361320496,1.1006473302841187,0.8326822916666666,516.5133734749542,4317.682869325661,723.7883591239079,209.16245186483866,1319.03108616003,3,0.0,0.0,0.0,1.0,0.0,0.0,0.3333333333333333,0.0,2.6666666666666665,2.3333333333333335,0.3333333333333333,0.0,497.6666666666667,-44.66083329419295
1702,3485696,-7.941792719066144e-05,1.498282015323639,6.728641255696615,0.01169078440289013,0.016386189327264825,0.20008193651835124,-0.15182434022426605,1.2818413972854614,0.7884114583333334,516.6256895023466,4319.577785316607,724.1710680618417,209.2748306738431,1319.03108616003,5,0.0,0.0,0.0,0.8,0.2,0.0,0.6,0.2,2.2,1.8,0.4,0.2,500.8,-34.92666699932888
1703,3487744,0.0012553654533500472,0.8506634116172791,6.727001682917277,0.009140447232251365,0.02059841399313882,0.20796225493152937,0.11419400572776794,0.9510255455970764,0.9324544270833334,516.7030763894319,4321.864441887687,724.609037747905,209.38979587684298,1319.03108616003,2,0.0,0.0,0.0,0.5,0.5,0.0,0.0,0.5,3.0,2.5,0.0,0.5,531.0,-37.231666434556246
1704,3489792,-0.0007479926610055069,1.539864718914032,6.725125042597453,0.02011213951530711,0.03661456701811403,0.21819153080383938,-0.43325838446617126,1.2711762189865112,0.8766276041666666,516.7806112701833,4324.141533188755,725.051341748971,209.50501209084177,1319.03108616003,4,0.0,0.0,0.0,0.75,0.25,0.0,0.0,0.25,2.25,2.5,0.25,0.25,494.25,-39.09145851782523
1705,3491840,-0.004064103121345397,2.100086736679077,6.731115849812825,0.008335984686467176,0.06457261389199023,0.19758797163764635,0.052271611988544464,1.4284563064575195,0.8427734375,516.8678356640428,4326.3693805507355,725.4267804690317,209.61634254384262,1319.03108616003,5,0.0,0.0,0.0,0.4,0.6,0.0,0.2,0.8,2.6,1.8,0.2,0.6,555.0,-36.61300005465746
1706,3493888,-0.0020510636910330503,1.2875163078308105,6.7329350789388025,0.00658988335247462,0.032872281196371964,0.1996446082989375,0.11593448370695114,1.1707873344421387,0.8597005208333334,516.958149668608,4328.58243578369,725.7813966720423,209.73035643583717,1319.03108616003,3,0.0,0.0,0.0,0.3333333333333333,0.6666666666666666,0.0,0.0,1.6666666666666667,2.6666666666666665,1.0,0.3333333333333333,0.6666666666666666,560.0,-20.488333333904546
1707,3495936,-0.0007552003022283316,2.961015510559082,6.734474833806356,0.0043059373000384465,0.027067939657717942,0.20864522109429043,0.11229163408279419,1.8652695417404175,0.8439127604166666,517.0424896509555,4330.859096135697,726.1431493011114,209.8378949028338,1319.03108616003,5,0.0,0.0,0.0,0.6,0.4,0.0,0.2,1.0,2.8,1.6,0.2,0.4,563.8,-40.02516639474779
1708,3497984,-0.00012333003881697852,0.26962326616048815,6.738102006912231,0.014298068829036007,0.03204591228859499,0.20458082656065624,0.007628593593835831,0.6092366576194763,0.9671223958333334,517.1227204805248,4333.163196053712,726.5161973901122,209.9608618748316,1319.03108616003,2,0.0,0.0,0.0,0.5,0.5,0.0,0.0,1.5,2.0,0.5,1.0,0.5,491.5,-21.684166628867388
1709,3500032,-0.0021497098486482477,1.5481294631958007,6.739327462514241,0.00596571576364416,0.034485091047827154,0.18833297491073608,-0.37432199716567993,1.2094383239746094,0.91357421875,517.2093426618941,4335.428355461685,726.8578438070763,210.07422634382965,1319.03108616003,60,0.0,0.0,0.0,0.0,1.0,0.0,0.45,0.0,2.8,2.3833333333333333,nan,0.0,259.06666666666666,nan
1710,3502080,-0.00029494432965293527,0.25450390875339507,6.7416778087615965,0.007451429260739436,0.023348273911202946,0.18789244294166565,0.173394575715065,0.47615715861320496,0.9482421875,515.6587584927926,4337.793151035687,727.3100719721479,210.19976568182756,1340.2784813400285,4,0.0,0.0,0.0,0.0,1.0,0.0,0.25,2.5,2.5,0.25,0.0,1.0,600.0,-23.39229171583429
1711,3504128,-0.002022174404313167,1.780547273159027,6.744560098648071,0.005519960087258369,0.034820694262937955,0.17290618717670442,-0.03682428225874901,1.4603434801101685,0.9404296875,515.7273702062596,4340.2445358516925,727.6979558511084,210.31128165782866,1340.2784813400285,3,0.0,0.0,0.0,0.0,1.0,0.0,0.0,2.6666666666666665,2.0,0.0,0.3333333333333333,1.0,600.0,-14.577777912685027
1712,3506176,-0.0008130733583432933,0.49222161173820494,6.742340564727783,0.00905026086838916,0.03793815981286267,0.20983331725001336,-0.05237068980932236,0.8053420782089233,0.9000651041666666,515.7992589360931,4342.640284771667,728.1031234171242,210.42435483382724,1340.2784813400285,4,0.0,0.0,0.0,0.0,1.0,0.0,0.0,3.0,3.0,0.0,0.0,1.0,600.0,-17.13208341272548
1713,3508224,-0.002667281124740839,1.7821769714355469,6.7405907154083256,0.011914303191103197,0.053193148334200184,0.18614307021101315,0.03268146514892578,1.4691190719604492,0.7942708333333334,515.8903636457235,4344.840872543653,728.4604550301447,210.53599100982683,1340.2784813400285,3,0.0,0.0,0.0,0.0,1.0,0.0,0.0,2.0,2.3333333333333335,0.3333333333333333,0.6666666666666666,1.0,600.0,-14.723333376149336
1714,3510272,-0.0018664194581409295,2.359671139717102,6.744634040196737,0.011195696362604698,0.03659794977090011,0.19311759943763415,-0.22012265026569366,1.6186949014663696,0.8525390625,515.9785902604433,4347.051287131733,728.8354170661623,210.64589981882455,1340.2784813400285,5,0.0,0.0,0.0,0.0,1.0,0.0,0.4,2.0,2.4,0.0,0.6,1.0,600.0,-24.139833717420697
1715,3512320,0.006306534780499836,0.0949220061302185,6.7427835941314695,0.015248403690444926,0.03003495658437411,0.22330371563633283,0.2476424276828766,0.2736690938472748,0.875,516.0673743420488,4349.275398289719,729.1912673542174,210.76111685382057,1340.2784813400285,2,0.0,0.0,0.0,0.0,1.0,0.0,0.0,3.0,3.0,0.0,0.0,1.0,600.0,-4.750000070780516
1716,3514368,0.0007308215523759524,2.514860439300537,6.738765223821004,0.19833941924928997,0.03865919533806542,0.2134203205506007,-0.41857796907424927,1.7644673585891724,0.7482096354166666,516.1662060818136,4351.363057902701,729.5584194052863,210.87224030282232,1340.2784813400285,3,0.0,0.0,0.0,0.0,1.0,0.0,0.0,1.3333333333333333,2.6666666666666665,0.6666666666666666,1.0,1.0,600.0,-24.580555649163824
1717,3516416,0.0006144385493826121,0.5663009881973267,6.7438965479532875,0.011568288673879578,0.05485846740969767,0.17956194306413334,0.04804863780736923,0.797568142414093,0.9236653645833334,516.2487137881687,4353.597807053688,729.976145551278,210.98302849182073,1340.2784813400285,4,0.0,0.0,0.0,0.0,1.0,0.0,0.0,1.75,2.5,1.25,0.0,1.0,600.0,-21.338333592750132
1718,3518464,-0.00016822968609631062,3.694851613044739,6.749052937825521,0.006626843788156597,0.04806597223505378,0.20504345024625462,-0.5088226199150085,1.9321030378341675,0.8626302083333334,516.3367864207046,4355.810770976648,730.35565181524,211.08854654782044,1340.2784813400285,4,0.0,0.0,0.0,0.25,0.75,0.0,0.0,2.0,3.0,1.0,0.0,0.75,559.25,-17.838749997201376
1719,3520512,-0.001582011425246795,0.7827745139598846,6.752227560679118,0.022526047316690286,0.013464656340268751,0.21239096174637476,0.053967446088790894,0.8498349785804749,0.8450520833333334,516.4235311212404,4358.065768083718,730.7099251593027,211.2008759108212,1340.2784813400285,4,0.0,0.0,0.0,0.25,0.75,0.0,0.0,1.75,2.0,0.75,0.5,0.75,554.25,-23.27208352368325
1720,3522560,-0.0014535697487493356,1.685101282596588,6.7522833506266275,0.02197315792533724,0.03777605169452727,0.20217580621441206,-0.1882060170173645,1.3247697353363037,0.8878580729166666,516.5006455473523,4360.4189207187155,731.0874853093046,211.31307958882098,1340.2784813400285,2,0.0,0.0,0.0,0.5,0.5,0.0,0.0,0.5,2.5,1.0,1.5,0.5,543.0,-46.70750084519386
1721,3524608,-0.002733995749925574,1.03259020447731,6.7518878936767575,0.03693970591799977,0.03547925362363458,0.2083815947175026,-0.01753871515393257,1.0958067178726196,0.8907877604166666,516.5813455323461,4362.695643418643,731.4761513133053,211.4228500818208,1340.2784813400285,5,0.0,0.0,0.0,0.2,0.8,0.0,0.2,1.8,2.6,1.0,0.0,0.8,564.2,-22.895000041555612
1722,3526656,0.0027701604970692037,1.5157323122024535,6.748755852381389,0.008865310092611859,0.06086709802038968,0.23331436067819594,-0.24035358428955078,1.255598783493042,0.88330078125,516.6737158511413,4364.874447110575,731.8245622862378,211.53316130981693,1340.2784813400285,3,0.0,0.0,0.0,0.0,1.0,0.0,0.3333333333333333,2.0,3.0,0.6666666666666666,0.0,1.0,600.0,-24.579722330439836
1723,3528704,-0.003913794189187077,1.3640119314193726,6.747825972239176,0.00685793921778289,0.030344742024317382,0.1920866049826145,0.009643837809562683,1.1847246885299683,0.87255859375,516.7585984037032,4367.160485560518,732.1628371042971,211.64335997182206,1340.2784813400285,5,0.0,0.0,0.0,0.4,0.6,0.0,0.0,1.4,2.2,1.2,0.4,0.6,529.6,-23.168666666932403
1724,3530752,0.007294946185235555,0.16497968435287474,6.747772375742595,0.008711700917895844,0.029411150910891592,0.27192020093401276,0.2390991598367691,0.4123007655143738,0.9166666666666666,516.8441611479126,4369.443840024505,732.5034321153071,211.7538780628238,1340.2784813400285,1,0.0,0.0,0.0,0.0,1.0,0.0,0.0,3.0,3.0,0.0,0.0,1.0,600.0,-10.846666747704148
1725,3532800,0.0028699538689882804,2.4008581399917603,6.741854445139567,0.00952677305128115,0.025115372659638525,0.23788303236166636,-0.38195765018463135,1.688830852508545,0.81103515625,516.9437145074863,4371.509311551585,732.8548399243591,211.87094625182363,1340.2784813400285,7,0.0,0.0,0.0,0.0,1.0,0.0,0.0,2.2857142857142856,2.4285714285714284,0.42857142857142855,0.2857142857142857,1.0,600.0,-18.954643014020153
1726,3534848,-0.0007576252489040295,0.5342638850212097,6.739623101552327,0.15496032416510086,0.011339756407930205,0.2049653281768163,0.2081374228000641,0.8261023163795471,0.7978515625,517.0593544065083,4373.293935056601,733.292837688372,211.98101162982493,1340.2784813400285,1,0.0,0.0,0.0,0.0,1.0,0.0,0.0,3.0,1.0,0.0,0.0,1.0,600.0,-11.959999984130263
1727,3536896,-0.0019174636875201637,1.6282438039779663,6.745229625701905,0.01827009560462708,0.03915541383127372,0.19783443361520767,-0.02062162384390831,1.41624116897583,0.828125,517.1741047481551,4375.093435197588,733.7208053993745,212.09378091582767,1340.2784813400285,3,0.0,0.0,0.0,0.0,1.0,0.0,0.0,1.6666666666666667,1.6666666666666667,0.0,1.3333333333333333,1.0,600.0,-19.60416686426227
1728,3538944,-0.002684438479870247,1.48433837890625,6.756789318720499,0.005433655796514359,0.04221826639647285,0.21662447253863018,0.07720308750867844,1.3182549476623535,0.86767578125,517.2651223990539,4377.2621694155605,734.0894697892945,212.20328540883202,1340.2784813400285,6,0.0,0.0,0.16666666666666666,0.0,0.8333333333333334,0.0,0.0,2.6666666666666665,1.6666666666666667,0.0,0.3333333333333333,0.8333333333333334,511.8333333333333,-15.555000042930866
1729,3540992,-0.002388185712819298,1.6069592356681823,6.7640497048695885,0.01625982722422729,0.03312971090199426,0.2079196798304717,0.23206089437007904,1.2161304950714111,0.8434244791666666,517.3618211724148,4379.320214193525,734.487232391315,212.31161191283172,1340.2784813400285,3,0.0,0.0,0.0,1.0,0.0,0.0,0.6666666666666666,0.0,2.3333333333333335,1.6666666666666667,0.6666666666666666,0.0,530.0,-37.10833325609565
1730,3543040,-0.001851414431196948,1.6035544753074646,6.765587743123373,0.017530755952914964,0.031027439570364853,0.19499952892462413,0.021924318745732307,1.301719307899475,0.8640950520833334,517.464039007446,4381.35086798753,734.8476959202962,212.4246688738349,1340.2784813400285,4,0.0,0.0,0.0,0.0,1.0,0.0,0.0,2.0,2.0,0.5,0.5,1.0,600.0,-24.23270854842849
1731,3545088,-0.0007010562345385552,0.33150752186775206,6.7624214808146155,0.00706599544112881,0.042488219837347664,0.2044345607360204,0.10074066370725632,0.6507394313812256,0.9036458333333334,517.5569809378114,4383.521828449571,735.1968168692983,212.53665105983237,1340.2784813400285,2,0.0,0.0,0.0,0.0,1.0,0.0,0.0,2.0,2.0,1.0,0.0,1.0,600.0,-20.388333451468498
1732,3547136,-0.001512201929775377,1.247699761390686,6.759853585561117,0.07062520717445295,0.028976423859906692,0.18655859654148418,-0.09850480407476425,1.0888514518737793,0.8914388020833334,517.6113455625182,4386.084400896543,735.6296730152608,212.660478049831,1340.2784813400285,5,0.0,0.0,0.0,0.2,0.8,0.0,0.2,2.0,2.2,0.4,0.4,0.8,574.6,-25.347833452932537
1733,3549184,-0.0014745400908092658,0.6659713238477707,6.7680508931477865,0.00828345769259613,0.016231399316651126,0.1835409661134084,0.11850537359714508,0.8485743999481201,0.9484049479166666,517.6456195803785,4388.956740393514,736.0232283951191,212.77915312582627,1340.2784813400285,3,0.0,0.0,0.0,0.3333333333333333,0.6666666666666666,0.0,0.0,2.0,2.3333333333333335,1.0,0.0,0.6666666666666666,553.0,-23.154166309162974
1734,3551232,-0.0028648396333058675,1.22011901140213,6.774414173762003,0.0072139352133187154,0.0451100969609494,0.21174685756365458,-0.26076942682266235,1.1145460605621338,0.857421875,517.6955806960065,4391.5827042795645,736.4510549221741,212.89751925082237,1340.2784813400285,3,0.0,0.0,0.0,0.0,1.0,0.0,0.0,1.3333333333333333,2.6666666666666665,1.3333333333333333,0.3333333333333333,1.0,600.0,-32.36666691675782
1735,3553280,0.0011333916811660553,0.23296709805727006,6.772861274083455,0.02820708382205339,0.02704536683547,0.21040451154112816,0.034842487424612045,0.4516218602657318,0.9514973958333334,517.7284687505855,4394.46953836258,736.8490311772839,213.01493329582445,1340.2784813400285,5,0.0,0.0,0.0,0.2,0.8,0.0,0.0,2.4,2.6,0.6,0.0,0.8,590.6,-21.219833120144905
1736,3555328,-0.0007267027137762246,2.101732099056244,6.76370808283488,0.008893509882424648,0.006943674463157853,0.18000424603621165,-0.41741448640823364,1.5102601051330566,0.8660481770833334,517.769730753756,4397.151239373532,737.3254627881834,213.1366789088279,1340.2784813400285,3,0.0,0.0,0.3333333333333333,0.0,0.6666666666666666,0.0,0.0,2.0,1.6666666666666667,0.3333333333333333,0.6666666666666666,0.6666666666666666,422.0,-15.47388882531474
1737,3557376,-0.00100226216406251,0.706275749206543,6.764355357487997,0.03386072240925084,0.030477626125017802,0.20023156280318896,0.1005890741944313,0.8513085842132568,0.93505859375,517.7999073220203,4400.0014262355035,737.786265594099,213.25402418982412,1340.2784813400285,4,0.0,0.0,0.0,0.25,0.75,0.0,0.0,2.25,2.0,0.25,0.5,0.75,583.75,-29.28541708807461
1738,3559424,0.0023431778521626257,0.4803884446620941,6.762705055872599,0.016953181878003914,0.008510647799509267,0.1776608352859815,0.07884486764669418,0.7877923846244812,0.9326171875,517.8297342919079,4402.91063821748,738.2047086521634,213.37386745282856,1340.2784813400285,2,0.0,0.0,0.0,0.0,1.0,0.0,0.0,3.0,3.0,0.0,0.0,1.0,600.0,-16.946666873060167
1739,3561472,0.0013830319085779289,1.1186955988407135,6.763906319936116,0.00762244230233288,0.012443164316937327,0.18090435042977332,0.3289145231246948,0.9907567501068115,0.92626953125,517.8587047955295,4405.849936157501,738.5947017331928,213.4936964548324,1340.2784813400285,6,0.0,0.0,0.0,0.0,1.0,0.0,0.0,2.8333333333333335,2.5,0.0,0.16666666666666666,1.0,600.0,-10.023333460092545
1740,3563520,0.0032025953890600554,0.439732164144516,6.764858929316203,0.01717310898626844,0.030924578344759843,0.19876337349414824,0.10009847581386566,0.6506327390670776,0.9778645833333334,517.8879540652966,4408.772143885479,739.0074593761747,213.61180339083512,1340.2784813400285,2,0.0,0.0,0.0,0.0,1.0,0.0,0.0,2.5,2.5,0.0,0.5,1.0,600.0,-25.477083578705788
1741,3565568,0.0041666557701925434,0.7264945298433304,6.763574949900309,0.011137597542256118,0.025260416666666667,0.21427351236343384,0.26647594571113586,1.041069507598877,1.0,517.9250125311378,4411.570378436503,739.4256393661126,213.7335239548338,1340.2784813400285,3,0.0,0.0,0.0,0.0,1.0,0.0,0.0,3.0,3.0,0.0,0.0,1.0,600.0,-16.046111662561696
1742,3567616,-0.0015008280281714784,1.52481050491333,6.75491673151652,0.10880010862504909,0.04102046948003893,0.17559385895729065,-0.043885163962841034,1.2924383878707886,0.9612630208333334,517.9720878460929,4414.195754928529,739.8689977481481,213.87077228483395,1340.2784813400285,4,0.0,0.0,0.0,0.0,1.0,0.0,0.0,3.0,2.0,0.0,0.0,1.0,600.0,-8.111250077141449
1743,3569664,4.019268477956454e-05,0.8419263780117034,6.75003358523051,0.01273565814869168,0.013991204765625298,0.18596923326452572,-0.18868015706539154,0.8998915553092957,0.9278971354166666,518.0419185212609,4416.575582439575,740.2811023021859,213.99498432783002,1340.2784813400285,4,0.0,0.0,0.25,0.25,0.5,0.0,0.0,2.0,1.25,0.25,0.75,0.5,422.75,-18.0954168648459
1744,3571712,0.00021436688063355784,0.4314112991094589,6.746295309066772,0.010470160240462672,0.032379347489525874,0.1914531389872233,0.08072037994861603,0.6934548020362854,0.962890625,518.0904525427031,4419.2026950295185,740.7063858771871,214.12183316383016,1340.2784813400285,4,0.0,0.0,0.0,0.0,1.0,0.0,0.25,2.75,2.0,0.0,0.0,1.0,600.0,-14.93208325537853
1745,3573760,-0.0019881277597354106,0.1262464389204979,6.743652947743734,0.04228975854930468,0.013150807776643585,0.16402143612504005,0.012923836708068848,0.4073891043663025,0.9583333333333334,518.1409049797755,4421.822862193512,741.1328489232328,214.24018327582598,1340.2784813400285,2,0.0,0.0,0.0,0.0,1.0,0.0,0.0,3.0,2.0,0.0,0.0,1.0,600.0,-11.4825001466088
1746,3575808,-0.0008318536565639079,1.175500935316086,6.7407447020212805,0.0086191608075751,0.02969423005124554,0.20358112081885338,0.06623587012290955,1.0901808738708496,0.9138997395833334,518.2056893352312,4424.270259502642,741.5386022592866,214.3614263908239,1340.2784813400285,5,0.0,0.0,0.0,0.0,1.0,0.0,0.0,2.4,2.4,0.4,0.2,1.0,600.0,-25.83683363487944
1747,3577856,0.0024251381012921533,0.7521204650402069,6.745047585169474,0.007985448810601762,0.009481077656770746,0.19667107587059338,0.028342507779598236,0.9217209219932556,0.92333984375,518.2731248964504,4426.701582058646,741.9316185703574,214.4770666258264,1340.2784813400285,2,0.0,0.0,0.0,0.0,1.0,0.0,0.0,3.0,1.0,0.0,0.0,1.0,600.0,0.0
1748,3579904,-0.0030118824836487573,2.1895764112472533,6.745028495788574,0.012954089907483042,0.029411329592888554,0.20378105267882346,-0.43116873502731323,1.5015053749084473,0.8929036458333334,518.3204084130854,4429.348967573678,742.3492868963804,214.59728552482557,1340.2784813400285,5,0.0,0.0,0.0,0.0,1.0,0.0,0.0,2.0,2.0,0.8,0.2,1.0,600.0,-23.4606670149602
1749,3581952,-0.0015103121142601595,1.0682210147380828,6.745132350921631,0.02065843452825599,0.032100803987123075,0.20877677475412687,-0.019595904275774956,0.9119362831115723,0.9051106770833334,518.3555855083714,4432.137664541602,742.7630836003664,214.74661664382438,1340.2784813400285,3,0.0,0.0,0.0,0.0,1.0,0.0,0.0,1.3333333333333333,3.0,1.6666666666666667,0.0,1.0,600.0,-36.70388898827756
1750,3584000,-0.0007189494353951886,1.7459155201911927,6.74870974222819,0.011856159536788861,0.037838257810411356,0.22203808526198068,-0.08721522986888885,1.3212089538574219,0.8777669270833334,518.4083114009936,4434.73979383651,743.1630835143078,214.87304722282715,1340.2784813400285,3,0.0,0.0,0.0,0.0,1.0,0.0,0.0,2.0,2.6666666666666665,0.6666666666666666,0.3333333333333333,1.0,600.0,-26.2022226282085
1751,3586048,-0.0021193616713086763,2.0355152130126952,6.750637261072795,0.005626029800623655,0.033671639021486045,0.19645783851544063,-0.18365447223186493,1.4358073472976685,0.9417317708333334,518.4821434490827,4437.075387061515,743.5476934243488,214.99230881982658,1340.2784813400285,6,0.0,0.0,0.3333333333333333,0.16666666666666666,0.5,0.0,0.3333333333333333,1.8333333333333333,1.3333333333333333,0.5,0.3333333333333333,0.5,415.3333333333333,-17.903750218528632
1752,3588096,-0.001926457144630452,0.5260965049266815,6.754446792602539,0.047774769836299434,0.01946505909630408,0.1851841981212298,-0.04941529035568237,0.5732342600822449,0.9031575520833334,518.5719856649406,4439.200651299478,743.9415802973599,215.11120936182851,1340.2784813400285,2,0.0,0.0,0.0,0.0,1.0,0.0,0.5,1.5,2.0,1.0,0.0,1.0,600.0,-37.297917225863785
1753,3590144,0.0010927402297966182,0.6625484764575958,6.752181180318197,0.012771704393283774,0.015680839614166567,0.18196757212281228,0.11073184013366699,0.8660654425621033,0.9388020833333334,518.6211297931826,4441.836277755443,744.3468256743727,215.23426694682712,1340.2784813400285,5,0.0,0.0,0.0,0.0,1.0,0.0,0.0,3.0,1.4,0.0,0.0,1.0,600.0,-9.514333390071988
1754,3592192,-0.0006791659106966108,2.2796871781349184,6.745022328694661,0.023560071704074894,0.036509556556120516,0.24324850738048553,-0.23373685777187347,1.6438554525375366,0.84423828125,518.6615912206142,4444.6079165963965,744.7518857894756,215.35170414882305,1340.2784813400285,2,0.0,0.0,0.0,0.0,1.0,0.0,0.0,1.5,1.5,1.0,0.5,1.0,600.0,-32.00500038941391
1755,3594240,-0.0031599769679208595,0.9048106074333191,6.739943186442058,0.04699897659399236,0.03635750733471165,0.19842888812224072,-0.13507509231567383,0.9340690970420837,0.81689453125,518.7148003067229,4447.205339730368,745.1535540794794,215.46880046481965,1340.2784813400285,4,0.0,0.0,0.0,0.0,1.0,0.0,0.25,2.5,2.25,0.0,0.25,1.0,600.0,-19.81479208532255
1756,3596288,-0.0011826848921676477,2.609363007545471,6.7369704405466715,0.013066418748348952,0.024479408911429346,0.23107925057411194,-0.11606411635875702,1.7433421611785889,0.8134765625,518.7684059507311,4449.76781760437,745.5668999844711,215.59240014581883,1340.2784813400285,4,0.0,0.0,0.0,0.0,1.0,0.0,0.0,1.5,2.75,0.75,0.75,1.0,600.0,-44.8168757725507
1757,3598336,-0.0013060962160428365,2.197373104095459,6.728026549021403,0.0065542303685409324,0.024685415260804196,0.22053636933366458,-0.11735399812459946,1.4762535095214844,0.8894856770833334,518.8127512427541,4452.46907979036,745.9711670905381,215.72221670881845,1340.2784813400285,2,0.0,0.0,0.0,0.5,0.5,0.0,0.5,0.5,3.0,1.0,1.0,0.5,574.5,-60.58250094857067
1758,3600384,-0.0008308928641781677,1.780549442768097,6.72189900080363,0.012978870512840027,0.019906227352718513,0.17211768676837286,0.24380463361740112,1.2534830570220947,0.85546875,518.8509013505851,4455.2521355233475,746.3708354005066,215.85014443581895,1340.2784813400285,60,0.0,0.0,0.0,0.0,1.0,0.0,1.2666666666666666,0.1,2.8,1.6,nan,0.1,326.1333333333333,nan
1759,3602432,0.003408656839746982,0.8984862446784974,6.717915487289429,0.020181567994101594,0.01638153987781455,0.20324270303050676,0.2868703305721283,0.9910788536071777,0.9557291666666666,516.7605132880517,4457.9652785163635,746.872945326555,215.97468821382063,1368.8210713320295,2,0.0,0.0,0.0,0.0,1.0,0.0,0.0,2.0,3.0,1.0,0.0,1.0,600.0,-35.612083667423576
1760,3604480,-0.002584545973998805,1.284847378730774,6.715249061584473,0.0075843270518817,0.020420128646461914,0.20354719559351603,0.05540189519524574,1.1093250513076782,0.880859375,516.7995168081704,4460.645652893378,747.3208596265686,216.0996264618152,1368.8210713320295,5,0.0,0.0,0.0,0.2,0.8,0.0,0.4,1.6,2.6,1.0,0.0,0.8,596.8,-30.56650020526722
1761,3606528,-0.0031529102784891923,1.7941506624221801,6.720781087875366,0.008201729168649762,0.060874078321891525,0.20851652771234513,-0.08885503560304642,1.4159512519836426,0.9069010416666666,516.8256259985769,4463.558943898388,747.7597893615239,216.22267376581294,1368.8210713320295,3,0.0,0.0,0.0,0.0,1.0,0.0,0.0,2.6666666666666665,2.3333333333333335,0.3333333333333333,0.0,1.0,600.0,-20.039444458360474
1762,3608576,-0.0013310875394381583,1.2448500514030456,6.72592388788859,0.004801748940371909,0.020105833439932514,0.18884619598587354,-0.018185138702392578,1.1273859739303589,0.8102213541666666,516.8694200407737,4466.256820851355,748.1860218195652,216.34457125481276,1368.8210713320295,4,0.0,0.0,0.0,0.25,0.75,0.0,0.75,1.25,2.5,1.0,0.0,0.75,579.0,-30.770208794856444
1763,3610624,0.008712314589259525,0.9425892293453216,6.717755142847697,0.025623776472639293,0.09711196916953971,0.35781000802914303,-0.00786653533577919,1.0155000686645508,0.9324544270833334,516.9088112799085,4469.018471916352,748.6009831396514,216.4672884938118,1368.8210713320295,3,0.0,0.0,0.0,0.0,1.0,0.0,0.0,2.3333333333333335,2.6666666666666665,0.3333333333333333,0.3333333333333333,1.0,600.0,-24.38972254221638
1764,3612672,0.004414112980884966,1.184693419933319,6.712084833780924,0.013777901169184285,0.020580157835502176,0.23995322262247404,-0.07208053022623062,1.1670321226119995,0.8505859375,516.982822165124,4471.337255751372,748.9975180296315,216.5892517568136,1368.8210713320295,2,0.0,0.0,0.0,0.0,1.0,0.0,0.0,2.5,2.0,0.5,0.0,1.0,600.0,-5.0
1765,3614720,-0.001850258163176477,0.7873807847499847,6.70840056737264,0.015898174711037428,0.04203412418719381,0.18082489892840387,0.10772217810153961,0.8782603144645691,0.9051106770833334,517.0530733940031,4473.692563276316,749.3954522146232,216.70957013681618,1368.8210713320295,5,0.0,0.0,0.0,0.0,1.0,0.0,0.0,2.0,2.2,0.6,0.4,1.0,600.0,-29.817000144161284
1766,3616768,-0.002145430096425116,1.332580989599228,6.708793624242147,0.006386604586926599,0.02415912092352907,0.20164613102873166,0.1080850139260292,1.155712366104126,0.8876953125,517.1225190439923,4476.060053858324,749.7956141295872,216.8409896718149,1368.8210713320295,3,0.0,0.0,0.0,0.3333333333333333,0.6666666666666666,0.0,0.0,1.6666666666666667,1.0,1.3333333333333333,0.0,0.6666666666666666,523.3333333333334,-19.01944462240984
1767,3618816,0.005805296002654359,1.1682307422161102,6.712285343805949,0.03258279140961046,0.03081284441286698,0.2548272289335728,0.18099276721477509,1.0560237169265747,0.84423828125,517.1877270860697,4478.486501723317,750.1940917255852,216.96323207981186,1368.8210713320295,4,0.0,0.0,0.0,0.0,1.0,0.0,0.0,1.75,2.0,1.25,0.0,1.0,600.0,-22.603125357767567
1768,3620864,-0.000747278961353004,1.5769652724266052,6.712056461970011,0.012819264408123369,0.02312650786091884,0.19267101486523946,-0.15881669521331787,1.2542167901992798,0.9441731770833334,517.2380099336019,4481.120235321272,750.5943852765922,217.08842472481047,1368.8210713320295,4,0.0,0.0,0.0,0.25,0.75,0.0,0.5,1.25,2.5,1.25,0.0,0.75,544.5,-28.822917011682875
1769,3622912,-0.001783539867028594,1.8720798015594482,6.719406970342001,0.011159855268973236,0.03848439111607149,0.19535432557264965,0.006289437413215637,1.4513388872146606,0.80615234375,517.3047562038464,4483.528706966274,750.9907615275515,217.22038399681333,1368.8210713320295,4,0.0,0.0,0.0,0.25,0.75,0.0,0.25,1.25,2.0,1.5,0.0,0.75,567.0,-22.465624935459346
1770,3624960,-0.0014338592727047702,1.3108012557029725,6.726189438501994,0.009570153146826972,0.039272973282883566,0.20570098459720612,-0.10113527625799179,1.1664550304412842,0.91748046875,517.3488171023918,4486.2363500412175,751.402457679571,217.33768904081808,1368.8210713320295,3,0.0,0.0,0.0,0.0,1.0,0.0,0.0,2.3333333333333335,2.3333333333333335,0.6666666666666666,0.0,1.0,600.0,-15.927778045336405
1771,3627008,-0.002129219074655945,1.0670932948589325,6.72843976020813,0.01031273832001413,0.025286265353982647,0.20820781687895457,-0.11582671850919724,1.1003237962722778,0.8165690104166666,517.4025251716264,4488.820632862196,751.8096454856131,217.45525835281296,1368.8210713320295,3,0.0,0.0,0.0,0.3333333333333333,0.6666666666666666,0.0,0.0,0.6666666666666666,3.0,2.3333333333333335,0.0,0.6666666666666666,519.0,-39.75666679162532
1772,3629056,-0.0007423767587170005,1.8836668848991394,6.72712246576945,0.011497250158572569,0.0464543851170068,0.20820290967822075,0.22050994634628296,1.4757306575775146,0.9012044270833334,517.4496276322353,4491.477188558216,752.2254294996237,217.57694433080906,1368.8210713320295,4,0.0,0.0,0.0,0.0,1.0,0.0,0.0,2.25,2.0,0.75,0.0,1.0,600.0,-20.65625026007183
1773,3631104,-0.0030073862134789428,1.0859000623226165,6.728292783101399,0.01508876825682819,0.05105336854079117,0.21455118333299955,0.11299358308315277,0.9596893787384033,0.8229166666666666,517.5056836932504,4494.011852200194,752.6345322646521,217.7090602948083,1368.8210713320295,4,0.0,0.0,0.0,0.5,0.5,0.0,0.5,1.5,2.5,1.0,0.0,0.5,544.75,-19.05625010980293
1774,3633152,0.0004952008137479424,2.813767099380493,6.738081947962443,0.029647159561379036,0.019352568402731172,0.18671129842599232,-0.17354434728622437,1.7214869260787964,0.802734375,517.55699834243,4496.622062955212,753.0443501047266,217.8329059068128,1368.8210713320295,3,0.0,0.0,0.0,0.3333333333333333,0.6666666666666666,0.0,0.0,1.6666666666666667,1.6666666666666667,0.6666666666666666,0.6666666666666666,0.6666666666666666,566.0,-15.020833315948645
1775,3635200,-0.0008218592343231042,0.7655437469482422,6.741047430038452,0.03775691054518878,0.021564611804205925,0.2036384200056394,0.04653061181306839,0.8202203512191772,0.8317057291666666,517.6100658290835,4499.195952934264,753.465463600769,217.95293615481205,1368.8210713320295,5,0.0,0.0,0.0,0.2,0.8,0.0,0.0,1.4,2.6,1.2,0.4,0.8,562.2,-26.890000354498625
1776,3637248,-0.002024812662663559,0.7689829140901565,6.741514619191488,0.010038830795868611,0.030498284198498975,0.1901062379280726,0.05779338255524635,0.893561840057373,0.9371744791666666,517.6452344759078,4502.016136684324,753.8791636817696,218.07653566481167,1368.8210713320295,2,0.0,0.0,0.0,0.0,1.0,0.0,0.0,2.0,2.0,1.0,0.0,1.0,600.0,-18.00000025331974
1777,3639296,-0.002096903437632136,0.24618196934461595,6.743251848220825,0.00724601525774536,0.03735591981870433,0.21462347308794658,0.16528359055519104,0.5239681005477905,0.955078125,517.6895885446463,4504.761723618343,754.2503800157501,218.19957139580947,1368.8210713320295,4,0.0,0.0,0.0,0.25,0.75,0.0,0.0,2.25,2.5,0.75,0.0,0.75,538.75,-13.390833355020732
1778,3641344,-0.0017910045785053323,1.6260728716850281,6.734184630711874,0.0065218262215542685,0.02914700732411196,0.22718307276566824,-0.09424371272325516,1.3990401029586792,0.8474934895833334,517.7542794605279,4507.235018090323,754.6258396468329,218.32147802380496,1368.8210713320295,3,0.0,0.0,0.0,0.0,1.0,0.0,0.0,2.6666666666666665,2.6666666666666665,0.0,0.3333333333333333,1.0,600.0,-9.788888971010843
1779,3643392,-0.0014592973593001565,1.362282145023346,6.730319341023763,0.013647242042740497,0.023199878578695158,0.22023593684037526,0.44681820273399353,1.303758978843689,0.7161458333333334,517.8267518647908,4509.565262080345,755.0140242408743,218.45375681080623,1368.8210713320295,4,0.0,0.0,0.0,0.0,1.0,0.0,0.0,2.0,2.0,1.0,0.0,1.0,600.0,-13.30250006285496
1780,3645440,-0.0030904855773163336,1.7230850100517272,6.724541441599528,0.025301437297215065,0.03023463411567112,0.22481321344772975,-0.15218104422092438,1.3383866548538208,0.83154296875,517.8933591648639,4511.973338936354,755.4115801788721,218.5759166778007,1368.8210713320295,3,0.0,0.0,0.0,0.3333333333333333,0.6666666666666666,0.0,0.3333333333333333,0.6666666666666666,2.0,1.0,1.0,0.6666666666666666,572.3333333333334,-32.99166704528034
1781,3647488,-0.002886417392680111,1.9283162474632263,6.7235881646474205,0.004399185585983408,0.030332436812265464,0.19534605965018273,-0.140197291970253,1.4855023622512817,0.7779947916666666,517.9476491594208,4514.568242523354,755.7965210099428,218.69787647180056,1368.8210713320295,4,0.0,0.0,0.0,0.0,1.0,0.0,0.25,1.5,2.5,1.25,0.0,1.0,600.0,-25.33916697395034
1782,3649536,-0.003030711738392711,0.5802577167749405,6.729110701878866,0.014226481031316022,0.0269383963663131,0.16820091903209686,0.17226512730121613,0.6279045939445496,0.8505859375,517.9933172477791,4517.225510440381,756.2135543700206,218.8286722217963,1368.8210713320295,5,0.0,0.0,0.0,0.2,0.8,0.0,0.0,1.8,2.0,0.6,0.6,0.8,548.0,-21.553666945546865
1783,3651584,-0.0009124230215093121,1.914923632144928,6.735805940628052,0.008534130864912488,0.04236525371670723,0.17190913284818332,-0.03700951114296913,1.4536209106445312,0.9537760416666666,518.051223547615,4519.778149081387,756.5977288319991,218.94888594179793,1368.8210713320295,1,0.0,0.0,0.0,0.0,1.0,0.0,0.0,3.0,3.0,0.0,0.0,1.0,600.0,-6.041666771285236
1784,3653632,0.00012869314135362705,0.744109719991684,6.7445729573567705,0.00870828195863093,0.030554568713220456,0.1923265849550565,-0.013736194930970669,0.8043375611305237,0.9060872395833334,518.1127694832049,4522.267728272433,756.9821976210078,219.08051492579398,1368.8210713320295,5,0.0,0.0,0.0,0.2,0.8,0.0,0.0,2.2,2.2,0.4,0.4,0.8,585.8,-19.797333575040103
1785,3655680,0.0003352642951843639,0.49706572890281675,6.746334441502889,0.005097829335682036,0.012977166388494273,0.20443417628606161,0.12139281630516052,0.7265555262565613,0.9684244791666666,518.1557293653029,4524.997236478455,757.3822458609866,219.20243144179403,1368.8210713320295,3,0.0,0.0,0.0,0.0,1.0,0.0,0.0,2.6666666666666665,2.3333333333333335,0.3333333333333333,0.0,1.0,600.0,-16.551389100961387
1786,3657728,-0.002182680279171715,0.32655762135982513,6.7465397675832115,0.004732440366448524,0.02709726816586529,0.19470156158010166,0.1831110417842865,0.5858953595161438,0.9479166666666666,518.2065305090059,4527.626121382418,757.7810267850291,219.3160909247963,1368.8210713320295,4,0.0,0.0,0.0,0.0,1.0,0.0,0.0,3.0,2.0,0.0,0.0,1.0,600.0,-10.020833511603996
1787,3659776,0.006592674308922142,0.1858413279056549,6.74508646329244,0.0137504647403451,0.028769932244904338,0.20157951985796294,0.18776974081993103,0.37811675667762756,0.9635416666666666,518.2548731163305,4530.250469540384,758.2066326790591,219.43568922779377,1368.8210713320295,3,0.0,0.0,0.0,0.0,1.0,0.0,0.0,2.3333333333333335,2.6666666666666665,0.3333333333333333,0.3333333333333333,1.0,600.0,-16.232500173151493
1788,3661824,-0.003890795950428583,0.45567619800567627,6.740619405110677,0.028296257871261332,0.05245895174642404,0.16860629891355833,0.17743228375911713,0.711563229560852,0.9983723958333334,518.2935195326733,4533.034812729347,758.6075033350644,219.55123371279478,1368.8210713320295,3,0.0,0.0,0.0,0.0,1.0,0.0,0.0,3.0,1.6666666666666667,0.0,0.0,1.0,600.0,-4.368333440274
1789,3663872,0.005142144149385785,1.1176139771938325,6.747349278132121,0.014446989497325072,0.027404687538122138,0.239517542719841,-0.025597507134079933,1.1478358507156372,0.91943359375,518.3366204053432,4535.755544392385,759.003798914986,219.68030453579559,1368.8210713320295,5,0.0,0.0,0.0,0.0,1.0,0.0,0.0,3.0,2.6,0.0,0.0,1.0,600.0,-4.8083333959802985
1790,3665920,0.00252606103507181,1.751517939567566,6.744318739573161,0.04208517082734033,0.013550113948682944,0.21879827976226807,-0.02734457515180111,1.5443613529205322,0.7703450520833334,518.4138938756356,4538.052823271355,759.3806430839759,219.80518194379692,1368.8210713320295,1,0.0,0.0,0.0,0.0,1.0,0.0,0.0,3.0,3.0,0.0,0.0,1.0,600.0,0.0
1791,3667968,-0.001317123711730043,1.04163915514946,6.739375193913777,0.010503744863914715,0.02382325887059172,0.19717078978816668,0.3807790279388428,0.9023304581642151,0.79833984375,518.4544314016572,4540.762868179299,759.8192270239597,219.9259133697924,1368.8210713320295,5,0.0,0.0,0.0,0.0,1.0,0.0,0.0,2.0,2.0,0.4,0.6,1.0,600.0,-15.556000188551844
1792,3670016,-0.0014241814302901428,0.33538790643215177,6.742309315999349,0.010435851803049446,0.07561618372177084,0.20401521908740203,0.19650176167488098,0.5932804346084595,0.9514973958333334,518.4792100623113,4543.69348023519,760.2519319639832,220.04745193379495,1368.8210713320295,3,0.0,0.0,0.0,0.0,1.0,0.0,0.3333333333333333,1.6666666666666667,2.6666666666666665,0.0,1.0,1.0,600.0,-18.12083342454086
1793,3672064,-0.00017429355163282403,0.7276937872171402,6.740361563364664,0.007341103751726526,0.029602811043150722,0.2243879256149133,-0.22154484689235687,0.8724336624145508,0.94384765625,518.5082782917474,4546.572130057168,760.6720890989527,220.17218615479214,1368.8210713320295,4,0.0,0.0,0.25,0.0,0.75,0.0,0.0,2.75,2.25,0.0,0.25,0.75,464.0,-10.190416757715866
1794,3674112,-0.0010890469575921694,0.4617849886417389,6.739145056406657,0.012487467044653993,0.007969854942833384,0.18484010845422744,0.2010638266801834,0.7080522775650024,0.9103190104166666,518.5462023037154,4549.3422146801095,761.0899324499042,220.29451851879276,1368.8210713320295,4,0.0,0.0,0.0,0.0,1.0,0.0,0.0,2.75,2.75,0.0,0.25,1.0,600.0,-12.894583604997024
1795,3676160,-0.0027001925933291203,0.17290007174015046,6.74457426071167,0.017266083745926152,0.03479473620730763,0.19624196216464043,0.18094921112060547,0.38862767815589905,0.9254557291666666,518.5813956036535,4552.147447228133,761.5070569598465,220.4173304907963,1368.8210713320295,2,0.0,0.0,0.0,0.0,1.0,0.0,0.0,2.5,2.5,0.0,0.5,1.0,600.0,-10.727500092238188
1796,3678208,-0.00101089989572453,0.14587103798985482,6.747289721171061,0.04191936805145815,0.025185243273153902,0.1855355607966582,0.23226188123226166,0.3907254636287689,0.98095703125,518.603060000439,4555.121470334176,761.9254744789287,220.54206451080245,1368.8210713320295,6,0.0,0.0,0.0,0.0,1.0,0.0,0.0,2.8333333333333335,2.8333333333333335,0.0,0.16666666666666666,1.0,600.0,-5.895277852192521
1797,3680256,-0.0027565006572937514,1.6085032939910888,6.749037392934164,0.013949940578701596,0.06499659603772064,0.18943888669212658,-0.04817449301481247,1.3379119634628296,0.9375,518.6367343277236,4557.931560956218,762.3439652879679,220.68316744880576,1368.8210713320295,1,0.0,0.0,0.0,0.0,1.0,0.0,0.0,3.0,3.0,0.0,0.0,1.0,600.0,0.0
1798,3682304,-0.002610751361741374,0.8500205397605896,6.754959011077881,0.01031489383506899,0.06416739815225204,0.2049718531469504,-0.05048562213778496,0.9016998410224915,0.9280598958333334,518.6673899812581,4560.770072600208,762.7593361489635,220.81869790880592,1368.8210713320295,5,0.0,0.0,0.0,0.2,0.8,0.0,0.0,2.4,2.6,0.2,0.4,0.8,594.2,-8.946333374455572
1799,3684352,0.004431398131418973,0.22659972682595253,6.758626047770182,0.012804909880893925,0.04434551172889769,0.2661272642513116,0.10201091319322586,0.5133066773414612,0.876953125,518.6994062477014,4563.610414858136,763.1805208269798,220.94282472380291,1368.8210713320295,2,0.0,0.0,0.0,0.0,1.0,0.0,0.0,3.0,3.0,0.0,0.0,1.0,600.0,-1.2591667179949582
1800,3686400,0.004777416866272688,1.1448603689670562,6.751401646931966,0.01042063581990078,0.036122665942336124,0.21584532856941224,-0.0065328022465109825,1.0936392545700073,0.8592122395833334,518.7349152391381,4566.4009433671745,763.6005279289238,221.0674003137974,1368.8210713320295,4,0.0,0.0,0.0,0.0,1.0,0.0,0.25,2.25,2.5,0.0,0.5,1.0,600.0,-15.330833490239456
1801,3688448,-0.002072002653342982,1.1491969764232635,6.755388434727987,0.009721830242779107,0.029568417300470173,0.17189969917138417,-0.12536649405956268,1.2260706424713135,0.9547526041666666,518.7630191880548,4569.323512464129,763.9970418088851,221.1925747977948,1368.8210713320295,4,0.0,0.0,0.0,0.0,1.0,0.0,0.0,2.5,2.75,0.25,0.25,1.0,600.0,-8.997083371970803
1802,3690496,-0.00153043046836198,0.6151823729276658,6.761985890070597,0.003509167807275541,0.016285589213172594,0.1712143011391163,0.004171740263700485,0.698913037776947,0.8839518229166666,518.8010560027452,4572.141881736075,764.3765150019608,221.31060296079522,1368.8210713320295,2,0.0,0.0,0.0,0.0,1.0,0.0,0.0,2.0,3.0,0.0,1.0,1.0,600.0,-15.702500232029706
1803,3692544,-0.002265294660658886,0.17072173655033113,6.765890836715698,0.005744501467173298,0.02950538255584737,0.1772690162062645,0.12808337807655334,0.4431348443031311,0.9664713541666666,518.8262373463022,4575.098995784123,764.7710408789717,221.43883357579034,1368.8210713320295,6,0.0,0.0,0.0,0.0,1.0,0.0,0.16666666666666666,2.6666666666666665,2.5,0.0,0.16666666666666666,1.0,600.0,-11.676805691017458
1804,3694592,0.0025607388350181283,0.40386618971824645,6.77012464205424,0.10425599288137163,0.012516023203109702,0.194116789350907,-0.0012971885735169053,0.6590061187744141,0.9986979166666666,518.8342761210552,4578.278862489147,765.1828016709915,221.5663236837936,1368.8210713320295,2,0.0,0.0,0.5,0.0,0.5,0.0,0.0,2.5,1.5,0.0,0.5,0.5,330.5,-10.782500029541552
1805,3696640,-0.00028438111088083435,0.7483690947294235,6.7711621761322025,0.009689791042668124,0.039751897240057586,0.18874652286370594,-0.11131040006875992,0.907763659954071,0.9464518229166666,518.859317614826,4581.2614293261795,765.5603748109643,221.69419428679248,1368.8210713320295,5,0.0,0.0,0.0,0.0,1.0,0.0,0.0,3.0,3.0,0.0,0.0,1.0,600.0,-9.375000095553697
1806,3698688,0.0022408202185033588,2.719709944725037,6.7686964193979895,0.014458152938944598,0.04759518305460612,0.23298939317464828,-0.18532952666282654,1.7413538694381714,0.8785807291666666,518.8992153264694,4584.039586107312,765.9518026659862,221.81179700279608,1368.8210713320295,3,0.0,0.0,0.0,0.0,1.0,0.0,0.0,2.0,2.0,0.0,1.0,0.6666666666666666,417.6666666666667,-13.898333363234997
1807,3700736,-0.0018306458446507652,0.6037294030189514,6.766164000829061,0.011237353163111644,0.04646172929788008,0.2020342580974102,0.12813763320446014,0.8165847063064575,0.8548177083333334,518.9412091625409,4586.771863967275,766.3629676379715,221.92665549579397,1368.8210713320295,60,0.0,0.0,0.0,0.0,1.0,0.0,0.4666666666666667,1.2,2.7666666666666666,0.8333333333333334,nan,0.7,549.4333333333333,nan
1808,3702784,-0.00019825311513462415,0.5462140083312989,6.768626769383748,0.0031786928229848854,0.008499835140537471,0.1931521569689115,0.18971538543701172,0.7148405313491821,0.8878580729166666,515.3252746603915,4589.488964604301,766.8108646149631,222.04904834378976,1419.4059342790279,4,0.0,0.0,0.0,0.0,1.0,0.0,0.0,2.25,2.0,0.25,0.5,1.0,600.0,-9.72854173486121
1809,3704832,-0.0001794301283856233,0.19574832320213317,6.767673858006796,0.00497095645259833,0.018371142043421666,0.1792783113817374,0.03513466939330101,0.4367729425430298,0.93359375,515.3687722474065,4592.2187073903115,767.2134317079835,222.1721804107874,1419.4059342790279,2,0.0,0.0,0.0,0.0,1.0,0.0,0.0,2.5,2.5,0.0,0.5,1.0,600.0,-16.23916663462296
1810,3706880,-0.0010417448977629344,1.6427079558372497,6.7579764525095625,0.010161429624228427,0.02440704482141882,0.1987850526968638,-0.13947060704231262,1.3746304512023926,0.9072265625,515.411587496397,4594.962243740352,767.6065761099017,222.29721085479105,1419.4059342790279,5,0.0,0.0,0.0,0.0,1.0,0.0,0.0,2.8,2.4,0.0,0.2,1.0,600.0,-6.769000145979225
1811,3708928,-0.003007323944863553,0.3168576627969742,6.75620075861613,0.026444566102388004,0.06405602837912738,0.19355818803111713,0.04546130821108818,0.6044450998306274,0.8391927083333334,515.4558398333351,4597.637568209335,768.0311694149423,222.43211614978645,1419.4059342790279,3,0.0,0.0,0.0,0.3333333333333333,0.6666666666666666,0.0,0.0,2.0,1.6666666666666667,0.3333333333333333,0.6666666666666666,0.6666666666666666,529.6666666666666,-11.913888906439146
1812,3710976,0.0023366693368492026,1.7965636849403381,6.757763989766439,0.02119858780836997,0.005889493258049091,0.2107944349447886,-0.12660810351371765,1.5149861574172974,0.818359375,515.4903117609088,4600.282356750395,768.5587802119626,222.59698476078484,1419.4059342790279,3,0.0,0.0,0.0,0.0,1.0,0.0,0.0,2.6666666666666665,2.6666666666666665,0.0,0.3333333333333333,1.0,600.0,-15.084722278639674
1813,3713024,-0.0007628447550814599,0.6807626396417618,6.758253526687622,0.004136328270154384,0.008941254415549337,0.16587708319226901,0.11422061175107956,0.8012092113494873,0.8444010416666666,515.5533512068101,4602.612295199433,769.0028158728892,222.72158494078758,1419.4059342790279,4,0.0,0.0,0.0,0.25,0.75,0.0,0.0,2.0,2.25,0.25,0.75,0.75,529.75,-11.140833353158087
1814,3715072,-0.0012022576256034275,0.5423999041318893,6.760792875289917,0.008323398395441472,0.020444789540488274,0.18702245925863584,0.14042210578918457,0.7264012098312378,0.91552734375,515.6148034617236,4605.075279284443,769.4069942158676,222.84054569678847,1419.4059342790279,4,0.0,0.0,0.0,0.0,1.0,0.0,0.0,2.5,2.0,0.0,0.5,1.0,600.0,-13.582708466798067
1815,3717120,-0.0011079438768016796,0.8773551881313324,6.757719834645589,0.010800103938284641,0.02393244466899584,0.19037660832206407,0.04640079662203789,1.0251656770706177,0.8971354166666666,515.6641760118756,4607.714395258496,769.8158874968794,222.9625231747923,1419.4059342790279,4,0.0,0.0,0.0,0.0,1.0,0.0,0.0,2.75,1.75,0.0,0.25,1.0,600.0,-4.076250021345913
1816,3719168,-0.0017596198284688094,1.997010850906372,6.763336658477783,0.006359391953446902,0.044480674725491554,0.19198480720321337,-0.1074138730764389,1.5611082315444946,0.8346354166666666,515.7104422658958,4610.308875400471,770.2922958689014,223.0937333217953,1419.4059342790279,2,0.0,0.0,0.0,0.0,1.0,0.0,0.0,2.0,2.5,0.5,0.5,1.0,600.0,-13.646250136196613
1817,3721216,-0.0026455667102709413,0.851843637228012,6.772879759470622,0.012809372584645947,0.02675483312147359,0.20908676808079082,0.031516894698143005,0.8557745814323425,0.83837890625,515.7616052419835,4612.903433433472,770.713671978825,223.21164076880086,1419.4059342790279,4,0.0,0.0,0.0,0.25,0.75,0.0,0.0,2.0,2.75,0.25,0.75,0.75,589.0,-13.936458391603082
1818,3723264,0.0029553392048304278,0.6184724360704422,6.777475134531657,0.010934775959079464,0.018506865374123056,0.2013322651386261,-0.0807245671749115,0.7995603084564209,0.84033203125,515.8391740777516,4615.101289182443,771.1514351329388,223.3320804528048,1419.4059342790279,4,0.0,0.0,0.0,0.25,0.75,0.0,0.0,2.0,2.5,0.5,0.5,0.75,596.75,-14.841666726861149
1819,3725312,-0.0011368324320452908,0.0853763572871685,6.783087380727133,0.022658321304091563,0.058270378441860275,0.19663145566980045,0.20828455686569214,0.2825488746166229,0.875,515.9078218479955,4617.472376889527,771.5538430799716,223.4537320308009,1419.4059342790279,2,0.0,0.0,0.0,0.0,1.0,0.0,0.0,3.0,1.0,0.0,0.0,1.0,600.0,-2.712500023189932
1820,3727360,-0.0004944836846940841,1.2310188949108123,6.7840030511220295,0.021737837123995025,0.04276675359966854,0.18915231997768084,0.0717952772974968,1.1564656496047974,0.9178059895833334,515.9468802618342,4620.215970105426,771.9799003740118,223.57835754480038,1419.4059342790279,4,0.0,0.0,0.0,0.0,1.0,0.0,0.0,2.25,2.25,0.0,0.75,1.0,600.0,-8.621249996125698
1821,3729408,-0.0014981870578291516,0.834939157962799,6.787458403905233,0.017688260378781705,0.06738643947367867,0.19899529193838436,-0.03339012712240219,0.8471434116363525,0.9205729166666666,515.9890564168221,4622.961564032383,772.3794108240036,223.69549104080215,1419.4059342790279,5,0.0,0.0,0.0,0.2,0.8,0.0,0.0,2.4,1.8,0.2,0.4,0.8,558.6,-6.5913333466276525
1822,3731456,-0.002769314187268416,1.377863883972168,6.788042481740316,0.01434119928938647,0.029321045552690824,0.19101371020078659,-0.1969044953584671,1.3174655437469482,0.8409830729166666,516.0465348546534,4625.498371027388,772.7722429350106,223.81756053680147,1419.4059342790279,3,0.0,0.0,0.0,0.0,1.0,0.0,0.0,3.0,2.3333333333333335,0.0,0.0,1.0,600.0,-3.976666737968723
1823,3733504,-0.0027060300519224255,1.0725793898105622,6.791964515050252,0.0085214822475488,0.05224291499083241,0.21470269386967022,0.013579913415014744,1.0344936847686768,0.8048502604166666,516.1187696059674,4627.767494051412,773.2086351070247,223.93821253880014,1419.4059342790279,4,0.0,0.0,0.0,0.25,0.75,0.0,0.0,1.75,2.0,0.25,1.0,0.75,559.75,-15.986250105896033
1824,3735552,0.0008943835583825906,0.3392566412687302,6.797217273712159,0.03364252864460771,0.01297340178862214,0.18021056031187374,0.15849587321281433,0.6401257514953613,0.85107421875,516.1915033643156,4630.031615232423,773.651656804017,224.0542023687958,1419.4059342790279,2,0.0,0.0,0.0,0.0,1.0,0.0,0.0,2.5,2.5,0.0,0.5,1.0,600.0,-6.2750000189989805
1825,3737600,0.0014636737784409586,0.1802806720137596,6.794548908869426,0.01388232687798639,0.05866240548590819,0.2081435722609361,0.1262933909893036,0.42602643370628357,0.9080403645833334,516.2515792404656,4632.473908003412,774.08741861007,224.17823739479354,1419.4059342790279,4,0.0,0.0,0.0,0.0,1.0,0.0,0.0,2.5,1.75,0.25,0.25,1.0,600.0,-6.902916655875742
1826,3739648,0.013057055487297475,2.309312641620636,6.788430849711101,0.02501869512683091,0.05850693020038307,0.28612053344647087,-0.23990681767463684,1.5987298488616943,0.8626302083333334,516.3226204922136,4634.82099046142,774.4733291390294,224.308091717794,1419.4059342790279,3,0.0,0.0,0.0,0.0,1.0,0.0,0.0,2.0,2.3333333333333335,0.3333333333333333,0.6666666666666666,1.0,600.0,-13.183333375801643
1827,3741696,0.007461446245724801,0.5073515474796295,6.778970416386922,0.11067543520475738,0.07471587899296234,0.22891900887091954,0.15149135887622833,0.7627068161964417,0.8624674479166666,516.3825667505041,4637.264140633408,774.9085558789448,224.431426593801,1419.4059342790279,4,0.0,0.0,0.0,0.25,0.75,0.0,0.0,2.25,1.5,0.25,0.5,0.75,556.25,-7.508749999804422
1828,3743744,0.006179037736728787,3.014424705505371,6.769075012207031,0.016249037410792273,0.06713585668476299,0.27855758170286815,-0.43198972940444946,1.8548332452774048,0.85986328125,516.4207297164739,4639.961266715385,775.3672812759469,224.58302965580515,1419.4059342790279,5,0.0,0.0,0.2,0.0,0.8,0.0,0.0,2.4,1.6,0.0,0.6,0.8,491.6,-10.012666719034314
1829,3745792,-0.002936969967655993,0.8791074216365814,6.765158478418986,0.014236173553702733,0.054954817052930593,0.1912472960849603,0.11409903317689896,1.0349221229553223,0.7781575520833334,516.4913001521384,4642.1888492013895,775.8436617589978,224.72424736280664,1419.4059342790279,5,0.0,0.0,0.0,0.2,0.8,0.0,0.2,1.6,2.4,0.2,1.0,0.8,548.0,-17.616833346150816
1830,3747840,-0.0026493252293827633,2.0001187682151795,6.769982131322225,0.011260624234758628,0.044273613490319504,0.19615336284041404,-0.0020382904913276434,1.492404580116272,0.8375651041666666,516.5743303144309,4644.275694188429,776.3128088130034,224.8548177338089,1419.4059342790279,1,0.0,0.0,0.0,0.0,1.0,0.0,0.0,1.0,2.0,1.0,1.0,1.0,600.0,-30.862500415183604
1831,3749888,0.005988034827169031,1.30860835313797,6.773451471328736,0.015244739731618514,0.04296454293653369,0.26663341547052066,-0.004574544262140989,1.2773892879486084,0.763671875,516.6486781720316,4646.438372314384,776.7881384500361,225.00689855281234,1419.4059342790279,5,0.0,0.0,0.2,0.2,0.6,0.0,0.0,2.2,1.0,0.4,0.4,0.6,477.2,-8.058333336375654
1832,3751936,-0.00045993275319536526,0.3251485377550125,6.768440993626912,0.010312231865827925,0.05361441874410957,0.20862826506296794,0.36014363169670105,0.45406433939933777,0.8740234375,516.689572214498,4649.102805498282,777.245328575038,225.14538953280862,1419.4059342790279,4,0.0,0.0,0.0,0.25,0.75,0.0,0.0,1.5,2.0,0.5,1.0,0.75,583.5,-19.45625011739321
1833,3753984,0.00042761753623684246,1.898864483833313,6.763214651743571,0.03708750378573313,0.012111345243950685,0.19786576678355536,-0.03810378536581993,1.3628407716751099,0.9085286458333334,516.7246870234588,4651.8315966832815,777.727185654061,225.28760343280737,1419.4059342790279,2,0.0,0.0,0.0,0.5,0.5,0.0,0.0,0.5,2.5,2.0,0.5,0.5,594.5,-29.414583056233823
1834,3756032,0.46496771816164256,1.5888997793197632,6.755862267812093,0.39962875496518485,0.09072193345831087,5.0583108852307,-0.1352306753396988,1.2785838842391968,0.8434244791666666,516.7702676378107,4654.411039595274,778.1842775611003,225.44172397180228,1419.4059342790279,6,0.0,0.0,0.0,0.16666666666666666,0.8333333333333334,0.0,0.0,2.0,2.8333333333333335,0.8333333333333334,0.16666666666666666,0.8333333333333334,589.0,-13.357499988439182
1835,3758080,0.004022401093970984,0.03008202016353607,6.7470726331075035,0.03587581407822048,0.06057438471664985,0.2449400705595811,0.12567265331745148,0.14711260795593262,0.875,516.8168300102894,4656.994073778289,778.6485737861149,225.5848021458005,1419.4059342790279,1,0.0,0.0,0.0,0.0,1.0,0.0,0.0,3.0,1.0,0.0,0.0,1.0,600.0,0.0
1836,3760128,0.001643489964772016,1.6292344808578492,6.740651686986287,0.018090828560525553,0.02157401228323579,0.19659550935029985,0.2716263234615326,1.1382843255996704,0.9036458333333334,516.8520261064224,4659.680744976329,779.1427141690438,225.72999983780028,1419.4059342790279,6,0.0,0.0,0.0,0.3333333333333333,0.6666666666666666,0.0,0.0,1.5,2.5,1.0,0.5,0.6666666666666666,570.6666666666666,-16.324583334460232
1837,3762176,0.00022069411352276802,0.9209782361984253,6.7415382862091064,0.034317414788529274,0.02479772686492652,0.22168346966306368,-0.03219420090317726,1.0185420513153076,0.9264322916666666,516.8984514668963,4662.267632982286,779.6232272080451,225.8458556038022,1419.4059342790279,1,0.0,0.0,0.0,0.0,1.0,0.0,0.0,3.0,3.0,0.0,0.0,1.0,600.0,-0.4000000059604645
1838,3764224,-0.0020963800818814588,0.8509143710136413,6.743916972478231,0.02346638180897571,0.03637816491536796,0.20131598363320033,0.04628068953752518,0.93021160364151,0.8766276041666666,516.9544492739118,4664.76609917044,780.0470136580552,225.96844179779873,1419.4059342790279,6,0.0,0.0,0.0,0.6666666666666666,0.3333333333333333,0.0,0.0,1.0,2.3333333333333335,2.0,0.0,0.3333333333333333,538.5,-23.838888890886057
1839,3766272,-0.0028012618674741435,1.7551660060882568,6.748831876118978,0.020938497130797866,0.05814639527040223,0.16523440529902775,-0.12019380182027817,1.4182212352752686,0.9192708333333334,516.9881518853701,4667.5724808414525,780.4824551300117,226.0963961567977,1419.4059342790279,2,0.0,0.0,0.0,0.0,1.0,0.0,0.0,2.0,2.5,0.5,0.5,1.0,600.0,-16.308333462337032
1840,3768320,0.004126366179358835,0.9612651109695435,6.754067627588908,0.02870888621158277,0.012792180626032252,0.2071894938747088,-0.14426590502262115,0.9993526935577393,0.8736979166666666,517.0249138575504,4670.308102380404,780.9217135490035,226.2286190247978,1419.4059342790279,7,0.0,0.0,0.14285714285714285,0.42857142857142855,0.42857142857142855,0.0,0.0,1.5714285714285714,2.0,1.0,0.42857142857142855,0.42857142857142855,509.57142857142856,-16.007619066962175
1841,3770368,-0.001682561954172949,1.1093601882457733,6.75321806271871,0.03372533958948528,0.03853899760482212,0.2261725423236688,-0.015474336221814156,1.149651050567627,0.9111328125,517.0672690763222,4673.014191566421,781.3305618579034,226.36281376080296,1419.4059342790279,2,0.0,0.0,0.0,0.5,0.5,0.0,0.0,1.0,2.5,1.5,0.5,0.5,561.0,-23.637500144541264
1842,3772416,-0.0016255668674906095,1.8987453818321227,6.74662766456604,0.01000507800684621,0.038315846437277895,0.23856359372536343,-0.21506649255752563,1.4887986183166504,0.78759765625,517.1310576099513,4675.390635011419,781.7691090518347,226.4875598698054,1419.4059342790279,2,0.0,0.0,0.0,1.0,0.0,0.0,0.0,0.0,3.0,3.0,0.0,0.0,533.5,-36.21874989988282
1843,3774464,0.0021257418382447215,2.45903902053833,6.744057973225911,0.024056022994530697,0.057661518330375354,0.22332682758569716,-0.13370580971240997,1.741666555404663,0.82177734375,517.2076724065352,4677.640154639412,782.1554965978794,226.61308569580433,1419.4059342790279,5,0.0,0.0,0.0,0.2,0.8,0.0,0.2,1.8,2.0,0.8,0.2,0.8,590.0,-15.300333379767835
1844,3776512,-0.0006956857047043741,2.015302228927612,6.741759284337362,0.009694935656928768,0.010490010457579047,0.21048426454265912,-0.09532522410154343,1.3806779384613037,0.81640625,517.2796654023225,4679.915343631474,782.5755177779356,226.74297770380508,1419.4059342790279,4,0.0,0.0,0.0,0.5,0.5,0.0,0.0,1.25,1.25,0.5,1.25,0.5,456.25,-17.57499999832362
1845,3778560,-0.0001550119777675718,1.7862958312034607,6.742814715703329,0.007893345382763073,0.039138927776366475,0.21580958142876625,-0.0390760563313961,1.4244741201400757,0.8601888020833334,517.333939410075,4682.424774919382,783.0078180709752,226.87161297080456,1419.4059342790279,5,0.0,0.0,0.0,0.0,1.0,0.0,0.0,2.4,2.2,0.2,0.4,1.0,600.0,-9.090333402901887
1846,3780608,-0.0002638485796827202,0.19311862662434578,6.738574186960856,0.008426415444895004,0.01563291670754552,0.21203893274068833,0.031290099024772644,0.529759407043457,0.8269856770833334,517.396843667842,4684.823336846341,783.4324803950003,227.01021026880335,1419.4059342790279,0,nan,nan,nan,nan,nan,nan,nan,nan,nan,nan,nan,nan,nan,nan
1847,3782656,-0.0007701909712826212,0.7753793895244598,6.736053689320882,0.009150629520930428,0.03848705746155853,0.18342137187719346,0.1437695473432541,0.909216046333313,0.8798828125,517.4392761014032,4687.5109235243945,783.850681206015,227.13610008980322,1419.4059342790279,7,0.0,0.0,0.0,0.14285714285714285,0.8571428571428571,0.0,0.0,1.8571428571428572,2.4285714285714284,0.5714285714285714,0.5714285714285714,0.8571428571428571,588.8571428571429,-16.80380962902148
1848,3784704,-0.0009699714680512746,0.28285773694515226,6.739944346745809,0.007338911605377992,0.015776234376244248,0.21659287313620249,0.06392508745193481,0.5377017259597778,0.9759114583333334,517.502957546461,4689.955062463385,784.2311245030287,227.2605168388036,1419.4059342790279,2,0.0,0.0,0.0,0.5,0.5,0.0,0.0,1.0,3.0,2.0,0.0,0.5,523.0,-28.453750230371952
1849,3786752,0.00021357180958148092,1.6541097044944764,6.740825462341308,0.06737650884315372,0.018274506810121237,0.20575477033853531,-0.21759429574012756,1.295688271522522,0.9884440104166666,517.5700407053596,4692.321424810441,784.6416689299367,227.37269250780082,1419.4059342790279,4,0.0,0.0,0.0,0.0,1.0,0.0,0.0,3.0,2.0,0.0,0.0,1.0,600.0,-4.653750022640452
1850,3788800,0.0028452008690389146,0.09184559695422649,6.743465089797974,0.03383753087643224,0.04201229205355048,0.21471810564398766,0.2409580647945404,0.27833110094070435,0.9051106770833334,517.6436413240327,4694.554719625419,785.0774985529133,227.49215725380054,1419.4059342790279,3,0.0,0.0,0.0,0.0,1.0,0.0,0.0,2.6666666666666665,1.0,0.3333333333333333,0.0,1.0,600.0,-4.741944497761627
1851,3790848,-0.00313069149851799,0.9284757494926452,6.74418257077535,0.007031509432514819,0.027086393364394706,0.18737031519412994,-0.1833365112543106,1.0027400255203247,0.8924153645833334,517.7239778247925,4696.733951662318,785.4815877849178,227.61210627480614,1419.4059342790279,3,0.0,0.0,0.0,0.3333333333333333,0.6666666666666666,0.0,0.0,1.6666666666666667,1.6666666666666667,0.6666666666666666,0.6666666666666666,0.6666666666666666,574.0,-17.305555557521682
1852,3792896,0.014727091199407976,0.8389589190483093,6.74873096148173,0.013512872462160885,0.05408761986376097,0.3095710791647434,-0.08649282902479172,0.9924925565719604,0.9109700520833334,517.7868112882442,4699.140637426382,785.8934776849346,227.74428435680602,1419.4059342790279,5,0.0,0.0,0.0,0.0,1.0,0.0,0.2,2.6,1.8,0.2,0.0,1.0,600.0,-8.477666732296347
1853,3794944,-0.0011057337513193488,0.10685574933886528,6.752608569463094,0.016855509509332477,0.03938805057356755,0.19801633829871815,-0.03168899193406105,0.3320939242839813,0.9313151041666666,517.8236423740286,4701.74241125337,786.4615795129721,227.87945386180945,1419.4059342790279,1,0.0,0.0,0.0,0.0,1.0,0.0,0.0,2.0,2.0,0.0,1.0,1.0,600.0,-26.950000673532486
1854,3796992,0.0006187842382738988,2.233646845817566,6.756177775065104,0.005629047107261916,0.02541108480654657,0.21844296529889107,0.10068640857934952,1.5654783248901367,0.9202473958333334,517.8585999790228,4704.474290914368,786.9324174819994,228.00186630881217,1419.4059342790279,6,0.0,0.0,0.0,0.16666666666666666,0.8333333333333334,0.0,0.0,2.1666666666666665,2.1666666666666665,0.6666666666666666,0.16666666666666666,0.8333333333333334,584.0,-11.28500011190772
1855,3799040,0.05023526622098871,0.7067187517881394,6.757220840454101,0.03703114566548417,0.054599412127087514,0.8568191530803839,0.08202791959047318,0.9532372951507568,0.9078776041666666,517.8899084986816,4707.212747980317,787.4490677971116,228.1308391988132,1419.4059342790279,2,0.0,0.0,0.0,0.5,0.5,0.0,0.0,1.5,3.0,1.5,0.0,0.5,595.0,-24.341666693799198
1856,3801088,0.003739547147415578,0.6306512773036956,6.745791943868001,0.011658754226906846,0.02293045203356693,0.22584187015891075,-0.03434256836771965,0.7709113955497742,0.8863932291666666,517.9216317253503,4709.936490926317,787.9351710160845,228.2937834878103,1419.4059342790279,60,0.0,0.0,0.0,0.0,1.0,0.0,0.5166666666666667,0.08333333333333333,2.8,2.3666666666666667,nan,0.08333333333333333,297.8,nan
1857,3803136,-0.0021808082189333313,0.6622858226299286,6.738181002934774,0.011866513781569665,0.024025014058376353,0.19970383991797766,0.02445257641375065,0.8711577653884888,0.9186197916666666,515.9109011543602,4712.740989798302,788.4180192631247,228.41389970981254,1448.4392764150325,3,0.0,0.0,0.0,0.0,1.0,0.0,0.0,2.6666666666666665,2.6666666666666665,0.0,0.3333333333333333,1.0,600.0,-8.134722290560603
1858,3805184,0.0020126985541234414,0.7774876177310943,6.741998291015625,0.041985266587289516,0.04863778247963637,0.19800363058845202,-0.06791865825653076,0.9138198494911194,0.89453125,515.9577945720586,4715.409776790206,788.8217005361366,228.52665443781734,1448.4392764150325,3,0.0,0.0,0.0,0.0,1.0,0.0,0.3333333333333333,2.0,2.3333333333333335,0.6666666666666666,0.0,1.0,600.0,-13.683333226790031
1859,3807232,-0.0006556157992842296,0.4026254639029503,6.748434861501058,0.04852304436111202,0.05993349496275187,0.19943215772509576,-0.01586378738284111,0.676937997341156,0.9597981770833334,515.9934890371356,4718.142310491203,789.2955257091962,228.6452478398205,1448.4392764150325,5,0.0,0.0,0.0,0.0,1.0,0.0,0.0,2.6,1.4,0.0,0.4,1.0,600.0,-5.145000013522804
1860,3809280,0.0004352856970702608,1.0052814245224,6.749213600158692,0.006180271025126179,0.008548077871091663,0.2017912435034911,-0.33020374178886414,1.0164521932601929,0.93701171875,516.0280563757686,4720.949380953178,789.7172867821573,228.77060461882502,1448.4392764150325,1,0.0,0.0,0.0,0.0,1.0,0.0,1.0,2.0,3.0,0.0,0.0,1.0,600.0,-16.420833501033485
1861,3811328,0.002953054701598982,0.508121007680893,6.745224730173747,0.013092964441117754,0.027519206462117533,0.2366399846971035,-0.041489895433187485,0.7999675273895264,0.92626953125,516.0703778775924,4723.629706396168,790.1476924601448,228.89237425382453,1448.4392764150325,6,0.0,0.0,0.0,0.0,1.0,0.0,0.0,2.8333333333333335,2.5,0.0,0.16666666666666666,1.0,600.0,-15.76472242254143
1862,3813376,-0.001009217684622854,0.3193707063794136,6.741896724700927,0.009350309160072356,0.0089179959303389,0.2349529519677162,0.04993629828095436,0.6113223433494568,0.89453125,516.1149035893872,4726.258884824194,790.6134805231341,229.01056928282196,1448.4392764150325,1,0.0,0.0,0.0,0.0,1.0,0.0,0.0,3.0,3.0,0.0,0.0,1.0,600.0,-12.461666576564312
1863,3815424,-0.002781534786724175,1.667725431919098,6.7415340105692545,0.00740119168064363,0.047535729206477605,0.1910953514277935,0.31562474370002747,1.3475171327590942,0.9046223958333334,516.1582144056175,4728.8184028271935,791.1051839881184,229.17483942882245,1448.4392764150325,5,0.0,0.0,0.0,0.0,1.0,0.0,0.0,2.8,1.6,0.0,0.2,1.0,600.0,-3.8389999870210887
1864,3817472,-0.0006396948709152638,0.338393834233284,6.742222929000855,0.10993974867354457,0.03990718488736699,0.21100134799877804,0.061653442680835724,0.6138287782669067,0.9150390625,516.2092283161918,4731.340298136165,791.5741116610661,229.29634995282686,1448.4392764150325,3,0.0,0.0,0.0,0.0,1.0,0.0,0.3333333333333333,1.3333333333333333,2.3333333333333335,0.6666666666666666,0.6666666666666666,1.0,600.0,-21.813889011430245
1865,3819520,0.002163407588765646,0.974767941236496,6.738403367996216,0.07055602839100175,0.03995603654378404,0.21336207961042722,-0.40064021944999695,0.9839332103729248,0.9222005208333334,516.2419236587698,4734.110451564113,792.0432568420874,229.42542532082734,1448.4392764150325,3,0.0,0.0,0.0,0.0,1.0,0.0,0.6666666666666666,2.3333333333333335,2.3333333333333335,0.0,0.0,1.0,600.0,-15.063611176641038
1866,3821568,-0.0021779048528211813,0.5012218624353408,6.737306292851766,0.02558172380862137,0.021057489529872932,0.18210622668266296,0.04108557105064392,0.7254809737205505,0.9894205729166666,516.2650890833393,4737.040827486046,792.4821591600194,229.55979744482465,1448.4392764150325,5,0.0,0.0,0.0,0.0,1.0,0.0,0.0,2.8,2.4,0.0,0.2,1.0,600.0,-16.312333524599673
1867,3823616,-0.0009338921750895679,0.16237256303429604,6.738990195592245,0.07077997955493628,0.03502376154065132,0.1988098978996277,0.062018197029829025,0.474541038274765,0.9583333333333334,516.2979317238303,4739.878715652034,792.9109388991346,229.67699713682669,1448.4392764150325,1,0.0,0.0,0.0,0.0,1.0,0.0,0.0,3.0,3.0,0.0,0.0,1.0,600.0,-1.30833335313946
1868,3825664,-0.001818724061983327,1.9136343836784362,6.734842411677042,0.019299628930942465,0.027527817718995113,0.20858757744232814,-0.43638870120048523,1.3406455516815186,0.896484375,516.3289160110999,4742.686267250043,793.3669926830989,229.80358342582622,1448.4392764150325,6,0.0,0.0,0.0,0.16666666666666666,0.8333333333333334,0.0,0.16666666666666666,2.3333333333333335,2.1666666666666665,0.3333333333333333,0.16666666666666666,0.8333333333333334,599.1666666666666,-16.39833346894011
1869,3827712,-0.0007273561942080657,0.47348913848400115,6.734657112757365,0.018334601243259384,0.022588805109262467,0.19500559295217196,-0.08429405093193054,0.737373948097229,0.8937174479166666,516.3684821377111,4745.436767417079,793.7749902241121,229.93656170782924,1448.4392764150325,1,0.0,0.0,0.0,0.0,1.0,0.0,0.0,3.0,3.0,0.0,0.0,1.0,600.0,-17.03166666533798
1870,3829760,-0.0009128650999628007,0.4285898685455322,6.732124328613281,0.008348184816228846,0.024696603789925574,0.2025043656428655,-0.10299224406480789,0.6601566076278687,0.8994140625,516.4093300099316,4748.1703766920255,794.1809666201734,230.05813055983162,1448.4392764150325,5,0.0,0.0,0.0,0.0,1.0,0.0,0.2,2.6,2.8,0.0,0.2,1.0,600.0,-23.57066682241857
1871,3831808,0.0005006962179322727,0.20998149067163469,6.728963979085287,0.008064512080939798,0.009660985530354082,0.2018928105632464,0.1577783077955246,0.445165753364563,0.974609375,516.4337031056155,4751.112634380996,794.5983303691173,230.19413603583234,1448.4392764150325,3,0.0,0.0,0.0,0.0,1.0,0.0,0.0,2.6666666666666665,1.3333333333333333,0.0,0.3333333333333333,1.0,600.0,-17.34833346524586
1872,3833856,0.004150495988627275,0.14858413189649583,6.7262197176615395,0.01338452528968143,0.04742838541666667,0.24375799496968586,-0.06871741265058517,0.4188691973686218,1.0,516.4572341884254,4754.062649543033,795.024136511136,230.31364429782843,1448.4392764150325,3,0.0,0.0,0.0,0.0,1.0,0.0,0.0,3.0,3.0,0.0,0.0,1.0,600.0,-10.918889008151988
1873,3835904,-0.0005603734636679292,0.538281524181366,6.72078210512797,0.0151719830930233,0.033792229105407995,0.19089051658908526,0.035775523632764816,0.7716223001480103,0.98095703125,516.4936329356268,4756.830445913052,795.4558863401326,230.43235939782608,1448.4392764150325,5,0.0,0.0,0.0,0.0,1.0,0.0,0.0,3.0,2.6,0.0,0.0,1.0,600.0,-10.817333378829062
1874,3837952,-0.0013598284257265428,0.11063516065478325,6.72114930152893,0.0053154302596036965,0.030536036659032106,0.21396289616823197,-0.02911006659269333,0.3586108386516571,0.9583333333333334,516.5299341065692,4759.530253912046,795.9320882331886,230.5797617238277,1448.4392764150325,1,0.0,0.0,0.0,0.0,1.0,0.0,0.0,3.0,3.0,0.0,0.0,1.0,600.0,-18.73333345539868
1875,3840000,-0.0005504739393169682,1.1957551538944244,6.722320381800333,0.011152959190076217,0.02907993991781647,0.1950058716038863,-0.1020234227180481,0.9989220499992371,0.9485677083333334,516.5705684413514,4762.211501942002,796.3797276271944,230.70278301882354,1448.4392764150325,5,0.0,0.0,0.0,0.0,1.0,0.0,0.0,2.6,2.4,0.2,0.2,1.0,600.0,-17.882166884373873
1876,3842048,-0.0014493478462100028,0.3549323946237564,6.7259240786234535,0.010703441582154482,0.026627808374663196,0.18020004605253537,0.07279442250728607,0.6440145373344421,0.9532877604166666,516.6107837417376,4764.908658251043,796.8267812982085,230.81988106482459,1448.4392764150325,2,0.0,0.0,0.0,0.0,1.0,0.0,0.0,3.0,2.0,0.0,0.0,1.0,600.0,-4.6250000689178705
1877,3844096,0.004028269094609034,1.9817370295524597,6.726011419296265,0.08447920845355839,0.0843001246995603,0.2950251817703247,-0.168365016579628,1.33976149559021,0.9358723958333334,516.64892865239,4767.646790303079,797.2510042202557,230.94720221382158,1448.4392764150325,4,0.0,0.0,0.0,0.25,0.75,0.0,0.0,1.75,2.25,1.0,0.25,0.75,580.0,-16.04999999795109
1878,3846144,-0.0034963685010249417,1.6507728338241576,6.724679438273112,0.00941500668413937,0.05408506370149553,0.20865876575311024,0.046405915170907974,1.361588716506958,0.9195963541666666,516.6879845228244,4770.362480433105,797.6894517642431,231.06691003681772,1448.4392764150325,4,0.0,0.0,0.0,0.0,1.0,0.0,0.0,2.5,2.5,0.5,0.0,1.0,600.0,-13.67416678299196
1879,3848192,-0.0035113702528178693,1.7157373189926148,6.729489946365357,0.009370022639632224,0.04434322194041063,0.2217981735865275,0.09258423000574112,1.3505055904388428,0.8974609375,516.7258648432032,4773.08586156516,798.1285445772664,231.18940903081239,1448.4392764150325,4,0.0,0.0,0.0,0.0,1.0,0.0,0.0,2.25,2.75,0.5,0.25,1.0,600.0,-18.290208442136645
1880,3850240,-0.00501812077248663,2.5919896245002745,6.732018884023031,0.018660363329884907,0.0937481204746291,0.24675277868906656,-0.02244401164352894,1.6676470041275024,0.80859375,516.7826204965281,4775.584105784161,798.5267224462295,231.31519686181127,1448.4392764150325,4,0.0,0.0,0.0,0.5,0.5,0.0,0.5,1.0,2.25,1.25,0.25,0.5,593.75,-25.895000169752166
1881,3852288,-0.004990812971179063,2.848837447166443,6.73247135480245,0.41130517893470825,0.05499404645524919,0.23158267438411712,-0.3485937714576721,1.7146401405334473,0.779296875,516.8596947302863,4777.739510034233,798.9602228522344,231.43217914581328,1448.4392764150325,4,0.0,0.0,0.0,0.75,0.25,0.0,0.25,0.25,2.0,2.0,0.5,0.25,449.5,-31.883541643735953
1882,3854336,0.01009474105667323,1.435822319984436,6.734986972808838,0.05710673014788578,0.03514477158896625,0.35311581989129387,0.09285879880189896,1.269498586654663,0.779296875,516.9149598775116,4780.219424346258,799.3979167731668,231.5568808378157,1448.4392764150325,2,0.0,0.0,0.0,0.0,1.0,0.0,0.0,2.0,2.0,1.0,0.0,1.0,600.0,-20.815833278000355
1883,3856384,-0.0013695526518858968,1.5410108804702758,6.733462063471476,0.012709393776215923,0.028669998686139783,0.19687282145023347,0.07952173799276352,1.24325692653656,0.93212890625,516.956816205983,4782.8949534391795,799.8143171720876,231.68411030282005,1448.4392764150325,5,0.0,0.0,0.0,0.6,0.4,0.0,0.0,0.4,1.6,2.0,0.6,0.4,485.0,-29.405000057816505
1884,3858432,-0.00218795023150354,1.9497729063034057,6.742247565587362,0.00849262904181766,0.03836812092922628,0.2064047063390414,0.08064980059862137,1.4170172214508057,0.9239908854166666,516.9929521998827,4785.6302210672,800.2611746110852,231.81432931681775,1448.4392764150325,4,0.0,0.0,0.0,0.25,0.75,0.0,0.0,2.0,2.5,1.0,0.0,0.75,540.0,-14.510416716104373
1885,3860480,-0.0011070748694085827,1.1815138638019562,6.749567858378092,0.00532190941060738,0.031764986474687854,0.21500561634699503,0.1849297732114792,1.1797910928726196,0.85205078125,517.0479861241326,4788.149145570249,800.6693790090285,231.93509008682304,1448.4392764150325,5,0.0,0.0,0.0,0.2,0.8,0.0,0.0,1.8,2.2,1.2,0.0,0.8,561.6,-13.217666664160788
1886,3862528,0.0028647902111212415,0.9299198865890503,6.750784317652385,0.031301022712917376,0.041324064640017845,0.24002931416034698,-0.026303404942154884,0.9811474084854126,0.837890625,517.1160301166018,4790.467404042218,801.0752390120033,232.0606017738246,1448.4392764150325,4,0.0,0.0,0.25,0.25,0.5,0.0,0.0,1.0,1.0,1.5,0.5,0.5,429.5,-21.656249997206032
1887,3864576,0.014500333011771243,0.5719496518373489,6.7510364055633545,0.04414400074068302,0.024519605713430793,0.3490639184912046,0.23564766347408295,0.7494761943817139,0.9285481770833334,517.1537462011875,4793.256774719273,801.4670593730552,232.18321025182377,1448.4392764150325,2,0.0,0.0,0.0,0.5,0.5,0.0,0.0,0.5,1.5,2.0,0.5,0.5,531.5,-28.225000128149986
1888,3866624,-0.0020787579162667197,0.19584330767393113,6.7504870891571045,0.018956979533929066,0.03718200941414883,0.20266255214810372,0.1248200312256813,0.4157067537307739,0.9930013020833334,517.1815803863179,4796.14730293132,801.8855895190572,232.30690814182162,1448.4392764150325,5,0.0,0.0,0.0,0.2,0.8,0.0,0.0,2.4,2.2,0.6,0.0,0.8,570.0,-7.809666673652828
1889,3868672,0.0005144610457743208,1.3810990691184997,6.755407349268595,0.019472917914390563,0.02916633857724567,0.18833154862125714,-0.3160977363586426,1.202885389328003,0.9431966145833334,517.2330566760344,4798.7176924323285,802.2929363739895,232.42558480582375,1448.4392764150325,1,0.0,0.0,0.0,0.0,1.0,0.0,0.0,1.0,3.0,0.0,2.0,1.0,600.0,-32.10000002011657
1890,3870720,-0.001397873313787083,2.1590091943740846,6.758031415939331,0.011238621291704476,0.06670860846061259,0.1978059599796931,0.06832603365182877,1.4481931924819946,0.8859049479166666,517.2941257330767,4801.120790159315,802.7190432119678,232.53985295081657,1448.4392764150325,6,0.0,0.0,0.0,0.0,1.0,0.0,0.0,2.6666666666666665,2.0,0.3333333333333333,0.0,1.0,600.0,-11.826944471957782
1891,3872768,-0.0026568788079506097,0.439656013250351,6.762649329503377,0.013392520043998957,0.022522415795053045,0.19848918194572132,0.07366113364696503,0.5804013609886169,0.9000651041666666,517.3332679640873,4803.834894099338,803.1502364009575,232.66407451681152,1448.4392764150325,2,0.0,0.0,0.0,0.5,0.5,0.0,0.5,1.5,1.5,0.5,0.5,0.5,596.0,-19.476666705217212
1892,3874816,0.010282602913988134,1.202403461933136,6.762022272745768,0.007274742075242102,0.033349874910588065,0.30233025352160137,-0.19962847232818604,1.0867648124694824,0.9021809895833334,517.3596398531665,4806.705875760403,803.597612143938,232.78573565281113,1448.4392764150325,6,0.0,0.0,0.16666666666666666,0.0,0.8333333333333334,0.0,0.0,2.1666666666666665,2.1666666666666665,0.3333333333333333,0.5,0.8333333333333334,509.1666666666667,-15.61333348431314
1893,3876864,-0.0022732798107123623,0.4018668860197067,6.758669185638428,0.009977616288233548,0.03800578728939096,0.20432360122601192,-0.009876822121441364,0.6923612356185913,0.94384765625,517.3965500431755,4809.45889448149,804.0239057939834,232.90902871881553,1448.4392764150325,3,0.0,0.0,0.0,0.0,1.0,0.0,0.0,3.0,3.0,0.0,0.0,1.0,600.0,-10.740000090561807
1894,3878912,0.0031321349398543436,0.1143568366765976,6.760376230875651,0.010849892953410744,0.032837583737758295,0.20823261489470798,0.011594267562031746,0.38621172308921814,0.91748046875,517.4390458233881,4812.115466407471,804.4624903090589,233.03534699582087,1448.4392764150325,2,0.0,0.0,0.0,0.0,1.0,0.0,0.0,2.5,2.5,0.0,0.5,1.0,600.0,-8.049999983981252
1895,3880960,-0.0006533887392530839,0.5884768247604371,6.761048444112142,0.005737824156919184,0.012028403696604073,0.17368616685271263,0.0034227012656629086,0.7935405373573303,0.9392903645833334,517.4797155988492,4814.837339719612,804.8694645840296,233.15137212481932,1448.4392764150325,5,0.0,0.0,0.0,0.0,1.0,0.0,0.0,2.4,2.4,0.4,0.2,1.0,600.0,-15.600166811142117
1896,3883008,0.005338430230040103,0.022371130157262088,6.760123507181803,0.013127699540928007,0.03456410705111921,0.26288913587729135,0.1265271157026291,0.1590224802494049,0.9583333333333334,517.5488945241034,4817.158891910578,805.2748318370795,233.27104577782302,1448.4392764150325,1,0.0,0.0,0.0,0.0,1.0,0.0,0.0,3.0,3.0,0.0,0.0,1.0,600.0,0.0
1897,3885056,-0.0018794999406964053,0.6284897565841675,6.753611787160238,0.022966199906962477,0.03693878654545794,0.19269407490889232,0.23132093250751495,0.8223074674606323,0.9680989583333334,517.5496778168047,4820.266658485518,805.7806819180623,233.44580575282453,1448.4392764150325,6,0.0,0.0,0.0,0.0,1.0,0.0,0.0,2.8333333333333335,2.1666666666666665,0.0,0.16666666666666666,1.0,600.0,-1.791666666045785
1898,3887104,0.002326731824238474,0.23162781968712806,6.755781618754069,0.020113428327507184,0.010871555920069416,0.15934392288327218,0.13678742945194244,0.5841073989868164,0.9583333333333334,517.5647970969688,4823.259056906463,806.2535558830932,233.57523608682823,1448.4392764150325,2,0.0,0.0,0.0,0.0,1.0,0.0,0.0,3.0,1.0,0.0,0.0,1.0,600.0,0.0
1899,3889152,0.0019918809998974514,0.2144039198756218,6.747979180018107,0.006039358403844138,0.01829166356474161,0.20814390430847804,-0.24864275753498077,0.5062549114227295,0.96484375,517.5746413396524,4826.357695554478,806.697391230191,233.7061781668308,1448.4392764150325,5,0.0,0.0,0.0,0.0,1.0,0.0,0.0,2.8,2.8,0.0,0.2,1.0,600.0,-11.609999990276993
1900,3891200,-0.0008356050462073957,0.8297332525253296,6.741889953613281,0.007176299839435766,0.029256043567632634,0.20564824839433035,-0.21532577276229858,0.959414005279541,0.90234375,517.6246679851428,4828.932654352524,807.11324066222,233.82756633782992,1448.4392764150325,3,0.0,0.0,0.0,0.0,1.0,0.0,0.0,3.0,3.0,0.0,0.0,1.0,600.0,-12.909444490137199
1901,3893248,-0.0015787416433643861,0.9105396568775177,6.741112581888834,0.006824100642309834,0.03465684070251882,0.241306451211373,-0.1111384704709053,1.0193593502044678,0.8502604166666666,517.6971198454373,4831.161418641437,807.542074558216,233.9540135208299,1448.4392764150325,1,0.0,0.0,0.0,0.0,1.0,0.0,0.0,1.0,1.0,2.0,0.0,1.0,600.0,-24.933333196677268
1902,3895296,0.004823448970758666,0.19790989756584168,6.733967844645182,0.009010674138456428,0.027069261608024437,0.26038760095834734,0.09295638650655746,0.4502083659172058,0.9606119791666666,517.7381729775998,4833.86093295343,807.9474556521964,234.08002335482888,1448.4392764150325,6,0.0,0.0,0.0,0.0,1.0,0.0,0.0,2.3333333333333335,1.5,0.16666666666666666,0.5,1.0,600.0,-15.527639109098041
1903,3897344,0.005177471577189863,0.06672256737947464,6.7272048155466715,0.013090969754072528,0.031966145833333334,0.2305701161424319,0.12315641343593597,0.23747561872005463,1.0,517.7703091272887,4836.699898601415,808.3678838842243,234.19941614582785,1448.4392764150325,1,0.0,0.0,0.0,0.0,1.0,0.0,0.0,3.0,3.0,0.0,0.0,1.0,600.0,-16.776666686870158
1904,3899392,-0.0024493909906595944,0.4586364984512329,6.724761438369751,0.007834767057405163,0.04184778683508436,0.1932768478989601,0.007675924338400364,0.7119706273078918,0.9986979166666666,517.803418908455,4839.485850938319,808.7955556441811,234.32404011383187,1448.4392764150325,6,0.0,0.0,0.16666666666666666,0.0,0.8333333333333334,0.0,0.0,2.8333333333333335,2.1666666666666665,0.0,0.16666666666666666,0.8333333333333334,512.3333333333334,-6.313888915193577
1905,3901440,-0.0025359061580578174,1.5380541801452636,6.7268455028533936,0.009570044343126938,0.09162045657479514,0.17790069431066513,-0.008597677573561668,1.2960829734802246,0.97265625,517.8430785300803,4842.1410412573605,809.2682205531455,234.4467525358341,1448.4392764150325,60,0.0,0.0,0.0,0.0,1.0,0.0,0.9166666666666666,0.21666666666666667,2.8,1.8333333333333333,nan,0.11666666666666667,326.1333333333333,nan
1906,3903488,-0.0015201353118754924,0.18803039267659188,6.73392899831136,0.0036402104635878158,0.01584173149894923,0.22433129052321116,0.008631577715277672,0.46564653515815735,0.9158528645833334,515.7976417047925,4844.909655811287,809.733746551181,234.57072548883298,1478.7886135380322,4,0.0,0.0,0.0,0.0,1.0,0.0,0.0,2.75,2.0,0.25,0.0,1.0,600.0,-4.074166681151837
1907,3905536,-0.001317223976366222,0.7820863246917724,6.743763097127279,0.008928608611070862,0.022158970396655302,0.19484915335973105,-0.055233538150787354,0.8782157301902771,0.95703125,515.8253113982017,4847.696712746263,810.2301005511763,234.7233859028347,1478.7886135380322,3,0.0,0.0,0.0,0.3333333333333333,0.6666666666666666,0.0,0.0,1.6666666666666667,2.3333333333333335,0.6666666666666666,0.6666666666666666,0.6666666666666666,559.6666666666666,-23.092222262329113
1908,3907584,-3.894387724964569e-05,1.3132143855094909,6.750029452641805,0.025330984460500378,0.05961202502173061,0.18930608729521434,-0.13732706010341644,1.2615326642990112,0.876953125,515.8921636736114,4850.013733584237,810.653726544173,234.85546269883343,1478.7886135380322,2,0.0,0.0,0.0,0.0,1.0,0.0,0.0,3.0,2.0,0.0,0.0,1.0,600.0,-3.7108332896605134
1909,3909632,0.00034273354491839807,1.4348333954811097,6.752517032623291,0.1351928898754219,0.048391927902897196,0.23258475065231324,-0.32540568709373474,1.232528567314148,0.8497721354166666,515.9245580481479,4852.767954712181,811.1322976311276,234.97512256083428,1478.7886135380322,6,0.0,0.0,0.0,0.0,1.0,0.0,0.0,2.3333333333333335,2.1666666666666665,0.16666666666666666,0.5,1.0,600.0,-14.889444607930878
1910,3911680,-0.0018067715301488838,0.41918673515319826,6.753525352478027,0.012166555047345658,0.0617032488497595,0.20034457817673684,0.015653222799301147,0.5910851359367371,0.86865234375,515.9540724632164,4855.6452376012385,811.5490852110743,235.09588840883225,1478.7886135380322,1,0.0,0.0,0.0,0.0,1.0,0.0,0.0,3.0,3.0,0.0,0.0,1.0,600.0,-25.193333541974425
1911,3913728,0.0015621354007938255,0.791957426071167,6.757280413309733,0.009728538068399455,0.06277000947544972,0.23265603706240653,-0.1587846577167511,0.9542856812477112,0.89990234375,515.9816547711235,4858.515570708274,811.9904952231082,235.2122820368313,1478.7886135380322,7,0.0,0.0,0.14285714285714285,0.0,0.8571428571428571,0.0,0.14285714285714285,2.2857142857142856,2.142857142857143,0.0,0.5714285714285714,0.8571428571428571,523.1428571428571,-10.021428638137877
1912,3915776,0.011953399221723279,0.34910047352313994,6.752294476826986,0.010457189400525143,0.01856313633422057,0.3411721043288708,0.08539261668920517,0.6266770958900452,0.9222005208333334,516.0220128856803,4861.22199557424,812.4236168971183,235.32953429083136,1478.7886135380322,2,0.0,0.0,0.0,0.0,1.0,0.0,0.0,3.0,3.0,0.0,0.0,1.0,600.0,-10.339166600257158
1913,3917824,0.0020594925425636273,0.21690652817487716,6.747696495056152,0.007943386177066714,0.02639400151868661,0.19914303695162136,-0.013687610626220703,0.533660888671875,0.9278971354166666,516.0865582802805,4863.594746748298,812.8381773331639,235.4367708068312,1478.7886135380322,4,0.0,0.0,0.0,0.0,1.0,0.0,0.0,2.75,2.25,0.0,0.25,1.0,600.0,-8.89958334970288
1914,3919872,-0.0003854292173249026,0.37788117825984957,6.743938779830932,0.004650152791388488,0.022561774868518115,0.18681053593754768,0.054372113198041916,0.6326947808265686,0.9708658854166666,516.1717251746012,4865.709400003347,813.2162806801643,235.54653165583295,1478.7886135380322,3,0.0,0.0,0.0,0.0,1.0,0.0,0.0,2.6666666666666665,1.3333333333333333,0.0,0.3333333333333333,1.0,600.0,-14.012778009288013
1915,3921920,0.005813696410890164,1.4611581325531007,6.7437463442484535,0.013643533449309568,0.04743920629844069,0.2351706475019455,-0.28952351212501526,1.1202572584152222,0.9402669270833334,516.2566356257628,4867.84388269233,813.5836307401987,235.66054801883,1478.7886135380322,3,0.0,0.0,0.0,0.3333333333333333,0.6666666666666666,0.0,0.0,2.0,1.6666666666666667,1.0,0.0,0.6666666666666666,573.3333333333334,-14.807222313558063
1916,3923968,-0.0016106210258537126,1.6464420437812806,6.740013440450032,0.01309441498015076,0.023528924894829592,0.1902760905524095,-0.16380642354488373,1.3021571636199951,0.8922526041666666,516.329727125484,4870.059391630348,814.0107876181792,235.7791895568298,1478.7886135380322,5,0.0,0.0,0.0,0.0,1.0,0.0,0.0,2.2,2.0,0.6,0.2,1.0,600.0,-20.37333346903324
1917,3926016,-0.0009997845045290887,1.743488109111786,6.745774173736573,0.01494699939309309,0.01552231756504625,0.16464822962880135,-0.3096310496330261,1.3621622323989868,0.9072265625,516.4365320171178,4871.84156430338,814.4173869543083,235.88398353583034,1478.7886135380322,1,0.0,0.0,0.0,0.0,1.0,0.0,0.0,3.0,3.0,0.0,0.0,1.0,600.0,-13.500000201165676
1918,3928064,-0.002303205283897114,0.34935482144355773,6.754154698053996,0.01179038368475934,0.021506619236121575,0.1994290774067243,0.28065383434295654,0.6456456780433655,0.86328125,516.5393164304143,4873.6701245874065,814.8218843342838,235.99146671283233,1478.7886135380322,5,0.0,0.0,0.0,0.0,1.0,0.0,0.0,2.8,2.0,0.0,0.2,1.0,600.0,-17.624833447206765
1919,3930112,-0.0021416857838630677,0.5386991858482361,6.7539086977640785,0.011508212374368061,0.0360460073609526,0.20790686309337617,0.032638274133205414,0.715201735496521,0.94482421875,516.6165596152922,4875.8356760674,815.2553412462003,236.10127995382936,1478.7886135380322,3,0.0,0.0,0.0,0.3333333333333333,0.6666666666666666,0.0,0.0,1.6666666666666667,2.0,0.3333333333333333,1.0,0.6666666666666666,580.6666666666666,-16.417777771751087
1920,3932160,-0.0006717041076626628,0.5142862468957901,6.749713786443075,0.013684217965540786,0.010369579684144507,0.19050544997056326,-0.23195496201515198,0.7287309169769287,0.97314453125,516.6934660311226,4877.995296055349,815.6927544662394,236.21355436183512,1478.7886135380322,4,0.0,0.0,0.0,0.0,1.0,0.0,0.25,2.75,2.0,0.0,0.0,1.0,600.0,-15.193333481205627
1921,3934208,-0.0019464411966813107,0.7518539130687714,6.747210661570231,0.007605738193766835,0.03572066854685545,0.1762622334063053,0.1854468435049057,0.9199000000953674,0.9422200520833334,516.7675936534552,4880.211712026299,816.1181622532386,236.32153939083219,1478.7886135380322,4,0.0,0.0,0.0,0.0,1.0,0.0,0.0,3.0,2.5,0.0,0.0,1.0,600.0,-15.678333600983024
1922,3936256,0.002960952410163979,0.9594012796878815,6.744104242324829,0.04320132724242285,0.041308670436653,0.2191571570932865,-0.33075302839279175,1.037540316581726,0.900390625,516.8422041222285,4882.454540527295,816.512151051189,236.43617233583063,1478.7886135380322,2,0.0,0.0,0.0,0.0,1.0,0.0,0.0,3.0,2.0,0.0,0.0,1.0,600.0,-11.626666748896241
1923,3938304,0.00261592809498931,1.0610264718532563,6.743002319335938,0.012164061315706931,0.025661242000448208,0.2105841668943564,0.007456263527274132,1.0644832849502563,0.9060872395833334,516.9096538136189,4884.7328719332945,816.9609665352837,236.55134412582993,1478.7886135380322,5,0.0,0.0,0.0,0.0,1.0,0.0,0.0,2.2,2.6,0.4,0.4,1.0,600.0,-24.876167020853607
1924,3940352,0.0042678279927107115,0.1401292271912098,6.740975999832154,0.03717622106390384,0.019172309106215833,0.24697800030310949,0.05181461572647095,0.42361897230148315,0.9166666666666666,516.982278408076,4887.001599731273,817.3715228683068,236.658424450834,1478.7886135380322,1,0.0,0.0,0.0,0.0,1.0,0.0,0.0,3.0,3.0,0.0,0.0,1.0,600.0,-12.883333330973983
1925,3942400,0.008126696641556918,2.717722535133362,6.727743657430013,0.03682921803944434,0.10176399149931967,0.31036756684382755,-0.33961570262908936,1.6659482717514038,0.90673828125,517.0547008640318,4889.20539377923,817.8202598593416,236.77141240682977,1478.7886135380322,5,0.0,0.0,0.0,0.0,1.0,0.0,0.2,2.2,2.8,0.4,0.2,1.0,600.0,-26.35633347760886
1926,3944448,-0.0016114581065873304,1.6523264408111573,6.719604523976644,0.01451203910789142,0.06523778453314057,0.20566206872463227,-0.024992911145091057,1.3321744203567505,0.8570963541666666,517.1469477440074,4891.176947181251,818.2292095043522,236.88266851483058,1478.7886135380322,3,0.0,0.0,0.0,0.3333333333333333,0.6666666666666666,0.0,0.0,2.0,2.3333333333333335,1.0,0.0,0.6666666666666666,587.0,-26.45916661961625
1927,3946496,0.0003340195534595599,0.8036625385284424,6.720838769276937,0.012312940042465925,0.03302386084881922,0.194112233320872,-0.10484200716018677,0.8956776857376099,0.8740234375,517.2411304272562,4893.163131922243,818.5979149543418,236.99388073783484,1478.7886135380322,4,0.0,0.0,0.0,0.25,0.75,0.0,0.75,1.5,2.0,0.25,0.5,0.75,571.0,-30.76104191876948
1928,3948544,-0.0014746035958523862,2.154180443286896,6.725979820887248,0.03699387675927331,0.048166082535559936,0.18152193402250608,-0.04361899197101593,1.5414929389953613,0.95556640625,517.3138156859743,4895.4254423502425,819.0016543383026,237.10002908983734,1478.7886135380322,4,0.0,0.0,0.0,0.0,1.0,0.0,0.0,2.25,2.25,0.0,0.75,1.0,600.0,-23.96770851057954
1929,3950592,0.013381396585221713,0.2333570346236229,6.7263360023498535,0.021471092473560324,0.029528234666213394,0.2427528440952301,0.22221149504184723,0.4647790789604187,0.9583333333333334,517.3840853224397,4897.654430386232,819.4672762193295,237.20784655583702,1478.7886135380322,2,0.0,0.0,0.0,0.0,1.0,0.0,0.0,3.0,2.0,0.0,0.0,1.0,600.0,-11.90000009862706
1930,3952640,-0.000882686921977438,0.8017476677894593,6.718470605214437,0.01136882304175136,0.05510694451319675,0.19666586940487227,0.14367452263832092,0.9375814199447632,0.9573567708333334,517.4590148767361,4899.898935917248,819.8458001424442,237.32381921084016,1478.7886135380322,5,0.0,0.0,0.0,0.0,1.0,0.0,0.0,3.0,3.0,0.0,0.0,1.0,600.0,-12.894999975152313
1931,3954688,-0.0012912017564910153,0.25994955003261566,6.716455920537313,0.008128435109877803,0.022746333813605208,0.17338646352291107,-0.07940062880516052,0.5358971357345581,0.95556640625,517.5266631234906,4902.2411328661765,820.2493841524702,237.4318824218426,1478.7886135380322,2,0.0,0.0,0.0,0.0,1.0,0.0,0.5,2.5,2.0,0.0,0.0,1.0,600.0,-22.497500435914844
1932,3956736,-0.0002590341959148645,1.4719306826591492,6.716173346837362,0.0068920869147405025,0.015608931821770967,0.22335051298141478,-0.14082330465316772,1.2140108346939087,0.94482421875,517.5970039376265,4904.569921181166,820.6164696924388,237.53974507084058,1478.7886135380322,4,0.0,0.0,0.0,0.0,1.0,0.0,0.0,3.0,2.5,0.0,0.0,1.0,600.0,-16.395416850456968
1933,3958784,-0.0016707487870007754,0.6955142855644226,6.712684837977092,0.004897065258895357,0.029283970796192684,0.19487571666638057,0.07645729929208755,0.7864199876785278,0.9269205729166666,517.6659928651093,4906.857302550168,821.0392098464217,237.6478754878408,1478.7886135380322,3,0.0,0.0,0.0,0.0,1.0,0.0,0.3333333333333333,2.0,2.6666666666666665,0.3333333333333333,0.3333333333333333,1.0,600.0,-26.226111516201247
1934,3960832,0.00108830404933542,0.6424869000911713,6.712581380208333,0.01682190033995236,0.033955051509353025,0.2005441429714362,-0.011546398513019085,0.8650444149971008,0.91455078125,517.7365839456486,4909.11068671519,821.4688660414613,237.75766280384414,1478.7886135380322,4,0.0,0.0,0.0,0.0,1.0,0.0,0.0,2.75,2.75,0.0,0.25,1.0,600.0,-14.502916913712397
1935,3962880,0.001635006533858056,1.0917589008808135,6.710097090403239,0.011318870464553281,0.03233623553921158,0.2470918928583463,-0.007691203150898218,1.1411036252975464,0.8922526041666666,517.8146423346311,4911.335072553178,821.8308112845407,237.86637659084226,1478.7886135380322,4,0.0,0.0,0.0,0.0,1.0,0.0,0.0,2.5,2.75,0.25,0.25,1.0,600.0,-17.088750044000335
1936,3964928,-0.0004288232967761966,0.27804719656705856,6.705300744374593,0.004803886424633674,0.011916612965675692,0.2045031115412712,-0.07300865650177002,0.587601900100708,0.87646484375,517.9015668859037,4913.410259165197,822.1978659015222,237.98080753083923,1478.7886135380322,2,0.0,0.0,0.0,0.0,1.0,0.0,0.5,2.5,3.0,0.0,0.0,1.0,600.0,-21.393333575688303
1937,3966976,-0.00020756504187981287,0.6411802172660828,6.70323707262675,0.002344373130957441,0.006074631109368056,0.17047517523169517,-0.034853920340538025,0.8586288094520569,0.9383138020833334,517.9784257981795,4915.644119202167,822.555709308479,238.09676050784037,1478.7886135380322,5,0.0,0.0,0.0,0.0,1.0,0.0,0.4,2.6,2.6,0.0,0.0,1.0,600.0,-23.894666737876832
1938,3969024,-0.0032796707305048282,0.6912740767002106,6.703874127070109,0.01285180517588742,0.024272574903443457,0.19400497327248256,0.07646170258522034,0.9009859561920166,0.8922526041666666,518.0458210179982,4917.962609063179,822.9579384884782,238.21036466684018,1478.7886135380322,2,0.0,0.0,0.0,0.0,1.0,0.0,0.5,2.5,2.0,0.0,0.0,1.0,600.0,-17.947500257287174
1939,3971072,0.0016772487084381281,0.5295339286327362,6.706401300430298,0.03205777495119643,0.029731746033454933,0.20870091964801152,-0.00836773868650198,0.7982112765312195,0.90771484375,518.1182561740715,4920.25231518918,823.32924105251,238.31734398483968,1478.7886135380322,3,0.0,0.0,0.0,0.0,1.0,0.0,0.0,3.0,3.0,0.0,0.0,1.0,600.0,-11.700555471082529
1940,3973120,-0.0011345796586586705,0.6407271176576614,6.706465593973795,0.010079256154131144,0.054345436735699575,0.20129292209943137,0.1387953907251358,0.7921004295349121,0.962890625,518.1866780658822,4922.526718427165,823.7603108225303,238.42652020684181,1478.7886135380322,4,0.0,0.0,0.0,0.0,1.0,0.0,0.5,2.25,2.75,0.0,0.25,1.0,600.0,-27.151042088633403
1941,3975168,-0.0003984957196128865,0.8073588371276855,6.709965181350708,0.006029197469373079,0.01764804236202811,0.16509953091541926,0.028918547555804253,0.9366282224655151,0.93505859375,518.2544368884513,4924.877953760253,824.1263556675112,238.54262511884008,1478.7886135380322,4,0.0,0.0,0.0,0.0,1.0,0.0,0.25,2.75,2.5,0.0,0.0,1.0,600.0,-11.430625048000365
1942,3977216,-0.004010690993163734,2.0645758271217347,6.717031621932984,0.006425390501863149,0.05108727141438673,0.20962101966142654,-0.10670877248048782,1.4429283142089844,0.89111328125,518.3258701572008,4927.188213433299,824.4880252554431,238.65338276184048,1478.7886135380322,4,0.0,0.0,0.0,0.25,0.75,0.0,0.25,2.0,3.0,0.75,0.0,0.75,594.0,-25.49104179837741
1943,3979264,-0.0007549546857868942,0.8008310735225678,6.720759534835816,0.015575402819861969,0.02437119073389719,0.18829129189252852,0.0014585014432668686,0.859732985496521,0.8440755208333334,518.4065029413918,4929.298276527385,824.9027804924262,238.76516041184368,1478.7886135380322,3,0.0,0.0,0.0,0.3333333333333333,0.6666666666666666,0.0,0.3333333333333333,1.6666666666666667,2.6666666666666665,0.6666666666666666,0.3333333333333333,0.6666666666666666,569.3333333333334,-31.92472244830181
1944,3981312,-0.00099657429382205,2.313628351688385,6.721068239212036,0.035100189549848435,0.06691813936146597,0.21532437428832055,-0.32118165493011475,1.5387476682662964,0.8587239583333334,518.4818345807662,4931.534133950343,825.275650507414,238.87869216383842,1478.7886135380322,4,0.0,0.0,0.0,0.0,1.0,0.0,0.25,1.5,3.0,1.25,0.0,1.0,600.0,-31.883750065462664
1945,3983360,-0.0004975503970248003,1.2407848477363586,6.7288647015889484,0.007923491977271624,0.024289885516433667,0.21176011885205906,-0.05494600161910057,1.1723558902740479,0.83984375,518.5536549313359,4933.8167700944105,825.6525601934773,238.98430264483613,1478.7886135380322,2,0.0,0.0,0.0,0.0,1.0,0.0,1.0,2.0,2.0,0.0,0.0,1.0,600.0,-28.530000545084476
1946,3985408,-0.0025310092411624887,2.607569360733032,6.730257511138916,0.006641822155021752,0.03455245912385484,0.20630953336755434,0.028043527156114578,1.6441822052001953,0.8580729166666666,518.6323172755906,4936.034661409423,825.994597131481,239.09740271583723,1478.7886135380322,5,0.0,0.0,0.0,0.4,0.6,0.0,0.6,1.2,3.0,1.2,0.0,0.6,549.8,-39.072166519705206
1947,3987456,0.016419947729445994,0.8239390552043915,6.726297410329183,0.030595167318824678,0.05907319220714271,0.38595436985294024,0.10009238868951797,0.8599083423614502,0.9090169270833334,518.7028027986398,4938.3725659544725,826.341402229431,239.20700909783773,1478.7886135380322,2,0.0,0.0,0.0,0.5,0.5,0.0,0.5,1.0,2.0,1.5,0.0,0.5,592.0,-24.79333347408101
1948,3989504,0.0009529053854445617,1.9581034302711486,6.7220438321431475,0.04620206172694452,0.030482396855950354,0.1967272202173869,0.15677295625209808,1.407143235206604,0.8675130208333334,518.7724694609567,4940.70655950252,826.6969924044897,239.31409021283616,1478.7886135380322,5,0.0,0.0,0.0,0.0,1.0,0.0,0.4,2.0,2.8,0.4,0.2,1.0,600.0,-21.67516700560227
1949,3991552,-0.002470804638384531,0.72545585334301,6.721643034617106,0.009737228972759719,0.026430708759774765,0.18479546134670574,0.07616448402404785,0.9217346906661987,0.9451497395833334,518.8444686176917,4943.009447545512,827.0514666724412,239.42769046383182,1478.7886135380322,3,0.0,0.0,0.0,0.0,1.0,0.0,0.3333333333333333,2.3333333333333335,2.6666666666666665,0.0,0.3333333333333333,1.0,600.0,-19.33111104896913
1950,3993600,0.003416741748029987,0.2100110486149788,6.723322916030884,0.007091805627957607,0.012497290150107195,0.19715508570273718,0.04684419929981232,0.48948895931243896,0.9583333333333334,518.9179643198322,4945.291072090593,827.4045379384625,239.542621289831,1478.7886135380322,2,0.0,0.0,0.0,0.0,1.0,0.0,0.0,3.0,3.0,0.0,0.0,1.0,600.0,-9.989166943356395
1951,3995648,-0.0006669728318229318,0.916380774974823,6.723592964808146,0.007369694133133938,0.011103303132889172,0.19351831798752148,0.10812470316886902,0.98602294921875,0.9674479166666666,518.9867957443892,4947.594982771559,827.780867120433,239.6533964788323,1478.7886135380322,5,0.0,0.0,0.0,0.0,1.0,0.0,0.0,2.8,2.4,0.0,0.2,1.0,600.0,-13.352500218432397
1952,3997696,-0.0008381597542514404,0.13812126889824866,6.723559729258219,0.020943342444176474,0.029543920746073128,0.18999569192528726,0.1547163724899292,0.3913911283016205,0.9166666666666666,519.0626061662931,4949.84823025448,828.1307338275146,239.76506909783348,1478.7886135380322,2,0.0,0.0,0.0,0.0,1.0,0.0,0.0,3.0,2.0,0.0,0.0,1.0,600.0,-7.60833340883255
1953,3999744,-0.0022222834833276767,0.8516802430152893,6.7225351174672445,0.022435585578205065,0.032884659990668294,0.17738814651966095,0.1536647230386734,0.9402983784675598,0.9078776041666666,519.1345677154354,4952.157299242477,828.4748419394891,239.87748652283335,1478.7886135380322,5,0.0,0.0,0.0,0.0,1.0,0.0,0.0,2.4,2.8,0.4,0.2,1.0,600.0,-14.981333462893963
1954,4001792,-0.00039279344879711666,0.5088348418474198,6.725865109761556,0.008015704855885512,0.005697510096554955,0.1837372581164042,0.06776481121778488,0.7487417459487915,0.9884440104166666,519.1974983288737,4954.59721465459,828.8257648974904,239.9899035868366,1478.7886135380322,60,0.0,0.0,0.0,0.0,1.0,0.0,1.9,0.3333333333333333,2.8,0.7333333333333333,nan,0.31666666666666665,379.81666666666666,nan
1955,4003840,-0.0013729386225653192,1.6572256922721862,6.7260009765625,0.007758521639819567,0.06493829930356393,0.2078245649735133,-0.2702978849411011,1.3331116437911987,0.947265625,517.4989766681583,4957.022750649572,829.2306137523847,240.1138668548374,1504.9355042740353,5,0.0,0.0,0.0,0.0,1.0,0.0,0.2,2.4,3.0,0.4,0.0,1.0,600.0,-13.88683340298012
1956,4005888,-0.000528196992430215,0.6206250995397568,6.721740086873372,0.007972980906682399,0.01235472458259513,0.18365946436921757,0.21347591280937195,0.7637450098991394,0.9054361979166666,517.5639141003062,4959.371611661554,829.6258198813375,240.23246028783615,1504.9355042740353,3,0.0,0.0,0.0,0.0,1.0,0.0,0.0,2.3333333333333335,3.0,0.6666666666666666,0.0,1.0,600.0,-21.997222317693133
1957,4007936,-0.0019486753163315976,0.4897781193256378,6.7241442680358885,0.004242113653648024,0.0319039666481937,0.1887739457190037,-0.0772695243358612,0.7154591083526611,0.9303385416666666,517.6312972986644,4961.687051999521,830.0287859263844,240.35059966883273,1504.9355042740353,2,0.0,0.0,0.0,0.0,1.0,0.0,0.0,2.5,2.5,0.0,0.5,1.0,600.0,-25.195417147129774
1958,4009984,0.0068297848493481675,0.6511357605457306,6.724701356887818,0.004644781638444328,0.0046576815540902315,0.2938234781225522,0.19424457848072052,0.8632246851921082,0.9772135416666666,517.7039613185879,4963.946900290532,830.4076999852405,240.45900586283096,1504.9355042740353,5,0.0,0.0,0.0,0.0,1.0,0.0,0.0,2.8,2.0,0.0,0.2,1.0,600.0,-12.945666843093932
1959,4012032,0.11233126587079217,0.05816867612302303,6.717087284723918,0.048888598409636566,0.0425831307657063,1.4191703885793685,0.027700155973434448,0.2764076292514801,0.9583333333333334,517.779924898962,4966.204168882548,830.7558577392556,240.57164730282966,1504.9355042740353,1,0.0,0.0,0.0,0.0,1.0,0.0,0.0,3.0,3.0,0.0,0.0,1.0,600.0,-7.748333449475467
1960,4014080,-0.0024291685868471783,0.503169322013855,6.7066938559214275,0.005824672378366813,0.022971397902195653,0.20628948360681534,-0.07106003910303116,0.7451853156089783,0.9676106770833334,517.849243443031,4968.520203666478,831.130204517227,240.68154210082866,1504.9355042740353,6,0.0,0.0,0.0,0.0,1.0,0.0,0.0,2.8333333333333335,2.1666666666666665,0.0,0.16666666666666666,1.0,600.0,-8.344166805346807
1961,4016128,-0.0006693345416958134,0.4130029559135437,6.707131640116374,0.021901235076560017,0.02523158791009337,0.20894436935583752,0.01782563142478466,0.6941820383071899,0.9212239583333334,517.9315372110311,4970.632012800546,831.5302223971958,240.78968634483317,1504.9355042740353,2,0.0,0.0,0.0,0.0,1.0,0.0,0.0,3.0,3.0,0.0,0.0,1.0,600.0,-16.91250003222376
1962,4018176,-0.0009018481825478375,0.8389265298843384,6.70934149424235,0.009548448696538496,0.00891945636831224,0.19015532632668813,-0.021582424640655518,0.9339145421981812,0.9013671875,518.0116654078621,4972.673026696524,831.9957577651439,240.91719401383307,1504.9355042740353,5,0.0,0.0,0.0,0.0,1.0,0.0,0.0,2.8,2.4,0.0,0.2,1.0,600.0,-8.673666760325432
1963,4020224,0.005643524796081086,0.8545239448547364,6.709292062123617,0.005933605671937888,0.05341150008995707,0.2279479016860326,-0.06300407648086548,0.8976690769195557,0.90625,518.0680412052792,4975.1026877634795,832.4214655870819,241.05130867382832,1504.9355042740353,3,0.0,0.0,0.0,0.0,1.0,0.0,0.6666666666666666,2.0,1.0,0.3333333333333333,0.0,1.0,600.0,-21.67111141141504
1964,4022272,0.0016263080295175314,2.85514817237854,6.703600899378459,0.004204703229819037,0.019773050673150768,0.22568063735961913,-0.6621653437614441,1.555931806564331,0.8136393229166666,518.096625519926,4977.886077027455,832.9048196840231,241.17254524082819,1504.9355042740353,2,0.0,0.5,0.0,0.5,0.5,0.0,2.5,0.5,3.0,0.0,0.0,0.5,584.0,-37.84333382919431
1965,4024320,0.0008846009499393403,2.9273083925247194,6.6987497488657635,0.006594534334120302,0.03617338755866513,0.2236101674536864,-0.4224833548069,1.6794259548187256,0.8631184895833334,518.131769656616,4980.6062672554835,833.348066670027,241.3045231078213,1504.9355042740353,6,0.0,0.16666666666666666,0.0,0.16666666666666666,0.8333333333333334,0.0,1.3333333333333333,1.5,2.8333333333333335,0.0,0.16666666666666666,0.8333333333333334,580.8333333333334,-28.87055569429261
1966,4026368,-0.0015733740273086974,1.5712429881095886,6.700132783253988,0.006983044250227976,0.03789740971600016,0.20300821214914322,-0.2602950632572174,1.3000407218933105,0.8702799479166666,518.1701262983033,4983.298932901453,833.8008364789785,241.41576336081926,1504.9355042740353,0,nan,nan,nan,nan,nan,nan,nan,nan,nan,nan,nan,nan,nan,nan
1967,4028416,-0.0009088846568677885,2.9246485233306885,6.703592348098755,0.003514962166567178,0.018073325417935847,0.20125026106834412,-0.37365302443504333,1.6606303453445435,0.7989908854166666,518.2067416894262,4985.932580265486,834.2897704000061,241.5602383678197,1504.9355042740353,7,0.0,0.0,0.0,0.0,1.0,0.0,1.0,1.8571428571428572,2.2857142857142856,0.0,0.14285714285714285,1.0,600.0,-25.04583354600306
1968,4030464,-0.0013468586063633363,0.8588974237442016,6.705929072697957,0.004193417716184437,0.018695746548473835,0.192913701881965,0.05367453023791313,0.973605751991272,0.8680013020833334,518.2186901785999,4988.966097248485,834.7647331500702,241.69134858981852,1504.9355042740353,1,0.0,0.0,0.0,0.0,1.0,0.0,2.0,1.0,3.0,0.0,0.0,1.0,600.0,-50.164999866858125
1969,4032512,-0.0014281697202629098,2.1972153902053835,6.7089540481567385,0.08945526145447123,0.03228682304810112,0.22151698172092438,-0.2848239243030548,1.6061537265777588,0.7345377604166666,518.258477256232,4991.611123364499,835.2161724630714,241.8156136968173,1504.9355042740353,4,0.0,0.0,0.0,0.0,1.0,0.0,0.5,2.0,2.0,0.0,0.5,1.0,600.0,-25.145000361604616
1970,4034560,0.0013028062414377928,0.24217684119939803,6.712554041544596,0.018024460399950235,0.025540529012990493,0.18760121415058773,0.22639763355255127,0.41828668117523193,0.9560546875,518.2914557124913,4994.42263929444,835.6098629161133,241.94370339682064,1504.9355042740353,4,0.0,0.0,0.0,0.0,1.0,0.0,1.0,1.75,2.75,0.0,0.25,1.0,600.0,-34.244792167213745
1971,4036608,-0.0006357244371126095,0.7235543966293335,6.711214447021485,0.009866443961315478,0.0421996741866072,0.1860880600909392,0.06477830559015274,0.8799866437911987,0.9816080729166666,518.3242703010503,4997.226687579423,836.0112632091041,242.0793379498209,1504.9355042740353,2,0.0,0.0,0.0,0.0,1.0,0.0,0.5,2.5,2.0,0.0,0.0,1.0,600.0,-19.865833213552833
1972,4038656,-0.00044559675734490156,1.9512025952339171,6.709839661916097,0.010531790815563605,0.023903974199978015,0.2127341538667679,0.06025621294975281,1.4462007284164429,0.9583333333333334,518.3595626794229,4999.913165764388,836.4751522431397,242.2123802758215,1504.9355042740353,6,0.0,0.0,0.0,0.0,1.0,0.0,0.16666666666666666,2.8333333333333335,2.3333333333333335,0.0,0.0,1.0,600.0,-13.673055741470307
1973,4040704,-0.0026136892614886166,0.6046704351902008,6.7147601763407385,0.0068859177386912055,0.01205139299078534,0.18665951217214266,0.03715619444847107,0.8714002966880798,0.8268229166666666,518.4090436988768,5002.407518001375,836.9314294341675,242.34765564881673,1504.9355042740353,0,nan,nan,nan,nan,nan,nan,nan,nan,nan,nan,nan,nan,nan,nan
1974,4042752,0.008500377315188719,2.628593683242798,6.719599342346191,0.014429602085632117,0.015459530055522919,0.3089114194115003,-0.3520728349685669,1.7211894989013672,0.8068033854166666,518.4651798319605,5004.806122146329,837.3747375502353,242.47665625081572,1504.9355042740353,7,0.0,0.0,0.0,0.14285714285714285,0.8571428571428571,0.0,0.42857142857142855,1.7142857142857142,2.0,0.42857142857142855,0.42857142857142855,0.8571428571428571,575.7142857142857,-20.409047762730292
1975,4044800,-0.002367212832905352,0.779088830947876,6.712339289983114,0.013492140569724143,0.05078953729243949,0.20331791018446285,0.15004679560661316,0.9735847115516663,0.8074544270833334,518.5459307224099,5006.847008770303,837.812932882247,242.59765895081364,1504.9355042740353,1,0.0,0.0,0.0,0.0,1.0,0.0,0.0,2.0,2.0,0.0,1.0,1.0,600.0,-31.16250083874911
1976,4046848,-0.0019821219557343284,1.1751793503761292,6.714877684911092,0.0526638480645488,0.03604760685314735,0.2171921029686928,0.013331426307559013,1.154899001121521,0.7854817708333334,518.6084048283625,5009.194142813329,838.2295612472517,242.71768894781417,1504.9355042740353,5,0.0,0.0,0.2,0.0,0.8,0.0,0.2,2.0,1.4,0.0,0.8,0.8,492.4,-18.28300019102171
1977,4048896,-0.001662988099269569,1.5564420342445373,6.722884178161621,0.011560737824765965,0.029725073460334293,0.1818288358549277,0.2326095998287201,1.3074744939804077,0.9078776041666666,518.6341597684452,5012.068273529359,838.6532417322669,242.84897012781585,1504.9355042740353,4,0.0,0.0,0.0,0.0,1.0,0.0,0.5,2.25,1.75,0.0,0.25,1.0,600.0,-16.388958550291136
1978,4050944,0.0033260311174672097,0.9508597731590271,6.727095746994019,0.007593697482298012,0.04082676842032621,0.26623821382721263,-0.08124606311321259,1.0367172956466675,0.8307291666666666,518.6694430489118,5014.852141390336,839.0514324342585,242.97587186081364,1504.9355042740353,1,0.0,0.0,0.0,0.0,1.0,0.0,0.0,2.0,2.0,0.0,1.0,1.0,600.0,-28.937500132247806
1979,4052992,-0.0016130869276821612,2.3253443360328676,6.728858057657877,0.004895118691441287,0.0362147370663782,0.210443668315808,0.08437931537628174,1.5705492496490479,0.9344075520833334,518.6903818139697,5017.808051512286,839.459157056328,243.10808643181372,1504.9355042740353,9,0.0,0.0,0.2222222222222222,0.1111111111111111,0.6666666666666666,0.0,0.0,2.2222222222222223,2.0,0.2222222222222222,0.5555555555555556,0.6666666666666666,459.1111111111111,-19.55527794521509
1980,4055040,0.000410282028800187,0.49461056888103483,6.731997760136922,0.024447838473133744,0.008283795858733355,0.20989954993128776,0.11416693031787872,0.7528270483016968,0.8880208333333334,518.7226654011575,5020.631839366259,839.8607316922935,243.23434235281456,1504.9355042740353,1,0.0,0.0,1.0,0.0,0.0,0.0,0.0,2.0,0.0,0.0,1.0,0.0,66.0,-10.0
1981,4057088,-0.0016597197022444258,1.7349968910217286,6.738131141662597,0.004423883677615473,0.013199675312110533,0.22048475941022236,0.09408535063266754,1.3553105592727661,0.8522135416666666,518.755181746016,5023.405695786285,840.2827979711801,243.3638035968106,1504.9355042740353,7,0.0,0.0,0.0,0.14285714285714285,0.8571428571428571,0.0,0.42857142857142855,2.142857142857143,2.7142857142857144,0.14285714285714285,0.2857142857142857,0.8571428571428571,595.1428571428571,-20.5395240262816
1982,4059136,0.02053092179315475,0.2413808673620224,6.743852504094442,0.026580266862098748,0.042336810791554554,0.4706546887755394,0.22517281770706177,0.46775466203689575,0.8994140625,518.7851563000542,5026.142223496274,840.7966380692233,243.484397092805,1504.9355042740353,1,0.0,0.0,0.0,0.0,1.0,0.0,0.0,2.0,2.0,0.0,1.0,1.0,600.0,-29.05000075697899
1983,4061184,-2.3693135396266977e-05,0.7305514872074127,6.746502145131429,0.007478779893441849,0.026945868460461497,0.20190384685993196,0.017849363386631012,0.8819749355316162,0.9806315104166666,518.8100765213164,5028.992344924351,841.261151835206,243.60521186480764,1504.9355042740353,7,0.0,0.0,0.14285714285714285,0.14285714285714285,0.7142857142857143,0.0,0.0,2.4285714285714284,2.2857142857142856,0.14285714285714285,0.42857142857142855,0.7142857142857143,490.14285714285717,-15.177381064742804
1984,4063232,-0.0007733149046543986,0.9277248620986939,6.753505754470825,0.011436479530918102,0.026917070767376573,0.2016195366779963,0.007628684863448143,1.0178519487380981,0.8863932291666666,518.8617421863643,5031.423495274357,841.7107844571583,243.75951971181348,1504.9355042740353,2,0.0,0.0,0.0,0.0,1.0,0.0,1.0,2.0,2.0,0.0,0.0,1.0,600.0,-22.79875017562881
1985,4065280,0.0036460883372152844,0.6775503098964691,6.754317458470663,0.03693043599681308,0.01386935932484145,0.22536472231149673,-0.026492353528738022,0.8540046811103821,0.8758138020833334,518.9320692866125,5033.622913308362,842.1470237951798,243.8792505408128,1504.9355042740353,2,0.0,0.0,0.0,0.0,1.0,0.0,0.0,2.5,2.5,0.0,0.5,1.0,600.0,-18.09333359543234
1986,4067328,-0.0014671631157398223,1.385785746574402,6.750228897730509,0.003389384431648068,0.013768475557056566,0.20070977757374445,-0.16700196266174316,1.2549480199813843,0.8684895833333334,518.9892544200967,5036.031484002298,842.5675472271323,244.00360046881542,1504.9355042740353,5,0.0,0.0,0.0,0.0,1.0,0.0,0.4,2.2,2.0,0.2,0.2,1.0,600.0,-21.42183353304863
1987,4069376,-0.0018649885527944813,1.8152210474014283,6.750050862630208,0.01675853405952997,0.054625045558592926,0.2092401663462321,-0.18834049999713898,1.3888180255889893,0.861328125,519.035886329527,5038.538338639351,843.0557781090611,244.119645355815,1504.9355042740353,2,0.0,0.0,0.0,0.0,1.0,0.0,0.0,2.5,1.5,0.0,0.5,1.0,600.0,-16.230833569075912
1988,4071424,-0.002403156680520624,1.240085768699646,6.753862301508586,0.005952116055414081,0.037817466751827546,0.21325838069121042,0.08414730429649353,1.189496636390686,0.8899739583333334,519.0877212717431,5041.036143766345,843.4664303330064,244.23786994281545,1504.9355042740353,6,0.0,0.0,0.0,0.0,1.0,0.0,0.3333333333333333,2.0,1.8333333333333333,0.16666666666666666,0.5,1.0,600.0,-30.635278244502842
1989,4073472,-0.0007160444595380492,0.21973708197474479,6.7573925971984865,0.011394684703554958,0.016438778322966148,0.19939963842431704,-0.004156711045652628,0.5163344144821167,0.95068359375,519.1228738537096,5043.685101448311,843.9808286950283,244.35909626681678,1504.9355042740353,1,0.0,0.0,0.0,0.0,1.0,0.0,1.0,2.0,3.0,0.0,0.0,1.0,600.0,-19.8050000295043
1990,4075520,-0.00017181405370744567,0.8480566203594208,6.7587323665618895,0.11734689684817567,0.016552093512533853,0.18748182728886603,0.10500171035528183,0.9785565137863159,0.93017578125,519.1512855606584,5046.431971842219,844.4385448670073,244.48079238381615,1504.9355042740353,6,0.0,0.0,0.0,0.0,1.0,0.0,0.16666666666666666,2.8333333333333335,1.3333333333333333,0.0,0.0,1.0,600.0,-11.783472400624305
1991,4077568,-0.0024071694157707193,1.5240830302238464,6.7642598152160645,0.008308325971696225,0.03419372555411731,0.20171765312552453,-0.07349731773138046,1.2822922468185425,0.8426106770833334,519.1949059265312,5048.990519531311,844.9005758849817,244.6090116348132,1504.9355042740353,2,0.0,0.0,0.0,0.0,1.0,0.0,1.0,1.5,2.5,0.0,0.5,1.0,600.0,-26.273333743214607
1992,4079616,0.0007181177808282276,3.3969032764434814,6.771349827448527,0.013240777238388545,0.030088836470774063,0.2749848306179047,-0.8168928027153015,1.9416747093200684,0.6453450520833334,519.2704048956952,5051.125972016322,845.3195448469924,244.7389880778137,1504.9355042740353,2,0.0,0.0,0.0,0.0,1.0,0.0,1.5,1.5,3.0,0.0,0.0,1.0,600.0,-32.92375068436377
1993,4081664,-0.0056055313053851325,1.7293139696121216,6.77182313601176,0.008527771984032977,0.07796006889548153,0.18137299170096716,0.09575024992227554,1.2778024673461914,0.8693033854166666,519.3058349453273,5053.827257417266,845.7633504810947,244.86446584881196,1504.9355042740353,7,0.0,0.14285714285714285,0.0,0.2857142857142857,0.7142857142857143,0.0,1.7142857142857142,0.8571428571428571,2.0,0.0,0.42857142857142855,0.7142857142857143,520.5714285714286,-32.6111909075241
1994,4083712,0.12838788765948267,3.6743305206298826,6.775730435053507,0.04019397572459032,0.037249725098566465,1.6036359074215094,-0.7815461158752441,1.9572772979736328,0.7945963541666666,519.3432795998976,5056.518826256288,846.1985090430826,244.9922832348093,1504.9355042740353,1,0.0,1.0,0.0,1.0,0.0,0.0,3.0,0.0,3.0,0.0,0.0,0.0,410.0,-30.0
1995,4085760,-0.003016950133314822,2.2129751801490785,6.77943278948466,0.006599998172229486,0.040781019061493375,0.22114793956279755,-0.17525029182434082,1.3708441257476807,0.7099609375,519.3866266238871,5059.1101809923275,846.6355406821676,245.11272621780518,1504.9355042740353,7,0.0,0.42857142857142855,0.0,0.5714285714285714,0.42857142857142855,0.0,2.4285714285714284,0.42857142857142855,2.142857142857143,0.14285714285714285,0.0,0.42857142857142855,575.8571428571429,-37.88142896683088
1996,4087808,0.07730981781108616,3.3453118085861204,6.78159745534261,0.02782328430718432,0.04706907234309862,1.3719344273209573,-0.09253127872943878,2.058527946472168,0.8107096354166666,519.4305986180168,5061.7252624742905,847.0462696321629,245.25240398680762,1504.9355042740353,1,0.0,1.0,0.0,1.0,0.0,0.0,3.0,0.0,3.0,0.0,0.0,0.0,366.0,-30.0
1997,4089856,-0.0017549283259237806,2.197312605381012,6.777732197443644,0.012768351752310992,0.033374927037705976,0.19777947242061297,-0.03643513098359108,1.447619080543518,0.7560221354166666,519.4884368284368,5064.104392072237,847.4701482010933,245.3811696568082,1504.9355042740353,5,0.0,0.0,0.0,0.2,0.8,0.0,1.4,1.0,1.8,0.2,0.4,0.8,560.6,-28.16900024097413
1998,4091904,-0.00276323882444558,1.4058556795120238,6.781611045201619,0.046793057187460366,0.04556456758485486,0.1801887147128582,0.013629189692437649,1.201461911201477,0.923828125,519.5255852139438,5066.739544235221,847.9170134921224,245.54450452380843,1504.9355042740353,3,0.0,0.3333333333333333,0.0,0.3333333333333333,0.6666666666666666,0.0,2.0,0.6666666666666666,2.0,0.0,0.3333333333333333,0.6666666666666666,521.0,-26.538333455100656
1999,4093952,-0.0013607678546880683,3.8697542190551757,6.786371278762817,0.032256772218776555,0.02599556976929307,0.21733110547065734,-0.1539950966835022,2.07944917678833,0.7421875,519.5716974721234,5069.234592658206,848.3884003460771,245.67638148581318,1504.9355042740353,4,0.0,0.5,0.0,0.5,0.5,0.0,1.75,1.25,2.0,0.0,0.0,0.5,519.5,-23.13645857432857
2000,4096000,-0.0026189206352379792,2.4529600620269774,6.78953545888265,0.007608241806277268,0.03154792399533714,0.2391317625840505,-0.3332778513431549,1.627353310585022,0.7705078125,519.6035261966757,5071.98206773321,848.8487187689971,245.79854670380882,1504.9355042740353,4,0.0,0.0,0.0,0.25,0.75,0.0,2.0,0.75,2.75,0.0,0.25,0.75,594.0,-41.9895840799436
2001,4098048,0.0037431537736362466,3.3642762184143065,6.786749299367269,0.010085683953851307,0.05858697236593192,0.2880894303321838,-0.3268442153930664,1.909544825553894,0.7462565104166666,519.6334824297721,5074.715046601195,849.3278414869565,245.93434414581134,1504.9355042740353,4,0.0,0.5,0.0,0.75,0.25,0.0,2.25,0.25,2.5,0.0,0.5,0.25,467.0,-34.118750170688145
2002,4100096,-0.0017713446635752917,1.6630514144897461,6.7808177947998045,0.004261673640576192,0.022454928990919144,0.19147714252273243,0.11369471251964569,1.3067306280136108,0.8595377604166666,519.6694911649495,5077.4000240272,849.7794561838891,246.06002127181273,1504.9355042740353,60,0.0,0.5,0.0,0.5,0.5,0.0,1.6666666666666667,0.3333333333333333,2.7666666666666666,0.8666666666666667,nan,0.31666666666666665,397.05,nan
2003,4102144,-0.001835030666552484,1.41220360994339,6.77890567779541,0.005900234784348868,0.02714945759313802,0.20314264595508574,0.4342929720878601,1.0924102067947388,0.8819986979166666,517.4630765350324,5080.020648454134,850.2672517629035,246.18902838681242,1539.159106531035,2,0.0,0.0,0.0,0.0,1.0,0.0,1.5,1.5,3.0,0.0,0.0,1.0,600.0,-29.965833720983937
2004,4104192,-0.0006931967722872893,2.4685352563858034,6.77421350479126,0.01547270765392265,0.022489123310272894,0.2079503948489825,-0.01729445345699787,1.5954456329345703,0.8894856770833334,517.4983660638183,5082.7164844321305,850.7229108820175,246.31615999981295,1539.159106531035,5,0.0,0.2,0.0,0.2,0.8,0.0,1.0,1.8,2.4,0.0,0.2,0.8,584.4,-22.96266695847735
2005,4106240,-0.0015836336611149211,1.2104836225509643,6.769227250417074,0.011031852146455396,0.02444554603037735,0.19761889651417733,0.4354179799556732,1.0465781688690186,0.8605143229166666,517.5349893575013,5085.359859631091,851.2152652730147,246.44807518581365,1539.159106531035,2,0.0,0.0,0.0,0.0,1.0,0.0,0.5,2.5,2.0,0.0,0.0,1.0,600.0,-11.771249989978969
2006,4108288,0.03694920261623338,2.0741406321525573,6.761966053644816,0.04284007599344477,0.05898133055695022,0.5684010736644268,0.16556181013584137,1.413230061531067,0.89599609375,517.5599617777905,5088.174012289157,851.6862433529386,246.58910740381543,1539.159106531035,6,0.0,0.0,0.16666666666666666,0.16666666666666666,0.6666666666666666,0.0,0.8333333333333334,1.5,1.6666666666666667,0.0,0.6666666666666666,0.6666666666666666,475.1666666666667,-23.985000206002344
2007,4110336,-0.0009968358480061093,1.816425383090973,6.7594144185384115,0.010535433356805395,0.016583443134247016,0.20994258721669515,0.02084566093981266,1.4574403762817383,0.8673502604166666,517.5874311753947,5090.906007361176,852.2151374119421,246.7275311658159,1539.159106531035,2,0.0,0.0,0.0,0.0,1.0,0.0,1.0,2.0,1.0,0.0,0.0,1.0,600.0,-20.02416682895273
2008,4112384,-0.0018906687075893084,1.6907134175300598,6.762063566843668,0.0049036959884688255,0.030623171602686246,0.20386139154434205,0.12532098591327667,1.3795816898345947,0.81396484375,517.618074622901,5093.63110515906,852.6957604649724,246.86605398981192,1539.159106531035,5,0.0,0.0,0.0,0.2,0.8,0.0,0.8,1.6,1.8,0.2,0.4,0.8,577.6,-27.1113335583359
2009,4114432,0.0011953055354145667,1.6317464351654052,6.7603474140167235,0.00934885200986173,0.022468211385421454,0.21769977286458014,-0.030942179262638092,1.3716388940811157,0.8603515625,517.6589185671602,5096.172795050028,853.1949327309412,247.01509015481133,1539.159106531035,3,0.0,0.0,0.0,0.0,1.0,0.0,1.3333333333333333,1.6666666666666667,3.0,0.0,0.0,1.0,600.0,-25.885555935713153
2010,4116480,-0.0010519293330920239,1.8532316565513611,6.759500376383463,0.004983860159093941,0.018637809677359958,0.22538436104853948,0.38391241431236267,1.4185748100280762,0.85400390625,517.6922362254365,5098.810987864927,853.724713703923,247.15883590180601,1539.159106531035,4,0.0,0.25,0.0,0.25,0.75,0.0,0.75,2.0,1.75,0.0,0.25,0.75,576.0,-18.97916695778258
2011,4118528,-0.00046016348836322625,1.662761116027832,6.7623907883962,0.007927763182669878,0.012021443554355452,0.1922230919202169,-0.025703947991132736,1.280561089515686,0.931640625,517.725022011701,5101.492336937896,854.2103403838264,247.29081944580685,1539.159106531035,4,0.0,0.25,0.0,0.5,0.5,0.0,1.0,1.25,2.0,0.25,0.5,0.5,545.25,-34.2593753883848
2012,4120576,-0.002520132536301389,1.4139256358146668,6.766132799784343,0.007975886876617247,0.06219298813181619,0.22932363127668698,-0.25121092796325684,1.2689263820648193,0.8922526041666666,517.7833064248402,5103.840502424864,854.683147234864,247.40962195880275,1539.159106531035,1,0.0,0.0,0.0,0.0,1.0,0.0,0.0,3.0,1.0,0.0,0.0,1.0,600.0,-14.86333324201405
2013,4122624,0.004663622410347065,3.8215984106063843,6.765185356140137,0.005582734185736626,0.011848554449776809,0.24058932960033416,-0.17775660753250122,1.9813096523284912,0.8326822916666666,517.8478241457047,5106.106599512757,855.1214650798647,247.53263973179855,1539.159106531035,8,0.0,0.0,0.125,0.0,0.875,0.0,1.125,1.625,1.75,0.0,0.25,0.875,532.0,-27.5434377604397
2014,4124672,-0.0016000699310097844,2.4535632610321043,6.75908587773641,0.006586895139965539,0.04194513064964364,0.19639782557884852,-0.26942580938339233,1.7059170007705688,0.7591145833333334,517.895793766368,5108.638731933752,855.5675002928037,247.6586977787956,1539.159106531035,0,nan,nan,nan,nan,nan,nan,nan,nan,nan,nan,nan,nan,nan,nan
2015,4126720,-0.0020364206129064163,1.1945491433143616,6.758803526560466,0.0051942694388950866,0.010391749569680541,0.21703521957000096,0.23021405935287476,1.0648654699325562,0.8264973958333334,517.9499551815595,5111.0964653567935,855.9785107188582,247.78179789679416,1539.159106531035,7,0.0,0.14285714285714285,0.0,0.42857142857142855,0.5714285714285714,0.0,1.1428571428571428,0.8571428571428571,1.4285714285714286,0.2857142857142857,0.7142857142857143,0.5714285714285714,532.8571428571429,-37.658690952429815
2016,4128768,0.0011949588394296977,2.925570034980774,6.761037047704061,0.014007263919726636,0.027781805019670477,0.1951076216995716,0.02333555929362774,1.6451983451843262,0.9588216145833334,518.0046172343298,5113.549363663791,856.4008370548981,247.89334426579444,1539.159106531035,2,0.0,0.5,0.0,0.5,0.5,0.0,2.0,1.0,1.0,0.0,0.0,0.5,503.5,-24.909999957541004
2017,4130816,0.007040089409565553,2.485956621170044,6.760448741912842,0.012201938461900378,0.017313959383560965,0.25357652753591536,-0.17315718531608582,1.6316781044006348,0.7604166666666666,518.0610778325199,5115.942998950799,856.8305581728928,248.02151623479585,1539.159106531035,4,0.0,0.0,0.0,0.0,1.0,0.0,1.5,1.5,2.0,0.0,0.0,1.0,600.0,-29.026666981750168
2018,4132864,-0.000391299071876953,1.7002455830574035,6.754125817616781,0.015060537159297383,0.03738478176916639,0.20011063689986866,0.07788385450839996,1.3981279134750366,0.9171549479166666,518.105151721226,5118.562651333756,857.2235301018445,248.1459031977938,1539.159106531035,5,0.0,0.2,0.2,0.2,0.6,0.0,1.2,1.6,2.0,0.0,0.2,0.6,467.0,-21.94183352747932
2019,4134912,-0.0032690193504095076,2.5955250024795533,6.7487796147664385,0.00770872207164454,0.04419165831059217,0.22684700340032576,-0.21342891454696655,1.608031988143921,0.7482096354166666,518.16653038959,5120.90872362972,857.609559288816,248.26464108879009,1539.159106531035,4,0.0,0.25,0.0,0.5,0.5,0.0,2.0,0.75,2.75,0.0,0.25,0.5,521.25,-30.053750356077217
2020,4136960,0.012952184312356015,2.0023119688034057,6.748405313491821,0.06044522504574464,0.05901509110117331,0.4473310723900795,-0.10144523531198502,1.5364172458648682,0.8030598958333334,518.2268998469905,5123.244133634769,858.0384824868452,248.39469108278718,1539.159106531035,5,0.0,0.0,0.2,0.4,0.4,0.0,0.8,1.4,1.2,0.2,0.6,0.4,472.4,-28.1648335326463
2021,4139008,0.0025895596258730317,0.6747006773948669,6.7458224137624105,0.004230362586289023,0.013713186024688184,0.22334601456920306,0.26241210103034973,0.8442834615707397,0.8538411458333334,518.2908128247502,5125.588642652765,858.4291703248891,248.51195181578805,1539.159106531035,1,0.0,0.0,0.0,0.0,1.0,0.0,0.0,3.0,3.0,0.0,0.0,1.0,600.0,-15.221666838042438
2022,4141056,-1.4148894600414981e-05,1.641780436038971,6.7425903161366785,0.011099001665722122,0.025177125236950815,0.2198621814449628,0.49454954266548157,1.153817892074585,0.88427734375,518.3292038507386,5128.272861112724,858.8540400618804,248.6330665127898,1539.159106531035,5,0.0,0.2,0.0,0.2,0.8,0.0,0.8,1.8,2.2,0.0,0.4,0.8,571.2,-27.53550042277202
2023,4143104,-0.002853426500223577,2.7500794887542725,6.7386612097422285,0.07715461034458712,0.041107499661544956,0.2208437904715538,0.27549850940704346,1.6760920286178589,0.9270833333333334,518.3569640047758,5131.145742660636,859.259557026875,248.74406649378943,1539.159106531035,2,0.0,0.0,0.0,0.0,1.0,0.0,0.0,2.5,2.5,0.0,0.5,1.0,600.0,-14.863333414774388
2024,4145152,0.012630319269374014,2.785538363456726,6.736962334314982,0.01605102082248777,0.03547335168501983,0.3177307282884916,-0.38310909271240234,1.6168290376663208,0.8015950520833334,518.4018759193538,5133.665895067643,859.7014505458865,248.89284667078755,1539.159106531035,7,0.0,0.5714285714285714,0.0,0.5714285714285714,0.42857142857142855,0.0,2.0,0.8571428571428571,2.5714285714285716,0.0,0.14285714285714285,0.42857142857142855,513.4285714285714,-28.384881080394344
2025,4147200,0.001570391651087751,2.280411791801453,6.731783374150594,0.009510436753043906,0.04322551970447724,0.2277547056476275,-0.026282669976353645,1.5049233436584473,0.85009765625,518.4624444883493,5136.012649706645,860.131633573772,249.00783232578397,1539.159106531035,3,0.0,0.6666666666666666,0.0,1.0,0.0,0.0,2.6666666666666665,0.0,2.6666666666666665,0.0,0.3333333333333333,0.0,388.3333333333333,-32.79722222592682
2026,4149248,0.009048542651968697,3.360625171661377,6.73121797243754,0.030244607014659173,0.03940590723262479,0.2864689047137896,-0.5293065905570984,1.8573578596115112,0.7893880208333334,518.5081242496586,5138.579033189664,860.5628251047892,249.12379217178386,1539.159106531035,4,0.0,0.25,0.0,0.25,0.75,0.0,2.0,0.75,1.75,0.0,0.25,0.75,592.25,-42.866042358917184
2027,4151296,-0.0026188670502354703,1.8485365629196167,6.729204559326172,0.007803490393174192,0.03981084309052676,0.2131648249924183,-0.13477879762649536,1.441335916519165,0.8221028645833334,518.5615626854936,5141.032159755705,860.987013606762,249.2439504147842,1539.159106531035,5,0.0,0.4,0.2,0.4,0.4,0.0,1.6,1.2,2.0,0.0,0.2,0.4,436.2,-30.625000244006515
2028,4153344,-0.0030767548092020054,1.8510584712028504,6.732996161778768,0.0064925737591693174,0.04291112884723892,0.22652796258529026,-0.34206917881965637,1.4043463468551636,0.7208658854166666,518.647453634437,5142.966631367715,861.4270498096885,249.36679842178273,1539.159106531035,3,0.0,0.0,0.0,0.3333333333333333,0.6666666666666666,0.0,1.3333333333333333,1.0,1.6666666666666667,0.0,0.6666666666666666,0.6666666666666666,521.0,-34.67500033105413
2029,4155392,-0.0015353306419759367,2.0425356149673464,6.735963137944539,0.12599678573121006,0.035855531614894666,0.18488837629556656,0.21732072532176971,1.3339275121688843,0.9269205729166666,518.697070940671,5145.447892213655,861.8524230217154,249.5072527067823,1539.159106531035,4,0.0,0.0,0.0,0.0,1.0,0.0,1.25,1.25,2.25,0.25,0.25,1.0,600.0,-36.860625533852726
2030,4157440,-0.002654912412011375,1.109222376346588,6.736555719375611,0.007784691682415238,0.027684060123283415,0.2161654755473137,0.06691573560237885,1.0962311029434204,0.8308919270833334,518.7769271441363,5147.536011047625,862.2484389596793,249.62628099777794,1539.159106531035,1,0.0,0.0,0.0,0.0,1.0,0.0,0.0,3.0,1.0,0.0,0.0,1.0,600.0,-8.90000014193356
2031,4159488,-0.000843644083943218,2.850881028175354,6.73585213025411,0.007240306760650128,0.009812117697826276,0.2183404857913653,0.05652133375406265,1.7578585147857666,0.8258463541666666,518.8390268862396,5149.882919140648,862.6374966436051,249.7524681837749,1539.159106531035,8,0.0,0.125,0.0,0.125,0.875,0.0,1.375,1.375,1.875,0.125,0.125,0.875,583.25,-32.15687547327252
2032,4161536,-0.0027494325312242534,3.0253348112106324,6.73536589940389,0.00997812819647758,0.04025457783136517,0.23275055785973867,-0.4456787109375,1.8630717992782593,0.7745768229166666,518.9135282871429,5152.065212946713,863.0231543456757,249.87189841177315,1539.159106531035,1,0.0,1.0,0.0,1.0,0.0,0.0,3.0,0.0,1.0,0.0,0.0,0.0,367.0,-30.0
2033,4163584,-0.0023286370026956624,1.4864308714866639,6.738806660970052,0.06585737473457508,0.03635616188403219,0.22056826651096345,-0.01194675825536251,1.2804583311080933,0.75048828125,518.9661481809457,5154.549527502793,863.4389053296763,249.9821345457749,1539.159106531035,4,0.0,0.5,0.0,0.75,0.25,0.0,2.25,0.5,2.25,0.0,0.25,0.25,468.5,-33.04500028444454
2034,4165632,-0.0009247523499652744,2.3008536100387573,6.739612817764282,0.008160379581386223,0.030922649408845853,0.23824868326385815,-0.030165227130055428,1.6427844762802124,0.7657877604166666,519.0300505656356,5156.838084599745,863.8577992685678,250.10069379977358,1539.159106531035,4,0.0,0.0,0.0,0.25,0.75,0.0,1.25,1.0,1.75,0.0,0.75,0.75,571.0,-34.990833996096626
2035,4167680,-0.0042107751127332445,2.3562609195709228,6.738809331258138,0.006499898134279647,0.059026169198720405,0.2309187764922778,0.0092315673828125,1.6172184944152832,0.7430013020833334,519.1156439935936,5158.796038252767,864.2725770756006,250.22825156176987,1539.159106531035,4,0.0,0.0,0.0,0.25,0.75,0.0,1.5,1.25,2.25,0.0,0.25,0.75,579.25,-30.950417017680593
2036,4169728,0.0004263336925456921,2.085120904445648,6.741373570760091,0.007803310648383407,0.010301754577085376,0.19813579618930816,0.2662373483181,1.4801321029663086,0.7434895833333334,519.1784854935454,5161.023699257712,864.7558733865808,250.3569154397701,1539.159106531035,3,0.0,0.0,0.0,0.0,1.0,0.0,1.0,1.3333333333333333,1.6666666666666667,0.0,0.6666666666666666,1.0,600.0,-32.75333396500597
2037,4171776,-0.0009344907026388683,4.766628694534302,6.742071262995402,0.006026093337034884,0.016732380205454925,0.2180326372385025,-0.39134469628334045,2.2764689922332764,0.7755533854166666,519.234779659377,5163.358330902731,865.2354361195103,250.4745983797693,1539.159106531035,5,0.0,0.6,0.0,0.6,0.4,0.0,2.0,0.6,1.4,0.0,0.4,0.4,507.4,-37.81016717851162
2038,4173824,-0.0018538838562866052,3.175414204597473,6.741888825098673,0.005303088492655661,0.047549249732401225,0.23340590323011082,-0.26087450981140137,1.9189581871032715,0.7351888020833334,519.2866844423244,5165.8251682427435,865.662588122439,250.59279917477397,1539.159106531035,4,0.0,0.5,0.0,0.75,0.25,0.0,2.25,0.25,2.5,0.0,0.5,0.25,481.5,-43.0060421397211
2039,4175872,0.005534409182534243,2.558573269844055,6.7420518080393474,0.009043980798014672,0.07659535007163261,0.29654762844244636,-0.007343844044953585,1.7047632932662964,0.77734375,519.3465840787053,5168.172253191791,866.0774208564326,250.7118696397738,1539.159106531035,5,0.0,0.6,0.0,0.6,0.4,0.0,2.2,0.6,2.4,0.0,0.2,0.4,450.6,-29.549500145670027
2040,4177920,-0.0008109763206448406,2.4564433217048647,6.731668059031168,0.023248784773750232,0.036233481019735336,0.21258726517359416,0.2557521462440491,1.5550183057785034,0.8556315104166666,519.4009164657269,5170.5782004137,866.508578163397,250.83180445077596,1539.159106531035,5,0.0,0.2,0.2,0.4,0.4,0.0,1.4,1.2,1.8,0.0,0.4,0.4,479.6,-28.352333651483058
2041,4179968,-0.0030789822805672882,2.5160122394561766,6.729849815368652,0.007136013811153437,0.04511804972232009,0.23343399862448375,0.03358474746346474,1.538315773010254,0.78955078125,519.4732641902858,5172.77430673971,866.8972520784228,250.95360289177916,1539.159106531035,2,0.0,1.0,0.0,1.0,0.0,0.0,3.0,0.0,2.0,0.0,0.0,0.0,560.5,-46.75791692407802
2042,4182016,-0.000852402951568365,1.7256594181060791,6.728512779871623,0.010719838566728868,0.08155030069562295,0.23845899576942126,0.37452444434165955,1.2995069026947021,0.8214518229166666,519.5151749748943,5175.439489027718,867.2845017293803,251.07488456577266,1539.159106531035,4,0.0,0.25,0.0,0.25,0.75,0.0,1.5,1.5,1.5,0.0,0.0,0.75,548.5,-20.019999969634227
2043,4184064,-0.00027369778836146,3.0078603506088255,6.729666471481323,0.023782271030844033,0.03245126181670154,0.23938227047522861,-0.15620644390583038,1.803627848625183,0.82470703125,519.5609335123212,5178.0248314166965,867.6809972162882,251.193684199774,1539.159106531035,7,0.0,0.5714285714285714,0.0,0.7142857142857143,0.2857142857142857,0.0,2.0,0.42857142857142855,2.5714285714285716,0.14285714285714285,0.42857142857142855,0.2857142857142857,466.7142857142857,-35.92178604000115
2044,4186112,-0.0013887805903020005,3.8424362897872926,6.734311119715373,0.003965028677096901,0.015272241772618145,0.2168159527083238,-0.3342042565345764,2.154993772506714,0.7565104166666666,519.6205530177084,5180.383644232716,868.0957584172866,251.31291170477198,1539.159106531035,3,0.0,1.0,0.0,1.0,0.0,0.0,3.0,0.0,2.3333333333333335,0.0,0.0,0.0,420.0,-38.44972213823348
2045,4188160,-0.0033598740003071724,3.2849647283554075,6.737009811401367,0.008163604222499999,0.0506784545412908,0.22613814522822698,-0.062269922345876694,1.9782724380493164,0.7911783854166666,519.6795333807429,5182.734149914766,868.5213103683345,251.43363562777085,1539.159106531035,4,0.0,0.25,0.0,0.5,0.5,0.0,1.25,1.25,1.75,0.25,0.25,0.5,499.75,-29.119791809818707
2046,4190208,-0.002795953582972288,2.868256115913391,6.7396528402964275,0.020702960355750595,0.0387565838599888,0.1991349863509337,-0.13409271836280823,1.7668824195861816,0.77880859375,519.7399684461677,5185.088000445794,868.9312374512738,251.54965134077065,1539.159106531035,4,0.0,0.5,0.0,0.75,0.25,0.0,1.75,0.25,2.0,0.0,1.0,0.25,442.0,-34.00458354433067
2047,4192256,-0.002309555362444371,3.0337708473205565,6.740138451258342,0.019386858730770958,0.020003182246970633,0.21710198372602463,0.11821331083774567,1.817196011543274,0.85791015625,519.7931211913448,5187.541004225786,869.3418348872729,251.67138893977244,1539.159106531035,6,0.0,0.3333333333333333,0.16666666666666666,0.6666666666666666,0.16666666666666666,0.0,1.6666666666666667,0.3333333333333333,2.0,0.3333333333333333,0.6666666666666666,0.16666666666666666,418.8333333333333,-31.932500153314322
2048,4194304,-0.00237015394232003,1.816390824317932,6.740147002538046,0.007968733475233117,0.026735385623760523,0.20016802499691647,0.21030716598033905,1.369371771812439,0.8846028645833334,519.8335222522958,5190.152215301852,869.7858597501909,251.79951188077393,1539.159106531035,4,0.0,0.5,0.0,0.75,0.25,0.0,2.0,0.5,1.5,0.0,0.5,0.25,404.75,-30.264166655717418
2049,4196352,-0.0014347041413808861,3.3871362924575807,6.737585004170736,0.010980401806106481,0.034440733632072805,0.22624575545390446,-0.16879107058048248,1.9396538734436035,0.8211263020833334,519.8819371883848,5192.695601794934,870.178528649194,251.9242480067769,1539.159106531035,6,0.0,0.6666666666666666,0.0,0.6666666666666666,0.3333333333333333,0.0,2.3333333333333335,0.6666666666666666,2.0,0.0,0.0,0.3333333333333333,457.8333333333333,-30.926389028551057
2050,4198400,-0.00247426606171454,2.196756827831268,6.736757119496663,0.006293771705046917,0.038373123400378975,0.20313588331143062,0.051421377807855606,1.5337090492248535,0.87548828125,519.9204699047037,5195.378669330894,870.5884508722011,252.0517107917767,1539.159106531035,3,0.0,0.3333333333333333,0.0,0.3333333333333333,0.6666666666666666,0.0,2.0,1.0,1.6666666666666667,0.0,0.0,0.6666666666666666,502.3333333333333,-25.664166764666636
2051,4200448,-0.0004803275805898011,3.0555633306503296,6.73690390586853,0.01335886450833641,0.02562174260771523,0.23556859915455183,-0.17475900053977966,1.9013521671295166,0.7314453125,519.9687168113389,5197.887706463851,871.0208917011696,252.17720416077645,1539.159106531035,60,0.0,1.0,0.0,1.0,0.0,0.0,2.5833333333333335,0.2,2.8,0.18333333333333332,nan,0.2,293.53333333333336,nan
2052,4202496,-0.001985260172902296,2.1309112548828124,6.738239574432373,0.007437998071933786,0.020637435904548813,0.22043313806255657,0.2941949665546417,1.405430793762207,0.7775065104166666,518.5667222055923,5200.217605608748,871.4434865140938,252.2984071377723,1561.9278804070345,6,0.0,0.16666666666666666,0.0,0.3333333333333333,0.6666666666666666,0.0,2.0,0.8333333333333334,2.5,0.0,0.16666666666666666,0.6666666666666666,572.1666666666666,-37.843611588235945
2053,4204544,-0.0008418749164169034,1.647119438648224,6.737625710169474,0.0077280410148280985,0.05263343904710685,0.21793952311078707,0.2878892421722412,1.3030312061309814,0.82861328125,518.6356328340221,5202.445550887787,871.8416385200908,252.4219997727705,1561.9278804070345,2,0.0,0.5,0.0,1.0,0.0,0.0,2.0,0.0,2.5,0.5,0.5,0.0,540.0,-50.896667417604476
2054,4206592,-0.0037580748573721695,3.5827136754989626,6.734473196665446,0.005637364697334609,0.05239235020320242,0.22497018178304037,-0.15593916177749634,1.9263395071029663,0.8059895833333334,518.6954466808043,5204.83534288971,872.2187740141017,252.53963363077492,1561.9278804070345,5,0.0,0.0,0.0,0.0,1.0,0.0,1.2,1.6,1.6,0.0,0.2,1.0,600.0,-29.380667142104357
2055,4208640,-0.0005769782369801153,1.3525978803634644,6.731097571055094,0.17022866689706764,0.06277503949434807,0.2087166984875997,0.10339437425136566,1.1401466131210327,0.8170572916666666,518.742520326158,5207.41931845175,872.6128270550762,252.6526813507735,1561.9278804070345,4,0.0,0.5,0.0,0.5,0.5,0.0,1.5,1.0,2.25,0.25,0.25,0.5,508.25,-31.354166847653687
2056,4210688,-0.00039891230020051204,1.8253671169281005,6.729894860585531,0.009986973122189132,0.02662767278573786,0.22721302012602487,0.2703768014907837,1.3575619459152222,0.7789713541666666,518.7877559648172,5209.970284137678,873.0605820111086,252.76639574576984,1561.9278804070345,4,0.0,0.0,0.25,0.25,0.5,0.0,0.75,1.0,1.75,0.5,0.75,0.5,587.25,-40.52958408044651
2057,4212736,-0.0016778577327689467,2.7575428962707518,6.731201426188151,0.018589994625654072,0.02528397776574517,0.2044656604528427,-0.15293096005916595,1.6125154495239258,0.8435872395833334,518.8150045173797,5212.7595542286945,873.531006771067,252.88900365076552,1561.9278804070345,4,0.0,0.5,0.0,0.5,0.5,0.0,2.25,0.75,2.0,0.0,0.0,0.5,535.5,-32.29770843859296
2058,4214784,-0.0009379475881966452,3.078900909423828,6.738916794459025,0.012704864073020872,0.020122570105983565,0.22439119219779968,-0.3291829228401184,1.8533645868301392,0.8369140625,518.8600765197048,5215.292388049769,873.9761322471604,253.0244203307666,1561.9278804070345,5,0.0,1.0,0.0,1.0,0.0,0.0,3.0,0.0,3.0,0.0,0.0,0.0,403.2,-35.80083337919787
2059,4216832,0.0036028752462395155,1.8988446593284607,6.745388984680176,0.010010443542463084,0.052618195807250835,0.25860317746798195,0.2870670557022095,1.3263564109802246,0.8089192708333334,518.915867346891,5217.729581978805,874.3729487461751,253.14519791876955,1561.9278804070345,2,0.0,0.5,0.0,0.5,0.5,0.0,2.5,0.5,3.0,0.0,0.0,0.5,505.5,-37.4662504803855
2060,4218880,0.0005118212973078092,1.4459041953086853,6.739848709106445,0.010721296824825307,0.0320718123150679,0.1990480030576388,0.4020901024341583,1.1392855644226074,0.9407552083333334,518.9708114096371,5220.139899959824,874.788436650233,253.27121818077285,1561.9278804070345,4,0.0,0.5,0.0,0.5,0.5,0.0,2.0,1.0,2.5,0.0,0.0,0.5,518.5,-26.878541868412867
2061,4220928,-0.0014547894708812237,2.778705334663391,6.732007185618083,0.01579747324528095,0.05760522329170878,0.23240534886717795,0.044345319271087646,1.6880481243133545,0.8359375,519.0235123236447,5222.607241584759,875.1790871353005,253.40599887977442,1561.9278804070345,4,0.0,0.25,0.0,0.5,0.5,0.0,1.5,1.25,1.5,0.25,0.0,0.5,554.0,-25.395208595786244
2062,4222976,-0.003633814885203416,1.9874603152275085,6.7319368044535315,0.12487351458451788,0.04986588277388364,0.2001119486987591,-0.13238948583602905,1.4396848678588867,0.7604166666666666,519.0834095270344,5224.935089355713,875.6053204673153,253.53446641877963,1561.9278804070345,5,0.0,0.2,0.0,0.2,0.8,0.0,2.0,1.0,1.4,0.0,0.0,0.8,542.6,-30.316166896931826
2063,4225024,-0.0011354927206411957,2.559731149673462,6.735941108067831,0.005113541740380849,0.027856010974695287,0.19306789884964626,0.22186324000358582,1.7014163732528687,0.8180338541666666,519.1152076597498,5227.672420352734,876.0641145153277,253.65284721478383,1561.9278804070345,4,0.0,0.25,0.0,0.5,0.5,0.0,1.75,0.75,2.0,0.0,0.5,0.5,507.75,-36.38208362378646
2064,4227072,-8.165850692118207e-05,1.8392049670219421,6.736671002705892,0.008831725269556046,0.018286684527993202,0.2184254822631677,0.17644262313842773,1.4001989364624023,0.89501953125,519.1499638920822,5230.368532785753,876.5202946413265,253.77191117678012,1561.9278804070345,4,0.0,0.0,0.0,0.0,1.0,0.0,1.25,1.75,3.0,0.0,0.0,1.0,600.0,-26.687500317115337
2065,4229120,0.0029893494405162833,1.325060987472534,6.733632485071818,0.007937610300723463,0.03390231030061841,0.24373752027750015,0.19466130435466766,1.1782877445220947,0.9142252604166666,519.1875316507761,5233.048333850733,876.954944075289,253.8883854337837,1561.9278804070345,3,0.0,0.0,0.0,0.3333333333333333,0.6666666666666666,0.0,0.6666666666666666,1.6666666666666667,2.0,0.3333333333333333,0.3333333333333333,0.6666666666666666,542.0,-23.618333408919472
2066,4231168,-0.0014003021758981049,0.9438985645771026,6.732143576939901,0.016773049347102643,0.048118233455655475,0.214410716543595,0.26953214406967163,0.926211953163147,0.93701171875,519.2240277493754,5235.75820957878,877.3739208243351,254.01116203678976,1561.9278804070345,2,0.0,0.5,0.0,0.5,0.5,0.0,2.5,0.5,3.0,0.0,0.0,0.5,470.5,-28.950000319629908
2067,4233216,-0.0024439932700867453,1.6215380549430847,6.729554526011149,0.015778748722489886,0.03175741938175634,0.20844169929623604,0.05209651216864586,1.3048533201217651,0.8909505208333334,519.2883635411026,5238.01973169385,877.7992258033191,254.13706417079084,1561.9278804070345,4,0.0,0.0,0.0,0.0,1.0,0.0,1.0,2.0,2.5,0.0,0.0,1.0,600.0,-22.422291753580794
2068,4235264,-0.0019329337340119916,1.8678582310676575,6.727722152074178,0.010715006721632865,0.019896262573699156,0.19444924866159757,0.004475663416087627,1.3315623998641968,0.8601888020833334,519.3612049624346,5240.198579254837,878.1838387144235,254.25777498479147,1561.9278804070345,4,0.0,0.0,0.0,0.25,0.75,0.0,1.5,1.25,1.5,0.25,0.0,0.75,595.75,-32.26270859967917
2069,4237312,-0.00021784471658368906,1.8897846221923829,6.730158027013143,0.03690927345693732,0.029539345398855707,0.19538941681385041,0.1091427132487297,1.4435701370239258,0.9052734375,519.4279613046016,5242.408258005831,878.5949231853447,254.40951410279376,1561.9278804070345,3,0.0,0.0,0.0,0.3333333333333333,0.6666666666666666,0.0,1.6666666666666667,1.0,1.6666666666666667,0.3333333333333333,0.0,0.6666666666666666,576.3333333333334,-38.72222302900627
2070,4239360,0.011226847519477208,0.9613748133182526,6.731694634755453,0.20710884422684708,0.04623516209733983,0.314558182656765,0.40272292494773865,0.9361592531204224,0.93017578125,519.4873129833924,5244.743957034872,879.015231957288,254.53265760479553,1561.9278804070345,5,0.0,0.0,0.0,0.0,1.0,0.0,0.2,2.4,1.8,0.4,0.0,1.0,600.0,-20.245000047795475
2071,4241408,-0.0015785023279022425,0.6993723630905151,6.727116219202677,0.006496304178532834,0.033011426780528076,0.18697934846083322,0.13994881510734558,0.8317338824272156,0.9568684895833334,519.5208548518021,5247.49784345783,879.4244582732645,254.65594481979497,1561.9278804070345,3,0.0,0.0,0.0,0.0,1.0,0.0,0.0,2.6666666666666665,1.3333333333333333,0.0,0.3333333333333333,1.0,600.0,-16.123055774718523
2072,4243456,-0.0008449854935558203,1.1628394842147827,6.728935480117798,0.017408855214792615,0.039405411155894396,0.210322804749012,0.07990491390228271,1.1636950969696045,0.89306640625,519.5562832517766,5250.240761505891,879.8354393792542,254.77102420779556,1561.9278804070345,2,0.0,0.0,0.0,0.0,1.0,0.0,1.0,2.0,3.0,0.0,0.0,1.0,600.0,-27.493333752267063
2073,4245504,0.006347533889735738,1.1836312413215637,6.731772549947103,0.014763896446675062,0.08564801673249652,0.3416082454224428,-0.06081002950668335,1.0999690294265747,0.837890625,519.6026073741706,5252.835389231877,880.2179957762783,254.89129103779123,1561.9278804070345,4,0.0,0.0,0.0,0.0,1.0,0.0,0.5,2.5,2.5,0.0,0.0,1.0,600.0,-18.666458440828137
2074,4247552,-6.85713302421694e-05,0.9421052038669586,6.728933270772298,0.008278463545138948,0.021385014006712784,0.21011632233858107,0.010988891124725342,0.986248254776001,0.88623046875,519.6534733038154,5255.36454997494,880.5936918711959,255.01677118578664,1561.9278804070345,2,0.0,0.0,0.0,0.0,1.0,0.0,0.0,2.0,2.5,0.5,0.5,1.0,600.0,-28.91958374483511
2075,4249600,-0.0032677277612189453,3.0002087354660034,6.7247847557067875,0.013529634718239928,0.04684042923230057,0.23887837876876195,-0.18647132813930511,1.8871935606002808,0.8199869791666666,519.7015355690373,5257.837946764921,881.0486051871922,255.13348853878415,1561.9278804070345,5,0.0,0.0,0.0,0.0,1.0,0.0,0.0,2.0,2.2,0.6,0.4,1.0,600.0,-22.719833495561033
2076,4251648,-0.0012670008194011946,1.1241868913173676,6.71939001083374,0.013877853205000672,0.038356351658391456,0.21272359862923623,0.19203706085681915,1.0814214944839478,0.7776692708333334,519.7459827873514,5260.378304073893,881.5076054921301,255.2478554937843,1561.9278804070345,3,0.0,0.0,0.0,0.0,1.0,0.0,0.0,1.6666666666666667,2.0,0.3333333333333333,1.0,1.0,600.0,-23.991111397432785
2077,4253696,-0.00325430523759375,1.4890724182128907,6.7213553587595625,0.022835358631952355,0.04052975883629794,0.1959508925676346,0.0095665929839015,1.2533788681030273,0.9007161458333334,519.8075943623072,5262.663134979957,881.9418359121555,255.36940037478053,1561.9278804070345,5,0.0,0.0,0.0,0.4,0.6,0.0,0.4,1.6,2.2,0.6,0.4,0.6,552.4,-24.768000176362694
2078,4255744,-0.0007030364834160233,0.40508671700954435,6.728573274612427,0.02001698998113473,0.031652232787261404,0.19058180674910546,0.053448159247636795,0.7136667370796204,0.9462890625,519.8836992666322,5264.7531352269725,882.3526963671538,255.49246125177888,1561.9278804070345,2,0.0,0.5,0.0,0.5,0.5,0.0,1.5,1.5,2.0,0.0,0.0,0.5,503.5,-18.99333337927237
2079,4257792,-0.0014112997916527093,2.909974479675293,6.734086863199869,0.015179939307563473,0.041187571575089045,0.2165321722626686,-0.22909557819366455,1.8257991075515747,0.892578125,519.9370721602072,5267.207777205942,882.7390507091914,255.6229929167821,1561.9278804070345,5,0.0,0.0,0.0,0.2,0.8,0.0,0.0,1.8,1.6,1.0,0.2,0.8,553.4,-20.01900011803955
2080,4259840,-0.0020616618300361247,2.0069726705551147,6.731347974141439,0.005289298703428358,0.04081418089723835,0.22863479803005854,-0.2648266553878784,1.4883465766906738,0.8727213541666666,519.9797495449906,5269.8123752008905,883.1462573141689,255.75370932678197,1561.9278804070345,5,0.0,0.0,0.0,0.6,0.4,0.0,0.0,0.6,2.2,2.4,0.0,0.4,458.2,-27.304000016115605
2081,4261888,0.013209616410313174,1.6686843276023864,6.722401634852091,0.019299916364252566,0.05495160660163189,0.46002351492643356,-0.11134470999240875,1.4324871301651,0.7771809895833334,520.0377283562394,5272.191167029814,883.5424104911581,255.88122950577963,1561.9278804070345,4,0.0,0.0,0.0,0.75,0.25,0.0,0.25,0.25,3.0,2.5,0.0,0.25,437.5,-27.912500016391277
2082,4263936,0.0008145489807551106,0.9178221523761749,6.715037822723389,0.03136658739337387,0.01597409974007557,0.20626034686962763,0.3215581774711609,0.864378035068512,0.87939453125,520.0795321485666,5274.784370520778,883.9775439372097,256.0058219037819,1561.9278804070345,4,0.0,0.0,0.0,0.25,0.75,0.0,0.25,1.25,2.0,1.0,0.5,0.75,566.0,-18.26874991878867
2083,4265984,0.0020926970251215,1.471062922477722,6.714211336771647,0.011580032802885398,0.03060773598651091,0.23525405973196029,-0.10076144337654114,1.2383885383605957,0.9482421875,520.1354835570396,5277.137317231798,884.4310610642133,256.1258625567789,1561.9278804070345,4,0.0,0.0,0.0,0.5,0.5,0.0,0.25,1.25,2.75,1.25,0.25,0.5,481.25,-26.331250146962702
2084,4268032,-0.00023505963617935776,2.8346311807632447,6.717842976252238,0.022480469631652036,0.02812627066547672,0.23428218364715575,-0.26839861273765564,1.7772637605667114,0.90380859375,520.1774713244513,5279.733199243688,884.8640515551742,256.2474556277739,1561.9278804070345,4,0.0,0.0,0.0,0.25,0.75,0.0,0.0,1.25,1.5,1.75,0.0,0.75,536.25,-23.760416727978736
2085,4270080,0.009644142008619383,2.166639339923859,6.7179134051005045,0.040229477609197296,0.03339591099259754,0.29513397961854937,0.13039365410804749,1.4318275451660156,0.7630208333333334,520.2298346300121,5282.210736045665,885.2615908701409,256.36502423477214,1561.9278804070345,3,0.0,0.0,0.0,0.3333333333333333,0.6666666666666666,0.0,0.3333333333333333,1.6666666666666667,1.6666666666666667,1.0,0.0,0.6666666666666666,577.6666666666666,-21.746388921203714
2086,4272128,-0.000572487114307781,1.0367593228816987,6.714217487970988,0.019530620309524238,0.02840966880709554,0.19371864472826322,0.19275030493736267,0.9037845730781555,0.8680013020833334,520.2567700077276,5285.0563401026375,885.6696509651592,256.4845156487718,1561.9278804070345,4,0.0,0.0,0.0,0.25,0.75,0.0,0.25,1.0,3.0,1.25,0.5,0.75,594.75,-28.583125279517844
2087,4274176,0.012155797758411305,1.1574339985847473,6.714490063985189,0.029281593599201492,0.0323055239704748,0.28071214631199837,0.13386966288089752,1.1104152202606201,0.9236653645833334,520.3044830867643,5287.522887501706,886.1272947950711,256.60913678577344,1561.9278804070345,3,0.0,0.0,0.0,0.3333333333333333,0.6666666666666666,0.0,0.6666666666666666,2.0,2.3333333333333335,0.3333333333333333,0.0,0.6666666666666666,518.0,-12.043888923091194
2088,4276224,-0.001376401842571795,1.0543079614639281,6.710141563415528,0.007186037126666633,0.024565930656778315,0.2179968054095904,-0.06022267788648605,1.0602171421051025,0.8377278645833334,520.345318647828,5290.138811543693,886.5518822460872,256.73174339777324,1561.9278804070345,6,0.0,0.0,0.0,0.3333333333333333,0.6666666666666666,0.0,0.3333333333333333,1.6666666666666667,2.3333333333333335,1.0,0.0,0.6666666666666666,538.0,-20.2543057044968
2089,4278272,0.0190445304401995,1.251929020881653,6.704648510615031,0.010325453523546458,0.05877919605312248,0.4562019924322764,-0.11061699688434601,1.0971012115478516,0.91552734375,520.3726343800656,5292.899521342719,887.0369129060855,256.8560759177708,1561.9278804070345,2,0.0,0.0,0.0,0.5,0.5,0.0,0.0,0.5,2.5,2.0,0.5,0.5,558.5,-43.423750879243016
2090,4280320,-0.00039081379460791744,1.290087753534317,6.702891047795614,0.007038556180486921,0.026520083379000425,0.21206697424252827,0.035798728466033936,1.0866146087646484,0.8395182291666666,520.4026965838063,5295.612496363719,887.5208092310495,256.9949074857723,1561.9278804070345,4,0.0,0.0,0.0,0.75,0.25,0.0,1.25,0.25,3.0,1.5,0.0,0.25,517.25,-36.01687523513101
2091,4282368,-0.000903870293404907,2.7971035957336428,6.70899855295817,0.03068576389341615,0.04323710588893543,0.21793631538748742,-0.09836465865373611,1.7789548635482788,0.8821614583333334,520.4402543772812,5298.200429278688,888.010765254061,257.1187670397703,1561.9278804070345,3,0.0,0.0,0.0,0.0,1.0,0.0,0.0,3.0,2.3333333333333335,0.0,0.0,1.0,600.0,-14.802777805676063
2092,4284416,-0.0005736367350133757,2.3952411890029905,6.714183712005616,0.006041558650516284,0.021851346509841583,0.22806301563978196,-0.3191109597682953,1.4746228456497192,0.8063151041666666,520.4844034627644,5300.731112143578,888.4620471650487,257.24793748676893,1561.9278804070345,5,0.0,0.0,0.2,0.6,0.2,0.0,0.0,0.8,1.6,1.6,0.6,0.2,407.4,-26.360000173002483
2093,4286464,-0.0002586939352719734,1.5889165878295899,6.713223203023275,0.014281241199932992,0.012308282909604411,0.20667338321606318,0.10346099734306335,1.192447543144226,0.9371744791666666,520.5131754618506,5303.4783201276,888.9333559230581,257.3774861387719,1561.9278804070345,4,0.0,0.0,0.0,0.25,0.75,0.0,0.0,1.75,2.5,0.75,0.5,0.75,583.5,-27.532500248169526
2094,4288512,0.00081703447115918,1.349576961994171,6.714689906438192,0.013731373538757908,0.030567802003740024,0.24105275968710582,0.1714622676372528,1.1776901483535767,0.9314778645833334,520.5536025367504,5306.130880002645,889.3172095200935,257.5028815007681,1561.9278804070345,2,0.0,0.0,0.0,0.5,0.5,0.0,0.5,1.5,3.0,1.0,0.0,0.5,555.0,-22.835000479593873
2095,4290560,0.00032322400559981667,1.2680628418922424,6.7135549227396645,0.03277869845042005,0.020316213532350958,0.21717518816391626,0.06930125504732132,1.1711387634277344,0.947265625,520.5870684520984,5308.870149511706,889.7209230010776,257.630010743771,1561.9278804070345,6,0.0,0.0,0.0,0.0,1.0,0.0,0.3333333333333333,1.8333333333333333,2.3333333333333335,0.8333333333333334,0.0,1.0,600.0,-18.32569459375615
2096,4292608,0.0015060802189206393,2.2206762433052063,6.710534969965617,0.03974898782907985,0.05658169148179392,0.23403079708417257,-0.44270214438438416,1.4867526292800903,0.86669921875,520.635284821866,5311.366347673713,890.1681345481411,257.7392792377723,1561.9278804070345,2,0.0,0.0,0.0,0.5,0.5,0.0,0.5,0.5,3.0,2.0,0.0,0.5,499.5,-26.927499969955534
2097,4294656,-0.0003245485500277331,1.3612318873405456,6.705983273188273,0.02148536993287659,0.02685553568104903,0.23202717726429303,0.13571375608444214,1.166413426399231,0.8025716145833334,520.681504773003,5313.878889369633,890.6000693681417,257.86444420677435,1561.9278804070345,5,0.0,0.2,0.0,0.4,0.6,0.0,1.2,1.2,2.2,0.6,0.0,0.6,552.2,-30.107667007483542
2098,4296704,-0.0015206626305977503,0.6260482847690583,6.706116676330566,0.012902028998360038,0.03543107802203546,0.19696227163076402,0.2817955017089844,0.7116644382476807,0.9840494791666666,520.7103237559479,5316.689038348632,891.0112118311881,257.9936970487761,1561.9278804070345,3,0.0,0.0,0.0,0.0,1.0,0.0,0.0,2.3333333333333335,2.6666666666666665,0.3333333333333333,0.3333333333333333,1.0,600.0,-16.098889011889696
2099,4298752,0.0017816187610151246,1.7252666234970093,6.7107182820638025,0.09631310134427622,0.022228425081508855,0.2288811499873797,0.02170659229159355,1.3299669027328491,0.8896484375,520.7560994589427,5319.235170959575,891.4265069991889,258.11280280077335,1561.9278804070345,3,0.0,0.0,0.0,0.0,1.0,0.0,1.0,1.6666666666666667,2.3333333333333335,0.3333333333333333,0.0,1.0,600.0,-20.035277796133112
2100,4300800,-0.002250392814554895,0.48971846103668215,6.720095698038737,0.005938095058081671,0.02100279143002505,0.1892662319044272,0.08381344377994537,0.6947314143180847,0.96240234375,520.7979141912624,5321.839828706616,891.8427524922226,258.2364390447692,1561.9278804070345,60,0.0,0.0,0.0,0.0,1.0,0.0,0.5666666666666667,0.48333333333333334,2.9,1.95,nan,0.3333333333333333,412.05,nan
2101,4302848,0.0054601496670026485,1.7510440587997436,6.730171489715576,0.029103572325160105,0.02954307390997807,0.22468576033910115,0.07238990068435669,1.3955600261688232,0.916015625,518.3795881216922,5324.291564560539,892.2812809202078,258.356799318768,1601.255862019032,2,0.0,0.0,0.0,0.5,0.5,0.0,0.0,1.0,3.0,2.0,0.0,0.5,558.0,-22.961667048279196
2102,4304896,0.02162466145431002,1.4642152786254883,6.732519419987996,0.11494679700117558,0.05776598989032209,0.4273054619630178,0.18119695782661438,1.111780047416687,0.9093424479166666,518.4188747539278,5326.87633442854,892.7542293371953,258.48382332677284,1601.255862019032,6,0.0,0.0,0.0,0.16666666666666666,0.8333333333333334,0.0,0.8333333333333334,1.5,2.0,0.6666666666666666,0.0,0.8333333333333334,577.8333333333334,-22.848750170785934
2103,4306944,-0.0013952297430175045,2.0232576608657835,6.7271190484364825,0.006310689719005798,0.032227757829241456,0.1762109252313773,0.06272226572036743,1.481279730796814,0.9453125,518.4429954996464,5329.787841629513,893.163772347194,258.60135659377556,1601.255862019032,2,0.0,0.0,0.0,0.0,1.0,0.0,0.0,3.0,2.0,0.0,0.0,1.0,600.0,-6.800000101327896
2104,4308992,-0.0024844144470989706,1.7256455898284913,6.723598257700602,0.005818421623553149,0.025331609207205473,0.22884904791911442,-0.25475478172302246,1.247153401374817,0.8336588541666666,518.4730502514045,5332.554106027492,893.6110684831729,258.72699839977577,1601.255862019032,5,0.0,0.0,0.0,0.2,0.8,0.0,1.0,1.4,3.0,0.2,0.4,0.8,570.2,-29.400667025242
2105,4311040,0.007063330969928453,2.5746379137039184,6.721877908706665,0.07768444974596302,0.02894815505327036,0.247741436958313,-0.11556750535964966,1.6914618015289307,0.9002278645833334,518.5165044885703,5335.122417970502,894.050469438167,258.8420223077701,1601.255862019032,3,0.0,0.3333333333333333,0.0,0.3333333333333333,0.6666666666666666,0.0,1.0,2.0,3.0,0.0,0.0,0.6666666666666666,576.0,-21.027222398047645
2106,4313088,-0.0021631483919918536,2.402160036563873,6.7206789493560795,0.009237580489328441,0.03416904191641758,0.23056324273347856,0.012487555854022503,1.7236206531524658,0.7989908854166666,518.5698294379066,5337.528797347484,894.4833332661728,258.96201459376607,1601.255862019032,3,0.0,0.0,0.0,0.0,1.0,0.0,0.3333333333333333,1.6666666666666667,1.6666666666666667,0.6666666666666666,0.3333333333333333,1.0,600.0,-19.802222297837336
2107,4315136,-0.001847140157284836,1.1803374409675598,6.726176786422729,0.00637781506520696,0.01412428889113168,0.2154554933309555,-0.1163720190525055,1.1476224660873413,0.8694661458333334,518.6116384854389,5340.155906710512,894.89233969614,259.07721390677034,1601.255862019032,4,0.0,0.0,0.0,0.25,0.75,0.0,0.5,1.25,2.5,0.25,1.0,0.75,578.25,-28.912083650473505
2108,4317184,0.0037192718281100195,0.2885433718562126,6.728163210550944,0.016969463667677095,0.020074459499058624,0.22151255135734876,0.19178631901741028,0.6028524041175842,0.9583333333333334,518.6750159280361,5342.450571655529,895.2933637341266,259.20046631477453,1601.255862019032,1,0.0,0.0,0.0,0.0,1.0,0.0,0.0,3.0,3.0,0.0,0.0,1.0,600.0,-8.956666493788362
2109,4319232,0.0016324069758411497,1.539280116558075,6.720098622639974,0.010289506628760136,0.010008224511208634,0.20650389740864436,0.10700945556163788,1.243747591972351,0.9405924479166666,518.7306365501528,5344.896885444476,895.6635353762395,259.3158671557758,1601.255862019032,6,0.0,0.0,0.0,0.0,1.0,0.0,0.0,2.6666666666666665,1.5,0.16666666666666666,0.16666666666666666,1.0,600.0,-13.306944599064687
2110,4321280,-0.00047663016594015064,0.6724300116300583,6.7191084861755375,0.0414907568503016,0.018103314323040347,0.22245447064439455,-0.0065119704231619835,0.8056575059890747,0.9560546875,518.7837216121771,5347.303862945468,896.0947977982796,259.44814107677666,1601.255862019032,2,0.0,0.5,0.0,0.5,0.5,0.0,1.5,1.5,2.0,0.0,0.0,0.5,562.0,-28.51250041089952
2111,4323328,0.0005128109323171277,0.5623566418886184,6.71272079149882,0.008471101871691644,0.03311002069773773,0.18391108910242718,0.3581383526325226,0.730384349822998,0.9583333333333334,518.830923296754,5349.777264306467,896.5222227233025,259.6069525897765,1601.255862019032,5,0.0,0.0,0.0,0.0,1.0,0.0,0.0,3.0,1.8,0.0,0.0,1.0,600.0,-10.22800024356693
2112,4325376,-0.0010110439091173854,0.3797975033521652,6.702193180720012,0.00470577281472894,0.014467838181493184,0.19184489250183107,0.18224962055683136,0.5179851055145264,0.9493815104166666,518.8561478545834,5352.599821038457,896.9840292022272,259.74148124277417,1601.255862019032,3,0.0,0.0,0.0,0.0,1.0,0.0,0.0,2.3333333333333335,2.0,0.3333333333333333,0.3333333333333333,1.0,600.0,-12.590555619137982
2113,4327424,0.1047110640851315,0.6179859638214111,6.699124654134114,0.23808543247723718,0.0494721432061245,1.3118467872341475,-0.3050919771194458,0.8055879473686218,0.9811197916666666,518.8849783599643,5355.390091342459,897.4258234942827,259.86398328277573,1601.255862019032,2,0.0,0.0,0.0,0.0,1.0,0.0,0.5,2.5,3.0,0.0,0.0,1.0,600.0,-24.20083377091214
2114,4329472,-0.002072511613368988,0.8622261583805084,6.700401528676351,0.012596448425089573,0.018703710582728187,0.18255772367119788,-0.09606270492076874,0.941278338432312,0.9640299479166666,518.9146890844037,5358.181621292446,897.8491932523175,259.9877673957744,1601.255862019032,5,0.0,0.0,0.0,0.0,1.0,0.0,0.0,2.8,2.6,0.2,0.0,1.0,600.0,-19.658000015467405
2115,4331520,-0.0029526663827709855,0.2543304651975632,6.699987236658732,0.0139263202950436,0.02650328780291602,0.20231063067913055,-0.09629406034946442,0.4777269959449768,0.9519856770833334,518.9449404457799,5360.919361687498,898.3196454773497,260.1111452547775,1601.255862019032,1,0.0,0.0,0.0,0.0,1.0,0.0,0.0,3.0,1.0,0.0,0.0,1.0,600.0,-9.533333534374833
2116,4333568,-0.00021186569550385077,0.3213814258575439,6.697416083017985,0.08725780339906729,0.017618479944455128,0.20281752397616704,0.1468620002269745,0.5936233997344971,0.9697265625,518.9759056717821,5363.666772923476,898.7420032983573,260.2362739607779,1601.255862019032,6,0.0,0.0,0.0,0.0,1.0,0.0,0.0,2.6666666666666665,2.6666666666666665,0.16666666666666666,0.16666666666666666,1.0,600.0,-21.964305771669995
2117,4335616,0.0001453225219544644,0.47385686337947847,6.693403784434,0.011483045023669546,0.036911901699689526,0.19737400735418,0.032810989767313004,0.7277898192405701,0.9816080729166666,519.0021853149459,5366.539409876517,899.1430527753691,260.3632711467799,1601.255862019032,2,0.0,0.0,0.0,0.0,1.0,0.0,0.0,3.0,2.0,0.0,0.0,1.0,600.0,-16.666666788049042
2118,4337664,0.010808788682334125,1.0789718985557557,6.694396003087362,0.03232020585952947,0.03582076753955334,0.24237372626860937,-0.11565525829792023,0.9514633417129517,0.9710286458333334,519.02752997518,5369.416555514501,899.544180881363,260.49480825077626,1601.255862019032,5,0.0,0.0,0.0,0.2,0.8,0.0,0.2,2.4,2.6,0.4,0.0,0.8,595.8,-25.770333555899562
2119,4339712,0.0023123017977923154,0.20851485580205917,6.693363014856974,0.008285413558284441,0.02861328125,0.19127536763747532,0.1983979195356369,0.461740106344223,1.0,519.0531371876605,5372.317159602506,899.9321807733431,260.6173218277763,1601.255862019032,3,0.0,0.0,0.0,0.0,1.0,0.0,0.0,3.0,3.0,0.0,0.0,1.0,600.0,-16.25222236321618
2120,4341760,-0.0009478068134437005,0.15227443873882293,6.687042395273845,0.01245857951968598,0.017024739583333334,0.19355981027086575,-0.032038748264312744,0.4552556872367859,1.0,519.0814881914155,5375.0582407866095,900.4230512582653,260.7385877637789,1601.255862019032,2,0.0,0.0,0.0,0.0,1.0,0.0,0.0,3.0,2.0,0.0,0.0,1.0,600.0,-15.670000046957284
2121,4343808,0.004843464066895346,0.5710475027561188,6.681973886489868,0.037901618369505743,0.03250727647294601,0.23492352043588957,-0.11308084428310394,0.813231885433197,0.9344075520833334,519.1206345210095,5377.688507410625,900.8666557402103,260.8518616377769,1601.255862019032,4,0.0,0.0,0.0,0.0,1.0,0.0,0.0,3.0,2.0,0.0,0.0,1.0,600.0,-11.897916820365936
2122,4345856,-0.0033874806152501455,0.8957132518291473,6.677473878860473,0.006113475803673888,0.04709745884950583,0.21316754072904587,-0.2046479731798172,1.0248961448669434,0.84521484375,519.154927030181,5380.390937634591,901.3031410742042,260.9796833327782,1601.255862019032,2,0.0,0.0,0.0,0.0,1.0,0.0,0.0,3.0,3.0,0.0,0.0,1.0,600.0,-19.82000000588596
2123,4347904,1.2877009188135466e-05,1.0003453314304351,6.676892566680908,0.0051683269622875136,0.012508970402025928,0.23236690660317738,-0.20746828615665436,1.0718616247177124,0.8273111979166666,519.1949762933777,5382.980452372496,901.745913359242,261.11225584577915,1601.255862019032,6,0.0,0.0,0.0,0.0,1.0,0.0,0.0,2.3333333333333335,1.6666666666666667,0.3333333333333333,0.3333333333333333,1.0,600.0,-20.249444629376132
2124,4349952,-0.001215359346436647,0.49736644625663756,6.674927139282227,0.022875708349844596,0.019759255306174357,0.20200136775771776,0.011737870052456856,0.7451999187469482,0.8697916666666666,519.2586594152834,5385.258197867537,902.143294364214,261.2327676777786,1601.255862019032,2,0.0,0.0,0.0,0.0,1.0,0.0,0.5,2.0,2.5,0.0,0.5,1.0,600.0,-32.89875090215355
2125,4352000,-0.0020466616842895746,1.224510943889618,6.673798783620199,0.011055818295183902,0.053862536842158686,0.19982811957597732,-0.15079768002033234,1.0217496156692505,0.8649088541666666,519.3149978691339,5387.616992892494,902.5681884932783,261.3496020137827,1601.255862019032,5,0.0,0.0,0.0,0.0,1.0,0.0,0.0,2.4,2.2,0.2,0.4,1.0,600.0,-27.655667081288993
2126,4354048,-0.0011950161958035703,0.40519950687885287,6.675829299290975,0.005660494784630525,0.0167493974401926,0.17469241420427958,0.12598848342895508,0.6769744753837585,0.9267578125,519.3704844661838,5390.029573306376,902.9629653663142,261.4724272167805,1601.255862019032,3,0.0,0.0,0.0,0.0,1.0,0.0,0.0,2.6666666666666665,2.0,0.0,0.3333333333333333,1.0,600.0,-21.41416694984461
2127,4356096,-0.0028463002451947733,0.9474454522132874,6.677511914571126,0.005718804851251965,0.016729642070519427,0.19700032869974773,-0.09136927872896194,0.9641974568367004,0.9085286458333334,519.4343905798178,5392.2659298933795,903.3713843163423,261.6194595867855,1601.255862019032,2,0.0,0.0,0.0,0.5,0.5,0.0,0.0,1.5,1.5,1.0,0.5,0.5,583.0,-35.121250226628035
2128,4358144,-0.0030037885415367784,0.5955504655838013,6.681981309254964,0.010433681269933003,0.03599092056974769,0.19782483329375586,0.11519411206245422,0.8262422680854797,0.8782552083333334,519.499031883677,5394.509166307362,903.7765003963214,261.74164817578276,1601.255862019032,4,0.0,0.0,0.0,0.0,1.0,0.0,0.0,3.0,1.5,0.0,0.0,1.0,600.0,-13.197083458537236
2129,4360192,-0.0017832734389230608,0.442249059677124,6.690974966684977,0.00503227466106182,0.02457152265512074,0.19272215341528257,-0.044414762407541275,0.6772229075431824,0.9173177083333334,519.5575596548362,5396.872489883448,904.1717771394106,261.8610641397827,1601.255862019032,2,0.0,0.0,0.0,0.0,1.0,0.0,1.5,1.0,2.5,0.0,0.5,1.0,600.0,-35.36500047519803
2130,4362240,-0.003875355595907119,0.7708654344081879,6.698751401901245,0.005213309931180751,0.03904418400876845,0.1854805385073026,0.03708669915795326,0.8815619349479675,0.93994140625,519.5941203195849,5399.600858358499,904.5422041794154,261.986086703786,1601.255862019032,6,0.0,0.0,0.0,0.0,1.0,0.0,0.16666666666666666,2.6666666666666665,1.8333333333333333,0.0,0.16666666666666666,1.0,600.0,-17.636528101749718
2131,4364288,0.0022131006786366924,0.2200732037425041,6.698877271016439,0.006339380073768552,0.0409999653386573,0.24108865807453791,0.11798152327537537,0.40834689140319824,0.9661458333333334,519.6274442402307,5402.366521613498,904.9359803304542,262.1094759827902,1601.255862019032,2,0.0,0.0,0.0,0.0,1.0,0.0,0.0,2.0,2.5,0.5,0.5,1.0,600.0,-33.23333369847387
2132,4366336,-0.000929293129593134,0.21194207519292832,6.69059910774231,0.004627214861102402,0.014876302083333333,0.19882500022649766,0.15254037082195282,0.4957267642021179,1.0,519.6576044190751,5405.152512305518,905.3462656074189,262.23138343379105,1601.255862019032,5,0.0,0.0,0.0,0.0,1.0,0.0,0.0,3.0,2.2,0.0,0.0,1.0,600.0,-15.793000075221062
2133,4368384,-0.000592145153010885,0.4078710496425629,6.688361358642578,0.010298176668584347,0.00849609375,0.17751329963405926,0.211206316947937,0.6688641905784607,1.0,519.6760218672238,5408.132474043523,905.7630125764481,262.3520938047877,1601.255862019032,3,0.0,0.0,0.0,0.0,1.0,0.0,0.0,3.0,2.3333333333333335,0.0,0.0,1.0,600.0,-16.868889068563778
2134,4370432,-0.0004505307413637638,1.2499935925006866,6.688521003723144,0.0081937347468435,0.01596270698743562,0.19563961029052734,-0.1595374345779419,1.1734932661056519,0.97216796875,519.7007350594788,5410.976906897493,906.2209888664947,262.4627415577852,1601.255862019032,2,0.0,0.0,0.0,0.0,1.0,0.0,0.0,2.5,3.0,0.5,0.0,1.0,600.0,-24.808333453256637
2135,4372480,-0.001634488507018735,1.6915569067001344,6.6942391713460285,0.01683034726884216,0.0302089849098896,0.17960003117720286,-0.06819278746843338,1.3002763986587524,0.9503580729166666,519.7412165988651,5413.5369824855225,906.6826796595415,262.5918501757842,1601.255862019032,4,0.0,0.0,0.0,0.25,0.75,0.0,0.0,1.75,3.0,1.25,0.0,0.75,599.5,-34.65187532710843
2136,4374528,-0.002237430416668455,1.24269397854805,6.703164529800415,0.012616123550833436,0.04030156762649616,0.2307720812658469,-0.2520422637462616,1.2026835680007935,0.9322916666666666,519.7849086535481,5416.080863791547,907.1191999946241,262.71536404378276,1601.255862019032,3,0.0,0.0,0.0,0.3333333333333333,0.6666666666666666,0.0,0.0,2.0,1.0,1.0,0.0,0.6666666666666666,544.3333333333334,-19.893333363346756
2137,4376576,0.01845040867337957,1.7612024664878845,6.702801100413004,0.017934991951915436,0.036212392100909103,0.40815583045283954,-0.09656106680631638,1.3254997730255127,0.8942057291666666,519.8279968014474,5418.636271574564,907.5483394636394,262.84422116778296,1601.255862019032,4,0.0,0.0,0.0,0.0,1.0,0.0,0.0,2.5,2.5,0.5,0.0,1.0,600.0,-23.49104169313796
2138,4378624,-0.0018691984289034736,1.0504507958889007,6.698054504394531,0.012611107702832669,0.03528041907120496,0.19529242366552352,0.1286429613828659,0.8838865756988525,0.912109375,519.8593960322964,5421.402298221576,907.9583318096702,262.97253356878355,1601.255862019032,4,0.0,0.0,0.0,0.0,1.0,0.0,0.0,2.0,1.75,0.75,0.25,1.0,600.0,-28.84083334368188
2139,4380672,-0.0012870194274000823,1.7458892583847045,6.6982548077901205,0.01732786832920586,0.03665591322351247,0.19530241911609966,-0.04211729019880295,1.320518136024475,0.8958333333333334,519.9069610455472,5423.966385642547,908.3240115576991,263.0946210387847,1601.255862019032,4,0.0,0.0,0.0,0.0,1.0,0.0,0.0,1.75,2.5,1.25,0.0,1.0,600.0,-27.787916911765933
2140,4382720,0.0063343216742699346,1.867508053779602,6.70080246925354,0.02040819071310883,0.03756620231239746,0.24047627175847688,-0.10572429746389389,1.2242887020111084,0.9658203125,519.9384473160815,5426.783079460569,908.7004052276461,263.2125452007822,1601.255862019032,3,0.0,0.0,0.0,0.3333333333333333,0.6666666666666666,0.0,0.0,2.0,2.3333333333333335,1.0,0.0,0.6666666666666666,590.3333333333334,-25.467777751696605
2141,4384768,-0.0015292437747120857,1.8088051199913024,6.705275551478068,0.013484801157998542,0.02509472561844935,0.2150201755265395,0.005494455806910992,1.283835530281067,0.87109375,519.9855866782083,5429.329810150579,909.0946304636673,263.3310387617821,1601.255862019032,2,0.0,0.0,0.0,0.0,1.0,0.0,0.0,1.0,2.0,2.0,0.0,1.0,600.0,-26.27583327004686
2142,4386816,0.0021217116814417143,2.921477508544922,6.7063453674316404,0.0412145966431126,0.060100133949890736,0.2971010389427344,-0.22648809850215912,1.8111587762832642,0.8873697916666666,520.0363387169058,5431.70619406458,909.5525261026705,263.48296388878225,1601.255862019032,4,0.0,0.0,0.0,0.0,1.0,0.0,0.0,2.0,2.5,1.0,0.0,1.0,600.0,-22.559166964842007
2143,4388864,-0.0012050942614829788,0.3489476054906845,6.703515847524007,0.0083908616603973,0.027605452706726888,0.22687254200379053,0.08741313219070435,0.5395885705947876,0.90625,520.0992758376134,5433.940928134529,909.9983507067227,263.59768569078733,1601.255862019032,3,0.0,0.0,0.0,0.0,1.0,0.0,0.0,2.3333333333333335,1.6666666666666667,0.6666666666666666,0.0,1.0,600.0,-17.26333335756014
2144,4390912,-0.00207041825245445,2.1181910037994385,6.71029372215271,0.1997686974258007,0.01583809983373309,0.1827375113964081,-0.09627935290336609,1.4337135553359985,0.8914388020833334,520.1434973175393,5436.484787230525,910.4174241527799,263.72536404678976,1601.255862019032,5,0.0,0.0,0.0,0.2,0.8,0.0,0.0,1.6,1.8,0.6,0.8,0.8,582.0,-34.60200049337
2145,4392960,0.0028419302854066093,0.15432520881295203,6.7150012969970705,0.0244733260711655,0.012923177083333333,0.1894610931475957,0.21437685191631317,0.39898866415023804,1.0,520.1661676380687,5439.359376168533,910.860005716786,263.8488402427902,1601.255862019032,3,0.0,0.0,0.0,0.0,1.0,0.0,0.0,3.0,2.3333333333333335,0.0,0.0,1.0,600.0,-16.023333265135687
2146,4395008,0.001886636670678854,0.3593940109014511,6.714397287368774,0.012066908205936974,0.0158203125,0.17953009655078253,0.33773326873779297,0.5865923762321472,1.0,520.1914405422648,5442.22698425455,911.2585833737176,263.97540939279133,1601.255862019032,4,0.0,0.0,0.0,0.0,1.0,0.0,0.0,3.0,2.0,0.0,0.0,1.0,600.0,-12.728333498816937
2147,4397056,0.0017543774020547668,0.21882738918066025,6.71011708577474,0.4009242271538824,0.0115234375,0.1984321415424347,0.2441462278366089,0.47906893491744995,1.0,520.215309855928,5445.099268150501,911.6790586286588,264.1025792517903,1601.255862019032,3,0.0,0.0,0.0,0.0,1.0,0.0,0.0,3.0,3.0,0.0,0.0,1.0,600.0,-15.422777856700122
2148,4399104,0.00038000081355373064,0.24387294203042983,6.708660697937011,0.0063297972412935145,0.015983072916666667,0.19207165166735649,0.15912877023220062,0.5292800664901733,1.0,520.2415702938096,5447.865276614604,912.1684967227338,264.2289459087915,1601.255862019032,2,0.0,0.0,0.0,0.0,1.0,0.0,0.0,3.0,3.0,0.0,0.0,1.0,600.0,-9.615833392366767
2149,4401152,-0.0011710561423872907,0.08125326186418533,6.708191776275635,0.005053307048122709,0.015364583333333333,0.17586382950345675,0.030878236517310143,0.3155014216899872,1.0,520.2755163759923,5450.580618528555,912.5857180127932,264.35457451279217,1601.255862019032,60,0.0,0.0,0.0,0.0,1.0,0.0,1.1833333333333333,0.21666666666666667,2.8666666666666667,1.6,nan,0.13333333333333333,360.4166666666667,nan
2150,4403200,0.008315548362831274,0.07728728838264942,6.704828310012817,0.014327834767755121,0.043684895833333334,0.2530549337466558,0.04091346263885498,0.30974024534225464,1.0,518.407683851852,5453.051118660558,913.0540345937407,264.48736050278967,1632.4658468120324,3,0.0,0.0,0.0,0.0,1.0,0.0,0.0,3.0,2.3333333333333335,0.0,0.0,1.0,600.0,-14.38222229729096
2151,4405248,0.00039210717659443617,0.3513023927807808,6.699324258168539,0.011180387099739165,0.03813924653222785,0.19290793215235075,-0.09250964224338531,0.6138808131217957,0.9830729166666666,518.4464882317538,5455.678270833654,913.4805830778278,264.61278347478947,1632.4658468120324,5,0.0,0.0,0.0,0.0,1.0,0.0,0.2,2.8,1.8,0.0,0.0,1.0,600.0,-12.262833449803292
2152,4407296,11.81609060151192,0.11532318219542503,6.6977681636810305,3.669846544632067,0.04602864583333333,115.94357532039285,-0.028857162222266197,0.3872763216495514,1.0,518.4804341647995,5458.356979353586,913.9135064988659,264.7587819667897,1632.4658468120324,3,0.0,0.0,0.0,0.0,1.0,0.0,0.0,3.0,1.6666666666666667,0.0,0.0,1.0,600.0,-13.056111245726546
2153,4409344,0.00011657822566727798,0.11090643629431725,6.695194943745931,0.00494151811581105,0.014420572916666667,0.16742882033189138,-0.0665692687034607,0.37983888387680054,1.0,518.5217796639631,5460.921579737536,914.3647643717923,264.8863126147917,1632.4658468120324,3,0.0,0.0,0.0,0.0,1.0,0.0,0.0,3.0,2.3333333333333335,0.0,0.0,1.0,600.0,-16.796111453014117
2154,4411392,0.0027367639044920604,0.3958962202072144,6.6959255536397295,0.015794549451675265,0.023171717200117806,0.2262262466053168,-0.07094127684831619,0.640636682510376,0.9820963541666666,518.5822842183212,5463.250162926612,914.7366378877123,265.00117509579286,1632.4658468120324,4,0.0,0.0,0.0,0.0,1.0,0.0,0.25,2.75,2.5,0.0,0.0,1.0,600.0,-16.212083381367847
2155,4413440,-0.0006811256326424579,0.6625259816646576,6.697990226745605,0.009811264097387114,0.011318812585280587,0.1848224014043808,-0.2216811627149582,0.8317124843597412,0.9715169270833334,518.6501810011719,5465.511590443624,915.0905485117692,265.114827038793,1632.4658468120324,2,0.0,0.0,0.0,0.0,1.0,0.0,0.5,2.5,2.0,0.0,0.0,1.0,600.0,-14.634583484614268
2156,4415488,-0.00040404008080561956,0.44014381766319277,6.699381860097249,0.01343273524059138,0.0381609725067392,0.18742811704675358,-0.23134015500545502,0.678744375705719,0.9676106770833334,518.7155420590991,5467.787140403634,915.4692569137405,265.2263152517917,1632.4658468120324,4,0.0,0.0,0.0,0.0,1.0,0.0,0.25,2.75,2.0,0.0,0.0,1.0,600.0,-16.020833532093093
2157,4417536,-0.00041449350149681173,0.11715667545795441,6.698320706685384,0.01766526009499406,0.026050630033326645,0.20579769189159075,0.022578800097107887,0.38172879815101624,0.9583333333333334,518.7869276075542,5469.9917613866855,915.8192249908025,265.3394521337905,1632.4658468120324,3,0.0,0.0,0.0,0.0,1.0,0.0,0.0,3.0,3.0,0.0,0.0,1.0,600.0,-20.921111073344946
2158,4419584,0.002600713870682133,0.11183504313230515,6.691695817311605,0.010786289589790006,0.027253438361609976,0.2191483405729135,-0.0618915893137455,0.37898531556129456,0.96826171875,518.8536047451396,5472.237606183669,916.1943504138253,265.45303123578924,1632.4658468120324,5,0.0,0.0,0.0,0.0,1.0,0.0,0.0,2.8,2.0,0.0,0.2,1.0,600.0,-18.569000319577754
2159,4421632,-0.0009421893861144781,0.09307804927229882,6.6835901737213135,0.043282017331027114,0.01357421875,0.19526099686821302,0.01341584324836731,0.370992511510849,1.0,518.9170765861803,5474.5018159437095,916.5987590477962,265.5677145437876,1632.4658468120324,3,0.0,0.0,0.0,0.0,1.0,0.0,0.0,3.0,2.3333333333333335,0.0,0.0,1.0,600.0,-20.56555560945223
2160,4423680,-0.000506230816245079,0.12361563667654991,6.684901475906372,0.014889356858717898,0.023795572916666667,0.1877256269256274,0.008788804523646832,0.42231327295303345,1.0,518.9804831483409,5476.824478456743,916.966547449767,265.6736577907868,1632.4658468120324,2,0.0,0.0,0.0,0.0,1.0,0.0,0.0,3.0,3.0,0.0,0.0,1.0,600.0,-15.746666743420064
2161,4425728,0.006889060760537784,0.09745237603783607,6.6814428806304935,0.017205800727242603,0.024967447916666666,0.252412657191356,0.14712631702423096,0.33639585971832275,1.0,519.0406094742327,5479.126436193699,917.3793424888645,265.7878483097884,1632.4658468120324,5,0.0,0.0,0.0,0.0,1.0,0.0,0.0,3.0,2.6,0.0,0.0,1.0,600.0,-15.12333350032568
2162,4427776,-0.0008473882917314768,0.07975800074636936,6.678016821543376,0.007015356215803573,0.020638020833333333,0.1939955398440361,0.030332108959555626,0.3373711109161377,1.0,519.1058523381843,5481.452746505631,917.7172764759089,265.89203891578654,1632.4658468120324,1,0.0,0.0,0.0,0.0,1.0,0.0,0.0,3.0,3.0,0.0,0.0,1.0,600.0,-15.400000229477882
2163,4429824,0.004099602531641722,0.14440607875585557,6.679017782211304,0.018322287577514848,0.02314453125,0.21618945449590682,0.18525229394435883,0.3940637409687042,1.0,519.1648200654954,5483.809758801588,918.0974266439225,266.00403269779054,1632.4658468120324,5,0.0,0.0,0.0,0.0,1.0,0.0,0.0,3.0,2.2,0.0,0.0,1.0,600.0,-12.399666676484049
2164,4431872,-0.0017011372682948908,0.06465312540531158,6.679979594548543,0.00908975894950951,0.03365885416666667,0.21300933212041856,-0.08143001794815063,0.2684669494628906,1.0,519.2225516104194,5486.162637445617,918.4883089189534,266.12667302179034,1632.4658468120324,3,0.0,0.0,0.0,0.0,1.0,0.0,0.0,3.0,2.3333333333333335,0.0,0.0,1.0,600.0,-13.542222284091016
2165,4433920,0.034425959922373295,0.4007490545511246,6.675899775822957,0.08259720258259524,0.05146540791417162,0.6466253116726876,-0.04870157688856125,0.661476194858551,0.98486328125,519.2794195969047,5488.52877127473,918.8856655059062,266.2384205897906,1632.4658468120324,5,0.0,0.0,0.0,0.0,1.0,0.0,0.0,3.0,2.6,0.0,0.0,1.0,600.0,-16.696333457529544
2166,4435968,-0.00016802190705978622,0.36387617588043214,6.668364667892456,0.008756426632559548,0.040475669953351216,0.1977802519996961,-0.048521701246500015,0.5378352999687195,0.955078125,519.3455458459222,5490.764532066722,919.2651011378257,266.3485988137909,1632.4658468120324,3,0.0,0.0,0.0,0.0,1.0,0.0,0.0,3.0,3.0,0.0,0.0,1.0,600.0,-14.810555712009469
2167,4438016,-0.0009585781410957376,0.21266083493828775,6.669122902552287,0.008971077483147382,0.03924407220135132,0.22072693382700284,0.0077252802439033985,0.4930609166622162,0.9404296875,519.4142835408143,5493.007178316737,919.611188168863,266.4636455627915,1632.4658468120324,2,0.0,0.0,0.0,0.0,1.0,0.0,0.0,2.0,1.5,0.5,0.5,1.0,600.0,-16.15000007301569
2168,4440064,-0.001786972153543805,0.43669933676719663,6.677580992380778,0.01619057034064705,0.031123850673126677,0.192728125055631,-0.02189173549413681,0.6912105679512024,0.974609375,519.4761142619118,5495.3489215968,919.9684218178954,266.5718109357913,1632.4658468120324,5,0.0,0.0,0.0,0.0,1.0,0.0,0.0,2.8,2.2,0.2,0.0,1.0,600.0,-16.128000324219464
2169,4442112,0.00018669245764613152,0.056022819690406324,6.680152209599813,0.008670630880321066,0.02587890625,0.1991491047044595,0.08272873610258102,0.2684979736804962,1.0,519.5385671767656,5497.633973604818,920.3514104088463,266.6908664107905,1632.4658468120324,1,0.0,0.0,0.0,0.0,1.0,0.0,0.0,3.0,3.0,0.0,0.0,1.0,600.0,-12.550000187009573
2170,4444160,0.0010964926797896624,0.10094866417348385,6.6763904094696045,0.005567671356645102,0.010188802083333334,0.19095051512122155,0.014950506389141083,0.3670802712440491,1.0,519.6006613330524,5499.953651847762,920.7114537679081,266.80935161179514,1632.4658468120324,5,0.0,0.0,0.0,0.0,1.0,0.0,0.0,3.0,2.6,0.0,0.0,1.0,600.0,-13.130000050924718
2171,4446208,0.0009692162740975619,0.12009077817201615,6.674010260899862,0.011039337979552026,0.025325520833333334,0.2096676915884018,0.14514589309692383,0.3850681185722351,1.0,519.6608517211181,5502.321043870703,921.0734213648757,266.9166881817946,1632.4658468120324,3,0.0,0.0,0.0,0.0,1.0,0.0,0.0,3.0,2.3333333333333335,0.0,0.0,1.0,600.0,-16.87222229130566
2172,4448256,-0.0006401142726341883,0.16431214213371276,6.666913684209188,0.011522683687508107,0.04300130208333333,0.21794697344303132,-0.10747997462749481,0.44237929582595825,1.0,519.7210588757584,5504.644988600747,921.4549184509524,267.02986819279613,1632.4658468120324,5,0.0,0.0,0.0,0.0,1.0,0.0,0.0,3.0,3.0,0.0,0.0,1.0,600.0,-14.28866679891944
2173,4450304,0.002950251129611085,1.428247594833374,6.67222736676534,0.04131729454966262,0.020385619171429427,0.22855456670125326,-0.18228204548358917,1.2458641529083252,0.9358723958333334,519.7826547427496,5506.995674279708,921.8132669479382,267.1380999467947,1632.4658468120324,2,0.0,0.0,0.0,0.0,1.0,0.0,0.0,3.0,2.0,0.0,0.0,1.0,600.0,-17.709166734479368
2174,4452352,0.0008506664152567585,0.7200726866722107,6.6761869589487715,0.009240656576002948,0.02091173392254859,0.23058738559484482,-0.18957091867923737,0.7885915040969849,0.9142252604166666,519.8547000295334,5509.179218211742,922.1573576229639,267.25218382179446,1632.4658468120324,3,0.0,0.0,0.0,0.0,1.0,0.0,0.0,3.0,3.0,0.0,0.0,1.0,600.0,-16.28888899864008
2175,4454400,0.0012808599780934553,0.14219973385334014,6.672873020172119,0.017583002507065734,0.04322909394589563,0.27098455280065536,-0.09310021996498108,0.3970058858394623,0.9443359375,519.9365601792922,5511.1442410287855,922.5406265469283,267.3702079637951,1632.4658468120324,5,0.0,0.0,0.0,0.0,1.0,0.0,0.0,2.6,2.6,0.0,0.4,1.0,600.0,-25.896333815902473
2176,4456448,-0.002142170555695581,1.6087220191955567,6.670850404103597,0.052450810683270295,0.08482836094141627,0.16479902590314546,-0.13773219287395477,1.3674601316452026,0.8818359375,520.0215909120367,5512.972984450811,923.0202020339493,267.4822457957998,1632.4658468120324,1,0.0,0.0,0.0,0.0,1.0,0.0,0.0,3.0,1.0,0.0,0.0,1.0,600.0,-14.901666704565287
2177,4458496,-0.0012680372104417377,0.6415755927562714,6.6725823720296225,0.004115212540879535,0.008086886319021384,0.19275062729914982,-0.031179573386907578,0.7816780209541321,0.94140625,520.1024792316025,5514.997334898828,923.3772003158374,267.5930058107988,1632.4658468120324,5,0.0,0.0,0.0,0.0,1.0,0.0,0.0,2.4,2.0,0.0,0.6,1.0,600.0,-22.384333725087345
2178,4460544,0.0033636463068736095,0.14760891050100328,6.671668895085653,0.013554392041017611,0.031531116490562755,0.2197305291891098,0.21623769402503967,0.3951531648635864,0.9583333333333334,520.1712417464971,5517.233896497775,923.7291968557693,267.6986184838024,1632.4658468120324,3,0.0,0.0,0.0,0.0,1.0,0.0,0.0,3.0,1.6666666666666667,0.0,0.0,1.0,600.0,-7.644444512824218
2179,4462592,-0.0026877151103690267,0.19513044357299805,6.669098027547201,0.04205860068129065,0.029607949087706704,0.20153754154841105,0.032871149480342865,0.4351506531238556,0.96435546875,520.2358093553606,5519.450473083758,924.1389488987843,267.81859621380863,1632.4658468120324,5,0.0,0.0,0.0,0.0,1.0,0.0,0.0,2.8,2.4,0.0,0.2,1.0,600.0,-19.321666761580854
2180,4464640,-0.001144434061522285,0.33081949651241305,6.669447183609009,0.0067177937754119435,0.02263130327143396,0.17673926974336307,0.05762605369091034,0.6221811175346375,0.9609375,520.3030527475706,5521.6437711716935,924.5422430648323,267.92569002080563,1632.4658468120324,2,0.0,0.0,0.0,0.0,1.0,0.0,0.0,3.0,2.0,0.0,0.0,1.0,600.0,-9.869166606571525
2181,4466688,-0.0019238754408434033,0.9716922581195832,6.668754688898722,0.04072165106481407,0.03982499939156696,0.22274449989199638,-0.14715026319026947,0.970443606376648,0.9147135416666666,520.3926455532644,5523.524108496655,924.9055933788768,268.0362810068036,1632.4658468120324,3,0.0,0.0,0.0,0.0,1.0,0.0,0.0,3.0,2.3333333333333335,0.0,0.0,1.0,600.0,-13.883889073195556
2182,4468736,0.008181537311368932,0.09777374938130379,6.670016558965047,0.021263518457999453,0.058272808246935405,0.27813092718521754,0.18363744020462036,0.27626824378967285,0.9796549479166666,520.4666144725207,5525.67779591764,925.2481153828267,268.1468920168045,1632.4658468120324,5,0.0,0.0,0.0,0.0,1.0,0.0,0.0,2.4,2.0,0.4,0.2,1.0,600.0,-19.92766698356718
2183,4470784,-0.0007398823276162147,0.07182265147566795,6.667155234018962,0.007748313380094866,0.03583984375,0.21022564272085825,0.15937966108322144,0.2693321108818054,1.0,520.5304068266549,5527.930257747663,925.650831244835,268.2582854528009,1632.4658468120324,1,0.0,0.0,0.0,0.0,1.0,0.0,0.0,3.0,1.0,0.0,0.0,1.0,600.0,-11.580000014975667
2184,4472832,0.0032622244143567514,0.6804607093334198,6.66640682220459,0.037500267958967014,0.0784281207054543,0.2300357475876808,-0.0614292249083519,0.8582663536071777,0.9840494791666666,520.6007827729812,5530.106124802645,926.0149482957786,268.3750600998028,1632.4658468120324,5,0.0,0.0,0.0,0.0,1.0,0.0,0.2,2.8,2.2,0.0,0.0,1.0,600.0,-9.88849998069927
2185,4474880,-0.0009075198759092018,1.790468418598175,6.666758950551351,0.006687009967087458,0.018836147516655424,0.22736134007573128,-0.09528563916683197,1.4094468355178833,0.921875,520.6795498747123,5532.187240275649,926.3557864797694,268.48295947180304,1632.4658468120324,3,0.0,0.0,0.0,0.0,1.0,0.0,0.0,2.3333333333333335,1.0,0.6666666666666666,0.0,1.0,600.0,-10.933333356554309
2186,4476928,-0.0008062480017542839,0.6025466322898865,6.667576313018799,0.004697349091293291,0.01363910703221336,0.19745297779639562,0.2127191573381424,0.7548216581344604,0.9054361979166666,520.7466792350531,5534.423738950536,926.7111222157837,268.60173587979807,1632.4658468120324,5,0.0,0.0,0.0,0.0,1.0,0.0,0.0,2.4,2.2,0.2,0.4,1.0,600.0,-17.200000274926424
2187,4478976,-0.0020150039868894964,0.5466612100601196,6.669712829589844,0.015788627055007963,0.028334374787906805,0.2077557176351547,-0.12508909404277802,0.7572699785232544,0.9783528645833334,520.8124068527505,5536.651785133559,927.1055428147229,268.71597653779463,1632.4658468120324,2,0.0,0.0,0.0,0.0,1.0,0.0,0.0,3.0,3.0,0.0,0.0,1.0,600.0,-6.162500092294067
2188,4481024,-0.001558600777449707,1.0955480813980103,6.669498554865519,0.007629399920309273,0.024105586278407524,0.23465960572163264,-0.09630082547664642,1.0323349237442017,0.7766927083333334,520.9010899351272,5538.4108066425615,927.594303525766,268.8268617697904,1632.4658468120324,2,0.0,0.0,0.0,0.0,1.0,0.0,0.0,2.0,2.0,1.0,0.0,1.0,600.0,-21.20416696043685
2189,4483072,-0.0011045118211768568,2.9365636110305786,6.669166866938273,0.031734540354227646,0.006836298306006938,0.21811338514089584,-0.2896192967891693,1.7843512296676636,0.8665364583333334,520.9926170757152,5540.2095221825875,928.0005439217712,268.93076348178874,1632.4658468120324,6,0.0,0.0,0.0,0.0,1.0,0.0,0.0,1.6666666666666667,2.0,1.3333333333333333,0.0,1.0,600.0,-33.75944495092457
2190,4485120,-0.0005359500659930442,1.1438995778560639,6.674321079254151,0.008892688235740328,0.030477897690919537,0.21128612359364826,0.22061040997505188,1.2177884578704834,0.8543294270833334,521.0835130442777,5542.006171596586,928.4171451087677,269.04526583278493,1632.4658468120324,1,0.0,0.0,0.0,0.0,1.0,0.0,0.0,2.0,1.0,1.0,0.0,1.0,600.0,-10.0
2191,4487168,-0.0011206204692522685,2.9611849069595335,6.679851722717285,0.008079034383990802,0.02236566705396399,0.19726609860857328,-0.1939649134874344,1.8321771621704102,0.873046875,521.161679627596,5544.041221100582,928.7926905957938,269.16491301978385,1632.4658468120324,5,0.0,0.0,0.0,0.2,0.8,0.0,0.0,2.0,1.4,0.6,0.4,0.8,598.0,-15.21000014282763
2192,4489216,-0.004987658708705567,0.8652132391929627,6.687064361572266,0.016352576446176197,0.058685676536212365,0.2518120790521304,-0.08814091980457306,0.978521466255188,0.751953125,521.2391546339006,5546.103893241627,929.1640057837285,269.2742548947863,1632.4658468120324,3,0.0,0.0,0.0,0.0,1.0,0.0,0.0,2.0,2.3333333333333335,1.0,0.0,1.0,600.0,-26.991111466971535
2193,4491264,-0.0017144390808728834,1.762775182723999,6.691375303268432,0.006968398100192038,0.022828992262172203,0.23504648556311925,-0.0472991056740284,1.325998067855835,0.7687174479166666,521.3080384009419,5548.251536316675,929.560852504721,269.3900542177871,1632.4658468120324,6,0.0,0.0,0.16666666666666666,0.16666666666666666,0.6666666666666666,0.0,0.0,1.3333333333333333,2.1666666666666665,0.8333333333333334,0.8333333333333334,0.6666666666666666,505.0,-24.508055809730042
2194,4493312,0.006205661718073922,1.2501618266105652,6.694891929626465,0.008347489483033618,0.05199200386802356,0.2884104753533999,-0.04246724769473076,1.182408332824707,0.9070638020833334,521.3725773006105,5550.452252928742,929.9862286017378,269.5008485347862,1632.4658468120324,2,0.0,0.0,0.0,0.0,1.0,0.0,0.0,2.0,3.0,1.0,0.0,1.0,600.0,-37.6491676857695
2195,4495360,0.0011697366212805112,1.1050544142723084,6.696673027674357,0.028581246799634148,0.027258663166624803,0.2375679835677147,-0.15905892848968506,1.1752679347991943,0.7888997395833334,521.4567721930221,5552.382176580693,930.3743042487695,269.6172746897864,1632.4658468120324,2,0.0,0.0,0.0,0.0,1.0,0.0,0.0,2.0,2.0,1.0,0.0,1.0,600.0,-15.02500019967556
2196,4497408,-0.0022436622821260244,0.5432005077600479,6.697525946299235,0.005717542208731175,0.02997137070633471,0.20027519712845485,0.012288892641663551,0.7207626104354858,0.9576822916666666,521.5282947115667,5554.396389262649,930.8629312928024,269.7358510767881,1632.4658468120324,5,0.0,0.0,0.0,0.0,1.0,0.0,0.0,2.2,2.8,0.6,0.2,1.0,600.0,-29.48766709994525
2197,4499456,0.002697607312196245,0.5176069110631942,6.693330542246501,0.01089600980146012,0.027297176925155025,0.2133791257937749,0.3670436441898346,0.7371085286140442,0.9514973958333334,521.6121087584058,5556.326883894719,931.2498066957414,269.85119777279033,1632.4658468120324,2,0.0,0.0,0.0,0.0,1.0,0.0,0.0,3.0,2.0,0.0,0.0,1.0,600.0,-18.101666900794953
2198,4501504,-0.0019417235317329565,0.9389187872409821,6.68812910715739,0.024792321312512893,0.017904505735108007,0.20711444169282914,0.03927576541900635,1.029978632926941,0.9130859375,521.6869989681311,5558.40068040575,931.6286566077906,269.97084482578794,1632.4658468120324,60,0.0,0.0,0.0,0.0,1.0,0.0,1.1833333333333333,0.0,2.8333333333333335,1.8166666666666667,nan,0.0,259.23333333333335,nan
2199,4503552,-0.00125003395951353,0.16714802458882333,6.690920495986939,0.007044013950871886,0.02056648541862766,0.21962215999762216,-0.02598634548485279,0.43361514806747437,0.94921875,520.5487395788865,5560.788176526803,932.0709342918271,270.09086491778726,1652.1826787120299,3,0.0,0.0,0.0,0.0,1.0,0.0,0.0,3.0,2.3333333333333335,0.0,0.0,1.0,600.0,-19.871111440782744
2200,4505600,-5.78248524107039e-05,0.23228345513343812,6.691908502578736,0.007547731240629218,0.02887380412624528,0.19791955302158992,0.03629334643483162,0.4876137375831604,0.9560546875,520.6012467420933,5563.206337905809,932.474982534819,270.20851410078467,1652.1826787120299,5,0.0,0.0,0.0,0.0,1.0,0.0,0.0,2.6,2.8,0.2,0.2,1.0,600.0,-21.718166905269026
2201,4507648,0.001082478002839101,0.3377017617225647,6.687282530466716,0.00530708620644873,0.013454488851130009,0.2134880691766739,-0.032874684780836105,0.617986798286438,0.9967447916666666,520.665189760606,5565.395295228802,932.914346860809,270.32923385578033,1652.1826787120299,2,0.0,0.0,0.0,0.0,1.0,0.0,0.0,3.0,3.0,0.0,0.0,1.0,600.0,-16.999166808556765
2202,4509696,-0.002266632270766422,0.9077591121196746,6.682764863967895,0.007462863571709022,0.03136183147629102,0.1924034322301547,-0.1850307136774063,0.961821436882019,0.9420572916666666,520.7565737518478,5567.222234242719,933.2813122218649,270.4357970307756,1652.1826787120299,2,0.0,0.0,0.0,0.0,1.0,0.0,0.0,3.0,2.0,0.0,0.0,1.0,600.0,-12.856666839215904
2203,4511744,-0.0021719853063890088,0.5091025024652481,6.682134358088176,0.00623529872779424,0.03270084339504441,0.20950072209040324,-0.02793741226196289,0.7321320176124573,0.935546875,520.8332561175671,5569.1965536927455,933.7259532607859,270.54973745777534,1652.1826787120299,5,0.0,0.0,0.0,0.0,1.0,0.0,0.6,2.4,1.8,0.0,0.0,1.0,600.0,-16.59066679868847
2204,4513792,-0.002467149546525131,0.07228476367890835,6.687883456548055,0.009443985296820756,0.02781121916292856,0.18567618827025095,0.11764009296894073,0.27809709310531616,0.9973958333333334,520.9201331353734,5571.054072350751,934.1297843657594,270.6662605877791,1652.1826787120299,2,0.0,0.0,0.0,0.0,1.0,0.0,0.0,2.5,2.5,0.0,0.5,1.0,600.0,-24.881666901055723
2205,4515840,-0.0016189747916844984,1.0265758454799652,6.693896452585856,0.010145610712546235,0.018896135140676052,0.1886905238032341,-0.046588048338890076,1.0592490434646606,0.94775390625,520.9943666816674,5573.077706098797,934.563906617761,270.7768473767792,1652.1826787120299,5,0.0,0.0,0.0,0.0,1.0,0.0,0.4,2.6,1.4,0.0,0.0,1.0,600.0,-13.975333338789643
2206,4517888,-0.0007985639870942881,0.06559924893081188,6.699439811706543,0.007806731878857439,0.01430148973595351,0.21311171303192775,0.056662335991859436,0.27647536993026733,0.9830729166666666,521.0531737523752,5575.416478848791,934.9487866167765,270.89416824877844,1652.1826787120299,3,0.0,0.0,0.0,0.0,1.0,0.0,0.3333333333333333,2.6666666666666665,2.3333333333333335,0.0,0.0,1.0,600.0,-15.472777885074416
2207,4519936,0.002082882169634104,0.10446419641375541,6.699599154790243,0.012029861676273868,0.026725260416666667,0.19609543457627296,-0.028061430901288986,0.35818415880203247,1.0,521.0831001812043,5578.143207176756,935.3936280107591,271.0186422907791,1652.1826787120299,5,0.0,0.0,0.0,0.0,1.0,0.0,0.0,3.0,2.2,0.0,0.0,1.0,600.0,-9.961333435028791
2208,4521984,-0.0021131792454980314,1.910232412815094,6.691619221369425,0.0896718642480361,0.031037450729248423,0.23525600656867027,-0.2774980068206787,1.4555814266204834,0.9187825520833334,521.1141824124717,5580.841316705773,935.8671885026997,271.13356956878124,1652.1826787120299,2,0.0,0.0,0.0,0.0,1.0,0.0,0.5,2.5,2.0,0.0,0.0,1.0,600.0,-18.475000200793147
2209,4524032,0.0003325398380790527,0.2000773698091507,6.687978092829386,0.006180111438637444,0.03362505671102554,0.20081658711036046,0.19381539523601532,0.4324363172054291,0.9166666666666666,521.1477434353765,5583.479121146716,936.3421586756813,271.2627672757808,1652.1826787120299,2,0.0,0.0,0.0,0.0,1.0,0.0,0.0,3.0,2.0,0.0,0.0,1.0,600.0,-19.661666782107204
2210,4526080,0.003657800333045695,2.0909377217292784,6.680846309661865,0.008465269506753732,0.029752740791688364,0.26676400701204933,-0.3351690471172333,1.5653650760650635,0.8709309895833334,521.1878230781189,5586.04403292069,936.7801432836495,271.38008144777996,1652.1826787120299,5,0.0,0.0,0.0,0.2,0.8,0.0,0.2,2.2,2.6,0.2,0.4,0.8,589.4,-17.233333518356083
2211,4528128,-0.003286251456787189,0.15211188644170762,6.671036036809285,0.007502946851309389,0.033428306283894926,0.23008088568846385,-0.017594536766409874,0.40056899189949036,0.85009765625,521.2195723415332,5588.7077772486955,937.2485260696558,271.52458038578334,1652.1826787120299,2,0.0,0.0,0.0,0.0,1.0,0.0,1.0,2.0,2.0,0.0,0.0,1.0,600.0,-15.612083436921239
2212,4530176,-0.0007913593178576169,0.22457534819841385,6.664716450373332,0.023409086495181933,0.020347315593001743,0.20037169456481935,0.15257982909679413,0.428360253572464,0.9378255208333334,521.2488651179772,5591.4192570176965,937.6976451416413,271.66848514078447,1652.1826787120299,5,0.0,0.0,0.0,0.0,1.0,0.0,0.2,2.4,2.6,0.0,0.4,1.0,600.0,-24.210000447556375
2213,4532224,-0.0022019170069446166,0.3894712656736374,6.665612252553304,0.004214736189290609,0.014119737436218808,0.18272966494162876,0.08371046185493469,0.6386097073554993,0.9959309895833334,521.2620535265766,5594.364152059621,938.1950588885957,271.79970742178557,1652.1826787120299,3,0.0,0.0,0.0,0.0,1.0,0.0,0.3333333333333333,2.6666666666666665,2.3333333333333335,0.0,0.0,1.0,600.0,-14.23666666308418
2214,4534272,0.002441504085436463,0.16656783297657968,6.66663236618042,0.008939912468971063,0.0123046875,0.19262910808126132,0.1412145048379898,0.4156564176082611,1.0,521.2882411543507,5597.203733964692,938.6036055015793,271.9206201537818,1652.1826787120299,3,0.0,0.0,0.0,0.0,1.0,0.0,0.0,3.0,1.6666666666666667,0.0,0.0,1.0,600.0,-7.135555649797122
2215,4536320,-0.0009016928379423916,0.3282001882791519,6.667688814798991,0.0076931890051734324,0.03359501916759958,0.18381197154521942,0.020448604598641396,0.5863654613494873,0.9698893229166666,521.3284746511904,5599.6678082226645,939.1226555405228,272.05444331378385,1652.1826787120299,4,0.0,0.0,0.0,0.0,1.0,0.0,0.25,2.75,3.0,0.0,0.0,1.0,600.0,-16.294375058962032
2216,4538368,-0.0016526852074700098,1.8038917422294616,6.671067126592001,0.015189459389754726,0.02863055079554518,0.18356915116310119,-0.1633373349905014,1.3249950408935547,0.9542643229166666,521.386101797238,5601.874827862608,939.6189281526094,272.18281125278736,1652.1826787120299,3,0.0,0.3333333333333333,0.0,0.3333333333333333,0.6666666666666666,0.0,1.0,2.0,1.6666666666666667,0.0,0.0,0.6666666666666666,575.3333333333334,-18.755555691197515
2217,4540416,-0.0018232840093939254,0.08434559926390647,6.671123186747233,0.026901777354457104,0.014834866075155636,0.19966674347718558,0.13422676920890808,0.2777247428894043,0.9939778645833334,521.4203506832396,5604.453900359629,940.1079238506209,272.3424754887892,1652.1826787120299,3,0.0,0.0,0.0,0.0,1.0,0.0,0.3333333333333333,2.6666666666666665,1.6666666666666667,0.0,0.0,1.0,600.0,-14.301111292870095
2218,4542464,-0.0016040792708129933,1.773626708984375,6.667296997706095,0.006860763911633209,0.022484490221055847,0.18824905479947726,-0.2483660727739334,1.3394767045974731,0.9269205729166666,521.4536309384422,5607.043012202565,940.6005583036313,272.47576973278774,1652.1826787120299,3,0.0,0.0,0.0,0.0,1.0,0.0,0.3333333333333333,2.6666666666666665,1.0,0.0,0.0,1.0,600.0,-10.365277925506234
2219,4544512,-0.0020987193332985044,0.9327713787555695,6.664598766962687,0.0059436028338192655,0.0317424256587401,0.21532003035147984,-0.08827666193246841,0.9717164635658264,0.8846028645833334,521.4850695634987,5609.734930238541,941.0255140406516,272.60595076278696,1652.1826787120299,5,0.0,0.0,0.0,0.0,1.0,0.0,0.8,2.2,1.8,0.0,0.0,1.0,600.0,-26.411500548757612
2220,4546560,-0.001017058043119808,1.202695643901825,6.663547118504842,0.01588890408553804,0.028053021353359023,0.20521789516011874,-0.06374473124742508,1.0828163623809814,0.9280598958333334,521.508931194125,5612.586659573564,941.4455109766641,272.7284822337897,1652.1826787120299,3,0.0,0.0,0.0,0.0,1.0,0.0,1.0,2.0,3.0,0.0,0.0,1.0,600.0,-24.49611157986025
2221,4548608,-0.0034114232961049615,1.9436620354652405,6.668895626068116,0.0045994383244154355,0.03141854933152596,0.20856440911690394,-0.2865406572818756,1.3561317920684814,0.9052734375,521.5273846466638,5615.508616317522,941.8784499407484,272.85747860179254,1652.1826787120299,3,0.0,0.0,0.0,0.0,1.0,0.0,1.0,2.0,3.0,0.0,0.0,1.0,600.0,-22.167777939078707
2222,4550656,-0.0031138717701348164,0.3596519142389297,6.670094807942708,0.007912645861506463,0.0329302206945916,0.2031142274538676,0.15252180397510529,0.46889016032218933,0.9568684895833334,521.5499742096512,5618.379600299551,942.2968559026776,272.9869980247895,1652.1826787120299,4,0.0,0.25,0.0,0.25,0.75,0.0,1.25,1.75,2.5,0.0,0.0,0.75,584.25,-22.32958348095417
2223,4552704,0.0009090351396783565,2.1762202501297,6.67404842376709,0.007018469335162081,0.04238742381179084,0.2097099483013153,-0.21137061715126038,1.4670274257659912,0.9142252604166666,521.573733731046,5621.257337449577,942.6900916777086,273.117874466785,1652.1826787120299,4,0.0,0.25,0.0,0.25,0.75,0.0,1.25,1.75,3.0,0.0,0.0,0.75,567.0,-22.386458393069915
2224,4554752,-0.00196611678499418,1.5229009985923767,6.679727951685588,0.007346359208410528,0.05401097969540084,0.20098480507731437,-0.08384893089532852,1.1778168678283691,0.90478515625,521.5986525709402,5624.059790189545,943.1395493616801,273.24106916378514,1652.1826787120299,3,0.0,0.3333333333333333,0.0,0.3333333333333333,0.6666666666666666,0.0,1.6666666666666667,1.3333333333333333,3.0,0.0,0.0,0.6666666666666666,579.0,-35.378333448432386
2225,4556800,-0.0014974529777343074,1.0962734937667846,6.684059302012126,0.009232646957389078,0.02158202139350275,0.19429392144083976,0.11701347678899765,1.009384036064148,0.9197591145833334,521.6223155047958,5626.921477595548,943.5564253376506,273.3678896747879,1652.1826787120299,2,0.0,0.0,0.0,0.0,1.0,0.0,0.0,3.0,3.0,0.0,0.0,1.0,600.0,-13.85750020807609
2226,4558848,-0.0023801854229532184,0.4940786749124527,6.687149063746134,0.004890645778505132,0.021326739391467224,0.21002421875794727,0.1829618364572525,0.6460995674133301,0.9109700520833334,521.6581719705704,5629.571615894609,943.9690805837381,273.4958817457882,1652.1826787120299,6,0.0,0.0,0.0,0.0,1.0,0.0,0.8333333333333334,2.1666666666666665,2.6666666666666665,0.0,0.0,1.0,600.0,-21.97750035331895
2227,4560896,0.0004456591561999327,0.2828519344329834,6.685909525553385,0.005193906599500527,0.019000356318429112,0.19824814920624098,0.16047893464565277,0.5260591506958008,0.9988606770833334,521.6755432337,5632.50945698758,944.406574319808,273.61966922378633,1652.1826787120299,2,0.0,0.0,0.0,0.0,1.0,0.0,0.5,2.5,2.0,0.0,0.0,1.0,600.0,-18.36083346651867
2228,4562944,-0.001714126865651148,0.8507361114025116,6.684566354751587,0.0059371673696053525,0.02304164639984568,0.19550129373868305,0.09108168631792068,0.963543713092804,0.93798828125,521.7007355975908,5635.301028799535,944.8482048728401,273.75200755778496,1652.1826787120299,4,0.0,0.0,0.0,0.0,1.0,0.0,0.5,2.5,2.0,0.0,0.0,1.0,600.0,-20.293125234078616
2229,4564992,-0.0011811097773412862,0.35250723659992217,6.6792441209157305,0.022657783059306286,0.0233967029916433,0.2093754842877388,0.098528653383255,0.6071473360061646,0.98388671875,521.7406194754103,5637.853475164491,945.3027735538562,273.8734811727845,1652.1826787120299,3,0.0,0.0,0.0,0.0,1.0,0.0,0.3333333333333333,2.6666666666666665,3.0,0.0,0.0,1.0,600.0,-14.950000120016435
2230,4567040,-0.001957735996014283,1.7613652348518372,6.676538960138957,0.026248288188071456,0.026998613390605896,0.19564775948723157,0.11825862526893616,1.332481861114502,0.9718424479166666,521.7935373257794,5640.221609303437,945.7321077177694,273.99014494178846,1652.1826787120299,4,0.0,0.0,0.0,0.0,1.0,0.0,0.25,2.75,1.5,0.0,0.0,1.0,600.0,-10.76854164490942
2231,4569088,-0.0009812572388909757,0.25588705390691757,6.687602806091308,0.007293241667260493,0.0305964739411138,0.17801286429166793,-0.011246368288993835,0.5197803974151611,0.9567057291666666,521.8225758392551,5642.969973868472,946.1638464557764,274.11178128678876,1652.1826787120299,3,0.0,0.0,0.0,0.0,1.0,0.0,1.3333333333333333,1.6666666666666667,1.6666666666666667,0.0,0.0,1.0,600.0,-25.533333376360435
2232,4571136,-0.0017989058028130482,0.7050506770610809,6.696507978439331,0.009505098201528502,0.02394301798194647,0.2002046766380469,0.08494718372821808,0.8987209796905518,0.9814453125,521.834326640622,5645.944437423437,946.6220226548612,274.2395506017856,1652.1826787120299,2,0.0,0.0,0.0,0.0,1.0,0.0,0.0,3.0,1.0,0.0,0.0,1.0,600.0,-8.260000123176724
2233,4573184,-0.0007831973178933064,0.1325613036751747,6.704833221435547,0.004561817706174528,0.01356699097280701,0.19767097309231757,0.17183250188827515,0.34029996395111084,0.9480794270833334,521.8530832551855,5648.910887564445,947.0163001668989,274.3568062217819,1652.1826787120299,6,0.0,0.0,0.0,0.0,1.0,0.0,0.16666666666666666,2.8333333333333335,3.0,0.0,0.0,1.0,600.0,-13.25194456226503
2234,4575232,0.007726698681653943,0.4368469566106796,6.7064268589019775,0.04174278061448907,0.05136608481019114,0.26464613651235896,0.06760174036026001,0.6854519844055176,0.9423828125,521.8732870854585,5651.818484307441,947.4400862918774,274.47819748078473,1652.1826787120299,2,0.0,0.0,0.0,0.0,1.0,0.0,1.0,2.0,3.0,0.0,0.0,1.0,600.0,-19.267083635320887
2235,4577280,-0.0022876427858136593,0.9194414913654327,6.703754488627116,0.011298087642838557,0.035306912144490825,0.19375359416007995,-0.1857708990573883,0.9855374097824097,0.97705078125,521.8966474954285,5654.701497909351,947.8357249178443,274.6044275907843,1652.1826787120299,4,0.0,0.0,0.0,0.0,1.0,0.0,0.5,2.5,2.0,0.0,0.0,1.0,600.0,-15.381250151665881
2236,4579328,-5.799683858640492e-05,0.8787900447845459,6.703541739781698,0.011047136618678148,0.035201742538871865,0.24596251547336578,-0.24745242297649384,1.0092469453811646,0.8876953125,521.9379299786464,5657.292419998397,948.230991891869,274.7210156477886,1652.1826787120299,3,0.0,0.0,0.0,0.0,1.0,0.0,0.3333333333333333,2.6666666666666665,3.0,0.0,0.0,1.0,600.0,-20.266389038724203
2237,4581376,0.0025419400112393,0.4363300442695618,6.697606992721558,0.009616357526586702,0.013260285152743261,0.22513518606623015,0.049037862569093704,0.7112501859664917,0.8733723958333334,521.9927690006774,5659.631372707336,948.6395374048516,274.84465500678925,1652.1826787120299,3,0.0,0.0,0.0,0.0,1.0,0.0,0.3333333333333333,2.3333333333333335,2.6666666666666665,0.0,0.3333333333333333,1.0,600.0,-22.819444984352838
2238,4583424,-0.0005204387552415331,0.4419312387704849,6.690535068511963,0.0425267003888924,0.04023457831159855,0.22167256275812786,0.11746668070554733,0.6949310898780823,0.900390625,522.0354298678837,5662.138871117371,949.0503507838221,274.99423117479455,1652.1826787120299,4,0.0,0.0,0.0,0.0,1.0,0.0,0.0,2.75,1.25,0.0,0.25,1.0,600.0,-12.551666892599314
2239,4585472,0.00436130227559867,0.6803862988948822,6.684196917215983,0.024000432552808586,0.03650373394290606,0.26017943769693375,-0.043808285146951675,0.839019775390625,0.9163411458333334,522.0788703255541,5664.64913210638,949.4872852738554,275.114971932795,1652.1826787120299,2,0.0,0.0,0.0,0.0,1.0,0.0,1.0,1.5,2.5,0.0,0.5,1.0,600.0,-32.27416691998951
2240,4587520,-0.000280774865920345,1.588334858417511,6.6774080435434975,0.007265759500054022,0.0460230043468376,0.22241774797439576,-0.1874614953994751,1.2779405117034912,0.8899739583333334,522.1230344451535,5667.165514034401,949.8997884668279,275.23410452579265,1652.1826787120299,6,0.0,0.0,0.0,0.0,1.0,0.0,0.8333333333333334,2.0,2.1666666666666665,0.0,0.16666666666666666,1.0,600.0,-20.468889037612826
2241,4589568,-0.0022346484164396923,1.3543965458869933,6.681425921122233,0.015789328006212598,0.05073043416875104,0.20617537026604016,0.06840600073337555,1.1276328563690186,0.9427083333333334,522.169448211199,5669.689845001449,950.2753461077082,275.36211259179254,1652.1826787120299,2,0.0,0.0,0.5,0.0,0.5,0.5,0.5,2.5,1.5,0.0,0.0,0.5,573.5,-8.000000124797225
2242,4591616,0.001323511969530955,1.1480333864688874,6.684444236755371,0.016219598693229878,0.056469216174446044,0.21369479447603226,-0.004831135272979736,1.1122928857803345,0.8787434895833334,522.2305197168128,5671.850445460514,950.7420868216723,275.4820331897936,1652.1826787120299,4,0.0,0.0,0.0,0.0,1.0,0.0,0.75,2.0,2.25,0.0,0.25,1.0,600.0,-19.038750298437662
2243,4593664,-0.0016431168720979865,1.7695677042007447,6.681908241907755,0.011145438579842449,0.03764765594775478,0.19309259230891865,-0.11193002760410309,1.3064595460891724,0.9163411458333334,522.2693591813444,5674.408695829567,951.1801352847542,275.6179858527976,1652.1826787120299,4,0.0,0.25,0.0,0.25,0.75,0.0,1.5,1.5,1.5,0.0,0.0,0.75,558.75,-20.255833323462866
2244,4595712,0.0012790761868624637,0.12468999847769738,6.6797992070515955,0.004511141417363736,0.0073735030212750035,0.20154051035642623,0.12064278870820999,0.3847092390060425,0.9583333333333334,522.3037203293026,5677.030009518639,951.6322065688,275.7544413607975,1652.1826787120299,2,0.0,0.0,0.0,0.0,1.0,0.0,0.0,3.0,2.0,0.0,0.0,1.0,600.0,-7.3375001098029315
2245,4597760,0.006853648593338827,0.22795696258544923,6.6789519627889,0.0600722511318357,0.014463832081916431,0.2538431835671266,0.21760882437229156,0.47390782833099365,0.9791666666666666,522.3465592634828,5679.549713900618,952.0622425468318,275.87238851279835,1652.1826787120299,5,0.0,0.0,0.0,0.0,1.0,0.0,0.0,2.8,2.4,0.0,0.2,1.0,600.0,-12.952500180341303
2246,4599808,-0.0018491226558883984,0.07407643422484397,6.680207554499308,0.0045805899833794685,0.026204427083333332,0.19705525934696197,0.1584593653678894,0.31672266125679016,1.0,522.4092473800787,5681.771977074575,952.4627391129034,276.000431381799,1652.1826787120299,1,0.0,0.0,0.0,0.0,1.0,0.0,0.0,3.0,1.0,0.0,0.0,1.0,600.0,0.0
2247,4601856,-0.0008466930400269727,0.43107969760894777,6.677156575520834,0.020176034517741453,0.027907483039113383,0.18966920003294946,-0.04053109139204025,0.7092483639717102,0.9879557291666666,522.4580939147579,5684.149369434526,952.9028248609393,276.11927527579974,1652.1826787120299,60,0.0,0.0,0.0,0.0,1.0,0.0,0.26666666666666666,0.1,2.7333333333333334,2.6333333333333333,nan,0.1,292.43333333333334,nan
2248,4603904,-0.002584540023720668,0.5999391376972198,6.6768608570098875,0.008956199938741824,0.045993686793372034,0.21142306327819824,-0.08078431338071823,0.7847420573234558,0.9215494791666666,520.7486656440133,5686.636832602562,953.3664935709312,276.2446427988034,1681.8158043440271,2,0.0,0.0,0.0,0.0,1.0,0.0,1.0,2.0,1.0,0.0,0.0,1.0,600.0,-16.587500052526593
2249,4605952,-0.0017052930139470845,0.8659153401851654,6.676388041178385,0.009699382470959488,0.01620770456114163,0.21392739415168763,0.0075450558215379715,1.0053815841674805,0.9296875,520.784350989556,5689.250692367525,953.8161868479292,276.3756219858042,1681.8158043440271,4,0.0,0.0,0.0,0.0,1.0,0.0,0.25,2.25,2.0,0.5,0.0,1.0,600.0,-16.05875014467165
2250,4608000,-0.002422553425033887,0.5497878700494766,6.680924002329508,0.011607387969464374,0.03597988140148421,0.20216649770736694,-0.08165600895881653,0.7794284224510193,0.9485677083333334,520.803144456364,5692.172921620542,954.2320796939093,276.51168381280877,1681.8158043440271,4,0.0,0.0,0.0,0.0,1.0,0.0,0.25,2.5,2.25,0.0,0.25,1.0,600.0,-18.550416937330738
2251,4610048,-0.0014629483261766533,1.801838719844818,6.684451961517334,0.005148272698473496,0.03416544357702757,0.23084235241015752,-0.34377321600914,1.3788927793502808,0.86181640625,520.8369128852639,5694.890210217585,954.6286030889823,276.63501106380863,1681.8158043440271,2,0.0,0.0,0.0,0.0,1.0,0.0,0.0,3.0,2.0,0.0,0.0,1.0,600.0,-8.850000084843487
2252,4612096,-0.0022241677797865123,0.9634787976741791,6.683847904205322,0.007418278938227256,0.019220909868211795,0.1982376923163732,-0.06969648599624634,1.023659110069275,0.8390299479166666,520.8748388986528,5697.524616522627,955.0257699320064,276.7615557198078,1681.8158043440271,5,0.0,0.0,0.0,0.0,1.0,0.0,0.8,1.8,2.4,0.2,0.2,1.0,600.0,-21.97300024665892
2253,4614144,-0.0024428664279791215,0.1525253638625145,6.686012665430705,0.0054585364137892615,0.030512482502187292,0.19925169597069423,0.06157402694225311,0.4175596535205841,0.9466145833333334,520.9010831035591,5700.360274935614,955.428388770044,276.8886446348115,1681.8158043440271,1,0.0,0.0,0.0,0.0,1.0,0.0,0.0,2.0,2.0,0.0,1.0,1.0,600.0,-33.877500934526324
2254,4616192,0.0029933124926174058,1.4417259693145752,6.686731274922689,0.021875557958022304,0.04474440046275655,0.2368536318341891,-0.20658256113529205,1.2574334144592285,0.9288736979166666,520.9176114990313,5703.263932580565,955.8793721090333,277.0187967948077,1681.8158043440271,5,0.0,0.0,0.0,0.0,1.0,0.0,0.0,2.6,2.4,0.2,0.2,1.0,600.0,-18.08433365188539
2255,4618240,0.0019459113750296335,0.12679646015167237,6.685690021514892,0.007503422446704159,0.04211069128553693,0.27459829250971474,0.08121334761381149,0.42334505915641785,0.9166666666666666,520.9410584150111,5706.13116546251,956.3019756079811,277.13987172680936,1681.8158043440271,3,0.0,0.0,0.0,0.0,1.0,0.0,0.0,3.0,2.3333333333333335,0.0,0.0,1.0,600.0,-19.37388896321257
2256,4620288,-0.0015154426296552022,0.4023693412542343,6.6840301036834715,0.0069383874739287425,0.024318704195320607,0.200756207605203,0.2806898057460785,0.6045685410499573,0.9264322916666666,520.9643060735973,5708.958151101469,956.7523765549704,277.2558940408053,1681.8158043440271,4,0.0,0.0,0.0,0.0,1.0,0.0,0.0,2.5,2.5,0.0,0.5,1.0,600.0,-18.56416704528965
2257,4622336,0.010525977859894434,0.17867983430624007,6.686726967493693,0.06969107814754048,0.06774088541666666,0.31573813905318576,0.12983748316764832,0.44430750608444214,1.0,520.9942942791101,5711.67800195446,957.1937033959839,277.3833560917992,1681.8158043440271,4,0.0,0.0,0.0,0.0,1.0,0.0,0.0,3.0,2.0,0.0,0.0,1.0,600.0,-9.36250014277175
2258,4624384,-0.0020552763754191497,0.40961629450321196,6.685009241104126,0.0050805092925050605,0.020695191943862785,0.17631725172201793,0.1742836833000183,0.6484324336051941,0.9861653645833334,521.0229319918176,5714.411819953486,957.6597511159998,277.50498573279765,1681.8158043440271,1,0.0,0.0,0.0,0.0,1.0,0.0,0.0,3.0,1.0,0.0,0.0,1.0,600.0,-17.45333338342607
2259,4626432,-0.0028933768005420762,0.18279292136430741,6.690456930796305,0.005254346398093427,0.021459684435588617,0.20111910353104273,0.11955038458108902,0.45277345180511475,0.9861653645833334,521.0418613001708,5717.2832177264645,958.1211706149916,277.6337129777967,1681.8158043440271,6,0.0,0.0,0.0,0.0,1.0,0.0,0.16666666666666666,2.8333333333333335,2.3333333333333335,0.0,0.0,1.0,600.0,-10.126388999633491
2260,4628480,0.009850350891550381,0.05665604285895824,6.694593191146851,0.029482728372871254,0.013899739583333333,0.2509386897087097,0.16466359794139862,0.24106952548027039,1.0,521.0775623009455,5719.91870280548,958.555592025994,277.7619279247956,1681.8158043440271,1,0.0,0.0,0.0,0.0,1.0,0.0,0.0,3.0,3.0,0.0,0.0,1.0,600.0,-4.050000060349703
2261,4630528,-0.0007251543768992027,0.06606231890618801,6.690214967727661,0.004085099369209881,0.00830078125,0.17609958872199058,0.07450173795223236,0.28509461879730225,1.0,521.1142590108722,5722.578786004502,958.9493530310137,277.88018025979545,1681.8158043440271,5,0.0,0.0,0.0,0.0,1.0,0.0,0.0,3.0,1.8,0.0,0.0,1.0,600.0,-4.646000057272613
2262,4632576,-0.0006753556740780671,0.042033490166068076,6.692084487279256,0.007933060749201104,0.0310546875,0.18958503206570942,0.08139275759458542,0.21095402538776398,1.0,521.1418758094458,5725.325970707454,959.4038472100074,278.0059521827934,1681.8158043440271,3,0.0,0.0,0.0,0.0,1.0,0.0,0.0,3.0,1.6666666666666667,0.0,0.0,1.0,600.0,-6.267777846194804
2263,4634624,0.006503540308525165,0.18080937266349792,6.697837654749552,0.01723211661252814,0.023014322916666666,0.2261125678817431,-0.07640083879232407,0.4751691520214081,1.0,521.1683156921604,5728.163166128492,959.7992240150124,278.1325120447873,1681.8158043440271,3,0.0,0.0,0.0,0.0,1.0,0.0,0.0,3.0,2.3333333333333335,0.0,0.0,1.0,600.0,-10.911111275975903
2264,4636672,-0.0014286102028563618,0.576498293876648,6.699091323216757,0.005070174280748082,0.011645133766190459,0.1843107394874096,-0.08229488879442215,0.8506678938865662,0.998046875,521.214706208303,5730.61435016153,960.2297980159929,278.25560557578865,1681.8158043440271,5,0.0,0.0,0.0,0.0,1.0,0.0,0.2,2.8,2.2,0.0,0.0,1.0,600.0,-11.789333353564142
2265,4638720,0.041842947556870055,0.908086359500885,6.69798305829366,0.029613438777353927,0.04989213425045212,0.8591408237814904,-0.10786683857440948,0.9491339921951294,0.96142578125,521.269536429885,5732.971398717491,960.6310101019408,278.37093029078824,1681.8158043440271,1,0.0,0.0,0.0,0.0,1.0,0.0,0.0,3.0,1.0,0.0,0.0,1.0,600.0,-8.650000128895044
2266,4640768,-0.0022239036374230637,0.500580507516861,6.694697093963623,0.04726566531026037,0.01852713432551051,0.18827104965845745,-0.041816677898168564,0.7294895648956299,0.9490559895833334,521.3034114762704,5735.570864445537,961.0953807848418,278.5184274647836,1681.8158043440271,6,0.0,0.0,0.0,0.0,1.0,0.0,0.6666666666666666,2.3333333333333335,2.0,0.0,0.0,1.0,600.0,-14.224166825879365
2267,4642816,-0.0008753630332648754,0.0725811779499054,6.697853581110636,0.005124021837643037,0.0126953125,0.2078698699673017,-0.002509152051061392,0.3137454092502594,1.0,521.3323851681804,5738.2905061995625,961.5502991277463,278.6497991337819,1681.8158043440271,1,0.0,0.0,0.0,0.0,1.0,0.0,0.0,3.0,1.0,0.0,0.0,1.0,600.0,-4.978333364240825
2268,4644864,0.0035829163156449796,0.16928854137659072,6.699036645889282,0.023516339888252937,0.014876302083333333,0.23603799690802893,0.040111392736434937,0.4464491307735443,1.0,521.3539740251447,5741.1377498765505,962.0107271197194,278.76864860078786,1681.8158043440271,5,0.0,0.0,0.0,0.0,1.0,0.0,0.0,3.0,2.6,0.0,0.0,1.0,600.0,-11.291666836477816
2269,4646912,0.0013573418992261091,0.06307974457740784,6.698495086034139,0.007422310682401682,0.03268229166666667,0.19600738808512688,0.050163980573415756,0.3021673262119293,1.0,521.3771197015782,5743.944712621611,962.4769230077072,278.89251029179286,1681.8158043440271,3,0.0,0.0,0.0,0.0,1.0,0.0,0.0,3.0,1.6666666666666667,0.0,0.0,1.0,600.0,-9.071111189511916
2270,4648960,-0.0010008590916792551,0.1422286942601204,6.698388004302979,0.021835662480831766,0.01318359375,0.20175855507453283,0.0698547512292862,0.436328262090683,1.0,521.403203528685,5746.739406992616,962.8988748796401,279.0224328677941,1681.8158043440271,3,0.0,0.0,0.0,0.0,1.0,0.0,0.0,3.0,1.6666666666666667,0.0,0.0,1.0,600.0,-10.02555570503076
2271,4651008,0.0002445942722260952,0.06524622924625874,6.697617467244466,0.00836672384563523,0.021419270833333334,0.19938444669047992,0.055349938571453094,0.2921312749385834,1.0,521.4366246575753,5749.453793942615,963.2983616455094,279.1480427377901,1681.8158043440271,4,0.0,0.0,0.0,0.0,1.0,0.0,0.0,3.0,2.0,0.0,0.0,1.0,600.0,-9.00583345699124
2272,4653056,-0.002513525782463451,0.0476874552667141,6.699285554885864,0.04336377027987813,0.024186197916666666,0.18739509359002113,0.13024157285690308,0.22558890283107758,1.0,521.4890243533989,5751.752952195573,963.7683969185528,279.27464238679386,1681.8158043440271,1,0.0,0.0,0.0,0.0,1.0,0.0,0.0,3.0,3.0,0.0,0.0,1.0,600.0,-9.80000014603138
2273,4655104,-0.002404371895439302,0.2986127585172653,6.697906398773194,0.029398977151140572,0.05686863468339046,0.18849560245871544,-0.00848922599107027,0.578087329864502,0.98876953125,521.528883736699,5754.335303267595,964.1707801615121,279.3993946877963,1681.8158043440271,7,0.0,0.0,0.0,0.0,1.0,0.0,0.14285714285714285,2.857142857142857,1.8571428571428572,0.0,0.0,1.0,600.0,-8.035952480642923
2274,4657152,0.004426688716436426,0.023137270100414754,6.700558137893677,0.008688382587085168,0.016536458333333334,0.20443837667504947,0.08588539063930511,0.1677049696445465,1.0,521.5679892868601,5756.873108474661,964.6048507205269,279.55596068579325,1681.8158043440271,1,0.0,0.0,0.0,0.0,1.0,0.0,0.0,3.0,1.0,0.0,0.0,1.0,600.0,0.0
2275,4659200,0.003964260391270121,1.3643966972827912,6.69908348719279,0.005065588712265405,0.020166545528142402,0.24937596594293912,-0.06341418623924255,1.2416199445724487,0.90234375,521.6045824696912,5759.450400723697,965.0668814184828,279.67996200479683,1681.8158043440271,5,0.0,0.0,0.0,0.0,1.0,0.0,0.0,2.8,2.2,0.2,0.0,1.0,600.0,-5.447000047564506
2276,4661248,0.0017421661720921596,0.8678759872913361,6.69727578163147,0.015989346532781685,0.02111126259357358,0.2465725637972355,-0.21416424214839935,0.9868143200874329,0.953125,521.6369138763671,5762.123631326685,965.515561886561,279.7996105577913,1681.8158043440271,3,0.0,0.0,0.0,0.0,1.0,0.0,0.0,2.3333333333333335,2.3333333333333335,0.6666666666666666,0.0,1.0,600.0,-13.994444550325474
2277,4663296,-0.0016345179794977108,0.23360228538513184,6.695741287867228,0.00434287827956723,0.015204445517156273,0.20832473784685135,-0.016111532226204872,0.5347996354103088,0.9290364583333334,521.6663201914224,5764.802052300714,965.9889089905992,279.9302355947875,1681.8158043440271,3,0.0,0.0,0.0,0.0,1.0,0.0,0.0,2.6666666666666665,2.3333333333333335,0.3333333333333333,0.0,1.0,600.0,-21.66111148397128
2278,4665344,0.0002606972431143125,0.08900436535477638,6.701751152674357,0.011442135352020462,0.026944357094665368,0.20010241419076918,0.08795194327831268,0.3292887806892395,0.9869791666666666,521.6980839537889,5767.486454774815,966.4280393295339,280.0582652207886,1681.8158043440271,4,0.0,0.0,0.0,0.0,1.0,0.0,0.0,2.75,1.75,0.0,0.25,1.0,600.0,-7.005000054370612
2279,4667392,-0.002394549335197856,0.6471442341804504,6.703342167536418,0.010141325211346459,0.058439270857100684,0.20941478585203488,0.03917133808135986,0.8503762483596802,0.9532877604166666,521.7331641307474,5770.081146729921,966.9021674605901,280.1834176157936,1681.8158043440271,1,0.0,0.0,0.0,0.0,1.0,0.0,0.0,3.0,3.0,0.0,0.0,1.0,600.0,0.0
2280,4669440,-0.003256522493272011,0.9595601081848144,6.711518971125285,0.019521817274896117,0.04650648766740536,0.20326338162024815,-0.11148817092180252,1.0532699823379517,0.8370768229166666,521.7717939389051,5772.663664381907,967.3231923805797,280.3058879967939,1681.8158043440271,7,0.0,0.0,0.0,0.0,1.0,0.0,0.0,2.2857142857142856,2.142857142857143,0.7142857142857143,0.0,1.0,600.0,-12.070357330476067
2281,4671488,-0.0011003654993449647,0.608205646276474,6.719539229075114,0.006862422957055969,0.013162517838645726,0.19909952233235043,-0.09012414515018463,0.8395461440086365,0.9241536458333334,521.8088194960793,5775.209578467904,967.8124195606069,280.4305230647951,1681.8158043440271,1,0.0,0.0,0.0,0.0,1.0,0.0,0.0,1.0,3.0,2.0,0.0,1.0,600.0,-20.0
2282,4673536,-0.001411983727302868,1.119346684217453,6.723037751515706,0.012487111470545643,0.04157132087275386,0.22682436654965082,-0.2942532002925873,1.120082974433899,0.8917643229166666,521.8569238406265,5777.624941838971,968.2396573646038,280.54539344979275,1681.8158043440271,5,0.0,0.0,0.0,0.0,1.0,0.0,0.0,2.4,2.2,0.6,0.0,1.0,600.0,-16.865000306069852
2283,4675584,-0.0008830049696067969,0.7264067769050598,6.7261226336161295,0.009763818536885082,0.015088676354692628,0.2133705402414004,-0.003256353083997965,0.8711820244789124,0.8450520833333334,521.8802277090346,5780.400347055911,968.7215651115257,280.6733404307888,1681.8158043440271,3,0.0,0.0,0.0,0.0,1.0,0.0,0.0,2.3333333333333335,1.6666666666666667,0.6666666666666666,0.0,1.0,600.0,-7.013888894580305
2284,4677632,0.004537972262914991,1.022692757844925,6.724379173914591,0.012901028903434053,0.03475824148238947,0.2594204232096672,0.27802908420562744,1.0821093320846558,0.7449544270833334,521.9232237237677,5782.9160936818735,969.1406327845034,280.7964859037893,1681.8158043440271,3,0.0,0.0,0.0,0.0,1.0,0.0,0.0,1.6666666666666667,2.6666666666666665,1.0,0.3333333333333333,1.0,600.0,-20.133333603541057
2285,4679680,-0.001890271318067486,0.46404253840446474,6.718744579950968,0.02051041987336551,0.01741533409804106,0.19304082145293552,0.04061095416545868,0.7515753507614136,0.9459635416666666,521.9663049908189,5785.446802501843,969.5451451264526,280.9190748787878,1681.8158043440271,4,0.0,0.0,0.0,0.0,1.0,0.0,0.0,2.0,2.25,0.75,0.25,1.0,600.0,-14.50625011138618
2286,4681728,0.03354492739502651,0.158710066229105,6.722934357325236,0.03119082336440139,0.03928490402176976,0.5192323930561542,0.16412775218486786,0.42760568857192993,0.99609375,522.0099817592686,5787.955645602822,969.959090927543,281.0564208917858,1681.8158043440271,1,0.0,0.0,0.0,0.0,1.0,0.0,1.0,2.0,3.0,0.0,0.0,1.0,600.0,-21.800000175833702
2287,4683776,0.0011802188508833447,0.15015747547149658,6.7223405838012695,0.007409584782241533,0.010514322916666667,0.20200125525395077,0.2607029676437378,0.3620254695415497,1.0,522.0470640099545,5790.563530365871,970.3815317925546,281.1763918287834,1681.8158043440271,7,0.0,0.0,0.0,0.0,1.0,0.0,0.0,3.0,1.8571428571428572,0.0,0.0,1.0,600.0,-3.651190518135471
2288,4685824,-0.0012554888458301623,0.27641349136829374,6.723925940195719,0.005993091977628259,0.018831857825474193,0.1922040931880474,-0.07887841016054153,0.5680997371673584,0.9923502604166666,522.0979533709723,5792.923423890868,970.8120636735039,281.31016896678193,1681.8158043440271,1,0.0,0.0,0.0,0.0,1.0,0.0,0.0,2.0,1.0,1.0,0.0,1.0,600.0,-12.400000035762787
2289,4687872,-0.0021220926952082663,0.8428667068481446,6.729664134979248,0.012303075258387253,0.0200126178873082,0.20880847920974097,-0.026377948001027107,0.9903470873832703,0.9661458333333334,522.1347605619451,5795.535066120858,971.237236371504,281.4271348217808,1681.8158043440271,4,0.0,0.0,0.0,0.0,1.0,0.0,0.0,2.75,1.5,0.25,0.0,1.0,600.0,-6.293750054202974
2290,4689920,0.0034815594224104035,0.4215598464012146,6.734153334299723,0.04645290976138009,0.0582956739119254,0.2452371746301651,-0.024613207206130028,0.6978311538696289,0.9807942708333334,522.1563205866452,5798.411691554902,971.6638087525134,281.5469977417815,1681.8158043440271,4,0.0,0.0,0.0,0.0,1.0,0.0,0.0,2.5,2.5,0.5,0.0,1.0,600.0,-9.44875003641937
2291,4691968,0.0004033762884015838,0.20993311926722527,6.733866135279338,0.005267842251729841,0.024682807208349308,0.21037774582703908,-0.07981424033641815,0.52823406457901,0.9650065104166666,522.1825477963937,5801.224103237873,972.0715488965143,281.67198564478167,1681.8158043440271,3,0.0,0.0,0.0,0.0,1.0,0.0,0.0,2.6666666666666665,2.3333333333333335,0.3333333333333333,0.0,1.0,600.0,-17.972222523142893
2292,4694016,0.0024913761177837537,0.6122265070676803,6.731695874532064,0.00677135648438707,0.021752944177327056,0.2324680638809999,-0.10392493009567261,0.8402642011642456,0.96337890625,522.2061129567251,5804.075203469896,972.4892443315912,281.79338534078124,1681.8158043440271,4,0.0,0.0,0.0,0.0,1.0,0.0,0.0,2.75,3.0,0.25,0.0,1.0,600.0,-10.08916677441448
2293,4696064,-0.00143852912588045,0.09501913525164127,6.734347200393676,0.01040423940224476,0.023976184451021253,0.20395832533637684,-0.06783614307641983,0.3612598776817322,0.9583333333333334,522.2309549970261,5806.82586599989,972.9604437596645,281.9382053797817,1681.8158043440271,1,0.0,0.0,0.0,0.0,1.0,0.0,0.0,3.0,3.0,0.0,0.0,1.0,600.0,0.0
2294,4698112,-0.000668472497879217,0.4174437880516052,6.737169043223063,0.026584093959536405,0.02812138330967476,0.18830155183871586,-0.22879540920257568,0.6675107479095459,0.96337890625,522.2573616319032,5809.572231940903,973.4104876846613,282.0567788337794,1681.8158043440271,6,0.0,0.0,0.0,0.0,1.0,0.0,0.0,2.8333333333333335,2.5,0.0,0.16666666666666666,1.0,600.0,-13.212500231340528
2295,4700160,-0.0025733503513038158,0.4586789131164551,6.741627724965413,0.007625917182303965,0.05702850087545812,0.19488765075802802,0.08312993496656418,0.6262636780738831,0.94091796875,522.2883976859623,5812.233979950863,973.8957075046637,282.1680786427751,1681.8158043440271,60,0.0,0.0,0.0,0.0,1.0,0.0,0.25,0.36666666666666664,2.6666666666666665,2.3833333333333333,nan,0.36666666666666664,391.51666666666665,nan
2296,4702208,-0.002594527811743319,0.6955532491207123,6.750334056218465,0.009321317340557774,0.02697244246955961,0.19504874497652053,-0.09966103732585907,0.8509894609451294,0.951171875,520.2293197799075,5815.033675276936,974.3662011786437,282.2890722827724,1717.833243510031,4,0.0,0.0,0.0,0.0,1.0,0.0,0.0,2.25,2.25,0.5,0.25,1.0,600.0,-14.33500017854385
2297,4704256,-0.0015618420477646092,0.4089502483606339,6.757869609196981,0.00910264950459047,0.030406788472707072,0.19704604422052702,0.08559940755367279,0.6621375679969788,0.9521484375,520.2534415242096,5817.856012181954,974.8043408386147,282.4132952347718,1717.833243510031,4,0.0,0.0,0.0,0.0,1.0,0.0,0.0,2.75,2.5,0.25,0.0,1.0,600.0,-11.391666800249368
2298,4706304,0.0017100986156340999,0.2460872560739517,6.759125105539957,0.005626602945327856,0.02014205486436064,0.21778654605150222,0.21713846921920776,0.4615902602672577,0.9597981770833334,520.2800042254908,5820.608675359974,975.2614694856165,282.53892081576487,1717.833243510031,3,0.0,0.0,0.0,0.0,1.0,0.0,0.0,2.6666666666666665,2.0,0.0,0.3333333333333333,1.0,600.0,-6.066666763275862
2299,4708352,0.0014286930362383524,0.19083229675889016,6.753728024164835,0.008753277931828052,0.03551432291666667,0.19931148091952006,0.23589587211608887,0.4936635494232178,1.0,520.2932797690868,5823.596904650025,975.7193549235963,282.66693628776557,1717.833243510031,4,0.0,0.0,0.0,0.0,1.0,0.0,0.0,3.0,3.0,0.0,0.0,1.0,600.0,-4.985000032931566
2300,4710400,-0.0004394713168342908,0.09660925343632698,6.753923177719116,0.004456700211934125,0.012337239583333333,0.20437191252907116,0.12809517979621887,0.32131507992744446,1.0,520.3148839958806,5826.432202065,976.1830492245281,282.78346542876534,1717.833243510031,1,0.0,0.0,0.0,0.0,1.0,0.0,0.0,3.0,3.0,0.0,0.0,1.0,600.0,-4.550000067800283
2301,4712448,0.0001430976049353679,1.8710305452346803,6.754107205073039,0.01296339711152541,0.00294778390477101,0.20062932297587394,-0.22786785662174225,1.4153985977172852,0.9716796875,520.3295440965384,5829.364304602968,976.6441930934743,282.92407822276436,1717.833243510031,6,0.0,0.0,0.0,0.0,1.0,0.0,0.0,2.8333333333333335,3.0,0.16666666666666666,0.0,1.0,600.0,-7.592500087960313
2302,4714496,-0.002859543019440025,0.12851885259151458,6.75075634320577,0.010760558913655889,0.028041529954255868,0.22093908215562502,0.14720144867897034,0.3774699866771698,0.875,520.3698221880368,5831.919746300002,977.0824878195126,283.0385459287645,1717.833243510031,2,0.0,0.0,0.0,0.0,1.0,0.0,0.0,3.0,3.0,0.0,0.0,1.0,600.0,-4.90000007301569
2303,4716544,-0.002555788098834455,0.5472252041101455,6.7415278593699135,0.005506577123499786,0.03587477359687909,0.2108999967575073,-0.1093723401427269,0.7228931188583374,0.9099934895833334,520.4178504623317,5834.403761278001,977.4556802794177,283.1535028277649,1717.833243510031,5,0.0,0.0,0.0,0.2,0.8,0.0,0.0,2.0,2.4,0.4,0.6,0.8,569.8,-20.581333367526533
2304,4718592,-0.0012630236800760032,0.06232008673250675,6.735208861033121,0.006838806082184116,0.0263671875,0.19075404132405918,0.0814252495765686,0.3250111937522888,1.0,520.4730023285983,5836.6694253399255,977.893492105417,283.28280596176774,1717.833243510031,3,0.0,0.0,0.0,0.0,1.0,0.0,0.0,3.0,1.0,0.0,0.0,1.0,600.0,-3.189444474875927
2305,4720640,-0.002957207414632042,0.07980456240475178,6.724467690785726,0.007946418280092378,0.027864583333333335,0.21808312237262725,0.09703978151082993,0.32579246163368225,1.0,520.5076030249754,5839.27257764891,978.3607953574101,283.4079140627655,1717.833243510031,4,0.0,0.0,0.0,0.0,1.0,0.0,0.0,3.0,2.0,0.0,0.0,1.0,600.0,-5.262500078417361
2306,4722688,0.0017440288638075193,0.3231360107660294,6.713234376907349,0.004253164600838014,0.012209403957240284,0.23480720221996307,0.022830430418252945,0.6303005814552307,0.9622395833333334,520.5405694700531,5841.8973945038815,978.8328547473502,283.53811329476594,1717.833243510031,3,0.0,0.0,0.0,0.0,1.0,0.0,0.0,3.0,1.6666666666666667,0.0,0.0,1.0,600.0,-2.2500000335276127
2307,4724736,-0.0001738995274839302,0.07322073243558407,6.7046298344930015,0.005801631717865045,0.008288219369327028,0.19105117569367092,0.02619183622300625,0.3347795903682709,0.9583333333333334,520.5855493463016,5844.376561548866,979.2631053452351,283.6639064517658,1717.833243510031,1,0.0,0.0,0.0,0.0,1.0,0.0,0.0,3.0,3.0,0.0,0.0,1.0,600.0,-8.349999962374568
2308,4726784,-0.0009059366304427386,0.24529647082090378,6.705308278401692,0.004871158071910031,0.010466298344545067,0.18201875314116478,0.07430686801671982,0.5196527242660522,0.9705403645833334,520.6277691230208,5846.867791763827,979.7048485481646,283.7918268697613,1717.833243510031,6,0.0,0.0,0.0,0.0,1.0,0.0,0.0,2.6666666666666665,1.8333333333333333,0.16666666666666666,0.16666666666666666,1.0,600.0,-9.054722311130414
2309,4728832,-0.002764514119674762,0.07297888435423375,6.706121476491292,0.01695318835360619,0.019661458333333333,0.18557525674502054,0.06424432247877121,0.3112418055534363,1.0,520.6582946557883,5849.547343061735,980.1564341131016,283.92204050075816,1717.833243510031,2,0.0,0.0,0.0,0.0,1.0,0.0,0.0,3.0,2.0,0.0,0.0,1.0,600.0,-9.100000125356019
2310,4730880,-0.002457189482326309,0.1730446457862854,6.706838242212931,0.008706010109744967,0.017122395833333335,0.21078101595242818,0.01951480656862259,0.4955398738384247,1.0,520.6911425532371,5852.231530616766,980.5696019280949,284.04347665076057,1717.833243510031,5,0.0,0.0,0.0,0.0,1.0,0.0,0.0,3.0,1.8,0.0,0.0,1.0,600.0,-9.730000128410756
2311,4732928,-0.001471014639052252,1.4079003870487212,6.71266671816508,0.07397426663859126,0.02341992298606783,0.1991527890165647,-0.15026536583900452,1.1923784017562866,0.9619140625,520.7187518085507,5854.916409972808,981.0538457101793,284.17962545275805,1717.833243510031,3,0.0,0.0,0.0,0.0,1.0,0.0,0.0,2.0,2.3333333333333335,1.0,0.0,1.0,600.0,-24.116666733287275
2312,4734976,-0.0012066874750113735,0.8141255557537079,6.717480580012004,0.009717456010791162,0.03165616313926876,0.1865483455359936,0.08080364018678665,0.9232003092765808,0.9873046875,520.7455653038478,5857.627256708787,981.5431661051261,284.3056323617566,1717.833243510031,3,0.0,0.0,0.0,0.0,1.0,0.0,0.0,3.0,2.3333333333333335,0.0,0.0,1.0,600.0,-3.0500000454485416
2313,4737024,-0.001922182142152451,0.13836638778448104,6.724693854649861,0.012541741967046013,0.021334017623060694,0.19259810969233512,0.04345541074872017,0.4138365685939789,0.9549153645833334,520.7680495626881,5860.4585891797615,981.9956549011113,284.42984016675473,1717.833243510031,4,0.0,0.0,0.0,0.0,1.0,0.0,0.25,2.5,2.5,0.25,0.0,1.0,600.0,-12.862083446467295
2314,4739072,-0.0022886779411540677,0.3071701228618622,6.725587399800618,0.0044892736860977795,0.024124009689937036,0.22576150943835577,-0.06689060479402542,0.5854876637458801,0.9837239583333334,520.8038195981874,5863.091605788693,982.426400754186,284.5443159847491,1717.833243510031,1,0.0,0.0,0.0,0.0,1.0,0.0,0.0,3.0,3.0,0.0,0.0,1.0,600.0,-7.350000109523535
2315,4741120,-0.0002854734193533659,0.1140292514115572,6.724565410614014,0.008122744183250081,0.012254237135251363,0.1977251335978508,0.09158892184495926,0.38289445638656616,0.99072265625,520.831729576478,5865.776077832699,982.8839716332004,284.69075308174797,1717.833243510031,6,0.0,0.0,0.0,0.0,1.0,0.0,0.0,2.8333333333333335,2.0,0.16666666666666666,0.0,1.0,600.0,-8.789305788154403
2316,4743168,0.003563304116444973,0.8314167082309722,6.72714007695516,0.021679316882606752,0.050167843823631604,0.24814127733310062,-0.23496147990226746,0.966768205165863,0.9449869791666666,520.8551256140786,5868.572384720661,983.3604124581761,284.8119021647508,1717.833243510031,2,0.0,0.0,0.0,0.0,1.0,0.0,0.0,3.0,2.0,0.0,0.0,1.0,600.0,-9.345000136643648
2317,4745216,-0.003771013500712191,2.640305185317993,6.733785661061605,0.033385422465895924,0.06148257745274653,0.2405291644235452,-0.3986002504825592,1.6738287210464478,0.7980143229166666,520.8807212320728,5871.316659794647,983.8233999001386,284.9380880507524,1717.833243510031,6,0.0,0.0,0.16666666666666666,0.16666666666666666,0.6666666666666666,0.0,0.3333333333333333,1.6666666666666667,2.1666666666666665,0.8333333333333334,0.16666666666666666,0.6666666666666666,503.0,-15.119027842069045
2318,4747264,-0.0005634364283954103,0.21087476164102553,6.749161863327027,0.009491081477608531,0.01647407904189701,0.19249187807242077,0.14192362129688263,0.4429623484611511,0.9168294270833334,520.9160348531708,5873.921743493687,984.2714607721209,285.06697298075596,1717.833243510031,3,0.0,0.0,0.0,0.0,1.0,0.0,0.0,1.6666666666666667,2.3333333333333335,1.3333333333333333,0.0,1.0,600.0,-17.991666851565242
2319,4749312,0.0017165419102335969,0.8465029954910278,6.7550252755483,0.011425913265460016,0.027697625391495725,0.2520872195561727,-0.2833969295024872,0.9365455508232117,0.8776041666666666,520.9683727774465,5876.279686832742,984.6602131032123,285.2034634657539,1717.833243510031,3,0.0,0.0,0.0,0.0,1.0,0.0,0.0,2.0,2.3333333333333335,1.0,0.0,1.0,600.0,-17.256944648300607
2320,4751360,0.003426274253676335,0.5436084419488907,6.752419137954712,0.017845358214496326,0.035620483197271825,0.23822406431039175,-0.16865645349025726,0.7245060801506042,0.8771158854166666,520.9965446660143,5879.070759721733,985.0567278011949,285.3265260767512,1717.833243510031,4,0.0,0.0,0.0,0.0,1.0,0.0,0.25,2.25,2.0,0.5,0.0,1.0,600.0,-20.29375039646402
2321,4753408,-0.0005072726247211298,0.2959920451045036,6.754162454605103,0.006716325740126194,0.023643323744181544,0.20142749374111493,0.07805214822292328,0.5814725160598755,0.9484049479166666,521.0138390557515,5882.049330477654,985.4641723221721,285.455257934751,1717.833243510031,1,0.0,0.0,0.0,0.0,1.0,0.0,0.0,3.0,1.0,0.0,0.0,1.0,600.0,0.0
2322,4755456,0.004435539222322404,0.6596036076545715,6.7588764190673825,0.03717717453837395,0.03529453012937059,0.23676756620407105,0.11604428291320801,0.8292215466499329,0.9332682291666666,521.0328563726041,5884.898626084672,985.9387110960597,285.58349872175313,1717.833243510031,6,0.0,0.0,0.0,0.0,1.0,0.0,0.0,2.5,2.8333333333333335,0.3333333333333333,0.16666666666666666,1.0,600.0,-11.208055797809115
2323,4757504,-0.0013059656601399183,0.036725730448961255,6.757761796315511,0.004831713001476601,0.024195283527175586,0.20672431886196135,0.15289881825447083,0.190933495759964,0.9583333333333334,521.0474727181536,5887.870286236612,986.3750391489302,285.7085933497583,1717.833243510031,2,0.0,0.0,0.0,0.0,1.0,0.0,0.0,3.0,2.0,0.0,0.0,1.0,600.0,-1.9750000294297934
2324,4759552,-0.0019883782292405765,0.9727957367897033,6.75635887781779,0.018338274315465242,0.020468508079648017,0.20181736598412195,-0.29601141810417175,1.053909182548523,0.8902994791666666,521.064981012898,5890.836036761604,986.7857147649775,285.8268076977547,1717.833243510031,5,0.0,0.0,0.0,0.0,1.0,0.0,0.0,2.2,2.8,0.6,0.2,1.0,600.0,-15.751833472028375
2325,4761600,-0.0013101786064604918,1.4397629022598266,6.760023848215739,0.005467866838444024,0.022793502329538265,0.201176389058431,-0.044467803090810776,1.2997660636901855,0.88671875,521.0848304757404,5893.744420224575,987.2145439920132,285.9465444217567,1717.833243510031,3,0.0,0.0,0.0,0.0,1.0,0.0,0.0,3.0,3.0,0.0,0.0,1.0,600.0,-4.983333407590787
2326,4763648,0.0007668601348996163,0.5481187552213669,6.758652718861898,0.008589650739061956,0.02521519051709523,0.21319217085838318,-0.17397786676883698,0.5730088949203491,0.8816731770833334,521.1116338583303,5896.473798003564,987.6283407849915,286.0626892707587,1717.833243510031,3,0.0,0.0,0.0,0.0,1.0,0.0,0.0,2.0,2.6666666666666665,0.0,1.0,1.0,600.0,-32.62805626510332
2327,4765696,0.00438504945486784,0.7041648089885711,6.758755175272624,0.02865104773081839,0.021278811634207764,0.2123090460896492,-0.029779275879263878,0.8693687319755554,0.9622395833333334,521.1399697300425,5899.170956627597,988.0590287580271,286.22563424375403,1717.833243510031,4,0.0,0.0,0.0,0.0,1.0,0.0,0.0,3.0,3.0,0.0,0.0,1.0,600.0,-11.453333460958675
2328,4767744,0.014364863369458665,0.03809617012739182,6.754985332489014,0.03501303414741415,0.04967959856148809,0.3327821547786395,0.1323539763689041,0.21436595916748047,0.9166666666666666,521.1829024114119,5901.685685041666,988.4716547589851,286.35593631975644,1717.833243510031,1,0.0,0.0,0.0,0.0,1.0,0.0,0.0,3.0,3.0,0.0,0.0,1.0,600.0,-7.550000112503767
2329,4769792,-0.0020071879029273988,2.7325467586517336,6.754878918329875,0.005677692656172439,0.04361252288799733,0.23863034894069035,-0.35772427916526794,1.765265703201294,0.8536783854166666,521.218480120731,5904.295956835616,988.8933537769335,286.48126540375233,1717.833243510031,5,0.0,0.0,0.0,0.0,1.0,0.0,0.0,2.2,2.0,0.6,0.2,1.0,600.0,-10.431666705571114
2330,4771840,-0.002022820555915435,0.523437550663948,6.758002233505249,0.006755506579065695,0.022627703573865194,0.2140750139951706,0.19477981328964233,0.8240760564804077,0.8191731770833334,521.2698847861794,5906.631195912625,989.3330868319317,286.6011465347474,1717.833243510031,3,0.0,0.0,0.0,0.0,1.0,0.0,0.0,2.3333333333333335,2.6666666666666665,0.3333333333333333,0.3333333333333333,1.0,600.0,-14.73333353921771
2331,4773888,-0.0006897928852898379,0.998431533575058,6.761827754974365,0.0051125001589146755,0.018724676167281965,0.20005655015508333,-0.005105852149426937,1.0621373653411865,0.8917643229166666,521.3074846337556,5909.248364341664,989.7322680138896,286.7261100687465,1717.833243510031,5,0.0,0.0,0.0,0.2,0.8,0.0,0.2,1.8,2.2,0.2,0.8,0.8,584.8,-18.26500016860664
2332,4775936,-0.000611432936663429,0.47243981063365936,6.761854712168375,0.02647499970626086,0.022657820636716983,0.19910339762767157,0.06195210665464401,0.7742696404457092,0.95703125,521.336951687556,5911.980449886665,990.1454349529522,286.8535951227459,1717.833243510031,3,0.0,0.0,0.0,0.0,1.0,0.0,0.3333333333333333,2.6666666666666665,2.3333333333333335,0.0,0.0,1.0,600.0,-11.493611224461347
2333,4777984,-0.002416602210723795,1.2289245009422303,6.76570987701416,0.018837733652132253,0.03969480030549069,0.1925862600406011,-0.2742902636528015,1.1375168561935425,0.875,521.3824963644637,5914.414743605717,990.5684849179597,286.97896368374495,1717.833243510031,2,0.0,0.0,0.0,0.0,1.0,0.0,1.0,2.0,3.0,0.0,0.0,1.0,600.0,-16.433333369903266
2334,4780032,0.0020897494240974387,0.731985867023468,6.775314124425252,0.02381562673690496,0.044864005083218216,0.24109953468044598,-0.04694490134716034,0.9320109486579895,0.8756510416666666,521.4111503550605,5917.123864214838,991.0375324989218,287.0952292527436,1717.833243510031,5,0.0,0.0,0.0,0.0,1.0,0.0,0.6,2.4,2.2,0.0,0.0,1.0,600.0,-13.876833581458778
2335,4782080,-0.0026450247620232402,0.3234389126300812,6.780639092127482,0.007391538796946406,0.01575313034312179,0.19452437212069829,0.07693670690059662,0.5969144701957703,0.93798828125,521.4382788333256,5919.87685538394,991.4883793710178,287.2138705787438,1717.833243510031,2,0.0,0.0,0.0,0.0,1.0,0.0,0.5,2.0,2.5,0.0,0.5,1.0,600.0,-18.143333419924602
2336,4784128,-0.0017394792016906043,1.1518077313899995,6.783113177617391,0.016058795685724665,0.024719198979437352,0.19666308810313543,-0.08312313258647919,1.1190165281295776,0.95361328125,521.4682547085819,5922.593651642979,991.9180840400368,287.33089618074155,1717.833243510031,4,0.0,0.0,0.0,0.0,1.0,0.0,0.25,2.5,2.25,0.0,0.25,1.0,600.0,-11.293125119060278
2337,4786176,-0.0036202539146567383,1.091336691379547,6.787711064020793,0.009664595557842404,0.03481639199114094,0.20621110647916793,0.0425424799323082,1.1083662509918213,0.91650390625,521.5004845552743,5925.254365558991,992.3662606869912,287.45014180173894,1717.833243510031,3,0.0,0.0,0.0,0.0,1.0,0.0,0.3333333333333333,2.0,2.3333333333333335,0.6666666666666666,0.0,1.0,600.0,-16.431111210336287
2338,4788224,-0.0003571236273273826,0.5730058133602143,6.791680876413981,0.009733289227976153,0.049730899875673154,0.2133142684896787,0.22564060986042023,0.8219323754310608,0.8458658854166666,521.5414099691149,5927.830333952988,992.7553594569763,287.5676871797332,1717.833243510031,4,0.0,0.0,0.0,0.0,1.0,0.0,0.0,2.75,2.75,0.0,0.25,1.0,600.0,-8.844166781171225
2339,4790272,0.002181645680684596,0.2679221495985985,6.782913541793823,0.064166018939189,0.02290136128043135,0.19864885409673055,0.01263471320271492,0.4642820656299591,0.8997395833333334,521.570982518128,5930.599480846926,993.1384328039712,287.698056315734,1717.833243510031,4,0.0,0.0,0.0,0.0,1.0,0.0,0.0,2.25,1.75,0.0,0.75,1.0,600.0,-18.591250363038853
2340,4792320,-0.0012315777828916907,0.5156488567590714,6.775171852111816,0.013121854331499587,0.03507612687535584,0.2068908135096232,0.11008977890014648,0.7606995105743408,0.9786783854166666,521.5938335914118,5933.444191913877,993.5589390550158,287.82561149472895,1717.833243510031,2,0.0,0.0,0.0,0.0,1.0,0.0,0.0,3.0,2.0,0.0,0.0,1.0,600.0,-4.725000070407987
2341,4794368,-0.00027128160145366563,0.7526723086833954,6.772724835077922,0.03988036374406268,0.035851590894162656,0.20816956957181296,0.1680164337158203,0.9727025032043457,0.9295247395833334,521.6181250202061,5936.252424951876,993.9881337670959,287.9472130287322,1717.833243510031,5,0.0,0.0,0.0,0.0,1.0,0.0,0.0,2.6,3.0,0.4,0.0,1.0,600.0,-11.770166804362088
2342,4796416,0.14360704401042312,0.5219506233930588,6.769048245747884,0.03517691698895457,0.03110068719057987,2.3707689344882965,0.1046447902917862,0.8018481731414795,0.8933919270833334,521.6500293741703,5938.914498935963,994.434497008042,288.0683919817311,1717.833243510031,1,0.0,0.0,0.0,0.0,1.0,0.0,0.0,3.0,3.0,0.0,0.0,1.0,600.0,-6.0000000931322575
2343,4798464,0.0007631938128421704,0.21072629243135452,6.765345764160156,0.0074940023856470365,0.017197453467330585,0.21513723383347194,0.260059118270874,0.4339640736579895,0.9402669270833334,521.6767728827447,5941.6903097459435,994.8598704550459,288.1906600177317,1717.833243510031,5,0.0,0.0,0.0,0.0,1.0,0.0,0.0,2.6,2.8,0.2,0.2,1.0,600.0,-9.497666830569505
2344,4800512,-0.00033899183617904784,0.11997529119253159,6.7604105790456135,0.006860184589944159,0.022855772101320327,0.19386457229653994,0.07720756530761719,0.41351160407066345,0.98974609375,521.708438797279,5944.357162257926,995.3099851841762,288.313522738732,1717.833243510031,60,0.0,0.0,0.0,0.0,1.0,0.016666666666666666,0.5,0.95,2.783333333333333,1.5166666666666666,nan,0.7166666666666667,513.05,nan
2345,4802560,-0.001770737213761701,0.9609223425388336,6.7599702676137285,0.11096952720545232,0.01868127609292666,0.19361660107970238,-0.07945309579372406,1.0504008531570435,0.9845377604166666,519.0906649823264,5946.851793872913,995.7625710611901,288.4482402177309,1764.9567346200274,4,0.0,0.0,0.0,0.0,1.0,0.0,0.0,2.5,2.5,0.5,0.0,1.0,600.0,-7.393750035320409
2346,4804608,0.0049100914116327965,0.17076822966337205,6.754405466715495,0.02087106805605193,0.02691927436583986,0.21897218798597654,0.10598962754011154,0.47297585010528564,0.9583333333333334,519.1396141266398,5949.217693037885,996.1951632101554,288.5890342677303,1764.9567346200274,3,0.0,0.0,0.0,0.0,1.0,0.0,0.0,3.0,1.6666666666666667,0.0,0.0,1.0,600.0,-3.064444499090314
2347,4806656,-0.0015733620205234426,0.47709316909313204,6.75013747215271,0.004823600289334233,0.007850360847078264,0.18787221486369768,-0.01951969973742962,0.7097826600074768,0.953125,519.1715474647774,5951.9508076118145,996.5824259491783,288.7203689227317,1764.9567346200274,2,0.0,0.0,0.0,0.0,1.0,0.0,0.0,3.0,1.0,0.0,0.0,1.0,600.0,-3.4191667125560343
2348,4808704,-0.0022447401696505647,0.6582429766654968,6.754513867696127,0.006014075306787466,0.028642349767809112,0.1892073171834151,-0.06846368312835693,0.8697029948234558,0.9895833333333334,519.1951082325088,5954.782923071805,997.0131338401989,288.8468932367323,1764.9567346200274,6,0.0,0.0,0.0,0.0,1.0,0.0,0.0,2.5,2.1666666666666665,0.3333333333333333,0.16666666666666666,1.0,600.0,-13.832500105413297
2349,4810752,-0.0015840797607476512,0.12345431894063949,6.756062523523966,0.0160720534545059,0.02529600771764914,0.2105006848772367,-0.16004008054733276,0.4075835347175598,0.9583333333333334,519.2354321425486,5957.355806378786,997.4276699961993,288.9689525907379,1764.9567346200274,1,0.0,0.0,0.0,0.0,1.0,0.0,0.0,3.0,3.0,0.0,0.0,1.0,600.0,-9.758333452045918
2350,4812800,-0.0009387881417448322,0.7466860234737396,6.753167295455933,0.005476617773335117,0.025022636082333825,0.1911031574010849,-0.0026585001032799482,0.7788535952568054,0.9423828125,519.2630251069604,5960.110681830789,997.8689099952171,289.08591763873847,1764.9567346200274,6,0.0,0.0,0.0,0.16666666666666666,0.8333333333333334,0.0,0.0,2.5,1.8333333333333333,0.3333333333333333,0.16666666666666666,0.8333333333333334,591.5,-16.651111184231315
2351,4814848,-0.0009529869072139263,0.05662413500249386,6.746672217051188,0.008901722896068047,0.019921875,0.19553960313399632,0.05452234670519829,0.2733559310436249,1.0,519.2870543997124,5962.9228040947855,998.3224586221622,289.2073672617407,1764.9567346200274,2,0.0,0.0,0.0,0.0,1.0,0.0,0.0,3.0,3.0,0.0,0.0,1.0,600.0,-3.9291667086072266
2352,4816896,0.00034378801938146354,0.33393609523773193,6.740596946080526,0.00787747918899792,0.02371213909549018,0.18454499344031017,-0.03237231448292732,0.6255570650100708,0.98974609375,519.3066835787556,5965.784022511718,998.7924269461364,289.3256256487366,1764.9567346200274,4,0.0,0.0,0.0,0.0,1.0,0.0,0.0,3.0,2.5,0.0,0.0,1.0,600.0,-7.354166730307043
2353,4818944,-0.00014518861814091604,0.4174868732690811,6.73903423945109,0.012208479821371536,0.014207625711181511,0.18702491770188015,-0.017323598265647888,0.7154647707939148,0.99658203125,519.3229923529875,5968.719010299734,999.2429089051293,289.44759007573884,1764.9567346200274,3,0.0,0.0,0.0,0.0,1.0,0.0,0.0,2.6666666666666665,2.3333333333333335,0.3333333333333333,0.0,1.0,600.0,-11.527777738248309
2354,4820992,1.9690472011764844e-05,0.08109281659126281,6.736520099639892,0.01188740186044015,0.025065104166666668,0.23456707696119944,0.022064512595534325,0.32524624466896057,1.0,519.3454355933679,5971.553166407772,999.6929055900619,289.5667022597336,1764.9567346200274,2,0.0,0.0,0.0,0.0,1.0,0.0,0.0,3.0,3.0,0.0,0.0,1.0,600.0,-14.515000093728304
2355,4823040,-0.0005209411028772593,1.8675349831581116,6.741804838180542,0.009514631373652568,0.02683019929099828,0.19888678789138795,-0.12262465804815292,1.43315589427948,0.9475911458333334,519.373256845296,5974.2402327627715,1000.1557250840197,289.68296917173575,1764.9567346200274,6,0.0,0.0,0.0,0.0,1.0,0.0,0.0,3.0,2.3333333333333335,0.0,0.0,1.0,600.0,-6.965555580643316
2356,4825088,0.00024560468348984915,1.012807273864746,6.743194659550984,0.009208348591346293,0.02099019937838117,0.19412760709722837,-0.23152469098567963,0.805985689163208,0.92919921875,519.4193404665821,5976.707441528793,1000.5614942980392,289.80121859473,1764.9567346200274,2,0.0,0.0,0.0,0.5,0.5,0.0,0.0,0.5,2.0,1.5,1.0,0.5,512.0,-37.8700002564583
2357,4827136,0.003534191893413663,0.1693287894129753,6.736742289861043,0.013033410875747602,0.027473958333333333,0.2081653875609239,-0.0671461895108223,0.4371804893016815,1.0,519.4577065272246,5979.283037334841,1000.97248304807,289.9319169287337,1764.9567346200274,5,0.0,0.0,0.0,0.0,1.0,0.0,0.0,3.0,1.8,0.0,0.0,1.0,600.0,-12.077000139467419
2358,4829184,-0.0029236913527711295,0.6787198424339295,6.732950592041016,0.017143268903600982,0.024888097075745463,0.19922829940915107,-0.1092105507850647,0.8467670679092407,0.9903971354166666,519.4831227429439,5982.139139621839,1001.3603489981033,290.05519959673984,1764.9567346200274,2,0.0,0.0,0.0,0.0,1.0,0.0,0.0,2.5,2.0,0.5,0.0,1.0,600.0,-13.237500012852252
2359,4831232,-0.002134759761005019,0.2944279819726944,6.733697684605916,0.010709289994944507,0.023590788625491164,0.20878068159023921,-0.11012206226587296,0.5987127423286438,0.9583333333333334,519.5001324850315,5985.088383817805,1001.7735312421064,290.1851138677448,1764.9567346200274,3,0.0,0.0,0.0,0.0,1.0,0.0,0.0,3.0,2.3333333333333335,0.0,0.0,1.0,600.0,-13.409444641942779
2360,4833280,0.009409471500354509,0.9884165287017822,6.72830506960551,0.02623960771597922,0.058146079365784926,0.27042742222547533,0.02445882000029087,1.0642231702804565,0.92333984375,519.5198898331287,5987.969213948796,1002.2099128340778,290.3175782267426,1764.9567346200274,4,0.0,0.0,0.0,0.0,1.0,0.0,0.0,3.0,2.5,0.0,0.0,1.0,600.0,-11.913750112755224
2361,4835328,-0.0019356965941066543,1.3063905596733094,6.730333614349365,0.008692366905355206,0.02882387925249835,0.1877662718296051,-0.1573573648929596,1.176496982574463,0.9482421875,519.5475964146393,5990.770961047849,1002.6059133381423,290.44206283074163,1764.9567346200274,3,0.0,0.0,0.0,0.0,1.0,0.0,0.0,2.3333333333333335,2.6666666666666665,0.3333333333333333,0.3333333333333333,1.0,600.0,-17.221111309404176
2362,4837376,0.0003002311723927657,0.11868532598018647,6.7398890654246015,0.038223102572374046,0.029603363992646337,0.2163715161383152,-0.0533297024667263,0.3935230076313019,0.9021809895833334,519.5768952148485,5993.483791757892,1003.0410904891833,290.5701752537425,1764.9567346200274,5,0.0,0.0,0.0,0.0,1.0,0.0,0.2,2.8,2.2,0.0,0.0,1.0,600.0,-13.345666844397783
2363,4839424,0.014603123588797947,0.538097831606865,6.73854694366455,0.02391649890511568,0.018461006763391196,0.3124374635517597,-0.05406351387500763,0.6916952133178711,0.9508463541666666,519.5997674908765,5996.327591690861,1003.4801705171558,290.68918289674184,1764.9567346200274,3,0.0,0.0,0.0,0.3333333333333333,0.6666666666666666,0.0,0.3333333333333333,2.0,2.6666666666666665,0.3333333333333333,0.3333333333333333,0.6666666666666666,535.0,-26.060000240802765
2364,4841472,0.024764795058096447,0.5849673718214035,6.732647895812988,0.0959543135482818,0.01659036911247919,0.5192459200819334,-0.10246112942695618,0.7509913444519043,0.9632161458333334,519.6168007533937,5999.253399488902,1003.9313685281013,290.8059353367353,1764.9567346200274,4,0.0,0.0,0.0,0.0,1.0,0.0,0.5,2.25,2.5,0.25,0.0,1.0,600.0,-19.078958512516692
2365,4843520,-0.0012141222056622307,2.2193604826927187,6.726075029373169,0.18093448094053505,0.03938632352898518,0.2122856058180332,-0.2651841640472412,1.5314719676971436,0.9775390625,519.6300211599039,6002.241957521859,1004.3940823680605,290.9193306307352,1764.9567346200274,3,0.0,0.0,0.0,0.0,1.0,0.0,0.0,3.0,3.0,0.0,0.0,1.0,600.0,-13.695555712096393
2366,4845568,-0.0008414080230674396,0.3573956832289696,6.728052568435669,0.005142648851809402,0.00850349886653324,0.20088108330965043,-0.0951579138636589,0.5238348841667175,0.8883463541666666,519.6731159779946,6004.731641823841,1004.8193284199951,291.03793463373586,1764.9567346200274,2,0.0,0.0,0.0,0.0,1.0,0.0,0.0,2.0,3.0,0.0,1.0,1.0,600.0,-37.08250037394464
2367,4847616,-0.001388206472620368,1.2358232855796814,6.732541672388712,0.005590513002243824,0.023607026242340606,0.21273468857010205,-0.04503465071320534,1.180574893951416,0.91015625,519.7131292696362,6007.300839819873,1005.2070815990155,291.1701279277331,1764.9567346200274,4,0.0,0.0,0.0,0.0,1.0,0.0,0.0,2.75,2.25,0.0,0.25,1.0,600.0,-19.113125342759304
2368,4849664,0.0005563910468481481,0.6137858957052231,6.734607760111491,0.025853806244170604,0.030703960545361043,0.21621601382891337,-0.007047766353935003,0.7905141711235046,0.87451171875,519.7502541799228,6009.9196852278765,1005.5995007590464,291.29956722473435,1764.9567346200274,3,0.0,0.0,0.0,0.0,1.0,0.0,0.0,3.0,2.3333333333333335,0.0,0.0,1.0,600.0,-11.423889047466218
2369,4851712,-0.0010360073453436296,0.23097188174724578,6.738403447469076,0.005668400065042078,0.019894510298036037,0.23643014306823412,0.24935360252857208,0.4575428366661072,0.9148763020833334,519.7764604648639,6012.706284743865,1006.014071167032,291.41707728873735,1764.9567346200274,4,0.0,0.0,0.0,0.0,1.0,0.0,0.0,2.25,2.5,0.25,0.5,1.0,600.0,-25.740208751289174
2370,4853760,-0.0013197934507237126,0.24778977930545806,6.741602436701457,0.0055344473842221,0.014666396969308456,0.18924196263154347,0.1642456352710724,0.5300747752189636,0.9988606770833334,519.7906473063317,6015.717007870822,1006.4273020381443,291.5378785807334,1764.9567346200274,4,0.0,0.0,0.0,0.0,1.0,0.0,0.25,2.75,2.5,0.0,0.0,1.0,600.0,-16.462708603125066
2371,4855808,0.001413186788947011,0.609106856584549,6.7443188985188804,0.012243864421422283,0.02387664352233211,0.18771229734023412,0.14866933226585388,0.8099682927131653,0.9664713541666666,519.7979064926377,6018.860763859811,1006.8374912291547,291.66299674373295,1764.9567346200274,3,0.0,0.0,0.0,0.0,1.0,0.0,0.3333333333333333,2.6666666666666665,3.0,0.0,0.0,1.0,600.0,-16.01777787413448
2372,4857856,0.002309404025436379,0.10920210406184197,6.748370695114136,0.00807940874947235,0.028867393204321464,0.20810081511735917,0.13202859461307526,0.3270626962184906,0.9991861979166666,519.819257533774,6021.77567579881,1007.2279847020327,291.7875331507312,1764.9567346200274,4,0.0,0.0,0.0,0.0,1.0,0.0,0.0,2.75,3.0,0.25,0.0,1.0,600.0,-9.662083386210725
2373,4859904,0.0014540034346282483,0.3110102966427803,6.748154242833455,0.10068439235716747,0.035421122098341584,0.20410442898670833,0.1599937230348587,0.6132540702819824,0.9889322916666666,519.844588711358,6024.616701407802,1007.617359609998,291.91448192673124,1764.9567346200274,2,0.0,0.0,0.0,0.0,1.0,0.0,0.0,3.0,3.0,0.0,0.0,1.0,600.0,-12.158333379309624
2374,4861952,0.0050849169221085806,0.1437741845846176,6.752595297495524,0.00860815064709944,0.022245540873457988,0.22091031074523926,0.1780727207660675,0.391998291015625,0.98486328125,519.8660017187646,6027.520456140795,1008.0074092759751,292.03800126073475,1764.9567346200274,4,0.0,0.0,0.0,0.0,1.0,0.0,0.0,2.75,2.5,0.25,0.0,1.0,600.0,-8.96583341108635
2375,4864000,-0.0016873544722329826,0.27678133696317675,6.754873291651408,0.007019811846354666,0.01899429118881623,0.2052688126762708,0.059133294969797134,0.5614477396011353,0.9923502604166666,519.8866857579667,6030.4387463077,1008.398181311939,292.1665671857336,1764.9567346200274,3,0.0,0.0,0.0,0.0,1.0,0.0,0.0,3.0,2.3333333333333335,0.0,0.0,1.0,600.0,-4.9994445166861015
2376,4866048,0.0001831426445278339,0.6078640758991242,6.758992687861125,0.005414842340784768,0.011696512228809297,0.21345778405666352,0.025707662105560303,0.8869127631187439,0.9547526041666666,519.9098917925598,6033.302821311758,1008.7907848018804,292.28915291173325,1764.9567346200274,4,0.0,0.0,0.0,0.0,1.0,0.0,0.0,2.5,2.0,0.5,0.0,1.0,600.0,-11.333750047255307
2377,4868096,0.0007452869424014353,0.07658502198755741,6.751537307103475,0.011124750790380252,0.03516388582065701,0.2657746600608031,-0.010300074703991413,0.3221806585788727,0.9822591145833334,519.9338948642305,6036.120056225678,1009.2109027208498,292.41192689573654,1764.9567346200274,4,0.0,0.0,0.0,0.0,1.0,0.0,0.0,2.75,3.0,0.25,0.0,1.0,600.0,-10.391666766139679
2378,4870144,0.0037984215654432774,0.0746045932173729,6.739001989364624,0.007609889103332534,0.02236328125,0.23468314210573832,-0.0974283441901207,0.3158670663833618,1.0,519.9633296607665,6038.872387632691,1009.6190244339086,292.5218078927355,1764.9567346200274,3,0.0,0.0,0.0,0.0,1.0,0.0,0.0,3.0,3.0,0.0,0.0,1.0,600.0,-11.191666821017861
2379,4872192,0.002943385757195453,0.37521755397319795,6.737779045104981,0.022294000811719648,0.033977557873974246,0.20078883543610573,-0.15496864914894104,0.6393985152244568,0.9850260416666666,519.9953641863852,6041.511288443588,1010.0219515639037,292.7090272817368,1764.9567346200274,4,0.0,0.0,0.0,0.0,1.0,0.0,0.25,2.75,1.5,0.0,0.0,1.0,600.0,-4.982083374634385
2380,4874240,0.0022040331513077643,0.3240558862686157,6.740149434407552,0.008765805728035047,0.022487657136904697,0.2160748618344466,-0.015288429334759712,0.6006920337677002,0.990234375,520.0280307468241,6044.1972085676025,1010.4214712089379,292.82361953073996,1764.9567346200274,2,0.0,0.0,0.0,0.0,1.0,0.0,0.0,3.0,2.0,0.0,0.0,1.0,600.0,-13.331666870042682
2381,4876288,-0.0021485434961505236,0.9869730293750762,6.741832081476847,0.008012032542319502,0.03200057357704888,0.18949184194207191,-0.2585148513317108,0.9954514503479004,0.9397786458333334,520.0582023144926,6046.933382699688,1010.8202648410006,292.9413186587408,1764.9567346200274,4,0.0,0.0,0.0,0.0,1.0,0.0,0.75,2.25,2.0,0.0,0.0,1.0,600.0,-14.112500054412521
2382,4878336,-0.003341391022937993,0.5022062808275223,6.74642440478007,0.010508296065381728,0.041390214829395214,0.17932931259274482,-0.19564825296401978,0.7146110534667969,0.9300130208333334,520.085120801382,6049.732143609654,1011.2264573689172,293.0631759907337,1764.9567346200274,3,0.0,0.0,0.0,0.0,1.0,0.0,0.0,3.0,2.3333333333333335,0.0,0.0,1.0,600.0,-9.727222303239008
2383,4880384,-0.0008897747068355481,0.5875049710273743,6.7525865236918134,0.011151501777931117,0.008582959541430076,0.20792759011189144,-0.03722789138555527,0.6499526500701904,0.97119140625,520.1127944134478,6052.517998797579,1011.6221077718728,293.1865601397367,1764.9567346200274,4,0.0,0.0,0.0,0.25,0.75,0.0,0.25,2.0,2.75,0.5,0.25,0.75,594.25,-25.428750373073854
2384,4882432,0.0014190353685989976,0.5823317527770996,6.749249521891276,0.008045111314883495,0.025020949930573504,0.2225807252029578,-0.07125363498926163,0.8031244277954102,0.98876953125,520.1396183117191,6055.322871732518,1012.0189798769206,293.31056497773534,1764.9567346200274,4,0.0,0.0,0.0,0.0,1.0,0.0,0.0,2.75,2.5,0.25,0.0,1.0,600.0,-15.684166823979467
2385,4884480,0.00033972042001551017,0.5667878031730652,6.74687819480896,0.00972752288604776,0.019242618962501488,0.2207174852490425,0.02730410546064377,0.8073886036872864,0.9493815104166666,520.1649547119462,6058.131597848478,1012.4360417848366,293.4327735297338,1764.9567346200274,3,0.0,0.0,0.0,0.0,1.0,0.0,0.0,2.6666666666666665,2.3333333333333335,0.3333333333333333,0.0,1.0,600.0,-8.602777752404412
2386,4886528,0.009373369234769295,0.5299497723579407,6.748002513249715,0.05859128918964416,0.04810082686599344,0.32150061676899594,0.09351342171430588,0.6812530755996704,0.9547526041666666,520.2064557952659,6060.693790287602,1012.8198853597787,293.55063401373627,1764.9567346200274,4,0.0,0.0,0.0,0.0,1.0,0.0,0.0,3.0,2.5,0.0,0.0,1.0,600.0,-7.57875008136034
2387,4888576,-0.0015479731489904224,0.5062971264123917,6.746808576583862,0.004664932500842648,0.02048889212698365,0.17485286990801494,-0.2460940182209015,0.6952245235443115,0.9864908854166666,520.244199556196,6063.2655095605805,1013.2502629817682,293.67736154173326,1764.9567346200274,2,0.0,0.0,0.0,0.0,1.0,0.0,0.5,1.5,2.5,0.5,0.5,1.0,600.0,-26.115416918182746
2388,4890624,-0.00013484722633923715,0.4609077900648117,6.748462677001953,0.01215813415668284,0.033693707835239665,0.18594091261426607,0.03193823993206024,0.7276762127876282,0.9847005208333334,520.2681157507119,6066.0775973755735,1013.6847405137232,293.7977036217344,1764.9567346200274,4,0.0,0.0,0.0,0.0,1.0,0.0,0.0,3.0,1.0,0.0,0.0,1.0,600.0,-13.684583464171737
2389,4892672,-0.0004398366834114616,0.12311449199914933,6.748112535476684,0.0039728132852663595,0.02041619139102598,0.19650573084751766,0.2668675482273102,0.30519899725914,0.9583333333333334,520.2861214226418,6068.936683435553,1014.177186488756,293.9182692257309,1764.9567346200274,3,0.0,0.0,0.0,0.0,1.0,0.0,0.0,3.0,2.3333333333333335,0.0,0.0,1.0,600.0,-5.811666749107341
2390,4894720,-0.002241752021169911,0.4530057191848755,6.748231760660807,0.08275053530815057,0.0422859698572817,0.20536246051390966,0.13100241124629974,0.6259406208992004,0.9381510416666666,520.3165661890196,6071.53701592252,1014.6637481077487,294.08066572873213,1764.9567346200274,4,0.0,0.0,0.0,0.0,1.0,0.0,0.0,2.5,2.25,0.25,0.25,1.0,600.0,-8.54833337944001
2391,4896768,-0.0015975864759335916,0.11174327544867993,6.755593919754029,0.019249672477599233,0.027278645833333334,0.2117169074714184,-0.07562956213951111,0.41839978098869324,1.0,520.3449475740708,6074.14483357346,1015.1861604176665,294.23926744473283,1764.9567346200274,4,0.0,0.0,0.0,0.0,1.0,0.0,0.0,3.0,2.0,0.0,0.0,1.0,600.0,-11.298750074347481
2392,4898816,-0.0017162792617455124,0.05535370483994484,6.764832512537638,0.006073683568198855,0.020768229166666666,0.19445954908927282,0.017198380082845688,0.30219608545303345,1.0,520.371025838871,6076.862383959458,1015.6394747766535,294.36892143872683,1764.9567346200274,3,0.0,0.0,0.0,0.0,1.0,0.0,0.0,3.0,1.6666666666666667,0.0,0.0,1.0,600.0,-8.329444450015822
2393,4900864,0.009205982950516046,0.5925800263881683,6.770380481084188,0.038119793112855405,0.06492001176811754,0.28572233617305753,-0.07584836333990097,0.8327597975730896,0.9873046875,520.415472242167,6079.365642226425,1016.0223384366691,294.4861504057262,1764.9567346200274,60,0.0,0.0,0.0,0.0,1.0,0.0,0.4,0.16666666666666666,2.8,2.433333333333333,nan,0.16666666666666666,322.76666666666665,nan
2394,4902912,0.0018685828477221851,0.3174490064382553,6.775548108418783,0.059808813334287454,0.048936035096024476,0.2083140638967355,-0.20561622083187103,0.5892382264137268,0.9933268229166666,519.0599154887349,6081.617928182408,1016.4685830056769,294.59625758972834,1790.557571796031,2,0.0,0.0,0.0,0.0,1.0,0.0,0.5,2.5,3.0,0.0,0.0,1.0,600.0,-13.650000139139593
2395,4904960,-0.0016117670505385224,0.7078245460987092,6.772919766108195,0.018524223639785002,0.026872866057480373,0.20637890497843425,0.06565693765878677,0.8551458120346069,0.9871419270833334,519.1105406879453,6083.942085524417,1016.9249820766345,294.70371782573056,1790.557571796031,4,0.0,0.0,0.0,0.0,1.0,0.0,0.5,2.25,2.0,0.25,0.0,1.0,600.0,-17.19270862499252
2396,4907008,0.0003741100740929445,0.20707212686538695,6.770340776443481,0.009395271258351082,0.01171875,0.19675593574841818,0.09667246788740158,0.47345829010009766,1.0,519.1509426534617,6086.400662589353,1017.4168584725849,294.8271949507325,1790.557571796031,3,0.0,0.0,0.0,0.0,1.0,0.0,0.0,3.0,2.3333333333333335,0.0,0.0,1.0,600.0,-2.4333333652466536
2397,4909056,-0.0009749292861670255,0.15553458482027055,6.768854506810507,0.008906030680130546,0.034407552083333334,0.19579443360368412,0.029303163290023804,0.44455787539482117,1.0,519.1991258031582,6088.7336647112825,1017.8812709845879,294.94934333972924,1790.557571796031,4,0.0,0.0,0.0,0.0,1.0,0.0,0.0,3.0,2.5,0.0,0.0,1.0,600.0,-10.3320834627375
2398,4911104,0.0031049770555303742,0.7311596632003784,6.762859201431274,0.016870661890910316,0.03761717608043303,0.22919895301262538,-0.1540507674217224,0.847882091999054,0.9856770833333334,519.2507121096596,6091.051557019244,1018.3226227156119,295.06576628773473,1790.557571796031,4,0.0,0.0,0.0,0.0,1.0,0.0,0.25,2.5,2.5,0.25,0.0,1.0,600.0,-12.06375005398877
2399,4913152,0.000866880997394522,0.12627859115600587,6.752654266357422,0.038060261801971744,0.02197265625,0.23829046562314032,-0.04433200880885124,0.41044744849205017,1.0,519.308788611285,6093.305644435335,1018.7166599517077,295.1825959337366,1790.557571796031,3,0.0,0.0,0.0,0.0,1.0,0.0,0.0,3.0,1.6666666666666667,0.0,0.0,1.0,600.0,-15.992777920948962
2400,4915200,0.0027950177279611427,0.13165753111243247,6.739841000239054,0.029524505076309045,0.03193359375,0.25777966727813084,-0.036049194633960724,0.42463865876197815,1.0,519.3599468302733,6095.614681290339,1019.1587057307115,295.3075177957435,1790.557571796031,4,0.0,0.0,0.0,0.0,1.0,0.0,0.0,3.0,3.0,0.0,0.0,1.0,600.0,-15.15375011251308
2401,4917248,0.006121258631173987,0.5118550300598145,6.731409136454264,0.013783557404531166,0.03598996634439876,0.22887440224488576,-0.014493810012936592,0.773074209690094,0.9757486979166666,519.4111858908194,6097.919701809282,1019.6229849867086,295.41937088374107,1790.557571796031,2,0.0,0.0,0.0,0.0,1.0,0.0,0.0,3.0,2.0,0.0,0.0,1.0,600.0,-7.625000113621354
2402,4919296,-0.0033488267528203625,0.5343223601579666,6.7347653865814205,0.01124316900386475,0.06690741931088269,0.20081170598665873,0.10464315861463547,0.7865588068962097,0.9246419270833334,519.4653797521379,6100.177949439225,1020.0714655677657,295.52813169373985,1790.557571796031,4,0.0,0.0,0.0,0.0,1.0,0.0,0.0,3.0,3.0,0.0,0.0,1.0,600.0,-7.736250112997368
2403,4921344,0.0023057179370274145,0.1523673988878727,6.740719143549601,0.008682561467685446,0.014940126725317289,0.22488723695278168,0.013657221570611,0.41932302713394165,0.9347330729166666,519.5256785312714,6102.409808300217,1020.4469200077219,295.64921546873666,1790.557571796031,3,0.0,0.0,0.0,0.0,1.0,0.0,0.0,2.6666666666666665,2.0,0.0,0.3333333333333333,1.0,600.0,-13.027222466965517
2404,4923392,-0.0017018348812901725,0.12171508669853211,6.740407021840413,0.006042714845292115,0.0321794941322878,0.2301361821591854,0.056863460689783096,0.37509191036224365,0.9895833333333334,519.5740711324477,6104.756368536233,1020.9041683387477,295.76820664272964,1790.557571796031,4,0.0,0.0,0.0,0.0,1.0,0.0,0.0,2.75,2.25,0.0,0.25,1.0,600.0,-15.139791963854805
2405,4925440,0.0030517492753763995,2.840999484062195,6.7443901062011715,0.00976128235536938,0.039227593286583824,0.2901160841186841,-0.3209575116634369,1.5525538921356201,0.9697265625,519.6255634856795,6107.130925029254,1021.2962825607246,295.8800454657321,1790.557571796031,4,0.0,0.0,0.0,0.5,0.5,0.0,0.0,1.25,3.0,1.75,0.0,0.5,574.0,-27.679166584275663
2406,4927488,-0.0020799332608779273,2.512640953063965,6.7468497117360435,0.005757512529574645,0.029874231992289425,0.2109857420126597,-0.31693777441978455,1.7084136009216309,0.94189453125,519.6814865527818,6109.424936347255,1021.6869658286523,295.9952275537289,1790.557571796031,3,0.0,0.0,0.0,0.0,1.0,0.0,0.0,1.0,3.0,2.0,0.0,1.0,600.0,-31.2780556762591
2407,4929536,-0.004037188240909017,2.264271318912506,6.7466105937957765,0.0159998918796191,0.04086636071248601,0.2138647881646951,-0.5055136680603027,1.5900532007217407,0.9539388020833334,519.7383530584601,6111.6307146062245,1022.1362693326519,296.11185183372436,1790.557571796031,5,0.0,0.0,0.0,0.4,0.6,0.0,0.0,1.2,2.2,1.8,0.0,0.6,592.8,-25.180500091798603
2408,4931584,-0.0007252287973339359,0.3555252641439438,6.7492681503295895,0.01581562521557013,0.053281121871744594,0.20378645410140356,0.0817808136343956,0.650965690612793,0.9560546875,519.8013428484702,6113.826547558281,1022.5150366796152,296.22125573772064,1790.557571796031,1,0.0,0.0,0.0,0.0,1.0,0.0,0.0,1.0,3.0,2.0,0.0,1.0,600.0,-36.92500033089891
2409,4933632,-0.002430133599167069,0.6221544325351716,6.755685091018677,0.014604946201628385,0.013782282282287875,0.19792624960343044,0.11802972853183746,0.8126198053359985,0.9256184895833334,519.865834480281,6115.985555450279,1022.8923652585727,296.32754260772344,1790.557571796031,5,0.0,0.0,0.0,0.2,0.8,0.0,0.0,2.2,1.6,0.6,0.2,0.8,597.8,-10.158333331905306
2410,4935680,-0.00042219082824885846,0.5760930567979813,6.757233667373657,0.011622319921540718,0.01337890625,0.17684358979264894,0.1286293864250183,0.8137951493263245,1.0,519.9248508324127,6118.168989379279,1023.3190317015542,296.45156085472263,1790.557571796031,2,0.0,0.0,0.0,0.0,1.0,0.0,0.0,3.0,3.0,0.0,0.0,1.0,600.0,-10.691666793078184
2411,4937728,-0.002244518344135334,0.6195333302021027,6.754883909225464,0.01158862901259757,0.05640786134172231,0.21574143568674722,0.19471432268619537,0.8257301449775696,0.9921875,519.9849341284486,6120.389550469328,1023.7059503476048,296.56571510672075,1790.557571796031,4,0.0,0.0,0.0,0.0,1.0,0.0,0.0,3.0,2.0,0.0,0.0,1.0,600.0,-3.4125000508502126
2412,4939776,0.00421182264884313,0.7476967334747314,6.753259086608887,0.007530607238489514,0.011530569731257856,0.24010275776187578,0.03743185102939606,0.8984279036521912,0.9065755208333334,520.0620418447841,6122.328694069372,1024.0680363795764,296.6796727607216,1790.557571796031,4,0.0,0.0,0.0,0.0,1.0,0.0,0.0,2.75,1.5,0.25,0.0,1.0,600.0,-5.449374996707775
2413,4941824,0.0021688084118068216,0.6261876046657562,6.7473116238911945,0.01308281296514906,0.05629673987471809,0.2781895657380422,-0.055656224489212036,0.7877288460731506,0.9070638020833334,520.1195554346084,6124.6287970733465,1024.4336107415438,296.79021943872067,1790.557571796031,2,0.0,0.0,0.0,0.5,0.5,0.0,0.0,1.5,2.5,1.0,0.5,0.5,499.5,-15.0
2414,4943872,0.00041504443312684693,0.9844664394855499,6.748477570215861,0.007589925322099589,0.035471209216242035,0.22455294529596964,-0.2946339249610901,1.0267105102539062,0.91748046875,520.1785796876449,6126.8867588893845,1024.802691760582,296.90296318472247,1790.557571796031,5,0.0,0.0,0.0,0.0,1.0,0.0,0.0,2.0,2.4,0.8,0.2,1.0,600.0,-15.200666739791632
2415,4945920,0.0025349577006030205,0.5045655101537705,6.746407238642375,0.007337170061267291,0.06292106126590322,0.30858461956183114,-0.08376713842153549,0.6966803073883057,0.9166666666666666,520.2363296603756,6129.114633905396,1025.2190862865828,297.0135934007267,1790.557571796031,4,0.0,0.0,0.0,0.25,0.75,0.0,0.0,1.5,2.25,1.25,0.25,0.75,553.25,-21.82375011104159
2416,4947968,-0.0008876603872825702,0.12541076317429542,6.74347235361735,0.00637423200532794,0.02373046875,0.1973879133661588,0.15049293637275696,0.3712006211280823,1.0,520.2925093524028,6131.394505633405,1025.6249632255858,297.1209937587264,1790.557571796031,3,0.0,0.0,0.0,0.0,1.0,0.0,0.0,3.0,3.0,0.0,0.0,1.0,600.0,-2.4333333695928254
2417,4950016,-0.0013559956142368415,1.0578931272029877,6.743495686848958,0.010617162675286333,0.027701384294778107,0.21678978328903517,-0.05927964672446251,1.0863069295883179,0.9407552083333334,520.3495164181008,6133.615330398381,1026.0490784575813,297.24155673172936,1790.557571796031,4,0.0,0.0,0.0,0.0,1.0,0.0,0.0,2.75,2.0,0.25,0.0,1.0,600.0,-2.5
2418,4952064,-0.0008305052399615912,0.802095478773117,6.7422632853190105,0.009120004922927668,0.038479456957429645,0.21932541479667028,-0.0668160691857338,0.9550347328186035,0.8435872395833334,520.4104372371899,6135.838515457406,1026.418621060533,297.3582984937311,1790.557571796031,2,0.0,0.0,0.0,0.0,1.0,0.0,0.0,3.0,3.0,0.0,0.0,1.0,600.0,-6.547500097658485
2419,4954112,0.0007752085997102162,0.6199743241071701,6.738311735788981,0.016917426759998005,0.04337188547166685,0.22270017365614572,-0.06061023473739624,0.8275874853134155,0.8924153645833334,520.4709633756274,6138.065755925454,1026.783531635534,297.481323039734,1790.557571796031,4,0.0,0.0,0.0,0.25,0.75,0.0,0.0,1.75,2.5,0.75,0.5,0.75,556.0,-17.345833393745124
2420,4956160,-0.0027788957129814664,1.1316602766513824,6.737189149856567,0.0077455670684382005,0.039534919580910356,0.20588543638586998,-0.15513694286346436,1.085594892501831,0.9095052083333334,520.5453409414409,6139.992533581564,1027.2054462904998,297.5939633117305,1790.557571796031,4,0.0,0.0,0.25,0.0,0.75,0.0,0.0,2.0,2.0,0.5,0.5,0.75,465.0,-13.89041665615514
2421,4958208,-0.0025965087659036118,0.8194888889789581,6.73625275293986,0.010513179877307266,0.0508018014098828,0.2167179211974144,0.08244223892688751,0.8781209588050842,0.85498046875,520.5993298054934,6142.244483800576,1027.6546407784917,297.7185138437344,1790.557571796031,4,0.0,0.0,0.0,0.0,1.0,0.0,0.25,2.0,2.25,0.5,0.25,1.0,600.0,-11.918750068172812
2422,4960256,-0.0005834473840271433,0.4756762653589249,6.740012184778849,0.016684489495431384,0.03550015405441324,0.20772653743624686,0.17030556499958038,0.7410369515419006,0.9401041666666666,520.6188808382414,6145.153159460635,1028.0661584525224,297.8354328847345,1790.557571796031,3,0.0,0.0,0.0,0.0,1.0,0.0,0.0,1.6666666666666667,1.3333333333333333,1.0,0.3333333333333333,1.0,600.0,-13.333333333333334
2423,4962304,-0.0007056349500392874,0.39511293917894363,6.743610175450643,0.007341806722494463,0.025543933163862675,0.18802402243018151,0.12243691831827164,0.6782962679862976,0.9568684895833334,520.6311447094517,6148.124006874605,1028.5280475825057,297.9601340667359,1790.557571796031,5,0.0,0.0,0.2,0.0,0.8,0.0,0.0,2.8,2.4,0.0,0.2,0.8,491.8,-3.099666680581868
2424,4964352,-0.000942416227189824,0.5087582677602768,6.750974082946778,0.010241845603256175,0.03512694905512035,0.21368292570114136,-0.08030322939157486,0.7676019072532654,0.9020182291666666,520.657300329555,6150.928040453618,1028.937631826455,298.0768469587347,1790.557571796031,3,0.0,0.0,0.0,0.0,1.0,0.0,0.0,3.0,3.0,0.0,0.0,1.0,600.0,-7.012222287245095
2425,4966400,0.005766937330675622,0.0750688698142767,6.7477898597717285,0.019443420444925627,0.054618645117928584,0.2527824014425278,0.23531776666641235,0.23939315974712372,0.9576822916666666,520.6932102902579,6153.500652985633,1029.3852617373632,298.20465050773055,1790.557571796031,2,0.0,0.0,0.0,0.0,1.0,0.0,0.0,2.0,2.5,0.5,0.5,1.0,600.0,-10.0
2426,4968448,-0.0006209800058665375,1.5662025094032288,6.736182721455892,0.009586676823285718,0.04809028916060924,0.205581038693587,-0.006593749392777681,1.362788200378418,0.9342447916666666,520.7276496926526,6156.120076886655,1029.8107150523138,298.32323301173165,1790.557571796031,5,0.0,0.0,0.2,0.0,0.8,0.2,0.0,2.8,1.8,0.0,0.2,0.8,595.2,-1.4873333925381302
2427,4970496,0.00433062498147289,0.5532725334167481,6.7293210824330645,0.026810482563450932,0.03125035717772941,0.25050362149874367,0.15104028582572937,0.7327341437339783,0.9098307291666666,520.7527039659856,6158.845205736761,1030.290597947249,298.4499896017296,1790.557571796031,3,0.0,0.0,0.0,0.0,1.0,0.0,0.0,2.6666666666666665,2.3333333333333335,0.3333333333333333,0.0,1.0,600.0,-3.3333333333333335
2428,4972544,0.005901839413369695,0.0734000999480486,6.725822369257609,0.022710546783249203,0.033719364654583237,0.25106517523527144,0.1322414129972458,0.2844373881816864,0.95947265625,520.7669089678932,6161.79085338374,1030.7408066162461,298.58064395972906,1790.557571796031,4,0.0,0.0,0.0,0.0,1.0,0.0,0.0,2.5,2.5,0.0,0.5,1.0,600.0,-6.169375016237609
2429,4974592,-0.0011498145021808645,1.2766111612319946,6.722336594263712,0.020352061152031333,0.01530451107925425,0.19905338138341905,-0.14214032888412476,1.2351166009902954,0.9851888020833334,520.7799752357029,6164.738556064753,1031.2270000772114,298.6950696447311,1790.557571796031,3,0.0,0.0,0.0,0.0,1.0,0.0,0.0,2.3333333333333335,3.0,0.6666666666666666,0.0,1.0,600.0,-9.991666546712318
2430,4976640,-0.0017511826338401685,2.1057610630989076,6.730311791102092,0.017467319976033954,0.05635902781505138,0.21132236197590828,-0.4976694583892822,1.5165109634399414,0.95361328125,520.8034865481428,6167.491903791728,1031.6961552011053,298.82858342973486,1790.557571796031,4,0.0,0.0,0.0,0.5,0.5,0.0,0.0,0.75,3.0,2.25,0.0,0.5,578.0,-31.776041377917863
2431,4978688,-0.004926001500037577,2.7616140365600588,6.737016185124715,0.08553495213855059,0.0648041800983871,0.21814236665765444,-0.40827757120132446,1.8365342617034912,0.8548177083333334,520.8354034240866,6170.1076125226755,1032.146240933056,298.95895589573047,1790.557571796031,4,0.0,0.0,0.0,0.25,0.75,0.0,0.0,1.75,3.0,1.25,0.0,0.75,591.75,-17.48000007448718
2432,4980736,1.6343387354330238e-05,1.0550877153873444,6.742161893844605,0.013094968872610479,0.026995164012381185,0.2392346168557803,-0.18821930885314941,1.1000422239303589,0.8155924479166666,520.8721821196916,6172.713130145683,1032.5413943030508,299.07697282873414,1790.557571796031,3,0.0,0.0,0.0,0.6666666666666666,0.3333333333333333,0.0,0.0,0.6666666666666666,2.6666666666666665,2.0,0.3333333333333333,0.3333333333333333,542.3333333333334,-34.00972229180237
2433,4982784,0.0029721242530892293,0.859828782081604,6.7457430521647135,0.12481437559084346,0.04259925989123682,0.2383962834874789,0.07050064206123352,0.9304584264755249,0.9381510416666666,520.9130977733885,6175.205980674691,1032.958195154999,299.2040044177338,1790.557571796031,4,0.0,0.0,0.0,0.5,0.5,0.0,0.0,1.25,1.75,1.0,0.75,0.5,562.5,-23.26250007841736
2434,4984832,0.003799691498473597,0.08258611857891082,6.744314702351888,0.012296584621071815,0.03137351204641163,0.23568141510089238,0.05105093494057655,0.3031209409236908,0.97021484375,520.9514270357695,6177.774616156719,1033.3599597308857,299.34288216273853,1790.557571796031,2,0.0,0.0,0.0,0.0,1.0,0.0,0.5,1.5,3.0,1.0,0.0,1.0,600.0,-20.550000220537186
2435,4986880,0.005795269017107784,0.4958317935466766,6.74577309290568,0.08056025730911642,0.02480370116730531,0.27521224121252696,0.04795173555612564,0.7072528004646301,0.9881184895833334,520.972890668871,6180.612361181702,1033.7886482218892,299.48021815173706,1790.557571796031,4,0.0,0.0,0.0,0.0,1.0,0.0,0.0,2.75,1.5,0.25,0.0,1.0,600.0,-5.571666695410386
2436,4988928,-0.002465305625810288,1.3916113138198853,6.745358435312907,0.021152557699436633,0.03138251333342244,0.18314257313807805,0.0965040996670723,1.0445479154586792,0.99560546875,520.9973327118996,6183.399558510631,1034.2216818008965,299.6093548107383,1790.557571796031,3,0.0,0.0,0.0,0.0,1.0,0.0,0.0,2.6666666666666665,2.3333333333333335,0.3333333333333333,0.0,1.0,600.0,-6.477499877102673
2437,4990976,-0.002040866892396783,1.1642287790775299,6.744261360168457,0.008212242810986935,0.02244143662198136,0.2083891858657201,-0.11892515420913696,1.0649293661117554,0.98779296875,521.0236676268757,6186.159856030645,1034.6438572339466,299.73447364274034,1790.557571796031,5,0.0,0.0,0.0,0.0,1.0,0.0,0.0,2.4,2.6,0.6,0.0,1.0,600.0,-16.06149998623878
2438,4993024,0.027291395228045683,0.4402510464191437,6.74506581624349,0.0141903950861888,0.01596590633659313,0.6195541029175122,-0.03524722531437874,0.6912503242492676,0.9951171875,521.0421240840711,6189.039197269689,1035.0848745839612,299.86079793774115,1790.557571796031,3,0.0,0.0,0.0,0.0,1.0,0.0,0.0,3.0,2.3333333333333335,0.0,0.0,1.0,600.0,-7.4577778323243065
2439,4995072,0.08063520957754615,1.6134079575538636,6.736320877075196,0.05088586894756494,0.025507740994604924,1.2872121401131154,0.10036884993314743,1.3670095205307007,0.94384765625,521.0705883078674,6191.75877986673,1035.5114897508975,299.9921524047386,1790.557571796031,4,0.0,0.0,0.0,0.25,0.75,0.0,0.0,2.0,3.0,1.0,0.0,0.75,585.5,-13.730000007897615
2440,4997120,0.00122093180155692,0.3022562175989151,6.728606589635214,0.01058706915549313,0.021573039159799617,0.20452965969840686,0.24915803968906403,0.6601718664169312,0.9583333333333334,521.0915804868317,6194.603066359778,1035.9503154919585,300.11843153173686,1790.557571796031,2,0.0,0.0,0.0,0.0,1.0,0.0,0.0,3.0,3.0,0.0,0.0,1.0,600.0,-1.3000000193715096
2441,4999168,-0.00030841956358926834,1.4051860690116882,6.724304342269898,0.022610385382237533,0.049606953999803714,0.2843090226252874,-0.20972396433353424,1.1846486330032349,0.9318033854166666,521.1181785237414,6197.342723638729,1036.3973806549184,300.2346983857351,1790.557571796031,3,0.0,0.0,0.0,0.0,1.0,0.0,0.0,1.6666666666666667,2.6666666666666665,1.0,0.3333333333333333,1.0,600.0,-13.466388886949668
2442,5000000,-0.0021599813674887023,1.8477744817733766,6.723698647816976,0.03715086116765936,0.032664452027529475,0.2404148608446121,-0.43376293778419495,1.4147050380706787,0.9334935897435898,521.1281358201211,6198.412580151758,1036.5795804468871,300.2992537537357,1790.557571796031,60,0.0,0.0,0.0,0.0,1.0,0.0,0.13333333333333333,0.23333333333333334,2.7333333333333334,2.6,nan,0.21666666666666667,338.6333333333333,nan
