update,env_steps,active_side,block_index,red_policy_loss,red_entropy,red_approx_kl,red_clip_fraction,red_grad_norm,red_advantage_mean,red_advantage_std,red_advantage_nonzero_rate,red_value_loss,red_critic_grad_norm,blue_policy_loss,blue_entropy,blue_approx_kl,blue_clip_fraction,blue_grad_norm,blue_advantage_mean,blue_advantage_std,blue_advantage_nonzero_rate,blue_value_loss,blue_critic_grad_norm,opponent_source_side,opponent_generation,opponent_is_latest,opponent_history_size,active_generation_before,active_generation_after,red_mean_episode_return,blue_mean_episode_return,mean_episode_length,red_outcome_win_rate,blue_outcome_win_rate,draw_rate,non_draw_rate,red_kill_rate,blue_kill_rate,combat_decisive_rate,red_boundary_loss_rate,blue_boundary_loss_rate,boundary_rate,altitude_boundary_rate,xy_boundary_rate,collision_rate,mutual_kill_rate,max_steps_rate,scenario_tail_chase_count,scenario_offset_head_on_count,scenario_crossing_count,tail_rear_red_count,tail_rear_blue_count,red_within_4000_rate,red_attack_distance_entry_rate,red_ata_gate_rate,red_aa_gate_rate,red_distance_and_ata_entry_rate,red_distance_and_aa_entry_rate,red_ata_and_aa_entry_rate,red_full_attack_envelope_entry_rate,red_yaw_rate_saturation_rate,red_pitch_rate_saturation_rate,red_acceleration_saturation_rate,red_nx_saturation_rate,red_nz_saturation_rate,red_phi_saturation_rate,red_acceleration_tracking_mae,red_acceleration_tracking_p95,red_pitch_rate_tracking_mae,red_pitch_rate_tracking_p95,red_yaw_rate_tracking_mae,red_yaw_rate_tracking_p95,red_action_yaw_mean,red_action_yaw_std,red_action_pitch_mean,red_action_pitch_std,red_action_speed_mean,red_action_speed_std,blue_within_4000_rate,blue_attack_distance_entry_rate,blue_ata_gate_rate,blue_aa_gate_rate,blue_distance_and_ata_entry_rate,blue_distance_and_aa_entry_rate,blue_ata_and_aa_entry_rate,blue_full_attack_envelope_entry_rate,blue_yaw_rate_saturation_rate,blue_pitch_rate_saturation_rate,blue_acceleration_saturation_rate,blue_nx_saturation_rate,blue_nz_saturation_rate,blue_phi_saturation_rate,blue_acceleration_tracking_mae,blue_acceleration_tracking_p95,blue_pitch_rate_tracking_mae,blue_pitch_rate_tracking_p95,blue_yaw_rate_tracking_mae,blue_yaw_rate_tracking_p95,blue_action_yaw_mean,blue_action_yaw_std,blue_action_pitch_mean,blue_action_pitch_std,blue_action_speed_mean,blue_action_speed_std,eval_red_outcome_win_rate,eval_blue_outcome_win_rate,eval_draw_rate,eval_non_draw_rate,eval_red_kill_rate,eval_blue_kill_rate,eval_combat_decisive_rate,eval_red_boundary_loss_rate,eval_blue_boundary_loss_rate,eval_boundary_rate,eval_altitude_boundary_rate,eval_xy_boundary_rate,eval_collision_rate,eval_mutual_kill_rate,eval_max_steps_rate,eval_mean_episode_length,eval_bilateral_kill_rate,eval_kill_imbalance,eval_red_within_4000_rate,eval_red_attack_distance_entry_rate,eval_red_ata_gate_rate,eval_red_aa_gate_rate,eval_red_distance_and_ata_entry_rate,eval_red_distance_and_aa_entry_rate,eval_red_ata_and_aa_entry_rate,eval_red_full_attack_envelope_entry_rate,eval_red_attack_to_kill_conversion_rate,eval_red_mean_minimum_distance,eval_red_mean_minimum_combined_violation,eval_blue_within_4000_rate,eval_blue_attack_distance_entry_rate,eval_blue_ata_gate_rate,eval_blue_aa_gate_rate,eval_blue_distance_and_ata_entry_rate,eval_blue_distance_and_aa_entry_rate,eval_blue_ata_and_aa_entry_rate,eval_blue_full_attack_envelope_entry_rate,eval_blue_attack_to_kill_conversion_rate,eval_blue_mean_minimum_distance,eval_blue_mean_minimum_combined_violation
1,8192,red,0,-0.002533661131747067,2.758360469341278,0.004127446227357723,0.04443359375,0.15830894373357296,-9.313225746154785e-10,1.0,1.0,1.2449100017547607,0.1813163934275508,nan,nan,nan,nan,nan,nan,nan,nan,nan,nan,blue,0,True,1,0,,-10.0,10.0,73.33333333333333,0.0,1.0,0.0,1.0,0.0,1.0,1.0,0.0,0.0,0.0,0.0,0.0,0.0,0.0,0.0,15,15,14,8,7,1.0,1.0,0.0,0.0,0.0,0.0,0.0,0.0,0.8607177734375,0.54150390625,0.6009521484375,0.3421630859375,0.966064453125,0.0,0.9822584449579652,4.334018626148718,0.09510205289978196,0.18271577963974858,0.15060776209537086,0.20583792813212412,0.12791854111872425,0.46964988865760177,-0.014397576281020008,0.4732557432962728,-0.05700743425157384,0.4837004932785186,1.0,1.0,1.0,1.0,1.0,1.0,1.0,1.0,0.8614501953125,0.5401611328125,0.5927734375,0.3349609375,0.96435546875,0.0,0.9444213741490795,4.370944339111139,0.0935172008382042,0.18395279321624014,0.14906651285541997,0.20650132712109423,0.1297266002962587,0.47136087057626214,-0.012937664224800471,0.47698266716607984,-0.05496335387487861,0.47861891751890623,0.34444444444444444,0.6444444444444445,0.011111111111111112,0.9888888888888889,0.0,0.05555555555555555,0.05555555555555555,0.6,0.35555555555555557,0.9444444444444444,0.9444444444444444,0.0,0.0,0.0,0.0,372.8666666666667,0.0,0.05555555555555555,1.0,0.08888888888888889,0.6666666666666666,0.9444444444444444,0.0,0.03333333333333333,0.3333333333333333,0.0,0.0,1436.2726066771884,0.854801244312791,1.0,0.08888888888888889,1.0,1.0,0.05555555555555555,0.08888888888888889,0.6666666666666666,0.05555555555555555,1.0,1436.2726066771884,0.574251372964405
2,16384,red,0,-0.0016808914951980114,2.7649564862251284,0.0027159080185811036,0.025341796875,0.2053326867520809,-1.30385160446167e-08,1.0,1.0,1.8862491190433501,0.4759824834764004,nan,nan,nan,nan,nan,nan,nan,nan,nan,nan,blue,0,True,1,0,,-5.085135144936676,-3.7110811061653735,283.0,0.4864864864864865,0.5135135135135135,0.0,1.0,0.0,0.16216216216216217,0.16216216216216217,0.35135135135135137,0.4864864864864865,0.8378378378378378,0.8378378378378378,0.0,0.0,0.0,0.0,27,27,27,14,13,1.0,0.5945945945945946,0.5945945945945946,0.7837837837837838,0.0,0.43243243243243246,0.21621621621621623,0.0,0.864013671875,0.518798828125,0.5936279296875,0.3929443359375,0.9658203125,0.0,1.216258300821695,4.439612949997003,0.0911421491685532,0.18182769828191087,0.14633742480531736,0.20519910739906427,0.12676190659633946,0.47240117561778283,-0.008973099080243685,0.47979637859201835,-0.09352655235861462,0.47713748504447406,1.0,0.5945945945945946,0.7567567567567568,0.9459459459459459,0.2702702702702703,0.5945945945945946,0.35135135135135137,0.16216216216216217,0.861572265625,0.5198974609375,0.59130859375,0.370361328125,0.9627685546875,0.0,1.1216590344926134,4.463334633006156,0.09131810161932907,0.18242158176464282,0.14603356184559546,0.20447068016541983,0.1377130269776501,0.4664536020390383,-0.007821317544227213,0.47345687195600056,-0.07942312960690501,0.4733080048701734,0.34444444444444444,0.6444444444444445,0.011111111111111112,0.9888888888888889,0.0,0.05555555555555555,0.05555555555555555,0.6,0.35555555555555557,0.9444444444444444,0.9444444444444444,0.0,0.0,0.0,0.0,372.8666666666667,0.0,0.05555555555555555,1.0,0.08888888888888889,0.6666666666666666,0.9444444444444444,0.0,0.03333333333333333,0.3333333333333333,0.0,0.0,1436.2726066771884,0.854801244312791,1.0,0.08888888888888889,1.0,1.0,0.05555555555555555,0.08888888888888889,0.6666666666666666,0.05555555555555555,1.0,1436.2726066771884,0.574251372964405
3,24576,red,0,-0.0014563057804480195,2.772048735618591,0.0035728965056478048,0.0385986328125,0.2084910489618778,-7.450580596923828e-09,1.0,1.0,1.6259305953979493,0.4341468095779419,nan,nan,nan,nan,nan,nan,nan,nan,nan,nan,blue,0,True,1,0,,-6.199393960901282,-3.0160606194174653,296.1212121212121,0.42424242424242425,0.5454545454545454,0.030303030303030304,0.9696969696969697,0.0,0.15151515151515152,0.15151515151515152,0.42424242424242425,0.45454545454545453,0.8484848484848485,0.8484848484848485,0.0,0.0,0.0,0.0,38,38,38,19,19,1.0,0.696969696969697,0.5454545454545454,0.8181818181818182,0.06060606060606061,0.48484848484848486,0.18181818181818182,0.0,0.86865234375,0.4849853515625,0.5838623046875,0.40771484375,0.9599609375,0.0,1.3061234267019648,4.463865770833962,0.0864865984891397,0.1793547323266074,0.1408309585504564,0.20142360901240305,0.1289248581786211,0.47336350376692937,-0.00496477718199273,0.4763845826470134,-0.1056895545126082,0.4708673110853172,1.0,0.696969696969697,0.7878787878787878,0.9696969696969697,0.24242424242424243,0.696969696969697,0.3333333333333333,0.15151515151515152,0.863525390625,0.46435546875,0.5924072265625,0.3948974609375,0.958984375,0.0,1.3088878432303048,4.570310258832258,0.08423260193217721,0.17888007417313215,0.1393890579035992,0.20226489003081466,0.1373068249235736,0.47133194420830454,-0.017472258141637553,0.47628933100613413,-0.08639339143406488,0.4760151885405132,0.34444444444444444,0.6444444444444445,0.011111111111111112,0.9888888888888889,0.0,0.05555555555555555,0.05555555555555555,0.6,0.35555555555555557,0.9444444444444444,0.9444444444444444,0.0,0.0,0.0,0.0,372.8666666666667,0.0,0.05555555555555555,1.0,0.08888888888888889,0.6666666666666666,0.9444444444444444,0.0,0.03333333333333333,0.3333333333333333,0.0,0.0,1436.2726066771884,0.854801244312791,1.0,0.08888888888888889,1.0,1.0,0.05555555555555555,0.08888888888888889,0.6666666666666666,0.05555555555555555,1.0,1436.2726066771884,0.574251372964405
4,32768,red,0,-0.00010880992049351334,2.778188717365265,0.0014341786285513082,0.003857421875,0.15350707843899727,1.862645149230957e-09,0.9999999403953552,1.0,1.5981255233287812,0.37011822015047074,nan,nan,nan,nan,nan,nan,nan,nan,nan,nan,blue,0,True,1,0,,-7.009500016489377,-0.9370000052576264,264.7,0.3333333333333333,0.6666666666666666,0.0,1.0,0.0,0.23333333333333334,0.23333333333333334,0.43333333333333335,0.3333333333333333,0.7666666666666667,0.7666666666666667,0.0,0.0,0.0,0.0,48,48,48,24,24,1.0,0.7333333333333333,0.4666666666666667,0.7333333333333333,0.06666666666666667,0.5,0.1,0.0,0.8626708984375,0.4617919921875,0.5916748046875,0.3958740234375,0.958984375,0.0,1.325144679051832,4.507339521860567,0.08469481115058704,0.17992933937539224,0.13961587875790277,0.20304414750360048,0.12959194920814454,0.4721457023572519,-0.009394099500035225,0.474176768762834,-0.0699636411436444,0.4765740879281081,1.0,0.7333333333333333,0.8,0.9666666666666667,0.36666666666666664,0.7333333333333333,0.4,0.23333333333333334,0.8580322265625,0.4571533203125,0.60009765625,0.408447265625,0.959228515625,0.0,1.3533477141547883,4.565400858403114,0.08346792709516528,0.17850352859764587,0.13792613381655947,0.20194847661057816,0.13861121771580187,0.46652272450996,-0.012731763454226552,0.47240901619766573,-0.08417864737682024,0.47773465874786236,0.34444444444444444,0.6444444444444445,0.011111111111111112,0.9888888888888889,0.0,0.05555555555555555,0.05555555555555555,0.6,0.35555555555555557,0.9444444444444444,0.9444444444444444,0.0,0.0,0.0,0.0,372.8666666666667,0.0,0.05555555555555555,1.0,0.08888888888888889,0.6666666666666666,0.9444444444444444,0.0,0.03333333333333333,0.3333333333333333,0.0,0.0,1436.2726066771884,0.854801244312791,1.0,0.08888888888888889,1.0,1.0,0.05555555555555555,0.08888888888888889,0.6666666666666666,0.05555555555555555,1.0,1436.2726066771884,0.574251372964405
5,40960,red,0,-0.0012113536125980318,2.782657814025879,0.003238386393059045,0.0349609375,0.1584855228662491,9.313225746154785e-10,0.9999999403953552,1.0,1.2472952485084534,0.21791190542280675,nan,nan,nan,nan,nan,nan,nan,nan,nan,nan,blue,0,True,1,0,,-6.382115392909887,-2.038653864310338,251.34615384615384,0.34615384615384615,0.6153846153846154,0.038461538461538464,0.9615384615384616,0.0,0.23076923076923078,0.23076923076923078,0.38461538461538464,0.34615384615384615,0.7307692307692307,0.7307692307692307,0.0,0.038461538461538464,0.0,0.0,57,57,56,29,28,1.0,0.6538461538461539,0.46153846153846156,0.7307692307692307,0.0,0.38461538461538464,0.19230769230769232,0.0,0.857421875,0.4962158203125,0.598876953125,0.3768310546875,0.96533203125,0.0,1.149455663137874,4.493460177402728,0.09117096400192301,0.1824138059308876,0.14910135423544418,0.20689180874758578,0.12183883085732461,0.47527427371399683,-0.008790873921235232,0.47538936039221613,-0.06014252683954879,0.4820347202025897,1.0,0.6538461538461539,0.6538461538461539,0.8461538461538461,0.2692307692307692,0.6153846153846154,0.38461538461538464,0.23076923076923078,0.8616943359375,0.4820556640625,0.5963134765625,0.3970947265625,0.9613037109375,0.0,1.2366909283132024,4.5232673154164935,0.08553126707865033,0.17916919119352792,0.14033155531287378,0.20323745406193533,0.1300916751062573,0.4759769801138055,-0.021749678019038043,0.4797705646729686,-0.08199357254521544,0.4753515414224193,0.9111111111111111,0.08888888888888889,0.0,1.0,0.0,0.05555555555555555,0.05555555555555555,0.03333333333333333,0.9111111111111111,0.9444444444444444,0.9444444444444444,0.0,0.0,0.0,0.0,415.73333333333335,0.0,0.05555555555555555,1.0,0.1,0.9333333333333333,0.9444444444444444,0.0,0.03333333333333333,0.5888888888888889,0.0,0.0,1432.2078818096206,0.9056355359461206,1.0,0.1,0.9444444444444444,1.0,0.05555555555555555,0.1,0.6111111111111112,0.05555555555555555,1.0,1432.2078818096206,0.5633187516588491
6,49152,red,0,-0.0013754667714238166,2.787185537815094,0.0036985601676860825,0.0365966796875,0.17902653142809868,-7.450580596923828e-09,1.0,1.0,1.4469270527362823,0.28593395203351973,nan,nan,nan,nan,nan,nan,nan,nan,nan,nan,blue,0,True,1,0,,-6.339193551170249,-1.7214516352020925,265.7741935483871,0.3548387096774194,0.6451612903225806,0.0,1.0,0.0,0.22580645161290322,0.22580645161290322,0.41935483870967744,0.3548387096774194,0.7741935483870968,0.7741935483870968,0.0,0.0,0.0,0.0,67,67,67,34,33,1.0,0.7096774193548387,0.5161290322580645,0.7096774193548387,0.03225806451612903,0.4838709677419355,0.16129032258064516,0.0,0.859130859375,0.5186767578125,0.6016845703125,0.3702392578125,0.9625244140625,0.0,1.0979401119603287,4.411167814203436,0.0905807855264516,0.18061213720992228,0.14426191862927346,0.20505225365442764,0.12454150500522587,0.4753480148906674,-0.002727067967526864,0.48112392934345505,-0.07834578030610473,0.4836580095058461,1.0,0.7096774193548387,0.7419354838709677,0.9032258064516129,0.3225806451612903,0.6774193548387096,0.3870967741935484,0.22580645161290322,0.866943359375,0.5,0.58935546875,0.368408203125,0.96533203125,0.0,1.17225601382175,4.5056246200793115,0.09005835398586874,0.18234073068847528,0.14627765674937893,0.20426679049807103,0.13546693852596547,0.4734129880734743,-0.009565988960741123,0.4762115854789484,-0.07004110040771394,0.4756132521437714,0.9111111111111111,0.08888888888888889,0.0,1.0,0.0,0.05555555555555555,0.05555555555555555,0.03333333333333333,0.9111111111111111,0.9444444444444444,0.9444444444444444,0.0,0.0,0.0,0.0,415.73333333333335,0.0,0.05555555555555555,1.0,0.1,0.9333333333333333,0.9444444444444444,0.0,0.03333333333333333,0.5888888888888889,0.0,0.0,1432.2078818096206,0.9056355359461206,1.0,0.1,0.9444444444444444,1.0,0.05555555555555555,0.1,0.6111111111111112,0.05555555555555555,1.0,1432.2078818096206,0.5633187516588491
7,57344,red,0,-0.0025982834631577134,2.7922812342643737,0.004771386928041466,0.057080078125,0.18338126242160796,-1.3969838619232178e-09,0.9999999403953552,1.0,1.0720695346593856,0.266893969848752,nan,nan,nan,nan,nan,nan,nan,nan,nan,nan,blue,0,True,1,0,,-2.9465625133598223,-5.300000020884909,264.4375,0.65625,0.3125,0.03125,0.96875,0.03125,0.21875,0.25,0.125,0.65625,0.75,0.75,0.0,0.0,0.0,0.0,78,78,77,39,39,1.0,0.6875,0.5,0.78125,0.0625,0.46875,0.1875,0.03125,0.861572265625,0.5147705078125,0.595703125,0.3831787109375,0.9632568359375,0.0,1.1356511311801403,4.447674520364983,0.08843525665068537,0.18059476249226344,0.13887532671703282,0.2020746065314883,0.14469971895249145,0.47134120971121884,0.005678709303651885,0.4758701324443102,-0.10879708378539021,0.4763939528695995,1.0,0.6875,0.71875,0.875,0.25,0.65625,0.375,0.21875,0.8614501953125,0.5087890625,0.5953369140625,0.3526611328125,0.964111328125,0.0,1.100191393265192,4.465665672984756,0.09287589993558262,0.18350258878501488,0.14928429202609114,0.20651436360712055,0.13142686545568694,0.4744245213206371,0.004540811411590795,0.4762263739730386,-0.06254755938160983,0.4768878221767647,0.9111111111111111,0.08888888888888889,0.0,1.0,0.0,0.05555555555555555,0.05555555555555555,0.03333333333333333,0.9111111111111111,0.9444444444444444,0.9444444444444444,0.0,0.0,0.0,0.0,415.73333333333335,0.0,0.05555555555555555,1.0,0.1,0.9333333333333333,0.9444444444444444,0.0,0.03333333333333333,0.5888888888888889,0.0,0.0,1432.2078818096206,0.9056355359461206,1.0,0.1,0.9444444444444444,1.0,0.05555555555555555,0.1,0.6111111111111112,0.05555555555555555,1.0,1432.2078818096206,0.5633187516588491
8,65536,red,0,-0.0011281220009550451,2.80185626745224,0.0031513636422459967,0.0276611328125,0.19569714404642582,-3.725290298461914e-09,0.9999999403953552,1.0,1.2117116451263428,0.2065446238964796,nan,nan,nan,nan,nan,nan,nan,nan,nan,nan,blue,0,True,1,0,,-4.054583340831515,-3.8455555809713484,270.30555555555554,0.5833333333333334,0.4166666666666667,0.0,1.0,0.0,0.25,0.25,0.16666666666666666,0.5833333333333334,0.75,0.75,0.0,0.0,0.0,0.0,90,90,89,45,45,1.0,0.6944444444444444,0.5277777777777778,0.6944444444444444,0.05555555555555555,0.4444444444444444,0.16666666666666666,0.0,0.86572265625,0.5240478515625,0.587646484375,0.3712158203125,0.963623046875,0.0,1.1264964676564442,4.272903308132268,0.0910533770647955,0.17965219739728067,0.14026951544415153,0.20291596907018658,0.14980898856489944,0.4748801140853263,0.021949558013133696,0.4822943143722004,-0.07004242489981749,0.4771694069914963,1.0,0.6944444444444444,0.7777777777777778,0.9722222222222222,0.3333333333333333,0.6944444444444444,0.3888888888888889,0.25,0.8614501953125,0.4752197265625,0.59423828125,0.3836669921875,0.95849609375,0.0,1.2584614398262752,4.5881102865853345,0.08725785860481407,0.18225262583667234,0.14394248369837825,0.20441926359148338,0.14688848443314484,0.4675197320284541,-0.015382348891971986,0.4750647495244247,-0.0811113611063412,0.47568373065768876,0.9111111111111111,0.08888888888888889,0.0,1.0,0.0,0.05555555555555555,0.05555555555555555,0.03333333333333333,0.9111111111111111,0.9444444444444444,0.9444444444444444,0.0,0.0,0.0,0.0,415.73333333333335,0.0,0.05555555555555555,1.0,0.1,0.9333333333333333,0.9444444444444444,0.0,0.03333333333333333,0.5888888888888889,0.0,0.0,1432.2078818096206,0.9056355359461206,1.0,0.1,0.9444444444444444,1.0,0.05555555555555555,0.1,0.6111111111111112,0.05555555555555555,1.0,1432.2078818096206,0.5633187516588491
9,73728,red,0,-0.0010423764237202705,2.8065237283706663,0.0028521241940325124,0.024365234375,0.1509717907756567,1.0244548320770264e-08,1.0000001192092896,1.0,1.0869597673416138,0.1924092311412096,nan,nan,nan,nan,nan,nan,nan,nan,nan,nan,blue,0,True,1,0,,-4.624629641193207,-3.4998148311688393,256.037037037037,0.5185185185185185,0.4074074074074074,0.07407407407407407,0.9259259259259259,0.037037037037037035,0.25925925925925924,0.2962962962962963,0.2222222222222222,0.5555555555555556,0.7037037037037037,0.7037037037037037,0.0,0.0,0.0,0.0,99,99,98,50,49,1.0,0.6666666666666666,0.48148148148148145,0.7037037037037037,0.037037037037037035,0.37037037037037035,0.18518518518518517,0.037037037037037035,0.863037109375,0.554443359375,0.598388671875,0.35302734375,0.969970703125,0.0,0.9803828726167905,4.174270132951608,0.09985340506754545,0.18239401569138516,0.15191548597789523,0.20597538272344024,0.16740302149050734,0.4676385227280943,0.04767715720719323,0.48211440430824976,-0.053519672810022456,0.4815253716050359,1.0,0.6666666666666666,0.8148148148148148,0.9259259259259259,0.3333333333333333,0.6296296296296297,0.48148148148148145,0.25925925925925924,0.8533935546875,0.4990234375,0.5941162109375,0.3741455078125,0.96044921875,0.0,1.181977718726523,4.4876568528287315,0.08969885650897821,0.1805649554569105,0.14440592333230615,0.2031532433144708,0.1386573177739372,0.4664684319491736,-0.0017890499432553497,0.47493188692972965,-0.07466830608524688,0.4762678908045611,0.9111111111111111,0.08888888888888889,0.0,1.0,0.0,0.05555555555555555,0.05555555555555555,0.03333333333333333,0.9111111111111111,0.9444444444444444,0.9444444444444444,0.0,0.0,0.0,0.0,415.73333333333335,0.0,0.05555555555555555,1.0,0.1,0.9333333333333333,0.9444444444444444,0.0,0.03333333333333333,0.5888888888888889,0.0,0.0,1432.2078818096206,0.9056355359461206,1.0,0.1,0.9444444444444444,1.0,0.05555555555555555,0.1,0.6111111111111112,0.05555555555555555,1.0,1432.2078818096206,0.5633187516588491
10,81920,red,0,-0.0019516071304678916,2.809660291671753,0.004216498268942814,0.046826171875,0.15648634284734725,1.862645149230957e-09,0.9999998807907104,1.0,1.072695940732956,0.20926695168018342,nan,nan,nan,nan,nan,nan,nan,nan,nan,nan,blue,0,True,1,0,,-3.735500012648602,-3.2611666821253795,252.4,0.6,0.4,0.0,1.0,0.03333333333333333,0.3,0.3333333333333333,0.1,0.5666666666666667,0.6666666666666666,0.6666666666666666,0.0,0.0,0.0,0.0,109,109,108,55,54,1.0,0.7666666666666667,0.4666666666666667,0.6,0.06666666666666667,0.43333333333333335,0.13333333333333333,0.03333333333333333,0.8626708984375,0.5704345703125,0.595458984375,0.337158203125,0.972412109375,0.0,0.9316093699766816,4.0440859414787385,0.10311344298569274,0.18348539172082035,0.1568274993378635,0.20682689489654682,0.16017426602042306,0.4706341290568283,0.04752957382837053,0.47962071439051984,-0.03916177479867855,0.484190095070456,1.0,0.7666666666666667,0.7666666666666667,0.9333333333333333,0.3333333333333333,0.7333333333333333,0.43333333333333335,0.3,0.86767578125,0.4986572265625,0.5899658203125,0.3626708984375,0.962646484375,0.0,1.1349644866670898,4.525679919644467,0.08921695057010301,0.181422944584237,0.14438811964157447,0.20359545640811416,0.1393064097376211,0.47389602022521243,-0.0017178839124625256,0.4730972824857885,-0.07136167621685274,0.47159896927815737,0.9444444444444444,0.05555555555555555,0.0,1.0,0.044444444444444446,0.05555555555555555,0.1,0.0,0.9,0.9,0.9,0.0,0.0,0.0,0.0,376.6,0.044444444444444446,0.011111111111111106,1.0,0.2777777777777778,0.9444444444444444,0.9444444444444444,0.06666666666666667,0.2,0.6666666666666666,0.044444444444444446,1.0,1225.3814431252913,0.5918668926607933,1.0,0.2777777777777778,0.8333333333333334,0.9555555555555556,0.05555555555555555,0.2111111111111111,0.5,0.05555555555555555,1.0,1225.3814431252913,0.5023848541020534
11,90112,red,0,-0.0016579380724579095,2.8119391798973083,0.0035624534080852754,0.0321044921875,0.18891849219799042,0.0,1.0,1.0,1.4173671126365661,0.2535541482269764,nan,nan,nan,nan,nan,nan,nan,nan,nan,nan,blue,0,True,1,0,,-5.98014707953724,-2.381176484556978,274.2647058823529,0.4411764705882353,0.5588235294117647,0.0,1.0,0.0,0.20588235294117646,0.20588235294117646,0.35294117647058826,0.4411764705882353,0.7941176470588235,0.7941176470588235,0.0,0.0,0.0,0.0,120,120,120,60,60,1.0,0.6470588235294118,0.5294117647058824,0.6470588235294118,0.0,0.4117647058823529,0.17647058823529413,0.0,0.8653564453125,0.54833984375,0.5972900390625,0.3404541015625,0.9703369140625,0.0,0.9712803562659595,4.256450237344339,0.10121467265627715,0.18358282044030821,0.15631662986019754,0.20980673468307323,0.15529111860664813,0.47466745782086267,0.03775670338960069,0.4769139740406984,-0.027536642096627872,0.48923492547419456,1.0,0.6470588235294118,0.8235294117647058,0.9411764705882353,0.29411764705882354,0.6470588235294118,0.4117647058823529,0.20588235294117646,0.8607177734375,0.4832763671875,0.5904541015625,0.3841552734375,0.9588623046875,0.0,1.239291181598036,4.481284238643434,0.08874624666078648,0.18067992271378974,0.14437615190401165,0.20358749831856102,0.1374583790988666,0.47131704508503053,-0.009711370833581867,0.478394340217181,-0.07577946757310983,0.4751621067532913,0.9444444444444444,0.05555555555555555,0.0,1.0,0.044444444444444446,0.05555555555555555,0.1,0.0,0.9,0.9,0.9,0.0,0.0,0.0,0.0,376.6,0.044444444444444446,0.011111111111111106,1.0,0.2777777777777778,0.9444444444444444,0.9444444444444444,0.06666666666666667,0.2,0.6666666666666666,0.044444444444444446,1.0,1225.3814431252913,0.5918668926607933,1.0,0.2777777777777778,0.8333333333333334,0.9555555555555556,0.05555555555555555,0.2111111111111111,0.5,0.05555555555555555,1.0,1225.3814431252913,0.5023848541020534
12,98304,red,0,-0.0028843062464147806,2.8114110827445984,0.003983657612116076,0.0435791015625,0.16973627991974355,-3.725290298461914e-09,1.0,1.0,1.0305461794137956,0.2019705157727003,nan,nan,nan,nan,nan,nan,nan,nan,nan,nan,blue,0,True,1,0,,-4.426379322652416,-3.985000028467641,266.51724137931035,0.5172413793103449,0.4827586206896552,0.0,1.0,0.0,0.20689655172413793,0.20689655172413793,0.27586206896551724,0.5172413793103449,0.7931034482758621,0.7931034482758621,0.0,0.0,0.0,0.0,130,130,129,65,65,1.0,0.6896551724137931,0.5172413793103449,0.7241379310344828,0.034482758620689655,0.4827586206896552,0.1724137931034483,0.0,0.8704833984375,0.5628662109375,0.596435546875,0.3143310546875,0.974365234375,0.0,0.8824043765930847,4.1821649097751745,0.1031316609113016,0.1850519941291891,0.159045541293523,0.2115320603327393,0.1377459659069551,0.48140999486610253,0.04265686311189043,0.48386173201912075,-0.02072701167375257,0.48840048456280283,1.0,0.6896551724137931,0.7586206896551724,0.8275862068965517,0.3103448275862069,0.6896551724137931,0.3448275862068966,0.20689655172413793,0.8665771484375,0.4764404296875,0.59521484375,0.3773193359375,0.9619140625,0.0,1.2319781547169357,4.550388122202699,0.08773736860329712,0.183087347031294,0.14537194551749105,0.2057237169618292,0.13241933108626114,0.4778831953487319,-0.01487586253400508,0.4775925309457888,-0.07055676195046345,0.47903535938269826,0.9444444444444444,0.05555555555555555,0.0,1.0,0.044444444444444446,0.05555555555555555,0.1,0.0,0.9,0.9,0.9,0.0,0.0,0.0,0.0,376.6,0.044444444444444446,0.011111111111111106,1.0,0.2777777777777778,0.9444444444444444,0.9444444444444444,0.06666666666666667,0.2,0.6666666666666666,0.044444444444444446,1.0,1225.3814431252913,0.5918668926607933,1.0,0.2777777777777778,0.8333333333333334,0.9555555555555556,0.05555555555555555,0.2111111111111111,0.5,0.05555555555555555,1.0,1225.3814431252913,0.5023848541020534
13,100000,red,0,-0.001642728338176269,2.8134857654571532,0.0012488958350863777,0.005306603852659464,0.16044919192790985,2.249231911832794e-09,1.0,1.0,0.3636012673377991,0.5236993253231048,nan,nan,nan,nan,nan,nan,nan,nan,nan,nan,blue,0,True,1,0,1,-3.66800005864352,-4.877999987825751,269.8,0.8,0.2,0.0,1.0,0.0,0.2,0.2,0.0,0.8,0.8,0.8,0.0,0.0,0.0,0.0,132,131,131,66,66,1.0,0.8,0.6,0.8,0.0,0.6,0.0,0.0,0.8702830188679245,0.5849056603773585,0.5766509433962265,0.3466981132075472,0.9787735849056604,0.0,0.8880335626384932,4.181199651592513,0.10436968233205315,0.18272340796300748,0.15962779576108416,0.2085198514169132,0.14622870200287683,0.47611102849709547,0.040850950447559126,0.48489086144370286,-0.03758502870914526,0.47854935865023174,1.0,0.8,1.0,1.0,0.4,0.8,0.4,0.2,0.8626179245283019,0.4964622641509434,0.597877358490566,0.3944575471698113,0.9616745283018868,0.0,1.2485418608816383,4.545291427609603,0.0914134833136674,0.1830928751461498,0.1477902311432901,0.2061910218835743,0.1424830134922747,0.47819999601985197,0.0027324388959143863,0.4757891974781248,-0.07276498803788992,0.4786956078725133,0.9888888888888889,0.011111111111111112,0.0,1.0,0.0,0.011111111111111112,0.011111111111111112,0.0,0.9888888888888889,0.9888888888888889,0.9888888888888889,0.0,0.0,0.0,0.0,395.02222222222224,0.0,0.011111111111111112,1.0,0.35555555555555557,0.9888888888888889,0.9888888888888889,0.0,0.28888888888888886,0.5222222222222223,0.0,0.0,1177.7146362003862,0.6569260194180309,1.0,0.35555555555555557,0.8333333333333334,0.9777777777777777,0.16666666666666666,0.34444444444444444,0.18888888888888888,0.011111111111111112,1.0,1177.7146362003862,0.5158311988942366
14,108192,blue,1,nan,nan,nan,nan,nan,nan,nan,nan,nan,nan,-0.0009444996831007302,2.760654532909393,0.00486187305796193,0.0531494140625,0.15455198474228382,-7.450580596923828e-09,1.0,1.0,1.0540931820869446,0.19917143508791924,red,0,False,2,0,,-10.0,10.0,71.4,0.0,1.0,0.0,1.0,0.0,1.0,1.0,0.0,0.0,0.0,0.0,0.0,0.0,0.0,0.0,146,145,145,73,73,1.0,1.0,0.0,0.0,0.0,0.0,0.0,0.0,0.861572265625,0.5345458984375,0.5826416015625,0.3314208984375,0.9664306640625,0.0,0.9494847341646264,4.394225383081465,0.09346213054545349,0.18314978167570828,0.15002979025126065,0.20606888824034802,0.12071991118729386,0.4680927826989593,-0.017281032081243097,0.4762360084428332,-0.046446738994649905,0.47593713812405547,1.0,1.0,1.0,1.0,1.0,1.0,1.0,1.0,0.8623046875,0.52880859375,0.591064453125,0.3289794921875,0.966552734375,0.0,0.953265354040439,4.432799432077095,0.09285578394984391,0.18348690496430475,0.14900644224883358,0.20648802741475022,0.1370081344965044,0.4720790967081998,-0.013145284431011817,0.47672953644782856,-0.05531475575044453,0.4768130287752834,0.9888888888888889,0.011111111111111112,0.0,1.0,0.0,0.011111111111111112,0.011111111111111112,0.0,0.9888888888888889,0.9888888888888889,0.9888888888888889,0.0,0.0,0.0,0.0,395.02222222222224,0.0,0.011111111111111112,1.0,0.35555555555555557,0.9888888888888889,0.9888888888888889,0.0,0.28888888888888886,0.5222222222222223,0.0,0.0,1177.7146362003862,0.6569260194180309,1.0,0.35555555555555557,0.8333333333333334,0.9777777777777777,0.16666666666666666,0.34444444444444444,0.18888888888888888,0.011111111111111112,1.0,1177.7146362003862,0.5158311988942366
15,116384,blue,1,nan,nan,nan,nan,nan,nan,nan,nan,nan,nan,-0.0008790188003331423,2.768076515197754,0.0032962751109153034,0.0325439453125,0.15776955261826514,-2.7939677238464355e-09,0.9999999403953552,1.0,2.4713532447814943,0.39703366458415984,red,0,False,2,0,,-7.395581406086337,-0.29511628720129646,248.02325581395348,0.27906976744186046,0.6976744186046512,0.023255813953488372,0.9767441860465116,0.0,0.27906976744186046,0.27906976744186046,0.4418604651162791,0.3023255813953488,0.7209302325581395,0.7209302325581395,0.0,0.0,0.0,0.0,160,160,159,80,80,1.0,0.7209302325581395,0.4883720930232558,0.6744186046511628,0.06976744186046512,0.4186046511627907,0.16279069767441862,0.0,0.864501953125,0.5201416015625,0.5880126953125,0.3511962890625,0.96630859375,0.0,1.0634121665597616,4.462784428514151,0.09120705555803646,0.18217020016607016,0.14740653922571834,0.204525689155532,0.12567926486714853,0.4696073723490989,-0.015577693549396088,0.4763659765774779,-0.06628866499774944,0.47817978278812845,1.0,0.7209302325581395,0.7906976744186046,0.9534883720930233,0.3953488372093023,0.6976744186046512,0.4186046511627907,0.27906976744186046,0.8558349609375,0.5321044921875,0.5748291015625,0.3616943359375,0.9620361328125,0.0,1.0449217733843845,4.484173100902592,0.09184763858548338,0.18154004582445693,0.14530929190994904,0.20294973672183436,0.10597497651743026,0.4731589029787051,0.0030723022546723655,0.47211432743854,-0.09220642018438596,0.4680963305438983,0.6222222222222222,0.011111111111111112,0.36666666666666664,0.6333333333333333,0.0,0.011111111111111112,0.011111111111111112,0.0,0.6222222222222222,0.6222222222222222,0.6222222222222222,0.0,0.0,0.0,0.36666666666666664,567.1444444444444,0.0,0.011111111111111112,1.0,0.3,0.9888888888888889,0.9888888888888889,0.0,0.24444444444444444,0.7777777777777778,0.0,0.0,1280.738245604784,0.6697605643775892,1.0,0.3,0.9,0.9555555555555556,0.17777777777777778,0.3,0.25555555555555554,0.011111111111111112,1.0,1280.738245604784,0.619067007337575
16,124576,blue,1,nan,nan,nan,nan,nan,nan,nan,nan,nan,nan,-0.0007506332825869322,2.7752935528755187,0.0036035765137057752,0.02998046875,0.15727632082998752,3.725290298461914e-09,1.0,1.0,1.2439882457256317,0.19153042323887348,red,0,False,2,0,,-8.079848496440912,-0.36893940059411706,283.3939393939394,0.21212121212121213,0.7878787878787878,0.0,1.0,0.0,0.18181818181818182,0.18181818181818182,0.6060606060606061,0.21212121212121213,0.8181818181818182,0.8181818181818182,0.0,0.0,0.0,0.0,171,171,170,86,85,1.0,0.6060606060606061,0.5757575757575758,0.7878787878787878,0.09090909090909091,0.42424242424242425,0.18181818181818182,0.0,0.8541259765625,0.4630126953125,0.5902099609375,0.3848876953125,0.9544677734375,0.0,1.3157414347873981,4.574108074356002,0.08300456032081813,0.17993751242788095,0.13695824803598922,0.20081778102283798,0.13982292803223118,0.46576231633549764,-0.016236303403076136,0.4751707834076239,-0.08301179648839607,0.47670737349786435,1.0,0.6060606060606061,0.7878787878787878,1.0,0.36363636363636365,0.6060606060606061,0.3939393939393939,0.18181818181818182,0.8597412109375,0.4996337890625,0.60498046875,0.3905029296875,0.9632568359375,0.0,1.227560918449122,4.418653770619026,0.08870712286039605,0.17949422373604948,0.1385213367699904,0.20045120619618578,0.1016505169533275,0.4800479434377414,0.01590659371175107,0.47768769237014114,-0.10069874320695149,0.4774069972323698,0.6222222222222222,0.011111111111111112,0.36666666666666664,0.6333333333333333,0.0,0.011111111111111112,0.011111111111111112,0.0,0.6222222222222222,0.6222222222222222,0.6222222222222222,0.0,0.0,0.0,0.36666666666666664,567.1444444444444,0.0,0.011111111111111112,1.0,0.3,0.9888888888888889,0.9888888888888889,0.0,0.24444444444444444,0.7777777777777778,0.0,0.0,1280.738245604784,0.6697605643775892,1.0,0.3,0.9,0.9555555555555556,0.17777777777777778,0.3,0.25555555555555554,0.011111111111111112,1.0,1280.738245604784,0.619067007337575
17,132768,blue,1,nan,nan,nan,nan,nan,nan,nan,nan,nan,nan,-0.0009038932155817747,2.7783636093139648,0.006272947692195885,0.083447265625,0.16028402447700502,0.0,0.9999999403953552,1.0,0.9194656610488892,0.14070743061602115,red,0,False,2,0,,-8.540434798873637,0.7843478115113534,263.95652173913044,0.17391304347826086,0.8260869565217391,0.0,1.0,0.0,0.2608695652173913,0.2608695652173913,0.5652173913043478,0.17391304347826086,0.7391304347826086,0.7391304347826086,0.0,0.0,0.0,0.0,179,178,178,90,89,1.0,0.6521739130434783,0.5217391304347826,0.6086956521739131,0.043478260869565216,0.391304347826087,0.17391304347826086,0.0,0.8634033203125,0.456787109375,0.5909423828125,0.4049072265625,0.9580078125,0.0,1.3392725118925748,4.554812144230026,0.0841568405498647,0.17791273510762892,0.13892404821425425,0.20056911383526863,0.14422556667736686,0.4672681807979892,-0.014824022002866144,0.47288434470582147,-0.07347413698808225,0.47240171173847906,1.0,0.6521739130434783,0.782608695652174,1.0,0.2608695652173913,0.6521739130434783,0.43478260869565216,0.2608695652173913,0.870849609375,0.4713134765625,0.602783203125,0.4122314453125,0.9603271484375,0.0,1.3450982444898938,4.495643335340636,0.08392075444421024,0.1759777471207324,0.13452479187859928,0.19744159925052457,0.11696074870042494,0.4729275744769426,-0.001825939681655342,0.4833996631988848,-0.10062650671095952,0.47747441132360274,0.6222222222222222,0.011111111111111112,0.36666666666666664,0.6333333333333333,0.0,0.011111111111111112,0.011111111111111112,0.0,0.6222222222222222,0.6222222222222222,0.6222222222222222,0.0,0.0,0.0,0.36666666666666664,567.1444444444444,0.0,0.011111111111111112,1.0,0.3,0.9888888888888889,0.9888888888888889,0.0,0.24444444444444444,0.7777777777777778,0.0,0.0,1280.738245604784,0.6697605643775892,1.0,0.3,0.9,0.9555555555555556,0.17777777777777778,0.3,0.25555555555555554,0.011111111111111112,1.0,1280.738245604784,0.619067007337575
18,140960,blue,1,nan,nan,nan,nan,nan,nan,nan,nan,nan,nan,-0.0017457487992942333,2.7824266076087953,0.0038309937343001367,0.04453125,0.1439072832465172,0.0,1.0,1.0,1.4182901203632354,0.1805849712342024,red,0,False,2,0,,-8.243437509518117,1.1201562403875869,250.4375,0.1875,0.8125,0.0,1.0,0.0,0.3125,0.3125,0.5,0.1875,0.6875,0.6875,0.0,0.0,0.0,0.0,189,189,189,95,94,1.0,0.75,0.4375,0.65625,0.0625,0.40625,0.15625,0.0,0.8594970703125,0.510986328125,0.5894775390625,0.3663330078125,0.9644775390625,0.0,1.1200111446695096,4.4429829410884265,0.09001810775681308,0.18117044538941893,0.14534133264506235,0.2034098376321077,0.13459688625539812,0.47291734338543395,-0.017502812282419455,0.4770506269081876,-0.06468263775362715,0.47403147717760263,1.0,0.75,0.75,1.0,0.34375,0.75,0.4375,0.3125,0.8646240234375,0.4976806640625,0.6043701171875,0.3922119140625,0.95751953125,0.0,1.2235202880642522,4.488787843508004,0.08465708250207396,0.17858323738194393,0.13504035995477026,0.1997867704079237,0.1438988958297891,0.4783112408842433,-0.012480693344269156,0.47780715114369204,-0.11008034012938595,0.47644472492781664,0.6222222222222222,0.011111111111111112,0.36666666666666664,0.6333333333333333,0.0,0.011111111111111112,0.011111111111111112,0.0,0.6222222222222222,0.6222222222222222,0.6222222222222222,0.0,0.0,0.0,0.36666666666666664,567.1444444444444,0.0,0.011111111111111112,1.0,0.3,0.9888888888888889,0.9888888888888889,0.0,0.24444444444444444,0.7777777777777778,0.0,0.0,1280.738245604784,0.6697605643775892,1.0,0.3,0.9,0.9555555555555556,0.17777777777777778,0.3,0.25555555555555554,0.011111111111111112,1.0,1280.738245604784,0.619067007337575
19,149152,blue,1,nan,nan,nan,nan,nan,nan,nan,nan,nan,nan,-0.001928033703006804,2.7891371965408327,0.004466562051675282,0.049609375,0.16688403114676476,0.0,1.0,1.0,1.163991379737854,0.2559684839099646,red,0,False,2,0,,-7.136718759458745,-1.658437519276049,287.59375,0.28125,0.71875,0.0,1.0,0.0,0.15625,0.15625,0.5625,0.28125,0.84375,0.84375,0.0,0.0,0.0,0.0,200,200,199,100,100,1.0,0.625,0.59375,0.84375,0.0625,0.46875,0.1875,0.0,0.857177734375,0.4979248046875,0.58740234375,0.3662109375,0.9622802734375,0.0,1.1491552786544164,4.5281669776806295,0.0884144134152909,0.18129952202535135,0.14470017584511252,0.20451153231235272,0.13359689373641004,0.4674310343135256,-0.019330279849295806,0.4747815793900172,-0.06249267767693567,0.4732260209090787,1.0,0.625,0.78125,0.96875,0.1875,0.59375,0.375,0.15625,0.86376953125,0.510009765625,0.595947265625,0.394775390625,0.9622802734375,0.0,1.1845438783381992,4.407086487590611,0.08441838947905017,0.17776305373194182,0.13231446009722345,0.19945676682045413,0.1686717698740381,0.4736057639083281,-0.00861152804120735,0.4816613674434394,-0.11515420830391321,0.4763891158061671,0.6222222222222222,0.011111111111111112,0.36666666666666664,0.6333333333333333,0.0,0.011111111111111112,0.011111111111111112,0.0,0.6222222222222222,0.6222222222222222,0.6222222222222222,0.0,0.0,0.0,0.36666666666666664,567.1444444444444,0.0,0.011111111111111112,1.0,0.3,0.9888888888888889,0.9888888888888889,0.0,0.24444444444444444,0.7777777777777778,0.0,0.0,1280.738245604784,0.6697605643775892,1.0,0.3,0.9,0.9555555555555556,0.17777777777777778,0.3,0.25555555555555554,0.011111111111111112,1.0,1280.738245604784,0.619067007337575
20,157344,blue,1,nan,nan,nan,nan,nan,nan,nan,nan,nan,nan,-0.0013473826693370938,2.7980313420295717,0.004148611340497155,0.0431884765625,0.17263653129339218,1.862645149230957e-09,0.9999999403953552,1.0,0.8525224298238754,0.17288050577044486,red,0,False,2,0,,-7.385333347413689,-1.361666689409564,292.56666666666666,0.2,0.8,0.0,1.0,0.06666666666666667,0.1,0.16666666666666666,0.7,0.13333333333333333,0.8333333333333334,0.8333333333333334,0.0,0.0,0.0,0.0,210,210,209,105,105,1.0,0.6666666666666666,0.5333333333333333,0.8333333333333334,0.13333333333333333,0.5333333333333333,0.2,0.06666666666666667,0.8577880859375,0.467529296875,0.591552734375,0.397216796875,0.9595947265625,0.0,1.301219854641849,4.525418457308665,0.08597533423013068,0.18074163898109685,0.14079833734634148,0.2033946294249632,0.12529363032078322,0.47117559915906576,-0.012342731694761966,0.47570647742871514,-0.0852149379716991,0.4767078123622168,1.0,0.6666666666666666,0.7333333333333333,0.9333333333333333,0.23333333333333334,0.6,0.3,0.1,0.8636474609375,0.471923828125,0.5887451171875,0.4293212890625,0.9498291015625,0.0,1.3703485929954708,4.514738825935924,0.07756524727774053,0.17627611992312237,0.12117489441917782,0.19631287528050362,0.1707288623296357,0.4717098772275682,-0.013243244847686242,0.48137063136547037,-0.15484894731024923,0.47543242103830025,0.7777777777777778,0.03333333333333333,0.18888888888888888,0.8111111111111111,0.0,0.03333333333333333,0.03333333333333333,0.0,0.7777777777777778,0.7777777777777778,0.7777777777777778,0.0,0.0,0.0,0.18888888888888888,504.44444444444446,0.0,0.03333333333333333,1.0,0.26666666666666666,0.9888888888888889,0.9888888888888889,0.0,0.2222222222222222,0.8444444444444444,0.0,0.0,1273.276923140946,0.5811555132191543,1.0,0.26666666666666666,0.8333333333333334,1.0,0.16666666666666666,0.26666666666666666,0.2222222222222222,0.03333333333333333,1.0,1273.276923140946,0.6364682628112895
21,165536,blue,1,nan,nan,nan,nan,nan,nan,nan,nan,nan,nan,-0.0015183222014456988,2.8067603588104246,0.00531109803559957,0.0631103515625,0.1529047407209873,2.7939677238464355e-09,1.0,1.0,1.1813517838716507,0.1860925231128931,red,0,False,2,0,,-8.642419368959963,1.3388709639829974,258.0,0.16129032258064516,0.8387096774193549,0.0,1.0,0.0,0.2903225806451613,0.2903225806451613,0.5483870967741935,0.16129032258064516,0.7096774193548387,0.7096774193548387,0.0,0.0,0.0,0.0,220,220,220,110,110,1.0,0.7741935483870968,0.3870967741935484,0.7096774193548387,0.0967741935483871,0.4838709677419355,0.0967741935483871,0.0,0.862548828125,0.4857177734375,0.600830078125,0.39453125,0.960693359375,0.0,1.3015277675719963,4.561969559737319,0.08695293853477026,0.1815108601950321,0.14270532435188232,0.20437669432718114,0.13095672496493904,0.4682482409279081,-0.013821431819028618,0.475427623789801,-0.08170252018205204,0.47975556750128123,1.0,0.7741935483870968,0.8709677419354839,0.967741935483871,0.45161290322580644,0.7741935483870968,0.41935483870967744,0.2903225806451613,0.8642578125,0.472412109375,0.5894775390625,0.413818359375,0.9437255859375,0.0,1.3026990612230915,4.487813740095301,0.07803091039721169,0.17818751942665698,0.121107375498272,0.19706562587129395,0.17780631385356926,0.47101169002522664,-0.01690303003484317,0.4797034498833852,-0.15047383367597078,0.47072924218782447,0.7777777777777778,0.03333333333333333,0.18888888888888888,0.8111111111111111,0.0,0.03333333333333333,0.03333333333333333,0.0,0.7777777777777778,0.7777777777777778,0.7777777777777778,0.0,0.0,0.0,0.18888888888888888,504.44444444444446,0.0,0.03333333333333333,1.0,0.26666666666666666,0.9888888888888889,0.9888888888888889,0.0,0.2222222222222222,0.8444444444444444,0.0,0.0,1273.276923140946,0.5811555132191543,1.0,0.26666666666666666,0.8333333333333334,1.0,0.16666666666666666,0.26666666666666666,0.2222222222222222,0.03333333333333333,1.0,1273.276923140946,0.6364682628112895
22,173728,blue,1,nan,nan,nan,nan,nan,nan,nan,nan,nan,nan,-0.0015465390868484973,2.812087321281433,0.00468489426857559,0.0543701171875,0.1575717493891716,-7.450580596923828e-09,1.0,1.0,1.0741339683532716,0.19885751362890006,red,0,False,2,0,,-9.922058839926168,2.533529401208986,245.38235294117646,0.029411764705882353,0.9411764705882353,0.029411764705882353,0.9705882352941176,0.0,0.3235294117647059,0.3235294117647059,0.6470588235294118,0.058823529411764705,0.6764705882352942,0.6764705882352942,0.0,0.0,0.0,0.0,232,231,231,116,116,1.0,0.6470588235294118,0.47058823529411764,0.6470588235294118,0.029411764705882353,0.3235294117647059,0.17647058823529413,0.0,0.861572265625,0.484130859375,0.6029052734375,0.370361328125,0.9639892578125,0.0,1.1898834417678574,4.491648375414402,0.08768115406990021,0.18118762081542875,0.1442300649892274,0.20328936419295235,0.1438978508373836,0.46811528077870446,-0.014595523778545783,0.47732957468045584,-0.06314584664268708,0.48243230205583765,1.0,0.6470588235294118,0.8529411764705882,1.0,0.38235294117647056,0.6470588235294118,0.5294117647058824,0.3235294117647059,0.86474609375,0.4986572265625,0.5628662109375,0.39990234375,0.9346923828125,0.0,1.1593993742545106,4.475256389191009,0.07619344718640475,0.17675157983594295,0.11395367990697246,0.194594156938534,0.15388539438333737,0.4750797724252011,-0.011587343338966605,0.48224880941927967,-0.18618827712296238,0.47482876411802005,0.7777777777777778,0.03333333333333333,0.18888888888888888,0.8111111111111111,0.0,0.03333333333333333,0.03333333333333333,0.0,0.7777777777777778,0.7777777777777778,0.7777777777777778,0.0,0.0,0.0,0.18888888888888888,504.44444444444446,0.0,0.03333333333333333,1.0,0.26666666666666666,0.9888888888888889,0.9888888888888889,0.0,0.2222222222222222,0.8444444444444444,0.0,0.0,1273.276923140946,0.5811555132191543,1.0,0.26666666666666666,0.8333333333333334,1.0,0.16666666666666666,0.26666666666666666,0.2222222222222222,0.03333333333333333,1.0,1273.276923140946,0.6364682628112895
23,181920,blue,1,nan,nan,nan,nan,nan,nan,nan,nan,nan,nan,-0.00224656262435019,2.8154000878334045,0.004776455342653208,0.05908203125,0.17153530269861222,1.4901161193847656e-08,1.0,1.0,0.8725054949522019,0.16089987866580485,red,0,False,2,0,,-10.494464306959085,3.7394642768361206,246.35714285714286,0.0,1.0,0.0,1.0,0.0,0.35714285714285715,0.35714285714285715,0.6428571428571429,0.0,0.6428571428571429,0.6428571428571429,0.0,0.0,0.0,0.0,241,241,240,121,120,1.0,0.75,0.5357142857142857,0.6071428571428571,0.0,0.39285714285714285,0.14285714285714285,0.0,0.8604736328125,0.4901123046875,0.580810546875,0.3802490234375,0.96435546875,0.0,1.1872808667044343,4.461480866265559,0.08936966543811062,0.1797025651159947,0.14473442246221763,0.2023519052434608,0.14695783750587665,0.46672562647802635,-0.0035522228530524558,0.47529003312047496,-0.06600913192501068,0.4733704055983002,1.0,0.75,0.8928571428571429,1.0,0.42857142857142855,0.75,0.5,0.35714285714285715,0.8724365234375,0.4874267578125,0.5443115234375,0.4105224609375,0.9312744140625,0.0,1.1985695736316588,4.457406649236144,0.07400210771119245,0.1749028241666263,0.108720082815491,0.19341964919556864,0.18630344062971105,0.4764940472901343,-0.00526994677962378,0.4786939995358144,-0.21997260556288722,0.46557178458395987,0.7777777777777778,0.03333333333333333,0.18888888888888888,0.8111111111111111,0.0,0.03333333333333333,0.03333333333333333,0.0,0.7777777777777778,0.7777777777777778,0.7777777777777778,0.0,0.0,0.0,0.18888888888888888,504.44444444444446,0.0,0.03333333333333333,1.0,0.26666666666666666,0.9888888888888889,0.9888888888888889,0.0,0.2222222222222222,0.8444444444444444,0.0,0.0,1273.276923140946,0.5811555132191543,1.0,0.26666666666666666,0.8333333333333334,1.0,0.16666666666666666,0.26666666666666666,0.2222222222222222,0.03333333333333333,1.0,1273.276923140946,0.6364682628112895
24,190112,blue,1,nan,nan,nan,nan,nan,nan,nan,nan,nan,nan,-0.0017803686670958996,2.817462754249573,0.004186414499417879,0.0466064453125,0.16521710492670535,-7.450580596923828e-09,0.9999999403953552,1.0,0.6357772409915924,0.10738267377018929,red,0,False,2,0,,-10.382727293354092,2.145303022793748,275.7878787878788,0.0,1.0,0.0,1.0,0.0,0.21212121212121213,0.21212121212121213,0.7878787878787878,0.0,0.7878787878787878,0.7878787878787878,0.0,0.0,0.0,0.0,252,252,251,126,126,1.0,0.6363636363636364,0.5757575757575758,0.7878787878787878,0.09090909090909091,0.42424242424242425,0.18181818181818182,0.0,0.8603515625,0.489990234375,0.5931396484375,0.369140625,0.9603271484375,0.0,1.2008616967017343,4.533824193915833,0.08734578230374163,0.18131855883808487,0.14258561922984492,0.2045963149949171,0.13315778368137643,0.46756345858079923,-0.014186194274525832,0.47619717537774203,-0.06552330018178765,0.4759991906794425,1.0,0.6363636363636364,0.8181818181818182,1.0,0.2727272727272727,0.6363636363636364,0.45454545454545453,0.21212121212121213,0.8651123046875,0.5211181640625,0.478271484375,0.3345947265625,0.9267578125,0.0,0.8623136458175484,4.345730075389952,0.07658450591065388,0.17900878397941167,0.11071976071383076,0.19778609546604042,0.175066020639715,0.4773901272683203,0.0018849793921695834,0.4844795477562105,-0.19810367855290067,0.4711854662428871,0.7777777777777778,0.03333333333333333,0.18888888888888888,0.8111111111111111,0.0,0.03333333333333333,0.03333333333333333,0.0,0.7777777777777778,0.7777777777777778,0.7777777777777778,0.0,0.0,0.0,0.18888888888888888,504.44444444444446,0.0,0.03333333333333333,1.0,0.26666666666666666,0.9888888888888889,0.9888888888888889,0.0,0.2222222222222222,0.8444444444444444,0.0,0.0,1273.276923140946,0.5811555132191543,1.0,0.26666666666666666,0.8333333333333334,1.0,0.16666666666666666,0.26666666666666666,0.2222222222222222,0.03333333333333333,1.0,1273.276923140946,0.6364682628112895
25,198304,blue,1,nan,nan,nan,nan,nan,nan,nan,nan,nan,nan,-0.0020931206410750745,2.822099137306213,0.005754284796421416,0.072021484375,0.17172332890331746,0.0,1.0,1.0,1.150322785973549,0.16714238673448562,red,0,False,2,0,,-9.333181834666792,2.27181816603424,254.6060606060606,0.09090909090909091,0.9090909090909091,0.0,1.0,0.0,0.3333333333333333,0.3333333333333333,0.5757575757575758,0.09090909090909091,0.6666666666666666,0.6666666666666666,0.0,0.0,0.0,0.0,263,263,262,132,131,1.0,0.696969696969697,0.45454545454545453,0.6666666666666666,0.0,0.36363636363636365,0.18181818181818182,0.0,0.857421875,0.4984130859375,0.581787109375,0.365478515625,0.9644775390625,0.0,1.1498221851719592,4.480729868729174,0.0895896826966941,0.18147967463241577,0.14517354591833423,0.20364710078618342,0.13481888228304229,0.4655186619134083,-0.007220703154697361,0.47739040173762737,-0.06102475415317343,0.46959849936792913,1.0,0.696969696969697,0.9090909090909091,1.0,0.48484848484848486,0.696969696969697,0.5454545454545454,0.3333333333333333,0.86328125,0.511962890625,0.4796142578125,0.326171875,0.925537109375,0.0,0.8451970220103504,4.316446460840054,0.07503907314897046,0.17756994193946363,0.10797424149897361,0.19554643727392618,0.19666808818652726,0.4680682361983805,0.010181053188027533,0.48457758171007453,-0.22126510599264648,0.4684303330696452,0.9888888888888889,0.011111111111111112,0.0,1.0,0.011111111111111112,0.011111111111111112,0.022222222222222223,0.0,0.9777777777777777,0.9777777777777777,0.9777777777777777,0.0,0.0,0.0,0.0,499.3888888888889,0.011111111111111112,0.0,1.0,0.3888888888888889,0.5,0.9888888888888889,0.022222222222222223,0.34444444444444444,0.16666666666666666,0.011111111111111112,1.0,1192.6242110276555,0.6618947131901858,1.0,0.3888888888888889,0.8333333333333334,0.9888888888888889,0.12222222222222222,0.36666666666666664,0.18888888888888888,0.011111111111111112,1.0,1192.6242110276555,0.5143741842613615
26,200000,blue,1,nan,nan,nan,nan,nan,nan,nan,nan,nan,nan,-0.0016564514839425115,2.824110221862793,0.0009456956332971167,0.0023584906943142415,0.1695908010005951,2.249231911832794e-09,1.0,1.0,1.0956891536712647,0.501767510175705,red,0,False,2,0,1,-10.205833468275765,2.7433333398463824,259.3333333333333,0.16666666666666666,0.8333333333333334,0.0,1.0,0.0,0.3333333333333333,0.3333333333333333,0.5,0.16666666666666666,0.6666666666666666,0.6666666666666666,0.0,0.0,0.0,0.0,265,265,264,133,132,1.0,0.6666666666666666,0.5,0.6666666666666666,0.0,0.3333333333333333,0.16666666666666666,0.0,0.8602594339622641,0.5047169811320755,0.5931603773584906,0.3732311320754717,0.9610849056603774,0.0,1.1520933648346972,4.465245045081486,0.09035260997977201,0.1801676480852781,0.1456813458336441,0.20311504167215158,0.133666661323555,0.4655822628747013,-0.006141059410542509,0.47328391892245214,-0.06192862235232342,0.4748846623984768,1.0,0.6666666666666666,1.0,1.0,0.3333333333333333,0.6666666666666666,0.6666666666666666,0.3333333333333333,0.8726415094339622,0.5477594339622641,0.4392688679245283,0.3113207547169811,0.9121462264150944,0.0,0.6814504227051466,3.9239090264390306,0.07760356577414601,0.17845298077951646,0.10980023040450586,0.19627047959123115,0.1503161255431618,0.48642899961770714,0.02338804913765585,0.475687443355726,-0.24280204388817783,0.4586200533836326,0.9888888888888889,0.011111111111111112,0.0,1.0,0.0,0.011111111111111112,0.011111111111111112,0.0,0.9888888888888889,0.9888888888888889,0.9888888888888889,0.0,0.0,0.0,0.0,490.6666666666667,0.0,0.011111111111111112,1.0,0.4,0.5,0.9888888888888889,0.07777777777777778,0.3333333333333333,0.16666666666666666,0.0,0.0,1155.838912237093,0.6939078591241461,1.0,0.4,0.8333333333333334,1.0,0.13333333333333333,0.4,0.18888888888888888,0.011111111111111112,1.0,1155.838912237093,0.4849978061144457
27,208192,red,2,-0.004128010186832398,2.8196505546569823,0.00887349498225376,0.1241943359375,0.18115918077528476,0.0,0.9999999403953552,1.0,0.4254843041300774,0.27446841113269327,nan,nan,nan,nan,nan,nan,nan,nan,nan,nan,blue,1,True,2,1,,-10.0,10.0,85.5,0.0,1.0,0.0,1.0,0.0,1.0,1.0,0.0,0.0,0.0,0.0,0.0,0.0,0.0,0.0,277,277,276,139,138,1.0,1.0,0.0,0.0,0.0,0.0,0.0,0.0,0.861083984375,0.592041015625,0.6099853515625,0.3460693359375,0.9718017578125,0.0,0.8763779963172473,3.9174032481911274,0.10101956606226119,0.1822510723023537,0.15137884845437355,0.20511500833671023,0.10021474550903875,0.4853783118687711,0.035267802912400725,0.48088346782605035,-0.0689957175115481,0.4875986547496056,1.0,1.0,1.0,1.0,1.0,1.0,1.0,1.0,0.8560791015625,0.6329345703125,0.4439697265625,0.2509765625,0.9488525390625,0.0,0.4975009130917637,3.5385161345491833,0.08650434157236322,0.17876736068775592,0.1209565507039478,0.19719947917559041,0.07346732402249856,0.48723469618580456,0.05215144293259044,0.4791806669515989,-0.23960870161303305,0.45842118978910024,0.9888888888888889,0.011111111111111112,0.0,1.0,0.0,0.011111111111111112,0.011111111111111112,0.0,0.9888888888888889,0.9888888888888889,0.9888888888888889,0.0,0.0,0.0,0.0,490.6666666666667,0.0,0.011111111111111112,1.0,0.4,0.5,0.9888888888888889,0.07777777777777778,0.3333333333333333,0.16666666666666666,0.0,0.0,1155.838912237093,0.6939078591241461,1.0,0.4,0.8333333333333334,1.0,0.13333333333333333,0.4,0.18888888888888888,0.011111111111111112,1.0,1155.838912237093,0.4849978061144457
28,216384,red,2,-0.0016331473598256707,2.8312300205230714,0.0021695425559300928,0.0185791015625,0.16502597741782665,-1.4901161193847656e-08,1.0,1.0,1.9824898898601533,0.9785026460886002,nan,nan,nan,nan,nan,nan,nan,nan,nan,nan,blue,1,True,2,1,,-10.740735341246952,1.6276470538886154,330.11764705882354,0.029411764705882353,0.9705882352941176,0.0,1.0,0.0,0.14705882352941177,0.14705882352941177,0.8235294117647058,0.029411764705882353,0.8529411764705882,0.8529411764705882,0.0,0.0,0.0,0.0,288,288,288,144,144,1.0,0.7352941176470589,0.5,0.7058823529411765,0.14705882352941177,0.5882352941176471,0.17647058823529413,0.0,0.8631591796875,0.556640625,0.5997314453125,0.3609619140625,0.9683837890625,0.0,0.9916623061585281,4.238616947764486,0.09808642161448898,0.1818692963863539,0.14855467341700507,0.20595314627054678,0.10852200184233496,0.48277660831494446,0.04935822436632975,0.47696706451574344,-0.07851942473806517,0.4862979455828099,1.0,0.7352941176470589,0.8529411764705882,0.9705882352941176,0.38235294117647056,0.7058823529411765,0.38235294117647056,0.14705882352941177,0.8612060546875,0.5560302734375,0.4007568359375,0.2376708984375,0.9163818359375,0.0,0.4263057487528883,2.8188501672677435,0.07801467391354723,0.17761742120404134,0.10783286749479529,0.19531144261526068,0.0993486941076327,0.48057578297750997,0.028233909328026385,0.4829140061135736,-0.2115979264573582,0.4685137716878101,0.9888888888888889,0.011111111111111112,0.0,1.0,0.0,0.011111111111111112,0.011111111111111112,0.0,0.9888888888888889,0.9888888888888889,0.9888888888888889,0.0,0.0,0.0,0.0,490.6666666666667,0.0,0.011111111111111112,1.0,0.4,0.5,0.9888888888888889,0.07777777777777778,0.3333333333333333,0.16666666666666666,0.0,0.0,1155.838912237093,0.6939078591241461,1.0,0.4,0.8333333333333334,1.0,0.13333333333333333,0.4,0.18888888888888888,0.011111111111111112,1.0,1155.838912237093,0.4849978061144457
29,224576,red,2,-0.0010594482300803065,2.842312049865723,0.0031583016316290013,0.0282470703125,0.18823439665138722,-3.725290298461914e-09,0.9999999403953552,1.0,0.9379889518022537,0.40114051997661593,nan,nan,nan,nan,nan,nan,nan,nan,nan,nan,blue,1,True,2,1,,-9.059000027831644,-0.17900004382245244,356.1,0.1,0.9,0.0,1.0,0.05,0.1,0.15,0.8,0.05,0.85,0.85,0.0,0.0,0.0,0.0,295,295,294,148,147,1.0,0.85,0.5,0.8,0.15,0.8,0.15,0.05,0.8668212890625,0.5694580078125,0.6119384765625,0.380615234375,0.9666748046875,0.0,1.0586475767465175,4.276617755860082,0.09783125549363092,0.17950257610777212,0.14413117750826354,0.20289407846995228,0.11450931487189919,0.48499617349056034,0.07906958635478034,0.4851699188278142,-0.0674118421776626,0.4910696504986942,1.0,0.85,0.8,0.95,0.35,0.8,0.25,0.1,0.86376953125,0.5166015625,0.3580322265625,0.3040771484375,0.9224853515625,0.0,0.6762858724834278,3.8122287113267697,0.07068205685188476,0.16962069417571565,0.09707545639418191,0.18798697894142913,0.10942766329670306,0.48530554638029183,0.027185692643040937,0.4832824874659377,-0.2160827056233252,0.4650606125531615,0.9888888888888889,0.011111111111111112,0.0,1.0,0.0,0.011111111111111112,0.011111111111111112,0.0,0.9888888888888889,0.9888888888888889,0.9888888888888889,0.0,0.0,0.0,0.0,490.6666666666667,0.0,0.011111111111111112,1.0,0.4,0.5,0.9888888888888889,0.07777777777777778,0.3333333333333333,0.16666666666666666,0.0,0.0,1155.838912237093,0.6939078591241461,1.0,0.4,0.8333333333333334,1.0,0.13333333333333333,0.4,0.18888888888888888,0.011111111111111112,1.0,1155.838912237093,0.4849978061144457
30,232768,red,2,-0.002326716249808669,2.849809002876282,0.005475094891153276,0.0679443359375,0.1547999531030655,3.725290298461914e-09,1.0,1.0,0.7871244668960571,0.2909785572439432,nan,nan,nan,nan,nan,nan,nan,nan,nan,nan,blue,1,True,2,1,,-4.620000006372316,-4.028333348118597,360.3888888888889,0.3888888888888889,0.6111111111111112,0.0,1.0,0.1111111111111111,0.05555555555555555,0.16666666666666666,0.5555555555555556,0.2777777777777778,0.8333333333333334,0.8333333333333334,0.0,0.0,0.0,0.0,301,301,300,151,150,1.0,0.7222222222222222,0.6666666666666666,0.8888888888888888,0.2222222222222222,0.6666666666666666,0.3333333333333333,0.1111111111111111,0.8629150390625,0.637939453125,0.6025390625,0.31884765625,0.9720458984375,0.0,0.7224170757876187,3.8286167702737743,0.10651906389829224,0.18530418345468805,0.15230444406935,0.20989910597898528,0.061469195110806396,0.49008417807987814,0.09887374435960439,0.483957001598196,-0.05535457964263912,0.4905643932635036,1.0,0.7222222222222222,0.6111111111111112,0.8888888888888888,0.16666666666666666,0.6111111111111112,0.16666666666666666,0.05555555555555555,0.871826171875,0.5570068359375,0.4228515625,0.279052734375,0.9232177734375,0.0,0.5721478148077432,3.501998075804144,0.0788993835475427,0.17528300474508834,0.10975067264968463,0.19326688848335838,0.09204156176173584,0.48803786894498974,0.041691159439238845,0.47947311367917905,-0.21473460789031407,0.4651155171936218,0.9444444444444444,0.044444444444444446,0.011111111111111112,0.9888888888888889,0.12222222222222222,0.044444444444444446,0.16666666666666666,0.0,0.8222222222222222,0.8222222222222222,0.8222222222222222,0.0,0.011111111111111112,0.0,0.0,417.4,0.044444444444444446,0.07777777777777778,1.0,0.6888888888888889,1.0,0.9555555555555556,0.5444444444444444,0.6333333333333333,0.4777777777777778,0.12222222222222222,1.0,614.4758106850451,0.29960896268429643,1.0,0.6888888888888889,0.8333333333333334,0.8666666666666667,0.3333333333333333,0.5444444444444444,0.2222222222222222,0.044444444444444446,1.0,614.4758106850451,0.4344488385127007
31,240960,red,2,-0.0009553469368256629,2.8602312326431276,0.002615819461061619,0.016845703125,0.1714065968990326,-3.725290298461914e-09,0.9999999403953552,1.0,0.7866932481527329,0.3140202030539513,nan,nan,nan,nan,nan,nan,nan,nan,nan,nan,blue,1,True,2,1,,-8.546800023950636,-1.1338000155985355,409.0,0.2,0.8,0.0,1.0,0.0,0.08,0.08,0.72,0.2,0.92,0.92,0.0,0.0,0.0,0.0,309,309,309,155,154,1.0,0.68,0.52,0.92,0.2,0.68,0.2,0.0,0.861328125,0.6214599609375,0.60205078125,0.3197021484375,0.973388671875,0.0,0.7844642764806526,3.8909448374381146,0.10592938462273316,0.18415560227672323,0.15131756454269799,0.20848070873616148,0.09150858715278432,0.4914043548978003,0.10719662493125881,0.48311512989768296,-0.06443444784473584,0.48543146776410795,1.0,0.68,0.76,1.0,0.36,0.68,0.32,0.08,0.863037109375,0.530029296875,0.3856201171875,0.281494140625,0.9251708984375,0.0,0.6405989278087085,3.889137633593187,0.07269812966355915,0.171412478321408,0.09947665128499064,0.18856646962986975,0.11193679982998006,0.48315205699945996,0.03567321881296692,0.4831679205489038,-0.20862750757413906,0.47270194726931675,0.9444444444444444,0.044444444444444446,0.011111111111111112,0.9888888888888889,0.12222222222222222,0.044444444444444446,0.16666666666666666,0.0,0.8222222222222222,0.8222222222222222,0.8222222222222222,0.0,0.011111111111111112,0.0,0.0,417.4,0.044444444444444446,0.07777777777777778,1.0,0.6888888888888889,1.0,0.9555555555555556,0.5444444444444444,0.6333333333333333,0.4777777777777778,0.12222222222222222,1.0,614.4758106850451,0.29960896268429643,1.0,0.6888888888888889,0.8333333333333334,0.8666666666666667,0.3333333333333333,0.5444444444444444,0.2222222222222222,0.044444444444444446,1.0,614.4758106850451,0.4344488385127007
32,249152,red,2,-0.0023729459149762987,2.868584859371185,0.0069319767586421225,0.09404296875,0.16279845796525477,-1.1175870895385742e-08,1.0,1.0,0.858214658498764,0.34438297525048256,nan,nan,nan,nan,nan,nan,nan,nan,nan,nan,blue,1,True,2,1,,-3.6305882460711634,-3.7988235895138454,355.4117647058824,0.4117647058823529,0.5882352941176471,0.0,1.0,0.17647058823529413,0.11764705882352941,0.29411764705882354,0.47058823529411764,0.23529411764705882,0.7058823529411765,0.7058823529411765,0.0,0.0,0.0,0.0,315,315,314,158,157,1.0,0.8823529411764706,0.5882352941176471,0.8823529411764706,0.47058823529411764,0.7647058823529411,0.23529411764705882,0.17647058823529413,0.867431640625,0.6209716796875,0.57470703125,0.3148193359375,0.9691162109375,0.0,0.6318196782028489,3.7910274983581242,0.10307024345150122,0.18244133356665712,0.14726105266492842,0.2074495834016121,0.05979903635891404,0.4910908653656137,0.10100996594303879,0.4837413686709376,-0.06579568453156881,0.49191891977032776,1.0,0.8823529411764706,0.6470588235294118,0.8235294117647058,0.4117647058823529,0.7058823529411765,0.29411764705882354,0.11764705882352941,0.8663330078125,0.5421142578125,0.3695068359375,0.28955078125,0.926025390625,0.0,0.600702540598003,3.7202517368672994,0.07348506544279931,0.17101058210320408,0.10017796241111923,0.18848894165641272,0.12729995390744975,0.4868236215941977,0.03876735416022825,0.4827713874671411,-0.21718144132808703,0.4706870939068501,0.9444444444444444,0.044444444444444446,0.011111111111111112,0.9888888888888889,0.12222222222222222,0.044444444444444446,0.16666666666666666,0.0,0.8222222222222222,0.8222222222222222,0.8222222222222222,0.0,0.011111111111111112,0.0,0.0,417.4,0.044444444444444446,0.07777777777777778,1.0,0.6888888888888889,1.0,0.9555555555555556,0.5444444444444444,0.6333333333333333,0.4777777777777778,0.12222222222222222,1.0,614.4758106850451,0.29960896268429643,1.0,0.6888888888888889,0.8333333333333334,0.8666666666666667,0.3333333333333333,0.5444444444444444,0.2222222222222222,0.044444444444444446,1.0,614.4758106850451,0.4344488385127007
33,257344,red,2,-0.0009463893482461571,2.876383066177368,0.0030956848335335963,0.0277099609375,0.1642965767532587,1.862645149230957e-09,1.0,1.0,0.7368387401103973,0.44006093069911,nan,nan,nan,nan,nan,nan,nan,nan,nan,nan,blue,1,True,2,1,,-3.8660416750935838,-5.763541703306449,429.3333333333333,0.5833333333333334,0.4166666666666667,0.0,1.0,0.08333333333333333,0.0,0.08333333333333333,0.4166666666666667,0.5,0.9166666666666666,0.9166666666666666,0.0,0.0,0.0,0.0,323,323,322,162,161,1.0,0.7916666666666666,0.625,0.875,0.4583333333333333,0.7916666666666666,0.16666666666666666,0.08333333333333333,0.8662109375,0.65869140625,0.5904541015625,0.278564453125,0.9739990234375,0.0,0.5589826984553508,3.533226040782997,0.10842106530271062,0.18339071334266333,0.15118927436126273,0.20692662149722477,0.03453791224920266,0.4997562368632605,0.1306039611370764,0.4865240375101416,-0.03061790719114299,0.4948288841703399,1.0,0.7916666666666666,0.7083333333333334,0.9166666666666666,0.25,0.6666666666666666,0.25,0.0,0.8658447265625,0.5167236328125,0.384765625,0.27734375,0.912109375,0.0,0.58958395683373,3.617337444394047,0.07208837560581001,0.17492241201611372,0.0996343516933208,0.19220896821898883,0.11852340887641333,0.48548083945112663,0.019615002615211097,0.4865553188513355,-0.20944893708105639,0.47001337210844685,0.9444444444444444,0.044444444444444446,0.011111111111111112,0.9888888888888889,0.12222222222222222,0.044444444444444446,0.16666666666666666,0.0,0.8222222222222222,0.8222222222222222,0.8222222222222222,0.0,0.011111111111111112,0.0,0.0,417.4,0.044444444444444446,0.07777777777777778,1.0,0.6888888888888889,1.0,0.9555555555555556,0.5444444444444444,0.6333333333333333,0.4777777777777778,0.12222222222222222,1.0,614.4758106850451,0.29960896268429643,1.0,0.6888888888888889,0.8333333333333334,0.8666666666666667,0.3333333333333333,0.5444444444444444,0.2222222222222222,0.044444444444444446,1.0,614.4758106850451,0.4344488385127007
34,265536,red,2,-0.0020641186740249394,2.8818509578704834,0.005148877146712039,0.0623779296875,0.1743623774498701,3.725290298461914e-09,0.9999999403953552,1.0,0.44793912172317507,0.1736618909984827,nan,nan,nan,nan,nan,nan,nan,nan,nan,nan,blue,1,True,2,1,,-4.665294149780975,-5.379411787452066,405.29411764705884,0.5294117647058824,0.47058823529411764,0.0,1.0,0.058823529411764705,0.0,0.058823529411764705,0.47058823529411764,0.47058823529411764,0.9411764705882353,0.9411764705882353,0.0,0.0,0.0,0.0,329,328,328,165,164,1.0,0.7647058823529411,0.7058823529411765,0.8823529411764706,0.47058823529411764,0.7647058823529411,0.17647058823529413,0.058823529411764705,0.870361328125,0.6685791015625,0.5628662109375,0.2550048828125,0.976806640625,0.0,0.5044562364559506,3.4592071026810927,0.11005213215377839,0.18526103389451612,0.1530962694517925,0.21026605211509505,0.030379871561169836,0.5001470202492141,0.13919595877090174,0.48202002110580744,-0.06899369382579579,0.49431886889135557,1.0,0.7647058823529411,0.5882352941176471,0.9411764705882353,0.17647058823529413,0.7058823529411765,0.17647058823529413,0.0,0.865478515625,0.5159912109375,0.416748046875,0.3004150390625,0.927001953125,0.0,0.7273035266063307,3.969006346401289,0.07390873685029387,0.16860005811422452,0.10271586172431524,0.18493567391611182,0.12043198031847879,0.48868496132323,0.04168178422017377,0.4862222855206654,-0.1923048803709655,0.4749536423275778,0.9444444444444444,0.044444444444444446,0.011111111111111112,0.9888888888888889,0.12222222222222222,0.044444444444444446,0.16666666666666666,0.0,0.8222222222222222,0.8222222222222222,0.8222222222222222,0.0,0.011111111111111112,0.0,0.0,417.4,0.044444444444444446,0.07777777777777778,1.0,0.6888888888888889,1.0,0.9555555555555556,0.5444444444444444,0.6333333333333333,0.4777777777777778,0.12222222222222222,1.0,614.4758106850451,0.29960896268429643,1.0,0.6888888888888889,0.8333333333333334,0.8666666666666667,0.3333333333333333,0.5444444444444444,0.2222222222222222,0.044444444444444446,1.0,614.4758106850451,0.4344488385127007
35,273728,red,2,-0.0031764729996211828,2.888812518119812,0.004724332092155237,0.055908203125,0.15527707636356353,0.0,1.0,1.0,0.435796283185482,0.312724856287241,nan,nan,nan,nan,nan,nan,nan,nan,nan,nan,blue,1,True,2,1,,-1.9669444313686755,-7.945277789141983,426.27777777777777,0.7222222222222222,0.2777777777777778,0.0,1.0,0.05555555555555555,0.0,0.05555555555555555,0.2777777777777778,0.6666666666666666,0.9444444444444444,0.9444444444444444,0.0,0.0,0.0,0.0,335,334,334,168,167,1.0,0.7777777777777778,0.7222222222222222,0.9444444444444444,0.5,0.7777777777777778,0.2222222222222222,0.05555555555555555,0.862060546875,0.689453125,0.5042724609375,0.2120361328125,0.9698486328125,0.0,0.3761249912843769,2.9358150550044084,0.10652931482391664,0.1841186232793815,0.14420133206656058,0.20796887451274212,0.033161630430637246,0.49465913398646694,0.1421802478225409,0.4815433614375991,-0.10931522959038986,0.48607347880532914,1.0,0.7777777777777778,0.6666666666666666,0.9444444444444444,0.3333333333333333,0.7222222222222222,0.16666666666666666,0.0,0.8702392578125,0.5164794921875,0.3885498046875,0.2757568359375,0.9085693359375,0.0,0.5878918383635943,4.051126265355699,0.07183277656259016,0.1699499096050321,0.09898184125669417,0.1854402689562172,0.11688881305062893,0.48780183476888095,0.03050334687075207,0.48638880803316703,-0.20382459502538453,0.47388481679227645,0.8,0.16666666666666666,0.03333333333333333,0.9666666666666667,0.05555555555555555,0.1111111111111111,0.16666666666666666,0.06666666666666667,0.7555555555555555,0.8111111111111111,0.8111111111111111,0.0,0.022222222222222223,0.0,0.0,421.7111111111111,0.05555555555555555,0.05555555555555555,1.0,0.7,0.9333333333333333,0.8888888888888888,0.5444444444444444,0.5888888888888889,0.25555555555555554,0.05555555555555555,1.0,596.4031097812259,0.28495707519385033,1.0,0.7,0.8333333333333334,0.9444444444444444,0.37777777777777777,0.6333333333333333,0.3,0.1111111111111111,1.0,596.4031097812259,0.34305606760802787
36,281920,red,2,-0.0021792900050058963,2.8945162534713744,0.005211785067513119,0.06875,0.1905538033694029,-2.7939677238464355e-09,1.0,1.0,0.25236598029732704,0.16241825520992278,nan,nan,nan,nan,nan,nan,nan,nan,nan,nan,blue,1,True,2,1,,-2.5463333398103716,-7.700333350338042,481.93333333333334,0.7333333333333333,0.26666666666666666,0.0,1.0,0.0,0.0,0.0,0.26666666666666666,0.7333333333333333,1.0,1.0,0.0,0.0,0.0,0.0,340,339,339,170,170,1.0,0.8666666666666667,0.7333333333333333,1.0,0.5333333333333333,0.8666666666666667,0.06666666666666667,0.0,0.86572265625,0.69775390625,0.4705810546875,0.142578125,0.97265625,0.0,0.27647731493670913,2.6350314897300113,0.10611609587311323,0.1833985305395296,0.14100362920356393,0.20442947139687,-0.015054196103456263,0.5083089947319258,0.16124559894467438,0.48129252067895917,-0.10294304288085243,0.49045122996428475,1.0,0.8666666666666667,0.7333333333333333,0.9333333333333333,0.4,0.8666666666666667,0.06666666666666667,0.0,0.870361328125,0.5030517578125,0.3702392578125,0.2760009765625,0.8985595703125,0.0,0.5993074144538008,3.856889760026797,0.06968606369335167,0.17081373469301162,0.09584065393560826,0.18728558884489452,0.12487789471644106,0.4797965830996271,0.017888485248025887,0.47929008494732767,-0.1975647689287392,0.47084316955254024,0.8,0.16666666666666666,0.03333333333333333,0.9666666666666667,0.05555555555555555,0.1111111111111111,0.16666666666666666,0.06666666666666667,0.7555555555555555,0.8111111111111111,0.8111111111111111,0.0,0.022222222222222223,0.0,0.0,421.7111111111111,0.05555555555555555,0.05555555555555555,1.0,0.7,0.9333333333333333,0.8888888888888888,0.5444444444444444,0.5888888888888889,0.25555555555555554,0.05555555555555555,1.0,596.4031097812259,0.28495707519385033,1.0,0.7,0.8333333333333334,0.9444444444444444,0.37777777777777777,0.6333333333333333,0.3,0.1111111111111111,1.0,596.4031097812259,0.34305606760802787
37,290112,red,2,-0.0017280334606766701,2.8971548199653627,0.00441815545927966,0.05341796875,0.18373122066259384,-7.450580596923828e-09,1.0,1.0,0.3823299691081047,0.2528902865946293,nan,nan,nan,nan,nan,nan,nan,nan,nan,nan,blue,1,True,2,1,,0.4760869239740398,-10.424565253941262,444.39130434782606,0.9565217391304348,0.043478260869565216,0.0,1.0,0.08695652173913043,0.0,0.08695652173913043,0.043478260869565216,0.8695652173913043,0.9130434782608695,0.9130434782608695,0.0,0.0,0.0,0.0,347,347,347,174,173,1.0,0.7391304347826086,0.7391304347826086,1.0,0.6086956521739131,0.7391304347826086,0.21739130434782608,0.08695652173913043,0.8668212890625,0.7066650390625,0.4591064453125,0.107177734375,0.970947265625,0.0,0.22202120027810862,2.477885054954762,0.10764351426140342,0.181899558152766,0.14227755357644536,0.20294279657818018,-0.053445051733515214,0.5018056791635604,0.17312589088596297,0.4783595651766004,-0.1218064289301033,0.4940912368006944,1.0,0.7391304347826086,0.5652173913043478,0.8695652173913043,0.13043478260869565,0.6086956521739131,0.21739130434782608,0.0,0.86083984375,0.5028076171875,0.396240234375,0.2779541015625,0.899169921875,0.0,0.6719195116367183,4.075055944967536,0.07109987328132575,0.17243537001070364,0.0985116638285243,0.1893249269381747,0.13077368149594193,0.4821237220667856,0.022637555507202478,0.48429400415564305,-0.19269376571612185,0.47080788567720716,0.8,0.16666666666666666,0.03333333333333333,0.9666666666666667,0.05555555555555555,0.1111111111111111,0.16666666666666666,0.06666666666666667,0.7555555555555555,0.8111111111111111,0.8111111111111111,0.0,0.022222222222222223,0.0,0.0,421.7111111111111,0.05555555555555555,0.05555555555555555,1.0,0.7,0.9333333333333333,0.8888888888888888,0.5444444444444444,0.5888888888888889,0.25555555555555554,0.05555555555555555,1.0,596.4031097812259,0.28495707519385033,1.0,0.7,0.8333333333333334,0.9444444444444444,0.37777777777777777,0.6333333333333333,0.3,0.1111111111111111,1.0,596.4031097812259,0.34305606760802787
38,298304,red,2,-0.0011121585965156555,2.896910083293915,0.005009102492476813,0.0619140625,0.14426579959690572,-1.4901161193847656e-08,0.9999999403953552,1.0,0.43478629887104037,0.3013146948069334,nan,nan,nan,nan,nan,nan,nan,nan,nan,nan,blue,1,True,2,1,,1.4268750510527752,-10.752500059898011,391.8125,0.8125,0.1875,0.0,1.0,0.1875,0.0,0.1875,0.1875,0.625,0.8125,0.8125,0.0,0.0,0.0,0.0,353,352,352,177,176,1.0,0.8125,0.75,1.0,0.6875,0.8125,0.25,0.1875,0.8646240234375,0.7119140625,0.42578125,0.080078125,0.9691162109375,0.0,0.10338347904087894,0.7454267116769058,0.10546489377038751,0.1821468756170404,0.13709056315376972,0.20239497097598205,-0.10420973231127562,0.4932259546200593,0.18724468388521487,0.4722096699607598,-0.13571205916116824,0.49502258849375835,1.0,0.8125,0.625,0.75,0.3125,0.625,0.125,0.0,0.869384765625,0.509033203125,0.4417724609375,0.330078125,0.9246826171875,0.0,0.8292642831559496,4.213609021870187,0.07295882646107266,0.17101943451312399,0.10355818289520541,0.18808902799652816,0.15046114285584622,0.4829085315734809,0.022044319827404735,0.48166257770736903,-0.18312680718634766,0.4706537464942916,0.8,0.16666666666666666,0.03333333333333333,0.9666666666666667,0.05555555555555555,0.1111111111111111,0.16666666666666666,0.06666666666666667,0.7555555555555555,0.8111111111111111,0.8111111111111111,0.0,0.022222222222222223,0.0,0.0,421.7111111111111,0.05555555555555555,0.05555555555555555,1.0,0.7,0.9333333333333333,0.8888888888888888,0.5444444444444444,0.5888888888888889,0.25555555555555554,0.05555555555555555,1.0,596.4031097812259,0.28495707519385033,1.0,0.7,0.8333333333333334,0.9444444444444444,0.37777777777777777,0.6333333333333333,0.3,0.1111111111111111,1.0,596.4031097812259,0.34305606760802787
39,300000,red,2,-0.0010242134893866605,2.8980493545532227,0.00013889368833330806,0.0,0.13040468096733093,1.3495391470996765e-08,0.9999999403953552,1.0,0.23697300255298615,0.7364041686058045,nan,nan,nan,nan,nan,nan,nan,nan,nan,nan,blue,1,True,2,1,2,-3.644000036455691,-6.862000000849366,427.4,0.8,0.2,0.0,1.0,0.0,0.0,0.0,0.2,0.8,1.0,1.0,0.0,0.0,0.0,0.0,354,354,354,177,177,1.0,0.6,0.6,1.0,0.6,0.6,0.0,0.0,0.8637971698113207,0.7051886792452831,0.41450471698113206,0.09492924528301887,0.9616745283018868,0.0,0.12831758526687842,1.2248438895407106,0.1022116392678342,0.17966192416687987,0.1339806839989586,0.20564967579124088,-0.1287812555683387,0.49452998658849157,0.1804312304261228,0.48066502464690986,-0.1283829910726298,0.49701708085337787,1.0,0.6,0.8,1.0,0.2,0.6,0.4,0.0,0.8596698113207547,0.4516509433962264,0.3915094339622642,0.330188679245283,0.8974056603773585,0.0,0.907774084721378,4.168867396750344,0.06530547473424361,0.15765788872049544,0.09085469608935182,0.17697250920109475,0.16752166455351575,0.47418619885344254,0.02194975565801559,0.4871783777605035,-0.19764941753601306,0.4715566621882296,0.3111111111111111,0.6333333333333333,0.05555555555555555,0.9444444444444444,0.011111111111111112,0.37777777777777777,0.3888888888888889,0.3111111111111111,0.35555555555555557,0.6111111111111112,0.6111111111111112,0.0,0.0,0.0,0.0,385.56666666666666,0.011111111111111112,0.36666666666666664,1.0,0.7444444444444445,0.8111111111111111,0.8444444444444444,0.4444444444444444,0.5777777777777777,0.17777777777777778,0.011111111111111112,1.0,650.8580125494148,0.33418371100867356,1.0,0.7444444444444445,0.8333333333333334,0.9888888888888889,0.5444444444444444,0.7333333333333333,0.5666666666666667,0.37777777777777777,1.0,650.8580125494148,0.21912336182768882
40,308192,blue,3,nan,nan,nan,nan,nan,nan,nan,nan,nan,nan,-0.0012370402226224541,2.82779198884964,0.006933100603055209,0.093359375,0.1622413109987974,9.313225746154785e-09,1.0,1.0,1.172822856903076,0.22738798558712006,red,0,False,3,1,,-10.0,10.0,74.5,0.0,1.0,0.0,1.0,0.0,1.0,1.0,0.0,0.0,0.0,0.0,0.0,0.0,0.0,0.0,370,369,369,185,185,1.0,1.0,0.0,0.0,0.0,0.0,0.0,0.0,0.8582763671875,0.5404052734375,0.59716796875,0.340087890625,0.9658203125,0.0,0.9429821120710026,4.3903175944253965,0.09243782430069647,0.18218578404194405,0.14728849881902417,0.2041224151516904,0.1361095184692509,0.4715865938383929,-0.024354727409544807,0.4739337518874079,-0.060255514555301204,0.4764905961238186,1.0,1.0,1.0,1.0,1.0,1.0,1.0,1.0,0.8609619140625,0.6507568359375,0.45361328125,0.195556640625,0.955810546875,0.0,0.34358813065680305,2.5785818532180405,0.09114879897393958,0.18078458702718714,0.1264033073451302,0.1994596814562918,0.06250245797762233,0.48622169753036865,0.06702818275660505,0.48286660901532885,-0.23424710372564306,0.46250296337677743,0.37777777777777777,0.6222222222222222,0.0,1.0,0.12222222222222222,0.2111111111111111,0.3333333333333333,0.4111111111111111,0.25555555555555554,0.6666666666666666,0.6666666666666666,0.0,0.0,0.0,0.0,367.52222222222224,0.12222222222222222,0.08888888888888889,1.0,0.7111111111111111,0.8222222222222222,0.8444444444444444,0.45555555555555555,0.5,0.28888888888888886,0.12222222222222222,1.0,720.9401849947047,0.36448702145894835,1.0,0.7111111111111111,0.8333333333333334,0.9,0.37777777777777777,0.6111111111111112,0.3888888888888889,0.2222222222222222,0.95,720.9401849947047,0.2836810849531775
41,316384,blue,3,nan,nan,nan,nan,nan,nan,nan,nan,nan,nan,-0.0016124357236549259,2.8319645524024963,0.0027969745060545392,0.0221923828125,0.13527579121291639,-3.725290298461914e-09,1.0,1.0,0.624266903102398,0.1520987056195736,red,0,False,3,1,,-11.086184257690451,2.272105248203795,286.8157894736842,0.0,1.0,0.0,1.0,0.0,0.18421052631578946,0.18421052631578946,0.8157894736842105,0.0,0.8157894736842105,0.8157894736842105,0.0,0.0,0.0,0.0,382,382,382,191,191,1.0,0.6052631578947368,0.6052631578947368,0.631578947368421,0.07894736842105263,0.42105263157894735,0.21052631578947367,0.0,0.8516845703125,0.4996337890625,0.5860595703125,0.3531494140625,0.958984375,0.0,1.08981472533339,4.508400395985407,0.08888004678928982,0.1813949407257344,0.1443491790362882,0.20429868154964306,0.14119944908523507,0.4648917053460637,-0.014411280072533117,0.4757552437911296,-0.05694300473048486,0.4732126668881007,1.0,0.6052631578947368,0.7894736842105263,1.0,0.3157894736842105,0.6052631578947368,0.3684210526315789,0.18421052631578946,0.863037109375,0.6439208984375,0.4324951171875,0.2010498046875,0.9552001953125,0.0,0.32236356191791354,2.541166041722088,0.08959542811869112,0.18091581889527625,0.1224265280595487,0.2000376979686124,0.12647257833281245,0.48543682589014603,0.08217951998669903,0.480376996424062,-0.20969095352251088,0.46417408208297295,0.37777777777777777,0.6222222222222222,0.0,1.0,0.12222222222222222,0.2111111111111111,0.3333333333333333,0.4111111111111111,0.25555555555555554,0.6666666666666666,0.6666666666666666,0.0,0.0,0.0,0.0,367.52222222222224,0.12222222222222222,0.08888888888888889,1.0,0.7111111111111111,0.8222222222222222,0.8444444444444444,0.45555555555555555,0.5,0.28888888888888886,0.12222222222222222,1.0,720.9401849947047,0.36448702145894835,1.0,0.7111111111111111,0.8333333333333334,0.9,0.37777777777777777,0.6111111111111112,0.3888888888888889,0.2222222222222222,0.95,720.9401849947047,0.2836810849531775
42,324576,blue,3,nan,nan,nan,nan,nan,nan,nan,nan,nan,nan,-0.002130069816485047,2.8370561599731445,0.0075293744681403044,0.1014404296875,0.19753924012184143,-2.7939677238464355e-09,1.0,1.0,0.5464778453111648,0.17830232046544553,red,0,False,3,1,,-10.93203128472669,2.9949999960372224,262.34375,0.0,1.0,0.0,1.0,0.0,0.25,0.25,0.75,0.0,0.75,0.75,0.0,0.0,0.0,0.0,393,393,392,197,196,1.0,0.6875,0.5,0.59375,0.03125,0.4375,0.15625,0.0,0.861572265625,0.4639892578125,0.5980224609375,0.40087890625,0.9603271484375,0.0,1.347396000908765,4.5584388338914374,0.08608527393315796,0.17939161908784182,0.14382980927652447,0.2036079555239411,0.13400357159136433,0.47216295997926955,-0.017320380526570034,0.4752138152414109,-0.08195744829854945,0.47699373481390134,1.0,0.6875,0.78125,1.0,0.34375,0.6875,0.40625,0.25,0.8623046875,0.68798828125,0.342041015625,0.1131591796875,0.9588623046875,0.0,0.13222226637827705,1.1445608650253192,0.09064879432620737,0.17761991295543883,0.11967158477921,0.19533782991987672,0.1314818257203214,0.4828958116757496,0.11964099011170504,0.4830274629571157,-0.23724621813959246,0.46575119918374935,0.37777777777777777,0.6222222222222222,0.0,1.0,0.12222222222222222,0.2111111111111111,0.3333333333333333,0.4111111111111111,0.25555555555555554,0.6666666666666666,0.6666666666666666,0.0,0.0,0.0,0.0,367.52222222222224,0.12222222222222222,0.08888888888888889,1.0,0.7111111111111111,0.8222222222222222,0.8444444444444444,0.45555555555555555,0.5,0.28888888888888886,0.12222222222222222,1.0,720.9401849947047,0.36448702145894835,1.0,0.7111111111111111,0.8333333333333334,0.9,0.37777777777777777,0.6111111111111112,0.3888888888888889,0.2222222222222222,0.95,720.9401849947047,0.2836810849531775
43,332768,blue,3,nan,nan,nan,nan,nan,nan,nan,nan,nan,nan,-0.0023134591989219188,2.843578803539276,0.004973942195647396,0.058251953125,0.14951601363718509,1.1175870895385742e-08,0.9999999403953552,1.0,0.5878831148147583,0.19244724437594413,red,0,False,3,1,,-10.387586229705605,2.3699999855959724,266.13793103448273,0.0,1.0,0.0,1.0,0.0,0.2413793103448276,0.2413793103448276,0.7586206896551724,0.0,0.7586206896551724,0.7586206896551724,0.0,0.0,0.0,0.0,403,402,402,202,201,1.0,0.6551724137931034,0.5172413793103449,0.6206896551724138,0.10344827586206896,0.3793103448275862,0.1724137931034483,0.0,0.8607177734375,0.473876953125,0.58837890625,0.3798828125,0.9630126953125,0.0,1.2668642138278885,4.5424577531424895,0.08788737526197175,0.1801294962797745,0.1438893630431779,0.20496967473845543,0.13649226699134687,0.47424506596880067,-0.01448420941938977,0.4794810065400351,-0.07349142863592562,0.4769043622292629,1.0,0.6551724137931034,0.8275862068965517,1.0,0.3103448275862069,0.6551724137931034,0.4482758620689655,0.2413793103448276,0.86767578125,0.7017822265625,0.3494873046875,0.0701904296875,0.966796875,0.0,0.07391048691922122,0.3957642848285229,0.09895152459621001,0.1795896462991321,0.12873416961068548,0.1980535218247352,0.0351227226339077,0.49503198366118206,0.16624363991510904,0.4702271535753693,-0.23886352924997922,0.4610914564574506,0.37777777777777777,0.6222222222222222,0.0,1.0,0.12222222222222222,0.2111111111111111,0.3333333333333333,0.4111111111111111,0.25555555555555554,0.6666666666666666,0.6666666666666666,0.0,0.0,0.0,0.0,367.52222222222224,0.12222222222222222,0.08888888888888889,1.0,0.7111111111111111,0.8222222222222222,0.8444444444444444,0.45555555555555555,0.5,0.28888888888888886,0.12222222222222222,1.0,720.9401849947047,0.36448702145894835,1.0,0.7111111111111111,0.8333333333333334,0.9,0.37777777777777777,0.6111111111111112,0.3888888888888889,0.2222222222222222,0.95,720.9401849947047,0.2836810849531775
44,340960,blue,3,nan,nan,nan,nan,nan,nan,nan,nan,nan,nan,-0.0015082085272297263,2.8461270689964295,0.005157347513886634,0.062255859375,0.13897012546658516,0.0,1.0,1.0,0.7433427542448043,0.20435622483491897,red,0,False,3,1,,-11.117833375030507,3.530666658685853,249.93333333333334,0.0,1.0,0.0,1.0,0.0,0.3,0.3,0.7,0.0,0.7,0.7,0.0,0.0,0.0,0.0,413,412,412,207,206,1.0,0.7,0.4666666666666667,0.6,0.0,0.4,0.16666666666666666,0.0,0.8577880859375,0.4974365234375,0.5914306640625,0.369140625,0.9619140625,0.0,1.1551953393341412,4.512597549495717,0.08953127641471006,0.18277306371216956,0.14710293552164608,0.20626373449063698,0.14011150576397569,0.46906720002498875,-0.017634617130127594,0.47696822613458306,-0.05870334256924892,0.47680281070484076,1.0,0.7,0.8,1.0,0.4,0.7,0.4666666666666667,0.3,0.8609619140625,0.686279296875,0.38232421875,0.13232421875,0.9581298828125,0.0,0.17883565194949289,1.2827658333855538,0.09859199185588492,0.179545773317219,0.12817593879705402,0.19805770669883463,0.042927373388604195,0.4964895335028953,0.1814497869288303,0.47602298328800313,-0.24303261957919986,0.4647066795571742,0.37777777777777777,0.6222222222222222,0.0,1.0,0.12222222222222222,0.2111111111111111,0.3333333333333333,0.4111111111111111,0.25555555555555554,0.6666666666666666,0.6666666666666666,0.0,0.0,0.0,0.0,367.52222222222224,0.12222222222222222,0.08888888888888889,1.0,0.7111111111111111,0.8222222222222222,0.8444444444444444,0.45555555555555555,0.5,0.28888888888888886,0.12222222222222222,1.0,720.9401849947047,0.36448702145894835,1.0,0.7111111111111111,0.8333333333333334,0.9,0.37777777777777777,0.6111111111111112,0.3888888888888889,0.2222222222222222,0.95,720.9401849947047,0.2836810849531775
45,349152,blue,3,nan,nan,nan,nan,nan,nan,nan,nan,nan,nan,-0.0009892294183373451,2.847614896297455,0.0024744198875851,0.0251953125,0.13482094705104827,-3.725290298461914e-09,1.0,1.0,0.7066887557506562,0.19686629213392734,red,0,False,3,1,,-10.818939428974057,3.0728787804361093,258.5151515151515,0.0,1.0,0.0,1.0,0.0,0.2727272727272727,0.2727272727272727,0.7272727272727273,0.0,0.7272727272727273,0.7272727272727273,0.0,0.0,0.0,0.0,424,423,423,212,212,1.0,0.696969696969697,0.48484848484848486,0.6666666666666666,0.09090909090909091,0.3939393939393939,0.15151515151515152,0.0,0.8623046875,0.487060546875,0.5960693359375,0.369384765625,0.9630126953125,0.0,1.1650091122568038,4.526645267187853,0.08787309756149954,0.18109964287970967,0.14559613659191714,0.20360400412570984,0.14698759736312894,0.46741324311407884,-0.022531256808381528,0.4737053010984882,-0.06299439884496394,0.4798200632230353,1.0,0.696969696969697,0.8787878787878788,1.0,0.3333333333333333,0.696969696969697,0.48484848484848486,0.2727272727272727,0.8662109375,0.66064453125,0.3773193359375,0.133544921875,0.9451904296875,0.0,0.20126491360805254,1.4503798180257867,0.09619663221016923,0.1778144490657232,0.12441841169770039,0.19570735032096748,0.03368234367008327,0.49427062001758026,0.20667463556063836,0.47964624054400845,-0.22450479325180694,0.4671404017592552,0.43333333333333335,0.5555555555555556,0.011111111111111112,0.9888888888888889,0.011111111111111112,0.4111111111111111,0.4222222222222222,0.14444444444444443,0.4222222222222222,0.5666666666666667,0.5666666666666667,0.0,0.011111111111111112,0.0,0.0,355.26666666666665,0.011111111111111112,0.39999999999999997,1.0,0.6666666666666666,0.8111111111111111,0.8777777777777778,0.4,0.5444444444444444,0.17777777777777778,0.011111111111111112,1.0,732.2272166551691,0.3748480502924599,1.0,0.6666666666666666,0.8333333333333334,0.9777777777777777,0.4444444444444444,0.6444444444444445,0.5888888888888889,0.4111111111111111,1.0,732.2272166551691,0.30554573422683434
46,357344,blue,3,nan,nan,nan,nan,nan,nan,nan,nan,nan,nan,-0.0007278699660673738,2.852452349662781,0.004012573335785419,0.0445068359375,0.13755080811679363,-9.313225746154785e-10,1.0,1.0,0.804007402062416,0.17127790227532386,red,0,False,3,1,,-10.532500024775372,2.9098529167035045,263.5882352941176,0.0,1.0,0.0,1.0,0.0,0.29411764705882354,0.29411764705882354,0.7058823529411765,0.0,0.7058823529411765,0.7058823529411765,0.0,0.0,0.0,0.0,435,435,434,218,217,1.0,0.7352941176470589,0.5294117647058824,0.6470588235294118,0.0,0.4411764705882353,0.17647058823529413,0.0,0.8624267578125,0.475830078125,0.599609375,0.37158203125,0.9625244140625,0.0,1.236219727421619,4.520290578284976,0.08719590564110247,0.1810269475209832,0.14354939931567537,0.20537593297129067,0.15137626792826353,0.46662655522666874,-0.013860527255318722,0.4782846469799274,-0.058369995334398794,0.47639041429542184,1.0,0.7352941176470589,0.8235294117647058,0.9705882352941176,0.35294117647058826,0.7058823529411765,0.4411764705882353,0.29411764705882354,0.865234375,0.637939453125,0.3603515625,0.14111328125,0.9378662109375,0.0,0.28946518056160386,2.48541555795444,0.09117435213255548,0.17621348919929936,0.11748590699481104,0.19328766377354328,0.03375158905042497,0.4969375636755544,0.21352823061877757,0.47669235943658506,-0.23218574969325445,0.4666961008877564,0.43333333333333335,0.5555555555555556,0.011111111111111112,0.9888888888888889,0.011111111111111112,0.4111111111111111,0.4222222222222222,0.14444444444444443,0.4222222222222222,0.5666666666666667,0.5666666666666667,0.0,0.011111111111111112,0.0,0.0,355.26666666666665,0.011111111111111112,0.39999999999999997,1.0,0.6666666666666666,0.8111111111111111,0.8777777777777778,0.4,0.5444444444444444,0.17777777777777778,0.011111111111111112,1.0,732.2272166551691,0.3748480502924599,1.0,0.6666666666666666,0.8333333333333334,0.9777777777777777,0.4444444444444444,0.6444444444444445,0.5888888888888889,0.4111111111111111,1.0,732.2272166551691,0.30554573422683434
47,365536,blue,3,nan,nan,nan,nan,nan,nan,nan,nan,nan,nan,-0.0019299102714285254,2.8594913244247437,0.004462726650672266,0.051318359375,0.13780980184674263,-5.587935447692871e-09,0.9999998807907104,1.0,0.5721570894122123,0.2119238931685686,red,0,False,3,1,,-10.874807725302302,3.069230759408898,256.9230769230769,0.0,1.0,0.0,1.0,0.0,0.2692307692307692,0.2692307692307692,0.7307692307692307,0.0,0.7307692307692307,0.7307692307692307,0.0,0.0,0.0,0.0,444,443,443,222,222,1.0,0.6923076923076923,0.5,0.6538461538461539,0.038461538461538464,0.4230769230769231,0.15384615384615385,0.0,0.8570556640625,0.485595703125,0.58447265625,0.37646484375,0.9603271484375,0.0,1.1894000526248196,4.547619821013449,0.08778930960037437,0.181910793904754,0.14483586356081676,0.20542952545110443,0.14739065290172704,0.4694332205072287,-0.01677082547641362,0.47552721030582257,-0.06649106688923467,0.4722743822051826,1.0,0.6923076923076923,0.7692307692307693,1.0,0.2692307692307692,0.6923076923076923,0.4230769230769231,0.2692307692307692,0.871337890625,0.6331787109375,0.3470458984375,0.1083984375,0.90576171875,0.0,0.21739961138354286,1.7532803631290785,0.09359757130525807,0.1777426288137063,0.11790743628530442,0.19524928555714965,-0.020941563007049524,0.5037353054600032,0.2789738958261232,0.4665586915210969,-0.22074862922807625,0.4657958437978038,0.43333333333333335,0.5555555555555556,0.011111111111111112,0.9888888888888889,0.011111111111111112,0.4111111111111111,0.4222222222222222,0.14444444444444443,0.4222222222222222,0.5666666666666667,0.5666666666666667,0.0,0.011111111111111112,0.0,0.0,355.26666666666665,0.011111111111111112,0.39999999999999997,1.0,0.6666666666666666,0.8111111111111111,0.8777777777777778,0.4,0.5444444444444444,0.17777777777777778,0.011111111111111112,1.0,732.2272166551691,0.3748480502924599,1.0,0.6666666666666666,0.8333333333333334,0.9777777777777777,0.4444444444444444,0.6444444444444445,0.5888888888888889,0.4111111111111111,1.0,732.2272166551691,0.30554573422683434
48,373728,blue,3,nan,nan,nan,nan,nan,nan,nan,nan,nan,nan,-0.0008899518055841326,2.86540801525116,0.004484350043640006,0.0572509765625,0.1461384579539299,-8.381903171539307e-09,0.9999999403953552,1.0,0.7904553771018982,0.16986090429127215,red,0,False,3,1,,-10.406470605911796,3.0070588129901274,256.2352941176471,0.0,1.0,0.0,1.0,0.0,0.29411764705882354,0.29411764705882354,0.7058823529411765,0.0,0.7058823529411765,0.7058823529411765,0.0,0.0,0.0,0.0,455,455,454,228,227,1.0,0.7058823529411765,0.47058823529411764,0.6176470588235294,0.14705882352941177,0.38235294117647056,0.14705882352941177,0.0,0.8577880859375,0.481689453125,0.5919189453125,0.3714599609375,0.961669921875,0.0,1.1934685794237625,4.528123570891291,0.08795656205963642,0.18163889874648914,0.14557271855933274,0.20568283642318577,0.15205161355397934,0.46970708784805154,-0.01609654349380918,0.4743580782300351,-0.058051313270638616,0.4742682550550752,1.0,0.7058823529411765,0.8529411764705882,1.0,0.4411764705882353,0.7058823529411765,0.47058823529411764,0.29411764705882354,0.8619384765625,0.6219482421875,0.3519287109375,0.1092529296875,0.912109375,0.0,0.2193924414705458,1.6820559778343906,0.0914908501600259,0.17787165580104436,0.11570315189742575,0.19573794803241454,-0.02677540481347762,0.49693382330580527,0.26188628741892117,0.46781534558493354,-0.24630587755511613,0.4650978077476295,0.43333333333333335,0.5555555555555556,0.011111111111111112,0.9888888888888889,0.011111111111111112,0.4111111111111111,0.4222222222222222,0.14444444444444443,0.4222222222222222,0.5666666666666667,0.5666666666666667,0.0,0.011111111111111112,0.0,0.0,355.26666666666665,0.011111111111111112,0.39999999999999997,1.0,0.6666666666666666,0.8111111111111111,0.8777777777777778,0.4,0.5444444444444444,0.17777777777777778,0.011111111111111112,1.0,732.2272166551691,0.3748480502924599,1.0,0.6666666666666666,0.8333333333333334,0.9777777777777777,0.4444444444444444,0.6444444444444445,0.5888888888888889,0.4111111111111111,1.0,732.2272166551691,0.30554573422683434
49,381920,blue,3,nan,nan,nan,nan,nan,nan,nan,nan,nan,nan,-0.0012584882555529476,2.8691713213920593,0.004087722436815966,0.0413818359375,0.13292548768222331,-7.450580596923828e-09,0.9999999403953552,1.0,0.6339506894350052,0.16058171689510345,red,0,False,3,1,,-11.156406294292537,3.015156237175688,267.28125,0.0,1.0,0.0,1.0,0.0,0.25,0.25,0.75,0.0,0.75,0.75,0.0,0.0,0.0,0.0,466,465,465,233,233,1.0,0.5625,0.5,0.71875,0.09375,0.28125,0.1875,0.0,0.8607177734375,0.4981689453125,0.59033203125,0.3660888671875,0.964111328125,0.0,1.1352800188394614,4.498507286604936,0.08910768837310959,0.17985611471683124,0.14533006197632153,0.20251949310620704,0.13569735666813187,0.4649883309994272,-0.0121760107842519,0.47298681659006275,-0.0650447521783164,0.47569113380052197,1.0,0.5625,0.8125,1.0,0.25,0.5625,0.5,0.25,0.8585205078125,0.6260986328125,0.3638916015625,0.1234130859375,0.93212890625,0.0,0.2516684910160354,2.2556400818433344,0.09092845513524736,0.1784707227847259,0.11691914545651118,0.19690223312455377,-0.019389508915374165,0.49608953059756494,0.22952994938927773,0.4779939152606863,-0.22437652772210015,0.4665697563287897,0.43333333333333335,0.5555555555555556,0.011111111111111112,0.9888888888888889,0.011111111111111112,0.4111111111111111,0.4222222222222222,0.14444444444444443,0.4222222222222222,0.5666666666666667,0.5666666666666667,0.0,0.011111111111111112,0.0,0.0,355.26666666666665,0.011111111111111112,0.39999999999999997,1.0,0.6666666666666666,0.8111111111111111,0.8777777777777778,0.4,0.5444444444444444,0.17777777777777778,0.011111111111111112,1.0,732.2272166551691,0.3748480502924599,1.0,0.6666666666666666,0.8333333333333334,0.9777777777777777,0.4444444444444444,0.6444444444444445,0.5888888888888889,0.4111111111111111,1.0,732.2272166551691,0.30554573422683434
50,390112,blue,3,nan,nan,nan,nan,nan,nan,nan,nan,nan,nan,-0.001330425776541233,2.8750060915946962,0.005237472122098552,0.0671875,0.15053689256310462,0.0,0.9999999403953552,1.0,0.9032968640327453,0.17714424915611743,red,0,False,3,1,,-10.28779413830489,3.364264681990094,251.23529411764707,0.0,1.0,0.0,1.0,0.0,0.35294117647058826,0.35294117647058826,0.6470588235294118,0.0,0.6470588235294118,0.6470588235294118,0.0,0.0,0.0,0.0,477,477,476,239,238,1.0,0.7352941176470589,0.47058823529411764,0.5882352941176471,0.0,0.35294117647058826,0.17647058823529413,0.0,0.8525390625,0.4908447265625,0.5941162109375,0.3631591796875,0.9617919921875,0.0,1.1284085001066466,4.490352752437333,0.08907815020739827,0.1815241615934705,0.14483286339899384,0.2039365689685182,0.14321722318510055,0.47086907281665674,-0.009695782282495458,0.4744848658708426,-0.05755299653320023,0.4737048847547461,1.0,0.7352941176470589,0.8529411764705882,1.0,0.4117647058823529,0.7352941176470589,0.5294117647058824,0.35294117647058826,0.8643798828125,0.679931640625,0.38720703125,0.08984375,0.9552001953125,0.0,0.14650165297256104,0.7037777269261214,0.09903072334048918,0.17889689073425985,0.12677537730046068,0.1967680760343441,-0.021720469672377618,0.49741797505425545,0.2220097225938673,0.47505065190237955,-0.21288269695686424,0.47473720100519073,0.5222222222222223,0.4777777777777778,0.0,1.0,0.044444444444444446,0.34444444444444444,0.3888888888888889,0.13333333333333333,0.4777777777777778,0.6111111111111112,0.6111111111111112,0.0,0.0,0.0,0.0,346.0,0.044444444444444446,0.3,1.0,0.6666666666666666,0.8222222222222222,0.8666666666666667,0.4777777777777778,0.5333333333333333,0.2222222222222222,0.044444444444444446,1.0,723.4043143654004,0.4351488181636597,1.0,0.6666666666666666,0.8333333333333334,0.9555555555555556,0.4111111111111111,0.6222222222222222,0.5333333333333333,0.34444444444444444,1.0,723.4043143654004,0.360494519034373
51,398304,blue,3,nan,nan,nan,nan,nan,nan,nan,nan,nan,nan,-0.0015114390640519559,2.8861863255500793,0.0034024332722765393,0.03193359375,0.14202243983745574,1.4901161193847656e-08,0.9999999403953552,1.0,0.6843687146902084,0.20668118260800838,red,0,False,3,1,,-10.857575788896417,3.3463636192521364,253.12121212121212,0.0,1.0,0.0,1.0,0.0,0.30303030303030304,0.30303030303030304,0.696969696969697,0.0,0.696969696969697,0.696969696969697,0.0,0.0,0.0,0.0,488,488,487,244,244,1.0,0.6363636363636364,0.5151515151515151,0.6363636363636364,0.06060606060606061,0.3333333333333333,0.18181818181818182,0.0,0.863037109375,0.4827880859375,0.583984375,0.368408203125,0.9630126953125,0.0,1.1759013937970417,4.483890019359587,0.0879158839879016,0.18086717724693113,0.14454691387762295,0.20418218384705072,0.14568009302551488,0.46900636920594957,-0.015083271107922513,0.4762242053697155,-0.054395347196887656,0.476802931536123,1.0,0.6363636363636364,0.8181818181818182,1.0,0.36363636363636365,0.6363636363636364,0.48484848484848486,0.30303030303030304,0.8626708984375,0.682373046875,0.383056640625,0.1025390625,0.9591064453125,0.0,0.1514684035507196,1.1444525603121383,0.09882344646356916,0.1797267736222031,0.12798512844971968,0.19811983462637184,-0.006910654839256125,0.4922678294590678,0.1957639585071682,0.47449924771859436,-0.19556698158249475,0.47843435634222575,0.5222222222222223,0.4777777777777778,0.0,1.0,0.044444444444444446,0.34444444444444444,0.3888888888888889,0.13333333333333333,0.4777777777777778,0.6111111111111112,0.6111111111111112,0.0,0.0,0.0,0.0,346.0,0.044444444444444446,0.3,1.0,0.6666666666666666,0.8222222222222222,0.8666666666666667,0.4777777777777778,0.5333333333333333,0.2222222222222222,0.044444444444444446,1.0,723.4043143654004,0.4351488181636597,1.0,0.6666666666666666,0.8333333333333334,0.9555555555555556,0.4111111111111111,0.6222222222222222,0.5333333333333333,0.34444444444444444,1.0,723.4043143654004,0.360494519034373
52,400000,blue,3,nan,nan,nan,nan,nan,nan,nan,nan,nan,nan,-0.0005218048712331225,2.888628339767456,0.00032162094226668156,0.0,0.10628397464752197,6.7476957354983824e-09,1.0,1.0,0.6272941827774048,0.32378371953964236,red,0,False,3,1,2,-11.452000029198825,5.021999995782972,234.4,0.0,1.0,0.0,1.0,0.0,0.4,0.4,0.6,0.0,0.6,0.6,0.0,0.0,0.0,0.0,490,489,489,245,245,1.0,0.8,0.4,0.4,0.0,0.4,0.0,0.0,0.8643867924528302,0.4669811320754717,0.6043632075471698,0.3956367924528302,0.9587264150943396,0.0,1.253144347947349,4.60962210521282,0.08461466586947095,0.1794130075727399,0.14384948371450337,0.2023713850059295,0.14456656230696646,0.4739067187930975,-0.040598976851796115,0.47347830109958045,-0.06888047964505704,0.4802882329118735,1.0,0.8,1.0,1.0,0.4,0.8,0.6,0.4,0.8496462264150944,0.6845518867924528,0.41214622641509435,0.07134433962264151,0.9622641509433962,0.0,0.05034104709000607,0.3450411582939219,0.09881184169401858,0.17980629657851194,0.1301730699523972,0.19910760022912283,0.0008771830341500836,0.4893615961962858,0.15897331353379793,0.46955096706363053,-0.19819296569169997,0.47492540716762477,0.4222222222222222,0.5333333333333333,0.044444444444444446,0.9555555555555556,0.022222222222222223,0.4111111111111111,0.43333333333333335,0.14444444444444443,0.4222222222222222,0.5444444444444444,0.5444444444444444,0.0,0.022222222222222223,0.0,0.0,342.4111111111111,0.022222222222222223,0.3888888888888889,1.0,0.6666666666666666,0.8222222222222222,0.8777777777777778,0.4777777777777778,0.5333333333333333,0.2,0.022222222222222223,1.0,718.8382168999447,0.41568088349730953,1.0,0.6666666666666666,0.8333333333333334,0.9555555555555556,0.4666666666666667,0.6222222222222222,0.5777777777777777,0.4111111111111111,1.0,718.8382168999447,0.355918907545061
53,408192,red,4,-0.002286867005750537,2.8989598035812376,0.005746830334828701,0.07041015625,0.13512527756392956,5.587935447692871e-09,1.0,1.0,0.27196500524878503,0.2605996817350388,nan,nan,nan,nan,nan,nan,nan,nan,nan,nan,blue,2,True,3,2,,11.870000119321048,-12.69250024901703,83.5,1.0,0.0,0.0,1.0,1.0,0.0,1.0,0.0,0.0,0.0,0.0,0.0,0.0,0.0,0.0,501,501,500,251,250,1.0,1.0,1.0,1.0,1.0,1.0,1.0,1.0,0.8616943359375,0.7215576171875,0.5115966796875,0.06787109375,0.9752197265625,0.0,0.06805453773729922,0.37469378082712446,0.11425418817711692,0.1852952179619309,0.1497892590176029,0.20696217475295228,-0.13822874872987256,0.49038206746127705,0.20821402448002502,0.4741812664428331,-0.1351351381527408,0.48719750318427774,1.0,1.0,0.0,0.0,0.0,0.0,0.0,0.0,0.860107421875,0.7054443359375,0.474853515625,0.19921875,0.9647216796875,0.0,0.2690681823233643,2.1064599309244727,0.10068146848765756,0.18083921387225865,0.13492097789578839,0.20010403190418405,0.07778653250858625,0.488063915240334,0.12933034576893832,0.4858283544229777,-0.19703193767093907,0.47530683324215145,0.4222222222222222,0.5333333333333333,0.044444444444444446,0.9555555555555556,0.022222222222222223,0.4111111111111111,0.43333333333333335,0.14444444444444443,0.4222222222222222,0.5444444444444444,0.5444444444444444,0.0,0.022222222222222223,0.0,0.0,342.4111111111111,0.022222222222222223,0.3888888888888889,1.0,0.6666666666666666,0.8222222222222222,0.8777777777777778,0.4777777777777778,0.5333333333333333,0.2,0.022222222222222223,1.0,718.8382168999447,0.41568088349730953,1.0,0.6666666666666666,0.8333333333333334,0.9555555555555556,0.4666666666666667,0.6222222222222222,0.5777777777777777,0.4111111111111111,1.0,718.8382168999447,0.355918907545061
54,416384,red,4,-0.0012044006667565554,2.900872361660004,0.0038412652764236556,0.0397705078125,0.14452012926340102,0.0,0.9999998807907104,1.0,0.3221172854304314,0.29947086200118067,nan,nan,nan,nan,nan,nan,nan,nan,nan,nan,blue,2,True,3,2,,0.14333336469199923,-11.192222355968422,407.22222222222223,0.6666666666666666,0.2222222222222222,0.1111111111111111,0.8888888888888888,0.1111111111111111,0.0,0.1111111111111111,0.2222222222222222,0.5555555555555556,0.7777777777777778,0.7777777777777778,0.0,0.1111111111111111,0.0,0.0,504,504,503,252,252,1.0,0.8888888888888888,0.8888888888888888,0.8888888888888888,0.6666666666666666,0.7777777777777778,0.3333333333333333,0.1111111111111111,0.8765869140625,0.618896484375,0.322998046875,0.21923828125,0.959716796875,0.0,0.46103127340039607,3.4075350617020606,0.08841851944158377,0.1761882438143558,0.11343322136738639,0.19792109846158334,-0.18207147485153996,0.4928397572945656,0.21794356415917804,0.47137944600669346,-0.12032031528700671,0.49236878575743515,1.0,0.8888888888888888,0.2222222222222222,0.7777777777777778,0.2222222222222222,0.5555555555555556,0.0,0.0,0.86328125,0.6416015625,0.222900390625,0.08544921875,0.94921875,0.0,0.1451872224089769,1.0945732996009332,0.07939001314384339,0.15077564110500286,0.10089784434678681,0.1599505962888338,0.08806643772683742,0.49424538984785765,0.12217267821753452,0.48411295877546806,-0.19716870311635404,0.4765571856812723,0.4222222222222222,0.5333333333333333,0.044444444444444446,0.9555555555555556,0.022222222222222223,0.4111111111111111,0.43333333333333335,0.14444444444444443,0.4222222222222222,0.5444444444444444,0.5444444444444444,0.0,0.022222222222222223,0.0,0.0,342.4111111111111,0.022222222222222223,0.3888888888888889,1.0,0.6666666666666666,0.8222222222222222,0.8777777777777778,0.4777777777777778,0.5333333333333333,0.2,0.022222222222222223,1.0,718.8382168999447,0.41568088349730953,1.0,0.6666666666666666,0.8333333333333334,0.9555555555555556,0.4666666666666667,0.6222222222222222,0.5777777777777777,0.4111111111111111,1.0,718.8382168999447,0.355918907545061
55,424576,red,4,-0.0015121559845283628,2.9111985325813294,0.0031401662949065213,0.0312744140625,0.18711485005915166,1.862645149230957e-08,1.0,1.0,0.2932600758969784,0.6382507078349591,nan,nan,nan,nan,nan,nan,nan,nan,nan,nan,blue,2,True,3,2,,-1.188958371562573,-2.208750004414469,588.7083333333334,0.2916666666666667,0.0,0.7083333333333334,0.2916666666666667,0.0,0.0,0.0,0.0,0.2916666666666667,0.2916666666666667,0.2916666666666667,0.0,0.0,0.0,0.7083333333333334,512,512,511,256,256,1.0,0.7916666666666666,0.7916666666666666,1.0,0.5833333333333334,0.7083333333333334,0.08333333333333333,0.0,0.881591796875,0.6865234375,0.4390869140625,0.10986328125,0.968017578125,0.0,0.2265865054819367,2.3364475566253446,0.10366150713325037,0.18288832051279508,0.13316302729277904,0.20344461232414535,-0.21944253363858834,0.48457827739543347,0.21903980185691552,0.47563275643521746,-0.14363592814220283,0.485116308013761,1.0,0.7916666666666666,0.7916666666666666,1.0,0.20833333333333334,0.75,0.20833333333333334,0.0,0.8599853515625,0.673095703125,0.4346923828125,0.13330078125,0.9554443359375,0.0,0.15264088767881231,1.0702621603389717,0.09652078107135943,0.18130009079553516,0.12761630406756153,0.20080759000607876,0.06705602307381753,0.4918382983715928,0.13928622992651896,0.4811419241367744,-0.193782643604834,0.4785912209341125,0.25555555555555554,0.7222222222222222,0.022222222222222223,0.9777777777777777,0.011111111111111112,0.4444444444444444,0.45555555555555555,0.28888888888888886,0.25555555555555554,0.5333333333333333,0.5333333333333333,0.0,0.011111111111111112,0.0,0.0,330.3333333333333,0.011111111111111112,0.4333333333333333,1.0,0.6666666666666666,0.8222222222222222,0.8333333333333334,0.43333333333333335,0.5,0.17777777777777778,0.011111111111111112,1.0,753.6224122679708,0.4307612356027946,1.0,0.6666666666666666,0.8333333333333334,0.9888888888888889,0.4777777777777778,0.6444444444444445,0.6111111111111112,0.4444444444444444,1.0,753.6224122679708,0.35041432159440256
56,432768,red,4,-0.0013526858761906623,2.921442246437073,0.0036244007387722377,0.0297607421875,0.18579883687198162,-1.862645149230957e-08,0.9999998807907104,1.0,0.038831590209156275,0.3149576112627983,nan,nan,nan,nan,nan,nan,nan,nan,nan,nan,blue,2,True,3,2,,-1.4783333661034703,-2.290000003452102,553.6666666666666,0.3333333333333333,0.0,0.6666666666666666,0.3333333333333333,0.0,0.0,0.0,0.0,0.3333333333333333,0.3333333333333333,0.3333333333333333,0.0,0.0,0.0,0.6666666666666666,513,513,512,257,256,1.0,0.6666666666666666,0.6666666666666666,1.0,0.6666666666666666,0.6666666666666666,0.0,0.0,0.8858642578125,0.5006103515625,0.303955078125,0.2232666015625,0.9312744140625,0.0,0.6090194675473628,4.065313895582994,0.07270104466957888,0.16779168312671022,0.09631144277846683,0.18783729147069367,-0.24428001370027275,0.49588311418866493,0.21457759173738822,0.4824154065189952,-0.12952175308161173,0.4915329957616496,1.0,0.6666666666666666,0.6666666666666666,1.0,0.0,0.6666666666666666,0.3333333333333333,0.0,0.8658447265625,0.6826171875,0.2222900390625,0.0631103515625,0.953857421875,0.0,0.10766234933978724,0.5713434576913627,0.08451830467312893,0.1530251220013131,0.10715185939201408,0.16109633580752736,0.05957436916395409,0.49187714348271094,0.14727646680473683,0.4813346042736225,-0.21071557021159748,0.4755463278145082,0.25555555555555554,0.7222222222222222,0.022222222222222223,0.9777777777777777,0.011111111111111112,0.4444444444444444,0.45555555555555555,0.28888888888888886,0.25555555555555554,0.5333333333333333,0.5333333333333333,0.0,0.011111111111111112,0.0,0.0,330.3333333333333,0.011111111111111112,0.4333333333333333,1.0,0.6666666666666666,0.8222222222222222,0.8333333333333334,0.43333333333333335,0.5,0.17777777777777778,0.011111111111111112,1.0,753.6224122679708,0.4307612356027946,1.0,0.6666666666666666,0.8333333333333334,0.9888888888888889,0.4777777777777778,0.6444444444444445,0.6111111111111112,0.4444444444444444,1.0,753.6224122679708,0.35041432159440256
57,440960,red,4,-0.0018057002453133464,2.928634798526764,0.0034516423009335996,0.0364013671875,0.21354184970259665,-3.725290298461914e-09,0.9999998807907104,1.0,0.8769858002662658,0.6829558484256267,nan,nan,nan,nan,nan,nan,nan,nan,nan,nan,blue,2,True,3,2,,-1.3626666869968176,-1.9518333665405712,563.6333333333333,0.13333333333333333,0.16666666666666666,0.7,0.3,0.03333333333333333,0.0,0.03333333333333333,0.16666666666666666,0.1,0.26666666666666666,0.26666666666666666,0.0,0.0,0.0,0.7,523,523,522,262,261,1.0,0.7,0.7666666666666667,1.0,0.6,0.7,0.2,0.03333333333333333,0.8848876953125,0.558837890625,0.4095458984375,0.1416015625,0.9326171875,0.0,0.4023008208041682,3.7466091411148246,0.08792213252009545,0.18165802474023185,0.11555384688488357,0.20153112512490914,-0.23737219765187234,0.49876229057270177,0.23593676438769506,0.47147747150741265,-0.15416437569016495,0.49594406747918446,1.0,0.7,0.5666666666666667,0.9666666666666667,0.16666666666666666,0.6666666666666666,0.16666666666666666,0.0,0.8714599609375,0.69189453125,0.3546142578125,0.078369140625,0.9644775390625,0.0,0.08586830646295135,0.5983950368724023,0.09547180238054666,0.18100038588504513,0.12508332990923562,0.20045937676141262,0.0626247767538608,0.4924936065644612,0.14827963128184507,0.4817763460566002,-0.20082582149054318,0.47659589297467553,0.25555555555555554,0.7222222222222222,0.022222222222222223,0.9777777777777777,0.011111111111111112,0.4444444444444444,0.45555555555555555,0.28888888888888886,0.25555555555555554,0.5333333333333333,0.5333333333333333,0.0,0.011111111111111112,0.0,0.0,330.3333333333333,0.011111111111111112,0.4333333333333333,1.0,0.6666666666666666,0.8222222222222222,0.8333333333333334,0.43333333333333335,0.5,0.17777777777777778,0.011111111111111112,1.0,753.6224122679708,0.4307612356027946,1.0,0.6666666666666666,0.8333333333333334,0.9888888888888889,0.4777777777777778,0.6444444444444445,0.6111111111111112,0.4444444444444444,1.0,753.6224122679708,0.35041432159440256
58,449152,red,4,-0.001270941155962646,2.9391295313835144,0.001778628773172386,0.0092529296875,0.17160396948456763,6.51925802230835e-09,1.0,1.0,0.08378935661166906,0.20276253446936607,nan,nan,nan,nan,nan,nan,nan,nan,nan,nan,blue,2,True,3,2,,-7.600000042933971,1.7949999934062362,519.5,0.0,0.5,0.5,0.5,0.0,0.0,0.0,0.5,0.0,0.5,0.5,0.0,0.0,0.0,0.5,524,523,523,262,262,1.0,0.5,0.5,0.5,0.5,0.5,0.0,0.0,0.8853759765625,0.4591064453125,0.3265380859375,0.211181640625,0.894287109375,0.0,0.6216019016636162,4.288281372838168,0.06911616409216276,0.17308048626836534,0.09143733472517238,0.1907457669158471,-0.2482082597626345,0.49922617267824115,0.26117653838705124,0.46995770065512327,-0.1544251177014253,0.4933143055031739,1.0,0.5,0.5,1.0,0.0,0.5,0.5,0.0,0.8626708984375,0.6903076171875,0.2891845703125,0.09228515625,0.9617919921875,0.0,0.1529554124490349,1.2236911239222166,0.09101633769428838,0.16714246849643255,0.11641186658912715,0.1818529645809903,0.04766983240486056,0.49320250929269754,0.1552213266975926,0.4813639662198473,-0.2045597700766919,0.47638456567444276,0.25555555555555554,0.7222222222222222,0.022222222222222223,0.9777777777777777,0.011111111111111112,0.4444444444444444,0.45555555555555555,0.28888888888888886,0.25555555555555554,0.5333333333333333,0.5333333333333333,0.0,0.011111111111111112,0.0,0.0,330.3333333333333,0.011111111111111112,0.4333333333333333,1.0,0.6666666666666666,0.8222222222222222,0.8333333333333334,0.43333333333333335,0.5,0.17777777777777778,0.011111111111111112,1.0,753.6224122679708,0.4307612356027946,1.0,0.6666666666666666,0.8333333333333334,0.9888888888888889,0.4777777777777778,0.6444444444444445,0.6111111111111112,0.4444444444444444,1.0,753.6224122679708,0.35041432159440256
59,457344,red,4,-0.0007763618137687445,2.945402371883392,0.003230282265576534,0.0295166015625,0.18492085654288531,3.725290298461914e-09,0.9999999403953552,1.0,1.357675552368164,1.0243279039859772,nan,nan,nan,nan,nan,nan,nan,nan,nan,nan,blue,2,True,3,2,,-4.708636405835436,-1.9843182092617182,568.0454545454545,0.18181818181818182,0.4090909090909091,0.4090909090909091,0.5909090909090909,0.0,0.0,0.0,0.4090909090909091,0.18181818181818182,0.5909090909090909,0.5909090909090909,0.0,0.0,0.0,0.4090909090909091,531,531,530,266,265,1.0,0.7272727272727273,0.6818181818181818,1.0,0.5,0.7272727272727273,0.18181818181818182,0.0,0.9029541015625,0.5087890625,0.3111572265625,0.189453125,0.9365234375,0.0,0.5349948050364695,4.007026930314624,0.07328951625387486,0.17802026746228322,0.09748951257268976,0.19506034608549427,-0.3498653741759874,0.485401302996821,0.1946016642590891,0.4825495477679208,-0.1714151239234596,0.49350342575406336,1.0,0.7272727272727273,0.6818181818181818,0.9545454545454546,0.22727272727272727,0.6818181818181818,0.13636363636363635,0.0,0.862060546875,0.6844482421875,0.2867431640625,0.0621337890625,0.958740234375,0.0,0.0696619341628656,0.27096250769401814,0.08909247785634958,0.17552257199497026,0.11533216806412498,0.1934331531603869,0.05871276423522431,0.4912358332309422,0.1471468929240558,0.4772169212846848,-0.19475126461291836,0.47764835261582594,0.25555555555555554,0.7222222222222222,0.022222222222222223,0.9777777777777777,0.011111111111111112,0.4444444444444444,0.45555555555555555,0.28888888888888886,0.25555555555555554,0.5333333333333333,0.5333333333333333,0.0,0.011111111111111112,0.0,0.0,330.3333333333333,0.011111111111111112,0.4333333333333333,1.0,0.6666666666666666,0.8222222222222222,0.8333333333333334,0.43333333333333335,0.5,0.17777777777777778,0.011111111111111112,1.0,753.6224122679708,0.4307612356027946,1.0,0.6666666666666666,0.8333333333333334,0.9888888888888889,0.4777777777777778,0.6444444444444445,0.6111111111111112,0.4444444444444444,1.0,753.6224122679708,0.35041432159440256
60,465536,red,4,-0.0015486093237996102,2.9501495599746703,0.0040233631334558595,0.0413818359375,0.1556844249367714,1.1175870895385742e-08,1.0,1.0,0.16022773571312426,0.3291651515290141,nan,nan,nan,nan,nan,nan,nan,nan,nan,nan,blue,2,True,3,2,,-0.1222222244573964,-2.754444501673182,543.6666666666666,0.0,0.0,1.0,0.0,0.0,0.0,0.0,0.0,0.0,0.0,0.0,0.0,0.1111111111111111,0.0,0.8888888888888888,534,534,533,267,267,1.0,0.6666666666666666,0.7777777777777778,0.8888888888888888,0.5555555555555556,0.5555555555555556,0.2222222222222222,0.0,0.880859375,0.63037109375,0.3629150390625,0.12646484375,0.9534912109375,0.0,0.29174202412680683,2.9284391091491,0.09073486679125303,0.1764654111939415,0.11576865082305045,0.1931488942147187,-0.19124426743992728,0.5004107187353559,0.23699242595054315,0.47534623408449794,-0.1885519436127474,0.49128950321343273,1.0,0.6666666666666666,0.5555555555555556,0.8888888888888888,0.2222222222222222,0.5555555555555556,0.1111111111111111,0.0,0.858154296875,0.7012939453125,0.3687744140625,0.15185546875,0.95751953125,0.0,0.21302638043173355,1.784312711752919,0.094669208648968,0.17575360894702532,0.12362691321111305,0.1935643421664701,0.06920538058523107,0.4938153201601828,0.14852984851118478,0.4821419613373643,-0.2078592688337153,0.4692097554876472,0.26666666666666666,0.7111111111111111,0.022222222222222223,0.9777777777777777,0.0,0.4,0.4,0.3333333333333333,0.28888888888888886,0.6,0.6,0.0,0.0,0.0,0.0,327.3333333333333,0.0,0.4,1.0,0.6666666666666666,0.8222222222222222,0.7111111111111111,0.4111111111111111,0.37777777777777777,0.16666666666666666,0.0,0.0,782.7134542211115,0.4472712057104386,1.0,0.6666666666666666,0.8333333333333334,1.0,0.4777777777777778,0.6666666666666666,0.5666666666666667,0.4,1.0,782.7134542211115,0.35820849486786543
61,473728,red,4,-0.0008165396749973298,2.954346978664398,0.0040190367632021665,0.0443115234375,0.19839423410594464,-7.450580596923828e-09,1.0,1.0,0.18797977343201638,0.2088739562779665,nan,nan,nan,nan,nan,nan,nan,nan,nan,nan,blue,2,True,3,2,,-0.6534615508638896,-3.7753846551506567,571.6923076923077,0.3076923076923077,0.07692307692307693,0.6153846153846154,0.38461538461538464,0.0,0.0,0.0,0.07692307692307693,0.3076923076923077,0.38461538461538464,0.38461538461538464,0.0,0.0,0.0,0.6153846153846154,538,538,538,269,269,1.0,0.6923076923076923,0.7692307692307693,1.0,0.6153846153846154,0.6923076923076923,0.15384615384615385,0.0,0.8934326171875,0.476806640625,0.27490234375,0.190185546875,0.9173583984375,0.0,0.5714262801998768,4.160209450057191,0.06613941897935435,0.16820312482734232,0.08701558698173853,0.18408687175082974,-0.2623939249127858,0.49966589329775724,0.21998195131351395,0.4733576933267112,-0.164308209054429,0.4903625381036713,1.0,0.6923076923076923,0.6923076923076923,1.0,0.23076923076923078,0.6923076923076923,0.15384615384615385,0.0,0.8665771484375,0.6683349609375,0.2454833984375,0.06591796875,0.9576416015625,0.0,0.08932207637540343,0.4585946824447239,0.08466948581026201,0.1632159042923301,0.10817822883674522,0.1817048583363803,0.08395125426815397,0.4931327930604564,0.14395226755674884,0.4791695991233619,-0.196169630290278,0.4782000185959637,0.26666666666666666,0.7111111111111111,0.022222222222222223,0.9777777777777777,0.0,0.4,0.4,0.3333333333333333,0.28888888888888886,0.6,0.6,0.0,0.0,0.0,0.0,327.3333333333333,0.0,0.4,1.0,0.6666666666666666,0.8222222222222222,0.7111111111111111,0.4111111111111111,0.37777777777777777,0.16666666666666666,0.0,0.0,782.7134542211115,0.4472712057104386,1.0,0.6666666666666666,0.8333333333333334,1.0,0.4777777777777778,0.6666666666666666,0.5666666666666667,0.4,1.0,782.7134542211115,0.35820849486786543
62,481920,red,4,-0.0020238961558789017,2.957624387741089,0.0032898205463425256,0.0314208984375,0.14421282559633256,-7.450580596923828e-09,1.0,1.0,0.17224716804921628,0.17094929050654173,nan,nan,nan,nan,nan,nan,nan,nan,nan,nan,blue,2,True,3,2,,-1.5083000290440396,-0.08224998228251934,569.45,0.1,0.05,0.85,0.15,0.0,0.05,0.05,0.0,0.1,0.1,0.1,0.0,0.0,0.0,0.85,545,545,544,273,272,1.0,0.65,0.75,0.95,0.5,0.6,0.2,0.0,0.89111328125,0.6065673828125,0.3726806640625,0.12109375,0.954345703125,0.0,0.3224106801703545,3.380627644223112,0.09083568112457621,0.17998023269688607,0.11664696673540047,0.19840043927459639,-0.2478027882344449,0.49802780168765737,0.24058569673512054,0.47619191399796074,-0.19153560349304755,0.4924390465298615,1.0,0.65,0.6,0.95,0.2,0.65,0.25,0.05,0.8726806640625,0.703125,0.3759765625,0.1248779296875,0.963134765625,0.0,0.12823118955835777,1.1445861381880285,0.09620379436972351,0.17971299222676332,0.1269755412361321,0.19831518979076707,0.07373921119207694,0.4951423224147863,0.14292247077740328,0.4860494856683036,-0.19311130642688212,0.473049453582418,0.26666666666666666,0.7111111111111111,0.022222222222222223,0.9777777777777777,0.0,0.4,0.4,0.3333333333333333,0.28888888888888886,0.6,0.6,0.0,0.0,0.0,0.0,327.3333333333333,0.0,0.4,1.0,0.6666666666666666,0.8222222222222222,0.7111111111111111,0.4111111111111111,0.37777777777777777,0.16666666666666666,0.0,0.0,782.7134542211115,0.4472712057104386,1.0,0.6666666666666666,0.8333333333333334,1.0,0.4777777777777778,0.6666666666666666,0.5666666666666667,0.4,1.0,782.7134542211115,0.35820849486786543
63,490112,red,4,-0.002819601586088538,2.960192048549652,0.007042768225073814,0.0933837890625,0.15800283439457416,-7.450580596923828e-09,1.0,1.0,0.3669214114546776,0.27449118085205554,nan,nan,nan,nan,nan,nan,nan,nan,nan,nan,blue,2,True,3,2,,-2.7610000247135758,-1.1075000509619712,543.3,0.1,0.3,0.6,0.4,0.0,0.1,0.1,0.2,0.1,0.3,0.3,0.0,0.0,0.0,0.6,548,548,548,274,274,1.0,0.8,0.7,0.9,0.5,0.7,0.2,0.0,0.896728515625,0.531005859375,0.2630615234375,0.1778564453125,0.9349365234375,0.0,0.49441434480606716,3.8592400633111046,0.0737404651872251,0.16731207758314495,0.0945073744384673,0.1804422937939613,-0.3125108668967549,0.49125112985687336,0.22142238092402522,0.4805272170806735,-0.16617334156794428,0.49559448495942254,1.0,0.8,0.7,1.0,0.5,0.7,0.2,0.1,0.866455078125,0.6822509765625,0.2415771484375,0.071044921875,0.9547119140625,0.0,0.08636424349488858,0.6823171460327198,0.08506658432127487,0.15792934534710232,0.10820935026255653,0.17634733564239996,0.07352072308288626,0.49766704322779587,0.1476498470590144,0.47956873461265837,-0.20428799374225193,0.4804031060249084,0.26666666666666666,0.7111111111111111,0.022222222222222223,0.9777777777777777,0.0,0.4,0.4,0.3333333333333333,0.28888888888888886,0.6,0.6,0.0,0.0,0.0,0.0,327.3333333333333,0.0,0.4,1.0,0.6666666666666666,0.8222222222222222,0.7111111111111111,0.4111111111111111,0.37777777777777777,0.16666666666666666,0.0,0.0,782.7134542211115,0.4472712057104386,1.0,0.6666666666666666,0.8333333333333334,1.0,0.4777777777777778,0.6666666666666666,0.5666666666666667,0.4,1.0,782.7134542211115,0.35820849486786543
64,498304,red,4,-0.0010806647362187505,2.9700268149375915,0.005431092251819791,0.0740234375,0.15096882171928883,3.725290298461914e-09,1.0,1.0,0.15224151946604253,0.07334137223660946,nan,nan,nan,nan,nan,nan,nan,nan,nan,nan,blue,2,True,3,2,,1.0611363779753447,-3.9068182049827143,568.0909090909091,0.2727272727272727,0.0,0.7272727272727273,0.2727272727272727,0.045454545454545456,0.0,0.045454545454545456,0.0,0.22727272727272727,0.22727272727272727,0.22727272727272727,0.0,0.0,0.0,0.7272727272727273,556,555,555,278,278,1.0,0.7272727272727273,0.8181818181818182,1.0,0.6363636363636364,0.7272727272727273,0.22727272727272727,0.045454545454545456,0.8997802734375,0.6009521484375,0.3907470703125,0.1451416015625,0.9588623046875,0.0,0.36502445291987495,3.3423683621578926,0.09094208526206407,0.1804821521870765,0.11739537733465487,0.19881657549466603,-0.31763058566815516,0.4909033834363582,0.2319395222514089,0.4753148236333308,-0.1576867425944002,0.49947780616346527,1.0,0.7272727272727273,0.5454545454545454,0.9090909090909091,0.22727272727272727,0.6818181818181818,0.09090909090909091,0.0,0.869140625,0.68115234375,0.3505859375,0.095458984375,0.961669921875,0.0,0.11475878638912557,0.8428024598853631,0.09072923201359653,0.17762858633501363,0.12025157048829724,0.19632683844774856,0.08519442692594836,0.49073904286710945,0.13050222155543167,0.4803934706697282,-0.20662000647899958,0.47722219134770216,0.26666666666666666,0.7111111111111111,0.022222222222222223,0.9777777777777777,0.0,0.4,0.4,0.3333333333333333,0.28888888888888886,0.6,0.6,0.0,0.0,0.0,0.0,327.3333333333333,0.0,0.4,1.0,0.6666666666666666,0.8222222222222222,0.7111111111111111,0.4111111111111111,0.37777777777777777,0.16666666666666666,0.0,0.0,782.7134542211115,0.4472712057104386,1.0,0.6666666666666666,0.8333333333333334,1.0,0.4777777777777778,0.6666666666666666,0.5666666666666667,0.4,1.0,782.7134542211115,0.35820849486786543
65,500000,red,4,-0.0010328562906543937,2.9726795196533202,0.0003666145744318783,0.0003537735901772976,0.20529837906360626,2.249231911832794e-08,0.9999999403953552,1.0,0.011323069594800473,0.15047771334648133,nan,nan,nan,nan,nan,nan,nan,nan,nan,nan,blue,2,True,3,2,3,0.0,0.0,600.0,0.0,0.0,1.0,0.0,0.0,0.0,0.0,0.0,0.0,0.0,0.0,0.0,0.0,0.0,1.0,556,556,555,278,278,1.0,1.0,1.0,1.0,1.0,1.0,0.0,0.0,0.8950471698113207,0.6084905660377359,0.35672169811320753,0.1544811320754717,0.9587264150943396,0.0,0.4065613593839056,3.4923009716275186,0.0876662139901842,0.17745921105232532,0.11538686638227098,0.19454406882395314,-0.31218998467858977,0.48048177185813035,0.20305374858399206,0.4827453513463357,-0.12415877132699743,0.49738897924825676,1.0,1.0,1.0,1.0,1.0,1.0,0.0,0.0,0.84375,0.6845518867924528,0.31957547169811323,0.10613207547169812,0.9528301886792453,0.0,0.18792567698759466,1.6481420950061587,0.09016268160675264,0.17278669236769434,0.11592106513543675,0.18807737883112638,0.0732726490376012,0.49177111519976324,0.14871319380101752,0.47947477086001383,-0.20232455367918106,0.47868182148174454,0.14444444444444443,0.8444444444444444,0.011111111111111112,0.9888888888888889,0.011111111111111112,0.5,0.5111111111111111,0.35555555555555557,0.14444444444444443,0.4888888888888889,0.4888888888888889,0.0,0.0,0.0,0.0,323.8777777777778,0.011111111111111112,0.4888888888888889,1.0,0.6666666666666666,0.8222222222222222,0.8888888888888888,0.4222222222222222,0.5555555555555556,0.17777777777777778,0.011111111111111112,1.0,740.4073065959008,0.435913711619856,1.0,0.6666666666666666,0.8333333333333334,0.9888888888888889,0.5222222222222223,0.6555555555555556,0.6666666666666666,0.5,1.0,740.4073065959008,0.3360308174215168
66,508192,blue,5,nan,nan,nan,nan,nan,nan,nan,nan,nan,nan,-0.002794706169515848,2.889874243736267,0.006680242280708626,0.08583984375,0.15983993671834468,2.60770320892334e-08,0.9999999403953552,1.0,0.481821121275425,0.8433607745915651,red,2,False,4,2,,12.38000001758337,-13.450000122189522,142.5,1.0,0.0,0.0,1.0,1.0,0.0,1.0,0.0,0.0,0.0,0.0,0.0,0.0,0.0,0.0,567,567,567,284,283,1.0,1.0,1.0,1.0,1.0,1.0,1.0,1.0,0.8677978515625,0.7330322265625,0.5108642578125,0.06884765625,0.9742431640625,0.0,0.06983139125854682,0.41715144446914915,0.11633816779695254,0.18602696058398716,0.15085199181134676,0.20830913620038422,-0.14911668855430094,0.4874377583758703,0.21187006464683122,0.4736429823960732,-0.12789563953674588,0.4912904153838759,1.0,1.0,0.0,0.0,0.0,0.0,0.0,0.0,0.8599853515625,0.7091064453125,0.480712890625,0.1417236328125,0.96533203125,0.0,0.1660534997795679,1.423326614597576,0.10299653943141965,0.1803505635878555,0.13693764395979716,0.19934131085138104,0.052830652057714644,0.495193788736326,0.14783957743270904,0.4813649552267036,-0.18756114284996173,0.4781248848716594,0.14444444444444443,0.8444444444444444,0.011111111111111112,0.9888888888888889,0.011111111111111112,0.5,0.5111111111111111,0.35555555555555557,0.14444444444444443,0.4888888888888889,0.4888888888888889,0.0,0.0,0.0,0.0,323.8777777777778,0.011111111111111112,0.4888888888888889,1.0,0.6666666666666666,0.8222222222222222,0.8888888888888888,0.4222222222222222,0.5555555555555556,0.17777777777777778,0.011111111111111112,1.0,740.4073065959008,0.435913711619856,1.0,0.6666666666666666,0.8333333333333334,0.9888888888888889,0.5222222222222223,0.6555555555555556,0.6666666666666666,0.5,1.0,740.4073065959008,0.3360308174215168
67,516384,blue,5,nan,nan,nan,nan,nan,nan,nan,nan,nan,nan,-0.0011946733575314283,2.8934297800064086,0.005106480447284412,0.0575439453125,0.2141646735370159,-9.313225746154785e-09,0.9999999403953552,1.0,0.6601216077804566,0.859850499778986,red,2,False,4,2,,3.038571464696101,-11.510000165285808,421.85714285714283,0.7142857142857143,0.2857142857142857,0.0,1.0,0.2857142857142857,0.0,0.2857142857142857,0.2857142857142857,0.42857142857142855,0.7142857142857143,0.7142857142857143,0.0,0.0,0.0,0.0,570,569,569,285,285,1.0,0.7142857142857143,1.0,1.0,0.7142857142857143,0.7142857142857143,0.5714285714285714,0.2857142857142857,0.87841796875,0.617919921875,0.33447265625,0.2099609375,0.9605712890625,0.0,0.4553041991296468,3.2655202702354504,0.08930495759747019,0.17881341965764916,0.11741138285282922,0.20509756404923918,-0.16744705709960073,0.49806492780680395,0.17316706520938396,0.47659558113628414,-0.10326716147391224,0.4949884544433967,1.0,0.7142857142857143,0.14285714285714285,0.7142857142857143,0.14285714285714285,0.42857142857142855,0.0,0.0,0.8685302734375,0.60986328125,0.230224609375,0.09619140625,0.92822265625,0.0,0.16628755993453653,1.3634052870485842,0.07617987748327822,0.15243811047828762,0.09746891485283762,0.16524887957537052,0.06943726932491501,0.4964309280068825,0.10047097022176388,0.49095690557270616,-0.19394044577402525,0.4809776390604066,0.14444444444444443,0.8444444444444444,0.011111111111111112,0.9888888888888889,0.011111111111111112,0.5,0.5111111111111111,0.35555555555555557,0.14444444444444443,0.4888888888888889,0.4888888888888889,0.0,0.0,0.0,0.0,323.8777777777778,0.011111111111111112,0.4888888888888889,1.0,0.6666666666666666,0.8222222222222222,0.8888888888888888,0.4222222222222222,0.5555555555555556,0.17777777777777778,0.011111111111111112,1.0,740.4073065959008,0.435913711619856,1.0,0.6666666666666666,0.8333333333333334,0.9888888888888889,0.5222222222222223,0.6555555555555556,0.6666666666666666,0.5,1.0,740.4073065959008,0.3360308174215168
68,524576,blue,5,nan,nan,nan,nan,nan,nan,nan,nan,nan,nan,-0.0009978479472920298,2.890147888660431,0.0030235661513870584,0.028125,0.18955238349735737,5.820766091346741e-09,0.9999999403953552,1.0,0.6833359748125076,0.8930680021643639,red,2,False,4,2,,-1.8992000451311468,-1.8654000053182245,580.52,0.24,0.08,0.68,0.32,0.0,0.0,0.0,0.08,0.24,0.32,0.32,0.0,0.0,0.0,0.68,578,578,577,289,289,1.0,0.8,0.68,1.0,0.6,0.8,0.04,0.0,0.8861083984375,0.7005615234375,0.454345703125,0.1051025390625,0.97509765625,0.0,0.17748188454691793,1.5383798128781292,0.10701739519250031,0.18503321845407722,0.1422850902325505,0.2067393707885769,-0.17594844354530537,0.49348921970461657,0.17214569172921657,0.4799682844000552,-0.12001024980535036,0.49332165322637783,1.0,0.8,0.72,1.0,0.4,0.8,0.24,0.0,0.8653564453125,0.624755859375,0.452880859375,0.227294921875,0.9547119140625,0.0,0.44504069838988236,3.1704994154118356,0.08998024059385511,0.1812679869905032,0.12421619620183899,0.2015524024205028,0.09256622742233844,0.4914961066655314,0.07592950094052497,0.4872508990663051,-0.17773551081357652,0.4816715833779737,0.14444444444444443,0.8444444444444444,0.011111111111111112,0.9888888888888889,0.011111111111111112,0.5,0.5111111111111111,0.35555555555555557,0.14444444444444443,0.4888888888888889,0.4888888888888889,0.0,0.0,0.0,0.0,323.8777777777778,0.011111111111111112,0.4888888888888889,1.0,0.6666666666666666,0.8222222222222222,0.8888888888888888,0.4222222222222222,0.5555555555555556,0.17777777777777778,0.011111111111111112,1.0,740.4073065959008,0.435913711619856,1.0,0.6666666666666666,0.8333333333333334,0.9888888888888889,0.5222222222222223,0.6555555555555556,0.6666666666666666,0.5,1.0,740.4073065959008,0.3360308174215168
69,532768,blue,5,nan,nan,nan,nan,nan,nan,nan,nan,nan,nan,-0.0023758550523780286,2.89290109872818,0.005171301822701935,0.0616455078125,0.2153605405241251,2.7939677238464355e-09,1.0,1.0,1.3465432047843933,1.1387514114379882,red,2,False,4,2,,0.4286666615555684,-9.378666687694688,437.46666666666664,0.8666666666666667,0.06666666666666667,0.06666666666666667,0.9333333333333333,0.06666666666666667,0.0,0.06666666666666667,0.06666666666666667,0.8,0.8666666666666667,0.8666666666666667,0.0,0.0,0.0,0.06666666666666667,583,583,582,292,291,1.0,0.6666666666666666,0.8666666666666667,1.0,0.6,0.6666666666666666,0.3333333333333333,0.06666666666666667,0.869140625,0.689453125,0.3702392578125,0.1865234375,0.9686279296875,0.0,0.3346814314602128,2.552360136496559,0.09888583121647332,0.17924784134301786,0.12911448030217418,0.20313848765154643,-0.13484729432414255,0.49764269392659305,0.17300071064032707,0.4817733694898594,-0.1328551966503042,0.49515100119562216,1.0,0.6666666666666666,0.4666666666666667,0.8666666666666667,0.13333333333333333,0.6,0.06666666666666667,0.0,0.87353515625,0.52685546875,0.3505859375,0.2403564453125,0.9207763671875,0.0,0.5527996437536618,3.9152376779331393,0.07285896575892405,0.16327433746090303,0.09738180486459244,0.18229773391507448,0.12534516083054825,0.49787692111360393,0.06095558804127421,0.4816398645637783,-0.2070291574434613,0.48255398203632194,0.14444444444444443,0.8444444444444444,0.011111111111111112,0.9888888888888889,0.011111111111111112,0.5,0.5111111111111111,0.35555555555555557,0.14444444444444443,0.4888888888888889,0.4888888888888889,0.0,0.0,0.0,0.0,323.8777777777778,0.011111111111111112,0.4888888888888889,1.0,0.6666666666666666,0.8222222222222222,0.8888888888888888,0.4222222222222222,0.5555555555555556,0.17777777777777778,0.011111111111111112,1.0,740.4073065959008,0.435913711619856,1.0,0.6666666666666666,0.8333333333333334,0.9888888888888889,0.5222222222222223,0.6555555555555556,0.6666666666666666,0.5,1.0,740.4073065959008,0.3360308174215168
70,540960,blue,5,nan,nan,nan,nan,nan,nan,nan,nan,nan,nan,-0.0017147373757325113,2.902773547172546,0.0036736924543220085,0.03505859375,0.186823533475399,-3.725290298461914e-09,0.9999999403953552,1.0,1.0480182141065597,1.0322658523917199,red,2,False,4,2,,-1.8408333649858832,-5.270555561925802,535.3333333333334,0.6111111111111112,0.05555555555555555,0.3333333333333333,0.6666666666666666,0.0,0.0,0.0,0.05555555555555555,0.6111111111111112,0.6666666666666666,0.6666666666666666,0.0,0.0,0.0,0.3333333333333333,589,589,588,295,294,1.0,0.6666666666666666,0.7222222222222222,1.0,0.6666666666666666,0.6666666666666666,0.05555555555555555,0.0,0.86865234375,0.7127685546875,0.429931640625,0.112060546875,0.9691162109375,0.0,0.15618729406512935,1.466158762632418,0.10531115668559486,0.18361544902474086,0.13755176987154977,0.20511561247485494,-0.1670502964735121,0.4834774133732862,0.18153878260682177,0.4774892009527175,-0.13761251332125823,0.4916187659327119,1.0,0.6666666666666666,0.7222222222222222,1.0,0.2222222222222222,0.6666666666666666,0.2777777777777778,0.0,0.872314453125,0.6029052734375,0.4808349609375,0.2601318359375,0.94970703125,0.0,0.4987300451736419,3.12345284902655,0.0889383765981472,0.18258255012438246,0.12333868583571496,0.20385244454167292,0.11473543173419998,0.5028025254988288,0.07316451687910686,0.4829483973252175,-0.1671801383730802,0.4898128010611637,0.011111111111111112,0.9888888888888889,0.0,1.0,0.0,0.2777777777777778,0.2777777777777778,0.7111111111111111,0.011111111111111112,0.7222222222222222,0.7222222222222222,0.0,0.0,0.0,0.0,386.75555555555553,0.0,0.2777777777777778,1.0,0.6666666666666666,0.8222222222222222,0.8444444444444444,0.4666666666666667,0.5111111111111111,0.16666666666666666,0.0,0.0,710.4530778628605,0.4745882856356479,1.0,0.6666666666666666,1.0,1.0,0.4888888888888889,0.6666666666666666,0.9777777777777777,0.2777777777777778,1.0,710.4530778628605,0.3663939130932306
71,549152,blue,5,nan,nan,nan,nan,nan,nan,nan,nan,nan,nan,-0.0013556675985455513,2.9131213426589966,0.0033053818726330063,0.024755859375,0.1578231044113636,1.862645149230957e-09,1.0,1.0,0.9551645666360855,0.7210625134408474,red,2,False,4,2,,1.5053571509197354,-11.310357207964573,454.42857142857144,1.0,0.0,0.0,1.0,0.07142857142857142,0.0,0.07142857142857142,0.0,0.9285714285714286,0.9285714285714286,0.9285714285714286,0.0,0.0,0.0,0.0,594,593,593,297,297,1.0,0.7142857142857143,0.7857142857142857,1.0,0.5714285714285714,0.7142857142857143,0.2857142857142857,0.07142857142857142,0.872314453125,0.674560546875,0.384521484375,0.142333984375,0.9696044921875,0.0,0.24416299649664272,2.029447661517249,0.09764588848503492,0.1811677946601383,0.12847405228622588,0.20260220806729592,-0.15686635615119826,0.4938133558582359,0.16304317467295704,0.47626948381221035,-0.12176643444715651,0.49289558517426746,1.0,0.7142857142857143,0.5,0.9285714285714286,0.21428571428571427,0.6428571428571429,0.07142857142857142,0.0,0.872314453125,0.5426025390625,0.4283447265625,0.3277587890625,0.9404296875,0.0,0.8204952424197272,4.031828888243289,0.07925673474490814,0.1767808000956886,0.10988570104910858,0.19705539376355607,0.17138395481285684,0.48717001820936906,0.060613220417039315,0.49075226214679046,-0.2115524997182483,0.4776164978499512,0.011111111111111112,0.9888888888888889,0.0,1.0,0.0,0.2777777777777778,0.2777777777777778,0.7111111111111111,0.011111111111111112,0.7222222222222222,0.7222222222222222,0.0,0.0,0.0,0.0,386.75555555555553,0.0,0.2777777777777778,1.0,0.6666666666666666,0.8222222222222222,0.8444444444444444,0.4666666666666667,0.5111111111111111,0.16666666666666666,0.0,0.0,710.4530778628605,0.4745882856356479,1.0,0.6666666666666666,1.0,1.0,0.4888888888888889,0.6666666666666666,0.9777777777777777,0.2777777777777778,1.0,710.4530778628605,0.3663939130932306
72,557344,blue,5,nan,nan,nan,nan,nan,nan,nan,nan,nan,nan,-0.0014265480102039873,2.9212337851524355,0.0031587130783009344,0.0320556640625,0.19383953809738158,1.210719347000122e-08,1.0,1.0,1.1355562388896943,0.9948873087763787,red,2,False,4,2,,-1.255500053241849,-9.062250017980114,496.85,0.95,0.0,0.05,0.95,0.0,0.0,0.0,0.0,0.95,0.95,0.95,0.0,0.0,0.0,0.05,600,600,600,300,300,1.0,0.65,0.6,1.0,0.5,0.65,0.1,0.0,0.8673095703125,0.703369140625,0.4390869140625,0.1187744140625,0.9705810546875,0.0,0.21376670342811432,2.14595689567766,0.10655988924401924,0.18582576840516782,0.13903976520747074,0.20935877526699728,-0.13671287903690654,0.49150342345557857,0.18997394255576694,0.47813574435241574,-0.12318103824923554,0.4943227522207839,1.0,0.65,0.7,1.0,0.35,0.65,0.25,0.0,0.8743896484375,0.5433349609375,0.4906005859375,0.36572265625,0.945068359375,0.0,0.9323220952818362,4.0974290071314465,0.08127909701595805,0.17691396006764765,0.11438022115632321,0.19536134156785304,0.12879090797608583,0.4965238606300271,0.04707531085252015,0.48885702956384147,-0.21222111304851055,0.4775421352947477,0.011111111111111112,0.9888888888888889,0.0,1.0,0.0,0.2777777777777778,0.2777777777777778,0.7111111111111111,0.011111111111111112,0.7222222222222222,0.7222222222222222,0.0,0.0,0.0,0.0,386.75555555555553,0.0,0.2777777777777778,1.0,0.6666666666666666,0.8222222222222222,0.8444444444444444,0.4666666666666667,0.5111111111111111,0.16666666666666666,0.0,0.0,710.4530778628605,0.4745882856356479,1.0,0.6666666666666666,1.0,1.0,0.4888888888888889,0.6666666666666666,0.9777777777777777,0.2777777777777778,1.0,710.4530778628605,0.3663939130932306
73,565536,blue,5,nan,nan,nan,nan,nan,nan,nan,nan,nan,nan,-0.00046760104596614837,2.9278672695159913,0.0030126622805255465,0.0251953125,0.18306677769869567,3.725290298461914e-09,1.0,1.0,0.8794580072164535,0.972119677066803,red,2,False,4,2,,0.38263156897339384,-10.92289477346563,439.6842105263158,1.0,0.0,0.0,1.0,0.0,0.0,0.0,0.0,1.0,1.0,1.0,0.0,0.0,0.0,0.0,607,606,606,304,303,1.0,0.6842105263157895,0.8421052631578947,1.0,0.631578947368421,0.6842105263157895,0.21052631578947367,0.0,0.8741455078125,0.698486328125,0.41748046875,0.1505126953125,0.969970703125,0.0,0.2633091467772575,2.2402897622667974,0.1026164127579699,0.18256297244629854,0.1357650983871732,0.20527300682100355,-0.13456946487291788,0.4918649158180896,0.16011852303625673,0.48591992863693534,-0.12320516138426996,0.49326400624230593,1.0,0.6842105263157895,0.631578947368421,0.9473684210526315,0.42105263157894735,0.6842105263157895,0.10526315789473684,0.0,0.869384765625,0.5205078125,0.410400390625,0.3157958984375,0.9296875,0.0,0.8472773204580546,4.1632113389932535,0.07533583813295017,0.17563332689340672,0.10447416646486979,0.1964484137297115,0.13234068073324678,0.4974354350729525,0.0385438879014508,0.49261696392626547,-0.23449457602750456,0.47633630323333825,0.011111111111111112,0.9888888888888889,0.0,1.0,0.0,0.2777777777777778,0.2777777777777778,0.7111111111111111,0.011111111111111112,0.7222222222222222,0.7222222222222222,0.0,0.0,0.0,0.0,386.75555555555553,0.0,0.2777777777777778,1.0,0.6666666666666666,0.8222222222222222,0.8444444444444444,0.4666666666666667,0.5111111111111111,0.16666666666666666,0.0,0.0,710.4530778628605,0.4745882856356479,1.0,0.6666666666666666,1.0,1.0,0.4888888888888889,0.6666666666666666,0.9777777777777777,0.2777777777777778,1.0,710.4530778628605,0.3663939130932306
74,573728,blue,5,nan,nan,nan,nan,nan,nan,nan,nan,nan,nan,-0.002271281986031681,2.929627811908722,0.003757455080631189,0.0336181640625,0.17051428630948068,-7.450580596923828e-09,1.0,1.0,0.8627536475658417,0.8417972467839718,red,2,False,4,2,,0.029166628710097738,-10.163055581816783,446.8333333333333,1.0,0.0,0.0,1.0,0.05555555555555555,0.0,0.05555555555555555,0.0,0.9444444444444444,0.9444444444444444,0.9444444444444444,0.0,0.0,0.0,0.0,613,612,612,307,306,1.0,0.6111111111111112,0.6666666666666666,1.0,0.4444444444444444,0.6111111111111112,0.2222222222222222,0.05555555555555555,0.876953125,0.694091796875,0.433837890625,0.1248779296875,0.97119140625,0.0,0.21540881348100738,1.8994833690224453,0.10535628416844933,0.1815251318369082,0.13964023391700797,0.20283888072362127,-0.14175838178468325,0.49491802692444664,0.17046754376763218,0.4787804733956666,-0.1149213988905764,0.4906811062107944,1.0,0.6111111111111112,0.7222222222222222,0.8888888888888888,0.1111111111111111,0.5555555555555556,0.2222222222222222,0.0,0.86767578125,0.5147705078125,0.4862060546875,0.36083984375,0.937744140625,0.0,1.03379355310757,4.324432414889738,0.07832439256988197,0.1760708029523163,0.11317522994047291,0.19635253208353984,0.11454643884328064,0.4941834830055271,0.03462713151892416,0.492461224631768,-0.20727917007494767,0.48469349055513106,0.011111111111111112,0.9888888888888889,0.0,1.0,0.0,0.2777777777777778,0.2777777777777778,0.7111111111111111,0.011111111111111112,0.7222222222222222,0.7222222222222222,0.0,0.0,0.0,0.0,386.75555555555553,0.0,0.2777777777777778,1.0,0.6666666666666666,0.8222222222222222,0.8444444444444444,0.4666666666666667,0.5111111111111111,0.16666666666666666,0.0,0.0,710.4530778628605,0.4745882856356479,1.0,0.6666666666666666,1.0,1.0,0.4888888888888889,0.6666666666666666,0.9777777777777777,0.2777777777777778,1.0,710.4530778628605,0.3663939130932306
75,581920,blue,5,nan,nan,nan,nan,nan,nan,nan,nan,nan,nan,-0.0015642027836292982,2.9309112310409544,0.0030155913962516935,0.0290771484375,0.16001620329916477,2.2351741790771484e-08,1.0,1.0,0.8673385888338089,0.6967976301908493,red,2,False,4,2,,-0.6090000178664923,-9.361000022804365,394.5,0.9,0.1,0.0,1.0,0.05,0.0,0.05,0.1,0.85,0.95,0.95,0.0,0.0,0.0,0.0,619,619,619,310,309,1.0,0.7,0.75,1.0,0.55,0.7,0.2,0.05,0.8695068359375,0.71484375,0.4134521484375,0.0830078125,0.9691162109375,0.0,0.09649041298614394,0.5438594166975788,0.10655510975662201,0.18303110407264495,0.13847847683400938,0.20439444067131882,-0.1484424128038171,0.4878720750830172,0.1870040016832668,0.4771461310258235,-0.1442847508104954,0.48929448401673653,1.0,0.7,0.45,0.9,0.1,0.65,0.15,0.0,0.8643798828125,0.5535888671875,0.538818359375,0.3609619140625,0.955810546875,0.0,1.0399481060885463,4.248041554446944,0.0878275235205655,0.18165401789409436,0.12646752252806587,0.20297669845778762,0.08724517429316592,0.49661882130775126,0.05489601567805735,0.48852637868503845,-0.15962812966111173,0.4966441073101171,0.3,0.6888888888888889,0.011111111111111112,0.9888888888888889,0.0,0.044444444444444446,0.044444444444444446,0.6555555555555556,0.3111111111111111,0.9555555555555556,0.9555555555555556,0.0,0.0,0.0,0.0,475.18888888888887,0.0,0.044444444444444446,1.0,0.6666666666666666,0.8222222222222222,0.9555555555555556,0.4777777777777778,0.6222222222222222,0.16666666666666666,0.0,0.0,751.3670924087897,0.4722116552089452,1.0,0.6666666666666666,0.9888888888888889,1.0,0.4,0.6666666666666666,0.8555555555555555,0.044444444444444446,1.0,751.3670924087897,0.42506634914106145
76,590112,blue,5,nan,nan,nan,nan,nan,nan,nan,nan,nan,nan,-0.0015943055273965,2.937149393558502,0.0033064397939597256,0.032763671875,0.18516498245298862,-7.450580596923828e-09,0.9999999403953552,1.0,0.8619220286607743,0.8982186242938042,red,2,False,4,2,,0.663043461173125,-10.736521767128421,404.5652173913044,1.0,0.0,0.0,1.0,0.043478260869565216,0.0,0.043478260869565216,0.0,0.9565217391304348,0.9565217391304348,0.9565217391304348,0.0,0.0,0.0,0.0,627,627,626,314,313,1.0,0.7391304347826086,0.8260869565217391,1.0,0.6086956521739131,0.7391304347826086,0.21739130434782608,0.043478260869565216,0.8699951171875,0.72705078125,0.424072265625,0.122802734375,0.9708251953125,0.0,0.1602791983887748,1.331391632657362,0.10639512890556946,0.18425102517244052,0.13770984352932097,0.2054719154077768,-0.14483798316738827,0.4909079112728253,0.188359179433629,0.4825570534713559,-0.13915014882598342,0.48936852093724414,1.0,0.7391304347826086,0.5652173913043478,0.9130434782608695,0.30434782608695654,0.6956521739130435,0.08695652173913043,0.0,0.869384765625,0.54736328125,0.57275390625,0.406494140625,0.956787109375,0.0,1.198221854874192,4.354057030317135,0.08955438025881221,0.1823261458170654,0.13208896861208053,0.20521483897810758,0.10082426343821282,0.4951499338592088,0.03689857407866626,0.49492253110078677,-0.16414751639136682,0.49162681236564526,0.3,0.6888888888888889,0.011111111111111112,0.9888888888888889,0.0,0.044444444444444446,0.044444444444444446,0.6555555555555556,0.3111111111111111,0.9555555555555556,0.9555555555555556,0.0,0.0,0.0,0.0,475.18888888888887,0.0,0.044444444444444446,1.0,0.6666666666666666,0.8222222222222222,0.9555555555555556,0.4777777777777778,0.6222222222222222,0.16666666666666666,0.0,0.0,751.3670924087897,0.4722116552089452,1.0,0.6666666666666666,0.9888888888888889,1.0,0.4,0.6666666666666666,0.8555555555555555,0.044444444444444446,1.0,751.3670924087897,0.42506634914106145
77,598304,blue,5,nan,nan,nan,nan,nan,nan,nan,nan,nan,nan,-0.0021421390352770685,2.9414026737213135,0.004553772098734044,0.049462890625,0.19659395888447762,-1.4901161193847656e-08,1.0,1.0,0.838627690076828,0.6973474696278572,red,2,False,4,2,,-1.8547727974470367,-8.626818192614751,394.8181818181818,0.8636363636363636,0.0,0.13636363636363635,0.8636363636363636,0.0,0.0,0.0,0.0,0.8636363636363636,0.8636363636363636,0.8636363636363636,0.0,0.045454545454545456,0.0,0.09090909090909091,634,634,634,317,317,1.0,0.5454545454545454,0.7272727272727273,0.9545454545454546,0.5454545454545454,0.5,0.18181818181818182,0.0,0.867431640625,0.72607421875,0.404541015625,0.099853515625,0.97412109375,0.0,0.11964438359563526,1.0109223648838748,0.10758134545818594,0.18485995741101333,0.13901185035617794,0.2065497442304659,-0.15922713923727727,0.4832157586332491,0.1973092214862575,0.4773863044318955,-0.15352811175561598,0.4853535709778166,1.0,0.5454545454545454,0.5909090909090909,0.7727272727272727,0.22727272727272727,0.5,0.2727272727272727,0.0,0.8701171875,0.5364990234375,0.569580078125,0.40185546875,0.9595947265625,0.0,1.2251560493466025,4.390846057704539,0.09171488138970432,0.1826470225785022,0.1377377166311003,0.20680350150243815,0.152866989816566,0.49887120329895507,0.04890209594383421,0.4877955040581361,-0.1451583306799904,0.5012360969241271,0.3,0.6888888888888889,0.011111111111111112,0.9888888888888889,0.0,0.044444444444444446,0.044444444444444446,0.6555555555555556,0.3111111111111111,0.9555555555555556,0.9555555555555556,0.0,0.0,0.0,0.0,475.18888888888887,0.0,0.044444444444444446,1.0,0.6666666666666666,0.8222222222222222,0.9555555555555556,0.4777777777777778,0.6222222222222222,0.16666666666666666,0.0,0.0,751.3670924087897,0.4722116552089452,1.0,0.6666666666666666,0.9888888888888889,1.0,0.4,0.6666666666666666,0.8555555555555555,0.044444444444444446,1.0,751.3670924087897,0.42506634914106145
78,600000,blue,5,nan,nan,nan,nan,nan,nan,nan,nan,nan,nan,-0.002770160345738404,2.9434547901153563,0.0023694845964200794,0.02759433900937438,0.22164876908063888,-1.7993855294662353e-08,1.0,1.0,0.5846455335617066,1.0278498768806457,red,2,False,4,2,3,1.7050000131130219,-12.502500082366168,357.75,1.0,0.0,0.0,1.0,0.0,0.0,0.0,0.0,1.0,1.0,1.0,0.0,0.0,0.0,0.0,636,635,635,318,318,1.0,0.75,0.75,1.0,0.25,0.75,0.25,0.0,0.8744103773584906,0.7169811320754716,0.4321933962264151,0.08313679245283019,0.9722877358490566,0.0,0.09156414922749243,0.5662608707553036,0.10654934517888834,0.1849475880218754,0.13912114260530245,0.20609496433683455,-0.15207958820929837,0.4869909781442128,0.18477437035941857,0.4882868038625729,-0.16447495245346597,0.48404102122130244,1.0,0.75,0.5,0.75,0.25,0.75,0.0,0.0,0.879127358490566,0.5589622641509434,0.5825471698113207,0.3443396226415094,0.9652122641509434,0.0,1.1182187714021308,4.359594077706115,0.09802244509385531,0.18454876087365565,0.1458067425066642,0.2084155514746842,0.21240679917706795,0.4813890750156104,0.06220519458718558,0.49861600237901205,-0.11314836650414674,0.5076146281011796,0.2777777777777778,0.6333333333333333,0.08888888888888889,0.9111111111111111,0.18888888888888888,0.1,0.28888888888888886,0.5333333333333333,0.08888888888888889,0.6222222222222222,0.6222222222222222,0.0,0.0,0.0,0.08888888888888889,447.34444444444443,0.1,0.08888888888888888,1.0,0.8333333333333334,0.8444444444444444,1.0,0.5555555555555556,0.8333333333333334,0.3333333333333333,0.18888888888888888,1.0,678.0691516583017,0.21633448990667617,1.0,0.8333333333333334,1.0,0.9111111111111111,0.35555555555555557,0.5333333333333333,0.8111111111111111,0.1,1.0,678.0691516583017,0.3733761971080893
79,608192,red,6,-0.0016349193174391985,2.975538122653961,0.007181172830314608,0.0963134765625,0.15482987202703952,-1.6763806343078613e-08,0.9999999403953552,1.0,0.19517069607973098,0.13312512990087272,nan,nan,nan,nan,nan,nan,nan,nan,nan,nan,blue,2,False,4,3,,-10.0,-10.0,87.0,0.0,0.0,1.0,0.0,0.0,0.0,0.0,0.0,0.0,0.0,0.0,0.0,1.0,0.0,0.0,647,646,646,324,323,1.0,1.0,1.0,0.0,1.0,0.0,0.0,0.0,0.8851318359375,0.7236328125,0.5394287109375,0.1121826171875,0.979248046875,0.0,0.15539365616175116,1.290235365844373,0.1176270424470059,0.18658349763796633,0.15225078801045988,0.20916495694800258,-0.2510040842234318,0.4854285457167172,0.240202818967564,0.4741575282905757,-0.12019119131683453,0.5053659802615978,1.0,1.0,1.0,0.0,1.0,0.0,0.0,0.0,0.8692626953125,0.709716796875,0.4686279296875,0.175048828125,0.96630859375,0.0,0.17792344253649792,1.2934822776866473,0.10123017398676243,0.17993168161640408,0.13593646055516156,0.19891650508176478,0.08577960237694171,0.4899230657263337,0.13391423214207165,0.4858503890701241,-0.19528232693676983,0.47526535271793263,0.2777777777777778,0.6333333333333333,0.08888888888888889,0.9111111111111111,0.18888888888888888,0.1,0.28888888888888886,0.5333333333333333,0.08888888888888889,0.6222222222222222,0.6222222222222222,0.0,0.0,0.0,0.08888888888888889,447.34444444444443,0.1,0.08888888888888888,1.0,0.8333333333333334,0.8444444444444444,1.0,0.5555555555555556,0.8333333333333334,0.3333333333333333,0.18888888888888888,1.0,678.0691516583017,0.21633448990667617,1.0,0.8333333333333334,1.0,0.9111111111111111,0.35555555555555557,0.5333333333333333,0.8111111111111111,0.1,1.0,678.0691516583017,0.3733761971080893
80,616384,red,6,-0.003338357503525913,2.9807102560997008,0.004863200046384008,0.0544189453125,0.2130398765206337,-2.9802322387695312e-08,0.9999998211860657,1.0,0.003102105134166777,0.0782926457002759,nan,nan,nan,nan,nan,nan,nan,nan,nan,nan,blue,2,False,4,3,,0.0,-10.0,377.0,1.0,0.0,0.0,1.0,0.0,0.0,0.0,0.0,1.0,1.0,1.0,0.0,0.0,0.0,0.0,647,647,646,324,323,1.0,1.0,1.0,1.0,1.0,1.0,0.0,0.0,0.908203125,0.6019287109375,0.3841552734375,0.3101806640625,0.97265625,0.0,0.7369128362509667,3.697855367037088,0.08574947265955052,0.17470265682483413,0.11571421514050775,0.19754387116890476,-0.314921343966013,0.5090309849434853,0.16640545748207103,0.4898524187993709,-0.04935363779310009,0.5031949637680708,1.0,1.0,0.0,1.0,0.0,1.0,0.0,0.0,0.8675537109375,0.6588134765625,0.1903076171875,0.0487060546875,0.9500732421875,0.0,0.07314502649472382,1.7763568394002505e-15,0.07957871419820386,0.1489249691267998,0.09986950091788349,0.15407905564443466,0.0806532671164355,0.49465089054328704,0.13514325931808813,0.4818814557609751,-0.20796890058381123,0.47292007035282096,0.2222222222222222,0.5111111111111111,0.26666666666666666,0.7333333333333333,0.13333333333333333,0.14444444444444443,0.2777777777777778,0.37777777777777777,0.1,0.4666666666666667,0.4666666666666667,0.0,0.0,0.0,0.25555555555555554,467.84444444444443,0.13333333333333333,0.0111111111111111,1.0,0.8222222222222222,0.8444444444444444,1.0,0.5444444444444444,0.7777777777777778,0.2777777777777778,0.13333333333333333,1.0,692.2445743678217,0.23011420416942766,1.0,0.8222222222222222,1.0,0.9111111111111111,0.36666666666666664,0.5555555555555556,0.8111111111111111,0.14444444444444443,1.0,692.2445743678217,0.36304943934931816
81,624576,red,6,-0.0008754055015742779,2.9814529418945312,0.003264227201725589,0.03193359375,0.1548980303108692,-1.862645149230957e-08,1.0,1.0,0.6557719349861145,0.335749451816082,nan,nan,nan,nan,nan,nan,nan,nan,nan,nan,blue,2,False,4,3,,-1.5248437685659155,-2.212187539495062,569.21875,0.15625,0.1875,0.65625,0.34375,0.03125,0.0,0.03125,0.1875,0.125,0.3125,0.3125,0.0,0.0,0.0,0.65625,658,657,657,329,329,1.0,0.6875,0.84375,1.0,0.65625,0.6875,0.21875,0.03125,0.8919677734375,0.7249755859375,0.5137939453125,0.119873046875,0.9798583984375,0.0,0.18163563164653412,1.6234747016578672,0.11504223579914805,0.18506689331940906,0.1502401568786632,0.20653709440092355,-0.25898019346756485,0.497990476601755,0.2203796570671841,0.486868877465462,-0.09294116665588703,0.5058846607073161,1.0,0.6875,0.5625,0.96875,0.3125,0.65625,0.15625,0.0,0.8607177734375,0.6942138671875,0.4354248046875,0.1512451171875,0.963134765625,0.0,0.17993658874008506,1.4586312848975511,0.09765448382738628,0.18058292355679306,0.13058035019287104,0.1998242923005465,0.08909586688133686,0.49134799397139595,0.12829603428966152,0.4832099722498401,-0.19449879544488624,0.47906294222621737,0.2222222222222222,0.5111111111111111,0.26666666666666666,0.7333333333333333,0.13333333333333333,0.14444444444444443,0.2777777777777778,0.37777777777777777,0.1,0.4666666666666667,0.4666666666666667,0.0,0.0,0.0,0.25555555555555554,467.84444444444443,0.13333333333333333,0.0111111111111111,1.0,0.8222222222222222,0.8444444444444444,1.0,0.5444444444444444,0.7777777777777778,0.2777777777777778,0.13333333333333333,1.0,692.2445743678217,0.23011420416942766,1.0,0.8222222222222222,1.0,0.9111111111111111,0.36666666666666664,0.5555555555555556,0.8111111111111111,0.14444444444444443,1.0,692.2445743678217,0.36304943934931816
82,632768,red,6,-0.0034949427703395487,2.984889817237854,0.004657309471804183,0.0529296875,0.2173051193356514,-1.1175870895385742e-08,0.9999998211860657,1.0,0.005520096118561924,0.10563657134771347,nan,nan,nan,nan,nan,nan,nan,nan,nan,nan,blue,2,False,4,3,,0.0,0.0,600.0,0.0,0.0,1.0,0.0,0.0,0.0,0.0,0.0,0.0,0.0,0.0,0.0,0.0,0.0,1.0,658,658,657,329,329,1.0,1.0,1.0,1.0,1.0,1.0,0.0,0.0,0.89306640625,0.667236328125,0.4254150390625,0.2589111328125,0.9696044921875,0.0,0.5108364164044725,3.1893222416223566,0.09692173889882719,0.17320738316752163,0.1271914412890805,0.19639057257050282,-0.2486781381192742,0.5078527761557571,0.18286390442457545,0.4853788026499894,-0.06653209204180044,0.5067598556012093,1.0,1.0,1.0,1.0,0.0,1.0,0.0,0.0,0.863525390625,0.6781005859375,0.2454833984375,0.1134033203125,0.9512939453125,0.0,0.20304045199303877,1.9533681661953908,0.08570851476733199,0.15332602415684127,0.10819715183344013,0.1637166880954475,0.07594212320483607,0.4903305527715165,0.15149086730903605,0.47691740957880047,-0.21097207530338835,0.4773306794078771,0.2222222222222222,0.5111111111111111,0.26666666666666666,0.7333333333333333,0.13333333333333333,0.14444444444444443,0.2777777777777778,0.37777777777777777,0.1,0.4666666666666667,0.4666666666666667,0.0,0.0,0.0,0.25555555555555554,467.84444444444443,0.13333333333333333,0.0111111111111111,1.0,0.8222222222222222,0.8444444444444444,1.0,0.5444444444444444,0.7777777777777778,0.2777777777777778,0.13333333333333333,1.0,692.2445743678217,0.23011420416942766,1.0,0.8222222222222222,1.0,0.9111111111111111,0.36666666666666664,0.5555555555555556,0.8111111111111111,0.14444444444444443,1.0,692.2445743678217,0.36304943934931816
83,640960,red,6,-0.0017827493953518569,2.9916624188423158,0.0016360816836822778,0.0118408203125,0.1546377308666706,-1.862645149230957e-09,1.0,1.0,0.4221998885273933,0.24841137565672397,nan,nan,nan,nan,nan,nan,nan,nan,nan,nan,blue,2,False,4,3,,-2.42150003015995,-3.3238333386058607,552.2333333333333,0.36666666666666664,0.16666666666666666,0.4666666666666667,0.5333333333333333,0.0,0.0,0.0,0.16666666666666666,0.36666666666666664,0.5333333333333333,0.5333333333333333,0.0,0.0,0.0,0.4666666666666667,668,668,667,334,334,1.0,0.7,0.8,1.0,0.6666666666666666,0.7,0.13333333333333333,0.0,0.8934326171875,0.7061767578125,0.5157470703125,0.14306640625,0.980712890625,0.0,0.2581368030739101,2.3639265017962194,0.11149141543206138,0.18701743816025415,0.14794619561091085,0.21033690330249924,-0.3000612787903485,0.5020377193060583,0.19296554954423684,0.4905660510021157,-0.029613227544551535,0.5077911668399067,1.0,0.7,0.5333333333333333,1.0,0.2,0.7,0.16666666666666666,0.0,0.8663330078125,0.6614990234375,0.3648681640625,0.1131591796875,0.9522705078125,0.0,0.13737748702610772,1.1129473757058232,0.09042541172717768,0.1792223847021444,0.12010315353975846,0.19739715863553506,0.07735469067820944,0.4943268555077609,0.11874881534094328,0.4855088036880776,-0.20346006327076793,0.47131369019746877,0.2222222222222222,0.5111111111111111,0.26666666666666666,0.7333333333333333,0.13333333333333333,0.14444444444444443,0.2777777777777778,0.37777777777777777,0.1,0.4666666666666667,0.4666666666666667,0.0,0.0,0.0,0.25555555555555554,467.84444444444443,0.13333333333333333,0.0111111111111111,1.0,0.8222222222222222,0.8444444444444444,1.0,0.5444444444444444,0.7777777777777778,0.2777777777777778,0.13333333333333333,1.0,692.2445743678217,0.23011420416942766,1.0,0.8222222222222222,1.0,0.9111111111111111,0.36666666666666664,0.5555555555555556,0.8111111111111111,0.14444444444444443,1.0,692.2445743678217,0.36304943934931816
84,649152,red,6,-0.0012033396866172551,3.000321888923645,0.0024639644914714156,0.022314453125,0.14764415733516217,1.862645149230957e-09,1.0,1.0,0.17087680473923683,0.08386141080409289,nan,nan,nan,nan,nan,nan,nan,nan,nan,nan,blue,2,False,4,3,,2.8633333997180066,-7.825000264060994,395.0,0.3333333333333333,0.3333333333333333,0.3333333333333333,0.6666666666666666,0.3333333333333333,0.0,0.3333333333333333,0.3333333333333333,0.0,0.3333333333333333,0.3333333333333333,0.0,0.0,0.0,0.3333333333333333,669,669,668,335,334,1.0,0.3333333333333333,0.6666666666666666,1.0,0.3333333333333333,0.3333333333333333,0.6666666666666666,0.3333333333333333,0.885498046875,0.6910400390625,0.5457763671875,0.203125,0.9776611328125,0.0,0.38153458527261275,2.85684023993383,0.1125156217990162,0.1847755963044148,0.1490006583285018,0.20999197708581202,-0.24435665388989491,0.5063461883984129,0.21659436966375267,0.48531575586230624,-0.043641275097968446,0.5049596687948742,1.0,0.3333333333333333,0.3333333333333333,0.6666666666666666,0.0,0.0,0.3333333333333333,0.0,0.861083984375,0.6773681640625,0.2742919921875,0.11181640625,0.95654296875,0.0,0.19833677144520662,1.8742115944425999,0.0880991288065309,0.16122495829480318,0.11220978189206893,0.17488553190347106,0.06201371334459438,0.4913127049575082,0.14737036696462624,0.4756739443305087,-0.20676033020108875,0.4741094724151971,0.2222222222222222,0.5111111111111111,0.26666666666666666,0.7333333333333333,0.13333333333333333,0.14444444444444443,0.2777777777777778,0.37777777777777777,0.1,0.4666666666666667,0.4666666666666667,0.0,0.0,0.0,0.25555555555555554,467.84444444444443,0.13333333333333333,0.0111111111111111,1.0,0.8222222222222222,0.8444444444444444,1.0,0.5444444444444444,0.7777777777777778,0.2777777777777778,0.13333333333333333,1.0,692.2445743678217,0.23011420416942766,1.0,0.8222222222222222,1.0,0.9111111111111111,0.36666666666666664,0.5555555555555556,0.8111111111111111,0.14444444444444443,1.0,692.2445743678217,0.36304943934931816
85,657344,red,6,-0.00139532086905092,3.006005859375,0.004629897124686977,0.054443359375,0.1516386590898037,-3.725290298461914e-09,0.9999999403953552,1.0,0.20549401566386222,0.12172396928071975,nan,nan,nan,nan,nan,nan,nan,nan,nan,nan,blue,2,False,4,3,,-1.161666680171731,-2.469047634064087,563.7142857142857,0.23809523809523808,0.09523809523809523,0.6666666666666666,0.3333333333333333,0.0,0.0,0.0,0.09523809523809523,0.23809523809523808,0.3333333333333333,0.3333333333333333,0.0,0.0,0.0,0.6666666666666666,676,676,675,338,338,1.0,0.7142857142857143,0.8095238095238095,1.0,0.6190476190476191,0.7142857142857143,0.14285714285714285,0.0,0.90087890625,0.6734619140625,0.58935546875,0.22412109375,0.98046875,0.0,0.48678481868393725,3.341247024964135,0.11110945621570839,0.18623151413439673,0.15160620009557527,0.21079618846254353,-0.3258888570534282,0.4854870134758693,0.18430886429545268,0.4929060395341356,0.04004895393468999,0.5106757701898205,1.0,0.7142857142857143,0.5714285714285714,0.9523809523809523,0.14285714285714285,0.7142857142857143,0.14285714285714285,0.0,0.8671875,0.6710205078125,0.3016357421875,0.0867919921875,0.95849609375,0.0,0.10377869841615106,0.7558958386104626,0.08782592467130843,0.17432853458353223,0.1138901820041046,0.19089825078852118,0.06094747533757072,0.49867161149435163,0.12806033305406928,0.4812851572135992,-0.20373998058683895,0.4762412776432445,0.1111111111111111,0.7111111111111111,0.17777777777777778,0.8222222222222222,0.1,0.0,0.1,0.7111111111111111,0.011111111111111112,0.7222222222222222,0.7222222222222222,0.0,0.0,0.0,0.17777777777777778,387.0,0.0,0.1,1.0,0.7,0.8111111111111111,1.0,0.5222222222222223,0.7,0.26666666666666666,0.1,1.0,795.7969423351709,0.36136861039488233,1.0,0.7,1.0,0.9,0.3333333333333333,0.5555555555555556,0.3888888888888889,0.0,0.0,795.7969423351709,0.44870548567682145
86,665536,red,6,-0.0011126188328489661,3.0118265748023987,0.002907332005270291,0.0302978515625,0.14328512214124203,-7.450580596923828e-09,1.0,1.0,0.19148170799016953,0.06312582800164819,nan,nan,nan,nan,nan,nan,nan,nan,nan,nan,blue,2,False,4,3,,0.1804545706307346,-2.7140909267420117,547.9090909090909,0.18181818181818182,0.09090909090909091,0.7272727272727273,0.2727272727272727,0.09090909090909091,0.0,0.09090909090909091,0.09090909090909091,0.09090909090909091,0.18181818181818182,0.18181818181818182,0.0,0.0,0.0,0.7272727272727273,680,679,679,340,340,1.0,0.7272727272727273,0.6363636363636364,1.0,0.45454545454545453,0.7272727272727273,0.18181818181818182,0.09090909090909091,0.8939208984375,0.69677734375,0.6146240234375,0.210205078125,0.9847412109375,0.0,0.36106027558573095,2.7361860950263033,0.12428685470333709,0.19150321460139386,0.1664221813665141,0.21809211500033016,-0.30690827306142765,0.4819112516549413,0.24906495486315094,0.4778721047061969,0.012344316135820321,0.5102691356214757,1.0,0.7272727272727273,0.5454545454545454,0.9090909090909091,0.0,0.6363636363636364,0.18181818181818182,0.0,0.8662109375,0.6964111328125,0.3177490234375,0.084228515625,0.95263671875,0.0,0.06937017636052586,0.5395039949638429,0.09365006270829122,0.17249834851340978,0.12050583569794722,0.18945811098069537,0.051087843982706715,0.4917301877516573,0.14844572328125594,0.47833366719083,-0.20402511885129826,0.4733790144483176,0.1111111111111111,0.7111111111111111,0.17777777777777778,0.8222222222222222,0.1,0.0,0.1,0.7111111111111111,0.011111111111111112,0.7222222222222222,0.7222222222222222,0.0,0.0,0.0,0.17777777777777778,387.0,0.0,0.1,1.0,0.7,0.8111111111111111,1.0,0.5222222222222223,0.7,0.26666666666666666,0.1,1.0,795.7969423351709,0.36136861039488233,1.0,0.7,1.0,0.9,0.3333333333333333,0.5555555555555556,0.3888888888888889,0.0,0.0,795.7969423351709,0.44870548567682145
87,673728,red,6,-0.0020687233190983534,3.017577075958252,0.005991859331697924,0.0772216796875,0.15933555364608765,0.0,1.0000001192092896,1.0,0.35841551423072815,0.27720537707209586,nan,nan,nan,nan,nan,nan,nan,nan,nan,nan,blue,2,False,4,3,,-3.2962500503635965,-0.5628125129151158,559.875,0.0625,0.25,0.6875,0.3125,0.0,0.0,0.0,0.25,0.0625,0.3125,0.3125,0.0,0.0,0.0,0.6875,685,685,684,343,342,1.0,0.625,0.75,1.0,0.5,0.625,0.1875,0.0,0.915771484375,0.6611328125,0.632568359375,0.267822265625,0.9859619140625,0.0,0.5730276192143897,3.605849952121122,0.11766488205178427,0.19287546369082534,0.1684397920142553,0.22544711087505406,-0.4049487787809767,0.47138306824478315,0.1416194606912562,0.4987450145576828,0.09964065368534136,0.5144938062508752,1.0,0.625,0.625,1.0,0.1875,0.625,0.1875,0.0,0.8619384765625,0.6678466796875,0.23828125,0.056640625,0.9488525390625,0.0,0.07670171906811825,0.2236064163020244,0.08318844063105399,0.16081447029842116,0.10668554673791984,0.18045776874179315,0.05989075579959646,0.5002937295030196,0.13029869978087305,0.4847178711127628,-0.21021759749499225,0.4689902322690946,0.1111111111111111,0.7111111111111111,0.17777777777777778,0.8222222222222222,0.1,0.0,0.1,0.7111111111111111,0.011111111111111112,0.7222222222222222,0.7222222222222222,0.0,0.0,0.0,0.17777777777777778,387.0,0.0,0.1,1.0,0.7,0.8111111111111111,1.0,0.5222222222222223,0.7,0.26666666666666666,0.1,1.0,795.7969423351709,0.36136861039488233,1.0,0.7,1.0,0.9,0.3333333333333333,0.5555555555555556,0.3888888888888889,0.0,0.0,795.7969423351709,0.44870548567682145
88,681920,red,6,-0.0030378846684470774,3.022907793521881,0.004546157333970768,0.0512451171875,0.19487903378903865,0.0,0.9999998807907104,1.0,0.022539162170141937,0.08627530522644519,nan,nan,nan,nan,nan,nan,nan,nan,nan,nan,blue,2,False,4,3,,-0.5928125219652429,0.3106249982956797,600.0,0.0,0.0,1.0,0.0,0.0,0.0,0.0,0.0,0.0,0.0,0.0,0.0,0.0,0.0,1.0,690,690,690,345,345,1.0,0.75,0.8125,1.0,0.6875,0.75,0.0625,0.0,0.9091796875,0.70947265625,0.6290283203125,0.2120361328125,0.9912109375,0.0,0.3666258266532275,2.7050693720518773,0.1330897664385349,0.19369284447241739,0.18183516674428024,0.2229491952778981,-0.3280388509922041,0.4885196191689252,0.2385534162733265,0.4905371694346256,0.05728861840119848,0.5135763165504447,1.0,0.75,0.6875,1.0,0.3125,0.75,0.1875,0.0,0.8582763671875,0.690185546875,0.3427734375,0.10009765625,0.95361328125,0.0,0.08929500114966413,0.7459316168602491,0.09288147304409725,0.1734914723263991,0.12046180662555318,0.19116408088779197,0.06437290274558194,0.49303279183370835,0.14464447366685107,0.48044029087900336,-0.2048128492832859,0.47518062058032406,0.1111111111111111,0.7111111111111111,0.17777777777777778,0.8222222222222222,0.1,0.0,0.1,0.7111111111111111,0.011111111111111112,0.7222222222222222,0.7222222222222222,0.0,0.0,0.0,0.17777777777777778,387.0,0.0,0.1,1.0,0.7,0.8111111111111111,1.0,0.5222222222222223,0.7,0.26666666666666666,0.1,1.0,795.7969423351709,0.36136861039488233,1.0,0.7,1.0,0.9,0.3333333333333333,0.5555555555555556,0.3888888888888889,0.0,0.0,795.7969423351709,0.44870548567682145
89,690112,red,6,-0.001977983769029379,3.0246578574180605,0.004856888944050297,0.0557373046875,0.162057763338089,7.450580596923828e-09,1.0,1.0,0.15348564758896827,0.17088880557566882,nan,nan,nan,nan,nan,nan,nan,nan,nan,nan,blue,2,False,4,3,,-2.22666668088641,-0.40333335287868977,573.5555555555555,0.0,0.2222222222222222,0.7777777777777778,0.2222222222222222,0.0,0.0,0.0,0.2222222222222222,0.0,0.2222222222222222,0.2222222222222222,0.0,0.0,0.0,0.7777777777777778,693,693,693,347,346,1.0,0.6666666666666666,0.8888888888888888,1.0,0.6666666666666666,0.6666666666666666,0.3333333333333333,0.0,0.912353515625,0.701171875,0.623046875,0.26171875,0.9913330078125,0.0,0.40910035763289426,2.569346724528406,0.13296525483350477,0.1989893786155817,0.18813414705470805,0.23314063420566603,-0.3611190500881598,0.4856223168039082,0.1779401684822517,0.4968261184010591,0.10520427090586182,0.5015790881013062,1.0,0.6666666666666666,0.5555555555555556,1.0,0.3333333333333333,0.6666666666666666,0.1111111111111111,0.0,0.8624267578125,0.68994140625,0.2169189453125,0.0301513671875,0.952392578125,0.0,0.019579998649323152,8.881784197001252e-16,0.08356682970819272,0.15403757139189145,0.10666030004089917,0.1679316479613391,0.06445294440117522,0.4903337326837643,0.12903607254947147,0.4804978283687175,-0.2144540082896853,0.4743270119866634,0.1111111111111111,0.7111111111111111,0.17777777777777778,0.8222222222222222,0.1,0.0,0.1,0.7111111111111111,0.011111111111111112,0.7222222222222222,0.7222222222222222,0.0,0.0,0.0,0.17777777777777778,387.0,0.0,0.1,1.0,0.7,0.8111111111111111,1.0,0.5222222222222223,0.7,0.26666666666666666,0.1,1.0,795.7969423351709,0.36136861039488233,1.0,0.7,1.0,0.9,0.3333333333333333,0.5555555555555556,0.3888888888888889,0.0,0.0,795.7969423351709,0.44870548567682145
90,698304,red,6,-0.001963991019874811,3.033396601676941,0.004651860290323384,0.0540283203125,0.156349640712142,-9.313225746154785e-10,1.0,1.0,0.12814748249948024,0.10270527098327875,nan,nan,nan,nan,nan,nan,nan,nan,nan,nan,blue,2,False,4,3,,-0.7670454708435996,-1.8618181926113637,587.5,0.18181818181818182,0.045454545454545456,0.7727272727272727,0.22727272727272727,0.0,0.0,0.0,0.045454545454545456,0.18181818181818182,0.22727272727272727,0.22727272727272727,0.0,0.0,0.0,0.7727272727272727,701,700,700,351,350,1.0,0.7272727272727273,0.8181818181818182,1.0,0.6363636363636364,0.7272727272727273,0.13636363636363635,0.0,0.902587890625,0.7022705078125,0.6275634765625,0.1910400390625,0.993408203125,0.0,0.3429835974184454,2.597306904187489,0.1373881729771905,0.19898530179205665,0.18984360829272723,0.23370022642992508,-0.3478096185298405,0.476542115302292,0.24372160915399022,0.49076580163790945,0.11998528698543964,0.5121356885534174,1.0,0.7272727272727273,0.6363636363636364,1.0,0.18181818181818182,0.7272727272727273,0.22727272727272727,0.0,0.8653564453125,0.68505859375,0.36181640625,0.107177734375,0.951171875,0.0,0.10740441385486028,1.0644757443412987,0.09303831377083131,0.17868190988009705,0.12232559872617518,0.19728629600909575,0.08966482695806022,0.4885311328938875,0.12840101925716496,0.4825001132971141,-0.20286301741338875,0.4743631987158002,0.15555555555555556,0.8333333333333334,0.011111111111111112,0.9888888888888889,0.12222222222222222,0.0,0.12222222222222222,0.8333333333333334,0.03333333333333333,0.8666666666666667,0.8666666666666667,0.0,0.0,0.0,0.011111111111111112,291.74444444444447,0.0,0.12222222222222222,1.0,0.6888888888888889,0.8111111111111111,1.0,0.5444444444444444,0.6888888888888889,0.28888888888888886,0.12222222222222222,1.0,821.2475203280769,0.38092248278259355,1.0,0.6888888888888889,0.9666666666666667,0.8777777777777778,0.3333333333333333,0.5444444444444444,0.32222222222222224,0.0,0.0,821.2475203280769,0.49566790341467537
91,700000,red,6,-0.004493797396503041,3.0381132125854493,0.003026454907129211,0.03632075563073158,0.2886169761419296,3.5987710589324706e-08,0.9999998807907104,1.0,0.005469420459121466,0.08802616968750954,nan,nan,nan,nan,nan,nan,nan,nan,nan,nan,blue,2,False,4,3,4,0.0,0.0,600.0,0.0,0.0,1.0,0.0,0.0,0.0,0.0,0.0,0.0,0.0,0.0,0.0,0.0,0.0,1.0,701,701,700,351,350,1.0,1.0,1.0,1.0,1.0,1.0,0.0,0.0,0.9204009433962265,0.6556603773584906,0.6444575471698113,0.29952830188679247,0.9941037735849056,0.0,0.5894663320437477,3.7041466644581442,0.13488939686130014,0.20044205647610616,0.19148792610826368,0.233768464688449,-0.40180254960679757,0.466666166365112,0.24893367748895884,0.4746784084230939,0.1449321943834359,0.50589322629129,1.0,1.0,0.0,1.0,0.0,1.0,0.0,0.0,0.8632075471698113,0.6969339622641509,0.3107311320754717,0.1303066037735849,0.9622641509433962,0.0,0.10934332984081353,1.0189953762680533,0.09400685160202638,0.17100943726582513,0.11991092166778332,0.18547681804461474,0.06761939130867074,0.48930173398655613,0.18009554719098542,0.48037307933702694,-0.20685064673508127,0.46630511202356634,0.13333333333333333,0.8666666666666667,0.0,1.0,0.12222222222222222,0.0,0.12222222222222222,0.8666666666666667,0.011111111111111112,0.8777777777777778,0.8777777777777778,0.0,0.0,0.0,0.0,274.05555555555554,0.0,0.12222222222222222,1.0,0.6777777777777778,0.8111111111111111,1.0,0.5444444444444444,0.6666666666666666,0.28888888888888886,0.12222222222222222,1.0,847.4759668817672,0.4137439826038951,1.0,0.6777777777777778,1.0,0.8777777777777778,0.3333333333333333,0.5444444444444444,0.34444444444444444,0.0,0.0,847.4759668817672,0.5145878643579093
92,708192,blue,7,nan,nan,nan,nan,nan,nan,nan,nan,nan,nan,-0.0017976713133975863,2.9476860642433165,0.004463895886146929,0.050634765625,0.18063511848449706,-3.5390257835388184e-08,1.0,1.0,0.08572276122868061,0.34752466082572936,red,4,True,5,3,,nan,nan,nan,nan,nan,nan,nan,nan,nan,nan,nan,nan,nan,nan,nan,nan,nan,nan,712,711,711,356,356,nan,nan,nan,nan,nan,nan,nan,nan,0.9056396484375,0.702392578125,0.6483154296875,0.291748046875,0.993896484375,0.0,0.529061319119857,3.4112531223057614,0.1437857900093259,0.2029300428377871,0.19564210455695963,0.2407650835286514,-0.37808223142232933,0.4667034108778776,0.3132769794826409,0.47175180381641263,0.2269532381292656,0.4980512781832421,nan,nan,nan,nan,nan,nan,nan,nan,0.8680419921875,0.651123046875,0.634765625,0.379150390625,0.9722900390625,0.0,0.8247957449041186,3.855310537299709,0.10723057565417764,0.18606101492597513,0.15352021570787266,0.2099475276214774,0.0941251917731094,0.4980907374828022,0.08585200964024153,0.4907144855263134,-0.13599353508974943,0.5021446913348594,0.13333333333333333,0.8666666666666667,0.0,1.0,0.12222222222222222,0.0,0.12222222222222222,0.8666666666666667,0.011111111111111112,0.8777777777777778,0.8777777777777778,0.0,0.0,0.0,0.0,274.05555555555554,0.0,0.12222222222222222,1.0,0.6777777777777778,0.8111111111111111,1.0,0.5444444444444444,0.6666666666666666,0.28888888888888886,0.12222222222222222,1.0,847.4759668817672,0.4137439826038951,1.0,0.6777777777777778,1.0,0.8777777777777778,0.3333333333333333,0.5444444444444444,0.34444444444444444,0.0,0.0,847.4759668817672,0.5145878643579093
93,716384,blue,7,nan,nan,nan,nan,nan,nan,nan,nan,nan,nan,-0.001996508380398154,2.95713951587677,0.0037559684831649067,0.0336181640625,0.1845676086843014,-3.725290298461914e-08,0.9999999403953552,1.0,0.5110956594347954,1.2324442759156227,red,4,True,5,3,,-5.59000003529603,-5.19764709587702,413.52941176470586,0.47058823529411764,0.5294117647058824,0.0,1.0,0.0,0.0,0.0,0.5294117647058824,0.47058823529411764,1.0,1.0,0.0,0.0,0.0,0.0,717,717,717,359,358,1.0,0.35294117647058826,0.5294117647058824,1.0,0.17647058823529413,0.35294117647058826,0.29411764705882354,0.0,0.9149169921875,0.67529296875,0.4541015625,0.2362060546875,0.9952392578125,0.0,0.47364374403668436,3.386390358753882,0.14715858793474884,0.21283313111598298,0.2154012813124118,0.25665813375782637,-0.4140520660480149,0.46670003996090276,0.16862910668855235,0.496502716538379,0.25406521197676213,0.4897974625124781,1.0,0.35294117647058826,0.6470588235294118,1.0,0.17647058823529413,0.35294117647058826,0.35294117647058826,0.0,0.874755859375,0.6414794921875,0.344970703125,0.2337646484375,0.9554443359375,0.0,0.6259845988227388,3.8162054966250727,0.08938204373976188,0.1807977034472726,0.11972168276317514,0.20429329465751161,0.10030700489135569,0.5063301997862832,0.12368643167737758,0.4850116568110498,-0.3006042462117904,0.4874775807951612,0.13333333333333333,0.8666666666666667,0.0,1.0,0.12222222222222222,0.0,0.12222222222222222,0.8666666666666667,0.011111111111111112,0.8777777777777778,0.8777777777777778,0.0,0.0,0.0,0.0,274.05555555555554,0.0,0.12222222222222222,1.0,0.6777777777777778,0.8111111111111111,1.0,0.5444444444444444,0.6666666666666666,0.28888888888888886,0.12222222222222222,1.0,847.4759668817672,0.4137439826038951,1.0,0.6777777777777778,1.0,0.8777777777777778,0.3333333333333333,0.5444444444444444,0.34444444444444444,0.0,0.0,847.4759668817672,0.5145878643579093
94,724576,blue,7,nan,nan,nan,nan,nan,nan,nan,nan,nan,nan,-0.0010290699894540012,2.9596594333648683,0.0021155693299078847,0.013916015625,0.16890710182487964,-5.587935447692871e-09,1.0,1.0,0.3633840590715408,0.5138916246592998,red,4,True,5,3,,0.2576470605152495,-5.084411776350701,551.1176470588235,0.47058823529411764,0.0,0.5294117647058824,0.47058823529411764,0.0,0.0,0.0,0.0,0.47058823529411764,0.47058823529411764,0.47058823529411764,0.0,0.0,0.0,0.5294117647058824,723,723,722,362,361,1.0,0.9411764705882353,0.9411764705882353,1.0,0.8823529411764706,0.9411764705882353,0.058823529411764705,0.0,0.90576171875,0.693115234375,0.563232421875,0.2796630859375,0.9932861328125,0.0,0.4859636331716428,3.446905495086924,0.14664091740839985,0.2113041012243109,0.20516748902489196,0.25503408393142507,-0.37427531101694456,0.47144343906915653,0.265943460831906,0.4831368365289184,0.22646620817108243,0.49908587004831273,1.0,0.9411764705882353,0.6470588235294118,1.0,0.4117647058823529,0.9411764705882353,0.0,0.0,0.8680419921875,0.666748046875,0.522216796875,0.2972412109375,0.96826171875,0.0,0.6462998468566282,3.7426714263222896,0.10622806268756677,0.18666306616668477,0.14560209121535467,0.2124566443121002,0.08830581058803233,0.5112453473945742,0.14069677123846702,0.48746343024390515,-0.17062208233016207,0.514623837151957,0.13333333333333333,0.8666666666666667,0.0,1.0,0.12222222222222222,0.0,0.12222222222222222,0.8666666666666667,0.011111111111111112,0.8777777777777778,0.8777777777777778,0.0,0.0,0.0,0.0,274.05555555555554,0.0,0.12222222222222222,1.0,0.6777777777777778,0.8111111111111111,1.0,0.5444444444444444,0.6666666666666666,0.28888888888888886,0.12222222222222222,1.0,847.4759668817672,0.4137439826038951,1.0,0.6777777777777778,1.0,0.8777777777777778,0.3333333333333333,0.5444444444444444,0.34444444444444444,0.0,0.0,847.4759668817672,0.5145878643579093
95,732768,blue,7,nan,nan,nan,nan,nan,nan,nan,nan,nan,nan,-0.0007503286935389042,2.9604387640953065,0.0022685991621983702,0.0149169921875,0.17905239909887313,0.0,1.0,1.0,0.4420486330986023,0.6892661437392235,red,4,True,5,3,,-3.7172500266693533,-4.2182500147726385,453.85,0.4,0.35,0.25,0.75,0.0,0.0,0.0,0.35,0.4,0.75,0.75,0.0,0.0,0.0,0.25,730,729,729,365,365,1.0,0.6,0.55,1.0,0.3,0.6,0.2,0.0,0.908447265625,0.674560546875,0.480712890625,0.2606201171875,0.994384765625,0.0,0.5195480555454257,3.590219385081706,0.14532977594197943,0.21285074572446167,0.21121659516420588,0.2568099050810751,-0.40064994180871594,0.47119974768053496,0.19487318913177987,0.4965330846072524,0.24947359532949065,0.4942452672297126,1.0,0.6,0.65,1.0,0.2,0.6,0.25,0.0,0.8671875,0.666748046875,0.4315185546875,0.206298828125,0.968994140625,0.0,0.4714131123720424,3.6166007835165184,0.10349540483688155,0.18904404461963428,0.13851926550161558,0.21664369759058785,0.09122547879275089,0.506549201475519,0.15570700484614974,0.4798180385895546,-0.18993149242237095,0.5137503798187777,0.36666666666666664,0.5888888888888889,0.044444444444444446,0.9555555555555556,0.2,0.0,0.2,0.6,0.17777777777777778,0.7666666666666667,0.7666666666666667,0.0,0.011111111111111112,0.0,0.022222222222222223,277.1,0.0,0.2,1.0,0.7,0.9111111111111111,1.0,0.6444444444444445,0.6777777777777778,0.43333333333333335,0.2,1.0,746.106968735811,0.3457577263296683,1.0,0.7,0.9111111111111111,0.8222222222222222,0.3333333333333333,0.4666666666666667,0.24444444444444444,0.0,0.0,746.106968735811,0.5442264927526744
96,740960,blue,7,nan,nan,nan,nan,nan,nan,nan,nan,nan,nan,-0.002157183084636927,2.9598891496658326,0.003553434547211509,0.0330078125,0.18620144575834274,3.725290298461914e-09,1.0,1.0,0.3210648387670517,0.34207080453634264,red,4,True,5,3,,-1.0542857182611312,-2.7517857304774225,529.6428571428571,0.21428571428571427,0.14285714285714285,0.6428571428571429,0.35714285714285715,0.0,0.0,0.0,0.14285714285714285,0.21428571428571427,0.35714285714285715,0.35714285714285715,0.0,0.0,0.0,0.6428571428571429,734,734,734,367,367,1.0,0.7857142857142857,0.8571428571428571,1.0,0.6428571428571429,0.7857142857142857,0.14285714285714285,0.0,0.9156494140625,0.67822265625,0.5626220703125,0.3372802734375,0.9957275390625,0.0,0.7191298517629422,3.634066069300043,0.1434221040842008,0.21215944428991038,0.20314654688038392,0.25625006672577094,-0.402489974690468,0.4737454644058404,0.25246475994089934,0.4904508498616905,0.24526757204626293,0.4972789834800603,1.0,0.7857142857142857,0.7142857142857143,0.9285714285714286,0.21428571428571427,0.7857142857142857,0.07142857142857142,0.0,0.8748779296875,0.6500244140625,0.54296875,0.277099609375,0.977783203125,0.0,0.6181712461621611,3.7234418052263556,0.11105767299083988,0.19336076271363886,0.16031736877375977,0.22426215342047912,0.08769446106428802,0.5184500763335164,0.09919833444221382,0.4868923641009556,-0.07048748570790409,0.5205675743837319,0.36666666666666664,0.5888888888888889,0.044444444444444446,0.9555555555555556,0.2,0.0,0.2,0.6,0.17777777777777778,0.7666666666666667,0.7666666666666667,0.0,0.011111111111111112,0.0,0.022222222222222223,277.1,0.0,0.2,1.0,0.7,0.9111111111111111,1.0,0.6444444444444445,0.6777777777777778,0.43333333333333335,0.2,1.0,746.106968735811,0.3457577263296683,1.0,0.7,0.9111111111111111,0.8222222222222222,0.3333333333333333,0.4666666666666667,0.24444444444444444,0.0,0.0,746.106968735811,0.5442264927526744
97,749152,blue,7,nan,nan,nan,nan,nan,nan,nan,nan,nan,nan,-0.0017422340344637633,2.959383821487427,0.0037395244515209926,0.03662109375,0.17539028748869895,-7.450580596923828e-09,1.0000001192092896,1.0,0.4908251628279686,0.27329892963171004,red,4,True,5,3,,-2.1052500187419354,-7.666250047599897,412.8,0.65,0.25,0.1,0.9,0.0,0.0,0.0,0.25,0.65,0.9,0.9,0.0,0.0,0.0,0.1,741,741,740,371,370,1.0,0.7,0.8,1.0,0.6,0.7,0.2,0.0,0.916259765625,0.6806640625,0.5614013671875,0.2987060546875,0.9937744140625,0.0,0.56764044723512,3.525721926664784,0.1430307787727903,0.21071413118950802,0.20423756017053343,0.2543871230650581,-0.41302504326679923,0.464587054571797,0.2218391030259852,0.49966706185953924,0.24568366378010964,0.4910233259531837,1.0,0.7,0.7,0.85,0.25,0.6,0.2,0.0,0.8724365234375,0.6710205078125,0.6226806640625,0.338134765625,0.98095703125,0.0,0.7961962341436959,3.790697246159403,0.11983724229788387,0.1931811002780303,0.16883266964339277,0.22397095088660737,0.11294332714713917,0.504746752387781,0.14366176292336164,0.49006439271859914,-0.10624563282512867,0.5288126562561337,0.36666666666666664,0.5888888888888889,0.044444444444444446,0.9555555555555556,0.2,0.0,0.2,0.6,0.17777777777777778,0.7666666666666667,0.7666666666666667,0.0,0.011111111111111112,0.0,0.022222222222222223,277.1,0.0,0.2,1.0,0.7,0.9111111111111111,1.0,0.6444444444444445,0.6777777777777778,0.43333333333333335,0.2,1.0,746.106968735811,0.3457577263296683,1.0,0.7,0.9111111111111111,0.8222222222222222,0.3333333333333333,0.4666666666666667,0.24444444444444444,0.0,0.0,746.106968735811,0.5442264927526744
98,757344,blue,7,nan,nan,nan,nan,nan,nan,nan,nan,nan,nan,-0.0018081641057506204,2.9630518555641174,0.0031782900216057895,0.03125,0.2099480215460062,-3.725290298461914e-09,0.9999999403953552,1.0,0.4922981411218643,0.23772810772061348,red,4,True,5,3,,-0.5573529505773502,-7.077941180316403,456.2352941176471,0.6470588235294118,0.11764705882352941,0.23529411764705882,0.7647058823529411,0.058823529411764705,0.0,0.058823529411764705,0.11764705882352941,0.5882352941176471,0.7058823529411765,0.7058823529411765,0.0,0.0,0.0,0.23529411764705882,747,746,746,374,373,1.0,0.8235294117647058,0.6470588235294118,1.0,0.5882352941176471,0.7647058823529411,0.11764705882352941,0.058823529411764705,0.9073486328125,0.6783447265625,0.5455322265625,0.32421875,0.9942626953125,0.0,0.6389313320360028,3.6542175782466795,0.1443563778983005,0.2108406126144533,0.20668288659496442,0.2549151476985194,-0.3840990622213951,0.4728304879526483,0.22471769914708872,0.49230177180700446,0.2505918191849901,0.49124260594605607,1.0,0.8235294117647058,0.7647058823529411,0.9411764705882353,0.23529411764705882,0.7647058823529411,0.17647058823529413,0.0,0.871826171875,0.677734375,0.58642578125,0.2679443359375,0.9815673828125,0.0,0.582484897795951,3.7433146091420944,0.1211302015039899,0.19620162143765066,0.16697902178839014,0.22782446156086786,0.06651441571279548,0.5088295359278653,0.17561809029917796,0.4850779981777172,-0.10634962540072124,0.5213851349449967,0.36666666666666664,0.5888888888888889,0.044444444444444446,0.9555555555555556,0.2,0.0,0.2,0.6,0.17777777777777778,0.7666666666666667,0.7666666666666667,0.0,0.011111111111111112,0.0,0.022222222222222223,277.1,0.0,0.2,1.0,0.7,0.9111111111111111,1.0,0.6444444444444445,0.6777777777777778,0.43333333333333335,0.2,1.0,746.106968735811,0.3457577263296683,1.0,0.7,0.9111111111111111,0.8222222222222222,0.3333333333333333,0.4666666666666667,0.24444444444444444,0.0,0.0,746.106968735811,0.5442264927526744
99,765536,blue,7,nan,nan,nan,nan,nan,nan,nan,nan,nan,nan,-0.0018575315829366446,2.9648634791374207,0.003598630888882326,0.0368896484375,0.16388432681560516,-3.725290298461914e-09,1.0,1.0,0.3657600626349449,0.3369281865656376,red,4,True,5,3,,-2.5222000166133514,-2.3145000146701933,490.7,0.2,0.3,0.5,0.5,0.05,0.0,0.05,0.3,0.15,0.45,0.45,0.0,0.0,0.0,0.5,753,753,753,377,376,1.0,0.75,0.8,1.0,0.65,0.75,0.4,0.05,0.9039306640625,0.6888427734375,0.511962890625,0.260009765625,0.9931640625,0.0,0.5241043477334495,3.419822089649902,0.14684879231629758,0.21192692095643842,0.209236317052398,0.2559510016992929,-0.3754980589027319,0.47843749302130667,0.22207071315699167,0.49550385038548667,0.2307069756135789,0.4982357747344674,1.0,0.75,0.65,0.95,0.3,0.7,0.15,0.0,0.8662109375,0.678466796875,0.5625,0.219970703125,0.9757080078125,0.0,0.42164818445022745,3.438783509266523,0.11882194717662928,0.19573951737455747,0.16241408542418284,0.2257953003921421,0.00208567976905627,0.5134151256402754,0.19654299899506356,0.4859024865605273,-0.08769606019720655,0.5206400836726394,0.36666666666666664,0.5888888888888889,0.044444444444444446,0.9555555555555556,0.2,0.0,0.2,0.6,0.17777777777777778,0.7666666666666667,0.7666666666666667,0.0,0.011111111111111112,0.0,0.022222222222222223,277.1,0.0,0.2,1.0,0.7,0.9111111111111111,1.0,0.6444444444444445,0.6777777777777778,0.43333333333333335,0.2,1.0,746.106968735811,0.3457577263296683,1.0,0.7,0.9111111111111111,0.8222222222222222,0.3333333333333333,0.4666666666666667,0.24444444444444444,0.0,0.0,746.106968735811,0.5442264927526744
100,773728,blue,7,nan,nan,nan,nan,nan,nan,nan,nan,nan,nan,-0.0029920260421931744,2.9707198262214662,0.0057393957366002725,0.07080078125,0.18996112905442714,-1.1175870895385742e-08,0.9999999403953552,1.0,0.15468950979411603,0.22289139553904533,red,4,True,5,3,,-3.8211428880209235,-2.487500023429415,496.42857142857144,0.21428571428571427,0.35714285714285715,0.42857142857142855,0.5714285714285714,0.0,0.0,0.0,0.35714285714285715,0.21428571428571427,0.5714285714285714,0.5714285714285714,0.0,0.0,0.0,0.42857142857142855,758,758,757,379,379,1.0,0.7857142857142857,0.8571428571428571,1.0,0.7142857142857143,0.7857142857142857,0.2857142857142857,0.0,0.90869140625,0.681396484375,0.5477294921875,0.3125,0.9951171875,0.0,0.6069536027813598,3.5064572441317288,0.14567560396578297,0.2112915886900755,0.2083773340156331,0.2549963007606339,-0.3850961536378179,0.4732316121171195,0.22433802543201864,0.4908674276172184,0.24407373911171248,0.4913658673746642,1.0,0.7857142857142857,0.7142857142857143,1.0,0.2857142857142857,0.7857142857142857,0.14285714285714285,0.0,0.8719482421875,0.677978515625,0.5743408203125,0.20361328125,0.97607421875,0.0,0.42438380114229673,3.6534907119293143,0.12035795227482521,0.19298123089171695,0.16521182030726506,0.22289101703431421,0.022179151395981478,0.5173271206130835,0.19597434180537476,0.47967224338470704,-0.10685778697884629,0.5243914468133134,0.6333333333333333,0.35555555555555557,0.011111111111111112,0.9888888888888889,0.2111111111111111,0.0,0.2111111111111111,0.35555555555555557,0.4222222222222222,0.7777777777777778,0.7777777777777778,0.0,0.011111111111111112,0.0,0.0,219.7888888888889,0.0,0.2111111111111111,1.0,0.6666666666666666,0.8222222222222222,0.9888888888888889,0.6444444444444445,0.6555555555555556,0.37777777777777777,0.2111111111111111,1.0,733.5527950961764,0.38191591642644773,1.0,0.6666666666666666,0.8222222222222222,0.7777777777777778,0.32222222222222224,0.4444444444444444,0.16666666666666666,0.0,0.0,733.5527950961764,0.5919113774506312
101,781920,blue,7,nan,nan,nan,nan,nan,nan,nan,nan,nan,nan,-0.0025908731622621417,2.9702216386795044,0.005617656162939966,0.0711181640625,0.19004463627934456,-7.450580596923828e-09,1.0,1.0,0.44124752581119536,0.24862209111452102,red,4,True,5,3,,-3.2936875251180027,-2.54656255064765,478.875,0.1875,0.375,0.4375,0.5625,0.0,0.0625,0.0625,0.3125,0.1875,0.5,0.5,0.0,0.0,0.0,0.4375,763,763,763,382,381,1.0,0.75,0.8125,1.0,0.625,0.75,0.5,0.0,0.912841796875,0.6817626953125,0.5479736328125,0.308837890625,0.99462890625,0.0,0.6127360149115422,3.501065838330055,0.14686093782900994,0.21169083001982206,0.20851759977598294,0.2555531872477839,-0.39828696866765867,0.47615441495362604,0.2367185633052884,0.4940917586968703,0.23785736315118555,0.4966097045998141,1.0,0.75,0.625,0.9375,0.25,0.75,0.25,0.0625,0.874755859375,0.6512451171875,0.584716796875,0.2186279296875,0.9710693359375,0.0,0.5561242745064157,4.114898833056156,0.11807959832936844,0.19329513179399851,0.16066714223926645,0.2230833768126028,-0.018698146676111804,0.5201197411581854,0.2413217653141757,0.4783020335253007,-0.008352647461634888,0.5314480351831692,0.6333333333333333,0.35555555555555557,0.011111111111111112,0.9888888888888889,0.2111111111111111,0.0,0.2111111111111111,0.35555555555555557,0.4222222222222222,0.7777777777777778,0.7777777777777778,0.0,0.011111111111111112,0.0,0.0,219.7888888888889,0.0,0.2111111111111111,1.0,0.6666666666666666,0.8222222222222222,0.9888888888888889,0.6444444444444445,0.6555555555555556,0.37777777777777777,0.2111111111111111,1.0,733.5527950961764,0.38191591642644773,1.0,0.6666666666666666,0.8222222222222222,0.7777777777777778,0.32222222222222224,0.4444444444444444,0.16666666666666666,0.0,0.0,733.5527950961764,0.5919113774506312
102,790112,blue,7,nan,nan,nan,nan,nan,nan,nan,nan,nan,nan,-0.0019037017365917564,2.964595949649811,0.0032532765515497887,0.0271240234375,0.165586094930768,3.725290298461914e-09,1.0,1.0,0.21545255407691002,0.29242619797587394,red,4,True,5,3,,-6.894789499733107,-0.2363157870345994,469.2105263157895,0.05263157894736842,0.631578947368421,0.3157894736842105,0.6842105263157895,0.0,0.0,0.0,0.631578947368421,0.05263157894736842,0.6842105263157895,0.6842105263157895,0.0,0.0,0.0,0.3157894736842105,770,769,769,385,385,1.0,0.7894736842105263,0.7368421052631579,1.0,0.6842105263157895,0.7894736842105263,0.10526315789473684,0.0,0.9068603515625,0.655029296875,0.579345703125,0.34814453125,0.99462890625,0.0,0.8170673778806106,3.8055269070583257,0.14345620098332268,0.2094649736059882,0.2022750228120701,0.25299151096408484,-0.38930839214293655,0.4764577100693448,0.2758608185170317,0.48155691345635904,0.2208943312184637,0.5007754974824529,1.0,0.7894736842105263,0.7894736842105263,0.9473684210526315,0.42105263157894735,0.7894736842105263,0.21052631578947367,0.0,0.8760986328125,0.6781005859375,0.601318359375,0.252197265625,0.9725341796875,0.0,0.5584053979818824,3.5658332554380663,0.12516826507318807,0.19620429866553996,0.1678940381994723,0.2285417456578391,-0.011877865815058897,0.5215446781105257,0.2688831301383736,0.47276769809164987,-0.01675689167490546,0.5261392117695748,0.6333333333333333,0.35555555555555557,0.011111111111111112,0.9888888888888889,0.2111111111111111,0.0,0.2111111111111111,0.35555555555555557,0.4222222222222222,0.7777777777777778,0.7777777777777778,0.0,0.011111111111111112,0.0,0.0,219.7888888888889,0.0,0.2111111111111111,1.0,0.6666666666666666,0.8222222222222222,0.9888888888888889,0.6444444444444445,0.6555555555555556,0.37777777777777777,0.2111111111111111,1.0,733.5527950961764,0.38191591642644773,1.0,0.6666666666666666,0.8222222222222222,0.7777777777777778,0.32222222222222224,0.4444444444444444,0.16666666666666666,0.0,0.0,733.5527950961764,0.5919113774506312
103,798304,blue,7,nan,nan,nan,nan,nan,nan,nan,nan,nan,nan,-0.0015707453829236328,2.9688064098358153,0.003780686740356032,0.0392333984375,0.18985315337777137,-3.725290298461914e-09,1.0,1.0,1.049818742275238,0.7664004370570183,red,4,True,5,3,,-5.3357142917312945,-3.1750000302369394,441.95238095238096,0.19047619047619047,0.5238095238095238,0.2857142857142857,0.7142857142857143,0.0,0.0,0.0,0.5238095238095238,0.19047619047619047,0.7142857142857143,0.7142857142857143,0.0,0.047619047619047616,0.0,0.23809523809523808,777,776,776,389,388,1.0,0.7142857142857143,0.8095238095238095,0.9523809523809523,0.6666666666666666,0.6666666666666666,0.23809523809523808,0.0,0.9110107421875,0.6220703125,0.5985107421875,0.3447265625,0.9959716796875,0.0,0.8461102984148507,4.042540899892235,0.13927013369596955,0.21086265220475417,0.19911370481676444,0.2545120447872191,-0.4003410267982517,0.4710720977801552,0.28663604861107217,0.4781050948137174,0.23372578634457852,0.49913510958133717,1.0,0.7142857142857143,0.7619047619047619,0.9523809523809523,0.42857142857142855,0.6666666666666666,0.14285714285714285,0.0,0.869384765625,0.6142578125,0.619140625,0.2415771484375,0.9765625,0.0,0.6587961356899872,4.2838440904523,0.12266859107547981,0.19616097510753808,0.17069939380865617,0.23144735207908784,-0.028114391581510745,0.5124575110764612,0.27557737629114953,0.46812943766342086,0.08613079456834782,0.5242061324040779,0.6333333333333333,0.35555555555555557,0.011111111111111112,0.9888888888888889,0.2111111111111111,0.0,0.2111111111111111,0.35555555555555557,0.4222222222222222,0.7777777777777778,0.7777777777777778,0.0,0.011111111111111112,0.0,0.0,219.7888888888889,0.0,0.2111111111111111,1.0,0.6666666666666666,0.8222222222222222,0.9888888888888889,0.6444444444444445,0.6555555555555556,0.37777777777777777,0.2111111111111111,1.0,733.5527950961764,0.38191591642644773,1.0,0.6666666666666666,0.8222222222222222,0.7777777777777778,0.32222222222222224,0.4444444444444444,0.16666666666666666,0.0,0.0,733.5527950961764,0.5919113774506312
104,800000,blue,7,nan,nan,nan,nan,nan,nan,nan,nan,nan,nan,-0.0031516651264919203,2.971964931488037,0.001521021424752067,0.010966981202363968,0.19941749423742294,0.0,1.0,1.0,0.16325325071811675,0.36868171095848085,red,4,True,5,3,4,-11.200000021141022,0.9049999872222543,376.0,0.0,1.0,0.0,1.0,0.0,0.0,0.0,1.0,0.0,1.0,1.0,0.0,0.0,0.0,0.0,777,777,777,389,388,1.0,0.5,0.5,1.0,0.5,0.5,0.0,0.0,0.9115566037735849,0.65625,0.5925707547169812,0.35377358490566035,0.995872641509434,0.0,0.8332052079769117,3.9831005496237264,0.1426430209201324,0.21082820801911611,0.20050219406573835,0.25353795536089896,-0.3812401628824344,0.4766082856973453,0.3096133958518654,0.4670689371690012,0.24482256560674254,0.4889944265543549,1.0,0.5,1.0,1.0,0.5,0.5,0.5,0.0,0.8726415094339622,0.5636792452830188,0.6120283018867925,0.2511792452830189,0.9628537735849056,0.0,0.675808423515126,4.6103759948206555,0.11358402872415459,0.1980758797430161,0.16751943484754453,0.23829276807228444,-0.03914225220335041,0.5043443802533927,0.22304713898185308,0.4888104856580143,0.0879220375306929,0.5149590601794811,0.43333333333333335,0.5333333333333333,0.03333333333333333,0.9666666666666667,0.23333333333333334,0.0,0.23333333333333334,0.5333333333333333,0.2,0.7333333333333333,0.7333333333333333,0.0,0.03333333333333333,0.0,0.0,213.34444444444443,0.0,0.23333333333333334,1.0,0.6666666666666666,0.8222222222222222,0.9777777777777777,0.6444444444444445,0.6333333333333333,0.4111111111111111,0.23333333333333334,1.0,718.7862067062835,0.38421179627672686,1.0,0.6666666666666666,0.8222222222222222,0.7555555555555555,0.32222222222222224,0.4,0.16666666666666666,0.0,0.0,718.7862067062835,0.5724350702979569
105,808192,red,8,-0.001522530906368047,3.0386353492736817,0.008675045608106302,0.1219482421875,0.15605761855840683,2.7939677238464355e-09,1.0,1.0,0.1792507939040661,0.0886673592031002,nan,nan,nan,nan,nan,nan,nan,nan,nan,nan,blue,4,True,5,4,,14.410000013187528,-16.490000157617033,177.0,1.0,0.0,0.0,1.0,1.0,0.0,1.0,0.0,0.0,0.0,0.0,0.0,0.0,0.0,0.0,788,788,788,394,394,1.0,1.0,1.0,1.0,1.0,1.0,1.0,1.0,0.905029296875,0.671630859375,0.66357421875,0.3336181640625,0.9940185546875,0.0,0.7008477330530923,3.9385835685901025,0.14265822286969987,0.20218507760254195,0.19370499464148117,0.23924377582919734,-0.3876576683723769,0.46383303754651606,0.3533260138952876,0.4587987595106264,0.23013305162050557,0.4981878747187922,1.0,1.0,0.0,0.0,0.0,0.0,0.0,0.0,0.872802734375,0.720947265625,0.634033203125,0.1717529296875,0.987060546875,0.0,0.2537635030538632,1.8518810059737896,0.13140881672075727,0.19035102136541637,0.1732379464648463,0.21705728885859857,0.0023213015051624097,0.5119592891389216,0.26856610521964086,0.46699534372369733,0.02813521339806968,0.5145334079444865,0.45555555555555555,0.5222222222222223,0.022222222222222223,0.9777777777777777,0.2111111111111111,0.0,0.2111111111111111,0.5222222222222223,0.24444444444444444,0.7666666666666667,0.7666666666666667,0.0,0.022222222222222223,0.0,0.0,220.93333333333334,0.0,0.2111111111111111,1.0,0.6666666666666666,0.8222222222222222,0.9777777777777777,0.6333333333333333,0.6444444444444445,0.3888888888888889,0.2111111111111111,1.0,693.0991376786013,0.35739889049746715,1.0,0.6666666666666666,0.8222222222222222,0.7777777777777778,0.32222222222222224,0.43333333333333335,0.16666666666666666,0.0,0.0,693.0991376786013,0.5576853087762983
106,816384,red,8,-0.001270233851391822,3.040027153491974,0.0032646955020027234,0.02783203125,0.19294522441923617,1.30385160446167e-08,0.9999998807907104,1.0,3.5510514855384825,1.8343086749315263,nan,nan,nan,nan,nan,nan,nan,nan,nan,nan,blue,4,True,5,4,,-9.729814849035055,-0.2903703726069243,393.77777777777777,0.07407407407407407,0.9259259259259259,0.0,1.0,0.037037037037037035,0.0,0.037037037037037035,0.9259259259259259,0.037037037037037035,0.9629629629629629,0.9629629629629629,0.0,0.0,0.0,0.0,797,797,797,399,398,1.0,0.7037037037037037,0.7777777777777778,1.0,0.7037037037037037,0.7037037037037037,0.1111111111111111,0.037037037037037035,0.9178466796875,0.6259765625,0.569580078125,0.3590087890625,0.995849609375,0.0,0.9128428375665822,4.047925391486774,0.14377909604024425,0.21027962861766933,0.20521492067182226,0.2534940346903544,-0.42316975913288957,0.4697737127598041,0.29453112997238406,0.4751031929910462,0.2422376202582761,0.5008040931819064,1.0,0.7037037037037037,0.6666666666666666,0.9629629629629629,0.18518518518518517,0.6666666666666666,0.2222222222222222,0.0,0.874755859375,0.570556640625,0.607421875,0.2913818359375,0.9722900390625,0.0,0.8295121970163036,4.519599814764664,0.10977144324992441,0.19876897225983156,0.15438946590731145,0.23778482525416583,-0.04727960777950457,0.5197842268168045,0.25920817169161126,0.47368675539197935,0.052965577606411074,0.5281442688312209,0.45555555555555555,0.5222222222222223,0.022222222222222223,0.9777777777777777,0.2111111111111111,0.0,0.2111111111111111,0.5222222222222223,0.24444444444444444,0.7666666666666667,0.7666666666666667,0.0,0.022222222222222223,0.0,0.0,220.93333333333334,0.0,0.2111111111111111,1.0,0.6666666666666666,0.8222222222222222,0.9777777777777777,0.6333333333333333,0.6444444444444445,0.3888888888888889,0.2111111111111111,1.0,693.0991376786013,0.35739889049746715,1.0,0.6666666666666666,0.8222222222222222,0.7777777777777778,0.32222222222222224,0.43333333333333335,0.16666666666666666,0.0,0.0,693.0991376786013,0.5576853087762983
107,824576,red,8,-0.0022955522872507572,3.045521628856659,0.004781514176283963,0.0597412109375,0.20595487356185913,-5.587935447692871e-09,1.0,1.0,0.8710322231054306,0.3131967388093472,nan,nan,nan,nan,nan,nan,nan,nan,nan,nan,blue,4,True,5,4,,-7.0027272920547565,-1.6345454772764987,473.27272727272725,0.09090909090909091,0.7272727272727273,0.18181818181818182,0.8181818181818182,0.0,0.0,0.0,0.7272727272727273,0.09090909090909091,0.8181818181818182,0.8181818181818182,0.0,0.0,0.0,0.18181818181818182,801,801,800,401,400,1.0,0.8181818181818182,0.9090909090909091,1.0,0.7272727272727273,0.8181818181818182,0.18181818181818182,0.0,0.9129638671875,0.56201171875,0.6424560546875,0.4312744140625,0.99267578125,0.0,1.263530735281991,4.381544197639817,0.13268049941576615,0.20513372689737988,0.19178201489662006,0.24547397527274198,-0.41373973305675804,0.4772770034295283,0.3203394071046759,0.4691060836070625,0.2450727358307887,0.4959919671827242,1.0,0.8181818181818182,0.5454545454545454,1.0,0.18181818181818182,0.8181818181818182,0.09090909090909091,0.0,0.870849609375,0.651123046875,0.5950927734375,0.2342529296875,0.97705078125,0.0,0.5371277919308107,3.869482305690862,0.12118670513754809,0.1962959308392569,0.164699081295898,0.22883671995339624,-0.055585717653471534,0.5148503825064277,0.2570806952436051,0.47550518294907734,0.031144774990718105,0.5225701185028051,0.45555555555555555,0.5222222222222223,0.022222222222222223,0.9777777777777777,0.2111111111111111,0.0,0.2111111111111111,0.5222222222222223,0.24444444444444444,0.7666666666666667,0.7666666666666667,0.0,0.022222222222222223,0.0,0.0,220.93333333333334,0.0,0.2111111111111111,1.0,0.6666666666666666,0.8222222222222222,0.9777777777777777,0.6333333333333333,0.6444444444444445,0.3888888888888889,0.2111111111111111,1.0,693.0991376786013,0.35739889049746715,1.0,0.6666666666666666,0.8222222222222222,0.7777777777777778,0.32222222222222224,0.43333333333333335,0.16666666666666666,0.0,0.0,693.0991376786013,0.5576853087762983
108,832768,red,8,-0.002157008624635637,3.053109920024872,0.0031351078643638173,0.03017578125,0.19460716806352138,-3.725290298461914e-09,0.9999998807907104,1.0,2.0976230919361116,1.045829413831234,nan,nan,nan,nan,nan,nan,nan,nan,nan,nan,blue,4,True,5,4,,-7.137777778595962,-3.1883333651004016,402.44444444444446,0.14814814814814814,0.7777777777777778,0.07407407407407407,0.9259259259259259,0.037037037037037035,0.0,0.037037037037037035,0.7777777777777778,0.1111111111111111,0.8888888888888888,0.8888888888888888,0.0,0.037037037037037035,0.0,0.037037037037037035,810,810,809,405,405,1.0,0.7037037037037037,0.8518518518518519,1.0,0.6666666666666666,0.6666666666666666,0.2222222222222222,0.037037037037037035,0.9088134765625,0.645263671875,0.6298828125,0.3629150390625,0.9952392578125,0.0,0.9043359597404131,4.1392833264683375,0.13927332899228265,0.20404050712304014,0.19341798556343506,0.24507834543575335,-0.38871510231084017,0.485677253842644,0.33499487803054606,0.470457110678888,0.22199748147258447,0.5006271350593151,1.0,0.7037037037037037,0.5925925925925926,0.9629629629629629,0.2962962962962963,0.6296296296296297,0.14814814814814814,0.0,0.8662109375,0.6617431640625,0.614013671875,0.2015380859375,0.9744873046875,0.0,0.516242769706252,3.9958413784068663,0.12216386526418734,0.19070029882699577,0.16335507924264436,0.21984493609842992,-0.011956877925772602,0.5122303943104215,0.2800647274532473,0.4668026458057831,0.020628420335981446,0.5229356537261428,0.45555555555555555,0.5222222222222223,0.022222222222222223,0.9777777777777777,0.2111111111111111,0.0,0.2111111111111111,0.5222222222222223,0.24444444444444444,0.7666666666666667,0.7666666666666667,0.0,0.022222222222222223,0.0,0.0,220.93333333333334,0.0,0.2111111111111111,1.0,0.6666666666666666,0.8222222222222222,0.9777777777777777,0.6333333333333333,0.6444444444444445,0.3888888888888889,0.2111111111111111,1.0,693.0991376786013,0.35739889049746715,1.0,0.6666666666666666,0.8222222222222222,0.7777777777777778,0.32222222222222224,0.43333333333333335,0.16666666666666666,0.0,0.0,693.0991376786013,0.5576853087762983
109,840960,red,8,-0.0025763180223293603,3.060654103755951,0.004677615100808908,0.0515380859375,0.21643909811973572,0.0,1.0,1.0,1.3324518889188766,0.424014063179493,nan,nan,nan,nan,nan,nan,nan,nan,nan,nan,blue,4,True,5,4,,-9.143684234568163,-1.345263176303553,378.4736842105263,0.05263157894736842,0.7894736842105263,0.15789473684210525,0.8421052631578947,0.0,0.05263157894736842,0.05263157894736842,0.7368421052631579,0.05263157894736842,0.7894736842105263,0.7894736842105263,0.0,0.10526315789473684,0.0,0.05263157894736842,816,816,816,408,408,1.0,0.7368421052631579,0.7368421052631579,0.8947368421052632,0.631578947368421,0.631578947368421,0.10526315789473684,0.0,0.921875,0.5933837890625,0.6334228515625,0.40771484375,0.9945068359375,0.0,1.1378260776229265,4.333189936402333,0.13573427043351993,0.20494772905947203,0.19659256758222682,0.24653169370381803,-0.4192229692176852,0.4763964941297518,0.3003728855505088,0.4752301310759855,0.22754810801167125,0.4986512738212361,1.0,0.7368421052631579,0.7894736842105263,0.8947368421052632,0.47368421052631576,0.631578947368421,0.2631578947368421,0.05263157894736842,0.8758544921875,0.57861328125,0.6181640625,0.30615234375,0.969482421875,0.0,0.8592349463270426,4.4378039767831865,0.11155627335429733,0.1931478101482186,0.15503451802687157,0.2274733362994663,-0.08345709461402606,0.5112645708461032,0.2808684274057356,0.47037040281229503,0.07008543578266568,0.5285122708027442,0.45555555555555555,0.5222222222222223,0.022222222222222223,0.9777777777777777,0.2111111111111111,0.0,0.2111111111111111,0.5222222222222223,0.24444444444444444,0.7666666666666667,0.7666666666666667,0.0,0.022222222222222223,0.0,0.0,220.93333333333334,0.0,0.2111111111111111,1.0,0.6666666666666666,0.8222222222222222,0.9777777777777777,0.6333333333333333,0.6444444444444445,0.3888888888888889,0.2111111111111111,1.0,693.0991376786013,0.35739889049746715,1.0,0.6666666666666666,0.8222222222222222,0.7777777777777778,0.32222222222222224,0.43333333333333335,0.16666666666666666,0.0,0.0,693.0991376786013,0.5576853087762983
110,849152,red,8,-0.0007328263600356877,3.0658406019210815,0.00298326119518606,0.0242919921875,0.20255274772644044,-3.725290298461914e-09,1.0,1.0,0.6650164529681206,0.22805066034197807,nan,nan,nan,nan,nan,nan,nan,nan,nan,nan,blue,4,True,5,4,,-4.778333336735765,-3.407333417112629,446.26666666666665,0.2,0.6,0.2,0.8,0.06666666666666667,0.0,0.06666666666666667,0.6,0.13333333333333333,0.7333333333333333,0.7333333333333333,0.0,0.0,0.0,0.2,821,821,821,411,410,1.0,0.7333333333333333,0.8,1.0,0.6666666666666666,0.7333333333333333,0.2,0.06666666666666667,0.90283203125,0.6634521484375,0.6195068359375,0.331298828125,0.9932861328125,0.0,0.7990864509117297,4.078900375086559,0.1413907048740273,0.20736034569249498,0.19669970556566344,0.2481676150143416,-0.36374800174694855,0.48204125327005026,0.3181119950419742,0.47630188354797864,0.20691823454130898,0.5018222678870146,1.0,0.7333333333333333,0.7333333333333333,0.9333333333333333,0.3333333333333333,0.6,0.2,0.0,0.8729248046875,0.6309814453125,0.62548828125,0.288330078125,0.9615478515625,0.0,0.7530717862420486,4.461225644287644,0.11428451680756141,0.1932096546678876,0.15520237430092432,0.22534032641917823,-0.06984687839108261,0.5167476243987219,0.26417784004246414,0.47362569429780704,0.10112598046274357,0.533700780868095,0.35555555555555557,0.6111111111111112,0.03333333333333333,0.9666666666666667,0.2111111111111111,0.0,0.2111111111111111,0.6222222222222222,0.15555555555555556,0.7666666666666667,0.7666666666666667,0.0,0.022222222222222223,0.0,0.0,218.6888888888889,0.0,0.2111111111111111,1.0,0.6777777777777778,0.8222222222222222,0.9777777777777777,0.6444444444444445,0.6444444444444445,0.37777777777777777,0.2111111111111111,1.0,685.6795556424674,0.3670219658603007,1.0,0.6777777777777778,0.8333333333333334,0.7777777777777778,0.32222222222222224,0.4444444444444444,0.17777777777777778,0.0,0.0,685.6795556424674,0.5283851146483858
111,857344,red,8,-0.0007426996249705553,3.067829096317291,0.002500143182260217,0.01669921875,0.18939294219017028,0.0,1.0,1.0,1.06736781001091,0.5540789104998112,nan,nan,nan,nan,nan,nan,nan,nan,nan,nan,blue,4,True,5,4,,-8.333636390214616,-0.654090914578939,443.27272727272725,0.09090909090909091,0.7727272727272727,0.13636363636363635,0.8636363636363636,0.0,0.0,0.0,0.7727272727272727,0.09090909090909091,0.8636363636363636,0.8636363636363636,0.0,0.0,0.0,0.13636363636363635,829,828,828,415,414,1.0,0.7272727272727273,0.7727272727272727,1.0,0.6818181818181818,0.7272727272727273,0.09090909090909091,0.0,0.912109375,0.64599609375,0.6337890625,0.3619384765625,0.99462890625,0.0,0.863867975368178,4.124976062733052,0.1428506022711367,0.2059083707481393,0.19958123051384352,0.24512491548786206,-0.39010246681565874,0.4723591586417729,0.32374115861320263,0.47203960662001376,0.20758669169540056,0.5049096752128587,1.0,0.7272727272727273,0.7272727272727273,1.0,0.3181818181818182,0.7272727272727273,0.18181818181818182,0.0,0.884033203125,0.6143798828125,0.57275390625,0.2515869140625,0.9696044921875,0.0,0.6978588210585404,4.288722820230879,0.11626936971059898,0.19317690149652408,0.16108926738786655,0.23848174538645783,-0.049919347862083185,0.5197337620437101,0.24681745808935318,0.47638781912257355,0.037107596418962885,0.5313477900901057,0.35555555555555557,0.6111111111111112,0.03333333333333333,0.9666666666666667,0.2111111111111111,0.0,0.2111111111111111,0.6222222222222222,0.15555555555555556,0.7666666666666667,0.7666666666666667,0.0,0.022222222222222223,0.0,0.0,218.6888888888889,0.0,0.2111111111111111,1.0,0.6777777777777778,0.8222222222222222,0.9777777777777777,0.6444444444444445,0.6444444444444445,0.37777777777777777,0.2111111111111111,1.0,685.6795556424674,0.3670219658603007,1.0,0.6777777777777778,0.8333333333333334,0.7777777777777778,0.32222222222222224,0.4444444444444444,0.17777777777777778,0.0,0.0,685.6795556424674,0.5283851146483858
112,865536,red,8,-0.0008523101219907403,3.074379539489746,0.0025691332986752967,0.0156494140625,0.16257488317787647,4.6566128730773926e-09,1.0,1.0,0.853827852010727,0.2581957787275314,nan,nan,nan,nan,nan,nan,nan,nan,nan,nan,blue,4,True,5,4,,-4.70836843663557,-2.9739474021878682,448.10526315789474,0.15789473684210525,0.5789473684210527,0.2631578947368421,0.7368421052631579,0.05263157894736842,0.0,0.05263157894736842,0.5789473684210527,0.10526315789473684,0.6842105263157895,0.6842105263157895,0.0,0.0,0.0,0.2631578947368421,835,835,834,418,417,1.0,0.631578947368421,0.631578947368421,1.0,0.42105263157894735,0.631578947368421,0.3157894736842105,0.05263157894736842,0.9100341796875,0.6007080078125,0.619873046875,0.405517578125,0.9942626953125,0.0,1.0321035711555515,4.211698027227739,0.13736526786242964,0.2062449126392393,0.19633558597257889,0.24895932569418158,-0.3934485724881114,0.4793864849064139,0.2971980936181815,0.4836121801132552,0.20755068723764936,0.5097316882215724,1.0,0.631578947368421,0.631578947368421,0.8947368421052632,0.21052631578947367,0.5789473684210527,0.21052631578947367,0.0,0.8695068359375,0.60205078125,0.595458984375,0.25537109375,0.956787109375,0.0,0.667928179315044,4.451816248021884,0.11039338503349638,0.19264174647781454,0.14946426371736327,0.22380489295479142,-0.04310137741134312,0.5145321039028873,0.27843763252431586,0.46849295144261244,-0.0031132861404046253,0.5326898248866686,0.35555555555555557,0.6111111111111112,0.03333333333333333,0.9666666666666667,0.2111111111111111,0.0,0.2111111111111111,0.6222222222222222,0.15555555555555556,0.7666666666666667,0.7666666666666667,0.0,0.022222222222222223,0.0,0.0,218.6888888888889,0.0,0.2111111111111111,1.0,0.6777777777777778,0.8222222222222222,0.9777777777777777,0.6444444444444445,0.6444444444444445,0.37777777777777777,0.2111111111111111,1.0,685.6795556424674,0.3670219658603007,1.0,0.6777777777777778,0.8333333333333334,0.7777777777777778,0.32222222222222224,0.4444444444444444,0.17777777777777778,0.0,0.0,685.6795556424674,0.5283851146483858
113,873728,red,8,-0.0016690067597664893,3.0746269106864927,0.003144551318109734,0.0330078125,0.22254935912787915,-1.1175870895385742e-08,0.9999998807907104,1.0,0.7145899802446365,0.2620930321514606,nan,nan,nan,nan,nan,nan,nan,nan,nan,nan,blue,4,True,5,4,,-8.473235325120827,-1.3900000086492474,418.2352941176471,0.058823529411764705,0.7647058823529411,0.17647058823529413,0.8235294117647058,0.0,0.0,0.0,0.7647058823529411,0.058823529411764705,0.8235294117647058,0.8235294117647058,0.0,0.058823529411764705,0.0,0.11764705882352941,841,840,840,421,420,1.0,0.7647058823529411,0.7058823529411765,0.9411764705882353,0.5882352941176471,0.7058823529411765,0.11764705882352941,0.0,0.9097900390625,0.631103515625,0.6343994140625,0.3992919921875,0.9935302734375,0.0,0.9509003619205847,3.96763352877701,0.138306736452822,0.2023307421430424,0.19398704232001007,0.24371433210501373,-0.37063143712893165,0.4810929854391714,0.2940005947293187,0.48160064992768564,0.2099368001186086,0.5070008489391509,1.0,0.7647058823529411,0.8823529411764706,0.9411764705882353,0.5294117647058824,0.7058823529411765,0.11764705882352941,0.0,0.873291015625,0.649658203125,0.6136474609375,0.2181396484375,0.9613037109375,0.0,0.5160800457377278,3.9332364034864016,0.11845808060520985,0.19465592023475933,0.16006901163654075,0.22612067870628821,-0.05802977736798809,0.5121275458904054,0.25676838577917493,0.4771530928124802,0.055375736258262975,0.5238117759189009,0.35555555555555557,0.6111111111111112,0.03333333333333333,0.9666666666666667,0.2111111111111111,0.0,0.2111111111111111,0.6222222222222222,0.15555555555555556,0.7666666666666667,0.7666666666666667,0.0,0.022222222222222223,0.0,0.0,218.6888888888889,0.0,0.2111111111111111,1.0,0.6777777777777778,0.8222222222222222,0.9777777777777777,0.6444444444444445,0.6444444444444445,0.37777777777777777,0.2111111111111111,1.0,685.6795556424674,0.3670219658603007,1.0,0.6777777777777778,0.8333333333333334,0.7777777777777778,0.32222222222222224,0.4444444444444444,0.17777777777777778,0.0,0.0,685.6795556424674,0.5283851146483858
114,881920,red,8,-0.001769703603349626,3.0784874320030213,0.004239653624972561,0.044775390625,0.18864856474101543,3.725290298461914e-09,1.0,1.0,0.7535172373056411,0.22474571205675603,nan,nan,nan,nan,nan,nan,nan,nan,nan,nan,blue,4,True,5,4,,-8.406666697158167,-2.298888922203332,423.8888888888889,0.16666666666666666,0.8333333333333334,0.0,1.0,0.0,0.0,0.0,0.8333333333333334,0.16666666666666666,1.0,1.0,0.0,0.0,0.0,0.0,847,846,846,424,423,1.0,0.6666666666666666,0.7222222222222222,1.0,0.5555555555555556,0.6666666666666666,0.16666666666666666,0.0,0.9012451171875,0.6260986328125,0.646728515625,0.364501953125,0.9930419921875,0.0,0.9113709793395295,3.981802588396403,0.13780918627264016,0.20512829519733838,0.195484187947568,0.2452607501187594,-0.3505754697405976,0.4866130013040379,0.2668722657563052,0.486604291968309,0.21291402000457893,0.5072778398779353,1.0,0.6666666666666666,0.7777777777777778,1.0,0.3333333333333333,0.6666666666666666,0.2222222222222222,0.0,0.87109375,0.6224365234375,0.6075439453125,0.2608642578125,0.96826171875,0.0,0.6733283186133685,4.273872205992504,0.1187233999189879,0.19472495366108808,0.16234515487867582,0.22737958842426415,-0.03642154686031773,0.5124921801424605,0.2720575927449502,0.47290972826627037,-0.012612101867837566,0.5291664994657655,0.35555555555555557,0.6111111111111112,0.03333333333333333,0.9666666666666667,0.2111111111111111,0.0,0.2111111111111111,0.6222222222222222,0.15555555555555556,0.7666666666666667,0.7666666666666667,0.0,0.022222222222222223,0.0,0.0,218.6888888888889,0.0,0.2111111111111111,1.0,0.6777777777777778,0.8222222222222222,0.9777777777777777,0.6444444444444445,0.6444444444444445,0.37777777777777777,0.2111111111111111,1.0,685.6795556424674,0.3670219658603007,1.0,0.6777777777777778,0.8333333333333334,0.7777777777777778,0.32222222222222224,0.4444444444444444,0.17777777777777778,0.0,0.0,685.6795556424674,0.5283851146483858
115,890112,red,8,-0.0018215964082628489,3.086182963848114,0.002941590574482689,0.0243408203125,0.16008288376033306,-7.450580596923828e-09,1.0,1.0,0.6313753306865693,0.17497547715902328,nan,nan,nan,nan,nan,nan,nan,nan,nan,nan,blue,4,True,5,4,,-3.906666641071853,-4.460277860415065,451.8333333333333,0.16666666666666666,0.6111111111111112,0.2222222222222222,0.7777777777777778,0.05555555555555555,0.0,0.05555555555555555,0.6111111111111112,0.1111111111111111,0.7222222222222222,0.7222222222222222,0.0,0.0,0.0,0.2222222222222222,853,852,852,427,426,1.0,0.7777777777777778,0.7777777777777778,1.0,0.6111111111111112,0.7777777777777778,0.2222222222222222,0.05555555555555555,0.903076171875,0.661865234375,0.6533203125,0.342041015625,0.9923095703125,0.0,0.7760776589482321,3.6962875612771207,0.13977502019273086,0.2049284737214739,0.19390384388093446,0.24417175573443814,-0.3180805653567944,0.5000562938977487,0.275975497871066,0.48515456057336,0.14484976751657186,0.5242311273583135,1.0,0.7777777777777778,0.6111111111111112,0.9444444444444444,0.16666666666666666,0.6666666666666666,0.1111111111111111,0.0,0.880126953125,0.6226806640625,0.5833740234375,0.2303466796875,0.967529296875,0.0,0.5997050595109692,4.1672451886965565,0.11622785339909517,0.19311744398602312,0.16000150575653155,0.22326818825383693,-0.03527887511728167,0.5187945126786953,0.26283272220975107,0.4784611554646993,0.017447472106390194,0.5182183926231444,0.6555555555555556,0.3333333333333333,0.011111111111111112,0.9888888888888889,0.25555555555555554,0.011111111111111112,0.26666666666666666,0.32222222222222224,0.4,0.7222222222222222,0.7222222222222222,0.0,0.011111111111111112,0.0,0.0,214.13333333333333,0.011111111111111112,0.24444444444444444,1.0,0.6777777777777778,0.8333333333333334,0.9888888888888889,0.6444444444444445,0.6444444444444445,0.4222222222222222,0.25555555555555554,1.0,694.0882553567903,0.3623001837620258,1.0,0.6777777777777778,0.8222222222222222,0.7333333333333333,0.32222222222222224,0.4111111111111111,0.18888888888888888,0.011111111111111112,1.0,694.0882553567903,0.5376889544762894
116,898304,red,8,-0.0012096851132810116,3.094388425350189,0.0019333009535330349,0.0146484375,0.17392057217657567,-5.587935447692871e-09,1.0,1.0,0.47224815636873246,0.14312599897384642,nan,nan,nan,nan,nan,nan,nan,nan,nan,nan,blue,4,True,5,4,,-5.27872222839182,-3.313888911571768,470.1666666666667,0.2222222222222222,0.5555555555555556,0.2222222222222222,0.7777777777777778,0.0,0.0,0.0,0.5555555555555556,0.2222222222222222,0.7777777777777778,0.7777777777777778,0.0,0.0,0.0,0.2222222222222222,859,858,858,430,429,1.0,0.6666666666666666,0.7222222222222222,1.0,0.5555555555555556,0.6666666666666666,0.2777777777777778,0.0,0.9010009765625,0.622314453125,0.6292724609375,0.36328125,0.9866943359375,0.0,0.8782688838278238,4.16775493352101,0.13070262481588343,0.20610370551858231,0.18306998304416963,0.24650034057216266,-0.3645893798151434,0.4804468882269774,0.2967988745858463,0.4852765059960438,0.15454836868168087,0.5187098233760976,1.0,0.6666666666666666,0.6666666666666666,0.9444444444444444,0.2777777777777778,0.6666666666666666,0.16666666666666666,0.0,0.8731689453125,0.57080078125,0.6248779296875,0.2987060546875,0.9595947265625,0.0,0.8790472130355029,4.500005027063866,0.1080923289853276,0.19458877139340472,0.1514512747954852,0.22797509910390837,-0.06328722380883534,0.5190421807750378,0.25057364176760544,0.4786606579189461,0.06534692162934519,0.5305043923748719,0.6555555555555556,0.3333333333333333,0.011111111111111112,0.9888888888888889,0.25555555555555554,0.011111111111111112,0.26666666666666666,0.32222222222222224,0.4,0.7222222222222222,0.7222222222222222,0.0,0.011111111111111112,0.0,0.0,214.13333333333333,0.011111111111111112,0.24444444444444444,1.0,0.6777777777777778,0.8333333333333334,0.9888888888888889,0.6444444444444445,0.6444444444444445,0.4222222222222222,0.25555555555555554,1.0,694.0882553567903,0.3623001837620258,1.0,0.6777777777777778,0.8222222222222222,0.7333333333333333,0.32222222222222224,0.4111111111111111,0.18888888888888888,0.011111111111111112,1.0,694.0882553567903,0.5376889544762894
117,900000,red,8,-0.0016704100434544954,3.098546028137207,0.0009178271053967346,0.0028301888145506383,0.16857774555683136,2.699078294199353e-08,1.0,1.0,0.614529299736023,0.2545558363199234,nan,nan,nan,nan,nan,nan,nan,nan,nan,nan,blue,4,True,5,4,5,-4.186000010930002,-3.9900000005960465,500.2,0.4,0.4,0.2,0.8,0.0,0.0,0.0,0.4,0.4,0.8,0.8,0.0,0.0,0.0,0.2,860,860,860,430,430,1.0,0.6,0.8,1.0,0.6,0.6,0.2,0.0,0.8891509433962265,0.6497641509433962,0.6544811320754716,0.3248820754716981,0.9882075471698113,0.0,0.8395472164739071,4.08232444473514,0.13085654176510678,0.20006335583000154,0.18059077661049677,0.23780551169649733,-0.34963974820877997,0.48154377147532457,0.2759212936990085,0.4844737388541154,0.16107657864494337,0.5255000082689049,1.0,0.6,0.6,1.0,0.0,0.6,0.2,0.0,0.8785377358490566,0.6161556603773585,0.6155660377358491,0.2800707547169811,0.9551886792452831,0.0,0.6547611976835175,4.257762026321322,0.11595402529155907,0.19226591361288436,0.15949586953128034,0.2273484394089586,-0.051363407637150235,0.5153576091872866,0.23916729078254714,0.4804686964398059,0.030370291616150697,0.5314635214623885,0.7,0.2777777777777778,0.022222222222222223,0.9777777777777777,0.26666666666666666,0.011111111111111112,0.2777777777777778,0.2777777777777778,0.4444444444444444,0.7111111111111111,0.7111111111111111,0.0,0.011111111111111112,0.0,0.0,214.37777777777777,0.011111111111111112,0.25555555555555554,1.0,0.6777777777777778,0.8333333333333334,0.9888888888888889,0.6555555555555556,0.6444444444444445,0.43333333333333335,0.26666666666666666,1.0,687.6337259057086,0.3544017563834231,1.0,0.6777777777777778,0.8222222222222222,0.7222222222222222,0.32222222222222224,0.4,0.17777777777777778,0.011111111111111112,1.0,687.6337259057086,0.539373186172854
118,908192,blue,9,nan,nan,nan,nan,nan,nan,nan,nan,nan,nan,-0.0006574008380994201,2.9769500732421874,0.007033606641925871,0.0869873046875,0.15387689527124165,-3.725290298461914e-09,0.9999999403953552,1.0,0.17256895676255227,0.1421779090538621,red,5,True,6,4,,10.0,-10.0,74.0,1.0,0.0,0.0,1.0,1.0,0.0,1.0,0.0,0.0,0.0,0.0,0.0,0.0,0.0,0.0,871,871,871,436,435,1.0,1.0,1.0,1.0,1.0,1.0,1.0,1.0,0.895751953125,0.701171875,0.646728515625,0.233642578125,0.9893798828125,0.0,0.4797303955164163,3.6234689127784816,0.1335256324453367,0.19518562721973212,0.17589491571012916,0.2242981650990383,-0.30654582291287724,0.49504033464117764,0.322025478435485,0.4725382531927469,0.07816073608117691,0.5274725140439512,1.0,1.0,1.0,0.0,0.0,0.0,0.0,0.0,0.8702392578125,0.7176513671875,0.6317138671875,0.1661376953125,0.9864501953125,0.0,0.23552601325795833,1.6917620752772133,0.13244461018699166,0.19450539722373847,0.17598369311849965,0.22452031777245396,0.0005634374488145966,0.5198553505428282,0.2597662818859199,0.4741973205719765,0.06823556692171806,0.5164138215373911,0.7,0.2777777777777778,0.022222222222222223,0.9777777777777777,0.26666666666666666,0.011111111111111112,0.2777777777777778,0.2777777777777778,0.4444444444444444,0.7111111111111111,0.7111111111111111,0.0,0.011111111111111112,0.0,0.0,214.37777777777777,0.011111111111111112,0.25555555555555554,1.0,0.6777777777777778,0.8333333333333334,0.9888888888888889,0.6555555555555556,0.6444444444444445,0.43333333333333335,0.26666666666666666,1.0,687.6337259057086,0.3544017563834231,1.0,0.6777777777777778,0.8222222222222222,0.7222222222222222,0.32222222222222224,0.4,0.17777777777777778,0.011111111111111112,1.0,687.6337259057086,0.539373186172854
119,916384,blue,9,nan,nan,nan,nan,nan,nan,nan,nan,nan,nan,-0.0023320124368183316,2.9863664507865906,0.00438698368598125,0.051953125,0.18609637804329396,7.450580596923828e-09,1.0,1.0,0.8413208484649658,0.5197711683809757,red,5,True,6,4,,-7.312722256077298,-3.1505555659532547,455.1666666666667,0.3333333333333333,0.6666666666666666,0.0,1.0,0.0,0.0,0.0,0.6666666666666666,0.3333333333333333,1.0,1.0,0.0,0.0,0.0,0.0,877,877,877,439,438,1.0,0.6666666666666666,0.7222222222222222,1.0,0.6111111111111112,0.6666666666666666,0.2777777777777778,0.0,0.9027099609375,0.6160888671875,0.6640625,0.40234375,0.98974609375,0.0,0.9889460257002861,4.122496700169535,0.12822961913717157,0.2025938269332264,0.18158932977208506,0.23958674319121032,-0.339690451083861,0.4812070584440066,0.25941439331278104,0.4854096032824953,0.1684094906999114,0.5185982720408442,1.0,0.6666666666666666,0.7777777777777778,0.8888888888888888,0.3888888888888889,0.6111111111111112,0.2777777777777778,0.0,0.8662109375,0.577880859375,0.606201171875,0.3680419921875,0.9742431640625,0.0,1.022516654933195,4.321321878082841,0.11404023629000967,0.20107489570873066,0.16429311401341629,0.24027784631491694,-0.1109017958779539,0.5097277198745823,0.2055715963752931,0.48830986432567197,0.05099810069139821,0.5442280585105249,0.7,0.2777777777777778,0.022222222222222223,0.9777777777777777,0.26666666666666666,0.011111111111111112,0.2777777777777778,0.2777777777777778,0.4444444444444444,0.7111111111111111,0.7111111111111111,0.0,0.011111111111111112,0.0,0.0,214.37777777777777,0.011111111111111112,0.25555555555555554,1.0,0.6777777777777778,0.8333333333333334,0.9888888888888889,0.6555555555555556,0.6444444444444445,0.43333333333333335,0.26666666666666666,1.0,687.6337259057086,0.3544017563834231,1.0,0.6777777777777778,0.8222222222222222,0.7222222222222222,0.32222222222222224,0.4,0.17777777777777778,0.011111111111111112,1.0,687.6337259057086,0.539373186172854
120,924576,blue,9,nan,nan,nan,nan,nan,nan,nan,nan,nan,nan,-0.0015749598853290081,2.9917749762535095,0.0025301107227278406,0.02373046875,0.1565468914806843,-3.725290298461914e-09,1.0,1.0,0.7161342293024063,0.3528237208724022,red,5,True,6,4,,1.091466666292399,-5.550666705394785,549.4666666666667,0.4,0.06666666666666667,0.5333333333333333,0.4666666666666667,0.06666666666666667,0.0,0.06666666666666667,0.06666666666666667,0.3333333333333333,0.4,0.4,0.0,0.0,0.0,0.5333333333333333,882,882,882,441,441,1.0,0.8,0.9333333333333333,1.0,0.6666666666666666,0.8,0.4,0.06666666666666667,0.8984375,0.7054443359375,0.64892578125,0.2421875,0.99072265625,0.0,0.47309649251386154,3.3522042176765274,0.1359360323797924,0.19661725377550163,0.18199365264008605,0.23148407171022917,-0.30184855685547163,0.49787857697975624,0.2844431068441793,0.48360837097439746,0.10312387975833559,0.526939209955356,1.0,0.8,0.4,0.8,0.2,0.6666666666666666,0.0,0.0,0.872802734375,0.6766357421875,0.630859375,0.1593017578125,0.9761962890625,0.0,0.3748946060672589,3.3425963101521807,0.12051667688296461,0.19138977965994391,0.16498115226927518,0.21841445854019867,-0.039288728008394,0.5154355900013995,0.20983704515456125,0.48127836027250226,0.001573318945354174,0.5321900004581379,0.4,0.5333333333333333,0.06666666666666667,0.9333333333333333,0.2222222222222222,0.03333333333333333,0.25555555555555554,0.5,0.17777777777777778,0.6777777777777778,0.6777777777777778,0.0,0.022222222222222223,0.0,0.044444444444444446,240.88888888888889,0.03333333333333333,0.18888888888888888,1.0,0.7222222222222222,0.8333333333333334,0.9777777777777777,0.6333333333333333,0.6333333333333333,0.3888888888888889,0.2222222222222222,1.0,603.1290301905773,0.37684372149114564,1.0,0.7222222222222222,0.8222222222222222,0.7555555555555555,0.35555555555555557,0.4777777777777778,0.18888888888888888,0.03333333333333333,1.0,603.1290301905773,0.4221286983241007
121,932768,blue,9,nan,nan,nan,nan,nan,nan,nan,nan,nan,nan,-0.0017441315110772848,2.996595823764801,0.004988861912715947,0.06552734375,0.1722522847354412,-7.450580596923828e-09,1.0,1.0,0.46611171364784243,0.1783451497554779,red,5,True,6,4,,-6.800384680883815,-3.138076920707065,447.3076923076923,0.38461538461538464,0.6153846153846154,0.0,1.0,0.07692307692307693,0.0,0.07692307692307693,0.6153846153846154,0.3076923076923077,0.9230769230769231,0.9230769230769231,0.0,0.0,0.0,0.0,887,886,886,444,443,1.0,0.6923076923076923,0.6153846153846154,1.0,0.6153846153846154,0.6923076923076923,0.07692307692307693,0.07692307692307693,0.888671875,0.650634765625,0.6524658203125,0.3748779296875,0.989990234375,0.0,0.8043982913577988,3.8070599709193726,0.13152553219124735,0.20266745204162723,0.18649672867798633,0.24198138033880656,-0.2923363770136653,0.5015486991083106,0.21803055606249444,0.48773028288812964,0.17864058122543014,0.519602338164207,1.0,0.6923076923076923,0.6153846153846154,0.9230769230769231,0.07692307692307693,0.6153846153846154,0.38461538461538464,0.0,0.87109375,0.6123046875,0.5675048828125,0.308837890625,0.974609375,0.0,0.8773306336149777,4.310614159135812,0.10772391219949302,0.18883973191677636,0.15143391119756933,0.22045065580007775,-0.04414126661329476,0.5179336758263702,0.19049185645030065,0.49402088378666076,-0.06752996076138018,0.5381209293688693,0.4,0.5333333333333333,0.06666666666666667,0.9333333333333333,0.2222222222222222,0.03333333333333333,0.25555555555555554,0.5,0.17777777777777778,0.6777777777777778,0.6777777777777778,0.0,0.022222222222222223,0.0,0.044444444444444446,240.88888888888889,0.03333333333333333,0.18888888888888888,1.0,0.7222222222222222,0.8333333333333334,0.9777777777777777,0.6333333333333333,0.6333333333333333,0.3888888888888889,0.2222222222222222,1.0,603.1290301905773,0.37684372149114564,1.0,0.7222222222222222,0.8222222222222222,0.7555555555555555,0.35555555555555557,0.4777777777777778,0.18888888888888888,0.03333333333333333,1.0,603.1290301905773,0.4221286983241007
122,940960,blue,9,nan,nan,nan,nan,nan,nan,nan,nan,nan,nan,-0.00046316648367792366,3.0046614050865172,0.0028184071561554447,0.0251708984375,0.17058184705674648,1.862645149230957e-09,0.9999999403953552,1.0,0.3690130203962326,0.1304347101598978,red,5,True,6,4,,-0.6633500162453856,-2.554250046610832,548.45,0.15,0.15,0.7,0.3,0.0,0.05,0.05,0.1,0.15,0.25,0.25,0.0,0.0,0.0,0.7,893,893,893,447,446,1.0,0.8,0.85,0.95,0.65,0.7,0.35,0.0,0.8956298828125,0.693359375,0.6319580078125,0.2552490234375,0.990234375,0.0,0.48924377267457314,3.320716670067327,0.13519572214296804,0.20069910653949055,0.1831613838485368,0.24044638188846532,-0.29075994341063094,0.49952447940452493,0.2690690567288563,0.4823440519262889,0.12454938248051661,0.5223088105546129,1.0,0.8,0.65,0.95,0.3,0.8,0.1,0.05,0.8763427734375,0.6678466796875,0.6024169921875,0.2076416015625,0.9688720703125,0.0,0.45167767376551404,3.5185070200706874,0.11435439114975973,0.18791385053380727,0.15835072750008655,0.21373572811764793,-0.04102348330075145,0.520608323074538,0.1682654451616301,0.4921296072290225,-0.015316427532958699,0.5286734559185254,0.4,0.5333333333333333,0.06666666666666667,0.9333333333333333,0.2222222222222222,0.03333333333333333,0.25555555555555554,0.5,0.17777777777777778,0.6777777777777778,0.6777777777777778,0.0,0.022222222222222223,0.0,0.044444444444444446,240.88888888888889,0.03333333333333333,0.18888888888888888,1.0,0.7222222222222222,0.8333333333333334,0.9777777777777777,0.6333333333333333,0.6333333333333333,0.3888888888888889,0.2222222222222222,1.0,603.1290301905773,0.37684372149114564,1.0,0.7222222222222222,0.8222222222222222,0.7555555555555555,0.35555555555555557,0.4777777777777778,0.18888888888888888,0.03333333333333333,1.0,603.1290301905773,0.4221286983241007
123,949152,blue,9,nan,nan,nan,nan,nan,nan,nan,nan,nan,nan,-0.0008315875078551471,3.010921573638916,0.0033155527933558917,0.0305908203125,0.18972254693508148,0.0,1.0,1.0,0.431971038877964,0.1767261240631342,red,5,True,6,4,,-4.450714304244944,-4.491071444403913,474.2857142857143,0.42857142857142855,0.42857142857142855,0.14285714285714285,0.8571428571428571,0.0,0.0,0.0,0.42857142857142855,0.42857142857142855,0.8571428571428571,0.8571428571428571,0.0,0.0,0.0,0.14285714285714285,898,898,897,449,449,1.0,0.6428571428571429,0.7857142857142857,1.0,0.6428571428571429,0.6428571428571429,0.14285714285714285,0.0,0.901611328125,0.7022705078125,0.6358642578125,0.321533203125,0.9918212890625,0.0,0.5870247893639824,3.2446728783266914,0.13922347090278753,0.20503223734292808,0.19374838425911425,0.24539559338040273,-0.29324925194559626,0.49609945463639427,0.22053313061659452,0.4925423819421075,0.17366655838781497,0.5182290534576994,1.0,0.6428571428571429,0.5714285714285714,0.8571428571428571,0.2857142857142857,0.6428571428571429,0.21428571428571427,0.0,0.8668212890625,0.60791015625,0.5201416015625,0.280029296875,0.9637451171875,0.0,0.7712791566736307,4.14209158122862,0.10103393703968967,0.18317272239950633,0.14194546279367087,0.20964680368126978,-0.03338461857267205,0.515568070674535,0.1500165555912858,0.49385141564626456,-0.13568395507663666,0.5265577656612753,0.4,0.5333333333333333,0.06666666666666667,0.9333333333333333,0.2222222222222222,0.03333333333333333,0.25555555555555554,0.5,0.17777777777777778,0.6777777777777778,0.6777777777777778,0.0,0.022222222222222223,0.0,0.044444444444444446,240.88888888888889,0.03333333333333333,0.18888888888888888,1.0,0.7222222222222222,0.8333333333333334,0.9777777777777777,0.6333333333333333,0.6333333333333333,0.3888888888888889,0.2222222222222222,1.0,603.1290301905773,0.37684372149114564,1.0,0.7222222222222222,0.8222222222222222,0.7555555555555555,0.35555555555555557,0.4777777777777778,0.18888888888888888,0.03333333333333333,1.0,603.1290301905773,0.4221286983241007
124,957344,blue,9,nan,nan,nan,nan,nan,nan,nan,nan,nan,nan,-0.0014953522710129618,3.013507306575775,0.003099910529999761,0.031982421875,0.1582520093768835,-3.725290298461914e-09,1.0000001192092896,1.0,0.46582163125276566,0.15259744971990585,red,5,True,6,4,,-1.1225263211925172,-3.17394741928499,537.421052631579,0.21052631578947367,0.21052631578947367,0.5789473684210527,0.42105263157894735,0.0,0.05263157894736842,0.05263157894736842,0.15789473684210525,0.21052631578947367,0.3684210526315789,0.3684210526315789,0.0,0.0,0.0,0.5789473684210527,904,904,904,452,452,1.0,0.7368421052631579,0.8421052631578947,1.0,0.631578947368421,0.7368421052631579,0.3684210526315789,0.0,0.89794921875,0.699951171875,0.625244140625,0.23046875,0.9908447265625,0.0,0.4383808012194721,3.193730255309339,0.13943399000683473,0.20834857239109497,0.1924187090418893,0.2500101815006037,-0.30746716421122855,0.49464500108642273,0.24799314718008603,0.48714560483645725,0.14116149358906682,0.5217308793425124,1.0,0.7368421052631579,0.6842105263157895,1.0,0.2631578947368421,0.7368421052631579,0.15789473684210525,0.05263157894736842,0.8690185546875,0.681396484375,0.5509033203125,0.2491455078125,0.97314453125,0.0,0.5252123415338332,3.263237286131919,0.10913678807232507,0.1869672769660388,0.14973345359690243,0.21099921426346133,0.00779302630071399,0.5203386813511702,0.1584464493126383,0.48981099436418973,-0.10284676185780839,0.5280583933040868,0.4,0.5333333333333333,0.06666666666666667,0.9333333333333333,0.2222222222222222,0.03333333333333333,0.25555555555555554,0.5,0.17777777777777778,0.6777777777777778,0.6777777777777778,0.0,0.022222222222222223,0.0,0.044444444444444446,240.88888888888889,0.03333333333333333,0.18888888888888888,1.0,0.7222222222222222,0.8333333333333334,0.9777777777777777,0.6333333333333333,0.6333333333333333,0.3888888888888889,0.2222222222222222,1.0,603.1290301905773,0.37684372149114564,1.0,0.7222222222222222,0.8222222222222222,0.7555555555555555,0.35555555555555557,0.4777777777777778,0.18888888888888888,0.03333333333333333,1.0,603.1290301905773,0.4221286983241007
125,965536,blue,9,nan,nan,nan,nan,nan,nan,nan,nan,nan,nan,-0.0022306255996227264,3.01880202293396,0.004136819649284007,0.0480224609375,0.16588229797780513,3.725290298461914e-09,0.9999999403953552,1.0,0.19597920626401902,0.1292401622980833,red,5,True,6,4,,-1.638888923347824,-3.8472222892774477,538.1111111111111,0.2222222222222222,0.2222222222222222,0.5555555555555556,0.4444444444444444,0.0,0.0,0.0,0.2222222222222222,0.2222222222222222,0.4444444444444444,0.4444444444444444,0.0,0.0,0.0,0.5555555555555556,907,907,907,454,453,1.0,0.7777777777777778,0.7777777777777778,1.0,0.5555555555555556,0.6666666666666666,0.2222222222222222,0.0,0.8994140625,0.7152099609375,0.618408203125,0.2406005859375,0.9947509765625,0.0,0.41730288221924905,2.780322487570187,0.14305426183339928,0.207546586026044,0.2006379634310363,0.2474820727137359,-0.2886206310597714,0.49645204631837814,0.20779942158107545,0.49502854925476564,0.14055400079617897,0.5158697489523113,1.0,0.7777777777777778,0.5555555555555556,0.8888888888888888,0.2222222222222222,0.6666666666666666,0.2222222222222222,0.0,0.8720703125,0.690185546875,0.4375,0.2454833984375,0.973388671875,0.0,0.5353113424630971,3.1670932656357955,0.10476463635295111,0.18388738629766638,0.13889757782150355,0.207820888580546,0.0437587968651485,0.5159844664764739,0.19189166398543023,0.48439447193452395,-0.1979830400193805,0.5104425160189511,0.45555555555555555,0.4777777777777778,0.06666666666666667,0.9333333333333333,0.2111111111111111,0.05555555555555555,0.26666666666666666,0.4222222222222222,0.24444444444444444,0.6666666666666666,0.6666666666666666,0.0,0.011111111111111112,0.0,0.05555555555555555,250.87777777777777,0.05555555555555555,0.15555555555555556,1.0,0.7222222222222222,0.8333333333333334,0.9888888888888889,0.6333333333333333,0.6444444444444445,0.37777777777777777,0.2111111111111111,1.0,628.3519641900388,0.3678805386334848,1.0,0.7222222222222222,0.9333333333333333,0.7777777777777778,0.36666666666666664,0.5,0.3,0.05555555555555555,1.0,628.3519641900388,0.4713797729396562
126,973728,blue,9,nan,nan,nan,nan,nan,nan,nan,nan,nan,nan,-0.0015223507769405841,3.0238476037979125,0.0027365920606825965,0.023095703125,0.16861966997385025,0.0,1.0,1.0,0.41836870908737184,0.12275626920163632,red,5,True,6,4,,0.26636362266303465,-3.0163636655885386,553.9545454545455,0.22727272727272727,0.045454545454545456,0.7272727272727273,0.2727272727272727,0.045454545454545456,0.0,0.045454545454545456,0.045454545454545456,0.18181818181818182,0.22727272727272727,0.22727272727272727,0.0,0.0,0.0,0.7272727272727273,915,914,914,458,457,1.0,0.7727272727272727,0.8636363636363636,1.0,0.7272727272727273,0.7727272727272727,0.2727272727272727,0.045454545454545456,0.89013671875,0.7357177734375,0.599853515625,0.2115478515625,0.9930419921875,0.0,0.27480686245587366,1.8009044773571412,0.14523717190468513,0.21014267615286442,0.19870308237536682,0.25299547937304345,-0.27570617108236206,0.49845616609553917,0.24481819341121636,0.49336891418454165,0.11160649290011548,0.5268322081257478,1.0,0.7727272727272727,0.6363636363636364,0.9545454545454546,0.22727272727272727,0.7272727272727273,0.13636363636363635,0.0,0.872802734375,0.68701171875,0.4658203125,0.20166015625,0.9708251953125,0.0,0.46230361528424785,3.4059886118376967,0.10736536142673964,0.18736055733228887,0.14146154856771412,0.21134163862796512,0.028876749661762346,0.5180502319993983,0.21289772624892223,0.4887741814811661,-0.1538791421407808,0.5327104972323795,0.45555555555555555,0.4777777777777778,0.06666666666666667,0.9333333333333333,0.2111111111111111,0.05555555555555555,0.26666666666666666,0.4222222222222222,0.24444444444444444,0.6666666666666666,0.6666666666666666,0.0,0.011111111111111112,0.0,0.05555555555555555,250.87777777777777,0.05555555555555555,0.15555555555555556,1.0,0.7222222222222222,0.8333333333333334,0.9888888888888889,0.6333333333333333,0.6444444444444445,0.37777777777777777,0.2111111111111111,1.0,628.3519641900388,0.3678805386334848,1.0,0.7222222222222222,0.9333333333333333,0.7777777777777778,0.36666666666666664,0.5,0.3,0.05555555555555555,1.0,628.3519641900388,0.4713797729396562
127,981920,blue,9,nan,nan,nan,nan,nan,nan,nan,nan,nan,nan,-0.00247435849159956,3.027875506877899,0.005977126971265534,0.07763671875,0.19003940783441067,0.0,0.9999999403953552,1.0,0.21935758739709854,0.09137133229523897,red,5,True,6,4,,-3.3813636849888344,-2.974090945398943,520.2727272727273,0.2727272727272727,0.2727272727272727,0.45454545454545453,0.5454545454545454,0.0,0.0,0.0,0.2727272727272727,0.2727272727272727,0.5454545454545454,0.5454545454545454,0.0,0.0,0.0,0.45454545454545453,918,918,918,459,459,1.0,0.5454545454545454,0.5454545454545454,1.0,0.45454545454545453,0.5454545454545454,0.09090909090909091,0.0,0.900634765625,0.7205810546875,0.6395263671875,0.27734375,0.9918212890625,0.0,0.4681747936086279,2.87095196994334,0.13964366469661366,0.202338802984145,0.19155140313785265,0.24034124796045767,-0.2867616090113465,0.5003828748179713,0.24863686977123933,0.49441840309804075,0.1310573692007182,0.5230437183571013,1.0,0.5454545454545454,0.9090909090909091,1.0,0.18181818181818182,0.5454545454545454,0.45454545454545453,0.0,0.8697509765625,0.7293701171875,0.531005859375,0.22509765625,0.978759765625,0.0,0.3889686663315113,2.5634961297103938,0.11319433273584517,0.18684461716399015,0.14997347565148653,0.2111648425993097,0.029889112706708687,0.5151971012049589,0.1841122281681571,0.4890183960291934,-0.1710867058471841,0.5156592923447143,0.45555555555555555,0.4777777777777778,0.06666666666666667,0.9333333333333333,0.2111111111111111,0.05555555555555555,0.26666666666666666,0.4222222222222222,0.24444444444444444,0.6666666666666666,0.6666666666666666,0.0,0.011111111111111112,0.0,0.05555555555555555,250.87777777777777,0.05555555555555555,0.15555555555555556,1.0,0.7222222222222222,0.8333333333333334,0.9888888888888889,0.6333333333333333,0.6444444444444445,0.37777777777777777,0.2111111111111111,1.0,628.3519641900388,0.3678805386334848,1.0,0.7222222222222222,0.9333333333333333,0.7777777777777778,0.36666666666666664,0.5,0.3,0.05555555555555555,1.0,628.3519641900388,0.4713797729396562
128,990112,blue,9,nan,nan,nan,nan,nan,nan,nan,nan,nan,nan,-0.0007054218789562583,3.029978859424591,0.002831744909781264,0.0197265625,0.1733388639986515,3.725290298461914e-09,1.0,1.0,0.3076308503746986,0.16285988874733448,red,5,True,6,4,,-0.51242858619662,-1.3803571654217583,557.1428571428571,0.07142857142857142,0.21428571428571427,0.7142857142857143,0.2857142857142857,0.07142857142857142,0.07142857142857142,0.14285714285714285,0.14285714285714285,0.0,0.14285714285714285,0.14285714285714285,0.0,0.0,0.0,0.7142857142857143,923,923,922,462,461,1.0,0.7857142857142857,0.9285714285714286,1.0,0.7142857142857143,0.7857142857142857,0.42857142857142855,0.07142857142857142,0.8980712890625,0.6934814453125,0.6123046875,0.2587890625,0.9932861328125,0.0,0.4859911918383013,3.4108481711637277,0.13942592202925594,0.2092212989983871,0.1951154085704826,0.25114794595795453,-0.29603259990149766,0.4927368415526186,0.22103220601823992,0.4981019252738893,0.15774948062040295,0.516603643871953,1.0,0.7857142857142857,0.6428571428571429,0.8571428571428571,0.2857142857142857,0.7142857142857143,0.14285714285714285,0.07142857142857142,0.877197265625,0.699462890625,0.39501953125,0.1494140625,0.9715576171875,0.0,0.2682035219337663,2.1901466523693016,0.10253971665755211,0.18377909974154366,0.13396138089883475,0.20591386112115523,-0.028045599627379403,0.5184518715480387,0.18575450448156872,0.48445357614931195,-0.18785182122028843,0.5188839372306584,0.45555555555555555,0.4777777777777778,0.06666666666666667,0.9333333333333333,0.2111111111111111,0.05555555555555555,0.26666666666666666,0.4222222222222222,0.24444444444444444,0.6666666666666666,0.6666666666666666,0.0,0.011111111111111112,0.0,0.05555555555555555,250.87777777777777,0.05555555555555555,0.15555555555555556,1.0,0.7222222222222222,0.8333333333333334,0.9888888888888889,0.6333333333333333,0.6444444444444445,0.37777777777777777,0.2111111111111111,1.0,628.3519641900388,0.3678805386334848,1.0,0.7222222222222222,0.9333333333333333,0.7777777777777778,0.36666666666666664,0.5,0.3,0.05555555555555555,1.0,628.3519641900388,0.4713797729396562
129,998304,blue,9,nan,nan,nan,nan,nan,nan,nan,nan,nan,nan,-0.00037978271720930936,3.0341171860694884,0.0019036788216908462,0.0130126953125,0.16883105039596558,0.0,1.0,1.0,0.20174522399902345,0.10243870802223683,red,5,True,6,4,,-1.362058851922698,-2.3702941603191636,555.3529411764706,0.11764705882352941,0.17647058823529413,0.7058823529411765,0.29411764705882354,0.0,0.0,0.0,0.17647058823529413,0.11764705882352941,0.29411764705882354,0.29411764705882354,0.0,0.0,0.0,0.7058823529411765,929,928,928,465,464,1.0,0.6470588235294118,0.7647058823529411,1.0,0.5882352941176471,0.6470588235294118,0.17647058823529413,0.0,0.888427734375,0.7039794921875,0.62646484375,0.2696533203125,0.9921875,0.0,0.4957045783400654,3.19850132073774,0.1380902200724501,0.2055613033141705,0.19006016654564717,0.24608560848994127,-0.277785653542697,0.5004619500180899,0.23427905360754053,0.4912890613609609,0.14978264540212294,0.5212086462714279,1.0,0.6470588235294118,0.6470588235294118,0.8235294117647058,0.17647058823529413,0.6470588235294118,0.17647058823529413,0.0,0.8709716796875,0.703125,0.490966796875,0.18505859375,0.97314453125,0.0,0.3543735031011729,2.992579864784867,0.10822301733898074,0.1842654334445132,0.14248889879748766,0.20571010535656017,-0.0062711369602297395,0.5153426243097211,0.1916058721888767,0.48588391262385533,-0.17136973901490649,0.5195202876251437,0.45555555555555555,0.4777777777777778,0.06666666666666667,0.9333333333333333,0.2111111111111111,0.05555555555555555,0.26666666666666666,0.4222222222222222,0.24444444444444444,0.6666666666666666,0.6666666666666666,0.0,0.011111111111111112,0.0,0.05555555555555555,250.87777777777777,0.05555555555555555,0.15555555555555556,1.0,0.7222222222222222,0.8333333333333334,0.9888888888888889,0.6333333333333333,0.6444444444444445,0.37777777777777777,0.2111111111111111,1.0,628.3519641900388,0.3678805386334848,1.0,0.7222222222222222,0.9333333333333333,0.7777777777777778,0.36666666666666664,0.5,0.3,0.05555555555555555,1.0,628.3519641900388,0.4713797729396562
130,1000000,blue,9,nan,nan,nan,nan,nan,nan,nan,nan,nan,nan,-0.004305779248177544,3.040098714828491,0.002013975965410453,0.0167452834546566,0.22426002621650695,-4.498463823665588e-08,0.9999999403953552,1.0,0.007426355499774218,0.06746413931250572,red,5,True,6,4,5,-6.5575000499375165,1.0750000057742,495.5,0.0,0.5,0.5,0.5,0.0,0.0,0.0,0.5,0.0,0.5,0.5,0.0,0.0,0.0,0.5,929,929,929,465,464,1.0,0.5,0.5,1.0,0.5,0.5,0.0,0.0,0.8944575471698113,0.7311320754716981,0.6055424528301887,0.2606132075471698,0.9941037735849056,0.0,0.5158725338742571,2.9359892309065003,0.14114510469582353,0.2062287317022105,0.1937644361958609,0.2469107749875028,-0.28652522165505634,0.5063854727977425,0.22536927701428727,0.5033685667451521,0.14619380684775332,0.5153716035245034,1.0,0.5,1.0,1.0,0.0,0.5,0.5,0.0,0.879127358490566,0.6845518867924528,0.4876179245283019,0.1945754716981132,0.9734669811320755,0.0,0.4082561648202963,3.089819170893618,0.10416071403459233,0.18104212551305224,0.13915246145025242,0.2003751218665653,-0.03562328678936814,0.5133646711232909,0.15976216117404926,0.4844953087828601,-0.17045720104249754,0.5167673279800447,0.2111111111111111,0.7777777777777778,0.011111111111111112,0.9888888888888889,0.1111111111111111,0.1111111111111111,0.2222222222222222,0.6666666666666666,0.1,0.7666666666666667,0.7666666666666667,0.0,0.011111111111111112,0.0,0.0,244.27777777777777,0.1111111111111111,0.0,1.0,0.7555555555555555,0.8333333333333334,0.9666666666666667,0.6333333333333333,0.6222222222222222,0.2777777777777778,0.1111111111111111,1.0,506.7581737499296,0.3924688565853788,1.0,0.7555555555555555,0.8777777777777778,0.8777777777777778,0.4222222222222222,0.6333333333333333,0.3,0.1111111111111111,1.0,506.7581737499296,0.2919010340923328
131,1008192,red,10,-0.0015355867566540838,3.0989383816719056,0.0045587624641484584,0.0512939453125,0.13825356177985668,-3.725290298461914e-09,1.0,1.0,0.05582472234964371,0.11111253965646029,nan,nan,nan,nan,nan,nan,nan,nan,nan,nan,blue,3,False,6,5,,nan,nan,nan,nan,nan,nan,nan,nan,nan,nan,nan,nan,nan,nan,nan,nan,nan,nan,940,940,939,470,470,nan,nan,nan,nan,nan,nan,nan,nan,0.892333984375,0.7158203125,0.6541748046875,0.22021484375,0.9912109375,0.0,0.369180236734822,3.080308680953181,0.1353048198979267,0.19594412050151114,0.18155999184539084,0.2276355212044466,-0.27796061432862373,0.4998866181530484,0.2737313165342101,0.4854775908421217,0.13165676657832037,0.5237041590173988,nan,nan,nan,nan,nan,nan,nan,nan,0.86865234375,0.6448974609375,0.6068115234375,0.36328125,0.972412109375,0.0,0.8883316556991697,3.879264405256704,0.10454481440491109,0.185438800891845,0.1507416677952193,0.20864951695731984,0.09378824675718889,0.5010078978201392,0.07273938363684707,0.4885653470597175,-0.12920746960705287,0.5024061644685412,0.2111111111111111,0.7777777777777778,0.011111111111111112,0.9888888888888889,0.1111111111111111,0.1111111111111111,0.2222222222222222,0.6666666666666666,0.1,0.7666666666666667,0.7666666666666667,0.0,0.011111111111111112,0.0,0.0,244.27777777777777,0.1111111111111111,0.0,1.0,0.7555555555555555,0.8333333333333334,0.9666666666666667,0.6333333333333333,0.6222222222222222,0.2777777777777778,0.1111111111111111,1.0,506.7581737499296,0.3924688565853788,1.0,0.7555555555555555,0.8777777777777778,0.8777777777777778,0.4222222222222222,0.6333333333333333,0.3,0.1111111111111111,1.0,506.7581737499296,0.2919010340923328
132,1016384,red,10,-0.0011983094736933708,3.097500479221344,0.0033908936617081053,0.030322265625,0.16504878997802735,0.0,0.9999998807907104,1.0,0.29877365231513975,0.3741478122770786,nan,nan,nan,nan,nan,nan,nan,nan,nan,nan,blue,3,False,6,5,,0.10119046749813217,-10.422381015184024,418.57142857142856,0.9047619047619048,0.09523809523809523,0.0,1.0,0.047619047619047616,0.0,0.047619047619047616,0.09523809523809523,0.8571428571428571,0.9523809523809523,0.9523809523809523,0.0,0.0,0.0,0.0,947,947,946,474,473,1.0,0.5714285714285714,0.6190476190476191,1.0,0.42857142857142855,0.5714285714285714,0.23809523809523808,0.047619047619047616,0.891357421875,0.7222900390625,0.6231689453125,0.1962890625,0.9925537109375,0.0,0.29370814868232675,2.337672342499827,0.14197306528174006,0.20945021344393808,0.20051955702176366,0.2508323755306812,-0.24347932782574944,0.5049050992580909,0.17498497379265032,0.5042470212291973,0.15187015388938718,0.5252247391670356,1.0,0.5714285714285714,0.5714285714285714,0.8095238095238095,0.09523809523809523,0.5238095238095238,0.23809523809523808,0.0,0.8760986328125,0.6314697265625,0.385498046875,0.2747802734375,0.9564208984375,0.0,0.7166843931337725,3.858479811787628,0.08942962130643776,0.17899920341382702,0.12068515379847541,0.20137683133483864,0.09731919269128042,0.4992285569208927,0.12373458069257737,0.4873593809719373,-0.30339582902287177,0.4829452193722017,0.2111111111111111,0.7777777777777778,0.011111111111111112,0.9888888888888889,0.1111111111111111,0.1111111111111111,0.2222222222222222,0.6666666666666666,0.1,0.7666666666666667,0.7666666666666667,0.0,0.011111111111111112,0.0,0.0,244.27777777777777,0.1111111111111111,0.0,1.0,0.7555555555555555,0.8333333333333334,0.9666666666666667,0.6333333333333333,0.6222222222222222,0.2777777777777778,0.1111111111111111,1.0,506.7581737499296,0.3924688565853788,1.0,0.7555555555555555,0.8777777777777778,0.8777777777777778,0.4222222222222222,0.6333333333333333,0.3,0.1111111111111111,1.0,506.7581737499296,0.2919010340923328
133,1024576,red,10,-0.0020885354839265346,3.0941925644874573,0.003391701789223589,0.0328125,0.16661792285740376,1.4901161193847656e-08,0.9999998807907104,1.0,0.032660319935530424,0.20261247232556343,nan,nan,nan,nan,nan,nan,nan,nan,nan,nan,blue,3,False,6,5,,-0.33181819201193075,-4.312727272171866,582.1818181818181,0.45454545454545453,0.0,0.5454545454545454,0.45454545454545453,0.0,0.0,0.0,0.0,0.45454545454545453,0.45454545454545453,0.45454545454545453,0.0,0.0,0.0,0.5454545454545454,951,950,950,476,475,1.0,0.9090909090909091,0.8181818181818182,1.0,0.8181818181818182,0.9090909090909091,0.0,0.0,0.8912353515625,0.739013671875,0.634765625,0.2142333984375,0.9921875,0.0,0.2905011234119923,2.2033698345414305,0.1397172005125367,0.20308194253407721,0.1918919813166594,0.24253472934211653,-0.2669820761124413,0.5050876131488355,0.2148084941526065,0.5000479047399036,0.11691603569078168,0.522627762744405,1.0,0.9090909090909091,0.7272727272727273,1.0,0.2727272727272727,0.9090909090909091,0.09090909090909091,0.0,0.8680419921875,0.6329345703125,0.500732421875,0.3560791015625,0.9654541015625,0.0,0.8965826422434199,3.9605421895598307,0.09740538345255796,0.18270832976137802,0.13571892777489236,0.20642113822853447,0.09648899301038227,0.5013396714192273,0.11371582745829656,0.4878852255182555,-0.23296181453186549,0.49110024664770285,0.2111111111111111,0.7777777777777778,0.011111111111111112,0.9888888888888889,0.1111111111111111,0.1111111111111111,0.2222222222222222,0.6666666666666666,0.1,0.7666666666666667,0.7666666666666667,0.0,0.011111111111111112,0.0,0.0,244.27777777777777,0.1111111111111111,0.0,1.0,0.7555555555555555,0.8333333333333334,0.9666666666666667,0.6333333333333333,0.6222222222222222,0.2777777777777778,0.1111111111111111,1.0,506.7581737499296,0.3924688565853788,1.0,0.7555555555555555,0.8777777777777778,0.8777777777777778,0.4222222222222222,0.6333333333333333,0.3,0.1111111111111111,1.0,506.7581737499296,0.2919010340923328
134,1032768,red,10,-0.0011281898012384772,3.095634651184082,0.003381641092710197,0.0316162109375,0.16107123270630835,-9.313225746154785e-09,1.0,1.0,0.18358470126986504,0.22532583512365817,nan,nan,nan,nan,nan,nan,nan,nan,nan,nan,blue,3,False,6,5,,0.8365908751518212,-10.24045457390391,438.5,0.9090909090909091,0.0,0.09090909090909091,0.9090909090909091,0.045454545454545456,0.0,0.045454545454545456,0.0,0.8636363636363636,0.8636363636363636,0.8636363636363636,0.0,0.0,0.0,0.09090909090909091,958,958,957,479,479,1.0,0.7727272727272727,0.7272727272727273,1.0,0.5,0.7727272727272727,0.2727272727272727,0.045454545454545456,0.89306640625,0.72705078125,0.6131591796875,0.1505126953125,0.992431640625,0.0,0.20130850238345407,1.7539126047112565,0.14022478675133843,0.20576443205010722,0.19722729116836574,0.244610621937145,-0.24675065634504634,0.5061189973769828,0.18202810842449324,0.5021345848189895,0.09771036061822613,0.5199544112362455,1.0,0.7727272727272727,0.6818181818181818,0.8636363636363636,0.18181818181818182,0.5909090909090909,0.18181818181818182,0.0,0.8668212890625,0.64599609375,0.3951416015625,0.2452392578125,0.9564208984375,0.0,0.5603831569310257,3.6880009965408203,0.09067560334110167,0.18091691339285212,0.12322691808656724,0.20173446105055562,0.08014135727826144,0.5098864915294488,0.1046566153625399,0.49278113818517616,-0.260967234146225,0.49171856265583674,0.2111111111111111,0.7777777777777778,0.011111111111111112,0.9888888888888889,0.1111111111111111,0.1111111111111111,0.2222222222222222,0.6666666666666666,0.1,0.7666666666666667,0.7666666666666667,0.0,0.011111111111111112,0.0,0.0,244.27777777777777,0.1111111111111111,0.0,1.0,0.7555555555555555,0.8333333333333334,0.9666666666666667,0.6333333333333333,0.6222222222222222,0.2777777777777778,0.1111111111111111,1.0,506.7581737499296,0.3924688565853788,1.0,0.7555555555555555,0.8777777777777778,0.8777777777777778,0.4222222222222222,0.6333333333333333,0.3,0.1111111111111111,1.0,506.7581737499296,0.2919010340923328
135,1040960,red,10,-0.001083808671683073,3.0967745065689085,0.003477341529651312,0.0304443359375,0.1350052770227194,3.725290298461914e-09,0.9999999403953552,1.0,0.2668261036276817,0.12699941024184228,nan,nan,nan,nan,nan,nan,nan,nan,nan,nan,blue,3,False,6,5,,0.5502777803792722,-6.594722273707804,488.72222222222223,0.6111111111111112,0.05555555555555555,0.3333333333333333,0.6666666666666666,0.05555555555555555,0.05555555555555555,0.1111111111111111,0.0,0.5555555555555556,0.5555555555555556,0.5555555555555556,0.0,0.0,0.0,0.3333333333333333,964,964,963,482,482,1.0,0.7222222222222222,0.7222222222222222,1.0,0.5555555555555556,0.7222222222222222,0.2222222222222222,0.05555555555555555,0.8941650390625,0.734375,0.6427001953125,0.1507568359375,0.9930419921875,0.0,0.17874244931802583,1.4348313608966885,0.1370152991430227,0.1995716232529236,0.19004284511017067,0.23310965918998858,-0.2804001802383489,0.5027671646471717,0.19158904417252032,0.49702250380879986,0.035831167032203126,0.5254703047687952,1.0,0.7222222222222222,0.7222222222222222,0.8888888888888888,0.3333333333333333,0.6666666666666666,0.2222222222222222,0.05555555555555555,0.8616943359375,0.631591796875,0.4857177734375,0.3192138671875,0.95947265625,0.0,0.8165405769526117,3.9783246066631217,0.09354187377779966,0.18304199215374367,0.12959499976408545,0.20763270547155746,0.09188914380371926,0.49900308754130573,0.09728696192519237,0.4898593394668822,-0.21067975777607728,0.5016623502646126,0.2777777777777778,0.6888888888888889,0.03333333333333333,0.9666666666666667,0.1111111111111111,0.1111111111111111,0.2222222222222222,0.6,0.18888888888888888,0.7666666666666667,0.7666666666666667,0.0,0.011111111111111112,0.0,0.0,253.3111111111111,0.1111111111111111,0.0,1.0,0.7666666666666667,0.8333333333333334,0.9666666666666667,0.6222222222222222,0.6222222222222222,0.2777777777777778,0.1111111111111111,1.0,551.7554322549381,0.3842737090315298,1.0,0.7666666666666667,0.8222222222222222,0.8777777777777778,0.4222222222222222,0.6444444444444445,0.23333333333333334,0.1111111111111111,1.0,551.7554322549381,0.3866736206049311
136,1049152,red,10,-0.0013936478411778809,3.1046596646308897,0.0033903833013027907,0.0319091796875,0.16305208690464496,4.6566128730773926e-09,0.9999999403953552,1.0,0.21408272832632064,0.1274729011580348,nan,nan,nan,nan,nan,nan,nan,nan,nan,nan,blue,3,False,6,5,,-0.7666666844549278,-6.745277804322541,485.0,0.6666666666666666,0.05555555555555555,0.2777777777777778,0.7222222222222222,0.0,0.0,0.0,0.05555555555555555,0.6666666666666666,0.7222222222222222,0.7222222222222222,0.0,0.0,0.0,0.2777777777777778,970,970,969,485,485,1.0,0.7777777777777778,0.8333333333333334,1.0,0.7777777777777778,0.7777777777777778,0.05555555555555555,0.0,0.8875732421875,0.720947265625,0.640869140625,0.19384765625,0.9884033203125,0.0,0.30637931540011815,2.2818170028803904,0.13250487430708136,0.19679662839687778,0.18137284623773908,0.2289165129660297,-0.2543908377351407,0.5114664629018566,0.20551023747248465,0.4983939599210818,0.011332157634221574,0.5267322525366039,1.0,0.7777777777777778,0.6666666666666666,0.9444444444444444,0.2222222222222222,0.7777777777777778,0.16666666666666666,0.0,0.8651123046875,0.632080078125,0.4322509765625,0.277099609375,0.95703125,0.0,0.6698027419147909,3.921456109201368,0.0922870015906038,0.183862268844302,0.12794341349715493,0.20794518534110287,0.10331366497078776,0.5014086276559975,0.09169575594311041,0.48981736521665614,-0.21872627217462792,0.4926016822551092,0.2777777777777778,0.6888888888888889,0.03333333333333333,0.9666666666666667,0.1111111111111111,0.1111111111111111,0.2222222222222222,0.6,0.18888888888888888,0.7666666666666667,0.7666666666666667,0.0,0.011111111111111112,0.0,0.0,253.3111111111111,0.1111111111111111,0.0,1.0,0.7666666666666667,0.8333333333333334,0.9666666666666667,0.6222222222222222,0.6222222222222222,0.2777777777777778,0.1111111111111111,1.0,551.7554322549381,0.3842737090315298,1.0,0.7666666666666667,0.8222222222222222,0.8777777777777778,0.4222222222222222,0.6444444444444445,0.23333333333333334,0.1111111111111111,1.0,551.7554322549381,0.3866736206049311
137,1057344,red,10,-0.0011616938398219645,3.113460063934326,0.004759226790338289,0.0564208984375,0.1307216614484787,-7.450580596923828e-09,1.0,1.0,0.14000620432198047,0.08360180594027042,nan,nan,nan,nan,nan,nan,nan,nan,nan,nan,blue,3,False,6,5,,3.02730771791763,-11.124230942617242,486.38461538461536,0.7692307692307693,0.0,0.23076923076923078,0.7692307692307693,0.07692307692307693,0.0,0.07692307692307693,0.0,0.6923076923076923,0.6923076923076923,0.6923076923076923,0.0,0.0,0.0,0.23076923076923078,974,974,974,487,487,1.0,0.7692307692307693,0.8461538461538461,1.0,0.6153846153846154,0.7692307692307693,0.23076923076923078,0.07692307692307693,0.8924560546875,0.7249755859375,0.635986328125,0.1590576171875,0.990234375,0.0,0.2678501817526787,2.2857160358860233,0.13250645289061735,0.19790153931190946,0.182074222714476,0.22896178040076853,-0.25090615359464863,0.5081701971282351,0.20270866715404878,0.4999192294943314,0.07232314746330104,0.523878953607823,1.0,0.7692307692307693,0.6153846153846154,0.7692307692307693,0.07692307692307693,0.6153846153846154,0.23076923076923078,0.0,0.875,0.61865234375,0.501220703125,0.369873046875,0.9605712890625,0.0,0.8757987621364729,3.8355379059464556,0.09495860430918562,0.18301952284345446,0.13377699663822384,0.20768250394534493,0.11752473533038454,0.5066496117366084,0.08659667449989783,0.4906814457965359,-0.21352369508427316,0.49560721058980867,0.2777777777777778,0.6888888888888889,0.03333333333333333,0.9666666666666667,0.1111111111111111,0.1111111111111111,0.2222222222222222,0.6,0.18888888888888888,0.7666666666666667,0.7666666666666667,0.0,0.011111111111111112,0.0,0.0,253.3111111111111,0.1111111111111111,0.0,1.0,0.7666666666666667,0.8333333333333334,0.9666666666666667,0.6222222222222222,0.6222222222222222,0.2777777777777778,0.1111111111111111,1.0,551.7554322549381,0.3842737090315298,1.0,0.7666666666666667,0.8222222222222222,0.8777777777777778,0.4222222222222222,0.6444444444444445,0.23333333333333334,0.1111111111111111,1.0,551.7554322549381,0.3866736206049311
138,1065536,red,10,-0.0034471395658329127,3.121600532531738,0.005725992858060636,0.0686279296875,0.1657356798648834,0.0,0.9999998807907104,1.0,0.03215650385245681,0.06796055659651756,nan,nan,nan,nan,nan,nan,nan,nan,nan,nan,blue,3,False,6,5,,0.3813157585498534,-10.54684213578309,458.5263157894737,0.9473684210526315,0.0,0.05263157894736842,0.9473684210526315,0.0,0.0,0.0,0.0,0.9473684210526315,0.9473684210526315,0.9473684210526315,0.0,0.0,0.0,0.05263157894736842,981,980,980,491,490,1.0,0.6842105263157895,0.7368421052631579,1.0,0.5263157894736842,0.6842105263157895,0.21052631578947367,0.0,0.8924560546875,0.730712890625,0.6510009765625,0.1319580078125,0.990234375,0.0,0.1823000753125964,1.4983005813569392,0.13758325597612003,0.20091654235488818,0.19146832258573115,0.23491726023950724,-0.25417298717055914,0.5110391665909528,0.1850971610926173,0.49630444163374215,0.07602431243312324,0.5284162012244816,1.0,0.6842105263157895,0.631578947368421,0.8421052631578947,0.21052631578947367,0.5789473684210527,0.21052631578947367,0.0,0.865966796875,0.622314453125,0.435791015625,0.27392578125,0.9560546875,0.0,0.68100928657022,4.014095557397267,0.09036363311752374,0.1819690612489815,0.12553191109448236,0.20471333394066274,0.11052801971575832,0.5001484356027118,0.091948393158507,0.4874835176763298,-0.23655796556871422,0.49209595079437884,0.2777777777777778,0.6888888888888889,0.03333333333333333,0.9666666666666667,0.1111111111111111,0.1111111111111111,0.2222222222222222,0.6,0.18888888888888888,0.7666666666666667,0.7666666666666667,0.0,0.011111111111111112,0.0,0.0,253.3111111111111,0.1111111111111111,0.0,1.0,0.7666666666666667,0.8333333333333334,0.9666666666666667,0.6222222222222222,0.6222222222222222,0.2777777777777778,0.1111111111111111,1.0,551.7554322549381,0.3842737090315298,1.0,0.7666666666666667,0.8222222222222222,0.8777777777777778,0.4222222222222222,0.6444444444444445,0.23333333333333334,0.1111111111111111,1.0,551.7554322549381,0.3866736206049311
139,1073728,red,10,-0.0014762593200430274,3.1302505493164063,0.004613920274277916,0.0551025390625,0.13212456181645393,0.0,0.9999999403953552,1.0,0.39674670696258546,0.13839539065957068,nan,nan,nan,nan,nan,nan,nan,nan,nan,nan,blue,3,False,6,5,,0.4622500017285347,-7.283749967534095,453.85,0.7,0.05,0.25,0.75,0.1,0.0,0.1,0.05,0.6,0.65,0.65,0.0,0.0,0.0,0.25,987,987,987,494,493,1.0,0.75,0.85,1.0,0.75,0.75,0.2,0.1,0.8953857421875,0.7391357421875,0.6416015625,0.125732421875,0.9912109375,0.0,0.16246723211397407,1.3127630290713772,0.1354165454967003,0.1970973219086205,0.18722696338000294,0.23012965229614446,-0.27773554954327295,0.5059196827945885,0.192184253688076,0.5019461663460405,0.020305141646588254,0.5238770624889851,1.0,0.75,0.6,0.8,0.15,0.65,0.15,0.0,0.869873046875,0.629150390625,0.493896484375,0.35546875,0.9647216796875,0.0,0.8937374876799632,4.045779354418442,0.09397756249735151,0.18154241229575613,0.13101212129878043,0.20476474729809893,0.1001127094179779,0.4982927130721172,0.09710572145472085,0.4883869524556036,-0.22178677269487324,0.4974358636405303,0.2777777777777778,0.6888888888888889,0.03333333333333333,0.9666666666666667,0.1111111111111111,0.1111111111111111,0.2222222222222222,0.6,0.18888888888888888,0.7666666666666667,0.7666666666666667,0.0,0.011111111111111112,0.0,0.0,253.3111111111111,0.1111111111111111,0.0,1.0,0.7666666666666667,0.8333333333333334,0.9666666666666667,0.6222222222222222,0.6222222222222222,0.2777777777777778,0.1111111111111111,1.0,551.7554322549381,0.3842737090315298,1.0,0.7666666666666667,0.8222222222222222,0.8777777777777778,0.4222222222222222,0.6444444444444445,0.23333333333333334,0.1111111111111111,1.0,551.7554322549381,0.3866736206049311
140,1081920,red,10,-0.0009580234764143825,3.1340017199516295,0.003279186055442551,0.03310546875,0.09786220379173756,-3.725290298461914e-09,1.0,1.0,0.09210420167073607,0.04326077261939645,nan,nan,nan,nan,nan,nan,nan,nan,nan,nan,blue,3,False,6,5,,0.546666639443073,-10.00583335886606,449.72222222222223,0.9444444444444444,0.0,0.05555555555555555,0.9444444444444444,0.05555555555555555,0.0,0.05555555555555555,0.0,0.8888888888888888,0.8888888888888888,0.8888888888888888,0.0,0.0,0.0,0.05555555555555555,993,993,993,497,496,1.0,0.7222222222222222,0.8333333333333334,1.0,0.7222222222222222,0.7222222222222222,0.16666666666666666,0.05555555555555555,0.896484375,0.7369384765625,0.648681640625,0.18310546875,0.9884033203125,0.0,0.2822579237727548,2.2889305569907896,0.129793251409771,0.1938351365593707,0.17971320620535064,0.22357465673492116,-0.27430300528646967,0.5073249204206062,0.1694596236686401,0.4979434226909331,-0.038611761470654926,0.5289346108206079,1.0,0.7222222222222222,0.6111111111111112,0.8333333333333334,0.16666666666666666,0.6666666666666666,0.16666666666666666,0.0,0.8687744140625,0.616455078125,0.4658203125,0.2891845703125,0.960693359375,0.0,0.759852581202961,4.120639086126918,0.09219662395905966,0.18540380548563865,0.13161027981197077,0.20934441034385257,0.10131083586513867,0.5049818129807796,0.07422092119154655,0.49534766631976185,-0.20462831034194195,0.49374300180283154,0.43333333333333335,0.4777777777777778,0.08888888888888889,0.9111111111111111,0.13333333333333333,0.0,0.13333333333333333,0.4777777777777778,0.3,0.7777777777777778,0.7777777777777778,0.0,0.044444444444444446,0.0,0.044444444444444446,293.2111111111111,0.0,0.13333333333333333,1.0,0.7444444444444445,0.8666666666666667,0.9555555555555556,0.6666666666666666,0.7,0.34444444444444444,0.13333333333333333,1.0,575.8881891003886,0.3100853608591303,1.0,0.7444444444444445,0.8333333333333334,0.8888888888888888,0.3333333333333333,0.5666666666666667,0.16666666666666666,0.0,0.0,575.8881891003886,0.5227527457280615
141,1090112,red,10,-0.00142732507083565,3.1387564539909363,0.0032843946828506887,0.0329345703125,0.15574040673673153,1.862645149230957e-09,0.9999999403953552,1.0,0.45181833058595655,0.13049910441040993,nan,nan,nan,nan,nan,nan,nan,nan,nan,nan,blue,3,False,6,5,,0.8583683995530009,-7.934473683420372,413.36842105263156,0.7894736842105263,0.05263157894736842,0.15789473684210525,0.8421052631578947,0.15789473684210525,0.0,0.15789473684210525,0.05263157894736842,0.631578947368421,0.6842105263157895,0.6842105263157895,0.0,0.0,0.0,0.15789473684210525,1000,999,999,500,500,1.0,0.7894736842105263,0.8947368421052632,1.0,0.7894736842105263,0.7894736842105263,0.3157894736842105,0.15789473684210525,0.8985595703125,0.718994140625,0.6478271484375,0.164306640625,0.9869384765625,0.0,0.27266122270740023,2.296754759295294,0.1280950248724669,0.19055910704870624,0.1774361187231654,0.2189838339514621,-0.28662046690703846,0.507125784210945,0.17357748975494047,0.5010638999086495,0.007827006453958063,0.5270474644180265,1.0,0.7894736842105263,0.5263157894736842,0.7368421052631579,0.15789473684210525,0.631578947368421,0.10526315789473684,0.0,0.8756103515625,0.6025390625,0.4698486328125,0.3209228515625,0.9556884765625,0.0,0.8089509623149684,4.07432854747242,0.09187260950890581,0.18407474488019207,0.13013103522834418,0.2079828751574924,0.12590930769368924,0.5015954134183229,0.08089291596864356,0.4893580480759133,-0.2082303275244577,0.49480556998990416,0.43333333333333335,0.4777777777777778,0.08888888888888889,0.9111111111111111,0.13333333333333333,0.0,0.13333333333333333,0.4777777777777778,0.3,0.7777777777777778,0.7777777777777778,0.0,0.044444444444444446,0.0,0.044444444444444446,293.2111111111111,0.0,0.13333333333333333,1.0,0.7444444444444445,0.8666666666666667,0.9555555555555556,0.6666666666666666,0.7,0.34444444444444444,0.13333333333333333,1.0,575.8881891003886,0.3100853608591303,1.0,0.7444444444444445,0.8333333333333334,0.8888888888888888,0.3333333333333333,0.5666666666666667,0.16666666666666666,0.0,0.0,575.8881891003886,0.5227527457280615
142,1098304,red,10,-0.0006352683994919062,3.1449796676635744,0.0036292509008490014,0.03330078125,0.12338862083852291,-3.725290298461914e-09,1.0,1.0,0.1496219728142023,0.11089828759431838,nan,nan,nan,nan,nan,nan,nan,nan,nan,nan,blue,3,False,6,5,,-0.38131580815503474,-8.536315813219469,451.57894736842104,0.7894736842105263,0.05263157894736842,0.15789473684210525,0.8421052631578947,0.0,0.0,0.0,0.05263157894736842,0.7894736842105263,0.8421052631578947,0.8421052631578947,0.0,0.0,0.0,0.15789473684210525,1006,1006,1005,503,503,1.0,0.6842105263157895,0.7894736842105263,1.0,0.631578947368421,0.6842105263157895,0.21052631578947367,0.0,0.901123046875,0.717041015625,0.639892578125,0.20654296875,0.9869384765625,0.0,0.30350535740808093,2.0941447142835474,0.12591760340096947,0.1905192231472007,0.1743327072524435,0.21803578086160688,-0.2989166587358234,0.5060543320580475,0.17134501818250314,0.503532252172146,-0.043134119087433476,0.5271042947590171,1.0,0.6842105263157895,0.5263157894736842,0.8421052631578947,0.2631578947368421,0.631578947368421,0.21052631578947367,0.0,0.8695068359375,0.6044921875,0.5118408203125,0.3297119140625,0.9635009765625,0.0,0.9096710049170056,4.16463455183831,0.09498165504457153,0.18607619063664285,0.13610041722957777,0.2103568979266449,0.11599063270811172,0.49833002476717725,0.08253393939421017,0.4864437999188069,-0.1945861430478324,0.4999821133156843,0.43333333333333335,0.4777777777777778,0.08888888888888889,0.9111111111111111,0.13333333333333333,0.0,0.13333333333333333,0.4777777777777778,0.3,0.7777777777777778,0.7777777777777778,0.0,0.044444444444444446,0.0,0.044444444444444446,293.2111111111111,0.0,0.13333333333333333,1.0,0.7444444444444445,0.8666666666666667,0.9555555555555556,0.6666666666666666,0.7,0.34444444444444444,0.13333333333333333,1.0,575.8881891003886,0.3100853608591303,1.0,0.7444444444444445,0.8333333333333334,0.8888888888888888,0.3333333333333333,0.5666666666666667,0.16666666666666666,0.0,0.0,575.8881891003886,0.5227527457280615
143,1100000,red,10,-0.0005937832856291791,3.150089454650879,0.0003886741179811359,0.0,0.10185111165046692,0.0,0.9999999403953552,1.0,0.029991938546299935,0.06084941253066063,nan,nan,nan,nan,nan,nan,nan,nan,nan,nan,blue,3,False,6,5,6,-0.810000030696392,-7.451999993622303,436.0,0.8,0.0,0.2,0.8,0.0,0.0,0.0,0.0,0.8,0.8,0.8,0.0,0.0,0.0,0.2,1008,1007,1007,504,504,1.0,0.8,0.8,1.0,0.8,0.8,0.0,0.0,0.8903301886792453,0.7387971698113207,0.6415094339622641,0.2016509433962264,0.9840801886792453,0.0,0.290791137823959,2.3930716324392365,0.12755309786920996,0.19207177924208255,0.1713430250202066,0.21922418210739084,-0.32174752706905907,0.4854478061532402,0.21008201628377857,0.4958811921858746,-0.022326075481204206,0.5356325679348949,1.0,0.8,0.6,1.0,0.4,0.8,0.2,0.0,0.8679245283018868,0.5913915094339622,0.5123820754716981,0.3313679245283019,0.9510613207547169,0.0,0.7674768249560282,4.044898092329983,0.0954317991143743,0.18464399094364187,0.13756129517589988,0.20900119224089272,0.13097131934011727,0.49929437325120035,0.05824932987477195,0.4897111038181497,-0.17263665993463945,0.49856651812310326,0.6111111111111112,0.23333333333333334,0.15555555555555556,0.8444444444444444,0.1111111111111111,0.0,0.1111111111111111,0.23333333333333334,0.5,0.7333333333333333,0.7333333333333333,0.0,0.03333333333333333,0.0,0.12222222222222222,324.5111111111111,0.0,0.1111111111111111,1.0,0.6666666666666666,0.8333333333333334,0.9888888888888889,0.6333333333333333,0.6333333333333333,0.4111111111111111,0.1111111111111111,1.0,699.4314296704722,0.4200131200047714,1.0,0.6666666666666666,0.8333333333333334,0.8555555555555555,0.3333333333333333,0.5222222222222223,0.16666666666666666,0.0,0.0,699.4314296704722,0.5929966680770729
144,1108192,blue,11,nan,nan,nan,nan,nan,nan,nan,nan,nan,nan,-0.0012681865133345126,3.0430724382400514,0.009035233844770119,0.1266845703125,0.16155298165977,-1.6763806343078613e-08,1.0,1.0,0.07565821297466754,0.06220026630908251,red,6,True,7,5,,nan,nan,nan,nan,nan,nan,nan,nan,nan,nan,nan,nan,nan,nan,nan,nan,nan,nan,1018,1018,1018,509,509,nan,nan,nan,nan,nan,nan,nan,nan,0.9097900390625,0.7379150390625,0.6387939453125,0.10400390625,0.989501953125,0.0,0.12746349993245515,1.1045721074933557,0.13148998877920143,0.19002140251680028,0.17933154806592405,0.21609391437104272,-0.359007049554954,0.4906271923199174,0.20985283154827883,0.49868551254406285,-0.013796116237134726,0.5269095434367462,nan,nan,nan,nan,nan,nan,nan,nan,0.8751220703125,0.723876953125,0.5755615234375,0.103759765625,0.975341796875,0.0,0.10975632201466606,0.9145372798209318,0.11650929923944797,0.18598215011527522,0.15583353367614636,0.20763114989308223,-0.04822888707928996,0.5223545085872237,0.17976171443660505,0.4817845472343343,-0.10383443404751347,0.5114871516681962,0.6111111111111112,0.23333333333333334,0.15555555555555556,0.8444444444444444,0.1111111111111111,0.0,0.1111111111111111,0.23333333333333334,0.5,0.7333333333333333,0.7333333333333333,0.0,0.03333333333333333,0.0,0.12222222222222222,324.5111111111111,0.0,0.1111111111111111,1.0,0.6666666666666666,0.8333333333333334,0.9888888888888889,0.6333333333333333,0.6333333333333333,0.4111111111111111,0.1111111111111111,1.0,699.4314296704722,0.4200131200047714,1.0,0.6666666666666666,0.8333333333333334,0.8555555555555555,0.3333333333333333,0.5222222222222223,0.16666666666666666,0.0,0.0,699.4314296704722,0.5929966680770729
145,1116384,blue,11,nan,nan,nan,nan,nan,nan,nan,nan,nan,nan,-0.00211062696762383,3.046649968624115,0.005515014134289231,0.07255859375,0.19378840923309326,1.862645149230957e-09,1.0,1.0,0.07605324015021324,0.1115629568696022,red,6,True,7,5,,-5.0,-5.0,426.0,0.5,0.5,0.0,1.0,0.0,0.0,0.0,0.5,0.5,1.0,1.0,0.0,0.0,0.0,0.0,1019,1019,1018,510,509,1.0,1.0,1.0,1.0,1.0,1.0,0.0,0.0,0.888916015625,0.7481689453125,0.600830078125,0.13623046875,0.9820556640625,0.0,0.1687802361290125,1.4264213661364749,0.1210244319317525,0.1883565819196758,0.15905306699611016,0.21312790394646777,-0.2688418330631599,0.5008080810072435,0.2181166575905884,0.5007032812816491,-0.0734950627911779,0.5283360806616589,1.0,1.0,0.0,1.0,0.0,1.0,0.0,0.0,0.8729248046875,0.6910400390625,0.36474609375,0.176513671875,0.9681396484375,0.0,0.37672552357163125,3.220158482168161,0.09429836642356337,0.1729877973384657,0.1252089307055141,0.1929023366221207,-0.09860306247733774,0.5138470562825617,0.14106489542417933,0.49227311478962565,-0.19126332254162648,0.509713942653146,0.8666666666666667,0.08888888888888889,0.044444444444444446,0.9555555555555556,0.15555555555555556,0.0,0.15555555555555556,0.1,0.7222222222222222,0.8111111111111111,0.8111111111111111,0.0,0.03333333333333333,0.0,0.0,276.0111111111111,0.0,0.15555555555555556,1.0,0.6666666666666666,0.8333333333333334,0.9777777777777777,0.6333333333333333,0.6333333333333333,0.32222222222222224,0.15555555555555556,1.0,702.1987422006792,0.41091589316941945,1.0,0.6666666666666666,0.8333333333333334,0.8111111111111111,0.3333333333333333,0.4777777777777778,0.17777777777777778,0.0,0.0,702.1987422006792,0.5849677770236619
146,1124576,blue,11,nan,nan,nan,nan,nan,nan,nan,nan,nan,nan,-0.0009510661591775715,3.0495731711387633,0.00253884082485456,0.02548828125,0.1475644327700138,0.0,1.0,1.0,0.5011258542537689,0.16220622062683104,red,6,True,7,5,,0.9957812283100793,-2.838437514292309,559.75,0.1875,0.0,0.8125,0.1875,0.0625,0.0,0.0625,0.0,0.125,0.125,0.125,0.0,0.0,0.0,0.8125,1030,1029,1029,515,515,1.0,0.75,0.84375,1.0,0.6875,0.75,0.4375,0.0625,0.8966064453125,0.737548828125,0.608154296875,0.0816650390625,0.9837646484375,0.0,0.07150946099660467,0.6301381502909171,0.12627968324352373,0.1911272743236582,0.17082170883732395,0.21753773079477526,-0.30501969588351585,0.5103320943821906,0.1970629088009339,0.4993334611044965,0.013283742338870752,0.5268606311492012,1.0,0.75,0.53125,0.8125,0.25,0.65625,0.15625,0.0,0.8707275390625,0.724365234375,0.5003662109375,0.081298828125,0.97216796875,0.0,0.1204401614311181,0.6963362188209622,0.10970091880102548,0.18436840390682044,0.14389342036304265,0.20532521039025628,-0.0499121933215072,0.5200884165516751,0.18353556564446905,0.48359606184292775,-0.17698712560844143,0.5070559847898347,0.8666666666666667,0.08888888888888889,0.044444444444444446,0.9555555555555556,0.15555555555555556,0.0,0.15555555555555556,0.1,0.7222222222222222,0.8111111111111111,0.8111111111111111,0.0,0.03333333333333333,0.0,0.0,276.0111111111111,0.0,0.15555555555555556,1.0,0.6666666666666666,0.8333333333333334,0.9777777777777777,0.6333333333333333,0.6333333333333333,0.32222222222222224,0.15555555555555556,1.0,702.1987422006792,0.41091589316941945,1.0,0.6666666666666666,0.8333333333333334,0.8111111111111111,0.3333333333333333,0.4777777777777778,0.17777777777777778,0.0,0.0,702.1987422006792,0.5849677770236619
147,1132768,blue,11,nan,nan,nan,nan,nan,nan,nan,nan,nan,nan,-0.003160339716123417,3.0547691822052,0.004589418628165731,0.0512451171875,0.21634725965559481,-1.4901161193847656e-08,0.9999999403953552,1.0,0.0060123286442831155,0.09301014672964811,red,6,True,7,5,,1.549999987706542,-2.1900000320747495,600.0,0.0,0.0,1.0,0.0,0.0,0.0,0.0,0.0,0.0,0.0,0.0,0.0,0.0,0.0,1.0,1030,1030,1029,515,515,1.0,1.0,1.0,1.0,0.0,1.0,1.0,0.0,0.8963623046875,0.74462890625,0.620849609375,0.1513671875,0.9862060546875,0.0,0.1849830582931447,1.6452265504724939,0.12751050842643424,0.19335174740460262,0.16920647174260764,0.22042295983266202,-0.31665177756453033,0.4986344036901879,0.2407269482510408,0.4889567973587992,-0.08822624904257026,0.5238270665503264,1.0,1.0,0.0,1.0,0.0,1.0,0.0,0.0,0.8675537109375,0.703125,0.3060302734375,0.104248046875,0.9613037109375,0.0,0.1884328925470991,1.5267043562562,0.09267807948679291,0.17173791572335492,0.11824080938274331,0.18795029482861864,-0.10480164123856994,0.509178335504676,0.17131064535604779,0.4895278840121257,-0.193211286463999,0.5044265224131343,0.8666666666666667,0.08888888888888889,0.044444444444444446,0.9555555555555556,0.15555555555555556,0.0,0.15555555555555556,0.1,0.7222222222222222,0.8111111111111111,0.8111111111111111,0.0,0.03333333333333333,0.0,0.0,276.0111111111111,0.0,0.15555555555555556,1.0,0.6666666666666666,0.8333333333333334,0.9777777777777777,0.6333333333333333,0.6333333333333333,0.32222222222222224,0.15555555555555556,1.0,702.1987422006792,0.41091589316941945,1.0,0.6666666666666666,0.8333333333333334,0.8111111111111111,0.3333333333333333,0.4777777777777778,0.17777777777777778,0.0,0.0,702.1987422006792,0.5849677770236619
148,1140960,blue,11,nan,nan,nan,nan,nan,nan,nan,nan,nan,nan,-0.001560858404263854,3.0661246180534363,0.003713917014829349,0.041064453125,0.14632829129695893,7.450580596923828e-09,1.0,1.0,0.14815977811813355,0.12350281085819007,red,6,True,7,5,,-0.7957000346388667,-0.28966666872923574,594.0,0.03333333333333333,0.03333333333333333,0.9333333333333333,0.06666666666666667,0.0,0.0,0.0,0.03333333333333333,0.03333333333333333,0.06666666666666667,0.06666666666666667,0.0,0.0,0.0,0.9333333333333333,1040,1040,1039,520,520,1.0,0.7333333333333333,0.8666666666666667,1.0,0.6666666666666666,0.7333333333333333,0.5333333333333333,0.0,0.895263671875,0.740966796875,0.61474609375,0.1038818359375,0.984130859375,0.0,0.09809692865146147,0.7998695666549137,0.12180204123284998,0.18967416713126137,0.1625977199919612,0.21454874676495944,-0.3011233124344841,0.497065476890769,0.20521578818386033,0.49751167598028856,-0.002156265847929717,0.5268416660451705,1.0,0.7333333333333333,0.5,0.9,0.16666666666666666,0.7,0.16666666666666666,0.0,0.8753662109375,0.6937255859375,0.383544921875,0.0557861328125,0.962158203125,0.0,0.13588287511758962,0.29663857311432246,0.10095492239147286,0.18243347901035434,0.1295775420466571,0.20179331796269664,-0.0933647319825397,0.5175616346069641,0.20551752627637754,0.4830721401073648,-0.17088212921493096,0.5129951567731827,0.8666666666666667,0.08888888888888889,0.044444444444444446,0.9555555555555556,0.15555555555555556,0.0,0.15555555555555556,0.1,0.7222222222222222,0.8111111111111111,0.8111111111111111,0.0,0.03333333333333333,0.0,0.0,276.0111111111111,0.0,0.15555555555555556,1.0,0.6666666666666666,0.8333333333333334,0.9777777777777777,0.6333333333333333,0.6333333333333333,0.32222222222222224,0.15555555555555556,1.0,702.1987422006792,0.41091589316941945,1.0,0.6666666666666666,0.8333333333333334,0.8111111111111111,0.3333333333333333,0.4777777777777778,0.17777777777777778,0.0,0.0,702.1987422006792,0.5849677770236619
149,1149152,blue,11,nan,nan,nan,nan,nan,nan,nan,nan,nan,nan,-0.0005708527751266956,3.0783211827278136,0.0037069984216941522,0.0411376953125,0.12180642038583755,3.725290298461914e-09,1.0,1.0,0.10797572806477547,0.06980075854808092,red,6,True,7,5,,4.587499993853271,-4.670000007376075,335.5,0.5,0.0,0.5,0.5,0.5,0.0,0.5,0.0,0.0,0.0,0.0,0.0,0.0,0.0,0.5,1041,1040,1040,521,520,1.0,0.5,0.5,1.0,0.5,0.5,0.5,0.5,0.9027099609375,0.757568359375,0.636474609375,0.156494140625,0.9853515625,0.0,0.13175902875006995,0.9772979457835043,0.1290687168007025,0.18796780297980278,0.17034753855987556,0.21361744878203134,-0.35073987056237854,0.48567148101375496,0.2404343264251736,0.49648329377759626,-0.07893035641650314,0.5293066811316639,1.0,0.5,1.0,0.5,0.0,0.0,0.5,0.0,0.8707275390625,0.7288818359375,0.350341796875,0.05126953125,0.96533203125,0.0,0.03223430840997527,0.017829390072753516,0.10083750908583185,0.17241981644712873,0.1276821300931183,0.18703950282191703,-0.0857494938593959,0.5211804484620468,0.18759032764383576,0.48602482996422136,-0.1874353957656787,0.5044786992963138,0.8666666666666667,0.08888888888888889,0.044444444444444446,0.9555555555555556,0.15555555555555556,0.0,0.15555555555555556,0.1,0.7222222222222222,0.8111111111111111,0.8111111111111111,0.0,0.03333333333333333,0.0,0.0,276.0111111111111,0.0,0.15555555555555556,1.0,0.6666666666666666,0.8333333333333334,0.9777777777777777,0.6333333333333333,0.6333333333333333,0.32222222222222224,0.15555555555555556,1.0,702.1987422006792,0.41091589316941945,1.0,0.6666666666666666,0.8333333333333334,0.8111111111111111,0.3333333333333333,0.4777777777777778,0.17777777777777778,0.0,0.0,702.1987422006792,0.5849677770236619
150,1157344,blue,11,nan,nan,nan,nan,nan,nan,nan,nan,nan,nan,-0.001639392354991287,3.086749017238617,0.003990908575360663,0.0412841796875,0.11715786755084992,0.0,1.0,1.0,0.22437800616025924,0.1168092431500554,red,6,True,7,5,,2.1199999765958637,-3.844090951945294,572.4545454545455,0.18181818181818182,0.09090909090909091,0.7272727272727273,0.2727272727272727,0.18181818181818182,0.0,0.18181818181818182,0.09090909090909091,0.0,0.09090909090909091,0.09090909090909091,0.0,0.0,0.0,0.7272727272727273,1044,1044,1044,522,522,1.0,0.8181818181818182,0.9090909090909091,1.0,0.8181818181818182,0.8181818181818182,0.6363636363636364,0.18181818181818182,0.8944091796875,0.7386474609375,0.56103515625,0.091552734375,0.9825439453125,0.0,0.10189363505443609,0.5783703887667514,0.11784410071693813,0.18639032012586487,0.15511326628956096,0.2093086131732399,-0.2651438581856027,0.5085204351270961,0.20911031320989082,0.4942299875265284,-0.010173568789014098,0.5265146654601095,1.0,0.8181818181818182,0.45454545454545453,0.8181818181818182,0.18181818181818182,0.6363636363636364,0.09090909090909091,0.0,0.874267578125,0.718017578125,0.27490234375,0.0594482421875,0.9627685546875,0.0,0.08891527288051375,0.18935831018710494,0.09525596725479282,0.1648014018629637,0.11913377421491982,0.17844691827051218,-0.10820445452881344,0.512935822528758,0.19282179212464,0.4895255913223046,-0.16559795008132383,0.5047711389492324,0.4777777777777778,0.5,0.022222222222222223,0.9777777777777777,0.1,0.0,0.1,0.5,0.37777777777777777,0.8777777777777778,0.8777777777777778,0.0,0.022222222222222223,0.0,0.0,348.3777777777778,0.0,0.1,1.0,0.6666666666666666,0.8333333333333334,0.9888888888888889,0.6222222222222222,0.6444444444444445,0.3,0.1,1.0,676.7207978536602,0.4152838714812608,1.0,0.6666666666666666,0.8333333333333334,0.8777777777777778,0.3333333333333333,0.5444444444444444,0.16666666666666666,0.0,0.0,676.7207978536602,0.528621738841604
151,1165536,blue,11,nan,nan,nan,nan,nan,nan,nan,nan,nan,nan,-0.001136362215038389,3.095929670333862,0.0049760722104110755,0.0593017578125,0.15861322842538356,0.0,0.9999999403953552,1.0,0.1316506752744317,0.04952850583940745,red,6,True,7,5,,0.2508181558593854,-0.6127272833731364,579.4545454545455,0.045454545454545456,0.0,0.9545454545454546,0.045454545454545456,0.045454545454545456,0.0,0.045454545454545456,0.0,0.0,0.0,0.0,0.0,0.0,0.0,0.9545454545454546,1052,1051,1051,526,526,1.0,0.7727272727272727,0.8636363636363636,1.0,0.6818181818181818,0.7727272727272727,0.7727272727272727,0.045454545454545456,0.9019775390625,0.743408203125,0.6544189453125,0.114013671875,0.98681640625,0.0,0.1231697419838737,1.0382974320616396,0.12996462152652052,0.19148248567790602,0.17474609518164416,0.21771903185568395,-0.35840091498809556,0.4858034885042568,0.21925372988870961,0.496273237620262,-0.02435242962674522,0.5379817746055573,1.0,0.7727272727272727,0.5,0.9545454545454546,0.2727272727272727,0.7272727272727273,0.18181818181818182,0.0,0.8701171875,0.7379150390625,0.4114990234375,0.040283203125,0.97216796875,0.0,0.03721791616230356,8.881784197001252e-16,0.10643394990016326,0.18044797899679496,0.13574589486584715,0.1990023256538554,-0.04730117379329357,0.5227675153174558,0.2003101328393484,0.4906555606952409,-0.20604339296915697,0.5016879090766719,0.4777777777777778,0.5,0.022222222222222223,0.9777777777777777,0.1,0.0,0.1,0.5,0.37777777777777777,0.8777777777777778,0.8777777777777778,0.0,0.022222222222222223,0.0,0.0,348.3777777777778,0.0,0.1,1.0,0.6666666666666666,0.8333333333333334,0.9888888888888889,0.6222222222222222,0.6444444444444445,0.3,0.1,1.0,676.7207978536602,0.4152838714812608,1.0,0.6666666666666666,0.8333333333333334,0.8777777777777778,0.3333333333333333,0.5444444444444444,0.16666666666666666,0.0,0.0,676.7207978536602,0.528621738841604
152,1173728,blue,11,nan,nan,nan,nan,nan,nan,nan,nan,nan,nan,-0.0011507894610986113,3.101547646522522,0.004025792531319894,0.0495849609375,0.12398783899843693,-7.450580596923828e-09,1.0,1.0,0.10703043714165687,0.07812209287658334,red,6,True,7,5,,1.832999959064182,-2.334166666803261,546.6666666666666,0.16666666666666666,0.0,0.8333333333333334,0.16666666666666666,0.16666666666666666,0.0,0.16666666666666666,0.0,0.0,0.0,0.0,0.0,0.0,0.0,0.8333333333333334,1054,1053,1053,527,527,1.0,0.8333333333333334,0.8333333333333334,1.0,0.8333333333333334,0.8333333333333334,0.6666666666666666,0.16666666666666666,0.8963623046875,0.749755859375,0.5955810546875,0.083740234375,0.985107421875,0.0,0.05030058764095793,0.37763131558012725,0.12470916218220521,0.18971802271748534,0.16354434315864297,0.2152623343806046,-0.3078245868261682,0.49923839345513615,0.2304986217446121,0.49149201587503,-0.035657307299320706,0.5268167688218703,1.0,0.8333333333333334,0.5,0.8333333333333334,0.16666666666666666,0.6666666666666666,0.16666666666666666,0.0,0.8795166015625,0.7218017578125,0.2249755859375,0.055419921875,0.96484375,0.0,0.07515718722206657,0.1065496829053535,0.09116569164359087,0.1553821457347662,0.1139236612703631,0.16423141499768582,-0.12596166182631308,0.5151784008936505,0.17945307078797867,0.4948698901269607,-0.20407130531327056,0.5016277347743022,0.4777777777777778,0.5,0.022222222222222223,0.9777777777777777,0.1,0.0,0.1,0.5,0.37777777777777777,0.8777777777777778,0.8777777777777778,0.0,0.022222222222222223,0.0,0.0,348.3777777777778,0.0,0.1,1.0,0.6666666666666666,0.8333333333333334,0.9888888888888889,0.6222222222222222,0.6444444444444445,0.3,0.1,1.0,676.7207978536602,0.4152838714812608,1.0,0.6666666666666666,0.8333333333333334,0.8777777777777778,0.3333333333333333,0.5444444444444444,0.16666666666666666,0.0,0.0,676.7207978536602,0.528621738841604
153,1181920,blue,11,nan,nan,nan,nan,nan,nan,nan,nan,nan,nan,-0.0011317995842546225,3.110249674320221,0.004068523547903169,0.044970703125,0.13100657612085342,-2.7939677238464355e-09,1.0000001192092896,1.0,0.13969386629760266,0.10701231807470321,red,6,True,7,5,,0.35970368394110763,-0.7401851945108285,580.7037037037037,0.037037037037037035,0.0,0.9629629629629629,0.037037037037037035,0.037037037037037035,0.0,0.037037037037037035,0.0,0.0,0.0,0.0,0.0,0.0,0.0,0.9629629629629629,1063,1062,1062,532,531,1.0,0.7407407407407407,0.9259259259259259,1.0,0.7037037037037037,0.7037037037037037,0.6296296296296297,0.037037037037037035,0.8958740234375,0.7396240234375,0.6243896484375,0.1234130859375,0.98486328125,0.0,0.11310210483325428,0.9353114430393556,0.12675961302683575,0.19133508256153012,0.17231319280874213,0.21798776112129348,-0.3252250488476136,0.4969391423756684,0.19699215840552498,0.5004198577721186,-0.00624449697338747,0.5307789124878268,1.0,0.7407407407407407,0.5925925925925926,0.9259259259259259,0.2222222222222222,0.7037037037037037,0.18518518518518517,0.0,0.8746337890625,0.7218017578125,0.3497314453125,0.0450439453125,0.965087890625,0.0,0.05536230957219857,8.881784197001252e-16,0.09898046734009096,0.17934842277002516,0.1271959372232399,0.1973429937730306,-0.060495312478153096,0.52104333056611,0.1737817570582756,0.4950114937060203,-0.26895594798173406,0.4908561826018272,0.4777777777777778,0.5,0.022222222222222223,0.9777777777777777,0.1,0.0,0.1,0.5,0.37777777777777777,0.8777777777777778,0.8777777777777778,0.0,0.022222222222222223,0.0,0.0,348.3777777777778,0.0,0.1,1.0,0.6666666666666666,0.8333333333333334,0.9888888888888889,0.6222222222222222,0.6444444444444445,0.3,0.1,1.0,676.7207978536602,0.4152838714812608,1.0,0.6666666666666666,0.8333333333333334,0.8777777777777778,0.3333333333333333,0.5444444444444444,0.16666666666666666,0.0,0.0,676.7207978536602,0.528621738841604
154,1190112,blue,11,nan,nan,nan,nan,nan,nan,nan,nan,nan,nan,-0.0022402784088626504,3.1217172026634215,0.006796826255595079,0.0943115234375,0.13733612559735775,5.587935447692871e-09,0.9999999403953552,1.0,0.09986741971224547,0.05650220699608326,red,6,True,7,5,,3.889999995396162,-4.0566666803012295,471.0,0.3333333333333333,0.0,0.6666666666666666,0.3333333333333333,0.3333333333333333,0.0,0.3333333333333333,0.0,0.0,0.0,0.0,0.0,0.0,0.0,0.6666666666666666,1064,1063,1063,532,532,1.0,1.0,1.0,1.0,1.0,1.0,0.6666666666666666,0.3333333333333333,0.89697265625,0.76025390625,0.5970458984375,0.1500244140625,0.983154296875,0.0,0.17478610989719784,1.374118878842992,0.1250022592775541,0.18940048233002527,0.1635004719581079,0.21397870481193404,-0.3039308615028311,0.4937276850430034,0.24575292469141274,0.495554787424547,-0.10737026024754215,0.5262955069429979,1.0,1.0,0.3333333333333333,0.6666666666666666,0.0,0.6666666666666666,0.0,0.0,0.876953125,0.7291259765625,0.1893310546875,0.0289306640625,0.964111328125,0.0,0.02679602672028185,8.881784197001252e-16,0.09176046285589157,0.15209788940369431,0.11371386753897278,0.15931386478448914,-0.08203234083115518,0.5196744198072386,0.184308253612258,0.49151978232364735,-0.28310638538915356,0.49231734057081866,0.4777777777777778,0.5,0.022222222222222223,0.9777777777777777,0.1,0.0,0.1,0.5,0.37777777777777777,0.8777777777777778,0.8777777777777778,0.0,0.022222222222222223,0.0,0.0,348.3777777777778,0.0,0.1,1.0,0.6666666666666666,0.8333333333333334,0.9888888888888889,0.6222222222222222,0.6444444444444445,0.3,0.1,1.0,676.7207978536602,0.4152838714812608,1.0,0.6666666666666666,0.8333333333333334,0.8777777777777778,0.3333333333333333,0.5444444444444444,0.16666666666666666,0.0,0.0,676.7207978536602,0.528621738841604
155,1198304,blue,11,nan,nan,nan,nan,nan,nan,nan,nan,nan,nan,-0.0005847543478012085,3.130696749687195,0.0031277854097425005,0.0244873046875,0.13005664199590683,-1.862645149230957e-09,0.9999999403953552,1.0,0.0327982772141695,0.053358931094408035,red,6,True,7,5,,-0.23384002695325762,-0.10139999959617853,600.0,0.0,0.0,1.0,0.0,0.0,0.0,0.0,0.0,0.0,0.0,0.0,0.0,0.0,0.0,1.0,1072,1072,1071,536,536,1.0,0.76,0.92,1.0,0.68,0.76,0.6,0.0,0.89990234375,0.7493896484375,0.5888671875,0.109130859375,0.9822998046875,0.0,0.09860238544851034,0.8380516744897586,0.121404981579108,0.1895184434385128,0.16025177583462158,0.21385711804994104,-0.2840291707279441,0.5092807109344415,0.2187462871128858,0.4981967297855061,-0.011010329189417689,0.5283247406703859,1.0,0.76,0.52,0.96,0.24,0.76,0.2,0.0,0.883056640625,0.7337646484375,0.2913818359375,0.0196533203125,0.9677734375,0.0,0.01120950647275306,8.881784197001252e-16,0.09716181963535567,0.17809962970207363,0.12350624414045927,0.1952232025266744,-0.019606175738768883,0.5255296610331907,0.17348465579875239,0.498130730908547,-0.2811632293991302,0.48573801679019096,0.43333333333333335,0.5111111111111111,0.05555555555555555,0.9444444444444444,0.08888888888888889,0.0,0.08888888888888889,0.5333333333333333,0.36666666666666664,0.8777777777777778,0.8777777777777778,0.0,0.03333333333333333,0.0,0.0,408.84444444444443,0.0,0.08888888888888889,1.0,0.6888888888888889,0.8222222222222222,0.9777777777777777,0.6,0.6333333333333333,0.25555555555555554,0.08888888888888889,1.0,625.8074935517357,0.39541110366324705,1.0,0.6888888888888889,0.8333333333333334,0.8888888888888888,0.3333333333333333,0.5666666666666667,0.16666666666666666,0.0,0.0,625.8074935517357,0.4427135162226311
156,1200000,blue,11,nan,nan,nan,nan,nan,nan,nan,nan,nan,nan,-0.0006966481905074318,3.136337947845459,0.0003087593515099907,0.0,0.11606289148330688,2.249231911832794e-09,0.9999998211860657,1.0,0.004703983571380377,0.04714743122458458,red,6,True,7,5,6,-1.9455000690068118,1.3600000105798244,600.0,0.0,0.0,1.0,0.0,0.0,0.0,0.0,0.0,0.0,0.0,0.0,0.0,0.0,0.0,1.0,1073,1072,1072,537,536,1.0,0.5,0.5,1.0,0.5,0.5,0.5,0.0,0.9168632075471698,0.7423349056603774,0.6580188679245284,0.10908018867924528,0.9917452830188679,0.0,0.1522480436794055,1.5924630209247923,0.12906136962589457,0.19040179453477457,0.1760226122108624,0.21555375554753134,-0.3580226088474688,0.495659008914431,0.2003545021943178,0.4992980318775875,-0.020693478046697873,0.5340695576550337,1.0,0.5,1.0,1.0,0.0,0.5,0.5,0.0,0.8891509433962265,0.7364386792452831,0.294811320754717,0.055424528301886794,0.96875,0.0,0.03636833373523914,0.09451763566544025,0.10214765152854566,0.17551096001197725,0.1268873026435456,0.19119000963151864,-0.06846228366075079,0.5233712089798073,0.2284364035443465,0.4921908533427549,-0.327771265722817,0.47425808383588963,0.4444444444444444,0.4888888888888889,0.06666666666666667,0.9333333333333333,0.07777777777777778,0.0,0.07777777777777778,0.4888888888888889,0.36666666666666664,0.8555555555555555,0.8555555555555555,0.0,0.06666666666666667,0.0,0.0,402.9111111111111,0.0,0.07777777777777778,1.0,0.6888888888888889,0.8222222222222222,0.9666666666666667,0.6,0.6,0.24444444444444444,0.07777777777777778,1.0,620.1014390464893,0.39599595197742515,1.0,0.6888888888888889,0.8333333333333334,0.8777777777777778,0.3333333333333333,0.5444444444444444,0.16666666666666666,0.0,0.0,620.1014390464893,0.43192868977199395
157,1208192,red,12,-0.0017903343890793622,3.155347156524658,0.007561349598108791,0.105908203125,0.14388191886246204,7.450580596923828e-09,1.0,1.0,0.3359148971736431,0.09037790838629008,nan,nan,nan,nan,nan,nan,nan,nan,nan,nan,blue,3,False,7,6,,10.846666667610407,-11.23833336122334,108.66666666666667,1.0,0.0,0.0,1.0,1.0,0.0,1.0,0.0,0.0,0.0,0.0,0.0,0.0,0.0,0.0,1084,1084,1084,542,542,1.0,1.0,1.0,1.0,1.0,1.0,1.0,1.0,0.902587890625,0.7318115234375,0.650634765625,0.1318359375,0.9879150390625,0.0,0.15628892863348906,1.227393164537834,0.13123605176033384,0.19205888411023167,0.18175873595609787,0.21888129078964955,-0.3605055859232422,0.4919719231736449,0.1887665615727343,0.5000882655522195,0.0004794610256908527,0.533138690159565,1.0,1.0,0.6666666666666666,0.0,0.0,0.0,0.0,0.0,0.8701171875,0.6427001953125,0.612060546875,0.3187255859375,0.974609375,0.0,0.6857871185090227,3.6781350205950734,0.10638400031759263,0.18713812994733872,0.15510065605976417,0.2119665972544618,0.08350437126968302,0.502860474951365,0.07123106160374348,0.4824538060036978,-0.09094719412644636,0.5066597320691569,0.4444444444444444,0.4888888888888889,0.06666666666666667,0.9333333333333333,0.07777777777777778,0.0,0.07777777777777778,0.4888888888888889,0.36666666666666664,0.8555555555555555,0.8555555555555555,0.0,0.06666666666666667,0.0,0.0,402.9111111111111,0.0,0.07777777777777778,1.0,0.6888888888888889,0.8222222222222222,0.9666666666666667,0.6,0.6,0.24444444444444444,0.07777777777777778,1.0,620.1014390464893,0.39599595197742515,1.0,0.6888888888888889,0.8333333333333334,0.8777777777777778,0.3333333333333333,0.5444444444444444,0.16666666666666666,0.0,0.0,620.1014390464893,0.43192868977199395
158,1216384,red,12,-0.0011312250979244709,3.157052528858185,0.003771098916331539,0.03818359375,0.13058150745928288,1.4901161193847656e-08,1.0,1.0,0.216716980189085,0.07885391991585493,nan,nan,nan,nan,nan,nan,nan,nan,nan,nan,blue,3,False,7,6,,0.8749999724328518,-10.46275001023896,395.0,1.0,0.0,0.0,1.0,0.1,0.0,0.1,0.0,0.9,0.9,0.9,0.0,0.0,0.0,0.0,1091,1091,1090,546,545,1.0,0.55,0.7,1.0,0.55,0.55,0.25,0.1,0.8922119140625,0.7261962890625,0.6392822265625,0.25341796875,0.982177734375,0.0,0.3501364598573082,2.306325776638418,0.1211890756850583,0.18820146956992737,0.16622773032392144,0.21364587824929748,-0.25005919585564484,0.5141537563756888,0.16670448818711492,0.5030264546568595,-0.08615877507549641,0.5265717462264582,1.0,0.55,0.6,0.8,0.3,0.5,0.3,0.0,0.8685302734375,0.57080078125,0.451904296875,0.3076171875,0.9476318359375,0.0,0.8780793398057041,4.167718394922917,0.08610037408636514,0.18164813794866527,0.12210665295295399,0.20665594536831358,0.13114422385817548,0.5028146789835568,0.0757734120822704,0.48690106164342145,-0.22819481865464653,0.49598832885549493,0.4444444444444444,0.4888888888888889,0.06666666666666667,0.9333333333333333,0.07777777777777778,0.0,0.07777777777777778,0.4888888888888889,0.36666666666666664,0.8555555555555555,0.8555555555555555,0.0,0.06666666666666667,0.0,0.0,402.9111111111111,0.0,0.07777777777777778,1.0,0.6888888888888889,0.8222222222222222,0.9666666666666667,0.6,0.6,0.24444444444444444,0.07777777777777778,1.0,620.1014390464893,0.39599595197742515,1.0,0.6888888888888889,0.8333333333333334,0.8777777777777778,0.3333333333333333,0.5444444444444444,0.16666666666666666,0.0,0.0,620.1014390464893,0.43192868977199395
159,1224576,red,12,-0.0016843839781358837,3.1583618044853212,0.005407327746070223,0.0693115234375,0.15160345137119294,0.0,1.0,1.0,0.1501871194690466,0.04683855148032308,nan,nan,nan,nan,nan,nan,nan,nan,nan,nan,blue,3,False,7,6,,1.2994736837235425,-9.155000044915237,493.89473684210526,0.7894736842105263,0.0,0.21052631578947367,0.7894736842105263,0.05263157894736842,0.0,0.05263157894736842,0.0,0.7368421052631579,0.7368421052631579,0.7368421052631579,0.0,0.0,0.0,0.21052631578947367,1097,1097,1097,549,548,1.0,0.7368421052631579,0.8947368421052632,1.0,0.6842105263157895,0.7368421052631579,0.42105263157894735,0.05263157894736842,0.8966064453125,0.728759765625,0.6058349609375,0.23779296875,0.9833984375,0.0,0.34496894401776607,2.4884588850143903,0.11644714511575578,0.1866412191394681,0.157744861075734,0.20985424942681655,-0.2381731725535694,0.5221281039551241,0.16974731099176665,0.5009959493660022,-0.1240698461790899,0.5218138811473734,1.0,0.7368421052631579,0.631578947368421,0.8947368421052632,0.3157894736842105,0.7368421052631579,0.10526315789473684,0.0,0.8746337890625,0.5875244140625,0.544921875,0.385986328125,0.960693359375,0.0,1.0412412653442116,4.060118197254773,0.0949799493068741,0.1837705502773034,0.1370893566449908,0.20892018195578826,0.12499880313439249,0.5040051956316585,0.07037828135005597,0.4897504775555333,-0.18458258657418014,0.5028558419144245,0.4444444444444444,0.4888888888888889,0.06666666666666667,0.9333333333333333,0.07777777777777778,0.0,0.07777777777777778,0.4888888888888889,0.36666666666666664,0.8555555555555555,0.8555555555555555,0.0,0.06666666666666667,0.0,0.0,402.9111111111111,0.0,0.07777777777777778,1.0,0.6888888888888889,0.8222222222222222,0.9666666666666667,0.6,0.6,0.24444444444444444,0.07777777777777778,1.0,620.1014390464893,0.39599595197742515,1.0,0.6888888888888889,0.8333333333333334,0.8777777777777778,0.3333333333333333,0.5444444444444444,0.16666666666666666,0.0,0.0,620.1014390464893,0.43192868977199395
160,1232768,red,12,-0.0014850257663056254,3.1716070771217346,0.0029110813600709664,0.02353515625,0.17640158124268054,3.725290298461914e-09,0.9999999403953552,1.0,0.14000268764793872,0.08016530349850655,nan,nan,nan,nan,nan,nan,nan,nan,nan,nan,blue,3,False,7,6,,0.6361110857170489,-10.6716666925802,427.27777777777777,1.0,0.0,0.0,1.0,0.05555555555555555,0.0,0.05555555555555555,0.0,0.9444444444444444,0.9444444444444444,0.9444444444444444,0.0,0.0,0.0,0.0,1103,1103,1103,552,551,1.0,0.7222222222222222,0.8333333333333334,1.0,0.7222222222222222,0.7222222222222222,0.3333333333333333,0.05555555555555555,0.89111328125,0.7264404296875,0.5506591796875,0.237548828125,0.9764404296875,0.0,0.3577380489588978,2.394274529962416,0.10859842857582638,0.18600527521475616,0.14707240392080206,0.20899372527558707,-0.23520377476486587,0.5124341890573518,0.13840713426844786,0.5094509484577485,-0.1438857939788285,0.5190494793358635,1.0,0.7222222222222222,0.7222222222222222,0.8333333333333334,0.2777777777777778,0.6666666666666666,0.16666666666666666,0.0,0.865966796875,0.5860595703125,0.518798828125,0.3375244140625,0.9537353515625,0.0,0.897924892643051,4.084917379733704,0.09471121274071771,0.1848372481213497,0.13573466022896633,0.2102061772782611,0.1417183767598047,0.4983045185136416,0.07490004451607035,0.4900994971732173,-0.19209853451909353,0.5013270331840214,0.9222222222222223,0.07777777777777778,0.0,1.0,0.12222222222222222,0.0,0.12222222222222222,0.07777777777777778,0.8,0.8777777777777778,0.8777777777777778,0.0,0.0,0.0,0.0,448.4888888888889,0.0,0.12222222222222222,1.0,0.8333333333333334,0.9,1.0,0.6777777777777778,0.8111111111111111,0.34444444444444444,0.12222222222222222,1.0,591.0509128566207,0.22845269793744707,1.0,0.8333333333333334,0.8333333333333334,0.9666666666666667,0.3111111111111111,0.8,0.16666666666666666,0.0,0.0,591.0509128566207,0.43926662300607655
161,1240960,red,12,-0.0006629501236602664,3.188489627838135,0.0020173867989797143,0.0148681640625,0.11689174808561802,7.450580596923828e-09,1.0000001192092896,1.0,0.23538695871829987,0.08571447972208261,nan,nan,nan,nan,nan,nan,nan,nan,nan,nan,blue,3,False,7,6,,0.9297618808756981,-9.981190498918295,411.1904761904762,0.9523809523809523,0.0,0.047619047619047616,0.9523809523809523,0.09523809523809523,0.0,0.09523809523809523,0.0,0.8571428571428571,0.8571428571428571,0.8571428571428571,0.0,0.0,0.0,0.047619047619047616,1110,1110,1110,555,555,1.0,0.7619047619047619,0.8571428571428571,1.0,0.7619047619047619,0.7619047619047619,0.23809523809523808,0.09523809523809523,0.8829345703125,0.6922607421875,0.5037841796875,0.24755859375,0.969482421875,0.0,0.520075134608646,3.5384675787694473,0.1015225047727759,0.1832270132962428,0.13811775104645685,0.20512093473682563,-0.17864738231556387,0.5349183244755271,0.13449131294784777,0.5081145643274494,-0.18407529402613676,0.5126948559148683,1.0,0.7619047619047619,0.6190476190476191,0.8571428571428571,0.19047619047619047,0.6666666666666666,0.14285714285714285,0.0,0.8729248046875,0.56884765625,0.5513916015625,0.3929443359375,0.9632568359375,0.0,1.149798156657642,4.246499235482703,0.09234346099214644,0.18376113609839892,0.1343650150669039,0.2083402127636974,0.14442294486559248,0.49830546409843,0.06913356685642569,0.49521223697625855,-0.1882993424882109,0.5036253620353913,0.9222222222222223,0.07777777777777778,0.0,1.0,0.12222222222222222,0.0,0.12222222222222222,0.07777777777777778,0.8,0.8777777777777778,0.8777777777777778,0.0,0.0,0.0,0.0,448.4888888888889,0.0,0.12222222222222222,1.0,0.8333333333333334,0.9,1.0,0.6777777777777778,0.8111111111111111,0.34444444444444444,0.12222222222222222,1.0,591.0509128566207,0.22845269793744707,1.0,0.8333333333333334,0.8333333333333334,0.9666666666666667,0.3111111111111111,0.8,0.16666666666666666,0.0,0.0,591.0509128566207,0.43926662300607655
162,1249152,red,12,-0.0023429220309481025,3.1973084449768066,0.00648244163239724,0.085888671875,0.1426151290535927,-2.3283064365386963e-09,1.0,1.0,0.4308723255991936,0.1586753860116005,nan,nan,nan,nan,nan,nan,nan,nan,nan,nan,blue,3,False,7,6,,0.11684208686806653,-8.350789519173926,391.89473684210526,0.7894736842105263,0.10526315789473684,0.10526315789473684,0.8947368421052632,0.10526315789473684,0.0,0.10526315789473684,0.10526315789473684,0.6842105263157895,0.7894736842105263,0.7894736842105263,0.0,0.0,0.0,0.10526315789473684,1117,1116,1116,559,558,1.0,0.7368421052631579,0.8421052631578947,1.0,0.6842105263157895,0.7368421052631579,0.3157894736842105,0.10526315789473684,0.8922119140625,0.705322265625,0.457275390625,0.1695556640625,0.9708251953125,0.0,0.32415834655792264,2.84271182700759,0.10033154989473778,0.18072337303234812,0.13467546971523234,0.2001566570220931,-0.21328103980598812,0.5265907165258621,0.14226147811526602,0.5069483851858021,-0.21907218496710712,0.5081179771862916,1.0,0.7368421052631579,0.631578947368421,0.7368421052631579,0.15789473684210525,0.631578947368421,0.10526315789473684,0.0,0.8756103515625,0.5865478515625,0.570556640625,0.388916015625,0.9669189453125,0.0,1.0942017692413395,4.245256689764517,0.0966499595178611,0.18452217258922043,0.14218703277169914,0.21049946067578043,0.1351821034340226,0.504346218423846,0.06429404575716546,0.4907960692726794,-0.17251061012308,0.5006306781502399,0.9222222222222223,0.07777777777777778,0.0,1.0,0.12222222222222222,0.0,0.12222222222222222,0.07777777777777778,0.8,0.8777777777777778,0.8777777777777778,0.0,0.0,0.0,0.0,448.4888888888889,0.0,0.12222222222222222,1.0,0.8333333333333334,0.9,1.0,0.6777777777777778,0.8111111111111111,0.34444444444444444,0.12222222222222222,1.0,591.0509128566207,0.22845269793744707,1.0,0.8333333333333334,0.8333333333333334,0.9666666666666667,0.3111111111111111,0.8,0.16666666666666666,0.0,0.0,591.0509128566207,0.43926662300607655
163,1257344,red,12,-0.0015168691519647838,3.2050427556037904,0.004035745691362535,0.048193359375,0.11712741814553737,-5.587935447692871e-09,1.0,1.0,0.12528086677193642,0.07355418615043163,nan,nan,nan,nan,nan,nan,nan,nan,nan,nan,blue,3,False,7,6,,-0.08961542785310975,-10.002884617648446,395.5,1.0,0.0,0.0,1.0,0.038461538461538464,0.0,0.038461538461538464,0.0,0.9615384615384616,0.9615384615384616,0.9615384615384616,0.0,0.0,0.0,0.0,1125,1125,1125,563,562,1.0,0.5769230769230769,0.7692307692307693,1.0,0.5769230769230769,0.5769230769230769,0.34615384615384615,0.038461538461538464,0.8902587890625,0.718017578125,0.3935546875,0.1318359375,0.9652099609375,0.0,0.18615727865199666,1.492643116651041,0.09544948734735854,0.17793441743931027,0.1263288669933466,0.1968857565777305,-0.21028042722719675,0.5324774594052362,0.13479053265923113,0.5117172415833467,-0.2525669470011316,0.5060446488209817,1.0,0.5769230769230769,0.6153846153846154,0.8076923076923077,0.15384615384615385,0.5384615384615384,0.23076923076923078,0.0,0.8778076171875,0.572021484375,0.5443115234375,0.387451171875,0.9620361328125,0.0,1.0519362388763844,4.201337607380484,0.09265459722137509,0.182947032616856,0.1341355588038018,0.2070365952634714,0.1408143103332833,0.4969121553572123,0.0684948691212881,0.49039491387096995,-0.19591964540144957,0.5001244835830015,0.9222222222222223,0.07777777777777778,0.0,1.0,0.12222222222222222,0.0,0.12222222222222222,0.07777777777777778,0.8,0.8777777777777778,0.8777777777777778,0.0,0.0,0.0,0.0,448.4888888888889,0.0,0.12222222222222222,1.0,0.8333333333333334,0.9,1.0,0.6777777777777778,0.8111111111111111,0.34444444444444444,0.12222222222222222,1.0,591.0509128566207,0.22845269793744707,1.0,0.8333333333333334,0.8333333333333334,0.9666666666666667,0.3111111111111111,0.8,0.16666666666666666,0.0,0.0,591.0509128566207,0.43926662300607655
164,1265536,red,12,-0.000590058439411223,3.2101230144500734,0.0049594495678320525,0.0594482421875,0.13072467222809792,-3.725290298461914e-09,0.9999999403953552,1.0,0.22710552141070367,0.07279798369854688,nan,nan,nan,nan,nan,nan,nan,nan,nan,nan,blue,3,False,7,6,,1.5339285523763724,-10.486071465204336,379.7142857142857,1.0,0.0,0.0,1.0,0.14285714285714285,0.0,0.14285714285714285,0.0,0.8571428571428571,0.8571428571428571,0.8571428571428571,0.0,0.0,0.0,0.0,1130,1130,1129,565,565,1.0,0.7142857142857143,0.8571428571428571,1.0,0.7142857142857143,0.7142857142857143,0.2857142857142857,0.14285714285714285,0.893310546875,0.7178955078125,0.2801513671875,0.094970703125,0.968017578125,0.0,0.13514646622400098,1.278886606862393,0.0893234381892267,0.17133192717001092,0.11570652964753411,0.18689314061238194,-0.1930276962474018,0.5347134921885783,0.138234405113554,0.5099491702468553,-0.30282717016234884,0.4954813224113483,1.0,0.7142857142857143,0.7142857142857143,0.7142857142857143,0.21428571428571427,0.5714285714285714,0.14285714285714285,0.0,0.87158203125,0.5848388671875,0.5111083984375,0.366943359375,0.96337890625,0.0,1.0168964545663992,4.179469795321656,0.09121615757426488,0.1824191821024217,0.13056404918168024,0.2057770029575641,0.13110399902279468,0.4948860799695595,0.07327548369660875,0.4867515231000482,-0.21278936621205347,0.49670836156602605,0.9222222222222223,0.07777777777777778,0.0,1.0,0.12222222222222222,0.0,0.12222222222222222,0.07777777777777778,0.8,0.8777777777777778,0.8777777777777778,0.0,0.0,0.0,0.0,448.4888888888889,0.0,0.12222222222222222,1.0,0.8333333333333334,0.9,1.0,0.6777777777777778,0.8111111111111111,0.34444444444444444,0.12222222222222222,1.0,591.0509128566207,0.22845269793744707,1.0,0.8333333333333334,0.8333333333333334,0.9666666666666667,0.3111111111111111,0.8,0.16666666666666666,0.0,0.0,591.0509128566207,0.43926662300607655
165,1273728,red,12,-0.0024341189651750027,3.213729667663574,0.007518443521257722,0.109130859375,0.1521426120772958,0.0,0.9999999403953552,1.0,0.26501731425523756,0.11789960656315088,nan,nan,nan,nan,nan,nan,nan,nan,nan,nan,blue,3,False,7,6,,1.6274999809207988,-8.80272728365592,433.5,0.8181818181818182,0.0,0.18181818181818182,0.8181818181818182,0.13636363636363635,0.0,0.13636363636363635,0.0,0.6818181818181818,0.6818181818181818,0.6818181818181818,0.0,0.0,0.0,0.18181818181818182,1137,1137,1137,569,568,1.0,0.6818181818181818,0.8636363636363636,1.0,0.6818181818181818,0.6818181818181818,0.45454545454545453,0.13636363636363635,0.8919677734375,0.7205810546875,0.3489990234375,0.099853515625,0.9664306640625,0.0,0.13291296586270107,1.2658666296254057,0.09433003276725535,0.18002619339526144,0.12438186292843104,0.19939325063728505,-0.1780553526253037,0.5389392442554711,0.13053628873825573,0.5085967502335581,-0.29178075532149705,0.5051586982603183,1.0,0.6818181818181818,0.5909090909090909,0.7727272727272727,0.13636363636363635,0.5909090909090909,0.13636363636363635,0.0,0.8681640625,0.5986328125,0.49462890625,0.31884765625,0.959716796875,0.0,0.8471708932503251,4.1597972894836435,0.09221431129081098,0.18392660781500725,0.1333381989562968,0.20806978922006006,0.13456468601012972,0.49604840634455993,0.06675646276428893,0.4901272184886465,-0.19116615782966306,0.5037295531654796,1.0,0.0,0.0,1.0,0.26666666666666666,0.0,0.26666666666666666,0.0,0.7333333333333333,0.7333333333333333,0.7333333333333333,0.0,0.0,0.0,0.0,413.1666666666667,0.0,0.26666666666666666,1.0,0.6666666666666666,1.0,1.0,0.5444444444444444,0.6666666666666666,0.8222222222222222,0.26666666666666666,1.0,794.7753536764914,0.31901173811141503,1.0,0.6666666666666666,0.8333333333333334,0.9777777777777777,0.3111111111111111,0.6444444444444445,0.16666666666666666,0.0,0.0,794.7753536764914,0.4805942093785252
166,1281920,red,12,-0.0026567259803414343,3.2142477869987487,0.005472973112773616,0.0705810546875,0.14483866915106774,-5.587935447692871e-09,0.9999999403953552,1.0,0.16737967878580093,0.14919539708644153,nan,nan,nan,nan,nan,nan,nan,nan,nan,nan,blue,3,False,7,6,,0.39369563596404117,-9.587173980579752,416.9130434782609,0.8260869565217391,0.043478260869565216,0.13043478260869565,0.8695652173913043,0.0,0.043478260869565216,0.043478260869565216,0.0,0.8260869565217391,0.8260869565217391,0.8260869565217391,0.0,0.0,0.0,0.13043478260869565,1145,1145,1144,573,572,1.0,0.6086956521739131,0.782608695652174,0.9565217391304348,0.5652173913043478,0.5652173913043478,0.17391304347826086,0.0,0.885498046875,0.71142578125,0.36376953125,0.1435546875,0.962646484375,0.0,0.24601297931386013,2.1696645245463837,0.09098499601416617,0.17900652777923218,0.12046485417413558,0.19821818420542034,-0.1618485389273303,0.5375797250195943,0.11916675651624686,0.5118046234270758,-0.2598751554746883,0.5051799939920041,1.0,0.6086956521739131,0.6086956521739131,0.8260869565217391,0.30434782608695654,0.6086956521739131,0.2608695652173913,0.043478260869565216,0.8714599609375,0.5697021484375,0.5010986328125,0.372314453125,0.9560546875,0.0,1.0501519037612141,4.1734599616863965,0.08921291512385794,0.1798891626370629,0.12845774414740857,0.20449740997582602,0.14584782150379638,0.499450247805491,0.07489807943954219,0.4852323568015289,-0.21726327717379235,0.49295663671893114,1.0,0.0,0.0,1.0,0.26666666666666666,0.0,0.26666666666666666,0.0,0.7333333333333333,0.7333333333333333,0.7333333333333333,0.0,0.0,0.0,0.0,413.1666666666667,0.0,0.26666666666666666,1.0,0.6666666666666666,1.0,1.0,0.5444444444444444,0.6666666666666666,0.8222222222222222,0.26666666666666666,1.0,794.7753536764914,0.31901173811141503,1.0,0.6666666666666666,0.8333333333333334,0.9777777777777777,0.3111111111111111,0.6444444444444445,0.16666666666666666,0.0,0.0,794.7753536764914,0.4805942093785252
167,1290112,red,12,-0.00018265717662870883,3.2173133492469788,0.0031075171304109973,0.027880859375,0.1178314283490181,-7.450580596923828e-09,1.0,1.0,0.40392163395881653,0.11230778060853482,nan,nan,nan,nan,nan,nan,nan,nan,nan,nan,blue,3,False,7,6,,1.7689999751746655,-10.056750000361353,370.0,1.0,0.0,0.0,1.0,0.2,0.0,0.2,0.0,0.8,0.8,0.8,0.0,0.0,0.0,0.0,1152,1151,1151,576,576,1.0,0.8,0.9,1.0,0.8,0.8,0.3,0.2,0.8935546875,0.70458984375,0.3692626953125,0.1480712890625,0.96728515625,0.0,0.2096443391112522,1.8046461128661473,0.09232268582386585,0.1788211243730607,0.12280549476177605,0.19716370376184228,-0.1663095810297328,0.5441219759202813,0.12203685686891674,0.5109560967992425,-0.28666188569350126,0.4955618482870745,1.0,0.8,0.65,0.7,0.3,0.6,0.1,0.0,0.871337890625,0.6112060546875,0.5406494140625,0.35009765625,0.966552734375,0.0,0.8820866195689276,4.010662707583065,0.0963963785145718,0.18437665200066294,0.13848748306978365,0.20811935035569842,0.1348393904737506,0.49903029552789907,0.07408367021486839,0.49203894200515236,-0.17134030583016724,0.5044616869047732,1.0,0.0,0.0,1.0,0.26666666666666666,0.0,0.26666666666666666,0.0,0.7333333333333333,0.7333333333333333,0.7333333333333333,0.0,0.0,0.0,0.0,413.1666666666667,0.0,0.26666666666666666,1.0,0.6666666666666666,1.0,1.0,0.5444444444444444,0.6666666666666666,0.8222222222222222,0.26666666666666666,1.0,794.7753536764914,0.31901173811141503,1.0,0.6666666666666666,0.8333333333333334,0.9777777777777777,0.3111111111111111,0.6444444444444445,0.16666666666666666,0.0,0.0,794.7753536764914,0.4805942093785252
168,1298304,red,12,-0.000599397486075759,3.2211307168006895,0.003704635148460511,0.037353515625,0.11505549792200327,-1.862645149230957e-09,1.0,1.0,0.12280469927936792,0.041797394026070835,nan,nan,nan,nan,nan,nan,nan,nan,nan,nan,blue,3,False,7,6,,0.471944415786614,-10.38444446089367,407.6111111111111,1.0,0.0,0.0,1.0,0.05555555555555555,0.0,0.05555555555555555,0.0,0.9444444444444444,0.9444444444444444,0.9444444444444444,0.0,0.0,0.0,0.0,1158,1157,1157,579,579,1.0,0.6111111111111112,0.7777777777777778,1.0,0.6111111111111112,0.6111111111111112,0.2777777777777778,0.05555555555555555,0.890869140625,0.716796875,0.3380126953125,0.1107177734375,0.9671630859375,0.0,0.12050468467443977,1.0963119496166032,0.09336621832671857,0.1781169145314793,0.1222858901984413,0.19723891788879355,-0.14313995476883434,0.5400855424081343,0.14066862964468285,0.5132452898378096,-0.235056664269635,0.506539494562011,1.0,0.6111111111111112,0.5555555555555556,0.8333333333333334,0.16666666666666666,0.5555555555555556,0.2777777777777778,0.0,0.8759765625,0.61572265625,0.513916015625,0.3486328125,0.962890625,0.0,0.9017404957728548,4.090265083384958,0.0951817712210847,0.18165145448745598,0.13548262288199875,0.20640562470047846,0.11286916312666762,0.5032753148483466,0.08010752450597636,0.49058526926059004,-0.19129767776908935,0.49664685462953967,1.0,0.0,0.0,1.0,0.26666666666666666,0.0,0.26666666666666666,0.0,0.7333333333333333,0.7333333333333333,0.7333333333333333,0.0,0.0,0.0,0.0,413.1666666666667,0.0,0.26666666666666666,1.0,0.6666666666666666,1.0,1.0,0.5444444444444444,0.6666666666666666,0.8222222222222222,0.26666666666666666,1.0,794.7753536764914,0.31901173811141503,1.0,0.6666666666666666,0.8333333333333334,0.9777777777777777,0.3111111111111111,0.6444444444444445,0.16666666666666666,0.0,0.0,794.7753536764914,0.4805942093785252
169,1300000,red,12,-0.0011765617104071424,3.222756862640381,0.0005807255610564444,0.0004716981202363968,0.13640831112861634,-8.996927647331177e-09,0.9999999403953552,1.0,0.02936601936817169,0.043488039076328276,nan,nan,nan,nan,nan,nan,nan,nan,nan,nan,blue,3,False,7,6,7,-0.6650000240653753,-7.543999996036291,437.6,0.8,0.0,0.2,0.8,0.0,0.0,0.0,0.0,0.8,0.8,0.8,0.0,0.0,0.0,0.2,1159,1159,1159,580,579,1.0,0.8,0.8,1.0,0.8,0.8,0.0,0.0,0.8873820754716981,0.7370283018867925,0.3897405660377358,0.16627358490566038,0.96875,0.0,0.2039325165439086,1.5851676594381319,0.09924504775189107,0.17667616152601473,0.12872232807110787,0.19584375954791644,-0.14272549676333823,0.5403511649999111,0.15398736677703914,0.5076343045627301,-0.25280323786423736,0.5012741352016183,1.0,0.8,1.0,1.0,0.8,0.8,0.2,0.0,0.8643867924528302,0.620872641509434,0.5194575471698113,0.34846698113207547,0.9599056603773585,0.0,0.8515068058330135,4.114768907661638,0.09608170343501182,0.18366611071011327,0.13673966656117006,0.20944862707724937,0.09825602529312988,0.49254611632574485,0.10813659761601538,0.4779166273858029,-0.20754164543994297,0.5027856281956485,1.0,0.0,0.0,1.0,0.3333333333333333,0.0,0.3333333333333333,0.0,0.6666666666666666,0.6666666666666666,0.6666666666666666,0.0,0.0,0.0,0.0,400.22222222222223,0.0,0.3333333333333333,1.0,0.6888888888888889,1.0,1.0,0.5444444444444444,0.6888888888888889,0.7888888888888889,0.3333333333333333,1.0,751.5582734078163,0.2550402667954984,1.0,0.6888888888888889,0.8333333333333334,0.9777777777777777,0.3,0.6666666666666666,0.16666666666666666,0.0,0.0,751.5582734078163,0.4084220320553112
170,1308192,blue,13,nan,nan,nan,nan,nan,nan,nan,nan,nan,nan,-0.0004947311477735639,3.1362475633621214,0.004063433752162382,0.044482421875,0.14162363223731517,-3.725290298461914e-09,1.0,1.0,0.342894022166729,0.09323352985084057,red,7,True,8,6,,-3.3333333333333335,3.3333333333333335,80.0,0.3333333333333333,0.6666666666666666,0.0,1.0,0.3333333333333333,0.6666666666666666,1.0,0.0,0.0,0.0,0.0,0.0,0.0,0.0,0.0,1171,1171,1170,586,585,1.0,1.0,1.0,0.3333333333333333,0.3333333333333333,0.3333333333333333,0.3333333333333333,0.3333333333333333,0.894775390625,0.739013671875,0.46630859375,0.1683349609375,0.97509765625,0.0,0.2148101018745007,1.598707634597794,0.10492507427442528,0.18193189541890792,0.14001530264991902,0.2018328756126118,-0.2534614321587014,0.5301963082632128,0.15677777973850482,0.5127780274116699,-0.24480618273083365,0.5075162479305253,1.0,1.0,1.0,0.6666666666666666,0.6666666666666666,0.6666666666666666,0.6666666666666666,0.6666666666666666,0.8753662109375,0.741943359375,0.3338623046875,0.0369873046875,0.96826171875,0.0,0.026057720567566153,8.881784197001252e-16,0.10285531969109851,0.1792591654098134,0.1296189155738806,0.19723895531010915,-0.03669572437757296,0.5258525784106328,0.20722946370298345,0.49188484197202,-0.343424437127382,0.47256168176331925,1.0,0.0,0.0,1.0,0.3111111111111111,0.0,0.3111111111111111,0.0,0.6888888888888889,0.6888888888888889,0.6888888888888889,0.0,0.0,0.0,0.0,400.8333333333333,0.0,0.3111111111111111,1.0,0.6888888888888889,1.0,1.0,0.5333333333333333,0.6888888888888889,0.9,0.3111111111111111,1.0,795.5488741394745,0.2703784385330791,1.0,0.6888888888888889,0.8222222222222222,0.9888888888888889,0.23333333333333334,0.6777777777777778,0.16666666666666666,0.0,0.0,795.5488741394745,0.44948023110757673
171,1316384,blue,13,nan,nan,nan,nan,nan,nan,nan,nan,nan,nan,-0.0010525043471716344,3.136269736289978,0.0036111213390540796,0.0324462890625,0.1639437947422266,1.4901161193847656e-08,0.9999998807907104,1.0,0.006423544441349805,0.06138047818094492,red,7,True,8,6,,nan,nan,nan,nan,nan,nan,nan,nan,nan,nan,nan,nan,nan,nan,nan,nan,nan,nan,1171,1171,1170,586,585,nan,nan,nan,nan,nan,nan,nan,nan,0.8944091796875,0.7344970703125,0.1829833984375,0.031982421875,0.9671630859375,0.0,0.04158845797197633,8.881784197001252e-16,0.09190950176340823,0.15151877874493874,0.11231712618362241,0.15620991711900475,-0.18453590551536436,0.5344650494028476,0.21335638023894177,0.496974387078484,-0.23831028130038945,0.5109592692109484,nan,nan,nan,nan,nan,nan,nan,nan,0.8756103515625,0.67529296875,0.142822265625,0.1053466796875,0.9483642578125,0.0,0.2314439093122369,2.110034320984856,0.08108597275862442,0.14603452565302508,0.09835414595822586,0.14918484451294606,-0.16963398664747942,0.5083272710341458,0.21382002676621426,0.48930478995499666,-0.29832812513840423,0.4884703038505597,1.0,0.0,0.0,1.0,0.3111111111111111,0.0,0.3111111111111111,0.0,0.6888888888888889,0.6888888888888889,0.6888888888888889,0.0,0.0,0.0,0.0,400.8333333333333,0.0,0.3111111111111111,1.0,0.6888888888888889,1.0,1.0,0.5333333333333333,0.6888888888888889,0.9,0.3111111111111111,1.0,795.5488741394745,0.2703784385330791,1.0,0.6888888888888889,0.8222222222222222,0.9888888888888889,0.23333333333333334,0.6777777777777778,0.16666666666666666,0.0,0.0,795.5488741394745,0.44948023110757673
172,1324576,blue,13,nan,nan,nan,nan,nan,nan,nan,nan,nan,nan,-0.002148159546777606,3.1363131284713743,0.004892624630156206,0.0587646484375,0.1284523356705904,1.1175870895385742e-08,1.0,1.0,0.40813618898391724,0.13248154446482657,red,7,True,8,6,,-1.6551714638248085,0.05457142338688884,556.4285714285714,0.0,0.11428571428571428,0.8857142857142857,0.11428571428571428,0.0,0.05714285714285714,0.05714285714285714,0.05714285714285714,0.0,0.05714285714285714,0.05714285714285714,0.0,0.02857142857142857,0.0,0.8571428571428571,1183,1182,1182,592,591,1.0,0.7142857142857143,0.8857142857142857,0.9142857142857143,0.5714285714285714,0.6285714285714286,0.5142857142857142,0.0,0.8973388671875,0.74462890625,0.4539794921875,0.1226806640625,0.9771728515625,0.0,0.12165202821472483,1.0012727656005562,0.10619443628717555,0.18143631202493513,0.14009012168918344,0.200495262221702,-0.2868220790195366,0.5201508178983991,0.16472819889791523,0.5087335028797425,-0.20438213855006637,0.5166226117657879,1.0,0.7142857142857143,0.6571428571428571,0.8,0.37142857142857144,0.6857142857142857,0.22857142857142856,0.05714285714285714,0.8758544921875,0.6712646484375,0.34326171875,0.072265625,0.9541015625,0.0,0.1668750084188115,1.0702064198407129,0.09538461840855222,0.18077319234863579,0.12116555273072642,0.19928602408673488,-0.088582251288301,0.5229324155302177,0.22391675486922935,0.4920952287460245,-0.32358360063225433,0.4814951624101633,1.0,0.0,0.0,1.0,0.3111111111111111,0.0,0.3111111111111111,0.0,0.6888888888888889,0.6888888888888889,0.6888888888888889,0.0,0.0,0.0,0.0,400.8333333333333,0.0,0.3111111111111111,1.0,0.6888888888888889,1.0,1.0,0.5333333333333333,0.6888888888888889,0.9,0.3111111111111111,1.0,795.5488741394745,0.2703784385330791,1.0,0.6888888888888889,0.8222222222222222,0.9888888888888889,0.23333333333333334,0.6777777777777778,0.16666666666666666,0.0,0.0,795.5488741394745,0.44948023110757673
173,1332768,blue,13,nan,nan,nan,nan,nan,nan,nan,nan,nan,nan,-0.0019979367032647135,3.1407830357551574,0.0036531837919028475,0.0359619140625,0.08667551670223475,5.587935447692871e-09,0.9999998211860657,1.0,0.014477933925809339,0.032837873604148624,red,7,True,8,6,,-10.0,10.0,83.0,0.0,1.0,0.0,1.0,0.0,1.0,1.0,0.0,0.0,0.0,0.0,0.0,0.0,0.0,0.0,1183,1183,1182,592,591,1.0,1.0,1.0,0.0,0.0,0.0,0.0,0.0,0.884521484375,0.7294921875,0.2039794921875,0.045654296875,0.9659423828125,0.0,0.052635973817562944,8.881784197001252e-16,0.09239999376158171,0.15369708564253956,0.11393197534071525,0.16119396667395502,-0.18965117620061278,0.5279382315582476,0.20461050877231557,0.49938971190954917,-0.28553236344930255,0.4999060682839504,1.0,1.0,1.0,1.0,1.0,1.0,1.0,1.0,0.8848876953125,0.6649169921875,0.13720703125,0.0919189453125,0.959228515625,0.0,0.18228232228232033,1.5880736918124307,0.08323187444761257,0.1471558405548718,0.10140799858975244,0.15059153360397745,-0.16912913163886145,0.513494287198026,0.21671474542093705,0.48869521073708055,-0.32909791407443123,0.4795704941264193,1.0,0.0,0.0,1.0,0.3111111111111111,0.0,0.3111111111111111,0.0,0.6888888888888889,0.6888888888888889,0.6888888888888889,0.0,0.0,0.0,0.0,400.8333333333333,0.0,0.3111111111111111,1.0,0.6888888888888889,1.0,1.0,0.5333333333333333,0.6888888888888889,0.9,0.3111111111111111,1.0,795.5488741394745,0.2703784385330791,1.0,0.6888888888888889,0.8222222222222222,0.9888888888888889,0.23333333333333334,0.6777777777777778,0.16666666666666666,0.0,0.0,795.5488741394745,0.44948023110757673
174,1340960,blue,13,nan,nan,nan,nan,nan,nan,nan,nan,nan,nan,-0.0014967845752835273,3.1455317616462706,0.002956456407264341,0.0255615234375,0.1528444852679968,0.0,0.9999999403953552,1.0,0.05698871444910765,0.12816102746874095,red,7,True,8,6,,0.2058928420717296,-1.015892883097487,599.1785714285714,0.0,0.03571428571428571,0.9642857142857143,0.03571428571428571,0.0,0.0,0.0,0.03571428571428571,0.0,0.03571428571428571,0.03571428571428571,0.0,0.0,0.0,0.9642857142857143,1192,1192,1192,596,596,1.0,0.7142857142857143,1.0,1.0,0.7142857142857143,0.7142857142857143,0.6785714285714286,0.0,0.907470703125,0.73876953125,0.322509765625,0.0755615234375,0.9765625,0.0,0.08840556074218686,0.5016554232871244,0.10075796189099591,0.17939277870009943,0.1288982195168684,0.19794359902979283,-0.31210741669517006,0.5131278324204379,0.19077406842729516,0.5047521824049939,-0.18746171452707827,0.5227518747363913,1.0,0.7142857142857143,0.5,0.8928571428571429,0.35714285714285715,0.7142857142857143,0.10714285714285714,0.0,0.887451171875,0.6646728515625,0.283203125,0.1207275390625,0.9610595703125,0.0,0.2541849153837846,2.462644988997572,0.0870463284655155,0.17595355363006357,0.11044343452718834,0.19249722076106085,-0.15107849583962718,0.5214083027047821,0.17532107472702307,0.49647423233242044,-0.2907696415380485,0.4875985891605463,1.0,0.0,0.0,1.0,0.3111111111111111,0.0,0.3111111111111111,0.0,0.6888888888888889,0.6888888888888889,0.6888888888888889,0.0,0.0,0.0,0.0,400.8333333333333,0.0,0.3111111111111111,1.0,0.6888888888888889,1.0,1.0,0.5333333333333333,0.6888888888888889,0.9,0.3111111111111111,1.0,795.5488741394745,0.2703784385330791,1.0,0.6888888888888889,0.8222222222222222,0.9888888888888889,0.23333333333333334,0.6777777777777778,0.16666666666666666,0.0,0.0,795.5488741394745,0.44948023110757673
175,1349152,blue,13,nan,nan,nan,nan,nan,nan,nan,nan,nan,nan,-0.000872210506349802,3.1447118163108825,0.002235933287010994,0.01865234375,0.13272479623556138,7.450580596923828e-09,0.9999999403953552,1.0,0.011337697878479958,0.02675688052549958,red,7,True,8,6,,0.19024997603264637,-0.9150000396184623,600.0,0.0,0.0,1.0,0.0,0.0,0.0,0.0,0.0,0.0,0.0,0.0,0.0,0.0,0.0,1.0,1194,1193,1193,597,597,1.0,0.5,1.0,1.0,0.5,0.5,0.75,0.0,0.8905029296875,0.7327880859375,0.3233642578125,0.125732421875,0.971923828125,0.0,0.14086466994863814,1.0846701321500334,0.0978492278794486,0.17013390541834253,0.12357008354526626,0.18517650042375713,-0.20813925272438638,0.5345921670742864,0.1924263747725945,0.5031632124112805,-0.2697503878630947,0.5019153211126167,1.0,0.5,0.5,0.75,0.25,0.5,0.25,0.0,0.876708984375,0.73486328125,0.1448974609375,0.0394287109375,0.965087890625,0.0,0.037858066167801116,8.881784197001252e-16,0.09218646099599676,0.1535176093951089,0.11175103861481933,0.16114361318240786,-0.1380530077311306,0.5171340738848232,0.21154901257891012,0.49065397848748565,-0.4036528698104789,0.4618459629253514,1.0,0.0,0.0,1.0,0.32222222222222224,0.0,0.32222222222222224,0.0,0.6777777777777778,0.6777777777777778,0.6777777777777778,0.0,0.0,0.0,0.0,408.84444444444443,0.0,0.32222222222222224,1.0,0.6888888888888889,1.0,1.0,0.5444444444444444,0.6888888888888889,0.9333333333333333,0.32222222222222224,1.0,793.084144849537,0.27966927863513624,1.0,0.6888888888888889,0.8222222222222222,1.0,0.23333333333333334,0.6888888888888889,0.16666666666666666,0.0,0.0,793.084144849537,0.43789999644312877
176,1357344,blue,13,nan,nan,nan,nan,nan,nan,nan,nan,nan,nan,-0.0017979100695811212,3.145698368549347,0.0029993534371897113,0.0265625,0.1499767366796732,6.332993507385254e-08,0.9999997615814209,1.0,0.002087112359004095,0.054220626270398496,red,7,True,8,6,,-8.575000075623393,1.273333352059126,582.0,0.0,0.6666666666666666,0.3333333333333333,0.6666666666666666,0.0,0.0,0.0,0.6666666666666666,0.0,0.6666666666666666,0.6666666666666666,0.0,0.0,0.0,0.3333333333333333,1195,1194,1194,598,597,1.0,0.6666666666666666,0.6666666666666666,1.0,0.6666666666666666,0.6666666666666666,0.0,0.0,0.893310546875,0.735107421875,0.21630859375,0.0416259765625,0.9686279296875,0.0,0.025397201789149504,8.881784197001252e-16,0.09285804842577036,0.15430489363957436,0.11463595198882989,0.16077577083349429,-0.25124860487303735,0.516193945033521,0.20224527274769954,0.5010481661777909,-0.20468705224391215,0.5192738857426406,1.0,0.6666666666666666,0.3333333333333333,1.0,0.0,0.6666666666666666,0.3333333333333333,0.0,0.879150390625,0.7115478515625,0.1214599609375,0.072021484375,0.9588623046875,0.0,0.09578454967558336,0.6852015660482172,0.08347732562732016,0.14534653735476358,0.10271105064261707,0.1482658739278079,-0.19343850331958024,0.5057715078345818,0.17362320673635168,0.5007626256474021,-0.35048188205715647,0.47054741607354006,1.0,0.0,0.0,1.0,0.32222222222222224,0.0,0.32222222222222224,0.0,0.6777777777777778,0.6777777777777778,0.6777777777777778,0.0,0.0,0.0,0.0,408.84444444444443,0.0,0.32222222222222224,1.0,0.6888888888888889,1.0,1.0,0.5444444444444444,0.6888888888888889,0.9333333333333333,0.32222222222222224,1.0,793.084144849537,0.27966927863513624,1.0,0.6888888888888889,0.8222222222222222,1.0,0.23333333333333334,0.6888888888888889,0.16666666666666666,0.0,0.0,793.084144849537,0.43789999644312877
177,1365536,blue,13,nan,nan,nan,nan,nan,nan,nan,nan,nan,nan,-0.0004931507166475058,3.148142123222351,0.0022014767564542126,0.0157958984375,0.13245455287396907,7.450580596923828e-09,0.9999999403953552,1.0,0.36873113363981247,0.12691100649535655,red,7,True,8,6,,0.2129062393141794,-1.0285937885637395,554.40625,0.0625,0.0625,0.875,0.125,0.0625,0.03125,0.09375,0.03125,0.0,0.03125,0.03125,0.0,0.0,0.0,0.875,1205,1205,1205,603,602,1.0,0.71875,0.875,0.96875,0.5625,0.6875,0.59375,0.0625,0.9046630859375,0.7373046875,0.4561767578125,0.1202392578125,0.9771728515625,0.0,0.10078096513901505,0.8158409797967474,0.10658202870447003,0.1805529832843347,0.14072707587602995,0.19975037199244147,-0.29130171391133786,0.5234090724625664,0.17304119053681788,0.5104721020373075,-0.2254844885524605,0.5142274528632679,1.0,0.71875,0.59375,0.84375,0.34375,0.65625,0.1875,0.03125,0.8748779296875,0.7412109375,0.2713623046875,0.0404052734375,0.9649658203125,0.0,0.04429252068211769,8.881784197001252e-16,0.09826270897585807,0.17646903269292633,0.1214309447436685,0.1927033587844015,-0.08609743914599477,0.5243307345143648,0.21399749084802622,0.4925037163541217,-0.4207026451529394,0.45421995007820254,1.0,0.0,0.0,1.0,0.32222222222222224,0.0,0.32222222222222224,0.0,0.6777777777777778,0.6777777777777778,0.6777777777777778,0.0,0.0,0.0,0.0,408.84444444444443,0.0,0.32222222222222224,1.0,0.6888888888888889,1.0,1.0,0.5444444444444444,0.6888888888888889,0.9333333333333333,0.32222222222222224,1.0,793.084144849537,0.27966927863513624,1.0,0.6888888888888889,0.8222222222222222,1.0,0.23333333333333334,0.6888888888888889,0.16666666666666666,0.0,0.0,793.084144849537,0.43789999644312877
178,1373728,blue,13,nan,nan,nan,nan,nan,nan,nan,nan,nan,nan,-0.0009600679622963071,3.1498715758323668,0.0022248540779401084,0.01083984375,0.13974442817270755,4.842877388000488e-08,0.9999997615814209,1.0,0.002213209861656651,0.057091073133051395,red,7,True,8,6,,nan,nan,nan,nan,nan,nan,nan,nan,nan,nan,nan,nan,nan,nan,nan,nan,nan,nan,1205,1205,1205,603,602,nan,nan,nan,nan,nan,nan,nan,nan,0.902099609375,0.7451171875,0.2109375,0.0533447265625,0.9708251953125,0.0,0.051375925907268326,0.05864243561772932,0.09399816275587922,0.15295618160670146,0.11569506315356094,0.15890826953070145,-0.24174897121082495,0.5198188204919447,0.20689976072915783,0.5031827096546018,-0.22457374215225911,0.5108608907793364,nan,nan,nan,nan,nan,nan,nan,nan,0.8858642578125,0.728515625,0.1170654296875,0.0577392578125,0.962890625,0.0,0.07798753792851013,0.22822891306784004,0.0852912432229418,0.14606289232814798,0.10445677298055253,0.14912633155738259,-0.21764746644561583,0.5059700517655217,0.17299050200877275,0.5044217282271964,-0.36736305413213444,0.473938438402243,1.0,0.0,0.0,1.0,0.32222222222222224,0.0,0.32222222222222224,0.0,0.6777777777777778,0.6777777777777778,0.6777777777777778,0.0,0.0,0.0,0.0,408.84444444444443,0.0,0.32222222222222224,1.0,0.6888888888888889,1.0,1.0,0.5444444444444444,0.6888888888888889,0.9333333333333333,0.32222222222222224,1.0,793.084144849537,0.27966927863513624,1.0,0.6888888888888889,0.8222222222222222,1.0,0.23333333333333334,0.6888888888888889,0.16666666666666666,0.0,0.0,793.084144849537,0.43789999644312877
179,1381920,blue,13,nan,nan,nan,nan,nan,nan,nan,nan,nan,nan,-0.0005185495596379041,3.154168629646301,0.0006003639799018856,0.001806640625,0.1310407668352127,0.0,1.0,1.0,0.2513344131410122,0.0951811397448182,red,7,True,8,6,,0.08971872620895738,-0.4804687599244062,567.40625,0.03125,0.03125,0.9375,0.0625,0.03125,0.03125,0.0625,0.0,0.0,0.0,0.0,0.0,0.0,0.0,0.9375,1216,1216,1215,608,608,1.0,0.71875,0.90625,0.96875,0.625,0.6875,0.75,0.03125,0.906494140625,0.7498779296875,0.43115234375,0.089599609375,0.9783935546875,0.0,0.06215893614180874,0.5279786917071074,0.10568697140165664,0.1801380774709847,0.1382483177263678,0.19908211820422816,-0.31737826252753365,0.5112083536266935,0.17281621007114722,0.5085106127163452,-0.19509108401383557,0.5225288054761394,1.0,0.71875,0.625,0.875,0.40625,0.6875,0.1875,0.03125,0.87548828125,0.715576171875,0.2864990234375,0.03466796875,0.9658203125,0.0,0.04868636063317704,8.881784197001252e-16,0.0937296198703928,0.17698903444814307,0.11938732157666362,0.19360475978834799,-0.11010720676802421,0.5284002455012177,0.17105903781698117,0.5098293308509914,-0.3732461055294287,0.4683361813326779,1.0,0.0,0.0,1.0,0.32222222222222224,0.0,0.32222222222222224,0.0,0.6777777777777778,0.6777777777777778,0.6777777777777778,0.0,0.0,0.0,0.0,408.84444444444443,0.0,0.32222222222222224,1.0,0.6888888888888889,1.0,1.0,0.5444444444444444,0.6888888888888889,0.9333333333333333,0.32222222222222224,1.0,793.084144849537,0.27966927863513624,1.0,0.6888888888888889,0.8222222222222222,1.0,0.23333333333333334,0.6888888888888889,0.16666666666666666,0.0,0.0,793.084144849537,0.43789999644312877
180,1390112,blue,13,nan,nan,nan,nan,nan,nan,nan,nan,nan,nan,-0.0018206838751211763,3.163421094417572,0.008944153533229837,0.123583984375,0.1400857474654913,3.725290298461914e-09,1.0,1.0,0.20784041471779346,0.08672894202172757,red,7,True,8,6,,6.711999994516373,-6.993000017851591,335.6,0.6,0.0,0.4,0.6,0.6,0.0,0.6,0.0,0.0,0.0,0.0,0.0,0.0,0.0,0.4,1218,1217,1217,609,609,1.0,1.0,1.0,1.0,1.0,1.0,0.6,0.6,0.896728515625,0.7325439453125,0.2471923828125,0.063232421875,0.967529296875,0.0,0.05385681263309763,0.24416464164907775,0.09322692040424678,0.16141109613518048,0.11710077629080351,0.1737590510325399,-0.20196453217355526,0.532253391461586,0.1882191737779273,0.5059022947183873,-0.2700455742152812,0.5031116992787261,1.0,1.0,0.4,0.4,0.2,0.4,0.0,0.0,0.8857421875,0.739990234375,0.11669921875,0.02294921875,0.9652099609375,0.0,0.023245335351135273,4.440892098500626e-16,0.08997064875127149,0.14700934879767752,0.10939297818279049,0.15222416270914807,-0.15175121454581486,0.5237218885570258,0.19231928367791795,0.49920104092734746,-0.433650962077472,0.45002262467759613,0.9666666666666667,0.0,0.03333333333333333,0.9666666666666667,0.45555555555555555,0.0,0.45555555555555555,0.0,0.5111111111111111,0.5111111111111111,0.5111111111111111,0.0,0.022222222222222223,0.0,0.011111111111111112,410.27777777777777,0.0,0.45555555555555555,1.0,0.7111111111111111,1.0,1.0,0.5777777777777777,0.6777777777777778,0.8777777777777778,0.45555555555555555,1.0,666.0884863423071,0.22820140135669295,1.0,0.7111111111111111,0.8333333333333334,0.9888888888888889,0.4666666666666667,0.6888888888888889,0.16666666666666666,0.0,0.0,666.0884863423071,0.291729433096961
181,1398304,blue,13,nan,nan,nan,nan,nan,nan,nan,nan,nan,nan,-0.0016919635352678597,3.171524131298065,0.0039089047713787295,0.041015625,0.13886957038193942,7.450580596923828e-09,0.9999999403953552,1.0,0.060306476429104805,0.07046894151717424,red,7,True,8,6,,-1.1224583553218206,-0.08666667982470244,598.125,0.0,0.08333333333333333,0.9166666666666666,0.08333333333333333,0.0,0.0,0.0,0.08333333333333333,0.0,0.08333333333333333,0.08333333333333333,0.0,0.0,0.0,0.9166666666666666,1226,1225,1225,613,613,1.0,0.7083333333333334,0.9166666666666666,1.0,0.6666666666666666,0.7083333333333334,0.5416666666666666,0.0,0.8974609375,0.7388916015625,0.2947998046875,0.0421142578125,0.9727783203125,0.0,0.02468222136565141,8.881784197001252e-16,0.09817493971300277,0.17674609918690792,0.12493722823253725,0.1942913445440842,-0.29184533952132696,0.5108514763483218,0.17752126531952328,0.5095718529357004,-0.2049214041114631,0.5158795998117328,1.0,0.7083333333333334,0.5833333333333334,0.9166666666666666,0.25,0.7083333333333334,0.20833333333333334,0.0,0.8843994140625,0.7362060546875,0.2274169921875,0.0302734375,0.9638671875,0.0,0.02599445804329439,8.881784197001252e-16,0.08741692180497658,0.1707714028838513,0.11238521257328285,0.18649652280817122,-0.10848004851388282,0.5262139136774789,0.11717521347231852,0.5155992267689613,-0.347583528753475,0.4745680271396161,0.9666666666666667,0.0,0.03333333333333333,0.9666666666666667,0.45555555555555555,0.0,0.45555555555555555,0.0,0.5111111111111111,0.5111111111111111,0.5111111111111111,0.0,0.022222222222222223,0.0,0.011111111111111112,410.27777777777777,0.0,0.45555555555555555,1.0,0.7111111111111111,1.0,1.0,0.5777777777777777,0.6777777777777778,0.8777777777777778,0.45555555555555555,1.0,666.0884863423071,0.22820140135669295,1.0,0.7111111111111111,0.8333333333333334,0.9888888888888889,0.4666666666666667,0.6888888888888889,0.16666666666666666,0.0,0.0,666.0884863423071,0.291729433096961
182,1400000,blue,13,nan,nan,nan,nan,nan,nan,nan,nan,nan,nan,-0.0008087000817297962,3.1733982086181642,0.000536873019855022,0.0001179245300590992,0.13555242419242858,0.0,1.0,1.0,0.8894739508628845,0.39079142808914186,red,7,True,8,6,7,0.14719999020453542,-0.37900000493973496,393.4,0.2,0.2,0.6,0.4,0.2,0.2,0.4,0.0,0.0,0.0,0.0,0.0,0.0,0.0,0.6,1227,1227,1227,614,613,1.0,0.8,0.8,0.8,0.4,0.6,0.4,0.2,0.8926886792452831,0.7281839622641509,0.5058962264150944,0.19811320754716982,0.972877358490566,0.0,0.16438540423364673,1.1535384148945145,0.1074548185245238,0.18426497170230954,0.14483249254176012,0.20514206761685388,-0.3017323393414356,0.5107413636540716,0.1430879116758077,0.5089281783913414,-0.21205170919872543,0.5035383097095738,1.0,0.8,0.6,0.6,0.2,0.6,0.4,0.2,0.8862028301886793,0.7317216981132075,0.3455188679245283,0.03891509433962264,0.9716981132075472,0.0,0.02020360210586743,8.881784197001252e-16,0.1009781752184918,0.18105523157589754,0.128890735248282,0.20045219876218573,-0.06763048040982471,0.5422635657134678,0.1852014821199431,0.5032508611925349,-0.363703368489127,0.4758922664625863,0.8222222222222222,0.0,0.17777777777777778,0.8222222222222222,0.5,0.0,0.5,0.0,0.32222222222222224,0.32222222222222224,0.32222222222222224,0.0,0.022222222222222223,0.0,0.15555555555555556,408.2888888888889,0.0,0.5,1.0,0.7222222222222222,1.0,0.9777777777777777,0.5888888888888889,0.6777777777777778,0.9111111111111111,0.5,1.0,622.9317453183819,0.20709028201563998,1.0,0.7222222222222222,1.0,0.9777777777777777,0.5888888888888889,0.7,0.3333333333333333,0.0,0.0,622.9317453183819,0.24999337883602457
183,1408192,red,14,-0.0008892281912267208,3.223932385444641,0.0027878267028427217,0.018603515625,0.13991928845643997,-1.862645149230957e-09,1.0,1.0,0.3494798444211483,0.12889951951801776,nan,nan,nan,nan,nan,nan,nan,nan,nan,nan,blue,7,True,8,7,,3.713333332290252,-3.8700000128398337,124.0,0.6666666666666666,0.3333333333333333,0.0,1.0,0.6666666666666666,0.3333333333333333,1.0,0.0,0.0,0.0,0.0,0.0,0.0,0.0,0.0,1239,1239,1238,620,619,1.0,1.0,1.0,0.6666666666666666,1.0,0.6666666666666666,0.6666666666666666,0.6666666666666666,0.900390625,0.71728515625,0.468017578125,0.1932373046875,0.97802734375,0.0,0.21389893606715654,1.5317280782474623,0.10333486122840359,0.18171368118509446,0.13952909901042046,0.2018083063750696,-0.252579084337313,0.5328150013155956,0.14544434960829378,0.5059644638911595,-0.2360969167522491,0.5067912472997949,1.0,1.0,0.6666666666666666,0.3333333333333333,0.3333333333333333,0.3333333333333333,0.3333333333333333,0.3333333333333333,0.88134765625,0.71826171875,0.3302001953125,0.072998046875,0.9656982421875,0.0,0.10767861273987188,0.6258115604885522,0.09499602742543328,0.17845101924880905,0.12369293853178678,0.19588508212555206,-0.06740645604354967,0.5307924749661996,0.14077979217740832,0.5120331021950975,-0.37273974010506805,0.46963012554748773,0.8222222222222222,0.0,0.17777777777777778,0.8222222222222222,0.5,0.0,0.5,0.0,0.32222222222222224,0.32222222222222224,0.32222222222222224,0.0,0.022222222222222223,0.0,0.15555555555555556,408.2888888888889,0.0,0.5,1.0,0.7222222222222222,1.0,0.9777777777777777,0.5888888888888889,0.6777777777777778,0.9111111111111111,0.5,1.0,622.9317453183819,0.20709028201563998,1.0,0.7222222222222222,1.0,0.9777777777777777,0.5888888888888889,0.7,0.3333333333333333,0.0,0.0,622.9317453183819,0.24999337883602457
184,1416384,red,14,-0.001501383865252137,3.2274811387062075,0.006211490215355298,0.07822265625,0.11642969883978367,7.450580596923828e-09,1.0,1.0,0.10908067133277655,0.16658335346728564,nan,nan,nan,nan,nan,nan,nan,nan,nan,nan,blue,7,True,8,7,,-10.0,0.0,462.0,0.0,1.0,0.0,1.0,0.0,0.0,0.0,1.0,0.0,1.0,1.0,0.0,0.0,0.0,0.0,1239,1239,1239,620,619,1.0,1.0,1.0,1.0,1.0,1.0,0.0,0.0,0.8848876953125,0.728271484375,0.231689453125,0.0330810546875,0.963623046875,0.0,0.038577220264296004,8.881784197001252e-16,0.09040781439320623,0.15396235980133055,0.11209469574745445,0.16049379424675397,-0.11909514692331769,0.5389776056194093,0.18860701828156579,0.5020837888537754,-0.19672304749954606,0.5203320667543879,1.0,1.0,0.0,1.0,0.0,1.0,0.0,0.0,0.87451171875,0.7015380859375,0.0999755859375,0.0025634765625,0.9532470703125,0.0,0.0007190228734332113,4.440892098500626e-16,0.07822422278407071,0.14337279195000988,0.09619252138431758,0.1462323387145061,-0.09045920360876991,0.5222471037712814,0.14467949093504373,0.5071712489623824,-0.4094603067471816,0.4578202747249464,0.8222222222222222,0.0,0.17777777777777778,0.8222222222222222,0.5,0.0,0.5,0.0,0.32222222222222224,0.32222222222222224,0.32222222222222224,0.0,0.022222222222222223,0.0,0.15555555555555556,408.2888888888889,0.0,0.5,1.0,0.7222222222222222,1.0,0.9777777777777777,0.5888888888888889,0.6777777777777778,0.9111111111111111,0.5,1.0,622.9317453183819,0.20709028201563998,1.0,0.7222222222222222,1.0,0.9777777777777777,0.5888888888888889,0.7,0.3333333333333333,0.0,0.0,622.9317453183819,0.24999337883602457
185,1424576,red,14,-0.0010615266859531403,3.2344778537750245,0.0019758630223805085,0.0171875,0.141837565228343,4.190951585769653e-09,0.9999999403953552,1.0,0.952556037902832,0.3137666083872318,nan,nan,nan,nan,nan,nan,nan,nan,nan,nan,blue,7,True,8,7,,-1.2562857431492636,-1.9108571450891239,514.2571428571429,0.2,0.14285714285714285,0.6571428571428571,0.34285714285714286,0.08571428571428572,0.02857142857142857,0.11428571428571428,0.11428571428571428,0.11428571428571428,0.22857142857142856,0.22857142857142856,0.0,0.02857142857142857,0.0,0.6285714285714286,1251,1251,1250,626,625,1.0,0.6857142857142857,0.8285714285714286,0.9428571428571428,0.6571428571428571,0.6285714285714286,0.22857142857142856,0.08571428571428572,0.9000244140625,0.722412109375,0.454833984375,0.1170654296875,0.974365234375,0.0,0.14701436784187166,1.163768672460754,0.10141745861667206,0.18153378693448388,0.1373008407902132,0.20135663961378591,-0.20647125801957245,0.5535986886565913,0.12318746177949791,0.5090794459543128,-0.23247782784067894,0.5091932034968837,1.0,0.6857142857142857,0.6571428571428571,0.8285714285714286,0.34285714285714286,0.5714285714285714,0.2,0.02857142857142857,0.8800048828125,0.703857421875,0.34619140625,0.0909423828125,0.9635009765625,0.0,0.12823940505498319,0.828743602270247,0.09297447434120718,0.177915071688064,0.12142390919075405,0.1950805187443826,-0.024309453902926492,0.530106116510127,0.13047893734171723,0.516122843702878,-0.36281207088006795,0.47015420511851624,0.8444444444444444,0.044444444444444446,0.1111111111111111,0.8888888888888888,0.5333333333333333,0.03333333333333333,0.5666666666666667,0.011111111111111112,0.3111111111111111,0.32222222222222224,0.32222222222222224,0.0,0.0,0.0,0.1111111111111111,389.0777777777778,0.03333333333333333,0.5,1.0,0.7222222222222222,1.0,0.9888888888888889,0.5777777777777777,0.6777777777777778,0.9444444444444444,0.5333333333333333,1.0,625.7347087444966,0.222292941330619,1.0,0.7222222222222222,1.0,1.0,0.6444444444444445,0.7222222222222222,0.34444444444444444,0.03333333333333333,1.0,625.7347087444966,0.21059012319093426
186,1432768,red,14,-0.0002353438176214695,3.236315369606018,0.004765353347465862,0.06025390625,0.18532825373113154,7.450580596923828e-09,0.9999998807907104,1.0,0.10382513422518969,0.12289234921336174,nan,nan,nan,nan,nan,nan,nan,nan,nan,nan,blue,7,True,8,7,,-5.0,0.0,554.0,0.0,0.5,0.5,0.5,0.0,0.0,0.0,0.5,0.0,0.5,0.5,0.0,0.0,0.0,0.5,1252,1251,1251,626,626,1.0,1.0,1.0,1.0,1.0,1.0,0.0,0.0,0.8843994140625,0.7078857421875,0.2225341796875,0.0728759765625,0.9609375,0.0,0.10292022781626184,0.6195828114492056,0.08666362967507531,0.15298936324531767,0.10763586584490635,0.16455824872304095,-0.056854866903790935,0.5578319886348689,0.1728046316730918,0.5088214686628024,-0.2868106397366681,0.5018421380828892,1.0,1.0,0.5,1.0,0.0,1.0,0.0,0.0,0.8819580078125,0.6988525390625,0.1207275390625,0.0330810546875,0.953369140625,0.0,0.08200002262703683,8.881784197001252e-16,0.08059226438290668,0.1452932739768441,0.09968317228199605,0.14869310587130086,-0.09544588055804226,0.5238934396998116,0.14318519482723246,0.5105938777205941,-0.4167537106026238,0.4585894171163827,0.8444444444444444,0.044444444444444446,0.1111111111111111,0.8888888888888888,0.5333333333333333,0.03333333333333333,0.5666666666666667,0.011111111111111112,0.3111111111111111,0.32222222222222224,0.32222222222222224,0.0,0.0,0.0,0.1111111111111111,389.0777777777778,0.03333333333333333,0.5,1.0,0.7222222222222222,1.0,0.9888888888888889,0.5777777777777777,0.6777777777777778,0.9444444444444444,0.5333333333333333,1.0,625.7347087444966,0.222292941330619,1.0,0.7222222222222222,1.0,1.0,0.6444444444444445,0.7222222222222222,0.34444444444444444,0.03333333333333333,1.0,625.7347087444966,0.21059012319093426
187,1440960,red,14,-0.0015537959290668369,3.2350786566734313,0.004476525236532325,0.055908203125,0.15907612442970276,1.862645149230957e-09,0.9999999403953552,1.0,0.5043042212724685,0.15650500021874905,nan,nan,nan,nan,nan,nan,nan,nan,nan,nan,blue,7,True,8,7,,-1.219103478047804,-2.132241405964155,563.7586206896551,0.1724137931034483,0.13793103448275862,0.6896551724137931,0.3103448275862069,0.034482758620689655,0.0,0.034482758620689655,0.13793103448275862,0.13793103448275862,0.27586206896551724,0.27586206896551724,0.0,0.0,0.0,0.6896551724137931,1261,1261,1261,631,630,1.0,0.5862068965517241,0.7931034482758621,1.0,0.5862068965517241,0.5862068965517241,0.3793103448275862,0.034482758620689655,0.8975830078125,0.7410888671875,0.341796875,0.030029296875,0.972412109375,0.0,0.01595368167682587,8.881784197001252e-16,0.0990312983899359,0.1799908253067215,0.12817499342861294,0.19841230076051194,-0.16746219216889813,0.5562307583437422,0.1716756251944176,0.5070331169473327,-0.2136150271468189,0.511407974357104,1.0,0.5862068965517241,0.4827586206896552,0.9655172413793104,0.1724137931034483,0.5517241379310345,0.20689655172413793,0.0,0.8802490234375,0.6845703125,0.2833251953125,0.0400390625,0.951171875,0.0,0.03661640929980506,8.881784197001252e-16,0.08604172344131386,0.17780034475553871,0.11184356162368542,0.19516769128575176,-0.02566202856381139,0.5341840831997242,0.1161313988178172,0.5130869027510249,-0.3653074852337639,0.4791996069712575,0.8444444444444444,0.044444444444444446,0.1111111111111111,0.8888888888888888,0.5333333333333333,0.03333333333333333,0.5666666666666667,0.011111111111111112,0.3111111111111111,0.32222222222222224,0.32222222222222224,0.0,0.0,0.0,0.1111111111111111,389.0777777777778,0.03333333333333333,0.5,1.0,0.7222222222222222,1.0,0.9888888888888889,0.5777777777777777,0.6777777777777778,0.9444444444444444,0.5333333333333333,1.0,625.7347087444966,0.222292941330619,1.0,0.7222222222222222,1.0,1.0,0.6444444444444445,0.7222222222222222,0.34444444444444444,0.03333333333333333,1.0,625.7347087444966,0.21059012319093426
188,1449152,red,14,-0.0008380560437217354,3.23780015707016,0.004509957366099116,0.0527099609375,0.10728702321648598,-3.725290298461914e-09,1.0,1.0,0.09084536260925233,0.07603328991681338,nan,nan,nan,nan,nan,nan,nan,nan,nan,nan,blue,7,True,8,7,,2.5,-2.5,466.5,0.25,0.0,0.75,0.25,0.25,0.0,0.25,0.0,0.0,0.0,0.0,0.0,0.0,0.0,0.75,1263,1262,1262,632,631,1.0,1.0,1.0,1.0,1.0,1.0,0.25,0.25,0.8896484375,0.74462890625,0.3592529296875,0.0982666015625,0.97314453125,0.0,0.11067040078452427,0.9390548100279872,0.10078078836628529,0.1699874059008433,0.12757457340064282,0.18604839708723742,-0.16652566877949937,0.5479913607728255,0.19297173457717065,0.5006263564851454,-0.18646413845859655,0.5177827419840723,1.0,1.0,0.75,0.75,0.5,0.75,0.0,0.0,0.8751220703125,0.7073974609375,0.1676025390625,0.0557861328125,0.9549560546875,0.0,0.10582569269625652,0.18756590862866981,0.08413201153328197,0.15239577256173595,0.10516077473224923,0.16537148571095195,-0.10669952850172137,0.5212554105743427,0.1461717124053159,0.5101354910040408,-0.4112176027405887,0.45429868425517095,0.8444444444444444,0.044444444444444446,0.1111111111111111,0.8888888888888888,0.5333333333333333,0.03333333333333333,0.5666666666666667,0.011111111111111112,0.3111111111111111,0.32222222222222224,0.32222222222222224,0.0,0.0,0.0,0.1111111111111111,389.0777777777778,0.03333333333333333,0.5,1.0,0.7222222222222222,1.0,0.9888888888888889,0.5777777777777777,0.6777777777777778,0.9444444444444444,0.5333333333333333,1.0,625.7347087444966,0.222292941330619,1.0,0.7222222222222222,1.0,1.0,0.6444444444444445,0.7222222222222222,0.34444444444444444,0.03333333333333333,1.0,625.7347087444966,0.21059012319093426
189,1457344,red,14,-0.002441592491231859,3.239707863330841,0.0019522799469996245,0.0145751953125,0.1552072860300541,1.862645149230957e-09,1.0,1.0,0.03598338356241584,0.07093544974923134,nan,nan,nan,nan,nan,nan,nan,nan,nan,nan,blue,7,True,8,7,,0.6300666489871218,-3.3290000508228936,579.3333333333334,0.2,0.0,0.8,0.2,0.0,0.0,0.0,0.0,0.2,0.2,0.2,0.0,0.0,0.0,0.8,1268,1267,1267,634,634,1.0,0.5333333333333333,0.8,1.0,0.5333333333333333,0.5333333333333333,0.3333333333333333,0.0,0.8861083984375,0.7484130859375,0.4156494140625,0.0535888671875,0.971435546875,0.0,0.02413037894186079,0.04214425561140787,0.10335235784206884,0.17826968064051948,0.1317806465991675,0.1967772759628036,-0.13119295993262625,0.5491402896162739,0.1975730907431199,0.5045899912572562,-0.06335487736273748,0.5324355907232194,1.0,0.5333333333333333,0.4666666666666667,1.0,0.2,0.5333333333333333,0.2,0.0,0.87646484375,0.6796875,0.148193359375,0.01123046875,0.946533203125,0.0,0.008334374580601597,6.661338147750939e-16,0.07698036914939216,0.14514120094744176,0.0965934770883629,0.1641067418199785,-0.058602878648684964,0.5258801262475813,0.11893341771124,0.5115152829365298,-0.39853651635811005,0.4660540629797008,0.8444444444444444,0.044444444444444446,0.1111111111111111,0.8888888888888888,0.5333333333333333,0.03333333333333333,0.5666666666666667,0.011111111111111112,0.3111111111111111,0.32222222222222224,0.32222222222222224,0.0,0.0,0.0,0.1111111111111111,389.0777777777778,0.03333333333333333,0.5,1.0,0.7222222222222222,1.0,0.9888888888888889,0.5777777777777777,0.6777777777777778,0.9444444444444444,0.5333333333333333,1.0,625.7347087444966,0.222292941330619,1.0,0.7222222222222222,1.0,1.0,0.6444444444444445,0.7222222222222222,0.34444444444444444,0.03333333333333333,1.0,625.7347087444966,0.21059012319093426
190,1465536,red,14,-0.0010864211712032557,3.248168098926544,0.0026456220766704064,0.019384765625,0.14477667547762393,-1.3969838619232178e-09,1.0,1.0,0.1395524438470602,0.06191118014976382,nan,nan,nan,nan,nan,nan,nan,nan,nan,nan,blue,7,True,8,7,,0.2524999762988753,-1.1516666744007833,566.2777777777778,0.1111111111111111,0.0,0.8888888888888888,0.1111111111111111,0.05555555555555555,0.0,0.05555555555555555,0.0,0.05555555555555555,0.05555555555555555,0.05555555555555555,0.0,0.0,0.0,0.8888888888888888,1274,1273,1273,637,637,1.0,0.7777777777777778,0.8333333333333334,1.0,0.7222222222222222,0.7777777777777778,0.16666666666666666,0.05555555555555555,0.90185546875,0.74853515625,0.5396728515625,0.09326171875,0.97998046875,0.0,0.07617622180814851,0.7170372664159469,0.11431382398806952,0.1823033554020174,0.14987597453746057,0.2017421359114632,-0.25517022427539615,0.5446889803144506,0.20538193862445908,0.5046639372497624,-0.122738728133438,0.5284490544696594,1.0,0.7777777777777778,0.6111111111111112,0.8888888888888888,0.3333333333333333,0.7222222222222222,0.16666666666666666,0.0,0.8819580078125,0.70751953125,0.2784423828125,0.083984375,0.960693359375,0.0,0.16939832362044244,1.1403863793361573,0.09107259531873214,0.1738482278616928,0.11697717763223334,0.18976241844048036,-0.058275423202310606,0.5284923960979632,0.1437718871375644,0.5079962393226347,-0.39932032204643875,0.46252333649313493,0.8888888888888888,0.06666666666666667,0.044444444444444446,0.9555555555555556,0.5111111111111111,0.06666666666666667,0.5777777777777777,0.0,0.37777777777777777,0.37777777777777777,0.37777777777777777,0.0,0.011111111111111112,0.0,0.03333333333333333,376.6666666666667,0.06666666666666667,0.4444444444444444,1.0,0.7222222222222222,0.9666666666666667,0.9666666666666667,0.5444444444444444,0.6333333333333333,0.8777777777777778,0.5111111111111111,1.0,604.4605404615738,0.2719007910675969,1.0,0.7222222222222222,1.0,1.0,0.6444444444444445,0.7111111111111111,0.35555555555555557,0.06666666666666667,1.0,604.4605404615738,0.18959730419149506
191,1473728,red,14,-0.0017027027206495404,3.253104305267334,0.004307483613229124,0.051025390625,0.12181270234286785,3.725290298461914e-09,0.9999999403953552,1.0,0.011154204048216343,0.047469550743699074,nan,nan,nan,nan,nan,nan,nan,nan,nan,nan,blue,7,True,8,7,,-0.01100006401538849,-4.792000008560717,559.4,0.4,0.0,0.6,0.4,0.0,0.0,0.0,0.0,0.4,0.4,0.4,0.0,0.0,0.0,0.6,1275,1275,1275,638,637,1.0,0.4,0.8,1.0,0.2,0.4,0.6,0.0,0.890380859375,0.73583984375,0.541748046875,0.160888671875,0.974609375,0.0,0.16276771187076394,1.214425790681692,0.10878362348046643,0.1782114402753639,0.14249246918665287,0.19783430895872833,-0.1699704768868422,0.5465646717215527,0.18810073488615586,0.49996186857763947,-0.00478022163128955,0.5390030835423604,1.0,0.4,0.4,0.8,0.2,0.4,0.2,0.0,0.883056640625,0.703369140625,0.1158447265625,0.012451171875,0.9580078125,0.0,0.017929341812266523,4.440892098500626e-16,0.07971279427006889,0.14471140034654692,0.09949493059938547,0.14853273331843742,-0.08715229584929318,0.5284799662308015,0.13508244171102035,0.5096131195998123,-0.41682073594082425,0.4570843417119137,0.8888888888888888,0.06666666666666667,0.044444444444444446,0.9555555555555556,0.5111111111111111,0.06666666666666667,0.5777777777777777,0.0,0.37777777777777777,0.37777777777777777,0.37777777777777777,0.0,0.011111111111111112,0.0,0.03333333333333333,376.6666666666667,0.06666666666666667,0.4444444444444444,1.0,0.7222222222222222,0.9666666666666667,0.9666666666666667,0.5444444444444444,0.6333333333333333,0.8777777777777778,0.5111111111111111,1.0,604.4605404615738,0.2719007910675969,1.0,0.7222222222222222,1.0,1.0,0.6444444444444445,0.7111111111111111,0.35555555555555557,0.06666666666666667,1.0,604.4605404615738,0.18959730419149506
192,1481920,red,14,-0.0013269398827105761,3.252914535999298,0.0025213076813088266,0.0162841796875,0.12025182973593473,5.587935447692871e-09,1.0,1.0,0.43350972682237626,0.1326516017317772,nan,nan,nan,nan,nan,nan,nan,nan,nan,nan,blue,7,True,8,7,,-0.7567857244243247,-0.4483928732973124,562.7857142857143,0.03571428571428571,0.10714285714285714,0.8571428571428571,0.14285714285714285,0.03571428571428571,0.03571428571428571,0.07142857142857142,0.07142857142857142,0.0,0.07142857142857142,0.07142857142857142,0.0,0.0,0.0,0.8571428571428571,1285,1284,1284,643,642,1.0,0.8214285714285714,0.8928571428571429,0.9642857142857143,0.75,0.7857142857142857,0.4642857142857143,0.03571428571428571,0.9049072265625,0.7562255859375,0.606201171875,0.0921630859375,0.9864501953125,0.0,0.08524286609585258,0.6368105605154525,0.12188373900940652,0.1863247634938802,0.1622657537755562,0.2088099169129446,-0.27018690510566756,0.540322786159624,0.20410354463557923,0.5048546178938933,-0.03754690680040085,0.5363884658642681,1.0,0.8214285714285714,0.6071428571428571,0.9285714285714286,0.2857142857142857,0.7857142857142857,0.17857142857142858,0.03571428571428571,0.87744140625,0.7034912109375,0.305419921875,0.09130859375,0.9600830078125,0.0,0.14976189228131576,0.8767030934336411,0.08987951638949007,0.17620857202954796,0.11654602525148591,0.1930403181662727,-0.03234359836879719,0.5336380315274935,0.13049515805067102,0.5174979436658721,-0.38023666025321035,0.47105936752215555,0.8888888888888888,0.06666666666666667,0.044444444444444446,0.9555555555555556,0.5111111111111111,0.06666666666666667,0.5777777777777777,0.0,0.37777777777777777,0.37777777777777777,0.37777777777777777,0.0,0.011111111111111112,0.0,0.03333333333333333,376.6666666666667,0.06666666666666667,0.4444444444444444,1.0,0.7222222222222222,0.9666666666666667,0.9666666666666667,0.5444444444444444,0.6333333333333333,0.8777777777777778,0.5111111111111111,1.0,604.4605404615738,0.2719007910675969,1.0,0.7222222222222222,1.0,1.0,0.6444444444444445,0.7111111111111111,0.35555555555555557,0.06666666666666667,1.0,604.4605404615738,0.18959730419149506
193,1490112,red,14,-0.002945482637733221,3.2573374271392823,0.009516183649975574,0.140234375,0.11929895430803299,0.0,1.0000001192092896,1.0,0.3241061918437481,0.11669521834701299,nan,nan,nan,nan,nan,nan,nan,nan,nan,nan,blue,7,True,8,7,,-0.4214285154427801,-4.646428576271449,365.14285714285717,0.2857142857142857,0.14285714285714285,0.5714285714285714,0.42857142857142855,0.14285714285714285,0.14285714285714285,0.2857142857142857,0.0,0.14285714285714285,0.14285714285714285,0.14285714285714285,0.0,0.14285714285714285,0.0,0.42857142857142855,1287,1287,1286,644,643,1.0,0.8571428571428571,0.8571428571428571,0.7142857142857143,0.5714285714285714,0.5714285714285714,0.2857142857142857,0.14285714285714285,0.902587890625,0.7537841796875,0.635986328125,0.2091064453125,0.9832763671875,0.0,0.2506730594106833,1.6986566648904808,0.12047423454618643,0.18324685064193882,0.15866757858574412,0.20534956725684997,-0.21969175394738727,0.5388428099746607,0.21578034319940542,0.506582386896448,-0.02338329173358744,0.5451727940427326,1.0,0.8571428571428571,0.7142857142857143,0.7142857142857143,0.42857142857142855,0.5714285714285714,0.2857142857142857,0.14285714285714285,0.8782958984375,0.7222900390625,0.1439208984375,0.0306396484375,0.96240234375,0.0,0.05692196307455371,8.881784197001252e-16,0.0843960709319663,0.14632479664790987,0.1050698049781513,0.15889479587034455,-0.10257341118649421,0.5225160589413934,0.15049595185761433,0.5098589204511107,-0.43041156558988547,0.4567830079884732,0.8888888888888888,0.06666666666666667,0.044444444444444446,0.9555555555555556,0.5111111111111111,0.06666666666666667,0.5777777777777777,0.0,0.37777777777777777,0.37777777777777777,0.37777777777777777,0.0,0.011111111111111112,0.0,0.03333333333333333,376.6666666666667,0.06666666666666667,0.4444444444444444,1.0,0.7222222222222222,0.9666666666666667,0.9666666666666667,0.5444444444444444,0.6333333333333333,0.8777777777777778,0.5111111111111111,1.0,604.4605404615738,0.2719007910675969,1.0,0.7222222222222222,1.0,1.0,0.6444444444444445,0.7111111111111111,0.35555555555555557,0.06666666666666667,1.0,604.4605404615738,0.18959730419149506
194,1498304,red,14,-0.001174073712900281,3.2622786164283752,0.004286996043811086,0.0540771484375,0.12330447789281607,7.450580596923828e-09,0.9999999403953552,1.0,0.12061668634414673,0.06422574790194631,nan,nan,nan,nan,nan,nan,nan,nan,nan,nan,blue,7,True,8,7,,-0.10565218475201855,-1.2186956798819744,598.1304347826087,0.043478260869565216,0.043478260869565216,0.9130434782608695,0.08695652173913043,0.0,0.0,0.0,0.043478260869565216,0.043478260869565216,0.08695652173913043,0.08695652173913043,0.0,0.0,0.0,0.9130434782608695,1295,1294,1294,648,647,1.0,0.6956521739130435,0.782608695652174,1.0,0.6521739130434783,0.6956521739130435,0.30434782608695654,0.0,0.9005126953125,0.7435302734375,0.6309814453125,0.1224365234375,0.9857177734375,0.0,0.11195435918964641,0.9661999799557918,0.12396419473043269,0.19057286830875056,0.16853201159213022,0.2167753453316531,-0.2612876226893057,0.5336658576537897,0.18637203710606443,0.505114444741552,0.05036535291719346,0.5391364722022415,1.0,0.6956521739130435,0.5217391304347826,0.9130434782608695,0.17391304347826086,0.6956521739130435,0.21739130434782608,0.0,0.884765625,0.6839599609375,0.2587890625,0.0677490234375,0.952392578125,0.0,0.11117022834867255,0.37476056465700225,0.08529454747265246,0.17474604944497557,0.11078362004554648,0.1911201996737974,-0.04514501150024586,0.5338877512470958,0.1150097447990639,0.5174430089781775,-0.39431142706913036,0.4646660299946785,0.8888888888888888,0.06666666666666667,0.044444444444444446,0.9555555555555556,0.5111111111111111,0.06666666666666667,0.5777777777777777,0.0,0.37777777777777777,0.37777777777777777,0.37777777777777777,0.0,0.011111111111111112,0.0,0.03333333333333333,376.6666666666667,0.06666666666666667,0.4444444444444444,1.0,0.7222222222222222,0.9666666666666667,0.9666666666666667,0.5444444444444444,0.6333333333333333,0.8777777777777778,0.5111111111111111,1.0,604.4605404615738,0.2719007910675969,1.0,0.7222222222222222,1.0,1.0,0.6444444444444445,0.7111111111111111,0.35555555555555557,0.06666666666666667,1.0,604.4605404615738,0.18959730419149506
195,1500000,red,14,-0.003451466897748645,3.266120195388794,0.0016082751829636199,0.011438679322600365,0.19300735592842103,2.699078294199353e-08,0.9999998807907104,1.0,0.008438322320580482,0.08970794454216957,nan,nan,nan,nan,nan,nan,nan,nan,nan,nan,blue,7,True,8,7,8,0.04466666878821949,0.0,600.0,0.0,0.0,1.0,0.0,0.0,0.0,0.0,0.0,0.0,0.0,0.0,0.0,0.0,0.0,1.0,1296,1295,1295,648,648,1.0,1.0,1.0,1.0,1.0,1.0,0.3333333333333333,0.0,0.9115566037735849,0.7488207547169812,0.6420990566037735,0.08254716981132075,0.9899764150943396,0.0,0.10363005488105981,0.9104515369458153,0.13021371753336639,0.19155188773821158,0.1762355053278445,0.21804587883607499,-0.33376761468560906,0.5083312210892286,0.222555516069543,0.5066995471060719,-0.0075047434815441755,0.5381118567592794,1.0,1.0,0.3333333333333333,1.0,0.3333333333333333,1.0,0.0,0.0,0.8767688679245284,0.7016509433962265,0.294811320754717,0.12971698113207547,0.9640330188679245,0.0,0.2818192043694507,3.295132221312775,0.0913186676496701,0.1690725726660735,0.11653417433714305,0.18355955703311183,-0.05276636784607413,0.5189379536744375,0.16319099037293266,0.5097278639873793,-0.44567362507559494,0.4518115794074749,0.37777777777777777,0.6,0.022222222222222223,0.9777777777777777,0.0,0.03333333333333333,0.03333333333333333,0.5666666666666667,0.37777777777777777,0.9444444444444444,0.9444444444444444,0.0,0.011111111111111112,0.0,0.011111111111111112,481.4888888888889,0.0,0.03333333333333333,1.0,0.8333333333333334,0.8222222222222222,0.9777777777777777,0.6111111111111112,0.7777777777777778,0.17777777777777778,0.0,0.0,420.93013179673295,0.3761431053243701,1.0,0.8333333333333334,1.0,0.9888888888888889,0.6888888888888889,0.8222222222222222,0.34444444444444444,0.03333333333333333,1.0,420.93013179673295,0.147516100789847
196,1508192,blue,15,nan,nan,nan,nan,nan,nan,nan,nan,nan,nan,-0.0006674051051959396,3.176032376289368,0.0033918513043317946,0.0292236328125,0.12652767896652223,9.313225746154785e-09,1.0,1.0,0.5061974540352822,0.17079826667904854,red,8,True,9,7,,2.8450000830926,-4.160000236472115,116.5,0.5,0.5,0.0,1.0,0.5,0.5,1.0,0.0,0.0,0.0,0.0,0.0,0.0,0.0,0.0,1308,1307,1307,654,654,1.0,1.0,1.0,0.5,0.75,0.5,0.5,0.5,0.9122314453125,0.7503662109375,0.6651611328125,0.0625,0.9925537109375,0.0,0.05711014709758584,0.21795975570810708,0.1350783650494236,0.19238128830790058,0.18256645157905033,0.2197049091671948,-0.3706242314542969,0.5111973338492013,0.2344163418084797,0.49603478045873733,0.03743845815038682,0.5414088452411362,1.0,1.0,0.5,0.5,0.5,0.5,0.5,0.5,0.877685546875,0.731201171875,0.335205078125,0.08740234375,0.9659423828125,0.0,0.11996592672345796,0.7846311282495612,0.09734987071299137,0.17886202924926067,0.1256932770114655,0.19679336849967916,-0.04360040764352391,0.5308090329741091,0.15117886891698262,0.5102285820452549,-0.39602643832409967,0.4680560259750223,0.37777777777777777,0.6,0.022222222222222223,0.9777777777777777,0.0,0.03333333333333333,0.03333333333333333,0.5666666666666667,0.37777777777777777,0.9444444444444444,0.9444444444444444,0.0,0.011111111111111112,0.0,0.011111111111111112,481.4888888888889,0.0,0.03333333333333333,1.0,0.8333333333333334,0.8222222222222222,0.9777777777777777,0.6111111111111112,0.7777777777777778,0.17777777777777778,0.0,0.0,420.93013179673295,0.3761431053243701,1.0,0.8333333333333334,1.0,0.9888888888888889,0.6888888888888889,0.8222222222222222,0.34444444444444444,0.03333333333333333,1.0,420.93013179673295,0.147516100789847
197,1516384,blue,15,nan,nan,nan,nan,nan,nan,nan,nan,nan,nan,-0.002228363789618015,3.1805704474449157,0.004518954608647619,0.0503173828125,0.20599306523799896,-7.450580596923828e-09,0.9999998211860657,1.0,0.003962635470088571,0.11624939125031233,red,8,True,9,7,,-9.57500000949949,-0.5874999961815774,455.0,0.0,1.0,0.0,1.0,0.0,0.0,0.0,1.0,0.0,1.0,1.0,0.0,0.0,0.0,0.0,1308,1308,1308,654,654,1.0,0.5,1.0,1.0,0.5,0.5,0.5,0.0,0.9041748046875,0.7548828125,0.666015625,0.2281494140625,0.9927978515625,0.0,0.29311987115204396,2.0849174002903283,0.1379086703393481,0.19736208946807554,0.18773001743080397,0.2282466137532167,-0.27603766228133964,0.5374822722813841,0.21865907264479034,0.5037323813675687,0.03509065972092529,0.5488535684051551,1.0,0.5,0.5,1.0,0.5,0.5,0.0,0.0,0.882568359375,0.7056884765625,0.103759765625,0.0054931640625,0.9488525390625,0.0,0.0015603940359857475,4.440892098500626e-16,0.07751383856567172,0.1442438992473498,0.09641864484251161,0.14710497847923826,-0.08048413545474276,0.5299130103433407,0.1240778819502637,0.5147258403139852,-0.43102994509499837,0.4546460569060386,0.37777777777777777,0.6,0.022222222222222223,0.9777777777777777,0.0,0.03333333333333333,0.03333333333333333,0.5666666666666667,0.37777777777777777,0.9444444444444444,0.9444444444444444,0.0,0.011111111111111112,0.0,0.011111111111111112,481.4888888888889,0.0,0.03333333333333333,1.0,0.8333333333333334,0.8222222222222222,0.9777777777777777,0.6111111111111112,0.7777777777777778,0.17777777777777778,0.0,0.0,420.93013179673295,0.3761431053243701,1.0,0.8333333333333334,1.0,0.9888888888888889,0.6888888888888889,0.8222222222222222,0.34444444444444444,0.03333333333333333,1.0,420.93013179673295,0.147516100789847
198,1524576,blue,15,nan,nan,nan,nan,nan,nan,nan,nan,nan,nan,-0.0012711245333775878,3.1813383221626284,0.004019297553168144,0.043798828125,0.13864752948284148,0.0,1.0,1.0,0.2470723271369934,0.11647508051246405,red,8,True,9,7,,-0.9350333582027816,-0.7706666744624575,579.3333333333334,0.06666666666666667,0.1,0.8333333333333334,0.16666666666666666,0.03333333333333333,0.0,0.03333333333333333,0.1,0.03333333333333333,0.13333333333333333,0.13333333333333333,0.0,0.0,0.0,0.8333333333333334,1318,1318,1318,659,659,1.0,0.8333333333333334,0.8333333333333334,1.0,0.7333333333333333,0.8333333333333334,0.26666666666666666,0.03333333333333333,0.9124755859375,0.755126953125,0.66259765625,0.091064453125,0.9935302734375,0.0,0.12115108778153429,1.2185680831322407,0.13689802654463243,0.19937508127912118,0.18677116373224395,0.23229171507898674,-0.329634141989235,0.523564146787571,0.21396305537127702,0.5049269388353395,0.023929506681593438,0.5426212946969159,1.0,0.8333333333333334,0.6333333333333333,0.9666666666666667,0.26666666666666666,0.8,0.2,0.0,0.8797607421875,0.69189453125,0.306640625,0.076171875,0.95703125,0.0,0.11045873368498307,0.6010426420295321,0.09120907590859331,0.17707082010150438,0.11697466441816026,0.19411782255580118,-0.035424182044845764,0.530168304433961,0.1441102869275035,0.5190661112957901,-0.3797737464049433,0.47341173739733233,0.37777777777777777,0.6,0.022222222222222223,0.9777777777777777,0.0,0.03333333333333333,0.03333333333333333,0.5666666666666667,0.37777777777777777,0.9444444444444444,0.9444444444444444,0.0,0.011111111111111112,0.0,0.011111111111111112,481.4888888888889,0.0,0.03333333333333333,1.0,0.8333333333333334,0.8222222222222222,0.9777777777777777,0.6111111111111112,0.7777777777777778,0.17777777777777778,0.0,0.0,420.93013179673295,0.3761431053243701,1.0,0.8333333333333334,1.0,0.9888888888888889,0.6888888888888889,0.8222222222222222,0.34444444444444444,0.03333333333333333,1.0,420.93013179673295,0.147516100789847
199,1532768,blue,15,nan,nan,nan,nan,nan,nan,nan,nan,nan,nan,-0.00222302176989615,3.183644151687622,0.006308772180636879,0.0845458984375,0.14770646244287491,-3.725290298461914e-09,1.0,1.0,0.21147492602467538,0.1213563285768032,red,8,True,9,7,,-2.2187500409781933,-1.1200000357348472,454.0,0.25,0.5,0.25,0.75,0.25,0.25,0.5,0.25,0.0,0.25,0.25,0.0,0.0,0.0,0.25,1320,1319,1319,660,660,1.0,0.75,0.75,1.0,0.5,0.75,0.5,0.25,0.9066162109375,0.7362060546875,0.663818359375,0.2069091796875,0.990478515625,0.0,0.2599725508528922,1.887808397886779,0.13456969546717357,0.19280577211412597,0.182811281778763,0.22115787046354207,-0.34951375624847003,0.516024172321775,0.2343391471656311,0.4964655052144573,0.03374471859090988,0.5435146226341108,1.0,0.75,0.5,0.75,0.25,0.5,0.5,0.25,0.8896484375,0.7159423828125,0.14599609375,0.05029296875,0.9605712890625,0.0,0.12549015295229377,0.011990258156864973,0.08638363995134321,0.14710044227643784,0.10751629206469483,0.15374749387455725,-0.13791613425018312,0.5290538482419052,0.161348982890825,0.514243297293701,-0.4114413667094432,0.45632691631547256,0.37777777777777777,0.6,0.022222222222222223,0.9777777777777777,0.0,0.03333333333333333,0.03333333333333333,0.5666666666666667,0.37777777777777777,0.9444444444444444,0.9444444444444444,0.0,0.011111111111111112,0.0,0.011111111111111112,481.4888888888889,0.0,0.03333333333333333,1.0,0.8333333333333334,0.8222222222222222,0.9777777777777777,0.6111111111111112,0.7777777777777778,0.17777777777777778,0.0,0.0,420.93013179673295,0.3761431053243701,1.0,0.8333333333333334,1.0,0.9888888888888889,0.6888888888888889,0.8222222222222222,0.34444444444444444,0.03333333333333333,1.0,420.93013179673295,0.147516100789847
200,1540960,blue,15,nan,nan,nan,nan,nan,nan,nan,nan,nan,nan,-0.0009326455648988486,3.19170138835907,0.004343387659173459,0.046484375,0.13897064309567214,-6.984919309616089e-09,0.9999999403953552,1.0,0.40665286108851434,0.11792529039084912,red,8,True,9,7,,-1.7183077119049044,0.23269229747641546,560.0384615384615,0.038461538461538464,0.15384615384615385,0.8076923076923077,0.19230769230769232,0.0,0.07692307692307693,0.07692307692307693,0.07692307692307693,0.038461538461538464,0.11538461538461539,0.11538461538461539,0.0,0.0,0.0,0.8076923076923077,1328,1328,1328,664,664,1.0,0.8076923076923077,0.8461538461538461,0.9615384615384616,0.6538461538461539,0.7692307692307693,0.34615384615384615,0.0,0.9075927734375,0.7457275390625,0.6639404296875,0.1282958984375,0.9930419921875,0.0,0.1685766331072342,1.5186775498340706,0.13780504750354677,0.20004758182873644,0.18969575008350634,0.23283632722375022,-0.35544241505753504,0.5065504302660973,0.20682982263945604,0.5011075371446597,0.04316637575760396,0.5442598398208185,1.0,0.8076923076923077,0.6538461538461539,1.0,0.3076923076923077,0.8076923076923077,0.23076923076923078,0.07692307692307693,0.87744140625,0.733642578125,0.2821044921875,0.02978515625,0.9639892578125,0.0,0.03692786872339774,8.881784197001252e-16,0.09326555986744992,0.17842415801265663,0.11845919919152532,0.1962614673918333,-0.10670847044066889,0.5325497461992796,0.1541538647216001,0.5122250661822252,-0.3169992449025649,0.48811165166412795,0.4111111111111111,0.5666666666666667,0.022222222222222223,0.9777777777777777,0.0,0.011111111111111112,0.011111111111111112,0.5555555555555556,0.4111111111111111,0.9666666666666667,0.9666666666666667,0.0,0.022222222222222223,0.0,0.0,461.8333333333333,0.0,0.011111111111111112,1.0,0.8222222222222222,0.8222222222222222,0.9888888888888889,0.6222222222222222,0.7888888888888889,0.16666666666666666,0.0,0.0,415.9138923821978,0.3704001401090839,1.0,0.8222222222222222,1.0,1.0,0.6444444444444445,0.8,0.3333333333333333,0.011111111111111112,1.0,415.9138923821978,0.20185521272166027
201,1549152,blue,15,nan,nan,nan,nan,nan,nan,nan,nan,nan,nan,-0.0015296737663447856,3.200652813911438,0.005095277550572064,0.06123046875,0.13632288947701454,0.0,1.0,1.0,0.2706648394465446,0.07494293749332429,red,8,True,9,7,,-1.240000018849969,-0.38375001586973667,486.75,0.125,0.25,0.625,0.375,0.125,0.125,0.25,0.125,0.0,0.125,0.125,0.0,0.0,0.0,0.625,1331,1331,1330,666,665,1.0,0.875,0.875,1.0,0.75,0.875,0.25,0.125,0.9134521484375,0.744140625,0.6573486328125,0.1854248046875,0.9921875,0.0,0.19070759311520885,1.5506574774958355,0.13550600787177536,0.19356912348145955,0.1847582639420011,0.22304988518035304,-0.32118700483469453,0.5295533707362458,0.22668667230925976,0.4974306112066343,0.008587929677293715,0.5416579151520607,1.0,0.875,0.625,0.875,0.375,0.75,0.25,0.125,0.878662109375,0.728759765625,0.216064453125,0.078125,0.96435546875,0.0,0.1566235950205861,1.2476599155909973,0.0931487462213935,0.16197312328634064,0.1151773806449849,0.17881269277687514,-0.13727948958612046,0.528427861134855,0.1935587602788189,0.5034717581416499,-0.36867460025609944,0.4768605698427871,0.4111111111111111,0.5666666666666667,0.022222222222222223,0.9777777777777777,0.0,0.011111111111111112,0.011111111111111112,0.5555555555555556,0.4111111111111111,0.9666666666666667,0.9666666666666667,0.0,0.022222222222222223,0.0,0.0,461.8333333333333,0.0,0.011111111111111112,1.0,0.8222222222222222,0.8222222222222222,0.9888888888888889,0.6222222222222222,0.7888888888888889,0.16666666666666666,0.0,0.0,415.9138923821978,0.3704001401090839,1.0,0.8222222222222222,1.0,1.0,0.6444444444444445,0.8,0.3333333333333333,0.011111111111111112,1.0,415.9138923821978,0.20185521272166027
202,1557344,blue,15,nan,nan,nan,nan,nan,nan,nan,nan,nan,nan,-0.0003673905157484114,3.2033365845680235,0.0009676703681179788,0.0025390625,0.11740940250456333,5.587935447692871e-09,0.9999998807907104,1.0,0.22311867475509645,0.08056823071092367,red,8,True,9,7,,-1.7645454574376345,-3.095454649407078,543.2727272727273,0.09090909090909091,0.36363636363636365,0.5454545454545454,0.45454545454545453,0.0,0.09090909090909091,0.09090909090909091,0.2727272727272727,0.09090909090909091,0.36363636363636365,0.36363636363636365,0.0,0.0,0.0,0.5454545454545454,1335,1334,1334,668,667,1.0,0.7272727272727273,0.8181818181818182,1.0,0.5454545454545454,0.7272727272727273,0.45454545454545453,0.0,0.909912109375,0.7564697265625,0.650146484375,0.20068359375,0.99169921875,0.0,0.250799219526037,1.9345844970184276,0.13594112998233954,0.19673069727783993,0.1836291571947673,0.22670768818108503,-0.36135857483141365,0.5123115269512211,0.22805400006206966,0.5008392849739964,0.018843823087902223,0.5439589547738501,1.0,0.7272727272727273,0.5454545454545454,0.9090909090909091,0.36363636363636365,0.7272727272727273,0.36363636363636365,0.09090909090909091,0.8839111328125,0.7130126953125,0.23486328125,0.080322265625,0.9659423828125,0.0,0.17720443104881284,1.6950201634696254,0.09111034285438999,0.1632034588819069,0.11374254257362623,0.17951247992739197,-0.17780835785459104,0.5258872297741677,0.18718197917890933,0.51026191207434,-0.2843245470504705,0.4943437310480973,0.4111111111111111,0.5666666666666667,0.022222222222222223,0.9777777777777777,0.0,0.011111111111111112,0.011111111111111112,0.5555555555555556,0.4111111111111111,0.9666666666666667,0.9666666666666667,0.0,0.022222222222222223,0.0,0.0,461.8333333333333,0.0,0.011111111111111112,1.0,0.8222222222222222,0.8222222222222222,0.9888888888888889,0.6222222222222222,0.7888888888888889,0.16666666666666666,0.0,0.0,415.9138923821978,0.3704001401090839,1.0,0.8222222222222222,1.0,1.0,0.6444444444444445,0.8,0.3333333333333333,0.011111111111111112,1.0,415.9138923821978,0.20185521272166027
203,1565536,blue,15,nan,nan,nan,nan,nan,nan,nan,nan,nan,nan,-0.00254681232618168,3.2075575590133667,0.004898065888846758,0.0577880859375,0.1417039383202791,-3.725290298461914e-09,1.0,1.0,0.12876727916300296,0.068472801707685,red,8,True,9,7,,-0.042250016168691215,-0.8285000192932784,593.7,0.05,0.0,0.95,0.05,0.0,0.0,0.0,0.0,0.05,0.05,0.05,0.0,0.0,0.0,0.95,1341,1341,1341,671,670,1.0,0.8,0.8,1.0,0.7,0.8,0.3,0.0,0.9190673828125,0.76171875,0.651611328125,0.1385498046875,0.99169921875,0.0,0.12144504788693229,0.9964918192430182,0.13568130588221927,0.19429191122105094,0.18270491779763665,0.22368236836782304,-0.36786240687326455,0.5148114879284743,0.24051083822675778,0.5075621336128806,0.005892078548509261,0.5468482461774693,1.0,0.8,0.7,1.0,0.4,0.75,0.2,0.0,0.8883056640625,0.7186279296875,0.3212890625,0.1005859375,0.9696044921875,0.0,0.18185279516297054,1.8172792748205209,0.09804096769418416,0.17735323162353647,0.12270227246847942,0.1942240219510256,-0.12707621345075992,0.5347573461778969,0.219838600258079,0.5037929117839769,-0.29979368066641143,0.4955043700659852,0.4111111111111111,0.5666666666666667,0.022222222222222223,0.9777777777777777,0.0,0.011111111111111112,0.011111111111111112,0.5555555555555556,0.4111111111111111,0.9666666666666667,0.9666666666666667,0.0,0.022222222222222223,0.0,0.0,461.8333333333333,0.0,0.011111111111111112,1.0,0.8222222222222222,0.8222222222222222,0.9888888888888889,0.6222222222222222,0.7888888888888889,0.16666666666666666,0.0,0.0,415.9138923821978,0.3704001401090839,1.0,0.8222222222222222,1.0,1.0,0.6444444444444445,0.8,0.3333333333333333,0.011111111111111112,1.0,415.9138923821978,0.20185521272166027
204,1573728,blue,15,nan,nan,nan,nan,nan,nan,nan,nan,nan,nan,-0.0018074170453473925,3.2116995096206664,0.004739292908925563,0.057666015625,0.12509799916297198,3.725290298461914e-09,0.9999999403953552,1.0,0.20846290662884712,0.08163931760936975,red,8,True,9,7,,-2.2210999983595685,-1.1540000395849348,537.0,0.1,0.3,0.6,0.4,0.0,0.1,0.1,0.2,0.1,0.3,0.3,0.0,0.0,0.0,0.6,1345,1344,1344,673,672,1.0,0.8,0.9,1.0,0.6,0.8,0.4,0.0,0.9168701171875,0.7349853515625,0.65869140625,0.25244140625,0.9918212890625,0.0,0.3464403802943942,2.133238739154752,0.1331900789733804,0.19337617095345142,0.18021614262613667,0.22262399311482264,-0.4067714497906927,0.5084547345190993,0.2513691223109298,0.4985727452946617,0.009812643716699654,0.5494285066072693,1.0,0.8,0.5,1.0,0.3,0.8,0.2,0.1,0.893310546875,0.6002197265625,0.2177734375,0.1497802734375,0.9425048828125,0.0,0.3742040942962513,3.2707265194395383,0.07879151535236592,0.16146966294197868,0.09881934626398034,0.17921555414171916,-0.2234827604220122,0.5261912243294337,0.22915185357893364,0.5046052547048221,-0.2917247052845582,0.490949144948572,0.4111111111111111,0.5666666666666667,0.022222222222222223,0.9777777777777777,0.0,0.011111111111111112,0.011111111111111112,0.5555555555555556,0.4111111111111111,0.9666666666666667,0.9666666666666667,0.0,0.022222222222222223,0.0,0.0,461.8333333333333,0.0,0.011111111111111112,1.0,0.8222222222222222,0.8222222222222222,0.9888888888888889,0.6222222222222222,0.7888888888888889,0.16666666666666666,0.0,0.0,415.9138923821978,0.3704001401090839,1.0,0.8222222222222222,1.0,1.0,0.6444444444444445,0.8,0.3333333333333333,0.011111111111111112,1.0,415.9138923821978,0.20185521272166027
205,1581920,blue,15,nan,nan,nan,nan,nan,nan,nan,nan,nan,nan,-0.0007966431090608239,3.2151820182800295,0.004370933431346202,0.0475830078125,0.14493252523243427,3.725290298461914e-09,1.0,1.0,0.18811186850070954,0.1147127391770482,red,8,True,9,7,,0.581136342513756,-1.1311363933861933,580.0454545454545,0.045454545454545456,0.0,0.9545454545454546,0.045454545454545456,0.045454545454545456,0.0,0.045454545454545456,0.0,0.0,0.0,0.0,0.0,0.0,0.0,0.9545454545454546,1352,1352,1351,676,676,1.0,0.9090909090909091,0.8181818181818182,1.0,0.7272727272727273,0.8636363636363636,0.3181818181818182,0.045454545454545456,0.922119140625,0.76123046875,0.6519775390625,0.1595458984375,0.99267578125,0.0,0.17561281889826444,1.3736308636068715,0.13544015996124537,0.19332383819651844,0.1808255470762559,0.2213506238117563,-0.43588173698638855,0.49438517674148447,0.25930080881630246,0.4981794302147712,0.007173895038445011,0.5409495453037548,1.0,0.9090909090909091,0.6363636363636364,0.9545454545454546,0.3181818181818182,0.7727272727272727,0.18181818181818182,0.0,0.8875732421875,0.5714111328125,0.3419189453125,0.1375732421875,0.921875,0.0,0.3796930455764199,3.7059454766680333,0.08197061309958964,0.17953440709951285,0.10494423278923035,0.19790230123321056,-0.18523580877080903,0.5363945407863759,0.27217469316702747,0.4994415969856986,-0.2809816973861743,0.5004195765429675,0.36666666666666664,0.6,0.03333333333333333,0.9666666666666667,0.011111111111111112,0.0,0.011111111111111112,0.6,0.35555555555555557,0.9555555555555556,0.9555555555555556,0.0,0.03333333333333333,0.0,0.0,430.6666666666667,0.0,0.011111111111111112,1.0,0.8333333333333334,0.8333333333333334,0.9888888888888889,0.6444444444444445,0.7777777777777778,0.17777777777777778,0.011111111111111112,1.0,459.5387265501587,0.33075584255593743,1.0,0.8333333333333334,0.8333333333333334,0.9666666666666667,0.43333333333333335,0.7888888888888889,0.17777777777777778,0.011111111111111112,0.0,459.5387265501587,0.30961350391723785
206,1590112,blue,15,nan,nan,nan,nan,nan,nan,nan,nan,nan,nan,-0.0013949187705293298,3.223331093788147,0.0037232498660159765,0.0439453125,0.13539630882441997,0.0,1.0,1.0,0.4060597062110901,0.1391939166933298,red,8,True,9,7,,4.4494999845919665,-6.405000051832758,459.25,0.5,0.0,0.5,0.5,0.375,0.0,0.375,0.0,0.125,0.125,0.125,0.0,0.0,0.0,0.5,1355,1354,1354,678,677,1.0,1.0,1.0,1.0,0.75,1.0,0.75,0.375,0.926513671875,0.7587890625,0.6619873046875,0.22216796875,0.9927978515625,0.0,0.24567383565296028,1.5795308298179227,0.13544438525012,0.1919300551743479,0.1799677387996545,0.21917490802732512,-0.4427169037273089,0.49042123704759627,0.27567370762207943,0.4971759329553265,-0.0064581428351786485,0.5474640022359283,1.0,1.0,0.5,0.75,0.25,0.625,0.125,0.0,0.8916015625,0.4283447265625,0.2227783203125,0.1837158203125,0.8575439453125,0.0,0.5856778143927279,4.44119639709297,0.05702988915526907,0.16643161539862358,0.07416522708309449,0.18303840299085544,-0.2414777155851553,0.5233310942628014,0.3011727191015581,0.4894875636961963,-0.3043531215955504,0.49679422144080543,0.36666666666666664,0.6,0.03333333333333333,0.9666666666666667,0.011111111111111112,0.0,0.011111111111111112,0.6,0.35555555555555557,0.9555555555555556,0.9555555555555556,0.0,0.03333333333333333,0.0,0.0,430.6666666666667,0.0,0.011111111111111112,1.0,0.8333333333333334,0.8333333333333334,0.9888888888888889,0.6444444444444445,0.7777777777777778,0.17777777777777778,0.011111111111111112,1.0,459.5387265501587,0.33075584255593743,1.0,0.8333333333333334,0.8333333333333334,0.9666666666666667,0.43333333333333335,0.7888888888888889,0.17777777777777778,0.011111111111111112,0.0,459.5387265501587,0.30961350391723785
207,1598304,blue,15,nan,nan,nan,nan,nan,nan,nan,nan,nan,nan,-0.0013257059967145325,3.22862446308136,0.004407482006354257,0.0504638671875,0.16703548543155194,-3.725290298461914e-09,1.0,1.0,0.9777506738901138,0.36522078067064284,red,8,True,9,7,,-0.022304360289126635,-3.3617391508963443,551.2173913043479,0.34782608695652173,0.08695652173913043,0.5652173913043478,0.43478260869565216,0.08695652173913043,0.043478260869565216,0.13043478260869565,0.043478260869565216,0.2608695652173913,0.30434782608695654,0.30434782608695654,0.0,0.0,0.0,0.5652173913043478,1362,1362,1362,681,681,1.0,0.8695652173913043,0.8260869565217391,1.0,0.7391304347826086,0.8695652173913043,0.391304347826087,0.08695652173913043,0.9310302734375,0.7381591796875,0.65478515625,0.1844482421875,0.99169921875,0.0,0.3305140720145566,2.7835819160309967,0.13261875179249577,0.19176062250877113,0.17660292850628326,0.21860227886210357,-0.46926140613143374,0.481357413574225,0.27054833052715566,0.4944278162235354,0.016781005367455748,0.546981193162605,1.0,0.8695652173913043,0.6086956521739131,0.9130434782608695,0.34782608695652173,0.782608695652174,0.21739130434782608,0.043478260869565216,0.89208984375,0.453369140625,0.3133544921875,0.1524658203125,0.846435546875,0.0,0.49715904466655847,4.4985183690999255,0.06388917138324882,0.17900804945384333,0.08398460080931944,0.19648379369677932,-0.17987698467898738,0.5395432933637532,0.2937270614554244,0.48736387549900717,-0.2517092203117741,0.5044279309336757,0.36666666666666664,0.6,0.03333333333333333,0.9666666666666667,0.011111111111111112,0.0,0.011111111111111112,0.6,0.35555555555555557,0.9555555555555556,0.9555555555555556,0.0,0.03333333333333333,0.0,0.0,430.6666666666667,0.0,0.011111111111111112,1.0,0.8333333333333334,0.8333333333333334,0.9888888888888889,0.6444444444444445,0.7777777777777778,0.17777777777777778,0.011111111111111112,1.0,459.5387265501587,0.33075584255593743,1.0,0.8333333333333334,0.8333333333333334,0.9666666666666667,0.43333333333333335,0.7888888888888889,0.17777777777777778,0.011111111111111112,0.0,459.5387265501587,0.30961350391723785
208,1600000,blue,15,nan,nan,nan,nan,nan,nan,nan,nan,nan,nan,-0.001082405019529542,3.2282838344573976,0.0004258328380668863,0.0003537735901772976,0.16619693338871003,0.0,0.9999999403953552,1.0,0.9229862689971924,0.7396695971488952,red,8,True,9,7,8,-0.606333345756866,-6.193333340187867,582.6666666666666,0.6666666666666666,0.0,0.3333333333333333,0.6666666666666666,0.0,0.0,0.0,0.0,0.6666666666666666,0.6666666666666666,0.6666666666666666,0.0,0.0,0.0,0.3333333333333333,1363,1363,1363,682,681,1.0,1.0,0.6666666666666666,1.0,0.6666666666666666,1.0,0.3333333333333333,0.0,0.9162735849056604,0.7617924528301887,0.6597877358490566,0.12382075471698113,0.9935141509433962,0.0,0.1332026284776492,0.610891836844248,0.1365115361216266,0.1931094051290737,0.18053164346916273,0.22107373406375316,-0.4151181794752703,0.4946268443797193,0.2797396805130257,0.49394165711159155,-0.005091568690642027,0.5463213956752694,1.0,1.0,0.6666666666666666,1.0,0.0,1.0,0.3333333333333333,0.0,0.8950471698113207,0.589622641509434,0.3160377358490566,0.13620283018867924,0.9174528301886793,0.0,0.3387645966321798,3.547613363528065,0.08500233287305699,0.17872214714754664,0.106351842233071,0.19923814516979035,-0.16771382186385073,0.5249709070291332,0.3103258819988387,0.48533290459617145,-0.34905570602572794,0.49349730123163793,0.4111111111111111,0.5333333333333333,0.05555555555555555,0.9444444444444444,0.06666666666666667,0.0,0.06666666666666667,0.5333333333333333,0.34444444444444444,0.8777777777777778,0.8777777777777778,0.0,0.05555555555555555,0.0,0.0,397.47777777777776,0.0,0.06666666666666667,1.0,0.8111111111111111,0.8333333333333334,0.9777777777777777,0.6111111111111112,0.7111111111111111,0.23333333333333334,0.06666666666666667,1.0,483.6426965807251,0.3387148681698865,1.0,0.8111111111111111,0.8333333333333334,0.8888888888888888,0.3888888888888889,0.6777777777777778,0.16666666666666666,0.0,0.0,483.6426965807251,0.35081450169935785
209,1608192,red,16,-0.0012917340965941549,3.2681857705116273,0.007337163115153089,0.101220703125,0.12155435569584369,0.0,1.0,1.0,0.38966085463762284,0.1646542776376009,nan,nan,nan,nan,nan,nan,nan,nan,nan,nan,blue,3,False,9,8,,18.283333639303844,-22.11333376293381,158.66666666666666,1.0,0.0,0.0,1.0,1.0,0.0,1.0,0.0,0.0,0.0,0.0,0.0,0.0,0.0,0.0,1375,1375,1374,688,687,1.0,1.0,1.0,1.0,1.0,1.0,1.0,1.0,0.920166015625,0.7528076171875,0.66455078125,0.0765380859375,0.9915771484375,0.0,0.06653376588304963,0.42429593827907297,0.1349056737728383,0.19268673991140647,0.18383900226106326,0.2205477270633338,-0.3574650115510032,0.5214440979588865,0.2267414405931767,0.5049781644740562,0.0436840788788011,0.5411899829875612,1.0,1.0,0.3333333333333333,0.0,0.0,0.0,0.0,0.0,0.8662109375,0.6566162109375,0.6129150390625,0.35107421875,0.9737548828125,0.0,0.7661589107935253,3.6710986791941997,0.10644495555251929,0.18678015324585573,0.1546840441284622,0.21071510445950709,0.09776336546591224,0.5017962000475951,0.06373089012860689,0.4910517220078121,-0.11203711733032762,0.5073757143526716,0.4111111111111111,0.5333333333333333,0.05555555555555555,0.9444444444444444,0.06666666666666667,0.0,0.06666666666666667,0.5333333333333333,0.34444444444444444,0.8777777777777778,0.8777777777777778,0.0,0.05555555555555555,0.0,0.0,397.47777777777776,0.0,0.06666666666666667,1.0,0.8111111111111111,0.8333333333333334,0.9777777777777777,0.6111111111111112,0.7111111111111111,0.23333333333333334,0.06666666666666667,1.0,483.6426965807251,0.3387148681698865,1.0,0.8111111111111111,0.8333333333333334,0.8888888888888888,0.3888888888888889,0.6777777777777778,0.16666666666666666,0.0,0.0,483.6426965807251,0.35081450169935785
210,1616384,red,16,-0.0013715144712477922,3.271655809879303,0.0037888009755988605,0.0439453125,0.15000391826033593,3.725290298461914e-09,1.0,1.0,0.08309496156871318,0.07434494066983462,nan,nan,nan,nan,nan,nan,nan,nan,nan,nan,blue,3,False,9,8,,-0.46669568950512813,-9.95869565706538,418.6521739130435,1.0,0.0,0.0,1.0,0.0,0.0,0.0,0.0,1.0,1.0,1.0,0.0,0.0,0.0,0.0,1383,1382,1382,692,691,1.0,0.5652173913043478,0.7391304347826086,1.0,0.5652173913043478,0.5652173913043478,0.17391304347826086,0.0,0.91162109375,0.7442626953125,0.6734619140625,0.116455078125,0.9937744140625,0.0,0.13645032045405675,1.1541694162100982,0.14016107400386218,0.1971910757839337,0.19303371986349283,0.2296217927576232,-0.33061206654011954,0.5241619380617364,0.2060043121615145,0.5083525370731033,0.08713508279055304,0.5432816542081192,1.0,0.5652173913043478,0.5652173913043478,0.8695652173913043,0.21739130434782608,0.5652173913043478,0.2608695652173913,0.0,0.8692626953125,0.5816650390625,0.43896484375,0.311767578125,0.9530029296875,0.0,0.893665984890075,4.291744682558505,0.08492675792379611,0.18157536967989385,0.11857798670896591,0.20492584143888476,0.14136931623804116,0.5029844234313099,0.08842495488802982,0.48613827000581084,-0.247684129484675,0.4945104428256147,0.07777777777777778,0.9,0.022222222222222223,0.9777777777777777,0.022222222222222223,0.044444444444444446,0.06666666666666667,0.8555555555555555,0.05555555555555555,0.9111111111111111,0.9111111111111111,0.0,0.022222222222222223,0.0,0.0,358.5,0.022222222222222223,0.022222222222222223,1.0,0.7666666666666667,0.8222222222222222,0.9555555555555556,0.5888888888888889,0.6777777777777778,0.18888888888888888,0.022222222222222223,1.0,518.5230685027087,0.3820993294494851,1.0,0.7666666666666667,0.8333333333333334,0.9666666666666667,0.4444444444444444,0.7222222222222222,0.4,0.044444444444444446,1.0,518.5230685027087,0.2941959554457259
211,1624576,red,16,-0.001442343951202929,3.2782049655914305,0.0046272190811578184,0.062060546875,0.129423950240016,3.725290298461914e-09,0.9999998807907104,1.0,0.14102651104331015,0.053275312576442954,nan,nan,nan,nan,nan,nan,nan,nan,nan,nan,blue,3,False,9,8,,1.4535000110627152,-9.591250075725839,485.8333333333333,0.8333333333333334,0.0,0.16666666666666666,0.8333333333333334,0.08333333333333333,0.0,0.08333333333333333,0.0,0.75,0.75,0.75,0.0,0.0,0.0,0.16666666666666666,1387,1386,1386,694,693,1.0,0.8333333333333334,0.9166666666666666,1.0,0.8333333333333334,0.8333333333333334,0.25,0.08333333333333333,0.9078369140625,0.7474365234375,0.6632080078125,0.0855712890625,0.9927978515625,0.0,0.09594709471693388,0.7690772572039641,0.14214194454503273,0.19957461168833424,0.195739923325208,0.2335796045326551,-0.34557346575098435,0.521557356544083,0.22800915391749044,0.5017863223874806,0.09323773770275423,0.5421210496422356,1.0,0.8333333333333334,0.4166666666666667,0.9166666666666666,0.08333333333333333,0.75,0.08333333333333333,0.0,0.86669921875,0.62353515625,0.5299072265625,0.3433837890625,0.963623046875,0.0,0.8276576063767577,3.985047287077023,0.09751647607894391,0.1848389652933446,0.13649923379918905,0.20774808693058222,0.09989599790241144,0.5039056531957781,0.08823525082337369,0.48982591392801317,-0.18893801292456303,0.49776291426421354,0.07777777777777778,0.9,0.022222222222222223,0.9777777777777777,0.022222222222222223,0.044444444444444446,0.06666666666666667,0.8555555555555555,0.05555555555555555,0.9111111111111111,0.9111111111111111,0.0,0.022222222222222223,0.0,0.0,358.5,0.022222222222222223,0.022222222222222223,1.0,0.7666666666666667,0.8222222222222222,0.9555555555555556,0.5888888888888889,0.6777777777777778,0.18888888888888888,0.022222222222222223,1.0,518.5230685027087,0.3820993294494851,1.0,0.7666666666666667,0.8333333333333334,0.9666666666666667,0.4444444444444444,0.7222222222222222,0.4,0.044444444444444446,1.0,518.5230685027087,0.2941959554457259
212,1632768,red,16,-0.0019840575754642487,3.281974363327026,0.005201155741087859,0.0669189453125,0.16302293241024018,3.725290298461914e-09,0.9999999403953552,1.0,0.04708139356225729,0.04022678742185235,nan,nan,nan,nan,nan,nan,nan,nan,nan,nan,blue,3,False,9,8,,-0.9052105772272242,-7.609473688037772,487.63157894736844,0.7894736842105263,0.0,0.21052631578947367,0.7894736842105263,0.0,0.0,0.0,0.0,0.7894736842105263,0.7894736842105263,0.7894736842105263,0.0,0.0,0.0,0.21052631578947367,1393,1393,1392,697,696,1.0,0.6842105263157895,0.7894736842105263,1.0,0.6842105263157895,0.6842105263157895,0.2631578947368421,0.0,0.914306640625,0.7562255859375,0.66259765625,0.112060546875,0.995361328125,0.0,0.14042643608757782,1.22276767430037,0.14695101881289024,0.20217875034800106,0.2028198354217571,0.23852528854117255,-0.39027836418294015,0.5044108434530589,0.22180565027490573,0.5061804204845649,0.0873259387113059,0.5378129677290008,1.0,0.6842105263157895,0.631578947368421,0.9473684210526315,0.15789473684210525,0.6842105263157895,0.21052631578947367,0.0,0.8758544921875,0.61572265625,0.41357421875,0.256591796875,0.95458984375,0.0,0.5902156426024281,3.951785106473054,0.08854908651545003,0.18238611701383525,0.12193911300467938,0.20386214590993113,0.1093016673707119,0.4992739897947404,0.09150028132801324,0.48877750334155573,-0.22338783455880318,0.49713906946520975,0.07777777777777778,0.9,0.022222222222222223,0.9777777777777777,0.022222222222222223,0.044444444444444446,0.06666666666666667,0.8555555555555555,0.05555555555555555,0.9111111111111111,0.9111111111111111,0.0,0.022222222222222223,0.0,0.0,358.5,0.022222222222222223,0.022222222222222223,1.0,0.7666666666666667,0.8222222222222222,0.9555555555555556,0.5888888888888889,0.6777777777777778,0.18888888888888888,0.022222222222222223,1.0,518.5230685027087,0.3820993294494851,1.0,0.7666666666666667,0.8333333333333334,0.9666666666666667,0.4444444444444444,0.7222222222222222,0.4,0.044444444444444446,1.0,518.5230685027087,0.2941959554457259
213,1640960,red,16,-0.0025383357889950274,3.2855072140693666,0.005524598027113825,0.069384765625,0.16884438470005989,1.4901161193847656e-08,0.9999999403953552,1.0,0.012631987035274506,0.08646412752568722,nan,nan,nan,nan,nan,nan,nan,nan,nan,nan,blue,3,False,9,8,,0.2264999831012184,-8.537857167356249,517.7142857142857,0.7857142857142857,0.0,0.21428571428571427,0.7857142857142857,0.0,0.0,0.0,0.0,0.7857142857142857,0.7857142857142857,0.7857142857142857,0.0,0.0,0.0,0.21428571428571427,1398,1397,1397,699,699,1.0,0.7857142857142857,0.8571428571428571,1.0,0.7142857142857143,0.7857142857142857,0.2857142857142857,0.0,0.91748046875,0.744873046875,0.65869140625,0.114990234375,0.9964599609375,0.0,0.13140145979070797,1.0364739760566728,0.1477332001992026,0.20619686065275128,0.20813944295197986,0.2452910019018378,-0.3850742030311771,0.5141130483412447,0.20504905717680444,0.5083871159088905,0.14936799323901795,0.5327050668688619,1.0,0.7857142857142857,0.5714285714285714,0.9285714285714286,0.35714285714285715,0.7857142857142857,0.14285714285714285,0.0,0.867431640625,0.59521484375,0.4554443359375,0.3138427734375,0.9459228515625,0.0,0.7368612586657038,3.8998650746154744,0.09007891293796406,0.1821966162290372,0.12551603191397553,0.2070971971163478,0.08940094894238015,0.504271804541241,0.08293614928425797,0.49019560450900784,-0.22226247048876502,0.4916062508412415,0.07777777777777778,0.9,0.022222222222222223,0.9777777777777777,0.022222222222222223,0.044444444444444446,0.06666666666666667,0.8555555555555555,0.05555555555555555,0.9111111111111111,0.9111111111111111,0.0,0.022222222222222223,0.0,0.0,358.5,0.022222222222222223,0.022222222222222223,1.0,0.7666666666666667,0.8222222222222222,0.9555555555555556,0.5888888888888889,0.6777777777777778,0.18888888888888888,0.022222222222222223,1.0,518.5230685027087,0.3820993294494851,1.0,0.7666666666666667,0.8333333333333334,0.9666666666666667,0.4444444444444444,0.7222222222222222,0.4,0.044444444444444446,1.0,518.5230685027087,0.2941959554457259
214,1649152,red,16,-0.0015645787585526704,3.2899774312973022,0.0055055929959053175,0.07265625,0.11170499194413423,-1.1175870895385742e-08,1.0,1.0,0.2078639715909958,0.07856208393350243,nan,nan,nan,nan,nan,nan,nan,nan,nan,nan,blue,3,False,9,8,,0.582541659285198,-9.49895837980633,445.4583333333333,0.8333333333333334,0.041666666666666664,0.125,0.875,0.041666666666666664,0.0,0.041666666666666664,0.041666666666666664,0.7916666666666666,0.8333333333333334,0.8333333333333334,0.0,0.0,0.0,0.125,1406,1405,1405,703,703,1.0,0.6666666666666666,0.75,1.0,0.5416666666666666,0.6666666666666666,0.25,0.041666666666666664,0.921630859375,0.748779296875,0.6357421875,0.11669921875,0.9952392578125,0.0,0.15577021141057676,1.1911899449395518,0.1512586665375914,0.20844762239671444,0.2122643722075639,0.24978415647032962,-0.4197667622781154,0.5054382004740625,0.22886450484061172,0.5072977396218955,0.14440857749170277,0.5363686064361151,1.0,0.6666666666666666,0.5416666666666666,0.9583333333333334,0.375,0.5833333333333334,0.16666666666666666,0.0,0.865478515625,0.6103515625,0.4552001953125,0.258544921875,0.94677734375,0.0,0.6061600593597416,3.898309154121123,0.09146645091689085,0.18657421573343375,0.1286327958576645,0.21087968588073935,0.09912391957154654,0.5018625086098344,0.0705627574997294,0.4917352386890797,-0.188937862127581,0.5034061684744908,0.07777777777777778,0.9,0.022222222222222223,0.9777777777777777,0.022222222222222223,0.044444444444444446,0.06666666666666667,0.8555555555555555,0.05555555555555555,0.9111111111111111,0.9111111111111111,0.0,0.022222222222222223,0.0,0.0,358.5,0.022222222222222223,0.022222222222222223,1.0,0.7666666666666667,0.8222222222222222,0.9555555555555556,0.5888888888888889,0.6777777777777778,0.18888888888888888,0.022222222222222223,1.0,518.5230685027087,0.3820993294494851,1.0,0.7666666666666667,0.8333333333333334,0.9666666666666667,0.4444444444444444,0.7222222222222222,0.4,0.044444444444444446,1.0,518.5230685027087,0.2941959554457259
215,1657344,red,16,-0.00228488176362589,3.2941391110420226,0.004864471558539663,0.059521484375,0.16667781732976436,0.0,0.9999997615814209,1.0,0.019902456318959594,0.10308182518929243,nan,nan,nan,nan,nan,nan,nan,nan,nan,nan,blue,3,False,9,8,,0.23615383829634923,-6.895000037880471,476.9230769230769,0.6153846153846154,0.0,0.38461538461538464,0.6153846153846154,0.0,0.0,0.0,0.0,0.6153846153846154,0.6153846153846154,0.6153846153846154,0.0,0.0,0.0,0.38461538461538464,1410,1410,1409,705,705,1.0,0.6153846153846154,0.7692307692307693,1.0,0.6153846153846154,0.6153846153846154,0.23076923076923078,0.0,0.9193115234375,0.75537109375,0.5679931640625,0.0673828125,0.9964599609375,0.0,0.05731956538443557,0.3244281934719987,0.1552368464637069,0.21078608877310986,0.21895229585794745,0.2541153387691138,-0.43810860371617366,0.49118118380184234,0.22574677458841919,0.5053760167691643,0.20229424790039374,0.523101996543717,1.0,0.6153846153846154,0.7692307692307693,1.0,0.38461538461538464,0.6153846153846154,0.23076923076923078,0.0,0.8643798828125,0.6064453125,0.4906005859375,0.36279296875,0.958984375,0.0,0.9081270538452555,4.002286188570264,0.0925631357251991,0.18190610743806257,0.12974171879316931,0.20802369292472753,0.07839892482699184,0.5041678749430303,0.09445056679926367,0.4864160108755332,-0.23345726381068843,0.49291642163806976,0.05555555555555555,0.9333333333333333,0.011111111111111112,0.9888888888888889,0.044444444444444446,0.044444444444444446,0.08888888888888889,0.8888888888888888,0.011111111111111112,0.9,0.9,0.0,0.011111111111111112,0.0,0.0,329.1333333333333,0.044444444444444446,0.0,1.0,0.8444444444444444,0.8111111111111111,0.9555555555555556,0.6111111111111112,0.7222222222222222,0.2111111111111111,0.044444444444444446,1.0,457.8198850375886,0.3517003883682027,1.0,0.8444444444444444,0.8333333333333334,0.9444444444444444,0.5111111111111111,0.7888888888888889,0.45555555555555555,0.044444444444444446,1.0,457.8198850375886,0.2725945289848504
216,1665536,red,16,-0.0009619625518098474,3.29586580991745,0.0022234556920011526,0.014892578125,0.13263816051185132,-1.1175870895385742e-08,1.0,1.0,0.14884091839194297,0.12944130413234234,nan,nan,nan,nan,nan,nan,nan,nan,nan,nan,blue,3,False,9,8,,-0.7316666767518554,-6.620833334047347,486.1111111111111,0.6666666666666666,0.05555555555555555,0.2777777777777778,0.7222222222222222,0.0,0.0,0.0,0.05555555555555555,0.6666666666666666,0.7222222222222222,0.7222222222222222,0.0,0.0,0.0,0.2777777777777778,1416,1416,1415,708,708,1.0,0.8888888888888888,0.8888888888888888,1.0,0.8333333333333334,0.8888888888888888,0.1111111111111111,0.0,0.923095703125,0.7684326171875,0.5396728515625,0.072509765625,0.9954833984375,0.0,0.0810254151606333,0.637930934890892,0.15702211569716093,0.2121739825947365,0.21826243863578054,0.25586497133437625,-0.4446324316403185,0.4878522648708978,0.2431870333314805,0.5091775048535337,0.21748173518131608,0.5290100306594723,1.0,0.8888888888888888,0.5555555555555556,1.0,0.2777777777777778,0.8888888888888888,0.1111111111111111,0.0,0.867919921875,0.6151123046875,0.4542236328125,0.2777099609375,0.9595947265625,0.0,0.6724818529432681,3.9330948677287556,0.09299828451427454,0.18518081903954692,0.1308908805284616,0.20845361110165722,0.0903737098000903,0.5029069584386702,0.0878945344005686,0.4839294315605972,-0.19728561376751585,0.4970490597642936,0.05555555555555555,0.9333333333333333,0.011111111111111112,0.9888888888888889,0.044444444444444446,0.044444444444444446,0.08888888888888889,0.8888888888888888,0.011111111111111112,0.9,0.9,0.0,0.011111111111111112,0.0,0.0,329.1333333333333,0.044444444444444446,0.0,1.0,0.8444444444444444,0.8111111111111111,0.9555555555555556,0.6111111111111112,0.7222222222222222,0.2111111111111111,0.044444444444444446,1.0,457.8198850375886,0.3517003883682027,1.0,0.8444444444444444,0.8333333333333334,0.9444444444444444,0.5111111111111111,0.7888888888888889,0.45555555555555555,0.044444444444444446,1.0,457.8198850375886,0.2725945289848504
217,1673728,red,16,-0.0015975697548128664,3.300453042984009,0.0038785561569966375,0.04091796875,0.13981597758829595,3.725290298461914e-09,0.9999999403953552,1.0,0.034025395195931195,0.07877420429140329,nan,nan,nan,nan,nan,nan,nan,nan,nan,nan,blue,3,False,9,8,,-0.28785718571660773,-10.535000032080072,449.35714285714283,1.0,0.0,0.0,1.0,0.0,0.0,0.0,0.0,1.0,1.0,1.0,0.0,0.0,0.0,0.0,1421,1420,1420,711,710,1.0,0.5714285714285714,0.7142857142857143,1.0,0.5,0.5714285714285714,0.21428571428571427,0.0,0.9273681640625,0.763671875,0.50537109375,0.093017578125,0.9971923828125,0.0,0.08113168591635472,0.5444406454631515,0.1601538322450679,0.2127367848418112,0.22410435077082058,0.2567167538509686,-0.45561805245926124,0.48054369861249097,0.24254730763527022,0.5032624324661329,0.26785600041629465,0.524160072692654,1.0,0.5714285714285714,0.6428571428571429,1.0,0.14285714285714285,0.5,0.2857142857142857,0.0,0.86474609375,0.6190185546875,0.4901123046875,0.343505859375,0.9619140625,0.0,0.8754252911789506,4.064739116101357,0.09512617053920663,0.18044605867879254,0.13357184132739092,0.2047443996672884,0.08750563860325755,0.5041322068299178,0.10004560164573917,0.4889138542501429,-0.23300231423198525,0.49136516596618346,0.05555555555555555,0.9333333333333333,0.011111111111111112,0.9888888888888889,0.044444444444444446,0.044444444444444446,0.08888888888888889,0.8888888888888888,0.011111111111111112,0.9,0.9,0.0,0.011111111111111112,0.0,0.0,329.1333333333333,0.044444444444444446,0.0,1.0,0.8444444444444444,0.8111111111111111,0.9555555555555556,0.6111111111111112,0.7222222222222222,0.2111111111111111,0.044444444444444446,1.0,457.8198850375886,0.3517003883682027,1.0,0.8444444444444444,0.8333333333333334,0.9444444444444444,0.5111111111111111,0.7888888888888889,0.45555555555555555,0.044444444444444446,1.0,457.8198850375886,0.2725945289848504
218,1681920,red,16,-0.002291445410810411,3.307832491397858,0.005273977076285519,0.0671630859375,0.14421203993260862,-1.0244548320770264e-08,0.9999999403953552,1.0,0.19160849303007127,0.1233649494126439,nan,nan,nan,nan,nan,nan,nan,nan,nan,nan,blue,3,False,9,8,,0.6755000000353902,-8.664000043086707,466.55,0.75,0.05,0.2,0.8,0.05,0.0,0.05,0.05,0.7,0.75,0.75,0.0,0.0,0.0,0.2,1427,1427,1427,714,713,1.0,0.8,0.9,1.0,0.75,0.8,0.2,0.05,0.9283447265625,0.7615966796875,0.4654541015625,0.043701171875,0.9964599609375,0.0,0.03044568064009774,8.881784197001252e-16,0.1601888340475774,0.213135964879819,0.22349287155461725,0.2571464648567621,-0.4715028398085437,0.4815364990151192,0.26180815106640765,0.4980463920235996,0.25698901559113807,0.5239487724956365,1.0,0.8,0.6,0.9,0.25,0.75,0.1,0.0,0.86572265625,0.6456298828125,0.43310546875,0.2662353515625,0.9598388671875,0.0,0.5766019634650232,3.5838627009176927,0.09424105114433329,0.1823045630559815,0.12976808468702877,0.2047833327301546,0.05400351665914371,0.5036491001675469,0.10092813475799645,0.48560921686536845,-0.21036510929959462,0.49813408538495735,0.05555555555555555,0.9333333333333333,0.011111111111111112,0.9888888888888889,0.044444444444444446,0.044444444444444446,0.08888888888888889,0.8888888888888888,0.011111111111111112,0.9,0.9,0.0,0.011111111111111112,0.0,0.0,329.1333333333333,0.044444444444444446,0.0,1.0,0.8444444444444444,0.8111111111111111,0.9555555555555556,0.6111111111111112,0.7222222222222222,0.2111111111111111,0.044444444444444446,1.0,457.8198850375886,0.3517003883682027,1.0,0.8444444444444444,0.8333333333333334,0.9444444444444444,0.5111111111111111,0.7888888888888889,0.45555555555555555,0.044444444444444446,1.0,457.8198850375886,0.2725945289848504
219,1690112,red,16,-0.0005295368493534625,3.315643787384033,0.004386560879356694,0.0479248046875,0.12730266638100146,5.587935447692871e-09,1.0,1.0,0.22855724208056927,0.07709192261099815,nan,nan,nan,nan,nan,nan,nan,nan,nan,nan,blue,3,False,9,8,,1.2942105164065172,-8.157105308173126,462.6842105263158,0.7368421052631579,0.0,0.2631578947368421,0.7368421052631579,0.10526315789473684,0.0,0.10526315789473684,0.0,0.631578947368421,0.631578947368421,0.631578947368421,0.0,0.0,0.0,0.2631578947368421,1434,1433,1433,717,717,1.0,0.631578947368421,0.8421052631578947,1.0,0.631578947368421,0.631578947368421,0.3157894736842105,0.10526315789473684,0.925537109375,0.7427978515625,0.4393310546875,0.0968017578125,0.9949951171875,0.0,0.0909622579440459,0.6821836935022035,0.15538835016988348,0.21321376869263858,0.22126306684653207,0.2574592405875388,-0.4575268280898612,0.4888176710329651,0.21664188832886566,0.5054090000733332,0.26627804704691016,0.529672981540675,1.0,0.631578947368421,0.5789473684210527,0.8947368421052632,0.21052631578947367,0.5263157894736842,0.15789473684210525,0.0,0.8670654296875,0.6484375,0.4322509765625,0.2509765625,0.961669921875,0.0,0.5690925295704711,3.855145895498927,0.09361554277448385,0.18499635369268833,0.12870684240290647,0.20782118116225043,0.07080917491533256,0.5070153799195727,0.10306951505321038,0.4875065538376556,-0.21813382529870395,0.5000984237283825,0.05555555555555555,0.9333333333333333,0.011111111111111112,0.9888888888888889,0.044444444444444446,0.044444444444444446,0.08888888888888889,0.8888888888888888,0.011111111111111112,0.9,0.9,0.0,0.011111111111111112,0.0,0.0,329.1333333333333,0.044444444444444446,0.0,1.0,0.8444444444444444,0.8111111111111111,0.9555555555555556,0.6111111111111112,0.7222222222222222,0.2111111111111111,0.044444444444444446,1.0,457.8198850375886,0.3517003883682027,1.0,0.8444444444444444,0.8333333333333334,0.9444444444444444,0.5111111111111111,0.7888888888888889,0.45555555555555555,0.044444444444444446,1.0,457.8198850375886,0.2725945289848504
220,1698304,red,16,-0.0016761490376666188,3.3187424659729006,0.003341040750819957,0.03203125,0.12255175560712814,-7.450580596923828e-09,1.0,1.0,0.11547670103609561,0.06718636555597186,nan,nan,nan,nan,nan,nan,nan,nan,nan,nan,blue,3,False,9,8,,0.4176249837400974,-6.9996875153156,475.375,0.6875,0.0,0.3125,0.6875,0.0625,0.0,0.0625,0.0,0.625,0.625,0.625,0.0,0.0,0.0,0.3125,1439,1439,1438,720,719,1.0,0.75,0.8125,1.0,0.6875,0.75,0.1875,0.0625,0.9281005859375,0.763916015625,0.4871826171875,0.1060791015625,0.9964599609375,0.0,0.09943006981335856,0.8154001355071776,0.15929610609199463,0.2134019607114811,0.22236235346375316,0.25776505013881373,-0.47674403395696885,0.4694046182419175,0.2592939811339221,0.498450402116604,0.3103217503979323,0.5119784730936084,1.0,0.75,0.75,0.9375,0.375,0.6875,0.1875,0.0,0.865478515625,0.62255859375,0.4771728515625,0.30908203125,0.957763671875,0.0,0.7130621545486184,3.8881139866579195,0.09562147303763775,0.18417505975445808,0.13369186673683459,0.20809625231809262,0.06668611501776667,0.505508231973613,0.09158032335869493,0.4865278788018181,-0.20314471150623703,0.5005237869777479,0.044444444444444446,0.9444444444444444,0.011111111111111112,0.9888888888888889,0.044444444444444446,0.011111111111111112,0.05555555555555555,0.9333333333333333,0.0,0.9333333333333333,0.9333333333333333,0.0,0.011111111111111112,0.0,0.0,298.27777777777777,0.011111111111111112,0.03333333333333333,1.0,0.7222222222222222,0.8111111111111111,0.9888888888888889,0.6111111111111112,0.6555555555555556,0.2111111111111111,0.044444444444444446,1.0,523.6717650469384,0.3720393416084213,1.0,0.7222222222222222,0.8333333333333334,0.9555555555555556,0.37777777777777777,0.6666666666666666,0.6,0.011111111111111112,1.0,523.6717650469384,0.3045481725848822
221,1700000,red,16,-0.006642060948289697,3.317590522766113,0.004377458796546496,0.05719339568167925,0.300455766916275,-2.249231911832794e-08,0.9999998807907104,1.0,0.00772285470739007,0.08870219811797142,nan,nan,nan,nan,nan,nan,nan,nan,nan,nan,blue,3,False,9,8,9,0.0,-5.0,493.5,0.5,0.0,0.5,0.5,0.0,0.0,0.0,0.0,0.5,0.5,0.5,0.0,0.0,0.0,0.5,1440,1439,1439,720,720,1.0,1.0,1.0,1.0,1.0,1.0,0.0,0.0,0.9292452830188679,0.7429245283018868,0.4033018867924528,0.06898584905660378,0.9946933962264151,0.0,0.12240054092222338,1.4471387945376726,0.15782866409015645,0.21328411717484058,0.22481705565246116,0.2575823625988862,-0.47931278162478813,0.47412169634843676,0.22063134929724257,0.5043891297593803,0.29533928729557923,0.5173798942802738,1.0,1.0,0.0,1.0,0.0,1.0,0.0,0.0,0.875,0.629127358490566,0.4705188679245283,0.3266509433962264,0.9640330188679245,0.0,0.8431953488330619,4.108287598267528,0.094691792440187,0.1814801652338142,0.13141122047105655,0.20779954215767688,0.1215469313726471,0.4986713190238921,0.10638431213229987,0.4823127974024809,-0.2493622117183135,0.4906265610695582,0.03333333333333333,0.9444444444444444,0.022222222222222223,0.9777777777777777,0.03333333333333333,0.05555555555555555,0.08888888888888889,0.8888888888888888,0.0,0.8888888888888888,0.8888888888888888,0.0,0.022222222222222223,0.0,0.0,270.34444444444443,0.03333333333333333,0.02222222222222222,1.0,0.7,0.8111111111111111,0.9444444444444444,0.6111111111111112,0.6111111111111112,0.2,0.03333333333333333,1.0,549.4964928392548,0.4140379409963403,1.0,0.7,0.8333333333333334,0.9555555555555556,0.3888888888888889,0.6444444444444445,0.6555555555555556,0.05555555555555555,1.0,549.4964928392548,0.2985888484227983
222,1708192,blue,17,nan,nan,nan,nan,nan,nan,nan,nan,nan,nan,-0.001869101938791573,3.231781852245331,0.011990088580932933,0.169384765625,0.1283310767263174,-7.450580596923828e-09,0.9999999403953552,1.0,0.49590002149343493,0.17684667371213436,red,9,True,10,8,,-4.125000006519258,3.8149999701417983,137.5,0.25,0.75,0.0,1.0,0.25,0.75,1.0,0.0,0.0,0.0,0.0,0.0,0.0,0.0,0.0,1452,1451,1451,726,726,1.0,1.0,1.0,0.5,0.25,0.5,0.5,0.25,0.9315185546875,0.7542724609375,0.6898193359375,0.2083740234375,0.9962158203125,0.0,0.36744115978822955,2.418450599751823,0.14993374287356542,0.20471937295208728,0.20208207519197957,0.24287385002631132,-0.4727673876124001,0.49044964363766935,0.3121931334038095,0.49255879094428584,0.24090524722908668,0.5311660003448199,1.0,1.0,0.75,0.75,0.75,0.75,0.75,0.75,0.89013671875,0.640625,0.421875,0.1036376953125,0.922607421875,0.0,0.22804260435913798,1.9772773200312608,0.10138516747969921,0.18427852189262736,0.12835139142675894,0.20491942703827057,-0.07830829807097928,0.5443317189998613,0.3154745255072129,0.48922301147189556,-0.3026015402197615,0.5006469709042504,0.03333333333333333,0.9444444444444444,0.022222222222222223,0.9777777777777777,0.03333333333333333,0.05555555555555555,0.08888888888888889,0.8888888888888888,0.0,0.8888888888888888,0.8888888888888888,0.0,0.022222222222222223,0.0,0.0,270.34444444444443,0.03333333333333333,0.02222222222222222,1.0,0.7,0.8111111111111111,0.9444444444444444,0.6111111111111112,0.6111111111111112,0.2,0.03333333333333333,1.0,549.4964928392548,0.4140379409963403,1.0,0.7,0.8333333333333334,0.9555555555555556,0.3888888888888889,0.6444444444444445,0.6555555555555556,0.05555555555555555,1.0,549.4964928392548,0.2985888484227983
223,1716384,blue,17,nan,nan,nan,nan,nan,nan,nan,nan,nan,nan,-0.0016803108155727386,3.2355998039245604,0.004747811758716125,0.0562744140625,0.12851547934114932,-3.725290298461914e-09,1.0,1.0,0.40300069004297256,0.13965793028473855,red,9,True,10,8,,-7.704285740142777,-1.4483333635365678,405.3809523809524,0.14285714285714285,0.8571428571428571,0.0,1.0,0.09523809523809523,0.047619047619047616,0.14285714285714285,0.8095238095238095,0.047619047619047616,0.8571428571428571,0.8571428571428571,0.0,0.0,0.0,0.0,1459,1458,1458,730,729,1.0,0.6666666666666666,0.7619047619047619,1.0,0.6190476190476191,0.6666666666666666,0.23809523809523808,0.09523809523809523,0.9520263671875,0.7509765625,0.5401611328125,0.289306640625,0.9969482421875,0.0,0.5678332094693637,2.852691124984644,0.15719057490907906,0.2076487274039527,0.2177653866153677,0.2527202044975251,-0.6020700971838835,0.4289775899376807,0.3096096465009843,0.4997465085063835,0.2573662926573803,0.5438165460317679,1.0,0.6666666666666666,0.8571428571428571,0.8571428571428571,0.38095238095238093,0.5714285714285714,0.2857142857142857,0.047619047619047616,0.8848876953125,0.304931640625,0.2884521484375,0.2237548828125,0.6068115234375,0.0,0.846524999073099,4.872996761251683,0.04035554013658821,0.17700684093240507,0.05252600667284179,0.19509815288291088,-0.15424679758683624,0.5373978192060322,0.39909967141556635,0.4631853915533019,-0.2295222999101867,0.5142346428380151,0.03333333333333333,0.9444444444444444,0.022222222222222223,0.9777777777777777,0.03333333333333333,0.05555555555555555,0.08888888888888889,0.8888888888888888,0.0,0.8888888888888888,0.8888888888888888,0.0,0.022222222222222223,0.0,0.0,270.34444444444443,0.03333333333333333,0.02222222222222222,1.0,0.7,0.8111111111111111,0.9444444444444444,0.6111111111111112,0.6111111111111112,0.2,0.03333333333333333,1.0,549.4964928392548,0.4140379409963403,1.0,0.7,0.8333333333333334,0.9555555555555556,0.3888888888888889,0.6444444444444445,0.6555555555555556,0.05555555555555555,1.0,549.4964928392548,0.2985888484227983
224,1724576,blue,17,nan,nan,nan,nan,nan,nan,nan,nan,nan,nan,-0.001564506348222494,3.242307126522064,0.0031754951189213896,0.027001953125,0.1548018515110016,1.6763806343078613e-08,1.0,1.0,1.008652278780937,0.44653639271855355,red,9,True,10,8,,-1.2074375148440595,-7.183750011899974,492.4375,0.6875,0.25,0.0625,0.9375,0.125,0.0,0.125,0.25,0.5625,0.8125,0.8125,0.0,0.0,0.0,0.0625,1464,1464,1463,732,732,1.0,0.9375,0.9375,1.0,0.9375,0.9375,0.1875,0.125,0.944091796875,0.7471923828125,0.6375732421875,0.2720947265625,0.9971923828125,0.0,0.5408372578454441,3.010551251067918,0.15184792449777618,0.20618864073914075,0.20657231304611903,0.24987637050826683,-0.5456218565931437,0.45597736246409837,0.31899377697176945,0.492684425798676,0.23537305462469504,0.5363597016373649,1.0,0.9375,0.25,0.875,0.125,0.8125,0.0625,0.0,0.8851318359375,0.4365234375,0.3187255859375,0.170654296875,0.7371826171875,0.0,0.5578929887433782,4.7216121531066655,0.06376961361565628,0.1779811938006845,0.07974935667416548,0.19557291756767028,-0.1496317338747275,0.5416321858263607,0.3830675243111159,0.47187423355293756,-0.28197727369285275,0.503924461377654,0.03333333333333333,0.9444444444444444,0.022222222222222223,0.9777777777777777,0.03333333333333333,0.05555555555555555,0.08888888888888889,0.8888888888888888,0.0,0.8888888888888888,0.8888888888888888,0.0,0.022222222222222223,0.0,0.0,270.34444444444443,0.03333333333333333,0.02222222222222222,1.0,0.7,0.8111111111111111,0.9444444444444444,0.6111111111111112,0.6111111111111112,0.2,0.03333333333333333,1.0,549.4964928392548,0.4140379409963403,1.0,0.7,0.8333333333333334,0.9555555555555556,0.3888888888888889,0.6444444444444445,0.6555555555555556,0.05555555555555555,1.0,549.4964928392548,0.2985888484227983
225,1732768,blue,17,nan,nan,nan,nan,nan,nan,nan,nan,nan,nan,-0.0007126325042918324,3.2496691823005674,0.0031722660693048964,0.029296875,0.15761125423014163,3.725290298461914e-09,1.0,1.0,0.6587329149246216,0.19260881729424,red,9,True,10,8,,-7.296578969267246,-3.5465789551013396,431.10526315789474,0.2631578947368421,0.631578947368421,0.10526315789473684,0.8947368421052632,0.05263157894736842,0.0,0.05263157894736842,0.6842105263157895,0.2631578947368421,0.8947368421052632,0.8947368421052632,0.0,0.05263157894736842,0.0,0.0,1470,1470,1470,735,735,1.0,0.7368421052631579,0.7894736842105263,0.9473684210526315,0.6842105263157895,0.6842105263157895,0.15789473684210525,0.05263157894736842,0.951416015625,0.6844482421875,0.6087646484375,0.33203125,0.99658203125,0.0,0.8217558780556867,3.698851359392306,0.14998414276658412,0.2069167085035183,0.2090884515572255,0.25211002467309873,-0.601099039212464,0.42847443157097215,0.3090259102329682,0.4949148165141133,0.24951824070705797,0.544444230727036,1.0,0.7368421052631579,0.7894736842105263,0.8947368421052632,0.3684210526315789,0.631578947368421,0.2631578947368421,0.0,0.885986328125,0.31884765625,0.2740478515625,0.2020263671875,0.634521484375,0.0,0.7501458701891109,4.8376387643416825,0.04177346368952663,0.17536887901288759,0.05422714841102162,0.1915901054984612,-0.16067448911398685,0.5350075246282262,0.3910540392398474,0.4671660877127755,-0.2601018377734121,0.5033576434406838,0.011111111111111112,0.9555555555555556,0.03333333333333333,0.9666666666666667,0.011111111111111112,0.022222222222222223,0.03333333333333333,0.9333333333333333,0.0,0.9333333333333333,0.9333333333333333,0.0,0.03333333333333333,0.0,0.0,278.3333333333333,0.011111111111111112,0.011111111111111112,1.0,0.6888888888888889,0.8111111111111111,0.9555555555555556,0.5888888888888889,0.6222222222222222,0.17777777777777778,0.011111111111111112,1.0,552.3387733815083,0.4271130863548544,1.0,0.6888888888888889,0.8333333333333334,0.9555555555555556,0.3888888888888889,0.6444444444444445,0.6333333333333333,0.022222222222222223,1.0,552.3387733815083,0.28625750924169263
226,1740960,blue,17,nan,nan,nan,nan,nan,nan,nan,nan,nan,nan,-0.0017473911168053747,3.255090796947479,0.0029735962896666026,0.027294921875,0.15746402367949486,3.725290298461914e-09,0.9999999403953552,1.0,0.7791285276412964,0.19223756045103074,red,9,True,10,8,,-2.8164000030315948,-4.1690000428352505,440.05,0.35,0.5,0.15,0.85,0.15,0.05,0.2,0.45,0.2,0.65,0.65,0.0,0.0,0.0,0.15,1477,1477,1476,739,738,1.0,0.8,0.9,1.0,0.75,0.8,0.3,0.15,0.9454345703125,0.7158203125,0.6602783203125,0.3065185546875,0.996337890625,0.0,0.6957751738051172,3.5412658307238067,0.1492335922959597,0.20443467861741768,0.20422212039783808,0.2453147258892526,-0.570388397746374,0.44258353555801305,0.3240977424169955,0.4933931309099224,0.24466375690277076,0.5416351246873967,1.0,0.8,0.55,0.85,0.25,0.65,0.2,0.05,0.88720703125,0.4073486328125,0.29931640625,0.16162109375,0.70654296875,0.0,0.58124379268709,4.749908196093599,0.057341023634537865,0.17597625330475644,0.07202445011459593,0.1919293043969823,-0.17648852860097364,0.5350384837125348,0.3865227356308658,0.46809565372012657,-0.3010979210545166,0.49779998093918865,0.011111111111111112,0.9555555555555556,0.03333333333333333,0.9666666666666667,0.011111111111111112,0.022222222222222223,0.03333333333333333,0.9333333333333333,0.0,0.9333333333333333,0.9333333333333333,0.0,0.03333333333333333,0.0,0.0,278.3333333333333,0.011111111111111112,0.011111111111111112,1.0,0.6888888888888889,0.8111111111111111,0.9555555555555556,0.5888888888888889,0.6222222222222222,0.17777777777777778,0.011111111111111112,1.0,552.3387733815083,0.4271130863548544,1.0,0.6888888888888889,0.8333333333333334,0.9555555555555556,0.3888888888888889,0.6444444444444445,0.6333333333333333,0.022222222222222223,1.0,552.3387733815083,0.28625750924169263
227,1749152,blue,17,nan,nan,nan,nan,nan,nan,nan,nan,nan,nan,-0.002278779540210962,3.258695673942566,0.006787485041422769,0.0895263671875,0.17516650334000589,-1.862645149230957e-09,1.0,1.0,0.2652560964226723,0.08874820787459611,red,9,True,10,8,,-6.926400019282785,-2.091333347931504,451.6,0.2,0.7333333333333333,0.06666666666666667,0.9333333333333333,0.06666666666666667,0.0,0.06666666666666667,0.7333333333333333,0.13333333333333333,0.8666666666666667,0.8666666666666667,0.0,0.0,0.0,0.06666666666666667,1482,1482,1481,741,741,1.0,0.7333333333333333,0.7333333333333333,1.0,0.6666666666666666,0.7333333333333333,0.13333333333333333,0.06666666666666667,0.9468994140625,0.7152099609375,0.65576171875,0.3616943359375,0.99658203125,0.0,0.8217223373879314,3.4756438585043425,0.15089208944943827,0.2042245986232023,0.2081002964390632,0.24817355602018293,-0.5849531623006428,0.430764072859058,0.30929685878674107,0.4925913291209547,0.25651547966188915,0.5395848962378822,1.0,0.7333333333333333,0.7333333333333333,0.9333333333333333,0.4,0.6666666666666666,0.26666666666666666,0.0,0.8841552734375,0.3209228515625,0.26318359375,0.1983642578125,0.658935546875,0.0,0.7028822010364104,4.777115907671983,0.04204054089931128,0.17420724403187393,0.054135955539625476,0.19025611044691312,-0.17986119461091832,0.5303338829685355,0.3935746266995608,0.4694085741669652,-0.2953357400677916,0.502416948631863,0.011111111111111112,0.9555555555555556,0.03333333333333333,0.9666666666666667,0.011111111111111112,0.022222222222222223,0.03333333333333333,0.9333333333333333,0.0,0.9333333333333333,0.9333333333333333,0.0,0.03333333333333333,0.0,0.0,278.3333333333333,0.011111111111111112,0.011111111111111112,1.0,0.6888888888888889,0.8111111111111111,0.9555555555555556,0.5888888888888889,0.6222222222222222,0.17777777777777778,0.011111111111111112,1.0,552.3387733815083,0.4271130863548544,1.0,0.6888888888888889,0.8333333333333334,0.9555555555555556,0.3888888888888889,0.6444444444444445,0.6333333333333333,0.022222222222222223,1.0,552.3387733815083,0.28625750924169263
228,1757344,blue,17,nan,nan,nan,nan,nan,nan,nan,nan,nan,nan,-0.0011136026121675968,3.2585696816444396,0.003449227052624337,0.033544921875,0.16035802364349366,-3.725290298461914e-09,1.0,1.0,0.6670947521924973,0.18553679808974266,red,9,True,10,8,,-3.993800002685748,-4.968000040668994,427.65,0.35,0.55,0.1,0.9,0.15,0.0,0.15,0.55,0.2,0.75,0.75,0.0,0.05,0.0,0.05,1489,1488,1488,745,744,1.0,0.9,0.9,0.95,0.9,0.85,0.15,0.15,0.942626953125,0.7432861328125,0.6060791015625,0.2467041015625,0.9976806640625,0.0,0.47500630975533786,2.9760454632567535,0.153232636629539,0.20612531564610237,0.20894972527794148,0.25025471750726014,-0.5670014815653488,0.4467914018140014,0.31542901955520364,0.49167785324752555,0.20587376069834562,0.5436472315546145,1.0,0.9,0.6,0.8,0.35,0.7,0.1,0.0,0.8883056640625,0.377685546875,0.314453125,0.203369140625,0.67919921875,0.0,0.7284891817748138,4.837125975446247,0.05285226241802904,0.179306698053328,0.06719869487981688,0.19746286183476863,-0.14309620733611084,0.5405571775912488,0.39141346412921507,0.4678800899980689,-0.24898215641115584,0.5144518971495982,0.011111111111111112,0.9555555555555556,0.03333333333333333,0.9666666666666667,0.011111111111111112,0.022222222222222223,0.03333333333333333,0.9333333333333333,0.0,0.9333333333333333,0.9333333333333333,0.0,0.03333333333333333,0.0,0.0,278.3333333333333,0.011111111111111112,0.011111111111111112,1.0,0.6888888888888889,0.8111111111111111,0.9555555555555556,0.5888888888888889,0.6222222222222222,0.17777777777777778,0.011111111111111112,1.0,552.3387733815083,0.4271130863548544,1.0,0.6888888888888889,0.8333333333333334,0.9555555555555556,0.3888888888888889,0.6444444444444445,0.6333333333333333,0.022222222222222223,1.0,552.3387733815083,0.28625750924169263
229,1765536,blue,17,nan,nan,nan,nan,nan,nan,nan,nan,nan,nan,-0.00046561924973502754,3.2625120282173157,0.0018575132002297324,0.01201171875,0.14642587825655937,7.450580596923828e-09,1.0000001192092896,1.0,0.83415766954422,0.22460368797183036,red,9,True,10,8,,-3.404500022670254,-4.625250028492883,423.2,0.45,0.5,0.05,0.95,0.15,0.05,0.2,0.45,0.3,0.75,0.75,0.0,0.0,0.0,0.05,1495,1495,1495,748,747,1.0,0.75,0.8,0.95,0.7,0.7,0.25,0.15,0.9461669921875,0.7236328125,0.6470947265625,0.3306884765625,0.996826171875,0.0,0.7787464761544141,3.6175619399318557,0.15059936450822528,0.20626427047820406,0.20534978561682665,0.249355388419157,-0.5914868302233849,0.4288038526718759,0.3382324706464317,0.4911130748559889,0.23739846076303905,0.5368240158804428,1.0,0.75,0.55,0.85,0.3,0.6,0.25,0.05,0.8929443359375,0.33251953125,0.2947998046875,0.18017578125,0.6337890625,0.0,0.6748510913243269,4.828772810457978,0.047914808655803776,0.18018281264295716,0.06122733065652237,0.19907973351843666,-0.13409142294652554,0.5365187198502146,0.4103030478858827,0.4602632488988257,-0.27163701393005013,0.5117955203394376,0.011111111111111112,0.9555555555555556,0.03333333333333333,0.9666666666666667,0.011111111111111112,0.022222222222222223,0.03333333333333333,0.9333333333333333,0.0,0.9333333333333333,0.9333333333333333,0.0,0.03333333333333333,0.0,0.0,278.3333333333333,0.011111111111111112,0.011111111111111112,1.0,0.6888888888888889,0.8111111111111111,0.9555555555555556,0.5888888888888889,0.6222222222222222,0.17777777777777778,0.011111111111111112,1.0,552.3387733815083,0.4271130863548544,1.0,0.6888888888888889,0.8333333333333334,0.9555555555555556,0.3888888888888889,0.6444444444444445,0.6333333333333333,0.022222222222222223,1.0,552.3387733815083,0.28625750924169263
230,1773728,blue,17,nan,nan,nan,nan,nan,nan,nan,nan,nan,nan,-0.0029341640067286788,3.274086022377014,0.0051520668959710745,0.0617919921875,0.1852818738669157,7.450580596923828e-09,1.0,1.0,0.5485959202051163,0.2542804412543774,red,9,True,10,8,,-6.804555578234916,-3.401111108975278,476.72222222222223,0.3888888888888889,0.6111111111111112,0.0,1.0,0.0,0.0,0.0,0.6111111111111112,0.3888888888888889,1.0,1.0,0.0,0.0,0.0,0.0,1501,1501,1501,751,750,1.0,0.7777777777777778,0.7777777777777778,1.0,0.7777777777777778,0.7777777777777778,0.0,0.0,0.9417724609375,0.688232421875,0.64599609375,0.3126220703125,0.995849609375,0.0,0.7834799914217379,3.6376791983637258,0.14850332565084018,0.2064856796962253,0.206031734113395,0.24726500996332915,-0.5624711984275805,0.4432894491902399,0.30625173300800057,0.49412994173412167,0.2549145806334643,0.5371026439756248,1.0,0.7777777777777778,0.6111111111111112,1.0,0.2777777777777778,0.7777777777777778,0.2222222222222222,0.0,0.8857421875,0.35595703125,0.3189697265625,0.1846923828125,0.6309814453125,0.0,0.6898409515820831,4.8521005195085625,0.051943181811932415,0.1788612823715159,0.0658453854014374,0.19786924202800318,-0.11489248354307335,0.539304766164855,0.41750274097543993,0.45666293393985874,-0.2547376033252142,0.5149791676958069,0.044444444444444446,0.9444444444444444,0.011111111111111112,0.9888888888888889,0.044444444444444446,0.17777777777777778,0.2222222222222222,0.7666666666666667,0.0,0.7666666666666667,0.7666666666666667,0.0,0.011111111111111112,0.0,0.0,248.61111111111111,0.044444444444444446,0.13333333333333333,1.0,0.8444444444444444,0.8111111111111111,0.7777777777777778,0.6111111111111112,0.6,0.2222222222222222,0.044444444444444446,1.0,486.18340078596106,0.33302772877185205,1.0,0.8444444444444444,0.8333333333333334,0.9444444444444444,0.4777777777777778,0.7888888888888889,0.2222222222222222,0.17777777777777778,1.0,486.18340078596106,0.3024021908395797
231,1781920,blue,17,nan,nan,nan,nan,nan,nan,nan,nan,nan,nan,-0.0014037922373972833,3.2846705317497253,0.004471889830892905,0.0521728515625,0.1593732375651598,-1.862645149230957e-09,1.0,1.0,0.5851519942283631,0.19142385795712472,red,9,True,10,8,,-3.1103125024819747,-6.0953125392552465,465.9375,0.5,0.4375,0.0625,0.9375,0.0625,0.0,0.0625,0.4375,0.4375,0.875,0.875,0.0,0.0,0.0,0.0625,1507,1506,1506,754,753,1.0,0.8125,0.875,1.0,0.75,0.8125,0.1875,0.0625,0.94970703125,0.71240234375,0.634521484375,0.3583984375,0.9974365234375,0.0,0.8457196683121244,3.5627803556301503,0.14989816820170415,0.20410512758459579,0.2059999498708617,0.24944770648388453,-0.5911100077322686,0.42204912249662646,0.325173792042154,0.4878755368577586,0.24566844615264571,0.5430573407654887,1.0,0.8125,0.4375,0.875,0.25,0.6875,0.125,0.0,0.8851318359375,0.315673828125,0.3096923828125,0.2138671875,0.5595703125,0.0,0.8152259171147012,4.903024922707351,0.04434491926598215,0.1795535158058828,0.05619614921991762,0.19847881242625076,-0.13742060622040952,0.5402721426918448,0.43898545341111017,0.45787857583396857,-0.25109773369568344,0.5213550242932234,0.044444444444444446,0.9444444444444444,0.011111111111111112,0.9888888888888889,0.044444444444444446,0.17777777777777778,0.2222222222222222,0.7666666666666667,0.0,0.7666666666666667,0.7666666666666667,0.0,0.011111111111111112,0.0,0.0,248.61111111111111,0.044444444444444446,0.13333333333333333,1.0,0.8444444444444444,0.8111111111111111,0.7777777777777778,0.6111111111111112,0.6,0.2222222222222222,0.044444444444444446,1.0,486.18340078596106,0.33302772877185205,1.0,0.8444444444444444,0.8333333333333334,0.9444444444444444,0.4777777777777778,0.7888888888888889,0.2222222222222222,0.17777777777777778,1.0,486.18340078596106,0.3024021908395797
232,1790112,blue,17,nan,nan,nan,nan,nan,nan,nan,nan,nan,nan,-0.001957669504918158,3.291745126247406,0.0047981940595491325,0.05908203125,0.16537448205053806,-3.725290298461914e-09,0.9999999403953552,1.0,0.7928759008646011,0.3307117402553558,red,9,True,10,8,,-5.351000016507566,-4.139318202918565,419.45454545454544,0.3181818181818182,0.5,0.18181818181818182,0.8181818181818182,0.045454545454545456,0.045454545454545456,0.09090909090909091,0.45454545454545453,0.2727272727272727,0.7272727272727273,0.7272727272727273,0.0,0.09090909090909091,0.0,0.09090909090909091,1514,1514,1513,757,757,1.0,0.8636363636363636,0.8636363636363636,0.8636363636363636,0.7272727272727273,0.7272727272727273,0.13636363636363635,0.045454545454545456,0.93994140625,0.70263671875,0.6221923828125,0.2821044921875,0.9951171875,0.0,0.6777709964721745,3.6750160106510976,0.1464435358939075,0.20514079799786739,0.2024601851201894,0.2501543667016748,-0.5492162300502486,0.4492731395055574,0.3089884963165481,0.493110690891961,0.2436474290391999,0.5366547354846164,1.0,0.8636363636363636,0.6363636363636364,0.9090909090909091,0.36363636363636365,0.6818181818181818,0.18181818181818182,0.045454545454545456,0.8916015625,0.3497314453125,0.326416015625,0.187255859375,0.6187744140625,0.0,0.7108337066356498,4.895843600220916,0.05177582806323125,0.18123855693352,0.06479975832469609,0.2001401382977683,-0.1286190090365622,0.5460091381124934,0.44712275068780727,0.4549294142796012,-0.258569958901095,0.5159166416520775,0.044444444444444446,0.9444444444444444,0.011111111111111112,0.9888888888888889,0.044444444444444446,0.17777777777777778,0.2222222222222222,0.7666666666666667,0.0,0.7666666666666667,0.7666666666666667,0.0,0.011111111111111112,0.0,0.0,248.61111111111111,0.044444444444444446,0.13333333333333333,1.0,0.8444444444444444,0.8111111111111111,0.7777777777777778,0.6111111111111112,0.6,0.2222222222222222,0.044444444444444446,1.0,486.18340078596106,0.33302772877185205,1.0,0.8444444444444444,0.8333333333333334,0.9444444444444444,0.4777777777777778,0.7888888888888889,0.2222222222222222,0.17777777777777778,1.0,486.18340078596106,0.3024021908395797
233,1798304,blue,17,nan,nan,nan,nan,nan,nan,nan,nan,nan,nan,-0.0004874989856034517,3.293404281139374,0.002067403513501631,0.0101806640625,0.15673679076135158,0.0,1.0,1.0,0.3404694378376007,0.18313471265137196,red,9,True,10,8,,-6.460312522249296,-2.7137500169337727,477.25,0.25,0.6875,0.0625,0.9375,0.0625,0.0,0.0625,0.6875,0.1875,0.875,0.875,0.0,0.0,0.0,0.0625,1519,1519,1519,760,759,1.0,0.6875,0.75,1.0,0.625,0.6875,0.1875,0.0625,0.9454345703125,0.71533203125,0.6451416015625,0.3345947265625,0.997314453125,0.0,0.7855402570460576,3.618737709634712,0.15149785718249031,0.20512741081697564,0.20629831364709525,0.24853609569052176,-0.5813438215088098,0.4324428551937255,0.34256397434967667,0.48492497576092397,0.22532910752518376,0.5442855178168989,1.0,0.6875,0.6875,1.0,0.3125,0.6875,0.25,0.0,0.8887939453125,0.2889404296875,0.30126953125,0.23486328125,0.525146484375,0.0,0.8785252760645307,4.935607415813904,0.04058457236648887,0.17481770041793787,0.05014470580353528,0.19106769977614496,-0.14420421616269508,0.5477927341521817,0.47464123611197806,0.43768089473634514,-0.23130075824214558,0.5168806815990111,0.044444444444444446,0.9444444444444444,0.011111111111111112,0.9888888888888889,0.044444444444444446,0.17777777777777778,0.2222222222222222,0.7666666666666667,0.0,0.7666666666666667,0.7666666666666667,0.0,0.011111111111111112,0.0,0.0,248.61111111111111,0.044444444444444446,0.13333333333333333,1.0,0.8444444444444444,0.8111111111111111,0.7777777777777778,0.6111111111111112,0.6,0.2222222222222222,0.044444444444444446,1.0,486.18340078596106,0.33302772877185205,1.0,0.8444444444444444,0.8333333333333334,0.9444444444444444,0.4777777777777778,0.7888888888888889,0.2222222222222222,0.17777777777777778,1.0,486.18340078596106,0.3024021908395797
234,1800000,blue,17,nan,nan,nan,nan,nan,nan,nan,nan,nan,nan,-0.0027665897529519866,3.291987419128418,0.0025331496549352906,0.027358490973711014,0.17769922018051149,-4.498463823665588e-09,1.0,1.0,0.29266397953033446,0.18153361678123475,red,9,True,10,8,9,-5.825000021606684,-4.390000004321337,450.5,0.5,0.5,0.0,1.0,0.0,0.0,0.0,0.5,0.5,1.0,1.0,0.0,0.0,0.0,0.0,1520,1520,1519,760,760,1.0,0.5,0.5,1.0,0.5,0.5,0.0,0.0,0.9410377358490566,0.6586084905660378,0.6385613207547169,0.32547169811320753,0.9964622641509434,0.0,0.9043970765793652,3.8439324145266327,0.1459182475026886,0.20801148824030327,0.20257900016263608,0.2523427366319906,-0.5728385186171266,0.43599855737975324,0.3244935482861073,0.5020864099966089,0.23654509917043537,0.5367942938123218,1.0,0.5,0.5,1.0,0.0,0.5,0.5,0.0,0.9056603773584906,0.2759433962264151,0.2800707547169811,0.2617924528301887,0.5465801886792453,0.0,0.9645224802924484,4.972149442834556,0.038728189539471373,0.17272329837093717,0.04796357535149518,0.18799657281272542,-0.15558235959316283,0.5428253526765118,0.4822069228523002,0.4365890061413331,-0.1999968399360577,0.517216732484422,0.044444444444444446,0.9444444444444444,0.011111111111111112,0.9888888888888889,0.044444444444444446,0.12222222222222222,0.16666666666666666,0.8222222222222222,0.0,0.8222222222222222,0.8222222222222222,0.0,0.011111111111111112,0.0,0.0,255.7111111111111,0.044444444444444446,0.07777777777777778,1.0,0.8111111111111111,0.8111111111111111,0.8222222222222222,0.6,0.6111111111111112,0.2222222222222222,0.044444444444444446,1.0,477.0649917997555,0.33232253291325187,1.0,0.8111111111111111,0.8333333333333334,0.9444444444444444,0.43333333333333335,0.7555555555555555,0.2222222222222222,0.12222222222222222,1.0,477.0649917997555,0.25688652402267437
235,1808192,red,18,0.0002500549657270312,3.316965711116791,0.005832777042814996,0.07099609375,0.13805028423666954,0.0,1.0,1.0,0.4588187843561172,0.13383491951972246,nan,nan,nan,nan,nan,nan,nan,nan,nan,nan,blue,6,False,10,9,,9.792500312440097,-11.90500012645498,122.25,0.75,0.25,0.0,1.0,0.75,0.25,1.0,0.0,0.0,0.0,0.0,0.0,0.0,0.0,0.0,1532,1532,1531,766,766,1.0,1.0,1.0,0.75,1.0,0.75,0.75,0.75,0.9263916015625,0.7607421875,0.6885986328125,0.1993408203125,0.99560546875,0.0,0.33136521517709405,2.382820414761484,0.15031024726190495,0.2063404972854772,0.20188374325927622,0.2456487110993237,-0.4722715272572593,0.4861555689332028,0.3125355159252443,0.4943055951835123,0.2583764573243492,0.5309565569811019,1.0,1.0,0.25,0.25,0.25,0.25,0.25,0.25,0.8731689453125,0.739013671875,0.32080078125,0.0224609375,0.9693603515625,0.0,0.018233732206927925,8.881784197001252e-16,0.10240983315410243,0.1783206177593855,0.12841110605149025,0.1954247970941057,-0.025474944155437385,0.5206042274702215,0.21680184232867106,0.49082576484083124,-0.3785810476509326,0.4621215134446462,0.044444444444444446,0.9555555555555556,0.0,1.0,0.044444444444444446,0.12222222222222222,0.16666666666666666,0.8333333333333334,0.0,0.8333333333333334,0.8333333333333334,0.0,0.0,0.0,0.0,255.3,0.044444444444444446,0.07777777777777778,1.0,0.8111111111111111,0.8111111111111111,0.8222222222222222,0.6,0.6222222222222222,0.2111111111111111,0.044444444444444446,1.0,477.4910927009058,0.33287708138123795,1.0,0.8111111111111111,0.8333333333333334,0.9555555555555556,0.43333333333333335,0.7666666666666667,0.2222222222222222,0.12222222222222222,1.0,477.4910927009058,0.25556906673985413
236,1816384,red,18,-0.0009762024506926537,3.316954827308655,0.002369382522738306,0.014892578125,0.19764474891126155,-2.7939677238464355e-08,1.0,1.0,1.453481662273407,0.7916588693857193,nan,nan,nan,nan,nan,nan,nan,nan,nan,nan,blue,6,False,10,9,,-10.851538499530692,-0.4188461616062201,417.61538461538464,0.0,0.9230769230769231,0.07692307692307693,0.9230769230769231,0.0,0.0,0.0,0.9230769230769231,0.0,0.9230769230769231,0.9230769230769231,0.0,0.07692307692307693,0.0,0.0,1536,1536,1536,768,768,1.0,0.6153846153846154,0.6153846153846154,0.9230769230769231,0.5384615384615384,0.5384615384615384,0.07692307692307693,0.0,0.95166015625,0.7437744140625,0.4263916015625,0.195068359375,0.99853515625,0.0,0.41043797111113767,3.1763985834570905,0.1632258159992027,0.21208686816741226,0.22897483462458662,0.25710983422729744,-0.5878152053540759,0.4186331607067164,0.3012372736912283,0.49214950225457443,0.3589569996148043,0.5305964897088125,1.0,0.6153846153846154,0.8461538461538461,0.9230769230769231,0.3076923076923077,0.5384615384615384,0.38461538461538464,0.0,0.8798828125,0.676025390625,0.1771240234375,0.067626953125,0.9586181640625,0.0,0.14785104595714538,0.7692874946111481,0.08609881331097208,0.15433033593340698,0.10633111034229142,0.17361351038068706,-0.12813216225186252,0.5194288527412533,0.21153575055974017,0.4932069432762682,-0.34349152698315066,0.47580586248625767,0.044444444444444446,0.9555555555555556,0.0,1.0,0.044444444444444446,0.12222222222222222,0.16666666666666666,0.8333333333333334,0.0,0.8333333333333334,0.8333333333333334,0.0,0.0,0.0,0.0,255.3,0.044444444444444446,0.07777777777777778,1.0,0.8111111111111111,0.8111111111111111,0.8222222222222222,0.6,0.6222222222222222,0.2111111111111111,0.044444444444444446,1.0,477.4910927009058,0.33287708138123795,1.0,0.8111111111111111,0.8333333333333334,0.9555555555555556,0.43333333333333335,0.7666666666666667,0.2222222222222222,0.12222222222222222,1.0,477.4910927009058,0.25556906673985413
237,1824576,red,18,-0.0029835534980520604,3.324360525608063,0.009062716262997128,0.11953125,0.1714395858347416,-9.313225746154785e-10,1.0,1.0,0.5344791486859322,0.321947018802166,nan,nan,nan,nan,nan,nan,nan,nan,nan,nan,blue,6,False,10,9,,-0.9542857211615358,-0.814047642140871,545.8571428571429,0.047619047619047616,0.19047619047619047,0.7619047619047619,0.23809523809523808,0.047619047619047616,0.047619047619047616,0.09523809523809523,0.14285714285714285,0.0,0.14285714285714285,0.14285714285714285,0.0,0.0,0.0,0.7619047619047619,1543,1543,1543,772,771,1.0,0.9047619047619048,0.9523809523809523,1.0,0.8095238095238095,0.9047619047619048,0.19047619047619047,0.047619047619047616,0.9423828125,0.763671875,0.554443359375,0.13525390625,0.99560546875,0.0,0.1932241851274941,1.5911318151067628,0.15924522686271453,0.2121078876296769,0.21689591029109428,0.2568296621064812,-0.5629782518454078,0.43720596083027946,0.320470412388449,0.4822210758475029,0.3299768262915421,0.5161003121315167,1.0,0.9047619047619048,0.5238095238095238,0.9523809523809523,0.3333333333333333,0.8571428571428571,0.14285714285714285,0.047619047619047616,0.8804931640625,0.7080078125,0.2886962890625,0.056884765625,0.9686279296875,0.0,0.08432669607074748,0.1582736534518726,0.09651331455175335,0.17630997733453727,0.12124524196873421,0.1927694815684284,-0.07028091089144084,0.5296884959742292,0.21540239354301605,0.4939027132642281,-0.3458655750259112,0.4766807437595015,0.044444444444444446,0.9555555555555556,0.0,1.0,0.044444444444444446,0.12222222222222222,0.16666666666666666,0.8333333333333334,0.0,0.8333333333333334,0.8333333333333334,0.0,0.0,0.0,0.0,255.3,0.044444444444444446,0.07777777777777778,1.0,0.8111111111111111,0.8111111111111111,0.8222222222222222,0.6,0.6222222222222222,0.2111111111111111,0.044444444444444446,1.0,477.4910927009058,0.33287708138123795,1.0,0.8111111111111111,0.8333333333333334,0.9555555555555556,0.43333333333333335,0.7666666666666667,0.2222222222222222,0.12222222222222222,1.0,477.4910927009058,0.25556906673985413
238,1832768,red,18,-0.00017716055735945703,3.336155879497528,0.0033413437748095022,0.026123046875,0.180479558929801,9.313225746154785e-09,1.0,1.0,0.7056905895471572,0.45133214741945266,nan,nan,nan,nan,nan,nan,nan,nan,nan,nan,blue,6,False,10,9,,-9.77777780799402,0.620000003112687,465.8888888888889,0.0,0.8888888888888888,0.1111111111111111,0.8888888888888888,0.0,0.0,0.0,0.8888888888888888,0.0,0.8888888888888888,0.8888888888888888,0.0,0.0,0.0,0.1111111111111111,1546,1546,1546,773,773,1.0,0.6666666666666666,0.6666666666666666,1.0,0.6666666666666666,0.6666666666666666,0.0,0.0,0.9443359375,0.7679443359375,0.38720703125,0.147705078125,0.9979248046875,0.0,0.2729116669313255,2.638215355763637,0.16525094438234122,0.211557973614684,0.2295969978376904,0.2565897576537289,-0.5997329085222418,0.41097697475979794,0.31872570866898187,0.48656551298000605,0.3686436728478206,0.5339315272411737,1.0,0.6666666666666666,0.7777777777777778,1.0,0.3333333333333333,0.6666666666666666,0.3333333333333333,0.0,0.8804931640625,0.6912841796875,0.1700439453125,0.078369140625,0.9547119140625,0.0,0.14630306125842352,1.1347524422494972,0.08711922877759239,0.151602465422976,0.10672552389561164,0.16673217207991922,-0.14148245997909825,0.5184802140205178,0.21287661283302128,0.49331486010006326,-0.3468127078889225,0.47753273991957235,0.044444444444444446,0.9555555555555556,0.0,1.0,0.044444444444444446,0.12222222222222222,0.16666666666666666,0.8333333333333334,0.0,0.8333333333333334,0.8333333333333334,0.0,0.0,0.0,0.0,255.3,0.044444444444444446,0.07777777777777778,1.0,0.8111111111111111,0.8111111111111111,0.8222222222222222,0.6,0.6222222222222222,0.2111111111111111,0.044444444444444446,1.0,477.4910927009058,0.33287708138123795,1.0,0.8111111111111111,0.8333333333333334,0.9555555555555556,0.43333333333333335,0.7666666666666667,0.2222222222222222,0.12222222222222222,1.0,477.4910927009058,0.25556906673985413
239,1840960,red,18,-0.0010825835051946342,3.340332865715027,0.0026415297827043103,0.0197509765625,0.19533952102065086,-5.587935447692871e-09,0.9999999403953552,1.0,1.0495273411273955,0.6768474228680134,nan,nan,nan,nan,nan,nan,nan,nan,nan,nan,blue,6,False,10,9,,-5.408125011017546,-2.429199715455373e-08,542.0,0.0,0.5416666666666666,0.4583333333333333,0.5416666666666666,0.0,0.041666666666666664,0.041666666666666664,0.5,0.0,0.5,0.5,0.0,0.0,0.0,0.4583333333333333,1554,1554,1554,777,777,1.0,0.75,0.875,0.9583333333333334,0.7083333333333334,0.7083333333333334,0.125,0.0,0.93798828125,0.78125,0.4930419921875,0.1165771484375,0.9971923828125,0.0,0.15147971348302042,1.2272022000943432,0.15960701112133233,0.21195756370126245,0.21732870691736628,0.25637720667285024,-0.542383582507405,0.445555074746615,0.31366436490429095,0.4949563471088163,0.32556605293964225,0.5360368889654713,1.0,0.75,0.7916666666666666,1.0,0.375,0.75,0.2916666666666667,0.041666666666666664,0.8775634765625,0.70703125,0.267578125,0.0679931640625,0.9658203125,0.0,0.1033342096289984,0.490408078197095,0.09460073297881101,0.17512205475029485,0.11822656691749026,0.19109433443763518,-0.10109690677177596,0.5283951364346965,0.20768539223318072,0.4937182896677458,-0.335561331384163,0.47661014210914615,0.044444444444444446,0.9555555555555556,0.0,1.0,0.044444444444444446,0.12222222222222222,0.16666666666666666,0.8333333333333334,0.0,0.8333333333333334,0.8333333333333334,0.0,0.0,0.0,0.0,255.3,0.044444444444444446,0.07777777777777778,1.0,0.8111111111111111,0.8111111111111111,0.8222222222222222,0.6,0.6222222222222222,0.2111111111111111,0.044444444444444446,1.0,477.4910927009058,0.33287708138123795,1.0,0.8111111111111111,0.8333333333333334,0.9555555555555556,0.43333333333333335,0.7666666666666667,0.2222222222222222,0.12222222222222222,1.0,477.4910927009058,0.25556906673985413
240,1849152,red,18,-0.0010877975961193441,3.339289975166321,0.0034516140687628647,0.030859375,0.18724082373082637,-1.862645149230957e-09,1.0,1.0,0.328840247541666,0.21341304369270803,nan,nan,nan,nan,nan,nan,nan,nan,nan,nan,blue,6,False,10,9,,-1.8327777835850914,-1.7972222444497876,479.6666666666667,0.1111111111111111,0.3333333333333333,0.5555555555555556,0.4444444444444444,0.1111111111111111,0.0,0.1111111111111111,0.3333333333333333,0.0,0.3333333333333333,0.3333333333333333,0.0,0.0,0.0,0.5555555555555556,1557,1557,1557,779,778,1.0,0.6666666666666666,0.7777777777777778,1.0,0.5555555555555556,0.6666666666666666,0.3333333333333333,0.1111111111111111,0.94287109375,0.7518310546875,0.4501953125,0.1715087890625,0.997314453125,0.0,0.32697438538832546,2.935229129602175,0.16191631983968457,0.21197903118896547,0.22334790832091317,0.25649293477374324,-0.564550328401765,0.43675619491865125,0.3277740366342492,0.48896190892002345,0.33322415848898146,0.5337460009564748,1.0,0.6666666666666666,0.6666666666666666,0.8888888888888888,0.0,0.5555555555555556,0.2222222222222222,0.0,0.880126953125,0.7130126953125,0.1812744140625,0.0694580078125,0.9638671875,0.0,0.12468961679250573,0.9770646079574918,0.09022109618534174,0.16258818944729417,0.10982030282449559,0.17535056368677912,-0.11616961674101489,0.5238769210877748,0.2172058900553644,0.4957821720763593,-0.3521004896448403,0.47337554200612186,0.044444444444444446,0.9555555555555556,0.0,1.0,0.044444444444444446,0.1,0.14444444444444443,0.8555555555555555,0.0,0.8555555555555555,0.8555555555555555,0.0,0.0,0.0,0.0,251.4,0.044444444444444446,0.05555555555555556,1.0,0.7888888888888889,0.8111111111111111,0.8222222222222222,0.6,0.6222222222222222,0.2111111111111111,0.044444444444444446,1.0,492.91694351530646,0.34911488051967493,1.0,0.7888888888888889,0.8333333333333334,0.9555555555555556,0.4111111111111111,0.7444444444444445,0.2222222222222222,0.1,1.0,492.91694351530646,0.25351671394557596
241,1857344,red,18,-0.001353571144863963,3.342422699928284,0.00402437299999292,0.045556640625,0.20134001821279526,-3.725290298461914e-09,0.9999999403953552,1.0,0.9771856129169464,0.3240813836455345,nan,nan,nan,nan,nan,nan,nan,nan,nan,nan,blue,6,False,10,9,,-2.151875019694368,-2.6935417073934027,479.7916666666667,0.16666666666666666,0.4166666666666667,0.4166666666666667,0.5833333333333334,0.16666666666666666,0.0,0.16666666666666666,0.4166666666666667,0.0,0.4166666666666667,0.4166666666666667,0.0,0.0,0.0,0.4166666666666667,1565,1565,1565,783,782,1.0,0.7916666666666666,0.875,1.0,0.75,0.7916666666666666,0.2916666666666667,0.16666666666666666,0.9412841796875,0.770263671875,0.4765625,0.1201171875,0.9974365234375,0.0,0.20603738377366865,1.773490676295007,0.16120344053689772,0.21123014439353874,0.22115363036482258,0.2563280538438879,-0.5784777389123406,0.43059257997311867,0.31571447932527974,0.4897523591225244,0.3389264290416314,0.5403926978943613,1.0,0.7916666666666666,0.5833333333333334,0.8333333333333334,0.2916666666666667,0.625,0.20833333333333334,0.0,0.8736572265625,0.650146484375,0.26318359375,0.10107421875,0.9473876953125,0.0,0.229413293798941,2.3418198785473474,0.08763687198548889,0.17549902069346013,0.10984967659989146,0.19111882437351432,-0.10760013932577905,0.5222731830235108,0.21627591064149954,0.4903821984821276,-0.3125083966600286,0.4844887098948426,0.044444444444444446,0.9555555555555556,0.0,1.0,0.044444444444444446,0.1,0.14444444444444443,0.8555555555555555,0.0,0.8555555555555555,0.8555555555555555,0.0,0.0,0.0,0.0,251.4,0.044444444444444446,0.05555555555555556,1.0,0.7888888888888889,0.8111111111111111,0.8222222222222222,0.6,0.6222222222222222,0.2111111111111111,0.044444444444444446,1.0,492.91694351530646,0.34911488051967493,1.0,0.7888888888888889,0.8333333333333334,0.9555555555555556,0.4111111111111111,0.7444444444444445,0.2222222222222222,0.1,1.0,492.91694351530646,0.25351671394557596
242,1865536,red,18,-0.0015626747161149978,3.348180091381073,0.003537332631094614,0.038671875,0.17976885810494422,-2.7939677238464355e-09,1.0,1.0,0.5605067774653435,0.29415979646146295,nan,nan,nan,nan,nan,nan,nan,nan,nan,nan,blue,6,False,10,9,,-4.762083342609306,-1.0116667315984766,481.0,0.08333333333333333,0.5833333333333334,0.3333333333333333,0.6666666666666666,0.08333333333333333,0.08333333333333333,0.16666666666666666,0.5,0.0,0.5,0.5,0.0,0.0,0.0,0.3333333333333333,1569,1569,1569,785,784,1.0,0.6666666666666666,0.75,1.0,0.5,0.6666666666666666,0.3333333333333333,0.08333333333333333,0.9405517578125,0.7537841796875,0.47998046875,0.1571044921875,0.997802734375,0.0,0.315314093915661,2.993534362862994,0.1609637598765335,0.21206415534789977,0.2224252709056143,0.25651164990056174,-0.5556198797298606,0.44454604701589134,0.3083222737568718,0.4906387698360079,0.35587882508182744,0.5070802092475807,1.0,0.6666666666666666,0.75,0.9166666666666666,0.3333333333333333,0.5833333333333334,0.4166666666666667,0.08333333333333333,0.878662109375,0.652099609375,0.2235107421875,0.08251953125,0.958984375,0.0,0.19004581103866958,1.7401516469923812,0.08630669590897536,0.16919407780350115,0.10786002048716545,0.1834612749475625,-0.09836802585740045,0.5252681871340952,0.21135823109049667,0.4939374041813798,-0.33860371324310634,0.4740207974528664,0.044444444444444446,0.9555555555555556,0.0,1.0,0.044444444444444446,0.1,0.14444444444444443,0.8555555555555555,0.0,0.8555555555555555,0.8555555555555555,0.0,0.0,0.0,0.0,251.4,0.044444444444444446,0.05555555555555556,1.0,0.7888888888888889,0.8111111111111111,0.8222222222222222,0.6,0.6222222222222222,0.2111111111111111,0.044444444444444446,1.0,492.91694351530646,0.34911488051967493,1.0,0.7888888888888889,0.8333333333333334,0.9555555555555556,0.4111111111111111,0.7444444444444445,0.2222222222222222,0.1,1.0,492.91694351530646,0.25351671394557596
243,1873728,red,18,-0.0005584922269918025,3.354355978965759,0.002980562511947937,0.02294921875,0.19187881983816624,3.725290298461914e-09,0.9999999403953552,1.0,0.4858225256204605,0.1661164116114378,nan,nan,nan,nan,nan,nan,nan,nan,nan,nan,blue,6,False,10,9,,-2.5464705636396125,-1.4032353094833738,530.0,0.058823529411764705,0.35294117647058826,0.5882352941176471,0.4117647058823529,0.058823529411764705,0.0,0.058823529411764705,0.35294117647058826,0.0,0.35294117647058826,0.35294117647058826,0.0,0.0,0.0,0.5882352941176471,1575,1575,1574,788,787,1.0,0.8823529411764706,0.8823529411764706,1.0,0.8235294117647058,0.8823529411764706,0.058823529411764705,0.058823529411764705,0.941650390625,0.77685546875,0.3812255859375,0.087646484375,0.9974365234375,0.0,0.1283230272577589,1.2369428064415926,0.1646056186416726,0.21259047754716426,0.2272285585433894,0.25711483621781617,-0.5385871662161819,0.4550531002808751,0.3073763167722987,0.49539200151397833,0.3589646674207856,0.5110725024531704,1.0,0.8823529411764706,0.5882352941176471,0.9411764705882353,0.47058823529411764,0.8235294117647058,0.11764705882352941,0.0,0.87353515625,0.6807861328125,0.224609375,0.084716796875,0.953369140625,0.0,0.16355412280617904,1.293264656751238,0.08899823604665079,0.17082140317476519,0.11032772241596167,0.18595102988035997,-0.10593161648750282,0.5242300518488707,0.21329264914851365,0.49047367132956227,-0.3374841262577668,0.47982918764949606,0.044444444444444446,0.9555555555555556,0.0,1.0,0.044444444444444446,0.1,0.14444444444444443,0.8555555555555555,0.0,0.8555555555555555,0.8555555555555555,0.0,0.0,0.0,0.0,251.4,0.044444444444444446,0.05555555555555556,1.0,0.7888888888888889,0.8111111111111111,0.8222222222222222,0.6,0.6222222222222222,0.2111111111111111,0.044444444444444446,1.0,492.91694351530646,0.34911488051967493,1.0,0.7888888888888889,0.8333333333333334,0.9555555555555556,0.4111111111111111,0.7444444444444445,0.2222222222222222,0.1,1.0,492.91694351530646,0.25351671394557596
244,1881920,red,18,-0.001081492507364601,3.3600062489509583,0.0029287291967193597,0.0261474609375,0.15989403426647186,-7.450580596923828e-09,1.0,1.0,0.5553468286991119,0.14644167050719262,nan,nan,nan,nan,nan,nan,nan,nan,nan,nan,blue,6,False,10,9,,0.5650000271697839,-2.535000040444235,458.93333333333334,0.2,0.2,0.6,0.4,0.2,0.06666666666666667,0.26666666666666666,0.13333333333333333,0.0,0.13333333333333333,0.13333333333333333,0.0,0.0,0.0,0.6,1580,1580,1579,790,790,1.0,0.8666666666666667,0.8666666666666667,0.9333333333333333,0.8,0.8,0.26666666666666666,0.2,0.9454345703125,0.7894287109375,0.4608154296875,0.1136474609375,0.997314453125,0.0,0.12830792366053398,1.2225208449196738,0.16480734589291052,0.2123781149690893,0.226004970190032,0.25684777342376175,-0.5308952400431366,0.46305934401198906,0.3242078347811912,0.49360385968195525,0.34320786217619315,0.5136494226850873,1.0,0.8666666666666667,0.4666666666666667,0.8,0.2,0.6666666666666666,0.2,0.06666666666666667,0.8682861328125,0.684326171875,0.234619140625,0.082763671875,0.9586181640625,0.0,0.14445136287012267,1.0547061507780926,0.08994596197102457,0.17415709998814535,0.11156688585824626,0.1900636296937124,-0.08037750396388432,0.5244356229600725,0.21357955225581549,0.4851461959910893,-0.34420131309089186,0.47496571640005625,0.044444444444444446,0.9555555555555556,0.0,1.0,0.044444444444444446,0.1,0.14444444444444443,0.8555555555555555,0.0,0.8555555555555555,0.8555555555555555,0.0,0.0,0.0,0.0,251.4,0.044444444444444446,0.05555555555555556,1.0,0.7888888888888889,0.8111111111111111,0.8222222222222222,0.6,0.6222222222222222,0.2111111111111111,0.044444444444444446,1.0,492.91694351530646,0.34911488051967493,1.0,0.7888888888888889,0.8333333333333334,0.9555555555555556,0.4111111111111111,0.7444444444444445,0.2222222222222222,0.1,1.0,492.91694351530646,0.25351671394557596
245,1890112,red,18,-0.0022935121785849335,3.369236671924591,0.004226382093474967,0.04814453125,0.17753142677247524,-3.725290298461914e-09,1.0,1.0,0.4811168298125267,0.14562579579651355,nan,nan,nan,nan,nan,nan,nan,nan,nan,nan,blue,6,False,10,9,,-3.7150000339994826,0.5058333260110683,562.5,0.0,0.3333333333333333,0.6666666666666666,0.3333333333333333,0.0,0.05555555555555555,0.05555555555555555,0.2777777777777778,0.0,0.2777777777777778,0.2777777777777778,0.0,0.0,0.0,0.6666666666666666,1586,1586,1585,793,793,1.0,0.7222222222222222,0.7777777777777778,1.0,0.6111111111111112,0.7222222222222222,0.16666666666666666,0.0,0.9427490234375,0.7784423828125,0.3697509765625,0.1129150390625,0.9970703125,0.0,0.1600370573033224,1.527610841405446,0.16466393689500278,0.21238142330729715,0.2274205277703556,0.2571614628951254,-0.5334934833938121,0.460831872926897,0.30626142332131323,0.5005309386389495,0.3593160691003163,0.5114181972816665,1.0,0.7222222222222222,0.6666666666666666,1.0,0.2222222222222222,0.6666666666666666,0.2777777777777778,0.05555555555555555,0.8773193359375,0.6619873046875,0.226806640625,0.109375,0.958740234375,0.0,0.2170261091960533,2.0119355269735744,0.08685069583642786,0.17107582849035452,0.10801246646934518,0.18643033674462356,-0.0962806179973974,0.5188083238225147,0.21186297416384292,0.4921736860877788,-0.3278206722402537,0.4780475827450127,0.044444444444444446,0.9555555555555556,0.0,1.0,0.044444444444444446,0.05555555555555555,0.1,0.9,0.0,0.9,0.9,0.0,0.0,0.0,0.0,264.6777777777778,0.044444444444444446,0.011111111111111106,1.0,0.8222222222222222,0.8111111111111111,0.8555555555555555,0.6,0.6333333333333333,0.2111111111111111,0.044444444444444446,1.0,472.3091991959886,0.3183366176891483,1.0,0.8222222222222222,0.8333333333333334,0.9555555555555556,0.3888888888888889,0.7777777777777778,0.2222222222222222,0.05555555555555555,1.0,472.3091991959886,0.24473734765208333
246,1898304,red,18,-0.0006130820838734508,3.380728912353516,0.0022583242287510076,0.0130615234375,0.15313436090946198,2.7939677238464355e-09,0.9999999403953552,1.0,0.5402177065610886,0.1629560448229313,nan,nan,nan,nan,nan,nan,nan,nan,nan,nan,blue,6,False,10,9,,-2.181999994938572,-2.6183333669478697,469.26666666666665,0.13333333333333333,0.26666666666666666,0.6,0.4,0.13333333333333333,0.0,0.13333333333333333,0.26666666666666666,0.0,0.26666666666666666,0.26666666666666666,0.0,0.06666666666666667,0.0,0.5333333333333333,1591,1591,1590,796,795,1.0,0.8,0.7333333333333333,1.0,0.7333333333333333,0.7333333333333333,0.13333333333333333,0.13333333333333333,0.930908203125,0.7779541015625,0.4512939453125,0.1004638671875,0.996826171875,0.0,0.13251398830445932,1.296396287936446,0.16195359226528344,0.21300780920963325,0.2234020598527825,0.25757505639973827,-0.49236473803558667,0.4903552744592281,0.29592005411778644,0.4983601323882404,0.3691147561001209,0.5113132377405056,1.0,0.8,0.5333333333333333,0.8,0.3333333333333333,0.6,0.2,0.0,0.873779296875,0.6893310546875,0.226318359375,0.0721435546875,0.9539794921875,0.0,0.14403807395013302,1.0227732643874732,0.08935934717524038,0.1698147839646843,0.11063761782531373,0.18337443855759678,-0.09260377869042458,0.5254933864527837,0.21469075642866287,0.4900968687919595,-0.3372578176183936,0.4769816400111056,0.044444444444444446,0.9555555555555556,0.0,1.0,0.044444444444444446,0.05555555555555555,0.1,0.9,0.0,0.9,0.9,0.0,0.0,0.0,0.0,264.6777777777778,0.044444444444444446,0.011111111111111106,1.0,0.8222222222222222,0.8111111111111111,0.8555555555555555,0.6,0.6333333333333333,0.2111111111111111,0.044444444444444446,1.0,472.3091991959886,0.3183366176891483,1.0,0.8222222222222222,0.8333333333333334,0.9555555555555556,0.3888888888888889,0.7777777777777778,0.2222222222222222,0.05555555555555555,1.0,472.3091991959886,0.24473734765208333
247,1900000,red,18,-0.001704060704280508,3.3838627338409424,0.0007766665279769714,0.002712264284491539,0.20591741800308228,2.249231911832794e-09,1.0,1.0,0.4613408982753754,0.30556457936763765,nan,nan,nan,nan,nan,nan,nan,nan,nan,nan,blue,6,False,10,9,10,3.8725000573322177,-4.438750141765922,490.5,0.25,0.0,0.75,0.25,0.25,0.0,0.25,0.0,0.0,0.0,0.0,0.0,0.0,0.0,0.75,1592,1592,1592,796,796,1.0,1.0,1.0,1.0,1.0,1.0,0.25,0.25,0.9469339622641509,0.785377358490566,0.42865566037735847,0.11025943396226415,0.9970518867924528,0.0,0.10835221917568487,0.7784313151882587,0.1658123750017199,0.21326945106699774,0.22882437950578774,0.25778245342629047,-0.5097467343351487,0.4770954509337995,0.3165221661588733,0.49741713992135894,0.3206327033689857,0.510873117828116,1.0,1.0,0.5,0.75,0.25,0.75,0.0,0.0,0.8891509433962265,0.7022405660377359,0.22110849056603774,0.09669811320754718,0.9640330188679245,0.0,0.17921101406570986,1.3456635451452719,0.09210391451761049,0.17629272599942092,0.11264345800673452,0.19267298330954583,-0.1272210352819182,0.5263876356633628,0.22367009106350247,0.49506174310527584,-0.32960289812574456,0.4791055494346583,0.044444444444444446,0.9555555555555556,0.0,1.0,0.044444444444444446,0.06666666666666667,0.1111111111111111,0.8888888888888888,0.0,0.8888888888888888,0.8888888888888888,0.0,0.0,0.0,0.0,256.2888888888889,0.044444444444444446,0.02222222222222222,1.0,0.8,0.8111111111111111,0.8888888888888888,0.6,0.6222222222222222,0.2111111111111111,0.044444444444444446,1.0,495.14665239752844,0.3477896396325928,1.0,0.8,0.8333333333333334,0.9555555555555556,0.37777777777777777,0.7555555555555555,0.2222222222222222,0.06666666666666667,1.0,495.14665239752844,0.2551041890210926
248,1908192,blue,19,nan,nan,nan,nan,nan,nan,nan,nan,nan,nan,-0.00043788341572508215,3.290373694896698,0.004243034801038448,0.042333984375,0.18564862236380578,7.450580596923828e-09,0.9999999403953552,1.0,0.04766232734546065,0.1512337138876319,red,3,False,11,9,,nan,nan,nan,nan,nan,nan,nan,nan,nan,nan,nan,nan,nan,nan,nan,nan,nan,nan,1603,1603,1602,802,801,nan,nan,nan,nan,nan,nan,nan,nan,0.87646484375,0.694580078125,0.5443115234375,0.1143798828125,0.9742431640625,0.0,0.23431816920419968,2.1533086407601987,0.11487716223846028,0.1857251892859659,0.1477591446656069,0.20742197491525058,-0.22501996956521708,0.4874750123983274,0.2673480883358863,0.4747313158284862,-0.1063555355782384,0.5076930355433298,nan,nan,nan,nan,nan,nan,nan,nan,0.897705078125,0.427490234375,0.36572265625,0.1607666015625,0.7061767578125,0.0,0.5268263590455823,4.714737903924484,0.06930331036083012,0.1819326583949847,0.08447373871519406,0.2012257270432064,-0.11433432710657598,0.5540184602107521,0.4810593300880086,0.4330558959398888,-0.3047006157740775,0.5000872355249966,0.044444444444444446,0.9555555555555556,0.0,1.0,0.044444444444444446,0.06666666666666667,0.1111111111111111,0.8888888888888888,0.0,0.8888888888888888,0.8888888888888888,0.0,0.0,0.0,0.0,256.2888888888889,0.044444444444444446,0.02222222222222222,1.0,0.8,0.8111111111111111,0.8888888888888888,0.6,0.6222222222222222,0.2111111111111111,0.044444444444444446,1.0,495.14665239752844,0.3477896396325928,1.0,0.8,0.8333333333333334,0.9555555555555556,0.37777777777777777,0.7555555555555555,0.2222222222222222,0.06666666666666667,1.0,495.14665239752844,0.2551041890210926
249,1916384,blue,19,nan,nan,nan,nan,nan,nan,nan,nan,nan,nan,-0.00017900544917210938,3.2877951860427856,0.003095010136894416,0.02392578125,0.19610671065747737,-8.381903171539307e-09,0.9999999403953552,1.0,1.7204765200614929,1.0770517617464066,red,3,False,11,9,,0.6392692150503325,-9.482115404716192,469.6923076923077,0.9230769230769231,0.07692307692307693,0.0,1.0,0.15384615384615385,0.0,0.15384615384615385,0.07692307692307693,0.7692307692307693,0.8461538461538461,0.8461538461538461,0.0,0.0,0.0,0.0,1612,1611,1611,806,806,1.0,0.8461538461538461,1.0,1.0,0.7692307692307693,0.8461538461538461,0.5769230769230769,0.15384615384615385,0.909912109375,0.405517578125,0.4027099609375,0.307373046875,0.9183349609375,0.0,1.0377420051881632,4.612377471265417,0.06809418799415203,0.18137041565399178,0.0951257357915544,0.20400090247171157,-0.3210695163023729,0.5122317247956486,0.2602985911546263,0.4749501457787882,-0.04316360483797155,0.5092895222065998,1.0,0.8461538461538461,0.6153846153846154,0.8846153846153846,0.2692307692307692,0.6538461538461539,0.19230769230769232,0.0,0.89111328125,0.1622314453125,0.2752685546875,0.284912109375,0.3115234375,0.0,1.168557445804411,5.0317184198314315,0.01918320495830793,0.17587254092350868,0.024696203331587077,0.19290865471414417,-0.17287056214230034,0.5393204472707822,0.5216181782645393,0.41985436355347533,-0.17362691848015288,0.5245079097781962,0.044444444444444446,0.9555555555555556,0.0,1.0,0.044444444444444446,0.06666666666666667,0.1111111111111111,0.8888888888888888,0.0,0.8888888888888888,0.8888888888888888,0.0,0.0,0.0,0.0,256.2888888888889,0.044444444444444446,0.02222222222222222,1.0,0.8,0.8111111111111111,0.8888888888888888,0.6,0.6222222222222222,0.2111111111111111,0.044444444444444446,1.0,495.14665239752844,0.3477896396325928,1.0,0.8,0.8333333333333334,0.9555555555555556,0.37777777777777777,0.7555555555555555,0.2222222222222222,0.06666666666666667,1.0,495.14665239752844,0.2551041890210926
250,1924576,blue,19,nan,nan,nan,nan,nan,nan,nan,nan,nan,nan,-0.002640510001219809,3.2927241206169127,0.006644208612851798,0.091357421875,0.16108433492481708,-3.725290298461914e-09,1.0,1.0,0.31180546805262566,0.2884843725711107,red,3,False,11,9,,1.5885714255273342,-10.21857142900782,458.85714285714283,1.0,0.0,0.0,1.0,0.14285714285714285,0.0,0.14285714285714285,0.0,0.8571428571428571,0.8571428571428571,0.8571428571428571,0.0,0.0,0.0,0.0,1614,1614,1613,807,807,1.0,0.8571428571428571,1.0,1.0,0.8571428571428571,0.8571428571428571,0.42857142857142855,0.14285714285714285,0.8858642578125,0.6336669921875,0.48828125,0.15771484375,0.9615478515625,0.0,0.38207989272439213,3.539896347261828,0.10385141667223502,0.18352756219571853,0.13344747653406752,0.2041415949410168,-0.251673982060332,0.48827227925703864,0.2838750778173491,0.4705375082180111,-0.11578554990718004,0.5027683025953005,1.0,0.8571428571428571,0.8571428571428571,0.8571428571428571,0.2857142857142857,0.7142857142857143,0.0,0.0,0.895263671875,0.368896484375,0.342041015625,0.1923828125,0.624755859375,0.0,0.652909572546317,4.882990280004928,0.059166820483295024,0.17858913601827478,0.07267740197858763,0.1966680489718993,-0.13015271634258596,0.5537997516081696,0.49305118371999157,0.4298520843504613,-0.2669241272761447,0.511409019305909,0.044444444444444446,0.9555555555555556,0.0,1.0,0.044444444444444446,0.05555555555555555,0.1,0.9,0.0,0.9,0.9,0.0,0.0,0.0,0.0,256.8777777777778,0.044444444444444446,0.011111111111111106,1.0,0.8,0.8111111111111111,0.8888888888888888,0.6111111111111112,0.6222222222222222,0.2111111111111111,0.044444444444444446,1.0,498.20321840935605,0.3570773980756545,1.0,0.8,0.8333333333333334,0.9555555555555556,0.36666666666666664,0.7555555555555555,0.2222222222222222,0.05555555555555555,1.0,498.20321840935605,0.2643745505479713
251,1932768,blue,19,nan,nan,nan,nan,nan,nan,nan,nan,nan,nan,0.0003360595088452101,3.2995439171791077,0.0011751202357118018,0.001611328125,0.16599188782274724,1.4901161193847656e-08,0.9999999403953552,1.0,1.3130782902240754,0.9742247879505157,red,3,False,11,9,,0.06107141922361085,-9.541428579582966,482.7857142857143,0.9642857142857143,0.03571428571428571,0.0,1.0,0.07142857142857142,0.0,0.07142857142857142,0.03571428571428571,0.8928571428571429,0.9285714285714286,0.9285714285714286,0.0,0.0,0.0,0.0,1623,1623,1623,812,811,1.0,0.9285714285714286,1.0,1.0,0.75,0.9285714285714286,0.5714285714285714,0.07142857142857142,0.9093017578125,0.3958740234375,0.43212890625,0.3131103515625,0.9102783203125,0.0,1.078150594838628,4.66172165879021,0.06581329772860933,0.18295291514644252,0.09235824508827575,0.20421286696698138,-0.3710449411261365,0.4872585587744857,0.26027366661841,0.47407570569503177,-0.024933342778229672,0.5104920881368218,1.0,0.9285714285714286,0.7142857142857143,0.9285714285714286,0.2857142857142857,0.8214285714285714,0.17857142857142858,0.0,0.8929443359375,0.2156982421875,0.36572265625,0.320068359375,0.4171142578125,0.0,1.3451031015504897,5.033083274266087,0.030098977438865478,0.17909533656370255,0.038146865313856526,0.19666408193019147,-0.16842972950500368,0.5387226580767428,0.5157176195178863,0.41901495512677683,-0.10416498048817502,0.53569548841569,0.044444444444444446,0.9555555555555556,0.0,1.0,0.044444444444444446,0.05555555555555555,0.1,0.9,0.0,0.9,0.9,0.0,0.0,0.0,0.0,256.8777777777778,0.044444444444444446,0.011111111111111106,1.0,0.8,0.8111111111111111,0.8888888888888888,0.6111111111111112,0.6222222222222222,0.2111111111111111,0.044444444444444446,1.0,498.20321840935605,0.3570773980756545,1.0,0.8,0.8333333333333334,0.9555555555555556,0.36666666666666664,0.7555555555555555,0.2222222222222222,0.05555555555555555,1.0,498.20321840935605,0.2643745505479713
252,1940960,blue,19,nan,nan,nan,nan,nan,nan,nan,nan,nan,nan,-0.0009341872530058027,3.3035885810852053,0.0024996969448693564,0.0135986328125,0.17079905979335308,-1.30385160446167e-08,0.9999999403953552,1.0,0.14367408044636248,0.3694736145436764,red,3,False,11,9,,0.9712499647866935,-9.875000086147338,551.25,0.75,0.0,0.25,0.75,0.0,0.0,0.0,0.0,0.75,0.75,0.75,0.0,0.0,0.0,0.25,1625,1624,1624,813,812,1.0,0.5,1.0,1.0,0.25,0.5,1.0,0.0,0.8900146484375,0.5970458984375,0.4803466796875,0.1763916015625,0.9495849609375,0.0,0.45490334992523057,4.095691950506447,0.09741437067797254,0.18497733364690305,0.12639222707027054,0.20647389224247967,-0.24489914567630677,0.4977084318091403,0.2846650201309586,0.4716112037148562,-0.10707605126680164,0.5043582540492794,1.0,0.5,0.5,1.0,0.0,0.5,0.25,0.0,0.893798828125,0.2615966796875,0.31396484375,0.2391357421875,0.4720458984375,0.0,0.8779307035462403,4.996404926324139,0.0405602057595644,0.1729059190152257,0.04965892068887961,0.18946107398855758,-0.17819384221918355,0.538580196031523,0.5459333592970417,0.4109334607204872,-0.23973669745432602,0.5198608266381959,0.044444444444444446,0.9555555555555556,0.0,1.0,0.044444444444444446,0.05555555555555555,0.1,0.9,0.0,0.9,0.9,0.0,0.0,0.0,0.0,256.8777777777778,0.044444444444444446,0.011111111111111106,1.0,0.8,0.8111111111111111,0.8888888888888888,0.6111111111111112,0.6222222222222222,0.2111111111111111,0.044444444444444446,1.0,498.20321840935605,0.3570773980756545,1.0,0.8,0.8333333333333334,0.9555555555555556,0.36666666666666664,0.7555555555555555,0.2222222222222222,0.05555555555555555,1.0,498.20321840935605,0.2643745505479713
253,1949152,blue,19,nan,nan,nan,nan,nan,nan,nan,nan,nan,nan,-0.0008903655223548412,3.3033284544944763,0.0031889057347143533,0.029833984375,0.18900409005582333,-1.30385160446167e-08,0.9999998807907104,1.0,1.0921440601348877,0.9617370717227459,red,3,False,11,9,,1.162166647426784,-9.861000019746522,466.46666666666664,1.0,0.0,0.0,1.0,0.16666666666666666,0.0,0.16666666666666666,0.0,0.8333333333333334,0.8333333333333334,0.8333333333333334,0.0,0.0,0.0,0.0,1635,1634,1634,818,817,1.0,0.8666666666666667,0.9666666666666667,1.0,0.8,0.8666666666666667,0.7333333333333333,0.16666666666666666,0.893798828125,0.502685546875,0.463623046875,0.2392578125,0.9287109375,0.0,0.7756072730256325,4.512655763839518,0.08177923687138158,0.1845090879476877,0.11040240395284004,0.2073153469122582,-0.30783291859447814,0.5005079277382647,0.2660090493763825,0.47343998344284755,-0.052225981441171854,0.5092921032364969,1.0,0.8666666666666667,0.6,1.0,0.16666666666666666,0.6666666666666666,0.16666666666666666,0.0,0.89111328125,0.291015625,0.380126953125,0.2796630859375,0.5009765625,0.0,1.1348571028781382,5.01387519789706,0.04409291153946068,0.1808269831890791,0.05379456123511813,0.19975800604168426,-0.13810661140036373,0.544561212505138,0.5214163878530833,0.420898057044642,-0.16175430853919082,0.5407466412175911,0.044444444444444446,0.9555555555555556,0.0,1.0,0.044444444444444446,0.05555555555555555,0.1,0.9,0.0,0.9,0.9,0.0,0.0,0.0,0.0,256.8777777777778,0.044444444444444446,0.011111111111111106,1.0,0.8,0.8111111111111111,0.8888888888888888,0.6111111111111112,0.6222222222222222,0.2111111111111111,0.044444444444444446,1.0,498.20321840935605,0.3570773980756545,1.0,0.8,0.8333333333333334,0.9555555555555556,0.36666666666666664,0.7555555555555555,0.2222222222222222,0.05555555555555555,1.0,498.20321840935605,0.2643745505479713
254,1957344,blue,19,nan,nan,nan,nan,nan,nan,nan,nan,nan,nan,-0.0007644595345482231,3.3046656966209413,0.0026263993735483383,0.020703125,0.1775216817855835,1.862645149230957e-08,1.0,1.0,0.32762211114168166,0.47956849113106725,red,3,False,11,9,,4.505833306970696,-10.038333359640092,368.8333333333333,1.0,0.0,0.0,1.0,0.5,0.0,0.5,0.0,0.5,0.5,0.5,0.0,0.0,0.0,0.0,1637,1636,1636,819,818,1.0,0.8333333333333334,1.0,1.0,0.8333333333333334,0.8333333333333334,1.0,0.5,0.887939453125,0.5836181640625,0.4755859375,0.19970703125,0.956298828125,0.0,0.559446181145769,4.266348601958263,0.09333234176959762,0.18312834028705882,0.12190030712367332,0.20368867289872905,-0.25541335243687513,0.49750850315509776,0.2701524525486718,0.47502189466275446,-0.07715131092342986,0.5088255514368873,1.0,0.8333333333333334,0.8333333333333334,0.8333333333333334,0.16666666666666666,0.3333333333333333,0.3333333333333333,0.0,0.8916015625,0.1900634765625,0.2564697265625,0.23046875,0.370361328125,0.0,0.8956374926192007,5.01720326516967,0.02740600632942182,0.1670220945023386,0.03405575212275685,0.1815386826438091,-0.20104802729966664,0.537787640801355,0.5540817259622877,0.40780167422184405,-0.2627008377013311,0.5150084363128219,0.044444444444444446,0.9555555555555556,0.0,1.0,0.044444444444444446,0.05555555555555555,0.1,0.9,0.0,0.9,0.9,0.0,0.0,0.0,0.0,256.8777777777778,0.044444444444444446,0.011111111111111106,1.0,0.8,0.8111111111111111,0.8888888888888888,0.6111111111111112,0.6222222222222222,0.2111111111111111,0.044444444444444446,1.0,498.20321840935605,0.3570773980756545,1.0,0.8,0.8333333333333334,0.9555555555555556,0.36666666666666664,0.7555555555555555,0.2222222222222222,0.05555555555555555,1.0,498.20321840935605,0.2643745505479713
255,1965536,blue,19,nan,nan,nan,nan,nan,nan,nan,nan,nan,nan,-0.0008857344044372439,3.304660427570343,0.002281576675159158,0.015234375,0.15557572655379773,1.1175870895385742e-08,1.0,1.0,0.6997273564338684,0.6917795985937119,red,3,False,11,9,,0.16129628900024626,-10.475000019357712,493.3703703703704,1.0,0.0,0.0,1.0,0.0,0.0,0.0,0.0,1.0,1.0,1.0,0.0,0.0,0.0,0.0,1646,1645,1645,823,823,1.0,0.7407407407407407,0.9259259259259259,1.0,0.6296296296296297,0.7407407407407407,0.48148148148148145,0.0,0.9007568359375,0.5101318359375,0.459228515625,0.2254638671875,0.9259033203125,0.0,0.726200750565451,4.608795896174125,0.08472674385498727,0.18412089026951828,0.11308184592543538,0.205469549272559,-0.3154222455375262,0.4912348040753331,0.28453355027685845,0.46775043430756325,-0.06990501273539707,0.5099591135956625,1.0,0.7407407407407407,0.5925925925925926,1.0,0.2222222222222222,0.7407407407407407,0.1111111111111111,0.0,0.8961181640625,0.2921142578125,0.3341064453125,0.22802734375,0.4566650390625,0.0,0.8790604692986721,5.01656653027329,0.0444411799685357,0.17861595945306896,0.052966559684597084,0.19617078525414625,-0.14112384701782332,0.5451585438888161,0.5446936490513963,0.40879302319358635,-0.24283889588165408,0.520070012863921,0.044444444444444446,0.9555555555555556,0.0,1.0,0.044444444444444446,0.05555555555555555,0.1,0.9,0.0,0.9,0.9,0.0,0.0,0.0,0.0,261.55555555555554,0.044444444444444446,0.011111111111111106,1.0,0.8111111111111111,0.8111111111111111,0.9666666666666667,0.5888888888888889,0.6333333333333333,0.2111111111111111,0.044444444444444446,1.0,479.9014842489774,0.3498913815566885,1.0,0.8111111111111111,0.8333333333333334,0.9555555555555556,0.37777777777777777,0.7666666666666667,0.2222222222222222,0.05555555555555555,1.0,479.9014842489774,0.23628492100654389
256,1973728,blue,19,nan,nan,nan,nan,nan,nan,nan,nan,nan,nan,-0.0006783181568607688,3.3124189615249633,0.0027339875043253413,0.0212158203125,0.15280989855527877,1.862645149230957e-09,1.0,1.0,0.4177452988922596,0.5468102887272834,red,3,False,11,9,,1.8113636057823896,-9.48772727731954,422.3636363636364,1.0,0.0,0.0,1.0,0.2727272727272727,0.0,0.2727272727272727,0.0,0.7272727272727273,0.7272727272727273,0.7272727272727273,0.0,0.0,0.0,0.0,1649,1649,1649,825,824,1.0,0.9090909090909091,0.8181818181818182,1.0,0.7272727272727273,0.9090909090909091,0.5454545454545454,0.2727272727272727,0.89599609375,0.50048828125,0.4356689453125,0.225830078125,0.911865234375,0.0,0.7083008378325579,4.555448544892083,0.08127730510670222,0.18404550100401226,0.10716808713870207,0.207428938034692,-0.2931578500311467,0.49702375245636254,0.2939599206181853,0.4620284163605105,-0.08498643795601168,0.5033139689792336,1.0,0.9090909090909091,0.6363636363636364,0.9090909090909091,0.0,0.5454545454545454,0.2727272727272727,0.0,0.8890380859375,0.1622314453125,0.2308349609375,0.2322998046875,0.3253173828125,0.0,0.9198683692333209,5.010434044792014,0.02197720482687688,0.16197797057896293,0.027136826388464895,0.1749937479178531,-0.20487544816421632,0.534488844869438,0.5560637751320172,0.4010186149322715,-0.28274524431222403,0.518224803050009,0.044444444444444446,0.9555555555555556,0.0,1.0,0.044444444444444446,0.05555555555555555,0.1,0.9,0.0,0.9,0.9,0.0,0.0,0.0,0.0,261.55555555555554,0.044444444444444446,0.011111111111111106,1.0,0.8111111111111111,0.8111111111111111,0.9666666666666667,0.5888888888888889,0.6333333333333333,0.2111111111111111,0.044444444444444446,1.0,479.9014842489774,0.3498913815566885,1.0,0.8111111111111111,0.8333333333333334,0.9555555555555556,0.37777777777777777,0.7666666666666667,0.2222222222222222,0.05555555555555555,1.0,479.9014842489774,0.23628492100654389
257,1981920,blue,19,nan,nan,nan,nan,nan,nan,nan,nan,nan,nan,-0.0011714964173734188,3.3195647478103636,0.0031866322751739062,0.02705078125,0.16873133555054665,0.0,1.0,1.0,0.7159854620695114,0.5967036210000515,red,3,False,11,9,,1.4041666597671185,-10.528958360548131,445.4583333333333,1.0,0.0,0.0,1.0,0.125,0.0,0.125,0.0,0.875,0.875,0.875,0.0,0.0,0.0,0.0,1657,1657,1657,829,828,1.0,0.7916666666666666,0.9166666666666666,1.0,0.625,0.7916666666666666,0.5833333333333334,0.125,0.9005126953125,0.5606689453125,0.487548828125,0.1876220703125,0.9385986328125,0.0,0.5748121686215888,4.396486361209907,0.09440944101589296,0.18571016530618756,0.12514053582250168,0.20714658744218764,-0.29579425606326026,0.4961119569703759,0.2752952607496546,0.4688782254035645,-0.07256489133391852,0.5099580994366867,1.0,0.7916666666666666,0.5416666666666666,0.9166666666666666,0.20833333333333334,0.6666666666666666,0.125,0.0,0.887451171875,0.310791015625,0.3433837890625,0.23046875,0.5010986328125,0.0,0.8868895538212067,4.999972802708528,0.04744611815174325,0.1773254823354078,0.05588863216300605,0.19465314590364954,-0.15847150362396079,0.5410687421670471,0.5494794837921972,0.40756095041602514,-0.2528983519813117,0.5310940371220723,0.044444444444444446,0.9555555555555556,0.0,1.0,0.044444444444444446,0.05555555555555555,0.1,0.9,0.0,0.9,0.9,0.0,0.0,0.0,0.0,261.55555555555554,0.044444444444444446,0.011111111111111106,1.0,0.8111111111111111,0.8111111111111111,0.9666666666666667,0.5888888888888889,0.6333333333333333,0.2111111111111111,0.044444444444444446,1.0,479.9014842489774,0.3498913815566885,1.0,0.8111111111111111,0.8333333333333334,0.9555555555555556,0.37777777777777777,0.7666666666666667,0.2222222222222222,0.05555555555555555,1.0,479.9014842489774,0.23628492100654389
258,1990112,blue,19,nan,nan,nan,nan,nan,nan,nan,nan,nan,nan,-0.001281100866617635,3.3216052412986756,0.0036153617715172005,0.0338134765625,0.176215111091733,0.0,1.0,1.0,0.3337321117520332,0.2404945556074381,red,3,False,11,9,,-0.041600001824554055,-9.01750000314787,429.4,0.9,0.1,0.0,1.0,0.1,0.0,0.1,0.1,0.8,0.9,0.9,0.0,0.0,0.0,0.0,1661,1660,1660,831,830,1.0,0.8,0.9,1.0,0.7,0.8,0.4,0.1,0.89990234375,0.49267578125,0.431884765625,0.2491455078125,0.9371337890625,0.0,0.7515149017931766,4.436678409791947,0.08091230735185859,0.17967878788913236,0.10759584438947672,0.19990160171538238,-0.3116786963708478,0.4891582445934421,0.28872322268609807,0.46920658794022524,-0.08619892060793077,0.50571155650097,1.0,0.8,0.6,0.9,0.4,0.7,0.1,0.0,0.8956298828125,0.1414794921875,0.248779296875,0.2589111328125,0.287109375,0.0,1.0475095709353366,5.04763365842494,0.018135124129598994,0.1623093670157543,0.0229208661288169,0.17724372421116164,-0.2092688531879645,0.5319330570658314,0.57056222871919,0.3995792407149435,-0.24192654936882008,0.526064278574247,0.044444444444444446,0.9555555555555556,0.0,1.0,0.044444444444444446,0.05555555555555555,0.1,0.9,0.0,0.9,0.9,0.0,0.0,0.0,0.0,261.55555555555554,0.044444444444444446,0.011111111111111106,1.0,0.8111111111111111,0.8111111111111111,0.9666666666666667,0.5888888888888889,0.6333333333333333,0.2111111111111111,0.044444444444444446,1.0,479.9014842489774,0.3498913815566885,1.0,0.8111111111111111,0.8333333333333334,0.9555555555555556,0.37777777777777777,0.7666666666666667,0.2222222222222222,0.05555555555555555,1.0,479.9014842489774,0.23628492100654389
259,1998304,blue,19,nan,nan,nan,nan,nan,nan,nan,nan,nan,nan,-0.0005338566610589623,3.3215166568756103,0.00249787248467328,0.01513671875,0.17819889150559903,1.30385160446167e-08,0.9999999403953552,1.0,0.417329241335392,0.3873048722743988,red,3,False,11,9,,-0.22900001819083549,-10.212173934378054,478.5652173913044,1.0,0.0,0.0,1.0,0.0,0.0,0.0,0.0,1.0,1.0,1.0,0.0,0.0,0.0,0.0,1668,1668,1668,834,834,1.0,0.8260869565217391,1.0,1.0,0.6521739130434783,0.8260869565217391,0.6086956521739131,0.0,0.892578125,0.552978515625,0.48876953125,0.201416015625,0.9290771484375,0.0,0.5944850378887774,4.4822693194541765,0.08986069466097404,0.18480303423508684,0.11841937962327222,0.20607690538387893,-0.2804538110799726,0.4991294697656685,0.2767910114430272,0.4738622750188894,-0.06810099147095627,0.5023699829060237,1.0,0.8260869565217391,0.6086956521739131,0.9565217391304348,0.34782608695652173,0.6956521739130435,0.17391304347826086,0.0,0.897216796875,0.28173828125,0.2943115234375,0.205810546875,0.4765625,0.0,0.7931344868863681,4.980754240171244,0.04271537661000292,0.17573936052338615,0.050332849821091666,0.19236058141853138,-0.16860933976686354,0.5409952814992562,0.560013683846897,0.40760924987801983,-0.30639343839150257,0.5179283397285142,0.044444444444444446,0.9555555555555556,0.0,1.0,0.044444444444444446,0.05555555555555555,0.1,0.9,0.0,0.9,0.9,0.0,0.0,0.0,0.0,261.55555555555554,0.044444444444444446,0.011111111111111106,1.0,0.8111111111111111,0.8111111111111111,0.9666666666666667,0.5888888888888889,0.6333333333333333,0.2111111111111111,0.044444444444444446,1.0,479.9014842489774,0.3498913815566885,1.0,0.8111111111111111,0.8333333333333334,0.9555555555555556,0.37777777777777777,0.7666666666666667,0.2222222222222222,0.05555555555555555,1.0,479.9014842489774,0.23628492100654389
260,2000000,blue,19,nan,nan,nan,nan,nan,nan,nan,nan,nan,nan,-0.003729405376691375,3.3186904430389403,0.003461351263653134,0.04257075488567352,0.2831422507762909,3.5987710589324706e-08,0.9999999403953552,1.0,0.2425520211458206,0.6871513247489929,red,3,False,11,9,10,-0.9500000219171246,-9.323333336040378,488.6666666666667,1.0,0.0,0.0,1.0,0.0,0.0,0.0,0.0,1.0,1.0,1.0,0.0,0.0,0.0,0.0,1669,1669,1669,835,834,1.0,0.6666666666666666,1.0,1.0,0.6666666666666666,0.6666666666666666,0.6666666666666666,0.0,0.8932783018867925,0.5212264150943396,0.4840801886792453,0.24587264150943397,0.9357311320754716,0.0,0.6682389851547602,4.278439229466899,0.08703697405788109,0.1819068898681682,0.11622504060324836,0.20224409681034722,-0.2652525813200726,0.4927227204623256,0.28131036732980336,0.4639324127139952,-0.08400161118409431,0.5197260295781013,1.0,0.6666666666666666,0.6666666666666666,1.0,0.0,0.6666666666666666,0.3333333333333333,0.0,0.8920990566037735,0.07429245283018868,0.18867924528301888,0.24528301886792453,0.1615566037735849,0.0,1.021455116915938,5.051493045001337,0.004739970901657023,0.015074818089976488,0.006642261000632246,0.030722226342842246,-0.2728197301727256,0.5162761193861048,0.5851475368635188,0.3960527822771443,-0.2817567522197179,0.5226071301517325,0.044444444444444446,0.9555555555555556,0.0,1.0,0.044444444444444446,0.044444444444444446,0.08888888888888889,0.9111111111111111,0.0,0.9111111111111111,0.9111111111111111,0.0,0.0,0.0,0.0,262.5444444444444,0.044444444444444446,0.0,1.0,0.8,0.8111111111111111,0.9666666666666667,0.5888888888888889,0.6333333333333333,0.2111111111111111,0.044444444444444446,1.0,489.4251583891481,0.3507148700813134,1.0,0.8,0.8333333333333334,0.9555555555555556,0.36666666666666664,0.7555555555555555,0.2111111111111111,0.044444444444444446,1.0,489.4251583891481,0.24601968057277118
