nohup: ignoring input
============================================================
FINAL 5-SEED EXPERIMENT
Vanilla HAPPO vs PCTA-v2 HAPPO
2M steps / seed
entropy_coef=0.001
actor_log_std_init=-0.25
Start: Mon Sep 14 12:45:02 CST 2026
============================================================

############################################################
SEED 1 / 5
############################################################
============================================================
Vanilla HAPPO | seed=1
Run: happo_final_v35_main_seed1_2m_20260914_124502
Start: Mon Sep 14 12:45:02 CST 2026
============================================================
============================================================
HAPPO TRAINING
Run: happo_final_v35_main_seed1_2m_20260914_124502
Profile: main
Seed: 1
Device: cuda
Envs: 16
Method: baseline
Critic: mlp
Rollout: 128
Target steps: 2,000,000
Checkpoint interval: 1,000,000
Evaluation interval: disabled
Log interval: 100,000
============================================================
[TRAIN] 100,352 / 2,000,000 (5.0%)
        elapsed 00:02:48 | speed 597.9 steps/s | ETA 00:52:57
        episodes +1360 / total 1360
        return 4.75 | W/B/D 0.0% / 7.1% / 92.9%
        MAV survival 92.9% | UAV survivors 2.02
        Red kills 0.00 | Blue kills 0.08 | ep length 73.4
        actor loss [-0.025, -0.021, -0.022, -0.023]
        critic loss 303.607 | entropy 3.477
[TRAIN] 200,704 / 2,000,000 (10.0%)
        elapsed 00:05:50 | speed 549.9 steps/s | ETA 00:54:32
        episodes +1344 / total 2704
        return 31.09 | W/B/D 0.0% / 1.0% / 99.0%
        MAV survival 99.0% | UAV survivors 2.79
        Red kills 0.00 | Blue kills 0.16 | ep length 74.7
        actor loss [-0.023, -0.026, -0.025, -0.023]
        critic loss 45.454 | entropy 3.467
[TRAIN] 301,056 / 2,000,000 (15.1%)
        elapsed 00:08:59 | speed 531.8 steps/s | ETA 00:53:15
        episodes +1337 / total 4041
        return 36.16 | W/B/D 0.0% / 0.4% / 99.6%
        MAV survival 99.6% | UAV survivors 2.91
        Red kills 0.00 | Blue kills 0.08 | ep length 75.0
        actor loss [-0.027, -0.024, -0.027, -0.020]
        critic loss 21.253 | entropy 3.435
[TRAIN] 401,408 / 2,000,000 (20.1%)
        elapsed 00:12:09 | speed 528.2 steps/s | ETA 00:50:27
        episodes +1345 / total 5386
        return 35.54 | W/B/D 0.0% / 1.6% / 98.4%
        MAV survival 98.4% | UAV survivors 2.85
        Red kills 0.00 | Blue kills 0.14 | ep length 74.6
        actor loss [-0.025, -0.023, -0.022, -0.026]
        critic loss 69.255 | entropy 3.421
[TRAIN] 501,760 / 2,000,000 (25.1%)
        elapsed 00:15:18 | speed 531.3 steps/s | ETA 00:47:00
        episodes +1343 / total 6729
        return 36.33 | W/B/D 0.0% / 1.4% / 98.6%
        MAV survival 98.6% | UAV survivors 2.86
        Red kills 0.00 | Blue kills 0.10 | ep length 74.7
        actor loss [-0.022, -0.026, -0.023, -0.024]
        critic loss 65.196 | entropy 3.415
[TRAIN] 600,064 / 2,000,000 (30.0%)
        elapsed 00:18:15 | speed 554.9 steps/s | ETA 00:42:03
        episodes +1316 / total 8045
        return 70.81 | W/B/D 0.7% / 0.6% / 98.7%
        MAV survival 99.4% | UAV survivors 2.64
        Red kills 0.66 | Blue kills 0.29 | ep length 74.8
        actor loss [-0.025, -0.026, -0.017, -0.020]
        critic loss 216.380 | entropy 3.324
[TRAIN] 700,416 / 2,000,000 (35.0%)
        elapsed 00:21:07 | speed 583.6 steps/s | ETA 00:37:07
        episodes +1370 / total 9415
        return 109.82 | W/B/D 3.4% / 1.1% / 95.5%
        MAV survival 98.9% | UAV survivors 2.56
        Red kills 1.44 | Blue kills 0.21 | ep length 73.2
        actor loss [-0.021, -0.023, -0.018, -0.024]
        critic loss 445.101 | entropy 3.209
[TRAIN] 800,768 / 2,000,000 (40.0%)
        elapsed 00:23:50 | speed 617.1 steps/s | ETA 00:32:23
        episodes +1407 / total 10822
        return 125.26 | W/B/D 7.2% / 1.5% / 91.3%
        MAV survival 98.5% | UAV survivors 2.18
        Red kills 1.79 | Blue kills 0.16 | ep length 71.4
        actor loss [-0.026, -0.026, -0.023, -0.020]
        critic loss 552.312 | entropy 3.088
[TRAIN] 901,120 / 2,000,000 (45.1%)
        elapsed 00:26:30 | speed 627.5 steps/s | ETA 00:29:11
        episodes +1509 / total 12331
        return 156.72 | W/B/D 19.9% / 1.1% / 79.0%
        MAV survival 98.9% | UAV survivors 1.78
        Red kills 2.31 | Blue kills 0.24 | ep length 66.4
        actor loss [-0.021, -0.017, -0.023, -0.025]
        critic loss 781.817 | entropy 2.949
[TRAIN] 1,001,472 / 2,000,000 (50.1%)
        elapsed 00:29:09 | speed 628.5 steps/s | ETA 00:26:29
        episodes +1621 / total 13952
        return 165.73 | W/B/D 26.7% / 4.9% / 68.4%
        MAV survival 95.1% | UAV survivors 1.73
        Red kills 2.56 | Blue kills 0.26 | ep length 62.0
        actor loss [-0.020, -0.026, -0.022, -0.018]
        critic loss 1219.854 | entropy 2.854
[CKPT] milestone 1,000,000 crossed at step 1,001,472 | checkpoint_1001472.pt
[TRAIN] 1,101,824 / 2,000,000 (55.1%)
        elapsed 00:31:51 | speed 618.8 steps/s | ETA 00:24:12
        episodes +1623 / total 15575
        return 181.62 | W/B/D 29.6% / 2.0% / 68.5%
        MAV survival 98.0% | UAV survivors 1.68
        Red kills 2.72 | Blue kills 0.21 | ep length 61.8
        actor loss [-0.025, -0.019, -0.021, -0.024]
        critic loss 959.482 | entropy 2.802
[TRAIN] 1,200,128 / 2,000,000 (60.0%)
        elapsed 00:34:31 | speed 614.5 steps/s | ETA 00:21:42
        episodes +1606 / total 17181
        return 183.99 | W/B/D 31.3% / 2.1% / 66.6%
        MAV survival 97.9% | UAV survivors 1.52
        Red kills 2.77 | Blue kills 0.31 | ep length 61.3
        actor loss [-0.025, -0.017, -0.028, -0.026]
        critic loss 955.667 | entropy 2.723
[TRAIN] 1,300,480 / 2,000,000 (65.0%)
        elapsed 00:37:14 | speed 617.4 steps/s | ETA 00:18:53
        episodes +1706 / total 18887
        return 196.23 | W/B/D 37.2% / 1.1% / 61.7%
        MAV survival 98.9% | UAV survivors 1.43
        Red kills 2.93 | Blue kills 0.53 | ep length 58.8
        actor loss [-0.026, -0.018, -0.024, -0.028]
        critic loss 918.850 | entropy 2.637
[TRAIN] 1,400,832 / 2,000,000 (70.0%)
        elapsed 00:40:02 | speed 597.7 steps/s | ETA 00:16:42
        episodes +1728 / total 20615
        return 197.25 | W/B/D 38.8% / 1.2% / 60.1%
        MAV survival 98.8% | UAV survivors 1.31
        Red kills 2.95 | Blue kills 0.65 | ep length 58.1
        actor loss [-0.023, -0.019, -0.025, -0.030]
        critic loss 835.213 | entropy 2.525
[TRAIN] 1,501,184 / 2,000,000 (75.1%)
        elapsed 00:42:51 | speed 592.2 steps/s | ETA 00:14:02
        episodes +1863 / total 22478
        return 201.79 | W/B/D 45.7% / 4.2% / 50.1%
        MAV survival 95.8% | UAV survivors 1.24
        Red kills 3.08 | Blue kills 0.71 | ep length 53.9
        actor loss [-0.021, -0.019, -0.025, -0.027]
        critic loss 1177.396 | entropy 2.452
[TRAIN] 1,601,536 / 2,000,000 (80.1%)
        elapsed 00:45:47 | speed 571.5 steps/s | ETA 00:11:37
        episodes +1843 / total 24321
        return 207.66 | W/B/D 46.5% / 4.3% / 49.2%
        MAV survival 95.7% | UAV survivors 1.42
        Red kills 3.16 | Blue kills 0.71 | ep length 54.4
        actor loss [-0.026, -0.018, -0.029, -0.029]
        critic loss 1081.597 | entropy 2.383
[TRAIN] 1,701,888 / 2,000,000 (85.1%)
        elapsed 00:48:48 | speed 554.6 steps/s | ETA 00:08:57
        episodes +1894 / total 26215
        return 215.16 | W/B/D 49.3% / 2.7% / 48.0%
        MAV survival 97.3% | UAV survivors 1.50
        Red kills 3.18 | Blue kills 0.77 | ep length 53.0
        actor loss [-0.024, -0.016, -0.020, -0.027]
        critic loss 933.632 | entropy 2.313
[TRAIN] 1,800,192 / 2,000,000 (90.0%)
        elapsed 00:51:28 | speed 615.2 steps/s | ETA 00:05:25
        episodes +1834 / total 28049
        return 212.28 | W/B/D 48.1% / 1.8% / 50.1%
        MAV survival 98.2% | UAV survivors 1.19
        Red kills 3.16 | Blue kills 0.93 | ep length 53.6
        actor loss [-0.023, -0.019, -0.022, -0.030]
        critic loss 863.535 | entropy 2.239
[TRAIN] 1,900,544 / 2,000,000 (95.0%)
        elapsed 00:54:11 | speed 612.4 steps/s | ETA 00:02:42
        episodes +1934 / total 29983
        return 218.45 | W/B/D 51.6% / 1.3% / 47.1%
        MAV survival 98.7% | UAV survivors 1.08
        Red kills 3.23 | Blue kills 0.90 | ep length 51.9
        actor loss [-0.026, -0.018, -0.027, -0.028]
        critic loss 796.080 | entropy 2.170
[TRAIN] 2,000,000 / 2,000,000 (100.0%)
        elapsed 00:56:55 | speed 609.0 steps/s | ETA 00:00:00
        episodes +1877 / total 31860
        return 217.61 | W/B/D 49.8% / 0.6% / 49.6%
        MAV survival 99.4% | UAV survivors 1.06
        Red kills 3.21 | Blue kills 0.92 | ep length 53.0
        actor loss [-0.023, -0.021, -0.026, -0.024]
        critic loss 725.263 | entropy 2.079
[CKPT] milestone 2,000,000 crossed at step 2,000,000 | checkpoint_2000000.pt
[TRAIN] optimization finished at 2,000,000 steps
[FINAL EVAL] step 2,000,000 | nearest_red_aircraft
       win 51.0% | blue 0.5% | draw 48.5%
       return 220.17 | Red kills 3.29 | MAV survival 99.5%
============================================================
TRAINING COMPLETE
Steps: 2,000,000
Elapsed training time: 00:56:55
Final evaluation time: 00:01:26
Completed episodes: 31860
Final checkpoint: checkpoint_final.pt
Run folder: /mnt/c/Users/HPK/Desktop/2_uav/outputs/happo_final_v35_main_seed1_2m_20260914_124502
============================================================
============================================================
Finished Vanilla seed=1: Mon Sep 14 13:44:25 CST 2026
============================================================
============================================================
PCTA-v2 HAPPO | seed=1
Run: pcta_v2_happo_final_v35_main_seed1_2m_20260914_134425
Start: Mon Sep 14 13:44:25 CST 2026
============================================================
============================================================
PCTA-v2 HAPPO TRAINING
Run: pcta_v2_happo_final_v35_main_seed1_2m_20260914_134425
Profile: main
Seed: 1
Device: cuda
Envs: 16
Method: baseline
Critic: mlp
Rollout: 128
Target steps: 2,000,000
Checkpoint interval: 1,000,000
Evaluation interval: disabled
Log interval: 100,000
============================================================
[TRAIN] 100,352 / 2,000,000 (5.0%)
        elapsed 00:05:20 | speed 313.5 steps/s | ETA 01:41:00
        episodes +1368 / total 1368
        return -6.38 | W/B/D 0.0% / 8.9% / 91.1%
        MAV survival 91.1% | UAV survivors 1.47
        Red kills 0.00 | Blue kills 0.04 | ep length 72.9
        actor loss [-0.027, -0.025, -0.027, -0.028]
        critic loss 371.989 | entropy 3.479
        PCTA-v2 target diagnostics | ens H 1.122 | head Hn 0.996 | head max 0.382 | disagree 0.000 | target switch 6.9% | beta 0.693 | valid/multi states 315665/280304
[TRAIN] 200,704 / 2,000,000 (10.0%)
        elapsed 00:10:17 | speed 338.1 steps/s | ETA 01:28:42
        episodes +1350 / total 2718
        return 30.36 | W/B/D 0.0% / 1.2% / 98.8%
        MAV survival 98.8% | UAV survivors 2.88
        Red kills 0.00 | Blue kills 0.11 | ep length 74.5
        actor loss [-0.022, -0.025, -0.026, -0.022]
        critic loss 54.066 | entropy 3.467
        PCTA-v2 target diagnostics | ens H 1.156 | head Hn 0.979 | head max 0.376 | disagree 0.001 | target switch 6.0% | beta 0.693 | valid/multi states 391248/369912
[TRAIN] 301,056 / 2,000,000 (15.1%)
        elapsed 00:15:02 | speed 352.5 steps/s | ETA 01:20:20
        episodes +1343 / total 4061
        return 32.85 | W/B/D 0.0% / 1.2% / 98.8%
        MAV survival 98.8% | UAV survivors 2.91
        Red kills 0.00 | Blue kills 0.07 | ep length 74.6
        actor loss [-0.026, -0.023, -0.028, -0.020]
        critic loss 56.542 | entropy 3.468
        PCTA-v2 target diagnostics | ens H 1.157 | head Hn 0.962 | head max 0.376 | disagree 0.001 | target switch 6.0% | beta 0.693 | valid/multi states 397000/381750
[TRAIN] 401,408 / 2,000,000 (20.1%)
        elapsed 00:19:46 | speed 353.2 steps/s | ETA 01:15:26
        episodes +1340 / total 5401
        return 37.78 | W/B/D 0.0% / 0.5% / 99.5%
        MAV survival 99.5% | UAV survivors 2.89
        Red kills 0.00 | Blue kills 0.07 | ep length 74.9
        actor loss [-0.024, -0.024, -0.023, -0.027]
        critic loss 23.395 | entropy 3.429
        PCTA-v2 target diagnostics | ens H 1.194 | head Hn 0.959 | head max 0.366 | disagree 0.003 | target switch 5.5% | beta 0.692 | valid/multi states 397425/388113
[TRAIN] 501,760 / 2,000,000 (25.1%)
        elapsed 00:24:29 | speed 354.7 steps/s | ETA 01:10:24
        episodes +1347 / total 6748
        return 35.31 | W/B/D 0.0% / 1.6% / 98.4%
        MAV survival 98.4% | UAV survivors 2.85
        Red kills 0.00 | Blue kills 0.14 | ep length 74.6
        actor loss [-0.021, -0.025, -0.023, -0.022]
        critic loss 71.500 | entropy 3.401
        PCTA-v2 target diagnostics | ens H 1.191 | head Hn 0.936 | head max 0.381 | disagree 0.005 | target switch 5.4% | beta 0.691 | valid/multi states 396579/388697
[TRAIN] 600,064 / 2,000,000 (30.0%)
        elapsed 00:29:22 | speed 335.7 steps/s | ETA 01:09:31
        episodes +1313 / total 8061
        return 36.77 | W/B/D 0.1% / 2.1% / 97.8%
        MAV survival 97.9% | UAV survivors 2.76
        Red kills 0.07 | Blue kills 0.19 | ep length 74.7
        actor loss [-0.023, -0.025, -0.016, -0.021]
        critic loss 121.991 | entropy 3.423
        PCTA-v2 target diagnostics | ens H 1.228 | head Hn 0.933 | head max 0.366 | disagree 0.004 | target switch 5.8% | beta 0.692 | valid/multi states 387200/383058
[TRAIN] 700,416 / 2,000,000 (35.0%)
        elapsed 00:34:40 | speed 315.4 steps/s | ETA 01:08:40
        episodes +1376 / total 9437
        return 107.33 | W/B/D 5.0% / 1.2% / 93.8%
        MAV survival 98.8% | UAV survivors 2.76
        Red kills 1.31 | Blue kills 0.23 | ep length 72.9
        actor loss [-0.019, -0.021, -0.017, -0.023]
        critic loss 512.592 | entropy 3.336
        PCTA-v2 target diagnostics | ens H 1.069 | head Hn 0.970 | head max 0.421 | disagree 0.001 | target switch 6.2% | beta 0.696 | valid/multi states 387049/352391
[TRAIN] 800,768 / 2,000,000 (40.0%)
        elapsed 00:39:38 | speed 336.7 steps/s | ETA 00:59:22
        episodes +1444 / total 10881
        return 142.90 | W/B/D 12.7% / 4.0% / 83.2%
        MAV survival 96.0% | UAV survivors 2.81
        Red kills 2.02 | Blue kills 0.19 | ep length 69.7
        actor loss [-0.024, -0.027, -0.023, -0.019]
        critic loss 871.029 | entropy 3.242
        PCTA-v2 target diagnostics | ens H 0.922 | head Hn 0.967 | head max 0.492 | disagree 0.001 | target switch 5.8% | beta 0.700 | valid/multi states 383427/316779
[TRAIN] 901,120 / 2,000,000 (45.1%)
        elapsed 00:44:17 | speed 359.7 steps/s | ETA 00:50:55
        episodes +1520 / total 12401
        return 172.78 | W/B/D 22.8% / 3.6% / 73.6%
        MAV survival 96.4% | UAV survivors 2.80
        Red kills 2.45 | Blue kills 0.20 | ep length 65.9
        actor loss [-0.022, -0.021, -0.026, -0.027]
        critic loss 1016.807 | entropy 3.156
        PCTA-v2 target diagnostics | ens H 0.855 | head Hn 0.954 | head max 0.527 | disagree 0.000 | target switch 6.2% | beta 0.702 | valid/multi states 378036/294481
[TRAIN] 1,001,472 / 2,000,000 (50.1%)
        elapsed 00:48:30 | speed 395.6 steps/s | ETA 00:42:04
        episodes +1539 / total 13940
        return 180.92 | W/B/D 23.7% / 1.6% / 74.7%
        MAV survival 98.4% | UAV survivors 2.68
        Red kills 2.53 | Blue kills 0.28 | ep length 65.2
        actor loss [-0.022, -0.027, -0.025, -0.020]
        critic loss 905.866 | entropy 3.031
        PCTA-v2 target diagnostics | ens H 0.835 | head Hn 0.965 | head max 0.537 | disagree 0.000 | target switch 6.4% | beta 0.703 | valid/multi states 379685/284777
[CKPT] milestone 1,000,000 crossed at step 1,001,472 | checkpoint_1001472.pt
[TRAIN] 1,101,824 / 2,000,000 (55.1%)
        elapsed 00:52:51 | speed 385.4 steps/s | ETA 00:38:50
        episodes +1532 / total 15472
        return 176.11 | W/B/D 23.2% / 3.0% / 73.8%
        MAV survival 97.0% | UAV survivors 2.66
        Red kills 2.49 | Blue kills 0.26 | ep length 65.4
        actor loss [-0.026, -0.021, -0.022, -0.025]
        critic loss 986.848 | entropy 2.919
        PCTA-v2 target diagnostics | ens H 0.848 | head Hn 0.956 | head max 0.537 | disagree 0.001 | target switch 6.0% | beta 0.707 | valid/multi states 381850/295814
[TRAIN] 1,200,128 / 2,000,000 (60.0%)
        elapsed 00:57:06 | speed 385.7 steps/s | ETA 00:34:34
        episodes +1519 / total 16991
        return 186.61 | W/B/D 25.8% / 0.8% / 73.4%
        MAV survival 99.2% | UAV survivors 2.57
        Red kills 2.59 | Blue kills 0.30 | ep length 64.9
        actor loss [-0.026, -0.017, -0.028, -0.024]
        critic loss 866.401 | entropy 2.806
        PCTA-v2 target diagnostics | ens H 0.865 | head Hn 0.978 | head max 0.524 | disagree 0.001 | target switch 5.7% | beta 0.710 | valid/multi states 366688/281804
[TRAIN] 1,300,480 / 2,000,000 (65.0%)
        elapsed 01:01:35 | speed 372.6 steps/s | ETA 00:31:17
        episodes +1574 / total 18565
        return 187.45 | W/B/D 29.3% / 2.7% / 68.0%
        MAV survival 97.3% | UAV survivors 2.22
        Red kills 2.72 | Blue kills 0.29 | ep length 63.7
        actor loss [-0.030, -0.020, -0.026, -0.027]
        critic loss 1013.155 | entropy 2.703
        PCTA-v2 target diagnostics | ens H 0.876 | head Hn 0.974 | head max 0.523 | disagree 0.002 | target switch 5.9% | beta 0.709 | valid/multi states 353290/270616
[TRAIN] 1,400,832 / 2,000,000 (70.0%)
        elapsed 01:05:55 | speed 385.8 steps/s | ETA 00:25:53
        episodes +1577 / total 20142
        return 188.15 | W/B/D 30.2% / 0.6% / 69.2%
        MAV survival 99.4% | UAV survivors 1.72
        Red kills 2.73 | Blue kills 0.25 | ep length 63.6
        actor loss [-0.022, -0.018, -0.025, -0.023]
        critic loss 877.242 | entropy 2.613
        PCTA-v2 target diagnostics | ens H 0.916 | head Hn 0.978 | head max 0.502 | disagree 0.002 | target switch 6.2% | beta 0.707 | valid/multi states 324201/254940
[TRAIN] 1,501,184 / 2,000,000 (75.1%)
        elapsed 01:10:05 | speed 401.6 steps/s | ETA 00:20:42
        episodes +1590 / total 21732
        return 192.45 | W/B/D 32.2% / 1.6% / 66.2%
        MAV survival 98.4% | UAV survivors 1.69
        Red kills 2.81 | Blue kills 0.25 | ep length 63.2
        actor loss [-0.021, -0.020, -0.024, -0.019]
        critic loss 906.508 | entropy 2.501
        PCTA-v2 target diagnostics | ens H 0.889 | head Hn 0.953 | head max 0.523 | disagree 0.002 | target switch 6.2% | beta 0.709 | valid/multi states 320166/248016
[TRAIN] 1,601,536 / 2,000,000 (80.1%)
        elapsed 01:14:08 | speed 412.6 steps/s | ETA 00:16:06
        episodes +1605 / total 23337
        return 193.17 | W/B/D 33.4% / 2.3% / 64.3%
        MAV survival 97.7% | UAV survivors 1.64
        Red kills 2.85 | Blue kills 0.26 | ep length 62.5
        actor loss [-0.024, -0.017, -0.028, -0.020]
        critic loss 949.251 | entropy 2.390
        PCTA-v2 target diagnostics | ens H 0.884 | head Hn 0.938 | head max 0.526 | disagree 0.002 | target switch 7.0% | beta 0.707 | valid/multi states 318978/249725
[TRAIN] 1,701,888 / 2,000,000 (85.1%)
        elapsed 01:18:08 | speed 418.4 steps/s | ETA 00:11:52
        episodes +1687 / total 25024
        return 205.48 | W/B/D 40.6% / 2.8% / 56.6%
        MAV survival 97.2% | UAV survivors 1.72
        Red kills 2.99 | Blue kills 0.25 | ep length 59.6
        actor loss [-0.026, -0.017, -0.024, -0.020]
        critic loss 1019.688 | entropy 2.310
        PCTA-v2 target diagnostics | ens H 0.909 | head Hn 0.971 | head max 0.503 | disagree 0.001 | target switch 7.9% | beta 0.699 | valid/multi states 320214/250746
[TRAIN] 1,800,192 / 2,000,000 (90.0%)
        elapsed 01:22:11 | speed 404.5 steps/s | ETA 00:08:14
        episodes +1615 / total 26639
        return 205.57 | W/B/D 37.3% / 0.5% / 62.2%
        MAV survival 99.5% | UAV survivors 1.68
        Red kills 2.96 | Blue kills 0.30 | ep length 60.8
        actor loss [-0.025, -0.022, -0.022, -0.023]
        critic loss 841.157 | entropy 2.239
        PCTA-v2 target diagnostics | ens H 0.906 | head Hn 0.983 | head max 0.504 | disagree 0.001 | target switch 7.7% | beta 0.699 | valid/multi states 307863/236486
[TRAIN] 1,900,544 / 2,000,000 (95.0%)
        elapsed 01:26:25 | speed 395.6 steps/s | ETA 00:04:11
        episodes +1696 / total 28335
        return 209.44 | W/B/D 41.2% / 0.8% / 58.0%
        MAV survival 99.2% | UAV survivors 1.55
        Red kills 3.01 | Blue kills 0.33 | ep length 59.2
        actor loss [-0.025, -0.018, -0.027, -0.020]
        critic loss 923.734 | entropy 2.163
        PCTA-v2 target diagnostics | ens H 0.918 | head Hn 0.988 | head max 0.497 | disagree 0.002 | target switch 7.9% | beta 0.699 | valid/multi states 309916/239049
[TRAIN] 2,000,000 / 2,000,000 (100.0%)
        elapsed 01:30:17 | speed 428.9 steps/s | ETA 00:00:00
        episodes +1667 / total 30002
        return 205.44 | W/B/D 39.6% / 1.6% / 58.8%
        MAV survival 98.4% | UAV survivors 1.42
        Red kills 3.02 | Blue kills 0.30 | ep length 59.6
        actor loss [-0.024, -0.022, -0.025, -0.016]
        critic loss 954.558 | entropy 2.076
        PCTA-v2 target diagnostics | ens H 0.908 | head Hn 0.994 | head max 0.494 | disagree 0.001 | target switch 7.6% | beta 0.698 | valid/multi states 304138/232110
[CKPT] milestone 2,000,000 crossed at step 2,000,000 | checkpoint_2000000.pt
[TRAIN] optimization finished at 2,000,000 steps
[FINAL EVAL] step 2,000,000 | nearest_red_aircraft
       win 33.0% | blue 0.0% | draw 67.0%
       return 196.22 | Red kills 2.83 | MAV survival 100.0%
============================================================
TRAINING COMPLETE
Steps: 2,000,000
Elapsed training time: 01:30:17
Final evaluation time: 00:03:08
Completed episodes: 30002
Final checkpoint: checkpoint_final.pt
Run folder: /mnt/c/Users/HPK/Desktop/2_uav/outputs/pcta_v2_happo_final_v35_main_seed1_2m_20260914_134425
============================================================
============================================================
Finished PCTA-v2 seed=1: Mon Sep 14 15:19:36 CST 2026
============================================================

############################################################
SEED 2 / 5
############################################################
============================================================
Vanilla HAPPO | seed=2
Run: happo_final_v35_main_seed2_2m_20260914_151936
Start: Mon Sep 14 15:19:36 CST 2026
============================================================
============================================================
HAPPO TRAINING
Run: happo_final_v35_main_seed2_2m_20260914_151936
Profile: main
Seed: 2
Device: cuda
Envs: 16
Method: baseline
Critic: mlp
Rollout: 128
Target steps: 2,000,000
Checkpoint interval: 1,000,000
Evaluation interval: disabled
Log interval: 100,000
============================================================
[TRAIN] 100,352 / 2,000,000 (5.0%)
        elapsed 00:03:06 | speed 539.6 steps/s | ETA 00:58:41
        episodes +1572 / total 1572
        return -55.54 | W/B/D 0.0% / 35.1% / 64.9%
        MAV survival 64.9% | UAV survivors 1.95
        Red kills 0.00 | Blue kills 0.03 | ep length 63.5
        actor loss [-0.021, -0.029, -0.026, -0.023]
        critic loss 1311.500 | entropy 3.480
[TRAIN] 200,704 / 2,000,000 (10.0%)
        elapsed 00:06:21 | speed 515.8 steps/s | ETA 00:58:08
        episodes +1338 / total 2910
        return 30.78 | W/B/D 0.0% / 1.0% / 99.0%
        MAV survival 99.0% | UAV survivors 2.87
        Red kills 0.00 | Blue kills 0.12 | ep length 74.9
        actor loss [-0.025, -0.026, -0.024, -0.027]
        critic loss 42.522 | entropy 3.431
[TRAIN] 301,056 / 2,000,000 (15.1%)
        elapsed 00:09:34 | speed 518.7 steps/s | ETA 00:54:36
        episodes +1340 / total 4250
        return 33.16 | W/B/D 0.0% / 0.5% / 99.5%
        MAV survival 99.5% | UAV survivors 2.81
        Red kills 0.00 | Blue kills 0.16 | ep length 74.9
        actor loss [-0.028, -0.020, -0.031, -0.030]
        critic loss 21.348 | entropy 3.441
[TRAIN] 401,408 / 2,000,000 (20.1%)
        elapsed 00:12:45 | speed 524.3 steps/s | ETA 00:50:49
        episodes +1341 / total 5591
        return 33.06 | W/B/D 0.0% / 2.3% / 97.7%
        MAV survival 97.7% | UAV survivors 2.86
        Red kills 0.03 | Blue kills 0.11 | ep length 74.8
        actor loss [-0.023, -0.025, -0.027, -0.022]
        critic loss 91.913 | entropy 3.428
[TRAIN] 501,760 / 2,000,000 (25.1%)
        elapsed 00:15:44 | speed 561.6 steps/s | ETA 00:44:28
        episodes +1350 / total 6941
        return 58.43 | W/B/D 0.2% / 4.1% / 95.7%
        MAV survival 95.9% | UAV survivors 2.52
        Red kills 0.64 | Blue kills 0.28 | ep length 74.4
        actor loss [-0.026, -0.026, -0.025, -0.024]
        critic loss 342.231 | entropy 3.349
[TRAIN] 600,064 / 2,000,000 (30.0%)
        elapsed 00:18:33 | speed 580.6 steps/s | ETA 00:40:11
        episodes +1329 / total 8270
        return 74.30 | W/B/D 1.5% / 5.4% / 93.1%
        MAV survival 94.6% | UAV survivors 2.39
        Red kills 1.01 | Blue kills 0.31 | ep length 74.0
        actor loss [-0.024, -0.021, -0.025, -0.030]
        critic loss 452.895 | entropy 3.269
[TRAIN] 700,416 / 2,000,000 (35.0%)
        elapsed 00:21:26 | speed 581.5 steps/s | ETA 00:37:15
        episodes +1358 / total 9628
        return 85.06 | W/B/D 1.9% / 2.8% / 95.3%
        MAV survival 97.2% | UAV survivors 2.56
        Red kills 1.08 | Blue kills 0.27 | ep length 73.9
        actor loss [-0.024, -0.024, -0.026, -0.024]
        critic loss 365.371 | entropy 3.168
[TRAIN] 800,768 / 2,000,000 (40.0%)
        elapsed 00:24:15 | speed 592.4 steps/s | ETA 00:33:44
        episodes +1366 / total 10994
        return 95.33 | W/B/D 3.0% / 2.0% / 94.9%
        MAV survival 98.0% | UAV survivors 2.14
        Red kills 1.34 | Blue kills 0.34 | ep length 73.5
        actor loss [-0.021, -0.023, -0.024, -0.024]
        critic loss 386.222 | entropy 3.056
[TRAIN] 901,120 / 2,000,000 (45.1%)
        elapsed 00:27:08 | speed 583.0 steps/s | ETA 00:31:25
        episodes +1419 / total 12413
        return 99.23 | W/B/D 5.2% / 7.9% / 86.9%
        MAV survival 92.1% | UAV survivors 2.47
        Red kills 1.55 | Blue kills 0.45 | ep length 70.6
        actor loss [-0.025, -0.026, -0.020, -0.023]
        critic loss 707.428 | entropy 2.992
[TRAIN] 1,001,472 / 2,000,000 (50.1%)
        elapsed 00:29:47 | speed 628.4 steps/s | ETA 00:26:29
        episodes +1424 / total 13837
        return 129.11 | W/B/D 10.7% / 2.0% / 87.3%
        MAV survival 98.0% | UAV survivors 1.91
        Red kills 1.92 | Blue kills 0.52 | ep length 70.6
        actor loss [-0.027, -0.024, -0.019, -0.022]
        critic loss 517.210 | entropy 2.903
[CKPT] milestone 1,000,000 crossed at step 1,001,472 | checkpoint_1001472.pt
[TRAIN] 1,101,824 / 2,000,000 (55.1%)
        elapsed 00:32:24 | speed 642.0 steps/s | ETA 00:23:19
        episodes +1432 / total 15269
        return 143.81 | W/B/D 13.4% / 0.8% / 85.8%
        MAV survival 99.2% | UAV survivors 1.61
        Red kills 2.20 | Blue kills 0.75 | ep length 69.9
        actor loss [-0.022, -0.025, -0.023, -0.024]
        critic loss 497.727 | entropy 2.813
[TRAIN] 1,200,128 / 2,000,000 (60.0%)
        elapsed 00:34:55 | speed 650.5 steps/s | ETA 00:20:30
        episodes +1435 / total 16704
        return 151.49 | W/B/D 17.6% / 1.6% / 80.8%
        MAV survival 98.4% | UAV survivors 1.57
        Red kills 2.33 | Blue kills 0.82 | ep length 68.6
        actor loss [-0.027, -0.024, -0.019, -0.023]
        critic loss 568.846 | entropy 2.723
[TRAIN] 1,300,480 / 2,000,000 (65.0%)
        elapsed 00:37:39 | speed 610.0 steps/s | ETA 00:19:07
        episodes +1477 / total 18181
        return 156.85 | W/B/D 19.7% / 0.9% / 79.4%
        MAV survival 99.1% | UAV survivors 1.52
        Red kills 2.38 | Blue kills 0.90 | ep length 67.9
        actor loss [-0.021, -0.022, -0.019, -0.020]
        critic loss 613.223 | entropy 2.615
[TRAIN] 1,400,832 / 2,000,000 (70.0%)
        elapsed 00:40:10 | speed 665.5 steps/s | ETA 00:15:00
        episodes +1513 / total 19694
        return 173.58 | W/B/D 23.9% / 0.0% / 76.1%
        MAV survival 100.0% | UAV survivors 1.63
        Red kills 2.60 | Blue kills 0.74 | ep length 66.2
        actor loss [-0.019, -0.027, -0.020, -0.024]
        critic loss 569.986 | entropy 2.519
[TRAIN] 1,501,184 / 2,000,000 (75.1%)
        elapsed 00:42:43 | speed 655.9 steps/s | ETA 00:12:40
        episodes +1549 / total 21243
        return 181.77 | W/B/D 28.3% / 0.1% / 71.6%
        MAV survival 99.9% | UAV survivors 1.59
        Red kills 2.69 | Blue kills 0.87 | ep length 65.0
        actor loss [-0.026, -0.022, -0.017, -0.021]
        critic loss 631.957 | entropy 2.401
[TRAIN] 1,601,536 / 2,000,000 (80.1%)
        elapsed 00:45:12 | speed 673.3 steps/s | ETA 00:09:52
        episodes +1546 / total 22789
        return 180.85 | W/B/D 28.8% / 0.1% / 71.1%
        MAV survival 99.9% | UAV survivors 1.57
        Red kills 2.67 | Blue kills 0.77 | ep length 64.8
        actor loss [-0.024, -0.021, -0.020, -0.019]
        critic loss 611.042 | entropy 2.293
[TRAIN] 1,701,888 / 2,000,000 (85.1%)
        elapsed 00:47:40 | speed 676.2 steps/s | ETA 00:07:21
        episodes +1582 / total 24371
        return 189.53 | W/B/D 32.7% / 0.1% / 67.2%
        MAV survival 99.9% | UAV survivors 1.61
        Red kills 2.77 | Blue kills 0.78 | ep length 63.4
        actor loss [-0.021, -0.023, -0.018, -0.019]
        critic loss 603.237 | entropy 2.199
[TRAIN] 1,800,192 / 2,000,000 (90.0%)
        elapsed 00:50:08 | speed 664.8 steps/s | ETA 00:05:01
        episodes +1577 / total 25948
        return 192.90 | W/B/D 35.8% / 0.1% / 64.1%
        MAV survival 99.9% | UAV survivors 1.64
        Red kills 2.77 | Blue kills 0.77 | ep length 62.3
        actor loss [-0.022, -0.021, -0.019, -0.017]
        critic loss 642.512 | entropy 2.118
[TRAIN] 1,900,544 / 2,000,000 (95.0%)
        elapsed 00:52:43 | speed 648.6 steps/s | ETA 00:02:33
        episodes +1607 / total 27555
        return 191.75 | W/B/D 35.3% / 1.1% / 63.5%
        MAV survival 98.9% | UAV survivors 1.66
        Red kills 2.79 | Blue kills 0.78 | ep length 62.4
        actor loss [-0.024, -0.021, -0.019, -0.016]
        critic loss 717.697 | entropy 2.052
[TRAIN] 2,000,000 / 2,000,000 (100.0%)
        elapsed 00:55:17 | speed 644.3 steps/s | ETA 00:00:00
        episodes +1652 / total 29207
        return 204.80 | W/B/D 41.5% / 0.5% / 57.9%
        MAV survival 99.5% | UAV survivors 1.64
        Red kills 2.93 | Blue kills 0.82 | ep length 60.2
        actor loss [-0.023, -0.019, -0.021, -0.015]
        critic loss 671.185 | entropy 1.960
[CKPT] milestone 2,000,000 crossed at step 2,000,000 | checkpoint_2000000.pt
[TRAIN] optimization finished at 2,000,000 steps
[FINAL EVAL] step 2,000,000 | nearest_red_aircraft
       win 46.5% | blue 0.0% | draw 53.5%
       return 214.40 | Red kills 3.00 | MAV survival 100.0%
============================================================
TRAINING COMPLETE
Steps: 2,000,000
Elapsed training time: 00:55:17
Final evaluation time: 00:01:46
Completed episodes: 29207
Final checkpoint: checkpoint_final.pt
Run folder: /mnt/c/Users/HPK/Desktop/2_uav/outputs/happo_final_v35_main_seed2_2m_20260914_151936
============================================================
============================================================
Finished Vanilla seed=2: Mon Sep 14 16:18:00 CST 2026
============================================================
============================================================
PCTA-v2 HAPPO | seed=2
Run: pcta_v2_happo_final_v35_main_seed2_2m_20260914_161800
Start: Mon Sep 14 16:18:00 CST 2026
============================================================
============================================================
PCTA-v2 HAPPO TRAINING
Run: pcta_v2_happo_final_v35_main_seed2_2m_20260914_161800
Profile: main
Seed: 2
Device: cuda
Envs: 16
Method: baseline
Critic: mlp
Rollout: 128
Target steps: 2,000,000
Checkpoint interval: 1,000,000
Evaluation interval: disabled
Log interval: 100,000
============================================================
[TRAIN] 100,352 / 2,000,000 (5.0%)
        elapsed 00:04:22 | speed 382.9 steps/s | ETA 01:22:41
        episodes +1349 / total 1349
        return 2.55 | W/B/D 0.0% / 7.0% / 93.0%
        MAV survival 93.0% | UAV survivors 1.81
        Red kills 0.00 | Blue kills 0.01 | ep length 74.0
        actor loss [-0.020, -0.030, -0.027, -0.024]
        critic loss 273.272 | entropy 3.465
        PCTA-v2 target diagnostics | ens H 1.118 | head Hn 0.998 | head max 0.385 | disagree 0.000 | target switch 6.2% | beta 0.693 | valid/multi states 320704/285053
[TRAIN] 200,704 / 2,000,000 (10.0%)
        elapsed 00:08:56 | speed 366.2 steps/s | ETA 01:21:53
        episodes +1341 / total 2690
        return 34.18 | W/B/D 0.0% / 1.1% / 98.9%
        MAV survival 98.9% | UAV survivors 2.78
        Red kills 0.00 | Blue kills 0.13 | ep length 74.7
        actor loss [-0.023, -0.022, -0.021, -0.024]
        critic loss 50.983 | entropy 3.449
        PCTA-v2 target diagnostics | ens H 1.278 | head Hn 0.994 | head max 0.312 | disagree 0.001 | target switch 5.2% | beta 0.693 | valid/multi states 395302/389952
[TRAIN] 301,056 / 2,000,000 (15.1%)
        elapsed 00:13:26 | speed 371.6 steps/s | ETA 01:16:12
        episodes +1344 / total 4034
        return 35.28 | W/B/D 0.0% / 1.9% / 98.1%
        MAV survival 98.1% | UAV survivors 2.91
        Red kills 0.00 | Blue kills 0.09 | ep length 74.7
        actor loss [-0.022, -0.016, -0.025, -0.025]
        critic loss 82.149 | entropy 3.436
        PCTA-v2 target diagnostics | ens H 1.301 | head Hn 0.990 | head max 0.309 | disagree 0.002 | target switch 5.6% | beta 0.693 | valid/multi states 398811/396194
[TRAIN] 401,408 / 2,000,000 (20.1%)
        elapsed 00:17:53 | speed 376.3 steps/s | ETA 01:10:48
        episodes +1345 / total 5379
        return 37.58 | W/B/D 0.0% / 1.6% / 98.4%
        MAV survival 98.4% | UAV survivors 2.96
        Red kills 0.00 | Blue kills 0.04 | ep length 74.6
        actor loss [-0.020, -0.022, -0.025, -0.019]
        critic loss 70.365 | entropy 3.423
        PCTA-v2 target diagnostics | ens H 1.302 | head Hn 0.983 | head max 0.313 | disagree 0.003 | target switch 5.1% | beta 0.693 | valid/multi states 400128/398157
[TRAIN] 501,760 / 2,000,000 (25.1%)
        elapsed 00:22:14 | speed 383.7 steps/s | ETA 01:05:05
        episodes +1342 / total 6721
        return 37.93 | W/B/D 0.0% / 1.6% / 98.4%
        MAV survival 98.4% | UAV survivors 2.95
        Red kills 0.00 | Blue kills 0.05 | ep length 74.7
        actor loss [-0.025, -0.025, -0.023, -0.022]
        critic loss 70.310 | entropy 3.408
        PCTA-v2 target diagnostics | ens H 1.275 | head Hn 0.961 | head max 0.341 | disagree 0.005 | target switch 4.7% | beta 0.693 | valid/multi states 399673/396781
[TRAIN] 600,064 / 2,000,000 (30.0%)
        elapsed 00:26:36 | speed 376.2 steps/s | ETA 01:02:01
        episodes +1315 / total 8036
        return 38.81 | W/B/D 0.0% / 1.4% / 98.6%
        MAV survival 98.6% | UAV survivors 2.95
        Red kills 0.00 | Blue kills 0.05 | ep length 74.8
        actor loss [-0.023, -0.018, -0.022, -0.028]
        critic loss 59.298 | entropy 3.356
        PCTA-v2 target diagnostics | ens H 1.242 | head Hn 0.947 | head max 0.356 | disagree 0.005 | target switch 4.6% | beta 0.695 | valid/multi states 391624/388997
[TRAIN] 700,416 / 2,000,000 (35.0%)
        elapsed 00:31:02 | speed 376.3 steps/s | ETA 00:57:34
        episodes +1339 / total 9375
        return 41.75 | W/B/D 0.0% / 0.4% / 99.6%
        MAV survival 99.6% | UAV survivors 2.92
        Red kills 0.00 | Blue kills 0.07 | ep length 74.9
        actor loss [-0.020, -0.021, -0.023, -0.022]
        critic loss 20.540 | entropy 3.331
        PCTA-v2 target diagnostics | ens H 1.215 | head Hn 0.935 | head max 0.368 | disagree 0.005 | target switch 4.1% | beta 0.695 | valid/multi states 397111/393623
[TRAIN] 800,768 / 2,000,000 (40.0%)
        elapsed 00:35:27 | speed 378.6 steps/s | ETA 00:52:48
        episodes +1338 / total 10713
        return 42.27 | W/B/D 0.0% / 0.4% / 99.6%
        MAV survival 99.6% | UAV survivors 2.94
        Red kills 0.00 | Blue kills 0.06 | ep length 74.9
        actor loss [-0.019, -0.020, -0.023, -0.021]
        critic loss 18.500 | entropy 3.316
        PCTA-v2 target diagnostics | ens H 1.227 | head Hn 0.933 | head max 0.360 | disagree 0.006 | target switch 4.1% | beta 0.696 | valid/multi states 399092/396515
[TRAIN] 901,120 / 2,000,000 (45.1%)
        elapsed 00:39:52 | speed 379.3 steps/s | ETA 00:48:17
        episodes +1345 / total 12058
        return 42.20 | W/B/D 0.0% / 0.4% / 99.6%
        MAV survival 99.6% | UAV survivors 2.95
        Red kills 0.00 | Blue kills 0.03 | ep length 74.8
        actor loss [-0.024, -0.025, -0.020, -0.020]
        critic loss 17.249 | entropy 3.272
        PCTA-v2 target diagnostics | ens H 1.212 | head Hn 0.925 | head max 0.372 | disagree 0.010 | target switch 4.1% | beta 0.695 | valid/multi states 399773/396435
[TRAIN] 1,001,472 / 2,000,000 (50.1%)
        elapsed 00:44:05 | speed 396.7 steps/s | ETA 00:41:57
        episodes +1341 / total 13399
        return 42.26 | W/B/D 0.0% / 0.4% / 99.6%
        MAV survival 99.6% | UAV survivors 2.94
        Red kills 0.00 | Blue kills 0.04 | ep length 74.8
        actor loss [-0.027, -0.023, -0.020, -0.021]
        critic loss 17.818 | entropy 3.241
        PCTA-v2 target diagnostics | ens H 1.237 | head Hn 0.933 | head max 0.364 | disagree 0.011 | target switch 4.5% | beta 0.695 | valid/multi states 398495/395955
[CKPT] milestone 1,000,000 crossed at step 1,001,472 | checkpoint_1001472.pt
[TRAIN] 1,101,824 / 2,000,000 (55.1%)
        elapsed 00:48:14 | speed 403.0 steps/s | ETA 00:37:09
        episodes +1337 / total 14736
        return 42.96 | W/B/D 0.0% / 0.4% / 99.6%
        MAV survival 99.6% | UAV survivors 2.97
        Red kills 0.00 | Blue kills 0.03 | ep length 75.0
        actor loss [-0.020, -0.019, -0.024, -0.021]
        critic loss 14.685 | entropy 3.211
        PCTA-v2 target diagnostics | ens H 1.282 | head Hn 0.956 | head max 0.338 | disagree 0.010 | target switch 4.8% | beta 0.696 | valid/multi states 399457/397820
[TRAIN] 1,200,128 / 2,000,000 (60.0%)
        elapsed 00:52:15 | speed 406.9 steps/s | ETA 00:32:46
        episodes +1315 / total 16051
        return 42.79 | W/B/D 0.0% / 0.5% / 99.5%
        MAV survival 99.5% | UAV survivors 2.95
        Red kills 0.00 | Blue kills 0.04 | ep length 74.8
        actor loss [-0.023, -0.020, -0.019, -0.019]
        critic loss 20.285 | entropy 3.167
        PCTA-v2 target diagnostics | ens H 1.310 | head Hn 0.958 | head max 0.325 | disagree 0.013 | target switch 5.0% | beta 0.698 | valid/multi states 390991/390480
[TRAIN] 1,300,480 / 2,000,000 (65.0%)
        elapsed 00:56:25 | speed 402.4 steps/s | ETA 00:28:58
        episodes +1340 / total 17391
        return 43.18 | W/B/D 0.0% / 0.4% / 99.6%
        MAV survival 99.6% | UAV survivors 2.93
        Red kills 0.00 | Blue kills 0.06 | ep length 74.9
        actor loss [-0.020, -0.022, -0.021, -0.020]
        critic loss 19.777 | entropy 3.135
        PCTA-v2 target diagnostics | ens H 1.300 | head Hn 0.960 | head max 0.319 | disagree 0.012 | target switch 6.0% | beta 0.696 | valid/multi states 397390/395614
[TRAIN] 1,400,832 / 2,000,000 (70.0%)
        elapsed 01:00:33 | speed 404.1 steps/s | ETA 00:24:43
        episodes +1337 / total 18728
        return 44.64 | W/B/D 0.0% / 0.2% / 99.8%
        MAV survival 99.8% | UAV survivors 2.95
        Red kills 0.00 | Blue kills 0.04 | ep length 75.0
        actor loss [-0.019, -0.025, -0.023, -0.022]
        critic loss 11.035 | entropy 3.116
        PCTA-v2 target diagnostics | ens H 1.283 | head Hn 0.958 | head max 0.323 | disagree 0.013 | target switch 6.1% | beta 0.696 | valid/multi states 399302/398142
[TRAIN] 1,501,184 / 2,000,000 (75.1%)
        elapsed 01:04:40 | speed 405.9 steps/s | ETA 00:20:29
        episodes +1341 / total 20069
        return 44.07 | W/B/D 0.0% / 0.4% / 99.6%
        MAV survival 99.6% | UAV survivors 2.94
        Red kills 0.00 | Blue kills 0.04 | ep length 74.9
        actor loss [-0.027, -0.019, -0.019, -0.022]
        critic loss 19.435 | entropy 3.111
        PCTA-v2 target diagnostics | ens H 1.281 | head Hn 0.964 | head max 0.326 | disagree 0.013 | target switch 5.9% | beta 0.696 | valid/multi states 397897/395799
[TRAIN] 1,601,536 / 2,000,000 (80.1%)
        elapsed 01:08:52 | speed 399.7 steps/s | ETA 00:16:37
        episodes +1340 / total 21409
        return 45.30 | W/B/D 0.0% / 0.1% / 99.9%
        MAV survival 99.9% | UAV survivors 2.98
        Red kills 0.00 | Blue kills 0.01 | ep length 75.0
        actor loss [-0.023, -0.020, -0.023, -0.020]
        critic loss 7.888 | entropy 3.113
        PCTA-v2 target diagnostics | ens H 1.267 | head Hn 0.955 | head max 0.338 | disagree 0.012 | target switch 5.0% | beta 0.696 | valid/multi states 400792/398738
[TRAIN] 1,701,888 / 2,000,000 (85.1%)
        elapsed 01:13:04 | speed 398.2 steps/s | ETA 00:12:29
        episodes +1338 / total 22747
        return 45.09 | W/B/D 0.0% / 0.2% / 99.8%
        MAV survival 99.8% | UAV survivors 2.97
        Red kills 0.00 | Blue kills 0.02 | ep length 75.0
        actor loss [-0.021, -0.023, -0.021, -0.024]
        critic loss 10.998 | entropy 3.074
        PCTA-v2 target diagnostics | ens H 1.257 | head Hn 0.962 | head max 0.336 | disagree 0.009 | target switch 5.3% | beta 0.694 | valid/multi states 400560/397784
[TRAIN] 1,800,192 / 2,000,000 (90.0%)
        elapsed 01:17:10 | speed 398.9 steps/s | ETA 00:08:21
        episodes +1309 / total 24056
        return 44.85 | W/B/D 0.0% / 0.3% / 99.7%
        MAV survival 99.7% | UAV survivors 2.97
        Red kills 0.00 | Blue kills 0.03 | ep length 75.0
        actor loss [-0.026, -0.024, -0.024, -0.020]
        critic loss 13.819 | entropy 3.041
        PCTA-v2 target diagnostics | ens H 1.260 | head Hn 0.954 | head max 0.340 | disagree 0.010 | target switch 5.8% | beta 0.693 | valid/multi states 391135/388641
[TRAIN] 1,900,544 / 2,000,000 (95.0%)
        elapsed 01:21:18 | speed 404.3 steps/s | ETA 00:04:06
        episodes +1341 / total 25397
        return 45.42 | W/B/D 0.0% / 0.1% / 99.9%
        MAV survival 99.9% | UAV survivors 2.96
        Red kills 0.00 | Blue kills 0.04 | ep length 75.0
        actor loss [-0.024, -0.022, -0.022, -0.021]
        critic loss 7.888 | entropy 3.025
        PCTA-v2 target diagnostics | ens H 1.235 | head Hn 0.940 | head max 0.362 | disagree 0.011 | target switch 6.5% | beta 0.695 | valid/multi states 399014/395545
[TRAIN] 2,000,000 / 2,000,000 (100.0%)
        elapsed 01:25:27 | speed 399.8 steps/s | ETA 00:00:00
        episodes +1329 / total 26726
        return 44.66 | W/B/D 0.0% / 0.5% / 99.5%
        MAV survival 99.5% | UAV survivors 2.96
        Red kills 0.00 | Blue kills 0.04 | ep length 74.8
        actor loss [-0.023, -0.021, -0.024, -0.018]
        critic loss 23.868 | entropy 3.006
        PCTA-v2 target diagnostics | ens H 1.259 | head Hn 0.938 | head max 0.357 | disagree 0.018 | target switch 5.9% | beta 0.696 | valid/multi states 395231/392796
[CKPT] milestone 2,000,000 crossed at step 2,000,000 | checkpoint_2000000.pt
[TRAIN] optimization finished at 2,000,000 steps
[FINAL EVAL] step 2,000,000 | nearest_red_aircraft
       win 0.0% | blue 0.0% | draw 100.0%
       return 44.32 | Red kills 0.00 | MAV survival 100.0%
============================================================
TRAINING COMPLETE
Steps: 2,000,000
Elapsed training time: 01:25:27
Final evaluation time: 00:04:24
Completed episodes: 26726
Final checkpoint: checkpoint_final.pt
Run folder: /mnt/c/Users/HPK/Desktop/2_uav/outputs/pcta_v2_happo_final_v35_main_seed2_2m_20260914_161800
============================================================
============================================================
Finished PCTA-v2 seed=2: Mon Sep 14 17:49:51 CST 2026
============================================================

############################################################
SEED 3 / 5
############################################################
============================================================
Vanilla HAPPO | seed=3
Run: happo_final_v35_main_seed3_2m_20260914_174951
Start: Mon Sep 14 17:49:51 CST 2026
============================================================
============================================================
HAPPO TRAINING
Run: happo_final_v35_main_seed3_2m_20260914_174951
Profile: main
Seed: 3
Device: cuda
Envs: 16
Method: baseline
Critic: mlp
Rollout: 128
Target steps: 2,000,000
Checkpoint interval: 1,000,000
Evaluation interval: disabled
Log interval: 100,000
============================================================
[TRAIN] 100,352 / 2,000,000 (5.0%)
        elapsed 00:02:40 | speed 629.1 steps/s | ETA 00:50:20
        episodes +1435 / total 1435
        return -28.74 | W/B/D 0.0% / 20.4% / 79.6%
        MAV survival 79.6% | UAV survivors 1.57
        Red kills 0.00 | Blue kills 0.02 | ep length 69.6
        actor loss [-0.021, -0.026, -0.024, -0.026]
        critic loss 835.963 | entropy 3.486
[TRAIN] 200,704 / 2,000,000 (10.0%)
        elapsed 00:05:33 | speed 578.3 steps/s | ETA 00:51:51
        episodes +1343 / total 2778
        return 33.60 | W/B/D 0.0% / 1.0% / 99.0%
        MAV survival 99.0% | UAV survivors 2.92
        Red kills 0.00 | Blue kills 0.08 | ep length 74.7
        actor loss [-0.026, -0.028, -0.025, -0.023]
        critic loss 49.424 | entropy 3.455
[TRAIN] 301,056 / 2,000,000 (15.1%)
        elapsed 00:08:29 | speed 570.5 steps/s | ETA 00:49:38
        episodes +1343 / total 4121
        return 34.10 | W/B/D 0.0% / 1.0% / 99.0%
        MAV survival 99.0% | UAV survivors 2.83
        Red kills 0.00 | Blue kills 0.17 | ep length 74.7
        actor loss [-0.023, -0.023, -0.024, -0.021]
        critic loss 42.243 | entropy 3.456
[TRAIN] 401,408 / 2,000,000 (20.1%)
        elapsed 00:11:27 | speed 565.2 steps/s | ETA 00:47:08
        episodes +1340 / total 5461
        return 38.90 | W/B/D 0.0% / 1.0% / 99.0%
        MAV survival 99.0% | UAV survivors 2.89
        Red kills 0.06 | Blue kills 0.09 | ep length 74.9
        actor loss [-0.027, -0.025, -0.015, -0.021]
        critic loss 58.829 | entropy 3.463
[TRAIN] 501,760 / 2,000,000 (25.1%)
        elapsed 00:14:16 | speed 592.5 steps/s | ETA 00:42:09
        episodes +1346 / total 6807
        return 60.47 | W/B/D 0.1% / 1.0% / 99.0%
        MAV survival 99.0% | UAV survivors 2.70
        Red kills 0.49 | Blue kills 0.22 | ep length 74.7
        actor loss [-0.023, -0.025, -0.024, -0.024]
        critic loss 184.355 | entropy 3.355
[TRAIN] 600,064 / 2,000,000 (30.0%)
        elapsed 00:17:01 | speed 595.3 steps/s | ETA 00:39:12
        episodes +1313 / total 8120
        return 79.50 | W/B/D 0.7% / 0.4% / 98.9%
        MAV survival 99.6% | UAV survivors 2.54
        Red kills 0.85 | Blue kills 0.43 | ep length 74.8
        actor loss [-0.021, -0.026, -0.025, -0.021]
        critic loss 244.388 | entropy 3.238
[TRAIN] 700,416 / 2,000,000 (35.0%)
        elapsed 00:19:44 | speed 616.1 steps/s | ETA 00:35:09
        episodes +1344 / total 9464
        return 82.88 | W/B/D 0.7% / 0.5% / 98.7%
        MAV survival 99.5% | UAV survivors 2.34
        Red kills 0.97 | Blue kills 0.38 | ep length 74.7
        actor loss [-0.018, -0.024, -0.022, -0.025]
        critic loss 297.660 | entropy 3.123
[TRAIN] 800,768 / 2,000,000 (40.0%)
        elapsed 00:22:27 | speed 617.1 steps/s | ETA 00:32:23
        episodes +1347 / total 10811
        return 94.35 | W/B/D 2.2% / 0.5% / 97.3%
        MAV survival 99.5% | UAV survivors 2.13
        Red kills 1.21 | Blue kills 0.35 | ep length 74.4
        actor loss [-0.024, -0.024, -0.023, -0.028]
        critic loss 382.502 | entropy 2.978
[TRAIN] 901,120 / 2,000,000 (45.1%)
        elapsed 00:25:03 | speed 641.8 steps/s | ETA 00:28:32
        episodes +1387 / total 12198
        return 124.92 | W/B/D 7.9% / 0.6% / 91.5%
        MAV survival 99.4% | UAV survivors 2.02
        Red kills 1.76 | Blue kills 0.44 | ep length 72.3
        actor loss [-0.025, -0.025, -0.027, -0.022]
        critic loss 590.703 | entropy 2.826
[TRAIN] 1,001,472 / 2,000,000 (50.1%)
        elapsed 00:27:35 | speed 659.1 steps/s | ETA 00:25:15
        episodes +1440 / total 13638
        return 144.72 | W/B/D 14.2% / 0.2% / 85.6%
        MAV survival 99.8% | UAV survivors 1.84
        Red kills 2.07 | Blue kills 0.46 | ep length 69.8
        actor loss [-0.026, -0.030, -0.023, -0.021]
        critic loss 680.241 | entropy 2.684
[CKPT] milestone 1,000,000 crossed at step 1,001,472 | checkpoint_1001472.pt
[TRAIN] 1,101,824 / 2,000,000 (55.1%)
        elapsed 00:30:05 | speed 670.9 steps/s | ETA 00:22:19
        episodes +1532 / total 15170
        return 174.54 | W/B/D 25.8% / 0.7% / 73.5%
        MAV survival 99.3% | UAV survivors 1.98
        Red kills 2.49 | Blue kills 0.52 | ep length 65.5
        actor loss [-0.025, -0.022, -0.022, -0.030]
        critic loss 859.073 | entropy 2.547
[TRAIN] 1,200,128 / 2,000,000 (60.0%)
        elapsed 00:32:27 | speed 692.1 steps/s | ETA 00:19:16
        episodes +1534 / total 16704
        return 184.18 | W/B/D 30.4% / 2.5% / 67.1%
        MAV survival 97.5% | UAV survivors 1.84
        Red kills 2.70 | Blue kills 0.52 | ep length 64.0
        actor loss [-0.021, -0.023, -0.024, -0.030]
        critic loss 915.151 | entropy 2.417
[TRAIN] 1,300,480 / 2,000,000 (65.0%)
        elapsed 00:34:56 | speed 670.0 steps/s | ETA 00:17:24
        episodes +1609 / total 18313
        return 198.78 | W/B/D 34.1% / 0.2% / 65.8%
        MAV survival 99.8% | UAV survivors 1.84
        Red kills 2.85 | Blue kills 0.49 | ep length 62.4
        actor loss [-0.020, -0.026, -0.024, -0.026]
        critic loss 760.911 | entropy 2.294
[TRAIN] 1,400,832 / 2,000,000 (70.0%)
        elapsed 00:37:22 | speed 688.5 steps/s | ETA 00:14:30
        episodes +1653 / total 19966
        return 207.10 | W/B/D 38.4% / 0.3% / 61.3%
        MAV survival 99.7% | UAV survivors 1.79
        Red kills 2.96 | Blue kills 0.49 | ep length 60.7
        actor loss [-0.023, -0.022, -0.022, -0.025]
        critic loss 811.672 | entropy 2.167
[TRAIN] 1,501,184 / 2,000,000 (75.1%)
        elapsed 00:39:48 | speed 689.4 steps/s | ETA 00:12:04
        episodes +1717 / total 21683
        return 219.11 | W/B/D 44.8% / 0.6% / 54.5%
        MAV survival 99.4% | UAV survivors 1.82
        Red kills 3.10 | Blue kills 0.52 | ep length 58.5
        actor loss [-0.028, -0.023, -0.022, -0.021]
        critic loss 808.881 | entropy 2.072
[TRAIN] 1,601,536 / 2,000,000 (80.1%)
        elapsed 00:42:12 | speed 697.5 steps/s | ETA 00:09:31
        episodes +1790 / total 23473
        return 228.24 | W/B/D 50.7% / 0.1% / 49.3%
        MAV survival 99.9% | UAV survivors 1.78
        Red kills 3.19 | Blue kills 0.53 | ep length 56.1
        actor loss [-0.024, -0.022, -0.018, -0.027]
        critic loss 802.066 | entropy 2.005
[TRAIN] 1,701,888 / 2,000,000 (85.1%)
        elapsed 00:44:38 | speed 685.5 steps/s | ETA 00:07:15
        episodes +1827 / total 25300
        return 236.25 | W/B/D 53.8% / 0.2% / 46.0%
        MAV survival 99.8% | UAV survivors 1.83
        Red kills 3.29 | Blue kills 0.52 | ep length 55.0
        actor loss [-0.020, -0.023, -0.022, -0.027]
        critic loss 808.270 | entropy 1.937
[TRAIN] 1,800,192 / 2,000,000 (90.0%)
        elapsed 00:47:00 | speed 692.2 steps/s | ETA 00:04:49
        episodes +1835 / total 27135
        return 240.10 | W/B/D 56.5% / 0.1% / 43.4%
        MAV survival 99.9% | UAV survivors 1.83
        Red kills 3.32 | Blue kills 0.50 | ep length 53.6
        actor loss [-0.023, -0.024, -0.020, -0.026]
        critic loss 767.906 | entropy 1.882
[TRAIN] 1,900,544 / 2,000,000 (95.0%)
        elapsed 00:49:24 | speed 699.1 steps/s | ETA 00:02:22
        episodes +1819 / total 28954
        return 231.21 | W/B/D 51.2% / 0.1% / 48.7%
        MAV survival 99.9% | UAV survivors 1.83
        Red kills 3.23 | Blue kills 0.47 | ep length 55.1
        actor loss [-0.028, -0.023, -0.016, -0.025]
        critic loss 766.038 | entropy 1.798
[TRAIN] 2,000,000 / 2,000,000 (100.0%)
        elapsed 00:51:48 | speed 687.4 steps/s | ETA 00:00:00
        episodes +1862 / total 30816
        return 238.93 | W/B/D 55.9% / 0.1% / 44.0%
        MAV survival 99.9% | UAV survivors 1.84
        Red kills 3.31 | Blue kills 0.38 | ep length 53.4
        actor loss [-0.028, -0.025, -0.022, -0.022]
        critic loss 768.187 | entropy 1.720
[CKPT] milestone 2,000,000 crossed at step 2,000,000 | checkpoint_2000000.pt
[TRAIN] optimization finished at 2,000,000 steps
[FINAL EVAL] step 2,000,000 | nearest_red_aircraft
       win 64.5% | blue 0.0% | draw 35.5%
       return 252.90 | Red kills 3.46 | MAV survival 100.0%
============================================================
TRAINING COMPLETE
Steps: 2,000,000
Elapsed training time: 00:51:48
Final evaluation time: 00:01:27
Completed episodes: 30816
Final checkpoint: checkpoint_final.pt
Run folder: /mnt/c/Users/HPK/Desktop/2_uav/outputs/happo_final_v35_main_seed3_2m_20260914_174951
============================================================
============================================================
Finished Vanilla seed=3: Mon Sep 14 18:44:34 CST 2026
============================================================
============================================================
PCTA-v2 HAPPO | seed=3
Run: pcta_v2_happo_final_v35_main_seed3_2m_20260914_184434
Start: Mon Sep 14 18:44:34 CST 2026
============================================================
============================================================
PCTA-v2 HAPPO TRAINING
Run: pcta_v2_happo_final_v35_main_seed3_2m_20260914_184434
Profile: main
Seed: 3
Device: cuda
Envs: 16
Method: baseline
Critic: mlp
Rollout: 128
Target steps: 2,000,000
Checkpoint interval: 1,000,000
Evaluation interval: disabled
Log interval: 100,000
============================================================
[TRAIN] 100,352 / 2,000,000 (5.0%)
        elapsed 00:03:53 | speed 431.2 steps/s | ETA 01:13:25
        episodes +1501 / total 1501
        return -42.64 | W/B/D 0.0% / 27.6% / 72.4%
        MAV survival 72.4% | UAV survivors 1.71
        Red kills 0.00 | Blue kills 0.07 | ep length 66.4
        actor loss [-0.020, -0.024, -0.024, -0.025]
        critic loss 1079.180 | entropy 3.482
        PCTA-v2 target diagnostics | ens H 1.152 | head Hn 0.997 | head max 0.368 | disagree 0.001 | target switch 7.5% | beta 0.694 | valid/multi states 331644/301806
[TRAIN] 200,704 / 2,000,000 (10.0%)
        elapsed 00:07:48 | speed 426.8 steps/s | ETA 01:10:16
        episodes +1344 / total 2845
        return 32.06 | W/B/D 0.0% / 0.9% / 99.1%
        MAV survival 99.1% | UAV survivors 2.82
        Red kills 0.00 | Blue kills 0.17 | ep length 74.8
        actor loss [-0.025, -0.026, -0.024, -0.023]
        critic loss 42.684 | entropy 3.444
        PCTA-v2 target diagnostics | ens H 1.188 | head Hn 0.993 | head max 0.351 | disagree 0.002 | target switch 6.9% | beta 0.695 | valid/multi states 388919/371407
[TRAIN] 301,056 / 2,000,000 (15.1%)
        elapsed 00:11:48 | speed 418.6 steps/s | ETA 01:07:38
        episodes +1345 / total 4190
        return 41.75 | W/B/D 0.1% / 1.3% / 98.7%
        MAV survival 98.7% | UAV survivors 2.61
        Red kills 0.17 | Blue kills 0.11 | ep length 74.7
        actor loss [-0.022, -0.022, -0.026, -0.021]
        critic loss 102.789 | entropy 3.390
        PCTA-v2 target diagnostics | ens H 1.247 | head Hn 0.978 | head max 0.331 | disagree 0.004 | target switch 7.1% | beta 0.696 | valid/multi states 390925/381992
[TRAIN] 401,408 / 2,000,000 (20.1%)
        elapsed 00:15:39 | speed 434.0 steps/s | ETA 01:01:23
        episodes +1363 / total 5553
        return 96.95 | W/B/D 3.7% / 1.2% / 95.1%
        MAV survival 98.8% | UAV survivors 2.56
        Red kills 1.20 | Blue kills 0.25 | ep length 73.4
        actor loss [-0.029, -0.028, -0.018, -0.022]
        critic loss 456.661 | entropy 3.271
        PCTA-v2 target diagnostics | ens H 1.111 | head Hn 0.977 | head max 0.391 | disagree 0.004 | target switch 7.0% | beta 0.696 | valid/multi states 380261/349298
[TRAIN] 501,760 / 2,000,000 (25.1%)
        elapsed 00:19:18 | speed 456.7 steps/s | ETA 00:54:40
        episodes +1445 / total 6998
        return 144.68 | W/B/D 13.8% / 1.4% / 84.8%
        MAV survival 98.6% | UAV survivors 2.66
        Red kills 2.00 | Blue kills 0.32 | ep length 69.5
        actor loss [-0.026, -0.026, -0.024, -0.025]
        critic loss 825.028 | entropy 3.127
        PCTA-v2 target diagnostics | ens H 0.966 | head Hn 0.987 | head max 0.461 | disagree 0.001 | target switch 7.3% | beta 0.699 | valid/multi states 371491/306354
[TRAIN] 600,064 / 2,000,000 (30.0%)
        elapsed 00:22:51 | speed 461.6 steps/s | ETA 00:50:33
        episodes +1522 / total 8520
        return 170.29 | W/B/D 24.6% / 2.8% / 72.6%
        MAV survival 97.2% | UAV survivors 2.72
        Red kills 2.38 | Blue kills 0.27 | ep length 64.5
        actor loss [-0.022, -0.024, -0.023, -0.021]
        critic loss 1133.681 | entropy 3.044
        PCTA-v2 target diagnostics | ens H 0.926 | head Hn 0.990 | head max 0.479 | disagree 0.001 | target switch 6.4% | beta 0.702 | valid/multi states 368796/294532
[TRAIN] 700,416 / 2,000,000 (35.0%)
        elapsed 00:26:31 | speed 456.1 steps/s | ETA 00:47:29
        episodes +1567 / total 10087
        return 180.29 | W/B/D 27.2% / 0.8% / 72.0%
        MAV survival 99.2% | UAV survivors 2.59
        Red kills 2.50 | Blue kills 0.35 | ep length 64.1
        actor loss [-0.020, -0.025, -0.023, -0.027]
        critic loss 920.897 | entropy 2.951
        PCTA-v2 target diagnostics | ens H 0.891 | head Hn 0.991 | head max 0.497 | disagree 0.001 | target switch 6.4% | beta 0.708 | valid/multi states 368287/286818
[TRAIN] 800,768 / 2,000,000 (40.0%)
        elapsed 00:30:35 | speed 412.7 steps/s | ETA 00:48:26
        episodes +1600 / total 11687
        return 172.55 | W/B/D 29.9% / 7.8% / 62.3%
        MAV survival 92.2% | UAV survivors 2.61
        Red kills 2.60 | Blue kills 0.34 | ep length 62.7
        actor loss [-0.028, -0.023, -0.025, -0.030]
        critic loss 1302.694 | entropy 2.854
        PCTA-v2 target diagnostics | ens H 0.868 | head Hn 0.992 | head max 0.512 | disagree 0.001 | target switch 6.2% | beta 0.709 | valid/multi states 365184/275160
[TRAIN] 901,120 / 2,000,000 (45.1%)
        elapsed 00:34:28 | speed 430.6 steps/s | ETA 00:42:32
        episodes +1632 / total 13319
        return 191.20 | W/B/D 32.8% / 4.4% / 62.8%
        MAV survival 95.6% | UAV survivors 2.73
        Red kills 2.75 | Blue kills 0.23 | ep length 61.5
        actor loss [-0.029, -0.027, -0.032, -0.023]
        critic loss 1120.059 | entropy 2.784
        PCTA-v2 target diagnostics | ens H 0.833 | head Hn 0.993 | head max 0.527 | disagree 0.001 | target switch 6.3% | beta 0.700 | valid/multi states 374643/274004
[TRAIN] 1,001,472 / 2,000,000 (50.1%)
        elapsed 00:38:27 | speed 420.0 steps/s | ETA 00:39:38
        episodes +1740 / total 15059
        return 219.22 | W/B/D 42.7% / 1.3% / 56.0%
        MAV survival 98.7% | UAV survivors 2.76
        Red kills 3.02 | Blue kills 0.19 | ep length 57.8
        actor loss [-0.028, -0.030, -0.027, -0.023]
        critic loss 940.130 | entropy 2.663
        PCTA-v2 target diagnostics | ens H 0.834 | head Hn 0.988 | head max 0.529 | disagree 0.001 | target switch 6.5% | beta 0.697 | valid/multi states 375991/275399
[CKPT] milestone 1,000,000 crossed at step 1,001,472 | checkpoint_1001472.pt
[TRAIN] 1,101,824 / 2,000,000 (55.1%)
        elapsed 00:43:15 | speed 347.6 steps/s | ETA 00:43:04
        episodes +1806 / total 16865
        return 224.81 | W/B/D 47.4% / 2.5% / 50.1%
        MAV survival 97.5% | UAV survivors 2.79
        Red kills 3.10 | Blue kills 0.16 | ep length 55.5
        actor loss [-0.027, -0.024, -0.026, -0.031]
        critic loss 1008.760 | entropy 2.587
        PCTA-v2 target diagnostics | ens H 0.816 | head Hn 0.982 | head max 0.544 | disagree 0.001 | target switch 7.5% | beta 0.696 | valid/multi states 380104/272295
[TRAIN] 1,200,128 / 2,000,000 (60.0%)
        elapsed 00:47:51 | speed 356.1 steps/s | ETA 00:37:27
        episodes +1783 / total 18648
        return 228.68 | W/B/D 47.8% / 1.7% / 50.5%
        MAV survival 98.3% | UAV survivors 2.82
        Red kills 3.13 | Blue kills 0.17 | ep length 55.3
        actor loss [-0.023, -0.025, -0.029, -0.034]
        critic loss 953.400 | entropy 2.520
        PCTA-v2 target diagnostics | ens H 0.804 | head Hn 0.986 | head max 0.550 | disagree 0.001 | target switch 7.2% | beta 0.695 | valid/multi states 374035/263065
[TRAIN] 1,300,480 / 2,000,000 (65.0%)
        elapsed 00:52:25 | speed 366.6 steps/s | ETA 00:31:48
        episodes +1802 / total 20450
        return 227.05 | W/B/D 46.9% / 1.3% / 51.8%
        MAV survival 98.7% | UAV survivors 2.81
        Red kills 3.10 | Blue kills 0.17 | ep length 55.6
        actor loss [-0.023, -0.027, -0.028, -0.030]
        critic loss 884.405 | entropy 2.441
        PCTA-v2 target diagnostics | ens H 0.815 | head Hn 0.982 | head max 0.546 | disagree 0.001 | target switch 6.1% | beta 0.696 | valid/multi states 380890/271901
[TRAIN] 1,400,832 / 2,000,000 (70.0%)
        elapsed 00:57:09 | speed 353.9 steps/s | ETA 00:28:13
        episodes +1765 / total 22215
        return 222.11 | W/B/D 43.6% / 1.2% / 55.2%
        MAV survival 98.8% | UAV survivors 2.75
        Red kills 3.06 | Blue kills 0.19 | ep length 56.9
        actor loss [-0.028, -0.025, -0.026, -0.030]
        critic loss 896.237 | entropy 2.340
        PCTA-v2 target diagnostics | ens H 0.804 | head Hn 0.985 | head max 0.549 | disagree 0.001 | target switch 6.3% | beta 0.696 | valid/multi states 376215/266372
[TRAIN] 1,501,184 / 2,000,000 (75.1%)
        elapsed 01:01:53 | speed 353.0 steps/s | ETA 00:23:33
        episodes +1818 / total 24033
        return 231.12 | W/B/D 48.5% / 1.3% / 50.2%
        MAV survival 98.7% | UAV survivors 2.77
        Red kills 3.16 | Blue kills 0.15 | ep length 55.2
        actor loss [-0.032, -0.027, -0.026, -0.023]
        critic loss 912.412 | entropy 2.260
        PCTA-v2 target diagnostics | ens H 0.798 | head Hn 0.980 | head max 0.555 | disagree 0.001 | target switch 6.7% | beta 0.694 | valid/multi states 379699/265815
[TRAIN] 1,601,536 / 2,000,000 (80.1%)
        elapsed 01:06:44 | speed 345.1 steps/s | ETA 00:19:15
        episodes +1872 / total 25905
        return 241.09 | W/B/D 53.8% / 0.4% / 45.8%
        MAV survival 99.6% | UAV survivors 2.67
        Red kills 3.26 | Blue kills 0.14 | ep length 53.7
        actor loss [-0.030, -0.024, -0.024, -0.033]
        critic loss 851.281 | entropy 2.170
        PCTA-v2 target diagnostics | ens H 0.825 | head Hn 0.983 | head max 0.535 | disagree 0.001 | target switch 6.6% | beta 0.692 | valid/multi states 373186/270216
[TRAIN] 1,701,888 / 2,000,000 (85.1%)
        elapsed 01:11:12 | speed 374.4 steps/s | ETA 00:13:16
        episodes +1901 / total 27806
        return 244.57 | W/B/D 55.4% / 0.9% / 43.7%
        MAV survival 99.1% | UAV survivors 2.70
        Red kills 3.33 | Blue kills 0.14 | ep length 52.8
        actor loss [-0.026, -0.027, -0.030, -0.032]
        critic loss 852.606 | entropy 2.095
        PCTA-v2 target diagnostics | ens H 0.826 | head Hn 0.990 | head max 0.534 | disagree 0.001 | target switch 6.3% | beta 0.692 | valid/multi states 372043/266511
[TRAIN] 1,800,192 / 2,000,000 (90.0%)
        elapsed 01:15:49 | speed 354.3 steps/s | ETA 00:09:24
        episodes +1864 / total 29670
        return 239.14 | W/B/D 55.6% / 2.5% / 42.0%
        MAV survival 97.5% | UAV survivors 2.70
        Red kills 3.28 | Blue kills 0.15 | ep length 52.7
        actor loss [-0.027, -0.028, -0.029, -0.033]
        critic loss 952.310 | entropy 2.034
        PCTA-v2 target diagnostics | ens H 0.850 | head Hn 0.994 | head max 0.521 | disagree 0.001 | target switch 5.9% | beta 0.691 | valid/multi states 362419/265262
[TRAIN] 1,900,544 / 2,000,000 (95.0%)
        elapsed 01:20:32 | speed 355.0 steps/s | ETA 00:04:40
        episodes +1965 / total 31635
        return 237.00 | W/B/D 57.4% / 4.5% / 38.1%
        MAV survival 95.5% | UAV survivors 2.72
        Red kills 3.28 | Blue kills 0.15 | ep length 51.1
        actor loss [-0.037, -0.024, -0.024, -0.031]
        critic loss 1076.847 | entropy 1.958
        PCTA-v2 target diagnostics | ens H 0.842 | head Hn 0.991 | head max 0.528 | disagree 0.001 | target switch 6.0% | beta 0.691 | valid/multi states 379814/277002
[TRAIN] 2,000,000 / 2,000,000 (100.0%)
        elapsed 01:24:50 | speed 386.1 steps/s | ETA 00:00:00
        episodes +1921 / total 33556
        return 236.52 | W/B/D 55.7% / 3.3% / 41.0%
        MAV survival 96.7% | UAV survivors 2.72
        Red kills 3.25 | Blue kills 0.17 | ep length 51.7
        actor loss [-0.030, -0.024, -0.028, -0.026]
        critic loss 1077.532 | entropy 1.881
        PCTA-v2 target diagnostics | ens H 0.824 | head Hn 0.987 | head max 0.540 | disagree 0.001 | target switch 6.5% | beta 0.690 | valid/multi states 374410/270210
[CKPT] milestone 2,000,000 crossed at step 2,000,000 | checkpoint_2000000.pt
[TRAIN] optimization finished at 2,000,000 steps
[FINAL EVAL] step 2,000,000 | nearest_red_aircraft
       win 53.0% | blue 4.0% | draw 43.0%
       return 226.14 | Red kills 3.15 | MAV survival 96.0%
============================================================
TRAINING COMPLETE
Steps: 2,000,000
Elapsed training time: 01:24:50
Final evaluation time: 00:03:14
Completed episodes: 33556
Final checkpoint: checkpoint_final.pt
Run folder: /mnt/c/Users/HPK/Desktop/2_uav/outputs/pcta_v2_happo_final_v35_main_seed3_2m_20260914_184434
============================================================
============================================================
Finished PCTA-v2 seed=3: Mon Sep 14 20:15:13 CST 2026
============================================================

############################################################
SEED 4 / 5
############################################################
============================================================
Vanilla HAPPO | seed=4
Run: happo_final_v35_main_seed4_2m_20260914_201513
Start: Mon Sep 14 20:15:13 CST 2026
============================================================
============================================================
HAPPO TRAINING
Run: happo_final_v35_main_seed4_2m_20260914_201513
Profile: main
Seed: 4
Device: cuda
Envs: 16
Method: baseline
Critic: mlp
Rollout: 128
Target steps: 2,000,000
Checkpoint interval: 1,000,000
Evaluation interval: disabled
Log interval: 100,000
============================================================
[TRAIN] 100,352 / 2,000,000 (5.0%)
        elapsed 00:03:20 | speed 501.7 steps/s | ETA 01:03:07
        episodes +1371 / total 1371
        return -7.26 | W/B/D 0.0% / 10.9% / 89.1%
        MAV survival 89.1% | UAV survivors 1.75
        Red kills 0.00 | Blue kills 0.10 | ep length 72.8
        actor loss [-0.019, -0.022, -0.027, -0.024]
        critic loss 446.085 | entropy 3.487
[TRAIN] 200,704 / 2,000,000 (10.0%)
        elapsed 00:07:00 | speed 456.0 steps/s | ETA 01:05:45
        episodes +1343 / total 2714
        return 31.09 | W/B/D 0.0% / 1.4% / 98.6%
        MAV survival 98.6% | UAV survivors 2.88
        Red kills 0.00 | Blue kills 0.07 | ep length 74.6
        actor loss [-0.019, -0.026, -0.024, -0.022]
        critic loss 64.133 | entropy 3.467
[TRAIN] 301,056 / 2,000,000 (15.1%)
        elapsed 00:10:19 | speed 503.6 steps/s | ETA 00:56:14
        episodes +1352 / total 4066
        return 31.29 | W/B/D 0.0% / 2.7% / 97.3%
        MAV survival 97.3% | UAV survivors 2.89
        Red kills 0.00 | Blue kills 0.11 | ep length 74.2
        actor loss [-0.025, -0.020, -0.019, -0.024]
        critic loss 119.252 | entropy 3.457
[TRAIN] 401,408 / 2,000,000 (20.1%)
        elapsed 00:14:06 | speed 442.0 steps/s | ETA 01:00:17
        episodes +1344 / total 5410
        return 34.25 | W/B/D 0.0% / 1.8% / 98.2%
        MAV survival 98.2% | UAV survivors 2.86
        Red kills 0.00 | Blue kills 0.11 | ep length 74.6
        actor loss [-0.022, -0.023, -0.022, -0.026]
        critic loss 74.738 | entropy 3.462
[TRAIN] 501,760 / 2,000,000 (25.1%)
        elapsed 00:17:24 | speed 506.6 steps/s | ETA 00:49:17
        episodes +1347 / total 6757
        return 37.28 | W/B/D 0.0% / 1.3% / 98.7%
        MAV survival 98.7% | UAV survivors 2.89
        Red kills 0.00 | Blue kills 0.10 | ep length 74.4
        actor loss [-0.022, -0.024, -0.023, -0.021]
        critic loss 58.698 | entropy 3.463
[TRAIN] 600,064 / 2,000,000 (30.0%)
        elapsed 00:21:08 | speed 440.0 steps/s | ETA 00:53:02
        episodes +1317 / total 8074
        return 38.28 | W/B/D 0.0% / 1.0% / 99.0%
        MAV survival 99.0% | UAV survivors 2.86
        Red kills 0.00 | Blue kills 0.12 | ep length 74.7
        actor loss [-0.025, -0.024, -0.020, -0.024]
        critic loss 50.043 | entropy 3.481
[TRAIN] 700,416 / 2,000,000 (35.0%)
        elapsed 00:24:24 | speed 513.0 steps/s | ETA 00:42:14
        episodes +1344 / total 9418
        return 39.70 | W/B/D 0.0% / 0.9% / 99.1%
        MAV survival 99.1% | UAV survivors 2.91
        Red kills 0.00 | Blue kills 0.06 | ep length 74.8
        actor loss [-0.023, -0.025, -0.024, -0.026]
        critic loss 40.503 | entropy 3.467
[TRAIN] 800,768 / 2,000,000 (40.0%)
        elapsed 00:27:58 | speed 468.9 steps/s | ETA 00:42:37
        episodes +1342 / total 10760
        return 39.33 | W/B/D 0.0% / 0.7% / 99.3%
        MAV survival 99.3% | UAV survivors 2.81
        Red kills 0.00 | Blue kills 0.11 | ep length 74.8
        actor loss [-0.024, -0.021, -0.023, -0.023]
        critic loss 34.805 | entropy 3.465
[TRAIN] 901,120 / 2,000,000 (45.1%)
        elapsed 00:31:38 | speed 455.0 steps/s | ETA 00:40:15
        episodes +1338 / total 12098
        return 40.18 | W/B/D 0.0% / 0.9% / 99.1%
        MAV survival 99.1% | UAV survivors 2.86
        Red kills 0.00 | Blue kills 0.11 | ep length 74.8
        actor loss [-0.023, -0.019, -0.022, -0.021]
        critic loss 42.949 | entropy 3.479
[TRAIN] 1,001,472 / 2,000,000 (50.1%)
        elapsed 00:35:01 | speed 494.1 steps/s | ETA 00:33:41
        episodes +1341 / total 13439
        return 39.60 | W/B/D 0.0% / 1.1% / 98.9%
        MAV survival 98.9% | UAV survivors 2.85
        Red kills 0.01 | Blue kills 0.14 | ep length 74.8
        actor loss [-0.022, -0.020, -0.021, -0.025]
        critic loss 44.097 | entropy 3.484
[CKPT] milestone 1,000,000 crossed at step 1,001,472 | checkpoint_1001472.pt
[TRAIN] 1,101,824 / 2,000,000 (55.1%)
        elapsed 00:38:47 | speed 444.9 steps/s | ETA 00:33:39
        episodes +1342 / total 14781
        return 40.90 | W/B/D 0.0% / 0.9% / 99.1%
        MAV survival 99.1% | UAV survivors 2.94
        Red kills 0.00 | Blue kills 0.07 | ep length 74.8
        actor loss [-0.025, -0.024, -0.021, -0.022]
        critic loss 40.877 | entropy 3.458
[TRAIN] 1,200,128 / 2,000,000 (60.0%)
        elapsed 00:42:14 | speed 473.5 steps/s | ETA 00:28:09
        episodes +1317 / total 16098
        return 40.39 | W/B/D 0.0% / 1.0% / 99.0%
        MAV survival 99.0% | UAV survivors 2.95
        Red kills 0.00 | Blue kills 0.06 | ep length 74.7
        actor loss [-0.024, -0.021, -0.022, -0.019]
        critic loss 45.912 | entropy 3.477
[TRAIN] 1,300,480 / 2,000,000 (65.0%)
        elapsed 00:45:38 | speed 493.4 steps/s | ETA 00:23:38
        episodes +1338 / total 17436
        return 42.04 | W/B/D 0.0% / 0.2% / 99.8%
        MAV survival 99.8% | UAV survivors 2.93
        Red kills 0.00 | Blue kills 0.06 | ep length 74.9
        actor loss [-0.024, -0.024, -0.021, -0.025]
        critic loss 11.629 | entropy 3.533
[TRAIN] 1,400,832 / 2,000,000 (70.0%)
        elapsed 00:49:28 | speed 434.9 steps/s | ETA 00:22:58
        episodes +1342 / total 18778
        return 41.93 | W/B/D 0.0% / 0.4% / 99.6%
        MAV survival 99.6% | UAV survivors 2.96
        Red kills 0.00 | Blue kills 0.03 | ep length 74.8
        actor loss [-0.022, -0.023, -0.026, -0.025]
        critic loss 22.823 | entropy 3.541
[TRAIN] 1,501,184 / 2,000,000 (75.1%)
        elapsed 00:52:42 | speed 518.4 steps/s | ETA 00:16:02
        episodes +1340 / total 20118
        return 43.01 | W/B/D 0.0% / 0.4% / 99.6%
        MAV survival 99.6% | UAV survivors 2.95
        Red kills 0.00 | Blue kills 0.05 | ep length 74.9
        actor loss [-0.022, -0.022, -0.021, -0.022]
        critic loss 16.301 | entropy 3.522
[TRAIN] 1,601,536 / 2,000,000 (80.1%)
        elapsed 00:56:26 | speed 448.0 steps/s | ETA 00:14:49
        episodes +1337 / total 21455
        return 43.05 | W/B/D 0.0% / 0.4% / 99.6%
        MAV survival 99.6% | UAV survivors 2.93
        Red kills 0.00 | Blue kills 0.06 | ep length 75.0
        actor loss [-0.024, -0.021, -0.023, -0.020]
        critic loss 20.368 | entropy 3.521
[TRAIN] 1,701,888 / 2,000,000 (85.1%)
        elapsed 01:00:06 | speed 455.7 steps/s | ETA 00:10:54
        episodes +1341 / total 22796
        return 43.65 | W/B/D 0.0% / 0.4% / 99.6%
        MAV survival 99.6% | UAV survivors 2.94
        Red kills 0.00 | Blue kills 0.04 | ep length 74.9
        actor loss [-0.026, -0.020, -0.020, -0.021]
        critic loss 18.081 | entropy 3.512
[TRAIN] 1,800,192 / 2,000,000 (90.0%)
        elapsed 01:03:19 | speed 511.2 steps/s | ETA 00:06:31
        episodes +1312 / total 24108
        return 43.32 | W/B/D 0.0% / 0.5% / 99.5%
        MAV survival 99.5% | UAV survivors 2.93
        Red kills 0.00 | Blue kills 0.06 | ep length 75.0
        actor loss [-0.017, -0.028, -0.022, -0.022]
        critic loss 22.611 | entropy 3.495
[TRAIN] 1,900,544 / 2,000,000 (95.0%)
        elapsed 01:07:00 | speed 452.6 steps/s | ETA 00:03:40
        episodes +1339 / total 25447
        return 42.75 | W/B/D 0.0% / 0.5% / 99.5%
        MAV survival 99.5% | UAV survivors 2.89
        Red kills 0.00 | Blue kills 0.09 | ep length 75.0
        actor loss [-0.019, -0.021, -0.024, -0.026]
        critic loss 22.671 | entropy 3.453
[TRAIN] 2,000,000 / 2,000,000 (100.0%)
        elapsed 01:10:31 | speed 472.2 steps/s | ETA 00:00:00
        episodes +1328 / total 26775
        return 43.09 | W/B/D 0.0% / 0.6% / 99.4%
        MAV survival 99.4% | UAV survivors 2.91
        Red kills 0.00 | Blue kills 0.09 | ep length 74.9
        actor loss [-0.019, -0.023, -0.021, -0.022]
        critic loss 28.019 | entropy 3.434
[CKPT] milestone 2,000,000 crossed at step 2,000,000 | checkpoint_2000000.pt
[TRAIN] optimization finished at 2,000,000 steps
[FINAL EVAL] step 2,000,000 | nearest_red_aircraft
       win 0.0% | blue 0.0% | draw 100.0%
       return 43.71 | Red kills 0.00 | MAV survival 100.0%
============================================================
TRAINING COMPLETE
Steps: 2,000,000
Elapsed training time: 01:10:31
Final evaluation time: 00:02:38
Completed episodes: 26775
Final checkpoint: checkpoint_final.pt
Run folder: /mnt/c/Users/HPK/Desktop/2_uav/outputs/happo_final_v35_main_seed4_2m_20260914_201513
============================================================
============================================================
Finished Vanilla seed=4: Mon Sep 14 21:30:30 CST 2026
============================================================
============================================================
PCTA-v2 HAPPO | seed=4
Run: pcta_v2_happo_final_v35_main_seed4_2m_20260914_213030
Start: Mon Sep 14 21:30:30 CST 2026
============================================================
============================================================
PCTA-v2 HAPPO TRAINING
Run: pcta_v2_happo_final_v35_main_seed4_2m_20260914_213030
Profile: main
Seed: 4
Device: cuda
Envs: 16
Method: baseline
Critic: mlp
Rollout: 128
Target steps: 2,000,000
Checkpoint interval: 1,000,000
Evaluation interval: disabled
Log interval: 100,000
============================================================
[TRAIN] 100,352 / 2,000,000 (5.0%)
        elapsed 00:05:00 | speed 334.1 steps/s | ETA 01:34:47
        episodes +1417 / total 1417
        return -17.49 | W/B/D 0.0% / 16.9% / 83.1%
        MAV survival 83.1% | UAV survivors 1.88
        Red kills 0.00 | Blue kills 0.02 | ep length 70.4
        actor loss [-0.020, -0.023, -0.029, -0.024]
        critic loss 691.190 | entropy 3.475
        PCTA-v2 target diagnostics | ens H 1.111 | head Hn 0.999 | head max 0.386 | disagree 0.000 | target switch 7.2% | beta 0.694 | valid/multi states 338552/299079
[TRAIN] 200,704 / 2,000,000 (10.0%)
        elapsed 00:10:12 | speed 321.6 steps/s | ETA 01:33:15
        episodes +1339 / total 2756
        return 28.22 | W/B/D 0.0% / 2.1% / 97.9%
        MAV survival 97.9% | UAV survivors 2.85
        Red kills 0.00 | Blue kills 0.10 | ep length 74.9
        actor loss [-0.020, -0.027, -0.026, -0.024]
        critic loss 84.807 | entropy 3.453
        PCTA-v2 target diagnostics | ens H 1.109 | head Hn 0.986 | head max 0.392 | disagree 0.001 | target switch 5.3% | beta 0.693 | valid/multi states 392952/364957
[TRAIN] 301,056 / 2,000,000 (15.1%)
        elapsed 00:15:12 | speed 334.9 steps/s | ETA 01:24:34
        episodes +1340 / total 4096
        return 34.25 | W/B/D 0.0% / 0.4% / 99.6%
        MAV survival 99.6% | UAV survivors 2.87
        Red kills 0.00 | Blue kills 0.12 | ep length 74.9
        actor loss [-0.026, -0.021, -0.022, -0.026]
        critic loss 18.506 | entropy 3.465
        PCTA-v2 target diagnostics | ens H 1.215 | head Hn 0.983 | head max 0.346 | disagree 0.001 | target switch 5.0% | beta 0.693 | valid/multi states 396908/385434
[TRAIN] 401,408 / 2,000,000 (20.1%)
        elapsed 00:20:26 | speed 319.6 steps/s | ETA 01:23:22
        episodes +1346 / total 5442
        return 33.44 | W/B/D 0.0% / 1.7% / 98.3%
        MAV survival 98.3% | UAV survivors 2.94
        Red kills 0.00 | Blue kills 0.06 | ep length 74.6
        actor loss [-0.020, -0.022, -0.021, -0.026]
        critic loss 71.494 | entropy 3.459
        PCTA-v2 target diagnostics | ens H 1.239 | head Hn 0.957 | head max 0.350 | disagree 0.002 | target switch 4.9% | beta 0.693 | valid/multi states 397895/392663
[TRAIN] 501,760 / 2,000,000 (25.1%)
        elapsed 00:24:54 | speed 374.8 steps/s | ETA 01:06:37
        episodes +1342 / total 6784
        return 36.34 | W/B/D 0.0% / 0.5% / 99.5%
        MAV survival 99.5% | UAV survivors 2.92
        Red kills 0.00 | Blue kills 0.07 | ep length 74.8
        actor loss [-0.023, -0.025, -0.026, -0.021]
        critic loss 26.016 | entropy 3.442
        PCTA-v2 target diagnostics | ens H 1.162 | head Hn 0.927 | head max 0.391 | disagree 0.001 | target switch 4.2% | beta 0.693 | valid/multi states 396185/386364
[TRAIN] 600,064 / 2,000,000 (30.0%)
        elapsed 00:29:32 | speed 353.5 steps/s | ETA 01:06:00
        episodes +1314 / total 8098
        return 28.52 | W/B/D 0.0% / 4.3% / 95.7%
        MAV survival 95.7% | UAV survivors 2.90
        Red kills 0.00 | Blue kills 0.10 | ep length 74.8
        actor loss [-0.022, -0.025, -0.019, -0.021]
        critic loss 169.945 | entropy 3.436
        PCTA-v2 target diagnostics | ens H 1.197 | head Hn 0.919 | head max 0.384 | disagree 0.001 | target switch 4.3% | beta 0.692 | valid/multi states 389360/384576
[TRAIN] 700,416 / 2,000,000 (35.0%)
        elapsed 00:34:02 | speed 371.6 steps/s | ETA 00:58:17
        episodes +1345 / total 9443
        return 34.77 | W/B/D 0.0% / 1.3% / 98.7%
        MAV survival 98.7% | UAV survivors 2.93
        Red kills 0.00 | Blue kills 0.08 | ep length 74.6
        actor loss [-0.019, -0.024, -0.023, -0.023]
        critic loss 65.541 | entropy 3.429
        PCTA-v2 target diagnostics | ens H 1.171 | head Hn 0.922 | head max 0.396 | disagree 0.001 | target switch 3.7% | beta 0.693 | valid/multi states 397392/388854
[TRAIN] 800,768 / 2,000,000 (40.0%)
        elapsed 00:38:52 | speed 346.0 steps/s | ETA 00:57:46
        episodes +1342 / total 10785
        return 34.61 | W/B/D 0.0% / 1.0% / 99.0%
        MAV survival 99.0% | UAV survivors 2.85
        Red kills 0.00 | Blue kills 0.11 | ep length 74.8
        actor loss [-0.022, -0.020, -0.023, -0.022]
        critic loss 47.588 | entropy 3.403
        PCTA-v2 target diagnostics | ens H 1.186 | head Hn 0.935 | head max 0.377 | disagree 0.001 | target switch 4.0% | beta 0.696 | valid/multi states 393921/384823
[TRAIN] 901,120 / 2,000,000 (45.1%)
        elapsed 00:43:17 | speed 378.8 steps/s | ETA 00:48:21
        episodes +1339 / total 12124
        return 35.41 | W/B/D 0.0% / 1.0% / 99.0%
        MAV survival 99.0% | UAV survivors 2.90
        Red kills 0.00 | Blue kills 0.10 | ep length 74.7
        actor loss [-0.021, -0.021, -0.022, -0.020]
        critic loss 47.810 | entropy 3.399
        PCTA-v2 target diagnostics | ens H 1.228 | head Hn 0.950 | head max 0.354 | disagree 0.001 | target switch 6.0% | beta 0.697 | valid/multi states 394863/387835
[TRAIN] 1,001,472 / 2,000,000 (50.1%)
        elapsed 00:48:16 | speed 335.4 steps/s | ETA 00:49:38
        episodes +1346 / total 13470
        return 35.68 | W/B/D 0.0% / 0.9% / 99.1%
        MAV survival 99.1% | UAV survivors 2.89
        Red kills 0.00 | Blue kills 0.11 | ep length 74.8
        actor loss [-0.021, -0.022, -0.024, -0.027]
        critic loss 42.199 | entropy 3.413
        PCTA-v2 target diagnostics | ens H 1.226 | head Hn 0.951 | head max 0.356 | disagree 0.001 | target switch 6.5% | beta 0.700 | valid/multi states 395013/388698
[CKPT] milestone 1,000,000 crossed at step 1,001,472 | checkpoint_1001472.pt
[TRAIN] 1,101,824 / 2,000,000 (55.1%)
        elapsed 00:52:38 | speed 383.4 steps/s | ETA 00:39:03
        episodes +1341 / total 14811
        return 37.16 | W/B/D 0.0% / 0.4% / 99.6%
        MAV survival 99.6% | UAV survivors 2.92
        Red kills 0.00 | Blue kills 0.08 | ep length 74.9
        actor loss [-0.025, -0.025, -0.021, -0.022]
        critic loss 17.129 | entropy 3.414
        PCTA-v2 target diagnostics | ens H 1.202 | head Hn 0.940 | head max 0.371 | disagree 0.002 | target switch 6.5% | beta 0.699 | valid/multi states 396208/387794
[TRAIN] 1,200,128 / 2,000,000 (60.0%)
        elapsed 00:57:23 | speed 345.2 steps/s | ETA 00:38:37
        episodes +1314 / total 16125
        return 35.50 | W/B/D 0.0% / 1.0% / 99.0%
        MAV survival 99.0% | UAV survivors 2.82
        Red kills 0.00 | Blue kills 0.19 | ep length 74.7
        actor loss [-0.025, -0.024, -0.025, -0.020]
        critic loss 45.676 | entropy 3.399
        PCTA-v2 target diagnostics | ens H 1.212 | head Hn 0.948 | head max 0.366 | disagree 0.003 | target switch 6.2% | beta 0.698 | valid/multi states 382748/374348
[TRAIN] 1,300,480 / 2,000,000 (65.0%)
        elapsed 01:01:50 | speed 375.0 steps/s | ETA 00:31:06
        episodes +1341 / total 17466
        return 35.10 | W/B/D 0.0% / 0.4% / 99.6%
        MAV survival 99.6% | UAV survivors 2.70
        Red kills 0.00 | Blue kills 0.30 | ep length 74.9
        actor loss [-0.021, -0.023, -0.020, -0.024]
        critic loss 23.236 | entropy 3.390
        PCTA-v2 target diagnostics | ens H 1.238 | head Hn 0.949 | head max 0.358 | disagree 0.002 | target switch 6.6% | beta 0.696 | valid/multi states 385088/376601
[TRAIN] 1,400,832 / 2,000,000 (70.0%)
        elapsed 01:06:25 | speed 365.8 steps/s | ETA 00:27:18
        episodes +1339 / total 18805
        return 36.71 | W/B/D 0.0% / 0.5% / 99.5%
        MAV survival 99.5% | UAV survivors 2.83
        Red kills 0.00 | Blue kills 0.17 | ep length 75.0
        actor loss [-0.020, -0.021, -0.024, -0.023]
        critic loss 23.082 | entropy 3.354
        PCTA-v2 target diagnostics | ens H 1.249 | head Hn 0.951 | head max 0.352 | disagree 0.002 | target switch 6.1% | beta 0.697 | valid/multi states 390970/384664
[TRAIN] 1,501,184 / 2,000,000 (75.1%)
        elapsed 01:11:05 | speed 358.4 steps/s | ETA 00:23:12
        episodes +1341 / total 20146
        return 35.82 | W/B/D 0.0% / 0.9% / 99.1%
        MAV survival 99.1% | UAV survivors 2.84
        Red kills 0.00 | Blue kills 0.16 | ep length 75.0
        actor loss [-0.022, -0.025, -0.022, -0.023]
        critic loss 32.756 | entropy 3.330
        PCTA-v2 target diagnostics | ens H 1.254 | head Hn 0.952 | head max 0.354 | disagree 0.002 | target switch 5.8% | beta 0.697 | valid/multi states 390758/383830
[TRAIN] 1,601,536 / 2,000,000 (80.1%)
        elapsed 01:15:30 | speed 378.1 steps/s | ETA 00:17:34
        episodes +1335 / total 21481
        return 37.66 | W/B/D 0.0% / 0.5% / 99.5%
        MAV survival 99.5% | UAV survivors 2.87
        Red kills 0.00 | Blue kills 0.11 | ep length 75.0
        actor loss [-0.025, -0.022, -0.023, -0.019]
        critic loss 17.642 | entropy 3.317
        PCTA-v2 target diagnostics | ens H 1.223 | head Hn 0.922 | head max 0.379 | disagree 0.002 | target switch 5.6% | beta 0.693 | valid/multi states 393968/389552
[TRAIN] 1,701,888 / 2,000,000 (85.1%)
        elapsed 01:20:19 | speed 347.1 steps/s | ETA 00:14:19
        episodes +1339 / total 22820
        return 39.06 | W/B/D 0.0% / 0.4% / 99.6%
        MAV survival 99.6% | UAV survivors 2.91
        Red kills 0.00 | Blue kills 0.09 | ep length 75.0
        actor loss [-0.026, -0.020, -0.020, -0.022]
        critic loss 12.608 | entropy 3.314
        PCTA-v2 target diagnostics | ens H 1.201 | head Hn 0.931 | head max 0.388 | disagree 0.002 | target switch 5.5% | beta 0.691 | valid/multi states 394083/383797
[TRAIN] 1,800,192 / 2,000,000 (90.0%)
        elapsed 01:24:38 | speed 379.3 steps/s | ETA 00:08:47
        episodes +1312 / total 24132
        return 38.55 | W/B/D 0.0% / 1.0% / 99.0%
        MAV survival 99.0% | UAV survivors 2.92
        Red kills 0.00 | Blue kills 0.07 | ep length 74.9
        actor loss [-0.018, -0.029, -0.022, -0.023]
        critic loss 38.488 | entropy 3.306
        PCTA-v2 target diagnostics | ens H 1.201 | head Hn 0.958 | head max 0.376 | disagree 0.001 | target switch 6.0% | beta 0.691 | valid/multi states 385731/371044
[TRAIN] 1,900,544 / 2,000,000 (95.0%)
        elapsed 01:28:59 | speed 385.2 steps/s | ETA 00:04:18
        episodes +1341 / total 25473
        return 39.42 | W/B/D 0.0% / 0.6% / 99.4%
        MAV survival 99.4% | UAV survivors 2.85
        Red kills 0.00 | Blue kills 0.15 | ep length 75.0
        actor loss [-0.020, -0.019, -0.022, -0.026]
        critic loss 27.298 | entropy 3.282
        PCTA-v2 target diagnostics | ens H 1.233 | head Hn 0.983 | head max 0.344 | disagree 0.001 | target switch 6.9% | beta 0.690 | valid/multi states 391718/378403
[TRAIN] 2,000,000 / 2,000,000 (100.0%)
        elapsed 01:33:42 | speed 351.2 steps/s | ETA 00:00:00
        episodes +1326 / total 26799
        return 58.77 | W/B/D 0.2% / 1.4% / 98.4%
        MAV survival 98.6% | UAV survivors 2.77
        Red kills 0.42 | Blue kills 0.21 | ep length 74.9
        actor loss [-0.021, -0.022, -0.021, -0.022]
        critic loss 182.069 | entropy 3.227
        PCTA-v2 target diagnostics | ens H 1.177 | head Hn 0.987 | head max 0.362 | disagree 0.000 | target switch 7.0% | beta 0.690 | valid/multi states 383051/361760
[CKPT] milestone 2,000,000 crossed at step 2,000,000 | checkpoint_2000000.pt
[TRAIN] optimization finished at 2,000,000 steps
[FINAL EVAL] step 2,000,000 | nearest_red_aircraft
       win 0.5% | blue 0.0% | draw 99.5%
       return 64.31 | Red kills 0.56 | MAV survival 100.0%
============================================================
TRAINING COMPLETE
Steps: 2,000,000
Elapsed training time: 01:33:42
Final evaluation time: 00:04:02
Completed episodes: 26799
Final checkpoint: checkpoint_final.pt
Run folder: /mnt/c/Users/HPK/Desktop/2_uav/outputs/pcta_v2_happo_final_v35_main_seed4_2m_20260914_213030
============================================================
============================================================
Finished PCTA-v2 seed=4: Mon Sep 14 23:11:55 CST 2026
============================================================

############################################################
SEED 5 / 5
############################################################
============================================================
Vanilla HAPPO | seed=5
Run: happo_final_v35_main_seed5_2m_20260914_231155
Start: Mon Sep 14 23:11:55 CST 2026
============================================================
============================================================
HAPPO TRAINING
Run: happo_final_v35_main_seed5_2m_20260914_231155
Profile: main
Seed: 5
Device: cuda
Envs: 16
Method: baseline
Critic: mlp
Rollout: 128
Target steps: 2,000,000
Checkpoint interval: 1,000,000
Evaluation interval: disabled
Log interval: 100,000
============================================================
[TRAIN] 100,352 / 2,000,000 (5.0%)
        elapsed 00:02:56 | speed 571.1 steps/s | ETA 00:55:26
        episodes +1346 / total 1346
        return 8.95 | W/B/D 0.0% / 5.0% / 95.0%
        MAV survival 95.0% | UAV survivors 1.98
        Red kills 0.00 | Blue kills 0.05 | ep length 74.1
        actor loss [-0.024, -0.027, -0.025, -0.028]
        critic loss 214.555 | entropy 3.480
[TRAIN] 200,704 / 2,000,000 (10.0%)
        elapsed 00:06:26 | speed 476.5 steps/s | ETA 01:02:56
        episodes +1340 / total 2686
        return 33.62 | W/B/D 0.0% / 0.7% / 99.3%
        MAV survival 99.3% | UAV survivors 2.87
        Red kills 0.00 | Blue kills 0.08 | ep length 74.9
        actor loss [-0.029, -0.028, -0.021, -0.026]
        critic loss 34.771 | entropy 3.460
[TRAIN] 301,056 / 2,000,000 (15.1%)
        elapsed 00:09:40 | speed 519.0 steps/s | ETA 00:54:33
        episodes +1344 / total 4030
        return 32.16 | W/B/D 0.0% / 1.8% / 98.2%
        MAV survival 98.2% | UAV survivors 2.96
        Red kills 0.00 | Blue kills 0.04 | ep length 74.6
        actor loss [-0.022, -0.027, -0.023, -0.028]
        critic loss 76.901 | entropy 3.441
[TRAIN] 401,408 / 2,000,000 (20.1%)
        elapsed 00:12:50 | speed 527.1 steps/s | ETA 00:50:33
        episodes +1338 / total 5368
        return 37.13 | W/B/D 0.0% / 0.0% / 100.0%
        MAV survival 100.0% | UAV survivors 2.86
        Red kills 0.00 | Blue kills 0.13 | ep length 75.0
        actor loss [-0.023, -0.026, -0.023, -0.024]
        critic loss 2.442 | entropy 3.472
[TRAIN] 501,760 / 2,000,000 (25.1%)
        elapsed 00:16:00 | speed 527.4 steps/s | ETA 00:47:21
        episodes +1339 / total 6707
        return 37.34 | W/B/D 0.0% / 0.3% / 99.7%
        MAV survival 99.7% | UAV survivors 2.88
        Red kills 0.00 | Blue kills 0.10 | ep length 75.0
        actor loss [-0.021, -0.025, -0.022, -0.024]
        critic loss 15.471 | entropy 3.470
[TRAIN] 600,064 / 2,000,000 (30.0%)
        elapsed 00:19:04 | speed 533.9 steps/s | ETA 00:43:42
        episodes +1315 / total 8022
        return 35.40 | W/B/D 0.0% / 1.2% / 98.8%
        MAV survival 98.8% | UAV survivors 2.91
        Red kills 0.00 | Blue kills 0.09 | ep length 74.8
        actor loss [-0.027, -0.018, -0.022, -0.026]
        critic loss 47.445 | entropy 3.483
[TRAIN] 700,416 / 2,000,000 (35.0%)
        elapsed 00:22:39 | speed 466.9 steps/s | ETA 00:46:23
        episodes +1338 / total 9360
        return 33.19 | W/B/D 0.0% / 2.1% / 97.9%
        MAV survival 97.9% | UAV survivors 2.73
        Red kills 0.00 | Blue kills 0.27 | ep length 75.0
        actor loss [-0.020, -0.023, -0.027, -0.020]
        critic loss 81.112 | entropy 3.499
[TRAIN] 800,768 / 2,000,000 (40.0%)
        elapsed 00:25:43 | speed 547.0 steps/s | ETA 00:36:32
        episodes +1338 / total 10698
        return 35.72 | W/B/D 0.0% / 1.0% / 99.0%
        MAV survival 99.0% | UAV survivors 2.73
        Red kills 0.00 | Blue kills 0.27 | ep length 74.9
        actor loss [-0.026, -0.024, -0.028, -0.019]
        critic loss 35.722 | entropy 3.518
[TRAIN] 901,120 / 2,000,000 (45.1%)
        elapsed 00:28:48 | speed 543.0 steps/s | ETA 00:33:44
        episodes +1340 / total 12038
        return 38.41 | W/B/D 0.0% / 0.1% / 99.9%
        MAV survival 99.9% | UAV survivors 2.83
        Red kills 0.00 | Blue kills 0.17 | ep length 75.0
        actor loss [-0.022, -0.021, -0.023, -0.023]
        critic loss 8.602 | entropy 3.529
[TRAIN] 1,001,472 / 2,000,000 (50.1%)
        elapsed 00:31:56 | speed 532.7 steps/s | ETA 00:31:14
        episodes +1339 / total 13377
        return 39.01 | W/B/D 0.0% / 0.4% / 99.6%
        MAV survival 99.6% | UAV survivors 2.90
        Red kills 0.00 | Blue kills 0.09 | ep length 74.9
        actor loss [-0.021, -0.017, -0.027, -0.021]
        critic loss 18.408 | entropy 3.545
[CKPT] milestone 1,000,000 crossed at step 1,001,472 | checkpoint_1001472.pt
[TRAIN] 1,101,824 / 2,000,000 (55.1%)
        elapsed 00:35:29 | speed 472.3 steps/s | ETA 00:31:42
        episodes +1339 / total 14716
        return 40.04 | W/B/D 0.0% / 0.1% / 99.9%
        MAV survival 99.9% | UAV survivors 2.92
        Red kills 0.00 | Blue kills 0.06 | ep length 75.0
        actor loss [-0.022, -0.022, -0.022, -0.026]
        critic loss 8.388 | entropy 3.556
[TRAIN] 1,200,128 / 2,000,000 (60.0%)
        elapsed 00:38:38 | speed 518.3 steps/s | ETA 00:25:43
        episodes +1312 / total 16028
        return 38.51 | W/B/D 0.0% / 0.8% / 99.2%
        MAV survival 99.2% | UAV survivors 2.90
        Red kills 0.01 | Blue kills 0.09 | ep length 74.9
        actor loss [-0.019, -0.025, -0.029, -0.020]
        critic loss 34.990 | entropy 3.540
[TRAIN] 1,300,480 / 2,000,000 (65.0%)
        elapsed 00:41:57 | speed 504.4 steps/s | ETA 00:23:07
        episodes +1342 / total 17370
        return 34.79 | W/B/D 0.0% / 2.0% / 98.0%
        MAV survival 98.0% | UAV survivors 2.79
        Red kills 0.01 | Blue kills 0.15 | ep length 74.8
        actor loss [-0.023, -0.019, -0.022, -0.016]
        critic loss 95.187 | entropy 3.533
[TRAIN] 1,400,832 / 2,000,000 (70.0%)
        elapsed 00:45:25 | speed 482.1 steps/s | ETA 00:20:43
        episodes +1339 / total 18709
        return 36.54 | W/B/D 0.0% / 1.0% / 99.0%
        MAV survival 99.0% | UAV survivors 2.72
        Red kills 0.00 | Blue kills 0.21 | ep length 74.9
        actor loss [-0.023, -0.028, -0.022, -0.028]
        critic loss 42.681 | entropy 3.533
[TRAIN] 1,501,184 / 2,000,000 (75.1%)
        elapsed 00:48:29 | speed 545.7 steps/s | ETA 00:15:14
        episodes +1336 / total 20045
        return 39.56 | W/B/D 0.0% / 0.0% / 100.0%
        MAV survival 100.0% | UAV survivors 2.87
        Red kills 0.00 | Blue kills 0.10 | ep length 75.0
        actor loss [-0.022, -0.025, -0.023, -0.020]
        critic loss 2.118 | entropy 3.494
[TRAIN] 1,601,536 / 2,000,000 (80.1%)
        elapsed 00:52:02 | speed 472.1 steps/s | ETA 00:14:04
        episodes +1341 / total 21386
        return 37.22 | W/B/D 0.0% / 1.2% / 98.8%
        MAV survival 98.8% | UAV survivors 2.92
        Red kills 0.00 | Blue kills 0.06 | ep length 75.0
        actor loss [-0.021, -0.025, -0.024, -0.023]
        critic loss 51.391 | entropy 3.498
[TRAIN] 1,701,888 / 2,000,000 (85.1%)
        elapsed 00:55:08 | speed 539.3 steps/s | ETA 00:09:13
        episodes +1337 / total 22723
        return 38.83 | W/B/D 0.0% / 0.6% / 99.4%
        MAV survival 99.4% | UAV survivors 2.91
        Red kills 0.01 | Blue kills 0.07 | ep length 75.0
        actor loss [-0.022, -0.022, -0.023, -0.021]
        critic loss 28.739 | entropy 3.523
[TRAIN] 1,800,192 / 2,000,000 (90.0%)
        elapsed 00:58:12 | speed 535.2 steps/s | ETA 00:06:13
        episodes +1313 / total 24036
        return 39.51 | W/B/D 0.0% / 0.3% / 99.7%
        MAV survival 99.7% | UAV survivors 2.90
        Red kills 0.00 | Blue kills 0.09 | ep length 74.9
        actor loss [-0.021, -0.022, -0.024, -0.022]
        critic loss 15.309 | entropy 3.494
[TRAIN] 1,900,544 / 2,000,000 (95.0%)
        elapsed 01:01:49 | speed 461.8 steps/s | ETA 00:03:35
        episodes +1338 / total 25374
        return 38.21 | W/B/D 0.0% / 0.8% / 99.2%
        MAV survival 99.2% | UAV survivors 2.92
        Red kills 0.00 | Blue kills 0.08 | ep length 75.0
        actor loss [-0.022, -0.025, -0.019, -0.023]
        critic loss 34.109 | entropy 3.512
[TRAIN] 2,000,000 / 2,000,000 (100.0%)
        elapsed 01:04:58 | speed 525.3 steps/s | ETA 00:00:00
        episodes +1326 / total 26700
        return 38.80 | W/B/D 0.0% / 0.6% / 99.4%
        MAV survival 99.4% | UAV survivors 2.94
        Red kills 0.00 | Blue kills 0.05 | ep length 74.9
        actor loss [-0.020, -0.025, -0.022, -0.021]
        critic loss 26.279 | entropy 3.529
[CKPT] milestone 2,000,000 crossed at step 2,000,000 | checkpoint_2000000.pt
[TRAIN] optimization finished at 2,000,000 steps
[FINAL EVAL] step 2,000,000 | nearest_red_aircraft
       win 0.0% | blue 0.0% | draw 100.0%
       return 39.52 | Red kills 0.00 | MAV survival 100.0%
============================================================
TRAINING COMPLETE
Steps: 2,000,000
Elapsed training time: 01:04:58
Final evaluation time: 00:02:46
Completed episodes: 26700
Final checkpoint: checkpoint_final.pt
Run folder: /mnt/c/Users/HPK/Desktop/2_uav/outputs/happo_final_v35_main_seed5_2m_20260914_231155
============================================================
============================================================
Finished Vanilla seed=5: Tue Sep 15 00:22:24 CST 2026
============================================================
============================================================
PCTA-v2 HAPPO | seed=5
Run: pcta_v2_happo_final_v35_main_seed5_2m_20260915_002224
Start: Tue Sep 15 00:22:24 CST 2026
============================================================
============================================================
PCTA-v2 HAPPO TRAINING
Run: pcta_v2_happo_final_v35_main_seed5_2m_20260915_002224
Profile: main
Seed: 5
Device: cuda
Envs: 16
Method: baseline
Critic: mlp
Rollout: 128
Target steps: 2,000,000
Checkpoint interval: 1,000,000
Evaluation interval: disabled
Log interval: 100,000
============================================================
[TRAIN] 100,352 / 2,000,000 (5.0%)
        elapsed 00:04:28 | speed 374.8 steps/s | ETA 01:24:29
        episodes +1366 / total 1366
        return 2.73 | W/B/D 0.0% / 8.3% / 91.7%
        MAV survival 91.7% | UAV survivors 2.12
        Red kills 0.00 | Blue kills 0.04 | ep length 73.1
        actor loss [-0.022, -0.024, -0.022, -0.023]
        critic loss 365.612 | entropy 3.499
        PCTA-v2 target diagnostics | ens H 1.176 | head Hn 0.999 | head max 0.351 | disagree 0.000 | target switch 6.8% | beta 0.693 | valid/multi states 356201/331901
[TRAIN] 200,704 / 2,000,000 (10.0%)
        elapsed 00:09:14 | speed 351.1 steps/s | ETA 01:25:24
        episodes +1346 / total 2712
        return 26.40 | W/B/D 0.0% / 1.9% / 98.1%
        MAV survival 98.1% | UAV survivors 2.71
        Red kills 0.00 | Blue kills 0.22 | ep length 74.5
        actor loss [-0.027, -0.027, -0.020, -0.025]
        critic loss 84.489 | entropy 3.499
        PCTA-v2 target diagnostics | ens H 1.128 | head Hn 0.995 | head max 0.379 | disagree 0.001 | target switch 6.1% | beta 0.692 | valid/multi states 387133/355528
[TRAIN] 301,056 / 2,000,000 (15.1%)
        elapsed 00:13:32 | speed 387.6 steps/s | ETA 01:13:04
        episodes +1349 / total 4061
        return 30.30 | W/B/D 0.0% / 1.8% / 98.2%
        MAV survival 98.2% | UAV survivors 2.84
        Red kills 0.00 | Blue kills 0.11 | ep length 74.5
        actor loss [-0.024, -0.027, -0.025, -0.029]
        critic loss 78.905 | entropy 3.468
        PCTA-v2 target diagnostics | ens H 1.160 | head Hn 0.977 | head max 0.381 | disagree 0.003 | target switch 6.1% | beta 0.692 | valid/multi states 394736/374219
[TRAIN] 401,408 / 2,000,000 (20.1%)
        elapsed 00:18:17 | speed 352.8 steps/s | ETA 01:15:31
        episodes +1341 / total 5402
        return 34.54 | W/B/D 0.0% / 1.0% / 99.0%
        MAV survival 99.0% | UAV survivors 2.83
        Red kills 0.00 | Blue kills 0.17 | ep length 74.8
        actor loss [-0.022, -0.026, -0.021, -0.024]
        critic loss 43.505 | entropy 3.469
        PCTA-v2 target diagnostics | ens H 1.221 | head Hn 0.961 | head max 0.361 | disagree 0.004 | target switch 6.0% | beta 0.694 | valid/multi states 395216/388865
[TRAIN] 501,760 / 2,000,000 (25.1%)
        elapsed 00:22:36 | speed 388.1 steps/s | ETA 01:04:21
        episodes +1344 / total 6746
        return 32.19 | W/B/D 0.0% / 1.6% / 98.4%
        MAV survival 98.4% | UAV survivors 2.66
        Red kills 0.01 | Blue kills 0.34 | ep length 74.6
        actor loss [-0.021, -0.026, -0.025, -0.025]
        critic loss 70.609 | entropy 3.449
        PCTA-v2 target diagnostics | ens H 1.221 | head Hn 0.958 | head max 0.356 | disagree 0.002 | target switch 6.7% | beta 0.695 | valid/multi states 393072/386148
[TRAIN] 600,064 / 2,000,000 (30.0%)
        elapsed 00:27:22 | speed 343.6 steps/s | ETA 01:07:54
        episodes +1313 / total 8059
        return 38.18 | W/B/D 0.0% / 1.0% / 99.0%
        MAV survival 99.0% | UAV survivors 2.85
        Red kills 0.01 | Blue kills 0.15 | ep length 74.8
        actor loss [-0.026, -0.020, -0.024, -0.026]
        critic loss 50.067 | entropy 3.451
        PCTA-v2 target diagnostics | ens H 1.226 | head Hn 0.966 | head max 0.352 | disagree 0.002 | target switch 6.4% | beta 0.694 | valid/multi states 387619/382242
[TRAIN] 700,416 / 2,000,000 (35.0%)
        elapsed 00:31:45 | speed 381.0 steps/s | ETA 00:56:51
        episodes +1344 / total 9403
        return 39.28 | W/B/D 0.0% / 1.0% / 99.0%
        MAV survival 99.0% | UAV survivors 2.85
        Red kills 0.02 | Blue kills 0.15 | ep length 74.8
        actor loss [-0.018, -0.022, -0.024, -0.020]
        critic loss 53.432 | entropy 3.401
        PCTA-v2 target diagnostics | ens H 1.208 | head Hn 0.942 | head max 0.367 | disagree 0.003 | target switch 6.1% | beta 0.689 | valid/multi states 396134/391445
[TRAIN] 800,768 / 2,000,000 (40.0%)
        elapsed 00:36:35 | speed 346.4 steps/s | ETA 00:57:42
        episodes +1338 / total 10741
        return 40.13 | W/B/D 0.0% / 0.7% / 99.3%
        MAV survival 99.3% | UAV survivors 2.91
        Red kills 0.02 | Blue kills 0.09 | ep length 74.9
        actor loss [-0.022, -0.020, -0.024, -0.019]
        critic loss 40.426 | entropy 3.341
        PCTA-v2 target diagnostics | ens H 1.185 | head Hn 0.925 | head max 0.384 | disagree 0.005 | target switch 6.2% | beta 0.687 | valid/multi states 398191/392419
[TRAIN] 901,120 / 2,000,000 (45.1%)
        elapsed 00:40:53 | speed 388.2 steps/s | ETA 00:47:10
        episodes +1342 / total 12083
        return 40.63 | W/B/D 0.0% / 0.4% / 99.6%
        MAV survival 99.6% | UAV survivors 2.97
        Red kills 0.01 | Blue kills 0.03 | ep length 74.9
        actor loss [-0.021, -0.022, -0.024, -0.023]
        critic loss 24.865 | entropy 3.264
        PCTA-v2 target diagnostics | ens H 1.211 | head Hn 0.924 | head max 0.375 | disagree 0.007 | target switch 7.4% | beta 0.688 | valid/multi states 399626/394107
[TRAIN] 1,001,472 / 2,000,000 (50.1%)
        elapsed 00:45:40 | speed 349.9 steps/s | ETA 00:47:34
        episodes +1341 / total 13424
        return 41.76 | W/B/D 0.0% / 1.0% / 99.0%
        MAV survival 99.0% | UAV survivors 2.93
        Red kills 0.04 | Blue kills 0.08 | ep length 74.9
        actor loss [-0.020, -0.019, -0.027, -0.020]
        critic loss 65.908 | entropy 3.179
        PCTA-v2 target diagnostics | ens H 1.230 | head Hn 0.930 | head max 0.369 | disagree 0.014 | target switch 7.7% | beta 0.691 | valid/multi states 398637/393081
[CKPT] milestone 1,000,000 crossed at step 1,001,472 | checkpoint_1001472.pt
[TRAIN] 1,101,824 / 2,000,000 (55.1%)
        elapsed 00:50:01 | speed 384.4 steps/s | ETA 00:38:56
        episodes +1340 / total 14764
        return 41.79 | W/B/D 0.0% / 1.7% / 98.3%
        MAV survival 98.3% | UAV survivors 2.90
        Red kills 0.08 | Blue kills 0.11 | ep length 74.8
        actor loss [-0.021, -0.022, -0.020, -0.028]
        critic loss 103.263 | entropy 3.109
        PCTA-v2 target diagnostics | ens H 1.252 | head Hn 0.956 | head max 0.342 | disagree 0.007 | target switch 8.2% | beta 0.691 | valid/multi states 397150/393101
[TRAIN] 1,200,128 / 2,000,000 (60.0%)
        elapsed 00:54:44 | speed 346.9 steps/s | ETA 00:38:26
        episodes +1314 / total 16078
        return 48.68 | W/B/D 0.0% / 1.6% / 98.4%
        MAV survival 98.4% | UAV survivors 2.88
        Red kills 0.21 | Blue kills 0.14 | ep length 74.8
        actor loss [-0.019, -0.025, -0.028, -0.020]
        critic loss 143.581 | entropy 3.014
        PCTA-v2 target diagnostics | ens H 1.243 | head Hn 0.960 | head max 0.336 | disagree 0.004 | target switch 8.7% | beta 0.691 | valid/multi states 387130/381740
[TRAIN] 1,300,480 / 2,000,000 (65.0%)
        elapsed 00:59:10 | speed 377.1 steps/s | ETA 00:30:55
        episodes +1345 / total 17423
        return 51.17 | W/B/D 0.1% / 2.0% / 97.8%
        MAV survival 98.0% | UAV survivors 2.90
        Red kills 0.29 | Blue kills 0.12 | ep length 74.6
        actor loss [-0.026, -0.021, -0.025, -0.019]
        critic loss 189.663 | entropy 2.909
        PCTA-v2 target diagnostics | ens H 1.233 | head Hn 0.963 | head max 0.348 | disagree 0.003 | target switch 8.1% | beta 0.695 | valid/multi states 396304/390222
[TRAIN] 1,400,832 / 2,000,000 (70.0%)
        elapsed 01:03:57 | speed 350.2 steps/s | ETA 00:28:31
        episodes +1348 / total 18771
        return 51.32 | W/B/D 0.1% / 1.7% / 98.1%
        MAV survival 98.3% | UAV survivors 2.78
        Red kills 0.30 | Blue kills 0.23 | ep length 74.5
        actor loss [-0.021, -0.028, -0.023, -0.026]
        critic loss 184.650 | entropy 2.823
        PCTA-v2 target diagnostics | ens H 1.264 | head Hn 0.967 | head max 0.340 | disagree 0.003 | target switch 8.6% | beta 0.698 | valid/multi states 392005/387773
[TRAIN] 1,501,184 / 2,000,000 (75.1%)
        elapsed 01:08:13 | speed 391.6 steps/s | ETA 00:21:14
        episodes +1346 / total 20117
        return 54.69 | W/B/D 0.2% / 3.0% / 96.8%
        MAV survival 97.0% | UAV survivors 2.84
        Red kills 0.39 | Blue kills 0.16 | ep length 74.6
        actor loss [-0.023, -0.028, -0.026, -0.022]
        critic loss 252.561 | entropy 2.748
        PCTA-v2 target diagnostics | ens H 1.276 | head Hn 0.978 | head max 0.330 | disagree 0.002 | target switch 8.5% | beta 0.695 | valid/multi states 395012/389993
[TRAIN] 1,601,536 / 2,000,000 (80.1%)
        elapsed 01:12:52 | speed 359.6 steps/s | ETA 00:18:28
        episodes +1347 / total 21464
        return 56.19 | W/B/D 0.3% / 2.3% / 97.4%
        MAV survival 97.7% | UAV survivors 2.43
        Red kills 0.49 | Blue kills 0.59 | ep length 74.4
        actor loss [-0.020, -0.024, -0.025, -0.023]
        critic loss 272.860 | entropy 2.649
        PCTA-v2 target diagnostics | ens H 1.258 | head Hn 0.972 | head max 0.340 | disagree 0.002 | target switch 8.5% | beta 0.695 | valid/multi states 376175/369311
[TRAIN] 1,701,888 / 2,000,000 (85.1%)
        elapsed 01:17:06 | speed 396.0 steps/s | ETA 00:12:33
        episodes +1351 / total 22815
        return 51.74 | W/B/D 0.3% / 2.1% / 97.6%
        MAV survival 97.9% | UAV survivors 2.18
        Red kills 0.43 | Blue kills 0.84 | ep length 74.4
        actor loss [-0.021, -0.024, -0.027, -0.023]
        critic loss 227.499 | entropy 2.558
        PCTA-v2 target diagnostics | ens H 1.263 | head Hn 0.968 | head max 0.343 | disagree 0.004 | target switch 8.5% | beta 0.696 | valid/multi states 364956/358487
[TRAIN] 1,800,192 / 2,000,000 (90.0%)
        elapsed 01:21:17 | speed 391.6 steps/s | ETA 00:08:30
        episodes +1321 / total 24136
        return 65.92 | W/B/D 0.5% / 4.1% / 95.5%
        MAV survival 95.9% | UAV survivors 2.53
        Red kills 0.72 | Blue kills 0.51 | ep length 74.3
        actor loss [-0.022, -0.024, -0.029, -0.023]
        critic loss 368.863 | entropy 2.468
        PCTA-v2 target diagnostics | ens H 1.220 | head Hn 0.958 | head max 0.369 | disagree 0.006 | target switch 8.5% | beta 0.700 | valid/multi states 371348/360621
[TRAIN] 1,900,544 / 2,000,000 (95.0%)
        elapsed 01:25:58 | speed 357.0 steps/s | ETA 00:04:39
        episodes +1347 / total 25483
        return 68.93 | W/B/D 0.1% / 2.7% / 97.2%
        MAV survival 97.3% | UAV survivors 2.52
        Red kills 0.72 | Blue kills 0.50 | ep length 74.5
        actor loss [-0.024, -0.027, -0.021, -0.026]
        critic loss 288.561 | entropy 2.352
        PCTA-v2 target diagnostics | ens H 1.206 | head Hn 0.949 | head max 0.378 | disagree 0.005 | target switch 9.1% | beta 0.701 | valid/multi states 377811/366411
[TRAIN] 2,000,000 / 2,000,000 (100.0%)
        elapsed 01:30:12 | speed 391.3 steps/s | ETA 00:00:00
        episodes +1334 / total 26817
        return 66.55 | W/B/D 0.1% / 2.7% / 97.2%
        MAV survival 97.3% | UAV survivors 2.65
        Red kills 0.66 | Blue kills 0.38 | ep length 74.6
        actor loss [-0.021, -0.028, -0.025, -0.023]
        critic loss 279.442 | entropy 2.279
        PCTA-v2 target diagnostics | ens H 1.240 | head Hn 0.972 | head max 0.350 | disagree 0.003 | target switch 9.1% | beta 0.703 | valid/multi states 379461/370624
[CKPT] milestone 2,000,000 crossed at step 2,000,000 | checkpoint_2000000.pt
[TRAIN] optimization finished at 2,000,000 steps
[FINAL EVAL] step 2,000,000 | nearest_red_aircraft
       win 0.5% | blue 2.0% | draw 97.5%
       return 82.23 | Red kills 0.94 | MAV survival 98.0%
============================================================
TRAINING COMPLETE
Steps: 2,000,000
Elapsed training time: 01:30:12
Final evaluation time: 00:04:26
Completed episodes: 26817
Final checkpoint: checkpoint_final.pt
Run folder: /mnt/c/Users/HPK/Desktop/2_uav/outputs/pcta_v2_happo_final_v35_main_seed5_2m_20260915_002224
============================================================
============================================================
Finished PCTA-v2 seed=5: Tue Sep 15 02:01:27 CST 2026
============================================================

============================================================
ALL FINAL 5-SEED RUNS FINISHED
Time: Tue Sep 15 02:01:27 CST 2026
============================================================
