env_steps,vector_steps,replay_size,critic_updates,actor_updates,environment_steps_per_second,update_calls_in_interval,critic_updates_in_interval,actor_updates_in_interval,target_updates_in_interval,critic1_loss_mean,critic2_loss_mean,q1_mean,q2_mean,target_q_mean,q1_q2_abs_gap_mean,td_error_abs_mean,critic1_grad_norm_pre_clip_mean,critic2_grad_norm_pre_clip_mean,critic1_grad_clipped_fraction,critic2_grad_clipped_fraction,critic1_loss_max,critic2_loss_max,q1_q2_abs_gap_max,td_error_abs_max,critic1_grad_norm_pre_clip_max,critic2_grad_norm_pre_clip_max,actor_loss_mean,sampled_log_prob_mean,deterministic_action_abs_mean,stochastic_action_abs_mean,action_saturation_fraction_mean,actor_grad_norm_pre_clip_mean,actor_grad_clipped_fraction,actor_loss_last,action_saturation_fraction_max,actor_grad_norm_pre_clip_max,completed_episodes,red_complete_elimination_success_rate,mean_red_attack_kills,mean_blue_attack_kills,mean_red_survivors,mean_blue_survivors,mean_red_boundary_deaths,mean_red_collision_deaths,max_steps_rate,mean_episode_length,mean_episode_return
2048,256,2048,0,0,23.145685013260245,0,0,0,0,,,,,,,,,,,,,,,,,,,,,,,,,,,,0,nan,nan,nan,nan,nan,nan,nan,nan,nan,nan
4096,512,4096,0,0,44.11885836738621,0,0,0,0,,,,,,,,,,,,,,,,,,,,,,,,,,,,6,0.0,0.0,0.3333333333333333,0.0,2.3333333333333335,2.6666666666666665,0.0,0.0,444.6666666666667,-107.88715577027808
6144,768,6144,0,0,62.73330737303505,0,0,0,0,,,,,,,,,,,,,,,,,,,,,,,,,,,,2,0.0,0.0,0.5,0.5,2.0,2.0,0.0,0.5,573.0,-83.47457728850713
8192,1024,8192,0,0,79.85308883170543,0,0,0,0,,,,,,,,,,,,,,,,,,,,,,,,,,,,7,0.0,0.14285714285714285,0.7142857142857143,0.0,2.5714285714285716,2.2857142857142856,0.0,0.0,445.0,-100.68505071962123
10240,1280,10240,0,0,95.66532606127684,0,0,0,0,,,,,,,,,,,,,,,,,,,,,,,,,,,,3,0.0,0.0,0.0,0.0,1.0,2.3333333333333335,0.6666666666666666,0.0,444.0,-107.19837131163028
12288,1536,12288,0,0,110.14425816496349,0,0,0,0,,,,,,,,,,,,,,,,,,,,,,,,,,,,5,0.0,0.0,0.8,0.0,2.6,2.2,0.0,0.0,473.4,-102.5413873748912
14336,1792,14336,0,0,122.83585303096714,0,0,0,0,,,,,,,,,,,,,,,,,,,,,,,,,,,,4,0.0,0.0,1.0,0.0,2.5,2.0,0.0,0.0,452.75,-100.84415000221452
16384,2048,16384,0,0,134.51511983543747,0,0,0,0,,,,,,,,,,,,,,,,,,,,,,,,,,,,4,0.0,0.0,0.25,0.0,3.0,2.75,0.0,0.0,458.25,-108.4418264481119
18432,2304,18432,0,0,145.23316961366086,0,0,0,0,,,,,,,,,,,,,,,,,,,,,,,,,,,,6,0.0,0.0,0.16666666666666666,0.0,2.0,2.8333333333333335,0.0,0.0,443.8333333333333,-109.41237198853462
20480,2560,20480,61,30,153.5479870922814,61,61,30,30,5.254524626631717,5.253200487737528,0.04377299790713386,0.04607340641564033,0.032733917078881174,0.018276641557573296,0.3180094598258128,0.20769023492199476,0.21825942824609945,0.0,0.0,9.178397178649902,9.176002502441406,0.1317463517189026,50.03750228881836,0.5900222659111023,0.6558992862701416,-0.22772593895594279,-1.9128235816955566,0.030599806716813803,0.44081796355449043,0.001297226137600778,0.11076539332667987,0.0,-0.21118523180484772,0.003869969040247678,0.14853975176811218,2,0.0,0.0,1.0,0.0,2.0,2.0,0.0,0.0,464.0,-100.59368818063012
22528,2816,22528,317,158,155.29509754627773,256,256,128,128,5.258832058781991,5.273419264267432,0.04331475935077833,0.04292509397032518,0.03773973864525715,0.0677259925796534,0.3604421847849153,1.6507295348565094,1.284210089710541,0.0,0.0,12.628703117370605,12.667559623718262,1.3774062395095825,50.16828155517578,9.44625473022461,5.632166385650635,-0.22326695173978806,-2.0023389980196953,0.10936468491186414,0.5263564331633419,0.01188137464011654,0.0464835483871866,0.0,-0.10702395439147949,0.017048346055979643,0.15330860018730164,6,0.0,0.0,0.16666666666666666,0.0,2.5,2.6666666666666665,0.16666666666666666,0.0,472.8333333333333,-108.56123314253516
24576,3072,24576,573,286,156.90466871918466,256,256,128,128,4.624291596352123,4.663972927693976,0.0590577672682997,0.05866026361718468,0.04960936199665866,0.07388768525561318,0.3242839245358482,9.940026953816414,7.935986051335931,0.41015625,0.23046875,10.362813949584961,10.312247276306152,5.513545989990234,50.24696731567383,36.88550567626953,38.91412353515625,-0.2748944708146155,-1.8477413477376103,0.20332391869721778,0.5475272254655205,0.019108867540322743,0.093477540591266,0.0,-0.30388978123664856,0.02691107644305772,0.2481956034898758,3,0.0,0.0,0.6666666666666666,0.0,1.6666666666666667,2.3333333333333335,0.0,0.0,505.6666666666667,-104.88337228411426
26624,3328,26624,829,414,158.39915092489247,256,256,128,128,4.1042613494209945,4.088085901690647,0.05959591325236602,0.05884456490150569,0.048209073880002506,0.10099841101327911,0.3030506676295772,27.27528710104525,24.51126337610185,0.94921875,0.9609375,9.481340408325195,9.661250114440918,10.105375289916992,50.20943832397461,100.33689880371094,96.04175567626953,-0.2929165292298421,-1.7776798624545336,0.22870344129752385,0.5478920084760347,0.019896772293158563,0.1307960856356658,0.0,-0.3607833981513977,0.02753850169668494,0.3065984547138214,7,0.0,0.0,1.0,0.8571428571428571,2.4285714285714284,0.5714285714285714,0.5714285714285714,0.7142857142857143,497.7142857142857,-61.19603034044303
28672,3584,28672,1085,542,159.7628039806925,256,256,128,128,3.4217598573304713,3.4061401144135743,0.05444612111114111,0.04909455155451603,0.039935360542529,0.12137887041899376,0.27942250898922794,50.981895096600056,49.10087335854769,1.0,0.9921875,9.219335556030273,9.0360746383667,20.293163299560547,50.21523666381836,280.5096740722656,182.23385620117188,-0.3008504471508786,-1.7445193259045482,0.24454181397124508,0.5454005271331223,0.017403984739803865,0.1710141968796961,0.0,-0.2915005087852478,0.022350674373795763,0.5826916694641113,3,0.0,0.0,1.6666666666666667,0.3333333333333333,1.6666666666666667,1.0,0.0,0.3333333333333333,414.6666666666667,-78.77468717468582
30720,3840,30720,1341,670,160.79392014401708,256,256,128,128,3.0973847205750644,3.1537781442748383,0.029459622689046228,0.019191388052149705,0.0032246869354821683,0.14491251192521304,0.28380057762842625,68.92598680406809,75.95037281513214,1.0,1.0,9.907637596130371,10.142746925354004,40.41940689086914,50.360076904296875,373.02386474609375,487.0541687011719,-0.274749712087214,-1.6893128072842956,0.2682516697763827,0.5478150124219555,0.01770188186476349,0.21332385984715074,0.0,-0.25341829657554626,0.023559870550161812,0.8577551245689392,6,0.0,0.0,0.8333333333333334,0.16666666666666666,1.6666666666666667,2.0,0.0,0.16666666666666666,417.6666666666667,-94.71939595467363
32768,4096,32768,1597,798,161.7128624711058,256,256,128,128,2.5410067267366685,2.597852047882043,-0.023053645442587367,-0.02443032470887374,-0.04162752810407255,0.15518014642293565,0.31079484190559015,72.07856256887317,70.11744837462902,0.99609375,1.0,7.803238391876221,7.25462532043457,35.13605880737305,50.61458969116211,346.1419982910156,247.03099060058594,-0.21846422605449334,-1.694607935845852,0.27344207933814074,0.5460237578581427,0.017096150602793535,0.18723848491208628,0.0,-0.13537268340587616,0.022455867082035307,0.44532376527786255,2,0.0,0.0,0.0,0.0,1.0,3.0,0.0,0.0,416.0,-110.46170638279727
34816,4352,34816,1853,926,162.8491763646395,256,256,128,128,2.2979457693290897,2.170090868254192,-0.09235845236224804,-0.09815856641353093,-0.10925976836097107,0.19191441181465052,0.35873065749183297,71.46249034442008,68.50308501720428,0.99609375,1.0,6.625897407531738,6.870645999908447,46.97857666015625,50.512271881103516,234.407958984375,227.70741271972656,-0.1303833389247302,-1.6105698309838772,0.30703707872549674,0.5488972805351827,0.017550634115612036,0.20855760341510177,0.0,-0.016349099576473236,0.02491103202846975,0.5067590475082397,3,0.0,0.0,1.6666666666666667,1.3333333333333333,3.0,0.0,0.0,1.0,600.0,-39.3326099596452
36864,4608,36864,2109,1054,163.70094496349768,256,256,128,128,2.1106425636680797,2.081756306288298,-0.16577419367695256,-0.15624643906363644,-0.1704016796866199,0.2182504098454956,0.4135803368408233,65.79783478192985,70.8306638840586,0.984375,0.99609375,8.23987865447998,8.226469039916992,46.17214584350586,50.77449417114258,245.3776092529297,250.47576904296875,-0.05701466506434372,-1.6107043102383614,0.30062520701381035,0.5448884541538531,0.01670343363236767,0.20011822693049908,0.0,-0.054760225117206573,0.021724905117131266,0.6197397112846375,5,0.0,0.0,2.0,0.6,3.0,0.4,0.0,0.6,567.8,-63.72073285007991
38912,4864,38912,2365,1182,164.8461736787976,256,256,128,128,2.273315611644648,2.1068655877606943,-0.22831958610549918,-0.22069577798811224,-0.21545436323503964,0.21716660406673327,0.42064899986144155,72.35770326526836,73.47399239987135,0.98828125,0.99609375,6.122808933258057,6.197864532470703,51.73611068725586,51.1736946105957,301.6087341308594,252.8936004638672,-0.007599736163683701,-1.5782765839248896,0.29702739691290925,0.5416044602315346,0.016125620813394744,0.18458257193560712,0.0,-0.10244859755039215,0.020394907768251494,0.5755552649497986,4,0.0,0.0,2.5,0.5,3.0,0.0,0.0,0.25,450.75,-66.18145260608047
40960,5120,40960,2621,1310,165.8912977617423,256,256,128,128,2.3433023307006806,2.1619016356999055,-0.24066282380226767,-0.23155765383080507,-0.22565070798736997,0.2063984283595346,0.3923865865217522,57.770471235737205,65.05938312411308,0.98828125,0.99609375,8.58713436126709,7.85329008102417,63.602256774902344,51.12212371826172,353.8966369628906,240.59922790527344,-0.011195610537470202,-1.5939199849963188,0.28236794339538585,0.5389087375175857,0.01582648175123357,0.17121880047488958,0.0,-0.006316333077847958,0.020233872027328865,0.5683273077011108,4,0.0,0.0,1.25,0.75,1.75,0.75,0.25,0.5,465.75,-66.72192189284175
43008,5376,43008,2877,1438,166.8894485497138,256,256,128,128,2.2744936167728156,2.078489401494153,-0.22658153631709865,-0.23101708412650623,-0.2135295066400431,0.231923348212149,0.3746283116051927,64.15454800799489,75.10218400135636,0.99609375,0.9921875,7.219360828399658,6.164061546325684,57.27774429321289,50.78441619873047,361.15716552734375,414.120849609375,-0.021594749041469186,-1.595544958487153,0.2695893408801252,0.5348687468023299,0.015667471388420645,0.18746913044014946,0.0,-0.13544711470603943,0.02071786751121668,0.6287223100662231,5,0.0,0.0,1.8,0.6,2.0,0.6,0.0,0.4,498.0,-68.5276015836962
45056,5632,45056,3133,1566,167.4525031856194,256,256,128,128,2.5007894607260823,2.148275373969227,-0.2006673431242234,-0.1873045577740413,-0.18719892473018263,0.22065199463395402,0.3527633249759674,79.52638464048505,65.90506101213396,0.9921875,0.9921875,9.05359935760498,8.595563888549805,55.52985382080078,50.47663879394531,437.9956359863281,213.09332275390625,-0.06478150221482792,-1.6121755465865135,0.26099127904513364,0.5290018589212134,0.013920794861710252,0.21283240529010072,0.0,-0.0970040038228035,0.018355945730247406,0.5494999289512634,4,0.0,0.0,1.5,0.75,2.5,0.75,0.0,0.5,521.0,-65.28416804749668
47104,5888,47104,3389,1694,168.52438818369865,256,256,128,128,2.376810153480619,2.24003007565625,-0.15417168748535914,-0.15529946260539873,-0.1542187926177121,0.20106586156180128,0.3405867230030708,62.92879020422697,72.97007694281638,0.99609375,0.9921875,6.385930061340332,6.225385665893555,49.35710525512695,50.48527526855469,284.0200500488281,385.8675842285156,-0.11685003250931913,-1.6033234344795346,0.2513428808220994,0.523244215836497,0.0121337527771384,0.18795570748625323,0.0,-0.01072569377720356,0.01596244131455399,0.5870772004127502,5,0.0,0.0,2.2,0.2,2.2,0.6,0.0,0.2,399.8,-79.89578500854059
49152,6144,49152,3645,1822,168.95947957813843,256,256,128,128,2.5693661184050143,2.3597864122129977,-0.13394189279142665,-0.1437732149151998,-0.13812217012400652,0.20372137648519129,0.3422385034500621,64.55662730894983,76.47476278245449,0.9921875,1.0,7.470312595367432,6.540063858032227,63.274295806884766,50.65244674682617,387.4635009765625,331.29168701171875,-0.12941877769026178,-1.617001349106431,0.24802031244066752,0.517742482648015,0.01034144489927648,0.20575350883882493,0.0,-0.14970426261425018,0.013804303694681283,0.8913524746894836,4,0.0,0.0,2.25,0.5,2.5,0.25,0.0,0.5,502.0,-65.30080078496314
51200,6400,51200,3901,1950,169.38124136140038,256,256,128,128,2.3184341629967093,2.148560738307424,-0.10830010619929453,-0.10289615957125875,-0.10364565963504901,0.18805569087271579,0.32072439114563167,69.29705180041492,67.26568694226444,0.97265625,0.99609375,7.700747013092041,6.918313980102539,51.375091552734375,50.47313690185547,264.77069091796875,273.91357421875,-0.16383058676001383,-1.6310340547934175,0.24924382145776613,0.5128665616620331,0.009494215055334761,0.1806103877024725,0.0,-0.17281723022460938,0.012416427889207259,0.555145800113678,5,0.0,0.0,1.6,0.0,2.6,1.4,0.0,0.0,411.2,-95.2794841740124
53248,6656,53248,4157,2078,170.1224125662172,256,256,128,128,2.6839760690927505,2.5528397215530276,-0.1088459323054849,-0.11880946622659394,-0.10409528292711911,0.19133047529612668,0.330714775423985,77.73906648904085,87.52843946963549,1.0,0.9921875,6.62592077255249,6.121192932128906,56.897823333740234,50.69607162475586,301.87286376953125,477.01165771484375,-0.15013007440575166,-1.6243808716535568,0.25319946947125005,0.5088310730554336,0.00860115602081287,0.20469007297651842,0.0,-0.10695153474807739,0.011835948252133223,0.6158983111381531,7,0.0,0.0,1.8571428571428572,0.2857142857142857,2.4285714285714284,0.8571428571428571,0.0,0.2857142857142857,422.2857142857143,-79.8603729835925
55296,6912,55296,4413,2206,170.79791834496433,256,256,128,128,2.772197501268238,2.6806525965221226,-0.10998162492370511,-0.10778485243235991,-0.10260281596452359,0.2009074258385226,0.337063959275838,79.54246774688363,82.87923040986061,0.99609375,1.0,9.148710250854492,9.177709579467773,46.842342376708984,50.840789794921875,328.10113525390625,681.7406005859375,-0.15154144182997697,-1.611801790073514,0.2532203376504248,0.507170476409871,0.008357235378243951,0.23346636060159653,0.0,-0.25931501388549805,0.011470425649530127,0.6614786386489868,2,0.0,0.0,1.5,0.0,2.0,1.5,0.0,0.0,494.5,-96.20814502687426
57344,7168,57344,4669,2334,171.31259253608977,256,256,128,128,2.646067282301374,2.5374198695644736,-0.10011280225126029,-0.09505550311223487,-0.08666347584983214,0.19861131062498316,0.3317290781997144,82.40770496428013,87.23304757475853,0.99609375,1.0,7.666101455688477,6.991680145263672,53.84114074707031,50.994720458984375,498.25469970703125,564.5361938476562,-0.15808426213698112,-1.6046121921390295,0.25742835088045757,0.5059914154177564,0.008249949570719183,0.25668164156377316,0.0,-0.12912680208683014,0.01183673469387755,0.8729348182678223,8,0.0,0.0,1.75,0.0,2.75,1.25,0.0,0.0,330.25,-92.88070234150655
59392,7424,59392,4925,2462,171.67205412476116,256,256,128,128,2.830349801806733,2.634560226229951,-0.09043025654612258,-0.08778594928685379,-0.08128928201722374,0.19310148630756885,0.33030629268614575,84.98405982740223,82.14641544595361,0.99609375,1.0,8.379161834716797,10.002320289611816,44.003074645996094,50.67827224731445,349.53515625,427.7154235839844,-0.16490668093319982,-1.6076404973864555,0.2452734778951755,0.5032351637015824,0.008092941047825802,0.2740406454540789,0.0,-0.15978170931339264,0.012740617642985737,0.7805185914039612,7,0.0,0.0,2.2857142857142856,0.0,2.142857142857143,0.7142857142857143,0.0,0.0,309.85714285714283,-87.69784962106236
61440,7680,61440,5181,2590,172.31282687612568,256,256,128,128,2.869561697705649,2.701468128943816,-0.09371897675737273,-0.09629315161578234,-0.08749424496869551,0.20331481954781339,0.3414261115831323,81.41312447935343,86.96476945281029,1.0,1.0,9.417267799377441,6.99716329574585,47.47607421875,50.52887725830078,394.99908447265625,312.58453369140625,-0.15399354727196624,-1.5863572983071208,0.2428728207082859,0.5036549022979601,0.00809692875605024,0.29338564682984725,0.0,-0.17234672605991364,0.011228070175438596,0.7885014414787292,6,0.0,0.0,2.0,0.16666666666666666,2.0,0.8333333333333334,0.0,0.16666666666666666,392.8333333333333,-82.6903564787414
63488,7936,63488,5437,2718,172.23495767418288,256,256,128,128,2.5163644095882773,2.4590400198940188,-0.07382180865920418,-0.08187404724594671,-0.06875849370436526,0.20485798211302608,0.32480370660778135,76.03569785505533,83.4341397471726,1.0,1.0,8.779090881347656,8.712845802307129,42.04038619995117,51.09275436401367,427.9922790527344,407.3774108886719,-0.1564819808500033,-1.6141731748357415,0.22854931437136705,0.5029809937482729,0.0077693103831189166,0.2787752557778731,0.0,-0.09659644961357117,0.01172316384180791,0.6323663592338562,6,0.0,0.0,2.1666666666666665,0.0,2.3333333333333335,0.8333333333333334,0.0,0.0,301.8333333333333,-88.27306891597095
65536,8192,65536,5693,2846,172.38209936601086,256,256,128,128,2.6893635771702975,2.567621734109707,-0.06549417683822867,-0.06040385516007518,-0.05598060484544476,0.19507479589083232,0.3203731865505688,92.41172451525927,84.75174667686224,1.0,1.0,9.015602111816406,8.478531837463379,46.13667678833008,54.94208526611328,275.6494445800781,267.8397521972656,-0.17743006447562948,-1.6226020650938153,0.22807773033353002,0.5044939986047572,0.007733970389560927,0.3125345181906596,0.0,-0.3047717213630676,0.01124701251230142,0.6580907106399536,4,0.0,0.0,1.5,0.0,3.0,1.5,0.0,0.0,361.25,-95.64603959619853
67584,8448,67584,5949,2974,172.3857639279253,256,256,128,128,2.629641600418836,2.6058644216973335,-0.04932118515057482,-0.049044453128544774,-0.04508236850358571,0.18335486107389443,0.31336999585619196,79.32074285671115,82.16891847923398,1.0,1.0,6.608880519866943,6.888455390930176,54.3138427734375,53.87852478027344,244.56861877441406,248.787109375,-0.18416102112678345,-1.6365752341225743,0.22472577939358598,0.5034532495642512,0.007392553235077545,0.33273511147126555,0.0,-0.25253963470458984,0.011402027027027027,1.185585618019104,4,0.0,0.0,0.75,1.0,1.5,1.25,0.0,0.75,562.25,-62.28038366897454
69632,8704,69632,6205,3102,172.49330121084378,256,256,128,128,2.5503192321630195,2.6370282762218267,-0.03571405826755836,-0.04874771546064949,-0.030740047550807503,0.19981902607833035,0.3173116722027771,88.13818120211363,107.21380600333214,1.0,0.99609375,7.8260908126831055,7.8639326095581055,43.070526123046875,52.44294357299805,363.5169372558594,599.2130737304688,-0.1936694357837041,-1.6378196272999048,0.2217638049620997,0.5036427754863992,0.007020859370741501,0.3480985740898177,0.0,-0.2104327380657196,0.00988281801496541,1.0126781463623047,3,0.0,0.0,0.6666666666666666,0.0,2.3333333333333335,2.3333333333333335,0.0,0.0,473.3333333333333,-104.77813683341083
71680,8960,71680,6461,3230,172.69793009375323,256,256,128,128,2.7438631183467805,2.6105572474189103,-0.03300229173851221,-0.034116771013259495,-0.023775978286266763,0.21801213722210377,0.33028595108771697,99.03431613370776,93.13345146551728,1.0,1.0,7.9665117263793945,7.920020580291748,61.510284423828125,54.93085479736328,565.3416748046875,467.9662780761719,-0.17732530198009044,-1.639384345151484,0.22415515130866848,0.5035855901767375,0.007296836991201807,0.3435718659311533,0.0,-0.13051308691501617,0.010651896037494673,1.026732087135315,7,0.0,0.0,1.7142857142857142,0.42857142857142855,2.4285714285714284,0.8571428571428571,0.0,0.2857142857142857,439.7142857142857,-76.67287088991581
73728,9216,73728,6717,3358,172.7492489660816,256,256,128,128,2.546349965617992,2.3601944058318622,-0.018968445921657917,-0.022238922858150545,-0.01506960865435758,0.1956085188430734,0.3055519558256492,90.30594397708774,86.85175105929375,1.0,0.9921875,7.104326248168945,5.931677341461182,68.42550659179688,54.88225555419922,320.1947937011719,289.90869140625,-0.20491911443241406,-1.6432251669466496,0.21695203976754573,0.5007150509227017,0.007311841201699178,0.39090642519295216,0.0,-0.2961476743221283,0.009943977591036414,1.0409107208251953,2,0.0,0.0,1.0,0.0,2.0,2.0,0.0,0.0,454.0,-101.61104283273744
75776,9472,75776,6973,3486,172.89535032869819,256,256,128,128,2.8360118325799704,2.7355077383108437,-0.03156143929038535,-0.022935348409646394,-0.01463977048479137,0.20579164940863848,0.3380765648325905,95.35874027386308,95.41156578436494,0.99609375,0.99609375,9.440129280090332,8.306609153747559,51.37104034423828,53.545536041259766,400.429443359375,458.904541015625,-0.19107449899547646,-1.6300458796322346,0.22304200586568945,0.5020787687675644,0.007469791520279549,0.3495311077567749,0.0,-0.30486440658569336,0.010269576379974325,0.8478612899780273,5,0.0,0.0,0.6,0.6,2.2,1.8,0.0,0.6,537.8,-78.23491193130977
77824,9728,77824,7229,3614,173.1256719327436,256,256,128,128,2.6432191064814106,2.47969533567084,-0.019171044421455008,-0.011049379665649894,-0.008740569468713488,0.21320752619067207,0.3181574451737106,93.84549380838871,88.12462542578578,0.99609375,1.0,7.395585060119629,7.3171162605285645,53.25358581542969,51.00444793701172,373.1833801269531,267.7813415527344,-0.19982022064505145,-1.6445797830820084,0.21981884780937944,0.5035683970647454,0.008029819126138413,0.34331395861227065,0.0,-0.1935570389032364,0.011623080116230802,0.9838985800743103,3,0.0,0.0,1.3333333333333333,0.3333333333333333,2.3333333333333335,1.3333333333333333,0.0,0.3333333333333333,509.0,-82.63964114278679
79872,9984,79872,7485,3742,173.26063872810147,256,256,128,128,2.6410496884491295,2.5062586622079834,-0.011788125155817397,-0.011678926579406834,-0.003958619479007552,0.21434457262512296,0.31899760698433965,81.33443191275,86.29965765029192,1.0,1.0,8.270984649658203,7.683140277862549,53.80030059814453,51.852752685546875,290.1766662597656,350.1075744628906,-0.19981191553961253,-1.633846366778016,0.21959911926623,0.5017168483023641,0.008007055390663619,0.3911642567254603,0.0,-0.22873052954673767,0.011077971878994461,1.0853216648101807,8,0.0,0.0,1.25,0.125,2.0,1.625,0.0,0.125,443.25,-92.6175581694988
81920,10240,81920,7741,3870,173.47685064990955,256,256,128,128,2.598425827687606,2.582900107372552,-0.00392738564278261,-0.00816470669769842,0.0016155049448798309,0.21278608991997316,0.3165109361289069,87.67490493878722,96.82764761522412,0.99609375,1.0,10.83446979522705,10.179228782653809,55.9707145690918,51.48413848876953,325.95623779296875,364.75885009765625,-0.21028062147161108,-1.6251559387892485,0.22189574717913843,0.5017768578682484,0.007707961399699125,0.3774539469741285,0.0,-0.10453545302152634,0.010942760942760943,0.8045556545257568,2,0.0,0.0,2.0,0.0,2.0,1.0,0.0,0.0,262.5,-89.97149041345074
83968,10496,83968,7997,3998,173.88337715056457,256,256,128,128,2.5600805785506964,2.3958429095800966,-0.0021450934598874483,0.0039879602722976415,0.005041665819959462,0.20623820484615862,0.31177483551437035,80.4164604768157,81.22199775092304,0.99609375,0.9921875,8.096457481384277,7.756006717681885,57.4144172668457,51.239295959472656,228.93263244628906,262.3482360839844,-0.2138824559369823,-1.625442961230874,0.22244190556375715,0.5006799955982063,0.007802724013560894,0.38175080658402294,0.0,-0.2558332681655884,0.012825994014536126,1.0537327527999878,6,0.0,0.0,1.8333333333333333,0.0,2.3333333333333335,1.1666666666666667,0.0,0.0,417.8333333333333,-92.8133786243161
86016,10752,86016,8253,4126,174.04262149874293,256,256,128,128,2.706230129348114,2.720391271286644,-0.012620674727145342,-0.01863927256083997,-0.0036006341426713107,0.21292530486243777,0.3316159943351522,91.22028177045286,100.76961715519428,0.9921875,1.0,7.90306282043457,7.957308769226074,41.57004165649414,51.857261657714844,348.54119873046875,414.5452575683594,-0.20164888518775115,-1.6261119628325105,0.2228934000355835,0.5024406556861665,0.008023171588326286,0.3823318723589182,0.0,-0.15105171501636505,0.01113490364025696,0.7478960752487183,3,0.0,0.0,1.6666666666666667,0.3333333333333333,3.0,1.0,0.0,0.3333333333333333,541.0,-79.22641768387984
88064,11008,88064,8509,4254,174.3678779826366,256,256,128,128,2.613466294365935,2.491424268577248,0.014311607415265826,0.01209743435879318,0.017144371560107174,0.2030381479416974,0.31195459043374285,87.86983913555741,83.87758328020573,1.0,1.0,8.360454559326172,8.493447303771973,62.23095703125,51.32223129272461,324.5870666503906,260.6268310546875,-0.2252409568754956,-1.626168285496533,0.22130885344012852,0.5024805854821106,0.00810871143354242,0.42048718442674726,0.0,-0.2021370232105255,0.01078050884001725,1.1425845623016357,7,0.0,0.0,2.2857142857142856,0.14285714285714285,2.4285714285714284,0.5714285714285714,0.0,0.14285714285714285,448.85714285714283,-81.55722282949657
90112,11264,90112,8765,4382,174.39571505603521,256,256,128,128,2.6117923773708753,2.498412290820852,0.0162327961088522,0.010028638900163145,0.020529029969338808,0.2058203158667311,0.31956661050207913,85.80231166817248,89.84374395757914,0.99609375,0.99609375,5.962504863739014,5.9764299392700195,52.39419174194336,51.20477294921875,292.17938232421875,305.4670104980469,-0.2246662952529732,-1.6132064927369356,0.2225796792904143,0.5004456041231247,0.007730122310243808,0.4351889721583575,0.0,-0.37027207016944885,0.011352348517099474,1.1312744617462158,2,0.0,0.0,1.5,0.0,2.0,1.5,0.0,0.0,422.0,-96.03197913373879
92160,11520,92160,9021,4510,174.49521889909684,256,256,128,128,2.6494867464061826,2.573688878386747,0.02858806925587487,0.028805776116769266,0.03159154133231823,0.21699563722359017,0.3188923015841283,86.79559973999858,87.23893128335476,1.0,0.99609375,7.344181060791016,7.418849468231201,44.50139236450195,51.26615524291992,274.3558654785156,283.7764587402344,-0.24193895648932084,-1.620353439822793,0.22374016035148692,0.5018353818063034,0.007770993419718348,0.4236967044416815,0.0,-0.3063236176967621,0.011139311900733221,1.182624340057373,7,0.0,0.0,1.7142857142857142,0.0,2.4285714285714284,1.2857142857142858,0.0,0.0,486.2857142857143,-93.87384259206088
94208,11776,94208,9277,4638,174.42230855664204,256,256,128,128,2.6098996137734503,2.512517035473138,0.03388755662172116,0.03251403324259172,0.03740051124134425,0.20671782921999693,0.3128709699958563,86.38792198896408,84.49661486595869,1.0,1.0,7.499319553375244,7.509711265563965,43.99456024169922,52.82608413696289,495.9642028808594,326.0815124511719,-0.25141713087214157,-1.6113150333985686,0.22748044723096852,0.5010511905871454,0.007809693129787386,0.4013947705971077,0.0,-0.2565971910953522,0.011012282930961457,0.9154947400093079,2,0.0,0.0,1.5,0.0,3.0,1.5,0.0,0.0,470.5,-96.25129660739276
96256,12032,96256,9533,4766,174.4568465495152,256,256,128,128,2.5896903453976847,2.552331420360133,0.04766530375988509,0.046481916251650546,0.053431858365229346,0.21984331193380058,0.33317453146446496,82.3441390991211,91.00782072544098,1.0,1.0,8.311893463134766,8.206300735473633,61.245697021484375,56.68380355834961,267.2403259277344,556.2423095703125,-0.2540210406968981,-1.6170027516782284,0.22575497349994122,0.5023060984581326,0.00840382921165011,0.4140571902971715,0.0,-0.20210324227809906,0.011984392419175028,1.0825765132904053,5,0.0,0.0,1.6,0.0,2.2,1.4,0.0,0.0,427.2,-94.72154998557525
98304,12288,98304,9789,4894,174.6088129467859,256,256,128,128,2.6426473078900017,2.634548756235745,0.04257289188853974,0.04758585408149685,0.051534098529714356,0.22453879372915253,0.3290487634949386,80.7787853255868,87.48580261692405,0.99609375,1.0,7.878254413604736,7.415344715118408,43.320560455322266,54.398868560791016,318.7115173339844,305.2851867675781,-0.24707543465774506,-1.6086592841893435,0.2271730066594933,0.5022116751302793,0.00818153255159205,0.4601238281466067,0.0,-0.2693677842617035,0.012082444918265814,1.0994881391525269,4,0.0,0.0,2.25,0.25,2.0,0.5,0.0,0.25,538.25,-77.07698076804172
100352,12544,100352,10045,5022,155.39735726594915,256,256,128,128,2.5301223167334683,2.3997952637728304,0.06480546359080108,0.061494715718254156,0.06887645953486299,0.2059710038593039,0.3139091497287154,81.62472405284643,81.2303542420268,1.0,0.99609375,7.09501838684082,6.750781536102295,49.663658142089844,54.68024444580078,373.2490539550781,325.50054931640625,-0.2804959192289971,-1.6065574465319514,0.23009334586787838,0.5027852245275822,0.008273071550581346,0.3959765014005825,0.0,-0.3447858691215515,0.011619767604647908,0.9774676561355591,3,0.0,0.0,2.3333333333333335,0.0,2.0,0.6666666666666666,0.0,0.0,470.6666666666667,-87.27531721075381
102400,12800,102400,10301,5150,155.7987561334088,256,256,128,128,2.661631714378018,2.574770840234123,0.06242258476140705,0.06762380299153392,0.07460133409665559,0.22174574551172554,0.33273273066151887,92.72687141597271,88.326440628618,1.0,1.0,6.730157852172852,6.427210807800293,44.33213806152344,56.392860412597656,332.69403076171875,340.70941162109375,-0.27816559608618263,-1.6011404693126678,0.23232312661564242,0.5022717591119876,0.008482723680271516,0.4144704861100763,0.0,-0.26682281494140625,0.01183773639382128,1.3905218839645386,5,0.0,0.0,1.0,0.2,1.8,1.8,0.0,0.2,531.2,-92.17320494627856
104448,13056,104448,10557,5278,156.2199398377527,256,256,128,128,2.316689789411612,2.2708858968690038,0.08634990611938065,0.08865020075739949,0.09516112344067551,0.2392194380518049,0.31744543177774176,74.98404005542397,80.40125845000148,1.0,0.99609375,8.241832733154297,8.032211303710938,48.09389114379883,61.844791412353516,321.2228088378906,355.0552673339844,-0.2830374019977171,-1.6057352619245648,0.23617848341983158,0.5038245423640554,0.008440492946469693,0.4299157572677359,0.0,-0.3478754758834839,0.010779784404311914,1.0878596305847168,6,0.0,0.0,2.3333333333333335,0.16666666666666666,2.6666666666666665,0.5,0.0,0.16666666666666666,447.6666666666667,-79.77717957013738
106496,13312,106496,10813,5406,156.67846683418966,256,256,128,128,2.7287035695044324,2.6449373117648065,0.07959860161122378,0.0725075724440103,0.08863380975253676,0.22079211514210328,0.3321485359920189,85.95334540680051,84.3134710714221,1.0,1.0,7.801637649536133,7.71627140045166,48.64421081542969,61.451480865478516,299.34454345703125,339.46868896484375,-0.2839786767435726,-1.5999672235921025,0.23421868205294158,0.5025128307011412,0.008254875030446088,0.43772986554540694,0.0,-0.2885866165161133,0.011335916200315684,0.9457981586456299,3,0.0,0.0,2.3333333333333335,0.0,2.3333333333333335,0.6666666666666666,0.0,0.0,327.3333333333333,-86.84133625082661
108544,13568,108544,11069,5534,157.14467658780544,256,256,128,128,2.6855024974793196,2.64076534321066,0.06604396769887444,0.06917792483926632,0.069817091279333,0.21908192813862115,0.3240018222713843,75.75474365800619,80.14418452233076,1.0,1.0,8.963497161865234,9.801955223083496,43.151458740234375,54.959190368652344,239.76805114746094,219.64891052246094,-0.27842882424010895,-1.5886956881731749,0.2397450612404286,0.50354269620062,0.008525980967281117,0.4929080898873508,0.0,-0.3037763237953186,0.012853470437017995,1.3406808376312256,6,0.0,0.0,1.1666666666666667,0.0,2.0,1.8333333333333333,0.0,0.0,420.0,-99.23031316805584
110592,13824,110592,11325,5662,157.75252592019052,256,256,128,128,2.6887199381599203,2.5940566203789786,0.07705340481402345,0.08101890024045133,0.0842671618033819,0.22489219228737056,0.33096080768154934,80.42178459465504,83.19858516007662,0.99609375,1.0,8.35854721069336,7.488071918487549,53.88851547241211,53.09189224243164,238.80686950683594,286.1911926269531,-0.28604372270638123,-1.5966376895084977,0.23604262743531695,0.5047987353746686,0.00903769166746721,0.4683479677187279,0.0,-0.1827198565006256,0.012776831345826235,1.0283976793289185,5,0.0,0.0,1.0,0.2,1.8,1.8,0.0,0.2,463.8,-91.89324022487344
112640,14080,112640,11581,5790,158.02926507191975,256,256,128,128,2.731643336475827,2.678274024394341,0.07488381261396171,0.08308368011785205,0.08382020672843282,0.2346560281002894,0.33742767811054364,79.37443046271801,82.00242659822106,1.0,1.0,12.029682159423828,8.96232795715332,41.802635192871094,51.91267776489258,264.055419921875,331.3183288574219,-0.2720483538728331,-1.5778917223215103,0.24027636474082287,0.5056169655735206,0.009010996033735268,0.48056002962403,0.0,-0.26414647698402405,0.013494114269308067,1.0939979553222656,4,0.0,0.0,1.5,0.25,2.0,1.25,0.0,0.25,483.5,-84.74672891181422
114688,14336,114688,11837,5918,158.27555393844486,256,256,128,128,2.6281710529583506,2.588375809136778,0.08390297618780096,0.07990184504095055,0.08654611519835953,0.22131242824252695,0.32915446313563734,84.12667916342616,86.50954856723547,0.99609375,1.0,7.826219081878662,7.716815948486328,46.08867263793945,54.884765625,332.1270446777344,265.5205993652344,-0.2810538765625097,-1.5488632870838046,0.24744953130945418,0.5055803914639674,0.009132152200465423,0.49780910124536604,0.0,-0.3823917508125305,0.013057827521882623,1.3566099405288696,4,0.0,0.0,2.5,0.0,3.0,0.5,0.0,0.0,496.5,-86.052513109845
116736,14592,116736,12093,6046,158.64139502645793,256,256,128,128,2.584216795832617,2.5752558990498073,0.0898958257864706,0.09271629554324079,0.09576039643388867,0.2283918967586942,0.3307266471674666,84.43469355814159,88.19504071772099,0.99609375,1.0,7.805124759674072,7.748356819152832,50.13542938232422,81.31747436523438,311.7297058105469,309.8725891113281,-0.286993108992192,-1.5449773836880922,0.24827226444785686,0.5055332358794417,0.009324982237999288,0.5062415194697678,0.0,-0.28751954436302185,0.013231981981981982,1.0333693027496338,4,0.0,0.0,1.75,0.25,2.0,1.0,0.0,0.25,513.0,-81.80252945323355
118784,14848,118784,12349,6174,159.00956493969463,256,256,128,128,2.7824505834141746,2.842891609063372,0.07734961438507071,0.07690287391079664,0.08290019209005095,0.22809056646656245,0.3365400836337358,93.33276507258415,97.67187409847975,1.0,1.0,8.654854774475098,7.593324661254883,47.63128662109375,87.50140380859375,275.46502685546875,378.9331359863281,-0.2922111413499806,-1.5364945195615292,0.249939803471644,0.5072531380216753,0.009314021299539467,0.49111188284587115,0.0,-0.19624678790569305,0.013385146804835924,1.5721484422683716,6,0.0,0.0,2.1666666666666665,0.3333333333333333,2.3333333333333335,0.5,0.0,0.16666666666666666,459.6666666666667,-75.81071837592587
120832,15104,120832,12605,6302,159.3398266194862,256,256,128,128,2.5955544164171442,2.521474579931237,0.10972499536887881,0.11044425942770886,0.11444132191627432,0.2297303403611295,0.33013812731951475,89.69940277934074,86.9786169603467,1.0,1.0,7.599587917327881,6.815157890319824,41.581817626953125,79.58473205566406,292.1549072265625,249.05821228027344,-0.30934853448707145,-1.526856386102736,0.25325018920712505,0.5097953254507309,0.009861882265914286,0.476975406287238,0.0,-0.45613688230514526,0.012476960158797675,1.1224277019500732,1,0.0,0.0,2.0,0.0,1.0,1.0,0.0,0.0,421.0,-90.14267262921203
122880,15360,122880,12861,6430,159.62505180257023,256,256,128,128,2.508690375369042,2.3992674091132358,0.12601244988354665,0.13074097608557622,0.13580187542947897,0.23584110499359667,0.33074626501183957,88.40419863536954,75.18219958990812,1.0,1.0,8.06218147277832,7.55682897567749,43.463966369628906,79.36326599121094,385.7065734863281,219.82028198242188,-0.32330513789202087,-1.5249428264796734,0.25406439312968576,0.510015996518948,0.009998359743560751,0.5103532953653485,0.0,-0.3925251364707947,0.014985994397759104,1.1434136629104614,5,0.0,0.0,1.0,1.6,2.4,0.4,0.0,0.8,581.0,-36.627693326116784
124928,15616,124928,13117,6558,159.95198367518788,256,256,128,128,2.4090416961116716,2.3788026676047593,0.13883083960672593,0.14265978878984242,0.14441321341382718,0.2359976313309744,0.32728493760805577,92.68594688177109,84.4951740205288,1.0,1.0,8.39087200164795,8.609533309936523,41.407752990722656,83.18717956542969,454.31866455078125,283.36553955078125,-0.3451966711290879,-1.5436080945655704,0.25081142198600076,0.5100482889661946,0.009758115618265544,0.5212537292391062,0.0,-0.28318464756011963,0.012987012987012988,1.0942567586898804,3,0.0,0.0,0.0,1.0,1.6666666666666667,2.0,0.0,0.6666666666666666,550.3333333333334,-70.85337604825811
126976,15872,126976,13373,6686,160.22047777606448,256,256,128,128,2.5373113967943937,2.5476372465491295,0.14034140095600378,0.1345881744905455,0.13954670268594782,0.23637290694750845,0.3304207905312069,85.35289904847741,87.95788768678904,0.99609375,1.0,8.138751983642578,9.756461143493652,56.67919158935547,78.23768615722656,240.56063842773438,320.416748046875,-0.3375588927883655,-1.5503445016220212,0.2502664802885773,0.5091110842076837,0.009545549297343815,0.5675230205524713,0.0,-0.23619681596755981,0.012422360248447204,1.2681026458740234,5,0.0,0.0,1.2,0.4,1.4,1.2,0.2,0.2,489.0,-78.87366934564416
129024,16128,129024,13629,6814,160.45801867667308,256,256,128,128,2.623273466946557,2.5736971891019493,0.13781742245328132,0.14633939132090745,0.1524375964831961,0.25018527428619564,0.3439914698828943,94.82122772559524,88.02599847316742,1.0,1.0,7.9408416748046875,7.952710151672363,41.23014831542969,72.81956481933594,327.08544921875,329.98284912109375,-0.33477360964752734,-1.5334289316087961,0.2534176594565841,0.5100299268019851,0.00961154596950249,0.5289533886825666,0.0,-0.41625624895095825,0.01278877887788779,1.007108211517334,4,0.0,0.0,0.25,1.0,1.25,1.0,0.75,0.25,356.0,-65.27454162499089
131072,16384,131072,13885,6942,160.71356148881915,256,256,128,128,2.416384052601643,2.4510505956131965,0.1714948991439087,0.17001420731776307,0.16716030612178656,0.23948217910947278,0.3212750251404941,88.13127525150776,95.2823090068996,1.0,1.0,8.026795387268066,7.553155422210693,41.10452651977539,73.38064575195312,312.5630798339844,417.3035583496094,-0.36446394272206817,-1.5441104797646403,0.25610904621454994,0.5127326300769678,0.0102712372716383,0.5592683390714228,0.0,-0.2261567860841751,0.013906271728549576,1.4659836292266846,5,0.0,0.0,1.4,1.4,2.4,0.0,0.2,0.6,468.0,-40.229302413505955
133120,16640,133120,14141,7070,160.94026480059713,256,256,128,128,2.393273084424436,2.3893707760144025,0.16528100825749448,0.17003054512679228,0.17324200180064508,0.23785813827998936,0.3249645020114258,83.33565379306674,83.17387643456459,1.0,1.0,6.982350826263428,6.913135051727295,45.24476623535156,76.25923156738281,269.5736999511719,271.04730224609375,-0.36683770280797035,-1.5484422370791435,0.24639276078176778,0.5099872209116735,0.009687450725904847,0.5604436154244468,0.0,-0.11447760462760925,0.01488095238095238,1.3626883029937744,5,0.0,0.0,1.0,0.6,2.6,1.0,0.4,0.4,469.4,-74.66196056160189
135168,16896,135168,14397,7198,161.26873419755873,256,256,128,128,2.5138944865902886,2.4718493398977444,0.16871570965008686,0.1700763502276459,0.17680822462898504,0.2327196000260301,0.3306244096602313,86.33494197949767,84.81591871380806,0.99609375,1.0,5.9544830322265625,6.196056365966797,48.72734832763672,74.63693237304688,289.1487121582031,367.7244567871094,-0.36214407155057415,-1.5430816262960434,0.25172485861523836,0.5075606653386426,0.00936773636899842,0.569603136042133,0.0,-0.417618989944458,0.012594458438287154,1.2004616260528564,3,0.0,0.0,1.3333333333333333,0.6666666666666666,2.0,1.0,0.0,0.3333333333333333,439.6666666666667,-65.57110033878416
137216,17152,137216,14653,7326,161.46019150114947,256,256,128,128,2.2428122089477256,2.268289498402737,0.1848565606203465,0.1789819045020522,0.19382843371477065,0.2338573487359099,0.32863850396825,80.79752105847001,87.17774603515863,1.0,1.0,7.6429033279418945,7.569406509399414,37.72056198120117,71.50875854492188,473.79205322265625,322.7215576171875,-0.3767472605686635,-1.5517996586859226,0.24395367234063597,0.507822948020324,0.009482690582255923,0.5566341229714453,0.0,-0.43435904383659363,0.012793476732742864,1.6150554418563843,5,0.0,0.0,1.0,0.6,2.2,1.0,0.4,0.4,564.6,-74.47442901429967
139264,17408,139264,14909,7454,161.67157690227754,256,256,128,128,2.341528612188995,2.3341996721574105,0.1975386591930146,0.1987004321913446,0.2000168688427948,0.23683089099358767,0.3230858155875467,81.60713192261755,79.91162970103323,0.99609375,0.99609375,7.577149391174316,7.611877918243408,41.41993713378906,74.72456359863281,327.27044677734375,245.961669921875,-0.38835396617650986,-1.5510161509737372,0.24074374755380096,0.5044981117007522,0.008829549401541023,0.6205827025696635,0.0,-0.38094156980514526,0.011561498815991085,1.4730424880981445,5,0.0,0.0,1.6,0.6,3.0,0.8,0.0,0.4,474.6,-70.68681980434413
141312,17664,141312,15165,7582,161.9236098081527,256,256,128,128,2.3401082662167028,2.339021022664383,0.20312482342895066,0.20490141025584307,0.21229299353854003,0.2263773352606222,0.32310435496037826,75.765046749264,77.16594629362226,1.0,1.0,6.915735721588135,6.866371154785156,40.35799789428711,71.06442260742188,256.7508850097656,295.56817626953125,-0.4013069023785647,-1.5485631292685866,0.23961155021865094,0.5041565980295849,0.009003909590404915,0.5858557278988883,0.0,-0.2870951294898987,0.012319753604927902,1.487553596496582,4,0.0,0.0,1.25,0.5,2.25,1.0,0.25,0.5,498.5,-74.12816402000954
143360,17920,143360,15421,7710,162.0259144177537,256,256,128,128,2.3135987762361765,2.2646929080365226,0.21716894468045211,0.21512271139363293,0.2203869606510125,0.22055615088902414,0.31704495911253616,79.65269948542118,78.0512498319149,1.0,1.0,5.636424541473389,5.780457973480225,47.9720344543457,67.51487731933594,301.7660827636719,226.1732940673828,-0.41655623086262494,-1.5676885908469558,0.23647667885175333,0.5018334197995445,0.008386814625603398,0.5506432135589421,0.0,-0.4717613756656647,0.01279887482419128,1.3450207710266113,5,0.0,0.0,1.8,0.4,2.2,0.8,0.0,0.2,479.6,-77.50200235891971
145408,18176,145408,15677,7838,162.1289863417412,256,256,128,128,2.174506247858517,2.1411709337262437,0.2328521870840632,0.2388726208391745,0.24326637570652565,0.2393314333166927,0.3192282095551491,83.78291681408882,76.66391801834106,1.0,0.99609375,6.839487075805664,6.17240047454834,43.897796630859375,77.23963928222656,330.0870056152344,227.2945556640625,-0.43138494074810296,-1.571030342951417,0.23380306476761945,0.5040713743876097,0.008970343060685637,0.5798075565835461,0.0,-0.38119661808013916,0.012031139419674451,1.377526044845581,2,0.0,0.0,3.0,0.0,3.0,0.0,0.0,0.0,240.0,-79.96202761284803
147456,18432,147456,15933,7966,162.2750741932066,256,256,128,128,2.2007032494293526,2.2466345333959907,0.2421428672946604,0.2410290588368298,0.2468817674644015,0.2435991240781732,0.3215537913492881,70.19219886511564,77.1855784021318,1.0,1.0,6.4427032470703125,6.571254730224609,47.71199417114258,73.42367553710938,251.70840454101562,322.7105712890625,-0.4346329481340945,-1.5717927943915129,0.23207860632273256,0.5027983264656778,0.008524500534136168,0.6080663618631661,0.0,-0.42004474997520447,0.01288981288981289,1.6979981660842896,6,0.0,0.0,1.6666666666666667,0.6666666666666666,2.5,0.5,0.16666666666666666,0.5,533.5,-65.72889135403027
149504,18688,149504,16189,8094,162.57208628773327,256,256,128,128,2.152808873448521,2.175978152314201,0.25626428814143765,0.2553592998046952,0.26263657310119015,0.2375365662155673,0.3186607384704985,79.97200686484575,79.01721981912851,1.0,1.0,7.763704299926758,8.534502029418945,51.864845275878906,70.828125,247.93263244628906,228.8560028076172,-0.45108801493188366,-1.5587692633271217,0.23289065865938013,0.5012674785314273,0.0083231766278824,0.5960448288824409,0.0,-0.6628135442733765,0.011231281198003328,1.3133718967437744,1,0.0,0.0,0.0,1.0,1.0,2.0,0.0,1.0,600.0,-66.8577383744414
151552,18944,151552,16445,8222,162.78418555716462,256,256,128,128,2.126368251047097,2.142829939373769,0.26831221730935795,0.26821574092991796,0.2746367502904832,0.24309590586926788,0.32856282708235085,73.67719665914774,77.00606666877866,1.0,1.0,6.473273754119873,6.179586887359619,43.16176223754883,52.13669967651367,286.3701171875,281.7455749511719,-0.44684608335956,-1.5563310729339719,0.23679176462370385,0.5040804911855236,0.008730728685890627,0.5957478990312666,0.0,-0.5414873361587524,0.011840089148906533,1.9263750314712524,7,0.0,0.0,0.8571428571428571,0.5714285714285714,1.8571428571428572,1.5714285714285714,0.0,0.2857142857142857,510.7142857142857,-81.19851646930017
153600,19200,153600,16701,8350,162.89261126527524,256,256,128,128,2.041865876119118,2.0474769023712724,0.2809808599376993,0.2755495309088474,0.28434596541774226,0.22887895838357508,0.3163460828945972,72.08855178579688,73.45121417567134,1.0,1.0,5.695555686950684,5.459252834320068,44.265682220458984,52.456260681152344,277.97393798828125,233.1081085205078,-0.4833225056063384,-1.5760562345385551,0.23195346016173984,0.5035381604410726,0.008632309943667467,0.5232638237066567,0.0,-0.4496747851371765,0.011316010058675607,1.193376064300537,3,0.0,0.0,2.3333333333333335,0.0,2.6666666666666665,0.3333333333333333,0.3333333333333333,0.0,417.3333333333333,-85.45106788495225
155648,19456,155648,16957,8478,162.99811225666642,256,256,128,128,2.3093426970299333,2.2968499946873635,0.2691752192367858,0.2663854200618516,0.27755832290131366,0.24976335291285068,0.33191857510246336,84.17294869944453,81.23677999153733,1.0,1.0,6.467762470245361,6.265529632568359,37.744850158691406,66.81605529785156,271.0931091308594,295.3695983886719,-0.4634584377054125,-1.5586524149402976,0.23386053674176466,0.5048092580486072,0.008964607813878221,0.5692408882314339,0.0,-0.301129549741745,0.01321767864518794,1.418789267539978,5,0.0,0.0,1.0,1.2,3.0,0.8,0.0,0.4,539.0,-59.00286625989405
157696,19712,157696,17213,8606,163.1718979818457,256,256,128,128,2.207732812210452,2.273139357508626,0.27892560556620083,0.2795602329230178,0.28634606418199837,0.2549170561833307,0.33729315974051133,74.43888735026121,82.2781922724098,0.99609375,0.99609375,5.5967607498168945,6.004895210266113,40.366905212402344,64.77851867675781,219.67837524414062,270.8731994628906,-0.4591898644575849,-1.5760097270831466,0.2256491436034418,0.5033260938462609,0.008825349801097171,0.5925973629346117,0.0,-0.5094745755195618,0.012223595659936822,1.7865557670593262,3,0.0,0.0,2.3333333333333335,0.0,3.0,0.6666666666666666,0.0,0.0,456.0,-87.2255391059419
159744,19968,159744,17469,8734,163.3576020190817,256,256,128,128,2.252573405741714,2.2888942529680207,0.2845948939466325,0.2793500207008037,0.29184550706122536,0.24569973349571228,0.3312421076116152,79.67511622980237,82.51666218787432,1.0,1.0,10.47609806060791,10.828306198120117,48.94017028808594,53.007545471191406,253.95274353027344,292.6441650390625,-0.457618220418226,-1.5751197021454573,0.22127935148698463,0.5014185516008828,0.008568110578637397,0.6611885998863727,0.0,-0.45911258459091187,0.01128543903110377,1.7238034009933472,7,0.0,0.0,1.4285714285714286,0.14285714285714285,2.4285714285714284,1.1428571428571428,0.2857142857142857,0.14285714285714285,495.7142857142857,-89.15102020384354
161792,20224,161792,17725,8862,163.58546377786215,256,256,128,128,2.1380051700980403,2.139131083502434,0.29419261999282753,0.2898057748921019,0.29169765575534257,0.24780881236074492,0.3187468027463183,74.56458339095116,83.6932232119143,1.0,1.0,6.278420925140381,6.4925150871276855,44.02423095703125,74.52937316894531,225.9729461669922,294.7825927734375,-0.4732352562714368,-1.5772895347326994,0.22107905270217204,0.5021194372255339,0.008869341185146047,0.6230186242610216,0.0,-0.5088508129119873,0.012371134020618556,1.4035414457321167,3,0.0,0.0,2.0,0.0,1.6666666666666667,1.0,0.0,0.0,330.6666666666667,-90.14233847151627
163840,20480,163840,17981,8990,163.8144259801643,256,256,128,128,2.15659556677565,2.227355627459474,0.2907354360431782,0.29075490482409805,0.29314589698333293,0.23455356212798506,0.32524024444865063,70.45179503038526,80.70126999169588,1.0,1.0,6.151772499084473,6.657956123352051,44.345008850097656,65.08008575439453,220.36264038085938,190.75579833984375,-0.4869827817892656,-1.589708666317165,0.2190015610494374,0.5017306558049403,0.008859962106053705,0.5662651327438653,0.0,-0.6127426028251648,0.011875172604252969,1.4512358903884888,3,0.0,0.0,1.6666666666666667,1.0,3.0,0.3333333333333333,0.0,0.3333333333333333,529.3333333333334,-58.49770720071683
165888,20736,165888,18237,9118,163.9963858889434,256,256,128,128,2.258124769665301,2.2885668252129108,0.30179582673008554,0.30677365713017934,0.3110916323494166,0.2391795385046862,0.32980232511181384,73.20961103960872,77.58403510600328,1.0,1.0,6.495429515838623,6.597982883453369,48.12114715576172,70.47917175292969,215.6481170654297,365.951416015625,-0.4949883851222694,-1.5997031480073929,0.21539097255316472,0.500369410811034,0.008478771764219972,0.5613249682355672,0.0,-0.6298279166221619,0.012723713646532438,1.3078409433364868,5,0.0,0.0,1.0,0.2,1.4,1.8,0.0,0.2,554.8,-92.81913881481414
167936,20992,167936,18493,9246,164.13040094221856,256,256,128,128,2.1234575896523893,2.085343651822768,0.3225699767790502,0.3295459598357411,0.32843700943408294,0.25176463060779497,0.32561757881194353,72.74095303937793,71.20889488235116,0.99609375,1.0,7.352539539337158,7.586654186248779,40.953311920166016,65.02898406982422,240.89492797851562,227.90281677246094,-0.5054201113962336,-1.5863273395225406,0.21756141834370565,0.5012349937750983,0.00872841032583982,0.6376353022642434,0.0,-0.3006802201271057,0.012594113620807666,1.7732164859771729,4,0.0,0.0,1.25,1.0,2.5,0.75,0.0,0.75,549.25,-57.17367604100764
169984,21248,169984,18749,9374,163.08343515921442,256,256,128,128,2.167332596029155,2.14294523128774,0.3217645935492328,0.32819735591510835,0.3319918291272188,0.24759541428647935,0.3246775485458784,76.07941263914108,72.12117232754827,1.0,1.0,6.4980597496032715,5.740994453430176,43.15191650390625,67.81916809082031,267.9978332519531,259.0711669921875,-0.5071140348445624,-1.6053127963095903,0.21848152268718055,0.5024259280537918,0.009095225727251723,0.6073108231648803,0.0,-0.3407101333141327,0.012381345439537762,1.3629028797149658,3,0.0,0.0,0.6666666666666666,1.0,3.0,1.3333333333333333,0.0,0.3333333333333333,465.3333333333333,-68.75463942066806
172032,21504,172032,19005,9502,161.90128757884605,256,256,128,128,2.1265889666974545,2.189338074706029,0.33963513369235443,0.3493241674495948,0.3428208286932204,0.26114260155009106,0.3270161715336144,71.65209527686238,79.05839190632105,0.99609375,1.0,7.029508590698242,7.09011173248291,44.19161605834961,63.05860900878906,332.52203369140625,254.1535186767578,-0.5216583301080391,-1.6038708901032805,0.2179907764512469,0.5012253481269728,0.009160337953708622,0.5601887027733028,0.0,-0.4814682900905609,0.012913296438200652,2.402176856994629,3,0.0,0.0,1.3333333333333333,0.0,1.6666666666666667,1.6666666666666667,0.0,0.0,549.6666666666666,-98.04759855388572
174080,21760,174080,19261,9630,160.93517125831698,256,256,128,128,1.9759879784542136,2.0774229003000073,0.34888186565490287,0.34082821386968476,0.3519357659097295,0.24903356423601508,0.3178528394200839,67.03591526299715,81.23718921840191,1.0,1.0,6.727626323699951,6.054002285003662,45.759307861328125,64.71525573730469,216.7071533203125,256.7093505859375,-0.5220132654067129,-1.6035776091739535,0.21359514061925258,0.5004407940052789,0.009214760290002134,0.5878358379704878,0.0,-0.517020046710968,0.011948908117016894,1.552942156791687,6,0.0,0.0,1.3333333333333333,0.8333333333333334,2.0,0.8333333333333334,0.0,0.5,544.8333333333334,-65.25897980442399
176128,22016,176128,19517,9758,160.28138680359683,256,256,128,128,2.18211487471126,2.162317289621569,0.3530304430278193,0.36324310745294497,0.3632503189437557,0.25969541480299085,0.33974540274357423,74.0882610604167,75.10219730809331,0.99609375,1.0,8.319326400756836,8.638529777526855,42.27903366088867,62.592262268066406,293.7801513671875,283.7826843261719,-0.5255459465552121,-1.6029472844675183,0.2133763417421415,0.49850762428376155,0.008925303662274604,0.5832894085906446,0.0,-0.546747624874115,0.013047658288696608,1.1692603826522827,2,0.0,0.0,1.5,1.0,2.0,0.5,0.0,0.5,568.5,-58.15042137594173
178176,22272,178176,19773,9886,159.21834190100648,256,256,128,128,2.2541930535808206,2.249862609896809,0.3587941199548368,0.35780238935331,0.3613101174705662,0.24898858205415308,0.33577150700148195,74.23859284073114,75.54991091415286,1.0,1.0,8.088973999023438,8.976644515991211,40.07471466064453,63.01150131225586,255.5597381591797,256.33892822265625,-0.5364611082477495,-1.586719418875873,0.21908941202625207,0.4991847094744019,0.008883899863822216,0.5926627428270876,0.0,-0.511374831199646,0.011779041429731926,1.3687858581542969,7,0.0,0.0,1.4285714285714286,0.2857142857142857,2.4285714285714284,1.2857142857142858,0.0,0.2857142857142857,486.14285714285717,-83.46951015385301
180224,22528,180224,20029,10014,158.12349308627168,256,256,128,128,1.9731029914692044,2.0183993778191507,0.3805857617262518,0.3802957615116611,0.38723827950889245,0.2541760441381484,0.33101434184936807,65.43010856956244,72.51275084167719,1.0,0.99609375,6.614146709442139,6.943619251251221,42.66200637817383,62.865234375,258.7733154296875,368.7682800292969,-0.5436101403320208,-1.5935506094247103,0.21869974464655453,0.49797603166749443,0.008535177584921363,0.6209613354876637,0.0,-0.48463261127471924,0.010996563573883162,1.1735804080963135,3,0.0,0.0,2.0,0.0,3.0,1.0,0.0,0.0,345.0,-90.36563610501071
182272,22784,182272,20285,10142,157.4743635076789,256,256,128,128,2.0311316228471696,2.091119613032788,0.37750981808130746,0.37486412534781266,0.3798148101413972,0.24373531894525513,0.3210663743666373,68.49191809818149,70.8981297686696,1.0,1.0,6.7831315994262695,6.266683578491211,45.6942024230957,62.61272048950195,184.30772399902344,251.20108032226562,-0.5459648880641907,-1.5918444348499179,0.2157583839502523,0.49751390095708303,0.008322549586578248,0.6392285749316216,0.0,-0.5461068153381348,0.010823400465817236,1.3871209621429443,5,0.0,0.0,2.0,0.2,2.4,0.8,0.0,0.2,518.2,-82.19833716814941
184320,23040,184320,20541,10270,156.6256547045964,256,256,128,128,2.1877910669427365,2.2372485341038555,0.37109200230406714,0.37176930215741777,0.38102920379606076,0.24947128939675167,0.3378015136695467,76.20743387565017,80.6246957629919,0.99609375,0.99609375,6.140660762786865,6.257750511169434,45.43389892578125,64.80973815917969,335.0137634277344,318.42822265625,-0.5405092709697783,-1.5908033978193998,0.210523921036675,0.4950444850927956,0.008420402966937975,0.6541815153323114,0.0,-0.43957921862602234,0.011705685618729096,1.4664783477783203,3,0.0,0.0,0.3333333333333333,0.3333333333333333,1.6666666666666667,2.3333333333333335,0.0,0.3333333333333333,552.3333333333334,-92.80196339998535
186368,23296,186368,20797,10398,155.58524197552225,256,256,128,128,2.282457680790685,2.295597044576425,0.36991743269754807,0.36900818985304795,0.37655452876060735,0.26886304072104394,0.35018915130058303,75.70241913571954,83.11370642110705,1.0,0.99609375,6.336294174194336,7.15467643737793,41.064361572265625,62.53606033325195,325.0306701660156,399.78997802734375,-0.5376847942825407,-1.5817582216113806,0.2115723195399855,0.4941725206754708,0.008797922691256788,0.609609383624047,0.0,-0.5675357580184937,0.011679032701291564,1.3456870317459106,4,0.0,0.0,0.25,0.5,2.0,2.25,0.0,0.25,489.5,-89.24161769923649
188416,23552,188416,21053,10526,154.96395575382851,256,256,128,128,2.2078451743000187,2.234863505233079,0.36679904445009015,0.37156301637332945,0.38226248952560127,0.25016350991791114,0.34147552034119144,83.90741699188948,74.8823358155787,1.0,1.0,6.718543529510498,6.927694797515869,48.85886001586914,59.724735260009766,319.48565673828125,367.7749328613281,-0.5556532808113843,-1.5794532215222716,0.21167300217537766,0.492440258077523,0.008122214255616992,0.6083351233974099,0.0,-0.4640115797519684,0.01136674883593536,1.4846473932266235,4,0.0,0.0,1.25,0.25,2.0,1.5,0.0,0.25,497.5,-87.11758710980212
190464,23808,190464,21309,10654,154.66067149045116,256,256,128,128,2.0282657028874382,2.056327676924411,0.39494328017462976,0.3941414542059647,0.4019040595158003,0.2515845359303057,0.33115820412058383,74.76771030947566,74.51411028206348,1.0,1.0,5.435032367706299,5.497491836547852,45.503639221191406,53.0319709777832,243.13233947753906,286.8923034667969,-0.5707485334714875,-1.6065892074257135,0.21343726642341523,0.49341464947800345,0.00824237087240624,0.5936120150145143,0.0,-0.6135631799697876,0.010913109545517337,1.1791445016860962,3,0.0,0.0,1.6666666666666667,0.3333333333333333,1.6666666666666667,1.0,0.0,0.3333333333333333,575.0,-79.95091968423124
192512,24064,192512,21565,10782,153.89000961190598,256,256,128,128,2.0631213939050213,2.0454667781013995,0.4065407916714321,0.40350214196223533,0.40650063584325835,0.24589628801913932,0.32740128971636295,70.00109191611409,70.4067581705749,0.99609375,0.99609375,6.3203582763671875,6.241830348968506,43.67124938964844,59.864234924316406,213.31210327148438,248.53599548339844,-0.5620927917771041,-1.5661818096414208,0.22241127374195774,0.49256950039938896,0.008323152106139611,0.6752849696204066,0.0,-0.6350715160369873,0.012133605998636674,1.7570711374282837,4,0.0,0.0,1.0,0.75,1.0,1.25,0.0,0.75,558.25,-67.4233114220624
194560,24320,194560,21821,10910,153.0472086592091,256,256,128,128,2.1928554138867185,2.2237758417613804,0.3857771950042661,0.3923256413836498,0.39620213612215593,0.26446208503330126,0.34430797590175644,71.20125824213028,80.67445034533739,1.0,1.0,7.420899868011475,9.150762557983398,40.569984436035156,61.194156646728516,279.4627380371094,456.9076843261719,-0.5584831412415951,-1.5904263034462929,0.21223155876645683,0.49047265203078266,0.007982876951516506,0.6434187917038798,0.0,-0.4595104157924652,0.011860433043718107,1.2985161542892456,3,0.0,0.0,1.3333333333333333,0.3333333333333333,3.0,1.3333333333333333,0.0,0.3333333333333333,570.3333333333334,-83.29021924671027
196608,24576,196608,22077,11038,152.5863893028798,256,256,128,128,2.1092099155066535,2.114678049343638,0.3907754646475041,0.3902465133469377,0.4075155316386372,0.2696328054298647,0.34848084748955444,82.03967974707484,82.947759475559,1.0,1.0,7.256669044494629,7.383999824523926,44.50645446777344,57.0079460144043,331.64739990234375,414.8183288574219,-0.5545919520081952,-1.5778960082679987,0.2176207179900081,0.49284990591356076,0.0078449948462116,0.6462341067381203,0.0,-0.6405975222587585,0.011260344593677927,1.8161009550094604,4,0.0,0.0,1.25,1.0,1.5,0.75,0.0,0.5,533.75,-61.296067770374066
198656,24832,198656,22333,11166,151.83925087057335,256,256,128,128,2.090645578922704,2.0262201381847262,0.4002544817631133,0.39945501685724594,0.40289552259491757,0.2503535886062309,0.3358334703370929,70.79854783788323,70.40237131714821,1.0,1.0,5.232789516448975,5.676248073577881,45.48476791381836,56.48154830932617,214.03639221191406,208.03509521484375,-0.5704931642394513,-1.5853911768645048,0.21878606975928394,0.49432402441095835,0.008199018532117845,0.6321469257818535,0.0,-0.5173347592353821,0.011075094543490005,1.3655287027359009,5,0.0,0.0,0.4,0.8,2.6,1.8,0.0,0.6,566.2,-75.1115854498518
200704,25088,200704,22589,11294,138.30567885030484,256,256,128,128,2.0629216100205667,2.0642481722170487,0.39718637203986873,0.38843305102454906,0.39749550877604634,0.2712165017146617,0.3466732161468826,78.88709691911936,75.09308842942119,1.0,1.0,6.317037582397461,6.717511177062988,37.25377655029297,58.45862579345703,252.86253356933594,252.6266632080078,-0.5622596179600805,-1.596289780922234,0.211709981800621,0.4897055202833735,0.007528135824101292,0.6195220282534137,0.0,-0.6730557084083557,0.011051985264019648,1.488956093788147,4,0.0,0.0,1.0,0.25,1.5,1.75,0.0,0.25,476.5,-90.0067526648645
202752,25344,202752,22845,11422,137.7801816188801,256,256,128,128,2.0972755553666502,2.1110651945346035,0.40501186665414934,0.4054775197291747,0.4083381076634396,0.25967891328036785,0.3415545041207224,78.13155676424503,71.43465247005224,1.0,1.0,6.3172807693481445,6.464577674865723,45.63481140136719,60.655643463134766,293.0495300292969,230.22071838378906,-0.5600054101087153,-1.583883823826909,0.21473807047972177,0.4935356358324399,0.008220900495239556,0.681700847344473,0.0,-0.7538621425628662,0.011461318051575931,1.9412727355957031,4,0.0,0.0,1.25,0.5,3.0,1.25,0.0,0.5,555.25,-76.47570889320559
204800,25600,204800,23101,11550,137.44163343133465,256,256,128,128,2.1631927838316187,2.142494681524113,0.3983061710023321,0.40048416299396195,0.40533165165106766,0.2648146834108047,0.3435830984963104,76.63270422443748,69.99424537271261,1.0,1.0,5.967466354370117,6.068533897399902,42.17762756347656,66.66441345214844,243.1496124267578,246.9362030029297,-0.5556877115741372,-1.5926070399582386,0.21256303148824246,0.4934150958377948,0.00810187984011646,0.636144959134981,0.0,-0.36759448051452637,0.011590559977656753,1.55889892578125,3,0.0,0.0,1.0,0.6666666666666666,2.6666666666666665,1.0,0.3333333333333333,0.3333333333333333,520.3333333333334,-74.38865129537527
206848,25856,206848,23357,11678,137.0891926770392,256,256,128,128,2.0375451549189165,2.0560613302513957,0.4160030585771892,0.4109766765177483,0.41862548001881805,0.2550483832601458,0.33643923845374957,69.75913632661104,71.64427473768592,1.0,1.0,6.585141181945801,6.918335914611816,41.98421096801758,52.14811325073242,252.64613342285156,264.9335021972656,-0.5702886572107673,-1.574827483855188,0.2172849892146692,0.49179405824114303,0.007730947151545401,0.6208709903294221,0.0,-0.6391941905021667,0.010810810810810811,1.4202165603637695,4,0.0,0.0,0.5,0.25,2.0,2.25,0.0,0.25,516.0,-94.9068333249088
208896,26112,208896,23613,11806,136.61022554791606,256,256,128,128,2.0695129554951563,2.133691640221514,0.41861400561720075,0.4205859741778113,0.42624746813089587,0.2676389683620073,0.35514497314579785,76.26503163203597,78.10623966902494,1.0,0.99609375,6.2114338874816895,5.902905464172363,41.43096160888672,58.31204605102539,268.0521240234375,277.66558837890625,-0.5741192528512329,-1.5817505698651075,0.2128839225566871,0.4942792856045092,0.008068941329920361,0.7139961316715926,0.0,-0.5478662848472595,0.012280701754385965,1.398622751235962,5,0.0,0.0,1.2,0.2,2.2,1.6,0.0,0.2,522.6,-90.33928506934026
210944,26368,210944,23869,11934,136.16698318374625,256,256,128,128,2.1613876644987613,2.2025304038543254,0.41685016681367415,0.42032716341054766,0.4282723533688113,0.25797141023213044,0.35229697480099276,75.43504746258259,71.21447271481156,1.0,1.0,6.711432456970215,7.037747383117676,41.55774688720703,59.48915481567383,219.6083221435547,408.5903625488281,-0.589624481042847,-1.5923921251669526,0.21022053657092576,0.49245551342248806,0.007779963802325961,0.6756447728257626,0.0,-0.6325280666351318,0.010155070673802662,1.4022384881973267,2,0.0,0.0,1.5,0.5,3.0,1.0,0.0,0.5,516.0,-73.8121486550881
212992,26624,212992,24125,12062,135.9313158649616,256,256,128,128,1.9347922453889623,1.9860600327374414,0.42911262029520003,0.42877142332145013,0.43843170639593154,0.26853733242023736,0.33695619634818286,67.86349019408226,73.08913088589907,1.0,1.0,5.388981342315674,5.451437950134277,42.74905014038086,54.47135925292969,233.67237854003906,311.12109375,-0.5934064543107525,-1.5900831511244178,0.21553429035548854,0.4939417974745128,0.007944092012592814,0.6399752950528637,0.0,-0.7660937309265137,0.01105270252055533,1.4661527872085571,6,0.0,0.0,1.6666666666666667,0.16666666666666666,2.3333333333333335,1.1666666666666667,0.0,0.16666666666666666,525.3333333333334,-86.53179657421849
215040,26880,215040,24381,12190,135.45654454614365,256,256,128,128,2.01902136602439,2.099244359182194,0.4411420864635147,0.42961029736034106,0.44486927706748247,0.25839021656429395,0.33787631936138496,75.27815579995513,74.00514048710465,1.0,0.99609375,5.854227542877197,7.275886535644531,36.924964904785156,54.232051849365234,232.91990661621094,261.0845031738281,-0.5978865451179445,-1.5807662950828671,0.21622648501594408,0.4939541269600704,0.008263607734615009,0.681232892209664,0.0,-0.5200193524360657,0.011577813677975229,1.8795775175094604,2,0.0,0.0,1.0,0.0,2.0,2.0,0.0,0.0,437.0,-100.94700204759647
217088,27136,217088,24637,12318,134.95224733041334,256,256,128,128,2.0506415694835596,2.0875659063458443,0.4331382425589254,0.42898458844138077,0.4374758311896585,0.2623576096375473,0.3407340349513106,76.5131312161684,67.21089766547084,1.0,1.0,6.157474517822266,6.858494758605957,41.86213684082031,63.070411682128906,211.69142150878906,251.42474365234375,-0.5948574815411121,-1.587126450613141,0.21339000171467043,0.49334883374559296,0.008071059426977717,0.7158397319726646,0.0,-0.37007856369018555,0.01211120286264795,1.9086182117462158,6,0.0,0.0,1.5,0.16666666666666666,2.1666666666666665,1.3333333333333333,0.0,0.16666666666666666,498.3333333333333,-88.59081993614502
219136,27392,219136,24893,12446,134.8497082820345,256,256,128,128,2.0921242592157796,2.1133085896726698,0.4352117436355911,0.42961193675000686,0.4393422752036713,0.26403648481937125,0.34238108148565516,82.65925439074636,71.19389874488115,1.0,1.0,6.701481819152832,7.509906768798828,44.99411392211914,52.71943283081055,270.3262634277344,227.16766357421875,-0.6054705143906176,-1.5922352951020002,0.21435734928193223,0.4929778502372757,0.007922999499666974,0.6702421670779586,0.0,-0.5774929523468018,0.010620915032679739,1.7062112092971802,4,0.0,0.0,2.0,0.25,3.0,0.75,0.0,0.25,505.0,-79.07345623669494
221184,27648,221184,25149,12574,134.47289171010956,256,256,128,128,2.091810157173313,2.085175746004097,0.4414540378638776,0.4412297730668797,0.44488594389986247,0.28280615544645116,0.3461927698808722,78.2637732475996,67.40182501450181,1.0,1.0,7.040137767791748,6.870851039886475,42.02299118041992,54.50429153442383,307.8367919921875,229.33529663085938,-0.6010845100972801,-1.5720707643777132,0.21973651521987153,0.49241580551765946,0.00771034709176682,0.6734027180355042,0.0,-0.736929178237915,0.010906612133605999,1.9546091556549072,4,0.0,0.0,1.5,0.5,2.0,1.0,0.0,0.5,539.75,-73.81159027220656
223232,27904,223232,25405,12702,134.1015521030219,256,256,128,128,1.957740783051122,1.9813409457565285,0.44953221963623946,0.44623918599972967,0.4522641996736638,0.27901763981208205,0.3470838540815748,78.68512077629566,74.91762664541602,1.0,0.99609375,5.92445182800293,5.581828594207764,41.372276306152344,52.59381103515625,366.5792236328125,274.8045349121094,-0.6014006847981364,-1.574976259842515,0.21555005107496494,0.49146008305505623,0.007983309381541362,0.6909258780069649,0.0,-0.7849382162094116,0.011871037366788075,1.4781569242477417,3,0.0,0.0,1.3333333333333333,0.0,3.0,1.0,0.6666666666666666,0.0,448.6666666666667,-93.99702095782656
225280,28160,225280,25661,12830,133.748961961149,256,256,128,128,1.9080107598565519,1.910887444508262,0.4625781707873102,0.45685336137830745,0.46459433605195954,0.26141004444798455,0.3404506151564419,68.37670743465424,63.873745165765285,0.99609375,1.0,4.939009189605713,4.914325714111328,49.81596755981445,54.189414978027344,226.66650390625,243.7449951171875,-0.6220045266672969,-1.5812005512416363,0.2116133330597448,0.48987450883526534,0.007302257485929014,0.6940602594986558,0.0,-0.5241512656211853,0.009927920576635387,1.7370049953460693,3,0.0,0.0,0.6666666666666666,0.6666666666666666,2.0,1.3333333333333333,0.3333333333333333,0.6666666666666666,542.0,-72.32476638361793
227328,28416,227328,25917,12958,133.45187547546553,256,256,128,128,2.0494298833655193,2.0629168591694906,0.45867550090770237,0.46286460613191593,0.4634935316280462,0.2791756021324545,0.3461973273078911,77.1747157163918,70.86515291780233,1.0,1.0,5.277821063995361,5.342288017272949,46.47484588623047,52.946109771728516,270.5401611328125,211.89584350585938,-0.6024084652308375,-1.583034260198474,0.2153386369284605,0.4932997820582536,0.008068930053115295,0.7451551905833185,0.0,-0.7468536496162415,0.011729405346426624,1.5401064157485962,5,0.0,0.0,0.6,0.6,2.6,1.8,0.0,0.6,536.4,-78.50293988033809
229376,28672,229376,26173,13086,133.0652464271749,256,256,128,128,1.953334309742786,2.021857204963453,0.44433215320714226,0.4390856650497881,0.4553368477791082,0.2710961429984309,0.35224930266849697,73.72211582586169,69.68928821757436,1.0,1.0,4.815558433532715,4.93966817855835,44.611961364746094,55.9114990234375,243.4397735595703,197.00575256347656,-0.5991296533029526,-1.593278355896473,0.21294791936439164,0.49222443408989675,0.00805204521139097,0.7086150727700442,0.0,-0.29368075728416443,0.011138277641945124,1.9295532703399658,3,0.0,0.0,0.3333333333333333,0.6666666666666666,2.3333333333333335,2.0,0.0,0.6666666666666666,597.6666666666666,-79.16184589844488
231424,28928,231424,26429,13214,132.73703692544757,256,256,128,128,2.026562824321445,2.074829133460298,0.43873703505960293,0.4443532708719431,0.4449725019512698,0.2735825536074117,0.34390599885955453,73.63604278862476,69.00331725180149,1.0,1.0,6.354554176330566,6.537303447723389,44.72454071044922,51.589725494384766,239.88455200195312,250.33203125,-0.5981309483759105,-1.5703140366822481,0.21630311332267868,0.4910522768241045,0.007957560425846603,0.7047609162982553,0.0,-0.9772189855575562,0.010960405535004795,1.4342191219329834,6,0.0,0.0,0.6666666666666666,0.16666666666666666,2.3333333333333335,2.1666666666666665,0.0,0.16666666666666666,499.3333333333333,-97.30324481786738
233472,29184,233472,26685,13342,132.60014888928865,256,256,128,128,2.1384517756523564,2.1586892133345827,0.45370209935936145,0.4629099246521946,0.4641084724571556,0.26657999207964167,0.3589036582270637,82.48990412056446,77.19923112541437,1.0,0.99609375,5.657652378082275,5.602837562561035,45.04869842529297,56.23346710205078,279.65167236328125,427.17474365234375,-0.6156473148148507,-1.572887558490038,0.21598411256988032,0.49092282076871635,0.007954398981833763,0.7095694709569216,0.0,-0.6068825721740723,0.011753450867842012,1.762656331062317,3,0.0,0.0,1.3333333333333333,0.3333333333333333,2.3333333333333335,1.3333333333333333,0.0,0.3333333333333333,535.3333333333334,-83.01574939833274
235520,29440,235520,26941,13470,132.1504953727148,256,256,128,128,1.9876456202473491,1.973415018466767,0.4607073698134627,0.47113643027842045,0.46988281805533916,0.2824916753452271,0.339705478399992,77.99269453063607,68.1069110520184,0.99609375,1.0,6.015157222747803,6.511017322540283,43.38800048828125,53.694644927978516,360.48675537109375,224.0477294921875,-0.6158060285961255,-1.577384795062244,0.21894109298609385,0.49292249661466736,0.008001954876958126,0.6809374308213592,0.0,-0.8579055070877075,0.011170140307859965,1.5461739301681519,4,0.0,0.0,1.5,0.0,3.0,1.5,0.0,0.0,471.5,-95.98596597225514
237568,29696,237568,27197,13598,131.76347446516394,256,256,128,128,2.013314827461727,2.0624011320178397,0.4647968889785261,0.46640031130664283,0.4722972928429954,0.27080593642313033,0.3488104724092409,81.70658610016108,71.53600851073861,1.0,1.0,6.99347448348999,6.287505149841309,46.61034393310547,55.60322189331055,301.3127746582031,258.23553466796875,-0.619240463944152,-1.5872459691017866,0.22195773398376323,0.4937740267390689,0.008233026143899782,0.7027727207168937,0.0,-0.7236795425415039,0.01107919573245794,1.4675101041793823,4,0.0,0.0,1.75,0.75,2.5,0.5,0.0,0.25,457.0,-66.83345271319831
239616,29952,239616,27453,13726,131.44590321123718,256,256,128,128,2.0664164109621197,2.1383525853743777,0.4679289555933792,0.46409477198903915,0.47537248220760375,0.2893871999694966,0.3531966933514923,73.72695041820407,78.61870060488582,1.0,1.0,6.398899078369141,6.738838195800781,42.092559814453125,55.09310531616211,349.7907409667969,306.1394958496094,-0.6118448534980416,-1.5804938124492764,0.2160230671896486,0.4925470196426648,0.007907570143288961,0.7952004242688417,0.0,-0.7048925757408142,0.011202185792349727,2.0351202487945557,4,0.0,0.0,1.5,0.5,3.0,1.0,0.0,0.5,581.0,-73.76953252897079
241664,30208,241664,27709,13854,131.2468539311236,256,256,128,128,1.9374375236220658,1.9964907204266638,0.47027917101513594,0.4625826287519885,0.4707828113459982,0.28594469249946997,0.3460062899393961,71.54306568577886,78.08716355264187,1.0,1.0,5.081980228424072,5.268484592437744,46.073326110839844,54.84189987182617,214.98623657226562,321.10333251953125,-0.6198977162130177,-1.5716823572292924,0.22146402881552105,0.4940414539585495,0.008232094896783285,0.680384722771123,0.0,-0.6262043714523315,0.011489591781562584,1.4661427736282349,2,0.0,0.0,0.5,0.5,2.5,1.5,0.5,0.5,585.0,-80.47130584427214
243712,30464,243712,27965,13982,130.8998618035063,256,256,128,128,1.9256879433523864,1.947671391069889,0.485225579875987,0.4860240751077072,0.4866983432439156,0.2798388297087513,0.33955690736183897,68.92640966549516,68.986463483423,1.0,1.0,7.108811855316162,6.151217460632324,46.62921142578125,56.67854309082031,268.32183837890625,263.373779296875,-0.6340679144486785,-1.5776800876483321,0.22021519123649025,0.4907069869562047,0.007865751072387598,0.7087959342170507,0.0,-0.47615644335746765,0.011602511602511602,1.9568614959716797,6,0.0,0.0,1.1666666666666667,0.6666666666666666,2.3333333333333335,1.1666666666666667,0.0,0.3333333333333333,521.1666666666666,-74.4888179357901
245760,30720,245760,28221,14110,130.48336663775484,256,256,128,128,2.0434921521227807,2.031442424748093,0.47539031766064,0.4759091953856114,0.48516762506915256,0.28696817357558757,0.35573746054433286,92.85553883761168,76.48075416311622,1.0,1.0,7.125331878662109,7.571173667907715,40.53738784790039,53.51344680786133,396.5549011230469,343.8587341308594,-0.6413003013003618,-1.5748000452294946,0.21833148679307232,0.49093784661198714,0.007579842954299649,0.7264701121021062,0.0,-0.8249425292015076,0.0107746863066012,1.527886152267456,3,0.0,0.0,1.0,0.3333333333333333,2.3333333333333335,1.6666666666666667,0.0,0.3333333333333333,525.6666666666666,-86.26902240773052
247808,30976,247808,28477,14238,130.3816582162074,256,256,128,128,2.188011522172019,2.2239158982411027,0.4646153861831408,0.4573291867673106,0.46392308600479737,0.2771514665801078,0.36785321292700246,72.72155795991421,78.8060806542635,1.0,1.0,6.003050327301025,6.596827983856201,40.86996078491211,55.96411895751953,246.72035217285156,367.2783508300781,-0.6309802446048707,-1.5615018596872687,0.2177375569230465,0.4874927155814611,0.00740412880384645,0.7156787910498679,0.0,-0.6082262992858887,0.011924119241192412,1.3990199565887451,5,0.0,0.0,1.0,0.2,3.0,1.8,0.0,0.2,522.2,-92.89261302233172
249856,31232,249856,28733,14366,129.97448570483243,256,256,128,128,1.9538725629681721,1.9721383858122863,0.49736417608801275,0.49847321463312255,0.5018313843756914,0.27115978085203096,0.3420781422755681,70.91785434633493,69.50298162177205,1.0,1.0,7.470043659210205,7.153051376342773,46.880714416503906,55.15779495239258,283.56488037109375,302.56011962890625,-0.6484679467976093,-1.5648368233814836,0.22134090755196395,0.489572057422442,0.007430735980486777,0.7119858083315194,0.0,-1.0251511335372925,0.009708737864077669,1.8546980619430542,3,0.0,0.0,1.3333333333333333,0.0,2.3333333333333335,1.6666666666666667,0.0,0.0,462.3333333333333,-97.46739515276688
251904,31488,251904,28989,14494,129.6193281214217,256,256,128,128,2.0706793221179396,2.1398260075366125,0.47362241412338335,0.4641986535716569,0.48222192289540544,0.274736825725995,0.3642619669553824,77.67461965978146,85.20382399857044,1.0,1.0,7.0646185874938965,6.73458194732666,42.047359466552734,53.769775390625,386.3724365234375,312.1726379394531,-0.6247648543212563,-1.5314442561939359,0.2245854271195276,0.4895322584763284,0.007714139069490642,0.7723068043123931,0.0,-0.5493927597999573,0.010857763300760043,1.7159912586212158,7,0.0,0.0,2.0,0.2857142857142857,3.0,0.7142857142857143,0.0,0.14285714285714285,454.2857142857143,-80.0856425414538
253952,31744,253952,29245,14622,129.5445483557723,256,256,128,128,2.0575653250562027,2.0864866039482877,0.4765245178132318,0.4807601885549957,0.48474932633689605,0.3045392822823487,0.3587977376882918,75.25644284114242,72.15138490498066,0.99609375,1.0,6.256308078765869,6.180315017700195,42.902957916259766,55.47722244262695,258.3040466308594,239.06170654296875,-0.6134979629423469,-1.56715202704072,0.22176638395921697,0.49135611336680324,0.00788918986310954,0.7272566459141672,0.0,-0.7810950875282288,0.01066447908121411,1.8892630338668823,1,0.0,0.0,1.0,0.0,2.0,1.0,1.0,0.0,571.0,-95.06802617345238
256000,32000,256000,29501,14750,129.26343448309333,256,256,128,128,2.0427401288761757,2.0393037614412606,0.5019575735932449,0.4972462462319527,0.506349900533678,0.28269035078119487,0.3607478259364143,70.84898208081722,67.28124210610986,1.0,1.0,5.978898048400879,5.441140174865723,42.329280853271484,55.485225677490234,265.2794189453125,183.16213989257812,-0.6400272963801399,-1.577029406093061,0.22111467703101087,0.4908683871398386,0.007616984308618511,0.763492789119482,0.0,-0.6041854023933411,0.011433238056349531,1.815250277519226,6,0.0,0.0,1.0,0.6666666666666666,2.0,1.0,0.3333333333333333,0.5,549.5,-71.68834642506287
258048,32256,258048,29757,14878,129.03074270713518,256,256,128,128,2.0567726145964116,2.0002389847068116,0.49240532045951113,0.4915148899453925,0.49845762026961893,0.2872061256784946,0.3693862172658555,89.468985080719,81.22070381045341,0.99609375,1.0,7.647763252258301,7.6683197021484375,41.960174560546875,55.052093505859375,282.8985595703125,412.4521789550781,-0.6456162412650883,-1.5534244338050485,0.22053439777427133,0.49032863135069316,0.007923551394224465,0.7697928978595883,0.0,-0.684302568435669,0.01271129141311697,1.8665690422058105,4,0.0,0.0,2.0,0.25,2.5,0.75,0.0,0.25,406.25,-78.8420557265053
260096,32512,260096,30013,15006,128.84765634263266,256,256,128,128,1.9648198322393,2.017506118863821,0.5153147561941296,0.5143146278860513,0.5225631830981001,0.2859036947484128,0.36149578116601333,70.1590532772243,78.96217408776283,0.99609375,1.0,5.2712297439575195,5.765637397766113,34.727210998535156,53.94574737548828,231.61366271972656,374.0941162109375,-0.6548662867862731,-1.564949968829751,0.22078725160669874,0.48825470971622176,0.007120281448661239,0.7275766574312001,0.0,-0.552868127822876,0.010708960281957435,1.4585113525390625,3,0.0,0.0,2.3333333333333335,0.0,3.0,0.6666666666666666,0.0,0.0,417.3333333333333,-87.18095437140437
262144,32768,262144,30269,15134,128.66183140587472,256,256,128,128,2.0165726328268647,1.981767586141359,0.5125243656038947,0.5114533997912076,0.516116921819048,0.2771003667730838,0.35095470293890685,69.44191444665194,65.95776810869575,0.99609375,0.99609375,9.080535888671875,8.90939998626709,46.11024475097656,54.29994583129883,251.9468231201172,244.853271484375,-0.6486848316853866,-1.5640526097267866,0.22155728364109545,0.4925169001404531,0.008093398463059837,0.7483122628182173,0.0,-0.5791617631912231,0.011963023382272975,1.7733709812164307,5,0.0,0.0,1.6,0.8,2.6,0.6,0.0,0.8,562.2,-58.97943605793434
264192,33024,264192,30525,15262,128.3712289099445,256,256,128,128,1.9851483205566183,2.007257485529408,0.5055308089358732,0.5010916015944531,0.5097321839421056,0.2772144026821479,0.35372970037860796,76.0743190087378,76.0436088591814,0.99609375,1.0,6.713882923126221,6.703020095825195,39.24531173706055,53.900291442871094,364.52972412109375,298.6219177246094,-0.6516068979399279,-1.5534925553947687,0.2264702524659822,0.4910809375266027,0.007750466789537939,0.7633591613266617,0.0,-0.7538376450538635,0.010924484500887614,1.620011329650879,4,0.0,0.0,1.75,0.5,2.0,0.75,0.0,0.25,390.75,-73.90992074896712
266240,33280,266240,30781,15390,128.11206503633,256,256,128,128,1.963235613075085,1.9457238717004657,0.5359808263456216,0.5329426697135204,0.5345388337736949,0.29692087532021105,0.35480065911542624,76.34819646179676,72.15539649873972,1.0,1.0,9.17851448059082,9.492780685424805,41.06271743774414,58.051055908203125,297.8193664550781,264.42352294921875,-0.6766049594152719,-1.56735410541296,0.22521104181382523,0.49247196763910384,0.00804412811901877,0.725272340234369,0.0,-0.8306277394294739,0.010981373366694467,1.6983710527420044,6,0.0,0.0,1.3333333333333333,0.5,2.3333333333333335,1.1666666666666667,0.0,0.3333333333333333,445.1666666666667,-77.40393737330184
268288,33536,268288,31037,15518,128.10461594421497,256,256,128,128,1.9805118173826486,2.00304577028146,0.5212173896143213,0.5379654065145587,0.5337221928057261,0.30030262598302215,0.3589319018064998,70.32534361630678,70.3671217635274,1.0,1.0,5.568127632141113,5.294950485229492,40.67771530151367,53.239112854003906,245.7036895751953,244.40196228027344,-0.6635870891623199,-1.5588714182376862,0.22831171050681248,0.4905054696986845,0.007552694710927399,0.7125485183205456,0.0,-0.5774779319763184,0.011203319502074689,1.7495299577713013,6,0.0,0.0,1.8333333333333333,0.16666666666666666,2.0,1.0,0.0,0.16666666666666666,433.8333333333333,-84.66544931632961
270336,33792,270336,31293,15646,127.81205462702411,256,256,128,128,1.9705794539768249,1.9656485631712712,0.5340104116476141,0.5418464755057357,0.5454122527735308,0.2953662250074558,0.3599626920185983,81.34893486276269,78.46018817275763,1.0,0.99609375,4.827847480773926,4.996634483337402,42.236839294433594,57.309051513671875,276.0640869140625,327.0536804199219,-0.6711060130037367,-1.5578738590702415,0.22116364399265667,0.4899874731727135,0.007761570359512974,0.7354118572548032,0.0,-0.9565184712409973,0.010770279481935924,1.4642083644866943,5,0.0,0.0,2.4,0.2,2.6,0.4,0.0,0.2,369.6,-77.11874671149235
272384,34048,272384,31549,15774,127.55615049168718,256,256,128,128,1.9888203055597842,1.9982824785402045,0.5491041862114798,0.5443275513898698,0.5471212018455844,0.29359078081324697,0.3622152484022081,69.53609839826822,72.90233047679067,1.0,1.0,6.524223327636719,6.465151786804199,40.59337615966797,52.95545959472656,232.89918518066406,364.68743896484375,-0.6908918963745236,-1.5671998914331198,0.2212332247638255,0.4911115261320096,0.007797616455228735,0.690765644190833,0.0,-0.7440258860588074,0.010819808572617561,1.814163088798523,3,0.0,0.0,2.0,0.0,3.0,1.0,0.0,0.0,402.3333333333333,-90.80248885330609
274432,34304,274432,31805,15902,127.3388897392269,256,256,128,128,1.9888670102809556,2.0102613584022038,0.5590722036722582,0.5555214002088178,0.5556368323159404,0.3034774826373905,0.36766802065540105,84.66771064698696,79.05301049351692,1.0,0.99609375,6.01289176940918,6.736034870147705,43.48911666870117,57.15093994140625,377.36663818359375,283.071044921875,-0.6925782836042345,-1.5732890367507935,0.22249637826702875,0.4896592123197114,0.007622147818123146,0.7000144287012517,0.0,-0.8258008360862732,0.010607915136678907,1.9320881366729736,6,0.0,0.0,1.8333333333333333,0.6666666666666666,2.0,0.5,0.0,0.5,461.0,-65.05693884630334
276480,34560,276480,32061,16030,127.15017799885119,256,256,128,128,1.9410584879806265,1.9685207930160686,0.5517424598074285,0.5485890734707937,0.5555865447968245,0.2867157027940266,0.35689611424459144,71.63310520350933,70.45964411646128,1.0,1.0,5.3698649406433105,5.570157051086426,41.42530059814453,54.3614501953125,375.7243347167969,399.4235534667969,-0.6923358242493123,-1.5617298064753413,0.22783530916147202,0.49207987836541317,0.007828833222120173,0.7803755630739033,0.0,-0.7228419184684753,0.01050080775444265,2.5159261226654053,4,0.0,0.25,2.25,0.0,2.75,0.75,0.0,0.0,437.75,-83.40864010566293
278528,34816,278528,32317,16158,126.86387439584657,256,256,128,128,1.9422483943635598,1.9872272656066343,0.5447479963768274,0.5510583040013444,0.5483969108900055,0.2989911185577512,0.3518758894642815,69.48800637945533,68.24739268422127,1.0,1.0,6.3022565841674805,5.695920944213867,45.717620849609375,55.833282470703125,220.35086059570312,329.3614501953125,-0.6917866659350693,-1.5579318571835756,0.22588138081227785,0.4922737978811388,0.007816661520326555,0.7821672367863357,0.0,-0.7287991046905518,0.010437847363426867,1.7169625759124756,5,0.0,0.0,1.6,0.0,3.0,1.4,0.0,0.0,458.0,-95.02759696192516
280576,35072,280576,32573,16286,126.64942010329399,256,256,128,128,1.8811029404168949,1.898553288076073,0.5615714533778373,0.5622260720701888,0.5625017505662981,0.29908515594433993,0.3514004871249199,71.34750933200121,77.0046947747469,1.0,1.0,4.745178699493408,4.9151177406311035,47.144012451171875,51.600914001464844,328.2876281738281,307.5069580078125,-0.6999111112672836,-1.5734261088073254,0.21508854707299632,0.4902746620475659,0.007801845631617577,0.7571828379295766,0.0,-0.6193768978118896,0.011343446767801012,2.2760612964630127,6,0.0,0.0,1.6666666666666667,0.0,2.0,1.3333333333333333,0.0,0.0,358.1666666666667,-93.77495846606992
282624,35328,282624,32829,16414,126.69079544889381,256,256,128,128,1.9906160479877144,2.003987592412159,0.5576094451971585,0.5611715915147215,0.5652156322030351,0.29072534025181085,0.3538973331451416,70.1955023854971,68.25037765875459,1.0,1.0,6.719586372375488,7.25524377822876,38.39841842651367,63.70786666870117,198.85464477539062,221.31558227539062,-0.6966558927670121,-1.5643049692735076,0.21875459276238424,0.4913065159970065,0.007850341272821774,0.7521790531463921,0.0,-0.6147037744522095,0.011015911872705019,1.4701281785964966,2,0.0,0.0,0.5,0.0,3.0,2.5,0.0,0.0,460.5,-106.28282664005837
284672,35584,284672,33085,16542,126.47586894453877,256,256,128,128,1.8970861788839102,1.91448412835598,0.5705878989538178,0.5734653090476058,0.5766530134133063,0.2920527736423537,0.35611255618277937,68.44596477225423,73.83139949664474,1.0,1.0,6.743033409118652,6.742791175842285,39.804473876953125,51.944393157958984,208.564697265625,228.10971069335938,-0.7049793635960668,-1.5754783749580383,0.21905582047129613,0.4916869629319177,0.007810690039246844,0.7755594118498266,0.0,-0.31368038058280945,0.011175496688741722,1.889083981513977,7,0.0,0.0,1.2857142857142858,0.2857142857142857,1.8571428571428572,1.4285714285714286,0.0,0.2857142857142857,493.57142857142856,-85.09701770502268
286720,35840,286720,33341,16670,126.16910410011229,256,256,128,128,1.907697749673389,1.9095472214976326,0.5499216672760667,0.5620353632839397,0.5621017382945865,0.28475257277023047,0.35232946008909494,77.29644867032766,68.2612182572484,1.0,1.0,5.005051136016846,6.234544277191162,39.361141204833984,55.60519790649414,285.6326904296875,338.1044006347656,-0.7078838541638106,-1.5619296934455633,0.21869757267527185,0.4927015116316587,0.008166323494193703,0.7482718497049063,0.0,-0.6725641489028931,0.011967904256765945,1.419604778289795,3,0.0,0.0,0.6666666666666666,0.0,3.0,2.3333333333333335,0.0,0.0,431.6666666666667,-104.49886608184413
288768,36096,288768,33597,16798,126.03091342168524,256,256,128,128,1.847041535191238,1.854434687178582,0.5668876532872673,0.5680038915015757,0.570139811898116,0.29409837431740016,0.35019640752580017,72.21584118157625,74.47048787772655,1.0,1.0,5.694546699523926,5.740142822265625,40.122886657714844,53.70603942871094,251.93417358398438,275.5302734375,-0.6996343173086643,-1.5618250463157892,0.2197951984232007,0.4931741961085786,0.008466586442048665,0.7272336615715176,0.0,-0.6842883825302124,0.012552301255230125,1.6661555767059326,4,0.0,0.0,1.5,0.0,3.0,1.5,0.0,0.0,436.0,-96.00482163730248
290816,36352,290816,33853,16926,125.83036607441569,256,256,128,128,1.9873818744672462,1.977077343617566,0.5594048980565276,0.5584472348273266,0.5611948440782726,0.29501243703998625,0.3627263646922074,76.06659402698278,78.1946980804205,1.0,1.0,5.435753345489502,5.5596537590026855,40.24056625366211,51.85174560546875,271.50408935546875,359.3140869140625,-0.6944245856720954,-1.569449108093977,0.2195356498375553,0.49269184023242546,0.008452424976584088,0.7216608449816704,0.0,-0.8111197352409363,0.011631089217296114,1.8815150260925293,4,0.0,0.0,1.0,0.75,3.0,1.25,0.0,0.75,571.5,-67.52040276081095
292864,36608,292864,34109,17054,125.58976713406112,256,256,128,128,1.8933169117663056,1.9202014261391014,0.570423230266897,0.5594363094423898,0.5677680283552036,0.2925679064937867,0.35546377359423786,75.25591503828764,71.28350114449859,1.0,1.0,5.460348129272461,5.99541711807251,44.16144561767578,60.448394775390625,273.1871643066406,234.74749755859375,-0.6947255121776834,-1.5661125909537077,0.21964289168791706,0.49227982176519636,0.008424102323851917,0.7794280601665378,0.0,-0.6835930943489075,0.011327531426992679,1.837032675743103,4,0.0,0.0,2.0,0.25,2.75,0.75,0.0,0.25,516.0,-79.73070713707057
294912,36864,294912,34365,17182,125.39094322562934,256,256,128,128,1.949040635721758,1.9683818310732022,0.5587016488425434,0.5555200451926794,0.5621712603606284,0.3118122210726142,0.37007821374572814,80.83630356937647,70.79704522714019,1.0,1.0,6.5892653465271,6.606271266937256,39.60045623779297,60.36286163330078,379.5316467285156,355.943603515625,-0.6874615252017975,-1.5443028705194592,0.2263175372015446,0.49330230342509684,0.008523045859000197,0.8003185351844877,0.0,-0.7019652724266052,0.012269938650306749,2.0271148681640625,5,0.0,0.0,1.6,0.2,2.6,1.2,0.0,0.2,461.4,-86.27305190019858
296960,37120,296960,34621,17310,125.25989453742012,256,256,128,128,1.9255204878281802,1.9612257384578697,0.5530787580501055,0.5677259020740166,0.57025435869582,0.3013288452057168,0.3712251799297519,68.42099041491747,63.69206854701042,1.0,1.0,5.3854079246521,6.901776313781738,43.09783935546875,55.438961029052734,217.25267028808594,269.731689453125,-0.6965424614027143,-1.5622156197205186,0.2254526006161683,0.4948534465843686,0.00896635501053464,0.804623339092359,0.0,-0.7613712549209595,0.011777595179402904,2.214217185974121,4,0.0,0.0,1.25,1.0,2.5,0.75,0.0,0.5,454.25,-61.20829742168917
299008,37376,299008,34877,17438,125.08016884686192,256,256,128,128,1.8968430628301576,1.9148856601677835,0.5720976468292065,0.5647678207606077,0.5652653306024149,0.3001157831749879,0.3611287987441756,75.88017785549164,71.82909274846315,1.0,1.0,6.613937854766846,6.177369594573975,46.39434051513672,58.090904235839844,302.0977783203125,248.66624450683594,-0.7090743677690625,-1.573880735784769,0.22099058916471254,0.49241728376665667,0.008251230646084576,0.766712618758902,0.0,-0.8116655349731445,0.01264274061990212,1.7349539995193481,5,0.0,0.0,2.0,0.2,2.6,0.8,0.0,0.2,439.6,-81.63253018487012
301056,37632,301056,35133,17566,120.5491713256761,256,256,128,128,1.9238560038502328,1.9535232455236837,0.5669688291964121,0.5598774462123401,0.5719505071174353,0.28994590701768175,0.36228366498835385,68.85279295220971,71.51855032145977,1.0,1.0,5.57479190826416,5.760560035705566,39.55268096923828,60.67064666748047,270.1568603515625,269.1215515136719,-0.6952143788803369,-1.5714310118928552,0.2229535493419102,0.491746278229018,0.007830766037096358,0.7212712191976607,0.0,-0.5439783334732056,0.010592928876048974,1.4106320142745972,4,0.0,0.0,1.75,0.0,2.5,1.25,0.0,0.0,440.0,-93.44367965102538
303104,37888,303104,35389,17694,120.47682860399182,256,256,128,128,2.0102573898038827,1.9974394633900374,0.5576833934755996,0.5594573339330964,0.5608233251259662,0.29199544311268255,0.3666825352120213,74.04993254318833,71.2934395186603,1.0,1.0,6.220691680908203,6.420966148376465,39.56180191040039,59.953163146972656,282.2316589355469,288.120361328125,-0.6918326349696144,-1.5590929221361876,0.22181670986864752,0.49156134873004376,0.008067281634402304,0.754105128813535,0.0,-0.4311766028404236,0.011662598318416057,1.841618537902832,6,0.0,0.0,1.0,0.16666666666666666,2.3333333333333335,1.8333333333333333,0.0,0.16666666666666666,479.0,-93.45798168758363
305152,38144,305152,35645,17822,120.29090718843106,256,256,128,128,1.9109723754227161,1.92999707441777,0.5714895115233958,0.5709781827317784,0.5731842169770971,0.288462677563075,0.3593086925102398,76.40932628139853,72.51585959643126,1.0,1.0,7.475780487060547,6.94905424118042,38.50486755371094,56.814002990722656,268.14727783203125,242.90921020507812,-0.7250070970039815,-1.5483392113819718,0.2253250954746241,0.49157674679947444,0.008326154184209239,0.8125618875492364,0.0,-0.6774548292160034,0.010682004930156122,1.8571912050247192,2,0.0,0.0,1.5,0.0,2.0,1.5,0.0,0.0,491.5,-96.22573515485783
307200,38400,307200,35901,17950,120.12287183195083,256,256,128,128,1.9106518260668963,1.9291249493835494,0.5737089148606174,0.561677111138124,0.569899161811918,0.2898308833828196,0.3664194897864945,74.98562529310584,72.54284868016839,1.0,1.0,5.986027240753174,6.185997009277344,42.929832458496094,52.684173583984375,272.1570129394531,273.9904479980469,-0.6952760242857039,-1.5583675373345613,0.2258391498069555,0.49225894049877533,0.008165880774102498,0.8014976237900555,0.0,-0.8442907929420471,0.012212045517624202,2.225783109664917,6,0.0,0.0,1.1666666666666667,0.5,3.0,1.3333333333333333,0.0,0.3333333333333333,514.1666666666666,-79.24300713496693
309248,38656,309248,36157,18078,120.10675468364472,256,256,128,128,2.001151401316747,2.014718345424626,0.5592774237011326,0.5540015106380451,0.5629480968345888,0.3006242351257242,0.3680247678421438,74.52579243481159,78.91507995128632,1.0,1.0,5.494741439819336,5.933366298675537,40.2024040222168,58.82246780395508,314.4339904785156,311.089599609375,-0.6967188103590161,-1.5518197370693088,0.2262320696921785,0.4915488596556514,0.007932278592941247,0.7714594565331936,0.0,-0.816606342792511,0.011645430880942595,2.2089810371398926,3,0.0,0.0,0.6666666666666666,0.6666666666666666,3.0,1.6666666666666667,0.0,0.6666666666666666,540.0,-74.8984941225511
311296,38912,311296,36413,18206,119.94813633191322,256,256,128,128,1.9343064365675673,1.9681893059751019,0.5624924012226984,0.554176948062377,0.5690860788454302,0.3021312316413969,0.37487647647503763,78.57069403678179,81.63121058791876,1.0,1.0,6.717311859130859,6.668612957000732,41.5216178894043,53.8896598815918,289.0668029785156,365.9009094238281,-0.6973427897319198,-1.5428903019055724,0.22829553786433532,0.49111328105930174,0.008139604731273647,0.8219857586082071,0.0,-0.5820102095603943,0.010978454782489365,1.7128947973251343,4,0.0,0.0,0.75,0.0,2.0,2.25,0.0,0.0,376.25,-103.39233091415008
313344,39168,313344,36669,18334,119.8005128313312,256,256,128,128,1.91307638050057,1.90342100081034,0.5796295852633193,0.5820942778955214,0.5815727057342883,0.3028503856039606,0.35587482689879835,79.09489247202873,68.49422274529934,1.0,0.99609375,5.835550785064697,5.396111965179443,40.791263580322266,58.5826301574707,279.2694091796875,208.19264221191406,-0.7196857356466353,-1.551769072189927,0.22243157269030392,0.49035158848149263,0.008001779563567268,0.7555779828689992,0.0,-0.7002937197685242,0.011264929424538545,1.3939303159713745,6,0.0,0.0,1.0,0.16666666666666666,2.3333333333333335,1.8333333333333333,0.0,0.16666666666666666,438.1666666666667,-93.2221129874027
315392,39424,315392,36925,18462,119.7675558615339,256,256,128,128,1.9146774453110993,1.9649664347525686,0.5699383259925526,0.5626085871772375,0.5769857700797729,0.2948423529160209,0.3633404826396145,75.82687761634588,73.9949667416513,0.99609375,1.0,5.828068256378174,5.79243278503418,34.23799133300781,53.342750549316406,272.8153381347656,226.56434631347656,-0.6998482530470937,-1.561419135890901,0.22155724165924226,0.4894629212442505,0.0077673354004832865,0.7757078667636961,0.0,-0.5710594654083252,0.010238000265922085,1.6801602840423584,3,0.0,0.0,1.0,0.0,3.0,2.0,0.0,0.0,467.0,-101.39938877922638
317440,39680,317440,37181,18590,119.62715562858178,256,256,128,128,1.9329881879966706,2.007509012473747,0.5548307875524188,0.5623217808897607,0.5624950454221107,0.3024206301779486,0.3622663630521856,81.5233610868454,82.7794608362019,1.0,1.0,4.925858497619629,5.560574054718018,44.0994758605957,58.334163665771484,456.3761901855469,366.5899658203125,-0.7016050170641392,-1.5609275745227933,0.2220047479709368,0.4894210108295019,0.007601030271533168,0.8241281374357641,0.0,-0.6908474564552307,0.01173901173901174,2.2689332962036133,5,0.0,0.0,0.8,0.2,2.4,1.8,0.2,0.2,490.0,-93.06470233495347
319488,39936,319488,37437,18718,119.44765281222615,256,256,128,128,1.9188686900306493,1.9202072544721887,0.5444537855073577,0.5516950493620243,0.5596562984937918,0.3176971435896121,0.3700457048835233,82.78904527425766,73.41738499328494,1.0,1.0,5.2221269607543945,5.037262439727783,39.48585510253906,58.356990814208984,386.06463623046875,316.551513671875,-0.6737437247049911,-1.5505093028768897,0.2238195898078261,0.4884871859773788,0.00730510214430103,0.8679949105717242,0.0,-0.7660431861877441,0.01103931071620894,1.9525991678237915,5,0.0,0.0,1.8,0.0,3.0,1.2,0.0,0.0,430.2,-92.5832435950244
321536,40192,321536,37693,18846,119.39600179980133,256,256,128,128,1.8598097510985099,1.8679104116163217,0.5720184999518096,0.5738006183091784,0.5770725452457555,0.30363978690002114,0.3606578715262003,93.02999222651124,74.23717276379466,1.0,1.0,5.507253646850586,5.4433159828186035,39.263587951660156,56.788787841796875,356.1430358886719,324.45361328125,-0.7019929304951802,-1.5616714032366872,0.22330262972023276,0.49072840529274847,0.007652130680379005,0.7545669327955693,0.0,-0.6532118916511536,0.011874469889737066,1.798784613609314,5,0.0,0.0,1.4,0.2,2.2,1.4,0.0,0.2,468.2,-88.50052812316571
323584,40448,323584,37949,18974,119.29998881375494,256,256,128,128,2.058045689482242,2.1167548417579383,0.548915794439381,0.5355163366766647,0.550926751922816,0.31441432028077543,0.39080512238433585,85.6460163705051,91.3630281612277,1.0,1.0,5.789133071899414,6.049365043640137,43.552146911621094,60.53944396972656,262.365478515625,365.31005859375,-0.6699302748311311,-1.5644918121397495,0.22942919408401757,0.49571438684474944,0.008467369802939658,0.7943260876927525,0.0,-0.4806198179721832,0.011210444160635732,1.7973071336746216,3,0.0,0.0,1.6666666666666667,0.0,2.0,1.3333333333333333,0.0,0.0,484.3333333333333,-95.23249456827762
325632,40704,325632,38205,19102,119.15002871005979,256,256,128,128,1.9628321279305965,2.008387525100261,0.5512457601726055,0.5450323911645683,0.5533694975310937,0.3100934537942521,0.37084221676923335,82.51274919509888,69.53613986819983,1.0,0.99609375,6.456411361694336,6.788857460021973,36.60554122924805,56.5423583984375,629.7506713867188,296.6354064941406,-0.6725153664592654,-1.5527558969333768,0.23061490123407494,0.49227962811098486,0.007783059441285949,0.8063350194133818,0.0,-0.5389349460601807,0.010459114371094811,1.6283597946166992,5,0.0,0.0,1.4,0.0,2.8,1.4,0.2,0.0,460.2,-96.16748457571666
327680,40960,327680,38461,19230,119.0303196062349,256,256,128,128,1.924527230905369,1.9680692007532343,0.5783386038383469,0.5788051251438446,0.5839569807285443,0.30485423147911206,0.37495730945374817,76.98853376880288,79.19148520380259,0.99609375,1.0,6.37451171875,6.502295970916748,41.96778106689453,52.238624572753906,307.4468078613281,375.1273193359375,-0.7071199684869498,-1.5636992314830422,0.22433519322381285,0.4901152632540228,0.007567648967041847,0.8130734069272876,0.0,-0.8420159220695496,0.010681093078096823,2.075484037399292,5,0.0,0.0,1.6,0.4,2.6,1.0,0.0,0.4,427.8,-76.63944789408106
329728,41216,329728,38717,19358,119.10440749165156,256,256,128,128,1.8239919911138713,1.8466956259217113,0.5664331338193733,0.5676552198565332,0.5725903693819419,0.30494740896392614,0.36426375241717324,81.23847709223628,75.1754343546927,1.0,1.0,5.14591646194458,5.302961826324463,40.80738067626953,52.21746063232422,399.62762451171875,260.6783447265625,-0.690630468307063,-1.5584753192961216,0.22367674148212913,0.4946410717892749,0.008829885120182063,0.8331224517896771,0.0,-0.6393981575965881,0.012212045517624202,2.1236519813537598,4,0.0,0.0,1.25,0.0,2.5,1.75,0.0,0.0,456.75,-98.84284404510981
331776,41472,331776,38973,19486,119.02463734905172,256,256,128,128,1.9971917982329614,2.0326808110112324,0.5551353149785427,0.5566685085532299,0.5618848593439907,0.3089531292207539,0.3841563992318697,79.2706617563963,82.1731965392828,1.0,1.0,7.394068717956543,6.9781060218811035,43.88344192504883,52.27788543701172,284.47052001953125,354.2522277832031,-0.6955830054357648,-1.556231589987874,0.2292833309225526,0.4929256097028235,0.007988347507078204,0.7622082629241049,0.0,-0.7104054689407349,0.010699588477366255,2.0621650218963623,5,0.0,0.0,0.8,0.6,1.4,1.6,0.0,0.4,527.6,-79.23916702489842
333824,41728,333824,39229,19614,118.87604191675582,256,256,128,128,1.9957584895892069,1.9717733097495511,0.5534109942382202,0.552935479732696,0.5572091159774573,0.31942290434380993,0.3769488160032779,80.78287981450558,78.5926946438849,1.0,1.0,5.984108924865723,6.385332107543945,35.098114013671875,58.510868072509766,358.26385498046875,263.8767395019531,-0.6788311782293022,-1.5468181343749166,0.22947645782620865,0.4949722399650961,0.00870371232546721,0.792681809514761,0.0,-0.9584216475486755,0.011909707796704057,2.094766616821289,2,0.0,0.0,1.5,0.5,3.0,1.0,0.0,0.5,586.5,-74.57640916350101
335872,41984,335872,39485,19742,118.78416964885045,256,256,128,128,1.8257851902162656,1.854534697602503,0.5736791316958261,0.5629373600606868,0.5754141349461861,0.3170176825369708,0.3738815198885277,70.21962106972933,74.6020759344101,1.0,1.0,5.192806243896484,4.887854099273682,30.1815128326416,58.87818145751953,417.697265625,247.89816284179688,-0.6958477762527764,-1.5513564459979534,0.22810112316897357,0.49435659373114094,0.008561100410870852,0.7702718989457935,0.0,-0.6782232522964478,0.011968633924886504,1.857191801071167,5,0.0,0.0,1.6,0.0,2.6,1.4,0.0,0.0,468.2,-95.75980085682095
337920,42240,337920,39741,19870,118.74839821418685,256,256,128,128,1.8374149503652006,1.855596961453557,0.564042127574794,0.5669745062477887,0.5678674490773119,0.3107211255119182,0.3631162576493807,75.68641540035605,68.76033388078213,1.0,1.0,5.606079578399658,5.184849739074707,33.848052978515625,57.518707275390625,263.10528564453125,269.6314392089844,-0.6798330224119127,-1.549360048957169,0.231983126452261,0.4953352296542271,0.008645827459165775,0.7777776117436588,0.0,-0.4738765358924866,0.011756569847856155,1.6473604440689087,5,0.0,0.0,1.2,0.4,2.2,1.4,0.0,0.2,432.0,-84.14582631988924
339968,42496,339968,39997,19998,118.61602719840447,256,256,128,128,1.8507317847106606,1.9065476796822622,0.5492645225604065,0.5456005252344767,0.5515170138096437,0.3052494117291644,0.3719502477324568,72.79726076126099,76.23596688732505,1.0,1.0,7.975205421447754,7.95620584487915,46.39041519165039,52.072486877441406,277.70379638671875,259.1221008300781,-0.6686359700979665,-1.5495755104348063,0.22992526923490597,0.493784041594473,0.008270867953771379,0.8641652464866638,0.0,-0.4269341230392456,0.011433238056349531,1.7948594093322754,5,0.0,0.2,1.0,0.2,1.8,1.8,0.0,0.2,488.8,-88.52016049734084
342016,42752,342016,40253,20126,118.50365990926231,256,256,128,128,1.9358072215691209,1.9785062121227384,0.5465490186325042,0.545101813688234,0.5508873965591192,0.32258674496551976,0.3788990043103695,80.31606052815914,77.95115700736642,1.0,1.0,7.67142391204834,7.627987861633301,43.4903564453125,65.08001708984375,267.7967224121094,336.00982666015625,-0.6620368342846632,-1.5712174652144313,0.21899456716005383,0.48927811445079006,0.007507474377230919,0.8514159980695695,0.0,-0.77548748254776,0.010805635344002189,2.05179762840271,3,0.0,0.0,0.6666666666666666,0.0,2.3333333333333335,1.6666666666666667,0.6666666666666666,0.0,494.3333333333333,-100.85586206244147
344064,43008,344064,40509,20254,118.53451875613743,256,256,128,128,1.9490262313047424,1.9281014853622764,0.5426870983137633,0.5441481381421909,0.5542751398170367,0.3304305167985149,0.3871210241341032,78.63979644328356,71.3776308298111,1.0,1.0,7.9334259033203125,6.769211769104004,41.86558532714844,64.81448364257812,298.7336120605469,223.8515625,-0.6687478045932949,-1.549000165425241,0.21978215039007373,0.4894413972600371,0.007766790774315852,0.7921678265556693,0.0,-0.7565550804138184,0.01084689194826867,1.6606515645980835,5,0.0,0.0,2.0,0.2,2.2,0.8,0.0,0.2,472.0,-82.0443099833763
346112,43264,346112,40765,20382,118.41756983387808,256,256,128,128,1.888130771345459,1.9106603739783168,0.5586977053026203,0.5566821743086621,0.5560153517290018,0.3155356229399331,0.377803749172017,78.73927823081613,77.7234391644597,1.0,1.0,6.079657554626465,4.8142547607421875,44.70665740966797,52.32935333251953,291.1933288574219,260.0601806640625,-0.6848746201139875,-1.5506582660600543,0.220031257021741,0.49002454807196505,0.0076041044126376805,0.8131261360831559,0.0,-0.5714967250823975,0.010955902492467817,2.128283977508545,6,0.0,0.0,1.3333333333333333,0.0,2.5,1.5,0.16666666666666666,0.0,413.1666666666667,-96.40735126573054
348160,43520,348160,41021,20510,118.34523999909841,256,256,128,128,1.8909552969271317,1.8930643158964813,0.5423740216647275,0.5447346190776443,0.5489011511581339,0.30982145527377725,0.3695433944812976,78.91626139730215,71.59312241524458,1.0,1.0,7.283379077911377,6.492698669433594,39.79267883300781,57.10246276855469,346.5859069824219,305.71893310546875,-0.6771751891355962,-1.563073611818254,0.2192099737216583,0.49106642208533435,0.007836739005969776,0.818795227445662,0.0,-0.5090714693069458,0.01105583195135434,1.9273157119750977,3,0.0,0.0,1.0,0.3333333333333333,2.3333333333333335,1.6666666666666667,0.0,0.3333333333333333,499.6666666666667,-86.89499461580029
350208,43776,350208,41277,20638,118.26098353532424,256,256,128,128,1.8507541740546003,1.900541271083057,0.5780124725133646,0.5744085453625303,0.5744383040000685,0.3215006068930961,0.36771550693083555,72.17946355044842,72.60526520758867,1.0,1.0,7.871105194091797,8.45302963256836,39.118255615234375,63.95111846923828,270.3303527832031,438.7376708984375,-0.696353517472744,-1.5429816786199808,0.22319759768188194,0.4902715170050865,0.007921654521100946,0.8207810446619987,0.0,-0.7572466135025024,0.011456628477905073,1.9907184839248657,4,0.0,0.0,1.0,0.0,2.0,2.0,0.0,0.0,457.5,-101.25231589444957
352256,44032,352256,41533,20766,118.2851717567158,256,256,128,128,1.8587064677849412,1.8814459403511137,0.5542995954674552,0.544743144128006,0.5556445583351888,0.3132234877557494,0.3738438577274792,80.68992690742016,71.65392515808344,1.0,1.0,4.910199165344238,4.562189102172852,41.26703643798828,53.68647766113281,384.6957092285156,353.752685546875,-0.6680194941582158,-1.5504848966374993,0.2170350729911416,0.48828307753639605,0.007586524838720323,0.8277521226555109,0.0,-0.621475338935852,0.010516120105161201,2.460273027420044,3,0.0,0.0,1.6666666666666667,0.3333333333333333,2.3333333333333335,1.0,0.0,0.3333333333333333,491.0,-79.93220247197314
354304,44288,354304,41789,20894,118.21492961214736,256,256,128,128,1.8316342721809633,1.8584032452199608,0.5729205708776135,0.5777874855848495,0.577442421548767,0.32927476218901575,0.3669052859186195,76.5950310304761,80.19053008407354,1.0,1.0,5.4117913246154785,5.402739524841309,36.422142028808594,64.39779663085938,338.3380432128906,272.25543212890625,-0.6937786692287773,-1.56047772616148,0.2171261670424298,0.48994738865373055,0.007605415218206465,0.7718824020121247,0.0,-0.9135721921920776,0.011705685618729096,1.658547282218933,6,0.0,0.0,1.0,0.3333333333333333,1.6666666666666667,1.0,0.6666666666666666,0.3333333333333333,522.6666666666666,-82.85027849560538
356352,44544,356352,42045,21022,118.09640311080966,256,256,128,128,1.8943265418056399,1.951905731111765,0.5707933539815713,0.5685870521119796,0.5727409914252348,0.3191436945926398,0.3743462653364986,79.12358785420656,77.11600203439593,1.0,1.0,8.637850761413574,8.405694007873535,31.506507873535156,63.601383209228516,286.052978515625,496.81695556640625,-0.6877602636814117,-1.5582100180909038,0.22169060579482225,0.49362209008644403,0.008160714895037871,0.8163885867688805,0.0,-0.37859877943992615,0.011042944785276074,1.955250859260559,3,0.0,0.0,1.0,0.6666666666666666,1.6666666666666667,1.3333333333333333,0.0,0.3333333333333333,523.6666666666666,-76.64923631274694
358400,44800,358400,42301,21150,118.10594646418197,256,256,128,128,1.921976220794022,1.90249635418877,0.5572830817854992,0.5561517274472862,0.5561037385486998,0.3194346339441836,0.3726702655549161,82.04279838502407,71.81163587421179,1.0,1.0,6.741862773895264,6.507362365722656,36.54124450683594,62.76560592651367,321.4569396972656,258.1813659667969,-0.6734530236572027,-1.5661553405225277,0.21590022235748338,0.491945972644899,0.008208853427492672,0.8211967130191624,0.0,-0.8580564856529236,0.011466011466011465,1.837159276008606,6,0.0,0.0,1.5,0.16666666666666666,2.3333333333333335,1.3333333333333333,0.0,0.16666666666666666,474.1666666666667,-89.0426408979901
360448,45056,360448,42557,21278,118.02618718620673,256,256,128,128,1.809055982157588,1.8687199018895626,0.5534482009879866,0.5572820385932573,0.558592046785634,0.32210445863893256,0.3724074474303052,75.1727327555418,78.33901181071997,1.0,1.0,5.181336879730225,5.9300150871276855,31.64067268371582,63.2738151550293,288.9557189941406,273.5709228515625,-0.6948015111120185,-1.5651096561923623,0.21923515084171669,0.4949752133211563,0.008413489586124614,0.8341535378713161,0.0,-0.6354273557662964,0.011522633744855968,2.6492996215820312,3,0.0,0.0,0.3333333333333333,0.0,1.6666666666666667,2.0,0.6666666666666666,0.0,459.6666666666667,-104.30802599998515
362496,45312,362496,42813,21406,117.91867486529073,256,256,128,128,1.7866463374812156,1.8410784886218607,0.5480774935567752,0.5456252167059574,0.5542556775035337,0.3155454811640084,0.37586269178427756,74.81545139476657,71.22673900797963,1.0,0.99609375,5.646753787994385,5.607104301452637,39.778892517089844,52.37428665161133,270.4150085449219,257.1278076171875,-0.6693561100400984,-1.5597363756969571,0.21998291103986561,0.4923071711902921,0.007769949573506503,0.8411143387202173,0.0,-0.8065536618232727,0.011717673007995588,1.6413912773132324,5,0.0,0.0,0.8,0.0,1.8,2.2,0.0,0.0,473.8,-104.01068574039382
364544,45568,364544,43069,21534,117.8302421421572,256,256,128,128,1.817132924334146,1.8542486913502216,0.550191814196296,0.5551248334813863,0.5539161186898127,0.3132393676205538,0.3680411844397895,74.26389425620437,68.78165040537715,1.0,1.0,5.8104071617126465,5.793203830718994,40.3580436706543,63.81473922729492,371.6925048828125,212.01719665527344,-0.6648015205282718,-1.5556920124217868,0.21882189191513454,0.49089209432421127,0.007957516538785021,0.8765704403631389,0.0,-0.8249124884605408,0.0109403129760421,1.8765778541564941,2,0.0,0.0,1.0,0.0,3.0,2.0,0.0,0.0,477.5,-102.58582653923077
366592,45824,366592,43325,21662,117.85941926973662,256,256,128,128,1.8764083451824263,1.8910872505512089,0.5355660747445654,0.5343208918638993,0.5375041428487748,0.3179340014467016,0.38700671773403883,81.99277893453836,77.13427560031414,1.0,1.0,4.8120646476745605,4.980638027191162,33.96683883666992,63.81659698486328,303.3023681640625,257.40753173828125,-0.6652607484720647,-1.5688298121094704,0.21975731457610923,0.492334586051133,0.008008913289112855,0.8529329008888453,0.0,-0.6801474094390869,0.011518471695462846,2.2796764373779297,6,0.0,0.0,1.1666666666666667,0.8333333333333334,1.6666666666666667,1.0,0.0,0.3333333333333333,525.0,-69.64883970041244
368640,46080,368640,43581,21790,117.76811017108362,256,256,128,128,1.8860528520308435,1.9037856421200559,0.5254193316541205,0.5224444544001017,0.5323568939347751,0.3295939820818603,0.3861722818110138,85.88881032168865,75.9074988886714,1.0,1.0,5.346967697143555,5.2662482261657715,33.08940124511719,52.424076080322266,297.5958251953125,260.79473876953125,-0.6417375484015793,-1.5600030589848757,0.21962630600898855,0.49427082401771966,0.008237911869357385,0.8460236222017556,0.0,-0.6987906098365784,0.011437233016397961,2.1342391967773438,3,0.0,0.0,1.3333333333333333,0.0,2.3333333333333335,1.6666666666666667,0.0,0.0,416.0,-97.35827120544855
370688,46336,370688,43837,21918,117.62894571181754,256,256,128,128,1.8773918927181512,1.9258123093750328,0.5745237027003895,0.5736496316385455,0.5698364440759178,0.30927929788595065,0.3666279539465904,76.93839470297098,70.38963461667299,1.0,1.0,7.7470269203186035,7.986840724945068,31.646162033081055,63.078895568847656,319.8342590332031,329.8498229980469,-0.7055185064673424,-1.56411649659276,0.21761245690115266,0.4907331277390935,0.007943781036673677,0.8185748332180083,0.0,-0.869088888168335,0.010717230008244023,2.213066816329956,5,0.0,0.0,0.6,0.6,2.2,1.8,0.0,0.6,547.0,-78.60921390212533
372736,46592,372736,44093,22046,117.62691827910369,256,256,128,128,1.890201363246888,1.8915571168181486,0.5577420022600563,0.5598472566507553,0.5586380810127594,0.31278580822981894,0.3735265673021786,78.98230216652155,78.24384065717459,1.0,1.0,6.452072620391846,5.790066242218018,39.193115234375,63.21376037597656,295.1453857421875,279.7618713378906,-0.6720451548462734,-1.5613112058490515,0.21573588384516756,0.49104222987262447,0.007879338485024227,0.8334175595082343,0.0,-0.7618845105171204,0.010623620309050773,2.8667614459991455,4,0.0,0.0,1.5,0.0,2.5,1.5,0.0,0.0,405.0,-95.75348310787558
374784,46848,374784,44349,22174,117.53886561673112,256,256,128,128,1.9392137178219855,1.9753082253737375,0.5533645358918875,0.5440168268396519,0.5537321142910514,0.3320270413532853,0.3852478207554668,82.98152278363705,72.59284279495478,1.0,1.0,5.6867995262146,5.47637939453125,29.00333023071289,62.40876770019531,367.1069030761719,405.47509765625,-0.6420295246643946,-1.5695163356140256,0.21674617695783688,0.4939107444928759,0.008179372308754117,0.8756099222227931,0.0,-0.7875739932060242,0.01070399341292713,1.761260747909546,4,0.0,0.0,1.25,0.25,2.0,1.5,0.0,0.25,501.0,-88.29549001479063
376832,47104,376832,44605,22302,117.40871788731458,256,256,128,128,1.8630185413639992,1.8426479870686308,0.5425089478303562,0.5456064850150142,0.5493939574807882,0.32411904929904267,0.379096299468074,80.3374252691865,71.34850643202662,1.0,1.0,6.5105109214782715,6.5310564041137695,37.7934684753418,62.196929931640625,366.60504150390625,366.8465270996094,-0.6536113126203418,-1.5663102651014924,0.2141260826316877,0.4928732231240451,0.007909783211822102,0.875265113543719,0.0,-0.5146862864494324,0.010059815116911366,1.7743103504180908,6,0.0,0.0,1.1666666666666667,0.0,2.6666666666666665,1.5,0.3333333333333333,0.0,417.6666666666667,-97.64433600806751
378880,47360,378880,44861,22430,117.32813710182116,256,256,128,128,1.9320501104230061,1.9122196797979996,0.5297329626409919,0.52718181126329,0.5298174350755289,0.3137827084865421,0.37428840319626033,79.40974083542824,70.88899052888155,1.0,1.0,6.059628486633301,6.132136821746826,39.78268051147461,59.658729553222656,343.366455078125,240.99777221679688,-0.6597466818057001,-1.5642693061381578,0.21904275121227745,0.49623762415145634,0.00875628042307416,0.8631365497130901,0.0,-0.7912026643753052,0.01183106342000275,1.937252402305603,3,0.0,0.0,0.6666666666666666,0.0,2.3333333333333335,2.3333333333333335,0.0,0.0,490.0,-105.02300080836478
380928,47616,380928,45117,22558,117.36358383410423,256,256,128,128,1.9737166233826429,1.9637979558901861,0.5337630099675152,0.5357822201331146,0.5383549836697057,0.34529933671001345,0.38544843974523246,86.85910165309906,80.1104637235403,1.0,1.0,5.85287618637085,6.038335800170898,34.67013931274414,58.727455139160156,487.04498291015625,385.5523986816406,-0.6417980201076716,-1.5551959481090307,0.21865311660539666,0.49355263196979676,0.008489891245840823,0.8735178145579994,0.0,-0.7986729145050049,0.012148512148512149,2.0734400749206543,6,0.0,0.0,1.5,0.0,2.3333333333333335,1.5,0.0,0.0,442.5,-96.07102573920322
382976,47872,382976,45373,22686,117.24253129416174,256,256,128,128,1.8985199264716357,1.8707962522748858,0.5254632042924641,0.5365956827881746,0.5323590818006778,0.3184928391710855,0.37637731374707073,73.71195469796658,69.55111472681165,1.0,1.0,8.475507736206055,8.40343952178955,32.85322570800781,62.244537353515625,309.3386535644531,282.8790283203125,-0.6515282327309251,-1.556654628366232,0.2138585293232205,0.49148777214527867,0.007917226012918652,0.8605817724019289,0.0,-0.7381380796432495,0.01118939079983423,1.7959041595458984,4,0.0,0.0,1.75,0.0,1.5,1.25,0.0,0.0,447.0,-93.3823822937834
385024,48128,385024,45629,22814,117.14813486817242,256,256,128,128,1.8401975338347256,1.8720778985880315,0.5234805621876149,0.524325588667125,0.5237076670455281,0.318265205132775,0.3798251241678372,77.4560596011579,75.597562097013,1.0,1.0,4.83288049697876,4.931178569793701,35.39216613769531,56.946861267089844,284.7660217285156,245.09693908691406,-0.628965730778873,-1.5367748029530048,0.21777828170882624,0.4920527689024302,0.008211797639910432,0.9570382779929787,0.0,-0.628778874874115,0.012248830167905312,2.0549607276916504,5,0.0,0.0,0.8,0.8,3.0,1.4,0.0,0.4,441.4,-73.28036709680309
387072,48384,387072,45885,22942,117.14576931615551,256,256,128,128,1.8646917652804404,1.8775720244739205,0.5291689552250318,0.535876663721865,0.5327227018133271,0.32362468109931797,0.3851756526855752,81.17612619698048,73.13880159705877,1.0,1.0,6.202423095703125,6.1624627113342285,30.050432205200195,55.597801208496094,350.53497314453125,226.78652954101562,-0.6455802619457245,-1.5299310386180878,0.22125719111020328,0.4905921348112963,0.007746161650557855,0.8586709608789533,0.0,-0.5524436831474304,0.010395010395010396,1.9552497863769531,3,0.0,0.0,1.6666666666666667,0.3333333333333333,1.6666666666666667,1.0,0.0,0.3333333333333333,498.6666666666667,-79.15136108986432
389120,48640,389120,46141,23070,117.04598347793963,256,256,128,128,1.9671307668322697,1.970017050683964,0.5401213841469144,0.5426791166319163,0.536864789944957,0.32325542031321675,0.3856454542838037,82.65414510667324,70.83869205415249,1.0,1.0,6.318331718444824,6.392187595367432,40.44276428222656,62.16114044189453,338.67181396484375,246.85826110839844,-0.6556031639920548,-1.5379518400877714,0.22274420101993037,0.49338193034097716,0.008414781526042836,0.8084857331123203,0.0,-0.7544122934341431,0.011391375101708706,2.0409998893737793,6,0.0,0.0,1.3333333333333333,0.3333333333333333,2.1666666666666665,1.3333333333333333,0.0,0.16666666666666666,407.3333333333333,-81.9945522435349
391168,48896,391168,46397,23198,116.97244208255356,256,256,128,128,1.7773320869309828,1.8036305367713794,0.5445882745552808,0.5479976712667849,0.5467854589223862,0.3122048379154876,0.3706486427108757,75.36707843840122,67.17491447925568,1.0,1.0,7.531198978424072,7.857917308807373,39.1087646484375,62.24648666381836,293.52557373046875,230.89859008789062,-0.6572076313896105,-1.5374130457639694,0.22343069478902008,0.49670067395362427,0.008856637155506336,0.8664438989944756,0.0,-0.5022220015525818,0.012639505176818609,1.8785086870193481,4,0.0,0.0,1.5,0.0,2.5,1.5,0.0,0.0,449.75,-96.03324720000137
393216,49152,393216,46653,23326,116.87742324085539,256,256,128,128,1.7468256116262637,1.790386545471847,0.5319346071191831,0.5271207966252405,0.5311640339205042,0.32806268183048815,0.37633380852639675,76.87794417142868,69.90278921276331,1.0,1.0,6.060972690582275,5.943297386169434,34.07833480834961,54.71110916137695,295.180908203125,283.2623291015625,-0.6420318189775571,-1.5515762539580464,0.22569652752072125,0.4976883152777967,0.008811665883048147,0.7926290531177074,0.0,-0.6832115650177002,0.011822258459029759,1.4705818891525269,4,0.0,0.0,1.0,0.5,2.0,1.5,0.0,0.5,556.0,-79.09932853379132
395264,49408,395264,46909,23454,116.87715389546473,256,256,128,128,1.8625562873203307,1.8933344645192847,0.5329155056970194,0.5360306085349293,0.5360997444367968,0.33720249438192695,0.38549661700380966,84.29467142373323,72.6605084091425,1.0,1.0,6.034710884094238,6.435408592224121,35.88653564453125,61.17523956298828,441.3592224121094,294.4144287109375,-0.6512535465881228,-1.5597559828311205,0.22327310556892246,0.49961116303420283,0.009284447569275453,0.8441936422605067,0.0,-0.6310492753982544,0.014154870940882597,2.044928550720215,3,0.0,0.0,0.6666666666666666,0.3333333333333333,3.0,2.0,0.0,0.3333333333333333,483.6666666666667,-90.23361871953723
397312,49664,397312,47165,23582,116.77039089087161,256,256,128,128,1.9134615660877898,1.9216272166231647,0.5159308346319449,0.514766710341064,0.5171376270009205,0.3252389939734712,0.3856777925975621,85.25050942599773,80.06031741946936,1.0,1.0,7.445488452911377,7.08160924911499,33.389320373535156,60.3146858215332,398.47442626953125,268.09344482421875,-0.6265638224722352,-1.5313830962404609,0.2222582060173196,0.49411987061174995,0.008203346862605007,0.8137643893714994,0.0,-0.5921083092689514,0.011645430880942595,1.5316599607467651,5,0.0,0.0,0.2,0.6,1.8,2.2,0.0,0.4,536.2,-85.60156194436858
399360,49920,399360,47421,23710,116.7086198467698,256,256,128,128,1.8239575582556427,1.850737168570049,0.5285656225605635,0.5338050501741236,0.5374377525295131,0.3243323985952884,0.389977304963395,78.95141283795238,73.28877452015877,1.0,1.0,5.377677917480469,5.648009777069092,31.840885162353516,59.63278579711914,368.44647216796875,334.3265075683594,-0.6554925940581597,-1.5384666193276644,0.22479902879004718,0.49584615838185825,0.008621233333224714,0.7917543912772089,0.0,-0.7449648380279541,0.01271420674405749,1.7306965589523315,3,0.0,0.0,1.6666666666666667,0.0,2.3333333333333335,1.3333333333333333,0.0,0.0,482.3333333333333,-95.16293507204985
401408,50176,401408,47677,23838,113.94767195843913,256,256,128,128,1.7639178876997903,1.7693669500295073,0.5337515071878443,0.5367752822294278,0.5382283132857992,0.3636518194107339,0.38634303165599704,85.27543569356203,73.86093560606241,1.0,1.0,4.281686305999756,4.188978672027588,32.91554260253906,54.77688217163086,250.4987335205078,216.36131286621094,-0.6392493406310678,-1.5336847752332687,0.22605516153947686,0.4970659904489867,0.00876726280066349,0.8091886155307293,0.0,-0.4821479618549347,0.012081274025260845,1.5208016633987427,5,0.0,0.0,0.4,0.4,2.2,2.2,0.0,0.4,499.8,-89.6173778298873
403456,50432,403456,47933,23966,113.88802898400753,256,256,128,128,1.805082848179154,1.8725081570446491,0.5088837066869019,0.49826628554728813,0.4992760460961563,0.32655679644085467,0.37558531714603305,82.18216390907764,78.95626669377089,1.0,1.0,7.95741605758667,9.332209587097168,34.71135711669922,59.95900344848633,264.4546203613281,366.74810791015625,-0.6295249480754137,-1.5476658223196864,0.22363710374193566,0.49591717178222644,0.00850722102535751,0.852671627420932,0.0,-0.29687726497650146,0.012923163365641241,1.9662545919418335,6,0.0,0.0,1.0,0.16666666666666666,2.3333333333333335,1.8333333333333333,0.0,0.16666666666666666,479.0,-94.44713675117964
405504,50688,405504,48189,24094,113.78826152151942,256,256,128,128,1.7887255928944796,1.8366228758823127,0.5295911707362393,0.5283298807537449,0.5316529527190141,0.3314301527570933,0.37561325705610216,75.93822472542524,70.73425075411797,1.0,1.0,5.665694713592529,6.133303165435791,30.585769653320312,60.49420928955078,291.078125,288.25836181640625,-0.6497045299038291,-1.5310950614511967,0.22615579261849958,0.4957754326305109,0.008563947545384027,0.8464049634058028,0.0,-0.7198091745376587,0.012956901254773594,2.343141794204712,3,0.0,0.0,1.0,1.3333333333333333,2.3333333333333335,0.6666666666666666,0.0,0.6666666666666666,447.6666666666667,-51.386135225681834
407552,50944,407552,48445,24222,113.84751011439441,256,256,128,128,1.8322974545881152,1.8739682550076395,0.5453627308597788,0.5410573241097154,0.5409064085397404,0.3329079144168645,0.37701081100385636,83.63826295733452,70.69513888657093,1.0,1.0,6.712790012359619,7.465180397033691,36.41380310058594,54.044769287109375,519.8045654296875,306.9828796386719,-0.6631896977778524,-1.5458793956786394,0.22410143531703908,0.4940372762945493,0.008238746828616299,0.7783514482434839,0.0,-0.4254720211029053,0.013177971979470108,1.766345500946045,5,0.0,0.0,0.8,0.8,2.4,1.2,0.2,0.4,505.4,-72.44757099735143
409600,51200,409600,48701,24350,113.8076930202437,256,256,128,128,1.7579355275956914,1.8025507419370115,0.5477629087909008,0.5381744653859641,0.5395734074991196,0.31755305582191795,0.3693331508547999,79.67850522696972,66.06883389130235,1.0,1.0,6.18764591217041,6.107522964477539,32.135704040527344,61.04452133178711,298.0762939453125,245.24395751953125,-0.6594619330717251,-1.5445870086550713,0.22691780755386357,0.4973755242706594,0.008998317006083263,0.8407914694398642,0.0,-0.8339986801147461,0.012108559498956159,1.7185090780258179,3,0.0,0.0,1.3333333333333333,0.6666666666666666,2.3333333333333335,1.0,0.0,0.6666666666666666,483.3333333333333,-67.36430726966803
411648,51456,411648,48957,24478,113.73423069756282,256,256,128,128,1.8877965775318444,1.93096691055689,0.5224533816071926,0.5131929261260666,0.5216357284225523,0.3317663421621546,0.3934862355235964,88.48437806591392,76.0940879508853,1.0,1.0,6.950900077819824,6.4426798820495605,39.13545227050781,58.6080207824707,339.6064758300781,253.86273193359375,-0.6264359820634127,-1.537731871008873,0.2380160757476225,0.5001583264614847,0.009612285141201668,0.9259617426432669,0.0,-0.8997442126274109,0.01391731477691363,2.3264689445495605,6,0.0,0.16666666666666666,1.8333333333333333,0.16666666666666666,2.0,0.5,0.5,0.16666666666666666,450.0,-79.45478074650721
413696,51712,413696,49213,24606,113.73080542127433,256,256,128,128,1.9001899390714243,1.9307221418712288,0.5230982969369506,0.5284762738810969,0.5284632748225704,0.3238923460012302,0.38594566233223304,78.40831338614225,70.55839521437883,1.0,1.0,7.714543342590332,7.328709602355957,30.96944808959961,59.819252014160156,317.6392822265625,259.5917663574219,-0.6317949398653582,-1.5470252837985754,0.22169372820088187,0.4967309151366781,0.008818375115859475,0.8490169947035611,0.0,-0.6103261113166809,0.011588275391956374,1.8455203771591187,3,0.0,0.0,2.3333333333333335,0.0,1.6666666666666667,0.6666666666666666,0.0,0.0,355.3333333333333,-87.94262256159466
415744,51968,415744,49469,24734,113.73393319597486,256,256,128,128,1.8607446025125682,1.8888946158112958,0.5196488012443297,0.5220442480349448,0.5276630274602212,0.31552767008543015,0.38607730984222144,78.13285840302706,71.05919983237982,1.0,1.0,6.260042667388916,6.408336639404297,35.268306732177734,58.46778869628906,353.8629150390625,200.82376098632812,-0.6527195817325264,-1.5529208770021796,0.22606320686223166,0.4980427776220006,0.0087724214955603,0.8357415148057044,0.0,-0.5887115001678467,0.012305611899932387,1.5133360624313354,5,0.0,0.0,0.8,0.6,1.8,1.6,0.0,0.6,538.6,-76.9072290788412
417792,52224,417792,49725,24862,113.60847123786958,256,256,128,128,1.7433173708850518,1.7805635625263676,0.5135981670791807,0.5175378181156702,0.5167096031364053,0.3355862268945202,0.38259139424189925,77.50346176326275,73.01279425621033,1.0,1.0,5.188543796539307,5.129715442657471,29.96742820739746,59.44375228881836,245.0005340576172,338.1272888183594,-0.6184066127752885,-1.5507138259708881,0.22037340027941052,0.4945018248028123,0.008294328515369771,0.8442555065266788,0.0,-0.5654584169387817,0.011623080116230802,1.8807392120361328,5,0.0,0.0,2.0,0.0,3.0,1.0,0.0,0.0,385.0,-90.52535614928419
419840,52480,419840,49981,24990,113.5731983294897,256,256,128,128,1.765888107009232,1.8055774100357667,0.5248967296247429,0.5247433979820926,0.5277702632592991,0.32238735555438325,0.379870698438026,79.00648695975542,70.30645191669464,1.0,1.0,6.013526439666748,6.20695161819458,31.64935302734375,61.40092086791992,241.37144470214844,245.13211059570312,-0.6477876040153205,-1.5462850546464324,0.2199864028477248,0.49599204657949675,0.008462015113744788,0.8145758847240359,0.0,-0.45717906951904297,0.011346340113463402,1.789055347442627,4,0.0,0.0,1.0,0.5,3.0,1.5,0.0,0.25,496.75,-83.00503205267523
421888,52736,421888,50237,25118,113.59859696079711,256,256,128,128,1.7545269598485902,1.7697291387012228,0.528943762772542,0.5332681253057672,0.534878492821008,0.35479318926809356,0.3871036868658848,88.98420636728406,70.49071627110243,1.0,1.0,4.925493240356445,5.103474140167236,29.69975471496582,60.55592727661133,309.2720947265625,220.01803588867188,-0.6333650227170438,-1.5543067157268524,0.22060927146893028,0.49644984438221657,0.008613116978469922,0.7575745675712824,0.0,-0.5894294381141663,0.012285012285012284,2.6283133029937744,4,0.0,0.0,0.75,1.0,1.75,1.0,0.25,0.5,420.75,-60.11599630204182
423936,52992,423936,50493,25246,113.55420467440115,256,256,128,128,1.7623337472905405,1.824965765583329,0.49812017380645557,0.4973016260591976,0.5090108492586296,0.3298770358087495,0.3875184514326975,81.60545375198126,78.84853764623404,1.0,1.0,5.39466667175293,5.522430419921875,32.33310317993164,53.520751953125,565.8212280273438,311.474853515625,-0.6193902787053958,-1.5439918143674731,0.2181218355649314,0.4921906458746376,0.007702572381928802,0.801151312654838,0.0,-0.6953340768814087,0.010154346060113728,1.6962190866470337,5,0.0,0.0,1.0,0.4,1.4,1.2,0.4,0.4,524.8,-80.75520049187863
425984,53248,425984,50749,25374,113.50496257385774,256,256,128,128,1.883028024691157,1.918918794952333,0.5181854445618228,0.5144500868773321,0.5213890473823994,0.3235909336945042,0.38727683713659644,80.23920884728432,72.29854601249099,1.0,1.0,4.539921760559082,4.544772148132324,32.60206985473633,50.98798370361328,282.1908264160156,274.822265625,-0.6284492941340432,-1.5443013291805983,0.2169919911548474,0.49433567561403674,0.008076101963503187,0.9128501017112285,0.0,-0.750676691532135,0.011470425649530127,2.8396880626678467,5,0.0,0.0,1.4,0.2,2.6,1.4,0.0,0.2,497.8,-89.40199319103849
428032,53504,428032,51005,25502,113.46543297038187,256,256,128,128,1.7180898492224514,1.801994027220644,0.5060240502889428,0.5015555178288196,0.5086496920557693,0.32765813055448234,0.3777943396707997,81.33185043558478,82.24893704429269,1.0,1.0,5.261166095733643,5.413177013397217,28.760990142822266,60.51581954956055,361.9434814453125,361.3341064453125,-0.6218433796893805,-1.5353329312056303,0.22498578090363738,0.49653191836446536,0.008515876900955063,0.8455947104375809,0.0,-0.8176791071891785,0.012677414909742318,1.9287763833999634,1,0.0,0.0,1.0,2.0,1.0,0.0,0.0,1.0,600.0,-26.32534540607594
430080,53760,430080,51261,25630,113.42701439233933,256,256,128,128,1.7331622068304569,1.7743451870046556,0.5172506703238469,0.512642227786273,0.5197297423328564,0.3238699621288106,0.37377231067512184,79.44223976135254,75.84773730486631,1.0,1.0,5.3897294998168945,5.638913631439209,31.852188110351562,60.8038330078125,294.58056640625,346.1275634765625,-0.6297111122403294,-1.5566377146169543,0.21880666747569502,0.4965081723364494,0.00849877351954493,0.7999450594652444,0.0,-0.5949636101722717,0.012164429530201342,1.6258444786071777,7,0.0,0.0,0.8571428571428571,0.8571428571428571,2.4285714285714284,1.2857142857142858,0.0,0.42857142857142855,505.0,-70.47970805533429
432128,54016,432128,51517,25758,113.3656881567239,256,256,128,128,1.9010550797684118,1.910436081700027,0.4876184712356917,0.4930584019093658,0.490975434127904,0.34558936511166394,0.3948484695283696,79.91999609023333,75.53434808552265,1.0,1.0,5.845154285430908,5.8797831535339355,30.214069366455078,60.49365997314453,369.1584167480469,227.3477020263672,-0.5952461817651056,-1.5426414906978607,0.21898229867589963,0.4965849771438068,0.008343654167310388,0.8458322938531637,0.0,-0.46755579113960266,0.012548391403016954,2.1591246128082275,3,0.0,0.0,1.3333333333333333,0.0,3.0,1.6666666666666667,0.0,0.0,384.6666666666667,-97.67091064879303
434176,54272,434176,51773,25886,113.30198498133234,256,256,128,128,1.7161066752159968,1.7742632009321824,0.504670278984122,0.49469007755578787,0.5048411609423056,0.3413614195305854,0.3892447646940127,77.60329906642437,78.7554869055748,1.0,1.0,7.006227493286133,6.311535835266113,31.271575927734375,53.516510009765625,304.1029052734375,360.4922790527344,-0.6115798224927858,-1.5506887817755342,0.21966349125766102,0.49782894245746967,0.008418275598081924,0.8385459303390235,0.0,-0.866469144821167,0.012224938875305624,2.0408477783203125,5,0.0,0.0,0.2,1.2,2.2,1.6,0.0,0.8,578.8,-61.52667701876199
436224,54528,436224,52029,26014,113.32972407870116,256,256,128,128,1.7671698046615347,1.8291532798903063,0.5256508699585538,0.5196056106360629,0.5208787317096721,0.3351381222018972,0.38487515540327877,78.82768097519875,73.93182683736086,1.0,1.0,7.091430187225342,6.595922946929932,33.46226119995117,73.20187377929688,357.7187805175781,263.5627136230469,-0.6354671663139015,-1.5503189489245415,0.2226583500726201,0.49816352180503276,0.008777992119300422,0.8068798237945884,0.0,-0.4677772521972656,0.011914657799944583,2.033529281616211,3,0.0,0.0,1.3333333333333333,0.0,2.3333333333333335,0.3333333333333333,1.3333333333333333,0.0,410.6666666666667,-91.1718836002013
438272,54784,438272,52285,26142,113.24857116717875,256,256,128,128,1.778998513938859,1.8320379561046138,0.4875700150805642,0.48979235913611774,0.4987306485636509,0.3471028507919982,0.39168033783789724,80.64466877281666,80.64518857374787,1.0,1.0,5.878953456878662,5.621032238006592,33.01751708984375,58.926082611083984,351.343994140625,404.91485595703125,-0.6073475971934386,-1.5606088610365987,0.221562878545188,0.49808049922477826,0.008802472428073044,0.8421089868061244,0.0,-0.43045011162757874,0.011322280630812778,1.637101411819458,5,0.0,0.2,2.0,0.8,2.4,0.2,0.0,0.6,578.0,-56.155303252531304
440320,55040,440320,52541,26270,113.20262894678942,256,256,128,128,1.818098769406788,1.8450539176119491,0.47267345934142213,0.46373468235287874,0.4773638438364287,0.33698185067623854,0.3919808173086494,79.12996778637171,80.21894253790379,1.0,1.0,6.357537746429443,6.417430400848389,29.309104919433594,73.20571899414062,294.51702880859375,294.5101623535156,-0.5779385854693828,-1.5307497074827552,0.22852153167037706,0.4969500340480682,0.008552086979678067,0.8879870453383774,0.0,-0.6484491229057312,0.01106164845541616,1.9125356674194336,2,0.0,0.0,1.0,0.0,3.0,2.0,0.0,0.0,447.0,-100.83848204745254
442368,55296,442368,52797,26398,113.21590762781726,256,256,128,128,1.747296527842991,1.8252494470216334,0.48231468602534733,0.4849191369503387,0.48966829576238524,0.3361018304130994,0.39627855661092326,82.60291891545057,85.1901557520032,1.0,1.0,5.3268232345581055,5.7431440353393555,35.36911392211914,58.684478759765625,380.7452697753906,329.7516174316406,-0.6050976105034351,-1.5409558173269033,0.2338403594473572,0.5024544640148786,0.009566887867358495,0.8477040647994727,0.0,-0.6371386647224426,0.012471194252406127,2.5687255859375,6,0.0,0.0,1.3333333333333333,0.16666666666666666,2.3333333333333335,1.5,0.0,0.16666666666666666,499.0,-91.25157799521064
444416,55552,444416,53053,26526,113.24798261344093,256,256,128,128,1.7387918503955007,1.8076703312108293,0.4756214582012035,0.47227126425423194,0.4755331795604434,0.34435067675076425,0.38942929345648736,83.77817939966917,78.24041943997145,1.0,1.0,5.864104747772217,5.966522693634033,30.257261276245117,53.19429397583008,348.92523193359375,304.170166015625,-0.5972026848467067,-1.5415475778281689,0.2255246446286225,0.4986273376011896,0.008811382603762328,0.8557036775164306,0.0,-0.5658915638923645,0.01340445903433183,2.203648805618286,2,0.0,0.0,0.0,1.0,1.0,2.0,0.0,0.5,519.5,-74.55504659327562
446464,55808,446464,53309,26654,113.18066137063637,256,256,128,128,1.7773895000573248,1.820772428298369,0.47977939156407956,0.4816351376871353,0.489146410865942,0.33084420568775386,0.3907184386625886,88.81747276335955,76.7274804636836,1.0,1.0,5.151566505432129,5.380183696746826,33.84598159790039,73.11820983886719,451.38360595703125,293.4066162109375,-0.5719266299420269,-1.5253802379593253,0.22982341788653568,0.5009404203014596,0.009049095688873873,0.9381329440511763,0.0,-0.7093234658241272,0.013398960896910036,2.368278980255127,7,0.0,0.0,1.5714285714285714,0.42857142857142855,1.4285714285714286,0.8571428571428571,0.14285714285714285,0.2857142857142857,448.85714285714283,-75.21836187987934
448512,56064,448512,53565,26782,113.1154402241279,256,256,128,128,1.8461225391365588,1.8855080660432577,0.47468917964579305,0.46696415255064494,0.4729030270827934,0.351811517146416,0.397009088890627,82.63048672303557,77.0888833142817,1.0,1.0,8.974509239196777,8.248343467712402,35.022850036621094,61.29697036743164,292.86065673828125,369.07305908203125,-0.5748199738445692,-1.5434242645278573,0.22336161750775707,0.4956919594011724,0.008253322491028182,0.9276529508642852,0.0,-0.735980212688446,0.011097410604192354,2.1282315254211426,3,0.0,0.0,1.3333333333333333,0.3333333333333333,3.0,1.3333333333333333,0.0,0.3333333333333333,386.0,-82.45015331671796
450560,56320,450560,53821,26910,113.16249830401475,256,256,128,128,1.738109926925972,1.735462770331651,0.4646763386663224,0.4663476120113046,0.47059395687938377,0.32824459532275796,0.3837825457449071,81.34486183896661,71.28719641640782,1.0,1.0,5.4836859703063965,5.620704174041748,29.913663864135742,58.49287033081055,470.7071838378906,260.01995849609375,-0.5825677563116187,-1.520156498067081,0.22630881373210252,0.4936730780230967,0.007957271449063549,0.856428453233093,0.0,-0.3362334072589874,0.010726408689748812,2.7841594219207764,4,0.0,0.0,1.75,0.0,2.5,1.25,0.0,0.0,453.25,-93.66458682977645
452608,56576,452608,54077,27038,113.08988251251556,256,256,128,128,1.7667244682088494,1.7828766527818516,0.46506018114178005,0.47045665401310544,0.47539321790100075,0.34114775341004133,0.3856906167929992,86.9186245650053,74.87403413280845,0.99609375,1.0,5.685645580291748,5.183448314666748,28.073514938354492,59.44377136230469,415.1701965332031,249.5033416748047,-0.5866235187713755,-1.5257951337844133,0.22455383808077786,0.49397002239841376,0.008231442905362084,0.839847254101187,0.0,-0.7713990807533264,0.010980073200488003,1.9150619506835938,5,0.0,0.0,1.0,1.0,1.8,1.0,0.0,0.6,524.8,-61.98543239662759
454656,56832,454656,54333,27166,113.00195158533624,256,256,128,128,1.6703585574869066,1.6477161032380536,0.4856874387623975,0.4826723433070583,0.48784772300859913,0.3437163276830688,0.3791009147535078,87.04411701858044,72.95115030556917,1.0,1.0,6.92510986328125,6.744142055511475,30.42321014404297,73.41134643554688,439.688232421875,283.8413391113281,-0.5914950937149115,-1.5260250493884087,0.22320571006701334,0.49477414559858873,0.008217619805341336,0.831420392729342,0.0,-0.3858168125152588,0.010779096738982126,1.9287688732147217,3,0.0,0.0,1.3333333333333333,1.0,3.0,0.6666666666666666,0.0,1.0,600.0,-53.88158710989713
456704,57088,456704,54589,27294,112.98329737428443,256,256,128,128,1.778867882443592,1.8088422102155164,0.47727006691275164,0.4838597098059836,0.47891904019707,0.3461462324485183,0.38552029826678336,79.80562453716993,74.19097646698356,1.0,1.0,5.993512153625488,5.941920757293701,30.759136199951172,53.31859588623047,323.9563293457031,353.1646728515625,-0.5838425034598913,-1.530068033374846,0.22826098731488956,0.4976258343385191,0.00867959279031328,0.863236723234877,0.0,-0.2401697188615799,0.01272055806319245,1.6919641494750977,4,0.0,0.0,0.5,1.0,3.0,1.5,0.0,0.5,544.25,-70.39470010397315
458752,57344,458752,54845,27422,112.92182284990203,256,256,128,128,1.7714705674443394,1.780759880784899,0.46591995781273,0.463439255621779,0.46633291917896713,0.3369224665220827,0.38284821971319616,81.32570131123066,75.40236208587885,1.0,1.0,5.514207363128662,5.580610275268555,30.74093246459961,73.32678985595703,328.1152038574219,237.82643127441406,-0.5680762210977264,-1.530719617381692,0.22243524321177974,0.49262164533091046,0.007704708434843534,0.9111051107756793,0.0,-0.7812207937240601,0.011934499028587288,1.840878963470459,5,0.0,0.0,0.6,0.0,2.6,2.0,0.4,0.0,455.0,-103.61014831110951
460800,57600,460800,55101,27550,112.84766257414508,256,256,128,128,1.7676902679959312,1.7633387570967898,0.43909843797700887,0.4448422700561423,0.4520780654329428,0.35411662328988314,0.3901540950173512,88.88881616294384,78.17051386088133,1.0,1.0,5.620136737823486,5.788299560546875,34.099178314208984,73.31973266601562,428.5696105957031,386.5890808105469,-0.5518499898025766,-1.5247745728120208,0.22029946751343582,0.491643218883896,0.007512967660643249,0.8624831086490303,0.0,-0.40234440565109253,0.010374562112638102,1.8628472089767456,6,0.0,0.0,1.0,0.0,2.6666666666666665,1.6666666666666667,0.3333333333333333,0.0,379.5,-99.31408057317647
462848,57856,462848,55357,27678,112.78203304523603,256,256,128,128,1.7727461907779798,1.7977209492819384,0.4481644282932393,0.4435871711320942,0.4499302170079318,0.34343861520756036,0.3960491621401161,79.99466717243195,77.85754656046629,1.0,1.0,8.622018814086914,8.497922897338867,31.490873336791992,73.43037414550781,288.0903625488281,288.3310546875,-0.5459750533627812,-1.5191395534202456,0.22733722420514,0.49661734218532394,0.00858982513768943,0.8328646162990481,0.0,-0.5199111104011536,0.01176309670359732,2.204144239425659,3,0.0,0.0,0.6666666666666666,1.0,1.6666666666666667,1.3333333333333333,0.0,0.6666666666666666,542.3333333333334,-65.1987605205674
464896,58112,464896,55613,27806,112.81284229921653,256,256,128,128,1.8291988600976765,1.8436654409160838,0.46385180396691794,0.4646944294566424,0.4658956252169446,0.3493937674211338,0.3910190765745938,84.98625296354294,77.44955653697252,1.0,1.0,10.730880737304688,10.05379867553711,35.68144226074219,73.36259460449219,264.5703430175781,308.1373291015625,-0.5619361043791287,-1.5315097514539957,0.22189324169335822,0.4958936958579848,0.00847177153418359,0.9335484129842371,0.0,-0.4912472367286682,0.013787510137875101,2.2044994831085205,4,0.0,0.0,1.0,0.75,2.0,1.25,0.0,0.5,510.75,-71.23495629687932
466944,58368,466944,55869,27934,112.75920011433114,256,256,128,128,1.7665629572002217,1.7994758589193225,0.42212826605464215,0.42638858677128155,0.4282012074436352,0.33590603386983275,0.38839958410244435,78.81088098883629,83.12514409795403,1.0,1.0,5.660669803619385,5.512658596038818,32.64497756958008,56.03033447265625,299.5924377441406,289.0102233886719,-0.510274693442625,-1.5327407428994775,0.2222108782116978,0.49459560500655486,0.00853330875202567,0.9828812968917191,0.0,-0.6141464710235596,0.012269092914254204,3.0324831008911133,4,0.0,0.0,1.0,0.75,2.0,1.25,0.0,0.75,566.0,-66.99303080170284
468992,58624,468992,56125,28062,112.68241051719914,256,256,128,128,1.7247546530561522,1.696294416906312,0.4586656459728147,0.46468728497666234,0.4621577340421936,0.3449937520781532,0.38636785943526775,86.3902674689889,77.24777090549469,1.0,1.0,7.772052764892578,7.767043590545654,29.442415237426758,73.3578109741211,266.46636962890625,393.8311767578125,-0.5529698575846851,-1.5272617172449827,0.222377666050252,0.4961154576300682,0.008497236345290891,0.9059509285725653,0.0,-0.6842827200889587,0.012175324675324676,1.8898481130599976,3,0.0,0.0,0.3333333333333333,1.6666666666666667,3.0,1.0,0.0,0.6666666666666666,567.3333333333334,-49.21799625813825
471040,58880,471040,56381,28190,112.6759428157652,256,256,128,128,1.7538450447609648,1.7677454656222835,0.45121415144967614,0.46005017121933633,0.4575059049311676,0.34661142819095403,0.38587619934696704,82.53347655385733,78.03788752481341,1.0,1.0,6.554142951965332,7.05059814453125,30.545555114746094,73.5395278930664,340.2102966308594,421.4022521972656,-0.5409401896031341,-1.5417728973552585,0.22137491419405156,0.4958505883279289,0.00827852231302473,0.8494348546955734,0.0,-0.28666359186172485,0.011197596613409804,1.6577218770980835,4,0.0,0.0,0.5,0.5,2.0,2.0,0.0,0.5,510.25,-84.3486172894045
473088,59136,473088,56637,28318,112.60739587477266,256,256,128,128,1.7892204214585945,1.7948287252802402,0.4492019484773664,0.4516782280566076,0.45194698262639577,0.34496511484030634,0.39512358035426587,90.32275729253888,81.96709559857845,1.0,1.0,5.192080020904541,5.364927768707275,30.300018310546875,54.831050872802734,396.92254638671875,298.6932373046875,-0.5373628546949476,-1.5432682391256094,0.22024637156862376,0.49655078472904474,0.008465188556557307,0.8852717210538685,0.0,-0.23924380540847778,0.011919441019317715,1.9478914737701416,4,0.0,0.0,0.5,0.25,2.5,2.25,0.0,0.25,507.0,-95.48427021036423
475136,59392,475136,56893,28446,112.5317098142875,256,256,128,128,1.7501737888669595,1.7566623970633373,0.42927464998865617,0.4312311942339875,0.43727968526945915,0.3303365323226899,0.39166798058431596,85.75895889103413,76.54818468540907,1.0,1.0,5.536511421203613,5.547689437866211,32.51829147338867,54.70528793334961,389.13641357421875,248.18287658691406,-0.5474551190563943,-1.5359351933002472,0.21801292465052421,0.4934014942235787,0.008001715060863196,0.9026112640276551,0.0,-0.5359413623809814,0.01136208076659822,2.5487546920776367,3,0.0,0.0,2.0,1.0,2.3333333333333335,0.0,0.0,1.0,600.0,-47.68790492846498
477184,59648,477184,57149,28574,112.5175765178901,256,256,128,128,1.8003641965333372,1.794333579018712,0.4318353176022356,0.43411291548909503,0.436807995007257,0.35767891188152134,0.4009735656436533,93.5118560642004,78.86124782264233,1.0,1.0,6.155099868774414,6.048640251159668,31.506084442138672,54.36325454711914,279.3552551269531,381.7588195800781,-0.5573490097303875,-1.531221553683281,0.21973320111606046,0.49419207198145443,0.008079730594682527,0.9239060105755925,0.0,-0.6972993016242981,0.01190965092402464,2.5173492431640625,4,0.0,0.0,0.25,0.5,2.5,2.25,0.0,0.5,559.5,-86.96241407755042
479232,59904,479232,57405,28702,112.51161716143841,256,256,128,128,1.6864379266044125,1.6834672793047503,0.45136703110711096,0.4474051896090714,0.44982753644580953,0.34034587955102324,0.3851743050618097,83.20308180525899,74.46692605316639,1.0,1.0,5.830483913421631,5.911802768707275,31.183258056640625,56.1303825378418,343.0690612792969,326.6906433105469,-0.5801864666573238,-1.5341712208464742,0.22059171613968512,0.4951850338562646,0.008324097368611763,0.8737725066021085,0.0,-0.5113646388053894,0.011489645958583834,2.0920093059539795,5,0.0,0.0,0.6,1.0,2.2,1.4,0.0,0.4,524.8,-69.16702495377248
481280,60160,481280,57661,28830,112.45112839079094,256,256,128,128,1.799436882021837,1.761971821426414,0.45390379535365355,0.4563543273311552,0.46112156815070193,0.34663595573510975,0.39013784017879516,84.6266787275672,73.01177489757538,1.0,1.0,7.19877815246582,6.920821666717529,29.84453010559082,60.175941467285156,329.7451477050781,328.0302734375,-0.5563326587725896,-1.5253715077415109,0.225498003594864,0.4950054779626089,0.008213465682651,0.8808944462798536,0.0,-0.45625513792037964,0.011688835147118097,1.9554210901260376,3,0.0,0.0,0.6666666666666666,0.0,2.3333333333333335,2.3333333333333335,0.0,0.0,506.3333333333333,-106.14481397576758
483328,60416,483328,57917,28958,112.40332145787106,256,256,128,128,1.737035040045157,1.7350996976019815,0.4370504907046211,0.44225493719568476,0.4394695815281011,0.3632141025736928,0.39056417893152684,87.41661930084229,81.44825419783592,1.0,1.0,5.988129138946533,5.834303379058838,26.308147430419922,73.5631332397461,314.2704772949219,376.6939392089844,-0.5332358171581291,-1.517144724726677,0.22617296438737564,0.4943261601127483,0.008121609136396892,0.8883101618848741,0.0,-0.47417181730270386,0.010686395396629675,1.7819538116455078,3,0.0,0.0,0.0,0.6666666666666666,1.6666666666666667,2.3333333333333335,0.0,0.6666666666666666,536.3333333333334,-81.6090978035257
485376,60672,485376,58173,29086,112.42330877364675,256,256,128,128,1.7199776850175112,1.7372309151105583,0.42012962240187335,0.4207261376795941,0.4204864175408147,0.33901432098355144,0.3854290717281401,86.30973337590694,73.9591971412301,1.0,1.0,7.003695487976074,7.512326717376709,29.507442474365234,58.361759185791016,326.1051940917969,266.9956970214844,-0.5426299311511684,-1.5186947202309966,0.22432082358031663,0.49446430164197286,0.008254005929167942,0.8858628901652992,0.0,-0.6155598759651184,0.012203482791718085,1.7059425115585327,5,0.0,0.0,0.8,0.6,2.6,1.6,0.0,0.4,549.4,-80.64913004607948
487424,60928,487424,58429,29214,112.340411638673,256,256,128,128,1.6861478349892423,1.658909947029315,0.4205058314546477,0.4253746421309188,0.43289159582491266,0.36286443192511797,0.392508868011646,90.04162487760186,72.90235491842031,1.0,1.0,7.462924957275391,7.363247871398926,31.904958724975586,73.58290100097656,396.658935546875,236.27659606933594,-0.503268432978075,-1.5142177194356918,0.223753441294439,0.4958205856803304,0.008537850499406975,0.8918089170474559,0.0,-0.2619042694568634,0.011841567986933442,2.084280252456665,3,0.0,0.0,1.0,0.6666666666666666,2.3333333333333335,1.3333333333333333,0.0,0.6666666666666666,557.3333333333334,-73.1961133111763
489472,61184,489472,58685,29342,112.30676523280073,256,256,128,128,1.6859021387062967,1.7126753808697686,0.4116179355769418,0.4183871638920209,0.4139373981161043,0.34666914481204003,0.386013125651516,83.33789855241776,82.7080374583602,1.0,1.0,6.813864707946777,6.456162929534912,29.344032287597656,59.10901641845703,485.89642333984375,336.48065185546875,-0.5081634451053105,-1.5112330671399832,0.22662956756464514,0.49813082362549743,0.00877654008587856,0.9206682024523616,0.0,-0.47654762864112854,0.011310711909514305,2.1146087646484375,4,0.0,0.0,0.75,0.5,3.0,1.75,0.0,0.5,568.0,-84.2029318658997
491520,61440,491520,58941,29470,112.29805017500095,256,256,128,128,1.8033653863240033,1.812505649169907,0.3876682406062173,0.3838023773087116,0.3854449217833462,0.35073032591026276,0.3886864855303429,82.87122867256403,78.68592321127653,1.0,1.0,6.409392356872559,6.252204418182373,27.520000457763672,73.56314086914062,337.15948486328125,304.8847961425781,-0.5014270973042585,-1.5251815654337406,0.22553097461107638,0.49741461438403245,0.008794992384901387,0.884311540517956,0.0,-0.5706824660301208,0.012534435261707989,1.6664812564849854,4,0.0,0.0,0.75,0.5,2.0,1.25,0.5,0.5,560.0,-79.60033341373583
493568,61696,493568,59197,29598,112.2737696807203,256,256,128,128,1.782830888289027,1.796234423527494,0.38739025233735447,0.3890710336581833,0.391113887681513,0.34347889537457377,0.3916092065628618,85.64571726322174,74.85863547772169,1.0,1.0,6.708637714385986,7.340000152587891,28.63044548034668,73.6147689819336,314.69940185546875,258.42034912109375,-0.4929891876090551,-1.5222833305597305,0.22376430739379236,0.4952131482719498,0.00839299944129555,0.8885260820388794,0.0,-0.37806937098503113,0.011748633879781421,3.1465747356414795,4,0.0,0.0,0.25,0.25,3.0,2.0,0.5,0.25,502.5,-95.10401390803145
495616,61952,495616,59453,29726,112.23060004518646,256,256,128,128,1.6575706098228693,1.6656699335435405,0.4086292905758455,0.40867356724356796,0.41530634109221864,0.3520302375545725,0.38707079051528126,80.58496345207095,75.25761029869318,1.0,1.0,6.835239887237549,6.662299156188965,28.692201614379883,73.53738403320312,252.7310333251953,212.26490783691406,-0.5118880304071354,-1.524623897857964,0.22321757619625424,0.49539032000288535,0.008351621718902436,0.8730848345439881,0.0,-0.5500511527061462,0.011484823625922888,1.684247612953186,3,0.0,0.0,1.3333333333333333,1.0,1.6666666666666667,0.6666666666666666,0.0,0.3333333333333333,521.0,-62.68164702014959
497664,62208,497664,59709,29854,112.19816219035361,256,256,128,128,1.7307179946219549,1.7737181185511872,0.41709988483125926,0.41133830495436996,0.41800117086677346,0.36006638943217695,0.39662666129879653,84.08223223686218,81.37061596661806,1.0,1.0,7.77142333984375,6.722232341766357,28.96198272705078,73.59156036376953,342.20135498046875,418.8434143066406,-0.5134243064676411,-1.4990241071209311,0.23175725154310695,0.4990046996551539,0.009168220688818602,0.9593848171643913,0.0,-0.06654629111289978,0.0120763002607383,2.424417734146118,6,0.0,0.0,1.1666666666666667,0.5,2.0,1.0,0.3333333333333333,0.3333333333333333,496.3333333333333,-78.15950363587899
499712,62464,499712,59965,29982,112.24492788418225,256,256,128,128,1.7236996452556923,1.778822691179812,0.3992194411594028,0.39251164930465166,0.40855489911700715,0.3477883425075561,0.3965540751814842,91.04772512614727,92.49029418081045,1.0,1.0,5.67194938659668,5.8686113357543945,28.389263153076172,73.53909301757812,393.756103515625,374.942138671875,-0.48337516998435603,-1.510169300250709,0.22680466788084108,0.49585118952751644,0.008498035926342162,0.9515025364235044,0.0,-0.1629132628440857,0.011733333333333333,2.0684895515441895,2,0.0,0.0,0.5,0.0,2.0,2.5,0.0,0.0,431.5,-105.6874177970094
501760,62720,501760,60221,30110,110.07857805562496,256,256,128,128,1.7770019023446366,1.8218767405487597,0.3881874133238057,0.39250097252079286,0.39388419481838355,0.3541355518391356,0.3971366569167003,80.44015115126967,92.20671261101961,1.0,1.0,6.356547832489014,6.146420955657959,26.11141014099121,73.59202575683594,282.86968994140625,368.2937927246094,-0.4928553136269329,-1.5186522845178843,0.22869808870548228,0.4967761296014308,0.008415571522459048,0.8885766302701086,0.0,-0.4882052540779114,0.011038430089942763,1.7664467096328735,7,0.0,0.0,0.5714285714285714,0.5714285714285714,1.4285714285714286,1.7142857142857142,0.14285714285714285,0.2857142857142857,467.0,-81.60930763779263
503808,62976,503808,60477,30238,110.05751426144501,256,256,128,128,1.7238043220713735,1.7477084931451827,0.40248889016220346,0.4018713090554229,0.4034072937286055,0.3563513794215396,0.38895823794882745,77.19025687873363,80.44147399067879,1.0,1.0,7.2397332191467285,7.121931552886963,29.95136833190918,56.2481689453125,309.0851135253906,326.1667785644531,-0.5013163221919967,-1.50664999242872,0.22868244577154848,0.49637173915542526,0.008310981063922277,0.9472613101825118,0.0,0.016656115651130676,0.012203482791718085,2.628901481628418,2,0.0,0.0,0.5,0.5,2.0,2.0,0.0,0.5,535.0,-83.59161241736729
505856,63232,505856,60733,30366,110.083785931067,256,256,128,128,1.7068702530814335,1.7194771266076714,0.3999762025878226,0.4094411095302348,0.4081083904438856,0.34626848611515015,0.3902658458100632,88.62826565653086,79.84469900280237,1.0,1.0,6.779528617858887,6.526754379272461,28.835418701171875,73.70004272460938,391.2987060546875,367.0276184082031,-0.5181918882499303,-1.5220049917697906,0.22651727006244501,0.49831055405233005,0.00875421548528742,0.9385588660370559,0.0,-0.8514639735221863,0.012145748987854251,2.2832674980163574,6,0.0,0.0,0.3333333333333333,0.3333333333333333,2.3333333333333335,2.0,0.3333333333333333,0.3333333333333333,538.5,-91.97632119647733
507904,63488,507904,60989,30494,110.03691032293617,256,256,128,128,1.7605837108567357,1.755285770399496,0.39621998948496184,0.3910412043760516,0.3972409560192318,0.35587600886356086,0.39305254083592445,85.93504294008017,84.52377964556217,1.0,1.0,6.1322197914123535,6.267603874206543,29.008211135864258,54.451934814453125,374.56561279296875,299.395751953125,-0.5007364182092715,-1.5132648702710867,0.22765998586990777,0.49800289336880227,0.008736956970076858,0.8914060818497092,0.0,-0.5502509474754333,0.013116970926301555,2.723586320877075,2,0.0,0.0,1.0,1.0,2.0,1.0,0.0,0.5,501.5,-65.07604818691925
509952,63744,509952,61245,30622,109.99338813248553,256,256,128,128,1.6505208438029513,1.6810406924923882,0.380337971661902,0.3813015915372375,0.3892983746518439,0.3439766274532303,0.3874700573505834,85.09951614588499,88.15354991704226,1.0,1.0,5.913272380828857,5.57023286819458,29.956626892089844,73.62016296386719,393.04705810546875,405.9560241699219,-0.48571253928821534,-1.494934150017798,0.23182659790958354,0.49673818599559494,0.008667745221319814,1.0017373759765178,0.0,-0.445523202419281,0.011779041429731926,2.2369697093963623,4,0.0,0.0,0.5,0.5,2.5,2.0,0.0,0.25,538.5,-87.35561875922394
512000,64000,512000,61501,30750,110.0611704232708,256,256,128,128,1.6693144999444485,1.692187138600275,0.40941149539685284,0.4010022197380749,0.4048532587548834,0.35866316535975784,0.3900987522210926,79.37266873940825,81.55385342240334,1.0,1.0,7.572470188140869,7.136376857757568,29.179248809814453,73.77735137939453,268.8219909667969,259.7340393066406,-0.49331359007919673,-1.488609946332872,0.23221814148679665,0.49768131057563164,0.008785884333120476,0.9713565080892295,0.0,-0.5314576625823975,0.013058696822832526,2.0414092540740967,3,0.0,0.0,0.6666666666666666,1.3333333333333333,3.0,1.0,0.0,1.0,600.0,-50.509654574335094
514048,64256,514048,61757,30878,110.0883028743955,256,256,128,128,1.599425347871147,1.6317576112924144,0.39112992211994424,0.39365143380564405,0.39462416672176914,0.3463774082483724,0.3825141031993553,76.25099736452103,81.37594940513372,1.0,1.0,5.159106254577637,5.124540328979492,31.482620239257812,73.73511505126953,351.7016906738281,326.27734375,-0.48725736697451794,-1.5058484738692641,0.23141119672856506,0.49607901241805763,0.00835611211682755,0.8566159908659756,0.0,-0.29998403787612915,0.01128543903110377,1.8114979267120361,5,0.0,0.0,1.0,0.2,2.2,1.4,0.4,0.2,516.4,-91.31780438595379
516096,64512,516096,62013,31006,110.09034456062294,256,256,128,128,1.7179656693479046,1.685911218286492,0.4036507819112174,0.4007437482414389,0.4019604214809078,0.35941485897637904,0.3884344204561785,83.47567544132471,74.18911404535174,1.0,1.0,5.746449947357178,5.6263203620910645,27.407560348510742,55.48261260986328,316.7674255371094,288.8297424316406,-0.4980014579023191,-1.4901416106149554,0.23661410053952384,0.4999396878278706,0.009186753545505667,0.9052799916826189,0.0,-0.4546637535095215,0.013317191283292978,1.8269047737121582,4,0.0,0.0,0.25,1.5,1.75,1.0,0.25,0.5,463.0,-50.00566744277603
518144,64768,518144,62269,31134,110.10530872543576,256,256,128,128,1.657511082245037,1.6484480963554233,0.4089738924358244,0.4062546507375373,0.408807600673299,0.3535477912519127,0.3867831202223897,88.1014245301485,80.47015863656998,1.0,1.0,8.39346981048584,8.192522048950195,28.320571899414062,59.554229736328125,524.279296875,269.1348571777344,-0.5143805902043823,-1.5021531134843826,0.23479674918652715,0.5020774941967961,0.0094273641093321,0.9148861267603934,0.0,-0.7881805896759033,0.013150831991411701,2.7625513076782227,4,0.0,0.0,0.0,0.5,2.5,2.5,0.0,0.25,493.25,-92.37351558904629
520192,65024,520192,62525,31262,110.16901655475455,256,256,128,128,1.649851750349626,1.6845059330807999,0.3950418100102979,0.39357435710371647,0.3996867345740611,0.3410086896037683,0.3850941453129053,74.5899375602603,79.68483369424939,1.0,1.0,8.469688415527344,7.3391337394714355,26.374969482421875,73.74068450927734,232.67974853515625,260.3885803222656,-0.49842872202862054,-1.5147361950948834,0.2335201841326982,0.49855100346270775,0.008424858508136948,0.9422221051063389,0.0,-0.3881584405899048,0.011648381416768251,1.8966245651245117,3,0.0,0.0,1.0,2.0,1.6666666666666667,0.0,0.0,1.0,600.0,-26.57706842570292
522240,65280,522240,62781,31390,110.18272210484372,256,256,128,128,1.5742310715140775,1.5985579353291541,0.3824780872582778,0.3822943607719935,0.3897010312621205,0.3435115311294794,0.38569224858656526,78.30159878730774,77.31876077502966,1.0,1.0,6.681055068969727,6.9690937995910645,27.987491607666016,73.71498107910156,369.44268798828125,375.92022705078125,-0.4650897306855768,-1.4986606473103166,0.23280669925872532,0.49852451867039027,0.008960789717503245,0.9100890455301851,0.0,-0.14004573225975037,0.012737127371273712,1.8831826448440552,5,0.0,0.0,0.6,1.2,1.8,1.2,0.0,0.6,537.0,-60.37594624318881
524288,65536,524288,63037,31518,110.20655511176795,256,256,128,128,1.623248395160772,1.6174319483106956,0.4146276483661495,0.41594467289587556,0.4071241736164666,0.3364377572434023,0.37972054386045784,82.06406500190496,83.27976942807436,1.0,1.0,5.344573974609375,5.454277038574219,29.190950393676758,73.72030639648438,326.4418029785156,241.88157653808594,-0.5434540288406424,-1.5190171701833606,0.23019178967307785,0.4977477298931802,0.00850982412274715,0.944866371108219,0.0,-0.593364953994751,0.011670020120724347,2.0661988258361816,2,0.0,0.0,0.5,0.5,2.0,2.0,0.0,0.5,553.0,-84.1925475163589
526336,65792,526336,63293,31646,110.22303816482564,256,256,128,128,1.605312648229301,1.6248658645199612,0.40339212531762314,0.39740736653038766,0.4031518285628408,0.3349132110597566,0.376149351533968,82.05232406407595,77.86934691667557,1.0,1.0,5.486230850219727,5.475305080413818,28.365110397338867,73.78388977050781,248.77972412109375,313.1978454589844,-0.5055101876205299,-1.4964138083159924,0.23226028113552835,0.4976500228787123,0.008499496923256578,0.9061143188737333,0.0,-0.5425543785095215,0.011229800054779512,1.7625257968902588,5,0.0,0.0,0.2,0.6,2.2,1.4,0.8,0.4,544.8,-81.1799782721966
528384,66048,528384,63549,31774,110.2825061633028,256,256,128,128,1.6772074045147747,1.6555131463101134,0.3954024850272617,0.39226207262800017,0.39866571264428785,0.3370392717188224,0.38453440042212605,81.03405081480742,82.98530130833387,1.0,1.0,6.481629371643066,6.623077392578125,28.748680114746094,61.6642951965332,283.4284362792969,410.41998291015625,-0.5015236292383634,-1.499080034904182,0.23408857781763112,0.49990925561265265,0.008835216238119932,0.9284352154936641,0.0,-0.4381902515888214,0.012639505176818609,3.2627861499786377,4,0.0,0.0,0.25,1.0,2.25,1.5,0.25,0.75,544.25,-65.81427689697648
530432,66304,530432,63805,31902,110.29456761600271,256,256,128,128,1.7020467972615734,1.7197873432887718,0.3940795201342553,0.39576886676411505,0.39610916006495245,0.3475126576377079,0.3886721645249054,86.25631169229746,82.83757568150759,1.0,1.0,7.324375152587891,7.611922264099121,29.673324584960938,73.82695770263672,366.1795654296875,330.4435119628906,-0.5055728585357429,-1.5121745988726616,0.23304038329069882,0.4997578657931368,0.008761013705012533,0.991477858973667,0.0,-0.8142361640930176,0.011822258459029759,2.2461650371551514,3,0.0,0.0,0.3333333333333333,1.3333333333333333,2.3333333333333335,1.3333333333333333,0.0,0.6666666666666666,530.0,-58.101740276130535
532480,66560,532480,64061,32030,110.2809148120871,256,256,128,128,1.6550201097270474,1.6219552789116278,0.4097471877157659,0.40371196197338577,0.4103225771577854,0.3458170990925282,0.380600183038041,79.94873585179448,78.5927359238267,1.0,1.0,6.081467628479004,5.540435791015625,31.676626205444336,59.10988235473633,248.3979949951172,275.2899475097656,-0.5221003283659229,-1.5141296666115522,0.23272940353796473,0.4982438178215829,0.008652994311727202,0.8985297190956771,0.0,-0.6882213354110718,0.011605937921727396,1.9192047119140625,3,0.0,0.0,0.6666666666666666,1.3333333333333333,1.6666666666666667,1.0,0.0,1.0,600.0,-51.11055168690003
534528,66816,534528,64317,32158,110.31441100495294,256,256,128,128,1.641632971353829,1.6946450085379183,0.3914158334628155,0.3887796464700841,0.39233376105494244,0.3494510867167264,0.3926227600313723,87.67189002037048,91.71025481075048,1.0,1.0,5.475512981414795,5.439839839935303,32.295772552490234,55.39250183105469,285.1529235839844,361.9044189453125,-0.48674943996775255,-1.5012844493612647,0.2315503294018116,0.4996251068529327,0.008619862004625037,0.9849561301525682,0.0,-0.5955639481544495,0.01195814648729447,2.731191873550415,5,0.0,0.0,1.0,0.4,1.8,1.6,0.0,0.4,521.8,-83.37576459190605
536576,67072,536576,64573,32286,110.3500790455798,256,256,128,128,1.6440918737789616,1.6528315272880718,0.37963236575524206,0.37717286690667606,0.3840569227195374,0.3488346223020926,0.3909643031656742,88.46945720911026,88.78338489681482,1.0,1.0,5.8721723556518555,5.827154159545898,28.173728942871094,58.26642608642578,418.3133544921875,340.041015625,-0.4863978035755281,-1.5208123940974474,0.2301871152879411,0.498514255061442,0.008599510266706419,0.9127541698981076,0.0,-0.17394784092903137,0.012066365007541479,2.1494972705841064,3,0.0,0.0,0.6666666666666666,1.0,3.0,1.3333333333333333,0.0,0.3333333333333333,514.6666666666666,-69.48767581777065
538624,67328,538624,64829,32414,110.36714397233038,256,256,128,128,1.636616768897511,1.6588191840564832,0.38365212721146236,0.3843332359356282,0.3862852279780782,0.34805845422670245,0.38367110362742096,81.32392904907465,84.10319697111845,1.0,1.0,5.7432780265808105,5.537720680236816,29.120834350585938,58.09641647338867,367.3890075683594,269.26654052734375,-0.48518803405931976,-1.5116285337135196,0.23284626823346272,0.5005175199822129,0.008911411658590726,0.9623967118095607,0.0,-0.5311417579650879,0.012773474656882729,2.274097204208374,6,0.0,0.0,0.5,0.5,2.6666666666666665,2.0,0.0,0.3333333333333333,515.1666666666666,-87.08665324047115
540672,67584,540672,65085,32542,110.37401702005552,256,256,128,128,1.6991307538701221,1.701308179879561,0.376345979710095,0.38320608151479973,0.38290417991754566,0.34727732732426375,0.3890533283120021,79.67259671539068,81.10979397594929,1.0,1.0,6.438792705535889,6.332551956176758,37.89693069458008,73.77256774902344,334.2370300292969,385.6651611328125,-0.48289240743361006,-1.519746296107769,0.2298633850899626,0.4975621488266156,0.008294956470286894,0.8635912109166384,0.0,-0.47794920206069946,0.011165577342047931,1.7206385135650635,2,0.0,0.0,1.0,1.5,2.0,0.5,0.0,1.0,600.0,-43.91371001495281
542720,67840,542720,65341,32670,110.43121650789469,256,256,128,128,1.620452483650297,1.6189194895559922,0.3991795340716635,0.39322831042045436,0.4006362842301314,0.34652847063262016,0.38518170348834246,89.22295441478491,84.49785767495632,1.0,1.0,6.002508640289307,6.010903358459473,29.828258514404297,73.926513671875,301.12457275390625,318.818115234375,-0.4984559799002568,-1.5127432774752378,0.2306021633456924,0.4995177388380476,0.00883322368790252,0.8787197461351752,0.0,-0.1810319721698761,0.011798209926769731,1.9777827262878418,4,0.0,0.0,0.0,1.25,1.25,1.5,0.25,1.0,600.0,-57.271778444635856
544768,68096,544768,65597,32798,110.4416287523056,256,256,128,128,1.656292310799472,1.6344182607717812,0.38322108543798095,0.3911325470032807,0.3915291622870427,0.33970061992295086,0.3892812477424741,89.17392448335886,84.26676235347986,1.0,1.0,6.045321941375732,5.824141502380371,27.51597785949707,54.52013397216797,357.4694519042969,337.8305969238281,-0.5123539815831464,-1.5073760859668255,0.2294127162353303,0.49909827166800025,0.008622564915826077,0.9102527049835771,0.0,-0.358083575963974,0.01132951132951133,1.8010227680206299,4,0.0,0.0,1.0,0.5,3.0,1.5,0.0,0.5,464.5,-79.1543915431348
546816,68352,546816,65853,32926,110.4343169868415,256,256,128,128,1.6817680592648685,1.6568274433957413,0.37423862142532016,0.3836319484626074,0.3794572611413969,0.3543627628823742,0.3946148125687614,97.54105733335018,84.44319757819176,1.0,1.0,5.844873428344727,5.876356601715088,30.925853729248047,73.69169616699219,448.91241455078125,364.6157531738281,-0.47513257927494124,-1.50027696788311,0.2327411638467032,0.5010467320640242,0.00891229151885837,0.9172936950344592,0.0,-0.49771052598953247,0.012695840086439762,1.7158594131469727,4,0.0,0.0,0.75,0.75,2.75,1.25,0.25,0.5,550.75,-72.9875269484495
548864,68608,548864,66109,33054,110.44727978661133,256,256,128,128,1.606226681964472,1.6200367189012468,0.398359065024124,0.39258308059652336,0.39652234011737164,0.35117895423900336,0.38264685205649585,84.27362439781427,88.41344317048788,1.0,1.0,5.07330846786499,5.16012716293335,30.236757278442383,54.648014068603516,335.2044677734375,296.3144836425781,-0.49963745901186485,-1.5017661890015006,0.23106437923712184,0.49902446630767383,0.008663574613107315,0.9356021841522306,0.0,-0.2997141182422638,0.012037037037037037,1.9639968872070312,4,0.0,0.0,0.25,0.75,3.0,2.0,0.0,0.5,570.0,-79.48861040923475
550912,68864,550912,66365,33182,110.53091594870553,256,256,128,128,1.5858532569836825,1.570477812201716,0.38071193530959135,0.384155820003798,0.3801263000968902,0.3573840142926201,0.3845005746698007,85.78068003803492,74.51927171647549,1.0,1.0,5.345134258270264,5.263790607452393,29.648353576660156,73.81099700927734,285.8541259765625,301.8359069824219,-0.4806868714513257,-1.5015996173024178,0.22777976663942584,0.4982802682402086,0.008396192741178811,0.9059815048240125,0.0,-0.5400934219360352,0.012742307170936695,2.1224939823150635,3,0.0,0.0,0.6666666666666666,1.0,2.3333333333333335,1.3333333333333333,0.0,0.6666666666666666,531.6666666666666,-65.54098381011015
552960,69120,552960,66621,33310,110.52761540110859,256,256,128,128,1.6695231605554,1.666133333579637,0.39336913823353825,0.3968839307726739,0.3933828495501075,0.3576482847565785,0.39306801150087267,96.10118252784014,82.88619554042816,1.0,1.0,6.847654819488525,6.333732604980469,25.316171646118164,55.719173431396484,452.7635498046875,561.85400390625,-0.5042162796889897,-1.4902163445949554,0.23065797670392169,0.49815476044429224,0.00861244886428477,0.9277900843881071,0.0,-0.10039325058460236,0.01194791247147268,1.7982945442199707,5,0.0,0.0,0.4,1.0,2.6,1.2,0.4,0.6,528.2,-66.69515662219347
555008,69376,555008,66877,33438,110.52298801673402,256,256,128,128,1.6232675219653174,1.5794726876774803,0.3600375926835113,0.3593866314159868,0.3651851808263018,0.3593456787057221,0.3925671753240749,94.28821562230587,77.22432454675436,1.0,1.0,5.983343124389648,5.625959396362305,29.022279739379883,53.849281311035156,298.86944580078125,334.2698669433594,-0.4360868281146395,-1.5052020512521267,0.2316075178495555,0.5009101627614854,0.008928850528223812,0.9176162288058549,0.0,-0.46898508071899414,0.011702986279257466,1.6576228141784668,3,0.0,0.0,0.6666666666666666,0.0,3.0,2.3333333333333335,0.0,0.0,472.6666666666667,-105.35312383641212
557056,69632,557056,67133,33566,110.54166757004764,256,256,128,128,1.542179634096101,1.5527941613690928,0.3705124551215704,0.3679797961053737,0.3691187419644848,0.33556790847796947,0.381638984545134,80.90675906091928,75.2227158471942,1.0,1.0,5.772584438323975,5.489309787750244,27.44406509399414,54.666481018066406,409.7330627441406,294.7253112792969,-0.4614772461318353,-1.49447603803128,0.23372623972606135,0.5009148408591494,0.008907686940546963,0.9291133340448141,0.0,-0.3277096152305603,0.012320328542094456,1.8533480167388916,4,0.0,0.0,1.0,0.75,2.5,0.75,0.5,0.75,582.0,-66.17039067229507
559104,69888,559104,67389,33694,110.58636989373674,256,256,128,128,1.6848061896162108,1.6664428670192137,0.35587711624430085,0.3499421330154746,0.35521037372018327,0.35639465949498117,0.39332714187912643,96.68495992571115,83.58121605217457,1.0,1.0,6.161484718322754,6.035292148590088,25.667085647583008,73.98664093017578,369.90234375,253.6907196044922,-0.48795287631219253,-1.5069325426593423,0.2321498692040103,0.501043443600847,0.009087049024373961,0.910073050763458,0.0,-0.5294971466064453,0.012985218952894046,2.342001438140869,4,0.0,0.0,0.25,1.25,2.0,1.0,0.5,1.0,600.0,-54.30843249480313
561152,70144,561152,67645,33822,110.57116936876554,256,256,128,128,1.5871357903815806,1.6152575399028137,0.3606789770510659,0.35554293698578476,0.3589906661400164,0.3451461052754894,0.38764753856230527,73.68994516506791,85.48140652477741,1.0,1.0,5.1467390060424805,5.375879764556885,27.3421688079834,53.87575912475586,268.2173767089844,351.2764892578125,-0.47387610791338375,-1.4943813476711512,0.23379143935938498,0.5013602041797715,0.008896844222868032,0.9486474429722875,0.0,-0.7304854393005371,0.011198672749896308,2.009392499923706,3,0.0,0.0,0.6666666666666666,0.0,2.3333333333333335,2.3333333333333335,0.0,0.0,511.3333333333333,-105.5080960049163
563200,70400,563200,67901,33950,110.5810379305442,256,256,128,128,1.5460547979455441,1.5429290019674227,0.3842121529451106,0.3882533779997175,0.38987592030025553,0.3469838087912649,0.3841566205956042,88.52922485023737,77.3707723915577,1.0,1.0,6.2523603439331055,6.133513450622559,31.291996002197266,54.09626770019531,301.05035400390625,243.76963806152344,-0.5011607941414695,-1.5016684690490365,0.23206721136984224,0.5012718359666045,0.009092333348354367,0.9155417068395764,0.0,-0.349666029214859,0.011890447561790246,2.5794029235839844,4,0.0,0.0,0.25,0.25,2.25,2.25,0.25,0.25,521.5,-96.22044487308813
565248,70656,565248,68157,34078,110.61886053348574,256,256,128,128,1.6850407902384177,1.6612347646150738,0.35748339367637527,0.35938263747470955,0.3609225257241633,0.34979462262708694,0.38857602165080607,89.20796064287424,81.62412539869547,1.0,1.0,5.672219276428223,5.320298194885254,28.51654815673828,74.03564453125,430.7912292480469,275.31072998046875,-0.4644101937956293,-1.4963482907041907,0.23543905144824295,0.5025998435667489,0.00937460114494252,0.9184235038701445,0.0,-0.4596708118915558,0.012474849094567404,1.8748507499694824,3,0.0,0.0,0.3333333333333333,1.0,3.0,1.6666666666666667,0.0,0.6666666666666666,569.6666666666666,-68.04810914181296
567296,70912,567296,68413,34206,110.65420221076056,256,256,128,128,1.4903315256815404,1.5129294845974073,0.3718505686674689,0.3706731470683735,0.37336378105351287,0.3523010688368231,0.38055467628873885,81.63817333430052,79.0289480611682,1.0,1.0,8.633421897888184,8.487284660339355,28.05005645751953,56.78679656982422,303.6720275878906,309.79486083984375,-0.49344711173762335,-1.5029868418350816,0.23462663386148475,0.499893614357309,0.00861009517702801,0.9042985257692635,0.0,-0.8602077960968018,0.011924119241192412,1.9760102033615112,4,0.0,0.0,0.0,2.25,1.5,0.75,0.0,1.0,600.0,-28.67289226743742
569344,71168,569344,68669,34334,110.64396674236119,256,256,128,128,1.5789782103383914,1.6487048073904589,0.3795290965206277,0.3803207433584248,0.3783198280616489,0.35232554899994284,0.3859062913688831,82.61804119125009,89.24718540161848,1.0,1.0,5.906784534454346,5.4951558113098145,33.32487487792969,57.04638671875,468.0210266113281,394.3448181152344,-0.4461242370744003,-1.4962137686088681,0.23448325244308116,0.4982455616875697,0.008284996750562277,0.9557630331255496,0.0,-0.6598449945449829,0.011605937921727396,2.3422226905822754,3,0.0,0.0,0.3333333333333333,0.6666666666666666,3.0,2.0,0.0,0.3333333333333333,562.3333333333334,-83.56853440182294
571392,71424,571392,68925,34462,110.64595954410754,256,256,128,128,1.5454378724098206,1.5759226995287463,0.36145019049263283,0.36930039921571733,0.36799826687274617,0.3434071958763525,0.3798978930572048,82.25541661679745,79.94986791908741,1.0,1.0,6.0365705490112305,5.610956192016602,26.189435958862305,57.30282974243164,298.6329345703125,424.0584411621094,-0.4720363601090867,-1.5023399656638503,0.2284279008382314,0.4949026020692353,0.007632884501461014,0.902693132404238,0.0,-0.5310423374176025,0.009956355701036552,1.8381175994873047,3,0.0,0.0,0.3333333333333333,2.0,3.0,0.6666666666666666,0.0,1.0,600.0,-32.61089557250906
573440,71680,573440,69181,34590,110.70407387731362,256,256,128,128,1.6642522005131468,1.6569624481489882,0.36529256870926474,0.3641979656749754,0.3650214380270427,0.35392221924848855,0.3850325883831829,93.776771299541,83.74984946101904,1.0,1.0,8.325818061828613,8.06505012512207,28.908382415771484,74.06904602050781,485.3370666503906,349.39495849609375,-0.46463171998311736,-1.5198064362630248,0.22601039133064063,0.49399942909234873,0.007789324203499655,0.8831486096605659,0.0,-0.6278185844421387,0.011014732204323282,2.532553195953369,5,0.0,0.0,0.4,1.4,2.2,0.8,0.4,0.8,572.4,-51.99019034866069
575488,71936,575488,69437,34718,110.72431953833689,256,256,128,128,1.6194386065471917,1.6188100330764428,0.3794019550869052,0.3676906098116888,0.3759187852820105,0.35522046161349863,0.3903344050049782,93.39032270759344,84.94798389449716,1.0,1.0,5.431042194366455,5.26286506652832,30.185848236083984,55.827518463134766,402.09124755859375,281.1331481933594,-0.464296574544278,-1.4968052236363292,0.2334864710276522,0.4956475865817489,0.007858871511482441,0.8698976030573249,0.0,-0.33926066756248474,0.01062840441078783,1.57443368434906,2,0.0,0.0,0.5,1.5,3.0,1.0,0.0,1.0,600.0,-47.37806238653138
577536,72192,577536,69693,34846,110.73329143114283,256,256,128,128,1.489134690607898,1.4727451534708962,0.39369900188467,0.4003486973088002,0.4024546302662202,0.34964219317771494,0.3803797378204763,82.54209419339895,80.15094000846148,1.0,1.0,5.826295852661133,5.334614276885986,27.160232543945312,57.11568832397461,261.2925720214844,314.2662353515625,-0.5006176300958032,-1.508239358663559,0.23106688398276187,0.497592268797271,0.008215982345367398,0.9325028695166111,0.0,-0.2819657325744629,0.010865191146881288,2.0026776790618896,6,0.0,0.0,0.0,1.0,2.0,2.0,0.0,0.6666666666666666,585.0,-72.48353108838607
579584,72448,579584,69949,34974,110.72438093590878,256,256,128,128,1.5136670707724988,1.52178921981249,0.37377590669530036,0.37337195949294255,0.37292458395495487,0.3571345991222188,0.3816183074377477,85.6480735912919,80.53364739567041,1.0,1.0,4.926319122314453,4.9425048828125,28.40280532836914,54.21974182128906,327.2002258300781,292.81280517578125,-0.46428553998703137,-1.5041634952649474,0.23317881918248373,0.4999468117833002,0.008554830366142296,0.9039253420196474,0.0,-0.9052257537841797,0.011618589743589744,1.5858312845230103,2,0.0,0.0,0.5,1.5,2.0,1.0,0.0,0.5,519.5,-54.108872484765016
581632,72704,581632,70205,35102,110.78123616508628,256,256,128,128,1.634414913598448,1.660510465153493,0.34976856799039524,0.34818745487700653,0.35297141073715466,0.3677188673755154,0.39830598467960954,91.13369613140821,100.22819433733821,1.0,1.0,6.570469856262207,6.561326503753662,33.30177307128906,74.13528442382812,395.0406494140625,425.6512756347656,-0.4473110126928077,-1.5066278679296374,0.23200904477810663,0.4991719329187724,0.008511845089375032,0.9175159118603915,0.0,-0.6420590281486511,0.01211642302120374,1.5581140518188477,5,0.0,0.0,0.2,0.8,2.6,2.0,0.0,0.4,547.4,-80.80737211963314
583680,72960,583680,70461,35230,110.80070879452062,256,256,128,128,1.5890528653981164,1.5707006700104102,0.3707714821721311,0.3786000900727231,0.3827580480665347,0.35759567888453603,0.3833683404373005,87.74847635626793,89.2641921043396,1.0,1.0,5.608285427093506,5.002102851867676,26.287023544311523,54.364017486572266,425.60772705078125,305.0670471191406,-0.48240295334835537,-1.5059541333466768,0.23576687177995734,0.49957576901354944,0.008553929931863222,0.9490336270537227,0.0,-0.6588054299354553,0.012721613208823928,1.780936598777771,3,0.0,0.0,0.6666666666666666,1.0,2.3333333333333335,1.3333333333333333,0.0,0.6666666666666666,557.0,-64.96384581564296
585728,73216,585728,70717,35358,110.79362311927324,256,256,128,128,1.63877390534617,1.6442176030250266,0.3539904314602609,0.3598565352681362,0.36599050272980094,0.3515698548872024,0.39547801413573325,89.2715470418334,87.35231690853834,1.0,1.0,5.2867045402526855,5.274510860443115,25.862110137939453,55.131103515625,474.73809814453125,267.0511169433594,-0.4557160421900335,-1.506685297936201,0.23072130814499725,0.49713190036870525,0.00803046227617907,0.9410524475388229,0.0,-0.3468242585659027,0.010483014861995753,2.0016109943389893,2,0.0,0.0,0.0,2.0,1.0,1.0,0.0,1.0,600.0,-36.36925150479419
587776,73472,587776,70973,35486,110.81781340417565,256,256,128,128,1.5407730971928686,1.5428904995787889,0.3578930060612038,0.35825344501790823,0.3625256957984675,0.34722597838845104,0.3885050028329715,95.69840858876705,79.09225724637508,1.0,1.0,5.151092052459717,5.116529941558838,28.400875091552734,56.90050506591797,337.9397277832031,327.0863342285156,-0.4479264175679418,-1.4937409553676844,0.2337010004680999,0.49949810192853145,0.008547892262828862,0.9439113680273294,0.0,-0.7986248731613159,0.01188568376068376,2.0147061347961426,6,0.0,0.0,0.5,1.1666666666666667,2.3333333333333335,1.3333333333333333,0.0,0.5,530.5,-64.51817226564405
589824,73728,589824,71229,35614,110.86133222743297,256,256,128,128,1.6068753141444176,1.617286997498013,0.3731058923327737,0.37285653557410114,0.3736051443092947,0.36738191603217274,0.39216980361379683,92.8875283524394,88.98994374275208,1.0,1.0,5.77862548828125,6.154475212097168,28.01436424255371,74.05921173095703,462.0979309082031,288.085693359375,-0.44676938549810075,-1.5077567817643285,0.23225160604014938,0.5004100954651899,0.008636049808732968,0.914312856271863,0.0,-0.33248740434646606,0.012064524874610275,2.286760091781616,1,0.0,0.0,3.0,0.0,3.0,0.0,0.0,0.0,584.0,-82.32543829112547
591872,73984,591872,71485,35742,110.85444206619923,256,256,128,128,1.6060219777282327,1.6040080926613882,0.34322510583660915,0.3479281867157624,0.3471142048256297,0.35714185994584113,0.386387235368602,85.57990068942308,87.04768013209105,1.0,1.0,7.996550559997559,7.801085472106934,28.85730743408203,57.0628776550293,323.9234313964844,287.66473388671875,-0.43616906449824455,-1.4936739187687635,0.23266539763494304,0.49881483809395655,0.008373065230778859,1.0121663911268115,0.0,-0.2625044286251068,0.012375571697605597,2.123659372329712,7,0.0,0.0,0.5714285714285714,0.7142857142857143,2.142857142857143,1.7142857142857142,0.0,0.5714285714285714,555.7142857142857,-76.39861442283538
593920,74240,593920,71741,35870,110.84817884196464,256,256,128,128,1.594053310691379,1.576886783237569,0.37565009372428904,0.3694809307255582,0.3746789764024925,0.3666551411151886,0.3898940618382767,94.3483293056488,85.17297472804785,1.0,1.0,6.017449855804443,6.437382698059082,30.489580154418945,74.0975341796875,366.9129333496094,262.7524108886719,-0.4758770394255407,-1.5124453557655215,0.2305734466974563,0.4985675665062597,0.008137641169620471,0.9481908704619855,0.0,-0.48163124918937683,0.012594113620807666,1.778665542602539,1,0.0,0.0,0.0,0.0,3.0,3.0,0.0,0.0,534.0,-113.6148800533847
595968,74496,595968,71997,35998,110.91907134106987,256,256,128,128,1.6321665835566819,1.6217294960515574,0.33599179366547105,0.33780096460986897,0.3422641705310525,0.34099254733882844,0.3842679833760485,88.3272362947464,84.29614972695708,1.0,1.0,6.710688591003418,6.656711101531982,26.76512908935547,55.72129821777344,325.7016296386719,286.0010986328125,-0.44755290099419653,-1.5156740806996822,0.23362631345802443,0.4982343597591963,0.008277580947459241,0.9347091051749885,0.0,-0.7722464799880981,0.01220166264414052,1.9936084747314453,6,0.0,0.0,0.3333333333333333,1.8333333333333333,1.6666666666666667,0.8333333333333334,0.0,0.8333333333333334,589.0,-41.018835043996056
598016,74752,598016,72253,36126,110.92271904904426,256,256,128,128,1.6297769544180483,1.6160167040070519,0.3519762636969972,0.3522074759434872,0.3571383089597475,0.3605681984918192,0.3929065855918452,91.75231595337391,85.99203786253929,1.0,1.0,5.2729172706604,4.992795944213867,25.909469604492188,54.317176818847656,333.662841796875,276.2396240234375,-0.44884993867890444,-1.5064005022868514,0.23117494307809305,0.49865773714075196,0.008557871283565782,0.8964211649727076,0.0,-0.20654414594173431,0.01142390860873113,1.9679399728775024,2,0.0,0.0,0.5,0.5,2.5,1.5,0.5,0.5,578.5,-80.49327019523389
600064,75008,600064,72509,36254,108.94763813714113,256,256,128,128,1.608329928596504,1.6426234166137874,0.35942922526373877,0.3494084797475807,0.36051547203578593,0.3526979109738022,0.389047693926841,92.8420795276761,100.73006734251976,1.0,1.0,6.426386833190918,6.384481906890869,29.823307037353516,54.69707107543945,379.8173828125,699.1924438476562,-0.46610459609655663,-1.5116158360615373,0.23432626211379082,0.4990179484447296,0.008521903727325173,0.9301872896030545,0.0,-0.533363938331604,0.010978835978835979,1.785912275314331,3,0.0,0.0,0.3333333333333333,1.3333333333333333,2.3333333333333335,1.3333333333333333,0.0,0.6666666666666666,574.3333333333334,-59.5487551176393
602112,75264,602112,72765,36382,108.95603463196613,256,256,128,128,1.5322529365075752,1.5269589220406488,0.36542705567831035,0.357538337515507,0.36066948017651157,0.3515357894357294,0.3848378823604435,84.04093831777573,87.1395025998354,1.0,1.0,5.37966775894165,5.3883819580078125,28.37921142578125,57.57352066040039,322.7117004394531,338.3795471191406,-0.43841904740293103,-1.5081284092739224,0.2330039261639448,0.4981785783597835,0.008252612985669391,0.8769972149748355,0.0,-0.7010645270347595,0.010933333333333333,1.8956058025360107,4,0.0,0.0,0.25,1.0,2.0,1.75,0.0,0.75,588.75,-68.76349820704218
604160,75520,604160,73021,36510,108.96738499629531,256,256,128,128,1.517154720146209,1.4902266135904938,0.34860254222621734,0.35079871092239046,0.3530592793576943,0.36690822371747345,0.38386448938399553,97.35372483730316,89.78278368338943,1.0,1.0,4.789093971252441,4.7834672927856445,32.677337646484375,53.97195816040039,445.4477233886719,482.4955139160156,-0.4309072882133478,-1.4978752667084336,0.23628974821233484,0.49820928107847545,0.00826292418404731,0.9230032588820904,0.0,-0.8083829283714294,0.011568469195587839,2.2824318408966064,4,0.0,0.0,0.5,0.5,2.75,1.75,0.25,0.25,539.25,-86.85744838635082
606208,75776,606208,73277,36638,108.98163328858703,256,256,128,128,1.4914080437738448,1.506101501174271,0.3703339471707068,0.36945267841792884,0.37588214021525346,0.3577420349465683,0.38325974624603987,96.61874249577522,92.45409317314625,1.0,1.0,5.548186302185059,5.8119378089904785,31.5489501953125,55.080108642578125,414.3695983886719,359.7834167480469,-0.46056347879039095,-1.5083208596333861,0.23819653416919973,0.5010429391000459,0.008655295150408453,0.9788158340379596,0.0,-0.3679167926311493,0.01265654143351985,2.158440351486206,4,0.0,0.0,0.5,0.75,1.5,1.75,0.0,0.5,579.5,-77.03740328719141
608256,76032,608256,73533,36766,109.04651149022506,256,256,128,128,1.4385407821973786,1.3994481675326824,0.378110746947641,0.3770026331308145,0.3768366789436186,0.35143834399059415,0.37363170308526605,85.02807845547795,77.89320350438356,1.0,1.0,6.045631408691406,6.064334869384766,28.51047706604004,55.02888488769531,487.4559326171875,273.8288269042969,-0.470682883344125,-1.5144156459718943,0.2336758772106255,0.4993300602486378,0.008340516846210599,0.9308541514910758,0.0,-0.3371409475803375,0.010922330097087379,1.9780311584472656,2,0.0,0.0,0.5,0.0,3.0,2.5,0.0,0.0,478.0,-106.67366666550515
610304,76288,610304,73789,36894,109.04383359426667,256,256,128,128,1.5391077210661024,1.5391267283121124,0.351857790815302,0.3524183769313822,0.3601666321264929,0.34796781884506345,0.38964274094905704,84.07265850901604,86.31296985596418,1.0,1.0,5.659439563751221,5.680515766143799,26.545141220092773,57.275779724121094,317.35504150390625,259.13543701171875,-0.44428912702392154,-1.497349351644516,0.2370399955633536,0.5006863271031727,0.008483105797191711,0.8767502466216683,0.0,0.00043699596426449716,0.0120994548597261,1.4504693746566772,5,0.0,0.0,0.2,1.8,2.6,1.0,0.0,1.0,600.0,-41.67417448178931
612352,76544,612352,74045,37022,109.04894989861653,256,256,128,128,1.5534409866668284,1.5475713859777898,0.3690352897356206,0.37703021595189057,0.3673027410927716,0.37318513554055244,0.39024520613020286,96.71020639687777,87.09031171351671,1.0,1.0,5.995501518249512,6.039526462554932,25.098474502563477,74.221435546875,409.02197265625,296.5226135253906,-0.46848589745059144,-1.506054326891899,0.23736572946951073,0.5020824760965193,0.009078132535466674,0.8857382626738399,0.0,-0.59058678150177,0.012907518296739853,1.79044508934021,3,0.0,0.0,0.6666666666666666,1.6666666666666667,1.0,0.6666666666666666,0.0,1.0,600.0,-39.92630776122678
614400,76800,614400,74301,37150,109.08700477562456,256,256,128,128,1.63002028723713,1.591387112508528,0.32819973080131604,0.31613930249113764,0.33057763329907175,0.35729154956061393,0.39352742477785796,97.55466762930155,91.86770854145288,1.0,1.0,8.463814735412598,8.42388916015625,24.415937423706055,74.0748062133789,560.3030395507812,425.4471740722656,-0.4103957920742687,-1.5007039941847324,0.2357147696686803,0.5013985331077425,0.008699409130690311,0.9027753151021898,0.0,-0.7782623171806335,0.012434817488969114,1.6369473934173584,2,0.0,0.0,0.5,0.0,3.0,2.5,0.0,0.0,540.0,-107.21652834958513
616448,77056,616448,74557,37278,109.15105614603742,256,256,128,128,1.5519334881100804,1.5531193068018183,0.3321580184165214,0.3280910442699678,0.33434038984887593,0.35127606778405607,0.38446514366660267,88.15452224761248,78.78719346225262,1.0,1.0,5.770721912384033,5.694096565246582,33.02001190185547,74.27638244628906,443.9450988769531,252.08006286621094,-0.4463418562991137,-1.489872271195054,0.23655390139520688,0.5011476418071584,0.008878561412985179,0.9363522157073021,0.0,-0.5058751702308655,0.011712439418416801,2.007075309753418,6,0.0,0.0,0.3333333333333333,1.5,1.8333333333333333,1.0,0.16666666666666666,0.8333333333333334,584.1666666666666,-50.36551798205861
618496,77312,618496,74813,37406,109.17335843109645,256,256,128,128,1.4793823950458318,1.516633806983009,0.3345140510703004,0.34224318844462687,0.33529680626463687,0.35148580837994814,0.3794360883766785,92.21675238758326,92.8587581589818,1.0,1.0,5.083707332611084,5.129981994628906,31.289466857910156,54.34278869628906,388.4966125488281,380.3961486816406,-0.436587676354975,-1.4984278250485659,0.23505748985774216,0.5008598058638444,0.008577755484118458,0.869921057485044,0.0,-0.6504309177398682,0.011375661375661376,1.5184128284454346,3,0.0,0.0,0.6666666666666666,0.6666666666666666,1.0,1.6666666666666667,0.0,0.3333333333333333,531.6666666666666,-80.79475372083714
620544,77568,620544,75069,37534,109.16949527486922,256,256,128,128,1.5266611363040283,1.543474793434143,0.34823085743846605,0.34721880001893624,0.34638260215979244,0.3504624560009688,0.3814077456481755,87.82894106954336,79.73490513116121,1.0,1.0,6.222398281097412,6.260608673095703,31.07657241821289,54.28266143798828,403.5834655761719,293.6151428222656,-0.46341689201653935,-1.5059530409052968,0.23745025659724384,0.5023005820360844,0.00871288712936636,0.8323032264597714,0.0,-0.49784547090530396,0.011686586985391767,1.4700592756271362,5,0.0,0.0,0.6,0.6,2.6,1.8,0.0,0.4,543.0,-81.92542300163113
622592,77824,622592,75325,37662,109.21544581386043,256,256,128,128,1.4907483456190675,1.4446893961867318,0.36420545402143034,0.3599854655585659,0.36300428891627234,0.3740003533894196,0.38500022573862225,94.96643120795488,80.81364729255438,1.0,1.0,5.624717712402344,6.5770368576049805,31.692981719970703,56.23896026611328,317.1706848144531,270.36474609375,-0.45668145042145625,-1.4971393989399076,0.24251755106493844,0.5045667591882342,0.009016758482597118,0.9400570495054126,0.0,-0.955279529094696,0.012513312034078808,2.7275731563568115,2,0.0,0.0,0.0,0.5,2.5,2.0,0.5,0.5,512.0,-86.66128155349497
624640,78080,624640,75581,37790,109.24124531982514,256,256,128,128,1.5472118414472789,1.519307192414999,0.3353557598140924,0.3376905446166347,0.3412949981419615,0.3593727701809257,0.3878242865903303,94.86135160923004,79.94808822125196,1.0,1.0,5.514573097229004,5.338888168334961,29.363121032714844,54.378055572509766,312.81488037109375,384.7783508300781,-0.4495036293519661,-1.5003127930685878,0.23904667189348103,0.5014773716769515,0.008455563378668663,0.8935213789809495,0.0,-0.46365076303482056,0.011243386243386243,1.5586761236190796,5,0.0,0.0,0.2,0.6,2.6,1.8,0.4,0.4,547.6,-83.80133040611872
626688,78336,626688,75837,37918,109.25606778027101,256,256,128,128,1.5492443584371358,1.5201350182760507,0.32132765618371195,0.3199553495022087,0.32362245012336643,0.3546565800206736,0.38463801448233426,92.43700431287289,84.62616572529078,1.0,1.0,8.00351619720459,8.088751792907715,27.30599594116211,74.25737762451172,442.1622314453125,412.7383728027344,-0.4140821510954993,-1.4957728683948517,0.23628421230338217,0.5005840749987406,0.008573727631395927,0.9077491844072938,0.0,-0.9217228889465332,0.012846246487354477,1.9050357341766357,4,0.0,0.0,0.0,0.25,2.0,2.25,0.5,0.25,524.75,-97.875416535574
628736,78592,628736,76093,38046,109.24994507136824,256,256,128,128,1.49572586605791,1.5261077333707362,0.35035863573466486,0.3566641595225519,0.3489405272775912,0.3563845078460872,0.3853465438587591,82.80565276741982,92.69998957961798,1.0,1.0,5.968291759490967,6.272162914276123,26.874629974365234,74.23169708251953,331.8422546386719,402.8597717285156,-0.44283494900446385,-1.5006441678851843,0.23502957667456092,0.4992259285340645,0.008213667904501154,0.9218836484942585,0.0,-0.6214951276779175,0.010961436872688853,2.056074857711792,3,0.0,0.0,0.0,2.0,3.0,1.0,0.0,0.6666666666666666,577.3333333333334,-41.30852296791272
630784,78848,630784,76349,38174,109.30686098308612,256,256,128,128,1.4637331690173596,1.4605597843183205,0.32540523740863136,0.31919695078795485,0.33046267951044683,0.3543667789781466,0.3806619346141815,88.55052830278873,87.35124183446169,1.0,1.0,4.729735374450684,4.9109416007995605,26.59808921813965,57.86677932739258,358.81103515625,437.1720275878906,-0.42247162673447747,-1.469424850307405,0.24453914565249507,0.5011980729877636,0.00840520521915768,0.902966994792223,0.0,-0.297667920589447,0.013580744924028507,1.8529536724090576,3,0.0,0.0,0.6666666666666666,1.6666666666666667,2.3333333333333335,0.6666666666666666,0.0,1.0,600.0,-40.695820448826225
632832,79104,632832,76605,38302,109.34675034299204,256,256,128,128,1.5824038138380274,1.60903712362051,0.34209438622747257,0.35199433083835174,0.3567697516991757,0.3629234085092321,0.3940229817526415,99.62507429718971,100.87936741113663,1.0,1.0,5.4441351890563965,5.930481910705566,23.25946617126465,74.3161849975586,428.23272705078125,304.0634765625,-0.4340152517761453,-1.501779760234058,0.23523054046721187,0.49807584083341233,0.008094787042673813,0.831969479098916,0.0,-0.7888739705085754,0.011709913506320693,1.442117691040039,4,0.0,0.0,1.0,0.75,2.5,1.25,0.0,0.75,592.75,-68.90248478834837
634880,79360,634880,76861,38430,109.34802094136008,256,256,128,128,1.4980296764988452,1.5068933044094592,0.3348509539009683,0.338892186463454,0.34374186206150625,0.35722287790849805,0.38518313597887754,89.82952403277159,84.59872584417462,1.0,1.0,6.186031818389893,6.041375637054443,26.144826889038086,74.2241439819336,484.7618103027344,381.6222839355469,-0.4244602645194391,-1.4880638802424073,0.2347024203668406,0.49946445438953824,0.008228441748871553,0.8782205821480602,0.0,-0.3301812708377838,0.011990407673860911,1.8362377882003784,3,0.0,0.0,1.0,1.6666666666666667,1.6666666666666667,0.3333333333333333,0.0,1.0,600.0,-36.18254475823293
636928,79616,636928,77117,38558,109.3538235027638,256,256,128,128,1.4817030070116743,1.4614651183364913,0.36038514737992955,0.36072311084762987,0.36060470847587567,0.3503365615615621,0.37457681365776807,86.02134355902672,73.41052316129208,1.0,1.0,6.281318664550781,6.694263935089111,24.822399139404297,55.10131072998047,312.4106140136719,231.5538787841797,-0.46179026512254495,-1.480179582722485,0.23497844135684845,0.4980263119274561,0.008165331930045844,0.8118209023959935,0.0,-0.6445936560630798,0.011480756686236139,1.587612271308899,3,0.0,0.0,0.0,1.6666666666666667,2.6666666666666665,1.0,0.3333333333333333,1.0,600.0,-44.60910075288363
638976,79872,638976,77373,38686,109.41859528640897,256,256,128,128,1.3682829284807667,1.3975156507221982,0.36591417313377406,0.3652193038506084,0.3731586807355143,0.3616784663172439,0.3794814327266067,82.1213715672493,88.05536628514528,1.0,1.0,5.8895955085754395,5.8406267166137695,29.934894561767578,57.2548942565918,317.52508544921875,352.233154296875,-0.4530136385874357,-1.4864977048709989,0.2365096078485866,0.4988513700399332,0.008221552338032236,0.8064173473976552,0.0,-0.1837039738893509,0.011195521791283487,1.3643478155136108,4,0.0,0.0,0.25,2.25,2.0,0.5,0.0,1.0,600.0,-26.158214947525266
641024,80128,641024,77629,38814,109.42726481388486,256,256,128,128,1.4688330726930872,1.5168884618906304,0.3337800371391495,0.34175372554523165,0.3349900790344691,0.363887776969932,0.37835091713350266,84.61269721388817,89.14836394786835,1.0,1.0,9.487995147705078,9.569231986999512,30.649560928344727,54.45076370239258,381.70404052734375,468.2536926269531,-0.43976425514847506,-1.4965513050556183,0.23640788855505365,0.4975636839334298,0.008114944560756135,0.8756011791992933,0.0,-0.5029245615005493,0.011124354390147001,2.004415273666382,4,0.0,0.0,0.25,1.75,2.25,0.75,0.25,0.75,566.0,-44.39915760155054
643072,80384,643072,77885,38942,109.41897951626366,256,256,128,128,1.5089380111312494,1.548082712222822,0.3473784325797169,0.3391747510293044,0.346063883110304,0.3492775730555877,0.3886340740136802,88.37982112169266,90.0038491487503,1.0,1.0,6.2264299392700195,6.0772294998168945,27.719833374023438,74.3603515625,344.1297302246094,597.058349609375,-0.46635179850272834,-1.4712617583572865,0.23909137274321493,0.4986888151252787,0.008210792874781781,0.8825348252430558,0.0,-0.3034721314907074,0.010804321728691477,1.460012674331665,3,0.0,0.0,0.6666666666666666,1.6666666666666667,1.6666666666666667,0.6666666666666666,0.0,1.0,600.0,-40.43304461699412
645120,80640,645120,78141,39070,109.41747782488366,256,256,128,128,1.5577923589153215,1.5692872020881623,0.3394224796866183,0.3349529514939604,0.3410842272160153,0.3590822408441454,0.38399271259550005,85.31915789842606,80.30376546084881,1.0,1.0,6.386733055114746,6.556292533874512,26.058757781982422,74.29023742675781,367.465576171875,406.3379211425781,-0.44673654395410267,-1.498458773829043,0.23692272752790186,0.4972310091494571,0.008098906990166006,0.8885918045416474,0.0,-0.25846758484840393,0.012096774193548387,1.7608869075775146,4,0.0,0.0,0.25,1.5,2.0,1.25,0.0,0.75,580.5,-53.12273850790825
647168,80896,647168,78397,39198,109.47163348502662,256,256,128,128,1.5195477817906067,1.511474134400487,0.3659372672846075,0.369418906816918,0.37125698314775946,0.34392185998149216,0.37726394238416106,86.53639762848616,74.7782151773572,1.0,1.0,7.312132358551025,7.27401876449585,26.723745346069336,57.80337905883789,215.3022918701172,285.3324279785156,-0.473842008941574,-1.4874680889770389,0.23784821578476958,0.49722072233974207,0.00790189195687436,0.8624298241920769,0.0,-0.4267711937427521,0.01052912168465947,1.8237160444259644,3,0.0,0.0,1.3333333333333333,0.6666666666666666,2.6666666666666665,0.6666666666666666,0.3333333333333333,0.3333333333333333,520.6666666666666,-71.89829340012754
649216,81152,649216,78653,39326,109.47523364681432,256,256,128,128,1.447283872636035,1.4476706801215187,0.353412549577115,0.3494541840409511,0.36016011007995985,0.35303613683208823,0.38402546336874366,91.70943713188171,87.09682010114193,1.0,1.0,6.059202194213867,5.626529216766357,28.050552368164062,74.28083038330078,332.0959777832031,446.9806213378906,-0.42543990157719236,-1.478400269523263,0.239747520975831,0.4998217207936982,0.00837083978003404,0.9217873059678823,0.0,-0.15237541496753693,0.012513312034078808,1.8388094902038574,5,0.0,0.0,0.6,1.4,2.2,1.0,0.0,0.6,568.8,-55.91794630141722
651264,81408,651264,78909,39454,109.49232413622728,256,256,128,128,1.464562879060395,1.455060159205459,0.34629214778260575,0.34837004879227607,0.35189332653772,0.3476655347039923,0.3796955073485151,81.71293726563454,79.88804139941931,1.0,1.0,5.608402729034424,5.657631874084473,35.450218200683594,58.054786682128906,297.6490173339844,318.8609619140625,-0.4212969560539932,-1.4800476403906941,0.23718822195800598,0.4949004050855115,0.0076635495282431415,0.922410243190825,0.0,-0.43657413125038147,0.011303890641430074,1.8514808416366577,3,0.0,0.0,0.3333333333333333,1.0,1.6666666666666667,1.6666666666666667,0.0,0.6666666666666666,569.0,-68.96003638952607
653312,81664,653312,79165,39582,109.52335682009684,256,256,128,128,1.4894625071901828,1.4586216709576547,0.3488722150582362,0.353116100392981,0.3514402094702973,0.360434852889739,0.3788714435650036,92.55152124166489,80.77131277322769,1.0,1.0,5.241334438323975,5.254829406738281,30.783092498779297,74.37937927246094,382.3807678222656,296.6455383300781,-0.44630861240693775,-1.4886088026687503,0.23877448251290065,0.4974485272767057,0.008021835008252891,0.8540246719494462,0.0,-0.41374874114990234,0.010812236286919831,1.5335429906845093,5,0.0,0.0,0.6,0.2,2.2,2.2,0.0,0.2,521.6,-97.15732488659015
655360,81920,655360,79421,39710,109.5586905877771,256,256,128,128,1.451989569410216,1.4564535326790065,0.359781644767736,0.35970899280255253,0.3571998245515715,0.34579520439729095,0.37228290014900267,73.71653026342392,73.90659384429455,1.0,1.0,5.555177688598633,5.550389289855957,25.938615798950195,55.39194107055664,346.3670959472656,274.27264404296875,-0.46687402394309174,-1.4837453663349152,0.2356814977270544,0.4988655611750592,0.00815433430558664,0.8740484563168138,0.0,-1.1662256717681885,0.011150935882118677,1.9713515043258667,2,0.0,0.0,0.5,1.0,2.0,1.5,0.0,0.5,558.0,-68.84987371500938
657408,82176,657408,79677,39838,109.59591712393542,256,256,128,128,1.389321627561003,1.4116603729780763,0.3754792102772626,0.3741416155381785,0.3775017448642757,0.3516627528006211,0.37125468673184514,78.46278896182775,83.35476352274418,1.0,1.0,5.327709674835205,5.326516151428223,26.77242660522461,54.525306701660156,245.35195922851562,315.7955322265625,-0.5009883081656881,-1.489740589633584,0.23846357809325333,0.5013573466080659,0.00834724885275972,0.8563288962468505,0.0,-0.2104046791791916,0.010957095709570958,1.578635334968567,3,0.0,0.0,0.6666666666666666,1.0,2.3333333333333335,1.3333333333333333,0.0,1.0,600.0,-60.08937712744955
659456,82432,659456,79933,39966,109.59477543456032,256,256,128,128,1.447055897442624,1.4099213444860652,0.3696954260444727,0.3693009536846148,0.37299790734050475,0.3498928201152012,0.3735946760280058,81.58297249674797,76.87521488964558,1.0,1.0,6.429407596588135,6.1729326248168945,28.282882690429688,74.44950103759766,369.1551818847656,337.3764343261719,-0.4497966551425634,-1.5039133299142122,0.23530389785716987,0.4986438043167058,0.008017770467791303,0.9111185991205275,0.0,-0.5909847021102905,0.011330698287220026,1.8511379957199097,5,0.0,0.0,0.6,1.6,1.6,0.6,0.2,1.0,600.0,-43.03801378946601
661504,82688,661504,80189,40094,109.64998517370522,256,256,128,128,1.412061957642436,1.4209440362174064,0.33565445599060695,0.3351548591547271,0.33848680915320983,0.3554982611676678,0.38034497131593525,83.63485562056303,79.44324467331171,1.0,1.0,5.370137691497803,5.739171028137207,24.635189056396484,58.72730255126953,325.787841796875,346.030029296875,-0.41102533308730926,-1.4966358672827482,0.23553802049670133,0.49737888154145793,0.007775523877510122,0.8653056994080544,0.0,-0.5634532570838928,0.01045016077170418,1.7559568881988525,2,0.0,0.0,0.0,2.5,2.0,0.5,0.0,1.0,600.0,-20.960762161557795
663552,82944,663552,80445,40222,109.67013729966405,256,256,128,128,1.4885280509479344,1.4894079900113866,0.36504321066828993,0.36183064926012776,0.3611408802680671,0.3445559256942943,0.3733172845095396,80.19663452357054,85.71076656132936,1.0,1.0,5.269306659698486,5.341134071350098,25.6229305267334,58.206668853759766,255.95782470703125,348.8884582519531,-0.45970287700765766,-1.491847813129425,0.23874273498081086,0.4996292119292198,0.008386630888817826,0.9521108590997756,0.0,-0.9196094870567322,0.011363636363636364,2.075923204421997,5,0.0,0.0,0.0,1.6,1.8,1.0,0.4,1.0,600.0,-45.72069393072834
665600,83200,665600,80701,40350,109.68005630596033,256,256,128,128,1.5047091923188418,1.5292224750155583,0.35897746358932636,0.3597173933103477,0.36050073726346454,0.36230295698624104,0.37919332494493574,79.8015953078866,86.43979128450155,1.0,1.0,5.581519603729248,5.566537380218506,28.913118362426758,74.4603042602539,328.40460205078125,397.0871276855469,-0.4711818608878957,-1.4989788243547082,0.2371010198109433,0.49913295251933676,0.008115896428370753,0.8676673579029739,0.0,-0.1795373558998108,0.011617161716171618,1.5967832803726196,3,0.0,0.0,0.0,1.6666666666666667,1.3333333333333333,1.0,0.3333333333333333,0.6666666666666666,448.3333333333333,-42.00855526585898
667648,83456,667648,80957,40478,109.68748313738489,256,256,128,128,1.4940339919412509,1.466995069407858,0.36098739738213226,0.36144434653465396,0.36532550291667576,0.3504310381831601,0.3776781673077494,84.4536559432745,84.15678108483553,1.0,1.0,7.573007106781006,6.495121955871582,27.589942932128906,55.4764518737793,296.58258056640625,416.38189697265625,-0.46325866848746955,-1.4987980658188462,0.24050228602135118,0.5017734082472504,0.00858960803154483,0.865501732332632,0.0,-0.6057015657424927,0.01218553459119497,1.5269440412521362,5,0.0,0.0,0.0,1.2,2.0,1.6,0.2,0.8,582.6,-62.76542209586823
669696,83712,669696,81213,40606,109.73680283951622,256,256,128,128,1.4154274566099048,1.4160320948576555,0.3697398184749545,0.3656773858338056,0.3700074967564433,0.3496699141105637,0.3709656536811963,87.726951636374,84.40271922945976,1.0,1.0,7.538439750671387,7.820692539215088,26.133438110351562,74.3807373046875,341.0235595703125,284.9090576171875,-0.4709465494088363,-1.5141653511673212,0.235740820685637,0.4987943630572621,0.008087209248723888,0.8896259684115648,0.0,-0.602693498134613,0.011371149014941162,2.1289825439453125,1,0.0,0.0,0.0,1.0,3.0,2.0,0.0,1.0,600.0,-68.76211815895931
671744,83968,671744,81469,40734,109.74569298845465,256,256,128,128,1.4055313515709713,1.4106166682904586,0.3692865521170461,0.3716670824034054,0.3662373168490376,0.35282927472144365,0.3673594433348626,89.46770211309195,81.41121764481068,1.0,1.0,5.7787699699401855,5.650933265686035,22.958209991455078,55.485252380371094,315.1349182128906,390.6191101074219,-0.4554708262294298,-1.5038632862269878,0.2368119116510217,0.49907314805347314,0.008194223391211461,0.8715962800197303,0.0,-0.17136165499687195,0.010915867944621939,1.5289865732192993,4,0.0,0.0,0.25,1.0,2.5,1.75,0.0,0.75,593.25,-68.7344814791586
673792,84224,673792,81725,40862,109.74783639473038,256,256,128,128,1.4583726953715086,1.472280411166139,0.37945846584352694,0.3791081496865445,0.3769283432615751,0.3493508598767221,0.37487269076518714,78.97529318928719,77.13193461298943,1.0,1.0,5.549228191375732,5.525493621826172,24.17621612548828,55.493934631347656,284.4062805175781,285.3511047363281,-0.4753480649815174,-1.4869717629626393,0.2402795576344134,0.4991691135872692,0.00791512112411081,0.851354117738083,0.0,-0.34525325894355774,0.01104898828541001,2.147083282470703,4,0.0,0.0,0.25,1.25,2.5,1.5,0.0,1.0,600.0,-57.293131270179856
675840,84480,675840,81981,40990,109.75573958218024,256,256,128,128,1.440492087509483,1.4104013134492561,0.3527634858201054,0.35490090813632946,0.3596749857024406,0.3543205839814618,0.3805655785254203,92.14570187032223,81.23742580413818,1.0,1.0,6.120619773864746,5.706386566162109,29.27225112915039,74.44376373291016,311.8351135253906,340.936767578125,-0.43466809526944417,-1.4799340926110744,0.23942767174240664,0.49582819970916886,0.007648559511488891,0.8822148547042161,0.0,-0.5275153517723083,0.01050392235075123,2.2446508407592773,3,0.0,0.0,0.0,0.3333333333333333,1.6666666666666667,2.6666666666666665,0.0,0.3333333333333333,508.6666666666667,-96.36508850320145
677888,84736,677888,82237,41118,109.81941945959343,256,256,128,128,1.4461894487030804,1.413955447031185,0.3629830887857679,0.36182535817306416,0.3603148415677424,0.3451047568814829,0.37132912524975836,83.97573547065258,79.20952545851469,1.0,1.0,5.767256259918213,5.596909999847412,27.19485092163086,74.48725128173828,383.4143371582031,249.4051971435547,-0.4472079247425427,-1.4809636240825057,0.2377433838337533,0.4960718873962877,0.007652574559860507,0.903223721543327,0.0,-0.8459600210189819,0.0111155220325526,1.8655091524124146,5,0.0,0.0,0.0,0.8,2.6,2.2,0.0,0.6,577.2,-78.92932090598988
679936,84992,679936,82493,41246,109.81919737957857,256,256,128,128,1.3673194233560935,1.3540622963337228,0.3557800479220532,0.34261671335934807,0.3524364776091744,0.35764686297625303,0.378184731467627,86.39201025664806,82.6077855154872,1.0,1.0,5.842638969421387,6.0757622718811035,22.414897918701172,74.52825927734375,304.4446716308594,335.7131652832031,-0.43916035273832676,-1.502133277244866,0.2341010974933504,0.4957828517183069,0.007642513751982572,0.8304994790814817,0.0,-0.08220810443162918,0.01044973544973545,1.6791882514953613,3,0.0,0.0,0.0,1.0,1.6666666666666667,2.0,0.0,0.6666666666666666,567.0,-71.62663270833143
681984,85248,681984,82749,41374,109.82956245388208,256,256,128,128,1.476959113148041,1.4644326952984557,0.3278671016437329,0.33563997142346125,0.3328064172528684,0.3629237358691171,0.3797096677008085,96.13470328599215,92.26588921993971,1.0,1.0,6.258975505828857,5.882810115814209,26.57236671447754,74.47783660888672,423.2874450683594,356.3918151855469,-0.4268918379530078,-1.4933207659050822,0.2325544901752754,0.49596902680511906,0.007766623956140924,0.858486165292561,0.0,-0.32528892159461975,0.01049973418394471,1.5497198104858398,5,0.0,0.0,0.0,1.2,2.4,1.6,0.2,0.8,554.4,-63.38849963215544
684032,85504,684032,83005,41502,109.84978437606999,256,256,128,128,1.4507428703363985,1.4411881065461785,0.36383758927240706,0.35697918226105685,0.36033527276231325,0.3561118624638766,0.37956735014449805,86.07462105154991,78.51772988587618,1.0,1.0,5.687602996826172,5.280745506286621,22.62493133544922,74.64574432373047,289.6991271972656,280.8873291015625,-0.46057978777753306,-1.4927777964621782,0.23194005583016897,0.4971600401039131,0.007899184506971697,0.8259606049396098,0.0,-0.040662139654159546,0.01060972334139135,1.2075989246368408,2,0.0,0.0,0.0,0.0,1.0,3.0,0.0,0.0,444.0,-111.36380320571152
686080,85760,686080,83261,41630,109.90686226059046,256,256,128,128,1.5196571666747332,1.537397709558718,0.3578919452502305,0.35218416955740395,0.35629173644611,0.36152340413536876,0.37735187425278127,86.13780235499144,95.31827484071255,1.0,1.0,6.3925347328186035,6.621695041656494,24.56102752685547,74.61055755615234,319.3493957519531,291.055908203125,-0.4534642902053747,-1.4881036207079887,0.2384709422590086,0.49989692190936735,0.008302957961690227,0.9172385283745825,0.0,-0.49212852120399475,0.013247691690084303,1.6377345323562622,5,0.0,0.0,0.4,1.4,2.4,1.0,0.2,0.6,574.4,-55.65010421716579
688128,86016,688128,83517,41758,109.91042562210131,256,256,128,128,1.4462328146910295,1.4267555547412485,0.3589414739708445,0.35939410010360007,0.3586885953834553,0.359365516807884,0.3736174607183784,85.19292037189007,80.84499233216047,1.0,1.0,8.181323051452637,8.197272300720215,26.929851531982422,74.49105072021484,392.656005859375,223.49127197265625,-0.4490359131596051,-1.4972273698076606,0.23932160210982795,0.4994901858696871,0.008274018217815683,0.8316761089954525,0.0,-0.4876621961593628,0.012661602025856325,1.5003496408462524,3,0.0,0.0,0.3333333333333333,1.3333333333333333,2.6666666666666665,1.0,0.3333333333333333,0.6666666666666666,551.0,-56.837484618320865
690176,86272,690176,83773,41886,109.90906840661312,256,256,128,128,1.374557945295237,1.3613624214194715,0.36467991235576847,0.36258277273918793,0.3656251556067218,0.35457084083463997,0.3698684056289494,81.00358854979277,73.12611369788647,1.0,1.0,4.997075080871582,5.232767581939697,23.35917091369629,54.786903381347656,264.640869140625,298.3393249511719,-0.43923772795824334,-1.4958227649331093,0.23618731960940698,0.4992584034621872,0.008009870553836592,0.8599794120527804,0.0,-0.6324887871742249,0.011663353214049038,1.619854211807251,5,0.0,0.0,0.2,1.8,3.0,1.0,0.0,0.8,581.8,-44.3789789102193
692224,86528,692224,84029,42014,109.93928353748332,256,256,128,128,1.4662808185676113,1.4601431747432798,0.3718935887372936,0.36887715097725504,0.3696291228325208,0.35941699787508696,0.37982413393910974,92.20209686458111,93.31572308391333,1.0,1.0,6.223044395446777,6.17026424407959,27.035404205322266,74.4927978515625,375.2126770019531,481.1868896484375,-0.46897775477555115,-1.5075057419016957,0.23615315325088176,0.4992661040347182,0.00809830447529466,0.8120404435321689,0.0,-0.5578508973121643,0.010556875164951175,1.643635869026184,3,0.0,0.0,0.6666666666666666,0.3333333333333333,2.3333333333333335,2.0,0.0,0.3333333333333333,526.3333333333334,-90.39145568336971
694272,86784,694272,84285,42142,109.99867954626694,256,256,128,128,1.4256775646936148,1.4153117119567469,0.3897534287207236,0.3879597327486408,0.3924117337264761,0.34219718526583165,0.3736597539973445,87.35077069699764,84.83042751252651,1.0,1.0,4.81740665435791,5.166751861572266,23.497753143310547,74.66685485839844,358.3223571777344,315.7730712890625,-0.5032636980595271,-1.501016840338707,0.23869333273183302,0.49983712362034316,0.008161820027865755,0.8440442075952888,0.0,-0.542103111743927,0.010358565737051793,1.4986138343811035,1,0.0,0.0,1.0,2.0,3.0,0.0,0.0,1.0,600.0,-27.602095724134415
696320,87040,696320,84541,42270,110.01042929538727,256,256,128,128,1.3019654136151075,1.2958677785936743,0.3518215892280452,0.351517679671133,0.35609013607518136,0.34975605830550194,0.3710504255723208,86.09598523378372,85.18578471243382,1.0,1.0,4.826169490814209,4.579623699188232,26.311119079589844,54.358314514160156,319.8921813964844,391.3292541503906,-0.43805730582243996,-1.5182034010067582,0.23465876841947267,0.4998357522823826,0.008344393202026332,0.8808127243537456,0.0,-0.45945167541503906,0.011435997400909682,1.499247670173645,6,0.0,0.0,0.3333333333333333,1.3333333333333333,1.0,1.3333333333333333,0.0,0.8333333333333334,591.0,-56.00939459821651
698368,87296,698368,84797,42398,110.00566871667279,256,256,128,128,1.3933048959588632,1.3866176959127188,0.35071391511428374,0.34183493617388194,0.3522708158416208,0.35409254755359143,0.3733852074947208,84.12352077662945,80.43815284222364,1.0,1.0,5.629700660705566,5.671141147613525,27.53402328491211,58.216278076171875,338.48187255859375,228.16427612304688,-0.4550599537033122,-1.4907003100961447,0.23970521204774817,0.5007749231086136,0.0083060221847193,0.8336489817593247,0.0,-0.3516446053981781,0.011721322270512313,1.6908525228500366,1,0.0,0.0,0.0,1.0,1.0,2.0,0.0,1.0,600.0,-67.48023538135749
700416,87552,700416,85053,42526,108.21146271246236,256,256,128,128,1.3967874873196706,1.4021952177863568,0.3695799316119519,0.38281822122075937,0.3813777159584788,0.3579907948151231,0.37345844611991197,86.72291573882103,80.44063384085894,1.0,1.0,5.726736068725586,5.931355953216553,31.267919540405273,57.00345230102539,272.5836486816406,314.5127868652344,-0.45539683458264335,-1.5009473823010921,0.23985728187015506,0.5007275698342828,0.008489762268886331,0.8811701904051006,0.0,-0.5240916013717651,0.011040170258047353,1.8069945573806763,7,0.0,0.0,0.7142857142857143,1.0,2.0,1.1428571428571428,0.14285714285714285,0.5714285714285714,557.2857142857143,-65.10539124059609
702464,87808,702464,85309,42654,108.21429310534558,256,256,128,128,1.3159411967499182,1.3010546414880082,0.3857924976036884,0.3866287966957316,0.3853409846797149,0.3407552820863202,0.3628188780276105,77.77654717117548,71.5616190880537,1.0,1.0,8.181011199951172,7.729443073272705,27.673871994018555,55.39854049682617,335.746826171875,263.9618835449219,-0.4980753080926661,-1.5011711632832885,0.23830952293646257,0.5014748733948793,0.008444492318951525,0.8932771852705628,0.0,-0.10554739087820053,0.011241830065359478,1.522623896598816,2,0.0,0.0,0.0,1.5,1.5,1.0,0.5,0.5,374.0,-45.785724230794585
704512,88064,704512,85565,42782,108.26310827570803,256,256,128,128,1.3683884250931442,1.3791468475246802,0.38646373817391577,0.38651609405860654,0.39028935662179265,0.3522080873372033,0.3738743826979771,78.53731631487608,77.79678770899773,1.0,1.0,6.15821647644043,6.308277130126953,27.119640350341797,54.86789321899414,334.98553466796875,276.7437438964844,-0.46473021735437214,-1.4875320559367537,0.2397109485390357,0.5004799369325658,0.00816590298364508,0.839156842790544,0.0,-0.17169883847236633,0.011089108910891089,1.5564641952514648,7,0.0,0.0,0.0,1.7142857142857142,2.142857142857143,1.0,0.2857142857142857,0.8571428571428571,531.4285714285714,-42.294454807827215
706560,88320,706560,85821,42910,108.27393342231207,256,256,128,128,1.3789484659209847,1.3618036764673889,0.34065013360395824,0.3472507518617931,0.3414855171390627,0.3443071539513767,0.36797917168587446,88.17159125953913,79.01083932071924,1.0,1.0,5.3150739669799805,5.512187480926514,23.80126190185547,55.703857421875,459.7747497558594,327.98101806640625,-0.4454471094504697,-1.4954522345215082,0.23455595597402823,0.49801434753168233,0.00791853330358494,0.8945154063403606,0.0,-0.8340153098106384,0.010465724751439037,1.5312204360961914,2,0.0,0.0,0.5,0.5,2.0,2.0,0.0,0.5,558.0,-85.28018775402779
708608,88576,708608,86077,43038,108.27815966391402,256,256,128,128,1.3001966211013496,1.3231815132312477,0.42050184871004603,0.42182898142709746,0.4276508106631809,0.34411922411527485,0.3608992985682562,78.31948387995362,79.02359434217215,1.0,1.0,6.046374320983887,6.118713855743408,25.765174865722656,54.69802474975586,320.56890869140625,268.1189880371094,-0.5120331168582197,-1.5029808217659593,0.23422794755862208,0.4984835052527471,0.007715904812859493,0.85408407705836,0.0,-0.458665132522583,0.01051110235185915,1.7484465837478638,3,0.0,0.0,0.0,1.6666666666666667,2.0,1.0,0.3333333333333333,0.6666666666666666,530.6666666666666,-49.89494114787036
710656,88832,710656,86333,43166,108.31291996565102,256,256,128,128,1.386753388796933,1.3892296790145338,0.38440865325446794,0.373938207542551,0.38051334296505956,0.36523049883544445,0.3768441255670041,91.26182772219181,88.45129994302988,1.0,1.0,5.769379138946533,5.631868362426758,26.67072296142578,55.335289001464844,296.73846435546875,370.50030517578125,-0.45028750794153893,-1.5009890450164676,0.23346408319522816,0.4964311615189761,0.007644039277252798,0.8714884906075895,0.0,-0.2590114176273346,0.010445227836532185,1.5396606922149658,4,0.0,0.0,0.25,2.25,2.5,0.5,0.0,1.0,600.0,-26.731622890853714
712704,89088,712704,86589,43294,108.3527187156393,256,256,128,128,1.3031829090905376,1.2649064597208053,0.35857971435473246,0.3684037847160653,0.36834218061540014,0.34282563731539994,0.3666878351359628,79.54327787458897,74.66254878044128,1.0,1.0,4.503849506378174,4.653502464294434,25.70539093017578,54.58407974243164,285.28564453125,309.21234130859375,-0.4538542465215869,-1.5058419983834028,0.2337369718143616,0.4968682643580307,0.007767577798029901,0.8794549410231411,0.0,-0.12610289454460144,0.010677083333333334,1.8510128259658813,4,0.0,0.0,0.75,0.5,1.5,1.75,0.0,0.25,517.0,-86.16580683717893
714752,89344,714752,86845,43422,108.36773989700956,256,256,128,128,1.2917123780352995,1.2586459330050275,0.3803645398752451,0.38482069392949825,0.38824841349696726,0.3435834849951789,0.36043128866003826,86.42946155369282,77.61853865534067,1.0,1.0,5.410005569458008,5.501407623291016,20.302268981933594,58.283992767333984,269.9044494628906,308.8486633300781,-0.48854000576830003,-1.4928297018632293,0.23887423847391046,0.498636207590965,0.008092717113499912,0.8293682218063623,0.0,-0.5627551674842834,0.011045364891518738,1.6204447746276855,3,0.0,0.0,1.0,0.6666666666666666,1.0,1.3333333333333333,0.0,0.3333333333333333,556.3333333333334,-76.59860619798808
716800,89600,716800,87101,43550,108.36931218858666,256,256,128,128,1.367973632994108,1.3715557999676093,0.3758324870868819,0.37667868749304034,0.3723723053564072,0.3409816735656932,0.36808728356845677,76.49776329100132,78.87890314310789,1.0,1.0,4.782711029052734,4.902503490447998,21.903858184814453,58.06547164916992,289.0735778808594,376.2364196777344,-0.48581488864147104,-1.4875965835526586,0.2394459911706084,0.4985051241905617,0.007960979809317805,0.8727015580516309,0.0,-0.5160805583000183,0.010710553814002089,1.7209885120391846,5,0.0,0.0,0.0,0.8,1.8,1.8,0.4,0.6,536.2,-76.526296162582
718848,89856,718848,87357,43678,108.43675260951714,256,256,128,128,1.3266997238388285,1.3273519456852227,0.370368865376804,0.3688041510720268,0.3719074850232573,0.355253120069392,0.36805259896209463,83.06914414465427,77.22741807252169,1.0,1.0,6.484684944152832,6.517450332641602,29.891090393066406,74.72142791748047,297.71746826171875,298.684814453125,-0.4525783373901504,-1.495945766568184,0.23710028570578104,0.496377718301616,0.0077676354308484725,0.8473998887930065,0.0,-0.5599089860916138,0.009881422924901186,1.5909268856048584,3,0.0,0.0,0.3333333333333333,1.3333333333333333,2.3333333333333335,1.3333333333333333,0.0,1.0,600.0,-55.890709616906555
720896,90112,720896,87613,43806,108.44062999027321,256,256,128,128,1.3435918543254957,1.3372383146779612,0.37752990160515765,0.37470475757913846,0.38127317652106285,0.3574921485269442,0.37365416233660653,93.85139572992921,93.55181290209293,1.0,1.0,5.724573612213135,5.663442134857178,29.898998260498047,55.00754165649414,292.5977783203125,320.712158203125,-0.4672961450874027,-1.4857139401137829,0.23829912795424107,0.4968193945426828,0.007647163147519587,0.8508696677163243,0.0,-0.3434121906757355,0.010189228529839884,1.6681076288223267,4,0.0,0.0,0.0,1.5,2.25,1.25,0.25,0.75,562.0,-53.917423355416076
722944,90368,722944,87869,43934,108.43619572315932,256,256,128,128,1.4237263374961913,1.407149879145436,0.38070761034418865,0.385632986037308,0.38695765015745565,0.3463460945058614,0.3727568998001516,93.29424700140953,77.68656435608864,1.0,1.0,6.090911865234375,5.6365885734558105,24.749542236328125,55.92266845703125,286.7198791503906,325.8294677734375,-0.4677789938286878,-1.5074199670925736,0.235601112346933,0.49834995444800867,0.008017249875192766,0.801578109851107,0.0,-0.61842280626297,0.011141696159391794,1.3411588668823242,3,0.0,0.0,0.0,1.6666666666666667,2.3333333333333335,1.3333333333333333,0.0,0.6666666666666666,557.6666666666666,-51.17052494333135
724992,90624,724992,88125,44062,108.45446299001965,256,256,128,128,1.2814532971242443,1.2826151350745931,0.38966595907459123,0.39234361074340995,0.39374251761182677,0.34559502417687327,0.35782222147099674,73.68375239521265,78.5521230250597,1.0,1.0,6.491456985473633,6.424813747406006,25.67407989501953,74.73846435546875,263.84210205078125,301.316162109375,-0.4711270682837494,-1.5011305855587125,0.23699064136654274,0.5002677620216656,0.008420403826897477,0.8570122648961842,0.0,-0.5429835915565491,0.010697977821265492,1.8270453214645386,3,0.0,0.0,0.0,1.3333333333333333,3.0,1.6666666666666667,0.0,0.6666666666666666,595.3333333333334,-61.87916754327792
727040,90880,727040,88381,44190,108.50116686653348,256,256,128,128,1.3991735937306657,1.3710199589841068,0.38634290115896874,0.38857672710582847,0.390984627083526,0.35223914694506675,0.36743686482077464,82.0106413885951,81.74662062525749,1.0,1.0,5.848513603210449,6.287348747253418,23.826461791992188,74.79362487792969,297.64898681640625,266.2953186035156,-0.48910073156730505,-1.4886542102321982,0.23950691082857842,0.4998195210674006,0.008168088557176776,0.8135678635444492,0.0,-0.3104211091995239,0.012043512043512044,1.4640861749649048,4,0.0,0.0,0.0,1.5,2.5,1.5,0.0,1.0,600.0,-52.863525963744905
729088,91136,729088,88637,44318,108.52561099452045,256,256,128,128,1.2849774522474036,1.2797004703897983,0.3905065594117332,0.39284102959254596,0.3947136593506002,0.35177834902424365,0.3660171816009097,84.1765842884779,89.03609101846814,1.0,1.0,7.747203826904297,6.727686882019043,24.744401931762695,55.8862419128418,325.13604736328125,300.7963562011719,-0.4802936236619644,-1.4972032262012362,0.23759609788242084,0.49940238324902886,0.00806495881834106,0.8124292630236596,0.0,-0.3392065763473511,0.01194650045448643,1.51702880859375,2,0.0,0.0,0.0,1.5,2.0,1.5,0.0,1.0,600.0,-51.99265437544091
731136,91392,731136,88893,44446,108.53379525696822,256,256,128,128,1.3671476542949677,1.3813986128079705,0.38511631941219093,0.3875490968584927,0.38725178324239096,0.35181168012786657,0.36639555799774826,76.91850268095732,72.55526245385408,1.0,1.0,5.604634761810303,5.6903767585754395,21.542282104492188,55.754737854003906,422.8033142089844,216.6378936767578,-0.46222600260807667,-1.4931370513513684,0.23843945401460026,0.5004891746444703,0.008505231610585716,0.836240850854665,0.0,-0.6157586574554443,0.011895424836601307,1.541084885597229,7,0.0,0.0,0.14285714285714285,1.2857142857142858,1.8571428571428572,1.2857142857142858,0.2857142857142857,0.8571428571428571,579.8571428571429,-57.326592456669104
733184,91648,733184,89149,44574,108.5516175881161,256,256,128,128,1.3496884717606008,1.3701355976518244,0.3818598365687649,0.38053786941509316,0.38391652976497426,0.35233968403190374,0.36885929899290204,79.37280416488647,79.83897618204355,1.0,1.0,4.829670429229736,5.218228816986084,23.523887634277344,55.93069839477539,255.47303771972656,246.2655029296875,-0.4568019737598661,-1.4850006941705942,0.23758750879569934,0.5006294560386114,0.008236291731335254,0.8410191126167774,0.0,-0.4525339603424072,0.011171032357473035,1.7063305377960205,1,0.0,0.0,0.0,1.0,3.0,2.0,0.0,1.0,600.0,-69.16121112923611
735232,91904,735232,89405,44702,108.60571017366864,256,256,128,128,1.3637497296440415,1.3500205765012652,0.38088223629893037,0.37623976421127736,0.38296205166489017,0.35038179415278137,0.3701039964798838,84.99568002671003,75.21322624385357,1.0,1.0,4.649092674255371,4.498826026916504,23.44211196899414,54.511573791503906,270.1890869140625,276.0576477050781,-0.4854431648109312,-1.5019080946221948,0.23322697205732323,0.49762160525907184,0.007898520985326313,0.8076341040432453,0.0,-0.12077412754297256,0.010950332420805632,1.7333924770355225,4,0.0,0.0,0.0,1.5,3.0,1.5,0.0,0.5,583.5,-59.31387116101541
737280,92160,737280,89661,44830,108.59902421221035,256,256,128,128,1.312080170842819,1.3060415425570682,0.38917685411252023,0.3826355853852874,0.39194014934355437,0.34656470105983317,0.36155249713920057,78.64704865217209,73.56355413794518,1.0,1.0,5.383997440338135,5.407216548919678,24.300107955932617,58.03642654418945,251.65138244628906,305.8008117675781,-0.5031134012824623,-1.4975481536239386,0.23583338868320494,0.49997328998324614,0.008130013629796585,0.858650288078934,0.0,-0.3371990919113159,0.011054086063955783,1.4706579446792603,3,0.0,0.0,0.0,1.3333333333333333,2.3333333333333335,1.6666666666666667,0.0,1.0,600.0,-56.99904448899906
739328,92416,739328,89917,44958,108.6191806168821,256,256,128,128,1.286145055666566,1.2824196639703587,0.3860782957071933,0.38317712040770857,0.38222723134640546,0.34208339161705226,0.35595986153930426,80.6120669990778,70.31293226033449,1.0,1.0,5.3960957527160645,5.312435150146484,25.79766845703125,57.05220413208008,236.2569580078125,239.5023193359375,-0.4959674487618031,-1.5002414928749204,0.2314189270823132,0.4956366846317546,0.007546432932331253,0.7802182461600751,0.0,-0.6564100980758667,0.010926803580832017,1.3919260501861572,4,0.0,0.0,0.75,2.0,1.5,0.25,0.0,0.75,587.5,-32.16032183061543
741376,92672,741376,90173,45086,108.64815531726951,256,256,128,128,1.2843289960292168,1.2606006202986464,0.4035207178726523,0.40733812817597936,0.41123047662313184,0.3771278830245137,0.3705973522737622,90.14948714524508,82.25609368085861,1.0,1.0,4.964219570159912,4.919835090637207,23.482955932617188,74.90397644042969,400.4021911621094,317.6222839355469,-0.46129973830102244,-1.4932064888998866,0.23610057972082313,0.49855159815922967,0.008049506546101955,0.758553660241887,0.0,-0.7271926999092102,0.011750881316098707,1.249813199043274,5,0.0,0.0,0.4,1.2,1.6,1.2,0.2,0.8,565.2,-58.128119201951264
743424,92928,743424,90429,45214,108.68655652791192,256,256,128,128,1.345249997684732,1.3163637256948277,0.4148615272697498,0.4098833445823402,0.4127401629193628,0.3589959868695587,0.36049469222780317,81.33130922913551,73.51016297191381,1.0,1.0,6.872351169586182,7.167557239532471,23.2193603515625,74.86944580078125,289.7181396484375,262.2170715332031,-0.5018360725534876,-1.5035818107426167,0.2322111196136062,0.49596640453468055,0.007611742904122543,0.8177978508174419,0.0,-0.5847200751304626,0.01037153735066299,1.5622906684875488,1,0.0,0.0,0.0,0.0,3.0,3.0,0.0,0.0,524.0,-111.22349501465214
745472,93184,745472,90685,45342,108.69093242132632,256,256,128,128,1.4054124746471643,1.3844650749233551,0.3779298536192073,0.3744033973707701,0.3758373180548915,0.34237336355727166,0.3660837896168232,80.10498911887407,73.20715396851301,1.0,1.0,4.5493903160095215,4.75569486618042,23.67951202392578,57.664939880371094,208.3555450439453,290.6113586425781,-0.4753872906912875,-1.4906063303351402,0.23558698455071228,0.4976674255427184,0.007996486446552355,0.7442137266043574,0.0,-0.6508891582489014,0.011357633386159536,1.3677929639816284,6,0.0,0.0,0.3333333333333333,1.5,1.8333333333333333,1.0,0.16666666666666666,0.6666666666666666,566.5,-52.769170763524016
747520,93440,747520,90941,45470,108.71434643617877,256,256,128,128,1.3512867913814262,1.3432936035096645,0.3928095375549674,0.39527111137203974,0.39480601153627504,0.343694950803183,0.3611669996753335,80.81254587322474,73.87184926867485,1.0,1.0,7.150102615356445,7.275758266448975,23.74862289428711,58.25773620605469,341.65997314453125,364.2559509277344,-0.4851643937145127,-1.4886312810704112,0.23692641235033185,0.49823235664424514,0.008030298557542484,0.8028469709679484,0.0,-0.7259746789932251,0.010688836104513063,2.2078793048858643,2,0.0,0.0,1.0,0.0,1.5,1.5,0.5,0.0,516.0,-99.52114559296388
749568,93696,749568,91197,45598,108.76496287130914,256,256,128,128,1.347481883596629,1.347173671820201,0.3982460523075133,0.39904170549834816,0.4006063712827199,0.3318273117765784,0.35998209880199283,81.83794128894806,78.03703443706036,1.0,1.0,5.888946056365967,5.602893352508545,19.343406677246094,74.97071075439453,269.5401916503906,350.5940856933594,-0.5024845397856552,-1.4998560762032866,0.23365752716744073,0.49658362579647486,0.007525371939631995,0.782775011844933,0.0,-0.5146846771240234,0.010264508487958943,1.6019190549850464,4,0.0,0.0,0.0,1.5,2.75,1.25,0.25,0.75,572.25,-54.95759291522063
751616,93952,751616,91453,45726,108.77945045759155,256,256,128,128,1.3257652113679796,1.305383954080753,0.4128945371226109,0.4119264333667161,0.41732763115032867,0.3417314705438912,0.36158936901483685,85.03445500507951,71.4479038566351,1.0,1.0,5.154527187347412,5.2920756340026855,26.357540130615234,54.99427795410156,342.0350036621094,272.1529235839844,-0.5058390248668729,-1.4902513567358255,0.23442805829120006,0.4960234946789658,0.007354246170695048,0.8428107965737581,0.0,-0.5459230542182922,0.010436799381522999,1.517759084701538,3,0.0,0.0,0.3333333333333333,1.6666666666666667,1.0,1.0,0.0,1.0,600.0,-43.82003008046983
753664,94208,753664,91709,45854,108.78958765690162,256,256,128,128,1.3264944929396734,1.2736647047568113,0.38730678217871173,0.38235647566943953,0.3824517566645227,0.3539406727068126,0.3622664245776832,91.61011424660683,68.82847759872675,1.0,1.0,5.099907875061035,4.881219863891602,27.04642105102539,57.40156936645508,325.6813659667969,221.23623657226562,-0.4926858493126929,-1.5037171775475144,0.233698912938689,0.49573646748215455,0.0074567180820327,0.7349641998298466,0.0,-0.495144784450531,0.010104935872522347,1.266558289527893,3,0.0,0.0,0.0,1.0,1.6666666666666667,2.0,0.0,1.0,600.0,-66.51945288245042
755712,94464,755712,91965,45982,108.79744311014673,256,256,128,128,1.2852547275833786,1.299628717591986,0.38986667044923706,0.38410974873113446,0.38796635391918244,0.34168813948053867,0.3600572876748629,81.86447034776211,77.56070521473885,1.0,1.0,4.411581039428711,4.329002857208252,24.484600067138672,57.75499725341797,283.9676818847656,373.80621337890625,-0.4928910764865577,-1.4937111344188452,0.23531175243568342,0.49775853230449096,0.007675092061445099,0.8041319423355162,0.0,-0.2430703341960907,0.010769634883110061,1.3621217012405396,5,0.0,0.0,0.2,1.8,1.6,0.8,0.2,1.0,600.0,-39.88400303012022
757760,94720,757760,92221,46110,108.84421059049943,256,256,128,128,1.2251102140871808,1.221474681980908,0.43954858552024234,0.4378889480735779,0.44266824252918013,0.3449093899689615,0.3564658941468224,81.58245357125998,78.78484550118446,1.0,1.0,5.783952713012695,5.836641788482666,25.6142635345459,75.0051498413086,322.3332824707031,244.87962341308594,-0.508180371067283,-1.488998794928193,0.23756462059793165,0.49688947387222576,0.007875800439345377,0.7784626642242074,0.0,-0.7867844700813293,0.010869565217391304,1.4939311742782593,4,0.0,0.0,0.5,1.0,2.25,1.25,0.25,0.75,575.0,-64.64380410716558
759808,94976,759808,92477,46238,108.84407063800376,256,256,128,128,1.2606622135499492,1.2212103444617242,0.3740131817794463,0.37043580418048805,0.3737108417799391,0.34290967986453325,0.35948419460328296,81.23392751812935,75.23921907693148,1.0,1.0,5.141645431518555,4.94539737701416,29.25277328491211,75.0547866821289,346.6014709472656,257.66229248046875,-0.46109415267710574,-1.4964104164391756,0.23549798760367124,0.49629596024154804,0.0075473967511017785,0.8312705971766263,0.0,-0.45567455887794495,0.010347085789129011,1.8501644134521484,3,0.0,0.0,0.3333333333333333,1.3333333333333333,2.3333333333333335,1.3333333333333333,0.0,0.6666666666666666,573.0,-58.03538410468233
761856,95232,761856,92733,46366,108.84597497054912,256,256,128,128,1.266854745335877,1.253740434825886,0.42197097047028365,0.4193781253791258,0.4200574122553462,0.3449699309421703,0.35673533380031586,74.74200484156609,69.77851966768503,1.0,1.0,5.198142051696777,4.889313697814941,23.125,55.01837158203125,293.8800964355469,342.61273193359375,-0.5287455734796822,-1.511867580935359,0.23145196958846342,0.4974697934411991,0.007541965708002234,0.8714030864648521,0.0,-0.8633183836936951,0.010266406757634829,1.576621413230896,2,0.0,0.0,1.5,0.5,2.5,0.5,0.5,0.5,563.5,-71.24047885056285
763904,95488,763904,92989,46494,108.87217689346828,256,256,128,128,1.2122519908007234,1.2397805295186117,0.38065230330539634,0.3774965704378701,0.3788330941961249,0.34434915776364505,0.35779304918833077,76.3316892683506,74.55394785106182,1.0,1.0,4.746707916259766,4.705920696258545,25.48781967163086,53.885501861572266,283.54412841796875,332.04498291015625,-0.4599872449616669,-1.4982366422191262,0.23827822816178504,0.49987569894100253,0.008079543875124275,0.7647952730767429,0.0,-0.6931321024894714,0.010870988867059594,1.230751872062683,5,0.0,0.0,0.0,1.6,3.0,1.4,0.0,0.8,575.4,-52.030448879781396
765952,95744,765952,93245,46622,108.89312796839978,256,256,128,128,1.3111709367949516,1.3302080782596022,0.39241305662608283,0.40048203331627974,0.39777403880793827,0.3373514221748337,0.362952254479751,76.26676971465349,74.19531099498272,1.0,1.0,5.76897668838501,5.633869647979736,24.85900115966797,74.9806900024414,286.88226318359375,304.309814453125,-0.5120263271965086,-1.5013456959277391,0.2358610685918051,0.4977583155711294,0.007593116471080186,0.7915512991603464,0.0,-0.6618892550468445,0.0109460516028147,1.522991418838501,3,0.0,0.0,0.3333333333333333,0.6666666666666666,2.6666666666666665,1.6666666666666667,0.3333333333333333,0.6666666666666666,532.3333333333334,-77.03780284180054
768000,96000,768000,93501,46750,108.91296238103108,256,256,128,128,1.2381490034749731,1.2149811930721626,0.4140135422712774,0.4058902301433136,0.40837957378334977,0.3469018117757514,0.35921302379574627,72.22229561954737,72.80015631765127,1.0,1.0,6.2324371337890625,6.246115207672119,22.066932678222656,74.99272155761719,335.0334777832031,266.107666015625,-0.49110238868161105,-1.4901678273454309,0.2373525603683097,0.49842113118654835,0.007855786114392953,0.8212731766980141,0.0,-0.17854206264019012,0.010497667185069984,1.9577257633209229,4,0.0,0.0,0.5,1.5,2.5,1.0,0.0,1.0,600.0,-47.069434042865396
770048,96256,770048,93757,46878,108.92641884070134,256,256,128,128,1.2780704424949363,1.2859186314744875,0.3787495679453059,0.37914357935153475,0.3829308702152048,0.35066237312275916,0.3633276232285425,79.78211568295956,76.36248006671667,1.0,1.0,4.879486083984375,5.067696571350098,26.443693161010742,51.2548942565918,356.52691650390625,240.48361206054688,-0.475124842414516,-1.5050521977245808,0.23527055156241913,0.49836527295853605,0.007858504527062346,0.7628180666361004,0.0,-0.08208717405796051,0.010673868312757202,1.4986271858215332,4,0.0,0.0,0.5,1.75,1.0,0.75,0.0,1.0,600.0,-39.6510515264672
772096,96512,772096,94013,47006,108.9723522308142,256,256,128,128,1.2964250850491226,1.2958792934659868,0.38018797184577124,0.3890733481694042,0.38904205428116256,0.3412553104571998,0.3604674111120403,90.70326176285744,86.07661379128695,1.0,1.0,4.994892120361328,5.304050922393799,24.170948028564453,57.6031379699707,303.7713317871094,334.8890686035156,-0.4934864914903301,-1.4947520578280091,0.23783650432405484,0.4977030237403745,0.0075242393462969384,0.7743429378606379,0.0,-0.6659305095672607,0.010596546310832025,1.7556589841842651,3,0.0,0.0,0.0,0.0,2.0,2.0,1.0,0.0,460.6666666666667,-105.93711573175217
774144,96768,774144,94269,47134,108.98416695172205,256,256,128,128,1.2910804937710054,1.283419762738049,0.41010678195470973,0.4124891128994932,0.41364377608806535,0.335793026140891,0.360337202262599,76.98460544273257,78.14681382849813,1.0,1.0,4.994808197021484,5.087208271026611,22.890167236328125,55.455387115478516,277.30950927734375,227.66995239257812,-0.495225565169676,-1.4916761731728911,0.23963850414992388,0.4985364303945652,0.007908165733485573,0.7539375103078783,0.0,-0.30565840005874634,0.011062821019359936,1.408499002456665,3,0.0,0.0,0.0,1.0,2.3333333333333335,1.3333333333333333,0.6666666666666666,0.6666666666666666,556.6666666666666,-67.20109447590221
776192,97024,776192,94525,47262,108.97646733083391,256,256,128,128,1.2505051098414697,1.3034813109552488,0.4209520432668796,0.42275732456255355,0.4214916290206929,0.35385675623547286,0.36455274431500584,77.23377934098244,79.79964142292738,1.0,1.0,5.110747337341309,5.216375350952148,27.89626693725586,75.12039947509766,329.924072265625,276.8940124511719,-0.5388213552832894,-1.4874256309121847,0.23981838707962183,0.4995828852647354,0.008066053832582808,0.7680233004502952,0.0,-0.3327150344848633,0.011153358681875792,1.357296109199524,5,0.0,0.0,0.0,1.8,2.2,1.2,0.0,1.0,600.0,-43.476648073732214
778240,97280,778240,94781,47390,108.99526148206216,256,256,128,128,1.2529321473557502,1.2366608792217448,0.4094459193649982,0.4160358249884837,0.409241284631662,0.34550544735975564,0.3509266198379919,83.6584771424532,70.06505514681339,1.0,1.0,4.613345146179199,4.682538032531738,26.139387130737305,56.10404968261719,307.2292175292969,254.24581909179688,-0.49893889506984124,-1.5015741819515824,0.23514719390647779,0.4973090672855033,0.0075613991768306256,0.794787073507905,0.0,-0.4653051793575287,0.01099332548095799,1.4329824447631836,4,0.0,0.0,0.0,1.25,2.75,1.5,0.25,0.75,562.25,-62.579954126816574
780288,97536,780288,95037,47518,109.04430729756588,256,256,128,128,1.2740203046705574,1.272372957202606,0.3952916463713336,0.4007417216489557,0.39722034440274,0.3416391331702471,0.35640443209558725,83.23541303351521,73.58233537524939,1.0,1.0,5.003440856933594,4.909266948699951,21.34707260131836,55.740997314453125,313.6865234375,272.7660827636719,-0.5271359791513532,-1.4890658408403397,0.2378102152084801,0.49707170676623363,0.007555880340109022,0.7513172486796975,0.0,-0.6845809817314148,0.010404319768207559,1.2299084663391113,1,0.0,0.0,0.0,1.0,1.0,2.0,0.0,1.0,600.0,-66.22888896532095
782336,97792,782336,95293,47646,109.05492334260767,256,256,128,128,1.321573592722416,1.373226290103048,0.3675758690724251,0.36643231411835586,0.3711773603254187,0.36080847564153373,0.36867997772060335,77.02657700330019,94.79311847686768,1.0,1.0,5.016512870788574,5.018958568572998,27.739755630493164,55.768646240234375,268.945556640625,352.30584716796875,-0.43266538387615583,-1.4940905990079045,0.23989316339010247,0.4976345500501454,0.007632438421061162,0.7565968134440482,0.0,-0.26598605513572693,0.009958071278825996,1.3108808994293213,4,0.0,0.0,0.0,1.75,2.25,1.0,0.25,1.0,600.0,-43.473871859925566
784384,98048,784384,95549,47774,109.0626319680101,256,256,128,128,1.1632546958280727,1.1781937739579007,0.41844319836673094,0.4119346902239158,0.42292416921009135,0.349332217592746,0.3549962947727181,80.73122894018888,87.69023068994284,1.0,1.0,5.992944717407227,5.893536567687988,28.93631362915039,75.04888153076172,274.5279846191406,271.0290832519531,-0.4949126021238044,-1.5081438701599836,0.232058939298577,0.4942675915841219,0.007067140544802634,0.7917589461430907,0.0,-0.7391662001609802,0.009442504203854611,1.4900058507919312,6,0.0,0.0,0.16666666666666666,1.0,2.1666666666666665,1.6666666666666667,0.16666666666666666,0.5,509.3333333333333,-71.77285259416294
786432,98304,786432,95805,47902,109.08096205885822,256,256,128,128,1.3080693816300482,1.2804134776815772,0.3981327103465446,0.40137153783871327,0.39928596106619807,0.3556757331825793,0.3620283475029282,87.78857091069221,79.11063086986542,1.0,1.0,4.863037586212158,4.67608118057251,39.112510681152344,55.69346618652344,374.9634094238281,330.2870788574219,-0.47597776526527014,-1.5075582675635815,0.23628152882188427,0.49843955738832835,0.007845315884158554,0.7979861523490399,0.0,-0.24723537266254425,0.010592389172224402,1.328206181526184,4,0.0,0.0,0.25,0.5,2.25,2.0,0.25,0.25,496.0,-89.23810413243518
788480,98560,788480,96061,48030,109.12873345526013,256,256,128,128,1.2415407574735582,1.2478756732307374,0.39745949930147617,0.3840799504860115,0.3898435912782361,0.34974714007694274,0.35426874936092645,78.41206464916468,82.80270424485207,1.0,1.0,7.764329433441162,7.057495594024658,26.626996994018555,75.04743957519531,261.7271728515625,527.8939819335938,-0.4927628510049544,-1.5000287061557174,0.23656752908921586,0.49719688159912173,0.007577612851612291,0.7379778397735208,0.0,-0.24042995274066925,0.010470510271703115,1.1288644075393677,3,0.0,0.0,0.0,1.0,2.3333333333333335,2.0,0.0,0.6666666666666666,582.0,-71.7639045122675
790528,98816,790528,96317,48158,109.1387540577496,256,256,128,128,1.1958262126427144,1.1775627731112763,0.40515919424615277,0.4069761576374731,0.41139621390902903,0.3342002625577152,0.3464179818984121,83.63006801903248,79.4361071139574,1.0,1.0,4.984004974365234,4.747847557067871,26.30044937133789,55.403419494628906,339.6817626953125,263.06878662109375,-0.5046420620637946,-1.488836718723178,0.24156916350104984,0.49750837728656727,0.00769901366675688,0.7921444741077721,0.0,-0.33149534463882446,0.011574074074074073,1.4901868104934692,4,0.0,0.0,0.0,1.5,2.25,1.25,0.25,0.5,533.0,-57.446562333200745
792576,99072,792576,96573,48286,109.14461092259432,256,256,128,128,1.3348189902026206,1.3180966301588342,0.3855199945364802,0.3852967683587849,0.3872804873299174,0.3384143499424681,0.35773160989629105,80.12619666010141,77.21471124142408,1.0,1.0,5.39461612701416,5.316352367401123,24.79092025756836,55.735050201416016,424.06817626953125,233.3555450439453,-0.49889809008527664,-1.490276143886149,0.24135354715432875,0.4976145852389289,0.007531463492287766,0.776602909900248,0.0,-0.36378344893455505,0.010731579636173275,1.253801941871643,3,0.0,0.0,0.3333333333333333,1.0,2.3333333333333335,1.6666666666666667,0.0,0.6666666666666666,596.3333333333334,-69.69899162155343
794624,99328,794624,96829,48414,109.17139411523937,256,256,128,128,1.257428658020217,1.238517566700466,0.4291083444713877,0.431731435302936,0.4323402967056609,0.33875176776200533,0.354042548162397,87.46650893241167,78.53108575195074,1.0,1.0,6.179847240447998,5.924793243408203,26.05689811706543,75.0696029663086,253.5560760498047,255.9914093017578,-0.5423679210944101,-1.5157640809193254,0.23211324553080204,0.4955548158497765,0.007128583859018877,0.777345597743988,0.0,-0.5080603361129761,0.010280743376828785,1.6575121879577637,2,0.0,0.0,0.0,2.0,3.0,1.0,0.0,1.0,600.0,-39.25496598936752
796672,99584,796672,97085,48542,109.2117785512908,256,256,128,128,1.363461009808816,1.3674733764491975,0.4117061091346841,0.4077859711419478,0.416250744025092,0.3467363074887544,0.3653288270579651,79.61883833259344,84.41919228434563,1.0,1.0,6.081047534942627,5.929810523986816,26.753936767578125,75.05427551269531,407.1409912109375,371.5156555175781,-0.5111092646839097,-1.4951141281053424,0.236894321227563,0.49663298375994985,0.007385097372780726,0.7877559056505561,0.0,-0.7867611646652222,0.00977743470989322,1.4865167140960693,4,0.0,0.0,0.0,2.0,2.5,1.0,0.0,1.0,600.0,-36.58831132727525
798720,99840,798720,97341,48670,109.22797666304206,256,256,128,128,1.1969031429616734,1.2045692797983065,0.42507619814932696,0.42350883872859413,0.42714727737438807,0.3467921675182879,0.3581287036067806,91.49252881854773,85.71717584133148,1.0,1.0,5.259243011474609,5.353091716766357,21.8854923248291,57.41796112060547,274.7638244628906,266.68023681640625,-0.5431303237237444,-1.5075801210477948,0.23383908625517238,0.4945938311398183,0.007040582292871457,0.7219367329962552,0.0,-0.5187631845474243,0.009975385412618215,1.2051758766174316,4,0.0,0.0,0.0,1.25,2.5,1.75,0.0,1.0,600.0,-59.706977403686324
800768,100096,800768,97597,48798,107.48093067257768,256,256,128,128,1.2660712450742722,1.237211060943082,0.4268767266130453,0.4186257338019459,0.42246091100696503,0.3550068533513695,0.35682662739418447,85.21625781804323,68.85053446143866,1.0,1.0,5.0532402992248535,5.026713848114014,24.624483108520508,57.85935592651367,352.6676940917969,264.4940490722656,-0.49957176914904267,-1.5014973981305957,0.23302641455405093,0.49598946628603585,0.0071228282246127705,0.7738105489406735,0.0,-0.48168012499809265,0.010112949829261886,1.494400978088379,5,0.0,0.0,0.0,1.8,2.0,1.0,0.2,0.8,567.8,-44.664050865836906
802816,100352,802816,97853,48926,107.49476187912998,256,256,128,128,1.156641070265323,1.1861064749537036,0.42764202606576873,0.42651329038926633,0.4288318508846487,0.3476510950131342,0.3556455798097886,79.73998064547777,83.7599259018898,1.0,1.0,5.092668056488037,5.15484619140625,26.238773345947266,55.24181365966797,257.30987548828125,285.4174499511719,-0.5202632145956159,-1.5010009296238422,0.2342058569728222,0.4968386108095524,0.007294577577147622,0.7385892728343606,0.0,-0.9215609431266785,0.009934640522875817,1.6745796203613281,2,0.0,0.0,0.0,0.5,1.5,2.0,0.5,0.5,525.5,-85.74418302674167
804864,100608,804864,98109,49054,107.525545734477,256,256,128,128,1.2350510648684576,1.2426417001988739,0.4237159958229313,0.4247044890013285,0.42403577721415786,0.33566181745845824,0.34913582511944696,81.562913171947,73.84517128020525,1.0,1.0,6.143350124359131,6.154677391052246,25.039928436279297,75.11483764648438,286.87353515625,302.3919982910156,-0.5361628491991723,-1.4971908144652843,0.23574705873588414,0.4984520417379745,0.0075831430464206135,0.8034933675080538,0.0,-0.418395459651947,0.01098901098901099,1.597047209739685,5,0.0,0.0,0.8,1.4,2.4,0.6,0.2,0.6,547.0,-52.03854456234258
806912,100864,806912,98365,49182,107.541181075188,256,256,128,128,1.234098952030763,1.2302940537920222,0.4287286081016646,0.4327598799447969,0.4323475254132063,0.34697952400892973,0.3573266559978947,80.6889892295003,78.81789228320122,1.0,1.0,4.529739856719971,4.671725749969482,22.93467903137207,55.346431732177734,286.0975036621094,328.1947937011719,-0.5304935221429332,-1.5034855538979173,0.23704795192448253,0.4986162084302213,0.007698412425279521,0.7920962921343744,0.0,-0.5894259810447693,0.010656270305393113,1.7221596240997314,3,0.0,0.0,0.0,2.3333333333333335,3.0,0.6666666666666666,0.0,1.0,600.0,-26.94271773540701
808960,101120,808960,98621,49310,107.56236914740933,256,256,128,128,1.2858426427701488,1.3036938806762919,0.42088563068205076,0.41808713064529,0.4139602985815145,0.3467611181549728,0.356075493094977,76.83286429941654,84.9625367037952,1.0,1.0,5.254162788391113,5.346177101135254,27.978418350219727,56.334903717041016,293.54510498046875,325.9388122558594,-0.5181645227967238,-1.4978435281664133,0.23909585925706456,0.4975342100508272,0.007592276830943052,0.7034708422143012,0.0,-0.4392859935760498,0.010246174318030606,1.302194356918335,3,0.0,0.0,0.0,1.0,2.0,1.6666666666666667,0.3333333333333333,0.6666666666666666,574.0,-70.12246963020031
811008,101376,811008,98877,49438,107.56412475392831,256,256,128,128,1.2489921735832468,1.2259829717222601,0.4185037067363737,0.4145788371006347,0.4213562475524668,0.36417055560741574,0.36274806794244796,103.10221233963966,84.47245695441961,1.0,1.0,7.339852809906006,7.310539245605469,29.54070281982422,75.20681762695312,328.821044921875,283.97894287109375,-0.5018724419278442,-1.5097944885492325,0.2367945959112732,0.4985435440320005,0.007757032588543651,0.8080903568770736,0.0,-0.4505579471588135,0.010752688172043012,1.5264480113983154,4,0.0,0.0,0.0,1.75,1.75,1.0,0.25,0.75,577.5,-45.83333371873232
813056,101632,813056,99133,49566,107.61701878120178,256,256,128,128,1.2431826762622222,1.2367670940002427,0.4289638284826651,0.42210676844160844,0.4264567843065379,0.34366710379254073,0.3580936405342072,84.97902745008469,78.02466912195086,1.0,1.0,5.5948286056518555,5.6645002365112305,26.66267204284668,75.1302261352539,330.5685119628906,309.5947265625,-0.4994837171107065,-1.4894020268693566,0.235708576902907,0.4981068573518647,0.0074436180176565845,0.7035040911287069,0.0,-0.8724368214607239,0.010236724248240563,1.1828932762145996,2,0.0,0.0,0.5,1.5,2.0,1.0,0.0,1.0,600.0,-48.04802703057794
815104,101888,815104,99389,49694,107.625039756964,256,256,128,128,1.2357981618260965,1.2386841791449115,0.44235503490017436,0.44366632596705813,0.4472289652069321,0.3409851547330618,0.3516943231225014,78.53135322779417,79.1218485981226,1.0,1.0,4.769505977630615,4.833840847015381,24.271324157714844,56.21405029296875,433.2137756347656,247.69371032714844,-0.5123476467852015,-1.5029237205162644,0.2364825428305048,0.4983020721073255,0.007602245435825663,0.7430455551948398,0.0,-0.42143699526786804,0.010958904109589041,1.4094197750091553,6,0.0,0.0,0.5,2.0,2.8333333333333335,0.3333333333333333,0.16666666666666666,0.8333333333333334,583.8333333333334,-34.54678667977313
817152,102144,817152,99645,49822,107.63290297470907,256,256,128,128,1.1802098543848842,1.1926886601140723,0.4193624195031589,0.4194968299664197,0.42339893735334044,0.3612823828589171,0.36341945646563545,87.65282642841339,78.52424091845751,1.0,1.0,7.131843090057373,7.249836444854736,23.297775268554688,75.13520050048828,282.3248291015625,435.3471374511719,-0.5009804865112528,-1.5065323011949658,0.23569443774982218,0.498560727100026,0.007539066771292963,0.7253487436100841,0.0,-0.6091104745864868,0.010911925175370226,1.1640387773513794,1,0.0,0.0,0.0,1.0,1.0,2.0,0.0,1.0,600.0,-66.23427470505703
819200,102400,819200,99901,49950,107.64659801404174,256,256,128,128,1.3508445506449789,1.3605852929176763,0.442578005760879,0.4470430411529378,0.4467998446734782,0.34185288567095995,0.35666423389920965,82.92123152315617,82.78391783684492,1.0,1.0,5.4233527183532715,5.300230503082275,19.709484100341797,55.95703887939453,289.4597473144531,255.8079833984375,-0.5689087349092006,-1.500221237540245,0.23794654359729397,0.4967947178169395,0.007453752406626566,0.6958902671467513,0.0,-0.7494220733642578,0.010061413824643931,1.2449368238449097,7,0.0,0.0,0.2857142857142857,1.0,2.857142857142857,1.5714285714285714,0.14285714285714285,0.7142857142857143,577.8571428571429,-68.83645977547901
821248,102656,821248,100157,50078,107.68542438416937,256,256,128,128,1.2810091481078416,1.2690447376808152,0.4001710823376925,0.40922225552321834,0.40792746239606004,0.3574909697053954,0.3583642216399312,83.38979432731867,72.20489194244146,1.0,1.0,5.51983642578125,5.244664669036865,24.47846031188965,75.23963165283203,349.5288391113281,223.14816284179688,-0.4995502673264127,-1.4998709242790937,0.23990488249685787,0.49835505129842605,0.007667932061415439,0.8122299856040627,0.0,-0.47305378317832947,0.010853929645612659,1.6571884155273438,2,0.0,0.0,0.5,0.5,2.0,2.0,0.0,0.5,540.5,-84.61714526065043
823296,102912,823296,100413,50206,107.69959471394912,256,256,128,128,1.229756002430804,1.2680228874087334,0.43108525086068994,0.4342923576650719,0.43556454104327713,0.3558545538689941,0.3562433196930215,75.1019719094038,88.91409482806921,1.0,1.0,4.904041767120361,4.6383748054504395,29.586149215698242,56.52481460571289,269.7197265625,272.02960205078125,-0.5476102820975939,-1.5070675173774362,0.23367014185983154,0.49689421158616554,0.007326410514438388,0.6951112754177302,0.0,-0.3203197419643402,0.01015295358649789,1.253684401512146,5,0.0,0.0,0.0,0.6,3.0,2.4,0.0,0.6,556.0,-84.74384841931388
825344,103168,825344,100669,50334,107.71587822599648,256,256,128,128,1.2476015595020726,1.218625514069572,0.41958753252583847,0.4204796815570262,0.41841186203964753,0.34541759570129216,0.35205228033009917,84.35518429428339,73.78487746417522,1.0,1.0,4.965732574462891,4.790951251983643,27.40695571899414,55.941650390625,302.43182373046875,249.2395477294922,-0.5242793469660683,-1.4924373533576727,0.24073496071754746,0.49676681709095755,0.007383850353302637,0.8312132449354976,0.0,-0.7697563171386719,0.010097087378640776,1.4905540943145752,2,0.0,0.0,0.5,1.0,1.5,1.0,0.5,0.5,501.0,-66.25796628755779
827392,103424,827392,100925,50462,107.75580477360471,256,256,128,128,1.2540713578928262,1.252866220776923,0.4220715440751519,0.42515820258404347,0.4276486920662137,0.3487901978660375,0.35237470228457823,82.64823086559772,74.92558678239584,1.0,1.0,5.664385795593262,5.777908802032471,27.479467391967773,56.447227478027344,292.58984375,211.46095275878906,-0.5320200648129685,-1.5112139414995909,0.23338355950623585,0.49513416992607223,0.007106985063481276,0.6858929840382189,0.0,-0.6342514157295227,0.010022126773395808,1.3604902029037476,2,0.0,0.0,0.0,1.5,3.0,1.5,0.0,0.5,586.5,-60.083090678584995
829440,103680,829440,101181,50590,107.84063598833798,256,256,128,128,1.209340859670192,1.2267140086041763,0.4530867755493091,0.4519090766007139,0.45270936473389156,0.34607367985881865,0.3569884499302134,82.26287297159433,79.08605891466141,1.0,1.0,5.632269382476807,5.519800186157227,28.8455810546875,56.5403938293457,277.2901306152344,266.9074401855469,-0.547708158599562,-1.492665502242744,0.23785082487146947,0.49707662980644235,0.007474484167033201,0.7511382943484932,0.0,-0.6711429357528687,0.009893153937475268,1.3550935983657837,6,0.0,0.0,0.0,1.5,2.3333333333333335,1.5,0.0,1.0,600.0,-52.62551914356163
831488,103936,831488,101437,50718,107.94580446888948,256,256,128,128,1.2036387257976457,1.1912135150050744,0.4583382001001155,0.45853961479110694,0.45924663898313156,0.35238395514898,0.3524887264939025,88.35952818393707,72.91474229842424,1.0,1.0,5.475452423095703,5.23942232131958,28.929553985595703,75.14571380615234,308.61944580078125,312.77685546875,-0.5608298513543559,-1.4947668267413974,0.23958193107163966,0.4982024562130488,0.0077634111017201865,0.6916576791554689,0.0,-0.7155641913414001,0.01172909572455543,1.069305419921875,2,0.0,0.0,0.0,1.5,3.0,1.5,0.0,0.5,558.0,-59.677145888796076
833536,104192,833536,101693,50846,108.05557200487159,256,256,128,128,1.1875313874334097,1.1607805683743209,0.4156492856234877,0.41215847063767796,0.412994300648279,0.34246802085544914,0.34968689212109894,84.23290897160769,76.47394295036793,1.0,1.0,5.031211853027344,5.0304789543151855,27.25197410583496,55.987239837646484,350.73419189453125,218.0084228515625,-0.4779554662600276,-1.4969547558575869,0.2395593690704873,0.5005011173779813,0.007996680854339844,0.776968113379553,0.0,-0.39588043093681335,0.012188863228124198,1.3387845754623413,5,0.0,0.0,0.6,0.8,2.2,1.6,0.0,0.6,560.6,-72.5052121522057
835584,104448,835584,101949,50974,108.18022661862832,256,256,128,128,1.1812206315807998,1.186787660815753,0.4579519039216393,0.45880323420988134,0.4558018612306114,0.3372635568957776,0.3501018839306198,66.4543741568923,70.8805999904871,1.0,1.0,4.062660217285156,4.023791790008545,24.540008544921875,55.94070816040039,209.53729248046875,249.37939453125,-0.5574007100403833,-1.499894586391747,0.23675003712383352,0.4962674369399491,0.007408679753827354,0.7124045183882117,0.0,-0.293132483959198,0.009742790335151987,1.2520767450332642,1,0.0,0.0,1.0,2.0,1.0,0.0,0.0,1.0,600.0,-29.8648942293039
837632,104704,837632,102205,51102,108.2985839563832,256,256,128,128,1.165022273431532,1.1926808846183121,0.4207483380596386,0.4180479339120211,0.4276452564001829,0.33645056595560163,0.35394000506494194,79.12499291449785,77.27819818258286,1.0,1.0,5.074309825897217,5.030094623565674,29.613468170166016,52.338111877441406,308.3819274902344,233.1585693359375,-0.48201208255341044,-1.5145944030955434,0.23477530952425554,0.49638800854417625,0.007345549113344051,0.8026038163807243,0.0,-0.7630323767662048,0.01069379238393323,2.051510810852051,8,0.0,0.0,0.0,0.875,2.0,1.625,0.5,0.5,541.75,-75.27824047894796
839680,104960,839680,102461,51230,108.40277292745799,256,256,128,128,1.2431233677780256,1.2328686895780265,0.38125495449912705,0.3811753492536809,0.3827305362774496,0.34841687709558755,0.35542769776657224,82.4220608100295,76.9602234736085,1.0,1.0,5.3190765380859375,5.378696918487549,26.73479461669922,56.197078704833984,247.75038146972656,213.36827087402344,-0.49550363566959277,-1.4891804168000817,0.23696195091795452,0.49676735314239046,0.007415302054713377,0.7047284480649978,0.0,-0.17439264059066772,0.01056156620298815,1.2743788957595825,0,nan,nan,nan,nan,nan,nan,nan,nan,nan,nan
841728,105216,841728,102717,51358,108.51014798549785,256,256,128,128,1.218000745982863,1.2135341136017814,0.43609510034889354,0.4290390296919213,0.43345510636163453,0.33998699579387903,0.3499478483572602,83.372055798769,79.5636049285531,1.0,1.0,5.447427272796631,5.461088180541992,30.097280502319336,56.38013458251953,375.9783630371094,239.94850158691406,-0.542769279985805,-1.5076895141974092,0.23743489563990472,0.49759436816411934,0.0073564276568935235,0.7421633224003017,0.0,-0.18262630701065063,0.011241830065359478,1.5020962953567505,6,0.0,0.0,0.0,1.5,2.5,1.3333333333333333,0.16666666666666666,0.6666666666666666,555.8333333333334,-55.7046222922933
843776,105472,843776,102973,51486,108.62086475235508,256,256,128,128,1.2396339444676414,1.231428688566666,0.43057368123845663,0.4284856885629438,0.43069863049277046,0.3391718250932172,0.35313933523138985,86.36975528299809,83.78523450344801,1.0,1.0,4.93513822555542,4.877540588378906,29.10601043701172,55.18636703491211,266.64752197265625,298.53564453125,-0.5430382143058523,-1.5254981964826584,0.2367951754464518,0.49895289533552895,0.007689349414847281,0.7352658049203455,0.0,-0.8284438848495483,0.011725293132328308,1.4090529680252075,3,0.0,0.0,0.3333333333333333,1.3333333333333333,1.0,0.6666666666666666,0.6666666666666666,0.6666666666666666,441.6666666666667,-48.56226246001097
845824,105728,845824,103229,51614,108.73083741481703,256,256,128,128,1.2290881843073294,1.2530564254848287,0.3928706773549493,0.39073030626423133,0.39167343563531176,0.3465455733239651,0.3569528818479739,76.17001619935036,80.71223644167185,1.0,1.0,5.560952186584473,5.826662063598633,29.617916107177734,56.29932403564453,277.8334655761719,312.9714050292969,-0.47615490636235336,-1.5046382565051317,0.23662571134066718,0.4967624038316636,0.0073235297630276025,0.7586296228691936,0.0,-0.37551552057266235,0.01010498687664042,1.4179456233978271,6,0.0,0.0,0.0,1.3333333333333333,1.8333333333333333,1.5,0.16666666666666666,0.6666666666666666,583.3333333333334,-60.51036131829763
847872,105984,847872,103485,51742,108.83684587548419,256,256,128,128,1.1591226016171277,1.1582652138313279,0.4452183153225633,0.4447918041378216,0.444866726708824,0.33486263477243483,0.3406543849851005,68.75198445469141,60.623336493968964,1.0,1.0,4.914067268371582,4.836772441864014,23.187744140625,56.260528564453125,218.6070098876953,232.50376892089844,-0.5337775957777922,-1.4953435212373734,0.23655810784489884,0.4967978867143826,0.007269512702900672,0.702464927919209,0.0,-0.3995312452316284,0.009872694206287348,1.2700270414352417,1,0.0,0.0,0.0,3.0,3.0,0.0,0.0,1.0,600.0,-7.634907607392961
849920,106240,849920,103741,51870,108.94616547934622,256,256,128,128,1.2172708192374557,1.201217321678996,0.4399440266297461,0.449312378963441,0.44774078464070044,0.36025253974366933,0.3568242820329033,84.32123296707869,75.0536076053977,1.0,1.0,5.239469528198242,5.545608043670654,24.05548095703125,55.76968765258789,282.6929931640625,269.1858825683594,-0.5436254267806362,-1.5005829455330968,0.23843380148071006,0.4971733473589165,0.007425117495172237,0.7279439640697092,0.0,-0.19069576263427734,0.010250421694563383,1.3424855470657349,3,0.0,0.0,0.3333333333333333,1.3333333333333333,2.3333333333333335,1.3333333333333333,0.0,0.6666666666666666,579.6666666666666,-59.474445259659355
851968,106496,851968,103997,51998,109.05285591357826,256,256,128,128,1.1593779153190553,1.178123721270822,0.4453016683091846,0.43914686859534413,0.4427438675029407,0.345870110206306,0.3532120995223522,79.54475720971823,77.95310050621629,1.0,1.0,5.705271244049072,5.779816150665283,26.249168395996094,55.560935974121094,319.26641845703125,226.86778259277344,-0.5449047302827239,-1.495804101228714,0.23818614849968306,0.49722227059315954,0.0073539476745858885,0.7928601866587996,0.0,-0.46416619420051575,0.01074016563146998,1.4546895027160645,5,0.0,0.0,0.2,1.2,2.4,1.4,0.2,0.8,578.6,-61.04966225631724
854016,106752,854016,104253,52126,109.1757675223346,256,256,128,128,1.1723893721355125,1.1850043026497588,0.44107896130299196,0.44176511560362997,0.4444566147085425,0.3401847417699173,0.34775677922880277,75.94671890884638,79.24619001895189,1.0,1.0,4.515466690063477,4.608212471008301,19.764095306396484,55.8661994934082,282.5122375488281,265.967529296875,-0.5404348812880926,-1.5103987781330943,0.23746818882775947,0.49867032047254517,0.007719002241257067,0.7465301260817796,0.0,-0.3199751675128937,0.010627268014515292,1.2868555784225464,2,0.0,0.0,0.0,0.5,2.0,2.5,0.0,0.5,540.5,-89.02373847573654
856064,107008,856064,104509,52254,109.28168214980477,256,256,128,128,1.3424894923809916,1.3208395831752568,0.413645044975965,0.41742968370454037,0.4216194974060272,0.34125206840690225,0.36204531230032444,95.53662463277578,80.02290979027748,1.0,1.0,6.354403972625732,5.719823837280273,24.92835807800293,56.436866760253906,364.82965087890625,285.2768249511719,-0.5247876475150406,-1.4852586090564728,0.24560225746873376,0.5035218168652577,0.008763388377743786,0.698549049673602,0.0,-0.3653112053871155,0.012297226582940869,1.2063053846359253,6,0.0,0.0,0.0,1.3333333333333333,2.0,1.3333333333333333,0.3333333333333333,0.8333333333333334,586.6666666666666,-58.61938382944876
858112,107264,858112,104765,52382,109.3870968011603,256,256,128,128,1.199297827668488,1.1894682984566316,0.42939944233694405,0.4371480969039112,0.43702414218569174,0.3383389931404963,0.35088191425893456,78.62363750487566,64.37695853412151,1.0,1.0,4.533895492553711,4.527482032775879,27.27904510498047,57.046295166015625,254.54519653320312,295.0464172363281,-0.5526369799626991,-1.5074749495834112,0.24256164709479902,0.4992152067628355,0.007758748326695075,0.7022133534774184,0.0,-0.1950315684080124,0.010469174098487785,1.2959024906158447,1,0.0,0.0,1.0,2.0,1.0,0.0,0.0,1.0,600.0,-25.701027488918044
860160,107520,860160,105021,52510,109.49622963880334,256,256,128,128,1.2312448506709188,1.1885106774279848,0.410542934847399,0.4109962225181789,0.4090090821346166,0.3453620590735227,0.35105054965242743,87.27097661048174,72.10761319100857,1.0,1.0,6.406611442565918,7.141926288604736,21.742961883544922,56.50579833984375,283.80572509765625,311.8940734863281,-0.4859191917712451,-1.50297199934721,0.2387394929531282,0.4989905929166804,0.007768516498660524,0.7101772683672607,0.0,-0.679029107093811,0.01008513425016372,1.2223711013793945,6,0.0,0.0,0.0,2.3333333333333335,2.0,0.6666666666666666,0.0,1.0,600.0,-26.776939820292682
862208,107776,862208,105277,52638,109.61126386682147,256,256,128,128,1.2695093736983836,1.2944992210250348,0.4345485349324463,0.4296597796374044,0.4316146003657195,0.34542121936101466,0.3528521883417852,79.43972095102072,76.00893089175224,1.0,1.0,4.928218841552734,4.7354607582092285,27.506046295166016,55.764610290527344,266.6318359375,236.58407592773438,-0.51805207124562,-1.5026297997683287,0.23865136523037497,0.49748285350656374,0.0077592260476404724,0.7027416503988206,0.0,-0.5109856724739075,0.012282091917591125,1.1844513416290283,1,0.0,0.0,0.0,1.0,3.0,2.0,0.0,1.0,600.0,-69.10886004631539
864256,108032,864256,105533,52766,109.72752087150081,256,256,128,128,1.2239094383548945,1.1984540891135111,0.4307644931723189,0.43234707076226186,0.43618119409075007,0.339108879910782,0.3559304407099262,84.92805996537209,73.30811406672001,1.0,1.0,5.001192092895508,5.301878452301025,24.50872802734375,56.646141052246094,311.7278137207031,255.1833953857422,-0.5135624240519974,-1.4835888659581542,0.2417152655727437,0.4980018463719635,0.007751768686120405,0.7403059576172382,0.0,-0.3238775432109833,0.012151445382450755,1.598723292350769,4,0.0,0.0,0.25,1.5,1.5,0.75,0.5,0.75,592.5,-50.323847277070854
866304,108288,866304,105789,52894,109.82913791553146,256,256,128,128,1.2633274912950583,1.264872593455948,0.4367963475851866,0.4292994403367629,0.4327308040810749,0.347895770217292,0.3610046304529533,86.26357244700193,83.96270798146725,1.0,1.0,5.448605060577393,5.622532844543457,25.983016967773438,57.08229446411133,335.488037109375,369.83111572265625,-0.5043239180376986,-1.5084916530176997,0.2372575145989365,0.4974299179269053,0.007604271274132547,0.7275957236997783,0.0,-0.5761924386024475,0.010073614877954282,1.2521617412567139,4,0.0,0.0,0.0,2.5,1.75,0.25,0.25,1.0,600.0,-20.16683888637715
868352,108544,868352,106045,53022,109.94365569336006,256,256,128,128,1.1727057095849887,1.1646232034545392,0.4533037154278645,0.4567010492191912,0.45546919551998144,0.33578196016605943,0.3424613055540249,68.86604982614517,69.58873926103115,1.0,1.0,5.1871418952941895,5.1754984855651855,24.609113693237305,55.967830657958984,253.85316467285156,339.94482421875,-0.5569922094000503,-1.5035854848101735,0.2358599805334719,0.49636008871241905,0.0072863014484941015,0.6914201902691275,0.0,-0.5773258209228516,0.009398738251577185,1.2866674661636353,3,0.0,0.0,0.0,1.6666666666666667,2.6666666666666665,1.0,0.3333333333333333,0.6666666666666666,540.0,-49.93961197227751
870400,108800,870400,106301,53150,110.0456069034389,256,256,128,128,1.144878373015672,1.1388319480465725,0.4650669752538761,0.4589721858951634,0.4651276825607056,0.3406782289966941,0.34482216695323586,71.1164736226201,75.71612463518977,1.0,1.0,5.609968662261963,5.56919527053833,26.856008529663086,55.188053131103516,233.65194702148438,289.7837219238281,-0.5739528420963325,-1.501766494475305,0.23777324146280523,0.4986887677989611,0.007798402111316896,0.6375838008243591,0.0,-0.0538734532892704,0.010911925175370226,1.0887982845306396,5,0.0,0.0,0.0,1.2,2.0,1.6,0.2,0.6,560.2,-67.2801661201036
872448,109056,872448,106557,53278,110.15544253117098,256,256,128,128,1.1397510048700497,1.117252382566221,0.4554591313144556,0.461704733190345,0.46297800500724406,0.33567579672671854,0.34672469220822677,81.64565164595842,69.50326345860958,1.0,1.0,3.6893153190612793,3.8074615001678467,22.787260055541992,51.30573654174805,310.748046875,242.79452514648438,-0.5569473239120271,-1.5249650590121746,0.23362403029529988,0.4976657451717104,0.007361684806103641,0.732531217392534,0.0,-0.9351007342338562,0.010715207849212496,1.3143243789672852,2,0.0,0.0,0.0,1.0,3.0,2.0,0.0,0.5,580.0,-74.18009131216968
874496,109312,874496,106813,53406,110.26436307685964,256,256,128,128,1.2769452362554148,1.2750388132408261,0.41664555669649417,0.4203759654053556,0.41777341443957994,0.3319318036083132,0.3519848680589348,80.56087926775217,84.43226730078459,1.0,1.0,5.3769731521606445,5.497867107391357,19.516368865966797,56.43159103393555,251.1007537841797,251.5574951171875,-0.4930278834508499,-1.512619374319911,0.23696338081672422,0.49896338427610354,0.007693845371000745,0.708286804612726,0.0,-0.6499297618865967,0.011652264990835296,1.3636332750320435,6,0.0,0.0,0.3333333333333333,2.0,1.6666666666666667,0.6666666666666666,0.0,1.0,600.0,-33.07704991551918
876544,109568,876544,107069,53534,110.36350474047859,256,256,128,128,1.239983570179902,1.2312659822637215,0.4504322670718466,0.44368972990218936,0.44596160931723716,0.3345923835877329,0.34872122848173603,77.7383017167449,76.41252300143242,1.0,1.0,5.45911169052124,5.50909423828125,29.662567138671875,75.35591888427734,307.28936767578125,267.0050964355469,-0.5438679964245239,-1.504596933722496,0.23956324817030403,0.500270062183958,0.007917637097348537,0.6790539561770856,0.0,-0.5329744219779968,0.011055405579123281,1.2129179239273071,2,0.0,0.0,0.0,1.5,1.5,1.0,0.5,0.5,375.0,-45.7099710713228
878592,109824,878592,107325,53662,110.46967271443137,256,256,128,128,1.2238071693573147,1.1923483447171748,0.47013684842386283,0.47627438906988573,0.4731246428054874,0.3345017966348678,0.341235664091073,81.69961037486792,72.33575050532818,1.0,1.0,5.2613654136657715,5.213322162628174,23.919151306152344,75.47077941894531,262.4436340332031,276.5977478027344,-0.5707892850514327,-1.4971860870718956,0.24018592750131032,0.499202180363898,0.007581761633960363,0.7355574308894575,0.0,-0.38308775424957275,0.010765393199422345,1.2737454175949097,4,0.0,0.0,0.0,1.75,2.5,0.75,0.5,1.0,600.0,-42.743638138334326
880640,110080,880640,107581,53790,110.57824738683951,256,256,128,128,1.2034432886866853,1.189899028511718,0.47825834942705114,0.4755643254629831,0.4786491249469691,0.3342839749529958,0.346449128119275,75.69288550689816,69.14881909638643,1.0,1.0,7.482245445251465,7.6271071434021,25.981613159179688,55.62653350830078,275.1453857421875,302.3875732421875,-0.560969145866693,-1.50984619371593,0.23816436160907006,0.49855983030342405,0.0076527090487965715,0.6527287135832012,0.0,0.3746909499168396,0.00966183574879227,1.1880545616149902,3,0.0,0.0,0.0,1.6666666666666667,2.0,1.0,0.3333333333333333,1.0,600.0,-44.76011293057248
882688,110336,882688,107837,53918,110.68435289583503,256,256,128,128,1.24184271361446,1.2319796204101294,0.46849961730003997,0.4737436373870878,0.47270061366270966,0.3319855377776548,0.3480134277488105,82.74390286207199,78.01947186142206,1.0,1.0,5.596386432647705,6.065273761749268,26.18130874633789,75.4604263305664,359.8573303222656,311.372802734375,-0.5718701400328428,-1.50762839615345,0.23823205915963094,0.49907090043242275,0.007771304205796952,0.6492807511240244,0.0,-0.40246260166168213,0.011378329454357383,1.048844337463379,3,0.0,0.0,0.0,1.0,2.0,1.6666666666666667,0.3333333333333333,0.6666666666666666,570.0,-69.69348365934609
884736,110592,884736,108093,54046,110.78696885358666,256,256,128,128,1.1951246915268712,1.1711454972391948,0.458975747187651,0.46171901754223654,0.4651604044775013,0.3386597726494074,0.3475693112704903,80.8011529147625,64.89629482477903,1.0,1.0,5.294835567474365,4.868221759796143,25.871288299560547,55.350643157958984,358.7999267578125,196.4853515625,-0.5707424452411942,-1.5137274973094463,0.2371641216493636,0.49935062456600815,0.007697507775866784,0.6844082546886057,0.0,-0.4756149351596832,0.010416666666666666,1.096003532409668,4,0.0,0.0,0.0,1.75,1.75,1.0,0.25,1.0,600.0,-42.908934014518536
886784,110848,886784,108349,54174,110.88613525867143,256,256,128,128,1.1501250923611224,1.1512576286913827,0.4889045873305804,0.48185553698203876,0.4841992967740225,0.3363001295365393,0.3413076111464761,84.11207487434149,84.02611392736435,1.0,1.0,5.209808349609375,5.382638454437256,25.185558319091797,75.54127502441406,352.5431213378906,306.0605163574219,-0.5984284081496298,-1.5122755020856857,0.23573272774586815,0.49846080876401144,0.007509160260720019,0.7126000330317765,0.0,-0.47553351521492004,0.01030795000644247,1.3080888986587524,4,0.0,0.0,0.0,2.0,2.0,0.5,0.5,0.75,482.25,-32.00093979502344
888832,111104,888832,108605,54302,110.9855528071668,256,256,128,128,1.1837247731164098,1.1663886188762262,0.46138155490007193,0.4581783471403469,0.4617858579813401,0.34004865924362093,0.34509282204089686,82.31945774704218,67.49851915985346,1.0,1.0,5.9460978507995605,5.571739196777344,24.758926391601562,56.11005783081055,254.54058837890625,291.3936767578125,-0.5548718943609856,-1.5149313220754266,0.235480888079334,0.49859764490569547,0.007475748381957802,0.6581176791805774,0.0,-0.5861780643463135,0.009988474836726853,1.2701727151870728,4,0.0,0.0,0.0,1.75,2.5,1.25,0.0,1.0,600.0,-45.614121025591885
890880,111360,890880,108861,54430,111.08239451933045,256,256,128,128,1.1346625884762034,1.1167337332153693,0.4884813405915338,0.4848795102479926,0.48286929131245415,0.33811592566780746,0.3429103789385408,66.90614478290081,64.68359430879354,1.0,1.0,5.202958583831787,5.3068318367004395,24.54231071472168,75.63166046142578,221.45098876953125,225.94920349121094,-0.5917723139136797,-1.5266108559444547,0.23584107889823797,0.4990056726459201,0.0076870528447806905,0.6310956454835832,0.0,-0.8080105781555176,0.010183036865171436,1.1241389513015747,4,0.0,0.0,0.0,2.0,2.5,1.0,0.0,1.0,600.0,-36.77089268896452
892928,111616,892928,109117,54558,111.17902256159931,256,256,128,128,1.084027901175432,1.068865524372086,0.4921931972166931,0.49612660861748736,0.49458104214932064,0.33142529043834656,0.3313769174856134,74.56635997444391,67.10032020509243,1.0,1.0,5.3749237060546875,5.480808258056641,26.919719696044922,75.48407745361328,256.7207336425781,221.80523681640625,-0.6022518918325659,-1.5109080998227,0.23959020828778596,0.5001972310418722,0.007780989920226522,0.6322782821953297,0.0,-0.4839441180229187,0.010715652506697282,1.1476112604141235,4,0.0,0.0,0.25,1.25,2.0,1.5,0.0,0.5,535.0,-65.03800536738117
894976,111872,894976,109373,54686,111.28412151796945,256,256,128,128,1.165392552735284,1.153546750661917,0.4797523675533739,0.4800559325987024,0.48123284777102526,0.36237362772226334,0.3478195899515413,82.44295263290405,75.8473567739129,1.0,1.0,7.8175368309021,6.772807598114014,25.786588668823242,56.081565856933594,300.0887145996094,226.98739624023438,-0.5675704981113086,-1.517428744584322,0.23788849499615725,0.49862437596849957,0.007473320874813698,0.6605940347071737,0.0,-0.6409631967544556,0.0109437363203296,1.2157769203186035,3,0.0,0.0,0.6666666666666666,0.6666666666666666,2.6666666666666665,1.3333333333333333,0.3333333333333333,0.6666666666666666,510.6666666666667,-73.4704455381919
897024,112128,897024,109629,54814,111.3856114150389,256,256,128,128,1.2643694309517741,1.258735731127672,0.4786731783206051,0.47160443338458435,0.4784175949462224,0.3406620518071577,0.3520083354669623,87.30648089945316,71.45723827928305,1.0,1.0,6.579697608947754,6.615874290466309,25.115739822387695,56.517120361328125,295.38226318359375,271.7126159667969,-0.569726077184896,-1.506591078825295,0.23914642896031219,0.5005404630908676,0.007891504441777832,0.7061188153456897,0.0,-0.41083404421806335,0.010861132660977503,1.2311744689941406,3,0.0,0.0,0.0,2.0,2.3333333333333335,1.0,0.0,1.0,600.0,-37.676787828695524
899072,112384,899072,109885,54942,111.48726331003085,256,256,128,128,1.1385734506184235,1.1255175471887924,0.48262498124222475,0.4825640163871867,0.48314315222523874,0.3306821114383638,0.34053923189640045,73.45341384410858,69.702590983361,1.0,1.0,4.860472679138184,4.937294006347656,25.18729591369629,56.17494583129883,300.82373046875,263.9411315917969,-0.5905132253537886,-1.5178726883605123,0.23905741803287175,0.5002452645939917,0.007774428882841353,0.6564742559567094,0.0,-0.7872149348258972,0.010502822633582775,1.2462552785873413,2,0.0,0.0,0.0,2.5,1.0,0.5,0.0,1.0,600.0,-22.960998658676544
901120,112640,901120,110141,55070,110.29214682428673,256,256,128,128,1.1797924087150022,1.141056330059655,0.47085775613959413,0.4711173169198446,0.47534527368679846,0.34269189753104,0.3444144091918133,91.91066320240498,71.18191722035408,1.0,1.0,4.582714557647705,4.451484203338623,23.236581802368164,56.403846740722656,277.6439514160156,256.0632019042969,-0.5742720380440005,-1.5051359422504902,0.24258373110658515,0.5012565293988244,0.007855607805486525,0.6948057319968939,0.0,-0.4503616392612457,0.010420737267161652,1.2464396953582764,5,0.0,0.0,0.2,2.0,1.8,0.8,0.0,0.8,595.6,-38.74926117285488
903168,112896,903168,110397,55198,110.396322107381,256,256,128,128,1.1230982722481713,1.1151978272246197,0.4772689905112202,0.4724988527586902,0.4777646899262322,0.33314953092485666,0.3395390282967128,85.6907911002636,87.89355505257845,1.0,1.0,4.948962211608887,5.077391624450684,18.546207427978516,55.64747619628906,274.79583740234375,307.04949951171875,-0.6112410738569451,-1.506201807409525,0.2414321181675695,0.5018272592305552,0.008361150108245183,0.6744289975613356,0.0,-0.5661400556564331,0.011691348402182385,1.1633424758911133,3,0.0,0.0,0.0,2.0,1.6666666666666667,1.0,0.0,1.0,600.0,-37.420919705808046
905216,113152,905216,110653,55326,110.49701625891647,256,256,128,128,1.1089436139445752,1.104123039636761,0.5092427424278867,0.5009771146560524,0.5099280664871912,0.33782526722643524,0.33855967537965626,80.24408406019211,73.81625372171402,1.0,1.0,4.776196002960205,4.985840797424316,24.196142196655273,56.04494094848633,292.5544738769531,272.96722412109375,-0.5880077299225377,-1.5200134590268135,0.23933148157976872,0.5012211085849734,0.00782350607606611,0.7471343616489321,0.0,-0.7804046869277954,0.011375255623721882,1.780575156211853,5,0.0,0.0,0.0,2.0,1.8,0.6,0.4,0.6,490.6,-36.38770411478672
907264,113408,907264,110909,55454,110.6017612884398,256,256,128,128,1.211021575203631,1.1984015950001776,0.47334052663791226,0.4724951698190125,0.47467983513524814,0.3337516507599503,0.3470165346516296,81.4178516343236,79.90249802544713,1.0,1.0,5.951083660125732,5.848174095153809,20.47455596923828,56.48099899291992,270.70941162109375,411.701171875,-0.5867397393594729,-1.5175075298175216,0.2391374973694358,0.5009708835523908,0.007680303233447083,0.6593772291671485,0.0,-1.1521906852722168,0.010396855585140105,1.131831407546997,4,0.0,0.0,0.25,1.25,2.5,1.5,0.0,0.75,581.0,-60.78856824473269
909312,113664,909312,111165,55582,110.70488005759135,256,256,128,128,1.187440357869491,1.1789847314939834,0.4925530850159703,0.49163144806880155,0.49690903430200706,0.32657816901337355,0.3439743851777166,73.14231310784817,72.62092411518097,1.0,1.0,6.684030055999756,6.517270565032959,27.91607093811035,56.56031036376953,245.64683532714844,222.424560546875,-0.5936294965904381,-1.5121157206594944,0.2379366645486346,0.49977958846992004,0.007763834972815154,0.684167560422793,0.0,-0.7736217379570007,0.011671155572656149,1.3415085077285767,3,0.0,0.0,0.0,1.3333333333333333,2.0,1.3333333333333333,0.3333333333333333,0.6666666666666666,541.0,-60.34961398463444
911360,113920,911360,111421,55710,110.80541916674815,256,256,128,128,1.19066858117003,1.1783108209492639,0.4664721146828583,0.4711792016187246,0.4680218491812411,0.348629784071818,0.3473180315922946,80.28382346779108,75.02617779374123,1.0,1.0,5.00098180770874,4.952122688293457,29.341442108154297,75.55548858642578,317.03564453125,268.37139892578125,-0.5502160312535125,-1.5195901468396187,0.2378608173827021,0.5012049168065751,0.007846635960796568,0.5917794399429113,0.0,-0.7094627022743225,0.01121983039791259,1.0403803586959839,4,0.0,0.0,0.75,1.25,2.5,1.0,0.0,0.75,595.0,-56.787650991280316
913408,114176,913408,111677,55838,110.90051005634919,256,256,128,128,1.1405621176818386,1.110154632711783,0.48908682773415535,0.49185705076160957,0.4950066180040267,0.3458757061744109,0.3495494556846097,81.65593214333057,70.77978333085775,1.0,1.0,3.955148696899414,4.088298797607422,22.66265106201172,48.00532531738281,297.9242858886719,236.33428955078125,-0.5779678017497645,-1.5227267984300852,0.23846792865203867,0.5020454187647845,0.008004086972615733,0.6217218388337642,0.0,-0.47452569007873535,0.010853929645612659,0.991717517375946,2,0.0,0.0,0.0,1.5,1.0,1.5,0.0,0.5,525.5,-57.96192420745365
915456,114432,915456,111933,55966,110.99568473874706,256,256,128,128,1.0337583789369091,1.0266671507852152,0.48540897455495724,0.48685257092165557,0.48993691042596765,0.34153637918643653,0.3352175552281551,82.64173945039511,73.45356523990631,1.0,1.0,4.435209274291992,4.384671211242676,20.519060134887695,56.502986907958984,235.59796142578125,292.0245056152344,-0.5756071377254557,-1.5179006913676858,0.2397683900608057,0.502486120023829,0.00803243707092973,0.6199190495535731,0.0,-0.7744184136390686,0.011494252873563218,1.15871262550354,4,0.0,0.0,0.25,2.75,2.0,0.0,0.0,1.0,600.0,-11.544549170707796
917504,114688,917504,112189,56094,111.09921116094137,256,256,128,128,1.1239877691841684,1.1210434378590435,0.5131845586111012,0.510402418150079,0.5130669835198205,0.33260555437300354,0.337711259664502,68.70016154646873,67.28786998614669,1.0,1.0,5.625336647033691,5.834079742431641,23.893278121948242,56.38970184326172,191.69314575195312,265.6040954589844,-0.6294972562754992,-1.5294613111764193,0.23862312057978863,0.5005940664993492,0.007823400135986813,0.5954913760069758,0.0,-1.1001664400100708,0.011414646658971399,0.9418577551841736,4,0.0,0.0,0.25,1.75,2.25,0.75,0.25,1.0,600.0,-41.35946819597348
919552,114944,919552,112445,56222,111.1993043860855,256,256,128,128,1.1974059728672728,1.1766014957102016,0.5004689033230534,0.5034949678083649,0.504215966026095,0.3350433630403131,0.34701477689668536,80.35728685557842,77.4522645920515,1.0,1.0,4.652231693267822,4.452098846435547,28.266639709472656,56.21952819824219,262.9236755371094,220.39913940429688,-0.6027684648288414,-1.5210646446794271,0.24002222348645222,0.5015263061879328,0.0077730498690212636,0.5941656457725912,0.0,-0.301593154668808,0.010404473923787228,1.003128170967102,4,0.0,0.0,0.25,1.25,2.0,1.5,0.0,0.75,563.5,-60.64934274038205
921600,115200,921600,112701,56350,111.30194979634169,256,256,128,128,1.1017348947934806,1.105132509721443,0.516870059125722,0.51550590817169,0.5153353515455592,0.33696988585870713,0.3365729794604704,82.67730701714754,70.78340697661042,1.0,1.0,4.860438346862793,5.03915548324585,21.68248748779297,56.55174255371094,289.257080078125,238.49378967285156,-0.5815259427217825,-1.5211101993918419,0.2395082558060641,0.5003985543673719,0.007602256672823905,0.6782794564496726,0.0,-0.6499732732772827,0.01022256728778468,1.2714121341705322,3,0.0,0.0,0.6666666666666666,1.3333333333333333,2.3333333333333335,1.0,0.0,1.0,600.0,-51.2005376218361
923648,115456,923648,112957,56478,111.40052904341523,256,256,128,128,1.1701701285783201,1.1474483710480854,0.520665903810368,0.5211220728692751,0.5222425449537695,0.3375111382920295,0.3428510595113039,76.47886846214533,72.70955894887447,1.0,1.0,5.417593955993652,5.471954345703125,23.919658660888672,56.37388610839844,346.2932434082031,294.2926330566406,-0.60377975583242,-1.5222101546823978,0.2373480200450249,0.5002001603440653,0.007742596544987916,0.6328273240942508,0.0,-1.0761659145355225,0.011193544188468046,1.1665493249893188,4,0.0,0.0,0.0,2.0,1.5,1.0,0.0,1.0,600.0,-37.05203621698638
925696,115712,925696,113213,56606,111.50478135505169,256,256,128,128,1.1093286511604674,1.0724824592471123,0.4994851883930096,0.4997035513752053,0.5011913260311758,0.3384362526703626,0.3389208239968866,79.66991616040468,63.400669775903225,1.0,1.0,6.067770481109619,6.101199626922607,34.99405288696289,75.61164855957031,331.4419250488281,234.4010009765625,-0.5719294319860637,-1.5112463487312198,0.24084646713726457,0.5001333446684457,0.0074179958504535,0.6400190582498908,0.0,-0.5658482909202576,0.010154861640010155,1.1711927652359009,3,0.0,0.0,0.0,1.3333333333333333,2.3333333333333335,1.6666666666666667,0.0,0.6666666666666666,560.3333333333334,-63.367724629005046
927744,115968,927744,113469,56734,111.61025577434484,256,256,128,128,1.1044713429291733,1.0951406677486375,0.4826403923034377,0.4809617791306664,0.4868534114407339,0.3413217136403546,0.3413252404425293,79.96896462142467,71.27426165342331,1.0,1.0,4.682542324066162,4.71585750579834,25.522218704223633,56.338748931884766,263.7561340332031,224.64694213867188,-0.5431262718469725,-1.5161409424617887,0.24199192777977102,0.5014905718345372,0.007890771161741425,0.6344376341439784,0.0,0.00022839960001874715,0.01116738085962862,1.049551248550415,4,0.0,0.0,0.0,1.0,2.25,1.75,0.25,0.75,561.0,-70.22183107176534
929792,116224,929792,113725,56862,111.70926906191028,256,256,128,128,1.1853302525705658,1.1648965124040842,0.4829062531971431,0.4950682120820602,0.4964032396624134,0.3402826845413074,0.34853212913731113,89.24681063741446,78.94951803609729,1.0,1.0,5.963788032531738,6.337736129760742,28.827810287475586,56.01875686645508,336.5240173339844,340.8614501953125,-0.5945837877734448,-1.5296139661222696,0.2404190537505205,0.5010473330261243,0.007826441911117643,0.6403178819455206,0.0,-0.8564492464065552,0.010039395094675309,1.1872334480285645,5,0.0,0.0,0.2,1.4,1.6,1.2,0.2,0.4,465.2,-56.50990485904149
931840,116480,931840,113981,56990,111.80520146111118,256,256,128,128,1.2871334532974288,1.2909949081367813,0.4708511430870317,0.47346509749422694,0.470463171600386,0.33578286471311003,0.3487969593843445,74.11604266241193,73.9772434309125,1.0,1.0,5.52335262298584,5.77722692489624,25.658023834228516,56.65742874145508,261.757080078125,273.4919738769531,-0.5613801864637935,-1.519329870119691,0.23813118635014383,0.49910352763218824,0.007398279791245288,0.6333876475691795,0.0,-0.3816758096218109,0.011284046692607004,0.9722011685371399,2,0.0,0.0,0.0,1.0,2.0,1.0,1.0,0.5,599.5,-68.4276033587521
933888,116736,933888,114237,57118,111.90140247312763,256,256,128,128,1.139302691037301,1.130660426686518,0.5099121424501618,0.5105416950427752,0.5162986721907146,0.34156273875851184,0.3443950242944993,87.19377567619085,78.28300709277391,1.0,1.0,4.278604984283447,4.3922505378723145,28.999902725219727,56.30193328857422,419.1414489746094,417.34478759765625,-0.6092334627173841,-1.5263038603588939,0.23757345946351377,0.501266670770855,0.00784014599205339,0.5975272206123918,0.0,-0.39873000979423523,0.010348792640858567,0.9853630065917969,5,0.0,0.0,0.8,1.2,3.0,1.0,0.0,0.6,578.4,-59.07048223372476
935936,116992,935936,114493,57246,111.99531708545557,256,256,128,128,1.0743629611097276,1.0604130550054833,0.4618129719947319,0.4645560889105127,0.4692415867791624,0.341139524593018,0.333720478171017,92.36334037035704,75.21844325214624,1.0,1.0,5.006547927856445,4.987124919891357,25.461380004882812,56.708335876464844,349.1799621582031,253.7576141357422,-0.5677550604104908,-1.5141533371061087,0.24096227497081735,0.5007177294948247,0.007740325945218413,0.6386041324585676,0.0,-0.4039514362812042,0.01021320056172603,1.1881705522537231,2,0.0,0.0,0.0,2.5,1.5,0.0,0.5,1.0,600.0,-19.120097555780376
937984,117248,937984,114749,57374,112.09082321471575,256,256,128,128,1.169227900216356,1.1498873342643492,0.4642982377401381,0.46340220344791305,0.46534197764412966,0.3350043217651546,0.344025966944173,78.65674700587988,65.58388104662299,1.0,1.0,6.278074264526367,6.923971652984619,25.695743560791016,56.264930725097656,295.16973876953125,294.8485107421875,-0.5519739999253943,-1.522000603377819,0.23818774888386118,0.500740844794064,0.00782004109572434,0.6245168296154588,0.0,-0.5364965796470642,0.012093142930657403,0.9613379836082458,5,0.0,0.0,0.2,1.8,2.4,0.8,0.2,0.8,575.4,-42.969893223705
940032,117504,940032,115005,57502,112.18630100844268,256,256,128,128,1.1277649174444377,1.1178139724070206,0.4716105706692133,0.47244482917949426,0.47336947175972455,0.3474287010030821,0.33877741277683526,83.42612066119909,71.24247819557786,1.0,1.0,4.4565277099609375,4.658955097198486,26.11432647705078,56.2238883972168,311.84033203125,227.20111083984375,-0.5251194176671561,-1.527603686787188,0.23929232699622432,0.49884404213081734,0.007418414603214266,0.6474058825988322,0.0,0.11338485777378082,0.01083078491335372,1.1668977737426758,3,0.0,0.0,0.6666666666666666,2.0,2.3333333333333335,0.3333333333333333,0.0,1.0,600.0,-31.030801987989435
942080,117760,942080,115261,57630,112.27703706623332,256,256,128,128,1.0994104756973684,1.0971000700374134,0.4912649826856068,0.49900073064327444,0.5009866413947748,0.3496129224076867,0.3441840069135651,81.5840705409646,74.8190141916275,1.0,1.0,4.214570045471191,4.400441646575928,23.059940338134766,55.99097442626953,280.5530090332031,277.95843505859375,-0.5946079475124861,-1.511018886230886,0.24232426373969146,0.49952185599524723,0.007664051963462448,0.6503257213626057,0.0,-0.5035631656646729,0.010306686777275012,1.3259936571121216,2,0.0,0.0,0.5,2.5,1.0,0.0,0.0,1.0,600.0,-16.862764146579593
944128,118016,944128,115517,57758,112.37334454690097,256,256,128,128,1.1087694752495736,1.0612412216723897,0.5026900594293693,0.5005363704112824,0.5026378133552498,0.33266120753251016,0.33290361089166254,79.32812311500311,64.57301562279463,1.0,1.0,4.751829147338867,4.842611312866211,27.14824676513672,56.25214385986328,319.2419128417969,203.6845703125,-0.6040021394474024,-1.5146843390539289,0.23868655417704038,0.4989187832462054,0.0074402271463524395,0.6002911729738116,0.0,-0.686453104019165,0.010120177103099304,0.9771532416343689,5,0.0,0.0,0.2,1.6,2.4,0.6,0.6,0.8,507.6,-43.121894168256496
946176,118272,946176,115773,57886,112.4642694132232,256,256,128,128,1.0809089925605804,1.0565269278595224,0.5010191515793849,0.5100743174102718,0.5063782328525122,0.32864446635358036,0.33236462937202305,77.95387191325426,68.77657374739647,1.0,1.0,5.474553108215332,5.343033790588379,26.960296630859375,56.86848449707031,322.5299072265625,239.5811309814453,-0.6051070423272904,-1.516827231273055,0.24006034271945295,0.5004053302517837,0.007527342652649903,0.5767040338832885,0.0,-0.7606369853019714,0.011038377615197022,1.2202260494232178,5,0.0,0.0,0.4,0.6,2.4,1.8,0.2,0.6,540.4,-79.82575680691643
948224,118528,948224,116029,58014,112.55811562829624,256,256,128,128,1.2228714383672923,1.2226067446172237,0.5193306406681586,0.518899802264059,0.5186533999294625,0.33229860034771264,0.34185425721807405,77.0701446570456,80.7076173722744,1.0,1.0,6.528798580169678,6.850103378295898,27.163002014160156,75.83771514892578,295.8768615722656,304.95709228515625,-0.6091453398694284,-1.5195879926905036,0.23809233672060462,0.4992044773353256,0.0074840786415016,0.6697825675364584,0.0,-0.8602602481842041,0.01090582499358481,1.1034355163574219,3,0.0,0.0,0.0,1.6666666666666667,1.6666666666666667,1.3333333333333333,0.0,1.0,600.0,-46.85341806230732
950272,118784,950272,116285,58142,112.65355605313185,256,256,128,128,1.0347263445146382,1.0158230141969398,0.4803519025481364,0.48527803573642814,0.4865932486782185,0.33291991672012955,0.33463057823246345,78.23068498820066,66.97294315695763,1.0,1.0,5.327233791351318,5.584047317504883,25.42607307434082,56.66716384887695,250.23736572265625,235.61956787109375,-0.6026962661126163,-1.527459317818284,0.23613155739891278,0.4983668423968097,0.007457656427636348,0.5626712611410767,0.0,-0.6330628991127014,0.010469174098487785,0.9575148820877075,2,0.0,0.0,0.5,1.5,3.0,1.0,0.0,1.0,600.0,-48.41965936263955
952320,119040,952320,116541,58270,112.75033455975856,256,256,128,128,1.1369229209958576,1.1101637819665484,0.5104061105957953,0.5079282626247732,0.5109951169943088,0.3212063278770074,0.33076452737441286,70.36431232839823,65.91614142805338,1.0,1.0,5.666162014007568,5.750271797180176,21.362581253051758,56.065486907958984,294.1999816894531,252.2512664794922,-0.6191618910233956,-1.5236406698822975,0.23985273364137347,0.5002150579000949,0.007658732250202473,0.554149565519765,0.0,-0.2318544238805771,0.012173012173012173,0.9512717723846436,5,0.0,0.0,0.2,1.6,2.6,0.8,0.4,1.0,600.0,-44.683205949298824
954368,119296,954368,116797,58398,112.85713897133039,256,256,128,128,1.0034575040917844,0.9946750068338588,0.5163275646264083,0.5176830011114362,0.5150411305949092,0.3343252136837691,0.33759764878777787,71.66430196911097,75.54627904295921,1.0,1.0,3.9019603729248047,3.5879745483398438,27.245180130004883,52.75896453857422,336.0625,254.61346435546875,-0.6090118700303719,-1.5237410059198737,0.23970859886362664,0.5013194127192155,0.007676089367514629,0.5837487794924527,0.0,-0.5069812536239624,0.010628761685234986,0.9461284875869751,3,0.0,0.0,0.0,2.6666666666666665,2.0,0.0,0.3333333333333333,1.0,600.0,-15.854901831932997
956416,119552,956416,117053,58526,112.95914262029225,256,256,128,128,1.0997233499074355,1.0694315509172156,0.5179105655224703,0.5170396943194646,0.5166241282277042,0.333525069989264,0.33223485213238746,84.83959613740444,69.36137044429779,1.0,1.0,4.79962158203125,4.672762393951416,25.63180923461914,56.430728912353516,306.1424560546875,209.74179077148438,-0.5993921354192935,-1.5270231496542692,0.24125691781254627,0.5005549818195837,0.007714592014907647,0.6099807240534574,0.0,-0.7631411552429199,0.010695860072983517,0.9444172382354736,3,0.0,0.0,0.3333333333333333,2.0,2.0,0.3333333333333333,0.3333333333333333,1.0,600.0,-31.809970416456053
958464,119808,958464,117309,58654,113.05262996798807,256,256,128,128,1.1280000205151737,1.123221976624336,0.4960726875142427,0.4966288782816264,0.4956164837167307,0.33745379047468305,0.34202362422365695,67.09950343519449,71.49816428124905,1.0,1.0,5.544422626495361,5.782352447509766,21.19326400756836,75.85022735595703,209.5030059814453,305.75299072265625,-0.5686403868749039,-1.5225905608385801,0.23983794063108527,0.4989084721650136,0.0073555169071537595,0.6014360720291734,0.0,-0.6680846810340881,0.010575942915392456,1.4242780208587646,3,0.0,0.0,0.0,1.3333333333333333,2.0,1.3333333333333333,0.3333333333333333,1.0,600.0,-57.152694928256096
960512,120064,960512,117565,58782,113.14810906397057,256,256,128,128,1.1265881332801655,1.106264300236944,0.5142819978609623,0.5137773257565641,0.5140065990317453,0.3394117533462122,0.3370433996315114,76.63309718668461,70.894475415349,1.0,1.0,5.256422996520996,5.103145122528076,27.349943161010742,56.51274108886719,235.25933837890625,244.40655517578125,-0.6367065247140999,-1.5280038537457585,0.23769468688589973,0.49820463119421077,0.007378415288258773,0.5969470674172044,0.0,-0.7885032296180725,0.01046452271567126,1.0115770101547241,4,0.0,0.0,0.25,2.75,1.5,0.0,0.0,1.0,600.0,-13.295122957641524
962560,120320,962560,117821,58910,113.24063568497183,256,256,128,128,1.071990104042925,1.0814088712795638,0.4862444518839766,0.4872636380446238,0.4831232958513283,0.33077027928084135,0.32812541513703763,70.25460789352655,67.7220331504941,1.0,1.0,4.201162338256836,4.411218166351318,25.474830627441406,55.904415130615234,209.1088104248047,257.2854309082031,-0.571086970041506,-1.5349651798605919,0.2367305762944742,0.49867241484524477,0.007481022012528581,0.6333224722184241,0.0,-0.5778993368148804,0.01030795000644247,1.2668453454971313,4,0.0,0.0,0.0,1.75,2.0,1.25,0.0,0.75,571.25,-48.38844546801192
964608,120576,964608,118077,59038,113.33675949916457,256,256,128,128,1.021720469929278,1.0449358706828207,0.49545424259849824,0.49562341825549083,0.49755235182374236,0.3322424029465765,0.33548179117497057,71.76540656387806,75.98383343592286,1.0,1.0,5.505494117736816,5.51339864730835,28.148767471313477,75.81465911865234,192.2444305419922,244.20297241210938,-0.602978033672116,-1.5342257348820567,0.2353305875486758,0.49849623211405747,0.007355915514638602,0.5707836791407317,0.0,-0.8118242621421814,0.010381060893784023,1.0631508827209473,2,0.0,0.0,0.0,2.0,2.5,0.5,0.5,1.0,600.0,-34.20718759737247
966656,120832,966656,118333,59166,113.43178445407861,256,256,128,128,1.1179169116076082,1.1122495356248692,0.5019541652291082,0.5061122177055779,0.5042915379399346,0.33513326360844076,0.3380741609726101,77.41665337979794,70.08157186582685,1.0,1.0,5.753016948699951,5.656861305236816,24.82040023803711,56.10251235961914,294.5149230957031,231.7696075439453,-0.592353828062187,-1.5261025875806808,0.24115693335145735,0.5006402124315534,0.007449507424412006,0.5920567959547043,0.0,-0.22462782263755798,0.011480908152734778,1.2027686834335327,6,0.0,0.0,0.0,2.0,2.0,1.0,0.0,1.0,600.0,-38.85192437244147
968704,121088,968704,118589,59294,113.52725087901975,256,256,128,128,0.9525956551660784,0.9495388465584256,0.5047157610206341,0.5103669008458382,0.5092361542820072,0.3452999311266467,0.32901399972615764,80.43979816138744,72.78658698499203,1.0,1.0,5.016286373138428,4.885540008544922,28.426183700561523,55.84554672241211,277.32171630859375,243.31134033203125,-0.5964121102188074,-1.531627873890102,0.2390647533808971,0.5006011154219764,0.007830830796619326,0.6088927800301462,0.0,-0.36068540811538696,0.010007698229407237,1.1044888496398926,2,0.0,0.0,0.5,2.5,2.0,0.0,0.0,1.0,600.0,-17.92394403759863
970752,121344,970752,118845,59422,113.62880765678626,256,256,128,128,1.0761172463535331,1.0572502691065893,0.5073664271112648,0.5148010304728814,0.509750236002219,0.3292042032117024,0.33341169176856056,78.91505281627178,67.54393485933542,1.0,1.0,4.784208297729492,4.837367057800293,25.683467864990234,56.72843933105469,209.0218505859375,243.08489990234375,-0.6389471048169071,-1.532085094600916,0.24087147979548196,0.5006712526273055,0.0075999955038125655,0.591397131793201,0.0,-0.6715009212493896,0.010404770968151249,1.021083950996399,4,0.0,0.0,0.25,2.0,2.0,0.75,0.0,1.0,600.0,-35.30540008215576
972800,121600,972800,119101,59550,113.73130684924038,256,256,128,128,1.0957443410879932,1.08966540946858,0.49008790235620836,0.4929092441270768,0.49288800314388936,0.3262297430774197,0.33356006804388016,77.56189761310816,69.45848232507706,1.0,1.0,4.650744915008545,4.786726951599121,26.250131607055664,55.79249572753906,284.7458190917969,312.0229797363281,-0.6031504954444245,-1.5230808099731803,0.23908984826759164,0.49991932527385274,0.007508717421274684,0.6444994451012462,0.0,-1.0943878889083862,0.009860417467025227,1.1173125505447388,2,0.0,0.0,0.5,1.5,1.0,1.0,0.0,1.0,600.0,-46.443324511630635
974848,121856,974848,119357,59678,113.83485757954287,256,256,128,128,1.0297713799518533,1.0298530396539718,0.4718897157182482,0.4775786921643572,0.4722544208634645,0.3351761834928766,0.3359394752769731,72.79933395981789,70.25253465771675,1.0,1.0,4.259778022766113,4.256911277770996,24.503265380859375,55.90338134765625,310.9517517089844,194.8052215576172,-0.5538570304070163,-1.5282595455646515,0.23936631070965286,0.5009704907624498,0.007801944731472215,0.6099889145698398,0.0,-0.7028842568397522,0.010005065856129687,1.2821537256240845,5,0.0,0.0,0.6,1.2,1.4,1.2,0.0,0.8,579.0,-58.472679884394985
976896,122112,976896,119613,59806,113.9220030898013,256,256,128,128,1.1160928909666836,1.1027664061402902,0.5254161599568761,0.5269727709819563,0.5280603306891862,0.32894169993232936,0.3314711410785094,73.10346841439605,71.65780056267977,1.0,1.0,8.682967185974121,8.917247772216797,24.076560974121094,75.83026885986328,339.7286071777344,389.3403015136719,-0.6140612236849847,-1.5192276183515787,0.2442039221427588,0.5026192940664154,0.007893506827706441,0.6229117303155363,0.0,-0.6384380459785461,0.010723860589812333,1.0652484893798828,3,0.0,0.0,0.0,2.0,1.0,1.0,0.0,1.0,600.0,-37.85193829992204
978944,122368,978944,119869,59934,114.01415083479105,256,256,128,128,1.094408789766021,1.0843770997598767,0.49835967893363886,0.5007365678970928,0.4972596763091133,0.33240475016646087,0.33238927798811346,85.72939267754555,77.86504631489515,1.0,1.0,4.822064399719238,5.173587322235107,26.608619689941406,56.50739288330078,284.7633972167969,240.09600830078125,-0.5643065962258333,-1.5279816007241607,0.24138179406383997,0.5019186835155373,0.007711219117841698,0.5888750932645053,0.0,-0.8597127199172974,0.010691103474608629,1.1881656646728516,2,0.0,0.0,0.5,1.5,3.0,1.0,0.0,1.0,600.0,-48.97068151151325
980992,122624,980992,120125,60062,114.10352929025106,256,256,128,128,1.0385267508099787,1.029997260775417,0.5269275688115158,0.5274481934247888,0.525409163071572,0.3257660111412406,0.32958648208295926,77.2238517254591,71.92849267274141,1.0,1.0,7.569074630737305,7.337486267089844,21.32022476196289,56.50199890136719,243.73049926757812,225.39300537109375,-0.6366084990186209,-1.5359571687877178,0.24057189268308382,0.5015486468954655,0.007848492516087942,0.6116748645436019,0.0,-0.6215463280677795,0.010819971320557946,0.9588497877120972,6,0.0,0.0,0.3333333333333333,1.8333333333333333,2.1666666666666665,0.6666666666666666,0.16666666666666666,0.6666666666666666,583.0,-42.42903105254967
983040,122880,983040,120381,60190,114.18813256486334,256,256,128,128,1.0867813033983111,1.0896123328711838,0.4894176847374183,0.49221785713689314,0.49313895015257003,0.3334385654889047,0.3368382486514747,74.75361163541675,75.91810210049152,1.0,1.0,5.132604598999023,4.810641288757324,21.63515281677246,56.261199951171875,249.6197052001953,265.6540222167969,-0.5888634613547765,-1.5416139233857393,0.2368837667830672,0.49855215918965656,0.0072683753893299325,0.5905485544353724,0.0,-0.26893630623817444,0.010132102090547646,1.1033114194869995,2,0.0,0.0,0.5,1.0,1.0,1.5,0.0,0.5,569.0,-69.14419524048833
985088,123136,985088,120637,60318,114.28025254949671,256,256,128,128,1.0180118911666796,0.9977163837756962,0.5251501662296505,0.5246423380049237,0.5278239383442269,0.3276159733068198,0.3274140573339537,78.0758528932929,65.61702633276582,1.0,1.0,5.229697227478027,5.8556809425354,22.689258575439453,56.09837341308594,280.58477783203125,262.6485900878906,-0.674151080311276,-1.5344914942979813,0.24034783524247694,0.5011955054802034,0.0076242241357771185,0.557998584350571,0.0,-0.5429818034172058,0.010311936065996391,1.0595977306365967,5,0.0,0.0,0.4,1.4,2.4,1.0,0.2,0.8,572.4,-52.583839479587915
987136,123392,987136,120893,60446,114.36454596787092,256,256,128,128,1.068804371287115,1.0379415391944349,0.5231150524414261,0.5255457420030325,0.5252652602430317,0.3377680126577616,0.3295767191448249,82.76267793774605,65.33325784653425,1.0,1.0,5.301595687866211,5.086762428283691,23.621944427490234,75.85551452636719,252.17845153808594,240.83663940429688,-0.6349870030535385,-1.523586212657392,0.24332093232421506,0.5036888451375868,0.008003815957376936,0.6103369274642318,0.0,-0.7969782948493958,0.011072486159392301,0.9952360391616821,1,0.0,0.0,0.0,3.0,1.0,0.0,0.0,1.0,600.0,-7.89150018444343
989184,123648,989184,121149,60574,114.4505137785898,256,256,128,128,1.0635593127808534,1.053686685510911,0.540396072792646,0.5416724522692675,0.5442345988849411,0.33679928549099714,0.34104960720287636,83.04890165477991,73.78200341016054,1.0,1.0,5.815295219421387,5.58242654800415,19.90338134765625,56.82159423828125,353.1047058105469,360.157958984375,-0.6265801593253855,-1.5287869796156883,0.2421855209636967,0.5030235085804257,0.007919099950683382,0.6383304269984365,0.0,-0.7929357886314392,0.010983397190293741,1.2357670068740845,6,0.0,0.0,0.0,2.6666666666666665,2.6666666666666665,0.0,0.3333333333333333,1.0,600.0,-15.526892197400608
991232,123904,991232,121405,60702,114.53822476246935,256,256,128,128,1.0966900973580778,1.0976398860220797,0.5106315643060952,0.5103878591209963,0.512422755753505,0.3301603787112981,0.33414176531368867,70.68365223705769,68.66794306784868,1.0,1.0,6.9119768142700195,6.974801063537598,19.59752082824707,55.850120544433594,254.48260498046875,219.43765258789062,-0.6555581458378583,-1.537149390205741,0.24099489209549363,0.5014266963554755,0.0074737488753857445,0.5841861753724515,0.0,-0.6443491578102112,0.010744435917114352,1.0875896215438843,2,0.0,0.0,0.5,2.0,3.0,0.5,0.0,1.0,600.0,-33.218872458654914
993280,124160,993280,121661,60830,114.63042965845653,256,256,128,128,1.0290314988815226,1.0152226733625866,0.5247723303930343,0.5229856375044619,0.5254213283260469,0.32743240671698004,0.32595033082179725,73.79743884503841,62.09929521009326,1.0,1.0,5.497636318206787,5.526736736297607,24.75553321838379,56.589111328125,335.85009765625,228.57687377929688,-0.6154788614803692,-1.5359132401645184,0.23935646273518996,0.5000775775420088,0.007497975805444506,0.5610956726595759,0.0,-0.7363660335540771,0.010124311162373447,1.1406807899475098,2,0.0,0.0,0.0,3.0,2.0,0.0,0.0,1.0,600.0,-6.6622944206174
995328,124416,995328,121917,60958,114.72038600651943,256,256,128,128,1.0132952616550028,1.0163807984208688,0.5328315004575188,0.5353552842061617,0.5401797359845659,0.33356566389556974,0.3336498259450309,76.39397668093443,75.10969422385097,1.0,1.0,5.003931522369385,4.8036932945251465,24.054746627807617,56.05531311035156,254.17633056640625,238.9090576171875,-0.6664830874360632,-1.5382724571973085,0.23792571580374203,0.49845557658909084,0.00722925357612372,0.5193368317559361,0.0,-1.0088132619857788,0.009955891619407688,0.9370927810668945,6,0.0,0.0,0.16666666666666666,1.8333333333333333,2.1666666666666665,0.8333333333333334,0.16666666666666666,1.0,600.0,-40.676079420380724
997376,124672,997376,122173,61086,114.81483669291788,256,256,128,128,1.1142163880867884,1.120277720503509,0.5414495489094406,0.5372574725115555,0.5402037884414312,0.3270585061982274,0.3339497873093933,65.86655386164784,67.2411215081811,1.0,1.0,7.8911848068237305,8.13834285736084,27.850072860717773,56.81394958496094,238.883056640625,324.29388427734375,-0.6461476787226275,-1.538212780840695,0.23822373497770247,0.5008455805043913,0.007424440498546651,0.5818319146055728,0.0,-0.3014213442802429,0.01016260162601626,1.0011078119277954,2,0.0,0.0,0.0,1.5,3.0,1.5,0.0,1.0,600.0,-51.98921174948066
999424,124928,999424,122429,61214,114.90848631091525,256,256,128,128,0.9831127430661581,0.9816037706914358,0.5321558276555152,0.5353859019314768,0.5304857839673787,0.32584387657698244,0.3239749929634854,75.7677093744278,69.99178269505501,1.0,1.0,4.809854984283447,4.757813453674316,26.10016632080078,55.799442291259766,275.5443420410156,301.87261962890625,-0.6044145957057481,-1.5368562219664454,0.23939547070803402,0.499990023993646,0.0075708220692974355,0.5845655335579067,0.0,-0.2222781777381897,0.010851525596833908,0.9600948691368103,5,0.0,0.0,0.0,2.4,1.8,0.6,0.0,1.0,600.0,-25.360558319830307
1000000,125000,1000000,122501,61250,113.90554301136758,72,72,36,36,1.148083281599813,1.1076351511809561,0.5107276149388377,0.5131328708957881,0.504879566323426,0.3150487703581651,0.3327448107302189,97.69215263260736,85.13134251700507,1.0,1.0,4.401558876037598,4.473499298095703,16.91525650024414,56.57311248779297,345.3747863769531,250.7289581298828,-0.6681936295289133,-1.5197987589571211,0.2407190170309733,0.5018822178549656,0.007909035920997495,0.5193749484088686,0.0,-0.456394225358963,0.011132194813409234,0.7317068576812744,0,nan,nan,nan,nan,nan,nan,nan,nan,nan,nan
