update,env_steps,policy_loss,value_loss,entropy,approx_kl,clip_fraction,actor_grad_norm,advantage_mean,advantage_std,alive_actor_sample_fraction,current_learning_rate,current_entropy_coef,effective_log_std_mean,effective_std_mean,actor_epochs_completed,actor_minibatches_completed,kl_early_stop,max_minibatch_kl,env_steps_per_second,environment_step_seconds,policy_inference_seconds,ppo_update_seconds,evaluation_seconds,mean_rollout_tactical_reward,mean_rollout_safety_penalty,mean_rollout_event_terminal_reward,completed_episodes,red_complete_elimination_success_rate,blue_complete_elimination_success_rate,environment_red_outcome_rate,environment_blue_outcome_rate,draw_rate,mean_red_attack_kills,mean_blue_attack_kills,mean_red_survivors,mean_blue_survivors,mean_red_boundary_deaths,mean_red_collision_deaths,max_steps_rate,mean_episode_length,mean_episode_return
1,2048,-0.002026958655430159,39.69226760864258,2.7577880382537843,0.004585104268320145,0.04990433651643495,0.2568412390848001,-1.8605273962020874,5.260393142700195,0.9435221354166666,0.00029988940799999996,0.0099963136,-0.4997825026512146,0.60666823387146,5,30,False,0.0069031063467264175,117.86412696810952,3.014602697978262,0.9217172279313672,0.539393231010763,12.775177803996485,-80.30475776624007,nan,nan,2,0.0,1.0,0.0,1.0,0.0,0.0,3.0,0.0,1.0,0.0,0.0,0.0,249.0,-80.30475776624007
2,4096,-0.003951312271722903,183.5548080444336,2.755013624827067,0.004077986440763769,0.038870591499532266,0.28354652374982836,-5.379885196685791,10.708778381347656,0.8356119791666666,0.000299778816,0.0099926272,-0.501879870891571,0.6054012775421143,5,30,False,0.006601028144359589,195.48821586218955,5.725095202957164,1.535395471000811,0.6693122070137179,12.775177803996485,-89.57493504055392,nan,nan,10,0.0,0.5,0.0,1.0,0.0,0.0,2.1,0.0,2.4,0.9,0.0,0.0,254.5,-89.57493504055392
3,6144,-0.004313144157640636,120.61961135864257,2.7527063449223834,0.003364670156690297,0.03571691419153164,0.25897047519683836,-3.547199249267578,8.506328582763672,0.86474609375,0.000299668224,0.0099889408,-0.5000680685043335,0.6064985990524292,5,30,False,0.007886305451393127,251.55492531518337,8.350280274098623,2.12676065407868,0.8065008890262106,12.775177803996485,-91.86504347495088,nan,nan,8,0.0,0.375,0.0,1.0,0.0,0.0,1.875,0.0,2.25,1.125,0.0,0.0,265.5,-91.86504347495088
4,8192,-0.0032216536759127243,155.49992828369142,2.755532415707906,0.0035042387983006277,0.03823839999968186,0.26534330447514853,-4.35797643661499,10.25762939453125,0.8728841145833334,0.00029955763199999996,0.0099852544,-0.5016989707946777,0.6055058836936951,5,30,False,0.0069131143391132355,289.83667442291215,11.351255145971663,2.7299488712014863,0.9193101060227491,12.775177803996485,-91.83050673557273,nan,nan,8,0.0,0.5,0.0,1.0,0.0,0.0,1.875,0.0,2.0,1.125,0.0,0.0,268.75,-91.83050673557273
5,10240,-0.003480749499673645,101.34690475463867,2.7488449096679686,0.003943993837104435,0.0388581143381695,0.2870827774206797,-4.0751776695251465,8.149604797363281,0.8465169270833334,0.00029944704,0.009981568,-0.5034675598144531,0.6044443845748901,5,30,False,0.006938328500837088,320.8754107513994,14.22092211387644,3.2743564192351187,1.0397642550233286,12.775177803996485,-81.51661040406816,nan,nan,8,0.0,0.875,0.0,1.0,0.0,0.0,2.875,0.0,3.0,0.125,0.0,0.0,228.25,-81.51661040406816
6,12288,-0.004460437669573973,118.14553146362304,2.7460686445236204,0.005201891271569323,0.06246504365699366,0.29674237221479416,-4.164754867553711,8.861612319946289,0.849609375,0.000299336448,0.0099778816,-0.503633975982666,0.604348361492157,5,30,False,0.00925336591899395,344.6930113141772,17.13838304084493,3.8445501512032934,1.1718945060274564,12.775177803996485,-87.94585931129257,nan,nan,8,0.0,0.625,0.0,1.0,0.0,0.0,2.25,0.0,2.75,0.75,0.0,0.0,260.75,-87.94585931129257
7,14336,-0.0035192552177856365,123.21835250854492,2.74764355023702,0.0044924779916483025,0.04899280057288706,0.25218332360188167,-3.728512763977051,9.213221549987793,0.8893229166666666,0.00029922585599999996,0.009974195200000001,-0.5021557807922363,0.6052380204200745,5,30,False,0.007665677927434444,364.2095142937985,19.978214259826927,4.475815626297845,1.287071447019116,12.775177803996485,-87.60807722128266,nan,nan,9,0.0,0.6666666666666666,0.0,1.0,0.0,0.0,2.2222222222222223,0.0,2.4444444444444446,0.6666666666666666,0.1111111111111111,0.0,233.44444444444446,-87.60807722128266
8,16384,-0.0023485624114982784,106.46505889892578,2.7524126132329303,0.004066764710524815,0.04300831609871238,0.3215328698356946,-4.339405059814453,8.756949424743652,0.7985026041666666,0.000299115264,0.0099705088,-0.5011044144630432,0.6058770418167114,5,30,False,0.007615703158080578,380.9728749154951,22.85998621287581,5.003902746393578,1.4025643020140706,12.775177803996485,-84.08687587249051,nan,nan,8,0.0,0.875,0.0,1.0,0.0,0.0,2.625,0.0,2.75,0.375,0.0,0.0,247.625,-84.08687587249051
9,18432,-0.003049098428649207,103.11000518798828,2.754492259025574,0.0035670285507441667,0.036575293048129724,0.28821568687756854,-3.9746510982513428,9.435110092163086,0.7430013020833334,0.000299004672,0.0099668224,-0.5004119277000427,0.6063025593757629,5,30,False,0.00741453655064106,395.0674399630073,25.631445312901633,5.64179239749501,1.5202273140166653,12.775177803996485,-84.07355653378363,nan,nan,8,0.0,0.875,0.0,1.0,0.0,0.0,2.625,0.0,2.75,0.375,0.0,0.0,222.5,-84.07355653378363
10,20480,-0.0032859499340702316,95.53545303344727,2.756956672668457,0.004185708695451414,0.04541798842449983,0.3132430906097094,-4.025318622589111,8.406911849975586,0.7278645833333334,0.00029889407999999997,0.009963136000000001,-0.49945181608200073,0.6068850755691528,5,30,False,0.007946317084133625,407.29522207220924,28.293112496830872,6.347728138513048,1.6465346730110468,12.775177803996485,-84.40730865673405,nan,nan,10,0.0,0.7,0.0,1.0,0.0,0.0,2.6,0.0,2.6,0.4,0.0,0.0,229.8,-84.40730865673405
11,22528,-0.003350868879351765,118.6720817565918,2.7588589429855346,0.0034160642331604097,0.03700842800705383,0.24597398415207863,-2.9844064712524414,9.271879196166992,0.8717447916666666,0.00029878348799999995,0.0099594496,-0.49930065870285034,0.6069736480712891,5,30,False,0.006647580303251743,420.8163275672534,30.740764335831045,6.917637035570806,1.761846196008264,12.775177803996485,-93.33847138030035,nan,nan,8,0.0,0.25,0.0,1.0,0.0,0.0,1.75,0.0,1.75,1.25,0.0,0.0,267.75,-93.33847138030035
12,24576,-0.0035624440759420397,110.97609100341796,2.7615538835525513,0.004195210220547368,0.04498649646217624,0.26274019728104275,-3.633012533187866,9.136268615722656,0.8292643229166666,0.000298672896,0.0099557632,-0.49692606925964355,0.6084209680557251,5,30,False,0.007208264898508787,429.9253321326103,33.56326421884296,7.479796125597204,1.8863562740007183,12.775177803996485,-85.27625677335928,nan,nan,10,0.0,0.7,0.0,1.0,0.0,0.0,2.5,0.0,2.6,0.5,0.0,0.0,210.2,-85.27625677335928
13,26624,-0.0025935180912104745,120.96248931884766,2.7708858013153077,0.004236009954244059,0.0489273593450586,0.3456788435578346,-4.869659423828125,9.415454864501953,0.76025390625,0.00029856230399999997,0.009952076800000001,-0.4937991797924042,0.6103320717811584,5,30,False,0.010781190358102322,434.7693717209021,36.71748561870481,8.132869574503275,2.0182102380058495,12.775177803996485,-86.35186796363959,nan,nan,10,0.0,0.6,0.0,1.0,0.0,0.0,2.4,0.0,2.8,0.6,0.0,0.0,219.4,-86.35186796363959
14,28672,-0.003112107701599598,77.97990493774414,2.778927779197693,0.0037989115183291104,0.03882997889692585,0.28367133686939877,-2.783482074737549,7.936361312866211,0.7234700520833334,0.00029845171199999995,0.0099483904,-0.49154484272003174,0.6117064952850342,5,30,False,0.006629331037402153,441.8998520510618,39.38998232973972,8.853004183401936,2.1372529360087356,12.775177803996485,-87.94476094712081,nan,nan,8,0.0,0.625,0.0,1.0,0.0,0.0,2.25,0.0,2.25,0.75,0.0,0.0,226.0,-87.94476094712081
15,30720,-0.0033778997603803873,94.85967407226562,2.784923028945923,0.004426159747340916,0.05156560490528742,0.3351571043332418,-3.3160295486450195,8.563526153564453,0.7682291666666666,0.00029834112,0.009944704,-0.4899941384792328,0.6126431822776794,5,30,False,0.00811273604631424,448.3285050307184,42.163825165655,9.472120101403561,2.2590263220190536,12.775177803996485,-86.38488030588924,nan,nan,10,0.0,0.7,0.0,1.0,0.0,0.0,2.4,0.0,2.8,0.6,0.0,0.0,225.3,-86.38488030588924
16,32768,-0.0035751419985899703,87.27500686645507,2.789586059252421,0.004693004393481454,0.049022011874088396,0.2716074014703433,-2.7469980716705322,8.522984504699707,0.7503255208333334,0.000298230528,0.009941017600000001,-0.48786836862564087,0.6139487028121948,5,30,False,0.007177766412496567,454.3689973525046,44.98148899368243,9.982473151438171,2.4076457930204924,12.775177803996485,-87.08110798165782,nan,nan,9,0.0,0.6666666666666666,0.0,1.0,0.0,0.0,2.3333333333333335,0.0,2.5555555555555554,0.6666666666666666,0.0,0.0,236.33333333333334,-87.08110798165782
17,34816,-0.004295114039753874,94.35986022949218,2.7947694698969525,0.004588015626662907,0.05166430824125807,0.2773198992013931,-3.4271271228790283,8.842947959899902,0.76953125,0.00029811993599999996,0.0099373312,-0.4870714545249939,0.614435076713562,5,30,False,0.009245212189853191,459.6626646365844,47.83078796659538,10.515696522488724,2.5261128100246424,12.775177803996485,-85.97010216067832,nan,nan,9,0.0,0.6666666666666666,0.0,1.0,0.0,0.0,2.4444444444444446,0.0,2.7777777777777777,0.5555555555555556,0.0,0.0,232.66666666666666,-85.97010216067832
18,36864,-0.004573947253326575,79.3623649597168,2.795813544591268,0.004498451349216451,0.050568171369377524,0.27020612408717476,-2.409555196762085,7.996060371398926,0.7721354166666666,0.000298009344,0.0099336448,-0.48722565174102783,0.6143351793289185,5,30,False,0.009186605922877789,464.0519376684951,50.61220624165435,11.151917984490865,2.682268650023616,12.775177803996485,-89.00882287934812,nan,nan,7,0.0,0.42857142857142855,0.0,1.0,0.0,0.0,2.142857142857143,0.0,2.7142857142857144,0.8571428571428571,0.0,0.0,265.2857142857143,-89.00882287934812
19,38912,-0.004187713002465898,85.9973747253418,2.794490869839986,0.004150292944097086,0.044845158191553006,0.27294727315505346,-2.502922773361206,8.134157180786133,0.8219401041666666,0.000297898752,0.009929958400000001,-0.4875214993953705,0.6141568422317505,5,30,False,0.007197368424385786,468.0456435394176,53.44670789455995,11.77057192538632,2.798970707022818,12.775177803996485,-84.85154075930768,nan,nan,9,0.0,0.7777777777777778,0.0,1.0,0.0,0.0,2.5555555555555554,0.0,2.3333333333333335,0.4444444444444444,0.0,0.0,222.22222222222223,-84.85154075930768
20,40960,-0.0030613837395018586,81.6345817565918,2.7961207469304403,0.0038202453721934778,0.04137322859217723,0.27346300731102624,-3.2064449787139893,8.423517227172852,0.73193359375,0.00029778815999999996,0.009926272,-0.4861224591732025,0.6150309443473816,5,30,False,0.008270896039903164,475.46099186680294,55.780253039556555,12.224459198390832,2.9157843060093,12.775177803996485,-82.45614211704621,nan,nan,9,0.0,0.7777777777777778,0.0,1.0,0.0,0.0,2.7777777777777777,0.0,2.7777777777777777,0.2222222222222222,0.0,0.0,206.66666666666666,-82.45614211704621
21,43008,-0.004228831109746049,82.589599609375,2.8018690665562946,0.0052105635542189456,0.06225224029428015,0.3108883241812388,-2.5858306884765625,8.254341125488281,0.7740885416666666,0.000297677568,0.0099225856,-0.48345518112182617,0.6166670322418213,5,30,False,0.01115387212485075,481.7470605864717,58.1954605756182,12.713379349501338,3.0313166590058245,12.775177803996485,-85.41473460313846,nan,nan,10,0.0,0.7,0.0,1.0,0.0,0.0,2.5,0.0,2.2,0.5,0.0,0.0,233.5,-85.41473460313846
22,45056,-0.0046605311799794436,84.54489135742188,2.811071594556173,0.004394014410457366,0.046645578710983196,0.2978940015037855,-2.0040969848632812,8.022834777832031,0.8103841145833334,0.000297566976,0.009918899200000001,-0.480160653591156,0.618705689907074,5,30,False,0.008352549746632576,485.3053356755261,60.98335718252929,13.244013181596529,3.1624675860075513,12.775177803996485,-89.29698764628904,nan,nan,8,0.0,0.5,0.0,1.0,0.0,0.0,2.125,0.0,3.0,0.875,0.0,0.0,240.25,-89.29698764628904
23,47104,-0.003847977250795035,110.47952804565429,2.8219780206680296,0.005177323905345369,0.063679624577829,0.31797565470139183,-3.77736234664917,9.744154930114746,0.7542317708333334,0.00029745638399999996,0.0099152128,-0.4762539863586426,0.6211361885070801,5,30,False,0.009735127910971642,489.50923747383706,63.612067344627576,13.763461936672684,3.2784358620119747,12.775177803996485,-85.22098101735416,nan,nan,12,0.0,0.6666666666666666,0.0,1.0,0.0,0.0,2.5,0.0,2.6666666666666665,0.5,0.0,0.0,192.25,-85.22098101735416
24,49152,-0.002167401377422114,115.34321594238281,2.8331194718678794,0.005488541453795319,0.0663858702367482,0.31818384726842247,-2.5997579097747803,10.280289649963379,0.83837890625,0.000297345792,0.0099115264,-0.47282224893569946,0.6232746243476868,5,30,False,0.010736293159425259,492.0387757298182,66.569805461535,14.228747374683735,3.4030513150064507,12.775177803996485,-90.56663234831035,nan,nan,9,0.0,0.4444444444444444,0.0,1.0,0.0,0.0,2.0,0.0,2.7777777777777777,1.0,0.0,0.0,225.33333333333334,-90.56663234831035
25,51200,-0.002488150354474783,79.97882537841797,2.8411893049875894,0.003164536353500992,0.025482501869555564,0.2795712967713674,-2.3399925231933594,7.932819843292236,0.8225911458333334,0.0002972352,0.00990784,-0.471432626247406,0.6241475939750671,5,30,False,0.0051462301053106785,493.95108378311824,69.51029343344271,14.804935065680183,3.525362574015162,12.775177803996485,-89.2683808663769,nan,nan,8,0.0,0.5,0.0,1.0,0.0,0.0,2.125,0.0,2.5,0.875,0.0,0.0,247.875,-89.2683808663769
26,53248,-0.002360378737406184,94.21996536254883,2.843973755836487,0.003551405942075517,0.03186438229555885,0.2801942432920138,-2.3864433765411377,8.68213939666748,0.8486328125,0.00029712460799999997,0.0099041536,-0.47026199102401733,0.6248749494552612,5,30,False,0.00642260629683733,496.5778976171045,72.25363839839702,15.376189838789287,3.66357913101092,12.775177803996485,-91.7455340187761,nan,nan,9,0.0,0.3333333333333333,0.0,1.0,0.0,0.0,1.8888888888888888,0.0,2.3333333333333335,1.1111111111111112,0.0,0.0,250.11111111111111,-91.7455340187761
27,55296,-0.0038247624645009635,80.60496597290039,2.8476065238316854,0.003921044362877838,0.03919279087955753,0.2870545153816541,-3.2107696533203125,8.324625015258789,0.7122395833333334,0.00029701401599999995,0.0099004672,-0.46903738379478455,0.6256349086761475,5,30,False,0.006632875185459852,498.0278239574883,75.2012052583159,15.951023654677556,3.811179465003079,12.775177803996485,-87.1568854026118,nan,nan,9,0.0,0.4444444444444444,0.0,1.0,0.0,0.0,2.3333333333333335,0.0,2.5555555555555554,0.6666666666666666,0.0,0.0,223.11111111111111,-87.1568854026118
28,57344,-0.0040410312793634755,51.98842010498047,2.851551095644633,0.00421267068345235,0.04823183868623649,0.27919320613145826,-1.4424289464950562,6.860452651977539,0.7210286458333334,0.000296903424,0.0098967808,-0.4677484631538391,0.626447319984436,5,30,False,0.00785254780203104,500.6457299753556,77.85905694247049,16.542990668895072,3.953967373003252,12.775177803996485,-86.15186140717717,nan,nan,7,0.0,0.5714285714285714,0.0,1.0,0.0,0.0,2.4285714285714284,0.0,2.7142857142857144,0.5714285714285714,0.0,0.0,228.14285714285714,-86.15186140717717
29,59392,-0.0038330646503406266,68.09272689819336,2.856012717882792,0.003831833451834769,0.03593405221278469,0.27160403529802957,-1.712648868560791,7.401092052459717,0.7796223958333334,0.00029679283199999997,0.0098930944,-0.46593427658081055,0.627570629119873,5,30,False,0.006664608605206013,502.9839572340343,80.56067433438147,17.10867058300937,4.105449099006364,12.775177803996485,-88.25433355860302,nan,nan,9,0.0,0.4444444444444444,0.0,1.0,0.0,0.0,2.2222222222222223,0.0,2.5555555555555554,0.7777777777777778,0.0,0.0,235.66666666666666,-88.25433355860302
30,61440,-0.0032921415210391083,80.44330291748047,2.8626672903696697,0.003378394021940941,0.032117266530015814,0.2740751976768176,-3.344651460647583,7.8712077140808105,0.7443033854166666,0.00029668223999999995,0.009889408,-0.4632810056209564,0.629234790802002,5,30,False,0.007093970663845539,504.9419533307642,83.14741121233965,17.845824642048683,4.252781841016258,12.775177803996485,-89.4848949016143,nan,nan,9,0.0,0.3333333333333333,0.0,1.0,0.0,0.0,2.111111111111111,0.0,2.111111111111111,0.8888888888888888,0.0,0.0,246.22222222222223,-89.4848949016143
31,63488,-0.0023958228761330248,61.87301750183106,2.868052085240682,0.0028569925799319757,0.02581810615956783,0.30392178843418755,-1.7220033407211304,7.563847541809082,0.708984375,0.000296571648,0.0098857216,-0.4631224572658539,0.6293329000473022,5,30,False,0.0056866551749408245,505.923521565011,86.01575189533469,18.53941021297942,4.378532612026902,12.775177803996485,-85.4043935437802,nan,nan,8,0.0,0.625,0.0,1.0,0.0,0.0,2.5,0.0,3.0,0.5,0.0,0.0,211.0,-85.4043935437802
32,65536,-0.0018230690368606398,58.21246070861817,2.868866268793742,0.0028507080069770005,0.022702428228997935,0.2657592023412387,-0.9593857526779175,7.005086421966553,0.79736328125,0.00029646105599999997,0.0098820352,-0.46186816692352295,0.6301161050796509,5,30,False,0.005651012063026428,506.96256271713753,88.99504703532148,19.09880343414261,4.503624720018706,12.775177803996485,-87.2332595672536,nan,nan,9,0.0,0.6666666666666666,0.0,1.0,0.0,0.0,2.3333333333333335,0.0,2.7777777777777777,0.6666666666666666,0.0,0.0,232.33333333333334,-87.2332595672536
33,67584,-0.004334690896212123,76.65075378417968,2.874142034848531,0.004169831783742904,0.04738252610356237,0.28994120508432386,-1.8682914972305298,8.144701957702637,0.7843424479166666,0.00029635046399999996,0.0098783488,-0.45988303422927856,0.6313716173171997,5,30,False,0.008554166182875633,508.5363302147589,91.82288683933439,19.661087523083552,4.628028116028872,12.775177803996485,-95.8275460501959,nan,nan,8,0.0,0.25,0.0,1.0,0.0,0.0,1.5,0.0,2.25,1.5,0.0,0.0,269.125,-95.8275460501959
34,69632,-0.0025095377039785188,74.90242767333984,2.8806207100550334,0.003362232741472493,0.029785245094293106,0.28691412905852,-1.9271928071975708,8.121365547180176,0.775390625,0.000296239872,0.0098746624,-0.45765015482902527,0.6327942609786987,5,30,False,0.005473916418850422,509.5598084194381,94.73812856928271,20.250187024095794,4.748483303032117,12.775177803996485,-92.84546340498976,nan,nan,9,0.0,0.5555555555555556,0.0,1.0,0.0,0.0,1.7777777777777777,0.0,2.7777777777777777,1.2222222222222223,0.0,0.0,242.22222222222223,-92.84546340498976
35,71680,-0.0038033532832438747,57.729481887817386,2.887748289108276,0.004379964732597423,0.04721606021048501,0.28184718638658524,-0.9128041863441467,7.051670074462891,0.8308919270833334,0.00029612928,0.009870976,-0.4548203945159912,0.6346027255058289,5,30,False,0.007889383472502232,511.15535620261846,97.4634575322707,20.860016661317786,4.877775264030788,12.775177803996485,-93.94154981166373,nan,nan,6,0.0,0.3333333333333333,0.0,1.0,0.0,0.0,1.6666666666666667,0.0,1.6666666666666667,1.3333333333333333,0.0,0.0,257.5,-93.94154981166373
36,73728,-0.003347474835269774,80.44915618896485,2.893388930956523,0.0032195810117839657,0.027625310766355445,0.2766175150871277,-1.1917493343353271,7.968574047088623,0.8050130208333334,0.00029601868799999996,0.0098672896,-0.4548714756965637,0.6345970034599304,5,30,False,0.005824820604175329,511.9854030437558,100.42049553230754,21.423441394232213,5.0154256200330565,12.775177803996485,-93.08175781545124,nan,nan,10,0.0,0.2,0.0,1.0,0.0,0.0,1.7,0.0,2.7,1.2,0.1,0.0,241.3,-93.08175781545124
37,75776,-0.002926054208849867,59.040235137939455,2.8952452262242634,0.0031254528554943892,0.02991191896920403,0.2766850476463636,-1.1092973947525024,7.041942119598389,0.7698567708333334,0.000295908096,0.0098636032,-0.4521486461162567,0.6363429427146912,5,30,False,0.006218544207513332,512.540390814042,103.43361327030289,22.008161891324562,5.137668166033109,12.775177803996485,-93.49165748134497,nan,nan,7,0.0,0.14285714285714285,0.0,1.0,0.0,0.0,1.7142857142857142,0.0,3.0,1.2857142857142858,0.0,0.0,278.42857142857144,-93.49165748134497
38,77824,-0.0017006105714244767,77.70891876220703,2.9046138763427733,0.002482927857932733,0.01965084410039708,0.28200589468081794,-1.3316996097564697,8.114684104919434,0.8308919270833334,0.000295797504,0.0098599168,-0.44968724250793457,0.6378837823867798,5,30,False,0.005357073154300451,512.2589608435795,106.55849538516486,22.710561410407536,5.26214429702668,12.775177803996485,-95.75741467739181,nan,nan,8,0.0,0.125,0.0,1.0,0.0,0.0,1.5,0.0,2.75,1.5,0.0,0.0,269.375,-95.75741467739181
39,79872,-0.003277234082876627,49.9891860961914,2.909077843030294,0.0034702188687695634,0.03160899463885774,0.2616280128558477,-0.8042090535163879,6.5870795249938965,0.7604166666666666,0.00029568691199999996,0.0098562304,-0.44860371947288513,0.6385706663131714,5,30,False,0.006302926689386368,513.8835339107361,109.27863770308613,23.262294108470087,5.384310188033851,12.775177803996485,-89.11140271378827,nan,nan,7,0.0,0.2857142857142857,0.0,1.0,0.0,0.0,2.142857142857143,0.0,3.0,0.8571428571428571,0.0,0.0,248.85714285714286,-89.11140271378827
40,81920,-0.0033204119516691815,67.71560783386231,2.910996683438619,0.0034136507916797563,0.030678208793203036,0.29029057125250496,-0.3793386220932007,7.366087913513184,0.8243815104166666,0.00029557632,0.009852544,-0.4491209387779236,0.6382511854171753,5,30,False,0.00611735787242651,515.3854580278783,112.01194295706227,23.817293750398676,5.501921667033457,12.775177803996485,-93.71589699959145,nan,nan,8,0.0,0.25,0.0,1.0,0.0,0.0,1.625,0.0,2.375,1.25,0.125,0.0,267.125,-93.71589699959145
41,83968,-0.0039139518334801926,72.13258438110351,2.907891273498535,0.004097733433135053,0.043385850083238135,0.30795540710290276,-1.964714765548706,8.100266456604004,0.7296549479166666,0.000295465728,0.0098488576,-0.44989094138145447,0.6377704739570618,5,30,False,0.006806574296206236,517.169317284392,114.66587445103505,24.340330629464006,5.6199106920394115,12.775177803996485,-94.57608263987532,nan,nan,9,0.0,0.3333333333333333,0.0,1.0,0.0,0.0,1.5555555555555556,0.0,2.4444444444444446,1.3333333333333333,0.1111111111111111,0.0,265.77777777777777,-94.57608263987532
42,86016,-0.003201577455426256,71.05422744750976,2.9101979970932006,0.00508617522713841,0.05548964080323155,0.27333317200342816,-0.782284677028656,8.02290153503418,0.7716471354166666,0.00029535513599999997,0.0098451712,-0.44722509384155273,0.639464795589447,5,30,False,0.008134525269269943,518.5736246218415,117.50569748706766,24.793926024489338,5.734304707046249,12.775177803996485,-96.30142986959721,nan,nan,7,0.0,0.14285714285714285,0.0,1.0,0.0,0.0,1.4285714285714286,0.0,2.7142857142857144,1.5714285714285714,0.0,0.0,255.0,-96.30142986959721
43,88064,-0.003729447435277204,69.4785987854004,2.9202504396438598,0.0032755706220229303,0.030621997786996265,0.26448653986056647,-0.618442177772522,7.6944756507873535,0.8509114583333334,0.00029524454399999995,0.0098414848,-0.4432665705680847,0.642002284526825,5,30,False,0.00556136341765523,519.4190168338121,120.44535849989916,25.29035756661324,5.853338606044417,12.775177803996485,-91.0923910212718,nan,nan,9,0.0,0.2222222222222222,0.0,1.0,0.0,0.0,1.8888888888888888,0.0,2.6666666666666665,1.0,0.1111111111111111,0.0,259.8888888888889,-91.0923910212718
44,90112,-0.002423953761657079,63.98236999511719,2.9339040756225585,0.0027220277832377166,0.023802418432508906,0.2736984019478162,-0.6677578687667847,7.561587810516357,0.8927408854166666,0.000295133952,0.0098377984,-0.4383823871612549,0.6451383829116821,5,30,False,0.006758144125342369,520.0989683903996,123.40261019903119,25.820860833497136,5.971193675039103,12.775177803996485,-95.8315767597469,nan,nan,6,0.0,0.16666666666666666,0.0,1.0,0.0,0.0,1.5,0.0,2.6666666666666665,1.5,0.0,0.0,278.6666666666667,-95.8315767597469
45,92160,-0.003083674524289866,61.1164249420166,2.9458491007486978,0.003662305497230281,0.03630157462321222,0.296618282298247,-0.710785984992981,7.135055065155029,0.7908528645833334,0.00029502335999999997,0.009834112,-0.4357284903526306,0.6468644142150879,5,30,False,0.006574781145900488,521.4242986379144,126.20346116610745,26.280229466341552,6.089477759029251,12.775177803996485,-99.58062506144347,nan,nan,8,0.0,0.125,0.0,1.0,0.0,0.0,1.125,0.0,2.5,1.875,0.0,0.0,280.875,-99.58062506144347
46,94208,-0.0036346499109640718,72.9508560180664,2.953613026936849,0.0035106481558017564,0.03527758440080409,0.2525861223538717,-0.7116789817810059,8.183220863342285,0.8719075520833334,0.00029491276799999995,0.0098304256,-0.4327014088630676,0.6488276720046997,5,30,False,0.007852155715227127,522.4119699022101,129.05148174407077,26.788950363348704,6.204638153023552,12.775177803996485,-93.22143284674121,nan,nan,8,0.0,0.5,0.0,1.0,0.0,0.0,1.75,0.0,2.5,1.25,0.0,0.0,263.75,-93.22143284674121
47,96256,-0.003033514846659576,75.08237838745117,2.9634596665700275,0.00299014955909965,0.026031999095963935,0.2555494512120883,-1.2308268547058105,8.369184494018555,0.8108723958333334,0.000294802176,0.0098267392,-0.4294506311416626,0.6509236097335815,5,30,False,0.0056389677338302135,523.5896664662517,131.8247892340587,27.30157257025712,6.317975424026372,12.775177803996485,-105.91246003393947,nan,nan,6,0.0,0.0,0.0,1.0,0.0,0.0,0.5,0.0,2.6666666666666665,2.5,0.0,0.0,289.8333333333333,-105.91246003393947
48,98304,-0.002770919279040148,50.27018737792969,2.972111376126607,0.002745222737105624,0.02412553324053685,0.2573211049040159,-0.34938716888427734,6.580297946929932,0.869140625,0.00029469158399999997,0.0098230528,-0.42743465304374695,0.6522387266159058,5,30,False,0.004420331213623285,523.6824899982718,134.91092721202585,27.840801450249273,6.448705120026716,12.775177803996485,-93.84179582938044,nan,nan,7,0.0,0.2857142857142857,0.0,1.0,0.0,0.0,1.7142857142857142,0.0,2.4285714285714284,1.2857142857142858,0.0,0.0,310.2857142857143,-93.84179582938044
49,100352,-0.001531766874055999,71.22099838256835,2.978271230061849,0.002559347020295229,0.01932322230034818,0.26961104621489845,-0.6599675416946411,7.9412736892700195,0.8929036458333334,0.00029458099199999995,0.0098193664,-0.4247227907180786,0.654015302658081,5,30,False,0.006227380596101284,522.8474934177938,138.27073843391554,28.436888294221717,6.574848604024737,12.775177803996485,-100.77966812339582,nan,nan,60,0.0,0.14285714285714285,0.0,1.0,0.0,0.0,2.0833333333333335,0.016666666666666666,2.8666666666666667,0.9,nan,0.016666666666666666,232.78333333333333,nan
50,102400,-0.004554616551225384,68.37717971801757,2.9869427760442098,0.00466079664311055,0.05418090443126857,0.278545214732488,-0.8960689902305603,7.947695255279541,0.8406575520833334,0.0002944704,0.00981568,-0.421786904335022,0.6559336185455322,5,30,False,0.010086768306791782,467.4104077659099,141.07675287297752,29.080142327191425,6.703104459025781,36.188779966993025,-99.39467173122453,nan,nan,7,0.0,0.14285714285714285,0.0,1.0,0.0,0.0,1.1428571428571428,0.0,2.7142857142857144,1.8571428571428572,0.0,0.0,281.7142857142857,-99.39467173122453
51,104448,-0.0016688064051171144,66.28167533874512,2.9940475543340046,0.003238711944722596,0.027786325585717957,0.2589150592684746,-0.969459593296051,7.666797637939453,0.8805338541666666,0.000294359808,0.0098119936,-0.4203875660896301,0.6568477153778076,5,30,False,0.005314669571816921,468.52516338199734,144.11141623392177,29.657098491297802,6.824001621032949,36.188779966993025,-102.56311737707317,nan,nan,6,0.0,0.0,0.0,1.0,0.0,0.0,0.8333333333333334,0.0,2.6666666666666665,2.1666666666666665,0.0,0.0,313.6666666666667,-102.56311737707317
52,106496,-0.006492497558550288,59.67987747192383,2.9973615248998007,0.004560381850485871,0.0518547585234046,0.24170395284891127,-1.8073123693466187,7.186058521270752,0.8347981770833334,0.00029424921599999996,0.0098083072,-0.4190467298030853,0.6577372550964355,5,30,False,0.007341980934143066,469.8858979134891,146.94392882804095,30.29251080325048,6.944651984027587,36.188779966993025,-98.44144333562664,nan,nan,8,0.0,0.125,0.0,1.0,0.0,0.0,1.25,0.0,2.25,1.75,0.0,0.0,307.125,-98.44144333562664
53,108544,-0.0034281507755319278,73.68778915405274,3.0027935028076174,0.0036652900438804204,0.03701109262959411,0.26037105669577915,-1.4714776277542114,7.964224338531494,0.8865559895833334,0.000294138624,0.0098046208,-0.4166061580181122,0.6593453884124756,5,30,False,0.008029724471271038,471.5112350847653,149.72463403800793,30.83794276622939,7.069571980027831,36.188779966993025,-107.9864235803556,nan,nan,7,0.0,0.0,0.0,1.0,0.0,0.0,0.14285714285714285,0.0,2.4285714285714284,2.5714285714285716,0.2857142857142857,0.0,292.85714285714283,-107.9864235803556
54,110592,-0.002508621911207835,69.64230422973633,3.0117693901062013,0.003802734164967078,0.037292671475249034,0.2538378397623698,-1.7806518077850342,7.8624186515808105,0.8517252604166666,0.000294028032,0.0098009344,-0.4133189618587494,0.6615146398544312,5,30,False,0.007851180620491505,472.9112920660409,152.58988349605352,31.384906390187098,7.187708782032132,36.188779966993025,-100.9326581358298,nan,nan,8,0.0,0.25,0.0,1.0,0.0,0.0,1.0,0.0,2.25,2.0,0.0,0.0,295.375,-100.9326581358298
55,112640,-0.003114931904322778,56.358877944946286,3.0226100126902264,0.0029404464536664124,0.025274549145251513,0.2653286844491959,-0.7673594355583191,7.292864799499512,0.83984375,0.00029391743999999996,0.009797248,-0.40887340903282166,0.664472758769989,5,30,False,0.005585348233580589,474.56237937451704,155.2939592499024,31.94370806934603,7.310273287032032,36.188779966993025,-94.14271656385525,nan,nan,7,0.0,0.42857142857142855,0.0,1.0,0.0,0.0,1.5714285714285714,0.0,2.5714285714285716,1.2857142857142858,0.14285714285714285,0.0,289.57142857142856,-94.14271656385525
56,114688,-0.0034955357909590627,87.91300735473632,3.0322981754938763,0.0038895869357752208,0.0380035636597313,0.23884474287430446,-1.4978090524673462,9.046710968017578,0.93701171875,0.000293806848,0.0097935616,-0.4079894423484802,0.6650664806365967,5,30,False,0.006782873533666134,475.39598546562576,158.3204888348846,32.564494968246436,7.435073370026657,36.188779966993025,-106.1581364805226,nan,nan,6,0.0,0.16666666666666666,0.0,1.0,0.0,0.0,0.5,0.0,2.3333333333333335,2.5,0.0,0.0,292.8333333333333,-106.1581364805226
57,116736,-0.0035549073169628778,67.52960968017578,3.0342983404795327,0.0036337703414867526,0.03668185070079441,0.24216293394565583,-0.7532871961593628,7.706025123596191,0.89892578125,0.000293696256,0.009789875200000001,-0.4069555997848511,0.665757954120636,5,30,False,0.0059832013212144375,476.0977119755388,161.41540655691642,33.16831916614319,7.548855860019103,36.188779966993025,-102.1855630078098,nan,nan,7,0.0,0.14285714285714285,0.0,1.0,0.0,0.0,0.8571428571428571,0.0,2.4285714285714284,2.142857142857143,0.0,0.0,294.85714285714283,-102.1855630078098
58,118784,-0.0033784558530896903,51.09057273864746,3.0410945892333983,0.0026516928768211137,0.02455312249561151,0.28687238643566765,-1.0233008861541748,6.923393249511719,0.85302734375,0.00029358566399999996,0.0097861888,-0.4028196334838867,0.6685088872909546,5,30,False,0.005039673764258623,477.4514506405512,164.20761230998323,33.74218193622073,7.654432164010359,36.188779966993025,-94.89286401150821,nan,nan,7,0.0,0.14285714285714285,0.0,1.0,0.0,0.0,1.4285714285714286,0.0,2.4285714285714284,1.2857142857142858,0.2857142857142857,0.0,311.85714285714283,-94.89286401150821
59,120832,-0.0024757103140776358,22.886783599853516,3.055587402979533,0.00301125501625468,0.025076523683189102,0.25502687791983286,0.5926371812820435,4.532439708709717,0.8053385416666666,0.000293475072,0.0097825024,-0.3978534936904907,0.6717987060546875,5,30,False,0.004954896867275238,478.83429582949276,166.93503400210466,34.326007597119315,7.776523555003223,36.188779966993025,-93.34402861480703,nan,nan,4,0.0,0.0,0.0,1.0,0.0,0.0,1.75,0.0,3.0,1.25,0.0,0.0,366.25,-93.34402861480703
60,122880,-0.005620163663600882,75.04120788574218,3.072204566001892,0.004416543757496551,0.051055277581326663,0.23894420365492502,-1.7755035161972046,8.49535083770752,0.8216145833333334,0.00029336448,0.009778816000000001,-0.3913891315460205,0.6761435866355896,5,30,False,0.008399833925068378,479.8850382341135,169.73573527805274,34.99761550006224,7.886555896999198,36.188779966993025,-100.39690705160334,nan,nan,7,0.0,0.14285714285714285,0.0,1.0,0.0,0.0,1.0,0.0,2.0,1.8571428571428572,0.14285714285714285,0.0,345.85714285714283,-100.39690705160334
61,124928,-0.004449679613268624,53.115478515625,3.0878053665161134,0.004813995658211449,0.05858634854666889,0.2790086468060811,-0.9622162580490112,6.915423393249512,0.84423828125,0.00029325388799999997,0.0097751296,-0.38851404190063477,0.6780790090560913,5,30,False,0.010347616858780384,480.7789208080917,172.69396194495494,35.56733474304201,8.009711025995784,36.188779966993025,-98.04101880945511,nan,nan,7,0.0,0.2857142857142857,0.0,1.0,0.0,0.0,1.2857142857142858,0.0,2.4285714285714284,1.7142857142857142,0.0,0.0,298.42857142857144,-98.04101880945511
62,126976,-0.002567270724102855,73.3975814819336,3.0951683282852174,0.003327070481458457,0.0320932044647634,0.2667633667588234,-1.1531040668487549,8.290383338928223,0.9070638020833334,0.00029314329599999995,0.0097714432,-0.3857503831386566,0.6799576282501221,5,30,False,0.0077163963578641415,481.9665538919227,175.47383970591181,36.1467196020385,8.131490865998785,36.188779966993025,-103.01459929996223,nan,nan,7,0.0,0.14285714285714285,0.0,1.0,0.0,0.0,0.7142857142857143,0.0,2.0,2.142857142857143,0.14285714285714285,0.0,295.85714285714283,-103.01459929996223
63,129024,-0.003985130759732177,64.25062942504883,3.1018268982569377,0.0038832725852747294,0.04247227660768355,0.32824148138364156,-1.4891585111618042,8.157691955566406,0.7874348958333334,0.000293032704,0.009767756800000001,-0.38467592000961304,0.6806988716125488,5,30,False,0.007272401358932257,483.0008812461935,178.25596410103026,36.782916227850365,8.260049628006527,36.188779966993025,-99.52598594127464,nan,nan,6,0.0,0.0,0.0,1.0,0.0,0.0,1.1666666666666667,0.0,2.3333333333333335,1.8333333333333333,0.0,0.0,355.0,-99.52598594127464
64,131072,-0.003016382567936186,57.11062507629394,3.104505101839701,0.003947197093858246,0.03993650762131438,0.2788375988602638,-1.1081247329711914,7.360405445098877,0.91357421875,0.00029292211199999997,0.0097640704,-0.3832894563674927,0.6816434264183044,5,30,False,0.006500871852040291,483.675087784807,181.24508553900523,37.40731054193748,8.384513526994851,36.188779966993025,-98.28289040111304,nan,nan,6,0.0,0.16666666666666666,0.0,1.0,0.0,0.0,1.1666666666666667,0.0,2.8333333333333335,1.6666666666666667,0.16666666666666666,0.0,301.6666666666667,-98.28289040111304
65,133120,-0.002420969780602415,67.09823150634766,3.110099736849467,0.0030273772036734483,0.023801779238662373,0.2631358673175176,-1.9187430143356323,7.527252197265625,0.87939453125,0.00029281151999999995,0.009760384,-0.38099831342697144,0.6831949949264526,5,30,False,0.005643779411911964,484.16806536989134,184.26154297206085,38.08298560287221,8.505405196003267,36.188779966993025,-92.08305020921321,nan,nan,10,0.0,0.5,0.0,1.0,0.0,0.0,1.8,0.0,2.7,1.1,0.1,0.0,279.5,-92.08305020921321
66,135168,-0.004133138239073257,41.05409393310547,3.1184329907099406,0.003945724263130936,0.04713188359358658,0.2497420479853948,-0.3416442275047302,6.529411792755127,0.85693359375,0.000292700928,0.009756697600000001,-0.3777778148651123,0.6854044795036316,5,30,False,0.00800617691129446,484.81888441779677,187.25269116014533,38.71645205079403,8.6136172789993,36.188779966993025,-75.35338493893293,nan,nan,3,0.0,0.0,0.3333333333333333,0.6666666666666666,0.0,0.0,0.6666666666666666,0.6666666666666666,1.3333333333333333,1.3333333333333333,0.3333333333333333,0.0,224.33333333333334,-75.35338493893293
67,137216,-0.0029562087380327283,45.28480262756348,3.127422491709391,0.0035812913403231376,0.03432250019395724,0.26159713168938953,-0.7055696249008179,6.770936965942383,0.7350260416666666,0.000292590336,0.0097530112,-0.3751928210258484,0.6871802806854248,5,30,False,0.006060060113668442,485.9139976611064,189.9457159970916,39.35489126882749,8.735586190989125,36.188779966993025,-99.9145288861796,nan,nan,8,0.0,0.125,0.0,1.0,0.0,0.0,1.0,0.0,2.5,1.75,0.25,0.0,386.75,-99.9145288861796
68,139264,-0.003342406500208502,63.50485420227051,3.135159071286519,0.004316063629515563,0.04763226375604669,0.2949357544382413,-1.2983572483062744,7.897642612457275,0.8468424479166666,0.00029247974399999996,0.0097493248,-0.37255117297172546,0.6889952421188354,5,30,False,0.007333738729357719,486.57184944967304,192.89259301809943,39.98501503265288,8.853119115985464,36.188779966993025,-100.72384663680297,nan,nan,6,0.0,0.3333333333333333,0.0,1.0,0.0,0.0,1.0,0.0,2.6666666666666665,2.0,0.0,0.0,292.8333333333333,-100.72384663680297
69,141312,-0.00501173757268892,50.75071792602539,3.139448610941569,0.005666017878638637,0.07203306073012451,0.3177607188622157,-0.7565723657608032,7.349788188934326,0.83642578125,0.000292369152,0.0097456384,-0.3725670576095581,0.6889896392822266,5,30,False,0.010820601135492325,487.47669296277337,195.76540210210078,40.55693802169117,8.967400960988016,36.188779966993025,-95.70993766156289,nan,nan,4,0.0,0.5,0.0,1.0,0.0,0.0,1.5,0.0,3.0,1.5,0.0,0.0,301.75,-95.70993766156289
70,143360,-0.004261567769572139,38.13385848999023,3.1424978574117026,0.005314358734663924,0.06421116550142567,0.27493135730425516,-1.3036507368087769,6.253417491912842,0.7945963541666666,0.00029225856,0.009741952,-0.3699476718902588,0.6907896399497986,5,30,False,0.009347260929644108,488.43332262614547,198.5134283140942,41.192437510660966,9.080090746982023,36.188779966993025,-85.90414367378878,nan,nan,8,0.0,0.5,0.0,1.0,0.0,0.0,2.5,0.0,2.5,0.5,0.0,0.0,353.0,-85.90414367378878
71,145408,-0.0038485830766148863,36.824899673461914,3.150401814778646,0.0036010613937017652,0.0393808368826285,0.2661505182584127,-0.2893119156360626,6.1504950523376465,0.7516276041666666,0.00029214796799999996,0.0097382656,-0.3676729202270508,0.6923718452453613,5,30,False,0.008913415484130383,489.76981498142027,201.09686927816074,41.75691381267097,9.192800569988322,36.188779966993025,-96.80169283217965,nan,nan,5,0.0,0.0,0.0,1.0,0.0,0.0,1.2,0.0,2.2,1.4,0.4,0.0,315.6,-96.80169283217965
72,147456,-0.0035654860230958244,38.56323890686035,3.1566027959187823,0.0039218393290198165,0.044427387633671364,0.29653102258841196,-1.3129267692565918,6.112517356872559,0.7044270833333334,0.000292037376,0.0097345792,-0.36611875891685486,0.6934541463851929,5,30,False,0.007143369410187006,490.85931762776386,203.79404912836617,42.32939347172214,9.310662461983156,36.188779966993025,-97.44135887671447,nan,nan,7,0.0,0.14285714285714285,0.0,1.0,0.0,0.0,1.2857142857142858,0.0,2.5714285714285716,1.5714285714285714,0.14285714285714285,0.0,384.85714285714283,-97.44135887671447
73,149504,-0.003700918727554381,50.324623107910156,3.163056008021037,0.0040473963612509154,0.04241144535286973,0.2921155112485091,-0.9564498066902161,7.0313825607299805,0.7750651041666666,0.000291926784,0.0097308928,-0.3623649477958679,0.6960691213607788,5,30,False,0.007869837805628777,491.8236153127343,206.61963644817297,42.8413639007631,9.4289568119857,36.188779966993025,-95.72401366505831,nan,nan,6,0.0,0.3333333333333333,0.0,1.0,0.0,0.0,1.5,0.0,2.6666666666666665,1.5,0.0,0.0,324.3333333333333,-95.72401366505831
74,151552,-0.0034682553028687834,52.08360328674316,3.1767937262852985,0.004172679159221525,0.04502525435915838,0.2887360374132792,-1.2658007144927979,7.020172119140625,0.84423828125,0.00029181619199999996,0.0097272064,-0.35759422183036804,0.6993865966796875,5,30,False,0.00788587424904108,492.8900435465128,209.35824800324917,43.34753288261709,9.551849818977644,36.188779966993025,-100.7369183022872,nan,nan,7,0.0,0.14285714285714285,0.0,1.0,0.0,0.0,1.0,0.0,2.4285714285714284,2.0,0.0,0.0,302.2857142857143,-100.7369183022872
75,153600,-0.00398540011762331,54.11409149169922,3.188339924812317,0.004469810008007397,0.053703429208447534,0.2560317933559418,-0.8221266865730286,7.446610927581787,0.7854817708333334,0.0002917056,0.00972352,-0.3549843430519104,0.7012138366699219,5,30,False,0.009152939543128014,494.10587671818524,212.02463372315106,43.83582717549871,9.670016406977084,36.188779966993025,-104.91452840313278,nan,nan,5,0.0,0.2,0.0,1.0,0.0,0.0,0.6,0.0,1.4,2.4,0.0,0.0,329.4,-104.91452840313278
76,155648,-0.003516079888989528,26.419132804870607,3.192961819966634,0.004658121888422258,0.05662472890689969,0.33474417428175607,-0.9387735724449158,5.216267108917236,0.73583984375,0.000291595008,0.0097198336,-0.35438424348831177,0.7016334533691406,5,30,False,0.01024877279996872,494.9448728977855,214.90819527620624,44.32583960669581,9.788666227977956,36.188779966993025,-84.97955719587246,nan,nan,7,0.0,0.5714285714285714,0.0,1.0,0.0,0.0,2.5714285714285716,0.0,3.0,0.42857142857142855,0.0,0.0,356.42857142857144,-84.97955719587246
77,157696,-0.002883257965246836,49.24961853027344,3.1958815892537435,0.002750592023450571,0.027402963985999427,0.29265897075335184,-1.242814302444458,6.851086616516113,0.8523763020833334,0.00029148441599999997,0.0097161472,-0.35244986414909363,0.7029851675033569,5,30,False,0.005522341467440128,495.51902648055614,217.8513982801087,44.90093533969775,9.912812233989825,36.188779966993025,-88.13784710371844,nan,nan,6,0.0,0.3333333333333333,0.0,0.8333333333333334,0.16666666666666666,0.0,1.3333333333333333,0.16666666666666666,2.8333333333333335,1.0,0.5,0.16666666666666666,339.8333333333333,-88.13784710371844
78,159744,-0.002150265678452949,48.97355270385742,3.204160038630168,0.0043660523666061105,0.04936325543094426,0.3004396920402845,-0.6072096228599548,7.319278240203857,0.8046875,0.00029137382399999995,0.0097124608,-0.3491578996181488,0.7053077220916748,5,30,False,0.0075812130235135555,496.4410151856789,220.62981188000413,45.42064875573851,10.034522827991168,36.188779966993025,-95.1907752714471,nan,nan,5,0.0,0.2,0.0,1.0,0.0,0.0,1.6,0.0,2.2,1.4,0.0,0.0,366.4,-95.1907752714471
79,161792,-0.003573767856384317,34.25946731567383,3.213839570681254,0.003481687597444827,0.0359363015430669,0.27114920169115064,-0.7272661328315735,5.829061031341553,0.8310546875,0.000291263232,0.0097087744,-0.34608691930770874,0.7074794769287109,5,30,False,0.006370718590915203,497.1875125250553,223.47869302796607,45.97732498384721,10.150117190001765,36.188779966993025,-111.00861043217203,nan,nan,3,0.0,0.0,0.0,1.0,0.0,0.0,0.0,0.0,2.3333333333333335,3.0,0.0,0.0,341.0,-111.00861043217203
80,163840,-0.0032962006516754627,26.620813369750977,3.2194498936335245,0.003768540835079104,0.03948802759017175,0.303703211247921,-0.8616171479225159,4.783193588256836,0.7677408854166666,0.00029115263999999997,0.009705088,-0.3460235297679901,0.7075327634811401,5,30,False,0.005697095301002264,498.0141651636975,226.26157375291223,46.533049680816475,10.26176239301276,36.188779966993025,-93.06245522132966,nan,nan,9,0.0,0.4444444444444444,0.0,1.0,0.0,0.0,1.7777777777777777,0.0,2.7777777777777777,1.2222222222222223,0.0,0.0,345.44444444444446,-93.06245522132966
81,165888,-0.003935982281109318,46.95928382873535,3.220566916465759,0.004304692687428337,0.047422572621144354,0.3233204041918119,-1.0908643007278442,6.437520980834961,0.73486328125,0.00029104204799999995,0.0097014016,-0.3442053198814392,0.7088331580162048,5,30,False,0.010352559387683868,498.42914403132767,229.20063248490624,47.17218878888525,10.387279698014027,36.188779966993025,-89.24090718783529,nan,nan,7,0.0,0.5714285714285714,0.0,1.0,0.0,0.0,2.142857142857143,0.0,3.0,0.8571428571428571,0.0,0.0,326.42857142857144,-89.24090718783529
82,167936,-0.0035341761463011305,25.13105354309082,3.2293725411097207,0.003730822407744942,0.03710916383812825,0.2804119860132535,-0.5260991454124451,4.9747538566589355,0.8580729166666666,0.000290931456,0.0096977152,-0.3406047224998474,0.711394190788269,5,30,False,0.006057754158973694,499.17719280755364,232.04305334296077,47.70111725592869,10.506215323024662,36.188779966993025,-90.46639875765209,nan,nan,4,0.0,0.5,0.0,1.0,0.0,0.0,2.0,0.0,3.0,1.0,0.0,0.0,274.25,-90.46639875765209
83,169984,-0.005634989961981774,45.55743980407715,3.239280851682027,0.0050134678265670056,0.06168661376771827,0.3306651532649994,-1.4690923690795898,6.691858768463135,0.7303059895833334,0.000290820864,0.0096940288,-0.3379431366920471,0.7132948637008667,5,30,False,0.009042778052389622,500.1371499910984,234.77147090702783,48.182843320973916,10.624509101020521,36.188779966993025,-97.27071252221879,nan,nan,8,0.0,0.125,0.0,1.0,0.0,0.0,1.375,0.0,2.75,1.625,0.0,0.0,355.25,-97.27071252221879
84,172032,-0.002641004578132803,30.59076862335205,3.246860416730245,0.004153789562385909,0.041919741767924276,0.2824287414550781,-0.1676899492740631,5.5032572746276855,0.78125,0.00029071027199999996,0.0096903424,-0.3353688418865204,0.7151434421539307,5,30,False,0.007414798717945814,501.0137821741427,237.50134248695394,48.704972103005275,10.746758091030642,36.188779966993025,-88.6578026065149,nan,nan,5,0.0,0.4,0.0,1.0,0.0,0.0,2.2,0.0,2.6,0.8,0.0,0.0,309.6,-88.6578026065149
85,174080,-0.00447024362316976,32.62118415832519,3.2526231527328493,0.005491807592821904,0.06561909991626938,0.2881434972087542,-0.5313117504119873,5.587592124938965,0.8216145833333334,0.00029059968,0.009686656,-0.3342599868774414,0.7159404754638672,5,30,False,0.010863156989216805,501.54670901248,240.3080088840652,49.3694320867362,10.863577168027405,36.188779966993025,-96.66264871169938,nan,nan,6,0.0,0.3333333333333333,0.0,1.0,0.0,0.0,1.3333333333333333,0.0,1.8333333333333333,1.5,0.16666666666666666,0.0,328.5,-96.66264871169938
86,176128,-0.004053496852672349,35.51062507629395,3.256367039680481,0.004669690271602111,0.050120802080103506,0.2892889494697253,-1.2964857816696167,6.072476387023926,0.6961263020833334,0.000290489088,0.0096829696,-0.33299848437309265,0.7168471813201904,5,30,False,0.0078088766895234585,502.26136251876443,243.00009420118295,50.01137003682379,10.985632240015548,36.188779966993025,-89.93532811992152,nan,nan,7,0.0,0.14285714285714285,0.0,0.8571428571428571,0.14285714285714285,0.0,1.4285714285714286,0.14285714285714285,2.5714285714285716,1.2857142857142858,0.14285714285714285,0.14285714285714285,352.14285714285717,-89.93532811992152
87,178176,-0.0036163436229495953,45.383114624023435,3.2595318078994753,0.0038346424630356256,0.037340696536314985,0.2643448303143183,-1.3164130449295044,7.163924217224121,0.7781575520833334,0.00029037849599999996,0.0096792832,-0.3318040668964386,0.7176952362060547,5,30,False,0.0070922356098890305,503.1224095494319,245.66752500928123,50.5766307758895,11.100755263018073,36.188779966993025,-92.3969675859862,nan,nan,6,0.0,0.5,0.0,1.0,0.0,0.0,1.8333333333333333,0.0,2.0,1.1666666666666667,0.0,0.0,310.1666666666667,-92.3969675859862
88,180224,-0.005328405955030272,44.6331241607666,3.263249405225118,0.0051439552628265535,0.06267299038978914,0.2640897547205289,-1.633531928062439,6.710217475891113,0.80224609375,0.000290267904,0.0096755968,-0.33065152168273926,0.7185127139091492,5,30,False,0.009207692928612232,503.6234768624783,248.52888635738054,51.193733490857994,11.208810955024092,36.188779966993025,-98.6180448003323,nan,nan,7,0.0,0.14285714285714285,0.0,1.0,0.0,0.0,1.0,0.0,2.2857142857142856,1.5714285714285714,0.42857142857142855,0.0,324.2857142857143,-98.6180448003323
89,182272,-0.0033721029642038046,20.768878936767578,3.2657572269439696,0.005101809844074741,0.0604157507730027,0.33590911626815795,0.033346861600875854,4.753243446350098,0.7428385416666666,0.000290157312,0.0096719104,-0.32981038093566895,0.7191526889801025,5,30,False,0.008452978916466236,504.25184477869203,251.33206282614265,51.77720602089539,11.328649614020833,36.188779966993025,-80.21328835957611,nan,nan,5,0.0,1.0,0.0,1.0,0.0,0.0,3.0,0.0,3.0,0.0,0.0,0.0,271.8,-80.21328835957611
90,184320,-0.003811570400527368,49.37762184143067,3.271336491902669,0.00548676416330763,0.06764394156634808,0.3367239365975062,-1.78614342212677,6.29752779006958,0.7727864583333334,0.00029004671999999996,0.009668224,-0.32677483558654785,0.7213579416275024,5,30,False,0.008967583067715168,504.9959055950639,254.05336338913185,52.35178521796479,11.440567035024287,36.188779966993025,-91.64211130246414,nan,nan,7,0.0,0.14285714285714285,0.0,0.8571428571428571,0.14285714285714285,0.0,1.2857142857142858,0.14285714285714285,2.857142857142857,1.4285714285714286,0.14285714285714285,0.14285714285714285,405.42857142857144,-91.64211130246414
91,186368,-0.0044525508458415665,19.386196899414063,3.278669587771098,0.004040894573358215,0.04285542528765897,0.3057793493072192,0.3848547339439392,4.456915855407715,0.6754557291666666,0.000289936128,0.0096645376,-0.3260009288787842,0.7219547033309937,5,30,False,0.007145239505916834,506.17475134484295,256.4956810201984,52.88234408092103,11.564986447017873,36.188779966993025,-88.20176614877346,nan,nan,4,0.0,0.5,0.0,1.0,0.0,0.0,2.25,0.0,2.5,0.75,0.0,0.0,319.25,-88.20176614877346
92,188416,-0.005380831379443407,33.050144004821775,3.2780141909917195,0.004139698431845477,0.045927263873939715,0.3169473300377528,-1.5087603330612183,5.4328436851501465,0.7444661458333334,0.000289825536,0.0096608512,-0.3260992467403412,0.7218912839889526,5,30,False,0.007837535813450813,506.5347707058788,259.35765095411625,53.564721945891506,11.683659285015892,36.188779966993025,-92.31970076787567,nan,nan,7,0.0,0.42857142857142855,0.0,1.0,0.0,0.0,1.7142857142857142,0.0,2.7142857142857144,1.0,0.2857142857142857,0.0,355.57142857142856,-92.31970076787567
93,190464,-0.004861475874592239,32.21044578552246,3.279385272661845,0.004682634378053555,0.049455591826699674,0.27749017626047134,-0.3405410647392273,5.010646820068359,0.7994791666666666,0.00028971494399999997,0.0096571648,-0.3256463408470154,0.7222331762313843,5,30,False,0.007275838404893875,506.9170875898129,262.2685752340767,54.17665401400882,11.805731004016707,36.188779966993025,-91.54831070000493,nan,nan,7,0.0,0.2857142857142857,0.0,1.0,0.0,0.0,1.8571428571428572,0.0,2.2857142857142856,1.0,0.14285714285714285,0.0,340.7142857142857,-91.54831070000493
94,192512,-0.0047323895598916955,49.001871490478514,3.2800426562627156,0.004571120628732968,0.0457620973388354,0.2858725503087044,-1.8599897623062134,6.872286319732666,0.7513020833333334,0.00028960435199999995,0.0096534784,-0.32556208968162537,0.7222908735275269,5,30,False,0.007411705330014229,507.5124751079283,265.0503456899896,54.760128072084626,11.926972121014842,36.188779966993025,-90.76537505647339,nan,nan,5,0.0,0.4,0.0,1.0,0.0,0.0,2.0,0.0,3.0,1.0,0.0,0.0,342.2,-90.76537505647339
95,194560,-0.004121839557774365,24.180957794189453,3.2816747188568116,0.005066064922660187,0.059488772166272005,0.29569207727909086,-0.022338591516017914,4.822439193725586,0.7789713541666666,0.00028949376,0.009649792,-0.3244456648826599,0.7230746746063232,5,30,False,0.00929180532693863,508.2934079377133,267.73004464291444,55.29732900610543,12.048562059004325,36.188779966993025,-93.87927363755135,nan,nan,6,0.0,0.3333333333333333,0.0,1.0,0.0,0.0,1.5,0.0,2.6666666666666665,1.1666666666666667,0.3333333333333333,0.0,331.6666666666667,-93.87927363755135
96,196608,-0.004145166114903986,41.070674896240234,3.283074967066447,0.004942545205589539,0.05737551606725901,0.2904325664043427,-0.5553029179573059,6.049309730529785,0.79052734375,0.00028938316799999997,0.0096461056,-0.32477158308029175,0.722827136516571,5,30,False,0.007899893447756767,508.75532208085383,270.60095038889267,55.87345503803226,12.163816807995318,36.188779966993025,-92.81417723373046,nan,nan,7,0.0,0.42857142857142855,0.0,1.0,0.0,0.0,1.5714285714285714,0.0,2.2857142857142856,1.0,0.42857142857142855,0.0,368.2857142857143,-92.81417723373046
97,198656,-0.00297051770806623,30.607713508605958,3.281537985801697,0.00346259722425634,0.03476081890209268,0.30060024112462996,-0.7754584550857544,5.488405704498291,0.7791341145833334,0.00028927257599999995,0.0096424192,-0.32566654682159424,0.7221815586090088,5,30,False,0.008004697039723396,509.4113031997024,273.3391936800326,56.42124529107241,12.290107318985974,36.188779966993025,-91.61472886003557,nan,nan,5,0.0,0.4,0.0,1.0,0.0,0.0,1.8,0.0,2.4,1.0,0.2,0.0,319.6,-91.61472886003557
98,200704,-0.003562570867749552,36.38459854125976,3.2811198075612387,0.004290706771571553,0.04832417353366812,0.2868905251224836,-0.13171495497226715,6.131682395935059,0.7135416666666666,0.000289161984,0.0096387328,-0.3241076171398163,0.7233003377914429,5,30,False,0.008724479004740715,510.49399878547433,275.779337567059,56.931984746217495,12.416350515981321,36.188779966993025,-95.89805729608936,nan,nan,60,0.0,0.16666666666666666,0.0,1.0,0.0,0.0,1.9833333333333334,0.016666666666666666,2.933333333333333,1.0,nan,0.016666666666666666,306.8333333333333,nan
99,202752,-0.004163228569086641,29.97126159667969,3.288845109939575,0.004319080162378465,0.05317978405704101,0.255563419063886,-0.8396117687225342,5.130453109741211,0.8377278645833334,0.000289051392,0.0096350464,-0.32110366225242615,0.7254638075828552,5,30,False,0.00801133457571268,475.7915831243779,278.68192008415645,57.79075815137185,12.55054487499001,65.13481439498719,-88.9129541459115,nan,nan,5,0.0,0.4,0.0,1.0,0.0,0.0,2.2,0.0,1.6,0.8,0.0,0.0,404.8,-88.9129541459115
100,204800,-0.003317819869456192,42.81440544128418,3.2953540007273356,0.0027801444981801924,0.020444068855916462,0.26505153874556225,-0.5566483736038208,6.197216987609863,0.74072265625,0.00028894079999999996,0.00963136,-0.3199920356273651,0.72623610496521,5,30,False,0.005769945215433836,476.38232890543736,281.54603121806576,58.43062589832698,12.677011571999174,65.13481439498719,-83.44034700558718,nan,nan,10,0.0,0.7,0.0,1.0,0.0,0.0,2.7,0.0,2.8,0.3,0.0,0.0,291.5,-83.44034700558718
101,206848,-0.003937580079461138,25.080188941955566,3.298299272855123,0.0040364640649083105,0.0419069561874494,0.3148319810628891,-0.41028326749801636,5.013471603393555,0.71826171875,0.000288830208,0.0096276736,-0.3189038336277008,0.7270144820213318,5,30,False,0.007424522191286087,477.2034937330557,284.25933499510575,59.01793372638349,12.814116808003746,65.13481439498719,-83.83093818649043,nan,nan,6,0.0,0.6666666666666666,0.0,1.0,0.0,0.0,2.6666666666666665,0.0,2.6666666666666665,0.3333333333333333,0.0,0.0,282.5,-83.83093818649043
102,208896,-0.004160944027050088,30.04177932739258,3.3040319045384723,0.003722614088353434,0.03692033962191393,0.28740504483381907,-0.9055593609809875,5.427759170532227,0.7604166666666666,0.000288719616,0.0096239872,-0.3158089816570282,0.7292747497558594,5,30,False,0.005918071139603853,477.75780130876444,287.1971372922126,59.626586499318364,12.932181051000953,65.13481439498719,-87.62951728005802,nan,nan,7,0.0,0.42857142857142855,0.0,1.0,0.0,0.0,2.2857142857142856,0.0,3.0,0.7142857142857143,0.0,0.0,322.14285714285717,-87.62951728005802
103,210944,-0.00432499775585408,15.737329483032227,3.3113263209660846,0.004225082535905445,0.049275834672153,0.3198726445436478,-0.46085792779922485,4.289083957672119,0.63037109375,0.00028860902399999996,0.0096203008,-0.31479698419570923,0.7300023436546326,5,30,False,0.008729306049644947,479.36532241761176,289.2637894961954,60.136750307297916,13.067267149002873,65.13481439498719,-89.26675529892873,nan,nan,4,0.0,0.5,0.0,1.0,0.0,0.0,2.0,0.0,2.75,0.75,0.25,0.0,313.75,-89.26675529892873
104,212992,-0.003756163331369559,24.429517555236817,3.3132565021514893,0.003852942287026644,0.04001341760158539,0.2390499472618103,0.28180015087127686,4.733421802520752,0.8038736979166666,0.000288498432,0.009616614400000001,-0.3143276572227478,0.7303582429885864,5,30,False,0.006370863411575556,479.8884777213405,292.25945034535835,60.66601189142966,13.21476553400862,65.13481439498719,-83.34023765259356,nan,nan,6,0.0,0.5,0.0,0.8333333333333334,0.16666666666666666,0.0,2.0,0.16666666666666666,1.8333333333333333,0.6666666666666666,0.16666666666666666,0.16666666666666666,386.3333333333333,-83.34023765259356
105,215040,-0.004272728077679252,29.942890930175782,3.3167659680048627,0.004730768089611414,0.05484739048406482,0.28316386938095095,-0.5062925219535828,5.772787094116211,0.7433268229166666,0.00028838784,0.009612928,-0.31198856234550476,0.7320999503135681,5,30,False,0.008287753909826279,480.76512980150653,294.8176396563067,61.29155304543383,13.365822721010773,65.13481439498719,-88.9615636606374,nan,nan,6,0.0,0.3333333333333333,0.0,1.0,0.0,0.0,2.1666666666666665,0.0,2.6666666666666665,0.8333333333333334,0.0,0.0,312.1666666666667,-88.9615636606374
106,217088,-0.004654404505466421,27.64611949920654,3.3238739013671874,0.00496401767993866,0.055767491351192196,0.30918508023023605,-0.6576973795890808,5.53070068359375,0.6901041666666666,0.00028827724799999996,0.0096092416,-0.31032902002334595,0.7333129644393921,5,30,False,0.009487491101026535,481.38607922435153,297.5956261372776,61.935533947413205,13.491274270010763,65.13481439498719,-85.72316252492988,nan,nan,8,0.0,0.625,0.0,1.0,0.0,0.0,2.5,0.0,2.5,0.5,0.0,0.0,316.25,-85.72316252492988
107,219136,-0.0033521224206197074,36.030016136169436,3.3282456000645957,0.0042012757269493895,0.0426586551591754,0.27560129513343173,0.0725627988576889,6.018807888031006,0.740234375,0.000288166656,0.009605555200000001,-0.30851873755455017,0.7346531748771667,5,30,False,0.006644395180046558,482.0689931842536,300.3258927901479,62.54607445234433,13.643111946017598,65.13481439498719,-83.25336815282888,nan,nan,7,0.0,0.7142857142857143,0.0,1.0,0.0,0.0,2.5714285714285716,0.0,2.7142857142857144,0.14285714285714285,0.2857142857142857,0.0,285.85714285714283,-83.25336815282888
108,221184,-0.004075680983563265,21.298880195617677,3.335974629720052,0.004280289815094796,0.048857430834323166,0.2887886166572571,0.3596717119216919,4.5870513916015625,0.7233072916666666,0.000288056064,0.0096018688,-0.3055610954761505,0.7368499040603638,5,30,False,0.007338357623666525,482.8048197826404,303.10574002614885,63.08750630755094,13.768045755015919,65.13481439498719,-89.44440648870386,nan,nan,4,0.0,0.5,0.0,1.0,0.0,0.0,2.0,0.0,2.75,0.75,0.25,0.0,345.75,-89.44440648870386
109,223232,-0.004520363577951988,27.805404472351075,3.343548544247945,0.004229967342876491,0.04416216875736912,0.29253393510977427,0.04613572731614113,4.890572547912598,0.76220703125,0.00028794547199999997,0.0095981824,-0.30280038714408875,0.7388718128204346,5,30,False,0.007890060544013977,483.4002357556538,305.9933943032229,63.61287018467556,13.91530124701967,65.13481439498719,-89.3960073919682,nan,nan,7,0.0,0.42857142857142855,0.0,1.0,0.0,0.0,2.142857142857143,0.0,2.7142857142857144,0.8571428571428571,0.0,0.0,376.2857142857143,-89.3960073919682
110,225280,-0.00348773137666285,29.32436122894287,3.3507554213205974,0.003407570532613673,0.033804204501211646,0.27921525090932847,-0.34239310026168823,5.025327205657959,0.7449544270833334,0.00028783488,0.009594496000000001,-0.30165964365005493,0.739726722240448,5,30,False,0.00663331151008606,484.11417324380614,308.68846263422165,64.22980136369006,14.030770914017921,65.13481439498719,-80.677642283551,nan,nan,4,0.0,1.0,0.0,1.0,0.0,0.0,3.0,0.0,3.0,0.0,0.0,0.0,322.25,-80.677642283551
111,227328,-0.003910097751456002,56.84285202026367,3.3532928943634035,0.004265647671579481,0.0470141352309535,0.26910271445910133,-0.8088606595993042,6.606322765350342,0.7433268229166666,0.000287724288,0.0095908096,-0.30047446489334106,0.740645170211792,5,30,False,0.006980059202760458,485.1349881062615,311.1792410632188,64.76228197684395,14.13636889900954,65.13481439498719,-95.41976921632723,nan,nan,5,0.0,0.2,0.0,1.0,0.0,0.0,1.6,0.0,2.6,1.4,0.0,0.0,394.4,-95.41976921632723
112,229376,-0.003742479537140753,34.97507266998291,3.3578691800435383,0.003618607044353765,0.03676976188629245,0.2739107559124629,-0.607712984085083,5.798832416534424,0.7643229166666666,0.00028761369599999997,0.0095871232,-0.29882025718688965,0.7418721914291382,5,30,False,0.006731030531227589,486.4049329360008,313.4445895402605,65.25116427177272,14.273463481004,65.13481439498719,-80.88489358513698,nan,nan,4,0.0,0.25,0.0,0.75,0.25,0.0,2.0,0.25,2.0,0.75,0.0,0.25,470.0,-80.88489358513698
113,231424,-0.005196725903078914,48.66828651428223,3.3604215383529663,0.0051571505267983654,0.06317780759806434,0.2908908923467,0.2959451675415039,6.589240074157715,0.61083984375,0.00028750310399999995,0.009583436800000001,-0.2990255355834961,0.741706371307373,5,30,False,0.011631185188889503,487.63465578411177,315.7330096712103,65.74704844364896,14.39938093800447,65.13481439498719,-79.15608949589186,nan,nan,5,0.0,0.0,0.0,0.6,0.4,0.0,1.6,0.4,1.4,1.0,0.0,0.4,482.2,-79.15608949589186
114,233472,-0.002526577026583254,18.868026733398438,3.3626326243082683,0.004274842019492862,0.047354762954637405,0.31274318397045137,0.1412770003080368,4.301613807678223,0.7703450520833334,0.000287392512,0.0095797504,-0.29647040367126465,0.7435930967330933,5,30,False,0.009852337650954723,488.2701213675695,318.5154381473694,66.32648736858391,14.508813717999146,65.13481439498719,-88.80567683385448,nan,nan,4,0.0,0.25,0.0,1.0,0.0,0.0,2.25,0.0,3.0,0.75,0.0,0.0,448.0,-88.80567683385448
115,235520,-0.005074595698776344,28.630486679077148,3.3713376998901365,0.005198397353294494,0.06282348081003875,0.3166609118382136,-0.4303223788738251,5.063612937927246,0.61279296875,0.00028728191999999997,0.009576064,-0.29365622997283936,0.7456923723220825,5,30,False,0.007497107144445181,489.1652555178158,321.0323768842354,66.89955167753214,14.62079801200889,65.13481439498719,-80.73114211159518,nan,nan,5,0.0,0.2,0.0,0.8,0.2,0.0,2.2,0.2,3.0,0.6,0.0,0.2,417.2,-80.73114211159518
116,237568,-0.0031503331537048023,18.18139533996582,3.3749892314275107,0.003922259568474516,0.04294985827679435,0.3674328828851382,0.4203723967075348,4.421758651733398,0.7169596354166666,0.00028717132799999996,0.0095723776,-0.29493075609207153,0.7447208762168884,5,30,False,0.008018984459340572,490.0467271731545,323.5909340432845,67.4295121543255,14.738236361008603,65.13481439498719,-66.6419538767168,nan,nan,4,0.0,0.0,0.0,0.25,0.75,0.0,1.5,0.75,2.5,0.75,0.0,0.75,544.25,-66.6419538767168
117,239616,-0.0045885323624437055,20.027710342407225,3.3752607742945355,0.00516986630101759,0.06433174210445335,0.3025820588072141,0.47500595450401306,4.344921588897705,0.71240234375,0.000287060736,0.0095686912,-0.29172855615615845,0.7470897436141968,5,30,False,0.010580516420304775,490.8996626583066,326.1802299361734,67.95891520039004,14.851558875016053,65.13481439498719,-103.64671244871897,nan,nan,4,0.0,0.0,0.0,1.0,0.0,0.0,0.75,0.0,2.5,2.25,0.0,0.0,477.5,-103.64671244871897
118,241664,-0.0041577864593515795,27.825486946105958,3.38807643254598,0.004089339449967768,0.04637864219645659,0.2949548467993736,-0.4677606523036957,5.128039836883545,0.7275390625,0.000286950144,0.0095650048,-0.287505567073822,0.7502533197402954,5,30,False,0.007564280182123184,491.6075069811511,328.82486812728166,68.5582298933441,14.962699409021297,65.13481439498719,-89.97836179858132,nan,nan,4,0.0,0.0,0.0,0.75,0.25,0.0,1.0,0.25,2.25,1.5,0.25,0.25,499.25,-89.97836179858132
119,243712,-0.0029543196588444212,28.389967727661134,3.399662558237712,0.003903837393822455,0.040630224129805964,0.32223229904969536,-0.3257980942726135,5.47533655166626,0.685546875,0.00028683955199999996,0.0095613184,-0.2837025225162506,0.7530957460403442,5,30,False,0.007272711023688316,492.68937165284467,331.1813645631919,69.05512807042396,15.08414930201252,65.13481439498719,-99.02587415263952,nan,nan,5,0.0,0.0,0.0,1.0,0.0,0.0,1.2,0.0,3.0,1.8,0.0,0.0,462.8,-99.02587415263952
120,245760,-0.00359050336095,27.25337505340576,3.4114506006240846,0.0036200910233108266,0.04014582627763351,0.2757392500837644,0.03195902332663536,4.84663724899292,0.7937825520833334,0.00028672896,0.009557632,-0.27968430519104004,0.7561092376708984,5,30,False,0.006534677464514971,493.34283886670363,333.90267485730874,69.59712014645629,15.202042644014,65.13481439498719,-94.3044614471653,nan,nan,6,0.0,0.0,0.0,0.8333333333333334,0.16666666666666666,0.0,1.0,0.16666666666666666,2.3333333333333335,1.8333333333333333,0.0,0.16666666666666666,414.0,-94.3044614471653
121,247808,-0.005037281359545886,27.98333625793457,3.4215182383855183,0.005654494605551008,0.06719158053165301,0.29723016868034996,-0.4977101981639862,5.224586486816406,0.7145182291666666,0.000286618368,0.0095539456,-0.2774887681007385,0.7577471137046814,5,30,False,0.007913338020443916,494.04660020868624,336.53343086721725,70.1850019855192,15.30901788501069,65.13481439498719,-85.3290686645527,nan,nan,5,0.0,0.2,0.0,0.8,0.2,0.0,1.8,0.2,1.8,1.0,0.0,0.2,420.4,-85.3290686645527
122,249856,-0.004143451522880545,21.59612331390381,3.42594321568807,0.005036400682892839,0.06083780966388683,0.2914549628893534,0.4422880709171295,4.254235744476318,0.8019205729166666,0.00028650777599999996,0.0095502592,-0.27654826641082764,0.758454442024231,5,30,False,0.008860409259796143,494.56445838020284,339.33764526933373,70.77175654552411,15.431400325003779,65.13481439498719,-88.03037360689268,nan,nan,3,0.0,0.0,0.0,0.6666666666666666,0.3333333333333333,0.0,1.0,0.3333333333333333,2.3333333333333335,1.6666666666666667,0.0,0.3333333333333333,474.3333333333333,-88.03037360689268
123,251904,-0.0034460432924485456,27.336359977722168,3.4291959206263223,0.003143956392552494,0.03197674963157624,0.2939873958627383,0.15015234053134918,5.031435489654541,0.7771809895833334,0.000286397184,0.0095465728,-0.27491480112075806,0.7597166895866394,5,30,False,0.006734623573720455,495.25290707713987,341.9665850332967,71.35228866135003,15.545015352006885,65.13481439498719,-97.49322077785457,nan,nan,6,0.0,0.0,0.0,1.0,0.0,0.0,1.1666666666666667,0.0,2.6666666666666665,1.5,0.3333333333333333,0.0,421.6666666666667,-97.49322077785457
124,253952,-0.004512495179612112,33.335655212402344,3.439410201708476,0.005259658152301894,0.06135103415775423,0.2991456006964048,-0.6817654371261597,5.672159194946289,0.7867838541666666,0.000286286592,0.0095428864,-0.26921355724334717,0.7640606164932251,5,30,False,0.009285823442041874,495.82009947639835,344.7700839432364,71.87983008945594,15.659999901996343,65.13481439498719,-96.14122279547973,nan,nan,4,0.0,0.25,0.0,1.0,0.0,0.0,1.5,0.0,2.25,1.5,0.0,0.0,459.5,-96.14122279547973
125,256000,-0.003666515446578463,22.70599822998047,3.4557480573654176,0.004798714956106378,0.05642244977255662,0.3675769463181496,-0.1750258356332779,4.475423812866211,0.6647135416666666,0.00028617599999999997,0.0095392,-0.26526129245758057,0.7670883536338806,5,30,False,0.00945650227367878,496.4370056483417,347.39959475625074,72.50781331953476,15.782129010985955,65.13481439498719,-97.40947173898257,nan,nan,5,0.0,0.0,0.0,1.0,0.0,0.0,1.4,0.0,2.6,1.6,0.0,0.0,407.2,-97.40947173898257
126,258048,-0.003496942612885808,34.40685806274414,3.4642839272816977,0.0043153885668874795,0.04584348466402541,0.31556328336397804,-0.8410350680351257,5.706531047821045,0.7488606770833334,0.000286065408,0.0095355136,-0.2630351781845093,0.7688018679618835,5,30,False,0.007894898764789104,497.0663297163165,350.07021087023895,73.08547860832186,15.899177332990803,65.13481439498719,-85.94093264650292,nan,nan,4,0.0,0.0,0.0,0.75,0.25,0.0,1.5,0.25,3.0,1.25,0.0,0.25,468.75,-85.94093264650292
127,260096,-0.0024052726725737254,18.373663902282715,3.471755774815877,0.002670726665704596,0.02505055827399095,0.3120505119363467,-0.129173144698143,4.271968364715576,0.6787109375,0.000285954816,0.0095318272,-0.2601701021194458,0.7710171937942505,5,30,False,0.006027983035892248,497.63830800270455,352.794697653153,73.64015185637982,16.025315522987512,65.13481439498719,-91.1908726739269,nan,nan,6,0.0,0.0,0.0,0.8333333333333334,0.16666666666666666,0.0,1.3333333333333333,0.16666666666666666,2.8333333333333335,1.5,0.0,0.16666666666666666,448.6666666666667,-91.1908726739269
128,262144,-0.005687514292852332,11.502400779724121,3.4808453559875487,0.0058270976783020845,0.07520074407026793,0.2816476419568062,0.5276641845703125,3.102050542831421,0.8063151041666666,0.00028584422399999997,0.0095281408,-0.25704073905944824,0.7734431028366089,5,30,False,0.010755665600299835,498.063378468267,355.6652566081757,74.20809665838897,16.144627368994406,65.13481439498719,-96.1467682779039,nan,nan,3,0.0,0.3333333333333333,0.0,1.0,0.0,0.0,1.3333333333333333,0.0,2.6666666666666665,1.3333333333333333,0.3333333333333333,0.0,434.6666666666667,-96.1467682779039
129,264192,-0.0035050160659011453,28.44914379119873,3.4878382285435996,0.004081987612471682,0.04158870031436284,0.28911255846420925,-0.6842420101165771,4.972968101501465,0.8522135416666666,0.00028573363199999995,0.0095244544,-0.25592494010925293,0.7743152379989624,5,30,False,0.008152352645993233,498.48942145806103,358.5174924210878,74.78315610725258,16.266615396991256,65.13481439498719,-101.69768057045574,nan,nan,6,0.0,0.0,0.0,1.0,0.0,0.0,0.8333333333333334,0.0,2.5,2.0,0.16666666666666666,0.0,437.0,-101.69768057045574
130,266240,-0.002651110547594726,21.579301643371583,3.49203778107961,0.003468798544973652,0.03613914388697594,0.3351201673348745,-0.1082458645105362,5.189720153808594,0.6956380208333334,0.00028562304,0.009520768,-0.25361669063568115,0.7760710716247559,5,30,False,0.006038207560777664,499.10776987146807,361.06609329809726,75.45556547911838,16.386875785989105,65.13481439498719,-71.44485511029461,nan,nan,2,0.0,0.5,0.0,0.5,0.5,0.0,2.0,0.5,3.0,0.5,0.0,0.5,528.5,-71.44485511029461
131,268288,-0.0025522398607184488,22.36829776763916,3.4996416648228963,0.0031066142611604545,0.029110842756927012,0.30432321429252623,0.3285139203071594,4.854820728302002,0.7119140625,0.00028551244799999997,0.0095170816,-0.2512434422969818,0.7779139280319214,5,30,False,0.005852341651916504,499.9093159138325,363.5282017290883,76.03034754110558,16.489827953992062,65.13481439498719,-83.63472907743562,nan,nan,4,0.0,0.0,0.0,0.75,0.25,0.0,1.0,0.5,2.5,1.5,0.0,0.25,483.5,-83.63472907743562
132,270336,-0.003236311375318716,19.223084259033204,3.507680622736613,0.0034926398269775746,0.03534685869623597,0.3025711332758268,-0.7311123609542847,4.3241963386535645,0.7366536458333334,0.00028540185599999995,0.0095133952,-0.2479362189769745,0.7804681062698364,5,30,False,0.006658721715211868,500.4911805989164,366.17427699601103,76.61994803302514,16.615929822990438,65.13481439498719,-100.57078845261712,nan,nan,5,0.0,0.0,0.0,1.0,0.0,0.0,1.0,0.0,2.8,1.8,0.2,0.0,466.6,-100.57078845261712
133,272384,-0.005109572949974487,19.06624870300293,3.5148758411407472,0.00451109159736691,0.05538295059620092,0.3202197477221489,0.4134364426136017,4.521993637084961,0.66943359375,0.000285291264,0.0095097088,-0.24719862639904022,0.781049370765686,5,30,False,0.009165638126432896,501.2281101158988,368.5942801871133,77.2764861042815,16.72747483199055,65.13481439498719,-41.72684527283491,nan,nan,3,0.0,0.0,0.0,0.0,1.0,0.0,1.0,1.6666666666666667,1.6666666666666667,0.3333333333333333,0.0,1.0,600.0,-41.72684527283491
134,274432,-0.004934826094540767,26.877662467956544,3.5162254412968954,0.004288978231093725,0.04835450660126905,0.29801221589247384,0.5767667889595032,4.536426067352295,0.7687174479166666,0.000285180672,0.0095060224,-0.2463139146566391,0.7817493677139282,5,30,False,0.008901754394173622,501.727998446481,371.2818068259803,77.88471200533968,16.86334252699453,65.13481439498719,-81.00125714212966,nan,nan,6,0.0,0.0,0.0,0.5,0.5,0.0,1.0,0.5,2.8333333333333335,1.5,0.0,0.5,535.0,-81.00125714212966
135,276480,-0.003788368954944114,25.446005821228027,3.519894830385844,0.0042100706167244335,0.045804325002245606,0.2526708260178566,-0.5705601572990417,4.849253177642822,0.8603515625,0.00028507007999999996,0.009502336,-0.2449805587530136,0.7827954292297363,5,30,False,0.007085159886628389,502.3100882694836,373.94595388291054,78.45168061123695,16.970294497994473,65.13481439498719,-84.34601214393538,nan,nan,3,0.0,0.0,0.0,0.6666666666666666,0.3333333333333333,0.0,1.3333333333333333,0.3333333333333333,2.3333333333333335,1.3333333333333333,0.0,0.3333333333333333,458.6666666666667,-84.34601214393538
136,278528,-0.0028402902923213937,26.000996780395507,3.524748619397481,0.0036699994272813914,0.04100960973106946,0.2929492563009262,-0.6220117807388306,5.176820755004883,0.77587890625,0.000284959488,0.0094986496,-0.24300643801689148,0.784354567527771,5,30,False,0.006960343569517136,502.788913665634,376.66070884592773,79.05854238432948,17.093977317999816,65.13481439498719,-88.9973242495762,nan,nan,4,0.0,0.0,0.0,0.75,0.25,0.0,0.5,0.5,1.5,2.0,0.0,0.25,530.25,-88.9973242495762
137,280576,-0.004314118487915645,16.977082347869874,3.531417632102966,0.004667524632665784,0.05372375170700252,0.3096907287836075,0.22425764799118042,3.8964574337005615,0.7496744791666666,0.000284848896,0.0094949632,-0.24041840434074402,0.7863969206809998,5,30,False,0.009333263151347637,503.4729521974919,379.2041875829018,79.60751443830668,17.209633345002658,65.13481439498719,-91.5621898552954,nan,nan,4,0.0,0.0,0.0,0.75,0.25,0.0,1.0,0.25,2.5,1.75,0.0,0.25,446.25,-91.5621898552954
138,282624,-0.003542197282755903,26.57081470489502,3.5394105911254883,0.0029432491797572596,0.028605762853597602,0.2841935152808825,-1.1453959941864014,5.258797645568848,0.732421875,0.00028473830399999996,0.0094912768,-0.237533837556839,0.7886850237846375,5,30,False,0.006117737852036953,504.1220776782694,381.8012873908883,80.13122131132695,17.329921903001377,65.13481439498719,-74.91598361381007,nan,nan,5,0.0,0.0,0.0,0.6,0.4,0.2,1.6,0.4,1.6,1.0,0.0,0.4,509.6,-74.91598361381007
139,284672,-0.005306333039576809,20.784739875793456,3.5467182636260985,0.003821706726814896,0.04116797499979536,0.2989655425151189,0.009705177508294582,4.025298595428467,0.8466796875,0.000284627712,0.0094875904,-0.2361241579055786,0.7897869944572449,5,30,False,0.007296681869775057,504.61531658024813,384.4706419219874,80.75443420634838,17.440483885002322,65.13481439498719,-81.15631543237275,nan,nan,3,0.0,0.3333333333333333,0.0,0.6666666666666666,0.3333333333333333,0.0,1.6666666666666667,0.3333333333333333,2.3333333333333335,1.0,0.0,0.3333333333333333,487.3333333333333,-81.15631543237275
140,286720,-0.004879827541299164,27.906984901428224,3.5497042099634806,0.005124267971112732,0.06450089840218425,0.3101149062315623,-1.0513169765472412,5.457319259643555,0.67626953125,0.00028451712,0.009483904,-0.23528534173965454,0.7904688715934753,5,30,False,0.010486471466720104,505.37648410116174,386.9128921340889,81.29774649030878,17.550644754010136,65.13481439498719,-93.88308042867774,nan,nan,5,0.0,0.2,0.0,1.0,0.0,0.0,1.6,0.0,2.4,1.2,0.2,0.0,456.4,-93.88308042867774
141,288768,-0.005413178765835861,19.47971878051758,3.5529213349024453,0.006013102183619096,0.07672705762088299,0.31505849162737526,0.06028220057487488,4.201523303985596,0.70703125,0.00028440652799999996,0.0094802176,-0.23364607989788055,0.7917973399162292,5,30,False,0.010531935840845108,505.94898079007487,389.5605966409639,81.83266478346195,17.669318832005956,65.13481439498719,-74.44830074880974,nan,nan,4,0.0,0.25,0.0,0.5,0.5,0.0,1.5,0.5,1.5,0.75,0.25,0.5,519.5,-74.44830074880974
142,290816,-0.004324233741984548,18.320094871520997,3.559748379389445,0.003666596004484967,0.04076082416189213,0.29489948898553847,0.07097263634204865,4.464383602142334,0.654296875,0.000284295936,0.0094765312,-0.2307852953672409,0.7940666079521179,5,30,False,0.006803485564887524,506.52002519122243,392.12930916284677,82.4357678804372,17.78847432100156,65.13481439498719,-96.29192013921917,nan,nan,4,0.0,0.0,0.0,1.0,0.0,0.0,1.5,0.0,2.5,1.5,0.0,0.0,535.5,-96.29192013921917
143,292864,-0.004876377487865587,21.41939468383789,3.567365288734436,0.005926624500578836,0.07570440513857951,0.2841441889603933,0.21447929739952087,4.296360492706299,0.7830403645833334,0.000284185344,0.0094728448,-0.228846937417984,0.7956634759902954,5,30,False,0.010616675019264221,506.8791844043987,394.9281859308976,83.03669311743579,17.906297694004024,65.13481439498719,-99.09500247835095,nan,nan,5,0.0,0.0,0.0,1.0,0.0,0.0,1.2,0.0,2.2,1.8,0.0,0.0,451.0,-99.09500247835095
144,294912,-0.0031006844947114587,25.56819248199463,3.5702325185139974,0.0038002332838545975,0.03800684756909808,0.32090184688568113,0.15896199643611908,5.029147624969482,0.7293294270833334,0.00028407475199999997,0.0094691584,-0.22911202907562256,0.7954336404800415,5,30,False,0.006329075898975134,507.33109734713884,397.64792206295533,83.62550477443438,18.013901287005865,65.13481439498719,-95.0229542042016,nan,nan,3,0.0,0.0,0.0,0.6666666666666666,0.3333333333333333,0.0,0.3333333333333333,0.3333333333333333,1.6666666666666667,2.3333333333333335,0.0,0.3333333333333333,518.3333333333334,-95.0229542042016
145,296960,-0.0018660113603497545,16.04659471511841,3.5722792228062947,0.003305304641555797,0.032826876485099396,0.3002156759301821,0.2992909550666809,3.5281500816345215,0.7897135416666666,0.00028396415999999995,0.009465472,-0.22653353214263916,0.7974690198898315,5,30,False,0.008309039287269115,507.89374523954393,400.11687717490713,84.24759780635941,18.116989216010552,65.13481439498719,-97.17808643672579,nan,nan,5,0.0,0.2,0.0,1.0,0.0,0.0,1.4,0.0,2.6,1.6,0.0,0.0,495.6,-97.17808643672579
146,299008,-0.005651502641073117,54.6982967376709,3.57931485970815,0.00579441926078925,0.07183883006994923,0.33121273865302403,-2.1019070148468018,7.372554779052734,0.7107747395833334,0.000283853568,0.0094617856,-0.22526320815086365,0.7984694838523865,5,30,False,0.011064533144235611,508.48664744313504,402.67581231094664,84.8006138685887,18.234042747004423,65.13481439498719,-98.40078002935115,nan,nan,4,0.0,0.0,0.0,1.0,0.0,0.0,1.0,0.0,2.0,1.5,0.5,0.0,381.5,-98.40078002935115
147,301056,-0.004342214044299908,16.61996431350708,3.582159916559855,0.006293022470768339,0.07998139979317784,0.3458119809627533,0.550970733165741,3.6512439250946045,0.73486328125,0.00028374297599999997,0.0094580992,-0.22477313876152039,0.7988528609275818,5,30,False,0.013911613263189793,509.11085210697433,405.21294165198924,85.34310271171853,18.33566200399946,65.13481439498719,-87.5733943605433,nan,nan,60,0.0,0.0,0.0,0.6666666666666666,0.3333333333333333,0.016666666666666666,1.2666666666666666,0.03333333333333333,2.75,1.7,nan,0.03333333333333333,428.73333333333335,nan
148,303104,-0.0023728643311187623,22.88960189819336,3.5834456284840903,0.003803007207668853,0.04018011757483085,0.3157754212617874,0.013631006702780724,4.848415851593018,0.7438151041666666,0.00028363238399999995,0.0094544128,-0.22427979111671448,0.7992483973503113,5,30,False,0.00812011118978262,479.4003658851898,408.1040736629948,85.93482364158262,18.45042833700427,102.30479869198462,-100.74204392006504,nan,nan,1,0.0,0.0,0.0,1.0,0.0,0.0,1.0,0.0,3.0,2.0,0.0,0.0,419.0,-100.74204392006504
149,305152,-0.002737177116796374,29.820483207702637,3.5864285469055175,0.0032333503535735314,0.03041174172734221,0.3019858961304029,0.5794448852539062,4.660611629486084,0.7117513020833334,0.000283521792,0.0094507264,-0.22232651710510254,0.800858736038208,5,30,False,0.006301525514572859,480.1284840267316,410.6813233909197,86.43024512467673,18.561801257004845,102.30479869198462,-83.06132915264459,nan,nan,8,0.0,0.0,0.125,0.5,0.375,0.0,0.625,0.5,1.75,1.75,0.125,0.375,518.875,-83.06132915264459
150,307200,-0.0035873621857414645,17.935832500457764,3.5924081087112425,0.0034735596391374914,0.032937609551784895,0.28673690209786096,-0.31786811351776123,4.410951137542725,0.7648111979166666,0.0002834112,0.00944704,-0.22069096565246582,0.8021641969680786,5,30,False,0.006454269401729107,480.8447500343372,413.16677839799377,87.02828318653337,18.668258236997644,102.30479869198462,-100.86036975501338,nan,nan,1,0.0,0.0,0.0,1.0,0.0,0.0,1.0,0.0,1.0,2.0,0.0,0.0,451.0,-100.86036975501338
151,309248,-0.002589729527729408,21.856570434570312,3.598116485277812,0.0030551136606854824,0.027228853129781783,0.2932519311706225,0.6568959951400757,3.726297378540039,0.7205403645833334,0.00028330060799999996,0.009443353600000001,-0.21813353896141052,0.8041767477989197,5,30,False,0.005926809273660183,481.46677978440636,415.73200965792057,87.64260704551998,18.78356020299543,102.30479869198462,-86.75012524023155,nan,nan,7,0.0,0.14285714285714285,0.0,0.8571428571428571,0.14285714285714285,0.0,1.4285714285714286,0.2857142857142857,2.2857142857142856,1.2857142857142858,0.0,0.14285714285714285,502.0,-86.75012524023155
152,311296,-0.003239379836789643,23.074934577941896,3.6046321551005045,0.003500201294840257,0.0337361194503804,0.28679429093996683,-0.037402618676424026,4.529567718505859,0.92578125,0.000283190016,0.0094396672,-0.21668004989624023,0.8053497672080994,5,30,False,0.006165796425193548,481.8627031641997,418.62798891092825,88.22544785964419,18.899736619991018,102.30479869198462,-111.5934502199525,nan,nan,1,0.0,0.0,0.0,1.0,0.0,0.0,0.0,0.0,3.0,3.0,0.0,0.0,399.0,-111.5934502199525
153,313344,-0.0036283751487038293,28.083473014831544,3.608687686920166,0.0035158090732697084,0.0368013878314135,0.3054513121644656,0.31323036551475525,5.223418235778809,0.7272135416666666,0.000283079424,0.0094359808,-0.21528515219688416,0.8065155744552612,5,30,False,0.005928155034780502,482.5245446357569,421.1528949588683,88.8084486345324,19.015786584001034,102.30479869198462,-84.59399783530883,nan,nan,6,0.0,0.0,0.0,0.5,0.5,0.0,0.16666666666666666,0.6666666666666666,1.6666666666666667,2.1666666666666665,0.0,0.5,569.6666666666666,-84.59399783530883
154,315392,-0.003823530802037567,20.456158256530763,3.6130299170811973,0.005233435111731221,0.06361704978238171,0.27178405672311784,0.4758610725402832,4.1599321365356445,0.92578125,0.00028296883199999996,0.0094322944,-0.21364375948905945,0.8078409433364868,5,30,False,0.01191922277212143,483.3400011842627,423.4922883627587,89.38243394443998,19.122110645999783,102.30479869198462,-74.38632216791545,nan,nan,3,0.0,0.0,0.0,0.3333333333333333,0.6666666666666666,0.0,0.0,1.0,2.0,2.0,0.0,0.6666666666666666,538.6666666666666,-74.38632216791545
155,317440,-0.006466171975868444,23.55752029418945,3.6167709589004517,0.00727609682357119,0.09021825285550827,0.2766990358630816,0.3101826608181,4.530394077301025,0.8015950520833334,0.00028285824,0.009428608,-0.21326589584350586,0.8081647753715515,5,30,False,0.012992078438401222,484.2032590856187,425.77537310791377,89.93784209244768,19.231198523993953,102.30479869198462,-70.87121730740068,nan,nan,4,0.0,0.0,0.25,0.5,0.25,0.0,0.25,1.0,1.25,1.75,0.0,0.25,495.0,-70.87121730740068
156,319488,-0.003629369232415532,10.230455684661866,3.6160053888956707,0.003812184140833711,0.03627149092499167,0.23055540571610134,0.3044292628765106,2.6021575927734375,0.88232421875,0.000282747648,0.0094249216,-0.2136257290840149,0.8078610897064209,5,30,False,0.0077496059238910675,484.6844185306816,428.56086126403534,90.49232488125563,19.337297542995657,102.30479869198462,-78.76442132906188,nan,nan,4,0.0,0.0,0.0,0.75,0.25,0.0,0.75,0.75,1.25,1.5,0.0,0.25,482.5,-78.76442132906188
157,321536,-0.00607865530376633,31.550536727905275,3.617920231819153,0.006550057219333386,0.08533746854712566,0.321868031223615,-0.2909962236881256,5.5040740966796875,0.8699544270833334,0.00028263705599999996,0.009421235200000001,-0.21153149008750916,0.8095501661300659,5,30,False,0.015282044187188148,485.2216322450657,431.25865335806157,91.05109204928158,19.44874007400358,102.30479869198462,-88.2860806513554,nan,nan,2,0.0,0.0,0.0,0.5,0.5,0.0,0.0,0.5,2.5,2.0,0.5,0.5,476.5,-88.2860806513554
158,323584,-0.0048552711377851665,19.4987434387207,3.6246962388356527,0.004923717862477487,0.062046047983070216,0.2812451144059499,0.23121720552444458,3.791944980621338,0.8238932291666666,0.000282526464,0.0094175488,-0.21023212373256683,0.8106147646903992,5,30,False,0.009123747237026691,485.7822194286382,433.9605696391518,91.57028905424522,19.554261264012894,102.30479869198462,-66.05961758297083,nan,nan,6,0.0,0.0,0.3333333333333333,0.16666666666666666,0.5,0.0,0.3333333333333333,1.0,0.8333333333333334,1.6666666666666667,0.0,0.5,546.8333333333334,-66.05961758297083
159,325632,-0.004349073519309362,34.344892501831055,3.6324573278427126,0.0062834819394925875,0.08158959860447794,0.3644270246227582,-0.9135570526123047,5.794022560119629,0.6961263020833334,0.000282415872,0.0094138624,-0.2052326649427414,0.8147073984146118,5,30,False,0.012257237918674946,486.4088921158756,436.5361782461987,92.12181546029751,19.661904908003635,102.30479869198462,-77.92312052738335,nan,nan,3,0.0,0.0,0.3333333333333333,0.3333333333333333,0.3333333333333333,0.0,0.3333333333333333,0.6666666666666666,1.6666666666666667,2.0,0.0,0.3333333333333333,479.3333333333333,-77.92312052738335
160,327680,-0.0031421387432298315,30.36718463897705,3.6455976247787474,0.003250134941767713,0.03174906263593584,0.3050786604483922,0.10177404433488846,4.99020528793335,0.7981770833333334,0.00028230527999999997,0.009410176,-0.2027100771665573,0.8167545795440674,5,30,False,0.00549665279686451,487.04087258680505,439.09800475201337,92.66380400520575,19.76987528000609,102.30479869198462,-77.09907205684397,nan,nan,5,0.0,0.0,0.0,0.4,0.6,0.2,0.6,0.6,2.2,1.8,0.0,0.6,547.8,-77.09907205684397
161,329728,-0.004239333917697271,22.63650131225586,3.648006463050842,0.003882745587146517,0.04113438255153597,0.30814431856075924,-0.7151414155960083,4.864596366882324,0.77783203125,0.000282194688,0.0094064896,-0.20328819751739502,0.8162672519683838,5,30,False,0.008398721925914288,487.68414091501984,441.5785571060842,93.2473189822631,19.892026726010954,102.30479869198462,-81.23961523706748,nan,nan,3,0.0,0.0,0.3333333333333333,0.3333333333333333,0.3333333333333333,0.0,0.0,0.6666666666666666,1.6666666666666667,2.3333333333333335,0.0,0.3333333333333333,525.0,-81.23961523706748
162,331776,-0.002738631035511692,15.700786781311034,3.6498266140619915,0.003580171971781343,0.03743408419347058,0.26257240772247314,-0.32257765531539917,3.4522619247436523,0.7762044270833334,0.000282084096,0.0094028032,-0.20090918242931366,0.8181840181350708,5,30,False,0.0065253423526883125,488.192877477948,444.271577056119,93.8123911372968,19.999189678012044,102.30479869198462,-74.95765954225863,nan,nan,4,0.0,0.0,0.25,0.5,0.25,0.0,0.5,0.75,1.0,1.5,0.25,0.25,480.25,-74.95765954225863
163,333824,-0.0034334853407926857,30.83674488067627,3.656707501411438,0.004039649909683755,0.03838994347800811,0.32007308353980385,-0.7214288711547852,5.572661399841309,0.7224934895833334,0.00028197350399999997,0.0093991168,-0.19915327429771423,0.8196107745170593,5,30,False,0.008572329767048359,488.77581935498984,446.88483446605096,94.3453179342905,20.111262245016405,102.30479869198462,-89.59089089525041,nan,nan,5,0.0,0.0,0.2,0.6,0.2,0.0,0.4,0.4,2.2,2.2,0.0,0.2,456.4,-89.59089089525041
164,335872,-0.0030904912389814855,26.503449630737304,3.6626343886057535,0.0038938570075206366,0.043669250995541614,0.2912739257017771,-0.5421849489212036,4.629596710205078,0.7996419270833334,0.00028186291199999995,0.0093954304,-0.1969398856163025,0.8214640617370605,5,30,False,0.006719880737364292,489.1987106202151,449.6877035439975,94.89995740725135,20.219797521014698,102.30479869198462,-93.84307268136536,nan,nan,4,0.0,0.0,0.0,0.75,0.25,0.0,0.75,0.25,2.25,2.0,0.0,0.25,518.5,-93.84307268136536
165,337920,-0.005724821833427996,21.610717010498046,3.671183768908183,0.005117486240278222,0.06352820072788745,0.33145560771226884,0.12964430451393127,4.483750343322754,0.76611328125,0.00028175232,0.009391744,-0.19294142723083496,0.824781060218811,5,30,False,0.009190259501338005,489.9005514850545,452.1335953608941,95.42565477619064,20.325054547021864,102.30479869198462,-94.7086908083279,nan,nan,4,0.0,0.0,0.25,0.75,0.0,0.0,0.25,0.25,2.0,2.25,0.25,0.0,448.75,-94.7086908083279
166,339968,-0.0036455142428167163,32.970170211791995,3.682509509722392,0.00433896714868797,0.05234300810843706,0.30748421053091685,-1.3431087732315063,5.508149147033691,0.7390950520833334,0.000281641728,0.0093880576,-0.19025997817516327,0.8269917964935303,5,30,False,0.006988121662288904,490.6184932659222,454.55520729577984,95.93889886824763,20.430209674028447,102.30479869198462,-84.95929517786416,nan,nan,5,0.0,0.0,0.0,0.6,0.4,0.0,0.4,0.6,1.4,2.0,0.0,0.4,523.6,-84.95929517786416
167,342016,-0.0035119582045202453,25.93662738800049,3.6899043242136638,0.0036689365084850408,0.04221847056178376,0.29364147235949833,0.46447908878326416,4.715212345123291,0.8444010416666666,0.00028153113599999996,0.0093843712,-0.18723037838935852,0.8295153975486755,5,30,False,0.006658867001533508,490.95284764593333,457.42799610488873,96.53541826429137,20.536036037025042,102.30479869198462,-94.25538094036044,nan,nan,3,0.0,0.0,0.0,0.6666666666666666,0.3333333333333333,0.0,0.3333333333333333,0.3333333333333333,2.3333333333333335,2.3333333333333335,0.0,0.3333333333333333,526.0,-94.25538094036044
168,344064,-0.004833878035424277,40.35521545410156,3.700298961003621,0.005235138503132033,0.06626760787330568,0.32958915531635286,-1.5871646404266357,6.137600898742676,0.7041015625,0.000281420544,0.0093806848,-0.18372765183448792,0.8324154615402222,5,30,False,0.008049487136304379,491.4904305342531,459.98733533071936,97.1384842691914,20.649155163016985,102.30479869198462,-99.19333800890918,nan,nan,5,0.0,0.0,0.0,0.8,0.2,0.0,0.4,0.2,2.6,2.4,0.0,0.2,464.8,-99.19333800890918
169,346112,-0.003651397308567539,25.613246726989747,3.708761692047119,0.0056733612713051555,0.06769703649915755,0.3468086043993632,-0.363387793302536,5.2243218421936035,0.6573893229166666,0.000281309952,0.0093769984,-0.1821231096982956,0.8337678909301758,5,30,False,0.010357780382037163,492.1515707262293,462.511158566791,97.61181818517798,20.75629537201894,102.30479869198462,-93.44341296610764,nan,nan,4,0.0,0.0,0.0,0.75,0.25,0.0,0.75,0.25,2.5,2.0,0.0,0.25,473.5,-93.44341296610764
170,348160,-0.005397931960275552,18.787608909606934,3.7133533398310345,0.00626024791045749,0.08123956713049361,0.316211062669754,-0.098697230219841,4.09397029876709,0.7613932291666666,0.00028119935999999996,0.009373312,-0.18015025556087494,0.8354076743125916,5,30,False,0.01064673624932766,492.56034904716864,465.3053190767823,98.15953453922702,20.862368813017383,102.30479869198462,-100.76652549273058,nan,nan,4,0.0,0.0,0.0,1.0,0.0,0.0,1.0,0.0,2.25,2.0,0.0,0.0,454.0,-100.76652549273058
171,350208,-0.004532465719482085,24.973645782470705,3.717951027552287,0.004061643577409144,0.044276643482347326,0.3565673073132833,-0.8490524291992188,5.360879421234131,0.6227213541666666,0.000281088768,0.0093696256,-0.1792752742767334,0.8361127376556396,5,30,False,0.007191085256636143,493.0605995222682,467.9772506458248,98.69485810921469,20.970604885020293,102.30479869198462,-92.93866198431787,nan,nan,5,0.0,0.0,0.0,0.8,0.2,0.0,1.0,0.2,2.4,1.8,0.0,0.2,499.4,-92.93866198431787
172,352256,-0.0027638200743240306,13.564387226104737,3.7206477721532187,0.003473672526157395,0.03439751526651283,0.2985380172729492,0.3716425597667694,3.5099127292633057,0.7872721354166666,0.000280978176,0.0093659392,-0.17796394228935242,0.8372586965560913,5,30,False,0.006018116604536772,493.5607198535572,470.64670169571764,99.22890586630092,21.083887809014414,102.30479869198462,-84.38142992684031,nan,nan,3,0.0,0.0,0.0,0.3333333333333333,0.6666666666666666,0.0,0.0,0.6666666666666666,2.0,2.3333333333333335,0.0,0.6666666666666666,589.0,-84.38142992684031
173,354304,-0.005922343752657374,38.7777603149414,3.726522175470988,0.004666853621313785,0.05252611684457709,0.2877036273479462,-1.6352378129959106,6.081145763397217,0.7657877604166666,0.00028086758399999996,0.0093622528,-0.175400972366333,0.839408278465271,5,30,False,0.007813177071511745,494.0087584738575,473.3859384397365,99.76427018347022,21.188873995022732,102.30479869198462,-89.46264131599303,nan,nan,6,0.0,0.0,0.0,0.6666666666666666,0.3333333333333333,0.0,0.3333333333333333,0.5,2.0,2.1666666666666665,0.0,0.3333333333333333,461.6666666666667,-89.46264131599303
174,356352,-0.003963191124897163,24.953068351745607,3.732806737606342,0.006011664978709282,0.07621051788401718,0.3191403356882242,-0.06488288938999176,4.391395092010498,0.7698567708333334,0.000280756992,0.0093585664,-0.1737692654132843,0.8407777547836304,3,13,True,0.015087089501321316,494.5248619624331,476.0748752137297,100.29832493455615,21.244463195020217,102.30479869198462,-104.10739597278491,nan,nan,3,0.0,0.0,0.0,1.0,0.0,0.0,0.6666666666666666,0.0,3.0,2.3333333333333335,0.0,0.0,493.6666666666667,-104.10739597278491
175,358400,-0.0048251811764203015,19.37559642791748,3.7408240954081218,0.005917844418369547,0.07249829485081136,0.31426961968342465,-0.22816002368927002,4.616963863372803,0.6629231770833334,0.0002806464,0.00935488,-0.1703331470489502,0.843608558177948,5,30,False,0.00828313734382391,495.1563846504982,478.5895390927035,100.78885046455252,21.34629301301902,102.30479869198462,-90.71607118765981,nan,nan,3,0.0,0.0,0.0,0.6666666666666666,0.3333333333333333,0.0,0.6666666666666666,0.3333333333333333,2.3333333333333335,2.0,0.0,0.3333333333333333,543.3333333333334,-90.71607118765981
176,360448,-0.0026161539358630155,16.34290819168091,3.749447305997213,0.0041285833997421655,0.04450452177164455,0.31511210203170775,0.03591153770685196,3.872809886932373,0.63818359375,0.00028053580799999997,0.0093511936,-0.16818270087242126,0.8454326391220093,5,30,False,0.006906338967382908,495.69414591238933,481.1482407337462,101.35166934458539,21.45253413201135,102.30479869198462,-87.12124951323312,nan,nan,5,0.0,0.0,0.0,0.6,0.4,0.0,0.8,0.4,1.6,1.8,0.0,0.4,546.8,-87.12124951323312
177,362496,-0.0032275374018354342,17.604370307922363,3.7545446157455444,0.003978041775298814,0.04234711117266367,0.3018147056301435,0.5101985335350037,3.879059314727783,0.7763671875,0.00028042521599999995,0.0093475072,-0.1666196882724762,0.8467950820922852,5,30,False,0.008223982527852058,496.0584533064988,484.04625641563325,101.8240580225829,21.562454047016217,102.30479869198462,-100.76695139570317,nan,nan,3,0.0,0.0,0.0,1.0,0.0,0.0,1.0,0.0,2.3333333333333335,2.0,0.0,0.0,463.0,-100.76695139570317
178,364544,-0.0045770668725405505,23.862657928466795,3.7617512146631875,0.005937335884721007,0.07795241897304853,0.3293428430954615,-0.6757252216339111,4.97766637802124,0.75146484375,0.000280314624,0.0093438208,-0.16290825605392456,0.8499904870986938,5,30,False,0.00894048810005188,496.47788318786013,486.80978578365466,102.34551382951031,21.668955957022263,102.30479869198462,-93.33942203806365,nan,nan,5,0.0,0.0,0.0,0.6,0.4,0.0,0.2,0.4,2.4,2.4,0.0,0.4,533.6,-93.33942203806365
179,366592,-0.0025666259782155974,19.843571662902832,3.7722315549850465,0.0038743412134542824,0.03575337867562969,0.2721414188543955,-0.21809044480323792,3.9876317977905273,0.8426106770833334,0.00028020403199999997,0.0093401344,-0.16064342856407166,0.8519493937492371,5,30,False,0.005524381995201111,496.78354209321475,489.6956892375747,102.9084670227312,21.771593637022306,102.30479869198462,-85.16465634755816,nan,nan,3,0.0,0.0,0.0,0.6666666666666666,0.3333333333333333,0.0,0.3333333333333333,0.6666666666666666,2.0,2.0,0.0,0.3333333333333333,548.3333333333334,-85.16465634755816
180,368640,-0.003134017022481809,26.385704231262206,3.7733771721522014,0.00359453373288146,0.038622147438582034,0.3111602271596591,-0.22111468017101288,4.8161773681640625,0.7451171875,0.00028009343999999995,0.009336448,-0.16182583570480347,0.8509642481803894,5,30,False,0.007614865433424711,497.1654890676461,492.4927379284636,103.45104698566138,21.868028795011924,102.30479869198462,-110.9499219631889,nan,nan,3,0.0,0.0,0.0,1.0,0.0,0.0,0.0,0.0,2.3333333333333335,3.0,0.0,0.0,510.3333333333333,-110.9499219631889
181,370688,-0.0037682548708592853,24.56238784790039,3.77330854733785,0.004401586215501752,0.0471662776855131,0.32283255606889727,-0.4797734320163727,5.03950309753418,0.7057291666666666,0.000279982848,0.0093327616,-0.16002292931079865,0.8524981737136841,5,30,False,0.007401118054986,497.82710830043374,494.8687753023114,103.98287615265872,21.97614314200473,102.30479869198462,-85.31104750320829,nan,nan,5,0.0,0.0,0.0,0.4,0.6,0.0,0.2,0.6,2.6,2.2,0.0,0.6,577.2,-85.31104750320829
182,372736,-0.0022881246977097666,29.870126914978027,3.7788166920344035,0.003322686443287437,0.03177045625634491,0.3411942198872566,-0.8522603511810303,5.777141094207764,0.7091471354166666,0.000279872256,0.0093290752,-0.1586291790008545,0.8536977171897888,5,30,False,0.006029747426509857,498.6343024704871,497.0944046122022,104.45387514264439,22.07647541600454,102.30479869198462,-108.46721093453334,nan,nan,4,0.0,0.0,0.0,1.0,0.0,0.0,0.25,0.0,2.5,2.75,0.0,0.0,487.25,-108.46721093453334
183,374784,-0.0013317140323730807,24.907195472717284,3.78200945854187,0.00259289728619367,0.020096849459999552,0.32304397920767464,-0.8995519876480103,4.733029365539551,0.7428385416666666,0.00027976166399999996,0.0093253888,-0.15796762704849243,0.8542237281799316,5,30,False,0.005433277226984501,499.30954661777116,499.4436891730875,104.97642893168086,22.183320142998127,102.30479869198462,-101.67665628298418,nan,nan,5,0.0,0.0,0.0,1.0,0.0,0.0,0.8,0.0,2.8,2.0,0.2,0.0,435.2,-101.67665628298418
184,376832,-0.004039946549649661,19.553026962280274,3.786718567212423,0.00549444479983519,0.06986906689514095,0.35752248714367546,0.1853630095720291,4.383542537689209,0.6624348958333334,0.000279651072,0.0093217024,-0.15498092770576477,0.8567485213279724,5,30,False,0.010502946563065052,500.0554405126029,501.7212547230156,105.45879530459933,22.286058736994164,102.30479869198462,-88.7928280627355,nan,nan,5,0.0,0.0,0.0,0.6,0.4,0.0,0.6,0.4,2.6,2.0,0.0,0.4,515.6,-88.7928280627355
185,378880,-0.0027128734548265737,15.544882202148438,3.7930806159973143,0.0037313719956728166,0.04052799921482801,0.27315817922353747,0.14380797743797302,3.786029577255249,0.8292643229166666,0.00027954048,0.009318016,-0.1545311063528061,0.8571503162384033,5,30,False,0.007408957462757826,500.52746477282255,504.3396689360379,106.00476812967099,22.389107145994785,102.30479869198462,-103.17224735167656,nan,nan,2,0.0,0.0,0.0,1.0,0.0,0.0,0.5,0.0,2.5,2.0,0.5,0.0,444.0,-103.17224735167656
186,380928,-0.004281072193407454,34.82664527893066,3.796026587486267,0.0048373760166382585,0.056861107160026826,0.307874155541261,-1.007409930229187,5.383218288421631,0.7392578125,0.00027942988799999996,0.0093143296,-0.15230098366737366,0.859085738658905,5,30,False,0.008454338647425175,501.0092993655693,506.94877368300513,106.51364794973051,22.506016854007612,102.30479869198462,-96.65765196979503,nan,nan,7,0.0,0.0,0.0,0.7142857142857143,0.2857142857142857,0.0,0.2857142857142857,0.2857142857142857,2.142857142857143,2.4285714285714284,0.0,0.2857142857142857,494.2857142857143,-96.65765196979503
187,382976,-0.002516159927472472,16.121258449554443,3.800362205505371,0.003664405317905957,0.03901294924629231,0.31623597741127013,0.3768458068370819,4.14132022857666,0.8953450520833334,0.000279319296,0.0093106432,-0.15260785818099976,0.8588719367980957,5,30,False,0.007640132214874029,501.28103061226756,509.82696376707463,107.08276449657569,22.617090658997768,102.30479869198462,-71.735348358372,nan,nan,1,0.0,0.0,0.0,0.0,1.0,0.0,0.0,1.0,3.0,2.0,0.0,1.0,600.0,-71.735348358372
188,385024,-0.0037697913280377786,31.894052696228027,3.7998356501261394,0.004169337560031892,0.047535282000899313,0.3324800059199333,-0.6365733742713928,5.801831245422363,0.6163736979166666,0.000279208704,0.0093069568,-0.15166091918945312,0.8597330451011658,5,30,False,0.00853071641176939,502.00890930841507,512.1046719789592,107.55713155867124,22.7233819069952,102.30479869198462,-97.56037990137945,nan,nan,6,0.0,0.0,0.0,0.6666666666666666,0.3333333333333333,0.0,0.0,0.3333333333333333,2.5,2.5,0.16666666666666666,0.3333333333333333,535.6666666666666,-97.56037990137945
189,387072,-0.0023203489137813447,12.439938068389893,3.8073451201121014,0.00317549575807935,0.03231697919157644,0.27207805464665097,0.18724419176578522,3.4890220165252686,0.8863932291666666,0.00027909811199999996,0.0093032704,-0.147447407245636,0.8633651733398438,5,30,False,0.007921538315713406,502.1848182054938,515.0469610439613,108.17429285679827,22.852003317006165,102.30479869198462,-85.78161214131433,nan,nan,2,0.0,0.0,0.0,0.5,0.5,0.0,0.5,0.5,3.0,2.0,0.0,0.5,554.5,-85.78161214131433
190,389120,-0.0059788450928560145,22.569621658325197,3.8212059577306112,0.005850388600086173,0.07154325331794098,0.30699968586365384,-1.154571294784546,4.843164920806885,0.7683919270833334,0.00027898752,0.009299584,-0.14297106862068176,0.8671638369560242,5,30,False,0.008921857923269272,502.51725623517416,517.6973391519423,108.82103466274566,23.004051777999848,102.30479869198462,-111.27929637171701,nan,nan,4,0.0,0.0,0.0,1.0,0.0,0.0,0.0,0.0,2.75,3.0,0.0,0.0,494.0,-111.27929637171701
191,391168,-0.0036536426394983817,15.720663833618165,3.8307629426320395,0.004127937852897348,0.04385625741366918,0.3022143314282099,0.10436674952507019,3.8462979793548584,0.8406575520833334,0.000278876928,0.0092958976,-0.14124195277690887,0.868647038936615,5,30,False,0.007203124463558197,502.74140218135113,520.6148823789263,109.3999554708862,23.109020572999725,102.30479869198462,-98.99796043492643,nan,nan,4,0.0,0.0,0.0,0.75,0.25,0.0,0.25,0.25,2.5,2.5,0.0,0.25,548.0,-98.99796043492643
192,393216,-0.004393868866221358,29.050054931640624,3.8343008518218995,0.004112434210576336,0.0424276193138212,0.3064934174219767,-0.8238903880119324,5.706357002258301,0.78125,0.00027876633599999997,0.0092922112,-0.14056403934955597,0.869192361831665,5,30,False,0.005914098583161831,503.0043071614897,523.4752493129927,109.96912880288437,23.230603441013955,102.30479869198462,-111.19487032849186,nan,nan,3,0.0,0.0,0.0,1.0,0.0,0.0,0.0,0.0,2.3333333333333335,3.0,0.0,0.0,531.3333333333334,-111.19487032849186
193,395264,-0.0016729441471397878,13.838887405395507,3.836494509379069,0.003064507301438657,0.02618091544136405,0.2796738987167676,0.34080788493156433,3.696434497833252,0.81201171875,0.000278655744,0.0092885248,-0.1396247148513794,0.8699787855148315,5,30,False,0.006506406702101231,503.5463442910831,525.981638501893,110.46150634268997,23.356801730013103,102.30479869198462,-74.0123222975717,nan,nan,4,0.0,0.0,0.0,0.5,0.5,0.0,0.25,1.0,3.0,1.75,0.0,0.5,573.0,-74.0123222975717
194,397312,-0.002856298875243131,90.34964981079102,3.8406711657842,0.0034607511312374586,0.03797351244526605,0.311425111691157,-2.0271966457366943,8.85886001586914,0.8035481770833334,0.000278545152,0.0092848384,-0.13741356134414673,0.8718940615653992,5,30,False,0.006070604082196951,503.9203420497794,528.598991935025,111.06314833878423,23.504063090018462,102.30479869198462,-77.3197517134191,nan,nan,5,0.0,0.0,0.0,0.4,0.6,0.0,0.4,0.8,2.6,1.8,0.0,0.6,497.8,-77.3197517134191
195,399360,-0.0035938015362868706,25.599933242797853,3.8483383973439533,0.003725660660198827,0.03840297469869256,0.3080222288767497,-1.0702967643737793,5.490673542022705,0.7652994791666666,0.00027843455999999997,0.009281152,-0.1348491609096527,0.8741096258163452,5,30,False,0.007403844501823187,504.30116016098714,531.3831656388793,111.52608532385784,23.631697189019178,102.30479869198462,-86.06026189183103,nan,nan,2,0.0,0.0,0.0,0.5,0.5,0.0,0.5,0.5,2.0,2.0,0.0,0.5,571.5,-86.06026189183103
196,401408,-0.00405581258625413,19.860380172729492,3.8563811143239337,0.004795234370013975,0.05581465701494987,0.35971123625834783,0.02824224904179573,4.601295471191406,0.5525716145833334,0.00027832396799999995,0.0092774656,-0.13206523656845093,0.876537024974823,5,30,False,0.010092141106724739,504.9378720196051,533.6498967169173,112.07395155385893,23.76304056601657,102.30479869198462,-83.00295295786903,nan,nan,60,0.0,0.0,0.0,0.5,0.5,0.0,1.3,0.25,2.9,1.45,nan,0.25,445.6,nan
197,403456,-0.0059694620256777855,30.553783226013184,3.8681709369023642,0.005045210217336957,0.05891113948309794,0.26868125547965366,-0.4074177145957947,5.5006303787231445,0.6951497395833334,0.000278213376,0.0092737792,-0.12649627029895782,0.881422221660614,5,30,False,0.008188017643988132,483.4144471472699,536.4478773587907,112.58145422075177,23.87117541601765,138.3998512589751,-81.76967737725256,nan,nan,3,0.0,0.0,0.0,0.3333333333333333,0.6666666666666666,0.0,0.3333333333333333,0.6666666666666666,3.0,2.0,0.0,0.6666666666666666,523.0,-81.76967737725256
198,405504,-0.002933118170282493,30.43648319244385,3.8820461511611937,0.005251747906993568,0.06837350205751136,0.3398053750395775,-0.25595489144325256,5.362247467041016,0.6813151041666666,0.00027810278399999997,0.009270092800000001,-0.12394919991493225,0.8836724162101746,5,30,False,0.011179933324456215,483.90362335066203,539.105990991724,113.07363033863658,23.99819566901715,138.3998512589751,-81.21945604875843,nan,nan,3,0.0,0.0,0.0,0.6666666666666666,0.3333333333333333,0.0,1.6666666666666667,0.3333333333333333,1.6666666666666667,1.0,0.0,0.3333333333333333,554.3333333333334,-81.21945604875843
199,407552,-0.0023779648006893696,37.15208549499512,3.8887911796569825,0.003324009822244989,0.03329507757443935,0.27582268168528873,-0.15551352500915527,5.8719563484191895,0.78271484375,0.00027799219199999996,0.0092664064,-0.12116807699203491,0.8861616849899292,5,30,False,0.006484694313257933,484.52560779906446,541.5444839417905,113.56474726452143,24.10772589201224,138.3998512589751,-87.62571545196147,nan,nan,5,0.0,0.0,0.0,0.6,0.4,0.0,0.8,0.4,2.6,1.8,0.0,0.4,520.4,-87.62571545196147
200,409600,-0.006283222930505872,137.01983184814452,3.8934362332026162,0.004898198425440565,0.058595408041340606,0.31861839940150577,-3.405686616897583,10.873506546020508,0.833984375,0.0002778816,0.00926272,-0.12177330255508423,0.885645866394043,5,30,False,0.008990854024887085,485.01788031081753,544.1489935577993,114.0786419424985,24.244435176005936,138.3998512589751,-108.4624178332537,nan,nan,7,0.0,0.0,0.0,1.0,0.0,0.0,0.2857142857142857,0.0,2.0,2.7142857142857144,0.0,0.0,390.0,-108.4624178332537
201,411648,-0.005998713063066438,51.810878372192384,3.8921706914901733,0.005736933522597456,0.06986975776186834,0.3742872580885887,-1.594770073890686,7.151041507720947,0.7666015625,0.000277771008,0.009259033600000001,-0.12085632979869843,0.8865078687667847,5,30,False,0.009414329193532467,485.4603613072109,546.839476783789,114.61406061062007,24.35510372000863,138.3998512589751,-96.07567182477578,nan,nan,4,0.0,0.5,0.0,1.0,0.0,0.0,1.5,0.0,2.5,1.5,0.0,0.0,340.5,-96.07567182477578
202,413696,-0.0041778023529332135,12.016323947906494,3.897158718109131,0.005356344673104561,0.0648637598923718,0.29667317171891533,1.5244792699813843,3.402463912963867,0.6712239583333334,0.00027766041599999996,0.0092553472,-0.11883159726858139,0.8882941007614136,5,30,False,0.01062120869755745,486.220093086288,549.0924251127581,115.03681610363128,24.46582795699942,138.3998512589751,-58.54298171427157,nan,nan,3,0.0,0.0,0.0,0.0,1.0,0.0,0.3333333333333333,1.3333333333333333,3.0,1.3333333333333333,0.0,1.0,600.0,-58.54298171427157
203,415744,-0.0031185080326395108,24.000031852722167,3.9019888083140057,0.003774559467438601,0.0411457484588027,0.3407340993483861,-0.012694085016846657,4.929159164428711,0.6920572916666666,0.000277549824,0.0092516608,-0.11778442561626434,0.8891909122467041,5,30,False,0.0070317829959094524,486.69088609634207,551.7179527236149,115.56681844347622,24.58645939300186,138.3998512589751,-85.14980485130218,nan,nan,3,0.0,0.0,0.0,0.6666666666666666,0.3333333333333333,0.0,1.3333333333333333,0.3333333333333333,2.3333333333333335,1.3333333333333333,0.0,0.3333333333333333,556.3333333333334,-85.14980485130218
204,417792,-0.004493712393256525,39.5484001159668,3.907565943400065,0.005686696735270017,0.07091313966472322,0.3276349623998006,-0.41231778264045715,6.423948287963867,0.7229817708333334,0.000277439232,0.009247974400000001,-0.1145775318145752,0.8920269012451172,5,30,False,0.010605777613818645,487.2123915788056,554.2520407405827,116.09528800942644,24.70149941301497,138.3998512589751,-78.64855276300295,nan,nan,4,0.0,0.0,0.0,0.5,0.5,0.0,0.5,0.75,3.0,1.75,0.0,0.5,528.0,-78.64855276300295
205,419840,-0.007153091781462232,27.902930450439452,3.9168518861134847,0.005447287273063228,0.06586072989739478,0.28892656217018764,0.2816375195980072,4.670668601989746,0.7815755208333334,0.00027732863999999996,0.009244288,-0.11181223392486572,0.8944571018218994,5,30,False,0.010035863146185875,487.53276965996514,557.1320257465268,116.63366246827354,24.805521391012007,138.3998512589751,-103.48387658666343,nan,nan,4,0.0,0.0,0.0,1.0,0.0,0.0,0.75,0.0,2.5,2.25,0.0,0.0,539.0,-103.48387658666343
206,421888,-0.004296161498253544,26.784194946289062,3.924643365542094,0.0042864108923347365,0.05215393671921144,0.3467302183310191,-0.3874054551124573,5.4443488121032715,0.6761067708333334,0.000277218048,0.0092406016,-0.10963523387908936,0.8963731527328491,5,30,False,0.007835740223526955,488.2379928709708,559.3806576855859,117.13720343416207,24.908493127019028,138.3998512589751,-75.31013104459755,nan,nan,3,0.0,0.0,0.0,0.3333333333333333,0.6666666666666666,0.0,1.0,0.6666666666666666,1.6666666666666667,1.3333333333333333,0.0,0.6666666666666666,592.6666666666666,-75.31013104459755
207,423936,-0.0024445882581251984,21.880774879455565,3.9297429084777833,0.0031180207375982373,0.03009421380702406,0.35786470274130505,-0.3830847442150116,4.373135089874268,0.66064453125,0.000277107456,0.009236915200000001,-0.10877960920333862,0.8971359729766846,5,30,False,0.004977297969162464,488.93795287216244,561.6305990365072,117.63493134820601,25.01050903002033,138.3998512589751,-78.19724991947199,nan,nan,6,0.0,0.3333333333333333,0.0,0.5,0.5,0.0,1.3333333333333333,0.5,2.3333333333333335,1.1666666666666667,0.0,0.5,532.1666666666666,-78.19724991947199
208,425984,-0.002805350341562492,13.733689308166504,3.9299286047617596,0.004795160089430472,0.05505439347665136,0.32043858071168263,1.3164489269256592,3.423736333847046,0.7613932291666666,0.00027699686399999997,0.0092332288,-0.10937409847974777,0.8966078162193298,5,30,False,0.00738812331110239,489.4467128712867,564.1777070066746,118.16972050935146,25.11612807001802,138.3998512589751,-101.38471252727322,nan,nan,1,0.0,0.0,0.0,1.0,0.0,0.0,1.0,0.0,2.0,2.0,0.0,0.0,510.0,-101.38471252727322
209,428032,-0.0031493758937964837,44.45615844726562,3.929321281115214,0.002691561427956283,0.024221332254819573,0.3187203109264374,-2.197798728942871,6.12937068939209,0.65771484375,0.000276886272,0.0092295424,-0.10865721106529236,0.8972861170768738,5,30,False,0.0060278684832155704,489.9717818349333,566.6377214555396,118.73544423932617,25.223271831011516,138.3998512589751,-77.30872690282402,nan,nan,7,0.0,0.14285714285714285,0.0,0.42857142857142855,0.5714285714285714,0.0,1.1428571428571428,0.5714285714285714,2.2857142857142856,1.2857142857142858,0.0,0.5714285714285714,519.1428571428571,-77.30872690282402
210,430080,-0.003610737478205313,10.069146728515625,3.933675193786621,0.0038404723345144202,0.040038550866302106,0.3045987024903297,0.7310433387756348,3.1829586029052734,0.7184244791666666,0.00027677568,0.009225856000000001,-0.10663850605487823,0.8991140723228455,5,30,False,0.007386844605207443,490.4450010843533,569.2154920056346,119.28252881133812,25.327727683019475,138.3998512589751,-76.49291997523687,nan,nan,2,0.0,0.5,0.0,0.5,0.5,0.0,1.5,0.5,2.0,1.0,0.0,0.5,460.0,-76.49291997523687
211,432128,-0.002140500509024908,32.08025207519531,3.9418702920277915,0.00262432921859474,0.023871516199627272,0.3098193481564522,-0.5481743812561035,5.541646957397461,0.7023111979166666,0.00027666508799999997,0.0092221696,-0.1030544564127922,0.902320146560669,5,30,False,0.006321249064058065,490.9019684374312,571.8618355355429,119.7828954753204,25.427044804018806,138.3998512589751,-83.67096104386583,nan,nan,5,0.0,0.2,0.0,0.6,0.4,0.0,1.2,0.4,2.8,1.4,0.0,0.4,537.4,-83.67096104386583
212,434176,-0.003717359201982617,22.7636137008667,3.9538618167241415,0.004868497110181003,0.05462089719561239,0.278279617925485,0.26124775409698486,5.017773151397705,0.8131510416666666,0.000276554496,0.0092184832,-0.09883227199316025,0.9061082601547241,5,30,False,0.007511925883591175,491.29414280080783,574.5558860945166,120.34295353729976,25.53642703901278,138.3998512589751,-88.29406342922812,nan,nan,2,0.0,0.0,0.0,0.5,0.5,0.0,0.5,0.5,3.0,2.0,0.0,0.5,573.0,-88.29406342922812
213,436224,-0.004558882584872966,37.451320266723634,3.96184720993042,0.0053580073962912755,0.06837455643884217,0.3229433223605156,-1.323928713798523,5.892696857452393,0.65625,0.000276443904,0.0092147968,-0.0984634980559349,0.9064502716064453,5,30,False,0.009632193483412266,491.8613688801754,576.9971142955619,120.83009067422245,25.63943225701223,138.3998512589751,-82.38656961830414,nan,nan,6,0.0,0.0,0.0,0.6666666666666666,0.3333333333333333,0.0,0.6666666666666666,0.6666666666666666,2.3333333333333335,1.6666666666666667,0.0,0.3333333333333333,510.5,-82.38656961830414
214,438272,-0.00209985023830086,47.23170013427735,3.9619573593139648,0.0035696804985240046,0.030372560288136206,0.2819847558935483,-0.41117745637893677,5.740142822265625,0.7721354166666666,0.00027633331199999997,0.0092111104,-0.09772153943777084,0.9071338176727295,5,30,False,0.005902293138206005,492.43848564166336,579.4397487613169,121.29483845233335,25.745960378000746,138.3998512589751,-99.06806922311489,nan,nan,5,0.0,0.2,0.0,1.0,0.0,0.0,1.2,0.0,2.0,1.8,0.0,0.0,413.8,-99.06806922311489
215,440320,-0.003370476762453715,51.43288307189941,3.965774917602539,0.002625199277551697,0.020982515625655652,0.299157736202081,-1.7756537199020386,7.483710765838623,0.6861979166666666,0.00027622271999999995,0.009207424,-0.09628315269947052,0.9084757566452026,5,30,False,0.004929175600409508,493.0250639454444,581.8449160230957,121.77563694243145,25.848817157995654,138.3998512589751,-97.2361593033198,nan,nan,5,0.0,0.2,0.0,1.0,0.0,0.0,1.4,0.0,2.6,1.6,0.0,0.0,418.2,-97.2361593033198
216,442368,-0.00533744013227988,14.22379379272461,3.9719070037206015,0.005674403770050655,0.07018963159838071,0.27286098897457123,0.4679638147354126,3.4845945835113525,0.7150065104166666,0.000276112128,0.0092037376,-0.0932493656873703,0.911228597164154,5,30,False,0.012659784406423569,493.5765018561811,584.2863712558901,122.2798455205193,25.954342680997797,138.3998512589751,-83.4155000383762,nan,nan,4,0.0,0.25,0.0,0.75,0.25,0.0,1.75,0.25,3.0,1.0,0.0,0.25,443.0,-83.4155000383762
217,444416,-0.003319364939428245,34.843530082702635,3.9782909711201984,0.0040141415188666395,0.043587157941268134,0.28046435366074246,0.01937847025692463,5.323814868927002,0.7384440104166666,0.000276001536,0.0092000512,-0.0926751047372818,0.9117577075958252,5,30,False,0.009074762463569641,494.1840565434413,586.6936814260116,122.69947078962286,26.06704764299502,138.3998512589751,-95.23907655296898,nan,nan,5,0.0,0.0,0.0,0.8,0.2,0.0,0.8,0.2,2.0,2.0,0.0,0.2,475.4,-95.23907655296898
218,446464,-0.004244650923646986,21.401190185546874,3.9813033898671466,0.004142947835831971,0.047402051541333395,0.29335692524909973,0.5831380486488342,4.550285816192627,0.7776692708333334,0.00027589094399999996,0.0091963648,-0.09063617885112762,0.913623571395874,5,30,False,0.00766284903511405,494.7166119469007,589.2472095047997,123.10693002551852,26.171992196992505,138.3998512589751,-58.27112553520419,nan,nan,3,0.0,0.3333333333333333,0.0,0.3333333333333333,0.6666666666666666,0.0,1.6666666666666667,1.0,3.0,0.3333333333333333,0.0,0.6666666666666666,527.6666666666666,-58.27112553520419
219,448512,-0.006095719838049263,46.077667999267575,3.988863945007324,0.005589204052618394,0.07065714594597618,0.2959366500377655,-0.6560620069503784,6.15844202041626,0.7976888020833334,0.000275780352,0.0091926784,-0.08781411498785019,0.9161896109580994,5,30,False,0.009469795972108841,495.1597735400977,591.9463796948548,123.5090590603213,26.292223179989378,138.3998512589751,-91.38774974796033,nan,nan,5,0.0,0.2,0.0,0.8,0.2,0.0,1.2,0.2,3.0,1.6,0.0,0.2,438.4,-91.38774974796033
220,450560,-0.003554952461733289,28.573621559143067,3.9978821754455565,0.003992508139771865,0.040689744210491575,0.28034315605958304,-0.7599174976348877,4.858454704284668,0.703125,0.00027566976,0.009188992,-0.08480633795261383,0.9189574718475342,5,30,False,0.007957873865962029,495.75506888913696,594.385871040955,123.89731738824048,26.403020601981552,138.3998512589751,-97.55610356826438,nan,nan,5,0.0,0.2,0.0,1.0,0.0,0.0,1.4,0.0,2.6,1.6,0.0,0.0,435.2,-97.55610356826438
221,452608,-0.0032824165963878235,17.58523416519165,4.003130483627319,0.004185725212538179,0.04324774618726224,0.2863672499855359,0.49092185497283936,4.167275905609131,0.759765625,0.00027555916799999996,0.0091853056,-0.0847507119178772,0.9190412759780884,5,30,False,0.006754238624125719,496.3947189142852,596.7459159829305,124.28465683902323,26.509566869979608,138.3998512589751,-88.39290035947488,nan,nan,3,0.0,0.0,0.0,0.6666666666666666,0.3333333333333333,0.0,1.0,0.3333333333333333,1.3333333333333333,1.6666666666666667,0.0,0.3333333333333333,546.6666666666666,-88.39290035947488
222,454656,-0.0039706739849255735,22.072318840026856,4.003418080012003,0.0047154654641417435,0.05611524076666683,0.2687916696071625,-0.02980591543018818,4.291746616363525,0.7314453125,0.000275448576,0.0091816192,-0.08368121832609177,0.9200003147125244,5,30,False,0.008777708746492863,496.9594025713899,599.2044328438787,124.69906191893097,26.619168518984225,138.3998512589751,-105.27240169311108,nan,nan,4,0.0,0.0,0.0,1.0,0.0,0.0,0.5,0.0,2.25,2.25,0.25,0.0,517.5,-105.27240169311108
223,456704,-0.005133773999599119,21.69240837097168,4.008501561482747,0.005368167018242439,0.06445952016705027,0.32090579022963844,-0.5626264810562134,4.767829418182373,0.6725260416666666,0.000275337984,0.0091779328,-0.08135002106428146,0.9221861362457275,5,30,False,0.011030904948711395,497.43982626188574,601.6152639870706,125.30024582090846,26.729472311984864,138.3998512589751,-83.96860930569528,nan,nan,5,0.0,0.0,0.0,0.6,0.4,0.0,1.2,0.4,3.0,1.4,0.0,0.4,527.8,-83.96860930569528
224,458752,-0.004075083113275468,20.125754356384277,4.0157163619995115,0.003920200311401831,0.043581491149961946,0.29705023815234505,-0.13538680970668793,4.1260247230529785,0.6466471354166666,0.00027522739199999996,0.0091742464,-0.07925226539373398,0.9240775108337402,5,30,False,0.007158344611525536,498.0044284746922,603.9344777410588,125.83587251183053,26.83858951399452,138.3998512589751,-81.05166707321769,nan,nan,3,0.0,0.0,0.0,0.6666666666666666,0.3333333333333333,0.0,1.6666666666666667,0.3333333333333333,1.6666666666666667,1.0,0.0,0.3333333333333333,478.6666666666667,-81.05166707321769
225,460800,-0.00474043027497828,15.340076351165772,4.0229158719380695,0.00442552961703356,0.054159414966125044,0.2687591115633647,0.5168053507804871,3.433634042739868,0.671875,0.0002751168,0.00917056,-0.07666413486003876,0.9264607429504395,5,30,False,0.007618797942996025,498.53735164156416,606.3685246480018,126.30690770392539,26.949436437993427,138.3998512589751,-86.06357171592936,nan,nan,4,0.0,0.0,0.0,0.75,0.25,0.0,1.5,0.25,2.75,1.25,0.0,0.25,508.0,-86.06357171592936
226,462848,-0.002810084753825019,20.320225334167482,4.031386582056681,0.0033725668916818313,0.03344983964537581,0.27644858608643214,0.5347663164138794,4.611926555633545,0.8318684895833334,0.000275006208,0.0091668736,-0.07321479916572571,0.9296659231185913,5,30,False,0.005702159833163023,498.7845885220179,609.2778133480024,126.82842783402884,27.05240322899772,138.3998512589751,-73.64991699840266,nan,nan,4,0.0,0.0,0.0,0.5,0.5,0.0,1.75,0.5,2.5,0.75,0.0,0.5,505.5,-73.64991699840266
227,464896,-0.0028839808345461886,41.78074722290039,4.040376949310303,0.002815195384464299,0.028668628788242737,0.25747766594092053,-0.8237939476966858,6.362619876861572,0.7337239583333334,0.00027489561599999997,0.0091631872,-0.07127019762992859,0.9314572811126709,5,30,False,0.006380384787917137,499.1106085619046,611.9583039330901,127.41550379309047,27.164348419988528,138.3998512589751,-69.9858245208743,nan,nan,5,0.0,0.0,0.0,0.4,0.6,0.0,0.6,1.0,1.8,1.4,0.0,0.6,524.4,-69.9858245208743
228,466944,-0.0031058713769501387,16.27427921295166,4.045848608016968,0.0030702972968330096,0.032104101063062745,0.2509254996975263,0.13198794424533844,3.635406732559204,0.8108723958333334,0.000274785024,0.0091595008,-0.06927980482578278,0.9333590865135193,5,30,False,0.007288132328540087,499.34303808835296,614.8421468711604,127.98210121694137,27.272721613990143,138.3998512589751,-71.09955403580777,nan,nan,3,0.0,0.0,0.0,0.3333333333333333,0.6666666666666666,0.0,1.3333333333333333,0.6666666666666666,1.6666666666666667,1.0,0.0,0.6666666666666666,577.0,-71.09955403580777
229,468992,-0.005722915614023804,8.29542317390442,4.052896547317505,0.005303163833184343,0.0627486074808985,0.29665376245975494,1.3029018640518188,3.1313600540161133,0.7141927083333334,0.000274674432,0.0091558144,-0.06609681248664856,0.9364211559295654,5,30,False,0.009427682496607304,499.74342200148095,617.416084962184,128.5421643859445,27.382094265994965,138.3998512589751,-35.78346358711133,nan,nan,2,0.0,0.0,0.0,0.0,1.0,0.0,0.5,2.0,3.0,0.5,0.0,1.0,600.0,-35.78346358711133
230,471040,-0.004635601624613628,12.93122968673706,4.063500658671061,0.0050975751043741266,0.06122074195882306,0.24646479388078055,0.3862133324146271,3.2959630489349365,0.8147786458333334,0.00027456383999999997,0.009152128,-0.06289055198431015,0.939447283744812,5,30,False,0.010052178055047989,500.2102705563049,619.9213168292044,129.02673102090193,27.503671235986985,138.3998512589751,-63.701810450624905,nan,nan,5,0.0,0.0,0.0,0.2,0.8,0.0,1.0,1.0,3.0,1.0,0.0,0.8,593.6,-63.701810450624905
231,473088,-0.0047186542302370075,53.36704559326172,4.070048157374064,0.004026630977665698,0.04516804290081685,0.27076834191878635,-1.2354482412338257,6.480502128601074,0.8382161458333334,0.000274453248,0.0091484416,-0.06185055896639824,0.9404675960540771,5,30,False,0.007210769224911928,500.59014502868797,622.4862838692497,129.60671027492208,27.613187543989625,138.3998512589751,-99.6757836290075,nan,nan,5,0.0,0.0,0.0,0.8,0.2,0.0,0.4,0.2,1.8,2.4,0.0,0.2,470.2,-99.6757836290075
232,475136,-0.0032041646491658563,22.696972846984863,4.074870220820109,0.0037594223168722703,0.03735170226621752,0.26164679080247877,0.08876895904541016,4.401091575622559,0.7652994791666666,0.000274342656,0.0091447552,-0.05927131325006485,0.9429841041564941,5,30,False,0.006458114832639694,500.956339315517,624.9820472581778,130.27226082398556,27.726631659985287,138.3998512589751,-84.93010258284146,nan,nan,3,0.0,0.0,0.0,0.6666666666666666,0.3333333333333333,0.0,0.3333333333333333,0.6666666666666666,1.6666666666666667,2.0,0.0,0.3333333333333333,500.3333333333333,-84.93010258284146
233,477184,-0.004277905924148702,21.69138660430908,4.080295260747274,0.0029633665263989564,0.027271211085220178,0.2785132293899854,0.21185116469860077,4.139864444732666,0.7091471354166666,0.000274232064,0.0091410688,-0.058906763792037964,0.9433490037918091,5,30,False,0.005728916265070438,501.2939528027927,627.6088228822337,130.85855408209318,27.829230061994167,138.3998512589751,-78.71141995964626,nan,nan,4,0.0,0.0,0.0,0.75,0.25,0.0,1.5,0.5,2.5,1.0,0.0,0.25,514.25,-78.71141995964626
234,479232,-0.003473297466795581,17.418246269226074,4.0812903563181555,0.0033588306728295964,0.033505756792146714,0.2529764493306478,-0.06875372678041458,3.9342808723449707,0.80712890625,0.00027412147199999996,0.0091373824,-0.05759118124842644,0.9446253776550293,5,30,False,0.0062320115976035595,501.55787395741544,630.3879773662047,131.41952203112305,27.940117556994664,138.3998512589751,-66.4184898777446,nan,nan,4,0.0,0.0,0.0,0.25,0.75,0.0,1.5,0.75,3.0,0.75,0.0,0.75,557.0,-66.4184898777446
235,481280,-0.006097121280618012,18.170456409454346,4.084825277328491,0.004925183537354788,0.05726688000528763,0.2724664385120074,0.06812824308872223,3.9358365535736084,0.740234375,0.00027401088,0.009133696,-0.057188183069229126,0.9450572729110718,5,30,False,0.008677984587848186,501.7483381555326,633.2283117242478,132.0540403493651,28.04780212699552,138.3998512589751,-85.06170108322355,nan,nan,3,0.0,0.0,0.0,0.6666666666666666,0.3333333333333333,0.0,1.3333333333333333,0.3333333333333333,3.0,1.3333333333333333,0.0,0.3333333333333333,552.3333333333334,-85.06170108322355
236,483328,-0.005537293315865099,30.358153343200684,4.087926816940308,0.004571603186629724,0.05295432172715664,0.2724075908462206,-0.7943812608718872,5.437373638153076,0.6521809895833334,0.000273900288,0.0091300096,-0.055120304226875305,0.9470303058624268,5,30,False,0.00849215779453516,502.12446250290674,635.7607550453249,132.6366853264626,28.157761725000455,138.3998512589751,-79.00517856369379,nan,nan,4,0.0,0.25,0.0,0.5,0.5,0.0,1.25,0.5,2.5,1.25,0.0,0.5,480.0,-79.00517856369379
237,485376,-0.004028839097979168,24.22068977355957,4.094200118382772,0.0035414938394343113,0.038680554557746896,0.2632909804582596,-0.5715194344520569,4.606191158294678,0.77392578125,0.00027378969599999996,0.0091263232,-0.05342972278594971,0.9486342668533325,5,30,False,0.006603056099265814,502.3076154845241,638.635035551386,133.24243474433024,28.265714713008492,138.3998512589751,-85.42198075474808,nan,nan,5,0.0,0.0,0.0,0.8,0.2,0.0,1.8,0.2,1.8,1.0,0.0,0.2,544.8,-85.42198075474808
238,487424,-0.005778228098643012,20.4531494140625,4.103052139282227,0.003998868882618809,0.04869914509278412,0.2831823840737343,0.26184967160224915,4.497561931610107,0.7023111979166666,0.000273679104,0.0091226368,-0.04849754273891449,0.9533218741416931,5,30,False,0.007680308539420366,502.8272477316105,640.9205882373935,133.79762617626693,28.37787908500468,138.3998512589751,-81.38720661314926,nan,nan,4,0.0,0.5,0.0,0.75,0.25,0.0,2.0,0.25,2.0,0.75,0.0,0.25,440.5,-81.38720661314926
239,489472,-0.0036912204115651546,23.72942523956299,4.111627308527629,0.0033458725474875117,0.03429816112620756,0.2642416089773178,0.0034647323191165924,4.335610389709473,0.8583984375,0.000273568512,0.0091189504,-0.04913406819105148,0.9527694582939148,5,30,False,0.006586926523596048,502.9958211265563,643.843799174414,134.3786829743185,28.48498638201272,138.3998512589751,-88.8781600300357,nan,nan,4,0.0,0.25,0.0,0.75,0.25,0.0,1.25,0.25,1.25,1.5,0.0,0.25,518.75,-88.8781600300357
240,491520,-0.00485674438047378,35.342586517333984,4.108466211954752,0.0035787076267170853,0.03815706295426935,0.31818171789248784,-0.4020964503288269,5.745595932006836,0.736328125,0.00027345791999999996,0.009115264,-0.04949864745140076,0.9524291753768921,5,30,False,0.006018083542585373,503.3285864821878,646.4566602143168,134.95751743933943,28.5896542770206,138.3998512589751,-76.42644805380957,nan,nan,4,0.0,0.0,0.0,0.5,0.5,0.0,0.75,0.75,2.5,1.5,0.0,0.5,542.25,-76.42644805380957
241,493568,-0.003223911152842144,19.53506145477295,4.108915980656942,0.00320929475609033,0.028765814627210298,0.2778441389401754,0.0011361524229869246,3.8673558235168457,0.7639973958333334,0.000273347328,0.0091115776,-0.04912945255637169,0.95276939868927,5,30,False,0.007017266936600208,503.643264740471,649.1283702762739,135.50327869829198,28.70014743102365,138.3998512589751,-82.91061605163614,nan,nan,5,0.0,0.2,0.0,0.6,0.4,0.0,1.2,0.4,2.2,1.4,0.0,0.4,515.0,-82.91061605163614
242,495616,-0.004569624063636487,30.560107803344728,4.110348145167033,0.005188456556001251,0.06097842608190452,0.2935195992390315,-0.6771769523620605,4.7986016273498535,0.7862955729166666,0.000273236736,0.0091078912,-0.048287149518728256,0.9535276889801025,5,30,False,0.010868615470826626,503.95526780068326,651.7744229821838,136.0819313232205,28.807238998022513,138.3998512589751,-85.77279462976958,nan,nan,4,0.0,0.5,0.0,1.0,0.0,0.0,2.5,0.0,3.0,0.5,0.0,0.0,379.75,-85.77279462976958
243,497664,-0.004143725603353232,27.502268600463868,4.114810673395793,0.004244958533026536,0.05015769969904795,0.3141984184583028,-0.494566410779953,5.567773818969727,0.7083333333333334,0.00027312614399999997,0.0091042048,-0.046475838869810104,0.9552110433578491,5,30,False,0.0083304513245821,504.60078776891237,653.9513331680791,136.49938231024134,28.911162406016956,138.3998512589751,-84.20707888797733,nan,nan,4,0.0,0.0,0.0,0.5,0.5,0.0,0.75,0.5,2.25,1.75,0.0,0.5,530.75,-84.20707888797733
244,499712,-0.0035204085278868055,21.279976654052735,4.117537260055542,0.003914521145727722,0.04013838722991447,0.2938554763793945,0.06111902743577957,4.120327949523926,0.82861328125,0.000273015552,0.0091005184,-0.04658254235982895,0.9550961852073669,5,30,False,0.006510335952043533,505.1925859067511,656.1016582690208,137.01944099820685,29.021694586015656,138.3998512589751,-93.51236909769978,nan,nan,4,0.0,0.25,0.0,1.0,0.0,0.0,1.75,0.0,3.0,1.25,0.0,0.0,410.0,-93.51236909769978
245,501760,-0.003475745905113096,42.63982162475586,4.11670413017273,0.0041624930445514075,0.0431885821511969,0.27835390766461693,-0.8328209519386292,5.718966960906982,0.7841796875,0.00027290496,0.009096832000000001,-0.04693267494440079,0.9547762870788574,5,30,False,0.006680475547909737,505.58263479137514,658.6050764692045,137.56465998229396,29.12923347200558,138.3998512589751,-84.5637771133491,nan,nan,60,0.0,0.3333333333333333,0.0,0.6666666666666666,0.3333333333333333,0.0,2.566666666666667,0.03333333333333333,2.8666666666666667,0.4,nan,0.03333333333333333,292.18333333333334,nan
246,503808,-0.005937362586458524,24.027445220947264,4.118123626708984,0.0053539537038779115,0.0663870970097681,0.3109635427594185,-0.2079448103904724,5.178557872772217,0.7236328125,0.00027279436799999997,0.0090931456,-0.045088183134794235,0.9565261602401733,5,30,False,0.009639041498303413,493.4231906789833,660.9737553443701,138.05004788220685,29.24355523599661,163.9244624729763,-101.5333779221055,nan,nan,2,0.0,0.0,0.0,1.0,0.0,0.0,1.0,0.0,3.0,2.0,0.0,0.0,554.0,-101.5333779221055
247,505856,-0.005737884629828234,17.7493839263916,4.123203150431315,0.006388974040548365,0.08034790750437727,0.26995355188846587,0.8285478353500366,3.5903429985046387,0.7662760416666666,0.00027268377599999995,0.0090894592,-0.044161997735500336,0.9574047327041626,5,30,False,0.011222057044506073,493.9346115826227,663.4417932325014,138.4593192521861,29.35160905099474,163.9244624729763,-82.98692126769372,nan,nan,6,0.0,0.0,0.0,0.6666666666666666,0.3333333333333333,0.0,1.3333333333333333,0.3333333333333333,2.0,1.0,0.3333333333333333,0.3333333333333333,515.3333333333334,-82.98692126769372
248,507904,-0.003241249332980563,17.993585968017577,4.121948528289795,0.003739880498243948,0.042226189790138355,0.30659766544898354,0.30149006843566895,4.1470208168029785,0.8631184895833334,0.000272573184,0.009085772800000001,-0.04654867947101593,0.9551514387130737,5,30,False,0.006873686797916889,494.30614050140844,666.0696518086334,138.97846521719475,29.461771781003335,163.9244624729763,-62.04615730367732,nan,nan,2,0.0,0.5,0.0,0.5,0.5,0.0,1.5,1.0,2.0,0.5,0.0,0.5,511.0,-62.04615730367732
249,509952,-0.0037453606821751845,17.649904441833495,4.115598360697429,0.004211224513643101,0.04722099423718949,0.30776980668306353,0.16807149350643158,3.9593253135681152,0.6848958333333334,0.000272462592,0.0090820864,-0.04699581861495972,0.9547778964042664,5,30,False,0.00783651415258646,494.7116407691338,668.5724848798563,139.53932779813476,29.56451964500593,163.9244624729763,-64.79696057803024,nan,nan,6,0.0,0.0,0.0,0.3333333333333333,0.6666666666666666,0.16666666666666666,1.6666666666666667,0.6666666666666666,2.8333333333333335,0.6666666666666666,0.0,0.6666666666666666,554.8333333333334,-64.79696057803024
250,512000,-0.0024371854204218836,13.784545135498046,4.117571957906088,0.003769346474840263,0.03657365491380915,0.2791831890741984,0.1710861176252365,3.211113214492798,0.8466796875,0.00027235199999999996,0.0090784,-0.045677803456783295,0.9560222625732422,5,30,False,0.005816436372697353,494.99398541781596,671.3194856109913,140.11254560219822,29.668281534992275,163.9244624729763,-94.98601208315146,nan,nan,3,0.0,0.3333333333333333,0.0,1.0,0.0,0.0,1.6666666666666667,0.0,2.3333333333333335,1.3333333333333333,0.0,0.0,477.0,-94.98601208315146
251,514048,-0.003505374180773894,23.13684024810791,4.1201539198557535,0.004196314496716787,0.04726564961796006,0.32689656217892965,-0.3277965486049652,4.83088493347168,0.7763671875,0.000272241408,0.0090747136,-0.045921169221401215,0.9557542204856873,5,30,False,0.006868479773402214,495.2024615710451,674.1848255011137,140.71445240511093,29.773026610986562,163.9244624729763,-87.51530435195309,nan,nan,3,0.0,0.3333333333333333,0.0,1.0,0.0,0.0,2.3333333333333335,0.0,2.3333333333333335,0.6666666666666666,0.0,0.0,447.0,-87.51530435195309
252,516096,-0.004366434091934934,34.121625137329104,4.118438275655111,0.004401647464632086,0.05182800369414811,0.3140263020992279,0.16779892146587372,5.135622501373291,0.8121744791666666,0.000272130816,0.0090710272,-0.04574174806475639,0.9559755325317383,5,30,False,0.008643032051622868,495.51026684009446,676.9211393871374,141.2276809092291,29.87857878797513,163.9244624729763,-88.67668857090159,nan,nan,7,0.0,0.0,0.0,0.7142857142857143,0.2857142857142857,0.0,1.1428571428571428,0.2857142857142857,3.0,1.5714285714285714,0.0,0.2857142857142857,497.42857142857144,-88.67668857090159
253,518144,-0.004345837910659611,23.617990684509277,4.121124490102132,0.0041176904130462615,0.04588027497132619,0.31566128581762315,0.07732149958610535,5.016139030456543,0.8173828125,0.00027202022399999996,0.0090673408,-0.04470134899020195,0.9569991827011108,5,30,False,0.007621427997946739,495.8232466989148,679.5854896911187,141.81146059116872,29.986976852975204,163.9244624729763,-90.83889702631859,nan,nan,1,0.0,0.0,0.0,1.0,0.0,0.0,2.0,0.0,3.0,1.0,0.0,0.0,348.0,-90.83889702631859
254,520192,-0.0035804261812396967,24.971805381774903,4.124142217636108,0.0045615645326260185,0.054047476438184576,0.3083864519993464,0.6808329820632935,4.147622108459473,0.76123046875,0.000271909632,0.0090636544,-0.04390043020248413,0.9577769041061401,5,30,False,0.009880231693387032,496.04283860199075,682.4075475939608,142.4055266451178,30.096731329977047,163.9244624729763,-79.60015154217422,nan,nan,6,0.0,0.0,0.0,0.5,0.5,0.0,0.6666666666666666,0.6666666666666666,1.8333333333333333,1.6666666666666667,0.0,0.5,575.6666666666666,-79.60015154217422
255,522240,-0.0024326459989727784,23.371196365356447,4.126273997624716,0.0035685150179364986,0.03809647625312209,0.29051018953323365,0.49318739771842957,5.071850299835205,0.8681640625,0.00027179904,0.009059968,-0.04308585077524185,0.9585206508636475,5,30,False,0.006700465455651283,496.3214945054967,685.1942508918728,142.93216525104071,30.20264123697416,163.9244624729763,-31.007870449815528,nan,nan,2,0.0,0.0,0.0,0.0,1.0,0.0,1.0,2.0,2.0,0.0,0.0,1.0,600.0,-31.007870449815528
256,524288,-0.004980747130078574,23.876703834533693,4.1278979778289795,0.004215830427522675,0.045536998139383895,0.30900412499904634,0.6787551641464233,4.204373359680176,0.771484375,0.00027168844799999996,0.0090562816,-0.0430273711681366,0.9585654735565186,5,30,False,0.008388441987335682,496.6008687970266,687.9722054537851,143.45274229899223,30.30615394297638,163.9244624729763,-83.30153574367141,nan,nan,5,0.0,0.2,0.0,0.6,0.4,0.0,1.2,0.4,2.6,1.4,0.0,0.4,491.8,-83.30153574367141
257,526336,-0.003052919518571192,18.52622709274292,4.130407683054606,0.004014100460524177,0.04571629349763195,0.2927229911088943,0.016866350546479225,3.872021436691284,0.74951171875,0.000271577856,0.0090525952,-0.04105713218450546,0.9603605270385742,5,30,False,0.007936496287584305,496.8462518646946,690.7694677637191,144.02666653413326,30.40823146798357,163.9244624729763,-77.74714956036269,nan,nan,3,0.0,0.3333333333333333,0.0,0.6666666666666666,0.3333333333333333,0.0,2.0,0.3333333333333333,2.3333333333333335,0.6666666666666666,0.0,0.3333333333333333,491.0,-77.74714956036269
258,528384,-0.0040178216877393425,37.472455978393555,4.134029801686605,0.0036441668520070638,0.0380754082929343,0.32041291445493697,-1.3462560176849365,5.052963733673096,0.7294921875,0.000271467264,0.0090489088,-0.0410100519657135,0.9603936672210693,5,30,False,0.006188676226884127,497.088108234582,693.5631111597031,144.59270459320396,30.519290832977276,163.9244624729763,-92.6677589710706,nan,nan,6,0.0,0.16666666666666666,0.0,1.0,0.0,0.0,1.8333333333333333,0.0,2.3333333333333335,1.1666666666666667,0.0,0.0,485.3333333333333,-92.6677589710706
259,530432,-0.0042813372837069135,16.293764972686766,4.136047236124674,0.004468581852255893,0.049848830385599285,0.32019789665937426,0.012985347770154476,3.7186853885650635,0.79541015625,0.00027135667199999997,0.0090452224,-0.038953687995672226,0.9623982310295105,5,30,False,0.0086411377415061,497.5115228772398,696.0870033327228,145.07467520800128,30.624087046977365,163.9244624729763,-80.94535653897765,nan,nan,4,0.0,0.5,0.0,0.75,0.25,0.0,2.0,0.25,3.0,0.75,0.0,0.25,415.25,-80.94535653897765
260,532480,-0.004731091319505746,36.25912094116211,4.143265612920126,0.004349985732111489,0.047019786993041636,0.3402786244948705,-1.3302185535430908,5.69064998626709,0.6676432291666666,0.00027124608,0.009041536,-0.03679865226149559,0.9644749164581299,5,30,False,0.009680111892521381,497.9322038004038,698.556494311706,145.5879658299673,30.738235238968628,163.9244624729763,-97.86384109808675,nan,nan,6,0.0,0.16666666666666666,0.0,1.0,0.0,0.0,1.3333333333333333,0.0,2.0,1.6666666666666667,0.0,0.0,469.5,-97.86384109808675
261,534528,-0.003461488545872271,19.358948707580566,4.1477768580118815,0.003923552449926696,0.04297893092346688,0.3297999342282613,-0.37241125106811523,4.08676815032959,0.7985026041666666,0.000271135488,0.0090378496,-0.03607650473713875,0.9651529788970947,5,30,False,0.007479338441044092,498.3713612753355,701.036651691742,146.06702861103986,30.84892540697183,163.9244624729763,-94.5331876522129,nan,nan,3,0.0,0.0,0.0,1.0,0.0,0.0,1.6666666666666667,0.0,2.3333333333333335,1.3333333333333333,0.0,0.0,427.3333333333333,-94.5331876522129
262,536576,-0.003855217674602803,31.34116897583008,4.146820910771688,0.0046543472296235195,0.052369080398542184,0.3483171989520391,-0.6297267079353333,5.193614959716797,0.7688802083333334,0.00027102489599999997,0.0090341632,-0.03739520534873009,0.9638428092002869,5,30,False,0.007772386074066162,498.6804490917848,703.7250468907296,146.58702185102447,30.958749177967547,163.9244624729763,-95.36558696619777,nan,nan,5,0.0,0.2,0.0,1.0,0.0,0.0,1.6,0.0,2.6,1.4,0.0,0.0,423.8,-95.36558696619777
263,538624,-0.0024607323420544466,19.088610458374024,4.146831862131754,0.0034083901219075785,0.030889571101094287,0.3455433880289396,0.11544379591941833,4.355495929718018,0.6458333333333334,0.000270914304,0.0090304768,-0.03519102558493614,0.9659457206726074,5,30,False,0.005109856836497784,499.119340284214,706.149521097992,147.098859375983,31.063024291972397,163.9244624729763,-96.46382874926675,nan,nan,5,0.0,0.2,0.0,1.0,0.0,0.0,1.6,0.0,2.6,1.4,0.0,0.0,482.8,-96.46382874926675
264,540672,-0.003966222640398579,18.16729030609131,4.154902060826619,0.005074742069737082,0.06204269499673198,0.31948888550202054,-0.2076527327299118,4.2179274559021,0.7898763020833334,0.000270803712,0.0090267904,-0.033130280673503876,0.9679232835769653,5,30,False,0.0090335076674819,499.6764230933269,708.377844275019,147.55023622819863,31.170207583971205,163.9244624729763,-70.12645961780508,nan,nan,5,0.0,0.2,0.2,0.6,0.2,0.0,1.6,0.6,2.4,0.6,0.2,0.2,401.6,-70.12645961780508
265,542720,-0.003800333209801465,33.598829460144046,4.158659633000692,0.004102614375655223,0.04708248000048722,0.3430647621552149,-0.7420830726623535,5.715755462646484,0.6974283854166666,0.00027069311999999997,0.009023104,-0.032563574612140656,0.9684282541275024,5,30,False,0.008183930069208145,500.2089575274352,710.6151586020569,148.03301393023867,31.279371301978244,163.9244624729763,-92.87070211227474,nan,nan,5,0.0,0.6,0.0,1.0,0.0,0.0,1.8,0.0,1.8,1.2,0.0,0.0,374.8,-92.87070211227474
266,544768,-0.00494318714675804,18.667183113098144,4.1662658532460535,0.005590318463673304,0.07013832066052904,0.3414221356312434,0.2436835616827011,4.38567590713501,0.7332356770833334,0.00027058252799999996,0.0090194176,-0.02683182805776596,0.9739627838134766,5,30,False,0.012556598521769047,500.57277302249656,713.1603027032252,148.56676869120565,31.389503472979413,163.9244624729763,-83.47779749630354,nan,nan,4,0.0,0.25,0.0,0.75,0.25,0.0,1.75,0.25,2.5,1.0,0.0,0.25,427.75,-83.47779749630354
267,546816,-0.0038489128385360044,30.809976196289064,4.179249747594198,0.005860055675859247,0.0761411557245689,0.3262987251083056,0.3572050929069519,4.790849208831787,0.75537109375,0.000270471936,0.0090157312,-0.025790831074118614,0.9749531149864197,5,30,False,0.01092306524515152,500.9141561977743,715.7262286461337,149.1138668412168,31.50074903096538,163.9244624729763,-84.53244302381609,nan,nan,6,0.0,0.16666666666666666,0.0,0.8333333333333334,0.16666666666666666,0.0,2.0,0.16666666666666666,2.6666666666666665,0.8333333333333334,0.0,0.16666666666666666,465.3333333333333,-84.53244302381609
268,548864,-0.003573746585364764,22.695083618164062,4.1787209192911785,0.0036879859938249273,0.037160414503887296,0.32716007381677625,0.2826535701751709,4.513696670532227,0.82177734375,0.000270361344,0.0090120448,-0.026437051594257355,0.9743456840515137,5,30,False,0.007435418665409088,501.3226038003252,718.18042986808,149.62675058512832,31.614699354962795,163.9244624729763,-87.8104482052125,nan,nan,3,0.0,0.0,0.0,0.6666666666666666,0.3333333333333333,0.0,1.0,0.3333333333333333,2.3333333333333335,1.6666666666666667,0.0,0.3333333333333333,465.0,-87.8104482052125
269,550912,-0.0030859138622569542,16.359518623352052,4.176833931605021,0.003759599759238184,0.04299990395084023,0.28742659191290537,1.3713582754135132,3.383472204208374,0.8984375,0.00027025075199999996,0.0090083584,-0.02693391591310501,0.9738597273826599,5,30,False,0.007072544656693935,501.6685029206045,720.8119829140924,150.09131229620834,31.73727486297139,163.9244624729763,-73.02451139144686,nan,nan,5,0.0,0.4,0.0,0.8,0.2,0.0,1.8,0.6,2.6,0.6,0.0,0.2,447.2,-73.02451139144686
270,552960,-0.004189370987781634,37.943894958496095,4.174281581242879,0.004219229964153674,0.04574502452742309,0.35915584514538446,-0.6455439329147339,5.940465450286865,0.74365234375,0.00027014016,0.009004672,-0.028246065601706505,0.9725781679153442,5,30,False,0.00787217728793621,501.90178287558706,723.5887354509905,150.6402813662571,31.853243288976955,163.9244624729763,-88.22312652914418,nan,nan,6,0.0,0.16666666666666666,0.0,0.6666666666666666,0.3333333333333333,0.0,1.0,0.3333333333333333,3.0,1.6666666666666667,0.0,0.3333333333333333,497.1666666666667,-88.22312652914418
271,555008,-0.003284118960921963,34.62034931182861,4.171170790990193,0.003922835857335326,0.039840061039042966,0.316370219985644,-0.17888087034225464,5.766940593719482,0.81201171875,0.000270029568,0.0090009856,-0.0286455936729908,0.9721754789352417,5,30,False,0.006608977448195219,502.1531421979101,726.3251487189555,151.21047060629644,31.956540477985982,163.9244624729763,-71.69647335305945,nan,nan,2,0.0,0.0,0.0,0.5,0.5,0.0,0.5,1.0,3.0,1.5,0.0,0.5,515.5,-71.69647335305945
272,557056,-0.0033343858784064652,28.213830947875977,4.1720272699991865,0.004185268923893134,0.0441566542062598,0.29495464960734047,-0.4253215789794922,4.472896099090576,0.6793619791666666,0.00026991897599999996,0.0089972992,-0.027678241953253746,0.9731355905532837,5,30,False,0.006563209928572178,502.6250926025097,728.5750653510622,151.7473203872214,32.08188871499442,163.9244624729763,-89.83736586946755,nan,nan,7,0.0,0.42857142857142855,0.0,1.0,0.0,0.0,2.0,0.0,2.2857142857142856,0.8571428571428571,0.14285714285714285,0.0,403.57142857142856,-89.83736586946755
273,559104,-0.004256321496116774,34.2812385559082,4.176511398951212,0.004409119602805613,0.04862211006693542,0.2912057782212893,0.06292451173067093,5.315130233764648,0.7952473958333334,0.000269808384,0.0089936128,-0.02574644237756729,0.9750232100486755,5,30,False,0.007270789239555597,502.8927984401879,731.3221119190275,152.2584058592911,32.186988180998014,163.9244624729763,-83.93281556782532,nan,nan,5,0.0,0.2,0.2,0.8,0.0,0.0,1.6,0.2,1.6,1.0,0.2,0.0,424.2,-83.93281556782532
274,561152,-0.005009563478718822,13.870661640167237,4.181602176030477,0.00579330112914483,0.07312227752991021,0.3240262299776077,0.8508241176605225,3.6740574836730957,0.78662109375,0.000269697792,0.0089899264,-0.024432897567749023,0.9762958884239197,5,30,False,0.010743902064859867,503.145500921,734.0728016590729,152.79815551942738,32.29203099499864,163.9244624729763,-90.98315182450096,nan,nan,1,0.0,0.0,0.0,1.0,0.0,0.0,2.0,0.0,1.0,1.0,0.0,0.0,405.0,-90.98315182450096
275,563200,-0.004505538234176735,31.378579521179198,4.183859666188558,0.003804784766281996,0.04323591216622542,0.3458704844117165,-0.5226253271102905,5.710251331329346,0.7047526041666666,0.00026958719999999997,0.00898624,-0.024270502850413322,0.9763998985290527,5,30,False,0.006596916355192661,503.41468244379934,736.7892184511438,153.3276455123996,32.39864891899924,163.9244624729763,-83.31212868169095,nan,nan,5,0.0,0.0,0.0,0.6,0.4,0.0,0.6,0.6,2.6,1.8,0.0,0.4,499.2,-83.31212868169095
276,565248,-0.003299268047946195,16.960726165771483,4.183832216262817,0.0038533403485336774,0.040942324115894733,0.3334911604722341,0.3852405250072479,4.27837610244751,0.8160807291666666,0.000269476608,0.0089825536,-0.024148505181074142,0.9765467643737793,5,30,False,0.006917979102581739,503.71413122752216,739.4007287101995,153.87209627042466,32.53047668500221,163.9244624729763,-57.784928395038754,nan,nan,3,0.0,0.0,0.0,0.0,1.0,0.0,1.3333333333333333,1.0,2.6666666666666665,0.6666666666666666,0.0,1.0,600.0,-57.784928395038754
277,567296,-0.003048375543827812,32.02134761810303,4.1877801259358725,0.004621579179264799,0.05236895008711144,0.326305678486824,-0.7357233166694641,5.285770416259766,0.7791341145833334,0.000269366016,0.0089788672,-0.02172749489545822,0.9789102077484131,5,30,False,0.008740376681089401,504.09890280909906,741.8680036591686,154.35869517443643,32.671733391995076,163.9244624729763,-88.70000474313714,nan,nan,7,0.0,0.14285714285714285,0.0,0.7142857142857143,0.2857142857142857,0.0,0.7142857142857143,0.42857142857142855,2.4285714285714284,1.8571428571428572,0.0,0.2857142857142857,481.2857142857143,-88.70000474313714
278,569344,-0.003748840962847074,27.90418872833252,4.192666848500569,0.0039740544315009585,0.042181416880339384,0.3367755725979805,-0.7924357056617737,4.999281406402588,0.7470703125,0.00026925542399999997,0.0089751808,-0.021659573540091515,0.9790291786193848,5,30,False,0.007782327942550182,504.55159285872077,744.288849530174,154.7821400824323,32.7790780269861,163.9244624729763,-90.84340343453216,nan,nan,6,0.0,0.5,0.0,1.0,0.0,0.0,2.0,0.0,2.3333333333333335,1.0,0.0,0.0,375.6666666666667,-90.84340343453216
279,571392,-0.002879830216988921,12.643669891357423,4.191464408238729,0.0033787348810422595,0.03109725544539591,0.2990971217552821,0.5030664801597595,3.518036365509033,0.8741861979166666,0.00026914483199999995,0.0089714944,-0.02209395542740822,0.9785906672477722,5,30,False,0.005866718478500843,504.697671385523,747.1384127802157,155.40970276847656,32.92157560697524,163.9244624729763,-50.745417035394325,nan,nan,2,0.0,0.0,0.0,0.5,0.5,0.0,1.0,1.5,3.0,0.5,0.0,0.5,554.5,-50.745417035394325
280,573440,-0.0046787611790932715,28.333502960205077,4.190850385030111,0.004997048606726702,0.059741038479842246,0.28527415146430335,0.218220055103302,4.79231071472168,0.8458658854166666,0.00026903424,0.008967808,-0.0216197706758976,0.9789934158325195,5,30,False,0.009965396486222744,504.9584902779817,749.8002109411464,155.98111242661253,33.0463456579746,163.9244624729763,-98.57900552726142,nan,nan,4,0.0,0.25,0.0,1.0,0.0,0.0,1.25,0.0,2.0,1.75,0.0,0.0,375.25,-98.57900552726142
281,575488,-0.005059274747812499,36.39481887817383,4.195337390899658,0.005056597615726612,0.06317532585623363,0.3009651457269987,-0.41046765446662903,5.540393829345703,0.828125,0.00026892364799999997,0.0089641216,-0.018943093717098236,0.9815754294395447,5,30,False,0.00913768820464611,505.26663267563725,752.4660344341246,156.4375032036478,33.1725908779772,163.9244624729763,-85.1178909413881,nan,nan,6,0.0,0.16666666666666666,0.0,0.8333333333333334,0.16666666666666666,0.0,1.0,0.5,2.1666666666666665,1.5,0.0,0.16666666666666666,476.8333333333333,-85.1178909413881
282,577536,-0.0033706102481422325,21.51395320892334,4.201636886596679,0.0026183191147089425,0.0235331404954195,0.2803504471977552,0.9840938448905945,4.080280303955078,0.9269205729166666,0.00026881305599999996,0.0089604352,-0.018173884600400925,0.9823126792907715,5,30,False,0.0047943079844117165,505.4216110749178,755.3706746980461,156.9900484097452,33.30593329697149,163.9244624729763,-81.48794880178593,nan,nan,4,0.0,0.25,0.0,0.75,0.25,0.0,1.25,0.5,3.0,1.25,0.0,0.25,436.5,-81.48794880178593
283,579584,-0.004691382629486421,48.825936508178714,4.202149963378906,0.0042614128927062015,0.04376701305930813,0.32794748395681383,-1.9039674997329712,6.593376159667969,0.7584635416666666,0.000268702464,0.0089567488,-0.01825307123363018,0.9822375178337097,5,30,False,0.007766093127429485,505.706634092774,757.9271629151626,157.58361835086544,33.441332463975414,163.9244624729763,-89.85593615116758,nan,nan,5,0.0,0.2,0.0,0.8,0.2,0.0,1.4,0.2,2.6,1.4,0.0,0.2,485.6,-89.85593615116758
284,581632,-0.0038247092083717386,20.733668708801268,4.2026126702626545,0.003958590183826119,0.04067233644115428,0.301091538866361,-0.5487959384918213,4.495742321014404,0.75634765625,0.000268591872,0.0089530624,-0.01780477911233902,0.9826617240905762,5,30,False,0.008618810214102268,505.9854265735893,760.6368310731632,158.0516371720878,33.57501183397835,163.9244624729763,-83.86716306306516,nan,nan,4,0.0,0.5,0.0,0.75,0.25,0.0,1.75,0.25,2.0,1.0,0.0,0.25,388.25,-83.86716306306516
285,583680,-0.00463453367119655,22.703837966918947,4.203539816538493,0.004565357595823608,0.050874199834652245,0.31643272042274473,-0.70626300573349,4.431312561035156,0.7555338541666666,0.00026848127999999996,0.008949376,-0.017740964889526367,0.9827229380607605,5,30,False,0.007104612421244383,506.23954366927484,763.3202110042039,158.5937181749323,33.70168333996844,163.9244624729763,-81.00643881098227,nan,nan,6,0.0,0.5,0.0,0.8333333333333334,0.16666666666666666,0.0,2.3333333333333335,0.16666666666666666,3.0,0.5,0.0,0.16666666666666666,412.1666666666667,-81.00643881098227
286,585728,-0.004778453020844608,31.226741981506347,4.203646898269653,0.004331381623313703,0.044726400170475245,0.2985004439949989,-0.28152886033058167,5.758049488067627,0.8089192708333334,0.000268370688,0.0089456896,-0.01751963421702385,0.9829328060150146,5,30,False,0.006897225044667721,506.40980114523825,766.1553737650247,159.1483543029899,33.84847250697203,163.9244624729763,-91.25358451277134,nan,nan,3,0.0,0.0,0.0,0.6666666666666666,0.3333333333333333,0.0,0.6666666666666666,0.3333333333333333,2.3333333333333335,2.0,0.0,0.3333333333333333,506.3333333333333,-91.25358451277134
287,587776,-0.0032239263178780674,28.949173545837404,4.203779443105062,0.004696010710057428,0.05008914140829195,0.32536210467418036,0.27024951577186584,4.943241119384766,0.8177083333333334,0.000268260096,0.0089420032,-0.018013322725892067,0.9824484586715698,5,30,False,0.008054756559431553,506.61443801803443,768.954136980974,159.67785595294845,33.97819558897754,163.9244624729763,-97.57901199801964,nan,nan,5,0.0,0.2,0.0,0.8,0.2,0.0,0.6,0.2,2.2,2.2,0.0,0.2,535.6,-97.57901199801964
288,589824,-0.003906699004195009,37.45694999694824,4.203364260991415,0.004482381402268443,0.04781086314469576,0.2975730503598849,-0.3166736960411072,6.083367347717285,0.880859375,0.00026814950399999996,0.0089383168,-0.01754578948020935,0.9829080104827881,5,30,False,0.007192156743258238,506.8523214790938,771.7611152179306,160.12486929391162,34.12087707397586,163.9244624729763,-101.6138429799903,nan,nan,3,0.0,0.0,0.0,1.0,0.0,0.0,1.0,0.0,2.3333333333333335,2.0,0.0,0.0,483.3333333333333,-101.6138429799903
289,591872,-0.005031105522842457,25.32172565460205,4.203941679000854,0.005921279285632506,0.07528862147592008,0.3488010227680206,-0.0214415080845356,5.000576972961426,0.80517578125,0.000268038912,0.0089346304,-0.01789216883480549,0.9825727343559265,5,30,False,0.009164657443761826,507.0212017472932,774.6039934778964,160.6731691758905,34.261995422973996,163.9244624729763,-74.43583651243716,nan,nan,4,0.0,0.0,0.0,0.25,0.75,0.0,0.0,1.0,2.25,2.0,0.0,0.75,557.25,-74.43583651243716
290,593920,-0.0026368246588390322,21.52036533355713,4.202301502227783,0.0033504506595350833,0.030717569240368902,0.2770651469628016,-0.15973637998104095,4.4335503578186035,0.8828125,0.00026792832,0.008930944,-0.018596895039081573,0.98191237449646,5,30,False,0.00601015891879797,507.27559854684637,777.3094684638054,161.1787764817709,34.394879140978446,163.9244624729763,-76.65790686297109,nan,nan,4,0.0,0.25,0.0,0.5,0.5,0.0,0.75,0.75,2.0,1.5,0.0,0.5,518.5,-76.65790686297109
291,595968,-0.0037207333991924924,22.57425765991211,4.199964284896851,0.004293874092490237,0.0470295463843892,0.35650484065214794,-0.3850520849227905,5.140197277069092,0.6617838541666666,0.00026781772799999996,0.0089272576,-0.019182447344064713,0.9813591241836548,5,30,False,0.008116252720355988,507.7589890134661,779.443291468735,161.71107761669555,34.53791648597689,163.9244624729763,-74.73773913216003,nan,nan,3,0.0,0.3333333333333333,0.0,0.3333333333333333,0.6666666666666666,0.0,1.0,0.6666666666666666,2.3333333333333335,1.3333333333333333,0.0,0.6666666666666666,520.0,-74.73773913216003
292,598016,-0.004930560430511832,11.622546768188476,4.198215484619141,0.005063696294653693,0.060242050777499875,0.33533023595809935,0.9318550229072571,3.2300634384155273,0.7869466145833334,0.00026770713599999995,0.008923571200000001,-0.02005946822464466,0.9805188179016113,5,30,False,0.009119919501245022,508.0008719128563,782.0672112237517,162.30426785761665,34.67444698399049,163.9244624729763,-64.58361598195916,nan,nan,4,0.0,0.25,0.0,0.25,0.75,0.0,1.0,1.0,2.5,1.0,0.0,0.75,575.75,-64.58361598195916
293,600064,-0.005081250797957182,26.360792922973634,4.195850896835327,0.004852583866557473,0.05608930226493006,0.30839306662480037,-0.5381084680557251,4.444424629211426,0.8361002604166666,0.000267596544,0.0089198848,-0.01984335482120514,0.980732798576355,5,30,False,0.009607811458408833,508.21890081179293,784.885599475645,162.79258378363738,34.77730712998891,163.9244624729763,-78.57635329325001,nan,nan,60,0.0,0.5,0.0,0.75,0.25,0.0,2.5,0.06666666666666667,2.7333333333333334,0.43333333333333335,nan,0.05,287.81666666666666,nan
294,602112,-0.0042462592081089195,30.173872566223146,4.1995704650878904,0.004061768414209973,0.042101081980702774,0.31589672664801277,-0.46619120240211487,4.485042572021484,0.8307291666666666,0.00026748595199999997,0.0089161984,-0.0181704331189394,0.9823159575462341,5,30,False,0.006846961099654436,497.7389409669282,787.4376684545277,163.26937190489843,34.88208316899545,189.64051026897505,-82.03440910712122,nan,nan,6,0.0,0.16666666666666666,0.0,0.6666666666666666,0.3333333333333333,0.0,1.5,0.3333333333333333,2.5,1.0,0.16666666666666666,0.3333333333333333,483.1666666666667,-82.03440910712122
295,604160,-0.002346181087583924,37.87961139678955,4.204288339614868,0.00354012291949279,0.03150217034077893,0.29862618893384935,-1.2130242586135864,6.181692123413086,0.8260091145833334,0.00026737536,0.008912512000000001,-0.01692219264805317,0.9834584593772888,5,30,False,0.006348203402012587,498.16562191218355,789.8346700254624,163.73179060379334,34.991263538991916,189.64051026897505,-77.0450435453954,nan,nan,2,0.0,0.0,0.0,0.5,0.5,0.0,0.0,1.0,2.0,2.0,0.0,0.5,478.5,-77.0450435453954
296,606208,-0.002525858594647919,40.25386123657226,4.207835149765015,0.0036046711897361823,0.03773944134591147,0.2905613387624423,-1.0265624523162842,5.8896403312683105,0.8343098958333334,0.000267264768,0.0089088256,-0.015763036906719208,0.9845867156982422,5,30,False,0.006161229684948921,498.48637543525615,792.5260325803538,164.15181200894585,35.101358522995724,189.64051026897505,-101.60687120484174,nan,nan,7,0.0,0.0,0.0,0.8571428571428571,0.14285714285714285,0.0,0.42857142857142855,0.14285714285714285,1.8571428571428572,2.4285714285714284,0.0,0.14285714285714285,455.85714285714283,-101.60687120484174
297,608256,-0.004092030646279454,37.576897048950194,4.209235525131225,0.005656218650285405,0.0677186009241268,0.32700729568799336,-0.664995014667511,5.83193826675415,0.83203125,0.00026715417599999997,0.0089051392,-0.015844980254769325,0.9844753742218018,5,30,False,0.013834425248205662,498.7414767430928,795.2304627412814,164.7111683957337,35.207233510998776,189.64051026897505,-90.8020379716726,nan,nan,5,0.0,0.4,0.0,1.0,0.0,0.0,2.0,0.0,2.6,1.0,0.0,0.0,404.6,-90.8020379716726
298,610304,-0.002616032787288229,20.50644245147705,4.211214542388916,0.002594279981964469,0.024515733363417287,0.28253180434306463,0.0699988454580307,3.9756667613983154,0.8248697916666666,0.00026704358399999995,0.008901452800000001,-0.014365943148732185,0.9859110116958618,5,30,False,0.006145764142274857,498.9996079711131,797.9064145203738,165.2777288097859,35.318339910008945,189.64051026897505,-83.35331522849165,nan,nan,5,0.0,0.4,0.0,0.8,0.2,0.0,2.0,0.2,2.6,0.8,0.0,0.2,424.4,-83.35331522849165
299,612352,-0.002942442187728981,27.23533229827881,4.214153480529785,0.002903506848430364,0.02422603383893147,0.2655754551291466,-0.19913119077682495,5.18907356262207,0.8367513020833334,0.000266932992,0.0088977664,-0.014137038961052895,0.9861533641815186,5,30,False,0.005549557972699404,499.27547932650174,800.5474857184163,165.84969283691316,35.43103400300606,189.64051026897505,-111.11370412082397,nan,nan,2,0.0,0.0,0.0,1.0,0.0,0.0,0.0,0.0,1.0,3.0,0.0,0.0,470.5,-111.11370412082397
300,614400,-0.003988299029879272,28.616666793823242,4.214228661855062,0.004549598799918575,0.05011246704186002,0.33371769040822985,0.3411441743373871,5.072630882263184,0.7320963541666666,0.0002668224,0.00889408,-0.014102855697274208,0.9861729145050049,5,30,False,0.009029049426317215,499.6273107386033,803.0306479385035,166.39240639792115,35.534614217001945,189.64051026897505,-63.27627264920776,nan,nan,5,0.0,0.0,0.4,0.2,0.4,0.0,0.6,1.0,1.4,1.4,0.0,0.4,557.2,-63.27627264920776
301,616448,-0.0044654887315118685,13.40751838684082,4.213989130655924,0.004744077553872345,0.05734978188605358,0.28039655486742654,0.18700754642486572,3.4732091426849365,0.8723958333333334,0.00026671180799999996,0.008890393600000001,-0.014485761523246765,0.985803484916687,5,30,False,0.007975981570780277,499.9565593574593,805.6373514864536,166.85783853587054,35.652890319004655,189.64051026897505,-90.75042696662906,nan,nan,3,0.0,0.3333333333333333,0.0,1.0,0.0,0.0,2.0,0.0,2.6666666666666665,1.0,0.0,0.0,475.0,-90.75042696662906
302,618496,-0.004525512493758773,25.835423469543457,4.211162455876669,0.004469899772097512,0.05248479188497489,0.3167863468329112,0.17393675446510315,4.571411609649658,0.7828776041666666,0.000266601216,0.0088867072,-0.0163386519998312,0.9839679598808289,5,30,False,0.00907239317893982,500.3343148675212,808.2258378164988,167.23090485780267,35.76035245601088,189.64051026897505,-88.93024387547958,nan,nan,5,0.0,0.2,0.0,0.8,0.2,0.0,1.4,0.2,2.2,1.4,0.0,0.2,479.2,-88.93024387547958
303,620544,-0.0023569835272307196,21.275238037109375,4.208244276046753,0.0027312414536193263,0.024699153914116322,0.2786195029815038,0.5302584171295166,4.136946678161621,0.8194986979166666,0.000266490624,0.0088830208,-0.015946457162499428,0.9843827486038208,5,30,False,0.006725598592311144,500.63710705443225,810.8468855685933,167.7349403017579,35.86651221601642,189.64051026897505,-70.9524363993387,nan,nan,4,0.0,0.25,0.0,0.5,0.5,0.0,1.25,0.75,2.5,1.0,0.0,0.5,480.25,-70.9524363993387
304,622592,-0.0037734056570722413,18.51257667541504,4.211178716023763,0.004213035495743016,0.045895690897790095,0.29271722336610156,0.40462568402290344,3.8393187522888184,0.8352864583333334,0.00026638003199999996,0.008879334400000001,-0.01436893455684185,0.9859363436698914,5,30,False,0.008179261349141598,500.8876961599519,813.5941180775844,168.24091411380505,35.97247848601546,189.64051026897505,-84.92396355644148,nan,nan,3,0.0,0.0,0.3333333333333333,0.6666666666666666,0.0,0.0,1.0,0.3333333333333333,2.0,1.6666666666666667,0.0,0.0,553.0,-84.92396355644148
305,624640,-0.004153371206484735,32.64964294433594,4.213845745722453,0.005651581366019435,0.06847410549332077,0.3315090358257294,-0.8942923545837402,5.345339298248291,0.7197265625,0.00026626944,0.008875648,-0.01438075490295887,0.9859250783920288,5,30,False,0.010299762710928917,501.18308616494676,816.2344621685625,168.7319496627897,36.07685839400801,189.64051026897505,-79.70375193255256,nan,nan,8,0.0,0.25,0.0,0.625,0.375,0.0,1.25,0.5,2.125,1.25,0.0,0.375,506.375,-79.70375193255256
306,626688,-0.003815200531001513,12.599270629882813,4.214604075749715,0.005027120790948357,0.058897643602297954,0.3133748824397723,-0.5003616809844971,3.401395320892334,0.8033854166666666,0.000266158848,0.0088719616,-0.013529276475310326,0.9867416620254517,5,30,False,0.007651646621525288,501.4202178060861,819.0640790135367,169.19266884870012,36.17538122400583,189.64051026897505,-90.68511436897097,nan,nan,1,0.0,0.0,0.0,1.0,0.0,0.0,2.0,0.0,3.0,1.0,0.0,0.0,412.0,-90.68511436897097
307,628736,-0.003850087618532901,25.376695823669433,4.217268180847168,0.003864055677189456,0.042158377426676455,0.2943699722488721,-0.9008026719093323,4.467139720916748,0.78369140625,0.00026604825599999996,0.0088682752,-0.012721747159957886,0.9875180125236511,5,30,False,0.00940996315330267,501.6446953863401,821.9014208195149,169.67117363846046,36.28011567601061,189.64051026897505,-87.64635825835781,nan,nan,5,0.0,0.4,0.0,1.0,0.0,0.0,2.2,0.0,2.8,0.6,0.2,0.0,403.0,-87.64635825835781
308,630784,-0.0035105964886800694,17.77157802581787,4.221091588338216,0.002929157395444763,0.029599638426831613,0.2938318997621536,0.19883421063423157,4.161938667297363,0.8136393229166666,0.000265937664,0.0088645888,-0.01088750921189785,0.989288330078125,5,30,False,0.0053368303924798965,501.8433407210347,824.7004529465339,170.23569759039674,36.3863796890073,189.64051026897505,-70.58621592985855,nan,nan,4,0.0,0.5,0.0,0.5,0.5,0.0,2.0,0.5,2.5,0.5,0.0,0.5,437.25,-70.58621592985855
309,632832,-0.003964323895828178,32.55881481170654,4.226325623194376,0.0038943573972953227,0.045041882095392796,0.30471416264772416,0.38123300671577454,4.9827985763549805,0.7579752604166666,0.000265827072,0.0088609024,-0.009631743654608727,0.9904922246932983,5,30,False,0.007224527187645435,502.14670962753553,827.3384960534604,170.69985770650965,36.49349989600887,189.64051026897505,-84.61148746813073,nan,nan,6,0.0,0.5,0.0,0.8333333333333334,0.16666666666666666,0.0,2.0,0.16666666666666666,2.3333333333333335,0.8333333333333334,0.0,0.16666666666666666,471.5,-84.61148746813073
310,634880,-0.00364807133252422,12.787019443511962,4.229336722691854,0.0034890598383638875,0.03796337903477252,0.2995183194677035,0.27788686752319336,3.6432862281799316,0.7477213541666666,0.00026571647999999997,0.008857216,-0.008742554113268852,0.9913594722747803,5,30,False,0.0073750377632677555,502.5244745575281,829.7842737164028,171.16428342433937,36.60848838700622,189.64051026897505,-56.48450831542141,nan,nan,2,0.0,0.0,0.5,0.0,0.5,0.0,1.0,1.0,1.5,1.0,0.0,0.5,559.5,-56.48450831542141
311,636928,-0.005264537899832552,22.744729423522948,4.231651910146078,0.003705460679998677,0.03627382334476958,0.272719336549441,0.2235596626996994,4.105811595916748,0.81103515625,0.000265605888,0.0088535296,-0.00806780718266964,0.992029070854187,5,30,False,0.005556249525398016,502.810408597921,832.3931118532928,171.69351469632238,36.71430562301248,189.64051026897505,-78.00532913964786,nan,nan,7,0.0,0.14285714285714285,0.14285714285714285,0.7142857142857143,0.14285714285714285,0.0,1.5714285714285714,0.42857142857142855,2.5714285714285716,1.0,0.0,0.14285714285714285,443.7142857142857,-78.00532913964786
312,638976,-0.0035134125112866363,19.50322723388672,4.2340608437856035,0.003871627466109451,0.04427618549282973,0.266700941324234,-0.17945459485054016,4.053417682647705,0.8424479166666666,0.000265495296,0.0088498432,-0.007045540027320385,0.9930284023284912,5,30,False,0.007396687287837267,502.954786119272,835.2772922581062,172.28583370729757,36.82986268901732,189.64051026897505,-78.11757863206701,nan,nan,3,0.0,0.6666666666666666,0.0,0.6666666666666666,0.3333333333333333,0.0,2.0,0.3333333333333333,2.3333333333333335,0.6666666666666666,0.0,0.3333333333333333,418.0,-78.11757863206701
313,641024,-0.0043651842512190345,30.21403636932373,4.236215241750082,0.004727041665529452,0.05669147102550293,0.2830715348323186,0.20088987052440643,4.990908145904541,0.8225911458333334,0.00026538470399999997,0.0088461568,-0.006940917111933231,0.9931192398071289,5,30,False,0.010066797956824303,503.0916346568666,838.2005493520555,172.86859469444607,36.93289806302346,189.64051026897505,-95.41152214273106,nan,nan,5,0.0,0.0,0.0,0.8,0.2,0.0,0.8,0.2,2.0,2.0,0.0,0.2,527.6,-95.41152214273106
314,643072,-0.004430249379947781,23.30610294342041,4.234746328989664,0.005170625860987724,0.06406177735577027,0.3201287850737572,-0.3327673673629761,4.648139953613281,0.8092447916666666,0.000265274112,0.0088424704,-0.00773253059014678,0.9923413991928101,5,30,False,0.012570071965456009,503.2730429799266,840.9967431551922,173.4687644696678,37.034287377027795,189.64051026897505,-93.50600319040439,nan,nan,4,0.0,0.25,0.0,1.0,0.0,0.0,1.75,0.0,2.75,1.25,0.0,0.0,472.5,-93.50600319040439
315,645120,-0.0018467690795660018,15.890435886383056,4.233718967437744,0.0036281564480989442,0.0358746148723488,0.27424996842940647,0.39479589462280273,3.392186403274536,0.8427734375,0.00026516352,0.008838784,-0.007587085478007793,0.9924783706665039,5,30,False,0.00758258905261755,503.5497932061347,843.600229568212,174.01671320678724,37.137898998029414,189.64051026897505,-91.00617719955918,nan,nan,5,0.0,0.0,0.0,0.8,0.2,0.0,1.2,0.2,2.8,1.6,0.0,0.2,496.6,-91.00617719955918
316,647168,-0.004422454512678087,27.52737331390381,4.235460535685221,0.0035394414680045877,0.03860358381643891,0.26897006332874296,-0.6595119833946228,5.352718353271484,0.7763671875,0.000265052928,0.0088350976,-0.00647094426676631,0.9935795664787292,5,30,False,0.006711607798933983,503.79118999083335,846.2352535202226,174.6120346379612,37.25152528301987,189.64051026897505,-90.6763660627621,nan,nan,2,0.0,0.5,0.0,1.0,0.0,0.0,2.0,0.0,3.0,1.0,0.0,0.0,395.5,-90.6763660627621
317,649216,-0.004745669579036379,14.119240665435791,4.2388870080312095,0.003962872513208519,0.044157872907817364,0.2783759633700053,0.07487399131059647,3.441453695297241,0.779296875,0.00026494233599999996,0.0088314112,-0.005677402950823307,0.9943606853485107,5,30,False,0.007749946787953377,504.20243026218157,848.5890950222383,175.06222019209235,37.349574736028444,189.64051026897505,-77.91599794965789,nan,nan,6,0.0,0.16666666666666666,0.0,0.3333333333333333,0.6666666666666666,0.0,0.6666666666666666,0.6666666666666666,1.8333333333333333,1.6666666666666667,0.0,0.6666666666666666,548.0,-77.91599794965789
318,651264,-0.004495371990681936,26.106292152404784,4.2412557125091555,0.004987716420203414,0.059812658567291996,0.2825293262799581,-0.6626144051551819,5.074929714202881,0.8009440104166666,0.000264831744,0.0088277248,-0.004632404539734125,0.9953944683074951,5,30,False,0.009177346713840961,504.594472355822,850.9700696322252,175.53187977227208,37.44916154202656,189.64051026897505,-101.15757045999999,nan,nan,2,0.0,0.0,0.0,1.0,0.0,0.0,1.0,0.0,1.5,2.0,0.0,0.0,427.5,-101.15757045999999
319,653312,-0.0032185144528436163,31.536717224121094,4.245991818110148,0.0035461098639491596,0.03689496816368774,0.29267341842254,-0.2298039197921753,5.276571273803711,0.7801106770833334,0.000264721152,0.0088240384,-0.002492946805432439,0.9975163340568542,5,30,False,0.0065617635846138,504.9353053842253,853.434453495327,176.02905657915107,37.55438713601325,189.64051026897505,-99.52180793152999,nan,nan,7,0.0,0.14285714285714285,0.0,1.0,0.0,0.0,1.1428571428571428,0.0,2.142857142857143,1.8571428571428572,0.0,0.0,463.0,-99.52180793152999
320,655360,-0.004513842165761161,29.925138473510742,4.251914707819621,0.004731197822664468,0.05540295185831686,0.30325784186522164,-0.22419875860214233,5.141092777252197,0.7848307291666666,0.00026461055999999996,0.008820352,-0.0006828025216236711,0.9993178844451904,5,30,False,0.009284155443310738,505.1012503672188,856.2494220394146,176.60193424017052,37.660665087008965,189.64051026897505,-81.59588068630244,nan,nan,6,0.0,0.3333333333333333,0.16666666666666666,0.6666666666666666,0.16666666666666666,0.0,1.3333333333333333,0.3333333333333333,1.6666666666666667,1.1666666666666667,0.16666666666666666,0.16666666666666666,410.8333333333333,-81.59588068630244
321,657408,-0.00447051147542273,13.99852466583252,4.255739641189575,0.00392136003475208,0.04226680633922418,0.2784717286626498,-0.35282453894615173,3.628110408782959,0.8811848958333334,0.000264499968,0.0088166656,-0.0005745444213971496,0.999426007270813,5,30,False,0.006173326633870602,505.2272346501992,859.1731087844964,177.16790565008705,37.76911758200731,189.64051026897505,-81.09587613768902,nan,nan,3,0.0,0.0,0.0,0.6666666666666666,0.3333333333333333,0.0,1.6666666666666667,0.3333333333333333,2.3333333333333335,1.0,0.0,0.3333333333333333,469.6666666666667,-81.09587613768902
322,659456,-0.0031269889363708596,31.496928024291993,4.254800971349081,0.0027582872036512386,0.02433403624454513,0.32774468809366225,-0.6127176880836487,5.627352237701416,0.732421875,0.000264389376,0.0088129792,-0.000686382525600493,0.99931401014328,5,30,False,0.004557193722575903,505.54158023134033,861.6871720673371,177.67124266510655,37.8706458620145,189.64051026897505,-88.85616513230343,nan,nan,5,0.0,0.4,0.2,0.8,0.0,0.0,1.2,0.2,2.0,1.6,0.0,0.0,390.8,-88.85616513230343
323,661504,-0.004235734484003236,34.98904590606689,4.254418134689331,0.0035010132597978584,0.03556840668121974,0.2959791426857313,-0.3883490264415741,5.637050151824951,0.8497721354166666,0.00026427878399999996,0.0088092928,-0.0010224716970697045,0.9989787936210632,5,30,False,0.005714818369597197,505.8690259132595,864.1140480723989,178.22582369406882,37.96753655902285,189.64051026897505,-86.60815310625476,nan,nan,5,0.0,0.4,0.0,0.8,0.2,0.0,1.6,0.2,2.2,1.2,0.0,0.2,413.4,-86.60815310625476
324,663552,-0.00455785928061232,17.29657917022705,4.253941408793131,0.005416995549792972,0.0681437087090065,0.29710822453101476,0.4135250151157379,3.89743971824646,0.7587890625,0.000264168192,0.0088056064,-0.0010675487574189901,0.9989334344863892,5,30,False,0.010831854306161404,506.0810427175856,866.7653661734657,178.8304389380064,38.076853479025885,189.64051026897505,-73.05311464128363,nan,nan,4,0.0,0.5,0.0,0.5,0.5,0.0,1.75,0.5,1.75,0.75,0.0,0.5,466.0,-73.05311464128363
325,665600,-0.004618611163459718,45.471017074584964,4.253639427820842,0.004189378407449346,0.04546196505737801,0.30730580488840736,-0.7236878275871277,5.4426164627075195,0.8186848958333334,0.0002640576,0.00880192,-0.0008923499844968319,0.9991083145141602,5,30,False,0.0073149981908500195,506.22632410093587,869.629534081454,179.39739087609632,38.18070781802817,189.64051026897505,-101.34528883959543,nan,nan,6,0.0,0.0,0.0,1.0,0.0,0.0,1.0,0.0,1.8333333333333333,2.0,0.0,0.0,455.0,-101.34528883959543
326,667648,-0.0034033159958198667,21.470971298217773,4.25387864112854,0.003856615236630508,0.04211790692061186,0.3113743801911672,0.515528678894043,4.3081207275390625,0.7452799479166666,0.00026394700799999997,0.0087982336,-0.001083956565707922,0.9989168643951416,5,30,False,0.007191574666649103,506.3694016755964,872.4864879725792,179.96603623092233,38.29627451203123,189.64051026897505,-90.57269388524203,nan,nan,3,0.0,0.3333333333333333,0.0,1.0,0.0,0.0,2.0,0.0,2.3333333333333335,1.0,0.0,0.0,386.6666666666667,-90.57269388524203
327,669696,-0.0036642656680972627,23.125323486328124,4.254590193430583,0.004361808999900422,0.05530973218459015,0.30168283730745316,0.602019727230072,4.233170032501221,0.8253580729166666,0.000263836416,0.0087945472,-0.00044934655306860805,0.9995508193969727,5,30,False,0.008590368553996086,506.45070678074427,875.4644840213878,180.55770417991152,38.41895388203557,189.64051026897505,-79.83662394868279,nan,nan,5,0.0,0.2,0.0,0.8,0.2,0.0,1.6,0.4,2.4,0.8,0.2,0.2,489.8,-79.83662394868279
328,671744,-0.003834925110762318,35.740645027160646,4.254805660247802,0.00488708549694523,0.057269943342544136,0.32408719807863234,-0.14310792088508606,6.173203945159912,0.8103841145833334,0.000263725824,0.0087908608,-0.0010509741259738803,0.9989498853683472,5,30,False,0.008833511732518673,506.56655584701934,878.3659378244629,181.1511118420167,38.52991976302292,189.64051026897505,-87.86201091765058,nan,nan,3,0.0,0.0,0.0,0.6666666666666666,0.3333333333333333,0.0,1.0,0.3333333333333333,2.3333333333333335,1.6666666666666667,0.0,0.3333333333333333,487.0,-87.86201091765058
329,673792,-0.005022321299960216,27.029365921020506,4.254873132705688,0.003648383275383747,0.040175398268426456,0.28377758860588076,0.8815675377845764,4.3837480545043945,0.8331705729166666,0.00026361523199999997,0.0087871744,-9.913236135616899e-05,0.9999009370803833,5,30,False,0.007855171337723732,506.79000817181077,881.0126447403163,181.72950226601097,38.63271259602334,189.64051026897505,-70.63766160844413,nan,nan,6,0.0,0.16666666666666666,0.0,0.5,0.5,0.0,1.0,0.8333333333333334,2.8333333333333335,1.0,0.16666666666666666,0.5,523.0,-70.63766160844413
330,675840,-0.0037473871314432474,33.05599422454834,4.255690797170003,0.0042260666682887825,0.049219328991603105,0.32168472111225127,-0.5567978024482727,5.653863430023193,0.8064778645833334,0.00026350463999999995,0.008783487999999999,-0.0010399958118796349,0.9989608526229858,5,30,False,0.00721536623314023,507.02049568876384,883.6189879072335,182.32310569287802,38.74706696503563,189.64051026897505,-100.79729008472236,nan,nan,2,0.0,0.0,0.0,1.0,0.0,0.0,1.0,0.0,2.0,2.0,0.0,0.0,492.5,-100.79729008472236
331,677888,-0.0038330175729546076,18.38933095932007,4.253587357203165,0.004129567174981371,0.04678493808799734,0.30847591410080594,0.46093812584877014,3.4951353073120117,0.6778971354166666,0.000263394048,0.0087798016,-0.001042393734678626,0.9989585280418396,5,30,False,0.0074647534638643265,507.3306725229625,886.0532542082074,182.8751675148087,38.848910871034604,189.64051026897505,-77.18913437529488,nan,nan,5,0.0,0.4,0.2,0.6,0.2,0.0,1.6,0.4,1.6,1.0,0.0,0.2,492.2,-77.18913437529488
332,679936,-0.004230725976716106,39.905649948120114,4.254032834370931,0.0038032563138859646,0.04230672869210442,0.28345249940951667,0.004529464058578014,5.942559719085693,0.8938802083333334,0.000263283456,0.0087761152,-0.000851351534947753,0.999149739742279,5,30,False,0.006875128019601107,507.47994639161755,888.8822664850741,183.45507334485592,38.95211128403025,189.64051026897505,-94.75690990747353,nan,nan,4,0.0,0.0,0.0,1.0,0.0,0.0,1.5,0.0,2.25,1.25,0.25,0.0,465.25,-94.75690990747353
333,681984,-0.0042476256067554155,26.27339859008789,4.254350344340007,0.004588447889120069,0.05204803164427479,0.31719949940840403,-0.055279094725847244,4.942382335662842,0.75390625,0.00026317286399999996,0.008772428799999999,-0.0007230368792079389,0.9992777705192566,5,30,False,0.009499650448560715,507.74511756034303,891.4010477521078,184.03323797890334,39.05672237003455,189.64051026897505,-76.79378473147881,nan,nan,4,0.0,0.0,0.25,0.25,0.5,0.0,0.25,0.75,1.25,2.0,0.0,0.5,548.5,-76.79378473147881
334,684032,-0.0023566928032475215,40.265519332885745,4.255269463857015,0.0035483057135222446,0.03395289639011025,0.30109892090161644,-0.41212525963783264,6.0911993980407715,0.79052734375,0.000263062272,0.0087687424,-0.00034899450838565826,0.9996511936187744,5,30,False,0.006003900896757841,507.91038213518175,894.1722457412252,184.6160129768832,39.16260404702916,189.64051026897505,-88.63851383083966,nan,nan,4,0.0,0.25,0.0,0.75,0.25,0.0,1.25,0.25,2.0,1.5,0.0,0.25,447.5,-88.63851383083966
335,686080,-0.004901615103396277,31.66362075805664,4.255621004104614,0.0045620931295200454,0.05047029176494107,0.3193891912698746,-0.8210642337799072,5.131565570831299,0.69140625,0.00026295168,0.008765056,-0.00039564992766827345,0.9996045827865601,5,30,False,0.008170509710907936,508.217504257174,896.5645157561812,185.1996440699004,39.27053725802398,189.64051026897505,-90.79231661180704,nan,nan,7,0.0,0.14285714285714285,0.0,0.8571428571428571,0.14285714285714285,0.0,1.4285714285714286,0.14285714285714285,2.4285714285714284,1.4285714285714286,0.0,0.14285714285714285,467.85714285714283,-90.79231661180704
336,688128,-0.005324219927812616,21.435937690734864,4.25522977511088,0.004530138562247038,0.05202752438684304,0.30458583533763883,-0.2980369031429291,4.256562232971191,0.7224934895833334,0.00026284108799999996,0.0087613696,-0.0006163420039229095,0.9993842840194702,5,30,False,0.008559416979551315,508.32699803185915,899.4535578239884,185.79827437781205,39.38366265402874,189.64051026897505,-87.28202005743758,nan,nan,3,0.0,0.3333333333333333,0.0,1.0,0.0,0.0,2.3333333333333335,0.0,3.0,0.6666666666666666,0.0,0.0,346.3333333333333,-87.28202005743758
337,690176,-0.004390351039667924,20.40715389251709,4.253790330886841,0.004997221316126774,0.05861434822436422,0.3195459494988124,0.6084805130958557,4.627732276916504,0.77490234375,0.000262730496,0.0087576832,-0.0015336654614657164,0.998468279838562,5,30,False,0.00793812982738018,508.6956945461826,901.7003661179333,186.36516365487478,39.487098220022744,189.64051026897505,-72.6905448012282,nan,nan,3,0.0,0.0,0.0,0.3333333333333333,0.6666666666666666,0.0,1.0,0.6666666666666666,2.6666666666666665,1.0,0.3333333333333333,0.6666666666666666,561.6666666666666,-72.6905448012282
338,692224,-0.0052783969324082134,34.179052734375,4.253078683217367,0.005145742464109082,0.05841767971093456,0.2928609902660052,-0.7772436141967773,5.74179220199585,0.7125651041666666,0.000262619904,0.0087539968,-0.0008527547470293939,0.9991483688354492,5,30,False,0.008492184802889824,508.9373937836918,904.2301397595875,186.97919248878316,39.59512482401624,189.64051026897505,-73.08638371370084,nan,nan,5,0.0,0.2,0.0,0.6,0.4,0.0,1.6,0.6,1.8,0.8,0.0,0.4,481.8,-73.08638371370084
339,694272,-0.0033491953363409266,28.95421257019043,4.255247672398885,0.004567481465499809,0.05121797481551767,0.3196473032236099,1.0169548988342285,5.032191753387451,0.876953125,0.00026250931199999996,0.0087503104,0.0,1.0,5,30,False,0.008428388275206089,509.0977613115201,907.0426294977369,187.52397992288752,39.69798862902098,189.64051026897505,-64.8489688778253,nan,nan,6,0.0,0.16666666666666666,0.16666666666666666,0.5,0.3333333333333333,0.16666666666666666,1.0,0.8333333333333334,2.0,1.0,0.16666666666666666,0.3333333333333333,402.3333333333333,-64.8489688778253
340,696320,-0.0033910367123705025,42.11376419067383,4.256810283660888,0.0033017379001392963,0.03188240492405991,0.3114658609032631,-0.8169973492622375,6.385953426361084,0.8030598958333334,0.00026239872,0.008746624,0.0,1.0,5,30,False,0.005448756739497185,509.4259612965127,909.4379709095374,188.03437426267192,39.809662565021426,189.64051026897505,-87.22570062812042,nan,nan,4,0.0,0.0,0.0,0.75,0.25,0.0,0.5,0.5,2.75,1.75,0.25,0.25,497.75,-87.22570062812042
341,698368,-0.00421606080174873,8.954885292053223,4.256614255905151,0.004115973804558356,0.04299467719780902,0.3255454182624817,0.8239713907241821,2.768437147140503,0.7952473958333334,0.000262288128,0.0087429376,-0.00012376875383779407,0.9998762607574463,5,30,False,0.007718308363109827,509.5650756913863,912.2724520315824,188.6060398195841,39.921491820015945,189.64051026897505,-91.33911442562521,nan,nan,2,0.0,0.0,0.0,0.5,0.5,0.0,0.0,0.5,1.0,2.5,0.0,0.5,538.5,-91.33911442562521
342,700416,-0.0016527723986655475,25.44157009124756,4.256727600097657,0.0022848582193539186,0.018464194160575667,0.32341704666614535,-0.7511467337608337,4.8176469802856445,0.8203125,0.00026217753599999997,0.008739251200000001,0.0,1.0,5,30,False,0.004794592037796974,509.7335632478736,915.0498182305164,189.16435489572177,40.026438988003065,189.64051026897505,-71.1466048349211,nan,nan,60,0.0,0.0,0.0,0.5,0.5,0.016666666666666666,2.6,0.06666666666666667,2.85,0.3333333333333333,nan,0.05,245.91666666666666,nan
343,702464,-0.004280770587502048,22.44103240966797,4.256815433502197,0.003753296276971437,0.043319495976902544,0.3119953880707423,-0.6778436899185181,4.286422252655029,0.7330729166666666,0.000262066944,0.0087355648,0.0,1.0,5,30,False,0.007631717715412378,501.79080194307363,917.6398339155567,189.73871161187708,40.13521014500293,212.05701775997295,-83.60234084242984,nan,nan,8,0.0,0.125,0.0,0.75,0.25,0.0,1.75,0.25,2.625,1.0,0.0,0.25,448.0,-83.60234084242984
344,704512,-0.0039026627860342463,29.494224548339844,4.256815449396769,0.004475219440262827,0.05048867662747701,0.3266019533077876,-0.7457224130630493,6.014502048492432,0.66748046875,0.000261956352,0.0087318784,0.0,1.0,5,30,False,0.008885029703378677,502.2550024087642,919.7616402843269,190.15983535793202,40.25879956300196,212.05701775997295,-85.76937070496024,nan,nan,3,0.0,0.0,0.0,0.6666666666666666,0.3333333333333333,0.0,1.0,0.3333333333333333,2.0,1.3333333333333333,0.3333333333333333,0.3333333333333333,394.0,-85.76937070496024
345,706560,-0.004752438977205505,30.05566539764404,4.2568154017130535,0.004902102915608453,0.059615667773565896,0.3135617598891258,-0.39651626348495483,4.8545637130737305,0.7444661458333334,0.00026184575999999997,0.008728192,0.0,1.0,5,30,False,0.008182606659829617,502.510491813295,922.3715270833927,190.6663205218938,40.37097085300775,212.05701775997295,-89.62895151768377,nan,nan,6,0.0,0.0,0.0,0.8333333333333334,0.16666666666666666,0.0,1.3333333333333333,0.16666666666666666,2.3333333333333335,1.1666666666666667,0.3333333333333333,0.16666666666666666,498.5,-89.62895151768377
346,708608,-0.0034266481796900432,27.238768768310546,4.256101767222087,0.0031188335534047557,0.0298198445700109,0.3007249116897583,-0.4438849985599518,4.823040962219238,0.8191731770833334,0.000261735168,0.0087245056,-0.0006684546824544668,0.9993321895599365,5,30,False,0.006377807352691889,502.7828753134231,924.8816720084142,191.23679265589453,40.47289799399732,212.05701775997295,-86.44541610860396,nan,nan,5,0.0,0.4,0.0,1.0,0.0,0.0,2.4,0.0,1.8,0.6,0.0,0.0,366.4,-86.44541610860396
347,710656,-0.0037018304433634815,39.060159301757814,4.253150113423666,0.0043387924541846,0.0520331815816462,0.33056976199150084,-0.620772659778595,6.2550554275512695,0.8486328125,0.000261624576,0.0087208192,-0.002086049411445856,0.9979175329208374,5,30,False,0.009146674536168575,502.9777728681897,927.5834249524487,191.82422551677155,40.584082810994005,212.05701775997295,-100.89477387192795,nan,nan,3,0.0,0.0,0.0,1.0,0.0,0.0,1.0,0.0,1.6666666666666667,2.0,0.0,0.0,360.0,-100.89477387192795
348,712704,-0.0078024855543238425,23.834345817565918,4.251766792933146,0.007771356040900647,0.10862465591635555,0.35444661329189936,-0.5966054201126099,4.765688419342041,0.6632486979166666,0.00026151398399999997,0.0087171328,-0.0008716726442798972,0.9991289377212524,5,30,False,0.012200336903333664,503.2234277900428,930.2047900015023,192.34920353864436,40.694687257986516,212.05701775997295,-79.36159263725942,nan,nan,6,0.0,0.3333333333333333,0.0,0.6666666666666666,0.3333333333333333,0.0,1.6666666666666667,0.3333333333333333,2.0,0.6666666666666666,0.3333333333333333,0.3333333333333333,407.0,-79.36159263725942
349,714752,-0.0035422892152079536,18.97937717437744,4.255975516637166,0.0035404831355226726,0.035395246061186,0.382324763139089,0.2260010689496994,3.909698963165283,0.6525065104166666,0.00026140339199999996,0.0087134464,-7.361158350249752e-05,0.9999264478683472,5,30,False,0.007625440135598183,503.59582286152795,932.5813665404567,192.77394831861602,40.81053780898219,212.05701775997295,-75.81824142334484,nan,nan,6,0.0,0.5,0.0,0.6666666666666666,0.3333333333333333,0.0,2.1666666666666665,0.3333333333333333,2.8333333333333335,0.5,0.0,0.3333333333333333,445.3333333333333,-75.81824142334484
350,716800,-0.005349772427386294,12.95402545928955,4.256794023513794,0.006255245014733454,0.08093973815751572,0.36344636380672457,0.6217129230499268,3.6938188076019287,0.7439778645833334,0.0002612928,0.00870976,0.0,1.0,5,30,False,0.010738149285316467,503.7906903956674,935.3153022835613,193.32136482749775,40.92569075697975,212.05701775997295,-77.29813302459645,nan,nan,3,0.0,0.0,0.0,0.6666666666666666,0.3333333333333333,0.0,2.0,0.3333333333333333,3.0,0.6666666666666666,0.0,0.3333333333333333,521.6666666666666,-77.29813302459645
351,718848,-0.004062298630985121,29.21549263000488,4.256815417607625,0.0038765532453512662,0.041521525650750846,0.31951754887898765,-0.24011503159999847,5.046518325805664,0.7838541666666666,0.000261182208,0.0087060736,0.0,1.0,5,30,False,0.007359134033322334,504.09585034291496,937.761221139328,193.8568236635474,41.030300312981126,212.05701775997295,-95.09789418817108,nan,nan,5,0.0,0.4,0.0,1.0,0.0,0.0,1.6,0.0,2.6,1.4,0.0,0.0,393.8,-95.09789418817108
352,720896,-0.0022276294155744837,27.481212043762206,4.256813796361287,0.003328334801593724,0.028536836756393312,0.30750839759906134,0.1164385974407196,4.720141410827637,0.89208984375,0.00026107161599999996,0.0087023872,-2.3829334168112837e-05,0.9999761581420898,5,30,False,0.005137103609740734,504.22590966975554,940.6471172581951,194.42542590953235,41.14607596998394,212.05701775997295,-82.6053025583351,nan,nan,5,0.0,0.6,0.0,0.8,0.2,0.0,2.0,0.2,1.8,0.8,0.0,0.2,374.4,-82.6053025583351
353,722944,-0.0030422333142875384,25.39982738494873,4.256542142232259,0.005047535626605774,0.05900205249587695,0.36697513063748677,-0.17844635248184204,5.15919303894043,0.7809244791666666,0.000260961024,0.0086987008,-0.00039730369462631643,0.9996029734611511,5,30,False,0.00862152874469757,504.4190251783281,943.3933974393294,194.95569782260281,41.26332898697001,212.05701775997295,-87.50101309112604,nan,nan,3,0.0,0.6666666666666666,0.0,1.0,0.0,0.0,2.3333333333333335,0.0,2.3333333333333335,0.6666666666666666,0.0,0.0,369.6666666666667,-87.50101309112604
354,724992,-0.0035369275778066368,15.01959171295166,4.255644782384237,0.00504467205557511,0.05772568945540115,0.30700120627880095,0.6913906931877136,3.553616523742676,0.8761393229166666,0.000260850432,0.0086950144,-6.694845797028393e-05,0.999933123588562,5,30,False,0.008694740012288094,504.6166115043067,946.1645571193803,195.44835103968217,41.37142153795867,212.05701775997295,-79.59786230974768,nan,nan,5,0.0,0.0,0.2,0.4,0.4,0.0,0.6,0.6,2.2,1.8,0.0,0.4,544.4,-79.59786230974768
355,727040,-0.0051634844964913405,27.881242752075195,4.256629673639933,0.006183365470902441,0.07533681777616343,0.3231370454033216,-0.8733660578727722,5.172379970550537,0.73828125,0.00026073983999999996,0.008691328,-0.0003298765514045954,0.9996702075004578,5,30,False,0.008580990135669708,504.9106208044257,948.6461293853645,195.95837212345214,41.4767211239523,212.05701775997295,-90.92915879822961,nan,nan,6,0.0,0.3333333333333333,0.0,1.0,0.0,0.0,2.0,0.0,2.3333333333333335,1.0,0.0,0.0,420.3333333333333,-90.92915879822961
356,729088,-0.00582237447767208,34.66346702575684,4.256497049331665,0.005893973612815702,0.07730990456960475,0.38081384052832923,-1.1309220790863037,5.441779136657715,0.7106119791666666,0.000260629248,0.0086876416,0.0,1.0,5,30,False,0.013043629936873913,505.2964365723091,950.8748965823324,196.47522195643978,41.57968357796199,212.05701775997295,-91.04079861113951,nan,nan,3,0.0,0.3333333333333333,0.0,1.0,0.0,0.0,2.0,0.0,3.0,1.0,0.0,0.0,456.0,-91.04079861113951
357,731136,-0.007183742598863318,17.116757774353026,4.256787967681885,0.0057430939698223105,0.07246085278845081,0.32003757655620574,0.3490876257419586,3.7318878173828125,0.7683919270833334,0.000260518656,0.0086839552,-6.170571850816486e-06,0.9999938011169434,5,30,False,0.0103839710354805,505.4946344732623,953.6585667351173,196.9475057114032,41.685028166961274,212.05701775997295,-76.33790234235546,nan,nan,7,0.0,0.42857142857142855,0.0,0.7142857142857143,0.2857142857142857,0.0,2.2857142857142856,0.2857142857142857,2.4285714285714284,0.42857142857142855,0.0,0.2857142857142857,416.2857142857143,-76.33790234235546
358,733184,-0.0054432993444303674,17.33431911468506,4.2568147818247475,0.005897186263530263,0.0737932384479791,0.39440718044837314,-0.03613288700580597,4.308290481567383,0.6443684895833334,0.00026040806399999997,0.0086802688,0.0,1.0,5,30,False,0.013846891932189465,505.82438191358347,956.1553699269425,197.34689953443012,41.791123081959086,212.05701775997295,-75.79237102397019,nan,nan,4,0.0,0.5,0.0,0.75,0.25,0.0,2.5,0.25,3.0,0.25,0.0,0.25,420.25,-75.79237102397019
359,735232,-0.005287989025722102,33.01284351348877,4.256479771931966,0.0049820344524286264,0.0585473717811207,0.31336449136336647,-0.3800547122955322,5.226075649261475,0.7726236979166666,0.000260297472,0.0086765824,-0.00042108644265681505,0.999579131603241,5,30,False,0.007981337606906891,506.1379932335472,958.6498498349829,197.77928478336253,41.89035237795906,212.05701775997295,-87.19439701038014,nan,nan,7,0.0,0.42857142857142855,0.0,1.0,0.0,0.0,2.2857142857142856,0.0,2.142857142857143,0.5714285714285714,0.14285714285714285,0.0,394.0,-87.19439701038014
360,737280,-0.004986466290817285,22.73477077484131,4.252871751785278,0.003882036423842202,0.04144984405332555,0.3429212654630343,0.46761855483055115,4.524730682373047,0.73193359375,0.00026018688,0.008672896,-0.0022734031081199646,0.9977304935455322,5,30,False,0.0073024737648665905,506.39442755004706,961.1901524530113,198.32653880742146,41.993397453959915,212.05701775997295,-83.7838550497933,nan,nan,3,0.0,0.6666666666666666,0.0,1.0,0.0,0.0,2.6666666666666665,0.0,2.3333333333333335,0.3333333333333333,0.0,0.0,341.6666666666667,-83.7838550497933
361,739328,-0.005421632435172796,21.33985595703125,4.249834950764974,0.005329461678644857,0.0626565924884441,0.3456801141301791,0.4243725538253784,4.3141045570373535,0.7527669270833334,0.00026007628799999997,0.0086692096,-0.0019267040770500898,0.9980762004852295,5,30,False,0.007793179713189602,506.6634153739899,963.7062539091421,198.85021841035632,42.10297113996057,212.05701775997295,-91.27361920713989,nan,nan,5,0.0,0.4,0.0,1.0,0.0,0.0,2.0,0.0,2.2,1.0,0.0,0.0,457.8,-91.27361920713989
362,741376,-0.004272263080929406,19.158935451507567,4.25175682703654,0.0041873921499902735,0.04858575302641839,0.303129672507445,0.2328966110944748,4.076989650726318,0.7918294270833334,0.00025996569599999995,0.0086655232,-0.002259732922539115,0.9977447390556335,5,30,False,0.0066844099201262,506.8972481865765,966.2637936899118,199.41693524844595,42.21681736096798,212.05701775997295,-82.83408115625143,nan,nan,5,0.0,0.4,0.0,0.8,0.2,0.0,2.0,0.2,1.4,0.8,0.0,0.2,429.6,-82.83408115625143
363,743424,-0.0033114066575459828,27.29365768432617,4.249972709019979,0.0029004241072303196,0.026640940884438653,0.3266150618592898,0.024777671322226524,4.932901382446289,0.7423502604166666,0.000259855104,0.0086618368,-0.002055464079603553,0.997948408126831,5,30,False,0.006508181802928448,507.16153943562995,968.8112863580027,199.91368839943607,42.328284188959515,212.05701775997295,-78.68543503572509,nan,nan,5,0.0,0.4,0.0,0.6,0.4,0.0,1.6,0.4,1.4,1.0,0.0,0.4,439.6,-78.68543503572509
364,745472,-0.004595646866073366,20.51042022705078,4.252243947982788,0.0044184954214052385,0.04987128358334303,0.3417114873727163,-0.2196325808763504,4.878081321716309,0.6689453125,0.00025974451199999997,0.0086581504,-0.0009405975579284132,0.9990600347518921,5,30,False,0.008023167960345745,507.6076750325369,970.8457424859662,200.40915792121086,42.437675042965566,212.05701775997295,-71.18272165054441,nan,nan,3,0.0,0.3333333333333333,0.0,0.6666666666666666,0.3333333333333333,0.0,1.6666666666666667,0.6666666666666666,2.0,0.6666666666666666,0.0,0.3333333333333333,462.0,-71.18272165054441
365,747520,-0.00403780578635633,23.35122146606445,4.254190429051717,0.004255836550304911,0.040482210492094356,0.35315647969643277,-0.35546988248825073,4.618631362915039,0.7431640625,0.00025963392,0.008654464,-0.0014256624272093177,0.9985774755477905,5,30,False,0.006369616836309433,507.8473353297452,973.3735602798552,200.9381884993345,42.59186013197177,212.05701775997295,-90.96764935397576,nan,nan,7,0.0,0.2857142857142857,0.0,1.0,0.0,0.0,2.0,0.0,2.142857142857143,1.0,0.0,0.0,412.0,-90.96764935397576
366,749568,-0.006698854950567087,17.656451988220216,4.2522681713104244,0.007973255453166204,0.11154552946488062,0.36410649518171945,0.690820574760437,4.082667350769043,0.7361653645833334,0.000259523328,0.0086507776,-0.001245346269570291,0.998757004737854,5,30,False,0.01627400331199169,508.2620688765257,975.4864424337575,201.41283057136752,42.72889743796259,212.05701775997295,-80.21188086274324,nan,nan,5,0.0,1.0,0.0,1.0,0.0,0.0,3.0,0.0,2.2,0.0,0.0,0.0,358.8,-80.21188086274324
367,751616,-0.004321378017387663,17.60164165496826,4.253270181020101,0.004292507516525231,0.04691125227448841,0.2987956752379735,0.15744341909885406,4.058321952819824,0.7967122395833334,0.000259412736,0.0086470912,-0.0011585339671000838,0.9988435506820679,5,30,False,0.006872041150927544,508.382045499422,978.3222516086971,201.99642903520726,42.86792725196574,212.05701775997295,-63.551417145699816,nan,nan,4,0.0,0.5,0.0,0.5,0.5,0.0,2.0,0.75,1.5,0.25,0.0,0.5,463.0,-63.551417145699816
368,753664,-0.004440736739585797,21.14780197143555,4.254188203811646,0.005512726548295419,0.06856737500832727,0.33462123771508534,0.702581524848938,4.694631099700928,0.7224934895833334,0.00025930214399999996,0.0086434048,-0.00054006720893085,0.9994603991508484,5,30,False,0.009660059586167336,508.61194040388244,980.9970287836186,202.4460408592422,43.0046045009658,212.05701775997295,-73.4812639745511,nan,nan,4,0.0,0.25,0.25,0.5,0.25,0.0,1.5,0.5,1.75,1.0,0.0,0.25,434.0,-73.4812639745511
369,755712,-0.003361834475314633,32.81044998168945,4.254835478464762,0.0034018845806764917,0.03355675678855429,0.32696843445301055,-0.9199482798576355,5.342604637145996,0.7443033854166666,0.000259191552,0.0086397184,-0.0012660614447668195,0.9987348318099976,5,30,False,0.005473063327372074,508.75973228576413,983.7609813895397,203.0117230843898,43.14512436695804,212.05701775997295,-97.8409970730147,nan,nan,6,0.0,0.16666666666666666,0.0,1.0,0.0,0.0,1.3333333333333333,0.0,2.3333333333333335,1.6666666666666667,0.0,0.0,433.3333333333333,-97.8409970730147
370,757760,-0.004019163006645007,19.194656372070312,4.254568068186442,0.003537650979366232,0.037704902002587914,0.3693024069070816,-0.4914662837982178,4.402769565582275,0.6285807291666666,0.00025908096,0.008636032,-0.00010344851034460589,0.9998966455459595,5,30,False,0.006297365762293339,509.06473016140586,986.0413221624913,203.60271733628178,43.289353898959234,212.05701775997295,-84.55684366761743,nan,nan,5,0.0,0.6,0.0,1.0,0.0,0.0,2.6,0.0,2.6,0.4,0.0,0.0,369.6,-84.55684366761743
371,759808,-0.0038756488735089078,32.2932014465332,4.25671321551005,0.004321024198961854,0.045503452237850676,0.3368530973792076,-0.16874220967292786,5.018004894256592,0.7607421875,0.00025897036799999996,0.0086323456,-5.950107879471034e-05,0.9999405741691589,5,30,False,0.008472418412566185,509.24991786150235,988.6431041664182,204.2095219232724,43.42661921997205,212.05701775997295,-80.66222575683994,nan,nan,7,0.0,0.5714285714285714,0.0,0.8571428571428571,0.14285714285714285,0.0,2.4285714285714284,0.14285714285714285,2.7142857142857144,0.42857142857142855,0.0,0.14285714285714285,379.85714285714283,-80.66222575683994
372,761856,-0.004606040466266374,25.155838394165038,4.256352726618449,0.004876663022359962,0.05705638451036066,0.3708295444647471,-0.8025286197662354,5.231627464294434,0.6790364583333334,0.000258859776,0.0086286592,-0.00042991089867427945,0.999570369720459,5,30,False,0.008411646820604801,509.5543344471075,990.9062732404855,204.80154366420174,43.57710179097194,212.05701775997295,-75.3500617993493,nan,nan,4,0.0,0.5,0.0,0.75,0.25,0.0,2.5,0.25,2.5,0.25,0.0,0.25,374.25,-75.3500617993493
373,763904,-0.005761588490956152,29.719182777404786,4.256182400385539,0.0052796421733795635,0.06270969201189776,0.3207786828279495,-0.9602339267730713,5.398160457611084,0.6793619791666666,0.000258749184,0.0086249728,0.0,1.0,5,30,False,0.01022072322666645,509.7124940024435,993.5983055585821,205.4120448682079,43.70234882897057,212.05701775997295,-90.51746606258725,nan,nan,7,0.0,0.42857142857142855,0.0,1.0,0.0,0.0,2.0,0.0,2.0,1.0,0.0,0.0,361.85714285714283,-90.51746606258725
374,765952,-0.004533564995896692,19.677934837341308,4.256480677922567,0.004329488554382503,0.051752654587229094,0.33735295236110685,-0.07176424562931061,4.5052571296691895,0.6520182291666666,0.00025863859199999996,0.0086212864,-0.0004404039937071502,0.9995598793029785,5,30,False,0.008275739848613739,509.8912209633899,996.2072136195784,206.03427700120665,43.83930823097762,212.05701775997295,-82.6719801201738,nan,nan,5,0.0,0.8,0.0,1.0,0.0,0.0,2.8,0.0,3.0,0.2,0.0,0.0,341.8,-82.6719801201738
375,768000,-0.004998957668431103,22.957487106323242,4.255301062266032,0.005500892086286999,0.07046764063027998,0.33927436769008634,0.5737459659576416,4.51422119140625,0.7228190104166666,0.000258528,0.0086176,-0.0009673486347310245,0.9990341067314148,5,30,False,0.010259450413286686,510.1361605436827,998.7045055515046,206.58427812016453,43.96801381497062,212.05701775997295,-74.16685079834933,nan,nan,5,0.0,0.8,0.0,0.8,0.2,0.0,2.8,0.2,2.6,0.0,0.0,0.2,381.6,-74.16685079834933
376,770048,-0.002877448320699235,16.906945991516114,4.255189561843872,0.00299359824310316,0.027828079326233515,0.3175864706436793,1.0047361850738525,3.617172956466675,0.8102213541666666,0.000258417408,0.0086139136,0.0,1.0,5,30,False,0.0054109771735966206,510.3332797588527,1001.3266271914326,207.14726821512158,44.09151893797389,212.05701775997295,-71.31340660712128,nan,nan,6,0.0,0.16666666666666666,0.0,0.6666666666666666,0.3333333333333333,0.0,1.5,0.6666666666666666,2.3333333333333335,0.6666666666666666,0.16666666666666666,0.3333333333333333,419.8333333333333,-71.31340660712128
377,772096,-0.005056180587659279,28.473119926452636,4.2568155288696286,0.004543126507710582,0.05015012071623157,0.3229943305253983,0.3360306918621063,4.653426647186279,0.7644856770833334,0.00025830681599999997,0.0086102272,0.0,1.0,5,30,False,0.007418893743306398,510.5679115045848,1003.8213693223224,207.72680198421585,44.22188538397313,212.05701775997295,-107.71277090644405,nan,nan,3,0.0,0.0,0.0,1.0,0.0,0.0,0.3333333333333333,0.0,2.3333333333333335,2.6666666666666665,0.0,0.0,482.0,-107.71277090644405
378,774144,-0.0038443889701738954,40.96629371643066,4.256637493769328,0.003702112475428561,0.0388884987294053,0.3468943143884341,-1.3978184461593628,6.581556797027588,0.6785481770833334,0.000258196224,0.0086065408,-0.0001921232760651037,0.9998079538345337,5,30,False,0.005920818541198969,510.84567095586993,1006.2030644421175,208.28488605907478,44.35274835897144,212.05701775997295,-84.73128499059712,nan,nan,5,0.0,0.4,0.0,0.8,0.2,0.0,1.8,0.2,2.2,1.0,0.0,0.2,436.0,-84.73128499059712
379,776192,-0.004234017404572418,18.73759174346924,4.254189856847128,0.00397977559195571,0.04624988332313175,0.3490825414657593,0.3263936936855316,3.939624309539795,0.7763671875,0.000258085632,0.0086028544,-0.002143331803381443,0.9978607892990112,5,30,False,0.00819788221269846,511.06631245886297,1008.7234386119235,208.8685799089726,44.482733112963615,212.05701775997295,-74.44575846670269,nan,nan,5,0.0,0.6,0.0,0.6,0.4,0.0,2.0,0.4,2.2,0.6,0.0,0.4,400.0,-74.44575846670269
380,778240,-0.003609977522864938,28.489574241638184,4.250677569707235,0.005189539898840523,0.06603225960861892,0.3624147117137909,-0.407327800989151,5.616063594818115,0.67626953125,0.00025797503999999997,0.008599168,-0.00189367332495749,0.9981111288070679,5,30,False,0.00921379029750824,511.28528278145376,1011.2659267779381,209.42656723194523,44.61320530096418,212.05701775997295,-89.27519858922066,nan,nan,6,0.0,0.16666666666666666,0.0,0.8333333333333334,0.16666666666666666,0.0,1.5,0.16666666666666666,2.0,1.3333333333333333,0.0,0.16666666666666666,396.8333333333333,-89.27519858922066
381,780288,-0.005366723006591201,16.69284963607788,4.251177326838175,0.004145804356325103,0.039456561145683126,0.2892350460092227,1.3655070066452026,3.1191837787628174,0.8424479166666666,0.00025786444799999995,0.0085954816,-0.0017485457938164473,0.9982554912567139,5,30,False,0.006312853656709194,511.46439964400304,1013.9095208917715,209.99701570098114,44.751312159962254,212.05701775997295,-78.25980802807976,nan,nan,4,0.0,0.5,0.0,0.75,0.25,0.0,2.25,0.25,1.5,0.5,0.0,0.25,446.25,-78.25980802807976
382,782336,-0.005314941937103868,23.040837669372557,4.252130953470866,0.004677013901817828,0.05349541796992222,0.3661358927687009,0.42736753821372986,4.854231357574463,0.6124674479166666,0.000257753856,0.0085917952,-0.0014261023607105017,0.9985769987106323,5,30,False,0.009083972312510014,511.8443254285531,1016.1079873287381,210.43453825468896,44.885006971962866,212.05701775997295,-88.92955572371102,nan,nan,4,0.0,0.0,0.0,0.75,0.25,0.0,1.25,0.25,2.25,1.5,0.0,0.25,486.25,-88.92955572371102
383,784384,-0.0037638854157800478,17.434550189971922,4.253651301066081,0.0045118402236199225,0.050847729621455076,0.3297395716110865,-0.3711918592453003,3.969268321990967,0.79443359375,0.000257643264,0.0085881088,-0.0005168397328816354,0.999483585357666,5,30,False,0.008436648175120354,511.97028753701915,1018.9071136265993,211.0311139356345,44.98841738396732,212.05701775997295,-89.05851755995143,nan,nan,6,0.0,0.5,0.0,1.0,0.0,0.0,2.1666666666666665,0.0,2.6666666666666665,0.8333333333333334,0.0,0.0,388.6666666666667,-89.05851755995143
384,786432,-0.004325621714815498,27.72859916687012,4.255627997716268,0.0049663810295685375,0.05734523667100196,0.3557617942492167,0.09549061208963394,5.062612056732178,0.7141927083333334,0.000257532672,0.0085844224,-0.0005434335907921195,0.999457061290741,5,30,False,0.009193995036184788,512.2105752891083,1021.4572867466777,211.55353234270297,45.0882451429643,212.05701775997295,-98.54551583007941,nan,nan,4,0.0,0.0,0.0,1.0,0.0,0.0,1.25,0.0,2.5,1.75,0.0,0.0,419.0,-98.54551583007941
385,788480,-0.004982840087419996,19.046176528930665,4.254095061620077,0.005130293740270038,0.0636538764849926,0.3410504360993703,0.26153048872947693,3.9341318607330322,0.7801106770833334,0.00025742208,0.008580736,-0.0013528552372008562,0.998649001121521,5,30,False,0.008915222249925137,512.4959131327905,1023.9021304586786,212.0477671379631,45.18502790396451,212.05701775997295,-76.74596110530983,nan,nan,5,0.0,0.2,0.0,0.6,0.4,0.0,1.8,0.4,2.2,0.8,0.0,0.4,487.8,-76.74596110530983
386,790528,-0.005351303937156142,25.48914566040039,4.2525932153066,0.005589764397588249,0.06941317580640316,0.3319488152861595,0.35999688506126404,4.915530681610107,0.705078125,0.000257311488,0.0085770496,-0.0013137429486960173,0.9986881613731384,5,30,False,0.008308368735015392,512.8291998652419,1026.2236753107136,212.51105613590335,45.28775640996173,212.05701775997295,-74.75321943584277,nan,nan,5,0.0,0.4,0.2,0.6,0.2,0.0,1.8,0.4,2.2,0.8,0.0,0.2,413.6,-74.75321943584277
387,792576,-0.005200413533020765,28.604351234436034,4.253386116027832,0.005127867991931439,0.06098510651305939,0.3321142062544823,-1.4288480281829834,5.536444664001465,0.7117513020833334,0.00025720089599999996,0.0085733632,-0.0009104633936658502,0.9990905523300171,5,30,False,0.008949738927185535,513.0806346049949,1028.779173344621,212.98212848891853,45.38895954695181,212.05701775997295,-94.37548711759064,nan,nan,3,0.0,0.3333333333333333,0.0,1.0,0.0,0.0,1.6666666666666667,0.0,2.3333333333333335,1.3333333333333333,0.0,0.0,444.3333333333333,-94.37548711759064
388,794624,-0.0031735834355155626,21.233488082885742,4.255779488881429,0.003726483630779829,0.03968358831868197,0.32106834600369133,0.010975504294037819,3.931077003479004,0.7307942708333334,0.000257090304,0.0085696768,0.0,1.0,5,30,False,0.00711201224476099,513.413791448474,1031.0914453675941,213.44456981419353,45.49059783795383,212.05701775997295,-87.08480756476034,nan,nan,7,0.0,0.2857142857142857,0.0,0.8571428571428571,0.14285714285714285,0.0,1.7142857142857142,0.14285714285714285,2.2857142857142856,1.0,0.14285714285714285,0.14285714285714285,390.7142857142857,-87.08480756476034
389,796672,-0.005217001969382787,16.113575172424316,4.2568154017130535,0.00407203390246019,0.04596412288956344,0.32269001652797064,0.5176976919174194,4.036696910858154,0.7692057291666666,0.000256979712,0.008565990400000001,0.0,1.0,5,30,False,0.006683772429823875,513.6070808175618,1033.7809135735588,213.94341865120805,45.59816376096569,212.05701775997295,-97.10153198949729,nan,nan,4,0.0,0.0,0.0,1.0,0.0,0.0,1.25,0.0,2.75,1.5,0.25,0.0,404.0,-97.10153198949729
390,798720,-0.0039806600242930775,25.453517341613768,4.256815433502197,0.005050762194034854,0.05997954297733183,0.3094266270597776,0.03888523206114769,5.077047348022461,0.7814127604166666,0.00025686911999999996,0.008562304,0.0,1.0,5,30,False,0.009422704577445984,513.7559307403608,1036.4929198756581,214.49657197225315,45.7440416229656,212.05701775997295,-69.38451614674553,nan,nan,6,0.0,0.16666666666666666,0.16666666666666666,0.6666666666666666,0.16666666666666666,0.0,1.6666666666666667,0.6666666666666666,1.8333333333333333,0.6666666666666666,0.0,0.16666666666666666,446.1666666666667,-69.38451614674553
391,800768,-0.006087617206988701,16.364855575561524,4.256154282887777,0.00422516223506243,0.04735946375876665,0.3384463429450989,-0.07997344434261322,3.860518455505371,0.6774088541666666,0.000256758528,0.0085586176,-0.0006181203061714768,0.9993822574615479,5,30,False,0.0073737213388085365,513.9928681663138,1039.0465594197885,214.96480368322227,45.87986343195371,212.05701775997295,-90.45911983460101,nan,nan,60,0.0,0.2,0.0,1.0,0.0,0.0,2.566666666666667,0.05,2.7,0.38333333333333336,nan,0.05,277.93333333333334,nan
392,802816,-0.003902064294864734,26.314469718933104,4.2561241626739506,0.004275771398962941,0.04465135990952452,0.30615883866945903,-0.024736272171139717,4.53025484085083,0.7957356770833334,0.000256647936,0.008554931200000001,0.0,1.0,5,30,False,0.006972502917051315,506.57417205808883,1041.6556919469149,215.46346501729568,45.98938216494571,235.56139806297142,-90.7239697112731,nan,nan,5,0.0,0.2,0.0,1.0,0.0,0.0,2.0,0.0,2.6,1.0,0.0,0.0,389.6,-90.7239697112731
393,804864,-0.0037995732195364933,18.78914108276367,4.254933818181356,0.0033239987620918804,0.03596236250984172,0.3167006274064382,1.3435863256454468,4.063723087310791,0.8116861979166666,0.00025653734399999997,0.0085512448,-0.0016310829669237137,0.9983716011047363,5,30,False,0.007378400769084692,506.8544614805657,1044.1536024269008,215.89415379024285,46.108749346938566,235.56139806297142,-63.35575360390544,nan,nan,4,0.0,0.0,0.25,0.5,0.25,0.0,1.0,1.0,1.75,1.0,0.0,0.25,468.0,-63.35575360390544
394,806912,-0.003075294732116163,24.282125854492186,4.251499303181967,0.0043336524870977835,0.050103069480974226,0.364964996278286,0.04609229043126106,4.830343723297119,0.78759765625,0.00025642675199999995,0.0085475584,-0.0015135550638660789,0.9984898567199707,5,30,False,0.008355251513421535,507.0410427104088,1046.8827217408834,216.39369295434153,46.216990537941456,235.56139806297142,-87.89168489048673,nan,nan,3,0.0,0.0,0.0,0.6666666666666666,0.3333333333333333,0.0,1.0,0.3333333333333333,1.6666666666666667,1.6666666666666667,0.0,0.3333333333333333,519.0,-87.89168489048673
395,808960,-0.005796655074118462,12.276772689819335,4.2528389612833655,0.00623215248134604,0.07990607099297146,0.3285081202785174,0.4394229054450989,3.407017230987549,0.66748046875,0.00025631616,0.008543872000000001,-0.0009021255536936224,0.9990991353988647,5,30,False,0.00924774631857872,507.35117997752633,1049.2380107048957,216.86798838818504,46.32972540994524,235.56139806297142,-77.56206634418436,nan,nan,6,0.0,0.0,0.0,0.6666666666666666,0.3333333333333333,0.0,1.5,0.5,2.3333333333333335,1.0,0.0,0.3333333333333333,476.5,-77.56206634418436
396,811008,-0.004444244395320614,10.99153642654419,4.254314279556274,0.003226650612525846,0.036388948815874754,0.33786102732022605,0.451204389333725,3.249765157699585,0.76513671875,0.00025620556799999997,0.0085401856,-0.0016016381559893489,0.9984022378921509,5,30,False,0.005562236066907644,507.52854017366354,1051.98183805187,217.3568853850593,46.4635515739501,235.56139806297142,-70.7015096911191,nan,nan,3,0.0,0.6666666666666666,0.0,0.6666666666666666,0.3333333333333333,0.0,2.6666666666666665,0.3333333333333333,1.6666666666666667,0.0,0.0,0.3333333333333333,442.3333333333333,-70.7015096911191
397,813056,-0.005991056060884148,28.02043685913086,4.2498882929484045,0.003893666734135574,0.04112330592470244,0.29058236479759214,0.3266027569770813,4.755022048950195,0.7845052083333334,0.000256094976,0.0085364992,-0.002873682416975498,0.9971330165863037,5,30,False,0.008219164796173573,507.75059899360673,1054.581819196872,217.85801488418656,46.57017645194719,235.56139806297142,-74.13319832262248,nan,nan,6,0.0,0.16666666666666666,0.0,0.5,0.5,0.0,1.6666666666666667,0.5,1.8333333333333333,0.8333333333333334,0.0,0.5,495.1666666666667,-74.13319832262248
398,815104,-0.003579265368171036,28.146420669555663,4.2495768388112385,0.004224104859626195,0.04555850390655299,0.3272785827517509,0.025875091552734375,4.763813495635986,0.87255859375,0.000255984384,0.008532812800000001,-0.001297570182941854,0.9987033605575562,5,30,False,0.00760293984785676,507.92449924509054,1057.306429623015,218.40183103106392,46.67778023594292,235.56139806297142,-93.91925780436031,nan,nan,3,0.0,0.3333333333333333,0.0,1.0,0.0,0.0,1.6666666666666667,0.0,2.3333333333333335,1.3333333333333333,0.0,0.0,394.0,-93.91925780436031
399,817152,-0.005102152247324436,23.326990127563477,4.254792722066243,0.004987772354641153,0.061176193443437415,0.32458954403797785,-0.2234872728586197,4.656270503997803,0.7923177083333334,0.000255873792,0.0085291264,-0.0002306990063516423,0.999769389629364,5,30,False,0.008810581639409065,508.0325756489423,1060.2013912070106,218.96176135516725,46.793974681946565,235.56139806297142,-101.32422681809294,nan,nan,4,0.0,0.0,0.0,1.0,0.0,0.0,1.0,0.0,3.0,2.0,0.0,0.0,471.25,-101.32422681809294
400,819200,-0.006309251130248109,29.172186279296874,4.256643581390381,0.0056863578298968305,0.07581473219906912,0.30776385019222896,0.340004026889801,4.503892421722412,0.7542317708333334,0.00025576319999999996,0.00852544,0.0,1.0,5,30,False,0.011641379445791245,508.2004132979027,1062.9258346099814,219.4900756751158,46.915221410934464,235.56139806297142,-82.40488149953015,nan,nan,7,0.0,0.0,0.2857142857142857,0.5714285714285714,0.14285714285714285,0.0,0.8571428571428571,0.42857142857142855,1.8571428571428572,1.7142857142857142,0.0,0.14285714285714285,458.7142857142857,-82.40488149953015
401,821248,-0.005243511191414048,18.615204429626466,4.256488990783692,0.00408342493623109,0.04382006612528736,0.30014704912900925,-0.04888860136270523,4.184601783752441,0.748046875,0.000255652608,0.008521753600000001,-0.00031811409280635417,0.9996820688247681,5,30,False,0.007699471432715654,508.50745735875313,1065.2736100758193,219.9775080771651,47.02849152992712,235.56139806297142,-67.01035878070057,nan,nan,3,0.0,0.3333333333333333,0.0,0.6666666666666666,0.3333333333333333,0.0,2.0,0.6666666666666666,1.6666666666666667,0.3333333333333333,0.0,0.3333333333333333,513.3333333333334,-67.01035878070057
402,823296,-0.004011755161142597,19.89288196563721,4.2551456133524574,0.0038318665750267916,0.04108266883607333,0.29440631171067555,0.03854812681674957,3.5671825408935547,0.8260091145833334,0.000255542016,0.0085180672,-0.000870603951625526,0.9991300106048584,5,30,False,0.006153654307126999,508.6771078182384,1068.0317123658897,220.4825152921403,47.1375624089269,235.56139806297142,-81.94459252059642,nan,nan,5,0.0,0.0,0.2,0.8,0.0,0.2,1.4,0.2,1.2,1.2,0.2,0.0,457.8,-81.94459252059642
403,825344,-0.006549482497697075,19.534325313568115,4.253318421045939,0.004906488229729196,0.05839354310495158,0.28681333661079406,-0.026408342644572258,3.9295623302459717,0.7421875,0.000255431424,0.0085143808,-0.0011435890337452292,0.9988574981689453,5,30,False,0.008836709894239902,508.9164847495637,1070.4705301919894,221.07212595325836,47.250819901935756,235.56139806297142,-93.27136469409379,nan,nan,4,0.0,0.25,0.0,1.0,0.0,0.0,1.75,0.0,2.5,1.25,0.0,0.0,453.25,-93.27136469409379
404,827392,-0.003878413544346889,18.492295455932616,4.2548021157582605,0.004779923616654657,0.05714573057290787,0.29382792810599007,0.1085548847913742,3.859848737716675,0.9088541666666666,0.000255320832,0.0085106944,-7.579872180940583e-05,0.9999241828918457,5,30,False,0.009820664301514626,509.1135720532244,1073.1043828070106,221.60147629425046,47.36650068392919,235.56139806297142,-98.77884912402686,nan,nan,4,0.0,0.0,0.0,0.75,0.25,0.0,0.25,0.25,2.0,2.5,0.0,0.25,526.5,-98.77884912402686
405,829440,-0.003078976731922012,25.820895767211915,4.256772406895956,0.0037547272516406985,0.03699599097793301,0.33693142235279083,0.25146758556365967,5.067394733428955,0.7820638020833334,0.00025521024,0.008507008,-4.9531539843883365e-05,0.9999505281448364,5,30,False,0.006065772380679846,509.3756019101577,1075.5205032330123,222.14489634225902,47.482802288926905,235.56139806297142,-87.8753981647486,nan,nan,3,0.0,0.0,0.3333333333333333,0.6666666666666666,0.0,0.0,0.6666666666666666,0.3333333333333333,2.0,2.0,0.0,0.0,446.6666666666667,-87.8753981647486
406,831488,-0.0026419102912768723,20.41640853881836,4.255285787582397,0.00368736182215433,0.037947258166968825,0.34002112646897636,-0.634653627872467,4.487081050872803,0.732421875,0.00025509964799999996,0.0085033216,-0.0014296568697318435,0.9985718727111816,5,30,False,0.007540365681052208,509.51180654997313,1078.328324852977,222.69268404618197,47.59642201491806,235.56139806297142,-82.02904051555743,nan,nan,5,0.0,0.0,0.0,0.6,0.4,0.2,0.2,0.6,1.8,2.0,0.2,0.4,532.4,-82.02904051555743
407,833536,-0.0037274474588533243,21.6912691116333,4.252801958719889,0.00511231666470952,0.06009588954038918,0.3415790448586146,-0.22632376849651337,4.440019130706787,0.7555338541666666,0.000254989056,0.0084996352,-0.0007022467325441539,0.9992982745170593,5,30,False,0.009762111119925976,509.59021783212046,1081.2529634420061,223.29655234210077,47.70892361990991,235.56139806297142,-80.57685598358921,nan,nan,6,0.0,0.16666666666666666,0.0,0.8333333333333334,0.16666666666666666,0.0,1.6666666666666667,0.3333333333333333,2.6666666666666665,0.6666666666666666,0.3333333333333333,0.16666666666666666,399.0,-80.57685598358921
408,835584,-0.0028532267780974506,13.19738187789917,4.255629348754883,0.004153073449605591,0.04354146375941734,0.3171282882491748,0.2672339081764221,3.192676544189453,0.8636067708333334,0.000254878464,0.0084959488,-0.00021994378766976297,0.9997801184654236,5,30,False,0.006952413357794285,509.72197374883456,1084.0085926660104,223.91011608214467,47.82181963090261,235.56139806297142,-77.4299159013123,nan,nan,3,0.0,0.0,0.0,0.6666666666666666,0.3333333333333333,0.0,2.0,0.3333333333333333,3.0,0.6666666666666666,0.0,0.3333333333333333,481.0,-77.4299159013123
409,837632,-0.0051715016029144556,24.94506702423096,4.255160903930664,0.004338280513386011,0.05157007621601224,0.3502258335550626,-0.4089888036251068,4.440223217010498,0.8116861979166666,0.00025476787199999997,0.0084922624,-0.0009740017121657729,0.9990274310112,5,30,False,0.007032116875052452,509.88249454992024,1086.828359025094,224.3807795230823,47.92921746391221,235.56139806297142,-107.02155993698742,nan,nan,5,0.0,0.0,0.0,1.0,0.0,0.0,0.4,0.0,2.4,2.6,0.0,0.0,473.4,-107.02155993698742
410,839680,-0.005027317656883194,30.888802528381348,4.254492378234863,0.0044481525570450615,0.05551524484762922,0.29082305828730265,-0.4503057897090912,4.959217548370361,0.8610026041666666,0.00025465728,0.008488576,-0.0002451615291647613,0.9997549057006836,5,30,False,0.008877899497747421,510.06270772488455,1089.5295185180294,224.90217232985015,48.034953276917804,235.56139806297142,-100.96665733150118,nan,nan,5,0.0,0.2,0.0,1.0,0.0,0.0,1.0,0.0,2.6,2.0,0.0,0.0,426.6,-100.96665733150118
411,841728,-0.00557916418571646,14.024367618560792,4.256541156768799,0.005034012740655022,0.06425532572126637,0.3065964216987292,-0.005009553860872984,3.5406715869903564,0.8629557291666666,0.000254546688,0.0084848896,-6.759724055882543e-05,0.9999324679374695,5,30,False,0.009550614282488823,510.2602953013207,1092.0989237630129,225.48273161596444,48.14530811892473,235.56139806297142,-107.28564066663223,nan,nan,3,0.0,0.0,0.0,1.0,0.0,0.0,0.3333333333333333,0.0,2.3333333333333335,2.6666666666666665,0.0,0.0,493.6666666666667,-107.28564066663223
412,843776,-0.004042014667599385,33.02895545959473,4.2567570050557455,0.0038490524706085937,0.039008435257710514,0.3207251931230227,-1.1079738140106201,5.4342041015625,0.7259114583333334,0.00025443609599999997,0.0084812032,-3.884264879161492e-05,0.999961256980896,5,30,False,0.006748046260327101,510.4661304535649,1094.659784329182,226.02570727295824,48.25480980692373,235.56139806297142,-95.98828563060994,nan,nan,6,0.0,0.0,0.0,0.8333333333333334,0.16666666666666666,0.0,0.8333333333333334,0.16666666666666666,2.0,2.0,0.0,0.16666666666666666,488.1666666666667,-95.98828563060994
413,845824,-0.003909463729360141,16.73543224334717,4.254750967025757,0.0036316146549102276,0.03633598871529102,0.3309776778022448,-0.5992559790611267,4.041679859161377,0.7236328125,0.00025432550399999995,0.0084775168,-0.0017120998818427324,0.9982903003692627,5,30,False,0.00619475357234478,510.68315878535236,1097.1771972132265,226.58446847996674,48.35900490092172,235.56139806297142,-77.92945110547566,nan,nan,4,0.0,0.5,0.25,0.75,0.0,0.0,2.0,0.25,2.25,0.75,0.0,0.0,365.0,-77.92945110547566
414,847872,-0.0030531783937476575,17.622577381134032,4.248318926493327,0.004266725147724511,0.047566914088868845,0.34844985902309417,0.4539041221141815,3.962235450744629,0.7210286458333334,0.000254214912,0.0084738304,-0.004036761354655027,0.9959716200828552,5,30,False,0.006992329843342304,510.889424794711,1099.6897279920959,227.16904643287126,48.472133120914805,235.56139806297142,-85.8002078794696,nan,nan,5,0.0,0.2,0.0,0.8,0.2,0.0,1.6,0.2,2.2,1.0,0.2,0.2,408.4,-85.8002078794696
415,849920,-0.00362313056733304,17.530268096923827,4.2438846270243324,0.003278472616019426,0.03180642005366584,0.3195678656299909,0.18352410197257996,4.251094341278076,0.6951497395833334,0.00025410432,0.008470144,-0.004123508930206299,0.9958852529525757,5,30,False,0.005770710296928883,511.1742330490267,1102.0088929969643,227.69536454882473,48.58226466890483,235.56139806297142,-78.88281870114679,nan,nan,5,0.0,0.2,0.0,0.6,0.4,0.0,1.6,0.4,2.6,1.0,0.0,0.4,497.6,-78.88281870114679
416,851968,-0.0025017963785406512,16.92667179107666,4.245515203475952,0.0033528444905523277,0.03446425546426326,0.30901591181755067,-0.782616913318634,3.868879795074463,0.7522786458333334,0.000253993728,0.0084664576,-0.0037274863570928574,0.9962795972824097,5,30,False,0.006993535906076431,511.54444178896176,1104.0388649458328,228.24345736482064,48.683142588910414,235.56139806297142,-77.22925289384894,nan,nan,6,0.0,0.5,0.16666666666666666,0.8333333333333334,0.0,0.0,1.8333333333333333,0.3333333333333333,2.3333333333333335,0.5,0.3333333333333333,0.0,306.5,-77.22925289384894
417,854016,-0.005788225915360575,19.825046348571778,4.247259044647217,0.00547970536551109,0.069834635022562,0.3131810978055,0.3587641716003418,4.191401481628418,0.6956380208333334,0.000253883136,0.0084627712,-0.002390456385910511,0.9976131916046143,5,30,False,0.009946435689926147,511.8331269541756,1106.336797332915,228.76394209064892,48.80498584092129,235.56139806297142,-82.17526460818681,nan,nan,4,0.0,0.0,0.25,0.75,0.0,0.0,0.75,0.5,1.25,1.5,0.25,0.0,487.0,-82.17526460818681
418,856064,-0.0046410551066704405,23.048962783813476,4.249691375096639,0.006049713497930905,0.07914071391957501,0.33391774048407874,0.5183724761009216,4.697879791259766,0.7890625,0.000253772544,0.0084590848,-0.002557417843490839,0.9974464774131775,5,30,False,0.01078746933490038,512.0534485343328,1108.933896059927,229.22542398959922,48.91118709092552,235.56139806297142,-81.50602825133937,nan,nan,5,0.0,0.4,0.0,0.8,0.2,0.0,2.0,0.2,2.4,0.6,0.2,0.2,438.4,-81.50602825133937
419,858112,-0.0050983465034126615,23.679043769836426,4.252286593119304,0.005197944962795415,0.06601838693022728,0.348594701786836,-0.08713427931070328,4.578834056854248,0.7784830729166666,0.00025366195199999996,0.0084553984,-0.0006253405008465052,0.9993752837181091,5,30,False,0.011123156175017357,512.267972203074,1111.417096072968,229.79269455770554,49.024252344926936,235.56139806297142,-89.66360837686344,nan,nan,4,0.0,0.0,0.0,0.75,0.25,0.0,1.0,0.25,2.75,1.5,0.25,0.25,422.25,-89.66360837686344
420,860160,-0.0040788799640722575,22.113865470886232,4.2552011171976725,0.003946518372472687,0.043947688831637306,0.33370566815137864,0.24297207593917847,4.485456943511963,0.7916666666666666,0.00025355136,0.008451712,-0.0008235282148234546,0.9991769194602966,5,30,False,0.006445045117288828,512.4741544159591,1113.932052160977,230.35550195761607,49.136673521919874,235.56139806297142,-87.32070864714092,nan,nan,4,0.0,0.25,0.0,0.75,0.25,0.0,1.25,0.25,2.25,1.25,0.25,0.25,460.0,-87.32070864714092
421,862208,-0.005498272987703483,19.223824310302735,4.254842106501261,0.004691040939820786,0.05648429396096617,0.3241047576069832,0.26056620478630066,4.021920204162598,0.7434895833333334,0.000253440768,0.0084480256,-0.0006397892720997334,0.9993607997894287,5,30,False,0.009103034622967243,512.6745322945322,1116.4667777370196,230.91394408751512,49.24421955391881,235.56139806297142,-87.27294297466528,nan,nan,6,0.0,0.3333333333333333,0.0,1.0,0.0,0.3333333333333333,1.6666666666666667,0.0,2.5,1.3333333333333333,0.0,0.0,428.0,-87.27294297466528
422,864256,-0.0048293258994817735,18.025724124908447,4.255922301610311,0.004085342871827813,0.04760711428631718,0.3288698121905327,1.0490703582763672,3.7956414222717285,0.8282877604166666,0.00025333017599999996,0.0084443392,0.0,1.0,5,30,False,0.007714156527072191,512.8011013337109,1119.2078800191375,231.508614282473,49.35013029791298,235.56139806297142,-71.84962490843554,nan,nan,4,0.0,0.25,0.0,0.5,0.5,0.0,1.0,0.75,2.0,1.0,0.25,0.5,479.25,-71.84962490843554
423,866304,-0.003747525031212717,30.006409645080566,4.256770594914754,0.0037486241692663283,0.04171447572298348,0.3843123550216357,-1.2166367769241333,5.816966533660889,0.6902669270833334,0.000253219584,0.0084406528,-9.373214561492205e-05,0.9999063014984131,5,30,False,0.00682185310870409,512.9254479582181,1121.8948181391606,232.14756385763758,49.46342938691669,235.56139806297142,-91.97940050805809,nan,nan,5,0.0,0.0,0.0,0.8,0.2,0.0,1.0,0.2,2.8,1.6,0.2,0.2,481.2,-91.97940050805809
424,868352,-0.002435195261205081,18.712497329711915,4.25671493212382,0.003115751578942986,0.027831726086636383,0.30228113383054733,0.7224156856536865,3.81758189201355,0.8077799479166666,0.000253108992,0.0084369664,0.0,1.0,5,30,False,0.005991161335259676,512.9998422702486,1124.798207583226,232.7374794686475,49.57345647692273,235.56139806297142,-90.85014682231781,nan,nan,4,0.0,0.0,0.0,0.75,0.25,0.0,1.0,0.25,2.25,1.75,0.0,0.25,455.25,-90.85014682231781
425,870400,-0.005655866626815016,11.007949542999267,4.2568122545878095,0.005818978466471527,0.07269876835246881,0.39783965796232224,0.2374008595943451,3.238342046737671,0.7174479166666666,0.00025299839999999997,0.00843328,-7.869435648899525e-06,0.9999921321868896,5,30,False,0.010311376303434372,513.1620321081567,1127.4391909712576,233.3268105577299,49.67175650992431,235.56139806297142,-76.46109964966763,nan,nan,2,0.0,0.0,0.0,0.5,0.5,0.0,1.5,0.5,3.0,1.0,0.0,0.5,514.0,-76.46109964966763
426,872448,-0.00468405878248935,30.291810035705566,4.256024964650472,0.00580451650499186,0.07585690760364135,0.3479394386212031,-0.5035445690155029,5.416736602783203,0.7376302083333334,0.000252887808,0.0084295936,-0.0007689621997997165,0.99923175573349,5,30,False,0.012595612555742264,513.4267072744717,1129.7633825603843,233.88634079777694,49.77439346491883,235.56139806297142,-84.65094991614659,nan,nan,6,0.0,0.16666666666666666,0.0,0.8333333333333334,0.16666666666666666,0.0,1.3333333333333333,0.3333333333333333,2.8333333333333335,1.1666666666666667,0.16666666666666666,0.16666666666666666,520.0,-84.65094991614659
427,874496,-0.0026300991031651694,14.293187808990478,4.254923979441325,0.00393331317829921,0.04243885232135654,0.33378486583630246,0.01601155288517475,3.699683427810669,0.71533203125,0.000252777216,0.008425907199999999,-0.000288677925709635,0.9997114539146423,5,30,False,0.006216465495526791,513.6489804609232,1132.2012752702867,234.46076656466175,49.881051638920326,235.56139806297142,-73.59427561010088,nan,nan,5,0.0,0.0,0.0,0.8,0.2,0.0,1.6,0.6,2.4,0.6,0.2,0.2,430.2,-73.59427561010088
428,876544,-0.0043369298567995426,18.860378456115722,4.2556052525838215,0.003575149984678949,0.03659913707524538,0.32062061280012133,-0.3837537467479706,4.032506465911865,0.77734375,0.00025266662399999997,0.0084222208,-0.0009515846613794565,0.9990498423576355,5,30,False,0.007637410890311003,513.9175206156109,1134.5651389312552,234.97121128466097,49.97917230591702,235.56139806297142,-68.50304702946619,nan,nan,4,0.0,0.25,0.25,0.5,0.25,0.0,1.25,0.75,1.25,1.0,0.0,0.25,429.75,-68.50304702946619
429,878592,-0.004711846673550705,20.507324600219725,4.2535791556040445,0.003620344688245873,0.03710789590841159,0.31333708961804707,-0.5548242330551147,3.6953091621398926,0.7918294270833334,0.000252556032,0.0084185344,-0.0008307762327603996,0.9991698265075684,5,30,False,0.0070548164658248425,514.0836095852356,1137.1877929411567,235.5454907927342,50.08140316492063,235.56139806297142,-82.536002466841,nan,nan,5,0.0,0.4,0.0,0.8,0.2,0.0,2.0,0.2,2.2,0.8,0.0,0.2,423.4,-82.536002466841
430,880640,-0.003358284682811548,29.904660987854005,4.254456011454264,0.0038709064412173577,0.038670874449114004,0.3382238214214643,-0.9738718271255493,5.177867412567139,0.7952473958333334,0.00025244544,0.008414847999999999,-0.000764494645409286,0.9992358684539795,5,30,False,0.007831599563360214,514.194243018238,1139.9683945621946,236.13052804977633,50.19409975291637,235.56139806297142,-90.48541503831257,nan,nan,5,0.0,0.4,0.0,1.0,0.0,0.0,2.0,0.0,2.6,1.0,0.0,0.0,438.6,-90.48541503831257
431,882688,-0.00286903990781866,26.829686164855957,4.25433316230774,0.003882711190904335,0.042973981448449196,0.31067200005054474,-0.26979121565818787,4.92820930480957,0.8258463541666666,0.00025233484799999997,0.0084111616,-0.001134539837948978,0.9988664388656616,5,30,False,0.008181842975318432,514.31696268709,1142.770389384299,236.66220780578442,50.30391136991966,235.56139806297142,-84.37451754175409,nan,nan,5,0.0,0.6,0.0,0.8,0.2,0.0,1.8,0.2,1.8,1.0,0.0,0.2,353.0,-84.37451754175409
432,884736,-0.004014111465464035,25.90514392852783,4.253475920359294,0.004990786693522284,0.05615888045867905,0.38163813948631287,-0.6605192422866821,5.366239070892334,0.7965494791666666,0.00025222425599999996,0.0084074752,-0.0014043324626982212,0.9985973238945007,5,30,False,0.009120923466980457,514.5056124496218,1145.3288304821908,237.21375608071685,50.41675666192896,235.56139806297142,-81.54960825998569,nan,nan,3,0.0,0.0,0.0,0.6666666666666666,0.3333333333333333,0.0,0.6666666666666666,0.6666666666666666,3.0,1.6666666666666667,0.0,0.3333333333333333,518.0,-81.54960825998569
433,886784,-0.004272343730553985,15.258977699279786,4.250863981246948,0.0037709379103393467,0.039618416658292216,0.31720492194096245,0.5631026029586792,3.3203160762786865,0.7814127604166666,0.000252113664,0.008403788799999999,-0.002510674297809601,0.9974952936172485,5,30,False,0.006234645377844572,514.6361168033413,1148.0683640352363,237.77771610465425,50.52040238592599,235.56139806297142,-87.08004036663043,nan,nan,7,0.0,0.2857142857142857,0.14285714285714285,0.8571428571428571,0.0,0.0,1.5714285714285714,0.14285714285714285,2.4285714285714284,1.1428571428571428,0.14285714285714285,0.0,423.7142857142857,-87.08004036663043
434,888832,-0.0038887802763686824,18.833090591430665,4.248737605412801,0.004248005391506967,0.045059852907434104,0.365570193529129,0.2707459628582001,3.958510637283325,0.79443359375,0.000252003072,0.0084001024,-0.0030311644077301025,0.9969772100448608,5,30,False,0.006328241899609566,514.8025992586333,1150.665369400187,238.37208992549859,50.62693005592155,235.56139806297142,-89.14869367277151,nan,nan,3,0.0,0.3333333333333333,0.0,1.0,0.0,0.0,2.0,0.0,2.6666666666666665,0.6666666666666666,0.3333333333333333,0.0,379.3333333333333,-89.14869367277151
435,890880,-0.003481488541971582,38.69200897216797,4.249158732096354,0.004682708491377686,0.05564525077740352,0.2916663313905398,-0.2005833238363266,6.00692081451416,0.85986328125,0.00025189247999999996,0.008396416,-0.0020773285068571568,0.9979290962219238,5,30,False,0.008459314703941345,514.8824066740411,1153.5323697803105,238.96280450849736,50.74119046992564,235.56139806297142,-85.71387431949643,nan,nan,6,0.0,0.16666666666666666,0.0,0.8333333333333334,0.16666666666666666,0.0,1.3333333333333333,0.3333333333333333,2.6666666666666665,1.3333333333333333,0.0,0.16666666666666666,449.3333333333333,-85.71387431949643
436,892928,-0.0037408474405917027,25.93099136352539,4.250379101435343,0.003951417906068344,0.04438695255666971,0.39125002374251683,-0.322695791721344,4.853475093841553,0.7268880208333334,0.000251781888,0.0083927296,-0.002431676257401705,0.9975771903991699,5,30,False,0.006300697103142738,515.0904738068367,1155.9921818811854,239.52945100363286,50.85953361692373,235.56139806297142,-78.18361853051982,nan,nan,4,0.0,0.25,0.0,0.75,0.25,0.25,1.75,0.25,2.25,1.0,0.0,0.25,427.0,-78.18361853051982
437,894976,-0.003998563702528675,24.517158126831056,4.248606125513713,0.004480188998649703,0.05070843318632493,0.3420959562063217,0.19927921891212463,4.924313068389893,0.7371419270833334,0.000251671296,0.0083890432,-0.003207164816558361,0.9968048930168152,5,30,False,0.007059249095618725,515.2708764223038,1158.635001050221,240.01034449361032,50.96578908292577,235.56139806297142,-85.0734244558369,nan,nan,5,0.0,0.0,0.0,0.8,0.2,0.2,0.8,0.4,2.4,1.8,0.0,0.2,469.4,-85.0734244558369
438,897024,-0.004012528252011786,13.553336238861084,4.245188840230306,0.0038143196494847256,0.040858670494829614,0.33069442560275397,0.32989025115966797,3.3977718353271484,0.8224283854166666,0.00025156070399999996,0.0083853568,-0.0049667018465697765,0.9950573444366455,5,30,False,0.00888106133788824,515.3218490295635,1161.5900731312577,240.61517322550935,51.07254447693413,235.56139806297142,-90.53702290596156,nan,nan,5,0.0,0.4,0.0,1.0,0.0,0.0,2.0,0.0,3.0,1.0,0.0,0.0,419.2,-90.53702290596156
439,899072,-0.003826876023473839,16.342122268676757,4.240755923589071,0.005398326598578775,0.06759335347839321,0.3761888454357783,0.21243257820606232,3.8480944633483887,0.86572265625,0.000251450112,0.0083816704,-0.0052465032786130905,0.9947893619537354,5,30,False,0.009245072491466999,515.3436238411163,1164.624867241262,241.2192128614697,51.1947613289376,235.56139806297142,-100.76893907087405,nan,nan,5,0.0,0.2,0.0,1.0,0.0,0.0,1.0,0.0,3.0,2.0,0.0,0.0,448.2,-100.76893907087405
440,901120,-0.0031690549037496868,38.53857688903808,4.241741259892781,0.0054573654066410755,0.06669751395626615,0.35682814369599025,-0.2796628475189209,6.450218677520752,0.8014322916666666,0.00025133952,0.008377984,-0.005091856699436903,0.9949468374252319,5,30,False,0.010516462847590446,515.4262193805187,1167.4759719323774,241.82370368856937,51.30180997993739,235.56139806297142,-95.54922474586715,nan,nan,60,0.0,0.25,0.0,1.0,0.0,0.0,2.3833333333333333,0.18333333333333332,2.7333333333333334,0.43333333333333335,nan,0.15,271.15,nan
441,903168,-0.00523701002530288,11.680885791778564,4.24178687731425,0.00408948796387121,0.04567120555245007,0.3116945505142212,0.4837357699871063,3.309476375579834,0.8201497395833334,0.00025122892799999997,0.0083742976,-0.004616205580532551,0.9954156279563904,5,30,False,0.0070497398264706135,508.28096703060805,1170.3067687112343,242.37954938557232,51.407251791941235,260.5490596179734,-88.42357017923177,nan,nan,4,0.0,0.0,0.0,0.75,0.25,0.0,1.25,0.25,2.75,1.5,0.0,0.25,480.25,-88.42357017923177
442,905216,-0.0030169232515618203,32.71352977752686,4.243376890818278,0.0036406673396538656,0.034606731023329,0.3149655724565188,-0.2938453257083893,5.444952964782715,0.7542317708333334,0.000251118336,0.0083706112,-0.004481819923967123,0.9955475330352783,5,30,False,0.006528414320200682,508.3885549205639,1173.119761627153,242.96413494048466,51.52812315792835,260.5490596179734,-85.14963299920282,nan,nan,6,0.0,0.16666666666666666,0.0,0.8333333333333334,0.16666666666666666,0.16666666666666666,1.0,0.3333333333333333,2.0,1.5,0.16666666666666666,0.16666666666666666,471.8333333333333,-85.14963299920282
443,907264,-0.0023674054828006774,20.183463478088377,4.243166097005209,0.0031566711910081275,0.03087575388296197,0.31454997807741164,0.015746159479022026,4.3630690574646,0.8429361979166666,0.000251007744,0.0083669248,-0.004826691932976246,0.9952006340026855,5,30,False,0.0063116298988461494,508.48148911787257,1176.0671585881355,243.48886281743762,51.633103046930046,260.5490596179734,-86.6684041842768,nan,nan,4,0.0,0.0,0.0,0.75,0.25,0.0,1.25,0.25,2.25,1.25,0.25,0.25,410.5,-86.6684041842768
444,909312,-0.0015554957402249177,30.80893726348877,4.241960732142131,0.004678920382032089,0.056070797611027956,0.46258926689624785,-0.6761888861656189,5.745541095733643,0.7957356770833334,0.00025089715199999997,0.0083632384,-0.0051838974468410015,0.9948384165763855,5,30,False,0.012525497004389763,508.60810999925144,1178.9041705800919,243.9993045943702,51.74626971392718,260.5490596179734,-94.39454416063808,nan,nan,6,0.0,0.0,0.0,0.6666666666666666,0.3333333333333333,0.0,0.3333333333333333,0.3333333333333333,3.0,2.3333333333333335,0.0,0.3333333333333333,475.3333333333333,-94.39454416063808
445,911360,-0.002428970392793417,17.004689979553223,4.241974925994873,0.004331149669868561,0.0448968055502822,0.3188928201794624,0.7196114659309387,4.423518657684326,0.7742513020833334,0.00025078656,0.008359552,-0.004567435942590237,0.9954504370689392,5,30,False,0.007115225773304701,508.71848264764907,1181.745519893986,244.57564178536995,51.84768710692879,260.5490596179734,-105.84503570859349,nan,nan,2,0.0,0.0,0.0,1.0,0.0,0.0,0.5,0.0,3.0,2.5,0.0,0.0,421.0,-105.84503570859349
446,913408,-0.0030979337093109886,28.305204010009767,4.24370330174764,0.004153108692667873,0.04803796391158054,0.3536564747492472,-0.7753834128379822,5.585958480834961,0.7814127604166666,0.000250675968,0.0083558656,-0.004197227768599987,0.9958136081695557,5,30,False,0.00849360041320324,508.8461157847518,1184.5217379640235,245.14184412830218,51.95498082693666,260.5490596179734,-94.93153634291139,nan,nan,6,0.0,0.0,0.0,0.8333333333333334,0.16666666666666666,0.0,0.8333333333333334,0.16666666666666666,2.8333333333333335,1.8333333333333333,0.16666666666666666,0.16666666666666666,477.6666666666667,-94.93153634291139
447,915456,-0.004118428724662711,15.191624641418457,4.246426757176717,0.004035897161170951,0.04444164263162141,0.31682450075944263,0.16369450092315674,3.383399248123169,0.8087565104166666,0.00025056537599999997,0.0083521792,-0.002663121558725834,0.997343897819519,5,30,False,0.007179099600762129,508.9153080829864,1187.462987883002,245.7337054702948,52.06688500693417,260.5490596179734,-94.20512804419457,nan,nan,4,0.0,0.25,0.0,1.0,0.0,0.0,1.5,0.0,2.75,1.25,0.25,0.0,366.0,-94.20512804419457
448,917504,-0.0028363723773509263,25.543529319763184,4.250239706039428,0.003864025251984891,0.03959036241285503,0.32963451395432153,0.04146624729037285,4.919666767120361,0.8644205729166666,0.000250454784,0.0083484928,-0.0018470128998160362,0.9981579780578613,5,30,False,0.007271007169038057,509.0023407529427,1190.4113395220193,246.26583265430236,52.173688095936086,260.5490596179734,-97.8790682733724,nan,nan,6,0.0,0.16666666666666666,0.0,1.0,0.0,0.0,1.3333333333333333,0.0,3.0,1.6666666666666667,0.0,0.0,456.6666666666667,-97.8790682733724
449,919552,-0.0035569356832032403,21.67362403869629,4.2497205098470054,0.0036095128474185425,0.03512069054801638,0.38509200513362885,-0.7389768958091736,4.526757717132568,0.8167317708333334,0.000250344192,0.0083448064,-0.0032549432944506407,0.9967548251152039,5,30,False,0.006532134488224983,509.0995634422468,1193.2869294250413,246.82808381631912,52.28385923993483,260.5490596179734,-99.60921788585429,nan,nan,5,0.0,0.0,0.0,1.0,0.0,0.0,1.0,0.0,2.8,1.8,0.2,0.0,407.2,-99.60921788585429
450,921600,-0.003150996333958271,5.950754976272583,4.246998198827108,0.00396013580256092,0.04535299143753946,0.37411842346191404,0.6057531833648682,2.3261518478393555,0.8958333333333334,0.0002502336,0.00834112,-0.0029789533000439405,0.9970277547836304,5,30,False,0.009385851211845875,509.16991460858355,1196.228495953037,247.42271094827447,52.39318381794146,260.5490596179734,-90.38276917589656,nan,nan,3,0.0,0.3333333333333333,0.0,1.0,0.0,0.0,2.0,0.0,2.6666666666666665,1.0,0.0,0.0,404.6666666666667,-90.38276917589656
451,923648,-0.0037553109771882496,53.7903377532959,4.248296737670898,0.00409533096376971,0.046683797341150544,0.3210974603891373,-0.5556840300559998,6.3183369636535645,0.8414713541666666,0.00025012300799999996,0.0083374336,-0.002799387089908123,0.9972051382064819,5,30,False,0.008007073774933815,509.3326053804679,1198.945675533032,247.9083363412792,52.50542822893476,260.5490596179734,-97.25463072299941,nan,nan,7,0.0,0.14285714285714285,0.0,0.8571428571428571,0.14285714285714285,0.0,0.7142857142857143,0.14285714285714285,2.142857142857143,2.0,0.14285714285714285,0.14285714285714285,442.7142857142857,-97.25463072299941
452,925696,-0.004655830518701502,21.2232328414917,4.249395020802816,0.005985510616728932,0.07666062167845666,0.374739445745945,-0.47921037673950195,4.4928507804870605,0.7996419270833334,0.000250012416,0.0083337472,-0.00215971190482378,0.9978434443473816,5,30,False,0.010863309726119041,509.4030361012953,1201.8760648378811,248.5064808173047,52.61462669393222,260.5490596179734,-93.64894218088618,nan,nan,3,0.0,0.3333333333333333,0.0,1.0,0.0,0.0,1.6666666666666667,0.0,3.0,1.3333333333333333,0.0,0.0,387.3333333333333,-93.64894218088618
453,927744,-0.0040298509188384435,18.581503105163574,4.250401401519776,0.0041142486373386055,0.046858475066255775,0.3446552445491155,-0.30721867084503174,4.1294636726379395,0.9060872395833334,0.000249901824,0.0083300608,-0.0021966060157865286,0.9978106021881104,5,30,False,0.008445891551673412,509.4719755489712,1204.8434877079126,249.07456882152474,52.724586512937094,260.5490596179734,-97.0760396980515,nan,nan,5,0.0,0.0,0.0,0.8,0.2,0.0,0.6,0.2,2.6,2.2,0.0,0.2,464.8,-97.0760396980515
454,929792,-0.003103719710876855,20.237797737121582,4.249420547485352,0.004081144591338015,0.043703282019123435,0.32067703157663346,0.0025578420609235764,4.522350311279297,0.79052734375,0.00024979123199999996,0.0083263744,-0.002613214310258627,0.9973970651626587,5,30,False,0.006719096563756466,509.5713526915862,1207.6643111799203,249.68402253257227,52.8305759679497,260.5490596179734,-95.5542112671736,nan,nan,5,0.0,0.2,0.0,1.0,0.0,0.0,1.4,0.0,2.8,1.4,0.2,0.0,359.2,-95.5542112671736
455,931840,-0.0033023634770264227,11.436116218566895,4.2494438489278155,0.003942949573894286,0.04127027645396689,0.2655050093928973,0.1443304717540741,3.2078423500061035,0.85595703125,0.00024968064,0.008322688,-0.0021561295725405216,0.9978508353233337,5,30,False,0.0060233986005187035,509.6781960861583,1210.5442200117832,250.1868147066707,52.96676047894289,260.5490596179734,-67.51389794211173,nan,nan,3,0.0,0.0,0.0,0.3333333333333333,0.6666666666666666,0.0,0.6666666666666666,1.0,1.6666666666666667,1.3333333333333333,0.0,0.6666666666666666,568.3333333333334,-67.51389794211173
456,933888,-0.004116803415551355,17.663354110717773,4.251350831985474,0.004435768860909802,0.05437180477116878,0.3261052812139193,-0.15843991935253143,4.079011917114258,0.7980143229166666,0.000249570048,0.0083190016,-0.0013802892062813044,0.9986225962638855,5,30,False,0.007037745788693428,509.8084765258804,1213.263624286672,250.76773105666507,53.09062209194235,260.5490596179734,-94.99733552154505,nan,nan,6,0.0,0.16666666666666666,0.0,0.8333333333333334,0.16666666666666666,0.0,0.8333333333333334,0.16666666666666666,2.5,1.8333333333333333,0.16666666666666666,0.16666666666666666,482.5,-94.99733552154505
457,935936,-0.0032845810521394013,13.86424503326416,4.252185916900634,0.0036924160843013385,0.03865266977033267,0.32497975130875906,0.8886249661445618,3.3595123291015625,0.7731119791666666,0.00024945945599999996,0.0083153152,-0.0019311169162392616,0.9980711936950684,5,30,False,0.007555285003036261,510.0294392635336,1215.7170187107695,251.29900701188308,53.21912049493403,260.5490596179734,-76.00133853971965,nan,nan,2,0.0,0.0,0.0,0.5,0.5,0.0,1.5,0.5,2.0,1.0,0.0,0.5,549.5,-76.00133853971965
458,937984,-0.0031661083553141604,17.089479446411133,4.249863402048747,0.0031527969682748256,0.03240428836240123,0.33522764096657437,-0.32527291774749756,4.310611724853516,0.7967122395833334,0.000249348864,0.0083116288,-0.0027447110041975975,0.9972612261772156,5,30,False,0.00577562628313899,510.20884493341197,1218.387371573699,251.75633246591315,53.353820642936626,260.5490596179734,-90.91943259936033,nan,nan,5,0.0,0.0,0.0,0.8,0.2,0.0,1.2,0.2,2.6,1.6,0.0,0.2,489.6,-90.91943259936033
459,940032,-0.0025969907136944434,23.508732414245607,4.249150435129802,0.0038676312693105303,0.03670958131551742,0.29799722085396446,0.44291436672210693,4.819060802459717,0.7911783854166666,0.000249238272,0.0083079424,-0.0022010074462741613,0.9978020191192627,5,30,False,0.006644237320870161,510.39556802891144,1220.9467119418696,252.28954790103307,53.487533967942,260.5490596179734,-74.78803257013024,nan,nan,5,0.0,0.0,0.2,0.8,0.0,0.2,1.0,0.6,1.8,1.4,0.0,0.0,446.4,-74.78803257013024
460,942080,-0.005252954235766083,15.366191864013672,4.24962854385376,0.005147801557422634,0.06250573831299941,0.31783072352409364,0.31634771823883057,3.313701868057251,0.7999674479166666,0.00024912767999999997,0.008304256,-0.0028355594258755445,0.9971699118614197,5,30,False,0.009116094559431076,510.5701210571498,1223.5816008369584,252.81560084111698,53.59706832394295,260.5490596179734,-80.69249380855793,nan,nan,3,0.0,0.0,0.0,0.6666666666666666,0.3333333333333333,0.0,1.6666666666666667,0.3333333333333333,2.3333333333333335,1.0,0.0,0.3333333333333333,475.0,-80.69249380855793
461,944128,-0.0032220100256381556,19.61783962249756,4.24799075126648,0.004201109545349494,0.04010884185942511,0.32395150313774745,-0.5221779346466064,4.549414157867432,0.8154296875,0.000249017088,0.0083005696,-0.0029516236390918493,0.9970561861991882,5,30,False,0.0067628840915858746,510.7360464489769,1226.2501975870837,253.31762450010865,53.73139008194266,260.5490596179734,-95.0110378680528,nan,nan,5,0.0,0.2,0.0,1.0,0.0,0.0,1.6,0.0,2.6,1.4,0.0,0.0,475.2,-95.0110378680528
462,946176,-0.004678448460375269,16.059742736816407,4.249396816889445,0.00442320298883073,0.04937305298323433,0.30913013964891434,0.2432698756456375,3.7407262325286865,0.7364908854166666,0.000248906496,0.0082968832,-0.0018504610052332282,0.9981522560119629,5,30,False,0.006645414978265762,510.9119405284431,1228.8368222720892,253.8579936339811,53.85868100494554,260.5490596179734,-68.7861288187978,nan,nan,5,0.0,0.4,0.0,0.6,0.4,0.0,2.0,0.6,2.2,0.4,0.0,0.4,513.8,-68.7861288187978
463,948224,-0.004493513910468512,11.30250883102417,4.252807251612345,0.004070328601815417,0.043365795925880475,0.27795203079779945,-0.09689262509346008,3.0682389736175537,0.8369140625,0.00024879590399999997,0.0082931968,-0.001047174446284771,0.9989539980888367,5,30,False,0.008035297505557537,511.01465003576243,1231.616844241973,254.4390345730062,54.0073773679469,260.5490596179734,-83.22159082369001,nan,nan,4,0.0,0.25,0.0,0.75,0.25,0.0,1.75,0.25,3.0,1.0,0.0,0.25,455.25,-83.22159082369001
464,950272,-0.0038538682196910183,16.689793872833253,4.2539113362630205,0.004330661045165524,0.04901923635431255,0.2738374397158623,-0.009199606254696846,3.8041203022003174,0.77783203125,0.00024868531199999995,0.0082895104,-0.0010149301961064339,0.9989859461784363,5,30,False,0.007468738127499819,511.1030237288982,1234.5110225261014,254.9516512441478,54.152870533944224,260.5490596179734,-80.65761346246586,nan,nan,4,0.0,0.25,0.0,0.75,0.25,0.0,2.0,0.25,3.0,0.75,0.0,0.25,445.75,-80.65761346246586
465,952320,-0.003160678107330265,17.49719343185425,4.253139448165894,0.0027443951098698686,0.025728952570352702,0.32686615735292435,0.12476590275764465,3.900879144668579,0.8621419270833334,0.00024857472,0.008285824,-0.0014284770004451275,0.9985730648040771,5,30,False,0.005628473591059446,511.15246409735204,1237.4760540271382,255.53707884922915,54.29306617694965,260.5490596179734,-84.60448091379757,nan,nan,5,0.0,0.2,0.0,0.8,0.2,0.0,1.2,0.4,2.6,1.4,0.0,0.2,473.8,-84.60448091379757
466,954368,-0.0064825963345356286,27.16296272277832,4.251892296473185,0.005440786363341954,0.07462307245781025,0.3003724490602811,-0.8810486793518066,4.4472455978393555,0.787109375,0.000248464128,0.0082821376,-0.0016429098322987556,0.9983586072921753,5,30,False,0.009768936783075333,511.3920340889496,1239.9114397921803,256.0011426661804,54.42355328895792,260.5490596179734,-96.86551341612548,nan,nan,5,0.0,0.2,0.0,1.0,0.0,0.0,1.4,0.0,2.6,1.6,0.0,0.0,420.6,-96.86551341612548
467,956416,-0.004900356397653619,17.32200679779053,4.252904558181763,0.005517638842222646,0.06498696211104592,0.3270959690213203,-0.33029985427856445,3.9075074195861816,0.81689453125,0.000248353536,0.0082784512,-0.0008325200760737062,0.9991678595542908,5,30,False,0.009884631261229515,511.65746122231815,1242.2847277181281,256.4435675081331,54.54894120595418,260.5490596179734,-83.67703476862025,nan,nan,4,0.0,0.0,0.0,0.75,0.25,0.0,1.0,0.5,2.5,1.5,0.0,0.25,506.0,-83.67703476862025
468,958464,-0.005092305323341861,17.949884605407714,4.255688492457072,0.004409601864119753,0.0490671057254076,0.2990015725294749,-0.08151296526193619,4.4243316650390625,0.8497721354166666,0.000248242944,0.0082747648,-0.00024360339739359915,0.9997565150260925,5,30,False,0.007061678916215897,511.8096915060985,1244.9739292729937,256.97254298893677,54.65747111795645,260.5490596179734,-83.49471906685912,nan,nan,5,0.0,0.0,0.0,0.8,0.2,0.0,1.2,0.4,2.4,1.2,0.2,0.2,453.2,-83.49471906685912
469,960512,-0.003611597996011066,13.817298316955567,4.256394767761231,0.003880215466451205,0.039254713993674764,0.3078746815522512,-0.047997478395700455,3.598207950592041,0.8046875,0.000248132352,0.0082710784,-9.528049122309312e-05,0.9999047517776489,5,30,False,0.007252856623381376,512.0088710072937,1247.4323306998267,257.53980128686817,54.78992076695431,260.5490596179734,-90.64257284375668,nan,nan,4,0.0,0.25,0.0,1.0,0.0,0.0,2.0,0.0,3.0,1.0,0.0,0.0,381.75,-90.64257284375668
470,962560,-0.004098251555114984,18.73680772781372,4.255396064122518,0.0046880452856092655,0.055696810754792145,0.3193612312277158,0.26999548077583313,4.404436111450195,0.7760416666666666,0.00024802175999999996,0.008267392,-0.0008967308676801622,0.9991044998168945,5,30,False,0.008596863597631454,512.1840569618474,1250.040942681997,258.0332429907721,54.933826804946875,260.5490596179734,-99.51306488691864,nan,nan,4,0.0,0.0,0.0,1.0,0.0,0.0,1.0,0.0,2.75,1.75,0.25,0.0,433.25,-99.51306488691864
471,964608,-0.0030019606778902623,13.842634582519532,4.2555720965067545,0.004436271048131183,0.05230678925678755,0.2964451814691226,0.09486916661262512,3.5204405784606934,0.7633463541666666,0.000247911168,0.0082637056,0.0,1.0,5,30,False,0.00817518588155508,512.2494894566437,1252.9073652040825,258.65826273872517,55.07601453195093,260.5490596179734,-83.02251482733607,nan,nan,4,0.0,0.25,0.0,0.75,0.25,0.0,1.75,0.25,2.5,1.0,0.0,0.25,465.75,-83.02251482733607
472,966656,-0.001864562944198648,22.254047012329103,4.256142171223958,0.002911936537954968,0.028259318290899196,0.3481831391652425,-0.9914593696594238,4.928218841552734,0.72802734375,0.000247800576,0.0082600192,-0.0007417146116495132,0.9992588758468628,5,30,False,0.006429106928408146,512.4211987363259,1255.5229541181034,259.17857829271816,55.18227067094995,260.5490596179734,-81.49456706667947,nan,nan,7,0.0,0.14285714285714285,0.0,0.7142857142857143,0.2857142857142857,0.0,1.2857142857142858,0.42857142857142855,2.4285714285714284,1.1428571428571428,0.14285714285714285,0.2857142857142857,479.7142857142857,-81.49456706667947
473,968704,-0.0037802599661214725,12.572856235504151,4.253076855341593,0.005478989803688995,0.0676636584685184,0.31689760982990267,0.16691645979881287,2.8237428665161133,0.7666015625,0.00024768998399999996,0.0082563328,-0.002093025017529726,0.9979135394096375,5,30,False,0.009366330690681934,512.5030922102967,1258.369920813202,259.7700306296756,55.3168203139503,260.5490596179734,-83.67581269266809,nan,nan,3,0.0,0.6666666666666666,0.0,1.0,0.0,0.0,2.6666666666666665,0.0,1.6666666666666667,0.3333333333333333,0.0,0.0,424.0,-83.67581269266809
474,970752,-0.005086252801508332,27.208802223205566,4.249200487136841,0.0036481310731367473,0.042184699218099315,0.3046811585625013,-0.8602378368377686,4.736007213592529,0.7923177083333334,0.000247579392,0.0082526464,-0.0027276116888970137,0.9972796440124512,5,30,False,0.008571323938667774,512.6282009142093,1261.1406523772894,260.30515649360314,55.42357599195384,260.5490596179734,-92.93119351792193,nan,nan,5,0.0,0.2,0.0,1.0,0.0,0.0,1.8,0.0,2.6,1.2,0.0,0.0,462.2,-92.93119351792193
475,972800,-0.003990595364787926,10.934083461761475,4.2495954195658365,0.003859380659755068,0.043254836353783806,0.315366105735302,0.10887249559164047,3.1089396476745605,0.76708984375,0.0002474688,0.00824896,-0.0018708253046497703,0.9981313943862915,5,30,False,0.008248807862401009,512.7831583063899,1263.8385730752198,260.82742408254126,55.52012917895627,260.5490596179734,-87.98509588033868,nan,nan,4,0.0,0.5,0.0,1.0,0.0,0.0,2.25,0.0,3.0,0.75,0.0,0.0,411.5,-87.98509588033868
476,974848,-0.002666032694590588,23.597261810302733,4.253117799758911,0.0029300889762322183,0.03079388974389682,0.33780817488829296,-0.3952495753765106,4.598536014556885,0.7439778645833334,0.00024735820799999997,0.0082452736,-0.0005539990961551666,0.9994463920593262,5,30,False,0.0062170689925551414,512.9971295374226,1266.3386646473518,261.3195436466194,55.618704038948636,260.5490596179734,-89.05767617133074,nan,nan,6,0.0,0.5,0.0,1.0,0.0,0.0,2.1666666666666665,0.0,3.0,0.8333333333333334,0.0,0.0,402.8333333333333,-89.05767617133074
477,976896,-0.005520636735794445,28.121477317810058,4.254761902491252,0.004902702509722682,0.058333958553460734,0.34797231008609136,-1.0354924201965332,5.271536350250244,0.71875,0.000247247616,0.0082415872,-0.0010147274006158113,0.9989861249923706,5,30,False,0.00847209058701992,513.1664175146993,1268.9333030253474,261.8478558406787,55.75026498695661,260.5490596179734,-85.7358272497554,nan,nan,4,0.0,0.25,0.0,0.75,0.25,0.0,1.5,0.25,2.5,1.25,0.0,0.25,452.25,-85.7358272497554
478,978944,-0.002167642097144077,16.475028419494627,4.254366620381673,0.003532315203617098,0.038793761267637214,0.339862593015035,0.254401296377182,3.542088508605957,0.7980143229166666,0.000247137024,0.0082379008,-0.0004974252660758793,0.9995030164718628,5,30,False,0.007990791462361813,513.3830180418738,1271.4673571182502,262.27683801065723,55.856568074959796,260.5490596179734,-85.44081576844764,nan,nan,6,0.0,0.6666666666666666,0.0,1.0,0.0,0.0,2.5,0.0,3.0,0.5,0.0,0.0,419.1666666666667,-85.44081576844764
479,980992,-0.0035398819910672803,20.87305603027344,4.2548616568247475,0.003542824388886543,0.03572066150760899,0.3385430708527565,-0.44599437713623047,4.4374518394470215,0.74365234375,0.00024702643199999997,0.0082342144,-0.0007817787118256092,0.9992187023162842,5,30,False,0.008041654713451862,513.525355624804,1274.2025708704168,262.7699477416172,55.973354176967405,260.5490596179734,-95.69001863695314,nan,nan,4,0.0,0.5,0.0,1.0,0.0,0.0,1.5,0.0,2.5,1.5,0.0,0.0,395.5,-95.69001863695314
480,983040,-0.004516205706750043,19.469994926452635,4.255950435002645,0.005214919040224131,0.06114280850160867,0.33542260924975076,-0.22323188185691833,4.006258487701416,0.7146809895833334,0.00024691584,0.008230528,0.0,1.0,5,30,False,0.008181537501513958,513.6594508384139,1276.9312467545242,263.29731643969717,56.08569119295862,260.5490596179734,-84.5564767690376,nan,nan,6,0.0,0.5,0.0,1.0,0.0,0.16666666666666666,2.1666666666666665,0.0,2.6666666666666665,0.6666666666666666,0.16666666666666666,0.0,407.6666666666667,-84.5564767690376
481,985088,-0.006029070467532923,18.84028205871582,4.255801598230998,0.00514877225841793,0.0617051560509329,0.2879228969415029,-0.05962188541889191,4.259759902954102,0.7643229166666666,0.000246805248,0.0082268416,-0.0008104868466034532,0.9991905093193054,5,30,False,0.007342598866671324,513.9462124195351,1279.2728629596677,263.6681207628135,56.18958960096643,260.5490596179734,-85.49037764162455,nan,nan,4,0.0,0.75,0.0,1.0,0.0,0.0,2.5,0.0,3.0,0.5,0.0,0.0,388.75,-85.49037764162455
482,987136,-0.0033362064432973662,45.642995834350586,4.25388011932373,0.00279406523682737,0.02469318883183102,0.3027060955762863,-0.9300532937049866,6.637330532073975,0.7864583333333334,0.000246694656,0.0082231552,-0.0010063275694847107,0.9989945292472839,5,30,False,0.005678849760442972,514.1121140188175,1281.9469043567224,264.140529412849,56.295861649967264,260.5490596179734,-86.78771173783998,nan,nan,5,0.0,0.4,0.0,0.8,0.2,0.0,1.6,0.2,1.8,1.2,0.0,0.2,430.6,-86.78771173783998
483,989184,-0.004747031458343069,17.211309051513673,4.254167477289836,0.0045725525519336304,0.05394922163880741,0.3098428934812546,0.29078546166419983,3.796438455581665,0.7272135416666666,0.00024658406399999996,0.008219468800000001,-0.0006994417635723948,0.9993009567260742,5,30,False,0.00858773197978735,514.329118624092,1284.4458965988306,264.5892321718711,56.39840451697819,260.5490596179734,-86.49651961053148,nan,nan,6,0.0,0.5,0.0,1.0,0.0,0.0,2.3333333333333335,0.0,2.8333333333333335,0.5,0.16666666666666666,0.0,397.8333333333333,-86.49651961053148
484,991232,-0.0032708921857799093,13.334482097625733,4.255519564946493,0.0036692690018584636,0.03832672740876054,0.2945502315958341,0.5833770036697388,3.404320240020752,0.8580729166666666,0.000246473472,0.0082157824,-0.0002884098212234676,0.9997117519378662,5,30,False,0.006499408278614283,514.4332140923145,1287.3670750007586,265.03359019593336,56.502506159988116,260.5490596179734,-83.9445174136343,nan,nan,6,0.0,0.5,0.0,0.8333333333333334,0.16666666666666666,0.0,2.0,0.16666666666666666,2.6666666666666665,0.8333333333333334,0.0,0.16666666666666666,427.3333333333333,-83.9445174136343
485,993280,-0.0031700822083318295,16.10592088699341,4.256487433115641,0.003691238625365025,0.03303462918847799,0.3214072585105896,0.22343333065509796,3.7682206630706787,0.8408203125,0.00024636288,0.008212096,-0.00022462313063442707,0.9997754096984863,5,30,False,0.00595452357083559,514.6140501730464,1289.9951114067517,265.5031200509402,56.60425173898693,260.5490596179734,-90.46769790290575,nan,nan,3,0.0,0.3333333333333333,0.0,1.0,0.0,0.0,2.0,0.0,3.0,1.0,0.0,0.0,396.6666666666667,-90.46769790290575
486,995328,-0.0034979227697476746,14.203347206115723,4.256471633911133,0.0033200370963650714,0.03129214830696583,0.2996450886130333,0.10354472696781158,3.38234806060791,0.8863932291666666,0.00024625228799999996,0.0082084096,0.0,1.0,5,30,False,0.008284863084554672,514.7914932954818,1292.6044223367935,265.9911922789761,56.7092648469843,260.5490596179734,-92.78922425685596,nan,nan,5,0.0,0.4,0.0,1.0,0.0,0.0,1.8,0.0,3.0,1.2,0.0,0.0,441.2,-92.78922425685596
487,997376,-0.003753952779819277,20.120553398132323,4.255880975723267,0.003464285861779596,0.0323066277972733,0.34972387154897056,-0.06576443463563919,4.4173150062561035,0.7418619791666666,0.000246141696,0.0082047232,-0.0008966610766947269,0.9991044998168945,5,30,False,0.0077090393751859665,514.9990624572944,1295.1045973488945,266.47753006884886,56.81188731898146,260.5490596179734,-88.06556110445734,nan,nan,4,0.0,0.5,0.0,1.0,0.0,0.0,2.25,0.0,3.0,0.75,0.0,0.0,400.5,-88.06556110445734
488,999424,-0.005212991060883117,8.829272794723511,4.25199244817098,0.004469034091164124,0.05264217204724749,0.3195741906762123,0.07675091177225113,3.1716513633728027,0.7506510416666666,0.000246031104,0.0082010368,-0.0021328749135136604,0.9978739619255066,5,30,False,0.007417452987283468,515.1723189247466,1297.6911978698336,267.00123589878785,56.91552481497638,260.5490596179734,-73.30904763070201,nan,nan,4,0.0,0.25,0.0,0.5,0.5,0.0,1.75,0.5,2.5,0.75,0.0,0.5,510.0,-73.30904763070201
489,1001472,-0.004163523111492396,15.803779792785644,4.2504358450571695,0.004312866016126968,0.04993591761449352,0.316320538520813,-0.25945448875427246,4.274101734161377,0.7521158854166666,0.00024592051199999996,0.0081973504,-0.0018640891648828983,0.9981411695480347,5,30,False,0.007149991113692522,515.3033991338543,1300.4949037539045,267.4512876627414,57.024812108968035,260.5490596179734,-84.65844735977007,nan,nan,60,0.0,0.2,0.0,0.8,0.2,0.0,1.9666666666666666,0.16666666666666666,2.316666666666667,0.8666666666666667,nan,0.13333333333333333,362.1666666666667,nan
490,1003520,-0.0031034926146579285,26.2153621673584,4.250611321131388,0.0026169761569738176,0.022029914256806175,0.345347394545873,-0.23382297158241272,4.9059834480285645,0.7462565104166666,0.00024580992,0.008193664,-0.0024501753505319357,0.9975547790527344,5,30,False,0.0055276574566960335,507.08008808142665,1303.272738388987,268.02667968469905,57.12722675695841,292.50338868796825,-78.63497510341885,nan,nan,5,0.0,0.2,0.0,0.6,0.4,0.0,1.4,0.4,2.2,0.8,0.4,0.4,465.8,-78.63497510341885
491,1005568,-0.003719762503169477,13.5846586227417,4.24889341990153,0.004264531882184852,0.049187480953211585,0.342912324766318,0.12794367969036102,3.4885997772216797,0.8038736979166666,0.000245699328,0.0081899776,-0.0024757161736488342,0.9975293874740601,5,30,False,0.008594912476837635,507.2338775222123,1305.9754243240022,268.535337476671,57.23821188796137,292.50338868796825,-92.57094011934969,nan,nan,5,0.0,0.4,0.0,1.0,0.0,0.0,1.8,0.0,3.0,1.2,0.0,0.0,411.6,-92.57094011934969
492,1007616,-0.004295758450947081,24.11835632324219,4.2509688377380375,0.005279558278493805,0.059763427226183316,0.3233766794204712,-0.32305437326431274,4.53706693649292,0.7633463541666666,0.00024558873599999997,0.0081862912,-0.001392590580508113,0.9986089468002319,5,30,False,0.009139458648860455,507.34899375368093,1308.7461485781241,269.11784855472797,57.34184780095529,292.50338868796825,-80.51073132918305,nan,nan,7,0.0,0.14285714285714285,0.14285714285714285,0.8571428571428571,0.0,0.14285714285714285,1.4285714285714286,0.2857142857142857,2.2857142857142856,1.0,0.2857142857142857,0.0,354.14285714285717,-80.51073132918305
493,1009664,-0.0023158989769096177,11.705277156829833,4.25460467338562,0.0026726701409440687,0.022983309448075792,0.29534132579962413,0.5219892859458923,3.4700839519500732,0.818359375,0.000245478144,0.0081826048,-0.00017546337039675564,0.9998246431350708,5,30,False,0.005291132256388664,507.45350188123336,1311.5456181900518,269.70177315165347,57.45968890195945,292.50338868796825,-80.42050799428216,nan,nan,4,0.0,0.5,0.0,0.75,0.25,0.0,2.0,0.25,2.5,0.75,0.0,0.25,410.25,-80.42050799428216
494,1011712,-0.0017214535114665826,9.587547254562377,4.255221764246623,0.001852892815036522,0.014292427524924278,0.2991996372739474,1.020006775856018,2.961951971054077,0.8806966145833334,0.000245367552,0.0081789184,-0.0012224726378917694,0.9987797737121582,5,30,False,0.004528491757810116,507.6054498088687,1314.2467834862764,270.22779810769134,57.56370700895786,292.50338868796825,-46.100225853234235,nan,nan,2,0.0,0.5,0.0,0.5,0.5,0.0,1.5,1.5,2.0,0.0,0.0,0.5,497.0,-46.100225853234235
495,1013760,-0.002381182611376668,18.209524726867677,4.253759765625,0.002750642250203292,0.02482774338374535,0.36079692592223483,-0.3646193742752075,3.9498777389526367,0.8400065104166666,0.00024525695999999997,0.008175232000000001,-0.0006236830959096551,0.9993767738342285,5,30,False,0.00656685559079051,507.7802095030148,1316.8822542103444,270.72072347888025,57.677411442957236,292.50338868796825,-87.12491118833711,nan,nan,7,0.0,0.0,0.0,0.7142857142857143,0.2857142857142857,0.0,0.7142857142857143,0.42857142857142855,2.5714285714285716,1.7142857142857142,0.14285714285714285,0.2857142857142857,493.7142857142857,-87.12491118833711
496,1015808,-0.004252588605352988,18.263144779205323,4.255454603830973,0.005305304541299875,0.062151996946583195,0.36485216915607455,-0.0499037466943264,4.073101043701172,0.76904296875,0.000245146368,0.0081715456,-0.0007163607515394688,0.9992844462394714,5,30,False,0.008386448957026005,507.9337604048606,1319.5684089073766,271.2438008450408,57.77722942894616,292.50338868796825,-92.47737113912862,nan,nan,5,0.0,0.4,0.0,1.0,0.0,0.0,1.8,0.0,3.0,1.2,0.0,0.0,399.4,-92.47737113912862
497,1017856,-0.0020686031513226528,10.871879959106446,4.254960934321086,0.002548418244021174,0.023439484547513226,0.27193172176678976,0.7124146819114685,2.7819738388061523,0.9259440104166666,0.000245035776,0.0081678592,-0.00023932089970912784,0.9997608065605164,5,30,False,0.0058873919770121574,508.0637550226425,1322.2818377733784,271.8111249959911,57.88786489893391,292.50338868796825,-87.61557823862388,nan,nan,3,0.0,0.0,0.3333333333333333,0.6666666666666666,0.0,0.0,0.6666666666666666,0.3333333333333333,2.0,2.0,0.0,0.0,484.6666666666667,-87.61557823862388
498,1019904,-0.0049853600600423915,36.177907371520995,4.256237284342448,0.004558412218058172,0.055014546324188514,0.2906838233272235,-0.9512348175048828,5.755316734313965,0.9064127604166666,0.000244925184,0.0081641728,-0.00045844120904803276,0.9995417594909668,5,30,False,0.00810697115957737,508.1395065749005,1325.1143745886075,272.45207961015694,57.998371961934026,292.50338868796825,-104.47799515391303,nan,nan,6,0.0,0.0,0.0,1.0,0.0,0.16666666666666666,0.3333333333333333,0.0,2.1666666666666665,2.6666666666666665,0.0,0.0,433.1666666666667,-104.47799515391303
499,1021952,-0.00360005798866041,19.621341133117674,4.255600214004517,0.004671588387650759,0.05556860859505832,0.34691073298454284,-0.09132704883813858,4.153831958770752,0.87646484375,0.000244814592,0.0081604864,-0.00028819963335990906,0.9997118711471558,5,30,False,0.009727791883051395,508.2481895705438,1327.906179997677,273.02337132018874,58.097420222940855,292.50338868796825,-78.7878092122852,nan,nan,4,0.0,0.25,0.0,0.75,0.25,0.0,0.75,0.75,1.75,1.5,0.0,0.25,485.75,-78.7878092122852
500,1024000,-0.0030517558994082113,18.985104179382326,4.256337070465088,0.002693723929358306,0.027374096556256215,0.3135647023717562,-0.7917059659957886,4.161690711975098,0.716796875,0.000244704,0.0081568,-3.0919822165742517e-05,0.9999691247940063,5,30,False,0.004636705853044987,508.4804834342958,1330.2005595876399,273.5957206860767,58.20537829994282,292.50338868796825,-85.21509326129285,nan,nan,4,0.0,0.75,0.0,1.0,0.0,0.0,2.5,0.0,3.0,0.5,0.0,0.0,367.75,-85.21509326129285
501,1026048,-0.00406801729889897,17.287008857727052,4.256792449951172,0.004149334771156471,0.04715990303084254,0.3267874181270599,-0.3439335823059082,3.702747106552124,0.65185546875,0.000244593408,0.0081531136,-1.605213401489891e-05,0.9999839663505554,5,30,False,0.010005058720707893,508.63819683239615,1332.748582315544,274.20122381226975,58.31264288694365,292.50338868796825,-87.84895013920715,nan,nan,4,0.0,0.25,0.0,1.0,0.0,0.0,2.0,0.0,2.0,0.5,0.5,0.0,407.5,-87.84895013920715
502,1028096,-0.0025451525133879235,18.20746784210205,4.256812286376953,0.003550434223929455,0.03448687508935109,0.33634697645902634,-0.5968788862228394,4.72239875793457,0.7472330729166666,0.00024448281599999996,0.0081494272,0.0,1.0,5,30,False,0.0068431030958890915,508.714652915071,1335.6605248255364,274.7630649763596,58.417991118942155,292.50338868796825,-83.92690741263955,nan,nan,5,0.0,0.0,0.0,0.6,0.4,0.0,0.8,0.4,2.2,1.2,0.6,0.4,522.8,-83.92690741263955
503,1030144,-0.003088349748092393,20.60474338531494,4.25681536992391,0.0027378162851964595,0.02302128489439686,0.32318164805571237,0.014244928024709225,4.0063629150390625,0.6746419270833334,0.000244372224,0.0081457408,0.0,1.0,5,30,False,0.004955400712788105,508.8293217366308,1338.3872599525057,275.36829451241647,58.513663218938746,292.50338868796825,-83.1787650133712,nan,nan,6,0.0,0.5,0.0,0.8333333333333334,0.16666666666666666,0.0,2.0,0.16666666666666666,2.5,0.6666666666666666,0.16666666666666666,0.16666666666666666,417.5,-83.1787650133712
504,1032192,-0.002708069532066778,18.87994956970215,4.256399806340536,0.004031961103335994,0.046434406214393674,0.353619251648585,-0.704269528388977,4.416342735290527,0.8037109375,0.000244261632,0.0081420544,-0.00040771099156700075,0.9995925426483154,5,30,False,0.007845135405659676,508.9974282495538,1340.930056411511,275.9560662114236,58.61415797394875,292.50338868796825,-84.82221327028617,nan,nan,4,0.0,0.25,0.0,1.0,0.0,0.25,2.0,0.0,2.5,0.75,0.25,0.0,450.25,-84.82221327028617
505,1034240,-0.0026678743306547403,15.826374626159668,4.256321986516316,0.0033721248409170844,0.03267311937718963,0.3337752918402354,0.03469034284353256,3.7049596309661865,0.8356119791666666,0.00024415103999999996,0.008138368,-1.0807644912347314e-06,0.999998927116394,5,30,False,0.005926272366195917,509.1220781893881,1343.6382195864717,276.52006863245333,58.72667724193889,292.50338868796825,-88.70060529022764,nan,nan,6,0.0,0.5,0.0,1.0,0.0,0.0,2.1666666666666665,0.0,3.0,0.8333333333333334,0.0,0.0,389.1666666666667,-88.70060529022764
506,1036288,-0.00250190230969262,17.111077213287352,4.255707708994548,0.0035512597853085024,0.03419718175427988,0.33803621580203375,0.015686269849538803,4.224706649780273,0.74609375,0.000244040448,0.0081346816,-0.0009356222581118345,0.9990653991699219,5,30,False,0.006057627033442259,509.28311523370775,1346.2055963065504,277.1028030924499,58.824022655928275,292.50338868796825,-90.4005737743733,nan,nan,6,0.0,0.5,0.0,1.0,0.0,0.0,2.0,0.0,3.0,1.0,0.0,0.0,390.3333333333333,-90.4005737743733
507,1038336,-0.004026974460187679,22.70472106933594,4.251956192652385,0.00488552471183662,0.05725057023422172,0.36146189322074257,-0.20663529634475708,4.842333793640137,0.8162434895833334,0.00024392985599999998,0.0081309952,-0.002372607821598649,0.9976328611373901,5,30,False,0.008110614493489265,509.3828547792541,1349.0480555124668,277.6299429603969,58.93190888292156,292.50338868796825,-83.93695232287122,nan,nan,7,0.0,0.42857142857142855,0.14285714285714285,0.8571428571428571,0.0,0.0,1.4285714285714286,0.2857142857142857,2.4285714285714284,1.1428571428571428,0.14285714285714285,0.0,329.42857142857144,-83.93695232287122
508,1040384,-0.002516456111334264,17.644915771484374,4.25028478304545,0.002526593519881589,0.020861541751461724,0.3002476513385773,0.8485842347145081,3.7919318675994873,0.9444986979166666,0.00024381926399999997,0.0081273088,-0.0021169716492295265,0.9978897571563721,5,30,False,0.004390275571495295,509.5991398285112,1351.402643134512,278.19731589537696,59.03425975792925,292.50338868796825,-93.68534481134141,nan,nan,3,0.0,0.3333333333333333,0.0,1.0,0.0,0.0,1.6666666666666667,0.0,3.0,1.3333333333333333,0.0,0.0,406.3333333333333,-93.68534481134141
509,1042432,-0.003998007375048474,16.08960771560669,4.250716002782186,0.0043035926655710655,0.05210256859039267,0.2907460734248161,0.4223061501979828,4.015154838562012,0.9020182291666666,0.000243708672,0.0081236224,-0.0017179455608129501,0.9982864260673523,5,30,False,0.009301689453423023,509.7305598971039,1354.0639845896512,278.78783216942975,59.1460129499319,292.50338868796825,-71.17122779441934,nan,nan,2,0.0,0.0,0.5,0.5,0.0,0.0,0.0,1.0,1.5,2.0,0.0,0.0,491.5,-71.17122779441934
510,1044480,-0.004284240511090805,18.76452875137329,4.252840725580851,0.005344302673471612,0.0636923335531416,0.3209684247771899,-0.1643417924642563,3.952587127685547,0.8580729166666666,0.00024359807999999999,0.008119936,-0.0010071266442537308,0.9989943504333496,5,30,False,0.010338572785258293,509.852480809276,1356.7982340536546,279.325111740196,59.25740538594255,292.50338868796825,-65.87875352019152,nan,nan,6,0.0,0.16666666666666666,0.0,0.5,0.5,0.0,1.0,1.0,1.6666666666666667,1.0,0.0,0.5,515.0,-65.87875352019152
511,1046528,-0.002696432898907612,21.405171966552736,4.2552307605743405,0.002747926773139173,0.023458967342351873,0.3712771619359652,0.4052034616470337,4.284427165985107,0.6984049479166666,0.00024348748799999997,0.0081162496,0.0,1.0,5,30,False,0.00477825291454792,510.02753645022364,1359.2513128286664,279.9365441833361,59.36695437892922,292.50338868796825,-88.49585637070413,nan,nan,5,0.0,0.4,0.0,1.0,0.0,0.2,1.8,0.0,2.8,1.2,0.0,0.0,420.2,-88.49585637070413
512,1048576,-0.001784760757194211,10.231516647338868,4.256503836313883,0.0026482269448622566,0.021795847779139878,0.26920693715413413,0.097723588347435,3.0340073108673096,0.9249674479166666,0.00024337689599999998,0.0081125632,-0.00035803020000457764,0.9996422529220581,5,30,False,0.004783131647855043,510.11784704996984,1362.0328878387081,280.56141540817043,59.47637549992942,292.50338868796825,-80.55150471253,nan,nan,4,0.0,0.5,0.0,0.75,0.25,0.0,2.0,0.25,2.5,0.75,0.0,0.25,445.0,-80.55150471253
513,1050624,-0.0027767036148967843,30.64993324279785,4.256058216094971,0.00474973586279801,0.054300622102649264,0.3824272160728773,-0.22516536712646484,5.444057941436768,0.81982421875,0.000243266304,0.0081088768,-8.868460099620279e-06,0.9999911189079285,5,30,False,0.011060335673391819,510.2441569479906,1364.6907354847353,281.174909289286,59.58092313593079,292.50338868796825,-88.88694907702006,nan,nan,5,0.0,0.2,0.0,0.8,0.2,0.0,0.8,0.4,2.2,1.8,0.0,0.2,458.0,-88.88694907702006
514,1052672,-0.005112494664111485,16.089692687988283,4.25614070892334,0.004018999206352006,0.04150713912288969,0.29149327874183656,-0.7271873354911804,3.658123254776001,0.82373046875,0.00024315571199999997,0.0081051904,-0.0006051283562555909,0.9993953704833984,5,30,False,0.00707783829420805,510.384045784225,1367.3945786458062,281.69213666817814,59.68455101993459,292.50338868796825,-93.51601079786906,nan,nan,4,0.0,0.25,0.0,1.0,0.0,0.0,1.75,0.0,2.5,1.25,0.0,0.0,449.0,-93.51601079786906
515,1054720,-0.004504799679853022,15.9826189994812,4.255799674987793,0.003790376218189445,0.04133998514153063,0.356021781762441,-0.0149473175406456,3.4818551540374756,0.69921875,0.00024304511999999998,0.008101504,-2.9065697162877768e-05,0.9999709129333496,5,30,False,0.006869165692478418,510.56583986561765,1369.9198661659757,282.2118737431156,59.78579518492916,292.50338868796825,-87.10189826756687,nan,nan,6,0.0,0.3333333333333333,0.0,1.0,0.0,0.0,2.3333333333333335,0.0,2.6666666666666665,0.6666666666666666,0.0,0.0,454.0,-87.10189826756687
516,1056768,-0.005339921320167681,26.274617385864257,4.255629221598308,0.005168381025722243,0.06033993652478482,0.2936029523611069,-0.25744321942329407,4.784213542938232,0.8045247395833334,0.000242934528,0.0080978176,-0.0010164370760321617,0.9989851713180542,5,30,False,0.00873243622481823,510.71231340438334,1372.580132903866,282.7401282022038,59.88901008393441,292.50338868796825,-86.4005919854219,nan,nan,5,0.0,0.6,0.0,1.0,0.0,0.0,2.4,0.0,3.0,0.6,0.0,0.0,415.6,-86.4005919854219
517,1058816,-0.0022062273734870055,17.643408489227294,4.253336381912232,0.0030176985496894793,0.03088570887533327,0.31562393605709077,0.3808686137199402,4.064731121063232,0.8395182291666666,0.00024282393599999998,0.0080941312,-0.0012419623089954257,0.9987592101097107,5,30,False,0.0068677873350679874,510.8276148275047,1375.3343105667736,283.28788384835934,59.995199177923496,292.50338868796825,-78.14803547788763,nan,nan,4,0.0,0.5,0.0,1.0,0.0,0.5,2.25,0.0,2.5,0.75,0.0,0.0,408.0,-78.14803547788763
518,1060864,-0.004712697604554705,24.927456283569335,4.253831005096435,0.004134183176415775,0.04735313029183696,0.32309371829032896,-1.0541802644729614,5.1919403076171875,0.78955078125,0.00024271334399999999,0.0080904448,-0.0005817710771225393,0.9994184970855713,5,30,False,0.007407855708152056,510.95851698418846,1378.0394597207633,283.8042698503705,60.11706232491997,292.50338868796825,-84.66371472606879,nan,nan,5,0.0,0.2,0.0,0.8,0.2,0.0,1.2,0.4,2.2,1.4,0.0,0.2,464.4,-84.66371472606879
519,1062912,-0.0033068099447215596,12.008363914489745,4.256343237559,0.004091032774857446,0.041800925477097434,0.30480634470780693,-0.15341077744960785,3.2122793197631836,0.796875,0.000242602752,0.0080867584,0.0,1.0,5,30,False,0.007001866586506367,511.06366456168996,1380.8003519748745,284.38390089044697,60.221622402910725,292.50338868796825,-88.33870232050519,nan,nan,5,0.0,0.4,0.0,1.0,0.0,0.0,2.2,0.0,2.6,0.8,0.0,0.0,372.2,-88.33870232050519
520,1064960,-0.0029879850995106,26.591257286071777,4.256215079625448,0.002876981469878559,0.02718384553833554,0.32448990046978,-0.8791581988334656,4.8264570236206055,0.75390625,0.00024249215999999998,0.008083072,-0.0006107456283643842,0.9993898272514343,5,30,False,0.0064860740676522255,511.20207774960755,1383.4167465498467,284.968060897314,60.32879667892121,292.50338868796825,-85.54457104428748,nan,nan,5,0.0,0.4,0.0,1.0,0.0,0.0,2.4,0.0,2.8,0.4,0.2,0.0,385.8,-85.54457104428748
521,1067008,-0.003429246666443457,13.084074211120605,4.254860862096151,0.0036258775093167273,0.03700880617058525,0.3252437189221382,0.2671439051628113,2.9882774353027344,0.7506510416666666,0.000242381568,0.0080793856,-0.0003994134021922946,0.9996008276939392,5,30,False,0.008137429133057594,511.32390001942235,1386.109349019811,285.5248556623992,60.4463897729147,292.50338868796825,-85.32684750708296,nan,nan,6,0.0,0.5,0.0,1.0,0.0,0.0,2.5,0.0,2.0,0.5,0.0,0.0,386.8333333333333,-85.32684750708296
522,1069056,-0.0033440302591770887,23.015209197998047,4.256518729527792,0.0034539283493126407,0.036668585737546285,0.3047618269920349,-0.04466819018125534,4.748929977416992,0.7532552083333334,0.000242270976,0.0080756992,0.0,1.0,5,30,False,0.006456331349909306,511.41373973400414,1388.952985049822,286.06857089044934,60.5594251059083,292.50338868796825,-90.35840316520807,nan,nan,4,0.0,0.5,0.0,1.0,0.0,0.0,2.0,0.0,3.0,1.0,0.0,0.0,366.5,-90.35840316520807
523,1071104,-0.0034551292813072604,16.24243106842041,4.256485001246134,0.0038799291931590225,0.038268400686016925,0.3043935736020406,0.5208330750465393,3.893738031387329,0.8250325520833334,0.00024216038399999998,0.0080720128,-0.00020004561520181596,0.9998000860214233,5,30,False,0.0068325260654091835,511.477969530686,1391.8100887907203,286.6991436475073,60.66749261690711,292.50338868796825,-79.07653030302261,nan,nan,7,0.0,0.42857142857142855,0.0,0.8571428571428571,0.14285714285714285,0.0,2.142857142857143,0.2857142857142857,2.7142857142857144,0.5714285714285714,0.0,0.14285714285714285,416.7142857142857,-79.07653030302261
524,1073152,-0.005343288016350319,26.160097122192383,4.2562509059906,0.004852519126885454,0.053685936029069126,0.3361258640885353,-0.8920567631721497,5.097865581512451,0.76220703125,0.000242049792,0.008068326399999999,-0.00013385474449023604,0.9998661875724792,5,30,False,0.007204766385257244,511.5331282656469,1394.7351296066918,287.2891396963969,60.78661876391561,292.50338868796825,-88.72402083587151,nan,nan,6,0.0,0.6666666666666666,0.0,1.0,0.0,0.0,2.1666666666666665,0.0,2.6666666666666665,0.8333333333333334,0.0,0.0,331.5,-88.72402083587151
525,1075200,-0.0043575235778310645,11.505345058441161,4.255418157577514,0.003696429966260362,0.04203112104441971,0.3440382684270541,0.27250710129737854,2.9996068477630615,0.7825520833333334,0.00024193919999999998,0.00806464,-0.0008998812409117818,0.9991013407707214,5,30,False,0.006974537391215563,511.68593996877524,1397.3058788316994,287.8459080042958,60.90121303292108,292.50338868796825,-90.22654164012056,nan,nan,2,0.0,0.5,0.0,1.0,0.0,0.0,2.0,0.0,3.0,1.0,0.0,0.0,437.5,-90.22654164012056
526,1077248,-0.0017570772421701502,46.39066619873047,4.251993544896444,0.00319629439697104,0.03061382316518575,0.3131512179970741,-1.343823790550232,6.803573131561279,0.8058268229166666,0.00024182860799999999,0.0080609536,-0.0023333588615059853,0.9976723194122314,5,30,False,0.007016275078058243,511.81118668255266,1399.9284053407464,288.4574605234375,61.012323522911174,292.50338868796825,-92.81501189558512,nan,nan,9,0.0,0.3333333333333333,0.0,1.0,0.0,0.0,1.7777777777777777,0.0,2.3333333333333335,1.2222222222222223,0.0,0.0,393.8888888888889,-92.81501189558512
527,1079296,-0.003194113468392364,10.731424522399902,4.250998385747274,0.003704755400622354,0.041001629844928784,0.32777199447155,0.41499602794647217,3.1009061336517334,0.9344075520833334,0.00024171801599999997,0.008057267199999999,-0.0012413434451445937,0.9987607002258301,5,30,False,0.0063209799118340015,511.8827313633118,1402.8355966716626,289.0098051632958,61.128419763903366,292.50338868796825,-80.02620283558866,nan,nan,3,0.0,1.0,0.0,1.0,0.0,0.0,3.0,0.0,3.0,0.0,0.0,0.0,280.6666666666667,-80.02620283558866
528,1081344,-0.002977377036586404,19.075001525878907,4.254267024993896,0.003410899693192589,0.036037145780089,0.2928362940748533,0.7380095720291138,4.243467807769775,0.8994140625,0.00024160742399999998,0.0080535808,-0.0006465860642492771,0.9993538856506348,5,30,False,0.006968866568058729,511.9511493166352,1405.71110307872,289.5791851262329,61.26022755789745,292.50338868796825,-89.29397568761715,nan,nan,6,0.0,0.0,0.0,0.8333333333333334,0.16666666666666666,0.0,1.0,0.3333333333333333,2.6666666666666665,1.6666666666666667,0.0,0.16666666666666666,481.3333333333333,-89.29397568761715
529,1083392,-0.004982046988637497,15.277236461639404,4.256298573811849,0.004230646435841913,0.04983379264206936,0.3158418501416842,0.21822386980056763,3.5575716495513916,0.7841796875,0.000241496832,0.0080498944,0.0,1.0,5,30,False,0.00825578160583973,512.2326835200466,1407.833806702707,290.0662160163629,61.36782468088495,292.50338868796825,-73.76156123392957,nan,nan,3,0.0,0.6666666666666666,0.0,0.6666666666666666,0.3333333333333333,0.0,2.3333333333333335,0.3333333333333333,1.6666666666666667,0.3333333333333333,0.0,0.3333333333333333,453.3333333333333,-73.76156123392957
530,1085440,-0.0030716321448077603,53.538442611694336,4.256810967127482,0.004008247909766371,0.04884792065713554,0.2718789373834928,-1.3498485088348389,6.553165912628174,0.8523763020833334,0.00024138623999999997,0.008046208,0.0,1.0,5,30,False,0.00804575253278017,512.3248424380273,1410.6356402087404,290.63511455222033,61.472927927883575,292.50338868796825,-87.9094978915226,nan,nan,7,0.0,0.42857142857142855,0.0,0.8571428571428571,0.14285714285714285,0.0,1.7142857142857142,0.14285714285714285,1.8571428571428572,1.1428571428571428,0.0,0.14285714285714285,425.57142857142856,-87.9094978915226
531,1087488,-0.0038229805941227823,18.261241722106934,4.256800127029419,0.004677245247884778,0.055311746270551035,0.3498504514495532,0.1170797348022461,4.354158401489258,0.8790690104166666,0.00024127564799999998,0.0080425216,-4.1123534174403176e-05,0.9999589323997498,5,30,False,0.009536554105579853,512.3916544177276,1413.5276928466337,291.22654377245635,61.5839445158781,292.50338868796825,-107.59731479023442,nan,nan,3,0.0,0.0,0.0,1.0,0.0,0.0,0.3333333333333333,0.0,3.0,2.6666666666666665,0.0,0.0,455.0,-107.59731479023442
532,1089536,-0.003109103402433296,16.542826175689697,4.255934111277262,0.003166808035369391,0.030911753481874863,0.3228050241867701,-0.07307624071836472,3.708399772644043,0.7716471354166666,0.000241165056,0.0080388352,-0.0006805078592151403,0.9993202090263367,5,30,False,0.0053047677502036095,512.5030786764228,1416.2606213085382,291.79228497762233,61.68978645087918,292.50338868796825,-85.8068158670726,nan,nan,5,0.0,0.0,0.0,0.8,0.2,0.0,1.6,0.2,2.4,1.0,0.2,0.2,484.2,-85.8068158670726
533,1091584,-0.002886899801281591,23.344236373901367,4.253133169809977,0.0033313605292536784,0.034724410246902454,0.35434798498948417,-0.9274267554283142,4.740387916564941,0.783203125,0.00024105446399999998,0.0080351488,-0.0020741107873618603,0.9979312419891357,5,30,False,0.007509724702686071,512.5950498044228,1419.0378803514468,292.39254231369705,61.798572889878415,292.50338868796825,-84.35042638072018,nan,nan,5,0.0,0.8,0.0,1.0,0.0,0.0,2.6,0.0,3.0,0.4,0.0,0.0,359.0,-84.35042638072018
534,1093632,-0.006669482856523246,20.338602447509764,4.250068998336792,0.0053291046802241135,0.06510317057060698,0.34120056132475535,-0.572773814201355,4.4344305992126465,0.7906901041666666,0.00024094387199999999,0.0080314624,-0.0022727730683982372,0.9977309703826904,5,30,False,0.010942797176539898,512.7117640706277,1421.7380480513966,292.9601560176088,61.90939551088377,292.50338868796825,-88.18330828731345,nan,nan,7,0.0,0.42857142857142855,0.0,1.0,0.0,0.0,2.142857142857143,0.0,2.857142857142857,0.7142857142857143,0.14285714285714285,0.0,351.57142857142856,-88.18330828731345
535,1095680,-0.004575970186851919,14.867313480377197,4.2499319871266685,0.004243176443128755,0.04138118306485315,0.31818441798289615,0.8512223362922668,3.6545608043670654,0.7307942708333334,0.00024083328,0.008027776,-0.0021807297598570585,0.9978227615356445,5,30,False,0.006310380529612303,512.8354965961306,1424.4235283673625,293.52813179558143,62.00742056388117,292.50338868796825,-81.46704563685563,nan,nan,4,0.0,0.75,0.0,1.0,0.0,0.0,2.75,0.0,2.75,0.0,0.25,0.0,325.75,-81.46704563685563
536,1097728,-0.005191795636589328,18.653785705566406,4.251980113983154,0.005034588937005896,0.061403319744082786,0.31346762776374815,0.03214788809418678,3.9710657596588135,0.7931315104166666,0.00024072268799999998,0.0080240896,-0.0011330102570354939,0.9988679885864258,5,30,False,0.009082270786166191,513.0793173562599,1426.7118092343444,293.99725194767234,62.112447015882935,292.50338868796825,-92.80403154254945,nan,nan,5,0.0,0.4,0.0,1.0,0.0,0.0,1.8,0.0,1.8,1.2,0.0,0.0,464.2,-92.80403154254945
537,1099776,-0.00443008247045024,24.3106969833374,4.253951295216878,0.003747153526078856,0.04027789937099442,0.32167078951994577,-1.0603516101837158,4.402661323547363,0.6756184895833334,0.000240612096,0.0080204032,-0.0007943680393509567,0.9992061853408813,5,30,False,0.006886894814670086,513.2869785984108,1429.0889326211327,294.51807073251985,62.2140784188814,292.50338868796825,-82.17424624522876,nan,nan,6,0.0,0.8333333333333334,0.0,1.0,0.0,0.0,2.8333333333333335,0.0,2.3333333333333335,0.16666666666666666,0.0,0.0,410.3333333333333,-82.17424624522876
538,1101824,-0.003021465760927337,14.417821979522705,4.255332787831624,0.0033872087350219756,0.02911115108290687,0.3143192117412885,0.11485793441534042,3.4182803630828857,0.8388671875,0.000240501504,0.0080167168,-0.0004997729556635022,0.9995005130767822,5,30,False,0.004861514084041119,513.4307293951888,1431.7607435591635,295.0147790336341,62.3168355228845,292.50338868796825,-80.1225509671256,nan,nan,60,0.0,1.0,0.0,1.0,0.0,0.05,2.2666666666666666,0.26666666666666666,2.4166666666666665,0.4666666666666667,nan,0.15,369.35,nan
539,1103872,-0.004229464412977298,14.93932123184204,4.256054957707723,0.0039563235752818095,0.04176334167520205,0.3017193252841632,-0.1347825825214386,3.715465545654297,0.8185221354166666,0.00024039091199999998,0.0080130304,-6.0916237998753786e-05,0.9999391436576843,5,30,False,0.006810479797422886,505.60330434567896,1434.4666667181154,295.6369331226597,62.427784911880735,326.1945729659783,-87.5597567255055,nan,nan,7,0.0,0.5714285714285714,0.0,1.0,0.0,0.0,2.2857142857142856,0.0,2.7142857142857144,0.7142857142857143,0.0,0.0,391.57142857142856,-87.5597567255055
540,1105920,-0.004407516432305177,9.772877025604249,4.256784152984619,0.004583867976332164,0.05209705643355846,0.33576375295718514,0.8184823393821716,2.967733383178711,0.8815104166666666,0.00024028032,0.008009344,0.0,1.0,5,30,False,0.008376809768378735,505.7001541235813,1437.216433165042,296.25568476687477,62.567466269872966,326.1945729659783,-80.20475937620517,nan,nan,4,0.0,1.0,0.0,1.0,0.0,0.0,3.0,0.0,3.0,0.0,0.0,0.0,366.75,-80.20475937620517
541,1107968,-0.0032660583179676904,25.296274757385255,4.256815512975057,0.0040154794319216345,0.04465265825856477,0.3130305995543798,-0.5618135333061218,5.073497772216797,0.8118489583333334,0.00024016972799999997,0.0080056576,0.0,1.0,5,30,False,0.00789707526564598,505.84957511359795,1439.7419156560209,296.86642745485005,62.702014358874294,326.1945729659783,-74.14554922720428,nan,nan,6,0.0,0.5,0.0,0.6666666666666666,0.3333333333333333,0.0,2.3333333333333335,0.3333333333333333,2.6666666666666665,0.3333333333333333,0.0,0.3333333333333333,450.5,-74.14554922720428
542,1110016,-0.0026381077400098245,17.273235893249513,4.255616601308187,0.002995349201230822,0.025017307170977197,0.3795432478189468,0.26201409101486206,4.2057013511657715,0.7568359375,0.00024005913599999999,0.0080019712,-0.0011755861341953278,0.998826265335083,5,30,False,0.006102733314037323,505.97918053493714,1442.398665176137,297.4354769197962,62.84084739987156,326.1945729659783,-92.66107986556854,nan,nan,5,0.0,0.4,0.0,1.0,0.0,0.0,1.8,0.0,2.6,1.2,0.0,0.0,366.6,-92.66107986556854
543,1112064,-0.004688536337926053,16.460729122161865,4.249964491526286,0.003528412893865607,0.03433360414734731,0.2831658100088437,0.3372807502746582,3.3852360248565674,0.8380533854166666,0.000239948544,0.0079982848,-0.0030756331980228424,0.9969331622123718,5,30,False,0.005270115099847317,506.08954090076486,1445.1818799931498,297.99000768394035,62.94596553986776,326.1945729659783,-87.22309805277912,nan,nan,6,0.0,0.5,0.0,1.0,0.0,0.0,2.3333333333333335,0.0,2.5,0.6666666666666666,0.0,0.0,375.0,-87.22309805277912
544,1114112,-0.004239077885479977,12.199469089508057,4.246942710876465,0.0051999126087073615,0.0638249261615177,0.3032071088751157,0.7013651728630066,3.477820634841919,0.84033203125,0.00023983795199999998,0.0079945984,-0.0035179471597075462,0.9964908957481384,5,30,False,0.008343187160789967,506.23015879503447,1447.8290555931744,298.53766787690984,63.07367849285947,326.1945729659783,-85.23900794551855,nan,nan,2,0.0,0.5,0.0,1.0,0.0,0.0,2.5,0.0,3.0,0.5,0.0,0.0,390.0,-85.23900794551855
545,1116160,-0.007004800121649168,20.097255325317384,4.248474359512329,0.005187432050048939,0.06526133851148189,0.302187808851401,-0.30779004096984863,4.254333972930908,0.7390950520833334,0.00023972736,0.007990912,-0.0013673463836312294,0.9986340999603271,5,30,False,0.009819431230425835,506.40451943442844,1450.3913129713037,299.00354010883893,63.203298451859155,326.1945729659783,-84.46347654341332,nan,nan,8,0.0,0.375,0.0,0.875,0.125,0.0,2.125,0.125,2.5,0.75,0.0,0.125,446.625,-84.46347654341332
546,1118208,-0.004418643525180717,16.09837999343872,4.253718582789103,0.004493787473036978,0.056100939074531196,0.3212454785903295,-0.18514013290405273,3.780856132507324,0.6656901041666666,0.00023961676799999997,0.0079872256,-0.0013324277242645621,0.9986697435379028,5,30,False,0.007455168757587671,506.6784396087714,1452.4823060613853,299.55308207579947,63.300309504847974,326.1945729659783,-86.95254320315628,nan,nan,3,0.0,0.6666666666666666,0.0,1.0,0.0,0.0,2.3333333333333335,0.0,2.3333333333333335,0.6666666666666666,0.0,0.0,327.6666666666667,-86.95254320315628
547,1120256,-0.0038649623437474172,17.569300365447997,4.251965761184692,0.0036141449524812797,0.040120821841992435,0.3040849064787229,1.2429231405258179,3.755065441131592,0.8787434895833334,0.00023950617599999998,0.0079835392,-0.0016816825373098254,0.998321533203125,5,30,False,0.008152185939252377,506.79565097640005,1455.2086104064074,300.100535332851,63.43106164285564,326.1945729659783,-87.14779511193467,nan,nan,6,0.0,0.5,0.0,1.0,0.0,0.0,2.3333333333333335,0.0,2.3333333333333335,0.6666666666666666,0.0,0.0,466.8333333333333,-87.14779511193467
548,1122304,-0.001812597643584013,18.902744674682616,4.2539036750793455,0.002626178872706516,0.018820282925541203,0.31202431122461954,0.04221640154719353,4.240522384643555,0.8361002604166666,0.000239395584,0.0079798528,-0.00016529069398529828,0.9998347759246826,5,30,False,0.004955904092639685,506.9688934199897,1457.7163001434237,300.62681627774145,63.57473001185281,326.1945729659783,-70.22778491460622,nan,nan,2,0.0,1.0,0.0,1.0,0.0,0.5,3.0,0.0,2.5,0.0,0.0,0.0,349.5,-70.22778491460622
549,1124352,-0.00381851204438135,29.604776763916014,4.256121842066447,0.0035103855659291898,0.033999003955007844,0.3097411607702573,-1.0939958095550537,5.369316577911377,0.7581380208333334,0.00023928499199999997,0.0079761664,-0.0004208318132441491,0.9995794296264648,5,30,False,0.00661060493439436,507.19825926693716,1459.9918873423885,301.13255927167484,63.70822375486023,326.1945729659783,-74.47434089778162,nan,nan,8,0.0,0.5,0.0,0.75,0.25,0.125,2.0,0.375,1.875,0.625,0.0,0.25,410.625,-74.47434089778162
550,1126400,-0.004939937211262683,16.520058155059814,4.254858048756917,0.004157441706179914,0.050755644543096425,0.28935710291067757,0.4929940402507782,4.009852409362793,0.6756184895833334,0.00023917439999999998,0.00797248,-0.0009989121463149786,0.9990026354789734,5,30,False,0.009746414609253407,507.47245191240785,1462.0109786253743,301.6917205136997,63.84938281486393,326.1945729659783,-68.94232817155353,nan,nan,4,0.0,0.5,0.25,0.75,0.0,0.0,2.0,0.5,1.75,0.25,0.25,0.0,331.75,-68.94232817155353
551,1128448,-0.002073540864512324,16.94056453704834,4.2535699844360355,0.0032538061820331253,0.031124411162454634,0.3227477287252744,0.3221910297870636,3.801908254623413,0.77392578125,0.000239063808,0.0079687936,-0.0009694200707599521,0.9990319013595581,5,30,False,0.006079137325286865,507.6224925876946,1464.5494297342957,302.26042153761955,63.99226990486204,326.1945729659783,-72.67983150193149,nan,nan,5,0.0,0.4,0.0,0.6,0.4,0.0,2.2,0.4,1.8,0.4,0.0,0.4,498.8,-72.67983150193149
552,1130496,-0.0027904362315894103,19.42471561431885,4.2550647258758545,0.0028778902380500997,0.02999501194572076,0.3346633697549502,0.13797567784786224,4.2393479347229,0.7478841145833334,0.00023895321599999998,0.0079651072,-0.0005603472236543894,0.9994401335716248,5,30,False,0.006971269380301237,507.7404786334098,1467.129670193346,302.91914499569975,64.13257747786702,326.1945729659783,-80.70921354547961,nan,nan,6,0.0,0.3333333333333333,0.0,0.8333333333333334,0.16666666666666666,0.0,1.8333333333333333,0.3333333333333333,2.6666666666666665,0.8333333333333334,0.0,0.16666666666666666,403.3333333333333,-80.70921354547961
553,1132544,-0.0042601005608351745,18.297675704956056,4.255964724222819,0.0040365163504378675,0.045748972636647525,0.3274775450428327,-0.4626098573207855,3.9642393589019775,0.7727864583333334,0.000238842624,0.0079614208,0.0,1.0,5,30,False,0.007313069887459278,507.8404171339687,1469.912186200454,303.4673160355742,64.27722994987562,326.1945729659783,-84.34770589151648,nan,nan,5,0.0,0.6,0.0,1.0,0.0,0.0,2.6,0.0,2.6,0.4,0.0,0.0,368.6,-84.34770589151648
554,1134592,-0.004344171271562421,23.070597648620605,4.256814797719319,0.003458653916693701,0.037332968041300776,0.30228316436211267,-0.39202427864074707,4.52441930770874,0.7565104166666666,0.000238732032,0.0079577344,0.0,1.0,5,30,False,0.006105870474129915,507.9493894627413,1472.708592075549,304.0042356414924,64.37496783287497,326.1945729659783,-80.58898138873874,nan,nan,7,0.0,0.5714285714285714,0.0,0.8571428571428571,0.14285714285714285,0.0,2.4285714285714284,0.14285714285714285,2.142857142857143,0.42857142857142855,0.0,0.14285714285714285,377.14285714285717,-80.58898138873874
555,1136640,-0.004294958962903669,14.781028842926025,4.256110143661499,0.0037494370043479625,0.039987970613098396,0.3168631608287493,-0.6743519902229309,3.8480045795440674,0.7903645833333334,0.00023862143999999998,0.007954048,-0.0007798313163220882,0.9992210268974304,5,30,False,0.00708486745133996,508.14575014144486,1475.166868273518,304.49114353345067,64.47961656087136,326.1945729659783,-86.28809040642481,nan,nan,5,0.0,0.4,0.0,1.0,0.0,0.0,2.4,0.0,3.0,0.6,0.0,0.0,385.2,-86.28809040642481
556,1138688,-0.005369751011797538,16.32186222076416,4.25390731493632,0.005213069003746137,0.06241895957694699,0.305098669230938,-0.43542081117630005,4.1083574295043945,0.70361328125,0.00023851084799999996,0.0079503616,-0.0009934637928381562,0.9990075826644897,5,30,False,0.010053031146526337,508.46739680145146,1477.0884805526148,304.95131023535214,64.60776267485926,326.1945729659783,-86.75341643365391,nan,nan,4,0.0,0.25,0.0,1.0,0.0,0.0,2.25,0.0,1.75,0.5,0.25,0.0,359.75,-86.75341643365391
557,1140736,-0.003553758344302575,13.927626514434815,4.255098660786946,0.003564310360167962,0.03639442868685971,0.30221485197544096,0.4199196696281433,3.5207407474517822,0.6979166666666666,0.000238400256,0.0079466752,-0.00032814231235533953,0.9996720552444458,5,30,False,0.006981381680816412,508.6703453261714,1479.5994209836208,305.36360233636515,64.71474501685589,326.1945729659783,-85.69424837621852,nan,nan,4,0.0,0.5,0.0,1.0,0.0,0.0,2.5,0.0,2.0,0.5,0.0,0.0,427.0,-85.69424837621852
558,1142784,-0.002984516155750801,13.616851425170898,4.256019481023153,0.002776280719676927,0.026975040483133247,0.3109232967098554,0.2758595645427704,3.4321632385253906,0.84814453125,0.00023828966399999998,0.0079429888,-0.0004949794383719563,0.9995054006576538,5,30,False,0.0057728891260921955,508.79733045074266,1482.3135387517104,305.87861435736704,64.82609330485866,326.1945729659783,-83.32676595581383,nan,nan,7,0.0,0.2857142857142857,0.0,0.8571428571428571,0.14285714285714285,0.0,2.142857142857143,0.14285714285714285,2.7142857142857144,0.7142857142857143,0.0,0.14285714285714285,401.0,-83.32676595581383
559,1144832,-0.003351304750443281,13.507056522369385,4.252506001790365,0.0036961122903494755,0.0352347068876649,0.3061092053850492,-0.0613793209195137,3.7521724700927734,0.8273111979166666,0.000238179072,0.0079393024,-0.0026788688264787197,0.9973270893096924,5,30,False,0.00615098187699914,508.89359121678945,1485.0951471946755,306.4350790284225,64.96020659586065,326.1945729659783,-79.77174001594369,nan,nan,5,0.0,0.2,0.0,0.8,0.2,0.0,1.6,0.4,2.4,0.8,0.2,0.2,354.8,-79.77174001594369
560,1146880,-0.006057372557309767,12.06249122619629,4.249248870213827,0.005149369074915869,0.06334113863607248,0.34428940117359164,0.46008041501045227,3.478001594543457,0.7259114583333334,0.00023806848,0.007935616,-0.0020284063648432493,0.9979743361473083,5,30,False,0.009453363716602325,509.0012298188,1487.8614531937637,306.98601968844014,65.06411749386461,326.1945729659783,-80.70362385926444,nan,nan,6,0.0,0.3333333333333333,0.0,0.8333333333333334,0.16666666666666666,0.0,2.3333333333333335,0.16666666666666666,2.3333333333333335,0.5,0.0,0.16666666666666666,412.0,-80.70362385926444
561,1148928,-0.00282704527489841,11.929230785369873,4.253491799036662,0.003707905732221898,0.04093360280385241,0.32109134594599403,-0.34240230917930603,3.452207088470459,0.7674153645833334,0.000237957888,0.0079319296,-0.0002368514979025349,0.9997632503509521,5,30,False,0.006782108452171087,509.2327196621611,1490.1585829087999,307.43520369945327,65.20419567487261,326.1945729659783,-83.65053771884959,nan,nan,3,0.0,0.6666666666666666,0.0,1.0,0.0,0.0,2.6666666666666665,0.0,3.0,0.3333333333333333,0.0,0.0,341.6666666666667,-83.65053771884959
562,1150976,-0.003000920800938426,18.80362033843994,4.256682682037353,0.0036208705031255998,0.03445769657070438,0.28810673505067824,-0.15618211030960083,4.348583221435547,0.7496744791666666,0.00023784729599999997,0.0079282432,0.0,1.0,5,30,False,0.006294792052358389,509.46272725447693,1492.3978545956925,307.9382502844237,65.34621212887578,326.1945729659783,-84.89461200934622,nan,nan,7,0.0,0.2857142857142857,0.0,0.8571428571428571,0.14285714285714285,0.0,2.0,0.14285714285714285,1.8571428571428572,0.8571428571428571,0.0,0.14285714285714285,400.57142857142856,-84.89461200934622
563,1153024,-0.0025881154850746196,18.191399765014648,4.256366141637167,0.00343068912085087,0.036026071745436636,0.2859539076685905,0.12342922389507294,3.9024152755737305,0.8046875,0.00023773670399999998,0.0079245568,-0.000501389498822391,0.9994990229606628,5,30,False,0.00627128453925252,509.6893049096758,1494.6702773526486,308.4256036174629,65.48222797487688,326.1945729659783,-76.89560195944614,nan,nan,4,0.0,0.5,0.0,0.75,0.25,0.0,2.25,0.25,1.5,0.25,0.25,0.25,424.25,-76.89560195944614
564,1155072,-0.0029985703683147826,21.73803768157959,4.254571469624837,0.0030768276779779818,0.031222495848002532,0.35572810769081115,-0.26826801896095276,4.578883647918701,0.7097981770833334,0.000237626112,0.0079208704,-0.0009257832425646484,0.9990755319595337,5,30,False,0.006958740763366222,509.9471927275331,1496.8678600135609,308.87099920956825,65.59198903288052,326.1945729659783,-82.31208273567609,nan,nan,6,0.0,0.5,0.0,0.8333333333333334,0.16666666666666666,0.0,2.1666666666666665,0.16666666666666666,2.3333333333333335,0.6666666666666666,0.0,0.16666666666666666,400.1666666666667,-82.31208273567609
565,1157120,-0.00368416866986081,12.793384647369384,4.254888439178467,0.00418848440329519,0.04675476654277493,0.2678997864325841,0.4740646481513977,3.2388131618499756,0.8361002604166666,0.00023751551999999997,0.007917184,-0.0003244474355597049,0.9996757507324219,5,30,False,0.007980934344232082,510.1613666491914,1499.1756339845742,309.403221335524,65.70098252088064,326.1945729659783,-70.57658768712797,nan,nan,3,0.0,0.6666666666666666,0.0,0.6666666666666666,0.3333333333333333,0.0,2.6666666666666665,0.3333333333333333,1.0,0.0,0.0,0.3333333333333333,418.0,-70.57658768712797
566,1159168,-0.0030044920470876,19.60272846221924,4.255914481480916,0.0027691073079895343,0.026793238900912304,0.286312597990036,0.16568832099437714,3.987610340118408,0.8273111979166666,0.00023740492799999998,0.0079134976,-0.00047288002679124475,0.9995274543762207,5,30,False,0.005592890549451113,510.3859107438997,1501.4446114277234,309.9264626325021,65.80856554888305,326.1945729659783,-90.90318813518554,nan,nan,6,0.0,0.3333333333333333,0.0,1.0,0.0,0.0,2.0,0.0,2.0,1.0,0.0,0.0,402.8333333333333,-90.90318813518554
567,1161216,-0.0032024329372992116,9.583259105682373,4.254931116104126,0.0036886234164828836,0.0400885678245686,0.3086313808957736,0.0852150171995163,3.0533084869384766,0.78564453125,0.000237294336,0.0079098112,-0.0008084075525403023,0.9991925954818726,5,30,False,0.008100917562842369,510.62145978745787,1503.6870979066298,310.41317900245485,65.92231216088112,326.1945729659783,-66.94922087342657,nan,nan,5,0.0,0.4,0.0,0.6,0.4,0.0,2.2,0.6,2.2,0.2,0.0,0.4,397.0,-66.94922087342657
568,1163264,-0.0031203417534319063,16.80804681777954,4.255417029062907,0.0035285435348982003,0.03389091023321574,0.26224088023106257,-0.37838560342788696,3.755655288696289,0.8484700520833334,0.00023718374399999998,0.0079061248,-1.1161729162267875e-05,0.9999889135360718,5,30,False,0.006987815257161856,510.7198132794881,1506.4455579106725,310.9921176863718,66.03599660188775,326.1945729659783,-76.34043308470018,nan,nan,4,0.0,0.75,0.0,0.75,0.25,0.0,2.5,0.25,1.0,0.25,0.0,0.25,462.5,-76.34043308470018
569,1165312,-0.005598756919789593,22.425399589538575,4.256033198038737,0.005328759011805986,0.06432672496108958,0.2949620539943377,-0.07227931171655655,4.154757976531982,0.8181966145833334,0.000237073152,0.0079024384,-0.0007540121441707015,0.9992468357086182,5,30,False,0.009874348528683186,510.83416351824064,1509.1694732458418,311.5356436353759,66.14297853488824,326.1945729659783,-83.77718671436203,nan,nan,7,0.0,0.42857142857142855,0.0,0.8571428571428571,0.14285714285714285,0.0,2.142857142857143,0.14285714285714285,2.142857142857143,0.7142857142857143,0.0,0.14285714285714285,411.14285714285717,-83.77718671436203
570,1167360,-0.004230196005664766,11.835902500152589,4.253582334518432,0.003788300226976086,0.03660235555532078,0.3081652596592903,0.733032763004303,3.269698143005371,0.9046223958333334,0.00023696256,0.007898752,-0.0012847427278757095,0.998717725276947,5,30,False,0.006449301261454821,511.0216052697664,1511.625546180876,312.0441369793989,66.24468312489626,326.1945729659783,-80.02185341713994,nan,nan,3,0.0,1.0,0.0,1.0,0.0,0.0,3.0,0.0,1.6666666666666667,0.0,0.0,0.0,297.6666666666667,-80.02185341713994
571,1169408,-0.0049778738718790315,31.670514869689942,4.25249121983846,0.004916612733773999,0.06116127886731799,0.30175904581944146,0.32570338249206543,5.4634222984313965,0.8662109375,0.00023685196799999998,0.0078950656,-0.001412082347087562,0.9985897541046143,5,30,False,0.00910875666886568,511.2302106138257,1513.9767797377426,312.55743172345683,66.34210477590386,326.1945729659783,-79.71014771033671,nan,nan,7,0.0,0.14285714285714285,0.0,0.7142857142857143,0.2857142857142857,0.0,1.1428571428571428,0.5714285714285714,2.142857142857143,1.2857142857142858,0.0,0.2857142857142857,490.14285714285717,-79.71014771033671
572,1171456,-0.003062331482457618,18.418644905090332,4.252602116266886,0.0036647407782887296,0.039772795850876716,0.2820554201801618,-0.39364171028137207,4.153578758239746,0.8294270833333334,0.000236741376,0.0078913792,-0.0015552811091765761,0.9984471201896667,5,30,False,0.0074328589253127575,511.41489181575207,1516.450493515702,313.06291258818237,66.44057864189381,326.1945729659783,-73.9548929503241,nan,nan,3,0.0,0.6666666666666666,0.0,0.6666666666666666,0.3333333333333333,0.0,2.3333333333333335,0.3333333333333333,2.3333333333333335,0.3333333333333333,0.0,0.3333333333333333,350.3333333333333,-73.9548929503241
573,1173504,-0.00300873860445184,24.355146217346192,4.2515150229136145,0.0030483263768803968,0.029300200931417445,0.32998156497875847,1.051670789718628,4.596131324768066,0.7913411458333334,0.000236630784,0.0078876928,-0.002411882858723402,0.9975965023040771,5,30,False,0.005663396790623665,511.68910081088256,1518.526539821527,313.538093237119,66.54946997789375,326.1945729659783,-56.522581133527254,nan,nan,5,0.0,0.0,0.0,0.4,0.6,0.0,1.2,1.2,2.2,0.6,0.0,0.6,535.0,-56.522581133527254
574,1175552,-0.002063655985208849,17.00044059753418,4.248263851801554,0.002281718138105493,0.02013822297255198,0.29984100461006163,-0.8959110975265503,4.114591121673584,0.7491861979166666,0.00023652019199999998,0.0078840064,-0.0031106292735785246,0.9969037771224976,5,30,False,0.0053620291873812675,511.9386541788028,1520.7285119067383,313.99516969804245,66.65984456188744,326.1945729659783,-90.97337347225312,nan,nan,4,0.0,0.25,0.0,0.75,0.25,0.0,0.75,0.25,1.5,1.5,0.5,0.25,477.0,-90.97337347225312
575,1177600,-0.003171147999819368,22.499989891052245,4.247220134735107,0.004412381947873175,0.047538903960958126,0.2962235848108927,-0.2676795721054077,4.119307518005371,0.9093424479166666,0.00023640959999999997,0.00788032,-0.003218241035938263,0.9967943429946899,5,30,False,0.00769618758931756,512.0278953694564,1523.6179123116162,314.47628857598465,66.76451858588553,326.1945729659783,-93.45934916062542,nan,nan,5,0.0,0.4,0.0,1.0,0.0,0.0,1.6,0.0,2.4,1.2,0.2,0.0,344.6,-93.45934916062542
576,1179648,-0.003467056368632863,11.765629482269286,4.247400490442912,0.004385872900698632,0.04976929724992563,0.30489085565010704,0.25740349292755127,3.411687135696411,0.9010416666666666,0.000236299008,0.0078766336,-0.003037419868633151,0.9969705939292908,5,30,False,0.008609248325228691,512.147156762768,1526.3776663786266,314.94996531795186,66.87050882387848,326.1945729659783,-86.74890599318095,nan,nan,5,0.0,0.4,0.0,0.8,0.2,0.0,1.6,0.2,2.6,1.2,0.0,0.2,413.4,-86.74890599318095
577,1181696,-0.0030455985767427287,12.12711591720581,4.249083232879639,0.004185718779728942,0.041579827553747846,0.2759784986575445,0.34857720136642456,3.358964443206787,0.9046223958333334,0.000236188416,0.0078729472,-0.0019412724068388343,0.9980621337890625,5,30,False,0.006600896827876568,512.2381059141042,1529.181680523514,315.49935998997535,66.9825945658813,326.1945729659783,-58.50997522529269,nan,nan,4,0.0,0.0,0.0,0.25,0.75,0.0,0.75,1.25,1.5,1.0,0.0,0.75,532.0,-58.50997522529269
578,1183744,-0.003047645029922326,22.064200973510744,4.253575166066487,0.004084982104778736,0.0486522952793166,0.34635141293207805,0.041010066866874695,4.826000213623047,0.84912109375,0.00023607782399999997,0.0078692608,-0.0004954610485583544,0.999504804611206,5,30,False,0.008317648433148861,512.3831842757471,1531.7675568176346,316.02090714302904,67.08799842288136,326.1945729659783,-62.221784168019134,nan,nan,6,0.0,0.16666666666666666,0.16666666666666666,0.5,0.3333333333333333,0.16666666666666666,1.3333333333333333,0.8333333333333334,1.8333333333333333,0.8333333333333334,0.0,0.3333333333333333,416.6666666666667,-62.221784168019134
579,1185792,-0.003287807914117972,25.89095573425293,4.256459887822469,0.0037418690942105297,0.041609236792040365,0.293198794623216,-0.6694835424423218,4.5480265617370605,0.8038736979166666,0.000235967232,0.0078655744,-9.892687376122922e-05,0.9999011754989624,5,30,False,0.007546794135123491,512.65347041483,1533.902520740594,316.4587493990257,67.18657988788618,326.1945729659783,-98.58240537405078,nan,nan,4,0.0,0.25,0.0,1.0,0.0,0.0,1.25,0.0,1.5,1.75,0.0,0.0,401.0,-98.58240537405078
580,1187840,-0.0028896217236706436,20.007815074920654,4.256055068969727,0.003762408905737195,0.03769156684478124,0.2860906114180883,-0.017094895243644714,3.7981739044189453,0.8771158854166666,0.00023585664,0.007861888000000001,-0.0003605073725339025,0.9996396899223328,5,30,False,0.006615990307182074,512.8490900488233,1536.3887648409727,316.87377628686954,67.28209871189028,326.1945729659783,-100.10604587110211,nan,nan,5,0.0,0.0,0.0,1.0,0.0,0.0,1.0,0.0,2.0,1.8,0.2,0.0,430.0,-100.10604587110211
581,1189888,-0.004022467083996162,21.04900779724121,4.25598422686259,0.003923855151290859,0.04298616260445366,0.34791587889194486,0.09018057584762573,4.528321266174316,0.7872721354166666,0.00023574604799999997,0.0078582016,-0.00019581339438445866,0.9998042583465576,5,30,False,0.008569195866584778,513.0523106363546,1538.7712329400383,317.35417722586135,67.38475648789608,326.1945729659783,-95.79329982209129,nan,nan,4,0.0,0.25,0.0,1.0,0.0,0.0,1.5,0.0,2.5,1.5,0.0,0.0,405.75,-95.79329982209129
582,1191936,-0.004374616119700174,9.873123168945312,4.25591778755188,0.005722566487290973,0.07123467756124834,0.32153299301862714,0.48495247960090637,2.952486753463745,0.88720703125,0.00023563545599999998,0.0078545152,-0.000627094239462167,0.9993735551834106,5,30,False,0.011270851828157902,513.206543022469,1541.33778175099,317.86330306391756,67.49468541088572,326.1945729659783,-93.355021412312,nan,nan,4,0.0,0.25,0.0,1.0,0.0,0.0,1.75,0.0,2.0,1.25,0.0,0.0,475.5,-93.355021412312
583,1193984,-0.0033231456278978535,21.274729919433593,4.254935344060262,0.0030510094138004483,0.028650006473374862,0.34938584864139555,-0.04222233593463898,4.381618976593018,0.8234049479166666,0.000235524864,0.007850828800000001,-0.0004589916206896305,0.9995412826538086,5,30,False,0.006436598487198353,513.3327941559863,1544.0081378138566,318.3785129060125,67.61821021989454,326.1945729659783,-89.34765262705223,nan,nan,6,0.0,0.0,0.0,0.8333333333333334,0.16666666666666666,0.0,1.0,0.3333333333333333,2.3333333333333335,1.6666666666666667,0.0,0.16666666666666666,465.1666666666667,-89.34765262705223
584,1196032,-0.0035999661311507227,12.667327213287354,4.2558640797932945,0.004710773249265062,0.05581269495499631,0.3352867191036542,-0.06130807101726532,3.659621238708496,0.9171549479166666,0.00023541427199999998,0.0078471424,-0.00024765823036432266,0.9997524619102478,5,30,False,0.008184253238141537,513.40329955132,1546.8984796448349,318.91911343896936,67.73331107888953,326.1945729659783,-84.72363691245158,nan,nan,5,0.0,0.0,0.0,0.8,0.2,0.0,1.2,0.4,2.6,1.4,0.0,0.2,412.6,-84.72363691245158
585,1198080,-0.0032933003346746165,8.643719339370728,4.25664275487264,0.003943367873156937,0.04180017694210013,0.3083316445350647,0.626631498336792,2.9949073791503906,0.8956705729166666,0.00023530368,0.007843456,-2.42422220253502e-06,0.999997615814209,5,30,False,0.007479790598154068,513.5240723495486,1549.5123853678524,319.51327833210235,67.84589520888403,326.1945729659783,-70.97907063229286,nan,nan,2,0.0,0.0,0.0,0.5,0.5,0.0,0.5,1.0,2.0,1.5,0.0,0.5,545.0,-70.97907063229286
586,1200128,-0.004158269109514852,23.707281875610352,4.255996894836426,0.0040750203885810115,0.046491692451915395,0.3162749101718267,-0.5300434231758118,4.614315509796143,0.8546549479166666,0.000235193088,0.007839769600000001,-0.0006632724544033408,0.9993373155593872,5,30,False,0.006343201734125614,513.6424479704189,1552.1290847868368,320.1065602902672,67.96123697087751,326.1945729659783,-85.0083737938791,nan,nan,60,0.0,0.0,0.0,0.6666666666666666,0.3333333333333333,0.0,0.7166666666666667,0.06666666666666667,2.7333333333333334,2.216666666666667,nan,0.06666666666666667,391.8,nan
587,1202176,-0.002557478043794011,8.420715713500977,4.25322470664978,0.0033861349786618827,0.02969015392785271,0.3336253081758817,-0.3800230622291565,2.4669206142425537,0.9417317708333334,0.00023508249599999998,0.0078360832,-0.001840670476667583,0.9981619119644165,5,30,False,0.005866854451596737,505.0629251282591,1554.7958876288612,320.767170562307,68.0783778228797,366.3600670259766,-103.32282838032924,nan,nan,4,0.0,0.0,0.0,1.0,0.0,0.0,0.75,0.0,2.5,2.25,0.0,0.0,393.5,-103.32282838032924
588,1204224,-0.004275607015006244,21.295468139648438,4.250581947962443,0.00506860798566497,0.06293544238821293,0.3198323667049408,-0.21665005385875702,4.8147687911987305,0.8030598958333334,0.000234971904,0.0078323968,-0.0022575610782951117,0.9977469444274902,5,30,False,0.008404062129557133,505.24772552867853,1557.2244877857738,321.28092804532207,68.19924740288116,366.3600670259766,-90.86601213776467,nan,nan,5,0.0,0.0,0.0,0.8,0.2,0.0,0.0,0.6,2.2,2.4,0.0,0.2,485.8,-90.86601213776467
589,1206272,-0.0011642985705596705,18.40109872817993,4.250390815734863,0.0022560431532231934,0.015808495436795057,0.3835798198978106,0.09937674552202225,4.609819412231445,0.7303059895833334,0.000234861312,0.0078287104,-0.0019333873642608523,0.9980697631835938,5,30,False,0.005035333801060915,505.38167770887395,1559.859693313745,321.8301522984548,68.31061445087835,366.3600670259766,-94.55849588104105,nan,nan,3,0.0,0.0,0.0,0.6666666666666666,0.3333333333333333,0.0,0.3333333333333333,0.3333333333333333,2.3333333333333335,2.3333333333333335,0.0,0.3333333333333333,451.0,-94.55849588104105
590,1208320,-0.003998628429447611,13.058480930328368,4.251894569396972,0.003963349888662833,0.04143477063626051,0.31224878976742426,-0.2517329752445221,3.2912726402282715,0.853515625,0.00023475071999999998,0.007825024,-0.0014096442610025406,0.9985926151275635,5,30,False,0.006225427147001028,505.4583966122099,1562.770746346665,322.3644614464283,68.42644344488508,366.3600670259766,-82.78412147797535,nan,nan,5,0.0,0.0,0.0,0.6,0.4,0.0,1.2,0.4,2.2,1.4,0.0,0.4,533.2,-82.78412147797535
591,1210368,-0.0025215968179206055,18.10635824203491,4.250226211547852,0.002581691744171292,0.021740299339095753,0.3536245713631312,-0.3827477693557739,3.868335247039795,0.8347981770833334,0.00023464012799999997,0.0078213376,-0.0031268754974007607,0.9968811869621277,5,30,False,0.005393458530306816,505.5149870742547,1565.7272919197712,322.91941863443935,68.56099772689049,366.3600670259766,-95.49233472231981,nan,nan,4,0.0,0.25,0.0,1.0,0.0,0.0,1.5,0.0,2.5,1.5,0.0,0.0,396.5,-95.49233472231981
592,1212416,-0.0036959449644200504,24.52266654968262,4.244942045211792,0.0037766073243924374,0.04179453311953694,0.3439235801498095,-0.39091357588768005,4.720393180847168,0.7822265625,0.000234529536,0.0078176512,-0.00489270593971014,0.9951254725456238,5,30,False,0.007291002199053764,505.62989440645146,1568.4974390588322,323.4066539034102,68.67158588589518,366.3600670259766,-94.12390660188369,nan,nan,6,0.0,0.0,0.0,0.8333333333333334,0.16666666666666666,0.0,1.0,0.16666666666666666,2.6666666666666665,1.8333333333333333,0.0,0.16666666666666666,460.5,-94.12390660188369
593,1214464,-0.002411529905900049,20.960043716430665,4.240405511856079,0.0033367657089228954,0.031906186246002714,0.31451168407996494,-0.273346483707428,4.486308574676514,0.8375651041666666,0.00023441894399999999,0.0078139648,-0.005806570407003164,0.9942210912704468,5,30,False,0.005433803889900446,505.71798849294197,1571.33437269571,323.9533377633634,68.7890586158901,366.3600670259766,-74.12960129878684,nan,nan,4,0.0,0.5,0.25,0.75,0.0,0.0,1.5,0.5,1.25,0.75,0.25,0.0,336.0,-74.12960129878684
594,1216512,-0.005706621741410345,13.784319305419922,4.23897271156311,0.005825664158096872,0.07389429005949448,0.3131731316447258,0.6472793817520142,3.5673515796661377,0.8268229166666666,0.00023430835199999997,0.0078102784000000005,-0.005922194570302963,0.9941056966781616,5,30,False,0.009449968114495277,505.9430829877416,1573.690498029624,324.36160098560504,68.89339023487992,366.3600670259766,-75.02710113179282,nan,nan,5,0.0,0.0,0.0,0.6,0.4,0.0,0.8,0.8,2.6,1.4,0.0,0.4,502.0,-75.02710113179282
595,1218560,-0.004639570589642972,24.751504707336426,4.239172315597534,0.005118484505179503,0.06289465210090081,0.33050086597601575,-0.4789765179157257,4.544983863830566,0.88037109375,0.00023419775999999998,0.007806591999999999,-0.0058777183294296265,0.9941511154174805,5,30,False,0.009779009036719799,506.0041230625851,1576.4918202216359,325.0335140756506,69.0273146708787,366.3600670259766,-103.95958779224785,nan,nan,5,0.0,0.0,0.0,1.0,0.0,0.0,0.6,0.0,2.0,2.2,0.2,0.0,480.8,-103.95958779224785
596,1220608,-0.0026055859789873162,7.6583765029907225,4.238992055257161,0.0032576724429320674,0.03256018018970887,0.3527884930372238,0.714339554309845,2.509340286254883,0.88427734375,0.000234087168,0.0078029056,-0.005960884504020214,0.9940659403800964,5,30,False,0.006572226993739605,506.0888616360066,1579.4081160295755,325.5104111565597,69.15501670388039,366.3600670259766,-82.15180734758299,nan,nan,3,0.0,0.0,0.3333333333333333,0.6666666666666666,0.0,0.0,0.0,0.6666666666666666,2.0,2.0,0.3333333333333333,0.0,322.6666666666667,-82.15180734758299
597,1222656,-0.003962625770752007,28.08753147125244,4.236965195337931,0.0040777721449080685,0.043785814599444466,0.31781649539868034,-0.3830735683441162,4.9058756828308105,0.9083658854166666,0.00023397657599999997,0.0077992192000000005,-0.0077660661190748215,0.9922770261764526,5,30,False,0.006077809724956751,506.1729356777561,1582.3464476935333,325.95051164051984,69.29499600788404,366.3600670259766,-82.33074200345202,nan,nan,7,0.0,0.0,0.0,0.7142857142857143,0.2857142857142857,0.0,0.8571428571428571,0.5714285714285714,2.142857142857143,1.5714285714285714,0.0,0.2857142857142857,488.57142857142856,-82.33074200345202
598,1224704,-0.001354423010100921,13.144972229003907,4.232446718215942,0.0024257135959889543,0.02231331994989887,0.3777799099683762,0.17167629301548004,3.444046974182129,0.82080078125,0.000233865984,0.0077955328,-0.00813520047813654,0.9919106960296631,5,30,False,0.0059869796968996525,506.237359411454,1585.32317403247,326.4655803164205,69.42083230987191,366.3600670259766,-65.49549093496242,nan,nan,2,0.0,0.0,0.0,0.5,0.5,0.0,1.0,1.0,3.0,1.0,0.0,0.5,480.5,-65.49549093496242
599,1226752,-0.003913723786051075,19.495849990844725,4.230552228291829,0.004428180081708414,0.04447161728361001,0.33637765198946,-0.44788995385169983,4.143472671508789,0.79296875,0.000233755392,0.0077918464,-0.009926818311214447,0.9901386499404907,5,30,False,0.006623498629778624,506.29576157536627,1588.2918976576475,327.0104787673772,69.54646322586632,366.3600670259766,-93.83666073584148,nan,nan,3,0.0,0.3333333333333333,0.0,1.0,0.0,0.0,1.6666666666666667,0.0,2.3333333333333335,1.3333333333333333,0.0,0.0,506.3333333333333,-93.83666073584148
600,1228800,-0.0029750914177081238,20.673007774353028,4.227248954772949,0.004144487154634465,0.04459279148528973,0.3595721875627836,-0.07749535888433456,3.8587489128112793,0.8468424479166666,0.00023364479999999998,0.00778816,-0.009291371330618858,0.9907776713371277,5,30,False,0.008533948101103306,506.3851097016616,1591.2048200045683,327.46056527055043,69.66470039487467,366.3600670259766,-91.57136302890402,nan,nan,7,0.0,0.0,0.0,0.8571428571428571,0.14285714285714285,0.0,0.8571428571428571,0.2857142857142857,2.5714285714285716,1.7142857142857142,0.14285714285714285,0.14285714285714285,484.7142857142857,-91.57136302890402
601,1230848,-0.001958447756866614,24.320575332641603,4.228851445515951,0.003321774520666463,0.03332732706330717,0.33975737045208615,-1.3294519186019897,4.578560829162598,0.8196614583333334,0.00023353420799999999,0.007784473599999999,-0.00973520427942276,0.99034184217453,5,30,False,0.005915243644267321,506.47216935514183,1594.0801253964892,327.9567119156127,69.79464838186686,366.3600670259766,-97.35600387005586,nan,nan,3,0.0,0.3333333333333333,0.0,1.0,0.0,0.0,1.3333333333333333,0.0,2.3333333333333335,1.6666666666666667,0.0,0.0,387.0,-97.35600387005586
602,1232896,-0.002756557821218545,7.88529634475708,4.229340887069702,0.003686837141362283,0.03375718283156554,0.3554022565484047,0.17536066472530365,2.6671671867370605,0.9319661458333334,0.000233423616,0.0077807872,-0.008189992047846317,0.9918705821037292,5,30,False,0.006903886329382658,506.5081562981824,1597.2067870675673,328.44922734350257,69.92059172785957,366.3600670259766,-92.85091565304774,nan,nan,5,0.0,0.0,0.0,0.8,0.2,0.0,1.0,0.2,2.6,1.8,0.0,0.2,457.4,-92.85091565304774
603,1234944,-0.003206054412294179,16.14086561203003,4.233906396230062,0.0042047275096459445,0.0471916178551813,0.36046607593695323,-0.2904489040374756,3.803833246231079,0.81982421875,0.00023331302399999998,0.0077771008,-0.007230943068861961,0.9928200244903564,5,30,False,0.008130194619297981,506.57449904290735,1600.2221615424642,328.9058116204542,70.04969619285839,366.3600670259766,-100.76459787051142,nan,nan,6,0.0,0.16666666666666666,0.0,1.0,0.0,0.0,1.0,0.0,2.6666666666666665,2.0,0.0,0.0,427.6666666666667,-100.76459787051142
604,1236992,-0.0014167326696527501,31.34250259399414,4.2351677735646565,0.002166257062044611,0.013464599358849227,0.36047427654266356,-0.7245873212814331,5.248972415924072,0.8831380208333334,0.000233202432,0.0077734143999999995,-0.007360556162893772,0.992689847946167,5,30,False,0.0042135464027523994,506.65874550151585,1603.0788327615592,329.4573554324452,70.15665956186422,366.3600670259766,-107.68751696431355,nan,nan,3,0.0,0.0,0.0,1.0,0.0,0.0,0.3333333333333333,0.0,3.0,2.6666666666666665,0.0,0.0,462.6666666666667,-107.68751696431355
605,1239040,-0.003394647664390504,27.384586334228516,4.2343960444132485,0.004065117956287131,0.04422489309217781,0.30387518952290216,-0.22792810201644897,4.90151834487915,0.87353515625,0.00023309184,0.007769728,-0.00752631202340126,0.9925172328948975,5,30,False,0.007252241484820843,506.82766790175924,1605.4470370345807,330.06820354954107,70.28078563886811,366.3600670259766,-105.933240220184,nan,nan,5,0.0,0.0,0.0,1.0,0.0,0.0,0.4,0.0,2.4,2.4,0.2,0.0,432.8,-105.933240220184
606,1241088,-0.004192668804898858,29.993172073364256,4.233486986160278,0.006077249082577504,0.07735120505094528,0.36007885287205377,-0.5562013387680054,5.448428630828857,0.8209635416666666,0.00023298124799999998,0.0077660416,-0.008385016582906246,0.9916691780090332,5,30,False,0.0119697954505682,506.99232499683905,1607.980957081556,330.5431147365598,70.39743523387006,366.3600670259766,-87.8289255661548,nan,nan,6,0.0,0.0,0.0,0.6666666666666666,0.3333333333333333,0.0,0.5,0.5,1.6666666666666667,2.0,0.0,0.3333333333333333,485.8333333333333,-87.8289255661548
607,1243136,-0.0023778274383706353,6.288413000106812,4.232661867141724,0.003818501518367708,0.04003722696409871,0.3048004264632861,0.4398573040962219,2.343538999557495,0.9158528645833334,0.000232870656,0.0077623551999999995,-0.007131797261536121,0.9929156303405762,5,30,False,0.008828593418002129,507.11872531732064,1610.6941941165715,331.04297153651714,70.50079184985952,366.3600670259766,-105.74516842639241,nan,nan,2,0.0,0.0,0.0,1.0,0.0,0.0,0.5,0.0,3.0,2.5,0.0,0.0,414.5,-105.74516842639241
608,1245184,-0.001957777695497498,17.53877830505371,4.237518135706583,0.002842801410300169,0.025569094950333236,0.33428095231453575,-0.1541079729795456,3.81756591796875,0.8527018229166666,0.000232760064,0.0077586688,-0.006229790858924389,0.9938113689422607,5,30,False,0.006092588417232037,507.2107419209883,1613.432878422609,331.6527004784439,70.61685296086944,366.3600670259766,-95.86932074089243,nan,nan,6,0.0,0.0,0.0,0.8333333333333334,0.16666666666666666,0.0,0.8333333333333334,0.16666666666666666,2.0,2.0,0.0,0.16666666666666666,482.0,-95.86932074089243
609,1247232,-0.0035710208079156778,14.376000595092773,4.2373547395070394,0.0046044925302693475,0.04801868598442525,0.33478001157442727,0.46786779165267944,4.020086765289307,0.86328125,0.00023264947199999999,0.0077549824,-0.006748128216713667,0.993294894695282,5,30,False,0.007420206442475319,507.36532570498815,1616.0658041765855,332.089545761497,70.72386749387078,366.3600670259766,-70.42242457015406,nan,nan,3,0.0,0.0,0.0,0.6666666666666666,0.3333333333333333,0.0,0.6666666666666666,1.0,2.3333333333333335,1.3333333333333333,0.0,0.3333333333333333,478.6666666666667,-70.42242457015406
610,1249280,-0.004912942617860002,7.054153156280518,4.234718084335327,0.004202339700364215,0.04837893350825955,0.3306279147664706,0.6846528053283691,2.6259825229644775,0.7880859375,0.00023253887999999997,0.0077512959999999995,-0.008029570803046227,0.9920251369476318,5,30,False,0.008316420018672943,507.4107535155627,1618.878822783532,332.8294691064075,70.84999466186855,366.3600670259766,-75.57687487362614,nan,nan,2,0.0,0.0,0.0,0.5,0.5,0.0,1.5,0.5,2.0,1.0,0.0,0.5,510.5,-75.57687487362614
611,1251328,-0.0034855365908394256,8.362925815582276,4.231537008285523,0.004853043824546277,0.053426557562003534,0.3521961147586505,0.13160555064678192,2.5692098140716553,0.8688151041666666,0.000232428288,0.0077476096,-0.008753619156777859,0.9913176894187927,5,30,False,0.00853627361357212,507.44145427990094,1621.926094452443,333.392558512438,70.99093420786085,366.3600670259766,-70.82838299519446,nan,nan,7,0.0,0.0,0.0,0.42857142857142855,0.5714285714285714,0.0,0.7142857142857143,0.8571428571428571,2.4285714285714284,1.1428571428571428,0.2857142857142857,0.5714285714285714,559.1428571428571,-70.82838299519446
612,1253376,-0.0032030045345891266,15.2017671585083,4.231386184692383,0.005348062510911025,0.06832926013351728,0.37982190201679866,-0.8043155074119568,3.777956962585449,0.9051106770833334,0.000232317696,0.0077439232,-0.008108481764793396,0.9919461607933044,5,30,False,0.00961208250373602,507.50471040782764,1624.9390751994797,333.8701634265017,71.1147142588743,366.3600670259766,-110.92939969892905,nan,nan,2,0.0,0.0,0.0,1.0,0.0,0.0,0.0,0.0,3.0,3.0,0.0,0.0,489.0,-110.92939969892905
613,1255424,-0.003671969083370641,13.571342086791992,4.233049456278483,0.004710560504228424,0.05359336583254238,0.354258605837822,-0.26989173889160156,3.1621251106262207,0.8963216145833334,0.00023220710399999997,0.0077402368,-0.007812195923179388,0.9922342300415039,5,30,False,0.008813311345875263,507.59607279387103,1627.8394796395005,334.33682125844643,71.22363765687624,366.3600670259766,-107.54929204585171,nan,nan,6,0.0,0.0,0.0,1.0,0.0,0.0,0.3333333333333333,0.0,2.3333333333333335,2.6666666666666665,0.0,0.0,454.6666666666667,-107.54929204585171
614,1257472,-0.003816586845399191,34.3972188949585,4.23562068939209,0.004639442325429701,0.053912334113071364,0.3462076480189959,-1.220636010169983,5.510433673858643,0.8756510416666666,0.00023209651199999998,0.0077365504,-0.006316550076007843,0.9937159419059753,5,30,False,0.01282513327896595,507.72440271040415,1630.601423468368,334.7747515793744,71.32935360788542,366.3600670259766,-104.70294987101988,nan,nan,4,0.0,0.0,0.0,1.0,0.0,0.0,0.5,0.0,2.25,2.25,0.25,0.0,399.0,-104.70294987101988
615,1259520,-0.0036350337710852423,21.18389301300049,4.237134297688802,0.0036895119085645855,0.04064851700483511,0.35944140404462815,0.0717407763004303,4.342334270477295,0.8321940104166666,0.00023198592,0.007732864,-0.006991255097091198,0.9930471777915955,5,30,False,0.009605667553842068,507.8421024276809,1633.3328258773545,335.26917323113594,71.45408471189148,366.3600670259766,-93.37062179879376,nan,nan,4,0.0,0.0,0.0,0.75,0.25,0.0,0.75,0.25,3.0,2.0,0.0,0.25,532.5,-93.37062179879376
616,1261568,-0.0032584979257080705,13.096241760253907,4.237274344762167,0.0040311477917345994,0.0436465092546617,0.35098456144332885,0.1858026683330536,3.474644899368286,0.9005533854166666,0.00023187532799999998,0.0077291776,-0.005695867817848921,0.9943312406539917,5,30,False,0.008837376721203327,507.91585616694334,1636.2963564403617,335.7474966271402,71.57226159688435,366.3600670259766,-106.65924940883124,nan,nan,5,0.0,0.0,0.0,1.0,0.0,0.0,0.2,0.0,2.6,2.4,0.4,0.0,457.8,-106.65924940883124
617,1263616,-0.0020093214969771605,26.75877571105957,4.240998824437459,0.003767676802886168,0.0434398721360291,0.3618517518043518,-0.9426895380020142,4.939545631408691,0.8079427083333334,0.00023176473599999999,0.0077254912,-0.004949292168021202,0.9950747489929199,5,30,False,0.009256098419427872,508.0512248882715,1639.020961502305,336.17824863090937,71.68271646088397,366.3600670259766,-93.7943132693548,nan,nan,4,0.0,0.0,0.0,0.75,0.25,0.0,0.75,0.25,3.0,2.0,0.0,0.25,534.0,-93.7943132693548
618,1265664,-0.002979435414696733,12.58353681564331,4.2438749472300215,0.0023376380676068936,0.02150935840715344,0.33738074998060863,0.004592755809426308,3.4069299697875977,0.8351236979166666,0.000231654144,0.0077218048,-0.003400365589186549,0.9966123104095459,5,30,False,0.0046598827466368675,508.13413802206566,1641.954439607216,336.63321849287604,71.807404169871,366.3600670259766,-108.28890030554271,nan,nan,4,0.0,0.0,0.0,1.0,0.0,0.0,0.25,0.0,2.5,2.75,0.0,0.0,499.0,-108.28890030554271
619,1267712,-0.002350553936169793,26.669956779479982,4.248529020945231,0.004520983154383825,0.04840226372083028,0.33139252811670306,-0.1358117014169693,4.940501689910889,0.8660481770833334,0.00023154355199999998,0.0077181184,-0.0024036383256316185,0.99760502576828,5,30,False,0.007421600632369518,508.21736910841236,1644.8389666571456,337.141971050718,71.92663206887664,366.3600670259766,-95.6374255192768,nan,nan,4,0.0,0.0,0.0,1.0,0.0,0.0,1.5,0.0,2.0,1.5,0.0,0.0,454.5,-95.6374255192768
620,1269760,-0.002561218197903751,15.90727424621582,4.248990281422933,0.005710287435691863,0.06907707094214857,0.32335146417220434,0.5305925607681274,4.062720775604248,0.8634440104166666,0.00023143296,0.007714432,-0.003079153597354889,0.9969293475151062,5,30,False,0.009043771773576736,508.2823448774837,1647.8596825990971,337.60265499971865,72.05007100588409,366.3600670259766,-65.49511763136525,nan,nan,4,0.0,0.0,0.0,0.5,0.5,0.0,1.0,1.0,3.0,1.0,0.0,0.5,560.75,-65.49511763136525
621,1271808,-0.0028169890775946744,18.115605735778807,4.249550914764404,0.0034644712929663398,0.03606838025152683,0.3381159429748853,0.12105698138475418,4.096197605133057,0.89990234375,0.000231322368,0.0077107456,-0.0014176454860717058,0.9985844492912292,5,30,False,0.006135655101388693,508.3669227019247,1650.6869343799772,338.1605031826475,72.16072603088105,366.3600670259766,-108.33524241614077,nan,nan,4,0.0,0.0,0.0,1.0,0.0,0.0,0.25,0.0,3.0,2.75,0.0,0.0,433.0,-108.33524241614077
622,1273856,-0.0034099442418664694,12.725311470031738,4.252632745107015,0.005165269245745404,0.062324261917577436,0.33515638758738836,0.14972804486751556,3.2196640968322754,0.8513997395833334,0.00023121177599999998,0.0077070592,-0.0017998237162828445,0.9982029795646667,5,30,False,0.00970288086682558,508.4417411579238,1653.5793437658867,338.68563313473715,72.28850025188876,366.3600670259766,-84.0900329082702,nan,nan,3,0.0,0.0,0.0,0.6666666666666666,0.3333333333333333,0.3333333333333333,0.6666666666666666,0.3333333333333333,2.0,2.0,0.0,0.3333333333333333,524.0,-84.0900329082702
623,1275904,-0.0027920062847745916,23.0693696975708,4.25274821917216,0.004007823436744765,0.04118913320514063,0.32614513436953224,-0.9612374901771545,4.018339157104492,0.9479166666666666,0.000231101184,0.0077033728,-0.00041831270209513605,0.9995818138122559,5,30,False,0.006855030544102192,508.49794676526756,1656.6763845458045,339.1127408678585,72.40289616589143,366.3600670259766,-84.15074536550081,nan,nan,6,0.0,0.0,0.0,0.6666666666666666,0.3333333333333333,0.0,0.8333333333333334,0.5,2.6666666666666665,1.6666666666666667,0.0,0.3333333333333333,466.6666666666667,-84.15074536550081
624,1277952,-0.003236123320675688,23.784961700439453,4.256255753835043,0.0038847532868347746,0.039641918350631994,0.34438301076491673,-0.153192400932312,4.787917137145996,0.9036458333333334,0.000230990592,0.0076996864,-0.00030970131047070026,0.9996904730796814,5,30,False,0.007312907371670008,508.53488297961843,1659.6603642588016,339.7362756930088,72.52877561489004,366.3600670259766,-110.99785046062425,nan,nan,3,0.0,0.0,0.0,1.0,0.0,0.0,0.0,0.0,3.0,3.0,0.0,0.0,459.0,-110.99785046062425
625,1280000,-0.0041929842807197325,8.874685955047607,4.256058979034424,0.0039400428354183,0.04288501520253097,0.3347488805651665,0.8499490022659302,2.820016860961914,0.9358723958333334,0.00023087999999999998,0.007696,-0.0002763754455372691,0.9997237920761108,5,30,False,0.006257947534322739,508.57452920521905,1662.786776585781,340.21015952793823,72.64667514288158,366.3600670259766,-61.095419934965506,nan,nan,5,0.0,0.0,0.0,0.4,0.6,0.0,0.2,1.4,3.0,1.4,0.0,0.6,556.0,-61.095419934965506
626,1282048,-0.0022836857630560794,21.135247802734376,4.255676746368408,0.0025909245279786813,0.022854031734944633,0.38629904041687646,0.779750645160675,4.835846424102783,0.8439127604166666,0.00023076940799999997,0.0076923136,-0.0006584845250472426,0.9993419647216797,5,30,False,0.005474256817251444,508.66827948063377,1665.6426372797432,340.6863072480046,72.77214231688413,366.3600670259766,-64.4456208304764,nan,nan,3,0.0,0.0,0.0,0.3333333333333333,0.6666666666666666,0.0,0.0,1.3333333333333333,3.0,1.6666666666666667,0.0,0.6666666666666666,562.0,-64.4456208304764
627,1284096,-0.005243641929700971,22.328706169128417,4.255306196212769,0.005049184997772244,0.06224123698969682,0.29823704113562904,-0.5099668502807617,3.9745278358459473,0.88232421875,0.00023065881599999998,0.007688627199999999,-0.0003050664090551436,0.9996950030326843,5,30,False,0.008255577646195889,508.7620735977557,1668.5717287718144,341.0882344099955,72.89537564988132,366.3600670259766,-91.97063060656437,nan,nan,5,0.0,0.0,0.0,0.8,0.2,0.0,0.4,0.4,2.4,2.0,0.2,0.2,492.0,-91.97063060656437
628,1286144,-0.0034443074662704022,17.993551445007324,4.25534462928772,0.0035933938420342417,0.0352269681248193,0.36408746043841045,0.2525010406970978,4.161798000335693,0.86181640625,0.000230548224,0.0076849408,-0.0008207880309782922,0.999180257320404,5,30,False,0.006040253676474094,508.8251503106058,1671.5629319648287,341.5433633151406,73.04727336688666,366.3600670259766,-87.67185237406086,nan,nan,6,0.0,0.0,0.0,0.8333333333333334,0.16666666666666666,0.0,0.6666666666666666,0.5,3.0,1.8333333333333333,0.0,0.16666666666666666,450.8333333333333,-87.67185237406086
629,1288192,-0.0033729790360666812,4.525995898246765,4.254550011952718,0.003686358250199705,0.038922840061907965,0.33958758612473805,0.6790010333061218,2.183218240737915,0.93310546875,0.00023043763199999997,0.0076812544,-0.0007172944024205208,0.999283492565155,5,30,False,0.007328880485147238,508.89462101711445,1674.5821383089205,341.99467570630077,73.15738397688256,366.3600670259766,-43.31580971600488,nan,nan,1,0.0,0.0,0.0,0.0,1.0,0.0,0.0,2.0,3.0,1.0,0.0,1.0,600.0,-43.31580971600488
630,1290240,-0.004381081104899446,17.19172954559326,4.253981431325276,0.0038527236234463507,0.0400776870859166,0.33290375421444574,-0.11772014945745468,4.093730449676514,0.8619791666666666,0.00023032703999999998,0.007677568,-0.0016308713238686323,0.9983731508255005,5,30,False,0.006813207175582647,508.93237761716085,1677.5225050867157,342.6224723662308,73.3075904698926,366.3600670259766,-61.039566808437016,nan,nan,4,0.0,0.0,0.0,0.5,0.5,0.0,0.75,1.25,3.0,1.0,0.0,0.5,548.5,-61.039566808437016
631,1292288,-0.001685886193687717,10.798706817626954,4.25011682510376,0.0037027036244846085,0.03481126286399861,0.3971254656712214,-0.15712296962738037,2.7593884468078613,0.888671875,0.000230216448,0.0076738816,-0.0028358465060591698,0.9971761703491211,5,30,False,0.008495735935866833,509.01136708365004,1680.462191965853,343.0911076442717,73.41721339689684,366.3600670259766,-87.27576885678779,nan,nan,5,0.0,0.0,0.0,0.6,0.4,0.0,0.8,0.4,3.0,1.8,0.0,0.4,528.4,-87.27576885678779
632,1294336,-0.002386683380852143,6.899489402770996,4.247864500681559,0.004172637994391455,0.045356747958188254,0.3754364848136902,0.03826426342129707,2.6924655437469482,0.91748046875,0.00023010585599999997,0.0076701952,-0.0027422436978667974,0.9972690343856812,5,30,False,0.007575266994535923,509.1029233930394,1683.344938317823,343.5186115192337,73.57518147589872,366.3600670259766,-105.71433567277552,nan,nan,2,0.0,0.0,0.0,1.0,0.0,0.0,0.5,0.0,3.0,2.5,0.0,0.0,465.5,-105.71433567277552
633,1296384,-0.002383391205027389,45.913935852050784,4.248550256093343,0.00347806904495744,0.03196067474782467,0.3653298596541087,0.010786520317196846,6.493129730224609,0.85009765625,0.000229995264,0.0076665088,-0.00286179780960083,0.9971438646316528,5,30,False,0.005798791069537401,509.17499701660995,1686.2356103039347,344.02413970233465,73.72111106090597,366.3600670259766,-66.61403044523756,nan,nan,7,0.0,0.0,0.0,0.42857142857142855,0.5714285714285714,0.0,0.42857142857142855,1.1428571428571428,3.0,1.4285714285714286,0.0,0.5714285714285714,524.0,-66.61403044523756
634,1298432,-0.003998279558921543,7.04141321182251,4.24664413134257,0.003515660879332912,0.03483812417058895,0.36181547890106835,0.4381314516067505,2.1982438564300537,0.8870442708333334,0.000229884672,0.0076628224,-0.00390790868550539,0.9961013793945312,5,30,False,0.005457405932247639,509.27523728764095,1689.0395372818894,344.49505422328366,73.86908685590606,366.3600670259766,-90.47451683803229,nan,nan,1,0.0,0.0,0.0,1.0,0.0,0.0,2.0,0.0,3.0,1.0,0.0,0.0,472.0,-90.47451683803229
635,1300480,-0.0032521830442419743,19.105248260498048,4.2459910869598385,0.003643327316442006,0.041421452863141896,0.3465137953559558,0.17324380576610565,3.996988534927368,0.8426106770833334,0.00022977407999999998,0.007659136,-0.002882045693695545,0.997123658657074,5,30,False,0.006990126334130764,509.3886460161595,1691.7891848428553,344.9493814122834,74.00287736290193,366.3600670259766,-63.356742870921984,nan,nan,60,0.0,0.0,0.0,0.5,0.5,0.0,0.45,0.36666666666666664,2.933333333333333,2.183333333333333,nan,0.18333333333333332,445.9166666666667,nan
636,1302528,-0.0034125870404144126,7.909523344039917,4.250227451324463,0.004137672208628901,0.046461573739846544,0.3242773006359736,0.4413284659385681,2.605638265609741,0.9173177083333334,0.000229663488,0.007655449599999999,-0.0016679491382092237,0.9983350038528442,5,30,False,0.007540885824710131,499.6070593376172,1694.8238542107283,345.40201680925384,74.11895345589437,416.72577080197516,-77.52739093772107,nan,nan,3,0.0,0.0,0.0,0.3333333333333333,0.6666666666666666,0.0,0.6666666666666666,0.6666666666666666,2.3333333333333335,1.6666666666666667,0.0,0.6666666666666666,543.3333333333334,-77.52739093772107
637,1304576,-0.0029324752220418306,18.286774826049804,4.252754338582357,0.004166753519666414,0.042539683275390414,0.3389695594708125,0.4458334445953369,4.070534706115723,0.8780924479166666,0.000229552896,0.0076517632,-0.0012171491980552673,0.9987850189208984,5,30,False,0.006974144373089075,499.6528793573832,1697.769468935643,346.07315013323387,74.24213651489117,416.72577080197516,-69.20458679332168,nan,nan,5,0.0,0.0,0.0,0.4,0.6,0.0,0.6,1.0,2.2,1.4,0.0,0.6,541.0,-69.20458679332168
638,1306624,-0.003154853874972711,7.52437949180603,4.253122472763062,0.003521204023803731,0.036349318874999884,0.40748104502757393,-0.08918724209070206,2.7447400093078613,0.9620768229166666,0.00022944230399999998,0.0076480768,-0.0011960702249780297,0.9988061189651489,5,30,False,0.007071618922054768,499.7287117209986,1700.7350522957277,346.57266505033476,74.37142091490387,416.72577080197516,-110.83445210350328,nan,nan,2,0.0,0.0,0.0,1.0,0.0,0.0,0.0,0.0,3.0,3.0,0.0,0.0,517.5,-110.83445210350328
639,1308672,-0.0041880872954304016,23.97858123779297,4.254146957397461,0.005086599079883018,0.059129289762737854,0.33024825602769853,-0.49158382415771484,4.7773756980896,0.8806966145833334,0.000229331712,0.0076443904,-0.000433078792411834,0.9995671510696411,5,30,False,0.007806283421814442,499.81356679488766,1703.7545757398912,346.99884387035854,74.47652636190469,416.72577080197516,-80.83389370932647,nan,nan,4,0.0,0.25,0.0,0.75,0.25,0.0,1.25,0.5,2.5,1.25,0.0,0.25,456.25,-80.83389370932647
640,1310720,-0.00436009062298884,5.045923328399658,4.254360930124919,0.003993412094295495,0.04582504328961174,0.3682581747571627,-0.07933869957923889,2.1601853370666504,0.86328125,0.00022922112,0.007640704,-0.0017337333410978317,0.9982678294181824,5,30,False,0.0071037947200238705,499.8758997714786,1706.617440836024,347.656986320304,74.60571648289624,416.72577080197516,-54.4840845536865,nan,nan,6,0.0,0.0,0.0,0.3333333333333333,0.6666666666666666,0.0,0.5,1.5,2.6666666666666665,1.0,0.0,0.6666666666666666,547.5,-54.4840845536865
641,1312768,-0.002564937792097529,5.238470506668091,4.25051695505778,0.0039668004992367886,0.040393055664996305,0.3669914538661639,0.25927963852882385,2.165971517562866,0.9622395833333334,0.00022911052799999998,0.0076370176000000005,-0.0023840712383389473,0.9976199865341187,5,30,False,0.00837947428226471,499.9561310355306,1709.6125368449575,348.1056916983507,74.73269675389747,416.72577080197516,-105.82870752824238,nan,nan,2,0.0,0.0,0.0,1.0,0.0,0.0,0.5,0.0,3.0,2.5,0.0,0.0,415.0,-105.82870752824238
642,1314816,-0.0032173046478419566,19.66000099182129,4.249385134379069,0.004447874708822615,0.052331840883319575,0.35725898543993634,0.08285770565271378,4.5102858543396,0.8699544270833334,0.00022899993599999997,0.007633331199999999,-0.002311181975528598,0.9976924657821655,5,30,False,0.008325505070388317,500.08361350143866,1712.4155804769107,348.52396771624626,74.83914087689482,416.72577080197516,-62.55483705938932,nan,nan,5,0.0,0.0,0.0,0.4,0.6,0.0,0.0,1.4,2.2,1.6,0.0,0.6,541.2,-62.55483705938932
643,1316864,-0.002391558711678954,17.309875106811525,4.24934016863505,0.004681330775653613,0.05435385002444188,0.3958365802963575,-0.3116345703601837,3.5498147010803223,0.9195963541666666,0.00022888934399999998,0.0076296448,-0.0028171190060675144,0.9971887469291687,5,30,False,0.009693622589111328,500.1109788386222,1715.496743550102,349.1586081892601,74.9635361218825,416.72577080197516,-93.85932053264196,nan,nan,4,0.0,0.0,0.0,0.75,0.25,0.0,0.75,0.25,3.0,2.0,0.0,0.25,520.25,-93.85932053264196
644,1318912,-0.0019287973385265407,13.899610042572021,4.24815886815389,0.002197757516213883,0.021074336041541148,0.404644642273585,0.2554740011692047,3.4005494117736816,0.8541666666666666,0.000228778752,0.0076259584000000005,-0.0028269761241972446,0.9971792101860046,5,30,False,0.004970520734786987,500.1746376713179,1718.547279534163,349.647910220272,75.0747408628813,416.72577080197516,-104.67724682325911,nan,nan,5,0.0,0.0,0.0,1.0,0.0,0.0,0.6,0.0,3.0,2.4,0.0,0.0,463.0,-104.67724682325911
645,1320960,-0.005036221821016321,10.893780136108399,4.247636493047079,0.0063751521717553845,0.08235797931750616,0.3509594425559044,-0.2250468134880066,3.244420289993286,0.9597981770833334,0.00022866816,0.007622272,-0.003243447747081518,0.9967626333236694,5,30,False,0.012162448838353157,500.2185727507358,1721.702411829101,350.12239600729663,75.20538896687503,416.72577080197516,-100.65770132425678,nan,nan,2,0.0,0.0,0.0,1.0,0.0,0.0,1.0,0.0,3.0,2.0,0.0,0.0,477.0,-100.65770132425678
646,1323008,-0.0017172549880342558,14.14172716140747,4.244674015045166,0.0031581174812834643,0.028138543665409087,0.4594947904348373,-0.2585617005825043,3.5680267810821533,0.8854166666666666,0.000228557568,0.0076185856,-0.005281967576593161,0.9947327971458435,5,30,False,0.006500103510916233,500.2772849554424,1724.7476767441258,350.61568187520606,75.33492791488243,416.72577080197516,-105.23918269819296,nan,nan,7,0.0,0.0,0.0,0.8571428571428571,0.14285714285714285,0.0,0.0,0.14285714285714285,3.0,2.857142857142857,0.0,0.14285714285714285,491.14285714285717,-105.23918269819296
647,1325056,-0.002426557031079331,5.939624357223511,4.240197356541952,0.004004975530390897,0.043218965254103146,0.39224151968955995,-0.31404414772987366,2.4328994750976562,0.9300130208333334,0.000228446976,0.0076148992,-0.005296011921018362,0.994720458984375,5,30,False,0.008402860723435879,500.3419446412769,1727.7725249511423,351.11288621413405,75.4627641698753,416.72577080197516,-100.70055663463427,nan,nan,1,0.0,0.0,0.0,1.0,0.0,0.0,1.0,0.0,3.0,2.0,0.0,0.0,549.0,-100.70055663463427
648,1327104,-0.003133350017014891,4.740063548088074,4.241212145487467,0.0036404331598716973,0.03610318101321657,0.3891332899530729,0.5389324426651001,1.822594165802002,0.8629557291666666,0.00022833638399999997,0.007611212799999999,-0.005532514303922653,0.9944876432418823,5,30,False,0.006770656444132328,500.44059832216215,1730.6701133560855,351.54500183729397,75.58437232088181,416.72577080197516,-82.06356565400347,nan,nan,7,0.0,0.0,0.0,0.7142857142857143,0.2857142857142857,0.0,0.8571428571428571,0.5714285714285714,2.7142857142857144,1.5714285714285714,0.0,0.2857142857142857,496.85714285714283,-82.06356565400347
649,1329152,-0.0040495254332199694,13.094080924987793,4.240126768747966,0.00438237099422292,0.049100452785690626,0.3458285321791967,0.19007110595703125,3.7019455432891846,0.9560546875,0.00022822579199999998,0.0076075264,-0.005724420305341482,0.9943022131919861,5,30,False,0.007744928356260061,500.5275293840976,1733.649529813265,351.9714086682361,75.70919167187822,416.72577080197516,-60.94990763813985,nan,nan,2,0.0,0.0,0.0,0.5,0.5,0.0,0.0,1.5,2.0,1.5,0.0,0.5,535.0,-60.94990763813985
650,1331200,-0.0038226384591932097,9.92434902191162,4.239016103744507,0.004565859465059341,0.05263510118626679,0.3959155927101771,-0.15533418953418732,3.100369691848755,0.8738606770833334,0.0002281152,0.007603840000000001,-0.006050796248018742,0.9939793348312378,5,30,False,0.007860912010073662,500.6154705595593,1736.615900597215,352.39661185721343,75.82986974887899,416.72577080197516,-90.73385340796706,nan,nan,6,0.0,0.0,0.0,0.8333333333333334,0.16666666666666666,0.0,0.3333333333333333,0.5,2.6666666666666665,2.1666666666666665,0.0,0.16666666666666666,499.5,-90.73385340796706
651,1333248,-0.0035831841950615248,7.440438890457154,4.241220076878865,0.0051475440987247215,0.058107679686509074,0.388028584420681,-0.2086390256881714,2.688363552093506,0.9456380208333334,0.00022800460799999998,0.0076001535999999995,-0.004007702227681875,0.996006965637207,5,30,False,0.008006508462131023,500.6567864062995,1739.797678465242,352.87104741230723,75.93725716388144,416.72577080197516,-107.43257132984688,nan,nan,3,0.0,0.0,0.0,1.0,0.0,0.0,0.3333333333333333,0.0,3.0,2.6666666666666665,0.0,0.0,471.6666666666667,-107.43257132984688
652,1335296,-0.002002056033234112,23.839401626586913,4.246269226074219,0.0027686080098514956,0.02448843161885937,0.4042108401656151,0.7298747301101685,4.889524936676025,0.9454752604166666,0.000227894016,0.0075964672,-0.003529920009896159,0.996483325958252,5,30,False,0.005650808569043875,500.7030658374447,1742.678494440188,353.5810795562138,76.0670036978845,416.72577080197516,-74.82088427869239,nan,nan,5,0.0,0.0,0.0,0.6,0.4,0.0,0.2,1.0,2.6,1.8,0.0,0.4,512.0,-74.82088427869239
653,1337344,-0.0029726472062369187,14.065876960754395,4.246661535898844,0.0032967747815347503,0.029920447272403786,0.35947962949673334,-0.21826447546482086,3.6621434688568115,0.9539388020833334,0.000227783424,0.0075927808,-0.003008086234331131,0.9969992637634277,5,30,False,0.005631309933960438,500.7718213669317,1745.7089915420947,354.0428133792884,76.19306101088296,416.72577080197516,-110.86018232521428,nan,nan,2,0.0,0.0,0.0,1.0,0.0,0.0,0.0,0.0,3.0,3.0,0.0,0.0,473.5,-110.86018232521428
654,1339392,-0.002803622659606238,25.895195388793944,4.249378617604574,0.0034571528614983794,0.03687820844352245,0.3828435977300008,-0.7682042717933655,4.400062561035156,0.8935546875,0.00022767283199999998,0.0075890943999999995,-0.0018966076895594597,0.9981061816215515,5,30,False,0.006135610863566399,500.8114342056855,1748.8141039680922,354.5705767810723,76.31671173888026,416.72577080197516,-92.63271807441156,nan,nan,6,0.0,0.0,0.0,0.8333333333333334,0.16666666666666666,0.0,0.16666666666666666,0.5,2.3333333333333335,2.3333333333333335,0.0,0.16666666666666666,490.6666666666667,-92.63271807441156
655,1341440,-0.00250678643254408,11.444166088104248,4.250465154647827,0.005442549654676702,0.06455561478311816,0.46451054910818734,-0.13272465765476227,2.9543261528015137,0.8382161458333334,0.00022756223999999996,0.007585408,-0.0027676038444042206,0.9972366094589233,5,30,False,0.008570250123739243,500.8654821428637,1751.8190567612037,355.126237828139,76.44078107787936,416.72577080197516,-84.72719434184364,nan,nan,5,0.0,0.0,0.0,0.6,0.4,0.0,1.0,0.4,3.0,1.6,0.0,0.4,465.6,-84.72719434184364
656,1343488,-0.0030034933423545834,6.926369380950928,4.249421469370524,0.00461760392662692,0.05494524203240871,0.41259543001651766,-0.21814654767513275,2.5591917037963867,0.9537760416666666,0.000227451648,0.007581721600000001,-0.0016111548757180572,0.9983908534049988,5,30,False,0.010106220841407776,500.8857697309686,1754.9929124602786,355.7037581871118,76.55427775687713,416.72577080197516,-110.88651185603642,nan,nan,3,0.0,0.0,0.0,1.0,0.0,0.0,0.0,0.0,3.0,3.0,0.0,0.0,505.3333333333333,-110.88651185603642
657,1345536,-0.002929731939608852,16.763779163360596,4.2534834543863935,0.005403972249717974,0.06637230092504372,0.4577789674202601,-0.5828543901443481,4.069587707519531,0.943359375,0.00022734105599999998,0.0075780351999999995,-0.0008018657099455595,0.9991990923881531,5,30,False,0.011111795902252197,500.9271726919843,1758.0634544222266,356.26117095506925,76.68077138788067,416.72577080197516,-108.87852514744209,nan,nan,5,0.0,0.0,0.0,1.0,0.0,0.0,0.2,0.0,3.0,2.8,0.0,0.0,466.4,-108.87852514744209
658,1347584,-0.0013741758438603332,7.574075984954834,4.2550040562947595,0.002582162078682548,0.019635487208142878,0.36261684745550155,-0.08278875052928925,2.737520694732666,0.9361979166666666,0.000227230464,0.0075743488,-0.0002421792014501989,0.9997579455375671,5,30,False,0.004468871280550957,500.97121792317967,1761.1851186342246,356.76561579121335,76.79633587088028,416.72577080197516,-93.61087779969603,nan,nan,4,0.0,0.0,0.0,0.75,0.25,0.0,0.0,0.5,3.0,2.5,0.0,0.25,473.25,-93.61087779969603
659,1349632,-0.004521680468072494,10.971212196350098,4.256664005915324,0.005154839835207288,0.06017293722446387,0.3725706214706103,-0.22972851991653442,3.371305227279663,0.9259440104166666,0.000227119872,0.0075706624,0.0,1.0,5,30,False,0.008977550081908703,501.0903656368257,1763.996905613094,357.199319547246,76.89275298287976,416.72577080197516,-105.71779991005997,nan,nan,4,0.0,0.0,0.0,1.0,0.0,0.0,0.5,0.0,3.0,2.5,0.0,0.0,483.5,-105.71779991005997
660,1351680,-0.0039875209525537985,12.798498249053955,4.256815497080485,0.0039983792453727185,0.041268816753290596,0.3362859552105268,-0.09372147172689438,2.940068244934082,0.9322916666666666,0.00022700928,0.0075669759999999996,0.0,1.0,5,30,False,0.005975028965622187,501.11634537058126,1767.222021328067,357.6880375801411,77.01561314887658,416.72577080197516,-86.23958200932907,nan,nan,4,0.0,0.0,0.0,0.75,0.25,0.0,0.75,0.5,1.5,1.75,0.0,0.25,518.75,-86.23958200932907
661,1353728,-0.004604352862224914,15.724163722991943,4.256810267766316,0.005123306980972764,0.06516036877098183,0.38518902907768887,-0.8385152816772461,3.967329263687134,0.9052734375,0.000226898688,0.0075632896,0.0,1.0,5,30,False,0.010324031114578247,501.2547767045082,1769.9130409089412,358.12944115992286,77.12092462387227,416.72577080197516,-108.20736993254224,nan,nan,4,0.0,0.0,0.0,1.0,0.0,0.0,0.25,0.0,3.0,2.75,0.0,0.0,457.25,-108.20736993254224
662,1355776,-0.0021835811979447803,19.580956840515135,4.256110382080078,0.003948854088811617,0.04082906524805973,0.43948408712943393,-0.4815749228000641,4.4431023597717285,0.7498372395833334,0.000226788096,0.0075596032,-0.0007802838808856905,0.9992203116416931,5,30,False,0.00664172088727355,501.4008994963852,1772.5874524222454,358.5322292421333,77.2370410268777,416.72577080197516,-99.07229636824391,nan,nan,5,0.0,0.0,0.0,0.8,0.2,0.0,0.4,0.2,2.2,2.4,0.0,0.2,497.4,-99.07229636824391
663,1357824,-0.0021803520387038587,11.907968854904174,4.253638553619385,0.003876118563820293,0.042639662985069056,0.36948172698418297,-0.3380032777786255,3.532102584838867,0.9181315104166666,0.000226677504,0.0075559168,-0.001382789108902216,0.9986200332641602,5,30,False,0.007036966271698475,501.47786957061237,1775.5351890841994,359.0145414311992,77.35403857186611,416.72577080197516,-73.48533941933904,nan,nan,3,0.0,0.0,0.0,0.3333333333333333,0.6666666666666666,0.0,1.0,0.6666666666666666,2.6666666666666665,1.0,0.3333333333333333,0.6666666666666666,578.6666666666666,-73.48533941933904
664,1359872,-0.002142134898652633,13.607620334625244,4.25198556582133,0.003875176850011934,0.04326324053884794,0.39638641973336536,-0.08168558776378632,3.79868745803833,0.8605143229166666,0.00022656691199999997,0.0075522304,-0.0017051096074283123,0.998299241065979,5,30,False,0.008003045804798603,501.5215189729832,1778.4623917433491,359.6888338731369,77.46709752686729,416.72577080197516,-101.13879059523208,nan,nan,4,0.0,0.0,0.0,0.75,0.25,0.0,0.0,0.25,3.0,2.75,0.0,0.25,464.0,-101.13879059523208
665,1361920,-0.002401577157434076,24.22877445220947,4.250803709030151,0.003877840340567499,0.03935546802046398,0.41244064817825954,0.6053929924964905,4.407313346862793,0.9625651041666666,0.00022645631999999998,0.007548544,-0.0025975969620049,0.9974080920219421,5,30,False,0.006946403067559004,501.5444998147779,1781.4559003872855,360.3937173240265,77.58365325686464,416.72577080197516,-64.59804028291437,nan,nan,5,0.0,0.0,0.0,0.4,0.6,0.0,0.4,1.2,3.0,1.4,0.0,0.6,536.4,-64.59804028291437
666,1363968,-0.001853769463680995,29.933316802978517,4.250315093994141,0.002833095473875517,0.02132361667075505,0.3876311625043551,-0.4629589915275574,5.511248588562012,0.9322916666666666,0.000226345728,0.0075448576,-0.0012598216999322176,0.9987425804138184,5,30,False,0.005406694021075964,501.58093954742526,1784.5707368832373,360.92021939605183,77.69744714387343,416.72577080197516,-85.75250852461659,nan,nan,4,0.0,0.0,0.0,0.75,0.25,0.0,0.0,0.75,2.5,2.25,0.0,0.25,436.75,-85.75250852461659
667,1366016,-0.0023139899150313187,5.376185178756714,4.253226677576701,0.003255118154651271,0.03485648524947464,0.4027294620871544,0.2723201513290405,2.3152034282684326,0.92529296875,0.00022623513599999998,0.0075411712,-0.0012987995287403464,0.9987037181854248,5,30,False,0.007052698638290167,501.63108249344106,1787.6321821822203,361.4135865011194,77.8229195438762,416.72577080197516,-76.20774170771031,nan,nan,4,0.0,0.0,0.0,0.5,0.5,0.0,0.0,1.0,3.0,2.0,0.0,0.5,542.75,-76.20774170771031
668,1368064,-0.0027284144268681604,7.244047594070435,4.2526450475056965,0.002916208349583608,0.025329412329786766,0.4535607978701591,-0.21273672580718994,2.551149845123291,0.9309895833333334,0.000226124544,0.0075374848,-0.0014532399363815784,0.9985482692718506,5,30,False,0.004913251381367445,501.71462369774247,1790.5229026961897,361.902910648103,77.94711813886533,416.72577080197516,-105.65070452265059,nan,nan,4,0.0,0.0,0.0,1.0,0.0,0.0,0.5,0.0,3.0,2.5,0.0,0.0,480.0,-105.65070452265059
669,1370112,-0.0024931847059633584,8.523309803009033,4.253070004781088,0.005189682544099061,0.06260590859067937,0.43187173306941984,0.9198502898216248,2.998081922531128,0.95263671875,0.000226013952,0.0075337984,-0.0012330501340329647,0.998769223690033,5,30,False,0.009839260950684547,501.76996136011104,1793.5078329941607,362.4433621342032,78.06945402886777,416.72577080197516,-70.8243087648334,nan,nan,3,0.0,0.0,0.0,0.6666666666666666,0.3333333333333333,0.0,0.6666666666666666,1.0,1.6666666666666667,1.3333333333333333,0.0,0.3333333333333333,513.0,-70.8243087648334
670,1372160,-0.002495886053657159,29.096516418457032,4.252080138524374,0.0029711109665849166,0.026422914816066623,0.37808950891097387,1.0152125358581543,5.535686016082764,0.9794921875,0.00022590335999999998,0.007530112,-0.0021204855293035507,0.9978863000869751,5,30,False,0.00574059272184968,501.78831480330103,1796.6654389272298,362.99742996523855,78.19984816586657,416.72577080197516,-58.98244485889791,nan,nan,6,0.0,0.0,0.0,0.5,0.5,0.0,0.16666666666666666,1.5,2.3333333333333335,1.3333333333333333,0.0,0.5,512.5,-58.98244485889791
671,1374208,-0.0023335576791093143,8.93971290588379,4.249260028203328,0.0052440213684291515,0.061426409892737864,0.4391174137592316,-0.7097198367118835,2.886030435562134,0.94580078125,0.00022579276799999996,0.007526425599999999,-0.0029143746942281723,0.9970983266830444,5,30,False,0.008233674801886082,501.7742355462786,1799.88458683918,363.66574130320805,78.32982446487586,416.72577080197516,-110.720056560743,nan,nan,3,0.0,0.0,0.0,1.0,0.0,0.0,0.0,0.0,3.0,3.0,0.0,0.0,410.6666666666667,-110.720056560743
672,1376256,-0.0031993370192746323,15.735101413726806,4.24786950747172,0.0047776551898283835,0.0555117629468441,0.3790193503101667,0.37128928303718567,3.6316561698913574,0.9236653645833334,0.000225682176,0.0075227392,-0.0028476312290877104,0.9971643686294556,5,30,False,0.00917265098541975,501.789784366633,1803.0750520122238,364.2111746760929,78.44857816187141,416.72577080197516,-80.89209029707966,nan,nan,4,0.0,0.0,0.0,0.5,0.5,0.0,0.25,0.75,3.0,2.0,0.0,0.5,489.0,-80.89209029707966
673,1378304,-0.00524345587885667,25.859278869628906,4.2493951161702475,0.004514645788476527,0.050314543532052385,0.4147006839513779,-1.0010297298431396,4.679285526275635,0.9435221354166666,0.00022557158399999998,0.0075190528,-0.0018171131378039718,0.9981878995895386,5,30,False,0.010255174711346626,501.8225652245572,1806.1954252182622,364.72751324002456,78.57645015486924,416.72577080197516,-85.90875408009076,nan,nan,6,0.0,0.0,0.0,0.6666666666666666,0.3333333333333333,0.0,0.16666666666666666,0.6666666666666666,3.0,2.1666666666666665,0.0,0.3333333333333333,465.6666666666667,-85.90875408009076
674,1380352,-0.004135692190417709,7.716286039352417,4.253637599945068,0.004880708938935537,0.05849824686689923,0.4398407017191251,0.12082096934318542,2.763261556625366,0.95703125,0.000225460992,0.0075153664,-0.000395122537156567,0.9996050596237183,5,30,False,0.00897048320621252,501.85485865374864,1809.296317076136,365.2675561870419,78.7060294378607,416.72577080197516,-77.20717859636488,nan,nan,3,0.0,0.0,0.0,0.6666666666666666,0.3333333333333333,0.0,0.0,1.0,3.0,2.0,0.0,0.3333333333333333,471.0,-77.20717859636488
675,1382400,-0.003205368900671601,25.312185096740723,4.25634134610494,0.0047637570178884776,0.05639151530340314,0.4670187215010325,-0.7648102045059204,5.198176383972168,0.85498046875,0.0002253504,0.00751168,0.0,1.0,5,30,False,0.011049837805330753,501.9191122543501,1812.2463112520782,365.78289743105415,78.83617493485508,416.72577080197516,-85.55486325778969,nan,nan,4,0.0,0.0,0.0,0.75,0.25,0.0,0.0,0.75,3.0,2.25,0.0,0.25,505.0,-85.55486325778969
676,1384448,-0.005103697664647674,6.4525176048278805,4.255685806274414,0.00502921841741486,0.060687229960846405,0.4059302439292272,-0.24511896073818207,2.508000373840332,0.8194986979166666,0.00022523980799999999,0.0075079936,-0.0010477795731276274,0.998953104019165,5,30,False,0.00955817848443985,502.0320834194032,1814.9892411611072,366.25008152096416,78.95937998584122,416.72577080197516,-88.4129536619759,nan,nan,4,0.0,0.0,0.0,0.5,0.5,0.0,0.25,0.5,2.0,2.25,0.0,0.5,538.25,-88.4129536619759
677,1386496,-0.002944111987017095,5.673883247375488,4.252582947413127,0.0034642383317997627,0.03497768651383618,0.36676709006230035,-0.34628987312316895,2.356031656265259,0.87890625,0.00022512921599999997,0.007504307199999999,-0.0020405673421919346,0.9979656934738159,5,30,False,0.006719593890011311,502.13019688550827,1817.7327012530732,366.80241962002765,79.06510506184713,416.72577080197516,-78.60829783111953,nan,nan,5,0.0,0.0,0.0,0.6,0.4,0.0,1.0,0.6,2.6,1.4,0.0,0.4,512.2,-78.60829783111953
678,1388544,-0.00326060800095244,15.80061445236206,4.250685866673788,0.005511432948861176,0.06605448730212325,0.3721698294083277,-0.5116758346557617,3.897037982940674,0.89697265625,0.000225018624,0.0075006208,-0.0018231328576803207,0.9981794357299805,5,30,False,0.01194783765822649,502.22015374220024,1820.2948954901367,367.54473051801324,79.19956164684845,416.72577080197516,-103.23772806347802,nan,nan,4,0.0,0.0,0.0,1.0,0.0,0.0,0.75,0.0,2.0,2.25,0.0,0.0,437.5,-103.23772806347802
679,1390592,-0.002720763115212321,10.95284948348999,4.252221282323202,0.005926525769090015,0.07347696971458693,0.504116706053416,0.29320451617240906,3.2877066135406494,0.85498046875,0.000224908032,0.0074969344,-0.0011726877419278026,0.9988284111022949,5,30,False,0.011600160039961338,502.2733097249408,1823.252870680124,368.0955990262446,79.35026642483717,416.72577080197516,-86.58818973686357,nan,nan,2,0.0,0.0,0.0,0.5,0.5,0.0,0.5,0.5,2.0,2.0,0.0,0.5,503.5,-86.58818973686357
680,1392640,-0.003010526734093825,11.499855995178223,4.253167963027954,0.00533902687097525,0.06484858113496254,0.4303562819957733,-0.2386712282896042,2.9535443782806396,0.8912760416666666,0.00022479743999999997,0.007493248,-0.0014208907959982753,0.9985820651054382,5,30,False,0.00940895825624466,502.3339765216141,1826.2184203551587,368.6025900543027,79.48599402983382,416.72577080197516,-70.90713235484031,nan,nan,6,0.0,0.0,0.0,0.3333333333333333,0.6666666666666666,0.0,0.3333333333333333,1.0,2.6666666666666665,1.6666666666666667,0.0,0.6666666666666666,542.6666666666666,-70.90713235484031
681,1394688,-0.0026076142055292922,19.32102241516113,4.252588748931885,0.003841790800911908,0.042027523492773375,0.3700119122862816,-0.2970980703830719,4.1789937019348145,0.91650390625,0.00022468684799999998,0.0074895616,-0.001079593668691814,0.9989222288131714,5,30,False,0.007158428896218538,502.4066290918044,1829.1699745521182,369.0741321203386,79.61615635284397,416.72577080197516,-107.53674598540404,nan,nan,3,0.0,0.0,0.0,1.0,0.0,0.0,0.3333333333333333,0.0,2.3333333333333335,2.6666666666666665,0.0,0.0,459.0,-107.53674598540404
682,1396736,-0.003747404035918104,10.190574359893798,4.254433886210124,0.004024225142073133,0.04180245270642142,0.4068323016166687,0.15979790687561035,2.8088433742523193,0.8736979166666666,0.000224576256,0.0074858751999999995,-0.00041950223385356367,0.9995808005332947,5,30,False,0.0077988444827497005,502.4647564436717,1832.1375573670812,369.6100269614253,79.7393295308575,416.72577080197516,-36.386083244866086,nan,nan,4,0.0,0.0,0.0,0.0,1.0,0.0,0.5,2.0,2.0,0.5,0.0,1.0,600.0,-36.386083244866086
683,1398784,-0.004363826763195296,10.731654357910156,4.256319348017374,0.007241755469833899,0.09799847497682397,0.4526473085085551,0.005251566879451275,3.082402229309082,0.9265950520833334,0.00022446566399999998,0.007482188799999999,-0.00022595262271352112,0.999774158000946,5,30,False,0.012194143608212471,502.55069781734915,1834.981307105947,370.1272331093933,79.85334883784526,416.72577080197516,-96.44643724821765,nan,nan,4,0.0,0.0,0.0,0.75,0.25,0.0,0.5,0.25,2.5,2.25,0.0,0.25,508.0,-96.44643724821765
684,1400832,-0.0034641089252545497,14.709047889709472,4.2551146984100345,0.0038864352340653775,0.04275403092615306,0.42346271177132927,-0.8067646026611328,3.588848352432251,0.9308268229166666,0.000224355072,0.0074785024,-0.0008494299836456776,0.9991512298583984,5,30,False,0.007097498048096895,502.6223112502374,1837.9023439890589,370.6336456664867,79.9726150448405,416.72577080197516,-110.88566844931117,nan,nan,60,0.0,0.0,0.0,1.0,0.0,0.0,0.2833333333333333,0.36666666666666664,2.783333333333333,2.35,nan,0.18333333333333332,439.73333333333335,nan
685,1402880,-0.001801662248908542,17.34718027114868,4.253392998377482,0.002965973869826836,0.028405265731271355,0.4107968509197235,-0.41078850626945496,3.7361831665039062,0.8951822916666666,0.00022424448,0.0074748160000000004,-0.0013119445648044348,0.9986900091171265,5,30,False,0.008015302941203117,494.3215426791311,1840.9615433108993,371.282971876426,80.11069134883292,463.68243874097243,-89.14716334358309,nan,nan,6,0.0,0.0,0.0,0.6666666666666666,0.3333333333333333,0.0,0.3333333333333333,0.5,2.6666666666666665,2.1666666666666665,0.0,0.3333333333333333,443.6666666666667,-89.14716334358309
686,1404928,-0.004569606723574301,7.409962320327759,4.253070338567098,0.004806997293829222,0.056405177953032154,0.411015077928702,-0.22764672338962555,2.732259511947632,0.8958333333333334,0.00022413388799999998,0.007471129599999999,-0.0012246851110830903,0.9987775683403015,5,30,False,0.008820525370538235,494.4259487854359,1843.8520458429412,371.6997760364611,80.22485038283048,463.68243874097243,-99.7312030936395,nan,nan,5,0.0,0.0,0.0,0.8,0.2,0.0,0.2,0.2,2.4,2.4,0.2,0.2,422.8,-99.7312030936395
687,1406976,-0.003552463138476014,11.891132640838624,4.253772926330567,0.005212135422899141,0.06320738766031961,0.3698143725593885,-0.4388035833835602,3.2193603515625,0.8308919270833334,0.000224023296,0.0074674432,-0.0006727642612531781,0.9993278980255127,5,30,False,0.009860701858997345,494.4724277338322,1846.8145218049904,372.3384673444234,80.36456658983661,463.68243874097243,-93.58186065279551,nan,nan,4,0.0,0.0,0.0,0.75,0.25,0.0,0.75,0.25,1.5,2.0,0.0,0.25,473.0,-93.58186065279551
688,1409024,-0.0022704240633174776,11.448311519622802,4.2554740746816,0.003270755038904512,0.03233737965735296,0.38153340568145117,0.14765213429927826,2.7281908988952637,0.81396484375,0.000223912704,0.0074637568,-0.0005570488283410668,0.9994434714317322,5,30,False,0.006845789961516857,494.5561770562794,1849.776446337899,372.812573967356,80.47729153183172,463.68243874097243,-83.83292276922653,nan,nan,3,0.0,0.0,0.0,0.6666666666666666,0.3333333333333333,0.0,1.3333333333333333,0.3333333333333333,3.0,1.3333333333333333,0.0,0.3333333333333333,526.6666666666666,-83.83292276922653
689,1411072,-0.003958273570363721,7.939774656295777,4.256120427449544,0.0035212870163055855,0.03810451648120458,0.41963564058144887,0.30747300386428833,2.713796377182007,0.9518229166666666,0.00022380211199999998,0.0074600704,0.0,1.0,5,30,False,0.00631476566195488,494.67256837040395,1852.5524320030236,373.2688753042312,80.59297945383878,463.68243874097243,-95.59936554262633,nan,nan,6,0.0,0.0,0.0,0.8333333333333334,0.16666666666666666,0.0,0.8333333333333334,0.16666666666666666,3.0,2.0,0.0,0.16666666666666666,451.6666666666667,-95.59936554262633
690,1413120,-0.0028574328122582906,9.36196517944336,4.256812795003255,0.0035550923396640084,0.03708363324403763,0.38457998434702556,0.3835200369358063,2.949718475341797,0.8955078125,0.00022369152,0.007456384,0.0,1.0,5,30,False,0.007314139511436224,494.85790400311845,1855.0225532970653,373.66276458115317,80.69447194284294,463.68243874097243,-111.0609424793719,nan,nan,4,0.0,0.0,0.0,1.0,0.0,0.0,0.0,0.0,2.0,3.0,0.0,0.0,481.5,-111.0609424793719
691,1415168,-0.0023677041104141,6.730493211746216,4.255747810999552,0.0031808950996742515,0.030254411840966593,0.36893125424782436,0.5169125199317932,2.3264949321746826,0.9404296875,0.000223580928,0.0074526976000000005,-0.0011367519618943334,0.998865008354187,5,30,False,0.005419278983026743,494.95359920888853,1857.7958746769582,374.240888606073,80.81236825784435,463.68243874097243,-80.64634258376043,nan,nan,4,0.0,0.0,0.0,0.75,0.25,0.0,0.5,0.75,1.5,1.75,0.0,0.25,508.5,-80.64634258376043
692,1417216,-0.0032313995218525332,10.404754543304444,4.251616875330607,0.004480223731408824,0.051111059123650195,0.41927239000797273,0.04219869524240494,3.2460834980010986,0.88134765625,0.00022347033599999999,0.007449011199999999,-0.00214605825021863,0.9978582859039307,5,30,False,0.009622270241379738,495.0408651048391,1860.775799546027,374.67345587408636,80.92957316184766,463.68243874097243,-103.93843700146256,nan,nan,3,0.0,0.0,0.0,1.0,0.0,0.0,0.6666666666666666,0.0,3.0,2.3333333333333335,0.0,0.0,459.0,-103.93843700146256
693,1419264,-0.003057068035316964,14.304696464538575,4.250844589869181,0.003766031368543462,0.03907951417689522,0.42408991207679114,-0.4382569491863251,3.3226494789123535,0.9016927083333334,0.00022335974399999997,0.0074453248,-0.0018231229623779655,0.9981794357299805,5,30,False,0.006967995781451464,495.12521428836465,1863.7736447249772,375.08750980916375,81.051318163838,463.68243874097243,-87.34858816321203,nan,nan,6,0.0,0.0,0.0,0.6666666666666666,0.3333333333333333,0.0,0.5,0.5,3.0,2.0,0.0,0.3333333333333333,502.8333333333333,-87.34858816321203
694,1421312,-0.003056500527842824,13.583088302612305,4.252856222788493,0.004593219308350394,0.055283682063842814,0.37016240259011585,-0.613288402557373,3.3396739959716797,0.9111328125,0.00022324915199999998,0.0074416384,-0.0006494454573839903,0.999350905418396,5,30,False,0.010018897242844105,495.2042652862648,1866.707921279958,375.58451241618604,81.17963749283808,463.68243874097243,-103.54614215089532,nan,nan,4,0.0,0.0,0.0,1.0,0.0,0.0,0.75,0.0,2.0,2.25,0.0,0.0,408.75,-103.54614215089532
695,1423360,-0.004045566978553931,8.331307363510131,4.256408802668253,0.0037153409573898936,0.036529043580715855,0.3538470228513082,-0.06077338382601738,2.8514692783355713,0.8722330729166666,0.00022313856,0.007437952,-1.577983857714571e-05,0.9999842643737793,5,30,False,0.006960109807550907,495.28561885367344,1869.6359344019002,376.0806528941612,81.3057898778352,463.68243874097243,-86.8242128911168,nan,nan,5,0.0,0.0,0.0,0.6,0.4,0.0,0.2,0.6,2.6,2.2,0.0,0.4,474.6,-86.8242128911168
696,1425408,-0.001478896449164798,10.214014625549316,4.25660842259725,0.002766196948564248,0.02537640427084019,0.41920411785443623,0.2447352558374405,3.100093126296997,0.9440104166666666,0.00022302796799999997,0.0074342656,-3.858780110022053e-05,0.9999614953994751,5,30,False,0.006114697549492121,495.3297570522329,1872.8361666469282,376.5276105321682,81.43193306683679,463.68243874097243,-110.77576754998199,nan,nan,4,0.0,0.0,0.0,1.0,0.0,0.0,0.0,0.0,3.0,3.0,0.0,0.0,446.75,-110.77576754998199
697,1427456,-0.0035142421528386574,24.178000068664552,4.2567600091298425,0.004900658597512656,0.05966180215279261,0.4008593146999677,-0.22142109274864197,5.1544952392578125,0.9383138020833334,0.00022291737599999998,0.0074305792,0.0,1.0,5,30,False,0.008814258500933647,495.37732656226933,1876.0141964098584,376.97846608526015,81.54631555483502,463.68243874097243,-85.55206566182528,nan,nan,4,0.0,0.0,0.0,0.75,0.25,0.0,0.0,0.75,3.0,2.25,0.0,0.25,501.0,-85.55206566182528
698,1429504,-0.002342027296253946,18.18162784576416,4.256584930419922,0.0048574902910685815,0.05745043256320059,0.45781854838132857,0.21386373043060303,3.9948315620422363,0.8720703125,0.000222806784,0.0074268927999999994,-0.00010965904220938683,0.9998903274536133,5,30,False,0.010410056449472904,495.46624607656406,1878.7450962629082,377.6260749202629,81.66670310482732,463.68243874097243,-92.60823477358271,nan,nan,6,0.0,0.0,0.0,0.6666666666666666,0.3333333333333333,0.0,0.0,0.5,3.0,2.5,0.0,0.3333333333333333,453.3333333333333,-92.60823477358271
699,1431552,-0.0024616871436592192,4.019278025627136,4.256741714477539,0.0032623834070429087,0.03275389587506652,0.3837919533252716,0.007493914570659399,1.9595975875854492,0.9697265625,0.00022269619199999998,0.0074232064,-1.5990495739970356e-05,0.9999840259552002,5,30,False,0.008008901961147785,495.57106684463827,1881.580681970896,378.05853558726085,81.81444512282906,463.68243874097243,-110.92363092202974,nan,nan,3,0.0,0.0,0.0,1.0,0.0,0.0,0.0,0.0,2.3333333333333335,3.0,0.0,0.0,470.6666666666667,-110.92363092202974
700,1433600,-0.0034197852519961694,10.09686107635498,4.256806914011637,0.0045003528282097005,0.04715342133616408,0.4156019722421964,-0.21757815778255463,3.1148412227630615,0.9484049479166666,0.0002225856,0.007419520000000001,0.0,1.0,5,30,False,0.00695593748241663,495.61319202635644,1884.736701630056,378.52503474512196,81.96906207082793,463.68243874097243,-90.94881232412904,nan,nan,5,0.0,0.0,0.0,0.8,0.2,0.0,0.0,0.6,3.0,2.4,0.0,0.2,461.4,-90.94881232412904
701,1435648,-0.002267135674871194,14.94515438079834,4.256467199325561,0.006946157381848191,0.077318628388457,0.4610355069239934,-0.5649070143699646,4.00302791595459,0.9345703125,0.000222475008,0.0074158335999999995,-0.00031580639188177884,0.9996843338012695,5,30,False,0.013797743245959282,495.6685322979265,1887.8752870080789,378.97916334423644,82.07522622682154,463.68243874097243,-110.73311019276389,nan,nan,3,0.0,0.0,0.0,1.0,0.0,0.0,0.0,0.0,3.0,3.0,0.0,0.0,442.3333333333333,-110.73311019276389
702,1437696,-0.0022140047474143404,14.869814586639404,4.254459222157796,0.003994427003947484,0.043009934714064,0.42673401633898417,-0.10800700634717941,2.891223192214966,0.8753255208333334,0.00022236441599999998,0.0074121472,-0.0012538444716483355,0.9987473487854004,5,30,False,0.008367381058633327,495.74448711814597,1890.7587514790794,379.54377663423656,82.19356283082743,463.68243874097243,-109.01742766268764,nan,nan,6,0.0,0.0,0.0,1.0,0.0,0.0,0.0,0.0,2.6666666666666665,2.6666666666666665,0.3333333333333333,0.0,450.6666666666667,-109.01742766268764
703,1439744,-0.005774854915216565,29.983978843688966,4.25315523147583,0.0052581599974630844,0.06148514924958969,0.3959012453754743,-0.7616568803787231,5.014102458953857,0.93408203125,0.000222253824,0.0074084608,-0.000710965774487704,0.9992896318435669,5,30,False,0.008600130677223206,495.80838668587603,1893.7009721480717,380.0952682263596,82.34500419582764,463.68243874097243,-106.87325917316085,nan,nan,5,0.0,0.0,0.0,1.0,0.0,0.0,0.4,0.0,2.6,2.6,0.0,0.0,399.2,-106.87325917316085
704,1441792,-0.004412533783276255,13.405568313598632,4.256036599477132,0.003554710601223506,0.03925805341762801,0.39472935795784,-0.33100900053977966,3.5708909034729004,0.95556640625,0.000222143232,0.0074047743999999995,-0.00024103294708766043,0.9997590780258179,5,30,False,0.00723986467346549,495.8740457315178,1896.7749665960582,380.56253824345185,82.44978282882948,463.68243874097243,-107.33228575658761,nan,nan,3,0.0,0.0,0.0,1.0,0.0,0.0,0.3333333333333333,0.0,2.3333333333333335,2.6666666666666665,0.0,0.0,508.0,-107.33228575658761
705,1443840,-0.0029530679962287347,18.410969161987303,4.255339002609253,0.004016339460795581,0.043441004193543145,0.35399165550867717,0.5586308240890503,3.6250367164611816,0.9415690104166666,0.00022203263999999998,0.007401088,-0.0008287442615255713,0.9991717338562012,5,30,False,0.008548920042812824,495.8837667964567,1899.9003433850303,381.2561832405627,82.57800297882932,463.68243874097243,-82.48367120911537,nan,nan,6,0.0,0.0,0.0,0.6666666666666666,0.3333333333333333,0.0,0.0,0.8333333333333334,3.0,2.1666666666666665,0.0,0.3333333333333333,466.5,-82.48367120911537
706,1445888,-0.0050828608975280075,16.54077262878418,4.253056494394938,0.005222674971454447,0.06637396969599649,0.42900603314240776,-0.5914128422737122,3.7907936573028564,0.8426106770833334,0.000221922048,0.007397401600000001,-0.001689061289653182,0.9983142614364624,5,30,False,0.008540659211575985,495.88746973024706,1903.291455145023,381.7457370645425,82.68784326582681,463.68243874097243,-100.8413273709375,nan,nan,3,0.0,0.0,0.0,1.0,0.0,0.0,1.0,0.0,3.0,2.0,0.0,0.0,448.0,-100.8413273709375
707,1447936,-0.005277493660590456,17.789404010772706,4.251976092656453,0.004191619585034904,0.045591896205830075,0.4231991579135259,0.16981269419193268,4.234990119934082,0.8248697916666666,0.000221811456,0.0073937151999999996,-0.0012760914396494627,0.9987252950668335,5,30,False,0.007646134588867426,495.9589381599452,1906.297903261002,382.1784956606134,82.81861261582526,463.68243874097243,-90.83939306912043,nan,nan,4,0.0,0.0,0.0,0.75,0.25,0.25,0.5,0.25,2.75,2.25,0.0,0.25,488.25,-90.83939306912043
708,1449984,-0.004024171472216646,4.115745401382446,4.254188871383667,0.0048475409871790685,0.05531015843929102,0.397326622903347,0.3894042670726776,1.8524948358535767,0.9064127604166666,0.00022170086399999998,0.0073900288,-0.0005180879379622638,0.9994823336601257,5,30,False,0.009908454492688179,495.8337616099332,1910.3954593429662,382.72477084049024,82.92220516782254,463.68243874097243,-95.84571436870044,nan,nan,3,0.0,0.0,0.0,0.6666666666666666,0.3333333333333333,0.0,0.0,0.3333333333333333,2.3333333333333335,2.3333333333333335,0.3333333333333333,0.3333333333333333,581.0,-95.84571436870044
709,1452032,-0.0034414828250495097,15.962193870544434,4.2557951291402185,0.003028769817600763,0.030340758423941832,0.4164208695292473,0.1142413318157196,4.040892601013184,0.9620768229166666,0.00022159027199999997,0.0073863424,-0.00030675463494844735,0.9996933937072754,5,30,False,0.006494287401437759,495.875599619968,1913.5717718219094,383.1885018815956,83.05592224982684,463.68243874097243,-96.40392877672116,nan,nan,7,0.0,0.0,0.0,0.8571428571428571,0.14285714285714285,0.0,0.0,0.42857142857142855,3.0,2.5714285714285716,0.0,0.14285714285714285,485.0,-96.40392877672116
710,1454080,-0.003823310054819255,5.23491849899292,4.256412665049235,0.00401288296688684,0.04471823237836361,0.38824635595083234,0.27290287613868713,2.2325751781463623,0.95361328125,0.00022147967999999998,0.007382656,0.0,1.0,5,30,False,0.007168852258473635,495.8844826694196,1916.908032417763,383.6951031086064,83.17741110583302,463.68243874097243,-110.72243971250039,nan,nan,3,0.0,0.0,0.0,1.0,0.0,0.0,0.0,0.0,3.0,3.0,0.0,0.0,458.0,-110.72243971250039
711,1456128,-0.00289995491427059,8.608826065063477,4.256684271494548,0.004762388032117367,0.05376748559065163,0.40938981821139653,-0.011567587964236736,3.0184006690979004,0.9562174479166666,0.000221369088,0.0073789696,-0.00019271827477496117,0.9998073577880859,5,30,False,0.007712332531809807,495.8833989788069,1920.293864903695,384.208709943603,83.29570148982748,463.68243874097243,-74.89144513108786,nan,nan,5,0.0,0.0,0.0,0.6,0.4,0.0,0.2,1.0,2.6,1.8,0.0,0.4,493.2,-74.89144513108786
712,1458176,-0.0018515141991277536,6.505922937393189,4.255951881408691,0.003609473886929904,0.035761654873689014,0.4122900222738584,-0.5676292181015015,2.5131313800811768,0.9381510416666666,0.000221258496,0.0073752832,-0.0003619776980485767,0.9996381998062134,5,30,False,0.005812790710479021,495.8987874713277,1923.39113243077,384.86526385076286,83.46254962282546,463.68243874097243,-110.7385473403876,nan,nan,5,0.0,0.0,0.0,1.0,0.0,0.0,0.0,0.0,3.0,3.0,0.0,0.0,397.0,-110.7385473403876
713,1460224,-0.0010516917565837503,11.227900218963622,4.255125649770101,0.002514564785661847,0.01819604649208486,0.4499357039729754,-0.07962104678153992,2.963808059692383,0.9588216145833334,0.000221147904,0.0073715968,-0.000893308431841433,0.9991079568862915,5,30,False,0.005393726751208305,495.9786886805574,1926.4356917738332,385.26357081173046,83.56747130982694,463.68243874097243,-100.72618168329477,nan,nan,4,0.0,0.0,0.0,0.75,0.25,0.0,0.0,0.25,3.0,2.75,0.0,0.25,502.25,-100.72618168329477
714,1462272,-0.0030908706006205953,15.172158241271973,4.252648544311524,0.003513192418201231,0.03390027216325204,0.37771354665358864,-0.4295368492603302,3.236773729324341,0.9215494791666666,0.000221037312,0.0073679104,-0.0018415048252791166,0.9981635808944702,5,30,False,0.007149210199713707,496.04647458344124,1929.5006792669155,385.72379494583583,83.6645079118316,463.68243874097243,-100.98539591534764,nan,nan,5,0.0,0.0,0.0,0.8,0.2,0.0,0.2,0.2,2.6,2.6,0.0,0.2,436.2,-100.98539591534764
715,1464320,-0.0021814222098328175,13.65452299118042,4.248443778355917,0.0024149845887719104,0.02116862894811978,0.377738526960214,-0.7985180616378784,3.657918930053711,0.8935546875,0.00022092671999999997,0.007364224,-0.00410386361181736,0.9959169626235962,5,30,False,0.005246075335890055,496.1351234668798,1932.4074195439607,386.2042741437326,83.7726935128303,463.68243874097243,-108.16169089460914,nan,nan,4,0.0,0.0,0.0,1.0,0.0,0.0,0.25,0.0,2.5,2.75,0.0,0.0,421.25,-108.16169089460914
716,1466368,-0.0036610937939258294,5.051237392425537,4.2443217754364015,0.005731433687919168,0.07159836335728566,0.36948208312193553,-0.12729798257350922,2.197084426879883,0.93017578125,0.00022081612799999998,0.0073605376,-0.0037807468324899673,0.9962406158447266,5,30,False,0.010170460678637028,496.1628236221921,1935.4688655810314,386.8799310777249,83.88057601884066,463.68243874097243,-105.73658633397038,nan,nan,3,0.0,0.0,0.0,1.0,0.0,0.0,0.3333333333333333,0.0,2.6666666666666665,2.3333333333333335,0.3333333333333333,0.0,464.3333333333333,-105.73658633397038
717,1468416,-0.002923896838910878,42.15385780334473,4.246348317464193,0.004757072810715542,0.053157590667251495,0.38561348617076874,0.8255124092102051,6.505192279815674,0.9158528645833334,0.000220705536,0.0073568512,-0.0030994282569736242,0.9969149827957153,5,30,False,0.00960923545062542,496.25047443422847,1938.434895887869,387.3072376127093,83.98595824984659,463.68243874097243,-62.91020998235835,nan,nan,5,0.0,0.0,0.0,0.4,0.6,0.0,0.0,1.4,2.6,1.6,0.0,0.6,525.0,-62.91020998235835
718,1470464,-0.0029003165914521863,22.16761016845703,4.247665452957153,0.003936526108190503,0.04027984266867861,0.33657915592193605,-0.282918781042099,4.649724960327148,0.9755859375,0.00022059494399999998,0.0073531648,-0.003193966578692198,0.9968213438987732,5,30,False,0.006632144562900066,496.28031881799745,1941.64303004682,387.8156782175065,84.09712460385344,463.68243874097243,-76.80501209412697,nan,nan,5,0.0,0.0,0.0,0.6,0.4,0.0,0.0,1.0,1.8,2.0,0.0,0.4,467.6,-76.80501209412697
719,1472512,-0.0028330735318983593,8.935112905502319,4.246341451009115,0.003823341541240256,0.04380218886459867,0.4340822170178095,-0.3856809139251709,2.5489137172698975,0.9168294270833334,0.000220484352,0.0073494784,-0.003796250093728304,0.996222734451294,5,30,False,0.008503565564751625,496.2979437468396,1944.748912548952,388.4750527714641,84.23245173486066,463.68243874097243,-107.54521542223847,nan,nan,3,0.0,0.0,0.0,1.0,0.0,0.0,0.3333333333333333,0.0,2.3333333333333335,2.6666666666666665,0.0,0.0,478.6666666666667,-107.54521542223847
720,1474560,-0.0026296924023578565,6.698511457443237,4.246535841623942,0.003796065809601945,0.03778000494930893,0.40176693300406136,-0.532961905002594,2.4031364917755127,0.9529622395833334,0.00022037376,0.007345792,-0.002956690266728401,0.9970525503158569,5,30,False,0.0071390289813280106,496.3606045461557,1947.843308636846,388.9191415164969,84.33543883386301,463.68243874097243,-95.70777632573474,nan,nan,6,0.0,0.0,0.0,0.8333333333333334,0.16666666666666666,0.0,0.3333333333333333,0.3333333333333333,3.0,2.3333333333333335,0.0,0.16666666666666666,463.3333333333333,-95.70777632573474
721,1476608,-0.0027652176562696696,18.564426612854003,4.250503476460775,0.003848522168802937,0.040198499957720436,0.4129502649108569,-0.9437693357467651,4.337052822113037,0.93798828125,0.00022026316799999998,0.007342105599999999,-0.0015217926120385528,0.9984816908836365,5,30,False,0.0074389781802892685,496.388699819523,1950.8859451429016,389.582203772472,84.47538275185798,463.68243874097243,-108.38190863971545,nan,nan,4,0.0,0.0,0.0,1.0,0.0,0.0,0.25,0.0,2.5,2.75,0.0,0.0,427.5,-108.38190863971545
722,1478656,-0.001931622736932089,16.56644802093506,4.253553454081217,0.0028818883633005515,0.02427568592441579,0.42607624232769015,-0.7922528386116028,3.95308780670166,0.9599609375,0.00022015257599999996,0.0073384192,-0.0006573248538188636,0.9993433356285095,5,30,False,0.004408765118569136,496.3774128459479,1954.443526457806,390.00987984948733,84.57116704386135,463.68243874097243,-111.00035256542894,nan,nan,3,0.0,0.0,0.0,1.0,0.0,0.0,0.0,0.0,3.0,3.0,0.0,0.0,467.6666666666667,-111.00035256542894
723,1480704,-0.0027876817310849827,7.800877952575684,4.253689114252726,0.003466504793425636,0.038608529601090895,0.43305272459983823,0.30677467584609985,2.6880598068237305,0.88037109375,0.000220041984,0.0073347328,-0.002007631119340658,0.9979957938194275,5,30,False,0.007403778377920389,496.4774745501107,1957.2858467077604,390.4800947906333,84.67618135886732,463.68243874097243,-85.91247162294685,nan,nan,6,0.0,0.0,0.0,0.6666666666666666,0.3333333333333333,0.0,0.16666666666666666,0.6666666666666666,2.6666666666666665,2.1666666666666665,0.0,0.3333333333333333,485.1666666666667,-85.91247162294685
724,1482752,-0.004098273992228011,11.015443420410156,4.249301735560099,0.004498175765437548,0.05027300825652977,0.46027612934509915,-0.32291942834854126,3.317227602005005,0.9339192708333334,0.00021993139199999998,0.0073310464,-0.0025941506028175354,0.9974101781845093,5,30,False,0.007969730533659458,496.5780343756999,1960.1933388757461,390.87774991465267,84.78834434886812,463.68243874097243,-110.78491907406737,nan,nan,4,0.0,0.0,0.0,1.0,0.0,0.0,0.0,0.0,2.5,3.0,0.0,0.0,450.5,-110.78491907406737
725,1484800,-0.0029814837500452994,4.711367845535278,4.250837818781535,0.002473245476843792,0.02040448737097904,0.3866868853569031,0.12349310517311096,2.14561128616333,0.9586588541666666,0.0002198208,0.00732736,-0.0010857166489586234,0.9989158511161804,5,30,False,0.005455352831631899,496.6656267858268,1963.0889656188665,391.3736809506081,84.8895201238629,463.68243874097243,-108.20939090401646,nan,nan,4,0.0,0.0,0.0,1.0,0.0,0.0,0.25,0.0,3.0,2.75,0.0,0.0,426.0,-108.20939090401646
726,1486848,-0.0025823061165283433,8.043707370758057,4.2534098625183105,0.005229673763592957,0.05979318089472751,0.4391554445028305,0.19099794328212738,2.8625099658966064,0.9430338541666666,0.000219710208,0.0073236736,-0.0013185314601287246,0.998682975769043,5,30,False,0.009715872816741467,496.73652575840606,1966.1005911387765,391.83175246880273,85.00981056786259,463.68243874097243,-94.01190669946281,nan,nan,6,0.0,0.0,0.0,0.8333333333333334,0.16666666666666666,0.0,0.0,0.5,2.3333333333333335,2.5,0.0,0.16666666666666666,499.8333333333333,-94.01190669946281
727,1488896,-0.002935937598037223,21.560885906219482,4.253610388437907,0.004159660938956466,0.04694519590508814,0.42496044337749483,-0.42423537373542786,4.617561340332031,0.98046875,0.000219599616,0.007319987199999999,-0.0005023503908887506,0.9994978308677673,5,30,False,0.00786659773439169,496.8037486619893,1969.1777937347797,392.2591609778319,85.1119924618688,463.68243874097243,-110.96135858719936,nan,nan,3,0.0,0.0,0.0,1.0,0.0,0.0,0.0,0.0,2.3333333333333335,3.0,0.0,0.0,416.3333333333333,-110.96135858719936
728,1490944,-0.0038985710945174407,16.647184085845947,4.256283887227377,0.004978755727934188,0.060728117885688944,0.40789952178796135,0.1640668511390686,4.116870880126953,0.8972981770833334,0.000219489024,0.0073163008,-0.0001646685996092856,0.9998353719711304,5,30,False,0.008742976002395153,496.89852213389133,1972.0836742827669,392.6951470298518,85.21446627986734,463.68243874097243,-71.01431061843614,nan,nan,5,0.0,0.0,0.0,0.6,0.4,0.0,0.0,1.2,1.8,1.8,0.0,0.4,513.8,-71.01431061843614
729,1492992,-0.004124378457587833,4.4619691371917725,4.256422853469848,0.004066298703761765,0.046868763503152874,0.44642741680145265,0.39197707176208496,1.7044569253921509,0.90771484375,0.000219378432,0.0073126144,-0.00012757460353896022,0.9998724460601807,5,30,False,0.007430314086377621,496.95345005330813,1975.239932106706,393.12608404080675,85.31578138486657,463.68243874097243,-64.41244365864675,nan,nan,3,0.0,0.0,0.0,0.0,1.0,0.0,0.6666666666666666,1.0,3.0,1.3333333333333333,0.0,1.0,600.0,-64.41244365864675
730,1495040,-0.002350796468090266,12.126771163940429,4.256388902664185,0.0035910981092559377,0.03436613899345199,0.4431135480602582,-0.58304762840271,3.4037435054779053,0.93603515625,0.00021926784,0.007308928,-0.00020102644339203835,0.9997990131378174,5,30,False,0.007678116671741009,496.9768636053861,1978.4154427588073,393.6858440778742,85.44837835387443,463.68243874097243,-108.74985621205442,nan,nan,5,0.0,0.0,0.0,1.0,0.0,0.0,0.2,0.0,2.6,2.8,0.0,0.0,474.8,-108.74985621205442
731,1497088,-0.004015708062797785,4.628706526756287,4.254935312271118,0.004590040956066049,0.05046656458483388,0.4884324500958125,0.5606577396392822,2.1365954875946045,0.9453125,0.00021915724799999997,0.0073052416,-0.0013073639711365104,0.9986939430236816,5,30,False,0.0093769496306777,497.04474281635333,1981.4587124796963,394.1275392807729,85.57168522787106,463.68243874097243,-105.68276141556998,nan,nan,2,0.0,0.0,0.0,1.0,0.0,0.0,0.5,0.0,3.0,2.5,0.0,0.0,490.0,-105.68276141556998
732,1499136,-0.003716519174243634,35.22272891998291,4.251723750432332,0.006226414544678308,0.07964400386748215,0.39879124412933986,0.9671229124069214,6.147811412811279,0.9514973958333334,0.00021904665599999998,0.0073015552,-0.0018586087971925735,0.9981440305709839,5,30,False,0.010676172561943531,497.15322950613177,1984.3133711695555,394.5351606717886,85.67275339887419,463.68243874097243,-57.35213301183584,nan,nan,6,0.0,0.0,0.0,0.3333333333333333,0.6666666666666666,0.0,0.16666666666666666,1.5,2.3333333333333335,1.3333333333333333,0.0,0.6666666666666666,530.6666666666666,-57.35213301183584
733,1501184,-0.001077579512881736,18.678350830078124,4.250851074854533,0.0028471833243376194,0.022980683902278542,0.4188599422574043,0.08879484236240387,4.046507835388184,0.9685872395833334,0.000218936064,0.007297868799999999,-0.002191315172240138,0.9978119134902954,5,30,False,0.004777838941663504,497.2323874766028,1987.1800480924285,395.10204859788064,85.77674294087046,463.68243874097243,-75.45383854338729,nan,nan,60,0.0,0.0,0.0,0.5,0.5,0.0,0.11666666666666667,0.6,2.75,2.283333333333333,nan,0.2833333333333333,442.9166666666667,nan
734,1503232,-0.00435559125423121,13.569313144683838,4.251884969075521,0.004549881069284545,0.04954961269395426,0.4557818591594696,-0.9021043181419373,3.3788578510284424,0.8776041666666666,0.00021882547199999998,0.0072941824,-0.0005785201210528612,0.9994219541549683,5,30,False,0.007876732386648655,489.0581119661304,1990.4446638044465,395.6092561818514,85.91920681686315,514.2804880779731,-110.79486285580485,nan,nan,6,0.0,0.0,0.0,1.0,0.0,0.0,0.0,0.0,2.6666666666666665,3.0,0.0,0.0,429.6666666666667,-110.79486285580485
735,1505280,-0.0029040812281891704,14.296593952178956,4.255443954467774,0.003920234208529257,0.040101082723898195,0.42635244925816856,-0.13830722868442535,3.6647181510925293,0.93603515625,0.00021871488,0.0072904960000000005,-0.0007613468915224075,0.9992393255233765,5,30,False,0.008373078890144825,489.1510052732949,1993.3575772993063,396.0730561976816,86.01496126086568,514.2804880779731,-102.96730208125146,nan,nan,5,0.0,0.0,0.0,0.8,0.2,0.0,0.0,0.2,2.6,2.8,0.0,0.2,446.4,-102.96730208125146
736,1507328,-0.0024409239015464363,10.925886535644532,4.254775412877401,0.0030886556733799846,0.02957475755829364,0.38838943441708884,0.3945132791996002,3.596379041671753,0.9544270833333334,0.000218604288,0.007286809599999999,-0.0004601716937031597,0.9995402097702026,5,30,False,0.0050796703435480595,489.1862927547145,1996.3582311883947,396.77820582788263,86.14935326886189,514.2804880779731,-110.82588481607672,nan,nan,2,0.0,0.0,0.0,1.0,0.0,0.0,0.0,0.0,3.0,3.0,0.0,0.0,457.5,-110.82588481607672
737,1509376,-0.0028502790179724493,13.11293363571167,4.255399386088054,0.0059782371751634445,0.07657591464618842,0.47413013925155006,0.4223957657814026,3.635221481323242,0.95654296875,0.00021849369599999998,0.0072831232,-0.0006712436443194747,0.9993290901184082,5,30,False,0.011928314343094826,489.27485018143256,1999.2936133524636,397.2499558728887,86.24593083185027,514.2804880779731,-60.81151387456487,nan,nan,6,0.0,0.0,0.0,0.5,0.5,0.0,0.0,1.5,2.0,1.5,0.0,0.5,524.6666666666666,-60.81151387456487
738,1511424,-0.0029100775442202575,7.2860150814056395,4.254759454727173,0.003703412545416048,0.04119451999819527,0.4515267332394918,-0.42931246757507324,2.370028495788574,0.9708658854166666,0.00021838310399999996,0.0072794368,-0.0006179678603075445,0.9993826150894165,5,30,False,0.00683128135278821,489.3116829301659,2002.3635602365393,397.893036538866,86.3539441498433,514.2804880779731,-108.17964203533779,nan,nan,4,0.0,0.0,0.0,1.0,0.0,0.0,0.25,0.0,3.0,2.75,0.0,0.0,436.0,-108.17964203533779
739,1513472,-0.002721835294505581,20.607240867614745,4.255925607681275,0.0036213855077354604,0.039648861686388655,0.3650749971469243,-0.7615016102790833,3.873986005783081,0.9689127604166666,0.000218272512,0.0072757504,0.0,1.0,5,30,False,0.005818797741085291,489.3962720171789,2005.2888468107267,398.3969058017392,86.45494572084863,514.2804880779731,-111.47123595167857,nan,nan,3,0.0,0.0,0.0,1.0,0.0,0.0,0.0,0.0,2.3333333333333335,3.0,0.0,0.0,520.6666666666666,-111.47123595167857
740,1515520,-0.0027794427432430288,12.82545223236084,4.256815465291341,0.0050826752008454506,0.06110197039476285,0.4294019341468811,-0.7132444977760315,3.512284994125366,0.94921875,0.00021816191999999998,0.007272064,0.0,1.0,5,30,False,0.009244594722986221,489.43412283212706,2008.4809619677835,398.9009726226068,86.57097611484642,514.2804880779731,-92.4827185316845,nan,nan,6,0.0,0.0,0.0,0.8333333333333334,0.16666666666666666,0.0,0.16666666666666666,0.5,2.3333333333333335,2.3333333333333335,0.0,0.16666666666666666,471.8333333333333,-92.4827185316845
741,1517568,-0.0025652229212331196,21.13557415008545,4.256514072418213,0.0046207861246183885,0.04806968420743942,0.45670765986045203,-0.5943742394447327,4.3932719230651855,0.97314453125,0.000218051328,0.0072683776000000005,-0.0003245540428906679,0.9996756315231323,5,30,False,0.007894552312791348,489.48963421734544,2011.5442701367865,399.4458289667673,86.66762066984666,514.2804880779731,-110.94612631842392,nan,nan,4,0.0,0.0,0.0,1.0,0.0,0.0,0.0,0.0,3.0,3.0,0.0,0.0,390.5,-110.94612631842392
742,1519616,-0.0044708805663200716,27.721416091918947,4.255957508087159,0.004366248840880567,0.051138713288431364,0.4072884604334831,-0.07280390709638596,4.882711410522461,0.9259440104166666,0.000217940736,0.007264691199999999,-0.0002895742072723806,0.9997105598449707,5,30,False,0.009019250050187111,489.57380635535816,2014.3402501768287,400.04120273787703,86.79714721384516,514.2804880779731,-93.11656682603348,nan,nan,4,0.0,0.0,0.0,0.75,0.25,0.0,0.0,0.5,2.5,2.5,0.0,0.25,546.0,-93.11656682603348
743,1521664,-0.002026315861439798,15.068263816833497,4.256416575113932,0.003604280063057332,0.036429160227999094,0.43475965559482577,-0.8421873450279236,3.6485767364501953,0.9371744791666666,0.000217830144,0.0072610048,-1.830997280194424e-05,0.9999817609786987,5,30,False,0.006180656608194113,489.6550237728648,2017.2720290836442,400.51063283086114,86.93712580684223,514.2804880779731,-103.23427032006643,nan,nan,5,0.0,0.0,0.0,0.8,0.2,0.0,0.0,0.2,2.6,2.8,0.0,0.2,488.0,-103.23427032006643
744,1523712,-0.003169468561342607,6.131639766693115,4.2568122545878095,0.00397497274209897,0.042560459211623915,0.36835463891426723,0.10268684476613998,2.526432991027832,0.9700520833333334,0.00021771955199999997,0.0072573184,0.0,1.0,5,30,False,0.007403487805277109,489.7600952661982,2020.083468464698,400.95716690202244,87.06806629484345,514.2804880779731,-85.78942786434891,nan,nan,4,0.0,0.0,0.0,0.75,0.25,0.0,0.0,0.75,2.0,2.25,0.0,0.25,476.75,-85.78942786434891
745,1525760,-0.0044341587888387345,6.840380096435547,4.256785519917806,0.005652380201180552,0.07013584423499802,0.3749820113182068,0.215114563703537,2.5945873260498047,0.955078125,0.00021760896,0.0072536319999999994,-8.29114142106846e-05,0.9999171495437622,5,30,False,0.009225849993526936,489.80236552437157,2023.2972366906179,401.4458320608246,87.16159538383363,514.2804880779731,-87.51531025631387,nan,nan,3,0.0,0.0,0.0,0.6666666666666666,0.3333333333333333,0.0,0.0,0.6666666666666666,2.3333333333333335,2.3333333333333335,0.0,0.3333333333333333,547.0,-87.51531025631387
746,1527808,-0.002549243924052765,17.86265649795532,4.256679884592692,0.004360120894681119,0.0461203354721268,0.45904640853405,-0.7601348161697388,3.789957284927368,0.9459635416666666,0.000217498368,0.0072499456,0.0,1.0,5,30,False,0.00790039636194706,489.8431261722492,2026.4972538056609,401.92976406775415,87.28162231683382,514.2804880779731,-104.21226202361504,nan,nan,6,0.0,0.0,0.0,0.8333333333333334,0.16666666666666666,0.0,0.0,0.16666666666666666,2.6666666666666665,2.8333333333333335,0.0,0.16666666666666666,475.6666666666667,-104.21226202361504
747,1529856,-0.0032697755726985634,16.18738031387329,4.25631890296936,0.004072717658224671,0.04559218551342686,0.47923214236895245,-0.8028218746185303,4.008916854858398,0.95849609375,0.00021738777599999997,0.0072462592,-0.0005754269077442586,0.9994250535964966,5,30,False,0.006669587921351194,489.8966388877622,2029.6305986247025,402.4075099127367,87.39284559083171,514.2804880779731,-108.20789328839979,nan,nan,4,0.0,0.0,0.0,1.0,0.0,0.0,0.25,0.0,3.0,2.75,0.0,0.0,365.75,-108.20789328839979
748,1531904,-0.004855910805054009,25.855802917480467,4.254287672042847,0.004695748157057907,0.05413672986517971,0.4504152367512385,-0.9629807472229004,4.9996337890625,0.88134765625,0.00021727718399999998,0.0072425727999999995,-0.001056533306837082,0.9989451766014099,5,30,False,0.010247343219816685,489.98102746567446,2032.5691711997933,402.8782552127086,87.5016771438386,514.2804880779731,-110.86466863904177,nan,nan,6,0.0,0.0,0.0,1.0,0.0,0.0,0.0,0.0,1.6666666666666667,3.0,0.0,0.0,410.3333333333333,-110.86466863904177
749,1533952,-0.0033469526989695925,6.04846715927124,4.253709030151367,0.00433511859377376,0.05223524139728397,0.4198394710818926,-0.0005425182753242552,2.4759626388549805,0.9664713541666666,0.000217166592,0.0072388864,-0.0009683291427791119,0.9990330934524536,5,30,False,0.00945069920271635,490.0041688233212,2035.8703015329083,403.3752341266809,87.61480454284174,514.2804880779731,-100.88542772143012,nan,nan,4,0.0,0.0,0.0,0.75,0.25,0.0,0.0,0.25,3.0,2.75,0.0,0.25,455.5,-100.88542772143012
750,1536000,-0.0017579152792071304,16.886493492126466,4.255104271570842,0.002722714132237162,0.02281673870747909,0.41755433678627013,-0.3109705150127411,4.283416271209717,0.935546875,0.00021705599999999998,0.007235200000000001,-9.994304127758369e-05,0.9999001026153564,5,30,False,0.00537129957228899,490.05307657443245,2039.0157947350235,403.8740491087083,87.71760213685047,514.2804880779731,-108.15695006723672,nan,nan,4,0.0,0.0,0.0,1.0,0.0,0.0,0.25,0.0,2.5,2.75,0.0,0.0,396.5,-108.15695006723672
751,1538048,-0.0032592048674511412,38.41190872192383,4.256786553064982,0.003341625262086519,0.03395374615987142,0.4278186480204264,1.0285348892211914,5.988210201263428,0.95751953125,0.00021694540800000001,0.0072315135999999995,0.0,1.0,5,30,False,0.005619168747216463,490.101076555719,2042.0111628219893,404.50524755175866,87.83220890584926,514.2804880779731,-69.56204244634282,nan,nan,5,0.0,0.0,0.0,0.6,0.4,0.0,0.0,1.2,2.4,1.6,0.2,0.4,472.8,-69.56204244634282
752,1540096,-0.0018088805974305919,15.042363548278809,4.256815481185913,0.003880046836614633,0.03822944702891012,0.39741292397181194,-0.5753040313720703,3.617190361022949,0.9827473958333334,0.000216834816,0.0072278272,0.0,1.0,5,30,False,0.006203502882272005,490.1824401740622,2044.9929009091284,404.9712210317375,87.9292608328542,514.2804880779731,-108.37025132888925,nan,nan,4,0.0,0.0,0.0,1.0,0.0,0.0,0.25,0.0,2.5,2.75,0.0,0.0,457.5,-108.37025132888925
753,1542144,-0.0028177598025649784,8.095500469207764,4.256761423746744,0.00420329544852008,0.04674107012106106,0.46561746845642726,-0.18601521849632263,2.844177007675171,0.97900390625,0.00021672422399999998,0.0072241408,-0.00010730944632086903,0.9998927116394043,5,30,False,0.008967631496489048,490.2463943759348,2047.9703520209587,405.52897942374693,88.04337498184759,514.2804880779731,-90.78402670611463,nan,nan,5,0.0,0.0,0.0,0.8,0.2,0.0,0.0,0.6,2.6,2.4,0.0,0.2,519.4,-90.78402670611463
754,1544192,-0.0022970524296397343,13.479280376434327,4.256159432729086,0.0032803619292408235,0.028289625246543437,0.4772738367319107,-0.26697438955307007,3.622424364089966,0.9676106770833334,0.000216613632,0.0072204543999999996,-0.0003630535793490708,0.9996370673179626,5,30,False,0.005260714795440435,490.3221938410235,2050.9640556497907,406.0057239658927,88.14327124385454,514.2804880779731,-110.73483483540967,nan,nan,5,0.0,0.0,0.0,1.0,0.0,0.0,0.0,0.0,3.0,3.0,0.0,0.0,397.8,-110.73483483540967
755,1546240,-0.0025792970933252945,7.891806697845459,4.256459665298462,0.0035854068551127937,0.035188916612726946,0.4409994194904963,0.6532666087150574,2.781259536743164,0.94775390625,0.00021650304,0.007216768,0.0,1.0,5,30,False,0.005712753627449274,490.40116129803636,2053.8813376748585,406.51218669189257,88.27229979385447,514.2804880779731,-110.79265862099419,nan,nan,2,0.0,0.0,0.0,1.0,0.0,0.0,0.0,0.0,3.0,3.0,0.0,0.0,401.0,-110.79265862099419
756,1548288,-0.002783586563600693,15.262908554077148,4.256556049982707,0.003876450846411513,0.040349535271525384,0.42047980378071464,0.6132277846336365,3.7948157787323,0.9637044270833334,0.00021639244799999998,0.007213081600000001,-0.00029863553936593235,0.9997014999389648,5,30,False,0.009404371492564678,490.4428360934681,2057.103144469729,406.96906372878584,88.37894271184632,514.2804880779731,-70.88229461535919,nan,nan,6,0.0,0.0,0.0,0.5,0.5,0.0,0.0,1.1666666666666667,2.0,1.8333333333333333,0.0,0.5,509.1666666666667,-70.88229461535919
757,1550336,-0.0036297575512435286,14.324168968200684,4.256259520848592,0.004146005471992042,0.04579876868519932,0.42410595118999483,-0.1862032264471054,3.6268668174743652,0.97802734375,0.000216281856,0.0072093952,-1.3901021702622529e-05,0.9999861121177673,5,30,False,0.007435649633407593,490.48812511296575,2060.2861557787837,407.4367065987899,88.50176833884325,514.2804880779731,-93.28350273003252,nan,nan,4,0.0,0.0,0.0,0.75,0.25,0.0,0.0,0.5,2.0,2.5,0.0,0.25,515.25,-93.28350273003252
758,1552384,-0.003280541360436473,7.950652599334717,4.256516599655152,0.004013943781779827,0.044952783306750156,0.46562925378481546,-0.7672732472419739,2.7280001640319824,0.955078125,0.000216171264,0.0072057088,-0.0004607909941114485,0.9995394945144653,5,30,False,0.008152143098413944,490.5487642503956,2063.4176503658236,407.87008822188363,88.60065153783944,514.2804880779731,-110.7099918286904,nan,nan,5,0.0,0.0,0.0,1.0,0.0,0.0,0.0,0.0,2.6,3.0,0.0,0.0,456.6,-110.7099918286904
759,1554432,-0.002992650649199883,18.49624080657959,4.254325246810913,0.004145628331114893,0.04504492143945148,0.47291955252488455,-1.1757516860961914,3.95597243309021,0.8743489583333334,0.00021606067199999999,0.0072020224,-0.001138206454925239,0.9988628625869751,5,30,False,0.007135962136089802,490.66846606456,2066.1075176138547,408.3624455367535,88.70342394184263,514.2804880779731,-109.98133279748497,nan,nan,6,0.0,0.0,0.0,1.0,0.0,0.0,0.0,0.0,2.8333333333333335,2.8333333333333335,0.16666666666666666,0.0,392.0,-109.98133279748497
760,1556480,-0.002967577592547362,5.228185796737671,4.254506667455037,0.004048420830615207,0.042668329924345015,0.4092644398411115,0.1676446795463562,2.2868688106536865,0.9344075520833334,0.00021595007999999997,0.007198336,-0.0003114003629889339,0.9996888041496277,5,30,False,0.007023531943559647,490.7060482002955,2069.35370573173,408.82178362349805,88.81644715883886,514.2804880779731,-110.76721209626885,nan,nan,3,0.0,0.0,0.0,1.0,0.0,0.0,0.0,0.0,2.3333333333333335,3.0,0.0,0.0,445.6666666666667,-110.76721209626885
761,1558528,-0.0023015392643477147,16.469351768493652,4.256291087468465,0.003436600690866776,0.03148321720461051,0.3551186129450798,0.23052780330181122,4.119014739990234,0.9680989583333334,0.00021583948799999998,0.0071946496,-4.008863470517099e-05,0.9999599456787109,5,30,False,0.007289668079465628,490.7176606756077,2072.6764562467433,409.33559746046376,88.95565932482714,514.2804880779731,-84.4549852610262,nan,nan,4,0.0,0.0,0.0,0.75,0.25,0.0,0.0,0.75,1.75,2.0,0.25,0.25,493.25,-84.4549852610262
762,1560576,-0.004011299748284122,4.171318078041077,4.2564476807912195,0.003494328446075438,0.03928755462790529,0.3823539987206459,0.000141457436257042,2.039682149887085,0.9739583333333334,0.000215728896,0.0071909632,-0.0004433312569744885,0.9995568990707397,5,30,False,0.007794341538101435,490.7586913943237,2075.8899184906186,409.7814014514879,89.08495631982805,514.2804880779731,-85.60952753101661,nan,nan,4,0.0,0.0,0.0,0.75,0.25,0.0,0.0,0.75,2.5,2.25,0.0,0.25,478.0,-85.60952753101661
763,1562624,-0.004031987588192957,18.817088985443114,4.255281019210815,0.005024105505799526,0.05944481695769355,0.4509223312139511,-0.42900723218917847,4.300541877746582,0.91796875,0.00021561830399999997,0.0071872768,-0.0005137710832059383,0.9994864463806152,5,30,False,0.00934474729001522,490.73866880535763,2079.3922701565753,410.313478582495,89.21872201481892,514.2804880779731,-92.24048458818952,nan,nan,7,0.0,0.0,0.0,0.7142857142857143,0.2857142857142857,0.0,0.2857142857142857,0.42857142857142855,2.4285714285714284,2.2857142857142856,0.0,0.2857142857142857,466.85714285714283,-92.24048458818952
764,1564672,-0.003922390406175206,5.477992677688599,4.255996576944987,0.005252801719971391,0.06117054925610622,0.4663178394238154,-0.14482852816581726,2.351161003112793,0.98095703125,0.00021550771199999998,0.0071835904,-9.955393034033477e-05,0.9999005198478699,5,30,False,0.008196795359253883,490.7694271842916,2082.571376300577,410.8719076055713,89.33768351581239,514.2804880779731,-110.6727060555204,nan,nan,2,0.0,0.0,0.0,1.0,0.0,0.0,0.0,0.0,3.0,3.0,0.0,0.0,377.0,-110.6727060555204
765,1566720,-0.002680194789233307,10.938303470611572,4.256627734502157,0.004489760420263167,0.048573131362597145,0.39734457433223724,0.11417209357023239,3.3441765308380127,0.9192708333333334,0.00021539712,0.007179904,-6.337126978905872e-05,0.9999366998672485,5,30,False,0.007262556813657284,490.8129315065334,2085.7513883347274,411.3391040376591,89.46375344481203,514.2804880779731,-108.70906864473777,nan,nan,5,0.0,0.0,0.0,1.0,0.0,0.0,0.2,0.0,2.6,2.8,0.0,0.0,424.8,-108.70906864473777
766,1568768,-0.004125135221208135,6.438390064239502,4.2565361022949215,0.0044220010980701085,0.048489914046755685,0.3723684181769689,0.2716168463230133,2.2313730716705322,0.96533203125,0.00021528652799999998,0.0071762176,-0.0004195116925984621,0.9995808005332947,5,30,False,0.007626873441040516,490.81009243582355,2089.2143793527503,411.83157733060943,89.58326527381723,514.2804880779731,-78.51222717696805,nan,nan,4,0.0,0.0,0.0,0.5,0.5,0.0,0.5,0.75,3.0,1.75,0.0,0.5,500.0,-78.51222717696805
767,1570816,-0.003219018824165687,18.696260261535645,4.25592401822408,0.004604815865940637,0.052048027887940405,0.3888673489292463,-0.8855612874031067,4.245516300201416,0.9777018229166666,0.000215175936,0.0071725312,0.0,1.0,5,30,False,0.011843902058899403,490.83036774551795,2092.591109827772,412.2702901317389,89.69438982682186,514.2804880779731,-110.67883075302761,nan,nan,5,0.0,0.0,0.0,1.0,0.0,0.0,0.0,0.0,3.0,3.0,0.0,0.0,424.4,-110.67883075302761
768,1572864,-0.0015955909739811128,16.471466159820558,4.255584239959717,0.003310961994338929,0.0296356306799377,0.4464835822582245,0.9035059213638306,4.024808883666992,0.96484375,0.000215065344,0.0071688448,-0.001322051859460771,0.9986792802810669,5,30,False,0.007676476612687111,490.859787646979,2095.828553917847,412.77885635371786,89.81216409582703,514.2804880779731,-76.63398513541526,nan,nan,5,0.0,0.0,0.0,0.6,0.4,0.0,0.0,1.0,3.0,2.0,0.0,0.4,464.0,-76.63398513541526
769,1574912,-0.004506697909285625,10.46635389328003,4.252665217717489,0.006005133615085597,0.07477562309941277,0.43871534963448844,-0.15724125504493713,3.3300366401672363,0.9342447916666666,0.00021495475199999998,0.0071651584,-0.0011651443783193827,0.9988359212875366,5,30,False,0.013444946147501469,490.9583843597546,2098.715702037851,413.2070617936697,89.9156334708241,514.2804880779731,-73.88552509977319,nan,nan,5,0.0,0.0,0.0,0.6,0.4,0.0,0.2,1.0,2.4,1.6,0.2,0.4,487.4,-73.88552509977319
770,1576960,-0.0018371304565031703,20.659411239624024,4.2512819290161135,0.0037986326910014836,0.03769786030364533,0.35071965754032136,0.6151514649391174,4.722668647766113,0.927734375,0.00021484416,0.007161472,-0.002796208020299673,0.9972102642059326,5,30,False,0.007722047623246908,491.02516985003945,2101.730627269906,413.69542619974527,90.03556842783291,514.2804880779731,-76.1030161299309,nan,nan,4,0.0,0.0,0.0,0.5,0.5,0.0,0.0,1.0,2.0,2.0,0.0,0.5,526.25,-76.1030161299309
771,1579008,-0.0015831682442997892,4.435358095169067,4.246847661336263,0.003966896149116413,0.04173098071866358,0.4435682103037834,-0.01936986856162548,2.0359127521514893,0.9698893229166666,0.000214733568,0.007157785599999999,-0.0034503769129514694,0.9965585470199585,5,30,False,0.009179283864796162,491.08619244472504,2104.8527555049805,414.1366686656984,90.1345010028308,514.2804880779731,-107.38492025256043,nan,nan,3,0.0,0.0,0.0,1.0,0.0,0.0,0.3333333333333333,0.0,3.0,2.6666666666666665,0.0,0.0,408.6666666666667,-107.38492025256043
772,1581056,-0.003136571547171722,12.823569679260254,4.247359498341878,0.003945264995909111,0.04240986701333895,0.4222138971090317,-0.2144847959280014,3.5525166988372803,0.9529622395833334,0.00021462297599999998,0.0071540992,-0.002776864916086197,0.9972290992736816,5,30,False,0.00829382799565792,491.11966110505637,2108.1142444990255,414.6087978138821,90.23773358682229,514.2804880779731,-90.74147143587251,nan,nan,5,0.0,0.0,0.0,0.8,0.2,0.0,0.0,0.6,2.2,2.4,0.0,0.2,488.2,-90.74147143587251
773,1583104,-0.0016827700814853112,23.792202758789063,4.247608598073324,0.00241243032885415,0.02063993811607361,0.3815968563159307,0.37974604964256287,5.216099262237549,0.8992513020833334,0.000214512384,0.0071504128,-0.003678192151710391,0.9963343143463135,5,30,False,0.0043712640181183815,491.1590426605768,2111.256233745953,415.1651897977863,90.33852235482482,514.2804880779731,-77.38505069043761,nan,nan,3,0.0,0.0,0.0,0.6666666666666666,0.3333333333333333,0.0,0.0,1.0,3.0,2.0,0.0,0.3333333333333333,515.3333333333334,-77.38505069043761
774,1585152,-0.005044022385845892,20.756210327148438,4.246605332692464,0.005749506664708992,0.07185713669362788,0.37272745619217557,-1.0884737968444824,4.0921220779418945,0.9384765625,0.000214401792,0.0071467264,-0.002626657485961914,0.9973831176757812,5,30,False,0.009341472759842873,491.21229101151306,2114.3736881199,415.63900995279255,90.44557321483444,514.2804880779731,-107.36803902392467,nan,nan,6,0.0,0.0,0.0,1.0,0.0,0.0,0.16666666666666666,0.0,2.6666666666666665,2.5,0.3333333333333333,0.0,486.0,-107.36803902392467
775,1587200,-0.003947336944596221,14.117693042755127,4.249805212020874,0.005005502198104583,0.05703326693425576,0.36825064619382225,-0.2851002812385559,3.798271894454956,0.9900716145833334,0.00021429119999999999,0.00714304,-0.0020578159019351006,0.9979485273361206,5,30,False,0.008357803337275982,491.2650665006498,2117.479389348795,416.12532681782614,90.56373130682914,514.2804880779731,-111.11841965469118,nan,nan,3,0.0,0.0,0.0,1.0,0.0,0.0,0.0,0.0,1.6666666666666667,3.0,0.0,0.0,433.0,-111.11841965469118
776,1589248,-0.0023154286631324795,15.379969310760497,4.249564377466838,0.0034530424859025946,0.03721722579405953,0.4319792792201042,-0.006874942220747471,3.969249963760376,0.90625,0.00021418060799999997,0.0071393536,-0.003157213097438216,0.9968542456626892,5,30,False,0.006869057659059763,491.3409361290043,2120.4376113066974,416.6107377036824,90.67942603182746,514.2804880779731,-110.92561692884726,nan,nan,4,0.0,0.0,0.0,1.0,0.0,0.0,0.0,0.0,2.5,3.0,0.0,0.0,527.25,-110.92561692884726
777,1591296,-0.0027757348453936476,3.1176825284957888,4.247248601913452,0.003298604188912113,0.029343910266955694,0.3601983532309532,0.1850317269563675,1.7302205562591553,0.9931640625,0.00021407001599999998,0.007135667199999999,-0.003321500029414892,0.9966949820518494,5,30,False,0.0058960155583918095,491.42360414650955,2123.4099357537198,417.0497349359357,90.78214747582388,514.2804880779731,-50.86492473324404,nan,nan,4,0.0,0.0,0.0,0.25,0.75,0.0,0.0,1.75,2.0,1.25,0.0,0.75,596.75,-50.86492473324404
778,1593344,-0.0024406497924549814,7.672944450378418,4.245942687988281,0.003280958889639122,0.03223752319269503,0.47191577951113384,-0.3522380590438843,2.8258018493652344,0.9510091145833334,0.000213959424,0.0071319808,-0.004140312783420086,0.9958745837211609,5,30,False,0.005794800352305174,491.50344723160987,2126.387348708711,417.48380104890384,90.90484426582407,514.2804880779731,-110.78925497252858,nan,nan,5,0.0,0.0,0.0,1.0,0.0,0.0,0.0,0.0,3.0,3.0,0.0,0.0,465.4,-110.78925497252858
779,1595392,-0.0027276145449529094,2.5353118777275085,4.245112403233846,0.003958557443941402,0.043335159743825596,0.43591986497243246,0.39937475323677063,1.4728435277938843,0.9788411458333334,0.000213848832,0.0071282944,-0.003360462374985218,0.9966513514518738,5,30,False,0.008789903484284878,491.58668931368044,2129.25981858265,417.9755809139897,91.05594555081916,514.2804880779731,-100.53747486573582,nan,nan,2,0.0,0.0,0.0,1.0,0.0,0.0,1.0,0.0,3.0,2.0,0.0,0.0,514.0,-100.53747486573582
780,1597440,-0.003228659172115537,23.11321802139282,4.2469326178232825,0.003446674576831092,0.029092781618237494,0.3346577167510986,0.3949503004550934,4.926878929138184,0.9490559895833334,0.00021373824,0.007124607999999999,-0.0033786995336413383,0.9966365098953247,5,30,False,0.005022820085287094,491.64160257816116,2132.4372972385463,418.3849428029207,91.1604401168297,514.2804880779731,-78.9830455930759,nan,nan,5,0.0,0.0,0.0,0.6,0.4,0.0,0.2,0.8,2.2,1.6,0.4,0.4,535.4,-78.9830455930759
781,1599488,-0.002014271893616145,2.8760776996612547,4.24692554473877,0.003183658918262481,0.032077304126384355,0.4065228521823883,0.12461511045694351,1.7664059400558472,0.9943033854166666,0.000213627648,0.0071209216,-0.003057845402508974,0.9969562292098999,5,30,False,0.006611659191548824,491.6735240588776,2135.7764118425694,418.7904980380408,91.2614815118286,514.2804880779731,-44.10334885393968,nan,nan,3,0.0,0.0,0.0,0.3333333333333333,0.6666666666666666,0.0,0.0,2.0,3.0,1.0,0.0,0.6666666666666666,550.6666666666666,-44.10334885393968
782,1601536,-0.003124007382818187,32.03702049255371,4.246792125701904,0.004527509567358774,0.052648120326921344,0.5138745069503784,-1.4922850131988525,5.927538871765137,0.7996419270833334,0.00021351705599999998,0.0071172352,-0.003811577335000038,0.9962044954299927,5,30,False,0.009054604917764664,491.75063600558633,2138.759113527587,419.2274538960046,91.38000463182107,514.2804880779731,-103.12712315348199,nan,nan,60,0.0,0.0,0.0,0.8,0.2,0.0,0.21666666666666667,0.2833333333333333,2.8333333333333335,2.466666666666667,nan,0.11666666666666667,429.55,nan
783,1603584,-0.0020917769841616975,16.19218692779541,4.246216694513957,0.005865045369574536,0.0743958346080035,0.5654383495450019,-0.8520102500915527,3.9287452697753906,0.92724609375,0.00021340646399999999,0.007113548799999999,-0.0027807061560451984,0.9972267150878906,5,30,False,0.012611404061317444,484.4906425762659,2142.0997598804533,419.7137915489875,91.4903558158112,563.2457784599683,-94.10641557634153,nan,nan,6,0.0,0.0,0.0,0.6666666666666666,0.3333333333333333,0.0,0.0,0.3333333333333333,2.3333333333333335,2.0,0.6666666666666666,0.3333333333333333,471.6666666666667,-94.10641557634153
784,1605632,-0.0025752098532393574,9.844328880310059,4.249188296000162,0.004411559479586669,0.04492695539568861,0.48405187129974364,-0.1721331626176834,3.0903396606445312,0.9694010416666666,0.000213295872,0.0071098624,-0.002547487383708358,0.9974565505981445,5,30,False,0.007037088740617037,484.5441854340717,2145.286781901348,420.17826111211616,91.58874069280864,563.2457784599683,-110.81972427221103,nan,nan,4,0.0,0.0,0.0,1.0,0.0,0.0,0.0,0.0,3.0,3.0,0.0,0.0,398.5,-110.81972427221103
785,1607680,-0.0018776395668586095,12.62003927230835,4.249249219894409,0.0035211786153829766,0.03313739595857138,0.45653804739316306,-0.6947705149650574,3.5693368911743164,0.9488932291666666,0.00021318527999999998,0.0071061760000000005,-0.0023408252745866776,0.9976646900177002,5,30,False,0.006330167409032583,484.5848220721567,2148.5910405384348,420.60329608827305,91.69769434080808,563.2457784599683,-90.73831389343415,nan,nan,3,0.0,0.0,0.0,0.6666666666666666,0.3333333333333333,0.0,0.6666666666666666,0.3333333333333333,3.0,2.0,0.0,0.3333333333333333,495.3333333333333,-90.73831389343415
786,1609728,-0.0020045388489961626,15.798782920837402,4.250111150741577,0.0031126122295277742,0.031364050290236874,0.4360016167163849,-0.6758658289909363,3.963531970977783,0.97314453125,0.000213074688,0.007102489599999999,-0.002160015981644392,0.9978469610214233,5,30,False,0.007979733869433403,484.713052369966,2151.346802158281,420.9863670282357,91.80390636381344,563.2457784599683,-111.2607716947069,nan,nan,5,0.0,0.0,0.0,1.0,0.0,0.0,0.0,0.0,3.0,3.0,0.0,0.0,466.8,-111.2607716947069
787,1611776,-0.003318365125839288,21.72651014328003,4.251152610778808,0.003222706799886488,0.0327154230287609,0.37959987968206405,-0.4082731306552887,4.186300754547119,0.91162109375,0.000212964096,0.0070988032,-0.0014423909597098827,0.9985604286193848,5,30,False,0.006346276495605707,484.88968078163464,2153.805762119213,421.3352917423763,91.91043589181209,563.2457784599683,-103.2825638139463,nan,nan,4,0.0,0.0,0.0,1.0,0.0,0.0,0.5,0.0,2.0,2.0,0.5,0.0,460.25,-103.2825638139463
788,1613824,-0.002706245135050267,5.401372170448303,4.252682415644328,0.004555083976492824,0.048584447940811515,0.4042403340339661,0.04088710993528366,2.3981473445892334,0.9864908854166666,0.00021285350399999998,0.0070951168,-0.0016989931464195251,0.9983050227165222,5,30,False,0.008045644499361515,485.0133946852754,2156.5918163961906,421.7288829944009,92.00793028880435,563.2457784599683,-85.92013028184874,nan,nan,4,0.0,0.0,0.0,0.75,0.25,0.0,0.0,0.75,1.5,2.25,0.0,0.25,532.0,-85.92013028184874
789,1615872,-0.0025638612957360842,16.570934677124022,4.251753425598144,0.002751863443826134,0.02425026425626129,0.457399982213974,-0.14206011593341827,4.032811164855957,0.9734700520833334,0.000212742912,0.0070914304,-0.0013958264607936144,0.9986062049865723,5,30,False,0.00471253227442503,485.090931233746,2159.4590130633296,422.29419189927285,92.15568714980327,563.2457784599683,-110.97468557087682,nan,nan,5,0.0,0.0,0.0,1.0,0.0,0.0,0.0,0.0,3.0,3.0,0.0,0.0,455.4,-110.97468557087682
790,1617920,-0.0033752413083372327,9.183549499511718,4.253369092941284,0.0038175455465690195,0.03689558040350675,0.4213357170422872,-0.3211890161037445,2.8842694759368896,0.970703125,0.00021263232,0.007087744,-0.0009453321690671146,0.9990555644035339,5,30,False,0.005913788452744484,485.1777363249781,2162.471957236383,422.7017738642171,92.25543710279453,563.2457784599683,-110.99007796093701,nan,nan,4,0.0,0.0,0.0,1.0,0.0,0.0,0.0,0.0,2.0,3.0,0.0,0.0,448.75,-110.99007796093701
791,1619968,-0.0018143271391939683,12.816352081298827,4.253331104914348,0.002390057308241141,0.017845797973374527,0.3766376718878746,-0.11974550783634186,3.4998815059661865,0.9571940104166666,0.00021252172799999998,0.007084057600000001,-0.001658351393416524,0.9983439445495605,5,30,False,0.0050138747319579124,485.2587359079349,2165.4967370103113,423.115984147109,92.3620420627849,563.2457784599683,-94.85631849689071,nan,nan,5,0.0,0.0,0.0,0.8,0.2,0.0,0.2,0.4,2.2,2.4,0.0,0.2,487.6,-94.85631849689071
792,1622016,-0.00320388141553849,6.723070573806763,4.250935220718384,0.00471393856006029,0.05353922254095475,0.43000669628381727,0.15690284967422485,2.5739455223083496,0.96240234375,0.000212411136,0.0070803711999999994,-0.0019967821426689625,0.9980062246322632,5,30,False,0.011971624568104744,485.3147492862564,2168.685960824194,423.5389042280585,92.47419952978089,563.2457784599683,-107.74643470021329,nan,nan,3,0.0,0.0,0.0,1.0,0.0,0.0,0.3333333333333333,0.0,2.3333333333333335,2.6666666666666665,0.0,0.0,495.3333333333333,-107.74643470021329
793,1624064,-0.00233459115261212,12.51563901901245,4.251163800557454,0.0034314978407825455,0.031213647061182806,0.4005608136455218,0.4029560387134552,3.418382406234741,0.9527994791666666,0.000212300544,0.0070766848,-0.0020448570139706135,0.9979614019393921,5,30,False,0.005947214551270008,485.3615896531179,2171.897825923006,424.0095291380567,92.57188267078891,563.2457784599683,-80.78040372155937,nan,nan,5,0.0,0.0,0.0,0.6,0.4,0.0,0.2,0.8,2.6,2.0,0.0,0.4,518.2,-80.78040372155937
794,1626112,-0.004412073558584476,8.43302812576294,4.249462842941284,0.005240539596126462,0.06506294629070908,0.4398494929075241,-0.19455301761627197,2.9847960472106934,0.9869791666666666,0.000212189952,0.0070729984,-0.002777648624032736,0.9972338676452637,5,30,False,0.010335641913115978,485.3953982874979,2174.97245941397,424.687494610931,92.68655303679407,563.2457784599683,-85.52501313003359,nan,nan,4,0.0,0.0,0.0,0.75,0.25,0.0,0.0,0.75,3.0,2.25,0.0,0.25,458.5,-85.52501313003359
795,1628160,-0.002713336170806239,17.14581079483032,4.247605276107788,0.0029354438661215454,0.028729618907285235,0.43579842448234557,-0.5137662291526794,4.044363498687744,0.9547526041666666,0.00021207936,0.0070693119999999995,-0.003125798888504505,0.9968888163566589,5,30,False,0.005656600929796696,485.4485249042755,2178.068687639956,425.1932934267679,92.81610548780009,563.2457784599683,-110.93468514179672,nan,nan,6,0.0,0.0,0.0,1.0,0.0,0.0,0.0,0.0,2.6666666666666665,3.0,0.0,0.0,409.1666666666667,-110.93468514179672
796,1630208,-0.00283671940099642,8.330408716201783,4.248158041636149,0.00461091365304504,0.05218362444623684,0.4672847424944242,-0.006947265472263098,2.9817817211151123,0.9765625,0.000211968768,0.0070656256,-0.0024096183478832245,0.9975991249084473,5,30,False,0.008708475157618523,485.4489219684596,2181.583917113836,425.6620931337675,92.92746570080635,563.2457784599683,-110.64960129244037,nan,nan,4,0.0,0.0,0.0,1.0,0.0,0.0,0.0,0.0,3.0,3.0,0.0,0.0,427.25,-110.64960129244037
797,1632256,-0.001140689632544915,29.532714653015137,4.2495951652526855,0.0027697503644636373,0.02099744596052915,0.45544825941324235,0.28010234236717224,5.509303569793701,0.9860026041666666,0.000211858176,0.0070619392,-0.002680386882275343,0.997330367565155,5,30,False,0.004666721448302269,485.4828367946219,2184.9127510937396,426.08753934979904,93.04435839579673,563.2457784599683,-90.62953347323196,nan,nan,5,0.0,0.0,0.0,0.8,0.2,0.0,0.0,0.6,3.0,2.4,0.0,0.2,502.0,-90.62953347323196
798,1634304,-0.0023638796410523355,8.112882280349732,4.249458440144857,0.0039439633391878575,0.041077264995935066,0.3632997011144956,0.14163784682750702,2.8534555435180664,0.9827473958333334,0.00021174758399999997,0.0070582527999999995,-0.002009703777730465,0.9979963302612305,5,30,False,0.009447267279028893,485.6383293504227,2187.446251021669,426.47833672570414,93.15083078779571,563.2457784599683,-86.00883532454918,nan,nan,4,0.0,0.0,0.0,0.75,0.25,0.0,0.0,0.75,2.5,2.25,0.0,0.25,422.25,-86.00883532454918
799,1636352,-0.0030717787992519635,33.30019969940186,4.25079558690389,0.004971489557452495,0.058521397939572735,0.4152177760998408,0.7008706331253052,5.92802095413208,0.9757486979166666,0.00021163699199999998,0.0070545664,-0.002335241762921214,0.9976696372032166,5,30,False,0.00887517910450697,485.7255199944057,2190.4289240596263,426.8855672424979,93.26272005878855,563.2457784599683,-61.20570141206417,nan,nan,4,0.0,0.0,0.0,0.5,0.5,0.0,0.0,1.5,1.5,1.5,0.0,0.5,542.25,-61.20570141206417
800,1638400,-0.003100224749262755,8.318976736068725,4.249443991978963,0.004147614231933024,0.044073041924275455,0.4670836826165517,-0.34363165497779846,2.8057286739349365,0.9207356770833334,0.0002115264,0.00705088,-0.00237742206081748,0.997626781463623,5,30,False,0.00810417253524065,485.80582860530495,2193.440331749458,427.31142084153544,93.37299366478692,563.2457784599683,-98.57021798076312,nan,nan,4,0.0,0.0,0.0,0.75,0.25,0.0,0.0,0.25,2.0,2.25,0.5,0.25,500.25,-98.57021798076312
801,1640448,-0.0037451573725168904,22.184143257141113,4.248457431793213,0.0041466068715179105,0.04398935296339914,0.41289285173018775,-0.5251732468605042,4.713537693023682,0.9788411458333334,0.00021141580799999998,0.0070471935999999995,-0.00331708462908864,0.9966892004013062,5,30,False,0.00651424890384078,485.84156582868286,2196.743307103592,427.7464508744597,93.48614302078204,563.2457784599683,-90.71027903129144,nan,nan,5,0.0,0.0,0.0,0.8,0.2,0.0,0.0,0.6,2.6,2.4,0.0,0.2,426.8,-90.71027903129144
802,1642496,-0.005016521271318197,4.03872172832489,4.247495539983114,0.006005460642583027,0.07652728942921386,0.4270924294988314,-0.21181979775428772,1.934958815574646,0.9806315104166666,0.000211305216,0.0070435072,-0.002377995289862156,0.9976272583007812,5,30,False,0.011394723318517208,485.86757974998727,2200.0528855544544,428.2258317356027,93.6115936547867,563.2457784599683,-110.70295998545146,nan,nan,4,0.0,0.0,0.0,1.0,0.0,0.0,0.0,0.0,3.0,3.0,0.0,0.0,377.25,-110.70295998545146
803,1644544,-0.001969108488992788,8.423505544662476,4.251882537206014,0.003330562676096327,0.029044581313307085,0.4469023088614146,-0.6369823217391968,2.8986270427703857,0.9578450520833334,0.000211194624,0.0070398208,-0.001049339072778821,0.998952329158783,5,30,False,0.006552897393703461,485.8983040986244,2203.3783377504005,428.65969107365527,93.72584447178815,563.2457784599683,-99.17916800038607,nan,nan,7,0.0,0.0,0.0,0.8571428571428571,0.14285714285714285,0.0,0.14285714285714285,0.2857142857142857,3.0,2.5714285714285716,0.0,0.14285714285714285,444.7142857142857,-99.17916800038607
804,1646592,-0.002952042850665748,2.728044271469116,4.254739967981974,0.003724555632228288,0.03903627979258696,0.4127025678753853,0.45331189036369324,1.7140729427337646,0.9890950520833334,0.00021108403199999998,0.0070361344,-0.0003872488159686327,0.9996129274368286,5,30,False,0.006391413975507021,485.91129353031084,2206.7959778103977,429.1099534895329,93.86558154977683,563.2457784599683,-110.63848120839975,nan,nan,2,0.0,0.0,0.0,1.0,0.0,0.0,0.0,0.0,3.0,3.0,0.0,0.0,446.5,-110.63848120839975
805,1648640,-0.004001159527494262,15.424876594543457,4.255669609705607,0.004759383278488978,0.05430786826182157,0.40621268153190615,-0.6711106300354004,3.7959728240966797,0.9484049479166666,0.00021097344,0.007032448,-0.00047830637777224183,0.9995220899581909,5,30,False,0.007601448800414801,485.9726486012604,2209.9522343053395,429.51302454851975,93.96892380977806,563.2457784599683,-111.00508280453535,nan,nan,6,0.0,0.0,0.0,1.0,0.0,0.0,0.0,0.0,2.0,3.0,0.0,0.0,486.5,-111.00508280453535
806,1650688,-0.0022640053027619916,3.2634517908096314,4.255265315373738,0.003476750144280277,0.030255314925064645,0.4314581195513407,0.25678691267967224,1.9963157176971436,0.9812825520833334,0.000210862848,0.0070287616,-0.0005418832879513502,0.9994584918022156,5,30,False,0.0061553469859063625,486.02794400076914,2213.0645166092727,430.00070875546953,94.08163958576915,563.2457784599683,-91.81683656417681,nan,nan,2,0.0,0.0,0.0,0.5,0.5,0.0,0.0,0.5,3.0,2.5,0.0,0.5,465.0,-91.81683656417681
807,1652736,-0.00263577785808593,12.751392078399657,4.255075629552206,0.002954702034983455,0.025124356468829014,0.38814659317334493,-0.028112871572375298,3.5427005290985107,0.9111328125,0.00021075225599999998,0.0070250752,-0.00047904596431180835,0.9995212554931641,5,30,False,0.0055223265662789345,486.1030853937488,2216.0927678414155,430.42025718245714,94.19853258276999,563.2457784599683,-76.67580997301926,nan,nan,7,0.0,0.0,0.0,0.5714285714285714,0.42857142857142855,0.0,0.0,1.0,2.4285714285714284,2.0,0.0,0.42857142857142855,476.2857142857143,-76.67580997301926
808,1654784,-0.002380250378822287,7.136476182937622,4.254461367925008,0.0039227515135181225,0.03965117003147801,0.4039989431699117,-0.014107161201536655,2.633671998977661,0.900390625,0.000210641664,0.0070213888,-0.0013917413307353854,0.9986104369163513,5,30,False,0.007088555488735437,486.17864465986474,2219.109775436358,430.87454220541986,94.29734021777404,563.2457784599683,-90.58691611811264,nan,nan,4,0.0,0.0,0.0,0.75,0.25,0.0,0.25,0.5,2.5,2.25,0.0,0.25,392.5,-90.58691611811264
809,1656832,-0.004765448377778133,4.88159670829773,4.252757835388183,0.0043389793563868295,0.04659702749922871,0.44613876988490425,-0.09779562056064606,2.149139165878296,0.90673828125,0.000210531072,0.0070177024,-0.0011959541589021683,0.9988061785697937,5,30,False,0.009109740145504475,486.276664367994,2222.025910643366,431.27393077245506,94.39768982578244,563.2457784599683,-64.30151916241567,nan,nan,4,0.0,0.0,0.0,0.25,0.75,0.0,0.0,1.25,2.75,1.5,0.25,0.75,526.5,-64.30151916241567
810,1658880,-0.003344278964990129,7.262377119064331,4.254386361440023,0.0034437736647548864,0.031703016728473206,0.40110475520292915,-0.07539989054203033,2.701202869415283,0.9910481770833334,0.00021042048,0.007014016,-0.00017173061496578157,0.9998282790184021,5,30,False,0.006540435366332531,486.3242690192064,2225.2141112503887,431.72452228043403,94.50595747078478,563.2457784599683,-110.6368120798088,nan,nan,3,0.0,0.0,0.0,1.0,0.0,0.0,0.0,0.0,3.0,3.0,0.0,0.0,380.6666666666667,-110.6368120798088
811,1660928,-0.0013013838809759666,23.521372604370118,4.255389642715454,0.0035281882077118354,0.03748112721756722,0.40140174378951393,-0.1871938705444336,4.879013538360596,0.9794921875,0.00021030988799999997,0.0070103296,-0.0011252397671341896,0.9988765716552734,5,30,False,0.00822058692574501,486.38873443890446,2228.279879721449,432.1747716464888,94.61324766479083,563.2457784599683,-96.4194174254268,nan,nan,7,0.0,0.0,0.0,0.8571428571428571,0.14285714285714285,0.0,0.0,0.42857142857142855,2.4285714285714284,2.5714285714285716,0.0,0.14285714285714285,462.14285714285717,-96.4194174254268
812,1662976,-0.004290156664016346,4.735641241073608,4.253313970565796,0.004843289668413753,0.05499821091070771,0.4199121465285619,-0.36471816897392273,2.1920182704925537,0.9352213541666666,0.000210199296,0.0070066432,-0.0008672274416312575,0.9991339445114136,5,30,False,0.0081107746809721,486.4729364969481,2231.19625522141,432.638578252343,94.72178422179422,563.2457784599683,-110.55326997038935,nan,nan,4,0.0,0.0,0.0,1.0,0.0,0.0,0.0,0.0,3.0,3.0,0.0,0.0,379.75,-110.55326997038935
813,1665024,-0.0017786528604725996,8.3155526638031,4.255727179845175,0.0031194950308273722,0.033578856568783524,0.39957237243652344,-0.17007917165756226,2.974426746368408,0.9718424479166666,0.000210088704,0.0070029568,0.0,1.0,5,30,False,0.006998744327574968,486.56239085569115,2234.055055840392,433.1260575643537,94.82632427579665,563.2457784599683,-109.93953889278728,nan,nan,5,0.0,0.0,0.0,1.0,0.0,0.0,0.0,0.0,2.0,2.8,0.2,0.0,416.4,-109.93953889278728
814,1667072,-0.0022932804577673474,8.272245121002197,4.256068483988444,0.0036241011358728037,0.03303113036478559,0.3893126040697098,0.6079069375991821,2.9064629077911377,0.9825846354166666,0.00020997811199999997,0.0069992704,-0.0007066603284329176,0.9992939829826355,5,30,False,0.005982961039990187,486.6354459093569,2237.0263766283024,433.61805312331126,94.9282535067905,563.2457784599683,-77.36727020012525,nan,nan,3,0.0,0.0,0.0,0.6666666666666666,0.3333333333333333,0.0,0.0,1.0,1.6666666666666667,2.0,0.0,0.3333333333333333,453.3333333333333,-77.36727020012525
815,1669120,-0.004246352473273873,16.90592803955078,4.253690751393636,0.004093339276603657,0.04214420866143579,0.4016057898600896,0.1726042926311493,4.357119083404541,0.9700520833333334,0.00020986751999999998,0.006995583999999999,-0.001625538570806384,0.9983763098716736,5,30,False,0.008100633509457111,486.68442122937284,2240.154557074362,434.10911082332314,95.03774058779527,563.2457784599683,-47.38871214286322,nan,nan,6,0.0,0.0,0.0,0.3333333333333333,0.6666666666666666,0.0,0.16666666666666666,1.8333333333333333,2.3333333333333335,1.0,0.0,0.6666666666666666,548.6666666666666,-47.38871214286322
816,1671168,-0.004145275564709058,11.078857803344727,4.252057488759359,0.004850224071766244,0.058060770745699604,0.4045597821474075,-0.475313663482666,3.3445427417755127,0.9192708333333334,0.000209756928,0.0069918976,-0.0016448341775685549,0.998359203338623,5,30,False,0.009373882785439491,486.7509984452515,2243.1829869363573,434.5802026411693,95.14049299679755,563.2457784599683,-110.77336331060133,nan,nan,4,0.0,0.0,0.0,1.0,0.0,0.0,0.0,0.0,2.5,3.0,0.0,0.0,430.5,-110.77336331060133
817,1673216,-0.0030894546769559385,11.152363300323486,4.25251259803772,0.005189732224564144,0.06303127476712689,0.454213318725427,-0.5327132940292358,3.465669631958008,0.8600260416666666,0.000209646336,0.0069882112,-0.0011267245281487703,0.998874843120575,5,30,False,0.012033510021865368,486.8376658022888,2246.076078649392,435.04804563109064,95.24010565978824,563.2457784599683,-109.62806036245456,nan,nan,4,0.0,0.0,0.0,1.0,0.0,0.0,0.0,0.0,2.25,2.75,0.25,0.0,401.75,-109.62806036245456
818,1675264,-0.003429309713343779,11.123782634735107,4.255490175882975,0.004905959382139883,0.05965005536175643,0.4399702499310176,-0.42067447304725647,3.2786872386932373,0.89990234375,0.00020953574400000001,0.0069845248,0.0,1.0,5,30,False,0.009346839040517807,486.9795354249655,2248.6389650514175,435.46149288596644,95.3462803017901,563.2457784599683,-87.6915514045741,nan,nan,5,0.0,0.0,0.0,0.8,0.2,0.0,0.2,0.6,2.0,2.0,0.2,0.2,444.8,-87.6915514045741
819,1677312,-0.001721567385538947,15.513707637786865,4.256377363204956,0.004561137833377179,0.04464179407805204,0.38062177697817484,0.07837281376123428,4.158071041107178,0.8898111979166666,0.000209425152,0.0069808384,-0.0005441230605356395,0.9994561672210693,5,30,False,0.008785796351730824,487.130809394273,2251.1342250394955,435.87790505588055,95.45273281578557,563.2457784599683,-67.00536012042534,nan,nan,4,0.0,0.0,0.0,0.5,0.5,0.0,0.0,1.25,1.75,1.5,0.25,0.5,507.0,-67.00536012042534
820,1679360,-0.0016825575148686767,12.332397079467773,4.254592927296956,0.002863898855298571,0.02324400868577262,0.433880544702212,-0.062499526888132095,3.43552303314209,0.8802083333333334,0.00020931455999999998,0.006977152,-0.0009624172816984355,0.9990390539169312,5,30,False,0.007088328246027231,487.21135460666994,2254.059727501677,436.3459627789125,95.5604970897839,563.2457784599683,-100.7671280705149,nan,nan,5,0.0,0.0,0.0,0.8,0.2,0.0,0.0,0.2,1.8,2.4,0.4,0.2,456.0,-100.7671280705149
821,1681408,-0.0021792899235151706,8.257397317886353,4.253049500783285,0.0028796075223889756,0.023490887635853143,0.4324321766694387,-0.6835758686065674,2.8443305492401123,0.9005533854166666,0.000209203968,0.006973465599999999,-0.001652301987633109,0.9983507990837097,5,30,False,0.004760675132274628,487.27316131150866,2257.1472755335417,436.7827412569168,95.67135507878265,563.2457784599683,-108.21059479511327,nan,nan,6,0.0,0.0,0.0,1.0,0.0,0.0,0.16666666666666666,0.0,2.8333333333333335,2.6666666666666665,0.16666666666666666,0.0,438.5,-108.21059479511327
822,1683456,-0.0030376937085141737,15.9725266456604,4.252295303344726,0.003896201992120041,0.040930162280953176,0.37709287156661353,-0.33912429213523865,4.104250431060791,0.9490559895833334,0.000209093376,0.0069697792,-0.0008784591918811202,0.9991222620010376,5,30,False,0.007533913012593985,487.2995466377405,2260.50724080058,437.2009020140249,95.7899850687827,563.2457784599683,-110.94672993815766,nan,nan,2,0.0,0.0,0.0,1.0,0.0,0.0,0.0,0.0,2.0,3.0,0.0,0.0,346.0,-110.94672993815766
823,1685504,-0.002627736968618895,9.106205177307128,4.256111145019531,0.003448034774798122,0.03764657002563278,0.41260062754154203,-0.2455311268568039,2.933534622192383,0.9615885416666666,0.00020898278399999998,0.0069660928,-1.5551097021671012e-05,0.9999844431877136,5,30,False,0.007634681183844805,487.3292463781936,2263.7987073315016,437.65321259094344,95.90591861978464,563.2457784599683,-104.3200307310232,nan,nan,7,0.0,0.0,0.0,0.8571428571428571,0.14285714285714285,0.0,0.0,0.14285714285714285,2.5714285714285716,2.7142857142857144,0.14285714285714285,0.14285714285714285,416.14285714285717,-104.3200307310232
824,1687552,-0.001005012986327832,14.62980031967163,4.25588428179423,0.0027163158786909967,0.02378714793206503,0.35056132326523465,0.43724989891052246,3.6489593982696533,0.9698893229166666,0.000208872192,0.0069624064,-0.0007774762343615294,0.9992233514785767,5,30,False,0.005835969001054764,487.3777469867866,2266.981270682547,438.08350278201397,96.01793846077635,563.2457784599683,-96.73846667608431,nan,nan,5,0.0,0.0,0.0,0.8,0.2,0.0,0.0,0.4,3.0,2.6,0.0,0.2,428.4,-96.73846667608431
825,1689600,-0.003801958456945916,4.981486773490905,4.253785610198975,0.004647054118155373,0.05083881275107463,0.38948112179835637,0.270662397146225,2.4380850791931152,0.9558919270833334,0.0002087616,0.00695872,-0.0011995858512818813,0.9988018870353699,5,30,False,0.00801224634051323,487.4001360083749,2270.327392100531,438.54392599803396,96.13701225476689,563.2457784599683,-111.10079220364423,nan,nan,2,0.0,0.0,0.0,1.0,0.0,0.0,0.0,0.0,2.0,3.0,0.0,0.0,481.5,-111.10079220364423
826,1691648,-0.003263886917072038,6.789084434509277,4.252436860402425,0.003454966714070906,0.03140660806093365,0.3629289319117864,-0.23253385722637177,2.4223971366882324,0.9453125,0.000208651008,0.0069550336,-0.0013974565081298351,0.9986051321029663,5,30,False,0.005528709851205349,487.45369485531165,2273.4665109895577,438.98701934811834,96.24502173876681,563.2457784599683,-74.71500705860272,nan,nan,6,0.0,0.0,0.0,0.6666666666666666,0.3333333333333333,0.0,0.16666666666666666,1.0,2.1666666666666665,1.6666666666666667,0.16666666666666666,0.3333333333333333,493.3333333333333,-74.71500705860272
827,1693696,-0.003116198955103755,15.34313325881958,4.251965920130412,0.004537789755947112,0.05180629600848382,0.46886407484610876,-0.18128110468387604,3.9621899127960205,0.8924153645833334,0.00020854041599999997,0.006951347199999999,-0.002081366255879402,0.9979219436645508,5,30,False,0.007824227213859558,487.55232969143754,2276.29373280672,439.43105156310776,96.35016556276241,563.2457784599683,-97.37490986554901,nan,nan,6,0.0,0.0,0.0,0.8333333333333334,0.16666666666666666,0.0,0.16666666666666666,0.3333333333333333,3.0,2.5,0.0,0.16666666666666666,427.3333333333333,-97.37490986554901
828,1695744,-0.0019164420198649168,4.681755685806275,4.248222462336222,0.003519530263934693,0.03226332803800081,0.39514200141032535,-0.22122547030448914,2.193927049636841,0.89599609375,0.000208429824,0.0069476608,-0.0037662337999790907,0.9962419271469116,5,30,False,0.007758598309010267,487.6346538961238,2279.230305594756,439.8826820191316,96.46118405675224,563.2457784599683,-38.05555793208487,nan,nan,2,0.0,0.0,0.0,0.0,1.0,0.0,0.0,2.0,1.5,0.5,0.5,1.0,600.0,-38.05555793208487
829,1697792,-0.0031524545047432184,5.14073805809021,4.245405451456706,0.004336826933364253,0.04798648015518362,0.4429036185145378,0.14228834211826324,2.364356756210327,0.9493815104166666,0.000208319232,0.0069439744000000005,-0.0035071808379143476,0.996501088142395,5,30,False,0.00797401275485754,487.7044498270841,2282.2681655917986,440.30677856708644,96.57941314174968,563.2457784599683,-69.59137351223953,nan,nan,5,0.0,0.0,0.0,0.6,0.4,0.0,0.0,1.2,2.4,1.6,0.2,0.4,459.8,-69.59137351223953
830,1699840,-0.0024373110577774544,2.5176026582717896,4.248018042246501,0.0032187470253633183,0.030298075596025834,0.3904296005765597,0.021540923044085503,1.6274683475494385,0.98193359375,0.00020820863999999997,0.006940287999999999,-0.00235461862757802,0.9976512789726257,5,30,False,0.005209216848015785,487.7325459579975,2285.5953987247776,440.7364836581837,96.70150048875075,563.2457784599683,-83.92940809095914,nan,nan,3,0.0,0.0,0.0,0.6666666666666666,0.3333333333333333,0.0,0.3333333333333333,0.6666666666666666,3.0,2.0,0.0,0.3333333333333333,446.0,-83.92940809095914
831,1701888,-0.0014098611175237844,18.757589530944824,4.249541711807251,0.003597882789854808,0.03422752417003115,0.3828094864885012,0.689799964427948,4.655296325683594,0.9397786458333334,0.000208098048,0.0069366016,-0.0026065667625516653,0.9973992109298706,5,30,False,0.008344102650880814,487.7833197223337,2288.787555564806,441.12820860113425,96.82466296675557,563.2457784599683,-60.91475202973072,nan,nan,60,0.0,0.0,0.0,0.5,0.5,0.0,0.1,0.38333333333333336,2.6333333333333333,2.45,nan,0.2,415.05,nan
832,1703936,-0.0016221880835170547,8.85802183151245,4.249140898386638,0.002456532824022813,0.015788995109808943,0.41030493726332984,-0.011851110495626926,3.106356382369995,0.9352213541666666,0.000207987456,0.0069329152,-0.0024509713985025883,0.9975537061691284,5,30,False,0.004131513647735119,481.52736091256537,2292.220576202817,441.6120552151406,96.96624164076638,608.6387752309674,-80.75802671241108,nan,nan,5,0.0,0.0,0.0,0.6,0.4,0.0,0.2,0.8,3.0,2.0,0.0,0.4,533.4,-80.75802671241108
833,1705984,-0.00531012696834902,11.624917602539062,4.24907062848409,0.00522258242255483,0.06032262654043734,0.41970665405193963,0.08132591843605042,3.133992910385132,0.9521484375,0.00020787686399999998,0.006929228799999999,-0.0028435641434043646,0.9971625804901123,5,30,False,0.01035511028021574,481.5070383392055,2295.8565068306925,442.12786287319614,97.07502832976752,608.6387752309674,-106.92843333725841,nan,nan,4,0.0,0.0,0.0,1.0,0.0,0.0,0.25,0.0,2.25,2.5,0.25,0.0,401.25,-106.92843333725841
834,1708032,-0.0026499348420960206,10.4052809715271,4.249020942052206,0.004606833631336175,0.04997424539954712,0.4108598584930102,-0.9403678774833679,3.23785400390625,0.8663736979166666,0.000207766272,0.0069255424,-0.002214031759649515,0.9977904558181763,5,30,False,0.007514553144574165,481.5375709413181,2299.1555096285883,442.60925215517636,97.1875526017684,608.6387752309674,-84.2536429826511,nan,nan,6,0.0,0.0,0.0,0.6666666666666666,0.3333333333333333,0.0,0.3333333333333333,0.6666666666666666,3.0,2.0,0.0,0.3333333333333333,520.6666666666666,-84.2536429826511
835,1710080,-0.0039118688320741056,9.594445180892944,4.252545674641927,0.005132415652414343,0.05958755320558946,0.43303736448287966,-0.2558898329734802,2.9376344680786133,0.8624674479166666,0.00020765568,0.0069218560000000005,-0.0008026963914744556,0.999198317527771,5,30,False,0.00875729788094759,481.62251623081,2302.1612034005375,443.01638162814197,97.29319650777325,608.6387752309674,-110.95430322611628,nan,nan,2,0.0,0.0,0.0,1.0,0.0,0.0,0.0,0.0,2.0,3.0,0.0,0.0,437.5,-110.95430322611628
836,1712128,-0.004259885147136325,15.850954723358154,4.255656083424886,0.005420288702096313,0.06695420444011688,0.41587925851345064,-0.25689104199409485,4.205420970916748,0.8170572916666666,0.00020754508799999998,0.006918169599999999,-0.00010184607526753098,0.9998981952667236,5,30,False,0.008998013101518154,481.6544306196873,2305.4550536237657,443.47708007319306,97.42793791077565,608.6387752309674,-83.51810285218143,nan,nan,7,0.0,0.0,0.0,0.5714285714285714,0.42857142857142855,0.0,0.0,0.7142857142857143,2.4285714285714284,2.0,0.2857142857142857,0.42857142857142855,506.0,-83.51810285218143
837,1714176,-0.004849697789177298,9.416087532043457,4.256616369883219,0.005787833884682451,0.0736112804346097,0.4553561379512151,-0.44929495453834534,3.0938940048217773,0.8522135416666666,0.000207434496,0.0069144832,-0.00020845382823608816,0.9997916221618652,5,30,False,0.011067747138440609,481.79039723152454,2308.082400686617,443.88672959417454,97.53514068677032,608.6387752309674,-103.75973374062475,nan,nan,3,0.0,0.0,0.0,1.0,0.0,0.0,0.3333333333333333,0.0,2.3333333333333335,2.0,0.6666666666666666,0.0,370.3333333333333,-103.75973374062475
838,1716224,-0.005459345553254025,8.569056129455566,4.2566631952921545,0.005500370851512611,0.07055163301217059,0.4320818225542704,0.21019458770751953,2.865074872970581,0.8255208333333334,0.000207323904,0.0069107968,0.0,1.0,5,30,False,0.010926824063062668,481.8649761059496,2311.0072214985557,444.43908681832545,97.64156211377122,608.6387752309674,-89.81667930222363,nan,nan,4,0.0,0.0,0.0,0.75,0.25,0.0,0.25,0.5,2.25,2.0,0.25,0.25,428.0,-89.81667930222363
839,1718272,-0.0026391858235001566,6.278166770935059,4.256815433502197,0.0032671263816082354,0.02824209415897106,0.39489686489105225,0.0956181138753891,2.365262746810913,0.876953125,0.00020721331199999998,0.006907110399999999,0.0,1.0,5,30,False,0.004844831768423319,481.94412078733075,2313.995794405564,444.905404864272,97.73496386877378,608.6387752309674,-99.73059912243916,nan,nan,5,0.0,0.0,0.0,0.8,0.2,0.0,0.0,0.2,2.4,2.2,0.6,0.2,449.4,-99.73059912243916
840,1720320,-0.0021094611651885013,30.821475982666016,4.256092055638631,0.004126096580077906,0.0430777944624424,0.3776267796754837,0.5587021708488464,5.668720245361328,0.97412109375,0.00020710272,0.006903424,-0.00072428461862728,0.9992765188217163,5,30,False,0.007360892836004496,482.0176754760011,2317.0320873526507,445.3556016092916,97.8431185187801,608.6387752309674,-39.36897824706239,nan,nan,4,0.0,0.0,0.25,0.25,0.5,0.0,0.0,2.0,1.25,0.75,0.25,0.5,434.75,-39.36897824706239
841,1722368,-0.0015906946321289676,36.92796592712402,4.254933706919352,0.0041691330766639115,0.040082883807675294,0.3860054716467857,0.16415679454803467,6.333612442016602,0.939453125,0.000206992128,0.0068997376,-0.00022259799879975617,0.9997774958610535,5,30,False,0.005837539676576853,482.0832460889555,2320.0910562405916,445.83106719329953,97.94949339977757,608.6387752309674,-94.17787670846086,nan,nan,6,0.0,0.0,0.0,0.8333333333333334,0.16666666666666666,0.0,0.0,0.5,2.3333333333333335,2.5,0.0,0.16666666666666666,472.6666666666667,-94.17787670846086
842,1724416,-0.004306071300137168,12.354298973083496,4.25633430480957,0.0030907496465421977,0.028899693155350785,0.45547321885824205,-0.39666229486465454,3.110787868499756,0.9563802083333334,0.00020688153599999999,0.0068960511999999995,-0.0005234276759438217,0.9994770288467407,5,30,False,0.0070824408903717995,482.14230298980505,2323.2503979657195,446.2540698853263,98.06031971577613,608.6387752309674,-107.67467524728333,nan,nan,5,0.0,0.0,0.0,1.0,0.0,0.0,0.2,0.0,2.4,2.6,0.2,0.0,406.8,-107.67467524728333
843,1726464,-0.002008291505626403,7.3053453922271725,4.254501438140869,0.00397863289620061,0.03569995845124747,0.4362092932065328,-0.5037021636962891,2.770508050918579,0.9684244791666666,0.00020677094399999997,0.0068923648,-0.0009235992329195142,0.9990770816802979,5,30,False,0.008426680229604244,482.20139392447754,2326.3086430367402,446.7648491923319,98.18202792177908,608.6387752309674,-91.53135799974174,nan,nan,5,0.0,0.0,0.2,0.8,0.0,0.0,0.2,0.4,2.4,2.2,0.2,0.0,384.4,-91.53135799974174
844,1728512,-0.0032259174331557006,12.59303560256958,4.254459110895793,0.0036533654711706294,0.03602841179817915,0.41319955984751383,-0.5157221555709839,3.4580259323120117,0.9108072916666666,0.00020666035199999998,0.0068886784,-0.0006599314510822296,0.9993407130241394,5,30,False,0.006423511076718569,482.2844647808621,2329.288835401647,447.1988565463689,98.2878851917776,608.6387752309674,-100.76052333722564,nan,nan,5,0.0,0.0,0.0,0.8,0.2,0.0,0.2,0.2,2.6,2.6,0.0,0.2,438.6,-100.76052333722564
845,1730560,-0.0008193970037003359,14.237473964691162,4.254390541712443,0.003028784461421215,0.024229861423373224,0.5042857567469279,0.5396183729171753,4.099849224090576,0.8938802083333334,0.00020654976,0.0068849919999999995,-0.0010791185777634382,0.9989217519760132,5,30,False,0.005558209028095007,482.3425943008458,2332.462316553603,447.6311348843301,98.39023323377478,608.6387752309674,-58.231518012747074,nan,nan,2,0.0,0.0,0.0,0.5,0.5,0.0,0.0,1.5,2.5,1.0,0.5,0.5,592.0,-58.231518012747074
846,1732608,-0.0020441050650939967,14.346047592163085,4.25414547920227,0.005118289103151715,0.06099807276235272,0.5069749553998312,-1.1518207788467407,3.446629762649536,0.9192708333333334,0.000206439168,0.0068813056,-0.000837154861073941,0.999163806438446,5,30,False,0.010001039132475853,482.38950981913484,2335.5925677285704,448.13277889435994,98.53688519577554,608.6387752309674,-101.56152015728473,nan,nan,6,0.0,0.0,0.0,0.8333333333333334,0.16666666666666666,0.0,0.16666666666666666,0.16666666666666666,2.8333333333333335,2.5,0.16666666666666666,0.16666666666666666,510.3333333333333,-101.56152015728473
847,1734656,-0.0020310098722499483,12.952753734588622,4.254238891601562,0.0041544929686786174,0.04495465453558912,0.4882319753368696,-0.3563038110733032,3.8453640937805176,0.861328125,0.000206328576,0.0068776192,-0.0009665000252425671,0.9990342855453491,5,30,False,0.007324725855141878,482.46872790054476,2338.535796789467,448.60205508739455,98.66817809677741,608.6387752309674,-110.78004271322948,nan,nan,4,0.0,0.0,0.0,1.0,0.0,0.0,0.0,0.0,2.5,3.0,0.0,0.0,345.25,-110.78004271322948
848,1736704,-0.0028916943352669477,3.924941802024841,4.252687708536784,0.0034748986651138127,0.037150221845755976,0.44633415192365644,0.041500065475702286,1.729327917098999,0.9191080729166666,0.000206217984,0.0068739327999999995,-0.0018902671290561557,0.998112142086029,5,30,False,0.007043913938105106,482.5505639855069,2341.3652241433883,449.15844259926234,98.80653096176684,608.6387752309674,-104.32344059407183,nan,nan,4,0.0,0.0,0.0,1.0,0.0,0.0,0.5,0.0,2.75,2.25,0.25,0.0,372.0,-104.32344059407183
849,1738752,-0.003673517504163707,6.833477640151978,4.252099641164144,0.004478151273234173,0.04580929273118575,0.4408929392695427,0.0541752390563488,2.610729932785034,0.9798177083333334,0.00020610739199999998,0.0068702464,-0.0010180504759773612,0.9989835023880005,5,30,False,0.009892573580145836,482.5926988183322,2344.6114107164176,449.60611776624864,98.91959930075973,608.6387752309674,-108.96827024212271,nan,nan,8,0.0,0.0,0.0,1.0,0.0,0.0,0.125,0.0,2.625,2.75,0.125,0.0,419.875,-108.96827024212271
850,1740800,-0.0001521477165321509,4.623417520523072,4.254402033487955,0.0033261945295389654,0.02901580574301382,0.4582387040058772,-0.1710757166147232,2.237210512161255,0.9793294270833334,0.00020599679999999999,0.006866559999999999,-0.0006800437113270164,0.9993206858634949,5,30,False,0.006734740454703569,482.6632533538174,2347.5662016483984,450.10515575938916,99.07435380475363,608.6387752309674,-110.79175463449225,nan,nan,2,0.0,0.0,0.0,1.0,0.0,0.0,0.0,0.0,3.0,3.0,0.0,0.0,350.0,-110.79175463449225
851,1742848,-0.0032158298650756477,13.80288324356079,4.254828723271688,0.004508078829894657,0.0511853497941047,0.43382325271765393,-0.2210911214351654,3.2500081062316895,0.88818359375,0.000205886208,0.0068628736,-0.0007563082035630941,0.9992440938949585,5,30,False,0.008049314841628075,482.7640491361989,2350.3647653924418,450.5592237501842,99.2053775927634,608.6387752309674,-102.7171887301785,nan,nan,6,0.0,0.0,0.0,0.8333333333333334,0.16666666666666666,0.0,0.16666666666666666,0.16666666666666666,2.6666666666666665,2.6666666666666665,0.0,0.16666666666666666,524.0,-102.7171887301785
852,1744896,-0.0021507181227207184,4.528599858283997,4.254640436172485,0.004303903872641968,0.038067939776616794,0.4188987508416176,-0.10283249616622925,1.9866255521774292,0.9640299479166666,0.00020577561599999998,0.0068591872,-0.0008784076198935509,0.9991222620010376,5,30,False,0.008906560018658638,482.8347646168987,2353.434973491414,450.9714488641621,99.32458724475873,608.6387752309674,-109.65205315911135,nan,nan,4,0.0,0.0,0.0,1.0,0.0,0.0,0.0,0.0,2.75,2.75,0.25,0.0,414.75,-109.65205315911135
853,1746944,-0.0013288112900530298,17.499869060516357,4.2536129315694176,0.0036439803531046126,0.037108158696598066,0.44475031544764837,0.4004502594470978,4.3751325607299805,0.90625,0.000205665024,0.0068555008,-0.0010841300245374441,0.9989168047904968,5,30,False,0.007187581155449152,482.94696071514994,2356.149488146344,451.41683597317024,99.45438664275571,608.6387752309674,-47.32626606622716,nan,nan,3,0.0,0.0,0.0,0.0,1.0,0.0,0.0,1.6666666666666667,1.6666666666666667,0.6666666666666666,0.6666666666666666,1.0,600.0,-47.32626606622716
854,1748992,-0.001997552360505021,6.668757200241089,4.254689153035482,0.004125080746573613,0.0430059671207952,0.42854631145795186,-0.07000203430652618,2.5283091068267822,0.9098307291666666,0.000205554432,0.0068518144,-0.0004802828188985586,0.999519944190979,5,30,False,0.007956139743328094,483.1134141980659,2358.49030878309,451.83381432809983,99.58371237675601,608.6387752309674,-76.0143520359934,nan,nan,4,0.0,0.0,0.0,0.5,0.5,0.0,0.0,1.0,2.5,2.0,0.0,0.5,532.75,-76.0143520359934
855,1751040,-0.003136469188029878,6.736430025100708,4.255149586995443,0.004043372691611517,0.04031569726842766,0.3944133053223292,-0.03395470231771469,2.6505229473114014,0.9264322916666666,0.00020544383999999998,0.006848128,-0.0006959705497138202,0.9993047714233398,5,30,False,0.006878600921481848,483.2264993459382,2361.1472121561965,452.32737346811336,99.71316217475396,608.6387752309674,-82.29754277808308,nan,nan,3,0.0,0.0,0.0,0.6666666666666666,0.3333333333333333,0.0,0.3333333333333333,0.6666666666666666,2.0,1.6666666666666667,0.3333333333333333,0.3333333333333333,522.3333333333334,-82.29754277808308
856,1753088,-0.0023821982778220747,11.79138126373291,4.255209016799927,0.0032583155716326456,0.0309103120622846,0.39008555114269255,-0.43575504422187805,3.3226749897003174,0.9484049479166666,0.000205333248,0.0068444416,-0.0001412497367709875,0.9998587965965271,5,30,False,0.005869144573807716,483.2951421193747,2364.0803448460792,452.8579659990646,99.85290831174643,608.6387752309674,-71.54129809060107,nan,nan,6,0.0,0.0,0.0,0.5,0.5,0.0,0.0,1.1666666666666667,1.6666666666666667,1.8333333333333333,0.0,0.5,533.5,-71.54129809060107
857,1755136,-0.002881322775889809,5.584370517730713,4.2548168182373045,0.003656149520247709,0.04066032133996487,0.465375953912735,0.17041395604610443,2.4138286113739014,0.9383138020833334,0.000205222656,0.0068407552,-0.001652974053286016,0.9983510971069336,5,30,False,0.0064442032016813755,483.4201033424734,2366.758692142059,453.2561036111001,99.9755949707469,608.6387752309674,-109.6860179339401,nan,nan,4,0.0,0.0,0.0,1.0,0.0,0.0,0.0,0.0,2.25,2.75,0.25,0.0,440.0,-109.6860179339401
858,1757184,-0.0034295011893846093,9.047994613647461,4.251015011469523,0.004036760517566999,0.04530148884902398,0.4475468630592028,0.24843642115592957,3.119407892227173,0.9817708333333334,0.00020511206399999999,0.0068370688,-0.0018192245624959469,0.9981855154037476,5,30,False,0.007768478710204363,483.5069808876908,2369.6832104919304,453.678677137199,100.1058097427449,608.6387752309674,-85.58889280068682,nan,nan,4,0.0,0.0,0.0,0.75,0.25,0.0,0.0,0.75,3.0,2.25,0.0,0.25,503.25,-85.58889280068682
859,1759232,-0.0026026657219820966,26.458736419677734,4.25004620552063,0.0035519822151517683,0.03576161629365136,0.42897131765882174,0.6627136468887329,5.265274524688721,0.9544270833333334,0.000205001472,0.0068333824,-0.002906735520809889,0.9971019625663757,5,30,False,0.007630790583789349,483.67255598633335,2371.918083929093,454.1932686901855,100.24366129473492,608.6387752309674,-54.20912732276732,nan,nan,3,0.0,0.0,0.0,0.3333333333333333,0.6666666666666666,0.0,0.0,1.6666666666666667,2.3333333333333335,1.3333333333333333,0.0,0.6666666666666666,517.6666666666666,-54.20912732276732
860,1761280,-0.0018655014845232168,10.058926963806153,4.249402173360189,0.0030371648826662324,0.028756370372138917,0.40507433911164603,-0.004980626981705427,3.320326566696167,0.9423828125,0.00020489088,0.006829696,-0.0018991543911397457,0.9981062412261963,5,30,False,0.006457268726080656,483.7991050245792,2374.613642653101,454.56967690607416,100.35208336972573,608.6387752309674,-59.82554682093123,nan,nan,5,0.0,0.0,0.0,0.4,0.6,0.0,0.2,1.4,1.2,1.2,0.2,0.6,531.4,-59.82554682093123
861,1763328,-0.001681155866632859,5.150268006324768,4.252267694473266,0.0029599619726894547,0.02493723084529241,0.4200355440378189,-0.20950952172279358,2.3648829460144043,0.9677734375,0.000204780288,0.0068260096,-0.0012025072937831283,0.9987986087799072,5,30,False,0.00415860116481781,483.802683477622,2378.1357537580625,455.01862640408217,100.46603828272782,608.6387752309674,-85.78468378610523,nan,nan,4,0.0,0.0,0.0,0.75,0.25,0.0,0.0,0.75,3.0,2.25,0.0,0.25,439.75,-85.78468378610523
862,1765376,-0.002719120072045674,9.921891689300537,4.255090188980103,0.0045152646076256535,0.052072870250170426,0.44240004221598306,-0.5288383960723877,3.2412970066070557,0.8795572916666666,0.000204669696,0.0068223232,-8.610838995082304e-05,0.9999138712882996,5,30,False,0.010533632710576057,483.876095124542,2381.1908252562134,455.41833051710273,100.57692890672479,608.6387752309674,-84.44166410129638,nan,nan,4,0.0,0.0,0.0,0.75,0.25,0.0,0.0,0.75,2.75,2.0,0.25,0.25,455.75,-84.44166410129638
863,1767424,-0.0034564802539534868,12.412390518188477,4.254861863454183,0.004689004839867917,0.05369593671833475,0.47807938953240714,0.5043419599533081,2.8945536613464355,0.8439127604166666,0.000204559104,0.0068186368,-0.0015137775335460901,0.9984887838363647,5,30,False,0.008688301779329777,483.9525500332543,2384.178676587195,455.8481195672357,100.6968615577207,608.6387752309674,-60.524504450737766,nan,nan,4,0.0,0.0,0.0,0.5,0.5,0.0,0.75,1.25,2.5,1.0,0.0,0.5,557.5,-60.524504450737766
864,1769472,-0.003600877523422241,8.15036129951477,4.250813976923625,0.004696799661092266,0.055672145495191214,0.4815960297981898,-0.054468486458063126,2.578684091567993,0.8623046875,0.000204448512,0.0068149504,-0.002270999364554882,0.9977323412895203,5,30,False,0.00745666166767478,484.08746392993874,2386.780162387353,456.24045793840196,100.80392029271752,608.6387752309674,-79.57225034602315,nan,nan,5,0.0,0.0,0.0,0.6,0.4,0.0,0.2,0.8,2.4,1.8,0.2,0.4,526.0,-79.57225034602315
865,1771520,-0.0022020499008552482,9.323802661895751,4.249023358027141,0.004285022979408397,0.04564174849850436,0.4024678299824397,-0.3491416573524475,2.918999433517456,0.92822265625,0.00020433791999999997,0.006811263999999999,-0.0031965177040547132,0.9968112707138062,5,30,False,0.010403348132967949,484.1325175093114,2390.02916788937,456.64025720332575,100.92596994771156,608.6387752309674,-91.0149367952632,nan,nan,5,0.0,0.0,0.0,0.8,0.2,0.0,0.0,0.6,2.2,2.4,0.0,0.2,418.8,-91.0149367952632
866,1773568,-0.0017966558716580039,9.153954458236694,4.2461661497751875,0.0031148123187983026,0.0311313146725297,0.38679082691669464,-0.08375797420740128,3.144862413406372,0.9104817708333334,0.00020422732799999999,0.0068075776,-0.0038307253271341324,0.9961833953857422,5,30,False,0.005985965486615896,484.2763584327719,2392.572176306392,457.02452176535735,101.0345142447186,608.6387752309674,-107.41077858117266,nan,nan,3,0.0,0.0,0.0,1.0,0.0,0.0,0.3333333333333333,0.0,3.0,2.6666666666666665,0.0,0.0,459.3333333333333,-107.41077858117266
867,1775616,-0.0032060280801185096,30.50684337615967,4.245234950383504,0.00456246227846604,0.048055694159120324,0.4340126325686773,0.2791871130466461,5.863047122955322,0.9078776041666666,0.000204116736,0.0068038911999999995,-0.003753761760890484,0.9962635040283203,5,30,False,0.008775741793215275,484.4010398125966,2395.2186839295173,457.4389714152785,101.14490588672925,608.6387752309674,-77.59990601735201,nan,nan,3,0.0,0.0,0.0,0.6666666666666666,0.3333333333333333,0.0,0.0,1.0,1.6666666666666667,2.0,0.0,0.3333333333333333,530.3333333333334,-77.59990601735201
868,1777664,-0.0029269453526164094,6.836630392074585,4.245563077926636,0.0036235120620053667,0.03959647740703076,0.4333195865154266,0.1759628802537918,2.0817296504974365,0.9306640625,0.00020400614399999998,0.0068002048,-0.004085927736014128,0.9959338903427124,5,30,False,0.00591888464987278,484.46830104138655,2398.272061335505,457.87398911925266,101.25878450172604,608.6387752309674,-57.985696949885934,nan,nan,4,0.0,0.0,0.0,0.5,0.5,0.0,0.0,1.5,2.0,1.0,0.5,0.5,542.25,-57.985696949885934
869,1779712,-0.004511557670775801,5.946596622467041,4.243184105555216,0.005714997107914972,0.07173479741128783,0.42352336247762046,0.08812620490789413,2.46044921875,0.9181315104166666,0.000203895552,0.0067965184,-0.004793671425431967,0.9952297210693359,5,30,False,0.012457074597477913,484.5212731362329,2401.477203051574,458.2680016421946,101.37370779173216,608.6387752309674,-74.37271728876237,nan,nan,4,0.0,0.0,0.0,0.5,0.5,0.0,0.0,1.0,2.75,1.75,0.25,0.5,466.0,-74.37271728876237
870,1781760,-0.002807826556575795,9.215867185592652,4.242129373550415,0.00440804825153401,0.051544983762626846,0.45502086679140724,0.3033020496368408,2.845421075820923,0.91455078125,0.00020378496,0.006792832,-0.004926461726427078,0.9951003789901733,5,30,False,0.00910840556025505,484.596407412189,2404.4907481595437,458.6964071961702,101.47318983572768,608.6387752309674,-82.90256902628578,nan,nan,5,0.0,0.0,0.0,0.6,0.4,0.0,0.0,0.8,2.6,2.2,0.0,0.4,541.4,-82.90256902628578
871,1783808,-0.0021196898276684807,9.267644786834717,4.242369588216146,0.0032717190297780236,0.02749122369568795,0.36196895241737365,0.4544496536254883,2.994065999984741,0.9607747395833334,0.00020367436799999998,0.006789145599999999,-0.004884101916104555,0.9951419830322266,5,30,False,0.004851613659411669,484.64874212908273,2407.5981819716108,459.12580759509,101.64592263972736,608.6387752309674,-83.09133755894254,nan,nan,5,0.0,0.0,0.0,0.6,0.4,0.0,0.0,0.8,2.2,2.2,0.0,0.4,446.8,-83.09133755894254
872,1785856,-0.0033666973972382645,16.235655498504638,4.242545143763224,0.0046197265936737545,0.047926827776245774,0.42341396113236746,-0.6269817352294922,3.412654161453247,0.95068359375,0.000203563776,0.0067854592,-0.00430734409019351,0.9957126379013062,5,30,False,0.007399968337267637,484.66571173086305,2411.031300313669,459.5562169889017,101.75164281972684,608.6387752309674,-83.40901584373063,nan,nan,4,0.0,0.0,0.0,0.75,0.25,0.0,0.0,0.75,2.5,1.75,0.5,0.25,501.25,-83.40901584373063
873,1787904,-0.0034170347566638763,8.97233157157898,4.244846121470133,0.004371676186237879,0.04656291889647643,0.39464223583539326,-0.09643532335758209,2.979823589324951,0.9767252604166666,0.000203453184,0.0067817728,-0.003880853299051523,0.9961360692977905,5,30,False,0.009395314380526543,484.7031029579703,2414.1463143226865,460.1303762229945,101.88723775572726,608.6387752309674,-85.85427740240152,nan,nan,4,0.0,0.0,0.0,0.75,0.25,0.0,0.0,0.75,2.5,2.25,0.0,0.25,472.5,-85.85427740240152
874,1789952,-0.004790112112338344,5.135358190536499,4.247197357813517,0.005047556324404923,0.06073128529824316,0.4190967157483101,-0.23395942151546478,2.290755271911621,0.9788411458333334,0.00020334259199999998,0.0067780864,-0.0022477933671325445,0.997758150100708,5,30,False,0.008569818921387196,484.727392024385,2417.521048268798,460.5725792538724,101.98462586672395,608.6387752309674,-110.78469237045621,nan,nan,7,0.0,0.0,0.0,1.0,0.0,0.0,0.0,0.0,3.0,3.0,0.0,0.0,383.42857142857144,-110.78469237045621
875,1792000,-0.0018318919161780893,8.456885051727294,4.251382525761922,0.003052413915613824,0.02907312357565388,0.3923318266868591,0.003920408897101879,2.9061975479125977,0.9822591145833334,0.000203232,0.0067744,-0.001690008444711566,0.998313307762146,5,30,False,0.00610842602327466,484.81499668060707,2420.479074154733,460.9565949958487,102.09312719271111,608.6387752309674,-77.39245612546893,nan,nan,3,0.0,0.0,0.0,0.6666666666666666,0.3333333333333333,0.0,0.0,1.0,1.6666666666666667,2.0,0.0,0.3333333333333333,469.0,-77.39245612546893
876,1794048,-0.0025595933916823317,21.61678104400635,4.252610651652018,0.004037252746250175,0.046744093807258955,0.398374842107296,-0.8602941036224365,4.958559036254883,0.8849283854166666,0.000203121408,0.0067707136,-0.0009307823493145406,0.9990701675415039,5,30,False,0.008517824113368988,484.8999182848131,2423.399478579493,461.3893556760013,102.19358952270704,608.6387752309674,-111.10902482429319,nan,nan,5,0.0,0.0,0.0,1.0,0.0,0.0,0.0,0.0,2.2,3.0,0.0,0.0,408.6,-111.10902482429319
877,1796096,-0.004264340865969037,17.621776390075684,4.253832276662191,0.004332000989915382,0.04889251254498959,0.4079305619001389,-0.27146008610725403,3.7410995960235596,0.8912760416666666,0.000203010816,0.006767027199999999,-0.0013089192798361182,0.9986926913261414,5,30,False,0.006798656657338142,485.0086665350724,2426.186861385475,461.76870833199064,102.31057622771186,608.6387752309674,-108.17514874244189,nan,nan,5,0.0,0.0,0.0,1.0,0.0,0.0,0.0,0.0,1.6,2.4,0.6,0.0,419.6,-108.17514874244189
878,1798144,-0.004223965034664919,5.550867748260498,4.253421449661255,0.005272524921599598,0.062091710573683186,0.4730596989393234,0.2275215983390808,2.4615631103515625,0.9677734375,0.00020290022399999997,0.0067633408,-0.0010174870258197188,0.9989840388298035,5,30,False,0.009236390702426434,485.07951676398847,2429.217962234572,462.1915299391403,102.42014165771252,608.6387752309674,-60.83043421049206,nan,nan,2,0.0,0.0,0.0,0.5,0.5,0.0,0.0,1.5,2.0,1.5,0.0,0.5,480.5,-60.83043421049206
879,1800192,-0.002768179514290144,21.083566093444823,4.254085620244344,0.003220432520867378,0.030656103789806367,0.37337774882713953,1.0632508993148804,4.820517063140869,0.9041341145833334,0.000202789632,0.0067596544000000005,-0.0009399104164913297,0.999060869216919,5,30,False,0.0066181509755551815,485.178138485727,2432.048308124533,462.59463550624787,102.53506079970975,608.6387752309674,-23.1904320314703,nan,nan,60,0.0,0.0,0.0,0.0,1.0,0.0,0.08333333333333333,1.0,2.566666666666667,1.85,nan,0.4,477.01666666666665,nan
880,1802240,-0.0017533734382595867,4.884623622894287,4.254969342549642,0.002630083801000656,0.02506668111309409,0.45212447494268415,1.1608589887619019,2.1339850425720215,0.9363606770833334,0.00020267904,0.006755967999999999,-0.0003829709021374583,0.9996172785758972,5,30,False,0.0059354715049266815,478.5642928843156,2434.9021230986255,463.10734095925,102.6680774467095,660.5463683579728,-99.6442721069916,nan,nan,4,0.0,0.0,0.0,0.75,0.25,0.0,0.0,0.25,2.75,2.5,0.25,0.25,474.25,-99.6442721069916
881,1804288,-0.0025270602277790506,7.297636985778809,4.255735127131144,0.0057388130607406735,0.06805243033062046,0.41343830625216166,-0.05235455557703972,2.578186273574829,0.982421875,0.00020256844799999997,0.0067522816,-0.0002953628427349031,0.9997047781944275,5,30,False,0.016534388065338135,478.62323299502106,2437.977710046529,463.58883416015306,102.78394168370869,660.5463683579728,-77.39637101600117,nan,nan,3,0.0,0.0,0.0,0.6666666666666666,0.3333333333333333,0.0,0.0,1.0,1.0,2.0,0.0,0.3333333333333333,547.0,-77.39637101600117
882,1806336,-0.0029414829681627453,11.463185596466065,4.254716491699218,0.003625328119354876,0.03535549298394471,0.4327572216590246,-0.744486391544342,3.4435954093933105,0.93359375,0.00020245785599999998,0.0067485952,-0.0012506959028542042,0.9987510442733765,5,30,False,0.007363574113696814,478.7161952992018,2440.843267176606,464.03347798810864,102.87966228069854,660.5463683579728,-96.78678139446389,nan,nan,7,0.0,0.0,0.0,0.8571428571428571,0.14285714285714285,0.0,0.0,0.42857142857142855,2.7142857142857144,2.5714285714285716,0.0,0.14285714285714285,480.85714285714283,-96.78678139446389
883,1808384,-0.002839407813735306,3.053846836090088,4.252662277221679,0.0038132230515092653,0.03701746195632343,0.3875995665788651,-0.3443574905395508,1.7446224689483643,0.94921875,0.000202347264,0.006744908799999999,-0.001591198961250484,0.9984126091003418,5,30,False,0.0059258537366986275,478.8113870639873,2443.6339797017135,464.5247221961181,102.99488749969169,660.5463683579728,-111.08026059828626,nan,nan,2,0.0,0.0,0.0,1.0,0.0,0.0,0.0,0.0,2.0,3.0,0.0,0.0,424.0,-111.08026059828626
884,1810432,-0.0016032060113502667,15.152642440795898,4.251457071304321,0.004254106224065405,0.04591009047580883,0.5061253999670347,-0.46076786518096924,4.176201343536377,0.8727213541666666,0.000202236672,0.0067412224,-0.001986900344491005,0.9980186820030212,5,30,False,0.008207222446799278,478.8805218236542,2446.632815521836,465.01358982802776,103.09939569869312,660.5463683579728,-81.4566747288111,nan,nan,6,0.0,0.0,0.0,0.6666666666666666,0.3333333333333333,0.0,0.0,0.8333333333333334,2.8333333333333335,2.0,0.16666666666666666,0.3333333333333333,506.8333333333333,-81.4566747288111
885,1812480,-0.004067304217702864,5.541423702239991,4.251197751363119,0.0039895625507139565,0.045033606184491266,0.4131784404317538,-0.6387391686439514,2.2902467250823975,0.8092447916666666,0.00020212608000000001,0.0067375360000000006,-0.0016707349568605423,0.9983333945274353,5,30,False,0.007320213597267866,478.98522377581867,2449.380006218751,465.4794603469054,103.20642440769006,660.5463683579728,-110.64170171561273,nan,nan,1,0.0,0.0,0.0,1.0,0.0,0.0,0.0,0.0,3.0,3.0,0.0,0.0,344.0,-110.64170171561273
886,1814528,-0.0028107253601774573,24.89289436340332,4.252993822097778,0.00522787855436602,0.062292647020270424,0.4631255591909091,0.44563591480255127,4.356698513031006,0.86962890625,0.000202015488,0.006733849599999999,-0.0008214775007218122,0.9991792440414429,5,30,False,0.011068313382565975,479.04013480689787,2452.402357543746,466.0274512108881,103.31491865069256,660.5463683579728,-73.35412808452293,nan,nan,8,0.0,0.0,0.0,0.5,0.5,0.0,0.0,1.0,2.25,1.5,0.5,0.5,513.625,-73.35412808452293
887,1816576,-0.0032390018546720966,0.6289484888315201,4.255382363001505,0.003984370080530031,0.042080663435626775,0.3515139237046242,-0.16590997576713562,0.8411201238632202,0.99560546875,0.00020190489599999998,0.0067301632,-0.00012460249126888812,0.9998754262924194,5,30,False,0.006590536795556545,479.1094792111181,2455.335164493881,466.5529023427516,103.43621514970437,660.5463683579728,-110.77984680148074,nan,nan,1,0.0,0.0,0.0,1.0,0.0,0.0,0.0,0.0,3.0,3.0,0.0,0.0,372.0,-110.77984680148074
888,1818624,-0.00397202823854362,12.571875476837159,4.256049108505249,0.004872377268331244,0.057741731416899714,0.385749958952268,-0.8626357316970825,3.6187493801116943,0.94189453125,0.000201794304,0.0067264768,-0.0005158469430170953,0.9994844794273376,5,30,False,0.010574912652373314,479.2002419126478,2458.1901155729283,467.00241557067784,103.54527172469534,660.5463683579728,-79.85676734316353,nan,nan,6,0.0,0.0,0.16666666666666666,0.6666666666666666,0.16666666666666666,0.0,0.0,0.8333333333333334,2.1666666666666665,2.0,0.16666666666666666,0.16666666666666666,471.1666666666667,-79.85676734316353
889,1820672,-0.0009489155553940994,20.808681583404542,4.254858064651489,0.004028973222438766,0.04296298392582685,0.2999211942156156,0.15623627603054047,4.692444324493408,0.8997395833333334,0.000201683712,0.0067227903999999995,-0.0009366199374198914,0.9990641474723816,5,30,False,0.009237787686288357,479.28260722621445,2461.1108201339375,467.45937959486037,103.65688145068998,660.5463683579728,-40.32252116229271,nan,nan,3,0.0,0.0,0.0,0.3333333333333333,0.6666666666666666,0.0,0.0,2.0,1.0,0.3333333333333333,0.6666666666666666,0.6666666666666666,530.6666666666666,-40.32252116229271
890,1822720,-0.0025030161668837536,10.392079925537109,4.254128456115723,0.004526319947982634,0.05293008787557483,0.4255956078569094,0.03535236045718193,2.9566433429718018,0.9044596354166666,0.00020157311999999998,0.006719104,-0.0009347033919766545,0.9990665316581726,5,30,False,0.009133047424256802,479.4236361705207,2463.557920313964,467.9194112577534,103.7712864526984,660.5463683579728,-100.99264809782335,nan,nan,4,0.0,0.0,0.0,0.75,0.25,0.0,0.0,0.25,2.5,2.75,0.0,0.25,553.75,-100.99264809782335
891,1824768,-0.002376845890345673,18.87085418701172,4.253008031845093,0.004260558069722957,0.04390590768307447,0.43097844570875166,1.6533939838409424,4.148362636566162,0.8951822916666666,0.000201462528,0.0067154176,-0.001879280200228095,0.9981236457824707,5,30,False,0.006149457301944494,479.52515287584436,2466.33469929696,468.3671902017086,103.87572668569919,660.5463683579728,-66.88275362435672,nan,nan,4,0.0,0.0,0.0,0.5,0.5,0.0,0.0,1.25,2.25,1.5,0.25,0.5,551.0,-66.88275362435672
892,1826816,-0.0023019186841944854,15.870729064941406,4.251260646184286,0.0034051966713407157,0.027590084083688755,0.40588300228118895,-0.9468145370483398,3.7288219928741455,0.9051106770833334,0.000201351936,0.0067117311999999995,-0.0013801561435684562,0.9986213445663452,5,30,False,0.006749465595930815,479.6135182597809,2469.2309185970516,468.7968277067703,103.98788742169563,660.5463683579728,-99.7006556922588,nan,nan,4,0.0,0.0,0.0,0.75,0.25,0.0,0.0,0.25,1.75,2.5,0.25,0.25,464.25,-99.7006556922588
893,1828864,-0.0026329835838017363,4.299863934516907,4.253075281778972,0.004395910207769345,0.04949057584162801,0.4600227306286494,-0.26007887721061707,2.007967233657837,0.9324544270833334,0.000201241344,0.0067080448,-0.0013700162526220083,0.998631477355957,5,30,False,0.008008400909602642,479.689987274567,2472.209323909148,469.2419443930121,104.08613602670084,660.5463683579728,-87.03502240726607,nan,nan,5,0.0,0.0,0.0,0.6,0.4,0.0,0.2,0.6,2.6,2.2,0.0,0.4,492.0,-87.03502240726607
894,1830912,-0.0017274856295747061,6.991307163238526,4.251653114954631,0.002648277544285042,0.017940567426073053,0.42245248705148697,-0.6814455986022949,2.6447858810424805,0.8834635416666666,0.00020113075199999997,0.0067043584,-0.002082191640511155,0.9979214072227478,5,30,False,0.0037581089418381453,479.7859175124649,2475.00311453623,469.7061646809598,104.20107826869935,660.5463683579728,-110.8528867130788,nan,nan,5,0.0,0.0,0.0,1.0,0.0,0.0,0.0,0.0,2.6,3.0,0.0,0.0,461.6,-110.8528867130788
895,1832960,-0.003728650425910018,21.230450248718263,4.2500284512837725,0.004137483395142401,0.04581795484603693,0.4112430731455485,-0.6245582103729248,4.2216105461120605,0.8595377604166666,0.00020102016,0.0067006719999999995,-0.0023917113430798054,0.9976126551628113,5,30,False,0.008711610920727253,479.8607473622018,2477.979806198462,470.1630763869762,104.31008036668936,660.5463683579728,-80.74062904888643,nan,nan,4,0.0,0.0,0.0,0.5,0.5,0.0,0.0,0.75,2.5,1.75,0.5,0.5,537.0,-80.74062904888643
896,1835008,-0.0026927711500320584,4.359497451782227,4.250109402338664,0.004825161190817853,0.05707782224441568,0.4703317830959956,0.2207842767238617,2.2080538272857666,0.91943359375,0.000200909568,0.0066969856,-0.002044051419943571,0.9979591369628906,5,30,False,0.00963337067514658,479.9600305208952,2480.8478231635527,470.5454048021784,104.42020221469284,660.5463683579728,-78.06566098323371,nan,nan,3,0.0,0.0,0.0,0.6666666666666666,0.3333333333333333,0.0,0.0,1.0,3.0,2.0,0.0,0.3333333333333333,524.3333333333334,-78.06566098323371
897,1837056,-0.002668257529148832,5.079297590255737,4.251945368448893,0.0037487227810566884,0.035449069707343975,0.40403107305367786,-0.15963874757289886,2.3181231021881104,0.9287109375,0.000200798976,0.0066932992,-0.0010535902110859752,0.9989476203918457,5,30,False,0.006888725329190493,480.0525352090881,2483.7728032425657,470.9359000103432,104.52296163269784,660.5463683579728,-35.149114056519466,nan,nan,1,0.0,0.0,0.0,0.0,1.0,0.0,0.0,2.0,2.0,0.0,1.0,1.0,600.0,-35.149114056519466
898,1839104,-0.004038336535207539,10.072224998474121,4.253423833847046,0.003935825980299584,0.04277508808299899,0.4027587831020355,0.6239421367645264,2.7669055461883545,0.9132486979166666,0.000200688384,0.0066896128,-0.001563624246045947,0.9984395503997803,5,30,False,0.006939260754734278,480.12941502829955,2486.71871525966,471.395761791282,104.63240887969732,660.5463683579728,-73.8268713155001,nan,nan,5,0.0,0.0,0.0,0.4,0.6,0.0,0.0,1.0,2.0,1.8,0.2,0.6,583.0,-73.8268713155001
899,1841152,-0.003025466572338094,8.076992082595826,4.250870164235433,0.004980256371240355,0.05816453689088424,0.47012827893098197,-0.16320303082466125,2.8746142387390137,0.9742838541666666,0.000200577792,0.0066859264,-0.002569241216406226,0.9974369406700134,5,30,False,0.008542804978787899,480.2141131070499,2489.6087622857594,471.8427014103945,104.7461656286905,660.5463683579728,-77.19537186688922,nan,nan,5,0.0,0.0,0.0,0.6,0.4,0.0,0.0,1.0,2.6,2.0,0.0,0.4,502.4,-77.19537186688922
900,1843200,-0.0024463117030488015,17.03678140640259,4.250325234731038,0.003501151929731335,0.030001149357606966,0.44866585632165273,-0.1505824476480484,4.212552070617676,0.9436848958333334,0.00020046719999999998,0.006682239999999999,-0.001613885979168117,0.9983900785446167,5,30,False,0.00561433844268322,480.3045523712394,2492.5227876908466,472.2526733625855,104.83953171569738,660.5463683579728,-86.07969961804861,nan,nan,4,0.0,0.0,0.0,0.75,0.25,0.0,0.0,0.75,2.0,2.25,0.0,0.25,481.25,-86.07969961804861
901,1845248,-0.0021256261970847845,9.53815712928772,4.252318747838339,0.002989796246158701,0.025581645251562198,0.3678919995824496,0.873880922794342,3.362776041030884,0.95556640625,0.00020035660800000001,0.0066785536,-0.0014598353300243616,0.998543381690979,5,30,False,0.00500257033854723,480.4163498582034,2495.2469725058763,472.6697121524485,104.9492351696972,660.5463683579728,-43.83923413365195,nan,nan,3,0.0,0.0,0.0,0.3333333333333333,0.6666666666666666,0.0,0.0,2.0,2.3333333333333335,1.0,0.0,0.6666666666666666,534.6666666666666,-43.83923413365195
902,1847296,-0.003036368793497483,3.41076123714447,4.252522611618042,0.004838567654933001,0.05663052083303531,0.4496133411924044,-0.37602511048316956,1.9628945589065552,0.951171875,0.000200246016,0.0066748672,-0.001520291669294238,0.9984825849533081,5,30,False,0.0079185264185071,480.54092438679527,2497.828765364902,473.1144799054746,105.05901110169361,660.5463683579728,-66.83715518659119,nan,nan,4,0.0,0.0,0.0,0.5,0.5,0.0,0.0,1.25,2.25,1.5,0.25,0.5,586.25,-66.83715518659119
903,1849344,-0.004937820493554076,6.890629863739013,4.253291622797648,0.0054505883994332835,0.06507775044689576,0.4444081182281176,-0.49762240052223206,2.825550079345703,0.8805338541666666,0.00020013542399999998,0.0066711808,-0.0005800657672807574,0.9994202852249146,5,30,False,0.008058648556470871,480.7313898329097,2500.0153658729396,473.4642633505864,105.15960277468548,660.5463683579728,-65.61845569186318,nan,nan,4,0.0,0.0,0.0,0.5,0.5,0.0,0.25,1.25,2.0,1.5,0.0,0.5,541.0,-65.61845569186318
904,1851392,-0.002636399168598776,15.748395633697509,4.255184841156006,0.003088009332983743,0.027329094839903215,0.42776385297377906,-0.2650308907032013,3.459489107131958,0.8465169270833334,0.000200024832,0.0066674944,-0.0006576072191819549,0.9993430972099304,5,30,False,0.0050817071460187435,480.8563375896728,2502.639475126023,473.86740908354113,105.27234307068284,660.5463683579728,-86.20986692293954,nan,nan,5,0.0,0.0,0.0,0.6,0.4,0.0,0.2,0.6,2.0,2.0,0.2,0.4,525.8,-86.20986692293954
905,1853440,-0.002725075550066928,2.457319903373718,4.253712336222331,0.00271320378450167,0.022930276622840515,0.4200845172007879,0.5161457657814026,1.7375227212905884,0.9290364583333334,0.00019991424,0.006663808,-0.0015751535538583994,0.9984278678894043,5,30,False,0.006066502537578344,480.92582409598083,2505.6581313699717,474.3109554964758,105.38017120568838,660.5463683579728,-88.16917990546972,nan,nan,2,0.0,0.0,0.0,0.5,0.5,0.0,0.0,0.5,2.5,2.0,0.5,0.5,588.5,-88.16917990546972
906,1855488,-0.0023661933038965797,15.818898773193359,4.2513861656188965,0.004226587939289554,0.043788043409585954,0.45150188306967415,-0.20100365579128265,4.056304931640625,0.9267578125,0.00019980364799999998,0.006660121599999999,-0.001952464459463954,0.998053252696991,5,30,False,0.008070960640907288,480.9899520146718,2508.7334013629734,474.73762489556975,105.48492761669331,660.5463683579728,-77.3915905083959,nan,nan,6,0.0,0.0,0.0,0.6666666666666666,0.3333333333333333,0.0,0.0,1.0,2.3333333333333335,2.0,0.0,0.3333333333333333,508.6666666666667,-77.3915905083959
907,1857536,-0.003760965152954062,4.345376133918762,4.249697764714559,0.005119359300677617,0.05835967150827249,0.43377993206183113,-0.41001054644584656,2.2481284141540527,0.8893229166666666,0.000199693056,0.0066564352,-0.002954822964966297,0.9970582723617554,5,30,False,0.012230552732944489,481.0642865973424,2511.7571352559753,475.1372094275139,105.60490257469064,660.5463683579728,-83.95527659901352,nan,nan,3,0.0,0.0,0.0,0.6666666666666666,0.3333333333333333,0.0,0.3333333333333333,0.6666666666666666,3.0,2.0,0.0,0.3333333333333333,488.3333333333333,-83.95527659901352
908,1859584,-0.001996837401141723,13.628114795684814,4.2458759307861325,0.0025287101874486425,0.02142371777445078,0.4020148033897082,-0.9182030558586121,3.0292913913726807,0.8974609375,0.000199582464,0.0066527488,-0.004550530109554529,0.9954791069030762,5,30,False,0.0055775889195501804,481.15522919131,2514.603597577996,475.5793869535846,105.71503333069268,660.5463683579728,-105.9391478018913,nan,nan,4,0.0,0.0,0.0,1.0,0.0,0.0,0.25,0.0,2.5,2.25,0.5,0.0,461.75,-105.9391478018913
909,1861632,-0.0017314102578287324,11.427185153961181,4.242675256729126,0.0034699422887019687,0.03240878538927063,0.4028035382429759,-0.41266241669654846,3.4767215251922607,0.8857421875,0.000199471872,0.0066490624,-0.004756959155201912,0.9952734708786011,5,30,False,0.007167329546064138,481.25785377100607,2517.371661571917,476.00845202956407,105.81476777569333,660.5463683579728,-94.19073692903719,nan,nan,6,0.0,0.0,0.0,0.8333333333333334,0.16666666666666666,0.0,0.0,0.5,2.6666666666666665,2.5,0.0,0.16666666666666666,481.1666666666667,-94.19073692903719
910,1863680,-0.0032800049792664748,5.3024965763092045,4.242944049835205,0.004534577590918813,0.05130188095693787,0.43512980043888094,-0.30127429962158203,2.8326008319854736,0.7381184895833334,0.00019936127999999997,0.006645376,-0.004778262227773666,0.995247483253479,5,30,False,0.007883493788540363,481.45972967789095,2519.4622421838576,476.35742078270414,105.9148156776937,660.5463683579728,-110.94730766099201,nan,nan,2,0.0,0.0,0.0,1.0,0.0,0.0,0.0,0.0,3.0,3.0,0.0,0.0,455.5,-110.94730766099201
911,1865728,-0.004428709895970921,19.48735942840576,4.242436647415161,0.0040277287090773,0.0414330694746847,0.3711764728029569,0.08543437719345093,3.6679928302764893,0.8084309895833334,0.000199250688,0.0066416895999999994,-0.004742791876196861,0.9952791929244995,5,30,False,0.006856394466012716,481.5696491996695,2522.130081290772,476.8235454435926,106.0303578786843,660.5463683579728,-103.83095265605898,nan,nan,5,0.0,0.0,0.0,1.0,0.0,0.0,0.2,0.0,1.6,1.8,1.0,0.0,465.8,-103.83095265605898
912,1867776,-0.0036970001082712164,8.450770950317382,4.243609921137492,0.004841758942085257,0.05623968906002119,0.42776587009429934,-0.029563218355178833,3.0860323905944824,0.8193359375,0.000199140096,0.0066380032,-0.004091218113899231,0.9959233999252319,5,30,False,0.00945191364735365,481.7230409832166,2524.482228948764,477.2675933154678,106.13483451667707,660.5463683579728,-58.15274793485014,nan,nan,2,0.0,0.0,0.0,0.5,0.5,0.0,0.0,1.5,2.5,1.0,0.5,0.5,560.0,-58.15274793485014
913,1869824,-0.0048834617016837,7.573985290527344,4.24342778523763,0.004109928094744225,0.04246381775786479,0.3968055675427119,1.0306495428085327,2.6179041862487793,0.841796875,0.000199029504,0.0066343168,-0.0051078530959784985,0.9949128031730652,5,30,False,0.0065398309379816055,481.83160955286195,2527.1215657894936,477.7575312605186,106.25038946467976,660.5463683579728,-63.817001181587784,nan,nan,6,0.0,0.0,0.0,0.5,0.5,0.0,0.5,1.1666666666666667,2.3333333333333335,1.0,0.3333333333333333,0.5,577.1666666666666,-63.817001181587784
914,1871872,-0.0023098078401138384,5.556718158721924,4.241372903188069,0.0033974717139609424,0.03492398081968228,0.41568606545527775,0.7696374654769897,2.430360794067383,0.9235026041666666,0.000198918912,0.0066306304,-0.00507608987390995,0.9949395060539246,5,30,False,0.00788333173841238,481.92852334476333,2529.9458126676327,478.1744008286041,106.35318567068316,660.5463683579728,-75.61032488976828,nan,nan,3,0.0,0.0,0.0,0.6666666666666666,0.3333333333333333,0.0,0.0,1.0,2.0,1.6666666666666667,0.3333333333333333,0.3333333333333333,503.0,-75.61032488976828
915,1873920,-0.002143184293527156,2.344021475315094,4.241735045115153,0.0037100589210688076,0.03855503241841992,0.489714448650678,-0.250253826379776,1.492568850517273,0.92822265625,0.00019880832,0.006626943999999999,-0.0051551200449466705,0.9948663711547852,5,30,False,0.00694909505546093,482.0259579688056,2532.7413404245744,478.6052586157457,106.45876925568155,660.5463683579728,-45.434214388232974,nan,nan,5,0.0,0.0,0.0,0.2,0.8,0.0,0.2,1.8,2.0,0.8,0.2,0.8,565.0,-45.434214388232974
916,1875968,-0.0026688398676924406,13.490572547912597,4.241400623321534,0.00357169342128237,0.0328247275048246,0.3745194926857948,0.5424597859382629,3.5680058002471924,0.9698893229166666,0.00019869772799999998,0.0066232576,-0.00492137623950839,0.9950990676879883,5,30,False,0.006471689324826002,482.0961408579539,2535.730442833694,479.0505640067131,106.57196598067821,660.5463683579728,-87.89536935540066,nan,nan,3,0.0,0.0,0.0,0.6666666666666666,0.3333333333333333,0.0,0.0,0.6666666666666666,1.6666666666666667,2.3333333333333335,0.0,0.3333333333333333,570.6666666666666,-87.89536935540066
917,1878016,-0.0020979541276271146,3.2407463788986206,4.244338973363241,0.0032762051507556106,0.03527677092157925,0.429721944530805,0.07766653597354889,1.749314546585083,0.9314778645833334,0.00019858713599999999,0.0066195711999999995,-0.003160707652568817,0.9968504309654236,5,30,False,0.007204381749033928,482.17342390349853,2538.692521750854,479.4745659096807,106.67563887569122,660.5463683579728,-110.90433776912505,nan,nan,3,0.0,0.0,0.0,1.0,0.0,0.0,0.0,0.0,3.0,3.0,0.0,0.0,446.3333333333333,-110.90433776912505
918,1880064,-0.002603720889116327,10.996631050109864,4.248762289683024,0.004506156037199697,0.04907839975397413,0.4345841944217682,0.10323535650968552,3.3078207969665527,0.9041341145833334,0.000198476544,0.0066158848,-0.0028195222839713097,0.9971901178359985,5,30,False,0.006930291652679443,482.27262876717054,2541.5114052468416,479.8694212996925,106.78440604769276,660.5463683579728,-57.18035485501817,nan,nan,6,0.0,0.0,0.0,0.3333333333333333,0.6666666666666666,0.0,0.16666666666666666,1.5,2.6666666666666665,1.3333333333333333,0.0,0.6666666666666666,547.1666666666666,-57.18035485501817
919,1882112,-0.003679015163409834,31.315189361572266,4.249016110102335,0.004181788350216394,0.04965441696889077,0.485978560646375,-0.32886359095573425,5.899209976196289,0.90966796875,0.00019836595199999998,0.0066121984,-0.0023837171029299498,0.9976226091384888,5,30,False,0.007845430634915829,482.35207680225716,2544.4299010979594,480.310790039759,106.89593618368963,660.5463683579728,-62.94345029277838,nan,nan,4,0.0,0.0,0.25,0.5,0.25,0.0,0.0,1.25,2.0,1.25,0.5,0.25,387.25,-62.94345029277838
920,1884160,-0.0026667875431788464,10.512642574310302,4.2496504306793215,0.00488187812056599,0.054396302540165684,0.44555877993504206,0.13083989918231964,3.5493850708007812,0.8704427083333334,0.00019825536,0.006608512,-0.0026084179989993572,0.9974017143249512,5,30,False,0.008938601240515709,482.4605867747138,2547.1814689160383,480.6985436588293,107.00810895168979,660.5463683579728,-110.99999918126711,nan,nan,3,0.0,0.0,0.0,1.0,0.0,0.0,0.0,0.0,2.3333333333333335,3.0,0.0,0.0,471.3333333333333,-110.99999918126711
921,1886208,-0.006024608815399309,4.1290696382522585,4.247549072901408,0.0054099974447945265,0.0633131166260379,0.4407903706034025,0.5738654136657715,1.8373039960861206,0.8282877604166666,0.000198144768,0.006604825599999999,-0.00369121297262609,0.9963291883468628,5,30,False,0.008418775163590908,482.5825509226503,2549.7363824450586,481.15125097578857,107.12644702769467,660.5463683579728,-83.66492708051348,nan,nan,7,0.0,0.0,0.0,0.7142857142857143,0.2857142857142857,0.0,0.0,0.7142857142857143,2.4285714285714284,1.7142857142857142,0.5714285714285714,0.2857142857142857,464.57142857142856,-83.66492708051348
922,1888256,-0.0022872943431138993,2.7363332748413085,4.24585108757019,0.003146181103586776,0.0263560974621214,0.42507488578557967,0.3608252704143524,1.6586570739746094,0.9348958333333334,0.00019803417599999998,0.0066011392,-0.0034739170223474503,0.9965430498123169,5,30,False,0.004396963864564896,482.6032206215242,2553.063634410035,481.65103751872084,107.24197488470236,660.5463683579728,-73.94293574290835,nan,nan,3,0.0,0.0,0.0,0.6666666666666666,0.3333333333333333,0.0,0.3333333333333333,1.0,2.3333333333333335,1.6666666666666667,0.0,0.3333333333333333,449.3333333333333,-73.94293574290835
923,1890304,-0.0026353541024339696,5.37631573677063,4.245086113611857,0.0034100324122448805,0.03132576565258205,0.37429774751265843,0.4714108407497406,2.2933428287506104,0.947265625,0.00019792358400000002,0.0065974528000000005,-0.004732726141810417,0.9952902793884277,5,30,False,0.006881156470626593,482.6638953892747,2556.0881601271103,482.1330146136752,107.35186504870944,660.5463683579728,-58.02607172304852,nan,nan,4,0.0,0.0,0.0,0.5,0.5,0.0,0.25,1.5,2.5,1.25,0.0,0.5,546.25,-58.02607172304852
924,1892352,-0.0022878943864877025,1.7103441596031188,4.240857267379761,0.0037642567728745848,0.03707840327406302,0.45990855197111763,0.4700365662574768,1.4283047914505005,0.9894205729166666,0.000197812992,0.006593766399999999,-0.0057888338342309,0.994236946105957,5,30,False,0.007611642125993967,482.7505396550185,2559.027724348023,482.51923241071927,107.45569534970855,660.5463683579728,-60.730016892717686,nan,nan,2,0.0,0.0,0.0,0.5,0.5,0.0,0.0,1.5,3.0,1.5,0.0,0.5,576.5,-60.730016892717686
925,1894400,-0.0030933908264463147,18.45209684371948,4.240616925557455,0.004548206801730729,0.04601785574729244,0.3884688138961792,0.7732725143432617,4.390290260314941,0.9650065104166666,0.00019770239999999999,0.00659008,-0.004824348725378513,0.9951924085617065,5,30,False,0.007122834678739309,482.8301089765225,2562.0021902089356,482.91441291770025,107.56274043471785,660.5463683579728,-50.622335633375044,nan,nan,5,0.0,0.0,0.0,0.4,0.6,0.0,0.0,1.8,2.6,1.2,0.0,0.6,514.0,-50.622335633375044
926,1896448,-0.001551700160295392,11.503948974609376,4.243083413441976,0.004102465002086316,0.039604649778145054,0.4211913362145424,0.3164081275463104,3.7137913703918457,0.9462890625,0.000197591808,0.0065863936,-0.0045724124647676945,0.9954395294189453,5,30,False,0.007426630239933729,482.91852321588,2564.867440934904,483.345320602617,107.66111805570836,660.5463683579728,-62.9772531547805,nan,nan,4,0.0,0.0,0.0,0.5,0.5,0.25,0.0,1.25,2.75,1.75,0.0,0.5,552.25,-62.9772531547805
927,1898496,-0.0023014796587328117,7.347386455535888,4.243066024780274,0.0032026773783548975,0.02763596906637152,0.42980703512827556,0.050630658864974976,2.51833438873291,0.9532877604166666,0.000197481216,0.006582707199999999,-0.004538325592875481,0.9954733848571777,5,30,False,0.006405181251466274,483.0116981353951,2567.7327029847947,483.7528868765512,107.75702785571048,660.5463683579728,-82.51369433264563,nan,nan,4,0.0,0.0,0.0,0.5,0.5,0.0,0.0,0.75,2.75,2.0,0.25,0.5,541.25,-82.51369433264563
928,1900544,-0.0026500525263448557,1.8168910145759583,4.244631163279215,0.003077464284905022,0.024145342720051605,0.3859604795773824,0.10777962952852249,1.4675781726837158,0.974609375,0.000197370624,0.0065790208,-0.0036768154241144657,0.9963338375091553,5,30,False,0.005858892109245062,483.0748230107223,2570.738300648736,484.2357806696382,107.86784562570392,660.5463683579728,-44.04694006309243,nan,nan,60,0.0,0.0,0.0,0.3333333333333333,0.6666666666666666,0.0,0.21666666666666667,0.5833333333333334,2.5,2.066666666666667,nan,0.2833333333333333,454.95,nan
929,1902592,-0.0022167380743970473,22.80164909362793,4.2462853272755945,0.005135118437888305,0.06061313132134576,0.45367714713017143,0.4669615626335144,4.831908702850342,0.9715169270833334,0.000197260032,0.0065753344000000005,-0.003385679330676794,0.9966229200363159,5,30,False,0.008401579223573208,477.6157163773856,2573.6258247277874,484.6733864565176,107.98766414170677,706.2117705929704,-62.75864400129949,nan,nan,5,0.0,0.0,0.0,0.4,0.6,0.0,0.0,1.4,2.6,1.6,0.0,0.6,554.6,-62.75864400129949
930,1904640,-0.0022204224710246005,12.135303974151611,4.24734803835551,0.004618952790854684,0.05620080577209592,0.484994371732076,-0.5284810662269592,3.4668047428131104,0.9306640625,0.00019714944,0.006571647999999999,-0.0030618614982813597,0.9969441294670105,5,30,False,0.009367342106997967,477.6817277880338,2576.660051325729,485.1238212414901,108.10293473571073,706.2117705929704,-85.84278771719949,nan,nan,4,0.0,0.0,0.0,0.75,0.25,0.0,0.0,0.75,2.5,2.25,0.0,0.25,541.25,-85.84278771719949
931,1906688,-0.0020601409283699467,5.545049524307251,4.249175945917766,0.003387784655981596,0.0300294142216444,0.42424695094426473,-0.43031883239746094,2.0621728897094727,0.9264322916666666,0.000197038848,0.0065679616,-0.0017724777571856976,0.9982298612594604,5,30,False,0.006011884193867445,477.73052461252166,2579.813731869712,485.59415019574226,108.21222004271112,706.2117705929704,-107.09032026247775,nan,nan,4,0.0,0.0,0.0,1.0,0.0,0.0,0.25,0.0,2.75,2.5,0.25,0.0,432.25,-107.09032026247775
932,1908736,-0.0023957204112472633,19.375300312042235,4.251183573404948,0.003066579402512737,0.027274129446595907,0.437814233203729,-0.033039070665836334,4.433907985687256,0.9256184895833334,0.00019692825599999998,0.0065642752,-0.0024765427224338055,0.9975284337997437,5,30,False,0.007471298333257437,477.77147472692025,2583.0726022976305,486.0138329647016,108.35244979371782,706.2117705929704,-50.80542600535864,nan,nan,4,0.0,0.0,0.0,0.25,0.75,0.0,0.0,1.75,3.0,1.25,0.0,0.75,537.0,-50.80542600535864
933,1910784,-0.00180514410797817,6.253907823562622,4.246429141362508,0.003096515140240382,0.03141128760762513,0.45126695434252423,-0.13860109448432922,2.611846446990967,0.83935546875,0.00019681766399999999,0.006560588799999999,-0.004605204798281193,0.9954118132591248,5,30,False,0.007486296351999044,477.8058760339156,2586.3385072347155,486.49152934658923,108.46817499671306,706.2117705929704,-58.08681986485442,nan,nan,4,0.0,0.0,0.0,0.5,0.5,0.0,0.25,1.5,3.0,1.25,0.0,0.5,535.75,-58.08681986485442
934,1912832,-0.001876792024510602,15.022072124481202,4.242744016647339,0.0029174468967567194,0.02174047551428278,0.4314632177352905,-0.09812445193529129,3.2787508964538574,0.9002278645833334,0.000196707072,0.0065569024,-0.004543953575193882,0.9954699873924255,5,30,False,0.007123083807528019,477.81529455591374,2589.796575465676,486.9721832457144,108.59915148571599,706.2117705929704,-89.47171748439757,nan,nan,4,0.0,0.0,0.0,0.75,0.25,0.0,0.0,0.5,2.25,1.75,0.75,0.25,501.0,-89.47171748439757
935,1914880,-0.0032535728765651583,10.622580289840698,4.242256832122803,0.0038455915926637924,0.040917930131157236,0.4730077967047691,-1.194196105003357,2.9243063926696777,0.8624674479166666,0.00019659647999999998,0.006553216000000001,-0.005197353661060333,0.9948185682296753,5,30,False,0.006229546386748552,477.84463050697235,2593.180101004604,487.4049867368303,108.6971027637046,706.2117705929704,-85.69015382132602,nan,nan,5,0.0,0.0,0.0,0.8,0.2,0.0,0.4,0.6,2.8,1.8,0.2,0.2,516.0,-85.69015382132602
936,1916928,-0.0025262970748978356,2.7986125230789183,4.242048978805542,0.0036275818100983607,0.03736933427862823,0.4243405352036158,0.27011406421661377,1.7084169387817383,0.8751627604166666,0.000196485888,0.0065495295999999995,-0.004416545387357473,0.9955979585647583,5,30,False,0.007503767032176256,477.97363057213175,2595.7796346747346,487.80128411686746,108.7993782567064,706.2117705929704,-70.49070795089756,nan,nan,2,0.0,0.0,0.0,0.5,0.5,0.0,0.5,1.0,3.0,1.5,0.0,0.5,511.0,-70.49070795089756
937,1918976,-0.003052766567513269,6.995711612701416,4.243433157602946,0.001851047875533307,0.011186936753802001,0.36722360402345655,0.8626267910003662,2.261659860610962,0.97802734375,0.000196375296,0.0065458432,-0.004803857766091824,0.9952118396759033,5,30,False,0.003593865316361189,478.06584053628654,2598.5189426557918,488.3177858819399,108.9293093837041,706.2117705929704,-70.49296823180835,nan,nan,5,0.0,0.0,0.0,0.6,0.4,0.0,0.4,1.0,2.2,1.2,0.4,0.4,506.2,-70.49296823180835
938,1921024,-0.0019757020209605495,10.134791994094849,4.24276442527771,0.0033099118739597496,0.035899238055571915,0.36838495383659997,0.9891497492790222,3.383533477783203,0.9723307291666666,0.00019626470399999998,0.0065421568,-0.004461843520402908,0.9955509901046753,5,30,False,0.006434996146708727,478.2169687835656,2600.9889330437,488.66526294717914,109.02810793869139,706.2117705929704,-10.443134893660499,nan,nan,2,0.0,0.0,0.0,0.0,1.0,0.0,0.0,3.0,2.0,0.0,0.0,1.0,600.0,-10.443134893660499
939,1923072,-0.001742660684006599,10.13488974571228,4.2441251118977865,0.003570431122889935,0.03200564676274856,0.4090997149546941,-0.0101002287119627,3.138878345489502,0.9142252604166666,0.000196154112,0.0065384703999999995,-0.004008848685771227,0.9960038065910339,5,30,False,0.0070060365833342075,478.337744913157,2603.6508124018874,489.0635136411147,109.12301600868523,706.2117705929704,-66.33802764820928,nan,nan,4,0.0,0.0,0.0,0.25,0.75,0.0,0.0,1.25,2.0,1.75,0.0,0.75,553.5,-66.33802764820928
940,1925120,-0.003133180857791255,5.474179792404175,4.246074867248535,0.005161344452238718,0.05931504203472286,0.4138254831234614,-0.4210100471973419,2.408512592315674,0.9723307291666666,0.00019604352,0.006534784,-0.00320278387516737,0.9968125820159912,5,30,False,0.011906939558684826,478.4034479992899,2606.7107233908755,489.5075653082604,109.2297059706907,706.2117705929704,-58.27458268105687,nan,nan,4,0.0,0.0,0.0,0.5,0.5,0.0,0.25,1.5,2.0,1.25,0.0,0.5,559.5,-58.27458268105687
941,1927168,-0.0033602490089833736,6.797441911697388,4.248378133773803,0.004100805766482237,0.04477462410771598,0.4611310213804245,0.23800507187843323,2.461914539337158,0.90625,0.00019593292799999999,0.0065310976,-0.0022790676448494196,0.9977268576622009,5,30,False,0.008485302329063416,478.4504703004917,2609.8826259738416,489.9707515662012,109.35614816068846,706.2117705929704,-66.4712021175572,nan,nan,4,0.0,0.0,0.0,0.25,0.75,0.0,0.0,1.25,3.0,1.75,0.0,0.75,575.5,-66.4712021175572
942,1929216,-0.0008559185002620022,18.409073162078858,4.250475374857585,0.004310939252935257,0.045971043252696596,0.5073528518279393,0.5646640062332153,4.511186122894287,0.9039713541666666,0.000195822336,0.0065274111999999995,-0.002201013034209609,0.997806191444397,5,30,False,0.009256078861653805,478.4776166191936,2613.2754624397494,490.38831731223036,109.46658319968265,706.2117705929704,-35.31892566645388,nan,nan,4,0.0,0.0,0.0,0.25,0.75,0.0,0.0,2.25,3.0,0.75,0.0,0.75,562.5,-35.31892566645388
943,1931264,-0.0012999316561035812,6.425110721588135,4.24809897740682,0.0033531895824240837,0.03175953454726065,0.5087070688605309,-0.6613462567329407,2.6340129375457764,0.8919270833333334,0.000195711744,0.0065237248,-0.0038160455878823996,0.9962049722671509,5,30,False,0.006303773727267981,478.5298447155609,2616.424503361719,490.83099495619535,109.5818606576795,706.2117705929704,-97.97267688457093,nan,nan,3,0.0,0.0,0.0,0.6666666666666666,0.3333333333333333,0.0,0.0,0.3333333333333333,3.0,2.6666666666666665,0.0,0.3333333333333333,500.6666666666667,-97.97267688457093
944,1933312,-0.002325077082302111,2.17158203125,4.244442383448283,0.0035974490934945202,0.03562559727579355,0.43048298060894014,0.22025549411773682,1.6667590141296387,0.86328125,0.000195601152,0.0065200384,-0.004230927210301161,0.9957939982414246,5,30,False,0.006594424601644278,478.6440832205376,2619.122454276716,491.23387164117594,109.6795594466821,706.2117705929704,-40.63264606919142,nan,nan,4,0.0,0.0,0.0,0.25,0.75,0.0,0.25,2.0,3.0,0.75,0.0,0.75,565.25,-40.63264606919142
945,1935360,-0.003221000477302975,2.2818271040916445,4.2442457993825276,0.003510729897769301,0.03883794518187642,0.40486986339092257,0.6590718626976013,1.509323000907898,0.9347330729166666,0.00019549055999999997,0.0065163519999999996,-0.004150853957980871,0.9958705306053162,5,30,False,0.007230605464428663,478.76604056452413,2621.7751501725434,491.61652743401646,109.78813333867583,706.2117705929704,-35.21424522659805,nan,nan,2,0.0,0.0,0.0,0.0,1.0,0.0,0.0,2.0,2.0,0.0,1.0,1.0,600.0,-35.21424522659805
946,1937408,-0.003663127130130306,12.057942962646484,4.244722922643025,0.004634546858457152,0.05429773942256967,0.44313222269217173,0.3157570958137512,3.530574083328247,0.9558919270833334,0.000195379968,0.0065126656,-0.004309996031224728,0.9957126975059509,5,30,False,0.007669495884329081,478.8794033661906,2624.4903925493127,492.0017222219758,109.88500198766997,706.2117705929704,-40.862594713578986,nan,nan,5,0.0,0.0,0.0,0.2,0.8,0.0,0.2,2.0,2.2,0.8,0.0,0.8,593.8,-40.862594713578986
947,1939456,-0.0030721132721131046,0.9671121597290039,4.24406951268514,0.003981316547126094,0.043158686195965856,0.43902412553628284,-0.07102692127227783,1.1663141250610352,0.97119140625,0.000195269376,0.0065089792,-0.00393034890294075,0.9960850477218628,5,30,False,0.006222750525921583,478.97281798510545,2627.37111462139,492.3986577019241,109.98535854367947,706.2117705929704,-20.843070145850334,nan,nan,3,0.0,0.0,0.0,0.0,1.0,0.0,0.0,2.6666666666666665,2.3333333333333335,0.3333333333333333,0.0,1.0,600.0,-20.843070145850334
948,1941504,-0.0023606137993435064,7.152136421203613,4.244900465011597,0.003081106597473508,0.024009847183090946,0.4241996477047602,-0.6254525780677795,2.6946604251861572,0.9427083333333334,0.00019515878399999997,0.0065052928,-0.004313244950026274,0.9957032203674316,5,30,False,0.005919857416301966,479.0565065300399,2630.3204696404864,492.80018746886344,110.08620672668621,706.2117705929704,-58.82060837489947,nan,nan,6,0.0,0.0,0.0,0.5,0.5,0.0,0.16666666666666666,1.5,2.3333333333333335,1.3333333333333333,0.0,0.5,515.5,-58.82060837489947
949,1943552,-0.0036134845887621243,2.31410573720932,4.244529024759928,0.003027659224767761,0.027336404006928206,0.4689249023795128,0.4346901774406433,1.318750023841858,0.8751627604166666,0.00019504819199999999,0.0065016064,-0.003667971584945917,0.9963445067405701,5,30,False,0.005317876115441322,479.2016857067975,2632.7669530313433,493.18155948976346,110.20543005768559,706.2117705929704,-91.02354932028902,nan,nan,2,0.0,0.0,0.0,0.5,0.5,0.0,0.0,0.5,3.0,2.5,0.0,0.5,560.0,-91.02354932028902
950,1945600,-0.0030111680195356407,11.700519180297851,4.245868158340454,0.003696808882113974,0.04100370043888688,0.4148864775896072,0.39353519678115845,3.263662576675415,0.91064453125,0.0001949376,0.006497919999999999,-0.003802457358688116,0.996207594871521,5,30,False,0.008349757641553879,479.3425613849054,2635.220504354438,493.5744471518992,110.31523459269374,706.2117705929704,-41.740259606722475,nan,nan,4,0.0,0.0,0.0,0.25,0.75,0.0,0.0,2.0,1.75,0.75,0.25,0.75,582.5,-41.740259606722475
951,1947648,-0.0015616370685165748,43.05263977050781,4.243363571166992,0.004868418364511695,0.05675587543519214,0.46738440295060474,-0.4925060272216797,6.883718967437744,0.8494466145833334,0.000194827008,0.0064942336,-0.005258037708699703,0.9947595596313477,5,30,False,0.009737266227602959,479.4347590387585,2638.069628023499,493.9890458359878,110.42545653370325,706.2117705929704,-60.7412403913288,nan,nan,4,0.0,0.0,0.0,0.5,0.5,0.0,0.0,1.5,2.5,1.5,0.0,0.5,509.25,-60.7412403913288
952,1949696,-0.0021933386825063886,2.791546177864075,4.240028381347656,0.002770447858177268,0.023199997493065894,0.5216439550121625,-0.031995564699172974,1.7672494649887085,0.8414713541666666,0.00019471641600000002,0.0064905472,-0.00576458964496851,0.9942560195922852,5,30,False,0.004253579769283533,479.5051713026441,2641.0191312164534,494.4808018379408,110.54069427070499,706.2117705929704,-85.45359609832849,nan,nan,3,0.0,0.0,0.0,0.6666666666666666,0.3333333333333333,0.0,0.0,0.6666666666666666,2.6666666666666665,2.0,0.3333333333333333,0.3333333333333333,516.6666666666666,-85.45359609832849
953,1951744,-0.002699057665692332,6.173809051513672,4.241235208511353,0.0034593068334731747,0.030395152559503914,0.4279744257529577,0.21887007355690002,2.618231773376465,0.9241536458333334,0.000194605824,0.0064868608,-0.004567992873489857,0.9954437613487244,5,30,False,0.00659690797328949,479.5692752756017,2644.071591546526,494.92683607389336,110.64644691671128,706.2117705929704,-37.06149413392268,nan,nan,4,0.0,0.0,0.0,0.0,1.0,0.0,0.0,2.0,1.25,0.25,0.75,1.0,600.0,-37.06149413392268
954,1953792,-0.0018310963195593407,3.304646396636963,4.243488963445028,0.004541610364854839,0.04775857127582033,0.475378047923247,0.40253230929374695,1.879896879196167,0.9142252604166666,0.00019449523199999998,0.0064831744,-0.004593835212290287,0.9954216480255127,5,30,False,0.007227734662592411,479.60271684408053,2647.3221875795134,495.4271546380478,110.7603794097231,706.2117705929704,-44.69951499876515,nan,nan,3,0.0,0.0,0.0,0.3333333333333333,0.6666666666666666,0.0,0.0,2.0,3.0,1.0,0.0,0.6666666666666666,597.0,-44.69951499876515
955,1955840,-0.0015212953633939226,25.23509273529053,4.241774654388427,0.0038679665784002283,0.036157984953994554,0.462632450958093,1.063022255897522,5.3855485916137695,0.8590494791666666,0.00019438464,0.006479488,-0.005709115415811539,0.9943191409111023,5,30,False,0.008471942506730556,479.7259201098705,2649.829183207432,495.92417749798915,110.85782885771187,706.2117705929704,-46.832769259553515,nan,nan,4,0.0,0.0,0.0,0.25,0.75,0.0,0.25,1.75,2.75,0.75,0.25,0.75,599.0,-46.832769259553515
956,1957888,-0.0037515200053652126,15.776287078857422,4.239108975728353,0.004706169146042546,0.053758365024502076,0.43823366711537043,-0.9866160750389099,3.8696725368499756,0.88525390625,0.000194274048,0.006475801599999999,-0.005807054694741964,0.9942194819450378,5,30,False,0.007781233172863722,479.86304414193955,2652.2933630545594,496.3610486649559,110.95341144470149,706.2117705929704,-46.67738665653917,nan,nan,4,0.0,0.0,0.0,0.25,0.75,0.0,0.25,1.75,1.75,0.75,0.25,0.75,557.75,-46.67738665653917
957,1959936,-0.0016670160034360985,21.62466287612915,4.238043133417765,0.0030151451881646808,0.02299209884367883,0.4068941359718641,0.9397581219673157,4.807985305786133,0.90283203125,0.00019416345599999998,0.0064721152,-0.0071126362308859825,0.9929232597351074,5,30,False,0.006303063593804836,479.98851457193126,2654.825685642587,496.81823169699055,111.04946249170462,706.2117705929704,-54.022928511800274,nan,nan,3,0.0,0.0,0.0,0.3333333333333333,0.6666666666666666,0.0,0.0,1.6666666666666667,3.0,1.3333333333333333,0.0,0.6666666666666666,519.3333333333334,-54.022928511800274
958,1961984,-0.004848504221687714,2.7395182132720945,4.233690945307414,0.005475808075196124,0.0685422365553677,0.4485565279920896,-0.028684241697192192,1.4197354316711426,0.9768880208333334,0.000194052864,0.0064684288,-0.007812191732227802,0.9922265410423279,5,30,False,0.009712591767311096,480.11475396395605,2657.4317106515955,497.2015490090562,111.14594461870729,706.2117705929704,-47.874501136188655,nan,nan,4,0.0,0.0,0.0,0.25,0.75,0.0,0.0,1.75,1.5,0.75,0.5,0.75,550.25,-47.874501136188655
959,1964032,-0.0010002080562117044,14.629304027557373,4.232390737533569,0.004476332738262949,0.04848714512772858,0.4980160042643547,0.003835954936221242,4.165496826171875,0.8590494791666666,0.000193942272,0.006464742399999999,-0.008638650178909302,0.9914028644561768,5,30,False,0.009464649483561516,480.1937537204498,2660.3575601926714,497.6461564159981,111.25313488471147,706.2117705929704,-10.296253534064514,nan,nan,3,0.0,0.0,0.0,0.0,1.0,0.0,0.0,3.0,1.6666666666666667,0.0,0.0,1.0,600.0,-10.296253534064514
960,1966080,-0.0032850877614691854,17.363146114349366,4.230966361363729,0.006539622240946589,0.08911939011886716,0.4583476742108663,0.5115429162979126,3.773895025253296,0.8033854166666666,0.00019383168,0.006461056,-0.008455608040094376,0.9915828704833984,5,30,False,0.011679306626319885,480.21443131315164,2663.614381077816,498.22407892585034,111.36963375170308,706.2117705929704,-77.01452730892228,nan,nan,4,0.0,0.0,0.0,0.5,0.5,0.0,0.5,0.75,2.75,1.5,0.25,0.5,518.0,-77.01452730892228
961,1968128,-0.001127710216678679,3.57757705450058,4.230745792388916,0.00244721639327851,0.01764600791114693,0.4198053449392319,0.6856940984725952,2.0352540016174316,0.9889322916666666,0.00019372108799999997,0.0064573695999999995,-0.009312350302934647,0.9907323718070984,5,30,False,0.004880306776612997,480.25774059111046,2666.7109134606,498.7923171148577,111.47353401270811,706.2117705929704,-27.19369215972559,nan,nan,3,0.0,0.0,0.0,0.0,1.0,0.0,0.0,2.3333333333333335,2.3333333333333335,0.0,0.6666666666666666,1.0,600.0,-27.19369215972559
962,1970176,-0.0018962530264010032,3.3126179933547975,4.230678749084473,0.003578888919473185,0.03192571439625074,0.43465787370999653,0.4498246908187866,1.7882428169250488,0.9973958333333334,0.000193610496,0.0064536832,-0.00736210634931922,0.9926663637161255,5,30,False,0.00782726425677538,480.2991429540265,2669.8929379295005,499.3019581108674,111.57716531371989,706.2117705929704,-18.20991685161016,nan,nan,4,0.0,0.0,0.0,0.0,1.0,0.0,0.0,2.75,2.5,0.25,0.0,1.0,600.0,-18.20991685161016
963,1972224,-0.0018083660267317707,17.341557884216307,4.237882296244304,0.004147836258730416,0.040793224435765295,0.4316940024495125,0.22065792977809906,4.000888824462891,0.9964192708333334,0.000193499904,0.0064499968,-0.005576416850090027,0.9944409132003784,5,30,False,0.007026553153991699,480.3367398364856,2673.039456117476,499.84542037591746,111.69412810071663,706.2117705929704,-35.55241073593842,nan,nan,4,0.0,0.0,0.0,0.25,0.75,0.0,0.0,2.25,3.0,0.75,0.0,0.75,597.0,-35.55241073593842
964,1974272,-0.0012195954765047644,11.340469264984131,4.241283289591471,0.004564486936204674,0.048518749442882834,0.449762096007665,-0.1455083042383194,3.2529642581939697,0.9529622395833334,0.000193389312,0.0064463104,-0.004858647473156452,0.9951545596122742,5,30,False,0.009061363525688648,480.3883185257013,2676.088152914599,500.3858647077868,111.79108690071735,706.2117705929704,-43.82501956981044,nan,nan,3,0.0,0.0,0.0,0.3333333333333333,0.6666666666666666,0.0,0.0,2.0,2.3333333333333335,1.0,0.0,0.6666666666666666,600.0,-43.82501956981044
965,1976320,-0.0028054478597672036,10.188274478912353,4.2434567292531336,0.0034307420483713712,0.036464975751005116,0.44387239317099253,-0.27449503540992737,3.310857057571411,0.9695638020833334,0.00019327872,0.006442623999999999,-0.003953969106078148,0.996056079864502,5,30,False,0.006036742590367794,480.47358621012603,2678.83242046558,500.9427300719253,111.89151412672072,706.2117705929704,-76.56656739752498,nan,nan,4,0.0,0.0,0.0,0.5,0.5,0.0,0.0,1.0,3.0,2.0,0.0,0.5,577.5,-76.56656739752498
966,1978368,-0.002185790209720532,3.217632865905762,4.246684662501017,0.003340313391527161,0.032552083333333336,0.4110459471742312,0.7841634750366211,1.8406740427017212,1.0,0.000193168128,0.0064389376,-0.0029433162417262793,0.9970656633377075,5,30,False,0.006318904925137758,480.5622474719664,2681.568545288377,501.4832606589189,111.98496504171635,706.2117705929704,-10.236878782757572,nan,nan,2,0.0,0.0,0.0,0.0,1.0,0.0,0.0,3.0,3.0,0.0,0.0,1.0,600.0,-10.236878782757572
967,1980416,-0.00226277697365731,22.44650592803955,4.248183631896973,0.004058668400200364,0.04352369658881798,0.3898937553167343,0.3696000576019287,5.231082439422607,0.9558919270833334,0.00019305753599999998,0.0064352511999999995,-0.002811677288264036,0.9971981048583984,5,30,False,0.008197817020118237,480.65199907290094,2684.334812481393,501.9706176628242,112.08962176772184,706.2117705929704,-10.782446808460918,nan,nan,4,0.0,0.0,0.0,0.0,1.0,0.0,0.0,3.0,2.0,0.0,0.0,1.0,600.0,-10.782446808460918
968,1982464,-0.00288977957291839,9.628591728210449,4.248174921671549,0.004293430604351064,0.04415942554672559,0.4197839334607124,-0.1462671011686325,2.929475784301758,0.8811848958333334,0.00019294694400000001,0.0064315648,-0.0031872307881712914,0.996827244758606,5,30,False,0.009750249795615673,480.72506906348747,2687.2095840682887,502.4709295108187,112.20613715672516,706.2117705929704,-41.55696750095734,nan,nan,4,0.0,0.0,0.0,0.25,0.75,0.0,0.75,1.75,2.25,0.25,0.25,0.75,549.75,-41.55696750095734
969,1984512,-0.0019943411056980646,3.40588960647583,4.246989075342814,0.003194256017610542,0.03080599339446053,0.4652280996243159,0.11219626665115356,2.0661749839782715,0.9137369791666666,0.000192836352,0.0064278784,-0.003525335807353258,0.9964882135391235,5,30,False,0.006294533144682646,480.7845365083542,2690.161004841284,503.0187823469314,112.30834635671636,706.2117705929704,-41.534862890567425,nan,nan,4,0.0,0.0,0.0,0.25,0.75,0.0,0.0,2.0,2.25,0.75,0.25,0.75,562.0,-41.534862890567425
970,1986560,-0.002071259537478909,4.852912950515747,4.2461453119913735,0.003604554997044233,0.03551663205338021,0.4145773713787397,-0.4677768349647522,2.5556509494781494,0.9290364583333334,0.00019272575999999998,0.0064241920000000004,-0.003506368026137352,0.9965060949325562,5,30,False,0.007958206348121166,480.85507281519267,2692.9960694912006,503.58974201377714,112.41227652772795,706.2117705929704,-41.99516656190792,nan,nan,4,0.0,0.0,0.0,0.25,0.75,0.0,0.0,2.0,2.25,0.75,0.25,0.75,578.75,-41.99516656190792
971,1988608,-0.0021594151000802714,1.6221588253974915,4.245866648356119,0.003864013067176882,0.03749948629022886,0.46464901814858117,0.17931979894638062,1.3299059867858887,0.9583333333333334,0.000192615168,0.006420505599999999,-0.0038499338552355766,0.9961638450622559,5,30,False,0.009023627266287804,480.9147462960395,2695.9338330702303,504.1502427989326,112.51754794672888,706.2117705929704,-10.213968802821304,nan,nan,3,0.0,0.0,0.0,0.0,1.0,0.0,0.0,3.0,2.3333333333333335,0.0,0.0,1.0,600.0,-10.213968802821304
972,1990656,-0.0016759610133400807,8.759929704666138,4.245879999796549,0.004566536975851351,0.04651342968766888,0.4277584637204806,-0.37438544631004333,2.8761818408966064,0.97607421875,0.000192504576,0.0064168192,-0.003211251925677061,0.9967977404594421,5,30,False,0.0077790310606360435,480.95390082992907,2698.959413593373,504.79163743589015,112.63110906773363,706.2117705929704,-85.73079888193557,nan,nan,3,0.0,0.0,0.0,0.6666666666666666,0.3333333333333333,0.0,0.0,0.6666666666666666,2.6666666666666665,2.0,0.3333333333333333,0.3333333333333333,473.6666666666667,-85.73079888193557
973,1992704,-0.002455238551677515,11.662292003631592,4.248632955551147,0.004606581471521857,0.04905263754383971,0.44643598844607674,0.18794085085391998,3.4395487308502197,0.92822265625,0.00019239398399999998,0.0064131328000000005,-0.0022496473975479603,0.9977569580078125,5,30,False,0.009814088232815266,481.0302943152328,2701.756475996168,505.3317953330261,112.76317441073479,706.2117705929704,-50.84626202602256,nan,nan,5,0.0,0.0,0.0,0.4,0.6,0.0,0.0,1.8,2.6,1.2,0.0,0.6,526.4,-50.84626202602256
974,1994752,-0.0038039892679080367,1.7689481139183045,4.249176327387492,0.005068661228749264,0.05555288984129826,0.46028534521659215,0.10262879729270935,1.4245588779449463,0.9461263020833334,0.000192283392,0.006409446399999999,-0.002905826782807708,0.9971024394035339,5,30,False,0.008165203034877777,481.0367966993577,2705.159736992253,505.8632997860259,112.88197851773293,706.2117705929704,-41.244505342336424,nan,nan,4,0.0,0.0,0.0,0.25,0.75,0.0,0.25,2.0,2.5,0.75,0.0,0.75,564.75,-41.244505342336424
975,1996800,-0.0028082039907227833,3.0832505226135254,4.248498837153117,0.003949363366055921,0.04109882437624037,0.4441134969393412,-0.46941813826560974,1.6958422660827637,0.9689127604166666,0.0001921728,0.00640576,-0.0026030715089291334,0.9974023699760437,5,30,False,0.007145908195525408,481.03940903885604,2708.5286515751504,506.3894095580181,113.07999242673395,706.2117705929704,-66.68943628286706,nan,nan,4,0.0,0.0,0.0,0.5,0.5,0.0,0.0,1.25,2.25,1.5,0.25,0.5,529.0,-66.68943628286706
976,1998848,-0.0015799710856905828,5.955971097946167,4.247883319854736,0.003231733968345722,0.030913228432958326,0.4283013264338175,-0.1584695726633072,2.5336384773254395,0.9524739583333334,0.000192062208,0.0064020736,-0.0037126231472939253,0.9962987899780273,5,30,False,0.005936540197581053,481.09805110055754,2711.6681943310687,506.7549579879851,113.1894066377281,706.2117705929704,-60.65933020992429,nan,nan,4,0.0,0.0,0.0,0.5,0.5,0.0,0.0,1.5,2.5,1.5,0.0,0.5,542.25,-60.65933020992429
977,2000896,-0.004492392534545312,2.333055019378662,4.2463963508605955,0.004361299289959845,0.04819068365419905,0.41490307698647183,-0.23470495641231537,1.720700740814209,0.8849283854166666,0.00019195161599999997,0.006398387199999999,-0.0027016072999686003,0.9973093867301941,5,30,False,0.0071739014238119125,481.16485099609855,2714.6295914151997,507.2250633090298,113.30935291973583,706.2117705929704,-25.767408427887858,nan,nan,60,0.0,0.0,0.0,0.0,1.0,0.0,0.16666666666666666,0.7333333333333333,2.433333333333333,2.033333333333333,nan,0.35,470.78333333333336,nan
978,2002944,-0.0028678830092151958,9.757971382141113,4.248314889272054,0.0033229238729655477,0.03257178904799123,0.39545172701279324,-0.4409482181072235,2.8721885681152344,0.9308268229166666,0.000191841024,0.0063947008,-0.0030306419357657433,0.9969830513000488,5,30,False,0.006072452291846275,475.7360872088242,2717.6601887443394,507.7699590061238,113.43804547573382,754.1118799799733,-70.53816467711522,nan,nan,5,0.0,0.0,0.0,0.6,0.4,0.0,0.4,1.0,2.6,1.2,0.4,0.4,551.2,-70.53816467711522
979,2004992,-0.0031774538103491066,2.730612802505493,4.24741366704305,0.004189684510375868,0.045083389384672046,0.3779844596982002,-0.06623339653015137,1.8374731540679932,0.9026692708333334,0.000191730432,0.0063910144000000006,-0.003130547469481826,0.9968832731246948,5,30,False,0.007945592515170574,475.802557101387,2720.605298676397,508.2922403010598,113.54786080874328,754.1118799799733,-60.63161301743867,nan,nan,2,0.0,0.0,0.0,0.5,0.5,0.0,0.0,1.5,2.0,1.5,0.0,0.5,543.0,-60.63161301743867
980,2007040,-0.0018543531962980826,4.472358083724975,4.247479200363159,0.0032478351341359494,0.028173056337982415,0.4777020280559858,0.6174464225769043,2.292595624923706,0.9420572916666666,0.00019161984,0.006387327999999999,-0.0033795281779021025,0.9966323375701904,5,30,False,0.0067193591967225075,475.8448840844205,2723.6489544732613,508.89948325003206,113.67779511974368,754.1118799799733,-67.6279967854517,nan,nan,5,0.0,0.0,0.0,0.6,0.4,0.0,0.2,1.2,2.4,1.4,0.2,0.4,555.4,-67.6279967854517
981,2009088,-0.0013845133905609449,2.0692676305770874,4.245943911870321,0.002898645028752313,0.029551651992369442,0.3795327638586362,-0.28831323981285095,1.5535465478897095,0.9677734375,0.000191509248,0.0063836416,-0.0039015018846839666,0.9961122274398804,5,30,False,0.009044090285897255,475.893791543842,2726.8586314453423,509.3305933820957,113.77703892074351,754.1118799799733,-22.676941965278274,nan,nan,2,0.0,0.0,0.0,0.0,1.0,0.0,0.0,2.5,2.5,0.0,0.5,1.0,600.0,-22.676941965278274
982,2011136,-0.0028490579531838495,7.282414770126342,4.244352308909098,0.004675896048625164,0.054091429023537786,0.4310410832365354,-0.47735992074012756,2.805452585220337,0.9239908854166666,0.000191398656,0.0063799552,-0.004442557226866484,0.9955703020095825,5,30,False,0.010112176649272442,476.0052917453445,2729.5087216284883,509.7667691310198,113.88384759574546,754.1118799799733,-30.342590496364227,nan,nan,6,0.0,0.0,0.0,0.16666666666666666,0.8333333333333334,0.0,0.16666666666666666,2.3333333333333335,2.0,0.5,0.0,0.8333333333333334,580.0,-30.342590496364227
983,2013184,-0.002684612437345398,4.266999197006226,4.24444629351298,0.0035014708819752845,0.037419401252797496,0.4043181886275609,0.08346888422966003,2.078181028366089,0.8811848958333334,0.00019128806399999998,0.0063762687999999994,-0.003562942845746875,0.99644535779953,5,30,False,0.006679951213300228,476.15706401274036,2731.761196481544,510.23915436607786,113.99852750074933,754.1118799799733,-58.894402447377765,nan,nan,3,0.0,0.0,0.0,0.3333333333333333,0.6666666666666666,0.0,0.3333333333333333,1.3333333333333333,2.0,1.0,0.3333333333333333,0.6666666666666666,554.0,-58.894402447377765
984,2015232,-0.002279987302608788,10.953207206726074,4.247471110026042,0.00366108409544331,0.03729343456216157,0.42219076454639437,-0.3741855025291443,2.852658748626709,0.9064127604166666,0.000191177472,0.0063725824,-0.0028492696583271027,0.997157096862793,5,30,False,0.0073285289108753204,476.2537282967674,2734.5739981095394,510.65380765001464,114.09715143775975,754.1118799799733,-75.36598671434092,nan,nan,4,0.0,0.0,0.0,0.75,0.25,0.0,0.75,0.75,2.0,1.0,0.5,0.25,476.75,-75.36598671434092
985,2017280,-0.0024316062064220507,17.42608985900879,4.248646879196167,0.0030776797476591788,0.02992683000629768,0.4312611078222593,0.06964142620563507,4.590282917022705,0.9029947916666666,0.00019106688,0.006368896,-0.0025264830328524113,0.9974798560142517,5,30,False,0.0060925292782485485,476.3030120283661,2737.6504201715143,511.1980517859338,114.20503439675667,754.1118799799733,-39.072625603984534,nan,nan,4,0.0,0.0,0.25,0.25,0.5,0.0,0.0,2.0,2.25,0.75,0.25,0.5,411.25,-39.072625603984534
986,2019328,-0.002619536027001838,13.753558254241943,4.248670562108358,0.002979021697338145,0.031685520072157185,0.46880868126948677,0.6374083757400513,4.004326820373535,0.9220377604166666,0.00019095628799999998,0.0063652095999999995,-0.003163462271913886,0.996849000453949,5,30,False,0.008092452771961689,476.3522434953745,2740.6755281806836,511.78734613193956,114.31989628575684,754.1118799799733,-60.450411505897954,nan,nan,5,0.0,0.0,0.0,0.4,0.6,0.0,0.0,1.4,2.6,1.2,0.4,0.6,540.8,-60.450411505897954
987,2021376,-0.002204702106246259,23.43364009857178,4.245517428716024,0.006391316570666605,0.08344847934010129,0.4429504618048668,0.1326300948858261,5.23145866394043,0.9295247395833334,0.000190845696,0.0063615232,-0.004522609058767557,0.995499849319458,5,30,False,0.012173804454505444,476.4049630400458,2743.7836232799164,512.2696641019429,114.43705671775388,754.1118799799733,-10.297416953928916,nan,nan,2,0.0,0.0,0.0,0.0,1.0,0.0,0.0,3.0,3.0,0.0,0.0,1.0,600.0,-10.297416953928916
988,2023424,-0.0029813298334678013,2.742161178588867,4.243634208043416,0.00477570796937894,0.05246414275219043,0.4524552265803019,0.30694764852523804,1.7323781251907349,0.8689778645833334,0.000190735104,0.0063578368,-0.00379823031835258,0.9962202906608582,5,30,False,0.0075099775567650795,476.46155449963834,2746.7848393910535,512.8060132289829,114.5544834217435,754.1118799799733,-50.51387294895424,nan,nan,3,0.0,0.0,0.0,0.3333333333333333,0.6666666666666666,0.0,0.3333333333333333,1.6666666666666667,2.3333333333333335,1.0,0.0,0.6666666666666666,573.3333333333334,-50.51387294895424
989,2025472,-0.0027337348166232307,10.056857299804687,4.247221883138021,0.004385155674821297,0.0466294819683147,0.4700595582524935,0.2056429535150528,3.506610870361328,0.8056640625,0.00019062451199999998,0.0063541503999999995,-0.002780505921691656,0.9972301721572876,5,30,False,0.010932833887636662,476.49917014776133,2749.9206189580145,513.3790974039002,114.66370846574137,754.1118799799733,-27.098977967718746,nan,nan,5,0.0,0.0,0.0,0.0,1.0,0.0,0.0,2.4,2.2,0.2,0.4,1.0,600.0,-27.098977967718746
990,2027520,-0.0021398995847751695,8.97641110420227,4.2498242378234865,0.0030723670119578847,0.028009127146409202,0.5150344848632813,-0.6880925297737122,3.0568268299102783,0.8102213541666666,0.00019051392000000002,0.006350464,-0.0019327576737850904,0.9980711936950684,5,30,False,0.0066022807732224464,476.56757519566696,2752.8917247560166,513.8649147410615,114.7574432737456,754.1118799799733,-53.49386504251265,nan,nan,2,0.0,0.0,0.0,0.0,1.0,0.0,0.0,1.5,2.5,1.0,0.5,1.0,600.0,-53.49386504251265
991,2029568,-0.002972940654338648,6.693503713607788,4.251527881622314,0.004071148475856671,0.0428135968434314,0.42380902568499246,-0.07478398084640503,2.7568507194519043,0.8606770833333334,0.000190403328,0.0063467776,-0.0016932948492467403,0.9983092546463013,5,30,False,0.0072050560265779495,476.6440087102906,2755.7313377291575,514.4043046321458,114.86265180875489,754.1118799799733,-59.59253642025967,nan,nan,6,0.0,0.0,0.0,0.3333333333333333,0.6666666666666666,0.0,0.16666666666666666,1.3333333333333333,2.5,1.0,0.5,0.6666666666666666,548.0,-59.59253642025967
992,2031616,-0.002703792900623133,8.332515954971313,4.252153571446737,0.00370421798344213,0.03606252943476041,0.4333907937010129,-0.42475923895835876,2.8644301891326904,0.8447265625,0.000190292736,0.0063430911999999996,-0.0015922056045383215,0.9984094500541687,5,30,False,0.007445842958986759,476.77850766850605,2758.1887129620154,514.8246884540713,114.9702088717604,754.1118799799733,-85.90334553006021,nan,nan,3,0.0,0.0,0.0,0.6666666666666666,0.3333333333333333,0.0,0.0,0.6666666666666666,2.6666666666666665,2.0,0.3333333333333333,0.3333333333333333,472.6666666666667,-85.90334553006021
993,2033664,-0.0014665698322157065,5.840316486358643,4.251896095275879,0.002309625284287039,0.019074064190499486,0.42876423299312594,-0.39093875885009766,2.548555850982666,0.8942057291666666,0.000190182144,0.0063394048,-0.0017161380965262651,0.9982864856719971,5,30,False,0.004634035751223564,476.8930728195318,2760.6801965809864,515.3617753932485,115.07860288076336,754.1118799799733,-34.1597568834859,nan,nan,4,0.0,0.0,0.0,0.25,0.75,0.0,0.0,2.25,1.75,0.5,0.25,0.75,548.0,-34.1597568834859
994,2035712,-0.0028329653549008073,1.1680535674095154,4.2513422012329105,0.0036266513982635695,0.03533446557897454,0.404975625872612,0.23590615391731262,1.1066265106201172,0.8665364583333334,0.000190071552,0.006335718399999999,-0.0019278678810223937,0.9980752468109131,5,30,False,0.006110683549195528,476.9706579897064,2763.427943081071,515.973454347215,115.18889596976805,754.1118799799733,-18.818430467647584,nan,nan,3,0.0,0.0,0.0,0.0,1.0,0.0,0.0,2.6666666666666665,1.3333333333333333,0.0,0.3333333333333333,1.0,600.0,-18.818430467647584
995,2037760,-0.0022742421948350965,11.409532356262208,4.252252578735352,0.0052221908803304126,0.06321236602185915,0.44668883134921394,-0.06372052431106567,3.8522427082061768,0.81298828125,0.00018996096,0.006332032,-0.0010514040477573872,0.9989498853683472,5,30,False,0.011003208346664906,477.07411538998053,2766.1009695030807,516.4365953701781,115.29439177176391,754.1118799799733,-28.910030973068615,nan,nan,4,0.0,0.0,0.0,0.0,1.0,0.0,0.0,2.25,2.25,0.0,0.75,1.0,600.0,-28.910030973068615
996,2039808,-0.0024577096932868396,3.5467453002929688,4.25486946105957,0.0031115992844860402,0.028760005246537428,0.43576311667760215,0.7313942909240723,1.741531491279602,0.8533528645833334,0.000189850368,0.0063283456,-0.0003098229644820094,0.9996902346611023,5,30,False,0.006214436609297991,477.20379274381173,2768.514359398061,516.9236431283061,115.403827479764,754.1118799799733,-40.33816154457842,nan,nan,3,0.0,0.0,0.0,0.3333333333333333,0.6666666666666666,0.0,0.3333333333333333,2.0,2.3333333333333335,0.6666666666666666,0.0,0.6666666666666666,574.3333333333334,-40.33816154457842
997,2041856,-0.0013258182754119238,5.204479646682739,4.2551064173380535,0.003528016693174774,0.03323657792061567,0.479937614997228,-0.02040853165090084,2.3986523151397705,0.89111328125,0.000189739776,0.0063246592,-0.0009625375969335437,0.9990381002426147,5,30,False,0.008648406714200974,477.33741628021295,2770.955137460158,517.3560462415044,115.50949886876333,754.1118799799733,-76.87805737206236,nan,nan,4,0.0,0.0,0.0,0.5,0.5,0.0,0.25,0.75,2.25,1.25,0.75,0.5,521.25,-76.87805737206236
998,2043904,-0.0018549990141764282,3.5440821170806887,4.2544831275939945,0.0031265659395786887,0.028341591047743957,0.37301255961259205,0.2853279113769531,1.9562259912490845,0.8797200520833334,0.000189629184,0.0063209728,-0.000506183598190546,0.9994942545890808,5,30,False,0.006731514818966389,477.45876590894846,2773.4462801321642,517.8418578085402,115.61191446476732,754.1118799799733,-10.315719202307568,nan,nan,3,0.0,0.0,0.0,0.0,1.0,0.0,0.0,3.0,1.0,0.0,0.0,1.0,600.0,-10.315719202307568
999,2045952,-0.002503396353373925,6.122632837295532,4.255449676513672,0.0032482117731712943,0.031332697998732326,0.4219180588920911,-0.14503011107444763,2.383685827255249,0.8748372395833334,0.00018951859199999998,0.0063172864,-0.0004773992986883968,0.9995229244232178,5,30,False,0.0071821971796453,477.51725101020634,2776.4301085051993,518.3857306065329,115.72200201876694,754.1118799799733,-40.066544597165716,nan,nan,4,0.0,0.0,0.0,0.25,0.75,0.0,0.75,1.75,2.5,0.0,0.5,0.75,556.75,-40.066544597165716
1000,2048000,-0.0027065549395047126,9.94305477142334,4.2540326595306395,0.0042914638922740755,0.04470622553490102,0.4484076857566833,0.31077319383621216,3.3928823471069336,0.9051106770833334,0.00018940799999999999,0.006313599999999999,-0.0017243901966139674,0.9982773661613464,5,30,False,0.008511324413120747,477.60701021930333,2779.2222545210825,518.8569181274652,115.82564337077201,754.1118799799733,-46.62022505143793,nan,nan,4,0.0,0.0,0.0,0.25,0.75,0.0,0.25,1.75,2.75,0.75,0.25,0.75,555.25,-46.62022505143793
1001,2050048,-0.0025227993435692044,10.79877061843872,4.251398499806722,0.0033963102377034373,0.034470852025939774,0.39217739005883534,0.3299252688884735,3.062636137008667,0.9264322916666666,0.000189297408,0.0063099136,-0.0014383192174136639,0.9985634088516235,5,30,False,0.008670477196574211,477.70317697417005,2781.930697388336,519.3313879942725,115.95685016077186,754.1118799799733,-52.2934995901281,nan,nan,3,0.0,0.0,0.0,0.3333333333333333,0.6666666666666666,0.0,0.0,1.6666666666666667,2.6666666666666665,1.0,0.3333333333333333,0.6666666666666666,558.6666666666666,-52.2934995901281
1002,2052096,-0.001905872164449344,4.506628465652466,4.253430016835531,0.0029554499990553447,0.029115498554892837,0.4274845133225123,-0.18929006159305573,2.2716429233551025,0.9674479166666666,0.00018918681599999998,0.0063062272,-0.0009607348474673927,0.9990407228469849,5,30,False,0.00789172574877739,477.782491381011,2784.758726767337,519.8197561432025,116.0857791077724,754.1118799799733,-35.57942393513586,nan,nan,5,0.0,0.0,0.0,0.2,0.8,0.0,0.0,2.2,2.4,0.6,0.2,0.8,567.0,-35.57942393513586
1003,2054144,-0.003287754703584748,5.302195882797241,4.2550257841746015,0.003929419904384534,0.040808151755481956,0.39812561919291817,-0.17952091991901398,2.245103359222412,0.9396158854166666,0.000189076224,0.0063025408,-0.00015509840159211308,0.9998449683189392,5,30,False,0.009346849285066128,477.8670004470156,2787.6192415703554,520.2560696321452,116.19420172375976,754.1118799799733,-33.74236545667937,nan,nan,3,0.0,0.0,0.0,0.0,1.0,0.0,0.6666666666666666,2.0,3.0,0.3333333333333333,0.0,1.0,600.0,-33.74236545667937
1004,2056192,-0.0030831911562321087,4.751760578155517,4.2563940525054935,0.004044078814655139,0.041045191235995544,0.41140700578689576,-0.08180124312639236,2.3299403190612793,0.9938151041666666,0.000188965632,0.0062988544,0.0,1.0,5,30,False,0.0071912468411028385,477.9193545370835,2790.7506689902657,520.7007649302395,116.3115000367543,754.1118799799733,-74.73534272063382,nan,nan,3,0.0,0.0,0.0,0.6666666666666666,0.3333333333333333,0.0,0.3333333333333333,1.0,3.0,1.6666666666666667,0.0,0.3333333333333333,533.6666666666666,-74.73534272063382
1005,2058240,-0.002094756501416365,4.979423999786377,4.256456025441488,0.0020153356372397827,0.015403560952593882,0.3976652334133784,0.3120848834514618,2.518463134765625,0.9658203125,0.00018885503999999998,0.006295168,-0.0004578155349008739,0.9995423555374146,5,30,False,0.004227254074066877,477.976390540424,2793.7417601352354,521.2050662331458,116.45859084076073,754.1118799799733,-60.64205370192394,nan,nan,2,0.0,0.0,0.0,0.5,0.5,0.0,0.0,1.5,2.0,1.5,0.0,0.5,597.0,-60.64205370192394
1006,2060288,-0.0019334003950158755,4.203771615028382,4.256049251556396,0.003172942161937431,0.03104371572844684,0.373297780752182,-0.33250460028648376,2.2100603580474854,0.9373372395833334,0.000188744448,0.006291481599999999,0.0,1.0,5,30,False,0.005252073984593153,478.0606774685033,2796.615250119081,521.6206762831716,116.5662804327585,754.1118799799733,-16.170246348498342,nan,nan,6,0.0,0.0,0.0,0.0,1.0,0.0,0.0,2.8333333333333335,2.0,0.16666666666666666,0.0,1.0,600.0,-16.170246348498342
1007,2062336,-0.00325089586355413,5.855378675460815,4.256664339701334,0.00425264711707476,0.042251725859629614,0.3821987052758535,0.09818951040506363,1.8491054773330688,0.9112955729166666,0.000188633856,0.0062877952,-0.00022971839644014835,0.9997704029083252,5,30,False,0.00806694570928812,478.1245899311931,2799.619254322999,522.0891501681035,116.67959258575866,754.1118799799733,-40.99515938412151,nan,nan,2,0.0,0.0,0.0,0.0,1.0,0.0,0.0,2.0,2.0,1.0,0.0,1.0,600.0,-40.99515938412151
1008,2064384,-0.004328633949626237,5.182101058959961,4.2563243707021075,0.0033660314346651175,0.03536602333964159,0.4209114670753479,0.30569297075271606,2.2785120010375977,0.9348958333333334,0.00018852326399999999,0.0062841088,-8.940887346398085e-05,0.9999105930328369,5,30,False,0.007609651889652014,478.1750955823874,2802.648162245081,522.6338016349619,116.79623396675743,754.1118799799733,-60.78121415590904,nan,nan,5,0.0,0.0,0.0,0.4,0.6,0.0,0.0,1.4,2.6,1.2,0.4,0.6,549.8,-60.78121415590904
1009,2066432,-0.004225191093670825,19.169569396972655,4.256734561920166,0.005317196254327428,0.0639578048295031,0.37077218244473137,0.06521667540073395,4.593827247619629,0.9676106770833334,0.000188412672,0.006280422399999999,-6.709168519591913e-05,0.9999329447746277,5,30,False,0.00827818363904953,478.21159215173344,2805.75922476493,523.1998694118956,116.93863244676322,754.1118799799733,-50.7120897709392,nan,nan,3,0.0,0.0,0.0,0.3333333333333333,0.6666666666666666,0.0,0.3333333333333333,1.6666666666666667,3.0,1.0,0.0,0.6666666666666666,564.6666666666666,-50.7120897709392
1010,2068480,-0.0029783508585145076,11.171957397460938,4.255447196960449,0.004473081869154516,0.05132609839783982,0.42819954256216686,0.2674323320388794,3.722273349761963,0.8938802083333334,0.00018830208,0.006276736,-0.0011439016088843346,0.9988580942153931,5,30,False,0.008337000384926796,478.3131002492367,2808.446777759935,523.6470405209402,117.04698535177158,754.1118799799733,-10.343601628309216,nan,nan,3,0.0,0.0,0.0,0.0,1.0,0.0,0.0,3.0,2.3333333333333335,0.0,0.0,1.0,600.0,-10.343601628309216
1011,2070528,-0.0031542617517213026,7.3075603485107425,4.250013589859009,0.004910767383226933,0.05617264866984139,0.39572482407093046,-0.0886417031288147,2.987969160079956,0.8600260416666666,0.000188191488,0.0062730495999999995,-0.0036514890380203724,0.9963597655296326,5,30,False,0.007319962605834007,478.3482903120988,2811.7004850920202,524.1254983181134,117.15272895076487,754.1118799799733,-39.706454832569875,nan,nan,4,0.0,0.0,0.0,0.0,1.0,0.0,0.0,2.0,2.75,0.75,0.25,1.0,600.0,-39.706454832569875
1012,2072576,-0.002870882806989054,4.552553653717041,4.243391338984171,0.003374649538433516,0.028714951830140004,0.41768444577852887,0.5646051168441772,2.1785364151000977,0.91064453125,0.000188080896,0.0062693632,-0.005076885223388672,0.9949433207511902,5,30,False,0.007255596108734608,478.3747241651866,2814.942647704025,524.6726967799623,117.27136769476056,754.1118799799733,-36.56417114489352,nan,nan,2,0.0,0.0,0.0,0.0,1.0,0.0,0.5,2.0,2.0,0.5,0.0,1.0,600.0,-36.56417114489352
1013,2074624,-0.0025965905845320475,3.022390842437744,4.241245047251383,0.003210703135762788,0.02982807452790439,0.4306878755489985,-0.24402086436748505,1.761860728263855,0.9744466145833334,0.000187970304,0.0062656768,-0.005418240092694759,0.9946039915084839,5,30,False,0.005668625235557556,478.4602258616221,2817.652130996925,525.2045406348916,117.41035668976838,754.1118799799733,-23.324317393331512,nan,nan,4,0.0,0.0,0.0,0.0,1.0,0.0,0.0,2.5,2.5,0.0,0.5,1.0,600.0,-23.324317393331512
1014,2076672,-0.0028904877906218945,5.423305058479309,4.24009207089742,0.004858416699004135,0.05407006703317165,0.4168528378009796,-0.2887486219406128,2.474764585494995,0.93359375,0.000187859712,0.0062619904,-0.005686265416443348,0.9943386316299438,5,30,False,0.010013656690716743,478.5911685207703,2820.1054484527995,525.6332133500109,117.51058336877031,754.1118799799733,-43.8208652408357,nan,nan,3,0.0,0.0,0.0,0.3333333333333333,0.6666666666666666,0.0,0.0,2.0,2.3333333333333335,1.0,0.0,0.6666666666666666,599.6666666666666,-43.8208652408357
1015,2078720,-0.0011735153462116917,5.677387142181397,4.241362984975179,0.002486352278185307,0.01604021661914885,0.3877800673246384,-0.252878874540329,2.66166615486145,0.92138671875,0.00018774911999999998,0.006258303999999999,-0.004152814857661724,0.9958612322807312,5,30,False,0.004753421526402235,478.67464951662913,2822.9335200677597,526.0996911589609,117.61930329776078,754.1118799799733,-35.761963944432104,nan,nan,5,0.0,0.0,0.0,0.2,0.8,0.0,0.0,2.2,1.6,0.6,0.2,0.8,586.4,-35.761963944432104
1016,2080768,-0.004078037194752445,5.062745666503906,4.245835701624553,0.0034248406217832557,0.0328547014001136,0.4330683410167694,0.5131307244300842,1.9889248609542847,0.89111328125,0.00018763852799999999,0.0062546176,-0.0036215968430042267,0.9963879585266113,5,30,False,0.006529905833303928,478.7582869865075,2825.7223675847054,526.6097653088655,117.72000517975539,754.1118799799733,-28.681315286642832,nan,nan,3,0.0,0.0,0.0,0.0,1.0,0.0,0.0,2.3333333333333335,2.6666666666666665,0.3333333333333333,0.3333333333333333,1.0,600.0,-28.681315286642832
1017,2082816,-0.00431697080603044,9.708905363082886,4.247682809829712,0.0041591031298093975,0.04175563749546806,0.41621161649624505,-0.17765434086322784,2.442180871963501,0.947265625,0.000187527936,0.0062509312,-0.0023332866840064526,0.9976717829704285,5,30,False,0.006327334325760603,478.7990229363373,2828.818202558672,527.1459141787782,117.86682215475594,754.1118799799733,-50.60332895688953,nan,nan,4,0.0,0.0,0.0,0.25,0.75,0.0,0.0,1.75,2.0,1.25,0.0,0.75,567.25,-50.60332895688953
1018,2084864,-0.002887630418020611,7.349586343765258,4.248055521647135,0.0023684031001963107,0.01670066425576806,0.40385904163122177,-0.2886224389076233,2.912074089050293,0.9275716145833334,0.000187417344,0.0062472448,-0.004109093453735113,0.995904803276062,5,30,False,0.004735047463327646,478.8158368110667,2832.226084531547,527.6093286008982,117.98724353476427,754.1118799799733,-41.79831771425779,nan,nan,4,0.0,0.0,0.0,0.25,0.75,0.0,0.0,2.0,2.75,0.75,0.25,0.75,588.0,-41.79831771425779
1019,2086912,-0.0014709272499506673,7.925353860855102,4.24230367342631,0.003041199477836243,0.022083478106651455,0.4667473574479421,0.26369231939315796,2.3246991634368896,0.9064127604166666,0.00018730675200000002,0.0062435584,-0.005479821469634771,0.9945428371429443,5,30,False,0.005819466896355152,478.811990216565,2835.781563597586,528.1008086247894,118.10708356577379,754.1118799799733,-40.65794800240474,nan,nan,2,0.0,0.0,0.0,0.0,1.0,0.0,0.0,2.0,3.0,1.0,0.0,1.0,600.0,-40.65794800240474
1020,2088960,-0.0017760658171027898,5.803352642059326,4.2388558705647785,0.0035490200638828165,0.032666425515587134,0.4387546549240748,-0.41894808411598206,2.5086708068847656,0.9267578125,0.00018719616,0.006239872,-0.006293201353400946,0.993736207485199,5,30,False,0.00829661451280117,478.8331739150166,2839.1731036764977,528.5551312936877,118.21464415277296,754.1118799799733,-26.66720366048131,nan,nan,3,0.0,0.0,0.0,0.0,1.0,0.0,0.0,2.3333333333333335,2.3333333333333335,0.0,0.6666666666666666,1.0,600.0,-26.66720366048131
1021,2091008,-0.002423116430873051,9.110365390777588,4.2381776968638105,0.0037592345571922496,0.03938222074260314,0.42027898877859116,-0.28207534551620483,2.5720202922821045,0.8836263020833334,0.00018708556799999998,0.006236185599999999,-0.006050487514585257,0.9939770698547363,5,30,False,0.006558477878570557,478.8302817169401,2842.685034570415,529.1103252106404,118.31845379977312,754.1118799799733,-60.615621466891525,nan,nan,4,0.0,0.0,0.0,0.25,0.75,0.0,0.5,1.25,3.0,1.25,0.0,0.75,576.25,-60.615621466891525
1022,2093056,-0.004477925943016696,5.823848485946655,4.237485567728679,0.003933596513271649,0.04155073765044411,0.48946268459161124,-0.3722516596317291,2.467526435852051,0.9036458333333334,0.000186974976,0.0062324992,-0.007157993968576193,0.9928815364837646,5,30,False,0.006398175377398729,478.8590355801515,2845.854516989377,529.6935264817876,118.44254238776921,754.1118799799733,-74.82692713553752,nan,nan,4,0.0,0.0,0.0,0.5,0.5,0.0,0.0,1.0,2.75,1.75,0.25,0.5,587.75,-74.82692713553752
1023,2095104,-0.0020540014064560335,8.203326749801636,4.2358273347218836,0.0028121403984423753,0.02203592931230863,0.42935920854409537,-0.45782819390296936,2.986555576324463,0.9109700520833334,0.000186864384,0.0062288128,-0.006339695304632187,0.9936944246292114,5,30,False,0.0048139444552361965,478.89009608996804,2849.094281586411,530.199744060752,118.55252219976683,754.1118799799733,-52.298610606509406,nan,nan,3,0.0,0.0,0.0,0.3333333333333333,0.6666666666666666,0.0,0.0,1.6666666666666667,2.6666666666666665,1.0,0.3333333333333333,0.6666666666666666,552.6666666666666,-52.298610606509406
1024,2097152,-0.004213726423525562,4.661809778213501,4.239400243759155,0.0040552119950310345,0.04164349340523283,0.44137710332870483,0.5619804263114929,2.1858036518096924,0.88818359375,0.00018675379199999999,0.006225126399999999,-0.005538381170481443,0.9944876432418823,5,30,False,0.0067619881592690945,478.9180642825074,2852.238125878386,530.8155819766398,118.66601213275862,754.1118799799733,-70.83058958932125,nan,nan,5,0.0,0.0,0.0,0.6,0.4,0.0,0.0,1.2,2.2,1.8,0.0,0.4,545.8,-70.83058958932125
1025,2099200,-0.002938553679268807,5.879562282562256,4.240128739674886,0.003862460323380621,0.03961788509429122,0.441593865553538,-0.0433988943696022,2.480196714401245,0.8517252604166666,0.0001866432,0.00622144,-0.005665058270096779,0.9943619966506958,5,30,False,0.007660507690161467,478.94777371616135,2855.3390260994784,531.4549374535418,118.78636967475177,754.1118799799733,-47.91216923082732,nan,nan,3,0.0,0.0,0.0,0.0,1.0,0.0,0.0,1.6666666666666667,2.3333333333333335,0.6666666666666666,0.6666666666666666,1.0,600.0,-47.91216923082732
1026,2101248,-0.0024186103449513516,3.2760308027267455,4.238965543111165,0.002276630061332293,0.016603316428760687,0.4191386833786964,0.37140023708343506,1.7791142463684082,0.9430338541666666,0.000186532608,0.0062177536,-0.0066498881205916405,0.9933774471282959,5,30,False,0.003994992934167385,478.97426131445246,2858.5812135364104,531.9914546656219,118.9050612677529,754.1118799799733,-86.0188636041321,nan,nan,60,0.0,0.0,0.0,0.75,0.25,0.0,0.31666666666666665,0.7166666666666667,2.7,1.8333333333333333,nan,0.31666666666666665,461.15,nan
1027,2103296,-0.002445385241298936,1.86063951253891,4.235573800404866,0.0028947557983369787,0.02515972558176145,0.494977900882562,0.1231219470500946,1.417411208152771,0.9920247395833334,0.000186422016,0.006214067199999999,-0.0074501559138298035,0.9925823211669922,5,30,False,0.005476272664964199,473.2053251397556,2861.8768173483404,532.5630451286124,119.03337490976264,807.7829340029712,-23.319834282006923,nan,nan,2,0.0,0.0,0.0,0.0,1.0,0.0,0.0,2.5,1.5,0.0,0.5,1.0,600.0,-23.319834282006923
1028,2105344,-0.0023395530491446457,15.065493297576904,4.232815408706665,0.00398399912423392,0.04129886081597457,0.3933180823922157,0.48601287603378296,3.8141233921051025,0.9801432291666666,0.00018631142399999997,0.0062103808,-0.00870739296078682,0.9913341403007507,5,30,False,0.006390146911144257,473.21047722869184,2865.430843606271,533.0364939236897,119.14811028075928,807.7829340029712,-54.23708959550353,nan,nan,6,0.0,0.0,0.0,0.3333333333333333,0.6666666666666666,0.0,0.0,1.6666666666666667,3.0,1.3333333333333333,0.0,0.6666666666666666,592.5,-54.23708959550353
1029,2107392,-0.0036634001415222885,2.062241220474243,4.227485322952271,0.005496174932043182,0.06425467381874721,0.5191700523098309,0.23290877044200897,1.5007712841033936,0.99365234375,0.000186200832,0.006206694400000001,-0.011165997013449669,0.9889022707939148,5,30,False,0.00916017685085535,473.24198312359454,2868.7054149933247,533.549795992687,119.26275403377076,807.7829340029712,-60.80868829460087,nan,nan,2,0.0,0.0,0.0,0.5,0.5,0.0,0.0,1.5,3.0,1.5,0.0,0.5,541.5,-60.80868829460087
1030,2109440,-0.0025260038741786654,8.170542669296264,4.220914872487386,0.002590048776690897,0.022378858151690415,0.39509013493855794,0.40627139806747437,2.0918407440185547,0.9788411458333334,0.00018609024,0.0062030079999999994,-0.012687904760241508,0.9873985052108765,5,30,False,0.005591887980699539,473.31564568635,2871.6213566322986,534.0308893516631,119.36928625976725,807.7829340029712,-97.89823191112373,nan,nan,3,0.0,0.0,0.0,0.6666666666666666,0.3333333333333333,0.0,0.0,0.3333333333333333,3.0,2.6666666666666665,0.0,0.3333333333333333,538.0,-97.89823191112373
1031,2111488,-0.003322458368105193,1.9187288403511047,4.218632141749064,0.004173566387906628,0.04014563573679576,0.4197336629033089,0.0541682206094265,1.506524920463562,0.9861653645833334,0.000185979648,0.0061993216,-0.012631291523575783,0.9874555468559265,5,30,False,0.006883435416966677,473.38452900234114,2874.6277266643738,534.4859860767901,119.46289618576702,807.7829340029712,-35.59622614936961,nan,nan,4,0.0,0.0,0.0,0.25,0.75,0.0,0.0,2.25,2.5,0.75,0.0,0.75,593.0,-35.59622614936961
1032,2113536,-0.0031259835775320727,2.2355412006378175,4.219757413864135,0.003965410883255068,0.04492555531129862,0.4238021438320478,-0.03554253280162811,1.6066889762878418,0.99462890625,0.000185869056,0.0061956352,-0.011942947283387184,0.9881330728530884,5,30,False,0.011016549542546272,473.45103382397684,2877.6524291213864,534.9352245998161,119.56576605276496,807.7829340029712,-10.476659773993106,nan,nan,4,0.0,0.0,0.0,0.0,1.0,0.0,0.0,3.0,3.0,0.0,0.0,1.0,600.0,-10.476659773993106
1033,2115584,-0.001297684060409665,7.345744466781616,4.221987930933635,0.0034290453587528208,0.02995627630346765,0.3879183610280355,-0.41659310460090637,2.877063035964966,0.9381510416666666,0.000185758464,0.0061919487999999995,-0.011291153728961945,0.9887760877609253,5,30,False,0.005775335244834423,473.4769275407829,2880.917058594321,535.5100303907966,119.67257333477028,807.7829340029712,-16.926876029051225,nan,nan,3,0.0,0.0,0.0,0.0,1.0,0.0,0.3333333333333333,2.6666666666666665,3.0,0.0,0.0,1.0,600.0,-16.926876029051225
1034,2117632,-0.004965514850725109,2.4912108182907104,4.22146692276001,0.004301171998174493,0.0483508573534588,0.45196973780790967,0.3595926761627197,1.7233912944793701,0.8616536458333334,0.00018564787199999998,0.0061882624,-0.012885337695479393,0.9872013926506042,5,30,False,0.007789754308760166,473.5202219598502,2883.9876662183524,536.08735053071,119.78338707577495,807.7829340029712,-52.94229240919149,nan,nan,5,0.0,0.0,0.0,0.4,0.6,0.0,0.4,1.6,2.6,1.0,0.0,0.6,576.2,-52.94229240919149
1035,2119680,-0.00157199614138032,9.733871126174927,4.215951061248779,0.003166288107492273,0.025893244395653405,0.36465999682744343,0.7191122770309448,2.8669397830963135,0.9132486979166666,0.00018553728000000002,0.006184576,-0.01417284645140171,0.985932469367981,5,30,False,0.006259347777813673,473.5532723409796,2887.1760970873875,536.6298597748246,119.92109356778383,807.7829340029712,-25.72065578667025,nan,nan,2,0.0,0.0,0.0,0.0,1.0,0.0,0.0,2.5,3.0,0.5,0.0,1.0,600.0,-25.72065578667025
1036,2121728,-0.0032726124860346316,1.7716433525085449,4.213157208760579,0.003923913972729811,0.03893988391694923,0.38798562437295914,0.04047727212309837,1.3158355951309204,0.9850260416666666,0.000185426688,0.0061808895999999995,-0.014732645824551582,0.9853800535202026,5,30,False,0.008673525415360928,473.5692527976636,2890.6220743793383,537.120417546641,120.02879707278043,807.7829340029712,-27.00198123896674,nan,nan,3,0.0,0.0,0.0,0.0,1.0,0.0,0.0,2.3333333333333335,1.6666666666666667,0.0,0.6666666666666666,1.0,600.0,-27.00198123896674
1037,2123776,-0.0021239548339508476,12.225091552734375,4.211623668670654,0.002869234686190432,0.023459893212808915,0.39764813979466757,0.7078434228897095,3.7072532176971436,0.9332682291666666,0.00018531609599999998,0.0061772032,-0.015733523294329643,0.9843944907188416,5,30,False,0.005832432769238949,473.5838749940985,2894.0465875643567,537.6365586196771,120.13687985778961,807.7829340029712,-10.283546937203937,nan,nan,3,0.0,0.0,0.0,0.0,1.0,0.0,0.0,3.0,3.0,0.0,0.0,1.0,600.0,-10.283546937203937
1038,2125824,-0.0019945896909727406,8.120358943939209,4.2074966112772625,0.0025979069624816847,0.017281326251880575,0.42057698369026186,0.37837645411491394,3.0546655654907227,0.9189453125,0.000185205504,0.0061735168,-0.01725752279162407,0.982897937297821,5,30,False,0.005017886869609356,473.63159710504783,2897.1051808983175,538.1908898947004,120.24809457878291,807.7829340029712,-30.513215687974252,nan,nan,4,0.0,0.0,0.0,0.0,1.0,0.0,0.25,2.25,3.0,0.5,0.0,1.0,600.0,-30.513215687974252
1039,2127872,-0.003340196811283628,0.8509730637073517,4.205179897944133,0.0034681275808508684,0.03411507214574764,0.3541080211599668,0.1095370203256607,1.0363632440567017,0.9803059895833334,0.000185094912,0.0061698303999999995,-0.016895391047000885,0.9832546710968018,5,30,False,0.005560474470257759,473.68465747719347,2900.121049152207,538.7350585047097,120.35696862178156,807.7829340029712,-15.500509751371283,nan,nan,4,0.0,0.0,0.0,0.0,1.0,0.0,0.25,2.75,2.0,0.0,0.0,1.0,600.0,-15.500509751371283
1040,2129920,-0.0026272777817212046,1.8469522356987,4.207672262191773,0.004953279711179507,0.06068148333579302,0.3524807572364807,0.06962460279464722,1.2917684316635132,0.9988606770833334,0.00018498431999999998,0.006166144,-0.015847381204366684,0.9842876195907593,5,30,False,0.00930173322558403,473.731255428158,2903.1942351390608,539.2840033366083,120.46059493577923,807.7829340029712,-20.291929150996413,nan,nan,3,0.0,0.0,0.0,0.0,1.0,0.0,0.0,2.6666666666666665,2.3333333333333335,0.3333333333333333,0.0,1.0,600.0,-20.291929150996413
1041,2131968,-0.004417795462844273,1.0723223567008973,4.2101014137268065,0.0040856670603681994,0.040327992072949806,0.38341970841089884,0.0498543307185173,1.0381609201431274,0.99755859375,0.000184873728,0.0061624576,-0.015309073030948639,0.9848193526268005,5,30,False,0.00658381124958396,473.7786154873892,2906.220003234048,539.85552884356,120.58539404677867,807.7829340029712,-17.915586812534457,nan,nan,4,0.0,0.0,0.0,0.0,1.0,0.0,0.0,2.75,2.5,0.25,0.0,1.0,600.0,-17.915586812534457
1042,2134016,-0.0043399710673838856,0.7465827882289886,4.211210171381633,0.006502256610353167,0.08639322916666667,0.4454822619756063,0.13466694951057434,0.9489802122116089,1.0,0.000184763136,0.0061587712,-0.015390932559967041,0.9847404360771179,5,30,False,0.012393553741276264,473.8349683671559,2909.2718479071045,540.338185307497,120.69705221278127,807.7829340029712,-10.687801844136933,nan,nan,3,0.0,0.0,0.0,0.0,1.0,0.0,0.0,3.0,2.3333333333333335,0.0,0.0,1.0,600.0,-10.687801844136933
1043,2136064,-0.002746553435281385,2.717053198814392,4.209389034907023,0.00340736569613231,0.030405864181617896,0.42152128865321475,0.28512465953826904,1.825805425643921,0.9646809895833334,0.000184652544,0.0061550848,-0.016251906752586365,0.9839021563529968,5,30,False,0.006863892078399658,473.8882465297392,2912.3603895412525,540.8213888433675,120.80614718378638,807.7829340029712,-10.536461547680878,nan,nan,3,0.0,0.0,0.0,0.0,1.0,0.0,0.0,3.0,3.0,0.0,0.0,1.0,600.0,-10.536461547680878
1044,2138112,-0.002141684437204579,1.2172325611114503,4.207578039169311,0.003457992662713696,0.028707934795723606,0.4398724282781283,0.3245741128921509,1.12522554397583,0.95458984375,0.000184541952,0.006151398399999999,-0.016568519175052643,0.9835950136184692,5,30,False,0.0049452343955636024,473.92409616827723,2915.50074915828,541.3948060653202,120.91627306878217,807.7829340029712,-20.483695122570378,nan,nan,3,0.0,0.0,0.0,0.0,1.0,0.0,0.0,2.6666666666666665,2.3333333333333335,0.3333333333333333,0.0,1.0,600.0,-20.483695122570378
1045,2140160,-0.0033066699407451475,3.8282439708709717,4.20544908841451,0.003015776616588835,0.024421851775453737,0.4509707639614741,0.7594943046569824,1.9017505645751953,0.9715169270833334,0.00018443136,0.006147712,-0.018224596977233887,0.9819644689559937,5,30,False,0.005041362252086401,473.970487834877,2918.6535538651224,541.8733611114876,121.02460918278666,807.7829340029712,-30.663314986979003,nan,nan,4,0.0,0.0,0.0,0.0,1.0,0.0,0.25,2.25,3.0,0.5,0.0,1.0,600.0,-30.663314986979003
1046,2142208,-0.0028193214209750296,0.6816409945487976,4.199371337890625,0.0031353465145609032,0.0310546875,0.3978689273198446,-0.06334803253412247,0.8610435128211975,1.0,0.000184320768,0.0061440256,-0.019867785274982452,0.9803506731987,5,30,False,0.00622688140720129,474.02006912270707,2921.718037795057,542.4070090804889,121.13695070178073,807.7829340029712,-10.31257934673829,nan,nan,4,0.0,0.0,0.0,0.0,1.0,0.0,0.0,3.0,3.0,0.0,0.0,1.0,600.0,-10.31257934673829
1047,2144256,-0.0020507403338948884,0.5309066742658615,4.195154460271199,0.0036485168287375322,0.034895833333333334,0.4628168781598409,-0.1705101728439331,0.7744207382202148,1.0,0.000184210176,0.0061403392,-0.021135766059160233,0.9791075587272644,5,30,False,0.008687062188982964,474.1670989477472,2924.050719887149,542.7857542043203,121.23841958277626,807.7829340029712,-10.353427426063718,nan,nan,3,0.0,0.0,0.0,0.0,1.0,0.0,0.0,3.0,3.0,0.0,0.0,1.0,600.0,-10.353427426063718
1048,2146304,-0.0036088471727756164,3.7338549852371217,4.19314071337382,0.004586552839903224,0.053589777826952435,0.43242462823788325,-0.5426584482192993,1.9585164785385132,0.970703125,0.000184099584,0.0061366528,-0.02100634202361107,0.9792241454124451,5,30,False,0.008158084005117416,474.2444326921376,2926.9225736932276,543.2490678212635,121.35082905976742,807.7829340029712,-15.18965254592274,nan,nan,4,0.0,0.0,0.0,0.0,1.0,0.0,0.25,2.75,1.5,0.0,0.0,1.0,600.0,-15.18965254592274
1049,2148352,-0.0019303467435141405,0.554723682999611,4.195853885014852,0.0030354216137580417,0.022793841455131768,0.362975604335467,0.057707108557224274,0.7721711993217468,0.9583333333333334,0.000183988992,0.0061329664,-0.019552428275346756,0.9806443452835083,5,30,False,0.005620230454951525,474.29989522517536,2929.9933640693052,543.7348091872118,121.46062944177538,807.7829340029712,-10.269473093286555,nan,nan,3,0.0,0.0,0.0,0.0,1.0,0.0,0.0,3.0,2.3333333333333335,0.0,0.0,1.0,600.0,-10.269473093286555
1050,2150400,-0.001000645456952043,5.179597353935241,4.1992803573608395,0.0022770180033872952,0.01807458943221718,0.3912392010291417,0.19082778692245483,2.447815179824829,0.9451497395833334,0.00018387839999999998,0.006129279999999999,-0.019094550982117653,0.9811000823974609,5,30,False,0.00507343327626586,474.3535794803545,2933.04770655428,544.2400999233214,121.57364313678409,807.7829340029712,-17.009272014459686,nan,nan,3,0.0,0.0,0.0,0.0,1.0,0.0,0.3333333333333333,2.6666666666666665,3.0,0.0,0.0,1.0,600.0,-17.009272014459686
1051,2152448,-0.003286175577280422,2.3579476833343507,4.199924389521281,0.0039001074680894495,0.039770356953764956,0.4269815410176913,-0.16566045582294464,1.6971607208251953,0.9405924479166666,0.00018376780800000001,0.0061255936,-0.018539302051067352,0.9816511869430542,5,30,False,0.006667098496109247,474.39069155215765,2936.279445912238,544.7267359304096,121.69048845977522,807.7829340029712,-10.551802215424686,nan,nan,3,0.0,0.0,0.0,0.0,1.0,0.0,0.0,3.0,2.3333333333333335,0.0,0.0,1.0,600.0,-10.551802215424686
1052,2154496,-0.00314404231030494,1.845656645298004,4.20327738126119,0.003943888816448003,0.04058700852716963,0.4008148397008578,-0.0023942789994180202,1.470230221748352,0.9348958333333334,0.000183657216,0.0061219072,-0.017037034034729004,0.9831287264823914,5,30,False,0.006929616443812847,474.42378756367646,2939.442461546234,545.305525406613,121.81185418677342,807.7829340029712,-16.358038877445324,nan,nan,4,0.0,0.0,0.0,0.0,1.0,0.0,0.0,2.75,2.75,0.0,0.25,1.0,600.0,-16.358038877445324
1053,2156544,-0.00246219983479629,4.861326837539673,4.207816378275553,0.0027870651579755767,0.023513695927492032,0.42189079721768696,-0.2302393764257431,2.307833433151245,0.9010416666666666,0.00018354662399999998,0.0061182208,-0.015410497784614563,0.9847235679626465,5,30,False,0.005234476178884506,474.4596589990354,2942.635810986045,545.847850172664,121.915070111776,807.7829340029712,-31.99100695999141,nan,nan,4,0.0,0.0,0.0,0.0,1.0,0.0,0.0,2.25,2.75,0.5,0.25,1.0,600.0,-31.99100695999141
1054,2158592,-0.002271943116162826,0.48716325163841245,4.2114201863606775,0.0036953884594933374,0.032639605520914,0.4682722787062327,0.11845375597476959,0.7397215366363525,0.9267578125,0.000183436032,0.0061145344,-0.015111258253455162,0.985018253326416,5,30,False,0.005925911944359541,474.5015184930626,2945.8473922241246,546.2941457876295,122.04688246677688,807.7829340029712,-16.883538222062896,nan,nan,3,0.0,0.0,0.0,0.0,1.0,0.0,0.3333333333333333,2.6666666666666665,3.0,0.0,0.0,1.0,600.0,-16.883538222062896
1055,2160640,-0.002368668994555871,3.205144166946411,4.211892032623291,0.002967674282704569,0.02795090451836586,0.41969653218984604,-0.2283410280942917,1.8972067832946777,0.9290364583333334,0.00018332544,0.0061108479999999995,-0.01464136503636837,0.9854771494865417,5,30,False,0.006109050940722227,474.59111675319787,2948.6466502500407,546.7177906175784,122.14646703477774,807.7829340029712,-15.29985151548226,nan,nan,4,0.0,0.0,0.0,0.0,1.0,0.0,0.25,2.75,2.5,0.0,0.0,1.0,600.0,-15.29985151548226
1056,2162688,-0.0031896932050585747,1.8361329317092896,4.213278150558471,0.00497724020447562,0.057782711430142325,0.45452510118484496,0.2604769766330719,1.4009977579116821,0.91650390625,0.00018321484799999998,0.006107161599999999,-0.014592654071748257,0.9855193495750427,5,30,False,0.01129083801060915,474.67146108704554,2951.4865023930324,547.1732275346149,122.26444098877255,807.7829340029712,-20.56640065492441,nan,nan,3,0.0,0.0,0.0,0.0,1.0,0.0,0.0,2.6666666666666665,3.0,0.3333333333333333,0.0,1.0,600.0,-20.56640065492441
1057,2164736,-0.002318735715622703,4.595383334159851,4.214730246861776,0.00267764073537593,0.024170511266371857,0.37388355831305187,0.1778251826763153,1.7251499891281128,0.9192708333333334,0.00018310425600000002,0.0061034752,-0.013054493814706802,0.9870338439941406,5,30,False,0.006782718934118748,474.74101876640174,2954.486741721863,547.6005383435404,122.36347521576681,807.7829340029712,-50.75062224077692,nan,nan,3,0.0,0.0,0.0,0.3333333333333333,0.6666666666666666,0.0,0.3333333333333333,1.6666666666666667,2.6666666666666665,1.0,0.0,0.6666666666666666,565.6666666666666,-50.75062224077692
1058,2166784,-0.00271960897759224,0.4918177634477615,4.219041140874227,0.0030407510238935065,0.026647711611197642,0.3962792783975601,0.10447709262371063,0.7921639084815979,0.99072265625,0.000182993664,0.0060997888,-0.012355068698525429,0.9877258539199829,5,30,False,0.005339051131159067,474.8197632926319,2957.345776392074,548.0740621835284,122.46141156877275,807.7829340029712,-16.915394255984058,nan,nan,3,0.0,0.0,0.0,0.0,1.0,0.0,0.3333333333333333,2.6666666666666665,3.0,0.0,0.0,1.0,600.0,-16.915394255984058
1059,2168832,-0.002198007656261325,0.6320883661508561,4.2198102633158365,0.0035681744368048383,0.0365234375,0.4610737845301628,-0.058004435151815414,0.847534716129303,1.0,0.000182883072,0.006096102399999999,-0.012441521510481834,0.9876376986503601,5,30,False,0.00862680934369564,474.8851893308787,2960.299173381136,548.5789691045211,122.55886002877378,807.7829340029712,-10.296947665195216,nan,nan,5,0.0,0.0,0.0,0.0,1.0,0.0,0.0,3.0,3.0,0.0,0.0,1.0,600.0,-10.296947665195216
1060,2170880,-0.003095551267809545,2.141326379776001,4.217257038752238,0.004093290948928259,0.04268801417201758,0.37389118125041326,-0.19176433980464935,1.5745573043823242,0.98974609375,0.00018277248,0.006092416,-0.014132864773273468,0.9859668612480164,5,30,False,0.010427952744066715,474.95228478970176,2963.2413832151506,549.065868700447,122.66514827878564,807.7829340029712,-10.22938881728002,nan,nan,3,0.0,0.0,0.0,0.0,1.0,0.0,0.0,3.0,3.0,0.0,0.0,1.0,600.0,-10.22938881728002
1061,2172928,-0.003287567658117041,0.5346616774797439,4.214031648635864,0.0064174836049154605,0.08480221688902627,0.45213710417350134,0.1488053947687149,0.7694982886314392,0.9583333333333334,0.000182661888,0.0060887295999999995,-0.013859673403203487,0.9862372279167175,5,30,False,0.012830747291445732,474.9883816021093,2966.3343650331517,549.6869969395193,122.77382215578109,807.7829340029712,-10.294789007793648,nan,nan,3,0.0,0.0,0.0,0.0,1.0,0.0,0.0,3.0,3.0,0.0,0.0,1.0,600.0,-10.294789007793648
1062,2174976,-0.0022706783299023905,1.3729027092456818,4.216622765858968,0.0025787337590256272,0.023398690694011747,0.432442681491375,0.22918544709682465,1.1483701467514038,0.9620768229166666,0.000182551296,0.006085043199999999,-0.013063478283584118,0.9870232343673706,5,30,False,0.007148929871618748,475.01242718051884,2969.558208560964,550.2929893185355,122.89382609278255,807.7829340029712,-16.972458096684438,nan,nan,3,0.0,0.0,0.0,0.0,1.0,0.0,0.3333333333333333,2.6666666666666665,3.0,0.0,0.0,1.0,600.0,-16.972458096684438
1063,2177024,-0.0019038534364275014,1.638389563560486,4.2173646291097,0.0029338230981175383,0.026148301273739585,0.41873738914728165,0.017788177356123924,1.1883940696716309,0.9973958333333334,0.000182440704,0.0060813568,-0.013547620736062527,0.9865480661392212,5,30,False,0.009005016647279263,475.06495365892533,2972.7065213269525,550.7249484695785,123.00305651078816,807.7829340029712,-20.45958944539143,nan,nan,3,0.0,0.0,0.0,0.0,1.0,0.0,0.0,2.6666666666666665,3.0,0.3333333333333333,0.0,1.0,600.0,-20.45958944539143
1064,2179072,-0.0011768077073308328,2.6732474327087403,4.216284783681234,0.0028198176114067647,0.024984886373082795,0.3680628289779027,-0.42885375022888184,1.7662467956542969,0.951171875,0.000182330112,0.0060776703999999996,-0.013423020951449871,0.9866690635681152,5,30,False,0.006771519314497709,475.09825246205656,2975.9477993109176,551.234999102584,123.11242827278329,807.7829340029712,-10.608545867478824,nan,nan,4,0.0,0.0,0.0,0.0,1.0,0.0,0.0,3.0,3.0,0.0,0.0,1.0,600.0,-10.608545867478824
1065,2181120,-0.0018004506676030966,0.3492021203041077,4.216445700327555,0.0031186741262764607,0.023573680769186468,0.4418764899174372,0.02443288266658783,0.6101571917533875,0.9166666666666666,0.00018221952,0.006073984,-0.013498361222445965,0.9865947961807251,5,30,False,0.005184598732739687,475.1509464865579,2978.977875926954,551.7658729744435,123.22157194878673,807.7829340029712,-10.363943346381651,nan,nan,3,0.0,0.0,0.0,0.0,1.0,0.0,0.0,3.0,3.0,0.0,0.0,1.0,600.0,-10.363943346381651
1066,2183168,-0.003899763737960408,0.6702135443687439,4.217167727152506,0.004144904700483521,0.040315265480118496,0.37470701535542805,-0.005258990917354822,0.8609854578971863,0.95556640625,0.00018210892799999998,0.0060702976,-0.0124900434166193,0.9875905513763428,5,30,False,0.006297316402196884,475.1792113542276,2982.1571775660123,552.3675915834756,123.34480807978252,807.7829340029712,-18.286948592053157,nan,nan,5,0.0,0.0,0.0,0.0,1.0,0.0,0.4,2.6,2.6,0.0,0.0,1.0,600.0,-18.286948592053157
1067,2185216,-0.003273533855099231,4.187063407897949,4.221422227223714,0.004889874322066282,0.05682913038569192,0.43651433537403744,-0.09756281971931458,2.1475906372070312,0.9488932291666666,0.000181998336,0.0060666112,-0.011029339395463467,0.9890341758728027,5,30,False,0.009654627181589603,475.2265735466459,2985.36430808797,552.8012251745531,123.44386491877958,807.7829340029712,-20.55062968877064,nan,nan,3,0.0,0.0,0.0,0.0,1.0,0.0,0.0,2.6666666666666665,3.0,0.3333333333333333,0.0,1.0,600.0,-20.55062968877064
1068,2187264,-0.004072233384552722,10.35815782546997,4.225220394134522,0.005130970313517961,0.060741942170231294,0.4036545981963476,-0.42190849781036377,2.898360252380371,0.94921875,0.000181887744,0.0060629248,-0.009855691343545914,0.9901935458183289,5,30,False,0.008187311701476574,475.26210746142556,2988.58067183409,553.3080359126034,123.56698557778145,807.7829340029712,-44.00713294252637,nan,nan,3,0.0,0.0,0.0,0.3333333333333333,0.6666666666666666,0.0,0.0,2.0,3.0,1.0,0.0,0.6666666666666666,575.3333333333334,-44.00713294252637
1069,2189312,-0.002697931431854765,1.1862518906593322,4.227625226974487,0.0041776975759359345,0.04515727895001571,0.43167790174484255,0.4439907670021057,1.0243324041366577,0.9534505208333334,0.00018177715199999998,0.0060592384,-0.010089222341775894,0.9899622797966003,5,30,False,0.010151916183531284,475.3052968267929,2991.7854959368706,553.7597134127282,123.67661823878007,807.7829340029712,-17.031244476085703,nan,nan,3,0.0,0.0,0.0,0.0,1.0,0.0,0.3333333333333333,2.6666666666666665,2.3333333333333335,0.0,0.0,1.0,600.0,-17.031244476085703
1070,2191360,-0.0029006729057679576,1.7584007501602172,4.226108837127685,0.004130309107958161,0.04094443765158454,0.4299689839283625,-0.07771343737840652,1.4231023788452148,0.92578125,0.00018166656000000002,0.006055552,-0.01011509820818901,0.989936351776123,5,30,False,0.008332624100148678,475.34106274889166,2995.024652024891,554.235030929689,123.7960186417913,807.7829340029712,-22.95403177304007,nan,nan,4,0.0,0.0,0.0,0.0,1.0,0.0,0.25,2.5,2.5,0.25,0.0,1.0,600.0,-22.95403177304007
1071,2193408,-0.0026507594195815426,0.513182258605957,4.228386561075847,0.004336888820966071,0.0482418898648272,0.3802350545922915,0.0528031550347805,0.7761316299438477,0.9583333333333334,0.000181555968,0.006051865599999999,-0.008474070578813553,0.9915623664855957,5,30,False,0.011211838573217392,475.3800718794748,2998.1888455019507,554.7419099457184,123.91944145478192,807.7829340029712,-10.317874334391036,nan,nan,3,0.0,0.0,0.0,0.0,1.0,0.0,0.0,3.0,2.3333333333333335,0.0,0.0,1.0,600.0,-10.317874334391036
1072,2195456,-0.0036896061288037648,1.0126478910446166,4.233530410130819,0.0035361318822306606,0.0393396982535099,0.36383692026138303,-0.07799351215362549,0.9744763970375061,0.9798177083333334,0.00018144537599999998,0.0060481792,-0.007338514551520348,0.9926891326904297,5,30,False,0.007256430108100176,475.42286993135036,3001.4125962488906,555.1663365827262,124.04065436978999,807.7829340029712,-16.897867354865713,nan,nan,3,0.0,0.0,0.0,0.0,1.0,0.0,0.3333333333333333,2.6666666666666665,2.3333333333333335,0.0,0.0,1.0,600.0,-16.897867354865713
1073,2197504,-0.0032182095040601175,5.070330619812012,4.236867745717366,0.004668861522652527,0.051516012847423555,0.41649309744437535,-0.3476518988609314,2.3100197315216064,0.98779296875,0.000181334784,0.0060444928,-0.005698157008737326,0.9943184852600098,5,30,False,0.009145626798272133,475.4558928767673,3004.6457397017803,555.667141077909,124.15434077379177,807.7829340029712,-20.782209369834238,nan,nan,5,0.0,0.0,0.0,0.0,1.0,0.0,0.2,2.6,3.0,0.2,0.0,1.0,600.0,-20.782209369834238
1074,2199552,-0.001638761286934217,0.4593121767044067,4.24240517616272,0.0028707795465985936,0.01923828125,0.3715166325370471,0.14776557683944702,0.6919769644737244,1.0,0.000181224192,0.0060408064,-0.003885808866471052,0.9961222410202026,5,30,False,0.004299093037843704,475.48280842332804,3007.9399532575917,556.1656089299213,124.27035577878996,807.7829340029712,-10.352835936279007,nan,nan,3,0.0,0.0,0.0,0.0,1.0,0.0,0.0,3.0,3.0,0.0,0.0,1.0,600.0,-10.352835936279007
1075,2201600,-0.0027954107616096737,0.46345505118370056,4.247109270095825,0.003802737294851492,0.037369791666666666,0.4067779377102852,0.028109028935432434,0.7241714000701904,1.0,0.0001811136,0.00603712,-0.002569977194070816,0.9974338412284851,5,30,False,0.007941966876387596,475.50435988487766,3011.3299621955084,556.616463841885,124.39406903777854,807.7829340029712,-10.37644245084933,nan,nan,60,0.0,0.0,0.0,0.0,1.0,0.0,0.11666666666666667,1.15,2.783333333333333,1.65,nan,0.5333333333333333,523.75,nan
1076,2203648,-0.004066695319488644,6.462887811660766,4.250308815638224,0.00475813627629386,0.054972491879016164,0.40367704182863234,-0.3193363547325134,2.5733237266540527,0.9835611979166666,0.000181003008,0.0060334336,-0.0019198808586224914,0.998082160949707,5,30,False,0.009855680167675018,469.54133235708935,3014.5910866525955,557.2180918817758,124.53266103679198,866.7805867139832,-30.68339370263705,nan,nan,3,0.0,0.0,0.0,0.0,1.0,0.0,0.0,2.3333333333333335,3.0,0.6666666666666666,0.0,1.0,600.0,-30.68339370263705
1077,2205696,-0.004044076955566803,0.21426327228546144,4.251927900314331,0.004761233797762543,0.05426432291666667,0.3935787931084633,0.07882748544216156,0.5004732608795166,1.0,0.000180892416,0.006029747199999999,-0.0012441332219168544,0.9987567663192749,5,30,False,0.010194061324000359,469.57551901380543,3017.7873334034666,557.7718619457737,124.65283484380052,866.7805867139832,-10.32927040619567,nan,nan,3,0.0,0.0,0.0,0.0,1.0,0.0,0.0,3.0,3.0,0.0,0.0,1.0,600.0,-10.32927040619567
1078,2207744,-0.0013589499324249724,1.9643361687660217,4.254323863983155,0.0022733489965842627,0.019250484998337924,0.38113305817047755,-0.01698220521211624,1.4807648658752441,0.994140625,0.000180781824,0.006026060799999999,-0.0008785906247794628,0.9991225600242615,5,30,False,0.004603871144354343,469.6016655842886,3021.195408403466,558.2192135038058,124.76386312179966,866.7805867139832,-10.211743472576018,nan,nan,4,0.0,0.0,0.0,0.0,1.0,0.0,0.0,3.0,2.0,0.0,0.0,1.0,600.0,-10.211743472576018
1079,2209792,-0.00144541660217025,4.94062876701355,4.254284652074178,0.0036332039682708335,0.037940244345615305,0.40725473016500474,-0.23012423515319824,2.2489726543426514,0.9679361979166666,0.000180671232,0.0060223744,-0.000507886172272265,0.9994924068450928,5,30,False,0.010072281584143639,469.61183360325754,3024.6211078384367,558.746138440707,124.93522935280635,866.7805867139832,-23.54761977423838,nan,nan,3,0.0,0.0,0.0,0.0,1.0,0.0,0.6666666666666666,2.3333333333333335,3.0,0.0,0.0,1.0,600.0,-23.54761977423838
1080,2211840,-0.002539792136910061,3.744601821899414,4.256529521942139,0.004311860537688282,0.04741363720192263,0.3750783960024516,-0.15892814099788666,2.0239264965057373,0.958984375,0.00018056064,0.0060186879999999995,0.0,1.0,5,30,False,0.011620914563536644,469.61885975311395,3028.204628484411,559.2047562108492,125.04821681480098,866.7805867139832,-20.31303550655316,nan,nan,5,0.0,0.0,0.0,0.0,1.0,0.0,0.2,2.6,2.6,0.2,0.0,1.0,600.0,-20.31303550655316
1081,2213888,-0.004100510493541757,0.28710982352495196,4.256712468465169,0.0041965071238342444,0.043795076478272674,0.43006476809581123,0.4134506583213806,0.5084307193756104,0.9583333333333334,0.000180450048,0.0060150016,-0.00017207388009410352,0.9998279809951782,5,30,False,0.007280978839844465,469.63156369629706,3031.7069696932595,559.6862007887976,125.16873711481458,866.7805867139832,-10.403272464688447,nan,nan,3,0.0,0.0,0.0,0.0,1.0,0.0,0.0,3.0,3.0,0.0,0.0,1.0,600.0,-10.403272464688447
1082,2215936,-0.001967317936941981,1.7823241114616395,4.255040550231934,0.003982799698236613,0.04235376036570718,0.4311448628703753,0.09496215730905533,1.3896008729934692,0.96240234375,0.00018033945599999998,0.0060113152,-0.001135634840466082,0.998866081237793,5,30,False,0.011200034990906715,469.6854456060067,3034.7986355023313,560.186523573866,125.27563053481572,866.7805867139832,-23.472922686711872,nan,nan,3,0.0,0.0,0.0,0.0,1.0,0.0,0.6666666666666666,2.3333333333333335,2.3333333333333335,0.0,0.0,1.0,600.0,-23.472922686711872
1083,2217984,-0.003910330097035815,3.1326558589935303,4.252637275060018,0.006843089664226435,0.09030474662625541,0.4138552412390709,0.06356530636548996,1.7911255359649658,0.9851888020833334,0.00018022886399999999,0.0060076287999999995,-0.0014816680923104286,0.9985216856002808,5,30,False,0.015943506732583046,469.745237107264,3037.8237190922227,560.6926669367676,125.38718424380932,866.7805867139832,-10.293954446926364,nan,nan,2,0.0,0.0,0.0,0.0,1.0,0.0,0.0,3.0,3.0,0.0,0.0,1.0,600.0,-10.293954446926364
1084,2220032,-0.0013438622214986633,5.8371772289276125,4.252103122075399,0.0033174190485259934,0.026093551128481825,0.4744915177424749,0.1827961504459381,2.3315372467041016,0.9303385416666666,0.000180118272,0.006003942399999999,-0.0019703800790011883,0.9980319738388062,5,30,False,0.006622308865189552,469.8186599734521,3040.795600557307,561.1289926968893,125.4867804358073,866.7805867139832,-33.29181787215221,nan,nan,4,0.0,0.0,0.0,0.0,1.0,0.0,0.0,2.25,3.0,0.75,0.0,1.0,600.0,-33.29181787215221
1085,2222080,0.001968520499455432,1.5809484481811524,4.250746409098308,0.008596355052108902,0.030348981730639935,0.4521816353003184,0.11803489923477173,1.316582441329956,0.9529622395833334,0.00018000768,0.006000256,-0.0020522670820355415,0.9979514479637146,3,15,True,0.03428852930665016,469.890146297013,3043.7288009572076,561.6520905217913,125.55110499780858,866.7805867139832,-15.02050726043344,nan,nan,4,0.0,0.0,0.0,0.0,1.0,0.0,0.25,2.75,3.0,0.0,0.0,1.0,600.0,-15.02050726043344
1086,2224128,-0.00241399062773174,0.5193398863077163,4.249523417154948,0.003711538786424784,0.029804378076611706,0.4538611173629761,0.21305349469184875,0.7549243569374084,0.9583333333333334,0.00017989708800000002,0.0059965695999999995,-0.0028834219556301832,0.9971258044242859,5,30,False,0.00556964660063386,469.9656059291518,3046.593707414402,562.1527291618113,125.66338999681466,866.7805867139832,-10.520490491966433,nan,nan,3,0.0,0.0,0.0,0.0,1.0,0.0,0.0,3.0,3.0,0.0,0.0,1.0,600.0,-10.520490491966433
1087,2226176,-0.001634500501677394,3.578392267227173,4.246628030141195,0.003883198891839182,0.04321623701447,0.5000913883248965,-0.06602702289819717,1.9379287958145142,0.9757486979166666,0.000179786496,0.0059928832,-0.00405376311391592,0.995963454246521,5,30,False,0.00911018718034029,470.02388853938237,3049.6702739054454,562.6235744569567,125.76711667481868,866.7805867139832,-20.446388664569156,nan,nan,5,0.0,0.0,0.0,0.0,1.0,0.0,0.2,2.6,3.0,0.2,0.0,1.0,600.0,-20.446388664569156
1088,2228224,-0.0026545232782761254,0.3414116710424423,4.241965866088867,0.003324863105081022,0.028515625,0.3917334040006002,0.08699370920658112,0.6303738951683044,1.0,0.00017967590399999998,0.0059891968,-0.005918492563068867,0.9941048622131348,5,30,False,0.00626744469627738,470.08949298500096,3052.6561104783905,563.1077221558517,125.86681736481842,866.7805867139832,-10.444089892524062,nan,nan,3,0.0,0.0,0.0,0.0,1.0,0.0,0.0,3.0,3.0,0.0,0.0,1.0,600.0,-10.444089892524062
1089,2230272,-0.0016493546698863307,2.977833092212677,4.240814797083536,0.002927352776926284,0.02711762981877352,0.32708839972813925,-0.02625102736055851,1.757603645324707,0.98583984375,0.000179565312,0.0059855104,-0.004065867513418198,0.9959461092948914,5,30,False,0.0065354541875422,470.1601796657028,3055.536624947257,563.6505043479265,125.97086567581573,866.7805867139832,-10.330584157443354,nan,nan,3,0.0,0.0,0.0,0.0,1.0,0.0,0.0,3.0,3.0,0.0,0.0,1.0,600.0,-10.330584157443354
1090,2232320,-0.001303334867892166,1.8392916440963745,4.245115168889364,0.0030168726089192153,0.027197832505529127,0.3618315041065216,-0.04262576252222061,1.504132628440857,0.96630859375,0.00017945472,0.005981823999999999,-0.004246430471539497,0.9957678318023682,5,30,False,0.005848665721714497,470.2508930259098,3058.3932412943686,564.037618991948,126.06462562581873,866.7805867139832,-26.263670872656803,nan,nan,2,0.0,0.0,0.0,0.0,1.0,0.0,0.0,2.5,2.0,0.5,0.0,1.0,600.0,-26.263670872656803
1091,2234368,-0.0018996804564570388,0.49965625405311587,4.24303822517395,0.003170102744720242,0.02606030848498146,0.42524821708599725,0.07729203999042511,0.7408363819122314,0.9583333333333334,0.00017934412799999999,0.0059781376,-0.004868131130933762,0.9951514005661011,5,30,False,0.006027886178344488,470.3224870603312,3061.3172255743993,564.519936499797,126.16899327082501,866.7805867139832,-10.16447875653617,nan,nan,4,0.0,0.0,0.0,0.0,1.0,0.0,0.0,3.0,3.0,0.0,0.0,1.0,600.0,-10.16447875653617
1092,2236416,-0.0032268416573060675,17.96223192214966,4.24227515856425,0.0058681959450899825,0.07525171137725313,0.4352411190668742,-0.13329559564590454,3.5107593536376953,0.9542643229166666,0.000179233536,0.0059744512,-0.004703008569777012,0.9953168630599976,5,30,False,0.014065981842577457,470.3885454430883,3064.249204252381,565.0396449728141,126.27613620481861,866.7805867139832,-34.418894491044426,nan,nan,4,0.0,0.0,0.0,0.25,0.75,0.0,0.0,2.25,2.75,0.5,0.25,0.75,574.0,-34.418894491044426
1093,2238464,-0.002853016493221124,0.3434609979391098,4.2434183120727536,0.003162000188214768,0.02982137881917879,0.3837588628133138,0.21968480944633484,0.6358808279037476,0.9583333333333334,0.000179122944,0.005970764799999999,-0.004203122574836016,0.9958112239837646,5,30,False,0.0051775346510112286,470.45823500976564,3067.1925250433706,565.4760933416546,126.42223526381713,866.7805867139832,-10.360495903156638,nan,nan,3,0.0,0.0,0.0,0.0,1.0,0.0,0.0,3.0,1.6666666666666667,0.0,0.0,1.0,600.0,-10.360495903156638
1094,2240512,-0.002821126487106085,2.1713499307632445,4.244571987787882,0.004292828686762107,0.04594898445842167,0.41860746691624323,-0.22944188117980957,1.4846339225769043,0.98681640625,0.000179012352,0.0059670784,-0.003958168439567089,0.9960548281669617,5,30,False,0.007469496224075556,470.45704592128203,3070.7766527953645,565.9619599417201,126.5786227898061,866.7805867139832,-19.178257797890364,nan,nan,5,0.0,0.0,0.0,0.0,1.0,0.0,0.2,2.6,2.8,0.0,0.2,1.0,600.0,-19.178257797890364
1095,2242560,-0.0010059308260679245,0.18960188925266266,4.244586817423502,0.0027039905117514232,0.02021484375,0.46239707519610723,0.14471149444580078,0.45684686303138733,1.0,0.00017890175999999997,0.005963392,-0.00436839135363698,0.9956480264663696,5,30,False,0.006751942913979292,470.476204369399,3074.2894195484405,566.3762745507556,126.68265853980847,866.7805867139832,-10.228704095209196,nan,nan,3,0.0,0.0,0.0,0.0,1.0,0.0,0.0,3.0,3.0,0.0,0.0,1.0,600.0,-10.228704095209196
1096,2244608,-0.0031321726428965727,0.24293242543935775,4.243986209233602,0.0035031799518037586,0.030989583333333334,0.37505575716495515,0.05115852504968643,0.5303040146827698,1.0,0.000178791168,0.0059597056,-0.004002027213573456,0.9960128664970398,5,30,False,0.005770990625023842,470.4727257249123,3077.914700582449,566.8614308628021,126.82942342980823,866.7805867139832,-10.357057222174944,nan,nan,4,0.0,0.0,0.0,0.0,1.0,0.0,0.0,3.0,2.5,0.0,0.0,1.0,600.0,-10.357057222174944
1097,2246656,-0.0016778752362976471,0.0744581412523985,4.246456114451091,0.003113443802188461,0.024153645833333334,0.4344246670603752,0.17516687512397766,0.2564394772052765,1.0,0.000178680576,0.0059560192,-0.0029854867607355118,0.997022271156311,5,30,False,0.006229884922504425,470.4885796267374,3081.4045617082884,567.3216682627826,126.94637957580562,866.7805867139832,-9.766865809484898,nan,nan,1,0.0,0.0,0.0,0.0,1.0,0.0,0.0,3.0,3.0,0.0,0.0,1.0,600.0,-9.766865809484898
1098,2248704,-0.0030589247200017173,0.5749741971492768,4.24977248509725,0.003837868305466448,0.038671875,0.4198595176140467,0.006975293159484863,0.7750992178916931,1.0,0.000178569984,0.0059523328,-0.001651875558309257,0.9983502626419067,5,30,False,0.008223721757531166,470.5413573537928,3084.513389765314,567.784215247797,127.05455335580336,866.7805867139832,-10.279611766399285,nan,nan,4,0.0,0.0,0.0,0.0,1.0,0.0,0.0,3.0,3.0,0.0,0.0,1.0,600.0,-10.279611766399285
1099,2250752,-0.0028472705588986477,0.6039512068033218,4.253348859151204,0.003077860128056879,0.027408854166666666,0.3793270841240883,0.05865155905485153,0.8092707991600037,1.0,0.000178459392,0.005948646399999999,-0.0008960092673078179,0.9991046190261841,5,30,False,0.0054814694449305534,470.578178769912,3087.7347668782313,568.2748683258833,127.18402795780275,866.7805867139832,-10.068375327670765,nan,nan,4,0.0,0.0,0.0,0.0,1.0,0.0,0.0,3.0,3.0,0.0,0.0,1.0,600.0,-10.068375327670765
1100,2252800,-0.0011916155344806612,2.4287276744842528,4.255139017105103,0.0030246961259681347,0.020986186681936185,0.3377596318721771,-0.13660787045955658,1.6370691061019897,0.9915364583333334,0.0001783488,0.00594496,-0.00015656529285479337,0.9998434782028198,5,30,False,0.00444341404363513,470.63409157618344,3090.84319794325,568.718573530743,127.28638386780221,866.7805867139832,-10.2490490917747,nan,nan,3,0.0,0.0,0.0,0.0,1.0,0.0,0.0,3.0,1.6666666666666667,0.0,0.0,1.0,600.0,-10.2490490917747
1101,2254848,-0.003464852370476971,1.8873967170715331,4.256709400812785,0.004469208499432061,0.04750835068989545,0.3866224845250448,0.056391868740320206,1.3101675510406494,0.9581705729166666,0.00017823820799999998,0.0059412736,0.0,1.0,5,30,False,0.00895451195538044,470.7112602392103,3093.7378679242684,569.1553540297027,127.39155299280537,866.7805867139832,-10.321406304929042,nan,nan,4,0.0,0.0,0.0,0.0,1.0,0.0,0.0,3.0,3.0,0.0,0.0,1.0,600.0,-10.321406304929042
1102,2256896,-0.0031619364587337864,0.5728474795818329,4.256252908706665,0.004512644532389662,0.05420661206978063,0.39630653460820514,0.154508575797081,0.7001174688339233,0.9205729166666666,0.00017812761600000002,0.0059375872,-0.0006614116718992591,0.9993390440940857,5,30,False,0.009698119945824146,470.7910805424357,3096.6205150712194,569.5795298607409,127.49365862680133,866.7805867139832,-21.485299480631852,nan,nan,4,0.0,0.0,0.0,0.0,1.0,0.0,0.25,2.5,1.75,0.0,0.25,1.0,600.0,-21.485299480631852
1103,2258944,-0.0019698357985665402,0.47810786962509155,4.253326304753622,0.004272628911227609,0.04000651041666667,0.40482959945996605,0.08124297112226486,0.7566060423851013,1.0,0.000178017024,0.0059339008,-0.0016514938324689865,0.9983507990837097,5,30,False,0.00763176754117012,470.8462895236925,3099.6804252122092,570.0677256265335,127.60161900579988,866.7805867139832,-10.692773644765566,nan,nan,4,0.0,0.0,0.0,0.0,1.0,0.0,0.0,3.0,2.5,0.0,0.0,1.0,600.0,-10.692773644765566
1104,2260992,-0.0033808592318867645,0.26269189566373824,4.250818840662638,0.0043432741309516135,0.0513671875,0.4399909491340319,0.16719946265220642,0.530977725982666,1.0,0.000177906432,0.0059302144,-0.0022346978075802326,0.9977690577507019,5,30,False,0.009406300261616707,470.8927102523137,3102.8311156932177,570.5630923715798,127.70268266880885,866.7805867139832,-10.188264759650338,nan,nan,1,0.0,0.0,0.0,0.0,1.0,0.0,0.0,3.0,3.0,0.0,0.0,1.0,600.0,-10.188264759650338
1105,2263040,-0.0018045696274687846,0.6674546778202057,4.249271535873413,0.0025586042320355773,0.02275390625,0.39624573638041816,0.005447219125926495,0.842681348323822,1.0,0.00017779584,0.0059265279999999995,-0.002856072736904025,0.9971501231193542,5,30,False,0.005697677843272686,470.9635072804393,3105.802412656092,570.9860648924805,127.81221639481373,866.7805867139832,-10.198859615843219,nan,nan,4,0.0,0.0,0.0,0.0,1.0,0.0,0.0,3.0,3.0,0.0,0.0,1.0,600.0,-10.198859615843219
1106,2265088,-0.0027969598925362033,0.3348980277776718,4.248050673802694,0.002981935410449902,0.0287109375,0.36247106740872065,0.08486847579479218,0.5987060070037842,1.0,0.000177685248,0.005922841599999999,-0.0026243627071380615,0.9973808526992798,5,30,False,0.00621776282787323,470.99602139955573,3109.1045925610233,571.4581428385718,127.92229896280332,866.7805867139832,-10.208951261951768,nan,nan,4,0.0,0.0,0.0,0.0,1.0,0.0,0.0,3.0,2.5,0.0,0.0,1.0,600.0,-10.208951261951768
1107,2267136,-0.0028505238859603804,0.2936590760946274,4.2499151706695555,0.0045291372671878586,0.053548177083333336,0.4021174103021622,0.10422635078430176,0.5651652812957764,1.0,0.000177574656,0.0059191552,-0.0019397595897316933,0.9980630874633789,5,30,False,0.014426272362470627,471.0338835481417,3112.303788281948,571.9710848267132,128.03214212680177,866.7805867139832,-10.276577535013834,nan,nan,3,0.0,0.0,0.0,0.0,1.0,0.0,0.0,3.0,1.6666666666666667,0.0,0.0,1.0,600.0,-10.276577535013834
1108,2269184,-0.0031359398427108923,4.315013599395752,4.2509764989217125,0.003828157115485098,0.04091088457110648,0.3940766856074333,-0.10747705399990082,2.172600746154785,0.9744466145833334,0.000177464064,0.0059154687999999995,-0.002083561150357127,0.9979197382926941,5,30,False,0.00786601286381483,471.0963540872543,3115.292575104075,572.419293558909,128.17208454381034,866.7805867139832,-18.104300178812537,nan,nan,4,0.0,0.0,0.0,0.0,1.0,0.0,0.0,2.75,3.0,0.25,0.0,1.0,600.0,-18.104300178812537
1109,2271232,-0.001830951672551843,0.3948694944381714,4.250598748524983,0.003579215946471474,0.030269098941547175,0.3918830101688703,0.12862850725650787,0.641303300857544,0.9583333333333334,0.000177353472,0.0059117824,-0.0020912315230816603,0.9979123473167419,5,30,False,0.007038114592432976,471.14109787148755,3118.4829998019704,572.8683261169645,128.28586776880547,866.7805867139832,-9.94667037794784,nan,nan,4,0.0,0.0,0.0,0.0,1.0,0.0,0.0,3.0,3.0,0.0,0.0,1.0,600.0,-9.94667037794784
1110,2273280,-0.0025851911399513484,0.3741870760917664,4.251052220662435,0.0034298574579823197,0.03111761718367537,0.38630871127049127,0.27824440598487854,0.5748758316040039,0.9752604166666666,0.00017724288,0.005908096,-0.001641018781810999,0.9983603954315186,5,30,False,0.005628582090139389,471.1787693920537,3121.755999157962,573.3183670838771,128.39480236380768,866.7805867139832,-18.622847823722015,nan,nan,3,0.0,0.0,0.0,0.0,1.0,0.0,0.0,2.6666666666666665,2.6666666666666665,0.0,0.3333333333333333,1.0,600.0,-18.622847823722015
1111,2275328,-0.0009991649227837722,0.2882446050643921,4.251243845621745,0.0024370459412845474,0.015234375,0.46049578885237374,0.23353374004364014,0.5291631817817688,1.0,0.000177132288,0.0059044095999999996,-0.0024309277068823576,0.9975726008415222,5,30,False,0.004188830032944679,471.21729144792516,3124.995059165958,573.799548633775,128.49799340980826,866.7805867139832,-10.261729242702131,nan,nan,2,0.0,0.0,0.0,0.0,1.0,0.0,0.0,3.0,3.0,0.0,0.0,1.0,600.0,-10.261729242702131
1112,2277376,-0.002488994613910715,1.8979203939437865,4.250269428888957,0.004059565984228288,0.04634241111343727,0.37683111329873403,0.13900405168533325,1.399991512298584,0.9918619791666666,0.00017702169599999998,0.005900723199999999,-0.0015789124881848693,0.9984232783317566,5,30,False,0.009169613011181355,471.21208887817943,3128.6059072590288,574.3446164887137,128.60609287880652,866.7805867139832,-18.025496674332317,nan,nan,4,0.0,0.0,0.0,0.0,1.0,0.0,0.0,2.75,3.0,0.25,0.0,1.0,600.0,-18.025496674332317
1113,2279424,-0.003490914466480414,0.3761851340532303,4.253272867202758,0.0034702765144174917,0.035319010416666664,0.3865652064482371,0.08011656999588013,0.6448342204093933,1.0,0.000176911104,0.0058970368,-0.0010043581714853644,0.9989967346191406,5,30,False,0.00600308645516634,471.2309305655468,3131.9600703859614,574.8905845357949,128.7161301648157,866.7805867139832,-10.418025747728564,nan,nan,4,0.0,0.0,0.0,0.0,1.0,0.0,0.0,3.0,2.5,0.0,0.0,1.0,600.0,-10.418025747728564
1114,2281472,-0.0031513673951849342,2.053361213207245,4.253642241160075,0.00434370045358976,0.0459754552381734,0.3957701951265335,-0.225277841091156,1.4646450281143188,0.9801432291666666,0.000176800512,0.0058933504,-0.000982227735221386,0.9990187883377075,5,30,False,0.008793408051133156,471.2340443537741,3135.438017794877,575.4715192077565,128.826415998803,866.7805867139832,-16.607805722072573,nan,nan,3,0.0,0.0,0.0,0.0,1.0,0.0,0.3333333333333333,2.6666666666666665,2.3333333333333335,0.0,0.0,1.0,600.0,-16.607805722072573
1115,2283520,-0.002588230712960164,0.3643646568059921,4.253963772455851,0.0033209958230145274,0.030208333333333334,0.38043983379999796,-0.003110359190031886,0.6138083934783936,1.0,0.00017668991999999998,0.005889663999999999,-0.001037335256114602,0.9989632368087769,5,30,False,0.006111550144851208,471.2632701644795,3138.7555799937254,575.9627732446534,128.92748780579132,866.7805867139832,-10.41079060672746,nan,nan,4,0.0,0.0,0.0,0.0,1.0,0.0,0.0,3.0,3.0,0.0,0.0,1.0,600.0,-10.41079060672746
1116,2285568,-0.0009784525105108817,0.20472661554813384,4.255238564809163,0.002491449026274495,0.0185546875,0.40045372943083446,0.1165439635515213,0.4647879898548126,1.0,0.000176579328,0.0058859776,0.0,1.0,5,30,False,0.006013103295117617,471.3056985324743,3141.7911091046844,576.549566988484,129.06584706179274,866.7805867139832,-10.126200309005677,nan,nan,3,0.0,0.0,0.0,0.0,1.0,0.0,0.0,3.0,3.0,0.0,0.0,1.0,600.0,-10.126200309005677
1117,2287616,-0.0030428724363446235,0.30544744431972504,4.2567667961120605,0.0035760562013213834,0.032454427083333334,0.375202185412248,0.18676327168941498,0.5631548166275024,1.0,0.000176468736,0.0058822912,-6.112176197348163e-05,0.9999389052391052,5,30,False,0.007395063526928425,471.3243251912232,3145.2424375658156,577.0097528636979,129.1711678677966,866.7805867139832,-10.436849448211433,nan,nan,4,0.0,0.0,0.0,0.0,1.0,0.0,0.0,3.0,2.5,0.0,0.0,1.0,600.0,-10.436849448211433
1118,2289664,-0.0028713375485191744,0.16286076754331588,4.255100377400717,0.0039421334979124366,0.03310546875,0.3712934171160062,0.09200264513492584,0.4062851667404175,1.0,0.00017635814400000002,0.0058786048,-0.0012901570880785584,0.9987120628356934,5,30,False,0.0075207119807600975,471.3418941333242,3148.652760928715,577.5155937906675,129.28229458379792,866.7805867139832,-10.229613799601793,nan,nan,2,0.0,0.0,0.0,0.0,1.0,0.0,0.0,3.0,2.0,0.0,0.0,1.0,600.0,-10.229613799601793
1119,2291712,-0.002127313984480376,4.55736563205719,4.253061691919963,0.003753401879326005,0.036291682099302607,0.3635071178277334,-0.38991019129753113,2.2732529640197754,0.9539388020833334,0.000176247552,0.0058749184,-0.0009560035541653633,0.9990453720092773,5,30,False,0.008108752779662609,471.3833622032378,3151.863919373718,577.9830196736584,129.38542300280824,866.7805867139832,-10.260653391066285,nan,nan,4,0.0,0.0,0.0,0.0,1.0,0.0,0.0,3.0,3.0,0.0,0.0,1.0,600.0,-10.260653391066285
1120,2293760,-0.002828649612880933,2.123757767677307,4.254067897796631,0.004077875348955481,0.042984584668496,0.3994749238093694,8.606052142567933e-05,1.6135318279266357,0.8942057291666666,0.00017613696,0.005871232,-0.0012639062479138374,0.9987375140190125,5,30,False,0.008419971913099289,471.43174944298687,3154.8989778038085,578.5334818507399,129.49638686780236,866.7805867139832,-10.244912306347942,nan,nan,4,0.0,0.0,0.0,0.0,1.0,0.0,0.0,3.0,2.5,0.0,0.0,1.0,600.0,-10.244912306347942
1121,2295808,-0.002350270476502677,2.1488510966300964,4.253624391555786,0.004229476008050052,0.04629202991491184,0.39803493420283,0.06441009044647217,1.553515076637268,0.8917643229166666,0.000176026368,0.005867545599999999,-0.000728807644918561,0.9992716312408447,5,30,False,0.0068040769547224045,471.50741687521514,3157.74246449185,579.0084832207358,129.61008513279376,866.7805867139832,-33.378718929150814,nan,nan,3,0.0,0.0,0.0,0.0,1.0,0.0,0.3333333333333333,2.0,2.3333333333333335,0.0,0.6666666666666666,1.0,600.0,-33.378718929150814
1122,2297856,-0.0025066788230712215,0.2867706671357155,4.2551623026529946,0.002758390836285814,0.026572779073224712,0.37616498619318006,0.3273005485534668,0.5214357972145081,0.9742838541666666,0.000175915776,0.0058638592,-0.0005301999626681209,0.9994702339172363,5,30,False,0.007533370051532984,471.53969089489124,3161.0478852786764,579.4760959304986,129.71877214379492,866.7805867139832,-16.747326531049566,nan,nan,4,0.0,0.0,0.0,0.0,1.0,0.0,0.0,2.75,2.75,0.0,0.25,1.0,600.0,-16.747326531049566
1123,2299904,-0.0021193120007713634,0.47445263266563414,4.254228830337524,0.002305665579236423,0.016536458333333334,0.42244041661421455,0.12773123383522034,0.731126070022583,1.0,0.00017580518399999998,0.0058601728,-0.0012984544737264514,0.9987033605575562,5,30,False,0.004615519195795059,471.53813283350814,3164.6073741516448,580.0091467393795,129.85071588680148,866.7805867139832,-10.81571364870615,nan,nan,3,0.0,0.0,0.0,0.0,1.0,0.0,0.0,3.0,2.3333333333333335,0.0,0.0,1.0,600.0,-10.81571364870615
1124,2301952,-0.0018923406023532152,0.4819596320390701,4.252109479904175,0.003914113752155875,0.035904947916666666,0.43017369757095975,0.22585120797157288,0.7019329071044922,1.0,0.000175694592,0.0058564864,-0.0019338028505444527,0.998069703578949,5,30,False,0.008695636875927448,471.55251278157107,3168.011299541671,580.5442971564771,129.96766079679946,866.7805867139832,-10.1814700924524,nan,nan,60,0.0,0.0,0.0,0.0,1.0,0.0,0.08333333333333333,0.7666666666666667,2.783333333333333,2.1333333333333333,nan,0.5,502.73333333333335,nan
1125,2304000,-0.002286475025418137,4.350150752067566,4.250679508845011,0.00388124117707133,0.03724120317492634,0.3813889945546786,-0.19716624915599823,2.249563694000244,0.9287109375,0.000175584,0.0058528,-0.0020680571906268597,0.9979356527328491,5,30,False,0.007294055540114641,466.6879825581139,3171.0663188187173,581.0041157043743,130.07738865980355,918.3116026499774,-11.595833935375595,nan,nan,2,0.0,0.0,0.0,0.0,1.0,0.0,0.0,3.0,3.0,0.0,0.0,1.0,600.0,-11.595833935375595
1126,2306048,-0.002972340432946415,0.6417898774147034,4.2504796822865805,0.003896928365237105,0.04061334078821043,0.4163424640893936,0.19405794143676758,0.8347451686859131,0.9166666666666666,0.000175473408,0.0058491136,-0.002103148028254509,0.9979016184806824,5,30,False,0.00885374192148447,466.7459321787018,3174.0797055426665,581.5211784094718,130.18652674779878,918.3116026499774,-10.253275931402527,nan,nan,4,0.0,0.0,0.0,0.0,1.0,0.0,0.0,3.0,2.5,0.0,0.0,1.0,600.0,-10.253275931402527
1127,2308096,-0.0020031420630402864,0.541220822930336,4.249557097752889,0.003426322524997087,0.031988427074005205,0.35748088161150615,0.02607584558427334,0.7363368272781372,0.9777018229166666,0.000175362816,0.0058454271999999995,-0.0029218250419944525,0.9970855712890625,5,30,False,0.0056851147674024105,466.7969203678382,3177.155043799692,582.0607596995978,130.28610212779313,918.3116026499774,-22.734767677776418,nan,nan,4,0.0,0.0,0.0,0.0,1.0,0.0,0.0,2.5,2.0,0.0,0.5,1.0,600.0,-22.734767677776418
1128,2310144,-0.002418113975242401,1.6194328904151916,4.24879986445109,0.003623853896696216,0.03628029550891369,0.3315519566337268,0.060885924845933914,1.376596450805664,0.96142578125,0.00017525222399999998,0.005841740799999999,-0.0019993281457573175,0.9980038404464722,5,30,False,0.007569614797830582,466.84097184705354,3180.310242092615,582.5749437644699,130.41715453479264,918.3116026499774,-10.259453877172538,nan,nan,3,0.0,0.0,0.0,0.0,1.0,0.0,0.0,3.0,3.0,0.0,0.0,1.0,600.0,-10.259453877172538
1129,2312192,-0.0026996561714137594,0.5925684452056885,4.251024007797241,0.003139806810124505,0.025612287254383168,0.4068091407418251,0.1922667771577835,0.7809903621673584,0.9583333333333334,0.000175141632,0.0058380544,-0.0021966879721730947,0.9978072643280029,5,30,False,0.006366638001054525,466.890135098622,3183.502069119553,583.0167855305917,130.52478915578104,918.3116026499774,-10.41916127212454,nan,nan,4,0.0,0.0,0.0,0.0,1.0,0.0,0.0,3.0,3.0,0.0,0.0,1.0,600.0,-10.41916127212454
1130,2314240,-0.0027824092733984194,0.3900255590677261,4.250819396972656,0.003948330969072744,0.04059500534009809,0.4105792596936226,0.15098218619823456,0.6275520920753479,0.99365234375,0.00017503104,0.0058343679999999995,-0.0017275376012548804,0.9982744455337524,5,30,False,0.0072816964238882065,466.9550023226539,3186.4839090356836,583.5073830424517,130.62650559878966,918.3116026499774,-16.83373313408295,nan,nan,3,0.0,0.0,0.0,0.0,1.0,0.0,0.3333333333333333,2.6666666666666665,3.0,0.0,0.0,1.0,600.0,-16.83373313408295
1131,2316288,-0.004301597589316467,2.50528963804245,4.252863868077596,0.006581771573219109,0.08777240232254067,0.34668490489323933,-0.13962168991565704,1.6788102388381958,0.9705403645833334,0.000174920448,0.0058306816,-0.0007295151008293033,0.9992709159851074,5,30,False,0.014876272529363632,467.0121586721004,3189.467413770646,584.0681439723267,130.73037724278402,918.3116026499774,-10.27085586649332,nan,nan,4,0.0,0.0,0.0,0.0,1.0,0.0,0.0,3.0,2.0,0.0,0.0,1.0,600.0,-10.27085586649332
1132,2318336,-0.002453385933768004,0.26302442252635955,4.255948686599732,0.0037280483100706084,0.04004728860842685,0.4696244612336159,0.20976971089839935,0.49684542417526245,0.9583333333333334,0.000174809856,0.0058269952,0.0,1.0,5,30,False,0.009473362006247044,467.0628510279033,3192.5262319286267,584.6112663782842,130.8403316437907,918.3116026499774,-10.344663435360417,nan,nan,2,0.0,0.0,0.0,0.0,1.0,0.0,0.0,3.0,3.0,0.0,0.0,1.0,600.0,-10.344663435360417
1133,2320384,-0.003176158373632158,0.5837909638881683,4.25617520014445,0.0035027273365136,0.03204739719318847,0.373460853099823,0.16476772725582123,0.7558736205101013,0.982421875,0.000174699264,0.0058233087999999995,-0.0006116809090599418,0.9993888735771179,5,30,False,0.0074369111098349094,467.12042502681885,3195.6344502606516,585.0501876603812,130.94644727479317,918.3116026499774,-18.48628861850356,nan,nan,3,0.0,0.0,0.0,0.0,1.0,0.0,0.0,2.6666666666666665,2.6666666666666665,0.0,0.3333333333333333,1.0,600.0,-18.48628861850356
1134,2322432,-0.002146118530072272,1.8479040741920472,4.254774030049642,0.003215512843166479,0.03144338439063479,0.3810140480597814,0.005119202192872763,1.4247233867645264,0.97021484375,0.000174588672,0.005819622399999999,-0.0005579210119321942,0.9994425773620605,5,30,False,0.007715484593063593,467.18838954140483,3198.5966057616315,585.5167216214031,131.0546980517829,918.3116026499774,-10.303861349471845,nan,nan,5,0.0,0.0,0.0,0.0,1.0,0.0,0.0,3.0,3.0,0.0,0.0,1.0,600.0,-10.303861349471845
1135,2324480,-0.00179944614986501,0.36331349015235903,4.255781920750936,0.0034101241870588567,0.02991364276967943,0.35377726902564366,0.10892366617918015,0.6148079633712769,0.9583333333333334,0.00017447808,0.005815936,-0.0001553533656988293,0.9998447299003601,5,30,False,0.006554311607033014,467.25402467296414,3201.5327876865776,586.027891829508,131.1606068347901,918.3116026499774,-10.205991502061844,nan,nan,3,0.0,0.0,0.0,0.0,1.0,0.0,0.0,3.0,2.3333333333333335,0.0,0.0,1.0,600.0,-10.205991502061844
1136,2326528,-0.003340700358482233,0.47925724983215334,4.256684668858846,0.00469436173038947,0.05068650870816782,0.3687146112322807,-0.02625025250017643,0.7206960916519165,0.984375,0.000174367488,0.0058122496,0.0,1.0,5,30,False,0.0094767389819026,467.2957443624915,3204.6983708036278,586.5485202217242,131.28480768279405,918.3116026499774,-15.301376520088183,nan,nan,4,0.0,0.0,0.0,0.0,1.0,0.0,0.25,2.75,2.5,0.0,0.0,1.0,600.0,-15.301376520088183
1137,2328576,-0.0028560927448173365,0.23169914186000823,4.25642367998759,0.0042964401063121235,0.046614583333333334,0.4001666083931923,0.09608025848865509,0.4980640411376953,1.0,0.000174256896,0.0058085632,-0.00038714983384124935,0.9996129870414734,5,30,False,0.008631597273051739,467.3426147974154,3207.9072891955293,586.9935522396408,131.39016751380404,918.3116026499774,-10.274984169806203,nan,nan,2,0.0,0.0,0.0,0.0,1.0,0.0,0.0,3.0,3.0,0.0,0.0,1.0,600.0,-10.274984169806203
1138,2330624,-0.0015411380620207638,2.461505126953125,4.254898738861084,0.0033412250491021553,0.03292818686459213,0.39522345513105395,0.0491652749478817,1.6532663106918335,0.9637044270833334,0.000174146304,0.0058048768,-0.000862881017383188,0.9991380572319031,5,30,False,0.007802492938935757,467.38665122561986,3211.102899699472,587.4535176476347,131.5286393048009,918.3116026499774,-10.556819255143637,nan,nan,4,0.0,0.0,0.0,0.0,1.0,0.0,0.0,3.0,3.0,0.0,0.0,1.0,600.0,-10.556819255143637
1139,2332672,-0.004047791775277195,2.808578872680664,4.2542338371276855,0.005909845052125699,0.07644077995792031,0.3771129444241524,-0.069966159760952,1.6118544340133667,0.9251302083333334,0.00017403571199999998,0.0058011904,-0.0008654886623844504,0.999135434627533,5,30,False,0.010606140829622746,467.43398101967625,3214.155626722364,588.0346418185509,131.64209470780042,918.3116026499774,-16.971666395465792,nan,nan,3,0.0,0.0,0.0,0.0,1.0,0.0,0.3333333333333333,2.6666666666666665,1.6666666666666667,0.0,0.0,1.0,600.0,-16.971666395465792
1140,2334720,-0.002047133219699996,3.294179105758667,4.253668848673502,0.0037024741020398543,0.03887795238212372,0.4086081112424533,-0.2050892859697342,1.8338751792907715,0.9529622395833334,0.00017392512,0.005797503999999999,-0.0012996674049645662,0.9987014532089233,5,30,False,0.00919711496680975,467.50394646259264,3217.127845124298,588.4817661826091,131.7403759548033,918.3116026499774,-31.718877932076225,nan,nan,3,0.0,0.0,0.0,0.0,1.0,0.0,0.6666666666666666,2.0,2.6666666666666665,0.0,0.3333333333333333,1.0,600.0,-31.718877932076225
1141,2336768,-0.0018263381052141389,1.717912244796753,4.253368838628133,0.003477919550138982,0.03082849068256716,0.40070079267024994,-0.053283143788576126,1.4020756483078003,0.9471028645833334,0.000173814528,0.0057938176,-0.0010121053783223033,0.998989462852478,5,30,False,0.008169835433363914,467.5654257415409,3220.115744332157,588.965805494634,131.86727491680358,918.3116026499774,-10.255082863908864,nan,nan,5,0.0,0.0,0.0,0.0,1.0,0.0,0.0,3.0,2.2,0.0,0.0,1.0,600.0,-10.255082863908864
1142,2338816,-0.001199799329818537,2.0275230288505552,4.255170520146688,0.0035033356607599765,0.029947300759765007,0.35028976649045945,0.0069555616937577724,1.5004600286483765,0.9254557291666666,0.000173703936,0.0057901312,-0.00015811757475603372,0.9998419284820557,5,30,False,0.006525478791445494,467.6331240640448,3223.0986461672146,589.4244873525895,131.9648795897956,918.3116026499774,-17.726181802635814,nan,nan,3,0.0,0.0,0.0,0.0,1.0,0.0,0.3333333333333333,2.6666666666666665,3.0,0.0,0.0,1.0,600.0,-17.726181802635814
1143,2340864,-0.0037043913015319656,3.1598078489303587,4.256506045659383,0.003167934450959083,0.027301247417926788,0.3703226159016291,-0.3001631498336792,1.8840703964233398,0.90625,0.000173593344,0.005786444799999999,0.0,1.0,5,30,False,0.00718812458217144,467.7043266031325,3225.933478155159,589.9571065544733,132.09449771378422,918.3116026499774,-20.280094677548504,nan,nan,4,0.0,0.0,0.0,0.0,1.0,0.0,0.5,2.5,2.5,0.0,0.0,1.0,600.0,-20.280094677548504
1144,2342912,-0.002894438225969983,0.24193011820316315,4.255839363733927,0.004086949052518096,0.039109002278807266,0.43633480966091154,0.21669991314411163,0.5257492065429688,0.9166666666666666,0.000173482752,0.0057827584,-0.0008919683750718832,0.999109148979187,5,30,False,0.006829619407653809,467.7841781015538,3228.8193703214056,590.3746741605719,132.19533135177335,918.3116026499774,-10.91467097335044,nan,nan,2,0.0,0.0,0.0,0.0,1.0,0.0,0.0,3.0,3.0,0.0,0.0,1.0,600.0,-10.91467097335044
1145,2344960,-0.001214829718810506,3.3815020322799683,4.252260287602742,0.0030674768857779033,0.023899572233979902,0.4546499381462733,0.16687384247779846,1.9113435745239258,0.9602864583333334,0.00017337216,0.005779072,-0.0022787083871662617,0.9977251291275024,5,30,False,0.0064681596122682095,467.8637235742769,3231.695748253478,590.7826579545654,132.32793146978656,918.3116026499774,-31.301769391710145,nan,nan,4,0.0,0.0,0.0,0.0,1.0,0.0,0.75,2.0,2.75,0.0,0.25,1.0,600.0,-31.301769391710145
1146,2347008,-0.0024395476716260116,1.1390038311481476,4.249689881006876,0.0049301875810973195,0.05810385417037954,0.3565241927901904,0.05178521201014519,1.1162155866622925,0.9944661458333334,0.000173261568,0.0057753856,-0.0021201143972575665,0.9978851079940796,5,30,False,0.012295168824493885,467.92125783737066,3234.763516443403,591.235828563571,132.43507640378084,918.3116026499774,-16.761693700174305,nan,nan,3,0.0,0.0,0.0,0.0,1.0,0.0,0.3333333333333333,2.6666666666666665,3.0,0.0,0.0,1.0,600.0,-16.761693700174305
1147,2349056,-0.00133512564158688,0.27048398107290267,4.251036135355632,0.0014443000700945655,0.00517578125,0.3948994686206182,0.1884128749370575,0.5326179265975952,1.0,0.000173150976,0.0057716992,-0.001981541281566024,0.9980233907699585,5,30,False,0.003218404483050108,467.97946277254965,3237.7714157685114,591.7111758787069,132.57782291577314,918.3116026499774,-10.889145997971658,nan,nan,3,0.0,0.0,0.0,0.0,1.0,0.0,0.0,3.0,3.0,0.0,0.0,1.0,600.0,-10.889145997971658
1148,2351104,-0.0023928542466213304,0.1886921063065529,4.25149761835734,0.0027292875786467147,0.01845703125,0.45421864887078606,0.10440146178007126,0.44928184151649475,1.0,0.000173040384,0.0057680128,-0.0015865075401961803,0.9984172582626343,5,30,False,0.004979798570275307,468.04302592632934,3240.7090459495666,592.2285061797011,132.6854064447689,918.3116026499774,-10.95566970170744,nan,nan,5,0.0,0.0,0.0,0.0,1.0,0.0,0.0,3.0,3.0,0.0,0.0,1.0,600.0,-10.95566970170744
1149,2353152,-0.0027142915826213238,3.675191879272461,4.252224127451579,0.0059870147778768555,0.07446449652003745,0.3676902967194716,-0.21054871380329132,1.9673923254013062,0.9905598958333334,0.000172929792,0.0057643263999999994,-0.0013516901526600122,0.9986505508422852,5,30,False,0.011442173272371292,468.11272878794904,3243.580128298505,592.7276025758329,132.81907007277186,918.3116026499774,-20.92153147339668,nan,nan,3,0.0,0.0,0.0,0.0,1.0,0.0,0.0,2.6666666666666665,2.3333333333333335,0.3333333333333333,0.0,1.0,600.0,-20.92153147339668
1150,2355200,-0.0013769928550270076,4.723579168319702,4.252441374460856,0.0024728814467753326,0.01958965891196082,0.3699694151679675,-0.23496811091899872,2.243194341659546,0.9786783854166666,0.0001728192,0.005760639999999999,-0.0017075573559850454,0.9982949495315552,5,30,False,0.005982866045087576,468.17762442758965,3246.56008448152,593.1795018758712,132.9469920527772,918.3116026499774,-23.197584541599554,nan,nan,4,0.0,0.0,0.0,0.0,1.0,0.0,0.25,2.5,3.0,0.25,0.0,1.0,600.0,-23.197584541599554
1151,2357248,-0.0007332320945958297,2.3484636545181274,4.251182937622071,0.0032819204750204572,0.029954350285697727,0.4552120044827461,-0.028632212430238724,1.6632837057113647,0.9943033854166666,0.000172708608,0.0057569536,-0.001966398674994707,0.9980368614196777,5,30,False,0.007688906509429216,468.21603961956293,3249.850189888588,593.6284997948824,133.04724537977017,918.3116026499774,-11.427884822332999,nan,nan,2,0.0,0.0,0.0,0.0,1.0,0.0,0.0,3.0,3.0,0.0,0.0,1.0,600.0,-11.427884822332999
1152,2359296,-0.002535744356767585,1.3593347370624542,4.251388835906982,0.004631630540628728,0.0535637807721893,0.3717637670536836,0.17714375257492065,1.1557209491729736,0.99169921875,0.000172598016,0.0057532671999999995,-0.001529994886368513,0.9984731674194336,5,30,False,0.01007844042032957,468.24892644586345,3253.1223422896437,594.1224679627776,133.1741612147598,918.3116026499774,-27.273043909911546,nan,nan,3,0.0,0.0,0.0,0.0,1.0,0.0,0.3333333333333333,2.3333333333333335,3.0,0.3333333333333333,0.0,1.0,600.0,-27.273043909911546
1153,2361344,-0.0026650190586224197,0.14611525908112527,4.253150304158528,0.003643955629862224,0.03229166666666667,0.3822250912586848,0.03591125085949898,0.40526703000068665,1.0,0.000172487424,0.0057495808,-0.0007992961327545345,0.9992012977600098,5,30,False,0.005492984317243099,468.2964792988572,3256.2346938005358,594.6427417158557,133.2749811657559,918.3116026499774,-10.25597237186571,nan,nan,4,0.0,0.0,0.0,0.0,1.0,0.0,0.0,3.0,2.5,0.0,0.0,1.0,600.0,-10.25597237186571
1154,2363392,-0.003524475651405131,4.329234766960144,4.254093996683756,0.0038961429995913715,0.03804314248263836,0.39974998086690905,-0.2602444887161255,2.2181084156036377,0.9825846354166666,0.000172376832,0.0057458944,-0.0013650156324729323,0.9986359477043152,5,30,False,0.006315609440207481,468.3296912514548,3259.486720593486,595.1772042088269,133.3836095937586,918.3116026499774,-20.60937292412289,nan,nan,3,0.0,0.0,0.0,0.0,1.0,0.0,0.0,2.6666666666666665,3.0,0.3333333333333333,0.0,1.0,600.0,-20.60937292412289
1155,2365440,-0.0031384615732046465,3.230934476852417,4.253301747639974,0.004835582994746618,0.05672582214077314,0.38810167759656905,0.19234612584114075,1.7921804189682007,0.97998046875,0.00017226623999999998,0.0057422079999999995,-0.0007370560779236257,0.9992632865905762,5,30,False,0.009066765196621418,468.3519684572368,3262.8415658093145,595.6950403538794,133.5081813017605,918.3116026499774,-23.999112219005475,nan,nan,5,0.0,0.0,0.0,0.0,1.0,0.0,0.0,2.6,2.6,0.4,0.0,1.0,600.0,-23.999112219005475
1156,2367488,-0.0025816046399995685,4.985846471786499,4.254262208938599,0.003466487957151217,0.03126785345375538,0.4075741449991862,-0.4930962324142456,2.2664554119110107,0.9762369791666666,0.000172155648,0.005738521599999999,-0.001121909124776721,0.9988793730735779,5,30,False,0.005941155832260847,468.37276906461733,3266.2056173952733,596.2371487078926,133.62026558876096,918.3116026499774,-23.358002183303142,nan,nan,3,0.0,0.0,0.0,0.0,1.0,0.0,0.6666666666666666,2.3333333333333335,3.0,0.0,0.0,1.0,600.0,-23.358002183303142
1157,2369536,-0.002782682447771852,5.097021269798279,4.252650547027588,0.004378587212841126,0.044354545755777505,0.4029754375418027,-0.3562023937702179,2.3565192222595215,0.9052734375,0.000172045056,0.0057348352,-0.001616302295587957,0.9983853697776794,5,30,False,0.007560131140053272,468.4169105797465,3269.28497955724,596.8089249247569,133.73126271176443,918.3116026499774,-20.05046248093987,nan,nan,4,0.0,0.0,0.0,0.0,1.0,0.0,0.5,2.5,3.0,0.0,0.0,1.0,600.0,-20.05046248093987
1158,2371584,-0.0021584934050527713,7.445424890518188,4.253389104207357,0.00454958950005823,0.05621574407753845,0.3472342883547147,-0.3143198490142822,2.9875364303588867,0.8919270833333334,0.00017193446400000001,0.0057311487999999996,-0.0005308642284944654,0.9994696378707886,5,30,False,0.009575706906616688,468.4895999870383,3272.1611539792357,597.2990683416429,133.84289918075956,918.3116026499774,-9.918828504061821,nan,nan,1,0.0,0.0,0.0,0.0,1.0,0.0,0.0,3.0,3.0,0.0,0.0,1.0,600.0,-9.918828504061821
1159,2373632,-0.003759000919914494,0.1693977579474449,4.25438437461853,0.004041294454342574,0.04107569747914871,0.4024513989686966,0.17743127048015594,0.34432271122932434,0.94482421875,0.000171823872,0.0057274624,-0.0014269049279391766,0.9985761642456055,5,30,False,0.006972291506826878,468.56272189266014,3275.0410970212397,597.7730234995106,133.94716858475294,918.3116026499774,-36.86914693734468,nan,nan,4,0.0,0.0,0.0,0.0,1.0,0.0,0.25,2.0,2.75,0.5,0.25,1.0,600.0,-36.86914693734468
1160,2375680,-0.002522401992852489,0.8771478295326233,4.25151473681132,0.0035766841960139573,0.03307291666666667,0.3737281173467636,0.25069940090179443,1.0228805541992188,1.0,0.00017171328,0.005723776,-0.0019587702117860317,0.9980469942092896,5,30,False,0.007004431448876858,468.60835621624955,3278.1185668012477,598.3250229626283,134.06204036374402,918.3116026499774,-10.288877096403894,nan,nan,4,0.0,0.0,0.0,0.0,1.0,0.0,0.0,3.0,1.5,0.0,0.0,1.0,600.0,-10.288877096403894
1161,2377728,-0.0011843411271305134,1.7834705591201783,4.250405931472779,0.003894154072370289,0.035384841721194486,0.34845683773358666,0.026738764718174934,1.3682770729064941,0.9923502604166666,0.000171602688,0.0057200896,-0.002350778318941593,0.9976574778556824,5,30,False,0.00750060984864831,468.6308669381215,3281.4794246162346,598.8480013525405,134.17541848073597,918.3116026499774,-10.264638852022472,nan,nan,3,0.0,0.0,0.0,0.0,1.0,0.0,0.0,3.0,3.0,0.0,0.0,1.0,600.0,-10.264638852022472
1162,2379776,-0.001531251942894111,1.973201709985733,4.250485849380493,0.002140131357853825,0.013882442346463601,0.3428743223349253,-0.06584707647562027,1.5226188898086548,0.9659830729166666,0.000171492096,0.005716403199999999,-0.0016072439029812813,0.9983965754508972,5,30,False,0.004208946600556374,468.6731184128566,3284.5984508221736,599.3990669325431,134.27992044574057,918.3116026499774,-14.539850575779928,nan,nan,5,0.0,0.0,0.0,0.0,1.0,0.0,0.2,2.8,3.0,0.0,0.0,1.0,600.0,-14.539850575779928
1163,2381824,-0.0023008289836676946,2.184084153175354,4.252419805526733,0.003726724415920383,0.03671758129106214,0.4157786230246226,0.06469784677028656,1.5603834390640259,0.9573567708333334,0.000171381504,0.0057127168,-0.0015899603022262454,0.9984139204025269,5,30,False,0.006331977900117636,468.72154917043133,3287.646445995415,599.9504675574572,134.39523674473458,918.3116026499774,-10.269518108212045,nan,nan,3,0.0,0.0,0.0,0.0,1.0,0.0,0.0,3.0,3.0,0.0,0.0,1.0,600.0,-10.269518108212045
1164,2383872,-0.0033784839038465482,3.572117066383362,4.251487731933594,0.0048097653157758635,0.054365436321434875,0.42688774516185124,0.029951825737953186,2.0466063022613525,0.9000651041666666,0.000171270912,0.0057090304,-0.001972589874640107,0.9980322122573853,5,30,False,0.010665275156497955,468.7930472456408,3290.5646617062885,600.3843610783952,134.50513141673582,918.3116026499774,-21.888685741536413,nan,nan,4,0.0,0.0,0.0,0.0,1.0,0.0,0.25,2.5,2.25,0.0,0.25,1.0,600.0,-21.888685741536413
1165,2385920,-0.0030233650274264314,0.23753282725811004,4.250424766540528,0.002782460022034228,0.023929931751141945,0.4137511869271596,0.4882962703704834,0.41965287923812866,0.9166666666666666,0.00017116032,0.005705343999999999,-0.002605251967906952,0.997400164604187,5,30,False,0.005033072084188461,468.85187178821513,3293.642750633415,600.8019063592365,134.62084919773042,918.3116026499774,-11.860373840556349,nan,nan,1,0.0,0.0,0.0,0.0,1.0,0.0,0.0,3.0,3.0,0.0,0.0,1.0,600.0,-11.860373840556349
1166,2387968,-0.0025990899846268195,3.821827793121338,4.248277044296264,0.0048960999407000085,0.0577286482633402,0.39576735099156696,-0.024293499067425728,2.0193700790405273,0.9680989583333334,0.00017104972799999999,0.0057016576,-0.0028307996690273285,0.9971758723258972,5,30,False,0.00958690419793129,468.8900782877051,3296.848570485454,601.2921071900637,134.73503875573806,918.3116026499774,-21.597265719433494,nan,nan,4,0.0,0.0,0.0,0.0,1.0,0.0,0.25,2.5,2.25,0.0,0.25,1.0,600.0,-21.597265719433494
1167,2390016,-0.0013110100721510558,1.4765205383300781,4.2484014217670145,0.009100588951941905,0.052979108644649386,0.4442357329221872,0.09013398736715317,1.2795931100845337,0.98046875,0.000170939136,0.0056979712,-0.002847625408321619,0.9971604347229004,3,13,True,0.0422491617500782,468.94546813175674,3299.941127213533,601.7647729139426,134.79268679974484,918.3116026499774,-22.887542376059628,nan,nan,4,0.0,0.0,0.0,0.0,1.0,0.0,0.25,2.5,2.5,0.25,0.0,1.0,600.0,-22.887542376059628
1168,2392064,-0.001723655080422759,0.28705615997314454,4.247821044921875,0.002500591240823269,0.014778645833333333,0.4106871739029884,0.18371891975402832,0.528591513633728,1.0,0.00017082854399999998,0.005694284799999999,-0.0033204935025423765,0.99668949842453,5,30,False,0.0051691229455173016,469.0098445624132,3302.905820200467,602.2284342530038,134.90186773573805,918.3116026499774,-10.016224710747641,nan,nan,3,0.0,0.0,0.0,0.0,1.0,0.0,0.0,3.0,3.0,0.0,0.0,1.0,600.0,-10.016224710747641
1169,2394112,-0.0016576263975972931,1.6405182361602784,4.246477270126343,0.004099988270075124,0.04225378206465393,0.3737210065126419,0.08116508275270462,1.345585823059082,0.9772135416666666,0.00017071795200000002,0.0056905984,-0.003395351581275463,0.9966136813163757,5,30,False,0.00959479808807373,469.0728711556601,3305.925989098512,602.6467743050889,135.00987692773924,918.3116026499774,-10.988528585799395,nan,nan,5,0.0,0.0,0.0,0.0,1.0,0.0,0.0,3.0,2.6,0.0,0.0,1.0,600.0,-10.988528585799395
1170,2396160,-0.0028471804146344465,0.5452852457761764,4.2468899091084795,0.0044908472267061105,0.046458862442523244,0.46154639969269434,0.06378593295812607,0.7682449817657471,0.9583333333333334,0.00017060736,0.005686912,-0.003350034123286605,0.9966587424278259,5,30,False,0.006922702305018902,469.1457027217247,3308.8636600276077,603.0420109338738,135.12879675273143,918.3116026499774,-10.079582415443989,nan,nan,3,0.0,0.0,0.0,0.0,1.0,0.0,0.0,3.0,3.0,0.0,0.0,1.0,600.0,-10.079582415443989
1171,2398208,-0.0024755721058075625,1.748776024580002,4.247164328893025,0.004386831598685011,0.04988480555281664,0.3702929258346558,-0.05724019557237625,1.397046685218811,0.9685872395833334,0.000170496768,0.005683225599999999,-0.0031924727372825146,0.9968200922012329,5,30,False,0.006926158908754587,469.1901432163575,3312.0369923175604,603.502678463672,135.24356732972956,918.3116026499774,-15.290396416205112,nan,nan,4,0.0,0.0,0.0,0.0,1.0,0.0,0.25,2.75,2.5,0.0,0.0,1.0,600.0,-15.290396416205112
1172,2400256,-0.0027883813056784374,1.2780197620391847,4.246814489364624,0.003923666114296532,0.04286772944809248,0.3547831078370412,0.004448850639164448,1.1891140937805176,0.9562174479166666,0.000170386176,0.0056795392,-0.0032339696772396564,0.9967791438102722,5,30,False,0.00961688905954361,469.2425445675854,3315.155240960623,603.943207854827,135.35651103271812,918.3116026499774,-10.284363619245823,nan,nan,60,0.0,0.0,0.0,0.0,1.0,0.0,0.25,0.95,2.65,1.7166666666666666,nan,0.48333333333333334,492.4,nan
1173,2402304,-0.0017907558911247178,0.6644900679588318,4.2472091515858965,0.00375395990894191,0.040507994208019225,0.4501237879196803,0.16653873026371002,0.8145281672477722,0.95654296875,0.000170275584,0.0056758528,-0.003306393278762698,0.996703565120697,5,30,False,0.00964305829256773,464.4431383402371,3318.5026116846275,604.5367491477664,135.46129322271736,971.3598552269686,-20.17689107472006,nan,nan,4,0.0,0.0,0.0,0.0,1.0,0.0,0.5,2.5,2.5,0.0,0.0,1.0,600.0,-20.17689107472006
1174,2404352,-0.0026530574541538954,1.525104320049286,4.24837646484375,0.004779089612043889,0.05285149315216889,0.3481806163986524,0.020907346159219742,1.2787837982177734,0.9737955729166666,0.000170164992,0.0056721664,-0.002122514881193638,0.997881293296814,5,30,False,0.008185088634490967,464.4880833906949,3321.518213286574,605.1692797497526,135.5745387787174,971.3598552269686,-10.31419742525918,nan,nan,4,0.0,0.0,0.0,0.0,1.0,0.0,0.0,3.0,3.0,0.0,0.0,1.0,600.0,-10.31419742525918
1175,2406400,-0.003474026558493885,0.21011597514152527,4.252000331878662,0.003217914615677427,0.028815897670574485,0.3950514410932859,0.2838539779186249,0.4262082874774933,0.9583333333333334,0.0001700544,0.00566848,-0.0011436620261520147,0.9988579750061035,5,30,False,0.006763475947082043,464.54902870293864,3324.5058435496467,605.6738338178402,135.67844608171436,971.3598552269686,-10.346375865724895,nan,nan,3,0.0,0.0,0.0,0.0,1.0,0.0,0.0,3.0,2.3333333333333335,0.0,0.0,1.0,600.0,-10.346375865724895
1176,2408448,-0.002267831255896733,3.0731692552566527,4.2534469824570875,0.005356769391196481,0.07145850464271811,0.4385515210720209,-0.3160059452056885,1.7765909433364868,0.966796875,0.000169943808,0.0056647936,-0.0010431017726659775,0.9989585280418396,3,13,True,0.016846446320414543,464.6074594893437,3327.5453233687003,606.1974224018777,135.73322805071075,971.3598552269686,-20.383732677290254,nan,nan,4,0.0,0.0,0.0,0.0,1.0,0.0,0.5,2.5,3.0,0.0,0.0,1.0,600.0,-20.383732677290254
1177,2410496,-0.0021229229979023026,3.3990179777145384,4.254220374425253,0.003544638065967298,0.03446328384258474,0.3419145147005717,-0.03355812281370163,1.9242626428604126,0.9527994791666666,0.000169833216,0.0056611071999999995,-0.000589365663472563,0.9994112253189087,5,30,False,0.006413333583623171,464.66487235558014,3330.5363550696056,606.6898720748432,135.83744342371938,971.3598552269686,-18.757153286731864,nan,nan,4,0.0,0.0,0.0,0.0,1.0,0.0,0.0,2.75,3.0,0.25,0.0,1.0,600.0,-18.757153286731864
1178,2412544,-0.0036624078755266966,3.3428263425827027,4.254969199498494,0.0044352726471493875,0.04928263770416379,0.38548691719770434,-0.18161341547966003,1.9667878150939941,0.9544270833333334,0.000169722624,0.005657420799999999,-0.0009921254822984338,0.9990086555480957,5,30,False,0.009868809022009373,464.7126559459387,3333.6428346907487,607.1881725689454,135.96401519572828,971.3598552269686,-23.047509604320794,nan,nan,4,0.0,0.0,0.0,0.0,1.0,0.0,0.25,2.5,2.5,0.25,0.0,1.0,600.0,-23.047509604320794
1179,2414592,-0.0017880950317097207,2.884163522720337,4.252859226862589,0.0038172661535099905,0.038321800110861656,0.4577720378835996,0.004367409739643335,1.7524850368499756,0.9930013020833334,0.00016961203199999998,0.0056537344,-0.0015279108192771673,0.9984735250473022,5,30,False,0.007490295451134443,464.70641963527066,3337.420666836668,607.6304444218695,136.09029667473806,971.3598552269686,-10.5036655953445,nan,nan,1,0.0,0.0,0.0,0.0,1.0,0.0,0.0,3.0,3.0,0.0,0.0,1.0,600.0,-10.5036655953445
1180,2416640,-0.0013509390487646063,0.27139194011688234,4.2516694863637285,0.0036981740328663414,0.033884062066984674,0.47739972472190856,0.02881866693496704,0.5562759041786194,0.9959309895833334,0.00016950144,0.0056500479999999995,-0.001776781864464283,0.9982249140739441,5,30,False,0.00993023905903101,464.7499865264242,3340.596271904549,608.1143632288877,136.2004663007392,971.3598552269686,-18.241902221700002,nan,nan,4,0.0,0.0,0.0,0.0,1.0,0.0,0.0,2.75,2.5,0.25,0.0,1.0,600.0,-18.241902221700002
1181,2418688,-0.0007870396754393975,2.264743971824646,4.252260828018189,0.002831382338585279,0.02681078165769577,0.3775849133729935,-0.08553416281938553,1.5698939561843872,0.9943033854166666,0.000169390848,0.0056463616,-0.0011839079670608044,0.9988172054290771,5,30,False,0.00661007035523653,464.8070652782477,3343.6000691185036,608.613589159926,136.31238627973653,971.3598552269686,-18.292574140436727,nan,nan,4,0.0,0.0,0.0,0.0,1.0,0.0,0.0,2.75,2.5,0.25,0.0,1.0,600.0,-18.292574140436727
1182,2420736,-0.00230847146982948,0.22948094010353087,4.2548235893249515,0.0035416652254449824,0.03570963541666667,0.3957631304860115,0.028373902663588524,0.5238214135169983,1.0,0.00016928025599999999,0.0056426752,-0.00033175956923514605,0.9996684789657593,5,30,False,0.008957283571362495,464.86035298782554,3346.635360092536,609.1314349339373,136.41966897674138,971.3598552269686,-10.673483488567095,nan,nan,3,0.0,0.0,0.0,0.0,1.0,0.0,0.0,3.0,2.3333333333333335,0.0,0.0,1.0,600.0,-10.673483488567095
1183,2422784,-0.0020019673276692627,0.3677738606929779,4.256573677062988,0.003398235803858067,0.031998697916666666,0.4017615869641304,0.07635178416967392,0.6301316618919373,1.0,0.000169169664,0.0056389887999999996,-8.815656474325806e-05,0.999911904335022,5,30,False,0.006880576256662607,464.9156059891651,3349.6506304904615,609.6428113249567,136.53058698274253,971.3598552269686,-10.39477235111329,nan,nan,4,0.0,0.0,0.0,0.0,1.0,0.0,0.0,3.0,2.5,0.0,0.0,1.0,600.0,-10.39477235111329
1184,2424832,-0.0025156268073866766,0.23586265593767167,4.256733322143555,0.003656247341617321,0.029947916666666668,0.40590467502673466,0.11799530684947968,0.49818041920661926,1.0,0.000169059072,0.005635302399999999,0.0,1.0,5,30,False,0.0063856663182377815,464.96530022719816,3352.762038863453,610.1280207048403,136.63789981673472,971.3598552269686,-10.194502014268252,nan,nan,4,0.0,0.0,0.0,0.0,1.0,0.0,0.0,3.0,3.0,0.0,0.0,1.0,600.0,-10.194502014268252
1185,2426880,-0.0019767473141352335,0.18974899500608444,4.256814940770467,0.003213760122889653,0.030533854166666666,0.4573398803671201,0.2171911895275116,0.4262368679046631,1.0,0.00016894848000000002,0.005631616,0.0,1.0,5,30,False,0.006502999924123287,465.0390860702149,3355.6560927573737,610.5729416238901,136.7355255507282,971.3598552269686,-10.329155438661777,nan,nan,3,0.0,0.0,0.0,0.0,1.0,0.0,0.0,3.0,3.0,0.0,0.0,1.0,600.0,-10.329155438661777
1186,2428928,-0.002154425283273061,0.1225048154592514,4.256471459070841,0.002863494766643271,0.027278645833333334,0.43965672453244525,0.1258886605501175,0.38382014632225037,1.0,0.000168837888,0.0056279296,-0.00037154724122956395,0.9996286630630493,5,30,False,0.006739719770848751,465.11558634500835,3358.414461198525,611.1108622019237,136.8461921687267,971.3598552269686,-10.074988711047453,nan,nan,2,0.0,0.0,0.0,0.0,1.0,0.0,0.0,3.0,3.0,0.0,0.0,1.0,600.0,-10.074988711047453
1187,2430976,-0.00305228050177296,0.2779504954814911,4.255120007197062,0.003890478661439071,0.03958333333333333,0.3926368614037832,0.06874463707208633,0.5500665307044983,1.0,0.000168727296,0.005624243199999999,-0.0007982212118804455,0.9992024302482605,5,30,False,0.008536901324987411,465.18174578302467,3361.3459242536046,611.6071898098016,136.94417804371915,971.3598552269686,-10.352298742925996,nan,nan,4,0.0,0.0,0.0,0.0,1.0,0.0,0.0,3.0,2.5,0.0,0.0,1.0,600.0,-10.352298742925996
1188,2433024,-0.002845945783580343,0.3655185490846634,4.254364808400472,0.003478789865039289,0.032486979166666666,0.40737528999646505,-0.07761076092720032,0.6456907391548157,1.0,0.000168616704,0.0056205568,-0.0007933652377687395,0.999207615852356,5,30,False,0.0058460175059735775,465.2486691841239,3364.215487877591,612.152599560708,137.04511930572335,971.3598552269686,-10.304341527975339,nan,nan,4,0.0,0.0,0.0,0.0,1.0,0.0,0.0,3.0,2.5,0.0,0.0,1.0,600.0,-10.304341527975339
1189,2435072,-0.003944820755896217,2.6341188549995422,4.253686587015788,0.005406242461903332,0.06597482236490275,0.38172503461440405,-0.08925430476665497,1.6408298015594482,0.9939778645833334,0.000168506112,0.0056168704,-0.0014198077842593193,0.998583197593689,5,30,False,0.011147911660373211,465.30525900296584,3367.145397059561,612.7413869907468,137.15106617473066,971.3598552269686,-20.724403705599496,nan,nan,3,0.0,0.0,0.0,0.0,1.0,0.0,0.0,2.6666666666666665,2.3333333333333335,0.3333333333333333,0.0,1.0,600.0,-20.724403705599496
1190,2437120,-0.0023864219120393196,0.2897236108779907,4.251288000742594,0.003772818269984176,0.03486328125,0.5095287869373958,0.0828622579574585,0.5835896730422974,1.0,0.00016839551999999999,0.005613183999999999,-0.0022883564233779907,0.9977158308029175,5,30,False,0.00601093890145421,465.36123082556986,3370.1448119636043,613.2758590816375,137.25106904872518,971.3598552269686,-10.309127377306105,nan,nan,4,0.0,0.0,0.0,0.0,1.0,0.0,0.0,3.0,3.0,0.0,0.0,1.0,600.0,-10.309127377306105
1191,2439168,-0.003534645183632771,0.1424240715801716,4.249333667755127,0.0054179510528532164,0.06875,0.4373667394121488,0.11851003766059875,0.38715890049934387,1.0,0.000168284928,0.0056094976,-0.0026721195317804813,0.9973332285881042,5,30,False,0.011335976421833038,465.4276986612085,3373.035205832435,613.8072933636722,137.34621915972093,971.3598552269686,-10.262223461443986,nan,nan,3,0.0,0.0,0.0,0.0,1.0,0.0,0.0,3.0,2.3333333333333335,0.0,0.0,1.0,600.0,-10.262223461443986
1192,2441216,-0.004092779856485625,1.7114097952842713,4.250329415003459,0.006545176675504457,0.08529408616013825,0.3323900083700816,0.047972459346055984,1.3841488361358643,0.9694010416666666,0.000168174336,0.0056058112,-0.0013986848061904311,0.9986028671264648,5,30,False,0.012418895028531551,465.49948174337,3375.8240798203915,614.3612493638357,137.4572189827304,971.3598552269686,-10.463788179664107,nan,nan,4,0.0,0.0,0.0,0.0,1.0,0.0,0.0,3.0,3.0,0.0,0.0,1.0,600.0,-10.463788179664107
1193,2443264,-0.0021802973390246433,2.9716887712478637,4.253399896621704,0.0053549296009154255,0.06513806696748362,0.43806357085704806,-0.14163722097873688,1.7929134368896484,0.95556640625,0.000168063744,0.005602124799999999,-0.0012971061514690518,0.9987046122550964,5,30,False,0.009026611223816872,465.57480534762254,3378.6569540113996,614.855343210671,137.5580030107376,971.3598552269686,-10.434468603838468,nan,nan,2,0.0,0.0,0.0,0.0,1.0,0.0,0.0,3.0,2.0,0.0,0.0,1.0,600.0,-10.434468603838468
1194,2445312,-0.002629939327016473,0.40613446831703187,4.253550672531128,0.003169330664981166,0.026881806230327734,0.3619861801465352,0.138155996799469,0.5997505187988281,0.9783528645833334,0.000167953152,0.0055984384,-0.0009198176558129489,0.9990813136100769,5,30,False,0.005928472150117159,465.6328092331091,3381.587182507472,615.4264652146812,137.66630748873285,971.3598552269686,-23.143918534173736,nan,nan,4,0.0,0.0,0.0,0.0,1.0,0.0,0.25,2.5,3.0,0.25,0.0,1.0,600.0,-23.143918534173736
1195,2447360,-0.0029373652456949153,0.24977333545684816,4.254726266860962,0.004753372583460684,0.051529947916666666,0.4031124512354533,0.034996867179870605,0.5428799390792847,1.0,0.00016784255999999998,0.005594752,-0.0005661009345203638,0.9994344115257263,5,30,False,0.010535815730690956,465.6927794407545,3384.4859237315686,615.980066750577,137.78150117472978,971.3598552269686,-10.929967286365013,nan,nan,4,0.0,0.0,0.0,0.0,1.0,0.0,0.0,3.0,2.5,0.0,0.0,1.0,600.0,-10.929967286365013
1196,2449408,-0.002645087311975658,4.993724584579468,4.254976272583008,0.0076139818331377555,0.1075565152658293,0.488162283714001,0.02411675453186035,2.3078231811523438,0.9728190104166666,0.00016773196800000002,0.0055910656,-0.0007369687082245946,0.9992638826370239,3,13,True,0.018071956932544708,465.74921156926337,3387.449075831668,616.5724161364487,137.8413803667354,971.3598552269686,-22.2332204960115,nan,nan,3,0.0,0.0,0.0,0.0,1.0,0.0,0.0,2.6666666666666665,2.3333333333333335,0.3333333333333333,0.0,1.0,600.0,-22.2332204960115
1197,2451456,-0.001989247789606452,2.556153047084808,4.253798834482828,0.00289310862435405,0.0240207581819656,0.35556826293468474,0.07310494780540466,1.727428674697876,0.9471028645833334,0.000167621376,0.0055873792,-0.0011386416153982282,0.9988633394241333,5,30,False,0.005454123020172119,465.8014310034485,3390.430183740711,617.1380526564026,137.95402171874593,971.3598552269686,-10.89592713056004,nan,nan,4,0.0,0.0,0.0,0.0,1.0,0.0,0.0,3.0,2.5,0.0,0.0,1.0,600.0,-10.89592713056004
1198,2453504,-0.0021740834414837686,0.31081018298864366,4.2537543455759685,0.0039712739744805605,0.0385799239622429,0.3272966792186101,0.08508336544036865,0.5057610869407654,0.9230143229166666,0.000167510784,0.0055836928,-0.0007977889617905021,0.9992029070854187,5,30,False,0.007715756073594093,465.8681092273966,3393.3149117207504,617.6539930872823,138.0602939477394,971.3598552269686,-18.512101280435065,nan,nan,3,0.0,0.0,0.0,0.0,1.0,0.0,0.0,2.6666666666666665,2.6666666666666665,0.0,0.3333333333333333,1.0,600.0,-18.512101280435065
1199,2455552,-0.0027825006807688625,2.8001728773117067,4.255316352844238,0.004096053312648884,0.04640372563153505,0.39268108556667963,-0.08930546790361404,1.710632562637329,0.96044921875,0.000167400192,0.0055800063999999995,-0.0003166724636685103,0.9996834993362427,5,30,False,0.00913204625248909,465.9320328295624,3396.2273898836866,618.1742036633514,138.1643809077359,971.3598552269686,-18.190838095558046,nan,nan,5,0.0,0.0,0.2,0.0,0.8,0.0,0.0,2.6,2.2,0.0,0.4,0.8,496.2,-18.190838095558046
1200,2457600,-0.0026004107979436717,0.30946173071861266,4.25580275853475,0.0028287863552880783,0.025553385416666668,0.37056688964366913,0.16070763766765594,0.5378984808921814,1.0,0.0001672896,0.005576319999999999,-0.00047226515016518533,0.9995279312133789,5,30,False,0.005396302789449692,465.995000749388,3399.1204300385725,618.7154026793578,138.2773964007356,971.3598552269686,-10.338664356764639,nan,nan,2,0.0,0.0,0.0,0.0,1.0,0.0,0.0,3.0,2.0,0.0,0.0,1.0,600.0,-10.338664356764639
1201,2459648,-0.0018632077187551962,1.825106716156006,4.255750608444214,0.005700583900818579,0.07036725086315225,0.4608314082026482,-0.036478739231824875,1.388026475906372,0.9923502604166666,0.000167179008,0.0055726336,-0.00024776242207735777,0.999752402305603,5,30,False,0.010954154655337334,466.06526692869875,3401.968132619586,619.2309324763773,138.38381870873854,971.3598552269686,-16.898935753688875,nan,nan,3,0.0,0.0,0.0,0.0,1.0,0.0,0.3333333333333333,2.6666666666666665,3.0,0.0,0.0,1.0,600.0,-16.898935753688875
1202,2461696,-0.0022919002842778963,4.650238776206971,4.255083592732747,0.0032678526128627817,0.03158893695023532,0.4190853238105774,-0.34685465693473816,2.22206711769104,0.95947265625,0.000167068416,0.0055689471999999995,-0.0009502978064119816,0.9990503191947937,5,30,False,0.0059861051850020885,466.14309761383896,3404.752807381534,619.7294160653837,138.4834082297457,971.3598552269686,-10.191992199212837,nan,nan,5,0.0,0.0,0.0,0.0,1.0,0.0,0.0,3.0,2.6,0.0,0.0,1.0,600.0,-10.191992199212837
1203,2463744,-0.002363161582616158,3.507167625427246,4.25285431543986,0.0039113191126858736,0.03489135213506719,0.3643098597725232,-0.04490525647997856,2.006314516067505,0.9104817708333334,0.000166957824,0.0055652608,-0.0017459234222769737,0.9982562065124512,5,30,False,0.006390229798853397,466.214701872622,3407.629736289542,620.1933370434999,138.59454120974988,971.3598552269686,-20.64526753872633,nan,nan,3,0.0,0.0,0.0,0.0,1.0,0.0,0.0,2.6666666666666665,2.3333333333333335,0.3333333333333333,0.0,1.0,600.0,-20.64526753872633
1204,2465792,-0.0025362730918762583,0.46925960183143617,4.251796992619832,0.004346906391423418,0.04828738284607728,0.4094464162985484,0.2013789713382721,0.6502475738525391,0.9444986979166666,0.000166847232,0.0055615744,-0.001374637708067894,0.9986276626586914,5,30,False,0.00708540016785264,466.2669496723771,3410.7339200455754,620.6549518844258,138.70587792775768,971.3598552269686,-22.75718171690255,nan,nan,4,0.0,0.0,0.0,0.0,1.0,0.0,0.0,2.5,2.5,0.0,0.5,1.0,600.0,-22.75718171690255
1205,2467840,-0.0021970481301347416,2.0395689249038695,4.2531080881754555,0.004462187501750411,0.051720818353351204,0.39249088366826373,-0.05933605879545212,1.459044337272644,0.9930013020833334,0.00016673664,0.0055578879999999995,-0.0011962002608925104,0.9988055229187012,5,30,False,0.011090473271906376,466.307741617354,3413.9698607895116,621.1081721483788,138.82203394675162,971.3598552269686,-16.85869703361219,nan,nan,3,0.0,0.0,0.0,0.0,1.0,0.0,0.3333333333333333,2.6666666666666665,3.0,0.0,0.0,1.0,600.0,-16.85869703361219
1206,2469888,-0.002669391812135776,0.1909075289964676,4.2533227125803625,0.004684106755303219,0.056315104166666664,0.4939161052306493,0.21344797313213348,0.4239200949668884,1.0,0.00016662604799999998,0.005554201599999999,-0.001246543601155281,0.9987558126449585,5,30,False,0.011937073431909084,466.35320940100905,3417.157859188519,621.5524910283566,138.93040973973984,971.3598552269686,-10.342946586039034,nan,nan,3,0.0,0.0,0.0,0.0,1.0,0.0,0.0,3.0,3.0,0.0,0.0,1.0,600.0,-10.342946586039034
1207,2471936,-0.004959154722746462,1.3658187925815581,4.252982091903687,0.007524527720080077,0.1007657714188099,0.35430607895056404,-0.059194643050432205,1.24111807346344,0.9723307291666666,0.000166515456,0.0055505152,-0.0012195133604109287,0.998782753944397,5,30,False,0.012453295290470123,466.4064040329331,3420.2417946584465,622.009526038295,139.04403347172774,971.3598552269686,-10.39255520472822,nan,nan,3,0.0,0.0,0.0,0.0,1.0,0.0,0.0,3.0,3.0,0.0,0.0,1.0,600.0,-10.39255520472822
1208,2473984,-0.0018671427426549295,0.15882768481969833,4.252699184417724,0.003336800385801316,0.0281565527121226,0.46843087375164033,0.08168455958366394,0.4173543453216553,0.9583333333333334,0.000166404864,0.0055468288,-0.0018228890839964151,0.9981801509857178,5,30,False,0.006259804125875235,466.4450925378739,3423.4569882434735,622.5073247563269,139.15686122473562,971.3598552269686,-10.348065044693309,nan,nan,3,0.0,0.0,0.0,0.0,1.0,0.0,0.0,3.0,3.0,0.0,0.0,1.0,600.0,-10.348065044693309
1209,2476032,-0.0024232179081688323,0.3076585054397583,4.250285800298055,0.0037321102805175717,0.03412037272937596,0.4445594822367032,-0.006528480444103479,0.5743237137794495,0.9814453125,0.000166294272,0.0055431424,-0.0025221682153642178,0.9974833726882935,5,30,False,0.007389275822788477,466.5070330095995,3426.4902797645045,622.9343549545301,139.25342956974055,971.3598552269686,-14.215714578416192,nan,nan,5,0.0,0.0,0.0,0.0,1.0,0.0,0.2,2.8,3.0,0.0,0.0,1.0,600.0,-14.215714578416192
1210,2478080,-0.0007162432962407668,0.17920027822256088,4.249305502573649,0.002277240151306614,0.015494791666666667,0.44239723881085713,-0.016770701855421066,0.4602149426937103,1.0,0.00016618368,0.005539456,-0.0025110056158155203,0.9974949359893799,5,30,False,0.004884617403149605,466.5501382265126,3429.690083786525,623.4014896365697,139.36225518873835,971.3598552269686,-10.48375826028799,nan,nan,3,0.0,0.0,0.0,0.0,1.0,0.0,0.0,3.0,3.0,0.0,0.0,1.0,600.0,-10.48375826028799
1211,2480128,-0.0021031113186230264,0.6676874190568924,4.2478196303049724,0.003360042127314955,0.03502604166666667,0.4945076237122218,0.24578890204429626,0.9501395225524902,1.0,0.000166073088,0.0055357696,-0.0034198607318103313,0.996588945388794,5,30,False,0.007610563188791275,466.58525782456735,3432.9773433445225,623.8500339274033,139.48678426473634,971.3598552269686,-10.975053535594725,nan,nan,4,0.0,0.0,0.0,0.0,1.0,0.0,0.0,3.0,2.5,0.0,0.0,1.0,600.0,-10.975053535594725
1212,2482176,-0.002269903601457675,0.13125370666384698,4.247445742289226,0.00340777231225123,0.03203125,0.4023467351992925,0.09727984666824341,0.40479931235313416,1.0,0.000165962496,0.005532083199999999,-0.002550507662817836,0.9974548816680908,5,30,False,0.005985924508422613,466.6098778298533,3436.379095264667,624.3061903363123,139.60678117073257,971.3598552269686,-10.297049352811882,nan,nan,2,0.0,0.0,0.0,0.0,1.0,0.0,0.0,3.0,3.0,0.0,0.0,1.0,600.0,-10.297049352811882
1213,2484224,-0.0015775461382872892,1.907531726360321,4.249669027328491,0.003618060372362475,0.03992085401744892,0.41107829213142394,-0.04745200276374817,1.4623163938522339,0.9650065104166666,0.000165851904,0.0055283968,-0.0023544449359178543,0.9976505637168884,5,30,False,0.010394318960607052,466.650731635528,3439.61440416766,624.7471894073824,139.72438937073457,971.3598552269686,-10.294685870745221,nan,nan,3,0.0,0.0,0.0,0.0,1.0,0.0,0.0,3.0,2.3333333333333335,0.0,0.0,1.0,600.0,-10.294685870745221
1214,2486272,-0.005959465237295566,1.383998417854309,4.2495936552683515,0.005100737278363947,0.061965771733472744,0.4397726441423098,-0.14807060360908508,1.2832067012786865,0.9278971354166666,0.000165741312,0.0055247104,-0.002549725119024515,0.9974551200866699,5,30,False,0.011160142719745636,466.6959741899373,3442.7672240607208,625.20908724131,139.8430745867372,971.3598552269686,-10.242834417297132,nan,nan,4,0.0,0.0,0.0,0.0,1.0,0.0,0.0,3.0,3.0,0.0,0.0,1.0,600.0,-10.242834417297132
1215,2488320,-0.00413216464415503,1.8467875719070435,4.249329662322998,0.004857621563653325,0.06185370464421188,0.4090790092945099,0.07468052953481674,1.402327299118042,0.935546875,0.00016563072,0.005521023999999999,-0.0022741886787116528,0.9977297186851501,5,30,False,0.010381420142948627,466.749910255837,3445.873095359755,625.6229640312376,139.95548094273545,971.3598552269686,-17.039176042269293,nan,nan,3,0.0,0.0,0.0,0.0,1.0,0.0,0.3333333333333333,2.6666666666666665,3.0,0.0,0.0,1.0,600.0,-17.039176042269293
1216,2490368,-0.0032020546272785093,3.763040471076965,4.251344124476115,0.004868562004882667,0.059308171396454175,0.3799374118447304,-0.2808919847011566,2.0382015705108643,0.9156901041666666,0.000165520128,0.0055173376,-0.0011769309639930725,0.9988241195678711,5,30,False,0.013777515850961208,466.81506602528714,3448.769241714748,626.1153296612028,140.06591228273464,971.3598552269686,-14.352299973449409,nan,nan,5,0.0,0.0,0.0,0.0,1.0,0.0,0.2,2.8,2.6,0.0,0.0,1.0,600.0,-14.352299973449409
1217,2492416,-0.0037850088890991175,3.9131093978881837,4.253990189234416,0.0055643481354423095,0.06982552452633778,0.41745143284400305,-0.14202897250652313,2.130305051803589,0.8800455729166666,0.000165409536,0.0055136512,-0.0011178848799318075,0.9988839626312256,5,30,False,0.008581720292568207,466.91884122915377,3451.3024848197965,626.55467302537,140.16958603273088,971.3598552269686,-17.03427217578913,nan,nan,3,0.0,0.0,0.0,0.0,1.0,0.0,0.3333333333333333,2.6666666666666665,3.0,0.0,0.0,1.0,600.0,-17.03427217578913
1218,2494464,-0.0021550422883592547,0.4657825767993927,4.253012561798096,0.00205471785290392,0.017731288253950577,0.41407595078150433,0.25848594307899475,0.6700032949447632,0.9091796875,0.000165298944,0.005509964799999999,-0.0012375916121527553,0.998764157295227,5,30,False,0.005611620843410492,467.01139995012386,3453.9957023698516,626.9551004003442,140.28370609373087,971.3598552269686,-29.224278477523853,nan,nan,4,0.0,0.0,0.0,0.0,1.0,0.0,0.25,2.25,1.75,0.25,0.25,1.0,600.0,-29.224278477523853
1219,2496512,-0.002038201115404566,0.19411230087280273,4.2536323706309,0.0030856394694031525,0.0283203125,0.409833991030852,0.10882540792226791,0.5050909519195557,1.0,0.000165188352,0.0055062784,-0.0012667005648836493,0.9987344741821289,5,30,False,0.007229984737932682,467.06625853563395,3457.0850181287387,627.3760872883722,140.40677796473028,971.3598552269686,-10.4906351704376,nan,nan,2,0.0,0.0,0.0,0.0,1.0,0.0,0.0,3.0,3.0,0.0,0.0,1.0,600.0,-10.4906351704376
1220,2498560,-0.0022731745926042398,0.2066096030175686,4.252506605784098,0.0032916214976770183,0.025651041666666666,0.4067704046765963,0.35040587186813354,0.45211032032966614,1.0,0.00016507776,0.005502592,-0.001554675167426467,0.9984474182128906,5,30,False,0.005287313833832741,467.1223252435211,3460.111058497787,627.8364241353847,140.53124299272895,971.3598552269686,-10.152574890186088,nan,nan,3,0.0,0.0,0.0,0.0,1.0,0.0,0.0,3.0,3.0,0.0,0.0,1.0,600.0,-10.152574890186088
1221,2500608,-0.001578364657067747,3.6805615425109863,4.252590862909953,0.003652325540554191,0.040308123206098875,0.35591109047333397,-0.2120383232831955,1.947422981262207,0.9890950520833334,0.00016496716799999997,0.0054989055999999994,-0.0012488893698900938,0.9987534880638123,5,30,False,0.007875144481658936,467.1757419741843,3463.1856799715024,628.2926275713689,140.6396107047185,971.3598552269686,-10.381066901645681,nan,nan,60,0.0,0.0,0.0,0.0,1.0,0.0,0.13333333333333333,1.9833333333333334,2.6666666666666665,0.7833333333333333,nan,1.0,600.0,nan
1222,2502656,-0.0016103080609658111,0.2487330913543701,4.2524694760640465,0.003581989630218674,0.03542513974631826,0.4409230942527453,0.1672007441520691,0.5058573484420776,0.9798177083333334,0.000164856576,0.0054952192,-0.001714672427624464,0.9982897639274597,5,30,False,0.009998383931815624,461.9467944757371,3466.073856829622,628.7786212093924,140.75248837072286,1032.7638341909624,-20.71516368821176,nan,nan,3,0.0,0.0,0.0,0.0,1.0,0.0,0.0,2.6666666666666665,1.6666666666666667,0.3333333333333333,0.0,1.0,600.0,-20.71516368821176
1223,2504704,-0.0033530542237713234,1.5157084703445434,4.250249449412028,0.00501544701307779,0.05741428046797713,0.4702299843231837,-0.07052173465490341,1.29475736618042,0.9969075520833334,0.00016474598400000002,0.0054915328,-0.0028187267016619444,0.997189462184906,5,30,False,0.009548038244247437,462.02372648323774,3468.9064081427496,629.2508600604197,140.8539001927129,1032.7638341909624,-14.340005609843569,nan,nan,5,0.0,0.0,0.0,0.0,1.0,0.0,0.2,2.8,2.6,0.0,0.0,1.0,600.0,-14.340005609843569
1224,2506752,-0.0015555601540351441,2.4839510679244996,4.249642562866211,0.004204480461100957,0.051058371648347624,0.4274777129292488,-0.1105026826262474,1.6338200569152832,0.9622395833333334,0.000164635392,0.0054878463999999995,-0.0016377880237996578,0.998365044593811,5,30,False,0.010365024209022522,462.09872201466413,3471.762517867537,629.7279561422765,140.94913303971407,1032.7638341909624,-10.285052206433951,nan,nan,3,0.0,0.0,0.0,0.0,1.0,0.0,0.0,3.0,1.6666666666666667,0.0,0.0,1.0,600.0,-10.285052206433951
1225,2508800,-0.0019251359975896777,0.26717894673347475,4.25338610013326,0.0025213392717561805,0.018019064721496156,0.4357058187325796,0.09240171313285828,0.5089923739433289,0.9583333333333334,0.00016452480000000001,0.00548416,-0.0009777600644156337,0.9990231990814209,5,30,False,0.004789577331393957,462.18445261866054,3474.5281123286404,630.173270374391,141.04539602172736,1032.7638341909624,-10.189811254560254,nan,nan,4,0.0,0.0,0.0,0.0,1.0,0.0,0.0,3.0,3.0,0.0,0.0,1.0,600.0,-10.189811254560254
1226,2510848,-0.0028148635251758,0.2574318662285805,4.254283078511556,0.00336313187749937,0.025525643303990365,0.3676245242357254,0.07858873903751373,0.47338372468948364,0.98974609375,0.000164414208,0.0054804736,-0.0005667199147865176,0.9994337558746338,5,30,False,0.004715601447969675,462.256627421402,3477.4242785366805,630.6416048143583,141.14847838472633,1032.7638341909624,-22.834745568839253,nan,nan,2,0.0,0.0,0.0,0.0,1.0,0.0,0.0,2.5,2.5,0.0,0.5,1.0,600.0,-22.834745568839253
1227,2512896,-0.0018895163026172667,2.7209603548049928,4.255446211496989,0.004547657625618573,0.04648870847498377,0.3746826216578484,-0.09472327679395676,1.7317687273025513,0.9708658854166666,0.000164303616,0.0054767871999999995,-0.0005436765495687723,0.9994565844535828,5,30,False,0.008121060207486153,462.372909738265,3479.8348786236893,631.0853107535222,141.2458776647254,1032.7638341909624,-10.37838459858176,nan,nan,2,0.0,0.0,0.0,0.0,1.0,0.0,0.0,3.0,2.0,0.0,0.0,1.0,600.0,-10.37838459858176
1228,2514944,-0.0024254325360137346,2.7002878427505492,4.25521977742513,0.0033485012269990123,0.03507765640194217,0.42095461090405784,-0.18251904845237732,1.6833124160766602,0.9557291666666666,0.000164193024,0.005473100799999999,-0.000568224408198148,0.9994322657585144,5,30,False,0.005598035175353289,462.47518266298704,3482.3254041947366,631.5867829556228,141.3566119417228,1032.7638341909624,-12.685346132791173,nan,nan,6,0.0,0.0,0.16666666666666666,0.0,0.8333333333333334,0.0,0.0,2.8333333333333335,2.1666666666666665,0.0,0.16666666666666666,0.8333333333333334,514.5,-12.685346132791173
1229,2516992,-0.0038307718040111165,0.7268031060695648,4.2555051644643145,0.004342479042132652,0.048645223774171124,0.36542989164590833,0.09881891310214996,0.8340563178062439,0.9825846354166666,0.000164082432,0.0054694144,-5.8538902521831915e-05,0.9999415278434753,5,30,False,0.008427813649177551,462.540887499339,3485.2651404848293,632.0664017015515,141.46492708672304,1032.7638341909624,-18.427218918353294,nan,nan,3,0.0,0.0,0.0,0.0,1.0,0.0,0.0,2.6666666666666665,1.3333333333333333,0.0,0.3333333333333333,1.0,600.0,-18.427218918353294
1230,2519040,-0.0005264088889816776,3.2312772274017334,4.256616640090942,0.0022410960359328176,0.013688072003424168,0.4675223842263222,-0.05042398348450661,1.8425378799438477,0.9685872395833334,0.00016397183999999998,0.0054657279999999996,-0.0002330578863620758,0.999767005443573,5,30,False,0.005334818735718727,462.60876876070336,3488.1621321559505,632.5767864226509,141.5632328827196,1032.7638341909624,-18.220852723792632,nan,nan,4,0.0,0.0,0.0,0.0,1.0,0.0,0.0,2.75,3.0,0.25,0.0,1.0,600.0,-18.220852723792632
1231,2521088,-0.0034954290914659698,0.43350266814231875,4.255094305674235,0.004463004443963274,0.04598757034788529,0.5009844417373339,0.23761498928070068,0.7218485474586487,0.9583333333333334,0.000163861248,0.005462041599999999,-0.0010479375487193465,0.9989526271820068,5,30,False,0.006596041843295097,462.67869770090834,3491.0829305270017,633.0346704905678,141.66531831173052,1032.7638341909624,-10.761986187889988,nan,nan,4,0.0,0.0,0.0,0.0,1.0,0.0,0.0,3.0,3.0,0.0,0.0,1.0,600.0,-10.761986187889988
1232,2523136,-0.002102617282442528,0.3558689713478088,4.25219661394755,0.00338090347807712,0.02989263319177553,0.4057000011205673,0.09796950221061707,0.6081759333610535,0.9677734375,0.00016375065599999998,0.005458355199999999,-0.0020827213302254677,0.9979199171066284,5,30,False,0.006996782962232828,462.75044903583523,3493.982567529092,633.4999958895351,141.76399313974252,1032.7638341909624,-15.580192429401905,nan,nan,4,0.0,0.0,0.0,0.0,1.0,0.0,0.25,2.75,2.5,0.0,0.0,1.0,600.0,-15.580192429401905
1233,2525184,-0.0021736175132294495,0.18999020308256148,4.249788983662923,0.0037182543775998054,0.03870442708333333,0.3866777911782265,0.16255973279476166,0.4328483045101166,1.0,0.00016364006400000001,0.0054546688000000005,-0.002643990097567439,0.9973599314689636,5,30,False,0.007966804318130016,462.807718754196,3496.9817940210633,634.0313578135974,141.86406330374302,1032.7638341909624,-10.320229471755738,nan,nan,1,0.0,0.0,0.0,0.0,1.0,0.0,0.0,3.0,3.0,0.0,0.0,1.0,600.0,-10.320229471755738
1234,2527232,-0.0010964368470013142,2.517855644226074,4.2495523452758786,0.003194642806218854,0.025634813797660173,0.43754304250081383,-0.15934906899929047,1.6579564809799194,0.9943033854166666,0.000163529472,0.0054509824,-0.001947880256921053,0.9980546236038208,5,30,False,0.006610887590795755,462.8807426386518,3499.7686451720074,634.5851536364498,141.96761012975185,1032.7638341909624,-10.281600549124809,nan,nan,3,0.0,0.0,0.0,0.0,1.0,0.0,0.0,3.0,3.0,0.0,0.0,1.0,600.0,-10.281600549124809
1235,2529280,-0.002877330066015323,0.45544440150260923,4.251394605636596,0.003571134203889755,0.03878182415307189,0.3967561801274618,0.1429906040430069,0.670307993888855,0.99462890625,0.00016341888,0.005447296,-0.0018636423628777266,0.9981390237808228,5,30,False,0.007026007864624262,462.95488476373845,3502.6854124520614,635.0054008324951,142.06655986474652,1032.7638341909624,-16.36468083485979,nan,nan,5,0.0,0.0,0.0,0.0,1.0,0.0,0.0,2.8,3.0,0.2,0.0,1.0,600.0,-16.36468083485979
1236,2531328,-0.0031510410364717243,0.21771765798330306,4.251721334457398,0.002345104262349196,0.016438802083333332,0.3859401380022367,0.13276943564414978,0.48962894082069397,1.0,0.00016330828800000002,0.0054436096,-0.001388691132888198,0.9986140131950378,5,30,False,0.005314519628882408,463.04299278573876,3505.437786192124,635.4331724194635,142.1605212307477,1032.7638341909624,-10.97153618264565,nan,nan,3,0.0,0.0,0.0,0.0,1.0,0.0,0.0,3.0,2.3333333333333335,0.0,0.0,1.0,600.0,-10.97153618264565
1237,2533376,-0.0016851491818670183,5.086772346496582,4.251852623621622,0.0030435407950657615,0.02800229114169876,0.3797641490896543,-0.35811933875083923,2.2910423278808594,0.9855143229166666,0.000163197696,0.005439923199999999,-0.002069424604997039,0.9979361295700073,5,30,False,0.006722417660057545,463.1143723344896,3508.3216108432825,635.9107825585234,142.26290470875392,1032.7638341909624,-18.05146365108635,nan,nan,4,0.0,0.0,0.0,0.0,1.0,0.0,0.0,2.75,2.0,0.25,0.0,1.0,600.0,-18.05146365108635
1238,2535424,-0.0019496478838846088,6.289599657058716,4.248538510004679,0.0024988068932448354,0.01932354529077808,0.49731363157431285,-0.325660765171051,2.6776797771453857,0.91650390625,0.000163087104,0.0054362368,-0.003649603109806776,0.996357798576355,5,30,False,0.004913909826427698,463.18629582945925,3511.198266568186,636.3870872007974,142.35891572876426,1032.7638341909624,-26.30266635467251,nan,nan,4,0.0,0.0,0.0,0.0,1.0,0.0,0.0,2.5,3.0,0.5,0.0,1.0,600.0,-26.30266635467251
1239,2537472,-0.0013851327763404696,1.2339026033878326,4.244402106602987,0.003039553222312108,0.021286411862820386,0.4666126936674118,0.5960978865623474,1.0545539855957031,0.92431640625,0.000162976512,0.0054325504,-0.004453256260603666,0.9955574870109558,5,30,False,0.0059260716661810875,463.26098574573587,3514.0444216161413,636.8454259838327,142.46403758476663,1032.7638341909624,-16.32185147725886,nan,nan,4,0.0,0.0,0.0,0.0,1.0,0.0,0.25,2.75,2.5,0.0,0.0,1.0,600.0,-16.32185147725886
1240,2539520,-0.0024204892882456384,0.15572971254587173,4.243906243642171,0.0034849516178737773,0.029383740849637737,0.4958670179049174,0.32900917530059814,0.4407287836074829,0.9583333333333334,0.00016286592,0.005428863999999999,-0.0039632017724215984,0.996048629283905,5,30,False,0.005942173767834902,463.33310137009966,3516.9465554689814,637.2963017017173,142.56372263676894,1032.7638341909624,-11.151357464776083,nan,nan,1,0.0,0.0,0.0,0.0,1.0,0.0,0.0,3.0,3.0,0.0,0.0,1.0,600.0,-11.151357464776083
1241,2541568,-0.0019795142696239056,2.5136433005332948,4.244468037287394,0.0027698593810719413,0.026424718159250914,0.38765236735343933,-0.010579911060631275,1.6809996366500854,0.9715169270833334,0.000162755328,0.005425177599999999,-0.004334419500082731,0.9956797361373901,5,30,False,0.006148014683276415,463.4038125091415,3519.777657646875,637.8295705237979,142.6614242437645,1032.7638341909624,-17.45024732413367,nan,nan,3,0.0,0.0,0.0,0.0,1.0,0.0,0.3333333333333333,2.6666666666666665,3.0,0.0,0.0,1.0,600.0,-17.45024732413367
1242,2543616,-0.003520228317938745,0.5295026898384094,4.24381095568339,0.005160992833045904,0.06066474380980556,0.44605453660090766,0.11715435981750488,0.7341965436935425,0.9583333333333334,0.000162644736,0.0054214912,-0.004159669857472181,0.9958539009094238,5,30,False,0.009961910545825958,463.4698067878102,3522.6632191879326,638.3516369837162,142.7628528107598,1032.7638341909624,-10.316272588295385,nan,nan,5,0.0,0.0,0.0,0.0,1.0,0.0,0.0,3.0,2.6,0.0,0.0,1.0,600.0,-10.316272588295385
1243,2545664,-0.0006468534838253011,2.5336530685424803,4.245079851150512,0.004542670914680732,0.049413652050619324,0.4415658603111903,-0.06908319145441055,1.6793370246887207,0.97412109375,0.00016253414399999998,0.005417804799999999,-0.0036380463279783726,0.9963726997375488,5,30,False,0.01102028414607048,463.5542631309109,3525.4053123359336,638.8160229166824,142.85889305875753,1032.7638341909624,-18.68827982202553,nan,nan,3,0.0,0.0,0.0,0.0,1.0,0.0,0.0,2.6666666666666665,2.0,0.0,0.3333333333333333,1.0,600.0,-18.68827982202553
1244,2547712,-0.0022205682461693263,0.2653345957398415,4.246977233886719,0.00437868403086279,0.045177272152310856,0.4243776271740595,0.16398100554943085,0.49453073740005493,0.97900390625,0.00016242355200000002,0.0054141184,-0.0028766938485205173,0.9971323013305664,5,30,False,0.007916336879134178,463.615313429247,3528.373075317766,639.3164839996316,142.9643163837609,1032.7638341909624,-18.423956873855104,nan,nan,4,0.0,0.0,0.0,0.0,1.0,0.0,0.0,2.75,3.0,0.25,0.0,1.0,600.0,-18.423956873855104
1245,2549760,-0.0009130219385648767,0.26515414714813235,4.247948884963989,0.0032197595302325983,0.030436197916666668,0.4929663176337878,0.12994007766246796,0.5219042897224426,1.0,0.00016231296,0.005410432,-0.0034218216314911842,0.9965909719467163,5,30,False,0.008300745859742165,463.6937242929625,3531.1381950808427,639.8193720248237,143.06118553475244,1032.7638341909624,-10.245511576990111,nan,nan,4,0.0,0.0,0.0,0.0,1.0,0.0,0.0,3.0,3.0,0.0,0.0,1.0,600.0,-10.245511576990111
1246,2551808,-0.002263731645264973,1.897163701057434,4.245267152786255,0.004760948690835913,0.052326213025177516,0.5061299900213877,-0.09245048463344574,1.4141215085983276,0.9879557291666666,0.000162202368,0.0054067456,-0.004206926561892033,0.9958102703094482,5,30,False,0.009276002645492554,463.74336954484124,3534.085416399874,640.3823166559159,143.25229760575166,1032.7638341909624,-15.22507602591486,nan,nan,4,0.0,0.0,0.0,0.0,1.0,0.0,0.25,2.75,2.5,0.0,0.0,1.0,600.0,-15.22507602591486
1247,2553856,-0.0025710351512922597,3.8104735612869263,4.243648926417033,0.003917887136503347,0.04017745628176878,0.40473802387714386,-0.31317776441574097,1.9929696321487427,0.9430338541666666,0.000162091776,0.0054030592,-0.004545188508927822,0.9954760074615479,5,30,False,0.00700354902073741,463.7639531576205,3537.477465965945,640.8564909069974,143.42620957475447,1032.7638341909624,-30.00262640280198,nan,nan,1,0.0,0.0,0.0,0.0,1.0,0.0,1.0,2.0,3.0,0.0,0.0,1.0,600.0,-30.00262640280198
1248,2555904,-0.0022067197288076082,3.7303266286849976,4.242623488108317,0.004006987081476332,0.04025914485876759,0.4423951556285222,-0.28403106331825256,2.068495988845825,0.9098307291666666,0.000161981184,0.0053993728,-0.0049798390828073025,0.995046079158783,5,30,False,0.007560930214822292,463.76703074847757,3541.019246443946,641.37058909396,143.59961536276387,1032.7638341909624,-16.823156508305903,nan,nan,3,0.0,0.0,0.0,0.0,1.0,0.0,0.3333333333333333,2.6666666666666665,3.0,0.0,0.0,1.0,600.0,-16.823156508305903
1249,2557952,-0.0018736610499521097,0.2869972765445709,4.242580286661783,0.0028008739975718586,0.02365027184908589,0.40948305775721866,0.2461147904396057,0.5079342722892761,0.9464518229166666,0.00016187059199999999,0.0053956863999999995,-0.004459032788872719,0.9955704212188721,5,30,False,0.0060581970028579235,463.7205493004548,3545.119730318911,641.9522242140229,143.72416124175652,1032.7638341909624,-23.192425053930492,nan,nan,4,0.0,0.0,0.0,0.0,1.0,0.0,0.25,2.5,3.0,0.25,0.0,1.0,600.0,-23.192425053930492
1250,2560000,-0.0007235693784120183,3.0627591609954834,4.243406581878662,0.003108911536420737,0.02535058109012122,0.42091070115566254,-0.12430723011493683,1.7961761951446533,0.96923828125,0.00016176,0.005391999999999999,-0.004593926481902599,0.9954296350479126,5,30,False,0.006577631458640099,463.70940906563754,3548.8050728059025,642.4828482088342,143.90661312676093,1032.7638341909624,-16.313335513590573,nan,nan,4,0.0,0.0,0.0,0.0,1.0,0.0,0.0,2.75,2.75,0.0,0.25,1.0,600.0,-16.313335513590573
1251,2562048,-0.002048127892582367,0.49604774117469785,4.242655165990194,0.003176124129519516,0.024735425288478535,0.5094343761603037,0.2641874849796295,0.7440623044967651,0.9583333333333334,0.000161649408,0.0053883136,-0.00493849441409111,0.9950897097587585,5,30,False,0.005802395287901163,463.7122590564874,3552.3738552348805,642.9814285640605,144.06851399876177,1032.7638341909624,-10.611987857640415,nan,nan,4,0.0,0.0,0.0,0.0,1.0,0.0,0.0,3.0,3.0,0.0,0.0,1.0,600.0,-10.611987857640415
1252,2564096,-0.0025297832384239883,0.6287211298942565,4.241768264770508,0.003735203051109437,0.03639864160989722,0.3654920861124992,-0.025258908048272133,0.7929707765579224,0.96435546875,0.000161538816,0.0053846271999999995,-0.005084563046693802,0.9949504137039185,5,30,False,0.006947225425392389,463.6952191699076,3556.0725649017986,643.537941069022,144.26961809577188,1032.7638341909624,-16.303817043078084,nan,nan,4,0.0,0.0,0.0,0.0,1.0,0.0,0.0,2.75,2.25,0.0,0.25,1.0,600.0,-16.303817043078084
1253,2566144,-0.0019397507576892773,1.6992278575897217,4.243108510971069,0.004047084755014415,0.04019981786841527,0.4093520872294903,-0.09060678631067276,1.3339450359344482,0.9928385416666666,0.000161428224,0.005380940799999999,-0.003856831230223179,0.9961654543876648,5,30,False,0.009943223558366299,463.64142807400304,3560.2474086228467,644.0896100699756,144.4136612957809,1032.7638341909624,-15.07417433958404,nan,nan,4,0.0,0.0,0.0,0.0,1.0,0.0,0.25,2.75,3.0,0.0,0.0,1.0,600.0,-15.07417433958404
1254,2568192,-0.002425370365381241,0.09324900209903716,4.24594866434733,0.002451213083501595,0.023111979166666668,0.43920089652140937,0.11134281009435654,0.3431321978569031,1.0,0.00016131763199999998,0.005377254399999999,-0.0037104496732354164,0.9963101744651794,5,30,False,0.005289049819111824,463.6066345222901,3564.2341587498668,644.5978697942192,144.54752510278195,1032.7638341909624,-10.335094881847908,nan,nan,1,0.0,0.0,0.0,0.0,1.0,0.0,0.0,3.0,3.0,0.0,0.0,1.0,600.0,-10.335094881847908
1255,2570240,-0.0028445741006483632,0.18494437932968139,4.246040121714274,0.0033471121782592188,0.030989583333333334,0.4656337598959605,0.16723738610744476,0.45901450514793396,1.0,0.00016120704000000002,0.0053735680000000004,-0.0033716277685016394,0.9966453909873962,5,30,False,0.005971609149128199,463.6103901705599,3567.768680255758,645.1326488211635,144.6966265507799,1032.7638341909624,-10.716222049970042,nan,nan,3,0.0,0.0,0.0,0.0,1.0,0.0,0.0,3.0,3.0,0.0,0.0,1.0,600.0,-10.716222049970042
1256,2572288,-0.0029071356480320294,0.38654721677303316,4.247184308369954,0.0060404289630241696,0.06848958333333334,0.40688711653153103,-0.03076811507344246,0.6386253833770752,1.0,0.000161096448,0.0053698816,-0.003156182821840048,0.9968587160110474,5,30,False,0.01184154488146305,463.6099999214222,3571.440231522647,645.6187366351951,144.81463864479156,1032.7638341909624,-10.189697379747827,nan,nan,4,0.0,0.0,0.0,0.0,1.0,0.0,0.0,3.0,2.5,0.0,0.0,1.0,600.0,-10.189697379747827
1257,2574336,-0.0005698086499857406,3.3459229469299316,4.24627161026001,0.0025859217334073038,0.01554760029927517,0.42117039610942203,-0.34460029006004333,1.877304196357727,0.9674479166666666,0.000160985856,0.0053661952,-0.003976475913077593,0.9960381388664246,5,30,False,0.0047545176930725574,463.6343614407458,3574.7463731867465,646.1751485422428,144.91890936579148,1032.7638341909624,-15.199200802562501,nan,nan,4,0.0,0.0,0.0,0.0,1.0,0.0,0.25,2.75,2.5,0.0,0.0,1.0,600.0,-15.199200802562501
1258,2576384,-0.0021481668498987954,0.17559314891695976,4.244547239939371,0.003723999485130965,0.03178639339360719,0.414895761013031,0.05718382075428963,0.43656113743782043,0.9583333333333334,0.000160875264,0.0053625088,-0.004182587843388319,0.9958305358886719,5,30,False,0.006100782193243504,463.6645610046209,3577.99303880379,646.7132305890991,145.04383970279014,1032.7638341909624,-10.229993937805602,nan,nan,4,0.0,0.0,0.0,0.0,1.0,0.0,0.0,3.0,2.0,0.0,0.0,1.0,600.0,-10.229993937805602
1259,2578432,-0.0011429249464223782,0.21374166011810303,4.245356655120849,0.002934466024852789,0.023306495393626392,0.42561790694793067,0.08968222141265869,0.46473535895347595,0.9833984375,0.000160764672,0.005358822399999999,-0.003449549898505211,0.9965590834617615,5,30,False,0.005453005898743868,463.68385493049516,3581.362350048861,647.2593095630873,145.14592410578916,1032.7638341909624,-15.167598205286595,nan,nan,4,0.0,0.0,0.0,0.0,1.0,0.0,0.25,2.75,3.0,0.0,0.0,1.0,600.0,-15.167598205286595
1260,2580480,-0.002173181064426899,1.8800933718681336,4.247887531916301,0.00478636052580157,0.05394766914347807,0.4250957156221072,-0.039088569581508636,1.3993667364120483,0.9855143229166666,0.00016065408,0.005355136,-0.0023665251210331917,0.997640073299408,5,30,False,0.009065189398825169,463.73239005523885,3584.424324060863,647.7706601171085,145.2650655847974,1032.7638341909624,-10.183363297871134,nan,nan,3,0.0,0.0,0.0,0.0,1.0,0.0,0.0,3.0,3.0,0.0,0.0,1.0,600.0,-10.183363297871134
1261,2582528,-0.002375808629828195,0.2832756742835045,4.251144536336263,0.004642131084498639,0.050247982144355774,0.37228455742200217,0.07304597645998001,0.5500262975692749,0.9996744791666666,0.000160543488,0.0053514496,-0.0013934544986113906,0.9986090660095215,5,30,False,0.008836636319756508,463.76414310544,3587.6217680277186,648.3358783670847,145.381008044802,1032.7638341909624,-20.222819782153692,nan,nan,2,0.0,0.0,0.0,0.0,1.0,0.0,0.5,2.5,2.0,0.0,0.0,1.0,600.0,-20.222819782153692
1262,2584576,-0.0021619429035733143,1.0910929411649704,4.252974430720012,0.005093722059574961,0.055982058169320226,0.417096338669459,0.06396602839231491,1.0549395084381104,0.9871419270833334,0.00016043289599999998,0.005347763199999999,-0.0012706059496849775,0.9987314939498901,5,30,False,0.008285070769488811,463.76600399754665,3591.101480276615,648.9805520491645,145.50982337081223,1032.7638341909624,-16.87240308148891,nan,nan,3,0.0,0.0,0.0,0.0,1.0,0.0,0.3333333333333333,2.6666666666666665,3.0,0.0,0.0,1.0,600.0,-16.87240308148891
1263,2586624,-0.002956023529016723,2.188981854915619,4.253270053863526,0.004763359901670168,0.05551030867888282,0.36573269267876946,-0.007072309497743845,1.5462238788604736,0.9737955729166666,0.000160322304,0.005344076799999999,-0.001197960926219821,0.9988042116165161,5,30,False,0.00855337455868721,463.8135922823548,3594.128377090645,649.5285368050972,145.62994655180955,1032.7638341909624,-10.304425702479989,nan,nan,4,0.0,0.0,0.0,0.0,1.0,0.0,0.0,3.0,2.5,0.0,0.0,1.0,600.0,-10.304425702479989
1264,2588672,-0.0025667126988992094,2.3698150396347044,4.25233367284139,0.003883718341932152,0.04216750928123171,0.4289139280716578,-0.11221889406442642,1.5825488567352295,0.9580078125,0.000160211712,0.0053403904,-0.002008872339501977,0.9979971647262573,5,30,False,0.009535984136164188,463.8871410474481,3596.897759617583,650.0360193122033,145.7418628968153,1032.7638341909624,-15.129630766295122,nan,nan,4,0.0,0.0,0.0,0.0,1.0,0.0,0.25,2.75,2.0,0.0,0.0,1.0,600.0,-15.129630766295122
1265,2590720,-0.001670796734591325,3.5412410497665405,4.249476893742879,0.003133238437670194,0.028739252938733747,0.4149218276143074,-0.1080474779009819,1.890608549118042,0.9461263020833334,0.00016010111999999999,0.005336703999999999,-0.0029899035580456257,0.997020959854126,5,30,False,0.005579919554293156,463.92403929202953,3600.0214874456433,650.6174982012308,145.85155737581954,1032.7638341909624,-21.544501480304234,nan,nan,4,0.0,0.0,0.0,0.0,1.0,0.0,0.25,2.5,2.25,0.0,0.25,1.0,600.0,-21.544501480304234
1266,2592768,-0.002944791557577749,0.2574542582035065,4.246226072311401,0.004250802447268291,0.037872677218789855,0.4960314949353536,0.2566241919994354,0.48705926537513733,0.9583333333333334,0.00015999052800000002,0.0053330176,-0.004045367706567049,0.9959685206413269,5,30,False,0.007055272813886404,463.9743545105755,3602.9947784927062,651.1888483282091,145.96906386481714,1032.7638341909624,-10.546136430955508,nan,nan,3,0.0,0.0,0.0,0.0,1.0,0.0,0.0,3.0,2.3333333333333335,0.0,0.0,1.0,600.0,-10.546136430955508
1267,2594816,-0.003626700668246485,0.2025643043220043,4.244510555267334,0.004341588018299565,0.04711037434171885,0.4246422981222471,0.18454612791538239,0.4705584645271301,0.96435546875,0.000159879936,0.0053293312,-0.003879937808960676,0.9961325526237488,5,30,False,0.009716586209833622,463.99103593501206,3606.3152897497785,651.8056730261451,146.07362494582776,1032.7638341909624,-17.291720462333615,nan,nan,4,0.0,0.0,0.0,0.0,1.0,0.0,0.0,2.75,2.25,0.0,0.25,1.0,600.0,-17.291720462333615
1268,2596864,-0.001660309157644709,1.7406822681427,4.2443286895751955,0.0038748917594285596,0.033724234191079935,0.49105848570664723,-0.10138191282749176,1.3716826438903809,0.98046875,0.00015976934400000002,0.0053256448,-0.004845420829951763,0.9951753616333008,5,30,False,0.006573348306119442,464.038166954691,3609.3303450276435,652.3633396119694,146.18301836382307,1032.7638341909624,-20.20857722583878,nan,nan,2,0.0,0.0,0.0,0.0,1.0,0.0,0.5,2.5,3.0,0.0,0.0,1.0,600.0,-20.20857722583878
1269,2598912,-0.004369946274285515,0.22906481921672822,4.24052996635437,0.005979562543022136,0.07620442708333333,0.4397894779841105,0.1269674003124237,0.4592313766479492,1.0,0.000159658752,0.0053219584,-0.005795513745397329,0.9942331314086914,5,30,False,0.01176394522190094,464.05421773612716,3612.6293823695887,653.0080481118639,146.3057346418209,1032.7638341909624,-10.252481447067124,nan,nan,3,0.0,0.0,0.0,0.0,1.0,0.0,0.0,3.0,3.0,0.0,0.0,1.0,600.0,-10.252481447067124
1270,2600960,-0.0032602736842818557,3.41890949010849,4.240014092127482,0.004876018565506731,0.055711737577803434,0.3623181442419688,-0.2255372405052185,1.9208128452301025,0.9957682291666666,0.00015954816,0.005318272,-0.005306266248226166,0.9947184920310974,5,30,False,0.008883697912096977,464.0621062749394,3616.020558474498,653.6488978067937,146.43081235082354,1032.7638341909624,-18.135228068114884,nan,nan,60,0.0,0.0,0.0,0.0,1.0,0.0,0.03333333333333333,1.2,2.566666666666667,1.6666666666666667,nan,0.7666666666666667,578.0,nan
1271,2603008,-0.0016229733514289062,0.2849386438727379,4.2410448551177975,0.003839587647235021,0.03649088541666667,0.43038351635138195,0.0008962142164818943,0.5588229298591614,1.0,0.000159437568,0.0053145855999999995,-0.005317683797329664,0.9947062730789185,5,30,False,0.007147688884288073,458.59442858140875,3619.8321847563348,654.2225283267326,146.58138954083552,1099.3537182059663,-10.447750812580352,nan,nan,4,0.0,0.0,0.0,0.0,1.0,0.0,0.0,3.0,2.5,0.0,0.0,1.0,600.0,-10.447750812580352
1272,2605056,-0.002935327123850584,7.162401914596558,4.241102568308512,0.005697026062361961,0.07047728979960084,0.41736076523860294,-0.19987359642982483,2.7937099933624268,0.9833984375,0.000159326976,0.005310899199999999,-0.004814410116523504,0.9952024221420288,5,30,False,0.014520394615828991,458.6283218165608,3623.0929682632413,654.7468300996261,146.69871992184198,1099.3537182059663,-11.077576512192536,nan,nan,4,0.0,0.0,0.0,0.0,1.0,0.0,0.0,3.0,2.5,0.0,0.0,1.0,600.0,-11.077576512192536
1273,2607104,-0.003237472354764274,0.5177958756685257,4.24266209602356,0.004478367939009331,0.04698004580956573,0.3936125134428342,0.15004345774650574,0.6980400085449219,0.9166666666666666,0.00015921638399999999,0.0053072128,-0.004686610773205757,0.9953298568725586,5,30,False,0.007828965783119202,458.64548889851056,3626.497034913278,655.2995781096106,146.85067873983644,1099.3537182059663,-10.822726734713646,nan,nan,3,0.0,0.0,0.0,0.0,1.0,0.0,0.0,3.0,2.3333333333333335,0.0,0.0,1.0,600.0,-10.822726734713646
1274,2609152,-0.0018201146051675702,2.404769206047058,4.243712663650513,0.003573601008727086,0.03453491414353872,0.3878450348973274,-0.025097878649830818,1.5502164363861084,0.8995768229166666,0.000159105792,0.0053035263999999995,-0.003954210318624973,0.9960575103759766,5,30,False,0.007373737636953592,458.663398205828,3629.9916308591783,655.7805432724272,146.96436193582485,1099.3537182059663,-27.8320669827217,nan,nan,4,0.0,0.0,0.0,0.0,1.0,0.0,0.25,2.25,2.0,0.0,0.5,1.0,600.0,-27.8320669827217
1275,2611200,-0.0015429891335467496,1.637785542011261,4.246671835581462,0.0040251714679219695,0.04617694588378072,0.3983344867825508,0.026980113238096237,1.3489655256271362,0.9733072916666666,0.00015899519999999998,0.005299839999999999,-0.002723910380154848,0.9972817301750183,5,30,False,0.009893632493913174,458.694106593863,3633.332185783991,656.280202945447,147.07238619282725,1099.3537182059663,-20.5289657723323,nan,nan,2,0.0,0.0,0.0,0.0,1.0,0.0,0.5,2.5,3.0,0.0,0.0,1.0,600.0,-20.5289657723323
1276,2613248,-0.0011434651469850602,2.566705513000488,4.250942659378052,0.002569557101378213,0.021101947966963054,0.37538462231556574,-0.12782831490039825,1.6858247518539429,0.98095703125,0.000158884608,0.005296153599999999,-0.0011464054696261883,0.9988548755645752,5,30,False,0.006818273104727268,458.71567758037133,3636.739288096869,656.8022157835221,147.19338347783196,1099.3537182059663,-10.396178708330504,nan,nan,3,0.0,0.0,0.0,0.0,1.0,0.0,0.0,3.0,3.0,0.0,0.0,1.0,600.0,-10.396178708330504
1277,2615296,-0.0031148638508360213,0.12625904530286788,4.254426288604736,0.004463282383125033,0.05148219796440875,0.47280029008785884,0.13102886080741882,0.3370159864425659,0.9583333333333334,0.00015877401600000003,0.0052924672,-0.000769976933952421,0.9992308616638184,5,30,False,0.008657875470817089,458.7249347777936,3640.272261763879,657.3266319885151,147.33588960082852,1099.3537182059663,-11.564879173130976,nan,nan,4,0.0,0.0,0.0,0.0,1.0,0.0,0.0,3.0,3.0,0.0,0.0,1.0,600.0,-11.564879173130976
1278,2617344,-0.004174238574341871,0.18202439546585084,4.254084046681722,0.0041961020331752865,0.04364984479422371,0.4078828906019529,0.11115098744630814,0.40266215801239014,0.9734700520833334,0.000158663424,0.0052887808,-0.0009735421044752002,0.9990274310112,5,30,False,0.011085162870585918,458.7187318493707,3644.0144370757916,657.8564120215306,147.4539065358258,1099.3537182059663,-17.17149376284624,nan,nan,4,0.0,0.0,0.0,0.0,1.0,0.0,0.0,2.75,2.75,0.0,0.25,1.0,600.0,-17.17149376284624
1279,2619392,-0.0033999394237374265,2.5520076990127563,4.25250883102417,0.005281624334090415,0.06653631124645472,0.4581581066052119,-0.09126602858304977,1.656502366065979,0.9930013020833334,0.00015855283200000002,0.0052850944,-0.002110069850459695,0.9978941679000854,5,30,False,0.011163325048983097,458.73513616899555,3647.507548348658,658.3638226874464,147.57555120783218,1099.3537182059663,-10.213250957774676,nan,nan,4,0.0,0.0,0.0,0.0,1.0,0.0,0.0,3.0,3.0,0.0,0.0,1.0,600.0,-10.213250957774676
1280,2621440,-0.001950010025272301,3.6474681377410887,4.248958476384481,0.004223410847591739,0.04867943468270823,0.4422968993584315,-0.023635441437363625,1.978927731513977,0.95654296875,0.00015844224,0.005281408,-0.0031158418860286474,0.9968916773796082,5,30,False,0.0099988067522645,458.77467266308724,3650.7288528486824,658.8642262834182,147.68427455383062,1099.3537182059663,-21.084534188383866,nan,nan,3,0.0,0.0,0.0,0.0,1.0,0.0,0.0,2.6666666666666665,2.3333333333333335,0.3333333333333333,0.0,1.0,600.0,-21.084534188383866
1281,2623488,-0.002858094774031391,1.9354963421821594,4.248054440816244,0.004717928231154171,0.055774732380329324,0.3578736588358879,0.03492718189954758,1.4675064086914062,0.9231770833333334,0.000158331648,0.0052777216,-0.0023715307470411062,0.9976326823234558,5,30,False,0.009867293760180473,458.8319028079594,3653.7996208096883,659.3146811665938,147.78215889183048,1099.3537182059663,-18.655799362872738,nan,nan,3,0.0,0.0,0.0,0.0,1.0,0.0,0.0,2.6666666666666665,2.6666666666666665,0.0,0.3333333333333333,1.0,600.0,-18.655799362872738
1282,2625536,-0.0013564209803007543,4.132327318191528,4.251917107899984,0.004109466754554229,0.04678579522684837,0.4349853411316872,-0.10525532066822052,1.9187753200531006,0.9225260416666666,0.000158221056,0.0052740352,-0.0007109253201633692,0.999289870262146,5,30,False,0.009675257839262486,458.85124650955106,3657.2579510457,659.8240508396702,147.91278279082326,1099.3537182059663,-11.084923188702305,nan,nan,3,0.0,0.0,0.0,0.0,1.0,0.0,0.0,3.0,2.3333333333333335,0.0,0.0,1.0,600.0,-11.084923188702305
1283,2627584,-0.0007160257053328678,2.3213306307792663,4.2544156869252525,0.0020837587506927473,0.008586267238327613,0.43852876822153725,0.05570187419652939,1.5989093780517578,0.93017578125,0.000158110464,0.0052703488,-0.0010817146394401789,0.9989200830459595,5,30,False,0.0067929537035524845,458.87969724714486,3660.6371529565367,660.261560139712,148.03976343182148,1099.3537182059663,-36.00790876308171,nan,nan,3,0.0,0.0,0.0,0.0,1.0,0.0,0.3333333333333333,2.0,2.6666666666666665,0.3333333333333333,0.3333333333333333,1.0,600.0,-36.00790876308171
1284,2629632,-0.0010474846155072253,2.2291794657707213,4.2538683891296385,0.00412654083702364,0.04436906452756375,0.3873674382766088,0.12421980500221252,1.6112802028656006,0.9402669270833334,0.000157999872,0.005266662399999999,-0.0006144985090941191,0.9993860721588135,5,30,False,0.00986576545983553,458.8897581905028,3664.1232663145784,660.7917746097228,148.21621119281917,1099.3537182059663,-10.244676483208423,nan,nan,4,0.0,0.0,0.0,0.0,1.0,0.0,0.0,3.0,3.0,0.0,0.0,1.0,600.0,-10.244676483208423
1285,2631680,-0.002493691258132458,3.5454727172851563,4.254874976476033,0.0051266547070705805,0.05842480952463423,0.5169212013483048,0.017037060111761093,2.0128109455108643,0.91455078125,0.00015788928,0.005262975999999999,-0.0008403212996199727,0.9991602301597595,5,30,False,0.009316422045230865,458.91665158689295,3667.4667472034926,661.2560979755799,148.34817303781165,1099.3537182059663,-22.04237131375666,nan,nan,4,0.0,0.0,0.0,0.0,1.0,0.0,0.25,2.5,2.75,0.0,0.25,1.0,600.0,-22.04237131375666
1286,2633728,-0.0027001529272335273,3.483791446685791,4.254423666000366,0.0036848923029346283,0.03845421321457252,0.4534901390473048,-0.05129614844918251,1.9247031211853027,0.9207356770833334,0.00015777868799999998,0.0052592896,-0.000618950929492712,0.9993813037872314,5,30,False,0.009754638187587261,458.95474434367975,3670.703032280435,661.7517127453903,148.46237593580736,1099.3537182059663,-24.37598768198253,nan,nan,4,0.0,0.0,0.0,0.0,1.0,0.0,0.0,2.5,2.25,0.25,0.25,1.0,600.0,-24.37598768198253
1287,2635776,-0.004208356598004078,2.216870331764221,4.256129900614421,0.004250178002166649,0.04714694350259378,0.34565830131371816,0.07755520194768906,1.551066279411316,0.92431640625,0.000157668096,0.005255603199999999,0.0,1.0,5,30,False,0.009994808584451675,458.97651245049417,3674.1215195146215,662.249881329335,148.59261053880618,1099.3537182059663,-22.76862129209394,nan,nan,2,0.0,0.0,0.0,0.0,1.0,0.0,0.0,2.5,2.5,0.0,0.5,1.0,600.0,-22.76862129209394
1288,2637824,-0.003104877596100171,2.2914242267608644,4.256701787312825,0.00381203207348797,0.04171363234830399,0.4134999970595042,0.05332179367542267,1.6559675931930542,0.8841145833333334,0.00015755750400000003,0.0052519168,-0.00021796060900669545,0.9997820854187012,5,30,False,0.00893094576895237,459.0493080445767,3676.9635186557425,662.7018303264049,148.7130667718011,1099.3537182059663,-10.2123364244538,nan,nan,3,0.0,0.0,0.0,0.0,1.0,0.0,0.0,3.0,3.0,0.0,0.0,1.0,600.0,-10.2123364244538
1289,2639872,-0.0028488253010436893,10.88088583946228,4.255589882532756,0.0040074241109906575,0.04101759184462329,0.46593402326107025,-0.4630429744720459,3.631681442260742,0.83154296875,0.000157446912,0.0052482304,-0.0004507334087975323,0.9995495080947876,5,30,False,0.008206791244447231,459.09689822590946,3680.070554476828,663.2055222524941,148.82926446880447,1099.3537182059663,-23.372250130258543,nan,nan,5,0.0,0.0,0.2,0.0,0.8,0.0,0.0,2.4,1.6,0.0,0.6,0.8,496.2,-23.372250130258543
1290,2641920,-0.0020091083521644273,2.2505592823028566,4.255897092819214,0.002751488698511532,0.022919871157500892,0.4496060907840729,0.22491899132728577,1.605658769607544,0.8390299479166666,0.00015733632000000002,0.005244544,-0.0002506067685317248,0.9997495412826538,5,30,False,0.0066407849080860615,459.1183998829359,3683.4913636737765,663.7031647224358,148.96215886480059,1099.3537182059663,-19.46440997546597,nan,nan,3,0.0,0.0,0.0,0.0,1.0,0.0,0.0,2.6666666666666665,2.0,0.0,0.3333333333333333,1.0,600.0,-19.46440997546597
1291,2643968,-0.0028512455775247265,4.891746163368225,4.2565271854400635,0.004991814710471469,0.05853723193285987,0.43624334732691444,0.1350482702255249,2.1912410259246826,0.8829752604166666,0.000157225728,0.0052408576,0.0,1.0,5,30,False,0.01006371807307005,459.127157965964,3686.9748516296822,664.2796699854225,149.10542898179847,1099.3537182059663,-36.831488920808226,nan,nan,4,0.0,0.0,0.0,0.0,1.0,0.0,0.0,2.0,2.25,0.25,0.75,1.0,600.0,-36.831488920808226
1292,2646016,-0.0012833265432467063,2.183302807807922,4.256422487894694,0.003361717298652837,0.02247787549470862,0.4818169539173444,0.24892108142375946,1.525944709777832,0.93017578125,0.00015711513600000001,0.0052371712,-0.0004883470246568322,0.9995118975639343,5,30,False,0.008064772002398968,459.1503019216233,3690.408115477723,664.7639951344172,149.21489102579653,1099.3537182059663,-17.05419511697073,nan,nan,4,0.0,0.0,0.0,0.0,1.0,0.0,0.0,2.75,2.75,0.0,0.25,1.0,600.0,-17.05419511697073
1293,2648064,-0.0031940279838939506,3.3225770473480223,4.2555815060933435,0.004985886512155228,0.057762177214802556,0.41052832355101904,0.011942456476390362,1.6443663835525513,0.91650390625,0.000157004544,0.0052334847999999995,-0.0002834534097928554,0.9997166991233826,5,30,False,0.007444507442414761,459.16937587539934,3693.893511068687,665.2291987194185,149.33827509179537,1099.3537182059663,-24.345331430770898,nan,nan,4,0.0,0.0,0.0,0.0,1.0,0.0,0.0,2.5,2.75,0.25,0.25,1.0,600.0,-24.345331430770898
1294,2650112,-0.003823164035566151,2.5461781501770018,4.256047598520914,0.007172948481214311,0.07627008643466979,0.44218698839346565,0.047302763909101486,1.465356707572937,0.9549153645833334,0.000156893952,0.005229798399999999,-0.0003180712810717523,0.9996819496154785,5,30,False,0.014638163149356842,459.1712509218748,3697.610089287715,665.7059472374676,149.45268054479675,1099.3537182059663,-10.28046189401789,nan,nan,2,0.0,0.0,0.0,0.0,1.0,0.0,0.0,3.0,3.0,0.0,0.0,1.0,600.0,-10.28046189401789
1295,2652160,-0.002932049991795793,5.989450454711914,4.256254275639852,0.004582187033765391,0.053298922876516976,0.4292296136418978,-0.34318241477012634,2.564229726791382,0.9300130208333334,0.00015678336,0.005226112,-0.00024366947764065117,0.9997564554214478,5,30,False,0.010550699196755886,459.14686271358005,3701.512336098691,666.2325611704582,149.6587151187996,1099.3537182059663,-38.58767262404126,nan,nan,2,0.0,0.0,0.0,0.0,1.0,0.0,0.0,2.0,2.5,0.5,0.5,1.0,600.0,-38.58767262404126
1296,2654208,-0.002842455531936139,0.5714315176010132,4.25632111231486,0.004617970537037763,0.052745015954133126,0.4281360412637393,0.2679932117462158,0.7729414105415344,0.9098307291666666,0.000156672768,0.0052224255999999995,0.0,1.0,5,30,False,0.009918938390910625,459.12375980451645,3705.428600580577,666.7608072824223,149.79380075080553,1099.3537182059663,-16.84483096094175,nan,nan,5,0.0,0.0,0.0,0.0,1.0,0.0,0.0,2.8,2.6,0.2,0.0,1.0,600.0,-16.84483096094175
1297,2656256,-0.00314856053252394,0.8490768373012543,4.256735197703043,0.004372797972420569,0.04608605927011619,0.49310784935951235,0.628922700881958,0.8912822008132935,0.9637044270833334,0.00015656217599999998,0.005218739199999999,-5.346802208805457e-05,0.9999465942382812,5,30,False,0.007040222641080618,459.0830848750057,3709.5086380285793,667.3185156104446,149.96405273281562,1099.3537182059663,-28.05610022637241,nan,nan,3,0.0,0.0,0.0,0.0,1.0,0.0,0.0,2.3333333333333335,2.3333333333333335,0.0,0.6666666666666666,1.0,600.0,-28.05610022637241
1298,2658304,-0.002468235216413935,0.4758794099092484,4.256670157114665,0.004002462115992481,0.03583984375,0.39272624949614204,0.12180324643850327,0.7739826440811157,1.0,0.000156451584,0.005215052799999999,-0.00020904612028971314,0.9997910261154175,5,30,False,0.00759818684309721,458.95506401565353,3714.615911075656,667.9386125074379,150.14389326280798,1099.3537182059663,-10.292667405804764,nan,nan,4,0.0,0.0,0.0,0.0,1.0,0.0,0.0,3.0,1.5,0.0,0.0,1.0,600.0,-10.292667405804764
1299,2660352,-0.0018584192109604677,2.174679434299469,4.2563241163889565,0.004057774425624909,0.03584557268380498,0.3459131449460983,-0.19211344420909882,1.5303945541381836,0.9947916666666666,0.00015634099199999998,0.0052113663999999995,-0.0001335803244728595,0.9998664855957031,5,30,False,0.007253481540828943,458.7748672781775,3720.3226529987587,668.5640237473126,150.35969762181048,1099.3537182059663,-10.188495831924797,nan,nan,4,0.0,0.0,0.0,0.0,1.0,0.0,0.0,3.0,2.5,0.0,0.0,1.0,600.0,-10.188495831924797
1300,2662400,-0.0013676182306544095,2.5329415082931517,4.256294780307346,0.01001555093807387,0.041549300878412194,0.42966831006385664,-0.2548244297504425,1.607577919960022,0.9524739583333334,0.00015623040000000001,0.00520768,-0.00041160298860631883,0.9995886087417603,5,27,True,0.04178629070520401,458.74228575999007,3724.337236546693,669.120851179192,150.49412652080355,1099.3537182059663,-15.223963585795154,nan,nan,4,0.0,0.0,0.0,0.0,1.0,0.0,0.25,2.75,3.0,0.0,0.0,1.0,600.0,-15.223963585795154
1301,2664448,-0.001819568001277124,0.17808439582586288,4.254996490478516,0.0036464312827516683,0.03411984637302036,0.4628681590159734,0.11507528275251389,0.44395652413368225,0.95947265625,0.000156119808,0.0052039936,-0.0007547730347141623,0.9992456436157227,5,30,False,0.00808366946876049,458.77523993005525,3727.5423063135677,669.6712464331649,150.6197379278019,1099.3537182059663,-23.452644298832638,nan,nan,2,0.0,0.0,0.0,0.0,1.0,0.0,0.0,2.5,1.5,0.0,0.5,1.0,600.0,-23.452644298832638
1302,2666496,-0.0013582596322521568,4.103738760948181,4.2527053197224935,0.002737625222158139,0.02005187546601519,0.48549765050411225,-0.3703945577144623,2.0880026817321777,0.9547526041666666,0.000156009216,0.0052003072,-0.002268719021230936,0.9977351427078247,5,30,False,0.006920251064002514,458.78694423136653,3731.106791691578,670.1616266850469,150.74361186980968,1099.3537182059663,-10.213129299986576,nan,nan,2,0.0,0.0,0.0,0.0,1.0,0.0,0.0,3.0,2.0,0.0,0.0,1.0,600.0,-10.213129299986576
1303,2668544,-0.0020681885556162647,2.169963610172272,4.249384005864461,0.004130855330852986,0.04205676140263677,0.41535449425379434,-0.123561792075634,1.5397437810897827,0.9303385416666666,0.00015589862400000002,0.0051966208,-0.0024008648470044136,0.9976034164428711,5,30,False,0.00744922598823905,458.7708812590255,3734.933137070504,670.6834638782748,150.88171573381987,1099.3537182059663,-14.149157596231907,nan,nan,5,0.0,0.0,0.0,0.0,1.0,0.0,0.2,2.8,2.6,0.0,0.0,1.0,600.0,-14.149157596231907
1304,2670592,-0.004181042352092846,3.281500720977783,4.2504459063212074,0.005706949308235684,0.06470512727585932,0.4158856858809789,-0.14538024365901947,2.030888795852661,0.9140625,0.000155788032,0.0051929344,-0.0016461791237816215,0.9983579516410828,5,30,False,0.008506073616445065,458.7905068699336,3738.39577365655,671.1702987392346,150.9985642938118,1099.3537182059663,-18.81873865795721,nan,nan,3,0.0,0.0,0.0,0.0,1.0,0.0,0.0,2.6666666666666665,2.6666666666666665,0.0,0.3333333333333333,1.0,600.0,-18.81873865795721
1305,2672640,-0.0050551540974993255,0.5263632267713547,4.2512192567189535,0.006736323602255853,0.08932128415132562,0.5055759429931641,0.2697663903236389,0.6795538067817688,0.8942057291666666,0.00015567744,0.005189248,-0.0021714281756430864,0.997835636138916,5,30,False,0.01342652179300785,458.77970856534114,3742.1451004806004,671.7087516512693,151.15548193480936,1099.3537182059663,-16.900085184137424,nan,nan,4,0.0,0.0,0.0,0.0,1.0,0.0,0.0,2.75,2.25,0.0,0.25,1.0,600.0,-16.900085184137424
1306,2674688,-0.002536183671812372,0.25622448772192,4.249956687291463,0.0031730368334460008,0.03072541397996247,0.4128098875284195,-0.005467280279844999,0.5546888709068298,0.9407552083333334,0.000155566848,0.005185561599999999,-0.0022570048458874226,0.9977490901947021,5,30,False,0.0069902255199849606,458.67089825760155,3746.896772681517,672.2811212602537,151.50242449980578,1099.3537182059663,-22.806555823244594,nan,nan,4,0.0,0.0,0.0,0.0,1.0,0.0,0.0,2.5,2.0,0.0,0.5,1.0,600.0,-22.806555823244594
1307,2676736,-0.0035958513617515564,0.24555857628583908,4.250843445460002,0.006584337712653602,0.08626302083333333,0.5431117306152979,0.059881143271923065,0.5429766774177551,1.0,0.000155456256,0.005181875199999999,-0.0015682568773627281,0.9984338283538818,5,30,False,0.015671484172344208,458.52518818580296,3752.279344440496,672.8986257843935,151.65975481479836,1099.3537182059663,-10.144661358564008,nan,nan,3,0.0,0.0,0.0,0.0,1.0,0.0,0.0,3.0,3.0,0.0,0.0,1.0,600.0,-10.144661358564008
1308,2678784,-0.0010637617660298323,1.9980804204940796,4.253473170598348,0.002782551038156574,0.02701366558127726,0.38325488070646924,-0.2009640485048294,1.4574357271194458,0.9915364583333334,0.000155345664,0.0051781888,-0.0007938215276226401,0.9992066621780396,5,30,False,0.006188015919178724,458.3232892985825,3758.4321230554488,673.4928601064748,151.79751751180447,1099.3537182059663,-10.238834969481104,nan,nan,2,0.0,0.0,0.0,0.0,1.0,0.0,0.0,3.0,3.0,0.0,0.0,1.0,600.0,-10.238834969481104
1309,2680832,-0.0018590005890776714,2.275612449645996,4.254735628763835,0.0036285229103546848,0.04217603806949531,0.37758896698554356,0.010074492543935776,1.577254295349121,0.9436848958333334,0.000155235072,0.005174502399999999,-0.0007930702995508909,0.9992079138755798,5,30,False,0.01031736470758915,458.291989139025,3762.4619229244563,674.0498569535994,151.92790936279926,1099.3537182059663,-10.24835025036676,nan,nan,3,0.0,0.0,0.0,0.0,1.0,0.0,0.0,3.0,3.0,0.0,0.0,1.0,600.0,-10.24835025036676
1310,2682880,-0.0008364722637149195,3.038459897041321,4.2544596513112385,0.002530499216909258,0.017759224399924278,0.42393671050667764,-0.03060952201485634,1.5363084077835083,0.9443359375,0.00015512447999999998,0.005170815999999999,-0.0006286884308792651,0.9993719458580017,5,30,False,0.005424028262495995,458.2897206754204,3766.1092517516227,674.6018624055723,152.07406636980886,1099.3537182059663,-25.612982085888053,nan,nan,5,0.0,0.0,0.0,0.0,1.0,0.0,0.2,2.4,2.8,0.2,0.2,1.0,600.0,-25.612982085888053
1311,2684928,-0.0005708062895185624,2.5906732082366943,4.253666655222575,0.0040062039840906985,0.04248219762230292,0.4780704696973165,0.014996716752648354,1.6988694667816162,0.96533203125,0.00015501388800000002,0.0051671296,-0.0016945847310125828,0.9983097314834595,5,30,False,0.007773754186928272,458.3226869322549,3769.365209671727,675.1018565345876,152.20022787981725,1099.3537182059663,-10.29314389394373,nan,nan,3,0.0,0.0,0.0,0.0,1.0,0.0,0.0,3.0,2.3333333333333335,0.0,0.0,1.0,600.0,-10.29314389394373
1312,2686976,-0.001733268063981086,0.3038326039910316,4.250899887084961,0.0035759937142373134,0.031982351730888085,0.4621444428960482,0.17897732555866241,0.5478052496910095,0.9583333333333334,0.000154903296,0.0051634432,-0.002342749387025833,0.9976644515991211,5,30,False,0.006111373193562031,458.3520090367663,3772.6908703976806,675.5615497866675,152.35167731082765,1099.3537182059663,-10.30024386554851,nan,nan,4,0.0,0.0,0.0,0.0,1.0,0.0,0.0,3.0,2.0,0.0,0.0,1.0,600.0,-10.30024386554851
1313,2689024,-0.00306160861752384,2.615220832824707,4.2488984107971195,0.004338913068470399,0.04964048738280932,0.4091691558559736,-0.18740785121917725,1.6554814577102661,0.9677734375,0.000154792704,0.0051597568,-0.00281379627995193,0.9971978068351746,5,30,False,0.00971150491386652,458.2817974389148,3777.1054892735265,676.1378615086287,152.57493754383177,1099.3537182059663,-16.424205995697434,nan,nan,4,0.0,0.0,0.0,0.0,1.0,0.0,0.0,2.75,2.75,0.0,0.25,1.0,600.0,-16.424205995697434
1314,2691072,-0.0012935066983724634,1.8571343421936035,4.248527320226033,0.005686392342908079,0.06896429889214535,0.45106113304694495,-0.06347956508398056,1.4172146320343018,0.9298502604166666,0.000154682112,0.0051560704,-0.002731740940362215,0.9972790479660034,5,30,False,0.0157457385212183,458.1142542517923,3782.778669869629,676.7139279355033,152.75737009884324,1099.3537182059663,-16.788875559662603,nan,nan,3,0.0,0.0,0.0,0.0,1.0,0.0,0.3333333333333333,2.6666666666666665,3.0,0.0,0.0,1.0,600.0,-16.788875559662603
1315,2693120,-0.001824699272401631,2.217441272735596,4.248881880442301,0.002542565764133542,0.016420133846501508,0.3802987759311994,0.057641711086034775,1.5537452697753906,0.9337565104166666,0.00015457152,0.0051523839999999994,-0.002667735330760479,0.9973396062850952,5,30,False,0.00410411786288023,458.02619398863817,3787.4842893575697,677.2723425196164,152.93879582684895,1099.3537182059663,-22.91296007521487,nan,nan,2,0.0,0.0,0.0,0.0,1.0,0.0,0.0,2.5,2.5,0.0,0.5,1.0,600.0,-22.91296007521487
1316,2695168,-0.0016482789476867765,3.9776330947875977,4.249954907099406,0.003437517790923176,0.034589906871163596,0.4745002448558807,-0.20283856987953186,2.0780394077301025,0.9306640625,0.00015446092800000001,0.0051486976,-0.0018590250983834267,0.9981461763381958,5,30,False,0.007176459301263094,457.94841543239505,3792.113240890714,677.8077755216509,153.0955456338561,1099.3537182059663,-16.761924027845435,nan,nan,3,0.0,0.0,0.0,0.0,1.0,0.0,0.3333333333333333,2.6666666666666665,3.0,0.0,0.0,1.0,600.0,-16.761924027845435
1317,2697216,-0.0026633803034201266,2.383657717704773,4.251792653401693,0.003801645790599828,0.04127822091492514,0.40759903689225513,0.0287788063287735,1.643086552619934,0.9267578125,0.000154350336,0.0051450112,-0.001495284028351307,0.9985072612762451,5,30,False,0.007465063128620386,457.873137989041,3796.6105535777606,678.3999291866203,153.2903289678652,1099.3537182059663,-15.369999581780576,nan,nan,5,0.0,0.0,0.0,0.0,1.0,0.0,0.0,2.8,2.8,0.0,0.2,1.0,600.0,-15.369999581780576
1318,2699264,-0.0022609437932260335,0.2614372432231903,4.252797603607178,0.002742093506481069,0.021668088265384237,0.45576937894026437,0.16216593980789185,0.5213898420333862,0.9342447916666666,0.000154239744,0.0051413247999999995,-0.0012892520753666759,0.9987132549285889,5,30,False,0.0055566090159118176,457.83790588942526,3800.722580070942,678.9158955605672,153.44050948786025,1099.3537182059663,-18.76904166074625,nan,nan,3,0.0,0.0,0.0,0.0,1.0,0.0,0.0,2.6666666666666665,2.6666666666666665,0.0,0.3333333333333333,1.0,600.0,-18.76904166074625
1319,2701312,-0.0033058202328296224,0.2190476804971695,4.252543179194133,0.004560241924294436,0.05247476469958201,0.4791095187266668,0.10266949236392975,0.48154938220977783,0.97900390625,0.000154129152,0.005137638399999999,-0.0017302327323704958,0.9982736110687256,5,30,False,0.010395879857242107,457.7886912826783,3804.9795541369385,679.4599287994497,153.59902798486291,1099.3537182059663,-16.726011873000658,nan,nan,60,0.0,0.0,0.0,0.0,1.0,0.0,0.13333333333333333,2.2,2.6333333333333333,0.5,nan,0.8833333333333333,591.6666666666666,nan
1320,2703360,-0.001990334982595717,2.358645761013031,4.251174434026082,0.0027157422119671536,0.020028538815677167,0.42847897857427597,-0.27011948823928833,1.5590533018112183,0.9978841145833334,0.00015401856,0.005133951999999999,-0.0018264593090862036,0.9981774091720581,5,30,False,0.005703361704945564,452.0538718338117,3808.4470285879943,680.163290808443,153.71996177187248,1174.2656624189694,-10.248865040300643,nan,nan,4,0.0,0.0,0.0,0.0,1.0,0.0,0.0,3.0,3.0,0.0,0.0,1.0,600.0,-10.248865040300643
1321,2705408,-0.0035901334679995975,0.5240724474191666,4.2527285734812414,0.0040276431100210175,0.04411319602901737,0.3743943780660629,0.1584988534450531,0.7147396802902222,0.9998372395833334,0.00015390796799999998,0.0051302655999999995,-0.0008374645258300006,0.9991636276245117,5,30,False,0.007434368133544922,452.10635958679006,3811.4951046520437,680.6987729785469,153.8373429698695,1174.2656624189694,-13.886748284497571,nan,nan,4,0.0,0.0,0.25,0.0,0.75,0.0,0.0,2.75,1.25,0.0,0.25,0.75,468.0,-13.886748284497571
1322,2707456,-0.0014831202725569407,0.12313685938715935,4.25482128461202,0.0024458417824159066,0.017513020833333334,0.46841059178113936,0.26838210225105286,0.41483283042907715,1.0,0.00015379737600000002,0.0051265792,-0.000694700051099062,0.9993057250976562,5,30,False,0.004803280346095562,452.14341587150494,3814.7097828030674,681.2709609225567,153.9457751568698,1174.2656624189694,-10.313804690857069,nan,nan,2,0.0,0.0,0.0,0.0,1.0,0.0,0.0,3.0,3.0,0.0,0.0,1.0,600.0,-10.313804690857069
1323,2709504,-0.003080002435793479,4.775956845283508,4.253994051615397,0.005403069587191567,0.06767442198470235,0.4682381321986516,-0.31056562066078186,2.2238998413085938,0.99951171875,0.000153686784,0.0051228928,-0.0013110260479152203,0.9986915588378906,5,30,False,0.01195655856281519,452.1670381552551,3818.006639642146,681.9160378245288,154.06312460686604,1174.2656624189694,-20.564998454916275,nan,nan,3,0.0,0.0,0.0,0.0,1.0,0.0,0.0,2.6666666666666665,1.6666666666666667,0.3333333333333333,0.0,1.0,600.0,-20.564998454916275
1324,2711552,-0.002648958915960975,2.594435143470764,4.252876885732015,0.004058549568923316,0.04265671092240761,0.41366457591454187,-0.16973234713077545,1.6497187614440918,0.9788411458333334,0.000153576192,0.0051192063999999995,-0.0010393133852630854,0.9989622831344604,5,30,False,0.008886009454727173,452.1666960678319,3821.5045601521415,682.6192659835215,154.23006440686004,1174.2656624189694,-10.307267557156592,nan,nan,4,0.0,0.0,0.0,0.0,1.0,0.0,0.0,3.0,3.0,0.0,0.0,1.0,600.0,-10.307267557156592
1325,2713600,-0.002584826690144837,5.822031855583191,4.253494532903035,0.0027670448804341477,0.02470583423661689,0.39791658769051236,-0.3983200192451477,2.5297982692718506,0.9503580729166666,0.0001534656,0.00511552,-0.0011572339572012424,0.9988438487052917,5,30,False,0.006867506075650454,452.1497126953007,3825.3004603360896,683.2275297395099,154.4042006558593,1174.2656624189694,-17.91580511062432,nan,nan,4,0.0,0.0,0.0,0.0,1.0,0.0,0.0,2.75,2.0,0.25,0.0,1.0,600.0,-17.91580511062432
1326,2715648,-0.004109637254926687,3.311927008628845,4.253633006413778,0.004759526554305774,0.050221543821195765,0.3829868510365486,-0.040412019938230515,1.6777987480163574,0.9274088541666666,0.000153355008,0.0051118336,-0.0009017977863550186,0.9990989565849304,5,30,False,0.008764121681451797,452.17567972703824,3828.6831408240687,683.7489770114771,154.52188730686612,1174.2656624189694,-23.998278868345075,nan,nan,4,0.0,0.0,0.0,0.0,1.0,0.0,0.0,2.5,2.75,0.25,0.25,1.0,600.0,-23.998278868345075
1327,2717696,-0.0025261932673553626,0.17371607422828675,4.253780666987101,0.004499063962118892,0.0453350912546739,0.4419265195727348,0.23868876695632935,0.41333168745040894,0.9583333333333334,0.000153244416,0.0051081472,-0.0012631581630557775,0.9987385272979736,5,30,False,0.007375148590654135,452.19735151204145,3832.0048368211283,684.4099611704587,154.62953834186192,1174.2656624189694,-10.273433734949018,nan,nan,3,0.0,0.0,0.0,0.0,1.0,0.0,0.0,3.0,2.3333333333333335,0.0,0.0,1.0,600.0,-10.273433734949018
1328,2719744,-0.003208778286352754,0.15098368301987647,4.253367439905802,0.0036726498596787375,0.0334800916723907,0.43216531723737717,0.17575988173484802,0.3886585831642151,0.99853515625,0.000153133824,0.005104460799999999,-0.0009670857689343393,0.9990342855453491,5,30,False,0.006811089348047972,452.2096030867748,3835.435380054958,685.0781612934079,154.7426681098732,1174.2656624189694,-16.559359618133186,nan,nan,4,0.0,0.0,0.0,0.0,1.0,0.0,0.0,2.75,2.75,0.0,0.25,1.0,600.0,-16.559359618133186
1329,2721792,-0.001558200545453777,1.857769000530243,4.253740469614665,0.004491552851719464,0.05167879325648149,0.3968521187702815,0.053034380078315735,1.404639720916748,0.9990234375,0.00015302323199999998,0.005100774399999999,-0.0010912531288340688,0.9989105463027954,5,30,False,0.009110516868531704,452.23345634721716,3838.7300515259703,685.6830616043881,154.9037070258637,1174.2656624189694,-10.243171996390174,nan,nan,2,0.0,0.0,0.0,0.0,1.0,0.0,0.0,3.0,3.0,0.0,0.0,1.0,600.0,-10.243171996390174
1330,2723840,-0.0024250822064156336,0.15042613446712494,4.253394889831543,0.004011373722906993,0.029541799321305007,0.4452588438987732,0.21497516334056854,0.37268948554992676,0.99169921875,0.00015291264,0.005097088,-0.0012077981373295188,0.998794436454773,5,30,False,0.012450004927814007,452.25233809377573,3841.9889073869126,686.3044382863009,155.01804258786433,1174.2656624189694,-16.845280100942244,nan,nan,3,0.0,0.0,0.0,0.0,1.0,0.0,0.3333333333333333,2.6666666666666665,3.0,0.0,0.0,1.0,600.0,-16.845280100942244
1331,2725888,-0.0024958534787098566,0.2565147429704666,4.252930816014608,0.0035594519150132934,0.0390625,0.43944835861523945,0.19531667232513428,0.4963360130786896,1.0,0.000152802048,0.005093401599999999,-0.001444896450266242,0.9985572099685669,5,30,False,0.009183738380670547,452.26713299165124,3845.4239521468553,686.9124602843658,155.14801524385985,1174.2656624189694,-10.159891538683269,nan,nan,4,0.0,0.0,0.0,0.0,1.0,0.0,0.0,3.0,2.0,0.0,0.0,1.0,600.0,-10.159891538683269
1332,2727936,-0.0017547609594961008,0.44866967499256133,4.2528820355733234,0.0027826452103909107,0.022428385416666665,0.41277951548496883,-0.041049398481845856,0.6894945502281189,1.0,0.00015269145599999999,0.005089715199999999,-0.0010505409445613623,0.9989508390426636,5,30,False,0.006939299870282412,452.26536957983933,3849.1759711838095,687.4385411852854,155.27814240785665,1174.2656624189694,-10.17886487500975,nan,nan,4,0.0,0.0,0.0,0.0,1.0,0.0,0.0,3.0,2.0,0.0,0.0,1.0,600.0,-10.17886487500975
1333,2729984,-0.002282667097946008,0.1435632511973381,4.252722501754761,0.00396078570241419,0.03697916666666667,0.47609760959943137,0.047598015516996384,0.3951722979545593,1.0,0.00015258086400000002,0.0050860288000000005,-0.002049578120931983,0.9979526400566101,5,30,False,0.00809219479560852,452.16858483631364,3853.9667184207647,688.0622472091054,155.48635967586597,1174.2656624189694,-10.266787836677622,nan,nan,4,0.0,0.0,0.0,0.0,1.0,0.0,0.0,3.0,3.0,0.0,0.0,1.0,600.0,-10.266787836677622
1334,2732032,-0.0019761429401114585,0.06300314776599407,4.2496165116628015,0.0024104384744229415,0.0189453125,0.4890446384747823,0.04511447995901108,0.27293434739112854,1.0,0.000152470272,0.0050823424,-0.0025181276723742485,0.997488260269165,5,30,False,0.006397874094545841,452.0980942248436,3858.6263250089105,688.6042776230897,155.59553368786874,1174.2656624189694,-10.190404595417931,nan,nan,3,0.0,0.0,0.0,0.0,1.0,0.0,0.0,3.0,3.0,0.0,0.0,1.0,600.0,-10.190404595417931
1335,2734080,-0.003012282121926546,0.24167079627513885,4.2481234232584635,0.0038197070088547965,0.03828125,0.5029613395531972,0.02227196656167507,0.5119902491569519,1.0,0.00015235968000000002,0.005078656,-0.0033259927295148373,0.996684730052948,5,30,False,0.006471460219472647,452.1471691745643,3861.7182843559567,689.1281194201729,155.7144687408727,1174.2656624189694,-10.240777469744595,nan,nan,3,0.0,0.0,0.0,0.0,1.0,0.0,0.0,3.0,3.0,0.0,0.0,1.0,600.0,-10.240777469744595
1336,2736128,-0.0026095744998504717,0.08566984683275222,4.246571191151937,0.003972107655135915,0.040266927083333334,0.46991782585779823,0.08224485069513321,0.31336966156959534,1.0,0.000152249088,0.0050749696,-0.003412653459236026,0.9966001510620117,5,30,False,0.007209681905806065,452.1838326649927,3864.8667827979516,689.7669246132427,155.82037236187898,1174.2656624189694,-10.195529961343254,nan,nan,3,0.0,0.0,0.0,0.0,1.0,0.0,0.0,3.0,3.0,0.0,0.0,1.0,600.0,-10.195529961343254
1337,2738176,-0.002230442563692729,0.2177654966711998,4.246386162439982,0.0037780002157281464,0.03551432291666667,0.4780854811271032,0.10239844769239426,0.4707758128643036,1.0,0.000152138496,0.005071283199999999,-0.0037337185349315405,0.9962791204452515,5,30,False,0.008538937196135521,452.2304179899125,3867.999134468846,690.2744029413007,155.9582350118726,1174.2656624189694,-10.321707139827291,nan,nan,3,0.0,0.0,0.0,0.0,1.0,0.0,0.0,3.0,2.3333333333333335,0.0,0.0,1.0,600.0,-10.321707139827291
1338,2740224,-0.0021310291873912015,0.2204394072294235,4.245749775568644,0.0034164930732610327,0.03128255208333333,0.48256354679663976,-0.014865781180560589,0.5020111799240112,1.0,0.000152027904,0.0050675968,-0.0037375311367213726,0.9962749481201172,5,30,False,0.00600328017026186,452.25429021380154,3871.4344725549454,690.7527792304318,156.09000453486806,1174.2656624189694,-10.308648819969221,nan,nan,4,0.0,0.0,0.0,0.0,1.0,0.0,0.0,3.0,2.0,0.0,0.0,1.0,600.0,-10.308648819969221
1339,2742272,-0.0032932119715648393,1.781219220161438,4.2451522986094155,0.006267600989606355,0.07843974593561143,0.4723417297005653,-0.03527357429265976,1.363364338874817,0.9900716145833334,0.000151917312,0.0050639104,-0.0038814041763544083,0.9961339235305786,5,30,False,0.015938108786940575,452.2816154154416,3874.7812371959444,691.2831235254416,156.21609715887462,1174.2656624189694,-15.121144804808296,nan,nan,4,0.0,0.0,0.0,0.0,1.0,0.0,0.25,2.75,3.0,0.0,0.0,1.0,600.0,-15.121144804808296
1340,2744320,-0.0019237673298145334,3.9493048906326296,4.245898962020874,0.0032039769755006554,0.027316052823637922,0.40657950441042584,-0.2652190029621124,2.0217273235321045,0.97509765625,0.00015180671999999999,0.0050602239999999995,-0.0032047973945736885,0.9968048930168152,5,30,False,0.006593320053070784,452.31827891853845,3878.070622679763,691.7561102923646,156.34341349586612,1174.2656624189694,-20.545514921781205,nan,nan,4,0.0,0.0,0.0,0.0,1.0,0.0,0.5,2.5,2.0,0.0,0.0,1.0,600.0,-20.545514921781205
1341,2746368,-0.0013646679231896996,0.10887490957975388,4.246659501393636,0.002782814992436518,0.017513020833333334,0.489098617931207,0.1951311081647873,0.2875171899795532,1.0,0.000151696128,0.005056537599999999,-0.004010268487036228,0.9960016012191772,5,30,False,0.005928548984229565,452.35429483248447,3881.3684251447266,692.2322439033451,156.4616870598693,1174.2656624189694,-10.196332555312594,nan,nan,2,0.0,0.0,0.0,0.0,1.0,0.0,0.0,3.0,3.0,0.0,0.0,1.0,600.0,-10.196332555312594
1342,2748416,-0.0035102815832942723,0.30411921739578246,4.2440212567647295,0.005315244529629126,0.0673828125,0.44351201951503755,0.08084307610988617,0.5572152137756348,1.0,0.00015158553599999998,0.005052851199999999,-0.004371682181954384,0.9956457018852234,5,30,False,0.01162806898355484,452.38506580847553,3884.6737710187444,692.7557696963777,156.58690787486557,1174.2656624189694,-10.275962475632355,nan,nan,4,0.0,0.0,0.0,0.0,1.0,0.0,0.0,3.0,2.0,0.0,0.0,1.0,600.0,-10.275962475632355
1343,2750464,-0.0028692853637039663,0.11748815476894378,4.242569875717163,0.003299169847741723,0.0298828125,0.4106827199459076,0.06996844708919525,0.3511362671852112,1.0,0.000151474944,0.0050491647999999995,-0.005405470263212919,0.9946210384368896,5,30,False,0.0066701374016702175,452.41708622708694,3888.0632079118077,693.2049792133621,156.70625348886824,1174.2656624189694,-10.348249647120914,nan,nan,3,0.0,0.0,0.0,0.0,1.0,0.0,0.0,3.0,1.6666666666666667,0.0,0.0,1.0,600.0,-10.348249647120914
1344,2752512,-0.0021226335627337295,1.3614261388778686,4.24065097173055,0.005109799536632901,0.05711618607553343,0.4489264835913976,-0.06604156643152237,1.1944639682769775,0.99560546875,0.00015136435200000003,0.0050454784,-0.005108085926622152,0.9949180483818054,5,30,False,0.009496231563389301,452.43055084246095,3891.623649128829,693.6980021563504,156.85125094486284,1174.2656624189694,-16.99687873434929,nan,nan,3,0.0,0.0,0.0,0.0,1.0,0.0,0.3333333333333333,2.6666666666666665,2.3333333333333335,0.0,0.0,1.0,600.0,-16.99687873434929
1345,2754560,-0.0002101744447524349,0.9775982946157455,4.241771173477173,0.002520568463825571,0.014168176066596061,0.43815404425064725,0.1107771173119545,1.011274814605713,0.9900716145833334,0.00015125376,0.005041792,-0.004969081375747919,0.995055079460144,5,30,False,0.005691920407116413,452.43228815365984,3895.262945712966,694.1924400533171,156.96755601785844,1174.2656624189694,-15.28995038289213,nan,nan,4,0.0,0.0,0.0,0.0,1.0,0.0,0.25,2.75,3.0,0.0,0.0,1.0,600.0,-15.28995038289213
1346,2756608,-0.0008782912045717239,0.07237281054258346,4.242442639668782,0.001930369937326759,0.009309895833333333,0.417939493060112,0.028442537412047386,0.2776142954826355,1.0,0.00015114316800000002,0.0050381055999999995,-0.004409254528582096,0.9956122636795044,5,30,False,0.004191454499959946,452.44846688763135,3898.814568911126,694.6645340494142,157.103682341869,1174.2656624189694,-10.259961533878368,nan,nan,4,0.0,0.0,0.0,0.0,1.0,0.0,0.0,3.0,3.0,0.0,0.0,1.0,600.0,-10.259961533878368
1347,2758656,-0.0021583626046776773,0.12972581535577773,4.243376223246257,0.004090609329675014,0.041731770833333334,0.5134932557741801,0.13858380913734436,0.39220350980758667,1.0,0.000151032576,0.0050344192,-0.004824267700314522,0.9952031970024109,5,30,False,0.006951645016670227,452.45854218671474,3902.3592821489146,695.1966126503685,157.23747059986636,1174.2656624189694,-10.297087078699633,nan,nan,4,0.0,0.0,0.0,0.0,1.0,0.0,0.0,3.0,3.0,0.0,0.0,1.0,600.0,-10.297087078699633
1348,2760704,-0.004235103198637565,0.05104394461959601,4.241804504394532,0.004546188328337545,0.050390625,0.47440431267023087,0.10672983527183533,0.23307541012763977,1.0,0.000150921984,0.0050307328,-0.005153507925570011,0.9948737621307373,5,30,False,0.010296357795596123,452.4894084061059,3905.717563355807,695.6847056994593,157.34694150787254,1174.2656624189694,-10.304270883774734,nan,nan,2,0.0,0.0,0.0,0.0,1.0,0.0,0.0,3.0,3.0,0.0,0.0,1.0,600.0,-10.304270883774734
1349,2762752,-0.0008166561368852854,0.24449501037597657,4.242730808258057,0.0021400431636720897,0.01416015625,0.4884348581234614,0.023086875677108765,0.5057323575019836,1.0,0.000150811392,0.0050270463999999996,-0.003966112621128559,0.9960542917251587,5,30,False,0.004895373247563839,452.5222074896408,3909.0461253309622,696.1853178175079,157.46481079988007,1174.2656624189694,-10.149058760598137,nan,nan,4,0.0,0.0,0.0,0.0,1.0,0.0,0.0,3.0,3.0,0.0,0.0,1.0,600.0,-10.149058760598137
1350,2764800,-0.0013615063391625882,0.09689835160970688,4.245004510879516,0.0030755484088634453,0.025325520833333334,0.45206404527028404,0.03421102836728096,0.3324023485183716,1.0,0.0001507008,0.005023359999999999,-0.00437078857794404,0.9956528544425964,5,30,False,0.005078208167105913,452.5490068453934,3912.391534808965,696.7482728295872,157.58344677687273,1174.2656624189694,-10.249490872298338,nan,nan,3,0.0,0.0,0.0,0.0,1.0,0.0,0.0,3.0,3.0,0.0,0.0,1.0,600.0,-10.249490872298338
1351,2766848,-0.0017991409171372653,0.1827811434864998,4.243049351374308,0.002991983042253802,0.029752604166666665,0.47103315194447837,0.06728247553110123,0.43234020471572876,1.0,0.000150590208,0.0050196736,-0.004542215261608362,0.9954845309257507,5,30,False,0.00746625941246748,452.5581217036343,3915.8888812138757,697.3109681096248,157.79035802886938,1174.2656624189694,-10.383604775418158,nan,nan,3,0.0,0.0,0.0,0.0,1.0,0.0,0.0,3.0,2.3333333333333335,0.0,0.0,1.0,600.0,-10.383604775418158
1352,2768896,-0.0020666932066281635,0.07705049328505993,4.243585936228434,0.0022720130063438168,0.014225260416666666,0.467432181040446,0.1165844202041626,0.2929169237613678,1.0,0.000150479616,0.0050159872,-0.004272609017789364,0.995753288269043,5,30,False,0.004955959971994162,452.57909943160723,3919.283512887836,697.8928177377529,157.90235147486965,1174.2656624189694,-10.307816168010277,nan,nan,4,0.0,0.0,0.0,0.0,1.0,0.0,0.0,3.0,3.0,0.0,0.0,1.0,600.0,-10.307816168010277
1353,2770944,-0.0022979952472572526,1.7574774026870728,4.243589735031128,0.003997433043696219,0.03736867407957713,0.4506664231419563,-0.16524049639701843,1.336996078491211,0.9991861979166666,0.00015036902399999998,0.005012300799999999,-0.004825533367693424,0.9952074289321899,5,30,False,0.006390448193997145,452.61942566563516,3922.497475190976,698.4036694357492,158.00348090587067,1174.2656624189694,-10.17787333086535,nan,nan,4,0.0,0.0,0.0,0.0,1.0,0.0,0.0,3.0,2.5,0.0,0.0,1.0,600.0,-10.17787333086535
1354,2772992,-0.0019745821181762343,0.1301373913884163,4.241062068939209,0.004870532900202799,0.04656428371866544,0.5468671927849452,0.06361531466245651,0.35724836587905884,0.9583333333333334,0.000150258432,0.005008614399999999,-0.005574946757405996,0.9944674968719482,5,30,False,0.009294993244111538,452.6614097401235,3925.71755396988,698.8794690889772,158.1159863848734,1174.2656624189694,-10.334290928262817,nan,nan,4,0.0,0.0,0.0,0.0,1.0,0.0,0.0,3.0,3.0,0.0,0.0,1.0,600.0,-10.334290928262817
1355,2775040,-0.0014173847157508135,0.07425037436187268,4.238591225941976,0.0033388615519461,0.027129076413499813,0.5194045344988505,0.14896172285079956,0.28820154070854187,0.9583333333333334,0.00015014784000000003,0.0050049280000000005,-0.00681681465357542,0.9932355880737305,5,30,False,0.006709699984639883,452.70488546156713,3928.872929078847,699.3580513589841,158.23766894487198,1174.2656624189694,-10.334719196180231,nan,nan,2,0.0,0.0,0.0,0.0,1.0,0.0,0.0,3.0,3.0,0.0,0.0,1.0,600.0,-10.334719196180231
1356,2777088,-0.0015770924626849591,3.1211268663406373,4.2365438143412275,0.002637622160873813,0.023004333368347337,0.4659024000167847,-0.22025705873966217,1.8040484189987183,0.9817708333333334,0.000150037248,0.0050012416,-0.0063056377694010735,0.9937441349029541,5,30,False,0.00596955418586731,452.734597057904,3932.2405911697715,699.8445241690206,158.3548535048758,1174.2656624189694,-23.563512843307837,nan,nan,3,0.0,0.0,0.0,0.0,1.0,0.0,0.6666666666666666,2.3333333333333335,3.0,0.0,0.0,1.0,600.0,-23.563512843307837
1357,2779136,-0.003846569533030001,1.8666046023368836,4.239209706966694,0.00756966441267806,0.06680689377781864,0.4166308096968211,-0.12094712257385254,1.3922336101531982,0.9715169270833334,0.00014992665600000002,0.0049975552,-0.005405910313129425,0.9946357011795044,5,26,True,0.024022769182920456,452.770079822108,3935.5341599668172,700.3380701379356,158.46264485687425,1174.2656624189694,-20.091548009774897,nan,nan,4,0.0,0.0,0.0,0.0,1.0,0.0,0.5,2.5,2.5,0.0,0.0,1.0,600.0,-20.091548009774897
1358,2781184,-0.003519537253305316,1.42213876247406,4.240967019399007,0.004905033041619097,0.058087921064967914,0.4402550322314103,0.04709003493189812,1.255048394203186,0.9925130208333334,0.000149816064,0.0049938688,-0.005202779546380043,0.9948368072509766,5,30,False,0.009066116064786911,452.7891633456145,3939.039529857706,700.8275657219056,158.57989219087176,1174.2656624189694,-16.86622606333943,nan,nan,3,0.0,0.0,0.0,0.0,1.0,0.0,0.3333333333333333,2.6666666666666665,3.0,0.0,0.0,1.0,600.0,-16.86622606333943
1359,2783232,-0.0018236085248645394,1.513344168663025,4.241867287953695,0.0036008449371309165,0.036836751457303765,0.3510804618398348,0.06135048717260361,1.2971444129943848,0.982421875,0.00014970547200000002,0.004990182399999999,-0.00465507572516799,0.9953773021697998,5,30,False,0.007075923960655928,452.83527013697665,3942.2341056738514,701.2772836807853,158.69500442587014,1174.2656624189694,-10.324936467083717,nan,nan,4,0.0,0.0,0.0,0.0,1.0,0.0,0.0,3.0,3.0,0.0,0.0,1.0,600.0,-10.324936467083717
1360,2785280,-0.001296982184430817,0.21129602193832397,4.243632173538208,0.003564154507572918,0.03448996325799574,0.5200500910480818,0.20079505443572998,0.5179989337921143,0.9583333333333334,0.00014959488,0.004986496,-0.004037184175103903,0.995987057685852,5,30,False,0.00765859242528677,452.8729108568031,3945.489303754832,701.7754696908378,158.807596957864,1174.2656624189694,-10.298832766496616,nan,nan,4,0.0,0.0,0.0,0.0,1.0,0.0,0.0,3.0,3.0,0.0,0.0,1.0,600.0,-10.298832766496616
1361,2787328,-0.002885446002862106,0.1936252161860466,4.244517103830973,0.003975629863086431,0.03687495334694783,0.48516994615395864,0.16359011828899384,0.4369264245033264,0.9716796875,0.000149484288,0.0049828096,-0.004439141601324081,0.9955861568450928,5,30,False,0.006583633832633495,452.909775162913,3948.750624268796,702.2621855018369,158.91839059986523,1174.2656624189694,-15.202212582656443,nan,nan,4,0.0,0.0,0.0,0.0,1.0,0.0,0.25,2.75,3.0,0.0,0.0,1.0,600.0,-15.202212582656443
1362,2789376,-0.0019926464029898245,0.07115756645798683,4.242283693949381,0.002808648852321009,0.020670572916666668,0.5600153783957164,0.17416934669017792,0.3102409243583679,1.0,0.000149373696,0.004979123199999999,-0.005354425869882107,0.9946801662445068,5,30,False,0.004878360312432051,452.9708974193641,3951.738501613727,702.7206199538923,159.0248150418629,1174.2656624189694,-10.047722210871598,nan,nan,1,0.0,0.0,0.0,0.0,1.0,0.0,0.0,3.0,3.0,0.0,0.0,1.0,600.0,-10.047722210871598
1363,2791424,-0.0020852215122431515,2.5017972588539124,4.2393191655476885,0.002757424762057307,0.025227826616416375,0.4265085553129514,-0.054426468908786774,1.6342297792434692,0.9934895833333334,0.000149263104,0.004975436799999999,-0.006115518044680357,0.993928849697113,5,30,False,0.005982649512588978,453.0336939546304,3954.6979671367735,703.1748565809394,159.14033715786354,1174.2656624189694,-10.34701350957524,nan,nan,3,0.0,0.0,0.0,0.0,1.0,0.0,0.0,3.0,3.0,0.0,0.0,1.0,600.0,-10.34701350957524
1364,2793472,-0.005137537803966552,0.07883117944002152,4.238422807057699,0.005001209941373504,0.061944274914761385,0.5098060145974159,0.06618625670671463,0.29778623580932617,0.9990234375,0.00014915251199999998,0.004971750399999999,-0.006045097019523382,0.9940025210380554,5,30,False,0.012343119829893112,453.0846586858711,3957.795056433708,703.6366119459562,159.2503401748545,1174.2656624189694,-16.51365696836715,nan,nan,5,0.0,0.0,0.0,0.0,1.0,0.0,0.0,2.8,2.6,0.2,0.0,1.0,600.0,-16.51365696836715
1365,2795520,-0.0022054797021458703,1.1541247367858887,4.239565753936768,0.004521790004589003,0.04692233344151949,0.3889166533946991,0.020160498097538948,1.1307326555252075,0.9606119791666666,0.00014904192,0.0049680639999999995,-0.005324062891304493,0.9947160482406616,5,30,False,0.00960454624146223,453.1383352660334,3960.8806563207327,704.091513396037,159.35518203585525,1174.2656624189694,-10.235550918654553,nan,nan,3,0.0,0.0,0.0,0.0,1.0,0.0,0.0,3.0,3.0,0.0,0.0,1.0,600.0,-10.235550918654553
1366,2797568,-0.00250410174485296,3.068431258201599,4.241943279902141,0.004164360170225242,0.04487708737530435,0.4923697898785273,-0.22474683821201324,1.8790477514266968,0.9296875,0.00014893132799999998,0.004964377599999999,-0.004544321447610855,0.9954864978790283,5,30,False,0.009050914086401463,453.183603663748,3964.04415582589,704.5692140961182,159.47400002686481,1174.2656624189694,-10.35084263281351,nan,nan,4,0.0,0.0,0.0,0.0,1.0,0.0,0.0,3.0,3.0,0.0,0.0,1.0,600.0,-10.35084263281351
1367,2799616,-0.0023423507896950468,1.405304193496704,4.243633651733399,0.003346509109567819,0.03386986105081936,0.4464860916137695,-0.023112807422876358,1.2915468215942383,0.904296875,0.00014882073600000002,0.0049606912,-0.0044499607756733894,0.9955765008926392,5,30,False,0.006347730755805969,453.2342167907988,3967.1416490178963,705.0451333160163,159.57845135586103,1174.2656624189694,-15.310903496249011,nan,nan,4,0.0,0.0,0.0,0.0,1.0,0.0,0.25,2.75,3.0,0.0,0.0,1.0,600.0,-15.310903496249011
1368,2801664,-0.003021174785681069,4.160041069984436,4.2440208752950035,0.006315553604012317,0.08467174645047634,0.5039885610342025,-0.2459169328212738,2.1915171146392822,0.8103841145833334,0.00014871014400000003,0.0049570048,-0.003999058157205582,0.9960248470306396,5,30,False,0.011795537546277046,453.30081762524344,3969.9887343828304,705.5311994672229,159.68106055285898,1174.2656624189694,-20.294240509997053,nan,nan,60,0.0,0.0,0.0,0.0,1.0,0.0,0.5666666666666667,2.3666666666666667,2.8,0.03333333333333333,nan,1.0,600.0,nan
1369,2803712,-0.00558961332620432,13.1392991065979,4.245145765940348,0.006485164276732055,0.08313558351558943,0.4366233254472415,-0.039867252111434937,3.586439847946167,0.83154296875,0.000148599552,0.0049533184,-0.0038336783181875944,0.9961874485015869,5,30,False,0.01300573255866766,448.7146866005708,3972.960514055885,705.9845781122567,159.78208927785454,1238.3417620309774,-44.95265197021433,nan,nan,2,0.0,0.5,0.0,0.5,0.5,0.0,1.5,1.5,3.0,0.0,0.0,0.5,330.0,-44.95265197021433
1370,2805760,-0.0017104629242870337,1.3642010927200316,4.244756746292114,0.00294694483436763,0.028178829684232673,0.49605752527713776,-0.03129797801375389,1.2414448261260986,0.9186197916666666,0.00014848896000000002,0.004949632,-0.004310202784836292,0.9957119822502136,5,30,False,0.0072350045666098595,448.76801725816796,3976.087257093779,706.43686467933,159.89113998186076,1238.3417620309774,-30.179767244584657,nan,nan,3,0.0,0.0,0.0,0.0,1.0,0.0,1.0,2.0,3.0,0.0,0.0,1.0,600.0,-30.179767244584657
1371,2807808,-0.0021123605237031978,2.4036359190940857,4.242829243342082,0.002885141725118719,0.029487900249660016,0.4097711071372032,0.3338291049003601,1.7074862718582153,0.9378255208333334,0.000148378368,0.0049459455999999995,-0.0051209027878940105,0.9949078559875488,5,30,False,0.006707046180963516,448.81483488462123,3979.220649791794,706.9733467993647,159.99436973086267,1238.3417620309774,-14.418722507929123,nan,nan,5,0.0,0.0,0.0,0.0,1.0,0.0,0.2,2.8,2.6,0.0,0.0,1.0,600.0,-14.418722507929123
1372,2809856,-0.0022030996857210993,1.2046073138713838,4.242241859436035,0.005319896767401981,0.06757559058411668,0.46623025586207706,0.017949413508176804,1.1575442552566528,0.9300130208333334,0.000148267776,0.004942259199999999,-0.0043217833153903484,0.9957054853439331,5,30,False,0.012645049020648003,448.8486525813694,3982.4871998699236,707.5682853533217,160.0967413088656,1238.3417620309774,-16.95443132831811,nan,nan,3,0.0,0.0,0.0,0.0,1.0,0.0,0.3333333333333333,2.6666666666666665,3.0,0.0,0.0,1.0,600.0,-16.95443132831811
1373,2811904,-0.004020784442157795,3.6382205963134764,4.244406207402547,0.0049033653142611655,0.05694838604346539,0.43393618365128833,-0.2082602083683014,2.0073060989379883,0.92431640625,0.000148157184,0.0049385728,-0.004131498746573925,0.995891273021698,5,30,False,0.007770157419145107,448.8865902099237,3985.789793928867,708.0459192174458,160.21364980687213,1238.3417620309774,-15.346225525738873,nan,nan,4,0.0,0.0,0.0,0.0,1.0,0.0,0.25,2.75,3.0,0.0,0.0,1.0,600.0,-15.346225525738873
1374,2813952,-0.0014502978728463253,1.494568556547165,4.244804382324219,0.003314214569270864,0.028589257722099623,0.4685597111781438,0.1599971204996109,1.3142989873886108,0.8779296875,0.000148046592,0.0049348864,-0.003691143123432994,0.9963244199752808,5,30,False,0.006297549232840538,448.9478953030831,3988.738408512858,708.5257287855347,160.35210847987037,1238.3417620309774,-15.26242417561025,nan,nan,4,0.0,0.0,0.0,0.0,1.0,0.0,0.25,2.75,2.5,0.0,0.0,1.0,600.0,-15.26242417561025
1375,2816000,-0.0024170972135228413,1.7600289940834046,4.247344223658244,0.0033037146837463873,0.02866615040693432,0.49529257069031396,0.19964022934436798,1.3964531421661377,0.8751627604166666,0.000147936,0.004931199999999999,-0.002756701549515128,0.9972543716430664,5,30,False,0.0071432883851230145,448.9955264064861,3991.927572181856,708.968602515466,160.48241120287275,1238.3417620309774,-17.196761395431547,nan,nan,3,0.0,0.0,0.0,0.0,1.0,0.0,0.3333333333333333,2.6666666666666665,2.3333333333333335,0.0,0.0,1.0,600.0,-17.196761395431547
1376,2818048,-0.0023276076244655997,0.35869117081165314,4.248694181442261,0.0033206551170405457,0.027775391315420467,0.4784290303786596,0.2068876326084137,0.6865956783294678,0.9130859375,0.000147825408,0.004927513599999999,-0.00279616704210639,0.9972137212753296,5,30,False,0.0063798995688557625,449.02852056196656,3995.1898634317768,709.5212144723773,160.60753690787533,1238.3417620309774,-23.20269902568873,nan,nan,2,0.0,0.0,0.0,0.0,1.0,0.0,0.0,2.5,2.5,0.0,0.5,1.0,600.0,-23.20269902568873
1377,2820096,-0.0018962924363828885,0.29150386452674865,4.2478320598602295,0.003628208171423027,0.03482158789799238,0.4844735751549403,0.13946504890918732,0.6865386962890625,0.9552408854166666,0.00014771481599999998,0.004923827199999999,-0.003411677200347185,0.9965974688529968,5,30,False,0.006792245898395777,449.05167002458006,3998.6986209726165,709.9758307294396,160.73904703687003,1238.3417620309774,-17.006177821771416,nan,nan,3,0.0,0.0,0.0,0.0,1.0,0.0,0.3333333333333333,2.6666666666666665,3.0,0.0,0.0,1.0,600.0,-17.006177821771416
1378,2822144,-0.004081839392893016,0.3886107444763184,4.245997587839763,0.0040966589324964294,0.04534579421160743,0.46592425803343457,0.1333816945552826,0.7401077747344971,0.9964192708333334,0.00014760422400000002,0.0049201408,-0.003879433497786522,0.9961292147636414,5,30,False,0.010227488353848457,449.09136485048634,4001.9370930085424,710.5040677845827,160.83197718288284,1238.3417620309774,-14.33972400684288,nan,nan,5,0.0,0.0,0.0,0.0,1.0,0.0,0.2,2.8,2.6,0.0,0.0,1.0,600.0,-14.33972400684288
1379,2824192,-0.002330073683212201,0.20661355257034303,4.246055587132772,0.003866563943059494,0.03802083333333333,0.4288534606496493,0.12082654237747192,0.5469179153442383,1.0,0.000147493632,0.0049164544,-0.003048368263989687,0.9969587326049805,5,30,False,0.007764686364680529,449.1550589083172,4004.8587998245202,711.0230120973429,160.92993999487953,1238.3417620309774,-10.328390369791729,nan,nan,3,0.0,0.0,0.0,0.0,1.0,0.0,0.0,3.0,3.0,0.0,0.0,1.0,600.0,-10.328390369791729
1380,2826240,-0.0020182575564831494,3.598243236541748,4.247517029444377,0.0047997850292218775,0.0550554934112976,0.48331590195496876,-0.28520137071609497,1.9080723524093628,0.9928385416666666,0.00014738304,0.004912768,-0.003270896151661873,0.9967374205589294,5,30,False,0.009101486764848232,449.22653105128927,4007.637853139371,711.5552721943677,161.0338807778753,1238.3417620309774,-15.226365037016649,nan,nan,4,0.0,0.0,0.0,0.0,1.0,0.0,0.25,2.75,2.5,0.0,0.0,1.0,600.0,-15.226365037016649
1381,2828288,-0.002987548584739367,1.1551060140132905,4.246355517705282,0.0048080767135000235,0.05327259925349305,0.46897695064544676,-0.0747169628739357,1.1350739002227783,0.9176432291666666,0.000147272448,0.004909081599999999,-0.0037160448264330626,0.996294379234314,5,30,False,0.0075989034958183765,449.3299554893495,4009.9590379543224,712.1052861965145,161.13215452886652,1238.3417620309774,-10.340152276177832,nan,nan,4,0.0,0.0,0.0,0.0,1.0,0.0,0.0,3.0,2.5,0.0,0.0,1.0,600.0,-10.340152276177832
1382,2830336,-0.002172034024260938,0.19458126723766328,4.245734198888143,0.0031505124545689136,0.026870545624600103,0.4762048160036405,0.07240424305200577,0.5065092444419861,0.9166666666666666,0.000147161856,0.0049053952,-0.003680465742945671,0.9963297247886658,5,30,False,0.005862095858901739,449.4436653860085,4012.1997432302887,712.6017077164579,161.23040207587474,1238.3417620309774,-10.367329451276419,nan,nan,2,0.0,0.0,0.0,0.0,1.0,0.0,0.0,3.0,1.0,0.0,0.0,1.0,600.0,-10.367329451276419
1383,2832384,-0.0026242217631079257,1.866260576248169,4.246852461496989,0.004530493071776279,0.045235772446418805,0.43425900787115096,-0.1421014666557312,1.403033971786499,0.9923502604166666,0.00014705126400000001,0.0049017088,-0.002873767865821719,0.9971324801445007,5,30,False,0.01004097145050764,449.4982815479188,4015.1690602213494,713.1625919565704,161.33687837787147,1238.3417620309774,-23.70882104043024,nan,nan,3,0.0,0.0,0.0,0.0,1.0,0.0,0.6666666666666666,2.3333333333333335,2.3333333333333335,0.0,0.0,1.0,600.0,-23.70882104043024
1384,2834432,-0.003900921253565078,0.18993851989507676,4.249158668518066,0.004464931802670454,0.05137202494467298,0.4327188829580943,0.0612136535346508,0.4510752856731415,0.99560546875,0.000146940672,0.004898022399999999,-0.0022875950671732426,0.9977167844772339,5,30,False,0.011145136319100857,449.5402442430804,4018.284020985506,713.7437022874365,161.44815790686698,1238.3417620309774,-16.910373748024842,nan,nan,3,0.0,0.0,0.0,0.0,1.0,0.0,0.3333333333333333,2.6666666666666665,2.3333333333333335,0.0,0.0,1.0,600.0,-16.910373748024842
1385,2836480,-0.002669433814783891,0.14610962197184563,4.250463120142618,0.0028112376923672853,0.023470052083333335,0.4792279382546743,0.15845759212970734,0.45532429218292236,1.0,0.00014683008,0.004894335999999999,-0.002090265741571784,0.9979162216186523,5,30,False,0.004741399548947811,449.58617840220916,4021.39848552848,714.2832033426384,161.55762189287634,1238.3417620309774,-10.335972966396366,nan,nan,5,0.0,0.0,0.0,0.0,1.0,0.0,0.0,3.0,3.0,0.0,0.0,1.0,600.0,-10.335972966396366
1386,2838528,-0.0008446662221103906,0.38535362780094146,4.249825557072957,0.003261231095530093,0.017708333333333333,0.40903406739234927,0.01731036975979805,0.6562225222587585,1.0,0.000146719488,0.0048906496,-0.0025399373844265938,0.9974695444107056,5,30,False,0.007768516428768635,449.63562555501704,4024.43028169639,714.8517725164565,161.6656615728716,1238.3417620309774,-10.25716938276158,nan,nan,3,0.0,0.0,0.0,0.0,1.0,0.0,0.0,3.0,2.3333333333333335,0.0,0.0,1.0,600.0,-10.25716938276158
1387,2840576,-0.0017367213886852065,0.26911933422088624,4.249760437011719,0.002970270509831607,0.024967447916666666,0.4060874675710996,0.14084406197071075,0.5351932644844055,1.0,0.000146608896,0.0048869631999999994,-0.0020869162399321795,0.997919499874115,5,30,False,0.005495185032486916,449.68897905466645,4027.341025605274,715.4752964405343,161.7884085908736,1238.3417620309774,-10.349935571754031,nan,nan,4,0.0,0.0,0.0,0.0,1.0,0.0,0.0,3.0,2.5,0.0,0.0,1.0,600.0,-10.349935571754031
1388,2842624,-0.002429133793339133,0.3785482347011566,4.2513092994689945,0.003961460162342215,0.03564453125,0.4962359294295311,-0.03837054967880249,0.6403102874755859,1.0,0.00014649830399999998,0.004883276799999999,-0.0016238822136074305,0.9983800649642944,5,30,False,0.006202577613294125,449.75271245182086,4030.2953045092436,715.9444191767689,161.89225477987202,1238.3417620309774,-10.257690594473843,nan,nan,4,0.0,0.0,0.0,0.0,1.0,0.0,0.0,3.0,2.5,0.0,0.0,1.0,600.0,-10.257690594473843
1389,2844672,-0.0016536146868020296,0.12348847016692162,4.252034107844035,0.002579506312031299,0.0189453125,0.4246655141313871,0.0507662296295166,0.39004427194595337,1.0,0.00014638771200000002,0.0048795904,-0.001628092722967267,0.9983758330345154,5,30,False,0.0068488959223032,449.81297414971374,4033.2668204313377,716.4404593798536,162.00024369386665,1238.3417620309774,-10.329565496002033,nan,nan,2,0.0,0.0,0.0,0.0,1.0,0.0,0.0,3.0,3.0,0.0,0.0,1.0,600.0,-10.329565496002033
1390,2846720,-0.0003436376127259185,1.8739198565483093,4.250730737050374,0.0020712928252886323,0.009839105159820368,0.5145662566026051,-0.19951783120632172,1.3865704536437988,0.9921875,0.00014627712,0.004875904,-0.002670005429536104,0.9973369836807251,5,30,False,0.004103449173271656,449.8631770241646,4036.4519842872687,716.8623130938795,162.10808603587793,1238.3417620309774,-10.112602172680758,nan,nan,3,0.0,0.0,0.0,0.0,1.0,0.0,0.0,3.0,3.0,0.0,0.0,1.0,600.0,-10.112602172680758
1391,2848768,-0.0011816702821912865,0.26384656578302385,4.247629419962565,0.0026682458481130785,0.021942616145436963,0.4609468291203181,0.030299948528409004,0.5129415392875671,0.98681640625,0.00014616652800000001,0.0048722176,-0.003338469658046961,0.9966697096824646,5,30,False,0.007793294731527567,449.9034219286293,4039.7175958002335,717.3178284109017,162.23473414687032,1238.3417620309774,-16.704956194989183,nan,nan,3,0.0,0.0,0.0,0.0,1.0,0.0,0.3333333333333333,2.6666666666666665,2.3333333333333335,0.0,0.0,1.0,600.0,-16.704956194989183
1392,2850816,-0.0035691337504734594,0.2637991040945053,4.246845038731893,0.004342207382433116,0.05185546875,0.46546284953753153,-0.030317824333906174,0.5318486094474792,1.0,0.000146055936,0.0048685312,-0.0032435122411698103,0.9967648386955261,5,30,False,0.011410130187869072,449.9481518490293,4042.984647416146,717.7220153340168,162.3451427408727,1238.3417620309774,-10.167382002866589,nan,nan,5,0.0,0.0,0.0,0.0,1.0,0.0,0.0,3.0,2.6,0.0,0.0,1.0,600.0,-10.167382002866589
1393,2852864,-0.0021187772353490194,0.08027026318013668,4.246917279561361,0.004372253722976893,0.04449869791666667,0.481675922870636,0.07555089890956879,0.30112841725349426,1.0,0.000145945344,0.0048648447999999995,-0.0034617814235389233,0.9965485334396362,5,30,False,0.007452857214957476,449.98882980346997,4046.2448765380686,718.1697171740234,162.4637687868817,1238.3417620309774,-10.333854857148253,nan,nan,3,0.0,0.0,0.0,0.0,1.0,0.0,0.0,3.0,2.3333333333333335,0.0,0.0,1.0,600.0,-10.333854857148253
1394,2854912,-0.002230921061709523,0.32905654013156893,4.245891968409221,0.002501443587243557,0.018326822916666666,0.5192265301942826,-0.05311395972967148,0.5827003121376038,1.0,0.000145834752,0.004861158399999999,-0.0037237517535686493,0.9962854385375977,5,30,False,0.00531358178704977,450.02858221059387,4049.488552885028,718.6367552869342,162.59703142987564,1238.3417620309774,-10.114517921388597,nan,nan,4,0.0,0.0,0.0,0.0,1.0,0.0,0.0,3.0,3.0,0.0,0.0,1.0,600.0,-10.114517921388597
1395,2856960,-0.0023514528050630665,2.038484752178192,4.245989386240641,0.002422836000234755,0.020993846158186596,0.4758338297406832,-0.24394415318965912,1.4565759897232056,0.9969075520833334,0.00014572416,0.004857472,-0.003382704686373472,0.9966245889663696,5,30,False,0.005312712397426367,450.07591156177824,4052.7170172911283,719.0373243438953,162.7137822588702,1238.3417620309774,-16.867995326838997,nan,nan,3,0.0,0.0,0.0,0.0,1.0,0.0,0.3333333333333333,2.6666666666666665,2.3333333333333335,0.0,0.0,1.0,600.0,-16.867995326838997
1396,2859008,-0.0019448643472666542,0.1275630436837673,4.246604903539022,0.00390293504363702,0.036393229166666666,0.4458514153957367,0.08171990513801575,0.3680965304374695,1.0,0.000145613568,0.0048537855999999996,-0.0036795418709516525,0.9963309168815613,5,30,False,0.011309121735394001,450.12309377820793,4055.934014253042,719.4585819479253,162.8251458278828,1238.3417620309774,-10.297982068531079,nan,nan,3,0.0,0.0,0.0,0.0,1.0,0.0,0.0,3.0,2.3333333333333335,0.0,0.0,1.0,600.0,-10.297982068531079
1397,2861056,-0.001968178804963827,0.16007790267467498,4.2448506355285645,0.002845039370004088,0.024381510416666665,0.44980734984079995,-0.00864880345761776,0.4119793176651001,1.0,0.000145502976,0.004850099199999999,-0.0041456143371760845,0.9958650469779968,5,30,False,0.007339547388255596,450.15867684463444,4059.24825602716,719.921361593777,162.95369126788864,1238.3417620309774,-10.228131005424833,nan,nan,3,0.0,0.0,0.0,0.0,1.0,0.0,0.0,3.0,2.3333333333333335,0.0,0.0,1.0,600.0,-10.228131005424833
1398,2863104,-0.003396229585632682,0.21163082718849183,4.245621140797933,0.003840602187362189,0.04046223958333333,0.46269532988468803,-0.005875284783542156,0.4768025875091553,1.0,0.000145392384,0.004846412799999999,-0.003081947099417448,0.9969248175621033,5,30,False,0.007060912437736988,450.1860018304952,4062.7133503701334,720.3352419099247,163.08376662389492,1238.3417620309774,-10.275140032076402,nan,nan,3,0.0,0.0,0.0,0.0,1.0,0.0,0.0,3.0,2.3333333333333335,0.0,0.0,1.0,600.0,-10.275140032076402
1399,2865152,-0.001622268712768952,0.0963401161134243,4.247060664494833,0.0031300683331210166,0.020084635416666666,0.4644653290510178,0.19191418588161469,0.3132828176021576,1.0,0.000145281792,0.004842726399999999,-0.003869006410241127,0.996142566204071,5,30,False,0.005490184295922518,450.22680836453355,4065.9766659110464,720.7895734488702,163.19707218189433,1238.3417620309774,-10.263372064540363,nan,nan,4,0.0,0.0,0.0,0.0,1.0,0.0,0.0,3.0,2.5,0.0,0.0,1.0,600.0,-10.263372064540363
1400,2867200,-0.002581139359002312,0.08609191849827766,4.243866682052612,0.0030711741283691177,0.0259765625,0.49930333097775775,0.16348853707313538,0.31966477632522583,1.0,0.00014517120000000002,0.00483904,-0.0046876948326826096,0.9953300356864929,5,30,False,0.004957237746566534,450.26961200472374,4069.17216461293,721.2684904198686,163.32914897389128,1238.3417620309774,-10.096600594871298,nan,nan,4,0.0,0.0,0.0,0.0,1.0,0.0,0.0,3.0,3.0,0.0,0.0,1.0,600.0,-10.096600594871298
1401,2869248,-0.0020052994911869365,0.29033021330833436,4.24289067586263,0.003564981153855721,0.031998697916666666,0.43232677727937696,-0.0270076896995306,0.5549999475479126,1.0,0.000145060608,0.0048353536,-0.004377102013677359,0.995639979839325,5,30,False,0.008141309954226017,450.32194080317396,4072.2717078819987,721.7231191128521,163.44882958389644,1238.3417620309774,-10.224930654055868,nan,nan,4,0.0,0.0,0.0,0.0,1.0,0.0,0.0,3.0,2.0,0.0,0.0,1.0,600.0,-10.224930654055868
1402,2871296,-0.0042641419762124615,0.24483452290296553,4.244213247299195,0.004545194298649828,0.05123697916666667,0.47150372465451557,0.013411564752459526,0.5240136981010437,1.0,0.00014495001600000002,0.0048316672,-0.004040669184178114,0.9959696531295776,5,30,False,0.01044763345271349,450.36577251187384,4075.474375659047,722.2010701519175,163.5640520418965,1238.3417620309774,-10.203630407258364,nan,nan,3,0.0,0.0,0.0,0.0,1.0,0.0,0.0,3.0,1.6666666666666667,0.0,0.0,1.0,600.0,-10.203630407258364
1403,2873344,-0.002753829210996628,0.11595410257577896,4.2447162628173825,0.0033586141381723184,0.030924479166666668,0.5259033660093944,0.11837100237607956,0.35868915915489197,1.0,0.000144839424,0.0048279808,-0.004065611399710178,0.9959458708763123,5,30,False,0.00636521028354764,450.40367739887796,4078.7416867250577,722.6875243289542,163.686137818906,1238.3417620309774,-10.15327261458333,nan,nan,3,0.0,0.0,0.0,0.0,1.0,0.0,0.0,3.0,3.0,0.0,0.0,1.0,600.0,-10.15327261458333
1404,2875392,-0.0019820728960136575,0.07697699591517448,4.244857454299927,0.0033388416379845393,0.025032552083333333,0.4417935162782669,0.08364506810903549,0.2815336287021637,1.0,0.000144728832,0.0048242944,-0.004115056246519089,0.9958983659744263,5,30,False,0.005798090249300003,450.4582950097047,4081.854768066929,723.1037527848093,163.80493400291016,1238.3417620309774,-10.361214764251903,nan,nan,3,0.0,0.0,0.0,0.0,1.0,0.0,0.0,3.0,3.0,0.0,0.0,1.0,600.0,-10.361214764251903
1405,2877440,-0.0012297558908661206,1.7166150689125061,4.243099594116211,0.002804284551336522,0.01853525321542596,0.5230289230744044,-0.15715084969997406,1.3295848369598389,0.98681640625,0.00014461824,0.004820608,-0.005362167488783598,0.9946566820144653,5,30,False,0.0052167694084346294,450.51022910233627,4084.9615205608716,723.568202358787,163.9106301129068,1238.3417620309774,-10.146262842918532,nan,nan,3,0.0,0.0,0.0,0.0,1.0,0.0,0.0,3.0,2.3333333333333335,0.0,0.0,1.0,600.0,-10.146262842918532
1406,2879488,-0.002526608985499479,0.20188459753990173,4.239351542790731,0.004293351013939114,0.045014801908594866,0.4108796829978625,-0.022968444973230362,0.43926355242729187,0.9912109375,0.000144507648,0.004816921599999999,-0.006277402397245169,0.9937467575073242,5,30,False,0.008730130270123482,450.57436581257303,4087.8500827390235,724.0720302979607,164.01332637689484,1238.3417620309774,-15.109697845237179,nan,nan,4,0.0,0.0,0.0,0.0,1.0,0.0,0.25,2.75,3.0,0.0,0.0,1.0,600.0,-15.109697845237179
1407,2881536,-0.0032493951211411817,3.4749024152755736,4.238497749964396,0.005947489061852688,0.07360875459077458,0.464052410920461,-0.2620408833026886,1.8918906450271606,0.9742838541666666,0.00014439705599999999,0.004813235199999999,-0.0057165855541825294,0.9943041205406189,5,30,False,0.010771709494292736,450.64738621166094,4090.6545769059303,724.5474642149347,164.1107811369002,1238.3417620309774,-20.21360620819928,nan,nan,4,0.0,0.0,0.0,0.0,1.0,0.0,0.5,2.5,3.0,0.0,0.0,1.0,600.0,-20.21360620819928
1408,2883584,-0.0025249041995266453,1.945512628555298,4.2404054800669355,0.00412642947599006,0.04222222646155084,0.4034055466453234,0.01009375974535942,1.4151211977005005,0.9930013020833334,0.000144286464,0.0048095488,-0.005134635604918003,0.9948824644088745,5,30,False,0.006804928183555603,450.7253072161019,4093.3679884639278,725.0412789608818,164.20907461590832,1238.3417620309774,-10.336923074453352,nan,nan,4,0.0,0.0,0.0,0.0,1.0,0.0,0.0,3.0,2.0,0.0,0.0,1.0,600.0,-10.336923074453352
1409,2885632,-0.001737108201875041,0.09128765240311623,4.242235120137533,0.002690788141514607,0.020006119335691134,0.4855977286895116,0.14561346173286438,0.31812912225723267,0.9583333333333334,0.00014417587199999998,0.004805862399999999,-0.0047995904460549355,0.9952186942100525,5,30,False,0.004761400166898966,450.80317507254944,4096.136946924773,725.499685213028,164.30377445991326,1238.3417620309774,-10.44578486669343,nan,nan,3,0.0,0.0,0.0,0.0,1.0,0.0,0.0,3.0,2.3333333333333335,0.0,0.0,1.0,600.0,-10.44578486669343
1410,2887680,-0.0022414269934718806,0.26148988455533984,4.242814000447591,0.004811851384927716,0.0556835776544176,0.43736581106980643,0.014396880753338337,0.5032156109809875,0.9620768229166666,0.00014406528,0.004802175999999999,-0.004390306770801544,0.9956254959106445,5,30,False,0.008888086304068565,450.8549276508428,4099.213389296696,725.9998784908821,164.4097649209143,1238.3417620309774,-16.966649027073498,nan,nan,3,0.0,0.0,0.0,0.0,1.0,0.0,0.3333333333333333,2.6666666666666665,2.3333333333333335,0.0,0.0,1.0,600.0,-16.966649027073498
1411,2889728,-0.0028923549689352512,0.0618126068264246,4.24463594754537,0.004615241267795985,0.048828125,0.49030918031930926,0.07480796426534653,0.25411954522132874,1.0,0.00014395468800000003,0.0047984896,-0.003921244293451309,0.9960910677909851,5,30,False,0.007791468873620033,450.9006506057561,4102.293367709615,726.5602341498743,164.52149027491396,1238.3417620309774,-10.317201598715352,nan,nan,3,0.0,0.0,0.0,0.0,1.0,0.0,0.0,3.0,2.3333333333333335,0.0,0.0,1.0,600.0,-10.317201598715352
1412,2891776,-0.0012681451238070924,0.07560781985521317,4.244484074910482,0.0027467012599421046,0.021028645833333335,0.4798444673418999,0.07728435099124908,0.284514456987381,1.0,0.000143844096,0.0047948032,-0.004368587397038937,0.9956476092338562,5,30,False,0.00665251724421978,450.94453474405907,4105.376102446622,727.1069931348757,164.6624885189085,1238.3417620309774,-10.305640464145958,nan,nan,3,0.0,0.0,0.0,0.0,1.0,0.0,0.0,3.0,3.0,0.0,0.0,1.0,600.0,-10.305640464145958
1413,2893824,-0.0038543854529658954,0.0923164203763008,4.241321881612142,0.0038549545395653697,0.04114583333333333,0.4717210203409195,0.03335456922650337,0.32152795791625977,1.0,0.00014373350400000002,0.0047911168,-0.006252758204936981,0.9937779903411865,5,30,False,0.008044971153140068,450.98473836875473,4108.617823255685,727.5831737789267,164.77267854691308,1238.3417620309774,-10.374521356234254,nan,nan,4,0.0,0.0,0.0,0.0,1.0,0.0,0.0,3.0,2.0,0.0,0.0,1.0,600.0,-10.374521356234254
1414,2895872,-0.0039596392385040724,1.5884908199310304,4.237132867177327,0.005826096137443078,0.0758690994232893,0.4594825193285942,-0.16765041649341583,1.2855850458145142,0.9977213541666666,0.000143622912,0.0047874304,-0.00648641400039196,0.9935471415519714,5,30,False,0.010273909196257591,451.0195590618279,4111.837311064592,728.1493223629222,164.8870977119077,1238.3417620309774,-10.281120567758535,nan,nan,4,0.0,0.0,0.0,0.0,1.0,0.0,0.0,3.0,3.0,0.0,0.0,1.0,600.0,-10.281120567758535
1415,2897920,-0.0024107955008124313,0.10330209657549858,4.238039604822794,0.0031057067320825766,0.02701270196121186,0.532240795592467,0.06715625524520874,0.3149448037147522,0.9583333333333334,0.00014351232,0.0047837439999999995,-0.0060320766642689705,0.9940001368522644,5,30,False,0.005157549865543842,451.0599320753818,4114.986585279665,728.676387267973,165.03268156691047,1238.3417620309774,-10.25683551082875,nan,nan,4,0.0,0.0,0.0,0.0,1.0,0.0,0.0,3.0,3.0,0.0,0.0,1.0,600.0,-10.25683551082875
1416,2899968,-0.002597819655784406,0.13329409882426263,4.23849097887675,0.0034821621064869152,0.027966036864866813,0.5013055394093195,0.16846099495887756,0.35932645201683044,0.9583333333333334,0.000143401728,0.004780057599999999,-0.006491534411907196,0.9935481548309326,5,30,False,0.005344483070075512,451.11724703458435,4118.010105332811,729.1246522070287,165.16097408191126,1238.3417620309774,-10.0239522330603,nan,nan,2,0.0,0.0,0.0,0.0,1.0,0.0,0.0,3.0,3.0,0.0,0.0,1.0,600.0,-10.0239522330603
1417,2902016,-0.0025346922118236154,0.041502930037677285,4.236317809422811,0.004208958575341152,0.04079054715111852,0.5378676772117614,0.13325819373130798,0.22247888147830963,0.9959309895833334,0.000143291136,0.0047763712,-0.007183728739619255,0.9928610324859619,5,30,False,0.007415722124278545,451.1875517738769,4120.887048206976,729.5484953940031,165.26753041290794,1238.3417620309774,-15.295140816522235,nan,nan,60,0.0,0.0,0.0,0.0,1.0,0.0,0.45,2.5,2.8333333333333335,0.05,nan,0.9833333333333333,599.6166666666667,nan
1418,2904064,-0.0025300972745753826,1.3910879373550415,4.235566854476929,0.0034447844411867362,0.030934820820887884,0.4097762634356817,-0.04479636624455452,1.2221524715423584,0.9996744791666666,0.000143180544,0.0047726847999999995,-0.006645111367106438,0.993394136428833,5,30,False,0.006257266737520695,446.6820695527046,4124.075134589948,730.1052071221638,165.37360506190453,1303.819130946984,-10.342557709679113,nan,nan,3,0.0,0.0,0.0,0.0,1.0,0.0,0.0,3.0,2.3333333333333335,0.0,0.0,1.0,600.0,-10.342557709679113
1419,2906112,-0.002819321949694616,1.416020578145981,4.2389282067616785,0.006111890282157469,0.052850265610807884,0.4171385024984678,-0.0668015331029892,1.2579237222671509,0.9386393229166666,0.000143069952,0.004768998399999999,-0.005349575541913509,0.9946834444999695,5,30,False,0.01442959625273943,446.72809408390754,4127.299352195885,730.5658051620267,165.48043683690776,1303.819130946984,-10.34021072045895,nan,nan,3,0.0,0.0,0.0,0.0,1.0,0.0,0.0,3.0,3.0,0.0,0.0,1.0,600.0,-10.34021072045895
1420,2908160,-0.0018604396163330724,0.4961196929216385,4.242433500289917,0.003592602766538751,0.03079974859332045,0.47749915421009065,-0.1509682685136795,0.7438228726387024,0.9166666666666666,0.00014295935999999998,0.004765311999999999,-0.004165531136095524,0.9958604574203491,5,30,False,0.0064417398534715176,446.77685919085036,4130.420049141772,731.0817904380528,165.58772568090353,1303.819130946984,-10.341019027038328,nan,nan,4,0.0,0.0,0.0,0.0,1.0,0.0,0.0,3.0,2.5,0.0,0.0,1.0,600.0,-10.341019027038328
1421,2910208,-0.004451422905549407,1.327595341205597,4.244748703638712,0.006532928851398416,0.08320236653089523,0.4402397428949674,-0.09454840421676636,1.228826642036438,0.9420572916666666,0.000142848768,0.0047616256,-0.003922655247151852,0.9960972666740417,5,30,False,0.014161028899252415,446.8051380611363,4133.75961699785,731.6408882569231,165.71068099490367,1303.819130946984,-20.32163517918363,nan,nan,4,0.0,0.0,0.0,0.0,1.0,0.0,0.5,2.5,3.0,0.0,0.0,1.0,600.0,-20.32163517918363
1422,2912256,-0.0006882345206880321,1.248776662349701,4.244268608093262,0.0017633081012859246,0.011217095128570994,0.4966913416981697,0.021852737292647362,1.2055222988128662,0.95166015625,0.00014273817600000003,0.0047579392,-0.004634991753846407,0.9953811168670654,5,30,False,0.004965483210980892,446.8345176170439,4137.140572171862,732.1429466268455,165.83963793190196,1303.819130946984,-10.219124824885085,nan,nan,4,0.0,0.0,0.0,0.0,1.0,0.0,0.0,3.0,3.0,0.0,0.0,1.0,600.0,-10.219124824885085
1423,2914304,-0.002887681797922899,0.1383929021656513,4.243942022323608,0.0035726217620344336,0.03691001733920227,0.46446718474229176,0.20943348109722137,0.3590308129787445,0.9391276041666666,0.000142627584,0.0047542528,-0.0036491439677774906,0.9963631629943848,5,30,False,0.00730159180238843,446.89750264873084,4140.104920028985,732.5946381581016,165.94933474190475,1303.819130946984,-20.34959901322145,nan,nan,2,0.0,0.0,0.0,0.0,1.0,0.0,0.5,2.5,3.0,0.0,0.0,1.0,600.0,-20.34959901322145
1424,2916352,-0.0011348388196590045,5.588628768920898,4.246878719329834,0.002411679899948164,0.01646805936858679,0.4887391597032547,-0.254304438829422,2.4840269088745117,0.9002278645833334,0.00014251699200000002,0.0047505664,-0.002959474455565214,0.9970498085021973,5,30,False,0.004261524882167578,446.9434760853347,4143.244700119132,733.1006553291809,166.06652489291446,1303.819130946984,-15.274979162772524,nan,nan,4,0.0,0.0,0.0,0.0,1.0,0.0,0.25,2.75,2.0,0.0,0.0,1.0,600.0,-15.274979162772524
1425,2918400,-0.0022674141121873013,5.439841961860656,4.249111636479696,0.0030560855066802026,0.028118157324691615,0.4487331956624985,-0.38241320848464966,2.5465123653411865,0.8815104166666666,0.0001424064,0.00474688,-0.002103503793478012,0.9979017972946167,5,30,False,0.006095117423683405,446.9946731267641,4146.4230207942455,733.5167073532793,166.1743054659164,1303.819130946984,-20.572971672575175,nan,nan,3,0.0,0.0,0.0,0.0,1.0,0.0,0.0,2.6666666666666665,1.6666666666666667,0.3333333333333333,0.0,1.0,600.0,-20.572971672575175
1426,2920448,-0.0019466366308430831,2.223688173294067,4.252032295862834,0.006099086304084674,0.07694098725914955,0.5466345330079396,-9.435296669835225e-05,1.5380791425704956,0.8323567708333334,0.00014229580800000002,0.0047431936,-0.0011952959466725588,0.9988062381744385,5,30,False,0.011437528766691685,447.0443808078619,4149.5362983163795,733.989641298278,166.30089203790703,1303.819130946984,-23.703329696632863,nan,nan,3,0.0,0.0,0.0,0.0,1.0,0.0,0.6666666666666666,2.3333333333333335,3.0,0.0,0.0,1.0,600.0,-23.703329696632863
1427,2922496,-0.0016542071554188928,10.688788509368896,4.2541665236155195,0.0034286065022461603,0.03130245888993765,0.43338012546300886,-0.6103897094726562,3.7443783283233643,0.7814127604166666,0.000142185216,0.0047395072,-0.0007493774173781276,0.9992514848709106,5,30,False,0.007693982683122158,447.09683192669223,4152.6707103573135,734.4139793123031,166.42202106190962,1303.819130946984,-15.304176176379997,nan,nan,4,0.0,0.0,0.0,0.0,1.0,0.0,0.25,2.75,2.5,0.0,0.0,1.0,600.0,-15.304176176379997
1428,2924544,-0.003898906762090822,1.039631998538971,4.254567289352417,0.004531675084073091,0.051085087067137165,0.5187629615267118,0.18671925365924835,1.159364938735962,0.7444661458333334,0.000142074624,0.004735820799999999,-0.0007949203136377037,0.9992057681083679,5,30,False,0.009236041456460953,447.1706656184729,4155.43387464252,734.8804140564171,166.55123383289902,1303.819130946984,-25.294444690051023,nan,nan,4,0.0,0.0,0.0,0.0,1.0,0.0,0.75,2.25,2.5,0.0,0.0,1.0,600.0,-25.294444690051023
1429,2926592,-0.0024319730854282778,0.672991681098938,4.255188608169556,0.005306378532721941,0.06670921395222346,0.48575297792752586,0.18997879326343536,0.8579678535461426,0.7708333333333334,0.000141964032,0.004732134399999999,-7.899439515313134e-05,0.9999210238456726,5,30,False,0.00944331381469965,447.24520649613885,4158.21315277557,735.3381732945127,166.66556761189713,1303.819130946984,-35.26848654569039,nan,nan,4,0.0,0.0,0.0,0.0,1.0,0.0,1.25,1.75,2.5,0.0,0.0,1.0,600.0,-35.26848654569039
1430,2928640,-0.0006046200694981962,3.3126585483551025,4.256803814570109,0.0021383828168282546,0.011634892675404747,0.40382552246252695,0.07323680818080902,1.8833062648773193,0.8927408854166666,0.00014185344,0.004728448,0.0,1.0,5,30,False,0.0038758039008826017,447.3079204956852,4161.157178877795,735.795293037474,166.79065652391,1303.819130946984,-10.199665261614427,nan,nan,2,0.0,0.0,0.0,0.0,1.0,0.0,0.0,3.0,2.0,0.0,0.0,1.0,600.0,-10.199665261614427
1431,2930688,-0.001795706507982686,0.8976959109306335,4.2567567507425945,0.0029911035087775892,0.02771996644635995,0.5627589792013168,0.4256337285041809,0.932526171207428,0.91015625,0.00014174284799999999,0.004724761599999999,-8.677461300976574e-05,0.999913215637207,5,30,False,0.00693353870883584,447.35088278663045,4164.364221830838,736.2656567536324,166.92103118190425,1303.819130946984,-23.67139642535767,nan,nan,3,0.0,0.0,0.0,0.0,1.0,0.0,0.6666666666666666,2.3333333333333335,1.0,0.0,0.0,1.0,600.0,-23.67139642535767
1432,2932736,-0.0038651316514005884,0.11830799132585526,4.255915768941244,0.005731689113402183,0.07320243104283387,0.49511421074469886,0.06053120270371437,0.38788652420043945,0.9303385416666666,0.000141632256,0.004721075199999999,-0.0005655382992699742,0.9994347095489502,5,30,False,0.01181786973029375,447.3745042350403,4167.837995640919,736.7445152536093,167.05957717790443,1303.819130946984,-20.34299022887535,nan,nan,4,0.0,0.0,0.0,0.0,1.0,0.0,0.5,2.5,3.0,0.0,0.0,1.0,600.0,-20.34299022887535
1433,2934784,-0.002792997503032287,0.14608396887779235,4.254188521703084,0.0031498046048606437,0.027766927083333334,0.45367560485998787,0.06506265699863434,0.4264571964740753,1.0,0.000141521664,0.0047173888,-0.0011695666471496224,0.9988316297531128,5,30,False,0.006168442778289318,447.38410541562763,4171.459794544731,737.2916822345869,167.1735769979132,1303.819130946984,-10.246827196751232,nan,nan,3,0.0,0.0,0.0,0.0,1.0,0.0,0.0,3.0,3.0,0.0,0.0,1.0,600.0,-10.246827196751232
1434,2936832,-0.0015575133264064788,0.3671563476324081,4.2539791425069176,0.002231169070970888,0.01650390625,0.4290432135264079,0.3098335266113281,0.6739211678504944,1.0,0.00014141107200000002,0.0047137024,-0.0005773252341896296,0.9994231462478638,5,30,False,0.004691528156399727,447.40023611657284,4175.089905942572,737.7333801425848,167.30558812292293,1303.819130946984,-10.012924420163131,nan,nan,4,0.0,0.0,0.0,0.0,1.0,0.0,0.0,3.0,3.0,0.0,0.0,1.0,600.0,-10.012924420163131
1435,2938880,-0.0018141998031448263,1.2344923615455627,4.254765542348226,0.004070251529194735,0.0455198062894245,0.517032298942407,-0.05003855749964714,1.135339379310608,0.99609375,0.00014130048000000003,0.004710016,-0.0009352834895253181,0.9990653991699219,5,30,False,0.007947192527353764,447.42235531490326,4178.621057101511,738.1949280595436,167.4244851339172,1303.819130946984,-10.09001750796358,nan,nan,4,0.0,0.0,0.0,0.0,1.0,0.0,0.0,3.0,2.5,0.0,0.0,1.0,600.0,-10.09001750796358
1436,2940928,-0.002521201444324106,1.0618726849555968,4.253052139282227,0.0034468130287966877,0.03316849311813712,0.4798609217007955,0.03204496204853058,1.1067379713058472,0.9532877604166666,0.000141189888,0.0047063296,-0.001429451396688819,0.998572587966919,5,30,False,0.007436598185449839,447.45393139655596,4182.036491654537,738.6344837595389,167.53683363791788,1303.819130946984,-10.114846179011996,nan,nan,3,0.0,0.0,0.0,0.0,1.0,0.0,0.0,3.0,3.0,0.0,0.0,1.0,600.0,-10.114846179011996
1437,2942976,-0.002314862334120941,0.27726228088140487,4.252698548634847,0.0029730902818092394,0.027551346210141978,0.5211104253927866,0.2843804359436035,0.5418093800544739,0.9166666666666666,0.00014107929600000002,0.0047026431999999995,-0.0013573522446677089,0.9986444711685181,5,30,False,0.006864469964057207,447.5127630723166,4185.085035914395,739.0642922094121,167.647012606918,1303.819130946984,-10.34526895271847,nan,nan,2,0.0,0.0,0.0,0.0,1.0,0.0,0.0,3.0,3.0,0.0,0.0,1.0,600.0,-10.34526895271847
1438,2945024,-0.0014558990097915134,2.5480969667434694,4.253389310836792,0.005053750297847396,0.06039353498878578,0.455091301103433,-0.1471727043390274,1.6501797437667847,0.9293619791666666,0.000140968704,0.004698956799999999,-0.0008885177667252719,0.9991127252578735,5,30,False,0.011818800121545792,447.56609538964784,4188.210340790451,739.482260980265,167.7690492689144,1303.819130946984,-23.82118431670642,nan,nan,3,0.0,0.0,0.0,0.0,1.0,0.0,0.6666666666666666,2.3333333333333335,2.3333333333333335,0.0,0.0,1.0,600.0,-23.82118431670642
1439,2947072,-0.001738987766051044,0.46272514164447787,4.253553835550944,0.003983907779559222,0.04150035404600203,0.5175006439288458,0.15613362193107605,0.7193635702133179,0.9573567708333334,0.000140858112,0.0046952704,-0.001569491345435381,0.9984334707260132,5,30,False,0.010576342232525349,447.6117909591075,4191.4252056205005,739.9210397072893,167.88363913091598,1303.819130946984,-14.077599438285848,nan,nan,5,0.0,0.0,0.0,0.0,1.0,0.0,0.2,2.8,3.0,0.0,0.0,1.0,600.0,-14.077599438285848
1440,2949120,-0.001347242280219992,1.0535419404506683,4.25193387667338,0.0027064968446058064,0.023948279193912944,0.47199334651231767,-0.10784729570150375,1.0363714694976807,0.9690755208333334,0.00014074752,0.0046915839999999995,-0.0014610877260565758,0.9985408782958984,5,30,False,0.007077313959598541,447.6330194540528,4194.977284135573,740.3522327913379,168.03210014791694,1303.819130946984,-16.96000779016079,nan,nan,3,0.0,0.0,0.0,0.0,1.0,0.0,0.3333333333333333,2.6666666666666665,2.3333333333333335,0.0,0.0,1.0,600.0,-16.96000779016079
1441,2951168,-0.003327819178230129,0.3515408307313919,4.252330859502156,0.0034102484089038043,0.0326479105046019,0.4407464365164439,0.03054371103644371,0.6189206838607788,0.9583333333333334,0.000140636928,0.004687897599999999,-0.0017695226706564426,0.998232364654541,5,30,False,0.005725236609578133,447.65541312682495,4198.512408347538,740.7994057954347,168.144146314924,1303.819130946984,-10.221410413803369,nan,nan,4,0.0,0.0,0.0,0.0,1.0,0.0,0.0,3.0,2.5,0.0,0.0,1.0,600.0,-10.221410413803369
1442,2953216,-0.0020218776694188516,0.1933474838733673,4.251095581054687,0.00307627118503017,0.02149072155977289,0.4232041130463282,-0.03644436225295067,0.4396132528781891,0.96337890625,0.000140526336,0.004684211199999999,-0.0018779889214783907,0.9981240630149841,5,30,False,0.007537832949310541,447.67041005286484,4202.136537951737,741.2642701655132,168.26443154692242,1303.819130946984,-15.166710239580652,nan,nan,4,0.0,0.0,0.0,0.0,1.0,0.0,0.25,2.75,3.0,0.0,0.0,1.0,600.0,-15.166710239580652
1443,2955264,-0.003343938663601875,0.14594507962465286,4.252825546264648,0.003410721814725548,0.03177083333333333,0.4992992381254832,0.11030012369155884,0.41278043389320374,1.0,0.000140415744,0.0046805247999999995,-0.0007613971829414368,0.999239444732666,5,30,False,0.006574701983481646,447.6862331668047,4205.759795256687,741.7198404365481,168.38137585591176,1303.819130946984,-9.93058246901622,nan,nan,3,0.0,0.0,0.0,0.0,1.0,0.0,0.0,3.0,3.0,0.0,0.0,1.0,600.0,-9.93058246901622
1444,2957312,-0.0020541586137066284,0.07042156048119068,4.254064289728801,0.0031094069165798527,0.026627604166666666,0.459468175470829,-0.09914986789226532,0.27395808696746826,1.0,0.00014030515199999998,0.004676838399999999,-0.0012325092684477568,0.9987685680389404,5,30,False,0.006279598455876112,447.72777137287875,4209.006371117648,742.1904561455449,168.4851291849045,1303.819130946984,-9.704658223367971,nan,nan,2,0.0,0.0,0.0,0.0,1.0,0.0,0.0,3.0,3.0,0.0,0.0,1.0,600.0,-9.704658223367971
1445,2959360,-0.0039283585113783675,0.4497261121869087,4.252815500895182,0.0056007273553404955,0.06845703125,0.4717274894316991,-0.024238422513008118,0.6831220984458923,1.0,0.00014019456000000002,0.004673152,-0.0013951023574918509,0.9986065626144409,5,30,False,0.011574414558708668,447.78705990666,4212.08272573883,742.5733822275652,168.59894162589626,1303.819130946984,-10.261936866867472,nan,nan,3,0.0,0.0,0.0,0.0,1.0,0.0,0.0,3.0,2.3333333333333335,0.0,0.0,1.0,600.0,-10.261936866867472
1446,2961408,-0.0020606218837201594,0.21946704983711243,4.252609157562256,0.00435523788134257,0.0439453125,0.49225861132144927,0.06683647632598877,0.5048182010650635,1.0,0.000140083968,0.0046694656,-0.0013160726521164179,0.998685359954834,5,30,False,0.007683749310672283,447.8390400908678,4215.253832043789,742.9704666354664,168.7083687928971,1303.819130946984,-10.354066378716379,nan,nan,5,0.0,0.0,0.0,0.0,1.0,0.0,0.0,3.0,2.2,0.0,0.0,1.0,600.0,-10.354066378716379
1447,2963456,-0.0020932043126473824,0.3229061707854271,4.253795830408732,0.0031758265569806097,0.03186848958333333,0.4664745067556699,-0.07449273020029068,0.5855827927589417,1.0,0.000139973376,0.0046657792,-0.0007211444899439812,0.9992794990539551,5,30,False,0.00944988802075386,447.8873953608859,4218.3982427498995,743.4459182724677,168.8123510798905,1303.819130946984,-10.388686519152543,nan,nan,3,0.0,0.0,0.0,0.0,1.0,0.0,0.0,3.0,2.3333333333333335,0.0,0.0,1.0,600.0,-10.388686519152543
1448,2965504,-0.002108615357428789,0.28559812903404236,4.254642105102539,0.002961526355162884,0.022591145833333333,0.48289577265580497,-0.010592750273644924,0.5473057627677917,1.0,0.000139862784,0.0046620928,-0.0007221467094495893,0.9992785453796387,5,30,False,0.005192689131945372,447.9058840967126,4221.974049090801,743.9013501593581,168.94065930689976,1303.819130946984,-10.293555995197181,nan,nan,4,0.0,0.0,0.0,0.0,1.0,0.0,0.0,3.0,3.0,0.0,0.0,1.0,600.0,-10.293555995197181
1449,2967552,-0.0014200227141069868,1.8899141669273376,4.254198312759399,0.003156392427697045,0.031406691748028,0.4794974684715271,-0.19385376572608948,1.3857368230819702,0.9781901041666666,0.000139752192,0.0046584064,-0.0011842893436551094,0.9988168478012085,5,30,False,0.007576296105980873,447.93894700796443,4225.359149404714,744.3283180265425,169.07136123390228,1303.819130946984,-15.21708476280628,nan,nan,4,0.0,0.0,0.0,0.0,1.0,0.0,0.25,2.75,3.0,0.0,0.0,1.0,600.0,-15.21708476280628
1450,2969600,-0.0020050880421573916,1.7768291711807251,4.252485990524292,0.006284765992369727,0.06944125442532822,0.46122350295384723,-0.0732233077287674,1.3721966743469238,0.9915364583333334,0.00013964160000000002,0.004654719999999999,-0.001609856029972434,0.9983923435211182,5,30,False,0.015060830861330032,447.97127691490317,4228.767140489814,744.7612008413998,169.1882808438968,1303.819130946984,-16.758238265573407,nan,nan,3,0.0,0.0,0.0,0.0,1.0,0.0,0.3333333333333333,2.6666666666666665,3.0,0.0,0.0,1.0,600.0,-16.758238265573407
1451,2971648,-0.0024463257597138483,0.19397470653057097,4.252696895599366,0.0025697319166890034,0.022493489583333335,0.4335218518972397,-0.0016959458589553833,0.4535285234451294,1.0,0.000139531008,0.004651033599999999,-0.001064719632267952,0.9989360570907593,5,30,False,0.006913354620337486,447.99149702212435,4232.341261471782,745.2064675942383,169.30681852689304,1303.819130946984,-10.29289699124638,nan,nan,2,0.0,0.0,0.0,0.0,1.0,0.0,0.0,3.0,1.0,0.0,0.0,1.0,600.0,-10.29289699124638
1452,2973696,-0.0019056085768776635,1.5815921664237975,4.25478261311849,0.0033981307496956455,0.03079082041513175,0.4653933972120285,-0.07426106929779053,1.2883028984069824,0.9781901041666666,0.000139420416,0.0046473472,-0.0005387711571529508,0.9994616508483887,5,30,False,0.007060306146740913,448.0040697390091,4236.027471771755,745.6541950272367,169.42018301990174,1303.819130946984,-10.322560522375474,nan,nan,3,0.0,0.0,0.0,0.0,1.0,0.0,0.0,3.0,3.0,0.0,0.0,1.0,600.0,-10.322560522375474
1453,2975744,-0.002189893942947189,0.22413213700056075,4.255004580815633,0.0044287027184673365,0.05091904582999026,0.5061020582914353,0.041427336633205414,0.4811534285545349,0.9583333333333334,0.000139309824,0.004643660799999999,-0.0006643353844992816,0.9993363618850708,5,30,False,0.007646013516932726,448.03341821209386,4239.463934226791,746.0875811073638,169.5403176069085,1303.819130946984,-10.302788531783154,nan,nan,5,0.0,0.0,0.0,0.0,1.0,0.0,0.0,3.0,3.0,0.0,0.0,1.0,600.0,-10.302788531783154
1454,2977792,-0.003779627392456556,1.3130307912826538,4.254901679356893,0.005938276126349133,0.07562182640346388,0.4493551974495252,-0.11681511253118515,1.1882318258285522,0.95849609375,0.000139199232,0.004639974399999999,-0.0005087400786578655,0.9994916319847107,5,30,False,0.013974836096167564,448.0445662933347,4243.158929635902,746.5280760331661,169.6688956159196,1303.819130946984,-16.745754708708166,nan,nan,3,0.0,0.0,0.0,0.0,1.0,0.0,0.3333333333333333,2.6666666666666665,3.0,0.0,0.0,1.0,600.0,-16.745754708708166
1455,2979840,-0.0020434979788357547,0.27430036664009094,4.255629173914591,0.00342219501034536,0.02793237011258801,0.5461388438940048,0.023968230932950974,0.5526508092880249,0.9583333333333334,0.00013908863999999998,0.004636287999999999,-0.0005152277299202979,0.9994851350784302,5,30,False,0.0058382912538945675,448.08383772584347,4246.432366917841,746.9786481580959,169.77814373391448,1303.819130946984,-10.196108885428316,nan,nan,4,0.0,0.0,0.0,0.0,1.0,0.0,0.0,3.0,3.0,0.0,0.0,1.0,600.0,-10.196108885428316
1456,2981888,-0.0012393089787413676,0.15098247453570365,4.255129830042521,0.0018761101476450382,0.008507664614201833,0.46192681342363356,0.07727114856243134,0.3891051113605499,0.96826171875,0.00013897804800000002,0.0046326016,-0.000568632734939456,0.999431848526001,5,30,False,0.004384167958050966,448.1396763596169,4249.5267675006035,747.3929265371116,169.8778110109124,1303.819130946984,-15.24239432240347,nan,nan,4,0.0,0.0,0.0,0.0,1.0,0.0,0.25,2.75,3.0,0.0,0.0,1.0,600.0,-15.24239432240347
1457,2983936,-0.001430164851869146,0.11040342450141907,4.2545867443084715,0.002709723337708662,0.02197265625,0.4873532662789027,0.10144111514091492,0.3446291983127594,1.0,0.000138867456,0.0046289152,-0.001124020665884018,0.9988778829574585,5,30,False,0.0073822978883981705,448.2017018163771,4252.558275880525,747.7880521409825,169.9797722199146,1303.819130946984,-10.237328316731237,nan,nan,2,0.0,0.0,0.0,0.0,1.0,0.0,0.0,3.0,3.0,0.0,0.0,1.0,600.0,-10.237328316731237
1458,2985984,-0.002436267817392945,0.22322231531143188,4.251877800623576,0.005445620947284624,0.065234375,0.5338974336783091,0.10740268230438232,0.5085338950157166,1.0,0.00013875686400000001,0.0046252288,-0.0022330880165100098,0.9977728724479675,5,30,False,0.009675904177129269,448.2457695778617,4255.804552378526,748.2031474979449,170.1078338289226,1303.819130946984,-10.325501832000251,nan,nan,3,0.0,0.0,0.0,0.0,1.0,0.0,0.0,3.0,2.3333333333333335,0.0,0.0,1.0,600.0,-10.325501832000251
1459,2988032,-0.0016683667277296384,0.12097086012363434,4.250013907750447,0.002903943786319966,0.025846354166666665,0.504108294347922,0.053690891712903976,0.3753250241279602,1.0,0.000138646272,0.0046215423999999995,-0.002275099977850914,0.9977326393127441,5,30,False,0.006792603526264429,448.2969433260641,4258.942368856544,748.6193164019642,170.20845936291153,1303.819130946984,-10.040300119691862,nan,nan,3,0.0,0.0,0.0,0.0,1.0,0.0,0.0,3.0,3.0,0.0,0.0,1.0,600.0,-10.040300119691862
1460,2990080,-0.002345074201002717,0.6379607081413269,4.249843088785807,0.0034633753452605258,0.037825520833333334,0.5499828765789668,-0.074506014585495,0.8198862671852112,1.0,0.00013853568,0.004617856,-0.0023339339531958103,0.9976742267608643,5,30,False,0.007780840620398521,448.3415714891431,4262.1741506935505,749.0476344138151,170.3154349769029,1303.819130946984,-10.248429184783527,nan,nan,5,0.0,0.0,0.0,0.0,1.0,0.0,0.0,3.0,3.0,0.0,0.0,1.0,600.0,-10.248429184783527
1461,2992128,-0.0011737216884891192,0.1018304742872715,4.25005612373352,0.0020918265877602,0.011002604166666667,0.4345471610625585,0.08473756909370422,0.32323968410491943,1.0,0.000138425088,0.0046141696,-0.00231352262198925,0.9976922273635864,5,30,False,0.0038746490608900785,448.3719230692522,4265.5810534964985,749.4895262327918,170.4468353439006,1303.819130946984,-10.418159853335965,nan,nan,3,0.0,0.0,0.0,0.0,1.0,0.0,0.0,3.0,1.6666666666666667,0.0,0.0,1.0,600.0,-10.418159853335965
1462,2994176,-0.002449214148024718,0.41438923180103304,4.250645271937052,0.004000797790164749,0.04235026041666667,0.524910165866216,-0.0603918731212616,0.6540430188179016,1.0,0.000138314496,0.0046104831999999995,-0.0015185893280431628,0.9984837770462036,5,30,False,0.007515508681535721,448.4039222210287,4268.956259428451,749.9519028766808,170.55545817888924,1303.819130946984,-10.146944720204829,nan,nan,4,0.0,0.0,0.0,0.0,1.0,0.0,0.0,3.0,3.0,0.0,0.0,1.0,600.0,-10.146944720204829
1463,2996224,-0.002709015179425478,0.224644336104393,4.252900505065918,0.004320728530486425,0.04716796875,0.5139104768633842,0.005575250368565321,0.48944446444511414,1.0,0.000138203904,0.004606796799999999,-0.0012439420679584146,0.998757541179657,5,30,False,0.011351818218827248,448.443615685129,4272.244750323429,750.3926232806116,170.6653720518807,1303.819130946984,-10.183093770538107,nan,nan,4,0.0,0.0,0.0,0.0,1.0,0.0,0.0,3.0,3.0,0.0,0.0,1.0,600.0,-10.183093770538107
1464,2998272,-0.0022518259783585867,0.041798516362905505,4.251725053787231,0.0033753140654880554,0.029036458333333334,0.47493081986904145,0.10446205735206604,0.2480538785457611,1.0,0.000138093312,0.004603110399999999,-0.0024934913963079453,0.9975103139877319,5,30,False,0.006729553919285536,448.47858486957034,4275.608917642356,750.8457146987203,170.76019299487234,1303.819130946984,-10.23434127017299,nan,nan,2,0.0,0.0,0.0,0.0,1.0,0.0,0.0,3.0,3.0,0.0,0.0,1.0,600.0,-10.23434127017299
1465,3000320,-0.002318764974673589,0.46094717979431155,4.249026409784952,0.002871375505734856,0.02509765625,0.45122029036283495,-0.05508970469236374,0.6966397762298584,1.0,0.00013798272,0.0045994239999999995,-0.0023304768837988377,0.9976736903190613,5,30,False,0.005632319487631321,448.5427557280546,4278.619799713415,751.2246349926718,170.85955828186707,1303.819130946984,-10.298350726331895,nan,nan,60,0.0,0.0,0.0,0.0,1.0,0.0,0.18333333333333332,2.7666666666666666,2.816666666666667,0.03333333333333333,nan,0.9833333333333333,599.5,nan
1466,3002368,-0.0023632728029042483,0.04466322213411331,4.250295225779215,0.002172085103423645,0.016048177083333334,0.47618390371402103,0.06655943393707275,0.20862406492233276,1.0,0.000137872128,0.004595737599999999,-0.0018923500319942832,0.9981104731559753,5,30,False,0.0052290670573711395,444.20663267269913,4282.099275978384,751.6817682855763,170.98009456887667,1369.520004489983,-10.326469972218092,nan,nan,3,0.0,0.0,0.0,0.0,1.0,0.0,0.0,3.0,3.0,0.0,0.0,1.0,600.0,-10.326469972218092
1467,3004416,-0.0021645299469431243,0.3342122212052345,4.251149924596151,0.004536914590668554,0.04404296875,0.5389145930608114,-0.0583610013127327,0.5888673067092896,1.0,0.00013776153600000002,0.0045920512,-0.0019591045565903187,0.9980432391166687,5,30,False,0.008336355909705162,444.23694892431314,4285.482030458283,752.1996429985593,171.08416461887828,1369.520004489983,-10.064277826161334,nan,nan,5,0.0,0.0,0.0,0.0,1.0,0.0,0.0,3.0,3.0,0.0,0.0,1.0,600.0,-10.064277826161334
1468,3006464,-0.0035083812195807695,0.19717814028263092,4.2516091187795,0.0058771392039489,0.06979166666666667,0.49677138576904933,0.017336174845695496,0.45337605476379395,1.0,0.000137650944,0.0045883647999999996,-0.001402087276801467,0.9985992312431335,5,30,False,0.012468082830309868,444.27976226328127,4288.74084422634,752.6708785806695,171.1807779238734,1369.520004489983,-10.207055493253165,nan,nan,3,0.0,0.0,0.0,0.0,1.0,0.0,0.0,3.0,3.0,0.0,0.0,1.0,600.0,-10.207055493253165
1469,3008512,-0.0005411914777747976,1.6980168700218201,4.253481372197469,0.0019264917653339117,0.009967881359625608,0.458599088092645,-0.05153052881360054,1.3171930313110352,0.9894205729166666,0.00013754035200000002,0.0045846784,-0.0010210254695266485,0.9989800453186035,5,30,False,0.0039311801083385944,444.3333689803576,4291.8548675212805,753.119275317702,171.28383065888193,1369.520004489983,-15.297622424137955,nan,nan,4,0.0,0.0,0.0,0.0,1.0,0.0,0.25,2.75,3.0,0.0,0.0,1.0,600.0,-15.297622424137955
1470,3010560,-0.0015043326653540134,0.40892775654792785,4.252961794535319,0.002995766386933004,0.024674479166666666,0.544659202794234,-0.04593449458479881,0.6641407012939453,1.0,0.00013742976,0.004580992,-0.0016538071213290095,0.9983500838279724,5,30,False,0.005854704417288303,444.3694218950776,4295.203992150331,753.5872529839253,171.39522294988274,1369.520004489983,-10.297103021369898,nan,nan,3,0.0,0.0,0.0,0.0,1.0,0.0,0.0,3.0,3.0,0.0,0.0,1.0,600.0,-10.297103021369898
1471,3012608,-0.0030643417849205434,1.462565839290619,4.2514106909434,0.005938593572769927,0.07929906565696002,0.43813539743423463,0.03589954599738121,1.2604498863220215,0.9615885416666666,0.000137319168,0.0045773056,-0.0019119852222502232,0.9980916380882263,5,30,False,0.009722355753183365,444.4065041738753,4298.539366931378,754.0304676008964,171.5266643778741,1369.520004489983,-10.290407492961094,nan,nan,3,0.0,0.0,0.0,0.0,1.0,0.0,0.0,3.0,3.0,0.0,0.0,1.0,600.0,-10.290407492961094
1472,3014656,-0.0032107341724137467,0.10347434431314469,4.2510168075561525,0.004750135601770377,0.05595048428901161,0.5358059470852216,0.14492978155612946,0.3241434693336487,0.9583333333333334,0.000137208576,0.004573619199999999,-0.0018712988821789622,0.9981328845024109,5,30,False,0.007923126220703125,444.4269338626196,4302.107648833306,754.49219372691,171.6489941518812,1369.520004489983,-10.36084365673014,nan,nan,3,0.0,0.0,0.0,0.0,1.0,0.0,0.0,3.0,1.6666666666666667,0.0,0.0,1.0,600.0,-10.36084365673014
1473,3016704,-0.0006732898182235658,0.21235232651233674,4.249876753489176,0.003034532650939988,0.02644249739823863,0.5651136169830958,0.1521197110414505,0.4721563458442688,0.9930013020833334,0.000137097984,0.004569932799999999,-0.003000161610543728,0.9970086812973022,5,30,False,0.007461085915565491,444.4404966759265,4305.753774772282,754.9726263749035,171.78073901387688,1369.520004489983,-17.010764870850835,nan,nan,3,0.0,0.0,0.0,0.0,1.0,0.0,0.3333333333333333,2.6666666666666665,3.0,0.0,0.0,1.0,600.0,-17.010764870850835
1474,3018752,-0.002386577396343152,0.19117248058319092,4.246966981887818,0.003398144479918604,0.0298828125,0.5276338289181391,0.01666879467666149,0.4454832375049591,1.0,0.000136987392,0.0045662464,-0.003312522079795599,0.9966974258422852,5,30,False,0.007249457761645317,444.46714318713333,4309.254779764291,755.4151721889793,171.8969247018831,1369.520004489983,-10.333581327685778,nan,nan,4,0.0,0.0,0.0,0.0,1.0,0.0,0.0,3.0,2.5,0.0,0.0,1.0,600.0,-10.333581327685778
1475,3020800,-0.0013394162679711977,0.29966472238302233,4.245938666661581,0.002677238521088536,0.01982421875,0.4634197215239207,-0.0006794905057176948,0.5636250376701355,1.0,0.0001368768,0.004562559999999999,-0.003985557705163956,0.9960273504257202,5,30,False,0.005850642919540405,444.48805314098365,4312.736618719384,755.9490164039889,172.01852147288446,1369.520004489983,-10.202478401736244,nan,nan,4,0.0,0.0,0.0,0.0,1.0,0.0,0.0,3.0,3.0,0.0,0.0,1.0,600.0,-10.202478401736244
1476,3022848,-0.0031038289579252403,0.13096596524119378,4.244921890894572,0.00434055437411492,0.045182291666666666,0.47816391934951147,0.16918276250362396,0.3713766634464264,1.0,0.00013676620799999998,0.004558873599999999,-0.003910914529114962,0.9961006045341492,5,30,False,0.00825214572250843,444.5454645829793,4315.818565516325,756.360402838065,172.1237419048848,1369.520004489983,-10.325147934792767,nan,nan,4,0.0,0.0,0.0,0.0,1.0,0.0,0.0,3.0,2.5,0.0,0.0,1.0,600.0,-10.325147934792767
1477,3024896,-0.0021329267881810667,0.21528612822294235,4.245409981409709,0.0029869862890336664,0.029459635416666668,0.4520213613907496,0.010880310088396072,0.4797552525997162,1.0,0.000136655616,0.004555187199999999,-0.003693983657285571,0.9963149428367615,5,30,False,0.005899315234273672,444.60873700166525,4318.829923046331,756.7595019030705,172.23475678588147,1369.520004489983,-10.081222433359168,nan,nan,3,0.0,0.0,0.0,0.0,1.0,0.0,0.0,3.0,1.6666666666666667,0.0,0.0,1.0,600.0,-10.081222433359168
1478,3026944,-0.00363178183324635,0.2777432292699814,4.246988534927368,0.0048091059434227645,0.05895182291666667,0.4502065216501554,-0.049118172377347946,0.5482357740402222,1.0,0.00013654502400000003,0.0045515008,-0.002842152025550604,0.9971644282341003,5,30,False,0.01043119840323925,444.6594167174648,4321.937545274239,757.236717431224,172.33823857388052,1369.520004489983,-10.324255054050203,nan,nan,3,0.0,0.0,0.0,0.0,1.0,0.0,0.0,3.0,3.0,0.0,0.0,1.0,600.0,-10.324255054050203
1479,3028992,-0.0023617918603122236,0.1594606012105942,4.248977851867676,0.004163959098514169,0.04837239583333333,0.4691684991121292,-0.04025418683886528,0.4143230617046356,1.0,0.000136434432,0.0045478144,-0.0025100538041442633,0.9974945783615112,5,30,False,0.010536469519138336,444.7135717584646,4324.9890956732415,757.7064890691981,172.45490874288953,1369.520004489983,-10.191992710765078,nan,nan,3,0.0,0.0,0.0,0.0,1.0,0.0,0.0,3.0,2.3333333333333335,0.0,0.0,1.0,600.0,-10.191992710765078
1480,3031040,-0.0019615519791841506,0.0881352573633194,4.250652678807577,0.0024920829532978435,0.01748046875,0.4539281701048215,0.049720268696546555,0.3110136091709137,1.0,0.00013632384000000002,0.004544128,-0.0016567148268222809,0.9983465671539307,5,30,False,0.004814489278942347,444.749812367437,4328.278096802431,758.2085831081058,172.56965436288738,1369.520004489983,-10.310765758224685,nan,nan,3,0.0,0.0,0.0,0.0,1.0,0.0,0.0,3.0,2.3333333333333335,0.0,0.0,1.0,600.0,-10.310765758224685
1481,3033088,-0.0012589549956222375,0.13885980546474458,4.251381985346476,0.0034027576718168953,0.025748697916666667,0.47780876358350116,0.03900286182761192,0.3792722523212433,1.0,0.000136213248,0.004540441599999999,-0.002125926548615098,0.9978790283203125,5,30,False,0.006634741090238094,444.79400948476433,4331.521393334537,758.6447790210514,172.68566448388447,1369.520004489983,-10.171186062211547,nan,nan,4,0.0,0.0,0.0,0.0,1.0,0.0,0.0,3.0,2.5,0.0,0.0,1.0,600.0,-10.171186062211547
1482,3035136,-0.0022567154839634894,0.3202333703637123,4.248656797409057,0.005572102746615807,0.06682942708333334,0.567193740606308,-0.0305485837161541,0.5760090351104736,1.0,0.00013610265600000001,0.0045367552,-0.003441036446020007,0.9965710043907166,5,30,False,0.009119752794504166,444.8407533641967,4334.737703478619,759.0711972141871,172.79655255188118,1369.520004489983,-10.294743784783748,nan,nan,4,0.0,0.0,0.0,0.0,1.0,0.0,0.0,3.0,2.5,0.0,0.0,1.0,600.0,-10.294743784783748
1483,3037184,-0.002781251631677151,0.14198147803544997,4.245672512054443,0.00369695116726992,0.033854166666666664,0.4953001245856285,-0.02385682426393032,0.3970172703266144,1.0,0.000135992064,0.0045330688,-0.0038161142729222775,0.9961967468261719,5,30,False,0.00786419864743948,444.87542128432113,4338.003632028631,759.5920101262163,172.9322944268788,1369.520004489983,-10.306393694510916,nan,nan,4,0.0,0.0,0.0,0.0,1.0,0.0,0.0,3.0,2.5,0.0,0.0,1.0,600.0,-10.306393694510916
1484,3039232,-0.0022014366773267587,0.19185904115438462,4.244129784901937,0.003593598208196151,0.033365885416666664,0.48791714360316596,-0.02383260987699032,0.45397672057151794,1.0,0.000135881472,0.0045293823999999995,-0.00479024788364768,0.9952281713485718,5,30,False,0.006701146252453327,444.9256641594235,4341.181725491653,760.0027405572764,173.04050673088932,1369.520004489983,-10.213899237392765,nan,nan,3,0.0,0.0,0.0,0.0,1.0,0.0,0.0,3.0,2.3333333333333335,0.0,0.0,1.0,600.0,-10.213899237392765
1485,3041280,-0.002861277355502049,0.0714689139276743,4.241875108083089,0.0037392340930333984,0.033919270833333334,0.4204054440061251,0.054338470101356506,0.2761501371860504,1.0,0.00013577088,0.004525695999999999,-0.00502754794433713,0.9949970245361328,5,30,False,0.006968640722334385,444.96328459071987,4344.4987331507145,760.4462820853223,173.1628237288969,1369.520004489983,-10.285260360649167,nan,nan,3,0.0,0.0,0.0,0.0,1.0,0.0,0.0,3.0,2.3333333333333335,0.0,0.0,1.0,600.0,-10.285260360649167
1486,3043328,-0.002769633677477638,0.08919660672545433,4.240835666656494,0.002387755877377155,0.02177734375,0.5034160852432251,0.04564572498202324,0.32617872953414917,1.0,0.000135660288,0.004522009599999999,-0.005779013969004154,0.9942499399185181,5,30,False,0.005225403234362602,444.98839125716023,4347.934087973888,760.9399478334526,173.2969031209068,1369.520004489983,-10.240915627446762,nan,nan,3,0.0,0.0,0.0,0.0,1.0,0.0,0.0,3.0,3.0,0.0,0.0,1.0,600.0,-10.240915627446762
1487,3045376,-0.002218483698864778,0.2503900781273842,4.2371213912963865,0.0035954268144754073,0.03203125,0.53860548834006,-0.03498125076293945,0.5300790667533875,1.0,0.00013554969599999998,0.0045183231999999995,-0.007474423386156559,0.9925683736801147,5,30,False,0.00609662476927042,445.0143127379706,4351.40856900785,761.3977850682859,173.4180705089093,1369.520004489983,-10.269001471773663,nan,nan,3,0.0,0.0,0.0,0.0,1.0,0.0,0.0,3.0,2.3333333333333335,0.0,0.0,1.0,600.0,-10.269001471773663
1488,3047424,-0.0012245378301789364,0.15215210244059563,4.232154258092245,0.0036759402932754408,0.038802083333333334,0.5418313304583232,-0.016461579129099846,0.40941452980041504,1.0,0.000135439104,0.004514636799999999,-0.008805151097476482,0.9912536144256592,5,30,False,0.009802904911339283,445.04781020124767,4354.766039028938,761.8566894722899,173.53761042791302,1369.520004489983,-10.20523313550757,nan,nan,4,0.0,0.0,0.0,0.0,1.0,0.0,0.0,3.0,3.0,0.0,0.0,1.0,600.0,-10.20523313550757
1489,3049472,-0.0027011414213726917,0.11146571040153504,4.229961236317952,0.004290769639192149,0.04583333333333333,0.46764176040887834,0.00907670147716999,0.3414763808250427,1.0,0.00013532851200000003,0.0045109504,-0.00897118728607893,0.9910928606987,5,30,False,0.011686945334076881,445.08872636108276,4358.040592635865,762.2867702302174,173.6539566299034,1369.520004489983,-10.236460649610649,nan,nan,4,0.0,0.0,0.0,0.0,1.0,0.0,0.0,3.0,2.5,0.0,0.0,1.0,600.0,-10.236460649610649
1490,3051520,-1.4001810147116581e-05,1.6990814566612245,4.229708480834961,0.0044769222178160815,0.0516078490880318,0.5045161460836728,-0.15117737650871277,1.3349590301513672,0.9938151041666666,0.00013521792,0.0045072639999999995,-0.009140664711594582,0.9909166693687439,5,30,False,0.010335336439311504,445.1294287111698,4361.325715085768,762.715774526223,173.76946219689853,1369.520004489983,-15.17936304629984,nan,nan,4,0.0,0.0,0.0,0.0,1.0,0.0,0.25,2.75,3.0,0.0,0.0,1.0,600.0,-15.17936304629984
1491,3053568,-0.0037779647236069044,0.16138725727796555,4.229630168279012,0.0030956216893779733,0.029654947916666667,0.44536621669928234,0.08626382052898407,0.38239431381225586,1.0,0.00013510732800000002,0.0045035776,-0.008820394985377789,0.9912319183349609,5,30,False,0.007335759699344635,445.1835330935057,4364.427810266716,763.125610303221,173.88187561288942,1369.520004489983,-10.411273865727708,nan,nan,2,0.0,0.0,0.0,0.0,1.0,0.0,0.0,3.0,2.0,0.0,0.0,1.0,600.0,-10.411273865727708
1492,3055616,-0.0026586751453578474,0.23840078711509705,4.231069962183635,0.0035703112953342497,0.03714192708333333,0.42599943925937017,-0.0357116162776947,0.4949348568916321,1.0,0.000134996736,0.0044998912,-0.008344893343746662,0.9917033910751343,5,30,False,0.007910220883786678,445.2366396130621,4367.472521731528,763.5897872892965,174.00439271889627,1369.520004489983,-10.175651288662493,nan,nan,4,0.0,0.0,0.0,0.0,1.0,0.0,0.0,3.0,2.5,0.0,0.0,1.0,600.0,-10.175651288662493
1493,3057664,-0.0034614651968392232,1.4894161820411682,4.232554642359416,0.007089718419479614,0.09603586836019531,0.45156843662261964,-0.12727026641368866,1.2419100999832153,0.9698893229166666,0.00013488614400000002,0.0044962048,-0.00784739013761282,0.9921995997428894,5,30,False,0.013433274812996387,445.2805155987288,4370.645763467444,764.0528051163128,174.12345486589766,1369.520004489983,-16.892756240500905,nan,nan,3,0.0,0.0,0.0,0.0,1.0,0.0,0.3333333333333333,2.6666666666666665,1.6666666666666667,0.0,0.0,1.0,600.0,-16.892756240500905
1494,3059712,-0.0013262596757461628,0.12882074117660522,4.234572649002075,0.003036402373497064,0.024869791666666665,0.4611928249398867,-0.015660274773836136,0.3714344799518585,1.0,0.000134775552,0.004492518399999999,-0.007022479083389044,0.9930190443992615,5,30,False,0.005612737499177456,445.3253065037035,4373.872687127441,764.4735237102141,174.235838060893,1369.520004489983,-10.221507277479304,nan,nan,3,0.0,0.0,0.0,0.0,1.0,0.0,0.0,3.0,2.3333333333333335,0.0,0.0,1.0,600.0,-10.221507277479304
1495,3061760,-0.0018236239828790227,0.2570642739534378,4.237004518508911,0.003414609768272688,0.03600260416666667,0.44468990017970406,0.01161461602896452,0.5174443125724792,1.0,0.00013466496,0.004488832,-0.00617157993838191,0.9938618540763855,5,30,False,0.0062849028035998344,445.36730264795005,4377.043126087534,764.9798807122279,174.35197696289106,1369.520004489983,-10.305736637324117,nan,nan,4,0.0,0.0,0.0,0.0,1.0,0.0,0.0,3.0,2.5,0.0,0.0,1.0,600.0,-10.305736637324117
1496,3063808,-0.0036452808262159428,0.10600570663809776,4.240170653661092,0.004844070095956946,0.05852864583333333,0.48477091590563454,0.06779106706380844,0.35700830817222595,1.0,0.000134554368,0.0044851456,-0.004929322749376297,0.9950928688049316,5,30,False,0.008713134564459324,445.41568947634823,4380.175124416477,765.4416272110684,174.4598228468967,1369.520004489983,-10.24205000666268,nan,nan,4,0.0,0.0,0.0,0.0,1.0,0.0,0.0,3.0,2.5,0.0,0.0,1.0,600.0,-10.24205000666268
1497,3065856,-0.002125472133047879,1.6617614030838013,4.242552900314331,0.0033455148643003695,0.034752612390245,0.4991627206405004,-0.09665723145008087,1.3060860633850098,0.9855143229166666,0.000134443776,0.004481459199999999,-0.0047394884750247,0.9952800273895264,5,30,False,0.008147381246089935,445.47944968250187,4383.157853767407,765.8411599090177,174.56208381289616,1369.520004489983,-15.185889620640864,nan,nan,4,0.0,0.0,0.0,0.0,1.0,0.0,0.25,2.75,3.0,0.0,0.0,1.0,600.0,-15.185889620640864
1498,3067904,-0.002375654565791289,0.10617945231497287,4.242617638905843,0.0038619642262347044,0.03798828125,0.4682875290513039,0.021580737084150314,0.32565295696258545,1.0,0.00013433318399999999,0.004477772799999999,-0.0047096083872020245,0.9953092932701111,5,30,False,0.0073927040211856365,445.53858625749996,4386.13482989445,766.3015189902071,174.66729490589933,1369.520004489983,-10.329905386784958,nan,nan,2,0.0,0.0,0.0,0.0,1.0,0.0,0.0,3.0,2.0,0.0,0.0,1.0,600.0,-10.329905386784958
1499,3069952,-0.0013045276204744975,0.29438319951295855,4.243782218297323,0.0036001692875288426,0.034895833333333334,0.4714939400553703,-0.02073855698108673,0.568864107131958,1.0,0.000134222592,0.004474086399999999,-0.0038686557672917843,0.9961439967155457,5,30,False,0.006954974494874477,445.59844493783686,4389.16794252141,766.7073435752827,174.7688517048955,1369.520004489983,-10.337040935037294,nan,nan,4,0.0,0.0,0.0,0.0,1.0,0.0,0.0,3.0,3.0,0.0,0.0,1.0,600.0,-10.337040935037294
1500,3072000,-0.0019932628298799195,0.2346092492341995,4.245825894673666,0.0033979448431637137,0.02890625,0.4677950362364451,-0.006304949522018433,0.5121535658836365,1.0,0.000134112,0.0044704,-0.003683808259665966,0.9963242411613464,5,30,False,0.006960953585803509,445.624692129838,4392.6667309144395,767.1418685321551,174.88682781188982,1369.520004489983,-10.333837300439882,nan,nan,3,0.0,0.0,0.0,0.0,1.0,0.0,0.0,3.0,2.3333333333333335,0.0,0.0,1.0,600.0,-10.333837300439882
1501,3074048,-0.0015092066178719202,0.10544857084751129,4.245844125747681,0.003154554454764972,0.02841796875,0.5015203972657521,0.056517671793699265,0.3417333960533142,1.0,0.00013400140800000002,0.0044667136,-0.003683777991682291,0.9963233470916748,5,30,False,0.0061864303424954414,445.6710820529829,4395.839347616304,767.5875516931264,174.9917286758864,1369.520004489983,-10.308704677494461,nan,nan,3,0.0,0.0,0.0,0.0,1.0,0.0,0.0,3.0,3.0,0.0,0.0,1.0,600.0,-10.308704677494461
1502,3076096,-0.0026483787999798856,0.17267868518829346,4.2455193837483725,0.0037005925395836433,0.033203125,0.3981251170237859,0.1008228212594986,0.4442603290081024,1.0,0.00013389081600000003,0.0044630272,-0.003965630661696196,0.9960428476333618,5,30,False,0.0064759464003145695,445.711383184329,4399.054610128209,768.0805084569874,175.10883926489623,1369.520004489983,-10.27065398246873,nan,nan,4,0.0,0.0,0.0,0.0,1.0,0.0,0.0,3.0,2.5,0.0,0.0,1.0,600.0,-10.27065398246873
1503,3078144,-0.0019085793135066827,0.23580586314201354,4.245603720347087,0.0031308670450622836,0.024544270833333333,0.4485221028327942,0.05714651197195053,0.4926663637161255,1.0,0.000133780224,0.004459340799999999,-0.003330909414216876,0.9966771006584167,5,30,False,0.005120242014527321,445.7502295887303,4402.267294614328,768.6050549278443,175.21742989390623,1369.520004489983,-10.222594118239556,nan,nan,4,0.0,0.0,0.0,0.0,1.0,0.0,0.0,3.0,2.0,0.0,0.0,1.0,600.0,-10.222594118239556
1504,3080192,-0.003036414614568154,0.3566495031118393,4.247339487075806,0.004970778503532832,0.058984375,0.5111160606145859,0.025912320241332054,0.604720950126648,1.0,0.00013366963200000002,0.0044556544,-0.0031317956745624542,0.9968740344047546,5,30,False,0.011832833290100098,445.7935311926956,4405.378143460344,769.1467709740391,175.33079957190785,1369.520004489983,-10.13159360751888,nan,nan,4,0.0,0.0,0.0,0.0,1.0,0.0,0.0,3.0,3.0,0.0,0.0,1.0,600.0,-10.13159360751888
1505,3082240,-0.0020102272741496564,0.24426596760749816,4.24703016281128,0.003419643184558178,0.0341796875,0.4512129440903664,0.002896938007324934,0.5138080716133118,1.0,0.00013355904,0.004451968,-0.0033118498977273703,0.9966938495635986,5,30,False,0.007466547191143036,445.8371721449923,4408.544854408363,769.6433416001819,175.44551300290914,1369.520004489983,-10.143103371835764,nan,nan,2,0.0,0.0,0.0,0.0,1.0,0.0,0.0,3.0,2.0,0.0,0.0,1.0,600.0,-10.143103371835764
1506,3084288,-0.0015567066303143898,0.14852676764130593,4.246316242218017,0.00353333456053709,0.03665364583333333,0.47155361572901405,0.03195980191230774,0.3923463225364685,1.0,0.000133448448,0.0044482815999999994,-0.00384697737172246,0.9961606860160828,5,30,False,0.008541443385183811,445.87589235536626,4411.729902987441,770.1823397410917,175.57143962891132,1369.520004489983,-10.155832480140512,nan,nan,3,0.0,0.0,0.0,0.0,1.0,0.0,0.0,3.0,3.0,0.0,0.0,1.0,600.0,-10.155832480140512
1507,3086336,-0.0024187364460279545,0.3173212230205536,4.244875272115071,0.0041108341383126875,0.0404296875,0.40536101460456847,0.023886989802122116,0.5794126987457275,1.0,0.000133337856,0.004444595199999999,-0.003962548449635506,0.9960467219352722,5,30,False,0.006925923749804497,445.90350102013423,4415.069885244346,770.7310161873029,175.6820310949115,1369.520004489983,-10.309633860073365,nan,nan,4,0.0,0.0,0.0,0.0,1.0,0.0,0.0,3.0,3.0,0.0,0.0,1.0,600.0,-10.309633860073365
1508,3088384,-0.0024342287487039965,0.43455193638801576,4.2451539198557535,0.003629842410252119,0.03658854166666667,0.5168484037121137,-0.07524624466896057,0.6724116206169128,1.0,0.000133227264,0.004440908799999999,-0.0037919236347079277,0.9962171316146851,5,30,False,0.008157933130860329,445.9309650857753,4418.43298366532,771.2597926042363,175.79927130691067,1369.520004489983,-10.290326352550133,nan,nan,3,0.0,0.0,0.0,0.0,1.0,0.0,0.0,3.0,3.0,0.0,0.0,1.0,600.0,-10.290326352550133
1509,3090432,-0.0011798035819083452,0.3425003945827484,4.245974683761597,0.0028628267367215208,0.023046875,0.4710731397072474,-0.04362840577960014,0.6020698547363281,1.0,0.000133116672,0.0044372223999999995,-0.003433237550780177,0.9965741038322449,5,30,False,0.005341758020222187,445.9669389813452,4421.71607890226,771.7429342151736,175.9134690499195,1369.520004489983,-10.166384406350772,nan,nan,4,0.0,0.0,0.0,0.0,1.0,0.0,0.0,3.0,3.0,0.0,0.0,1.0,600.0,-10.166384406350772
1510,3092480,-0.0033801239915192127,0.17698944509029388,4.247818978627523,0.004786070414896434,0.05358072916666667,0.5108066886663437,-0.03802536427974701,0.4374716579914093,1.0,0.00013300608,0.004433535999999999,-0.002413347363471985,0.9975908994674683,5,30,False,0.01062929816544056,446.00157588728416,4424.952088560327,772.2804176431091,176.03375572591904,1369.520004489983,-10.193185705437827,nan,nan,4,0.0,0.0,0.0,0.0,1.0,0.0,0.0,3.0,2.5,0.0,0.0,1.0,600.0,-10.193185705437827
1511,3094528,-0.002549294956649343,0.33751009255647657,4.252017227808635,0.004334987816400826,0.050944010416666664,0.48250113129615785,-0.021336298435926437,0.5941346883773804,1.0,0.000132895488,0.0044298496,-0.001114011276513338,0.9988878965377808,5,30,False,0.011089125648140907,446.03889164258226,4428.235674430471,772.7464607099828,176.1485907179158,1369.520004489983,-10.068765435318179,nan,nan,3,0.0,0.0,0.0,0.0,1.0,0.0,0.0,3.0,3.0,0.0,0.0,1.0,600.0,-10.068765435318179
1512,3096576,-0.0017520892744263014,0.0679563133046031,4.253230428695678,0.0018385928958499183,0.012109375,0.4580254753430684,0.07147422432899475,0.273057758808136,1.0,0.00013278489600000002,0.0044261632,-0.001528644235804677,0.9984742403030396,5,30,False,0.0036715203896164894,446.0737913021074,4431.541356266316,773.2272360659408,176.26565723391832,1369.520004489983,-10.343590926771867,nan,nan,2,0.0,0.0,0.0,0.0,1.0,0.0,0.0,3.0,3.0,0.0,0.0,1.0,600.0,-10.343590926771867
1513,3098624,-0.002104504111533364,0.27411567270755766,4.252369372049968,0.003154292037167276,0.022005208333333335,0.4134201506773631,-0.006811001803725958,0.540296733379364,1.0,0.000132674304,0.0044224768,-0.001144368201494217,0.998856782913208,5,30,False,0.005982622038573027,446.1078376587932,4434.873835115373,773.6793587627762,176.39382445490628,1369.520004489983,-10.338755952989837,nan,nan,3,0.0,0.0,0.0,0.0,1.0,0.0,0.0,3.0,2.3333333333333335,0.0,0.0,1.0,600.0,-10.338755952989837
1514,3100672,-0.001989594893530011,0.2315964862704277,4.253157138824463,0.004079421227409815,0.04192708333333333,0.5420813803871473,0.09125691652297974,0.4965047240257263,1.0,0.000132563712,0.0044187904,-0.00149727170355618,0.9985045790672302,5,30,False,0.00955730676651001,446.13772154574883,4438.1857212523755,774.2142073017749,176.5050294389075,1369.520004489983,-10.339706297326483,nan,nan,60,0.0,0.0,0.0,0.0,1.0,0.0,0.21666666666666667,2.783333333333333,2.8,0.0,nan,1.0,600.0,nan
1515,3102720,-0.0017830195991943279,0.11903010234236718,4.2525156815846765,0.0023233529820572583,0.017545572916666665,0.39192216793696083,0.17405472695827484,0.342155784368515,1.0,0.00013245312000000002,0.0044151039999999996,-0.0012673669261857867,0.9987342357635498,5,30,False,0.005263227038085461,441.67292153926024,4441.4676129772415,774.6192602868396,176.6125361429149,1440.476276396992,-10.347090376174796,nan,nan,3,0.0,0.0,0.0,0.0,1.0,0.0,0.0,3.0,1.6666666666666667,0.0,0.0,1.0,600.0,-10.347090376174796
1516,3104768,-0.0019606806881104907,0.17094349563121797,4.252847051620483,0.002633231734701743,0.0244140625,0.4754635453224182,0.04275061935186386,0.42878684401512146,1.0,0.000132342528,0.004411417599999999,-0.0015039535937830806,0.9984973669052124,5,30,False,0.008314751088619232,441.69394147249506,4445.019510563274,775.0959223199607,176.7369507309195,1440.476276396992,-10.227746127679211,nan,nan,4,0.0,0.0,0.0,0.0,1.0,0.0,0.0,3.0,2.5,0.0,0.0,1.0,600.0,-10.227746127679211
1517,3106816,-0.0018372414633631706,0.20791248083114625,4.253147665659586,0.0033417819484990712,0.027897135416666666,0.4257643381754557,-0.038908734917640686,0.4810943603515625,1.0,0.00013223193600000002,0.0044077312,-0.000725280842743814,0.9992750883102417,5,30,False,0.005233616568148136,441.725596481811,4448.449668875372,775.5455420859653,176.8410316529189,1440.476276396992,-10.077920211371293,nan,nan,4,0.0,0.0,0.0,0.0,1.0,0.0,0.0,3.0,2.5,0.0,0.0,1.0,600.0,-10.077920211371293
1518,3108864,-0.002192485767106215,0.11975821405649185,4.255712350209554,0.004084407708918055,0.0349609375,0.5010306487480799,0.02663879469037056,0.3612879812717438,1.0,0.000132121344,0.0044040448,-0.00021937629207968712,0.9997806549072266,5,30,False,0.005695062689483166,441.7673915216422,4451.659298623403,776.0219977600063,176.9784686199273,1440.476276396992,-10.317309984284142,nan,nan,3,0.0,0.0,0.0,0.0,1.0,0.0,0.0,3.0,3.0,0.0,0.0,1.0,600.0,-10.317309984284142
1519,3110912,-0.0022591010589773455,1.8287237763404847,4.256538899739583,0.004015888793635658,0.04044599616900087,0.424643108745416,-0.16687071323394775,1.3708430528640747,0.99169921875,0.000132010752,0.004400358399999999,-2.603074608487077e-05,0.9999740123748779,5,30,False,0.007153527811169624,441.80554188080043,4454.935083680379,776.4987580049492,177.09917502991448,1440.476276396992,-10.236899989327242,nan,nan,2,0.0,0.0,0.0,0.0,1.0,0.0,0.0,3.0,3.0,0.0,0.0,1.0,600.0,-10.236899989327242
1520,3112960,-0.0029718236803698045,0.08288281224668026,4.25643957455953,0.003101267889543398,0.024856984079815448,0.4945186952749888,0.13929040729999542,0.27169865369796753,0.994140625,0.00013190016,0.004396671999999999,-0.00044844229705631733,0.9995518922805786,5,30,False,0.006606597453355789,441.8308103448718,4458.419378409468,776.9765415829752,177.22412553991308,1440.476276396992,-16.856502177646764,nan,nan,3,0.0,0.0,0.0,0.0,1.0,0.0,0.3333333333333333,2.6666666666666665,2.3333333333333335,0.0,0.0,1.0,600.0,-16.856502177646764
1521,3115008,-0.0025316039507742973,1.4400057196617126,4.25484873453776,0.0033479429389356627,0.029970690600263576,0.4556308190027873,-0.20969286561012268,1.2496122121810913,0.9713541666666666,0.000131789568,0.004392985599999999,-0.0008233473054133356,0.9991774559020996,5,30,False,0.006684861145913601,441.86816719594344,4461.634945559679,777.5162536100543,177.3462505969219,1440.476276396992,-10.28618926965214,nan,nan,5,0.0,0.0,0.0,0.0,1.0,0.0,0.0,3.0,2.6,0.0,0.0,1.0,600.0,-10.28618926965214
1522,3117056,-0.0033010947168804704,0.3448858022689819,4.254426685969035,0.0038714529102793125,0.041198592244957886,0.5302361061175664,0.005197940859943628,0.6001140475273132,0.9583333333333334,0.00013167897599999998,0.004389299199999999,-0.000721908058039844,0.999278724193573,5,30,False,0.0074005709029734135,441.9138641891221,4464.763107873616,778.0027040621353,177.48714201092662,1440.476276396992,-10.199029690826743,nan,nan,3,0.0,0.0,0.0,0.0,1.0,0.0,0.0,3.0,3.0,0.0,0.0,1.0,600.0,-10.199029690826743
1523,3119104,-0.003132355643901974,0.17682886272668838,4.254663674036662,0.0036521076397238042,0.03277991671736042,0.42911539872487386,0.08664313703775406,0.4231931269168854,0.9833984375,0.00013156838400000002,0.0043856128,-0.0008465285645797849,0.9991545677185059,5,30,False,0.00613433076068759,441.94367343249326,4468.109037510425,778.5219186660688,177.61025029493612,1440.476276396992,-15.356465487519017,nan,nan,4,0.0,0.0,0.0,0.0,1.0,0.0,0.25,2.75,2.0,0.0,0.0,1.0,600.0,-15.356465487519017
1524,3121152,-0.001797569872966657,1.81847984790802,4.252661101023356,0.003542127060965091,0.03084453372672821,0.5274317706624667,-0.18111272156238556,1.3751897811889648,0.9772135416666666,0.000131457792,0.0043819264,-0.002085742074996233,0.9979175925254822,5,30,False,0.007138943765312433,441.963992431612,4471.616417460318,779.0438407780312,177.72447889792966,1440.476276396992,-15.325970989624011,nan,nan,4,0.0,0.0,0.0,0.0,1.0,0.0,0.25,2.75,2.0,0.0,0.0,1.0,600.0,-15.325970989624011
1525,3123200,-0.0019680646558602652,0.14872701540589334,4.249497429529826,0.00443786034011282,0.0390625,0.5284780606627464,0.152944415807724,0.38210317492485046,1.0,0.00013134720000000002,0.004378239999999999,-0.002636620309203863,0.997367799282074,5,30,False,0.009562205523252487,442.00713723689626,4474.804390080288,779.5314576310047,177.83516548092302,1440.476276396992,-10.083850605475618,nan,nan,3,0.0,0.0,0.0,0.0,1.0,0.0,0.0,3.0,2.3333333333333335,0.0,0.0,1.0,600.0,-10.083850605475618
1526,3125248,-0.002111186026983584,1.7457401037216187,4.249234819412232,0.004007636400722466,0.042530096345581116,0.39602635155121485,-0.08144134283065796,1.3873839378356934,0.9664713541666666,0.000131236608,0.0043745536,-0.0022242169361561537,0.9977788925170898,5,30,False,0.007730487734079361,442.0486044694497,4478.05520974331,779.9881155820767,177.9543529649236,1440.476276396992,-10.433615382542484,nan,nan,2,0.0,0.0,0.0,0.0,1.0,0.0,0.0,3.0,3.0,0.0,0.0,1.0,600.0,-10.433615382542484
1527,3127296,-0.0021568987576756626,0.28122778236866,4.25067728360494,0.0018796204390575018,0.014111688073414067,0.4277545501788457,0.07177593559026718,0.5509853363037109,0.9583333333333334,0.000131126016,0.0043708672,-0.0020715435966849327,0.9979324340820312,5,30,False,0.005565345752984285,442.1046004625766,4481.015977348245,780.499013006076,178.07194112191792,1440.476276396992,-10.310671769924133,nan,nan,3,0.0,0.0,0.0,0.0,1.0,0.0,0.0,3.0,1.6666666666666667,0.0,0.0,1.0,600.0,-10.310671769924133
1528,3129344,-0.0024219190158570806,0.46543542146682737,4.250986735026042,0.002257387308877886,0.019708030259547135,0.4684209962685903,0.018371036276221275,0.6968768835067749,0.986328125,0.000131015424,0.004367180799999999,-0.0017528689932078123,0.9982507228851318,5,30,False,0.005618217401206493,442.14044917383444,4484.350393767309,780.9407196860411,178.2007290329202,1440.476276396992,-14.289445069056228,nan,nan,5,0.0,0.0,0.0,0.0,1.0,0.0,0.2,2.8,1.8,0.0,0.0,1.0,600.0,-14.289445069056228
1529,3131392,-0.0023153034194062154,0.19804138988256453,4.251180775960287,0.003713651213911362,0.03994140625,0.48592066566149394,0.07331757247447968,0.48339521884918213,1.0,0.000130904832,0.004363494399999999,-0.002153080888092518,0.9978520274162292,5,30,False,0.007721350993961096,442.17587578499587,4487.702536483193,781.3890774200117,178.31527466092666,1440.476276396992,-10.173501326715117,nan,nan,3,0.0,0.0,0.0,0.0,1.0,0.0,0.0,3.0,2.3333333333333335,0.0,0.0,1.0,600.0,-10.173501326715117
1530,3133440,-0.002552844190116351,1.5521607995033264,4.250962018966675,0.0049000867160325845,0.05653677734856804,0.43379865139722823,-0.09787264466285706,1.277448296546936,0.9876302083333334,0.00013079424,0.004359808,-0.0013962270459160209,0.9986057281494141,5,30,False,0.009780737571418285,442.211451822433,4491.027146612221,781.8586863140517,178.43805621193314,1440.476276396992,-10.178123272449284,nan,nan,4,0.0,0.0,0.0,0.0,1.0,0.0,0.0,3.0,2.0,0.0,0.0,1.0,600.0,-10.178123272449284
1531,3135488,-0.0012117206264520065,1.2835224211215972,4.253403441111247,0.0031345164970869514,0.028671267675235868,0.44738093862930933,-0.11728082597255707,1.1933859586715698,0.9186197916666666,0.000130683648,0.0043561215999999995,-0.001047116587869823,0.9989539980888367,5,30,False,0.006316909100860357,442.2711176826946,4493.9966650572605,782.30912441088,178.54571560992918,1440.476276396992,-10.349479853241064,nan,nan,4,0.0,0.0,0.0,0.0,1.0,0.0,0.0,3.0,2.0,0.0,0.0,1.0,600.0,-10.349479853241064
1532,3137536,-0.002740885107778013,0.09879029914736748,4.2538490454355875,0.004306102775045536,0.04511636907700449,0.47457017600536344,0.14086602628231049,0.3378448486328125,0.9256184895833334,0.000130573056,0.004352435199999999,-0.0008667767397128046,0.9991339445114136,5,30,False,0.007524612359702587,442.3249743099252,4497.02519487316,782.7801257199026,178.67013802392466,1440.476276396992,-20.315749154950026,nan,nan,2,0.0,0.0,0.0,0.0,1.0,0.0,0.5,2.5,2.0,0.0,0.0,1.0,600.0,-20.315749154950026
1533,3139584,-0.0025122421017537513,0.11114831864833832,4.254080390930175,0.0021800430081510076,0.016382491526504356,0.5196006218592326,0.1684085577726364,0.34945324063301086,0.9951171875,0.000130462464,0.004348748799999999,-0.001234223716892302,0.9987677335739136,5,30,False,0.005813283380120993,442.3462839575034,4500.609025524158,783.2311303637689,178.77656205493258,1440.476276396992,-16.823007220628217,nan,nan,3,0.0,0.0,0.0,0.0,1.0,0.0,0.3333333333333333,2.6666666666666665,2.3333333333333335,0.0,0.0,1.0,600.0,-16.823007220628217
1534,3141632,-0.0033287412176529565,0.2504833072423935,4.252450784047444,0.004938665868636841,0.05615234375,0.49231964647769927,0.06167645752429962,0.5138027667999268,1.0,0.00013035187200000003,0.0043450624,-0.0014383397065103054,0.9985642433166504,5,30,False,0.009219076484441757,442.372224196331,4504.076438254051,783.7061166777276,178.89555110193032,1440.476276396992,-10.32455336819597,nan,nan,3,0.0,0.0,0.0,0.0,1.0,0.0,0.0,3.0,3.0,0.0,0.0,1.0,600.0,-10.32455336819597
1535,3143680,-0.002883111995955308,0.4210491716861725,4.252904669443766,0.003548866423079744,0.0349609375,0.5028203909595808,-0.02307732030749321,0.6825276017189026,1.0,0.00013024128,0.004341376,-0.0012241923250257969,0.9987775683403015,5,30,False,0.006675333715975285,442.408884201503,4507.411623510168,784.1498003857123,179.0089172799344,1440.476276396992,-10.143209029050922,nan,nan,5,0.0,0.0,0.0,0.0,1.0,0.0,0.0,3.0,3.0,0.0,0.0,1.0,600.0,-10.143209029050922
1536,3145728,-0.0024219706499328214,0.18440279811620713,4.253462998072306,0.003952990272470439,0.038313802083333334,0.5080741683642069,0.06416234374046326,0.44836708903312683,1.0,0.00013013068800000002,0.0043376896,-0.0009591555572114885,0.9990416765213013,5,30,False,0.00648221792653203,442.4151571655364,4511.209044878036,784.6121802497801,179.13430917392543,1440.476276396992,-10.24040014443282,nan,nan,3,0.0,0.0,0.0,0.0,1.0,0.0,0.0,3.0,2.3333333333333335,0.0,0.0,1.0,600.0,-10.24040014443282
1537,3147776,-0.0025342737945417563,0.33716063797473905,4.255101998647054,0.0040273927443195134,0.04248046875,0.4735785494248072,0.05915100872516632,0.5949606895446777,1.0,0.000130020096,0.0043340031999999995,-0.0002794847823679447,0.9997206926345825,5,30,False,0.006727288477122784,442.4354589799137,4514.813717808036,785.052830973771,179.24950403893308,1440.476276396992,-10.254845973658576,nan,nan,4,0.0,0.0,0.0,0.0,1.0,0.0,0.0,3.0,3.0,0.0,0.0,1.0,600.0,-10.254845973658576
1538,3149824,-0.0022965321317315102,0.20863056629896165,4.25493958791097,0.003990793534709761,0.035807291666666664,0.4882874806722005,0.057915233075618744,0.4679517447948456,1.0,0.000129909504,0.004330316799999999,-0.001387323602102697,0.9986140131950378,5,30,False,0.007153453771024942,442.4720267010634,4518.173556510024,785.4920055008406,179.3532174689317,1440.476276396992,-10.374304331269741,nan,nan,4,0.0,0.0,0.0,0.0,1.0,0.0,0.0,3.0,3.0,0.0,0.0,1.0,600.0,-10.374304331269741
1539,3151872,-0.0020524101098999383,0.21610049158334732,4.251662000020345,0.0038196165104939913,0.034765625,0.4641940434773763,0.010429223999381065,0.48748546838760376,1.0,0.000129798912,0.0043266304,-0.0017756115412339568,0.9982266426086426,5,30,False,0.006460146978497505,442.52365995230315,4521.259552382908,785.9424661718949,179.4643535769428,1440.476276396992,-10.295386125553705,nan,nan,2,0.0,0.0,0.0,0.0,1.0,0.0,0.0,3.0,3.0,0.0,0.0,1.0,600.0,-10.295386125553705
1540,3153920,-0.0022483248884479206,0.2384043663740158,4.252192703882853,0.0032678212388418614,0.032421875,0.46039596597353616,-0.07232296466827393,0.4947417974472046,1.0,0.00012968832,0.004322944,-0.0012656317558139563,0.9987359046936035,5,30,False,0.008561953902244568,442.5768999889001,4524.278136255773,786.4182977868477,179.5951186449529,1440.476276396992,-10.340744532456787,nan,nan,3,0.0,0.0,0.0,0.0,1.0,0.0,0.0,3.0,3.0,0.0,0.0,1.0,600.0,-10.340744532456787
1541,3155968,-0.003337374438221256,0.14177009761333464,4.2529265721639,0.0030441575897081443,0.02412109375,0.4448309034109116,0.010971814393997192,0.40028733015060425,1.0,0.000129577728,0.004319257599999999,-0.0014859994407743216,0.9985156059265137,5,30,False,0.005832629278302193,442.6438975766432,4527.1199959545775,786.8736118169181,179.70925192294817,1440.476276396992,-10.310114508494129,nan,nan,3,0.0,0.0,0.0,0.0,1.0,0.0,0.0,3.0,2.3333333333333335,0.0,0.0,1.0,600.0,-10.310114508494129
1542,3158016,-0.001947804478307565,0.6188260674476623,4.251067622502645,0.0027845820877701044,0.022005208333333335,0.5021199236313502,-0.08634539693593979,0.7953516840934753,1.0,0.000129467136,0.004315571199999999,-0.002467731013894081,0.9975360631942749,5,30,False,0.005236321594566107,442.6823366316936,4530.451732619564,787.288813233783,179.8355507049564,1440.476276396992,-10.183157941471654,nan,nan,5,0.0,0.0,0.0,0.0,1.0,0.0,0.0,3.0,2.6,0.0,0.0,1.0,600.0,-10.183157941471654
1543,3160064,-0.002794949555148681,0.12813755497336388,4.249468851089477,0.003728140213449175,0.037923177083333336,0.47407945891221365,0.07245554029941559,0.4057827293872833,1.0,0.000129356544,0.004311884799999999,-0.0021410451736301184,0.9978618621826172,5,30,False,0.006317335180938244,442.7333174335158,4533.589957877528,787.7081367798237,179.94883800695243,1440.476276396992,-10.245423825730692,nan,nan,3,0.0,0.0,0.0,0.0,1.0,0.0,0.0,3.0,2.3333333333333335,0.0,0.0,1.0,600.0,-10.245423825730692
1544,3162112,-0.0016491903613011043,0.2637107834219933,4.251481914520264,0.00308678067716149,0.028515625,0.5320921237270038,-0.05962409824132919,0.5272684693336487,1.0,0.000129245952,0.004308198399999999,-0.001540130004286766,0.9984622001647949,5,30,False,0.007110348902642727,442.77720512469205,4536.852727492485,788.1329443039722,180.04844280895486,1440.476276396992,-10.268953012756821,nan,nan,4,0.0,0.0,0.0,0.0,1.0,0.0,0.0,3.0,3.0,0.0,0.0,1.0,600.0,-10.268953012756821
1545,3164160,-0.001823571960752209,0.1449498638510704,4.251768239339193,0.004039405928536629,0.042220052083333334,0.5021192520856858,0.04337897524237633,0.40322333574295044,1.0,0.00012913536000000003,0.004304512,-0.0018817572854459286,0.9981235861778259,5,30,False,0.0085776811465621,442.82267220256136,4540.026226314541,788.5919272490282,180.17111053396366,1440.476276396992,-10.363450375317674,nan,nan,3,0.0,0.0,0.0,0.0,1.0,0.0,0.0,3.0,2.3333333333333335,0.0,0.0,1.0,600.0,-10.363450375317674
1546,3166208,-0.0026030327503879865,0.15940669924020767,4.25145681699117,0.003191818380340313,0.025325520833333334,0.41613667955001193,0.0828007161617279,0.4225088059902191,1.0,0.000129024768,0.0043008256,-0.0015740173403173685,0.998429000377655,5,30,False,0.0056455666199326515,442.8815018001496,4542.931252938535,789.092190061856,180.29738821196952,1440.476276396992,-10.269411098347822,nan,nan,3,0.0,0.0,0.0,0.0,1.0,0.0,0.0,3.0,1.6666666666666667,0.0,0.0,1.0,600.0,-10.269411098347822
1547,3168256,-0.002583052140350143,0.12150264382362366,4.2522626399993895,0.004188332330280294,0.041796875,0.5195709109306336,0.036710262298583984,0.36733734607696533,1.0,0.00012891417600000002,0.0042971392,-0.0015894052339717746,0.998412013053894,5,30,False,0.007626038510352373,442.93079316496824,4545.9567576267,789.6106859897991,180.43422653396556,1440.476276396992,-10.34088585472758,nan,nan,3,0.0,0.0,0.0,0.0,1.0,0.0,0.0,3.0,2.3333333333333335,0.0,0.0,1.0,600.0,-10.34088585472758
1548,3170304,-0.00198675817809999,0.24238664358854295,4.252754227320353,0.0029048199105697376,0.02421875,0.4976069872577985,-0.056694697588682175,0.5150282382965088,1.0,0.000128803584,0.0042934528,-0.0008364670793525875,0.9991639852523804,5,30,False,0.006694297306239605,442.9644593874404,4549.195713483583,790.1592815877375,180.58565843195538,1440.476276396992,-10.210859027772585,nan,nan,3,0.0,0.0,0.0,0.0,1.0,0.0,0.0,3.0,2.3333333333333335,0.0,0.0,1.0,600.0,-10.210859027772585
1549,3172352,-0.0033651070669293405,0.11872488930821419,4.254426844914755,0.00457517024090824,0.0498046875,0.5510551686088244,0.02152356505393982,0.3649730086326599,1.0,0.00012869299200000001,0.0042897664,-0.0008541310089640319,0.9991464614868164,5,30,False,0.009176434949040413,443.023203725491,4552.22154283672,790.582467171771,180.68165690694877,1440.476276396992,-10.240526137131383,nan,nan,4,0.0,0.0,0.0,0.0,1.0,0.0,0.0,3.0,3.0,0.0,0.0,1.0,600.0,-10.240526137131383
1550,3174400,-0.00130776913332132,1.6908555567264556,4.254403829574585,0.001801044637884767,0.012314779264852405,0.4987718050678571,-0.002648083260282874,1.3573641777038574,0.9703776041666666,0.0001285824,0.004286079999999999,-0.0006881893496029079,0.999312162399292,5,30,False,0.004679187200963497,443.0929156117836,4555.072624642809,790.9946628506295,180.79249768595037,1440.476276396992,-10.2274232627517,nan,nan,4,0.0,0.0,0.0,0.0,1.0,0.0,0.0,3.0,2.5,0.0,0.0,1.0,600.0,-10.2274232627517
1551,3176448,-0.003206186283690234,0.18142945617437362,4.2545103708903,0.003887719053078816,0.03803879548019419,0.5855412115653356,0.10552577674388885,0.42788299918174744,0.9583333333333334,0.000128471808,0.004282393599999999,-0.0008463580161333084,0.9991542100906372,5,30,False,0.009223566390573978,443.1472198515658,4558.076510878775,791.4774755547842,180.89890170894796,1440.476276396992,-10.347323116264306,nan,nan,4,0.0,0.0,0.0,0.0,1.0,0.0,0.0,3.0,2.0,0.0,0.0,1.0,600.0,-10.347323116264306
1552,3178496,-0.0034671037108637394,1.6309050798416138,4.2548924287160235,0.005411440523206324,0.06381584490494181,0.47251741935809455,-0.02461645007133484,1.3214424848556519,0.97314453125,0.000128361216,0.0042787072,-0.0003543241764418781,0.9996458888053894,5,30,False,0.009024848230183125,443.201096932484,4561.10402811371,791.9562801127613,181.0132045539358,1440.476276396992,-23.668178754362696,nan,nan,3,0.0,0.0,0.0,0.0,1.0,0.0,0.6666666666666666,2.3333333333333335,3.0,0.0,0.0,1.0,600.0,-23.668178754362696
1553,3180544,-0.003455387257660429,0.19859694540500641,4.256482934951782,0.0040380168647971,0.040364583333333336,0.480084136625131,-0.018662113696336746,0.4533116817474365,1.0,0.000128250624,0.0042750207999999994,-2.015800419030711e-06,0.9999980330467224,5,30,False,0.006996648386120796,443.25176380625044,4564.181448079835,792.4298224007798,181.12084370893717,1440.476276396992,-10.31883272682171,nan,nan,3,0.0,0.0,0.0,0.0,1.0,0.0,0.0,3.0,2.3333333333333335,0.0,0.0,1.0,600.0,-10.31883272682171
1554,3182592,-0.004755249138300618,0.3870400726795197,4.256557099024454,0.006140760384732857,0.07552083333333333,0.40129953920841216,-0.0872923731803894,0.6494967937469482,1.0,0.00012814003199999998,0.004271334399999999,-0.0001722777815302834,0.9998278021812439,5,30,False,0.010507242754101753,443.3112295581403,4567.212966718973,792.8219501086714,181.22748931794195,1440.476276396992,-10.327084147157924,nan,nan,3,0.0,0.0,0.0,0.0,1.0,0.0,0.0,3.0,2.3333333333333335,0.0,0.0,1.0,600.0,-10.327084147157924
1555,3184640,-0.0024606364779174326,0.5256772249937057,4.25620239575704,0.004067854369835307,0.044270833333333336,0.5260674307743708,-0.06478358805179596,0.729943037033081,1.0,0.00012802944,0.004267647999999999,-0.0003521600447129458,0.9996479749679565,5,30,False,0.008167577907443047,443.35295077266517,4570.4573000750825,793.2663076117315,181.3461057159293,1440.476276396992,-10.26356466092208,nan,nan,3,0.0,0.0,0.0,0.0,1.0,0.0,0.0,3.0,1.6666666666666667,0.0,0.0,1.0,600.0,-10.26356466092208
1556,3186688,-0.0019767419745524723,0.32337861955165864,4.2555120627085365,0.00341675565772069,0.030045572916666666,0.5388084461291631,-0.026010414585471153,0.6147584915161133,1.0,0.00012791884800000003,0.0042639616,-0.0005241868202574551,0.9994761943817139,5,30,False,0.005890347994863987,443.3888295728669,4573.7888439101225,793.7157971446286,181.4505636759277,1440.476276396992,-10.280724849501894,nan,nan,4,0.0,0.0,0.0,0.0,1.0,0.0,0.0,3.0,2.5,0.0,0.0,1.0,600.0,-10.280724849501894
1557,3188736,-0.0030641546783347923,0.21859603226184846,4.255506134033203,0.0030793805335027477,0.028092447916666666,0.40770467519760134,-0.07093310356140137,0.4712085425853729,1.0,0.00012780825600000001,0.0042602752,-0.00036349528818391263,0.9996366500854492,5,30,False,0.004831728059798479,443.4565870320267,4576.632853635165,794.1433182677865,181.56300423693028,1440.476276396992,-10.301551913526055,nan,nan,4,0.0,0.0,0.0,0.0,1.0,0.0,0.0,3.0,2.5,0.0,0.0,1.0,600.0,-10.301551913526055
1558,3190784,-0.0035870909535636506,0.2197008326649666,4.255688794453939,0.00484730785440964,0.05960286458333333,0.44103810340166094,-0.0507761649787426,0.4840662181377411,1.0,0.00012769766400000002,0.0042565888,-0.0003768719907384366,0.9996232986450195,5,30,False,0.010073622688651085,443.5070412677389,4579.7919427430315,794.5406742817577,181.66646379293525,1440.476276396992,-10.293621747267025,nan,nan,4,0.0,0.0,0.0,0.0,1.0,0.0,0.0,3.0,2.0,0.0,0.0,1.0,600.0,-10.293621747267025
1559,3192832,-0.002315153367817402,0.19437507688999175,4.255251550674439,0.003979943421048422,0.03603515625,0.46838553498188656,0.14691706001758575,0.4754031002521515,1.0,0.000127587072,0.0042529023999999995,-0.000809832476079464,0.9991906881332397,5,30,False,0.006586926057934761,443.55592105998414,4582.950864912913,794.9661505298718,181.76771232993633,1440.476276396992,-10.401342763133774,nan,nan,3,0.0,0.0,0.0,0.0,1.0,0.0,0.0,3.0,1.6666666666666667,0.0,0.0,1.0,600.0,-10.401342763133774
1560,3194880,-0.0029482521737615266,0.14035793170332908,4.253021860122681,0.0030082840356044473,0.024283854166666667,0.4692830989758174,0.003923415206372738,0.38322198390960693,1.0,0.00012747648000000002,0.004249215999999999,-0.0017788198310881853,0.9982234835624695,5,30,False,0.005169367417693138,443.6003134843385,4586.192314465006,795.3932062958047,181.86781596693618,1440.476276396992,-10.201439739585643,nan,nan,3,0.0,0.0,0.0,0.0,1.0,0.0,0.0,3.0,3.0,0.0,0.0,1.0,600.0,-10.201439739585643
1561,3196928,-0.00137036240970095,0.1045477956533432,4.250304746627807,0.0032527477170030275,0.03209635416666667,0.4525891274213791,0.04047832638025284,0.33673974871635437,1.0,0.000127365888,0.0042455296,-0.002693365328013897,0.9973123073577881,5,30,False,0.006310252007097006,443.65576440862947,4589.2438293918385,795.8266123348149,181.96586118194682,1440.476276396992,-10.184211277797354,nan,nan,3,0.0,0.0,0.0,0.0,1.0,0.0,0.0,3.0,3.0,0.0,0.0,1.0,600.0,-10.184211277797354
1562,3198976,-0.0008017522569086093,1.7611776828765868,4.246696710586548,0.002561616634524455,0.022305474108240256,0.5805881654222806,-0.14723770320415497,1.3557904958724976,0.9951171875,0.000127255296,0.0042418431999999996,-0.003954509273171425,0.9960565567016602,5,30,False,0.005966473836451769,443.72758475989696,4592.063623589871,796.2324644457403,182.06503901895485,1440.476276396992,-16.840562377620927,nan,nan,3,0.0,0.0,0.0,0.0,1.0,0.0,0.3333333333333333,2.6666666666666665,2.3333333333333335,0.0,0.0,1.0,600.0,-16.840562377620927
1563,3201024,-0.0024874904037763676,0.2298959642648697,4.244380648930868,0.0028068099229130892,0.020084635416666666,0.42124662299950916,0.026499133557081223,0.5086100101470947,1.0,0.000127144704,0.004238156799999999,-0.004002926871180534,0.9960097670555115,5,30,False,0.0045296684838831425,443.79978008041127,4594.813241779659,796.6801146488433,182.17951863494818,1440.476276396992,-10.368946043701726,nan,nan,60,0.0,0.0,0.0,0.0,1.0,0.0,0.13333333333333333,2.816666666666667,2.6,0.05,nan,0.9833333333333333,599.85,nan
1564,3203072,-0.0019019482967754205,0.12395839989185334,4.245882638295492,0.00284505583695136,0.02900390625,0.410977903008461,0.018358353525400162,0.3686807453632355,1.0,0.000127034112,0.004234470399999999,-0.0034787084441632032,0.9965329170227051,5,30,False,0.0060537876561284065,439.83292811903505,4597.836545637547,797.1660629099497,182.28551934394636,1506.4162678269931,-10.288276990746454,nan,nan,4,0.0,0.0,0.0,0.0,1.0,0.0,0.0,3.0,1.5,0.0,0.0,1.0,600.0,-10.288276990746454
1565,3205120,-0.0010131666902452707,0.2474234491586685,4.24682936668396,0.002936069038696587,0.023111979166666668,0.4532447218894958,0.05733763426542282,0.5211566090583801,1.0,0.00012692352,0.004230784,-0.0030808073934167624,0.9969271421432495,5,30,False,0.006158085539937019,439.86123413894785,4601.262238158626,797.6770325310354,182.3934497719456,1506.4162678269931,-10.202550918221505,nan,nan,4,0.0,0.0,0.0,0.0,1.0,0.0,0.0,3.0,2.5,0.0,0.0,1.0,600.0,-10.202550918221505
1566,3207168,-0.0015029716615875563,0.10717814341187477,4.248451964060465,0.002608523490683486,0.022005208333333335,0.528860496977965,0.1542249321937561,0.3499470055103302,1.0,0.000126812928,0.004227097599999999,-0.0024395426735281944,0.9975653886795044,5,30,False,0.006478731520473957,439.90939941482986,4604.368810093467,798.1949640040548,182.490145654956,1506.4162678269931,-10.37455351630706,nan,nan,2,0.0,0.0,0.0,0.0,1.0,0.0,0.0,3.0,3.0,0.0,0.0,1.0,600.0,-10.37455351630706
1567,3209216,-0.0024364132899791003,0.3434071719646454,4.24981689453125,0.003946665567733969,0.04007161458333333,0.5598651458819707,0.07429629564285278,0.586391806602478,1.0,0.00012670233600000003,0.0042234112,-0.002295787213370204,0.9977089166641235,5,30,False,0.007907601073384285,439.95355228547646,4607.5264964534,798.7225713631051,182.58217572396097,1506.4162678269931,-10.361132366971106,nan,nan,4,0.0,0.0,0.0,0.0,1.0,0.0,0.0,3.0,2.5,0.0,0.0,1.0,600.0,-10.361132366971106
1568,3211264,-0.0033858551799009246,0.08995323702692985,4.250325473149617,0.004099400729561845,0.04443359375,0.5367952227592468,0.03366953507065773,0.30975541472435,1.0,0.00012659174400000002,0.0042197248,-0.0018890462815761566,0.9981141090393066,5,30,False,0.008417358621954918,439.99834460375223,4610.730590867563,799.195536501109,182.6831595099502,1506.4162678269931,-10.275890133467328,nan,nan,3,0.0,0.0,0.0,0.0,1.0,0.0,0.0,3.0,2.3333333333333335,0.0,0.0,1.0,600.0,-10.275890133467328
1569,3213312,-0.0027508278687795,0.13505719229578972,4.250703414281209,0.003727758883420999,0.03916015625,0.6171361565589905,-0.02723018079996109,0.37717461585998535,1.0,0.00012648115200000003,0.0042160384,-0.002496957778930664,0.9975067973136902,5,30,False,0.010222123004496098,440.0358305370526,4613.984670208709,799.7119752530707,182.79794899895205,1506.4162678269931,-10.356942029610764,nan,nan,3,0.0,0.0,0.0,0.0,1.0,0.0,0.0,3.0,3.0,0.0,0.0,1.0,600.0,-10.356942029610764
1570,3215360,-0.0016639009894182284,0.15713174343109132,4.247801113128662,0.0037690406645803404,0.03509114583333333,0.5379729509353638,0.07712538540363312,0.4108539819717407,1.0,0.00012637056,0.004212352,-0.0036113481037318707,0.996396005153656,5,30,False,0.007053071167320013,440.06766510710065,4617.409737860711,800.1692602220282,182.90509658395604,1506.4162678269931,-10.300764900672675,nan,nan,4,0.0,0.0,0.0,0.0,1.0,0.0,0.0,3.0,2.5,0.0,0.0,1.0,600.0,-10.300764900672675
1571,3217408,-0.0012629024451598525,1.7692044973373413,4.246181503931681,0.0027276892451322254,0.016220275432957957,0.429856176674366,-0.1848217099905014,1.3446004390716553,0.9853515625,0.00012625996800000002,0.0042086656,-0.0031884941272437572,0.9968189001083374,5,30,False,0.004380985628813505,440.107958834092,4620.616378156759,800.6914103440649,183.00725793094898,1506.4162678269931,-15.227152990812101,nan,nan,4,0.0,0.0,0.0,0.0,1.0,0.0,0.25,2.75,2.5,0.0,0.0,1.0,600.0,-15.227152990812101
1572,3219456,-0.0014609433555354675,0.20210191011428832,4.2494022687276205,0.003474142982546861,0.03603515625,0.5140210752685864,0.13359853625297546,0.44345709681510925,1.0,0.000126149376,0.004204979199999999,-0.0017400271026417613,0.998264491558075,5,30,False,0.006794110871851444,440.1595007645097,4623.546151778704,801.28725626909,183.120756381948,1506.4162678269931,-10.198916856261121,nan,nan,4,0.0,0.0,0.0,0.0,1.0,0.0,0.0,3.0,3.0,0.0,0.0,1.0,600.0,-10.198916856261121
1573,3221504,-0.00173651574489971,0.07612831071019173,4.252206103006999,0.0019413898194519182,0.01396484375,0.4821023836731911,0.16314591467380524,0.29075220227241516,1.0,0.000126038784,0.004201292799999999,-0.0014460425591096282,0.99855637550354,5,30,False,0.004208886995911598,440.21435650784963,4626.462308334667,801.858350726121,183.218467930943,1506.4162678269931,-10.373406551972948,nan,nan,2,0.0,0.0,0.0,0.0,1.0,0.0,0.0,3.0,2.0,0.0,0.0,1.0,600.0,-10.373406551972948
1574,3223552,-0.0018963564063597005,1.660047435760498,4.253294356664022,0.003788254939001094,0.03512265511477987,0.4325432206193606,-0.09264329820871353,1.3248040676116943,0.99267578125,0.000125928192,0.0041976064,-0.0008772287401370704,0.9991239309310913,5,30,False,0.007065045181661844,440.2769300138523,4629.248913546762,802.4225524091453,183.32178537393338,1506.4162678269931,-15.18409661592159,nan,nan,4,0.0,0.0,0.0,0.0,1.0,0.0,0.25,2.75,3.0,0.0,0.0,1.0,600.0,-15.18409661592159
1575,3225600,-0.003730582513768847,1.676871371269226,4.25491574605306,0.003941251922757753,0.039281601113422465,0.4003230700890223,-0.11843579262495041,1.2828656435012817,0.9879557291666666,0.0001258176,0.004193919999999999,-0.0003299056552350521,0.9996702671051025,5,30,False,0.010567620396614075,440.31684114244433,4632.353647582684,803.0408569470164,183.4313832339394,1506.4162678269931,-16.925845239082264,nan,nan,3,0.0,0.0,0.0,0.0,1.0,0.0,0.3333333333333333,2.6666666666666665,2.3333333333333335,0.0,0.0,1.0,600.0,-16.925845239082264
1576,3227648,-0.0008642837638035417,1.723719072341919,4.255414501825968,0.002887003774581324,0.024386463911893468,0.6160439039270084,-0.05122239142656326,1.3399966955184937,0.9969075520833334,0.000125707008,0.004190233599999999,-0.0008054644567891955,0.9991950988769531,5,30,False,0.0061719403602182865,440.36874378669745,4635.328374643781,803.6100687601283,183.53114679093414,1506.4162678269931,-10.095793354663632,nan,nan,3,0.0,0.0,0.0,0.0,1.0,0.0,0.0,3.0,3.0,0.0,0.0,1.0,600.0,-10.095793354663632
1577,3229696,-0.0020140959337974587,0.880554872751236,4.253949292500814,0.0023879869197195092,0.018900933143838,0.46832696745793023,0.05241841822862625,0.8008478283882141,0.9558919270833334,0.000125596416,0.004186547199999999,-0.0009341267286799848,0.9990665316581726,5,30,False,0.004898066632449627,440.4147944258288,4638.437613640766,804.1268889610365,183.64205132493225,1506.4162678269931,-20.26785423913998,nan,nan,4,0.0,0.0,0.0,0.0,1.0,0.0,0.5,2.5,2.5,0.0,0.0,1.0,600.0,-20.26785423913998
1578,3231744,-0.001404147455468774,0.08505017906427384,4.2538864771525065,0.0014429633622057736,0.00908203125,0.516957817475001,0.22065573930740356,0.29675763845443726,1.0,0.000125485824,0.0041828608,-0.0012390830088406801,0.9987621307373047,5,30,False,0.003540601348504424,440.4689436968791,4641.505310240958,804.5567725662695,183.74722375592683,1506.4162678269931,-10.259790242888812,nan,nan,4,0.0,0.0,0.0,0.0,1.0,0.0,0.0,3.0,3.0,0.0,0.0,1.0,600.0,-10.259790242888812
1579,3233792,-0.0017610861454159022,0.09950474873185158,4.252412684758505,0.002514894341584295,0.014713541666666666,0.47081682781378426,0.1549263745546341,0.3282506465911865,1.0,0.00012537523200000002,0.0041791744,-0.0015557765727862716,0.998447060585022,5,30,False,0.004286547657102346,440.5177475931256,4644.696888449049,804.9586805942236,183.85754229992745,1506.4162678269931,-10.260382548940129,nan,nan,4,0.0,0.0,0.0,0.0,1.0,0.0,0.0,3.0,2.5,0.0,0.0,1.0,600.0,-10.260382548940129
1580,3235840,-0.002946358344828089,1.5428616762161256,4.251989507675171,0.004101024550406388,0.04402004877726237,0.48389905045429865,-0.03863703832030296,1.2708311080932617,0.9856770833333334,0.00012526464,0.004175488,-0.0017051411559805274,0.9982976913452148,5,30,False,0.008118022233247757,440.56292656779533,4647.862194575078,805.4348005731881,183.97041162992537,1506.4162678269931,-10.285430963867157,nan,nan,2,0.0,0.0,0.0,0.0,1.0,0.0,0.0,3.0,2.0,0.0,0.0,1.0,600.0,-10.285430963867157
1581,3237888,-0.0015613290587983405,0.23379449546337128,4.251249567667643,0.002541099192794505,0.016820470367868743,0.5190284286936124,0.02249968610703945,0.46395063400268555,0.9967447916666666,0.000125154048,0.0041718015999999995,-0.0020584752783179283,0.9979438185691833,5,30,False,0.005694519262760878,440.59999531325013,4651.209970995042,805.8622974241589,184.08693808992393,1506.4162678269931,-17.057222237342405,nan,nan,3,0.0,0.0,0.0,0.0,1.0,0.0,0.3333333333333333,2.6666666666666665,3.0,0.0,0.0,1.0,600.0,-17.057222237342405
1582,3239936,-0.002337165151645119,3.5479413509368896,4.251286093393961,0.0038486365562491187,0.04477635665486256,0.5881711592276891,-0.21293066442012787,1.7665917873382568,0.9825846354166666,0.00012504345600000002,0.0041681152,-0.0013344304170459509,0.9986673593521118,5,30,False,0.009064994752407074,440.65063136602856,4654.320688065156,806.3000560650544,184.20243738792487,1506.4162678269931,-20.337254376602232,nan,nan,4,0.0,0.0,0.0,0.0,1.0,0.0,0.5,2.5,3.0,0.0,0.0,1.0,600.0,-20.337254376602232
1583,3241984,-0.0035908335431789357,0.1530895784497261,4.252711296081543,0.0028955174571213623,0.026627604166666666,0.577984576423963,0.1013447642326355,0.38173115253448486,1.0,0.000124932864,0.0041644288,-0.0015526999486610293,0.9984497427940369,5,30,False,0.007120213471353054,440.70227969862077,4657.427670280071,806.7334923940944,184.3132354849222,1506.4162678269931,-10.402006517222617,nan,nan,3,0.0,0.0,0.0,0.0,1.0,0.0,0.0,3.0,3.0,0.0,0.0,1.0,600.0,-10.402006517222617
1584,3244032,-0.0034105490582684674,0.23639875203371047,4.252731911341349,0.0041286563879111785,0.04303385416666667,0.5051611304283142,0.20618340373039246,0.5042839646339417,1.0,0.00012482227200000002,0.0041607423999999995,-0.0013416421134024858,0.9986608028411865,5,30,False,0.008208844810724258,440.74625983166834,4660.638181104005,807.1817582378426,184.42564118592418,1506.4162678269931,-10.392289150780897,nan,nan,4,0.0,0.0,0.0,0.0,1.0,0.0,0.0,3.0,2.0,0.0,0.0,1.0,600.0,-10.392289150780897
1585,3246080,-0.0014341389294713735,0.22667501419782637,4.252672545115153,0.0029035552055574954,0.026432291666666666,0.45656831512848534,-0.03852798789739609,0.49065902829170227,1.0,0.00012471168,0.004157055999999999,-0.0014960321132093668,0.9985073804855347,5,30,False,0.007785247638821602,440.79921100120475,4663.733898466075,807.6116568249563,184.52581483492395,1506.4162678269931,-10.239471471826107,nan,nan,4,0.0,0.0,0.0,0.0,1.0,0.0,0.0,3.0,3.0,0.0,0.0,1.0,600.0,-10.239471471826107
1586,3248128,-0.0012989197896483044,1.5898296356201171,4.252393929163615,0.003955553661702045,0.040237078501377255,0.5020949413379033,-0.05510924756526947,1.2936427593231201,0.9895833333333334,0.000124601088,0.004153369599999999,-0.001471858355216682,0.9985296130180359,5,30,False,0.0070408605970442295,440.8472811847912,4666.786493313033,808.1490550770104,184.62732227391098,1506.4162678269931,-10.308739800808931,nan,nan,3,0.0,0.0,0.0,0.0,1.0,0.0,0.0,3.0,3.0,0.0,0.0,1.0,600.0,-10.308739800808931
1587,3250176,-0.0009710721593971053,0.14243139401078225,4.251496950785319,0.0022488670316306524,0.01779301439722379,0.49405357738335925,0.028857050463557243,0.3886386752128601,0.9990234375,0.000124490496,0.0041496831999999996,-0.0024159022141247988,0.9975885152816772,5,30,False,0.00683199055492878,440.8931660128513,4669.726724573018,808.8110975658201,184.76190579791728,1506.4162678269931,-20.252523450842318,nan,nan,2,0.0,0.0,0.0,0.0,1.0,0.0,0.5,2.5,2.0,0.0,0.0,1.0,600.0,-20.252523450842318
1588,3252224,-0.0024511460214853287,0.08772479444742202,4.247903871536255,0.00269736610352993,0.026041666666666668,0.5216808473070462,0.09189794957637787,0.3126491904258728,1.0,0.000124379904,0.004145996799999999,-0.003346432698890567,0.9966620206832886,5,30,False,0.007057348266243935,440.9165744211431,4673.081851362906,809.3795689108665,184.8844737119216,1506.4162678269931,-10.386486677334082,nan,nan,3,0.0,0.0,0.0,0.0,1.0,0.0,0.0,3.0,2.3333333333333335,0.0,0.0,1.0,600.0,-10.386486677334082
1589,3254272,-0.00464492249302566,0.1418495163321495,4.247309573491415,0.007378788501955569,0.09518229166666667,0.49696132441361746,-0.00978096853941679,0.38771477341651917,1.0,0.00012426931199999999,0.004142310399999999,-0.002840364119037986,0.9971656799316406,5,30,False,0.010718902572989464,440.92653763683575,4676.765837406987,809.90671401094,185.00193610491988,1506.4162678269931,-10.275174778955625,nan,nan,5,0.0,0.0,0.0,0.0,1.0,0.0,0.0,3.0,2.6,0.0,0.0,1.0,600.0,-10.275174778955625
1590,3256320,-0.0029523466092844803,0.1480161003768444,4.248344691594442,0.0031317954941187053,0.028352864583333335,0.5387332538763682,0.028819572180509567,0.39996814727783203,1.0,0.00012415872000000002,0.004138624,-0.0029502527322620153,0.9970566034317017,5,30,False,0.006501480937004089,440.9439898928945,4680.2694508948625,810.4808874649898,185.11962638492696,1506.4162678269931,-10.272587255688753,nan,nan,3,0.0,0.0,0.0,0.0,1.0,0.0,0.0,3.0,3.0,0.0,0.0,1.0,600.0,-10.272587255688753
1591,3258368,-0.0019389434717595577,0.2216598704457283,4.246645085016886,0.0030500952794682234,0.024283854166666667,0.4938047428925832,0.06197764724493027,0.48700791597366333,1.0,0.000124048128,0.0041349376,-0.0038998040836304426,0.9961134791374207,5,30,False,0.0070615787990391254,440.97066174178906,4683.686366003967,811.0000029460207,185.23113548092078,1506.4162678269931,-10.211468268264298,nan,nan,4,0.0,0.0,0.0,0.0,1.0,0.0,0.0,3.0,2.0,0.0,0.0,1.0,600.0,-10.211468268264298
1592,3260416,-0.0029149798521151144,0.43527300357818605,4.244058577219645,0.004454899540481468,0.04895833333333333,0.543798170487086,-0.101601742208004,0.6699825525283813,1.0,0.00012393753600000002,0.0041312512,-0.004746085498481989,0.9952758550643921,5,30,False,0.007891105487942696,440.98819600903573,4687.182289477918,811.558683686846,185.36811287791352,1506.4162678269931,-10.338597538710019,nan,nan,4,0.0,0.0,0.0,0.0,1.0,0.0,0.0,3.0,2.5,0.0,0.0,1.0,600.0,-10.338597538710019
1593,3262464,-0.0021995780679086845,0.17137324959039688,4.242903645833334,0.0031214815254012743,0.0275390625,0.4532023012638092,0.043647028505802155,0.42505380511283875,1.0,0.000123826944,0.0041275648,-0.004291039891541004,0.9957338571548462,5,30,False,0.005842930171638727,441.02379522080895,4690.482585947131,812.0612398839876,185.4712383539154,1506.4162678269931,-10.28435480905076,nan,nan,3,0.0,0.0,0.0,0.0,1.0,0.0,0.0,3.0,2.3333333333333335,0.0,0.0,1.0,600.0,-10.28435480905076
1594,3264512,-0.0033662859971324605,0.14186788201332093,4.243388573328654,0.004082933367074778,0.04348958333333333,0.4782162015636762,0.09155445545911789,0.39930087327957153,1.0,0.000123716352,0.004123878399999999,-0.004991151858121157,0.9950376749038696,5,30,False,0.00742021668702364,441.07704671908857,4693.486739571206,812.5652471509238,185.5756475329108,1506.4162678269931,-10.399518505604647,nan,nan,2,0.0,0.0,0.0,0.0,1.0,0.0,0.0,3.0,2.0,0.0,0.0,1.0,600.0,-10.399518505604647
1595,3266560,-0.003021212201565504,0.05291805677115917,4.240837812423706,0.005175919429166243,0.06106770833333333,0.6057624399662018,0.014964589849114418,0.2602097690105438,1.0,0.00012360576000000002,0.004120191999999999,-0.005557660013437271,0.9944738149642944,5,30,False,0.014046942815184593,441.13543890252396,4696.525196206261,812.9559660268569,185.68547844891145,1506.4162678269931,-10.347170719857482,nan,nan,3,0.0,0.0,0.0,0.0,1.0,0.0,0.0,3.0,3.0,0.0,0.0,1.0,600.0,-10.347170719857482
1596,3268608,-0.0013479354073448727,2.055539619922638,4.240198532740275,0.004071072816198769,0.041124046877181776,0.4448303987582525,-0.29267701506614685,1.4541864395141602,0.994140625,0.000123495168,0.0041165056,-0.005435736384242773,0.9945950508117676,5,30,False,0.00798016507178545,441.17901365164704,4699.726066073112,813.4156371168938,185.8010506719147,1506.4162678269931,-14.250838349623018,nan,nan,5,0.0,0.0,0.0,0.0,1.0,0.0,0.2,2.8,1.4,0.0,0.0,1.0,600.0,-14.250838349623018
1597,3270656,-0.003426494775339961,0.11716359779238701,4.241083749135336,0.004859333696852749,0.053548177083333336,0.4984812080860138,0.08509062230587006,0.32131680846214294,1.0,0.000123384576,0.004112819199999999,-0.005047410726547241,0.9949835538864136,5,30,False,0.009461531415581703,441.2129020551146,4703.068347348191,813.9030286209163,185.90423544491932,1506.4162678269931,-10.320529336611798,nan,nan,3,0.0,0.0,0.0,0.0,1.0,0.0,0.0,3.0,2.3333333333333335,0.0,0.0,1.0,600.0,-10.320529336611798
1598,3272704,-0.00126595264300704,0.11728260293602943,4.2416894912719725,0.003133618402838086,0.030013020833333334,0.6248452256123225,0.07587920129299164,0.3549671471118927,1.0,0.000123273984,0.004109132799999999,-0.0051636239513754845,0.9948673248291016,5,30,False,0.006738155148923397,441.26422140381857,4706.224583250238,814.2951706469321,186.00699648192676,1506.4162678269931,-10.259033558111696,nan,nan,4,0.0,0.0,0.0,0.0,1.0,0.0,0.0,3.0,3.0,0.0,0.0,1.0,600.0,-10.259033558111696
1599,3274752,-0.0016669554325441519,0.09195759147405624,4.242181746164958,0.0030422739374140898,0.026953125,0.610963029662768,0.09884655475616455,0.305721640586853,1.0,0.000123163392,0.004105446399999999,-0.004467472434043884,0.9955572485923767,5,30,False,0.006229515187442303,441.3091215851877,4709.418355713016,814.7279659789929,186.1254539219226,1506.4162678269931,-10.29648060732552,nan,nan,4,0.0,0.0,0.0,0.0,1.0,0.0,0.0,3.0,3.0,0.0,0.0,1.0,600.0,-10.29648060732552
1600,3276800,-0.002671322273090482,0.14184651300311088,4.242980496088664,0.003957429008247952,0.04095052083333333,0.5522739698489507,0.08134057372808456,0.3768613338470459,1.0,0.0001230528,0.0041017599999999994,-0.005088369362056255,0.9949324131011963,5,30,False,0.009887407533824444,441.2334958555253,4714.510838196977,815.287022389748,186.23267739491712,1506.4162678269931,-10.240050564944491,nan,nan,3,0.0,0.0,0.0,0.0,1.0,0.0,0.0,3.0,2.3333333333333335,0.0,0.0,1.0,600.0,-10.240050564944491
1601,3278848,-0.0037821345031261444,0.08826517462730407,4.240243530273437,0.004138004979661976,0.04046223958333333,0.4743492404619853,0.0550093948841095,0.29980090260505676,1.0,0.00012294220800000003,0.0040980736,-0.005882862024009228,0.994141697883606,5,30,False,0.007545828353613615,441.2593883748724,4717.929279745062,815.7941764715797,186.35874372291437,1506.4162678269931,-10.258604866230598,nan,nan,2,0.0,0.0,0.0,0.0,1.0,0.0,0.0,3.0,3.0,0.0,0.0,1.0,600.0,-10.258604866230598
1602,3280896,-0.0011535776987633046,1.7004499912261963,4.23819211324056,0.004735070799158336,0.050654146292557316,0.4756914769609769,-0.09024316817522049,1.3256665468215942,0.98193359375,0.000122831616,0.0040943872,-0.006560537498444319,0.9934682846069336,5,30,False,0.006722494028508663,441.245012080797,4722.014840678035,816.3218019446067,186.46492729791498,1506.4162678269931,-10.341742254333743,nan,nan,3,0.0,0.0,0.0,0.0,1.0,0.0,0.0,3.0,2.3333333333333335,0.0,0.0,1.0,600.0,-10.341742254333743
1603,3282944,-0.002951199745681758,0.25234160870313643,4.237575229008993,0.00375440117108049,0.03756702658332264,0.4729468618830045,0.023640701547265053,0.5244941711425781,0.9964192708333334,0.00012272102400000002,0.0040907007999999995,-0.005925188772380352,0.9940967559814453,5,30,False,0.005917254835367203,441.20783787727635,4726.28382903013,816.9248124394362,186.68765511290985,1506.4162678269931,-14.277639242296118,nan,nan,5,0.0,0.0,0.0,0.0,1.0,0.0,0.2,2.8,2.2,0.0,0.0,1.0,600.0,-14.277639242296118
1604,3284992,-0.002385895342255632,0.18213791847229005,4.239745950698852,0.003650449412331606,0.03850911458333333,0.526713815331459,0.08992630243301392,0.42754894495010376,1.0,0.000122610432,0.0040870144,-0.005746183916926384,0.9942722320556641,5,30,False,0.008795487694442272,441.2071544264641,4730.069041846204,817.4795222965186,186.80482170690084,1506.4162678269931,-10.336781527235871,nan,nan,3,0.0,0.0,0.0,0.0,1.0,0.0,0.0,3.0,2.3333333333333335,0.0,0.0,1.0,600.0,-10.336781527235871
1605,3287040,-0.0027804493283232054,0.18411155343055724,4.2413382212320965,0.004472953003520767,0.05224609375,0.5060121218363444,0.059903472661972046,0.4339848756790161,1.0,0.00012249984,0.004083328,-0.004263905342668295,0.9957484602928162,5,30,False,0.010390520095825195,441.18411840028625,4734.096322555299,818.049739615657,186.994691731903,1506.4162678269931,-10.336426767807097,nan,nan,4,0.0,0.0,0.0,0.0,1.0,0.0,0.0,3.0,2.5,0.0,0.0,1.0,600.0,-10.336426767807097
1606,3289088,-0.0010427309510608513,0.22558414340019226,4.24459490776062,0.0020778413318718473,0.011979166666666667,0.522166982293129,-0.049276452511548996,0.4838019013404846,1.0,0.000122389248,0.0040796415999999995,-0.004207051359117031,0.995807409286499,5,30,False,0.0042899907566607,441.0647033715501,4739.860846615411,818.6355229245382,187.124825474908,1506.4162678269931,-10.274861596270114,nan,nan,4,0.0,0.0,0.0,0.0,1.0,0.0,0.0,3.0,2.5,0.0,0.0,1.0,600.0,-10.274861596270114
1607,3291136,-0.002604433017161985,1.7138869404792785,4.244173002243042,0.0034294824561386327,0.03268908595588679,0.3910114581386248,-0.14632439613342285,1.3416608572006226,0.98095703125,0.000122278656,0.004075955199999999,-0.004078839905560017,0.9959343671798706,5,30,False,0.005888767074793577,440.92551814276624,4745.872923720439,819.2519813682738,187.3183248049172,1506.4162678269931,-20.197865065338362,nan,nan,2,0.0,0.0,0.0,0.0,1.0,0.0,0.5,2.5,2.0,0.0,0.0,1.0,600.0,-20.197865065338362
1608,3293184,-0.0022632837140311797,0.19050479382276536,4.245914268493652,0.002379121699292834,0.018912760416666667,0.4079094489415487,0.042202435433864594,0.44622963666915894,1.0,0.000122168064,0.004072268799999999,-0.003045676276087761,0.9969613552093506,5,30,False,0.004372474737465382,440.92837018620384,4749.624469762464,819.7630805763765,187.44202304391365,1506.4162678269931,-10.164614421638666,nan,nan,3,0.0,0.0,0.0,0.0,1.0,0.0,0.0,3.0,2.3333333333333335,0.0,0.0,1.0,600.0,-10.164614421638666
1609,3295232,-0.0028367338236421347,0.2313811719417572,4.24879937171936,0.004185996435505028,0.0482421875,0.4347116038203239,0.021024761721491814,0.5096520781517029,1.0,0.000122057472,0.0040685823999999995,-0.0022274141665548086,0.9977755546569824,5,30,False,0.008851762861013412,440.94435703727856,4753.203476158349,820.243156419252,187.56336310891493,1506.4162678269931,-10.165655898013938,nan,nan,3,0.0,0.0,0.0,0.0,1.0,0.0,0.0,3.0,1.6666666666666667,0.0,0.0,1.0,600.0,-10.165655898013938
1610,3297280,-0.0023308466654270886,0.17793260216712953,4.250957775115967,0.004003495146753267,0.043196614583333334,0.43813221404949826,0.007241909857839346,0.4385503828525543,1.0,0.00012194688000000001,0.004064895999999999,-0.0018051788210868835,0.9981968402862549,5,30,False,0.007938416674733162,440.94275722027066,4757.065053599392,820.7569005922414,187.6797995109082,1506.4162678269931,-10.331024729576892,nan,nan,5,0.0,0.0,0.0,0.0,1.0,0.0,0.0,3.0,2.6,0.0,0.0,1.0,600.0,-10.331024729576892
1611,3299328,-0.0019187758987148603,0.04998605959117412,4.25218407313029,0.0028823901937964063,0.01875,0.49556143432855604,0.07562500238418579,0.24487242102622986,1.0,0.00012183628799999999,0.004061209599999999,-0.0014987168833613396,0.9985033869743347,5,30,False,0.004658958874642849,440.9649328180079,4760.576713963281,821.21996615424,187.7961081539106,1506.4162678269931,-10.223926807869097,nan,nan,3,0.0,0.0,0.0,0.0,1.0,0.0,0.0,3.0,3.0,0.0,0.0,1.0,600.0,-10.223926807869097
1612,3301376,-0.0032686029095202684,0.4361001133918762,4.252867333094279,0.004322716754783565,0.0490234375,0.4942535400390625,-0.002204140182584524,0.6844120025634766,1.0,0.00012172569600000003,0.0040575232,-0.0011220473097637296,0.9988798499107361,5,30,False,0.009791836142539978,440.9946997192548,4763.940648803211,821.7072630962648,187.91203323790978,1506.4162678269931,-10.203334919806366,nan,nan,60,0.0,0.0,0.0,0.0,1.0,0.0,0.08333333333333333,2.7666666666666666,2.3,0.15,nan,0.95,598.3333333333334,nan
1613,3303424,-0.0028093422452608744,0.18353008478879929,4.253320678075155,0.0040061798392950244,0.03766276041666667,0.5047107050816219,0.14008183777332306,0.4471237361431122,1.0,0.00012161510400000001,0.0040538368,-0.0012543904595077038,0.9987480044364929,5,30,False,0.006679051090031862,436.74077070116925,4768.488499647283,822.2692277024325,188.07336698690779,1578.5480447139998,-10.307481353022013,nan,nan,4,0.0,0.0,0.0,0.0,1.0,0.0,0.0,3.0,2.0,0.0,0.0,1.0,600.0,-10.307481353022013
1614,3305472,-0.003244933831350257,1.7082809627056121,4.252301502227783,0.004711399153848047,0.05516789945152899,0.4726697678367297,-0.1111086755990982,1.3384953737258911,0.97900390625,0.00012150451200000002,0.0040501504,-0.0018019052222371101,0.9982029795646667,5,30,False,0.009574247524142265,436.72340886012086,4772.457602826384,822.839977571406,188.3514181549108,1578.5480447139998,-20.07109633419941,nan,nan,2,0.0,0.0,0.0,0.0,1.0,0.0,0.5,2.5,2.0,0.0,0.0,1.0,600.0,-20.07109633419941
1615,3307520,-0.0028304026927798986,0.1644858241081238,4.250808127721151,0.004141166505481427,0.04290364583333333,0.4887517839670181,0.09785094112157822,0.3846016824245453,1.0,0.00012139392,0.004046464,-0.002237696899101138,0.9977695345878601,5,30,False,0.008242527022957802,436.63345262211817,4777.743364262395,823.475324721483,188.5024669119157,1578.5480447139998,-10.286191099109052,nan,nan,3,0.0,0.0,0.0,0.0,1.0,0.0,0.0,3.0,2.3333333333333335,0.0,0.0,1.0,600.0,-10.286191099109052
1616,3309568,-0.001422436550880472,0.27359586805105207,4.25049409866333,0.002239231194835156,0.006673177083333333,0.4472105085849762,0.10028048604726791,0.5442984700202942,1.0,0.00012128332800000001,0.004042777599999999,-0.0018819337710738182,0.9981233477592468,5,30,False,0.008122902363538742,436.5298080433691,4783.275370673466,824.0802266584942,188.6474628009164,1578.5480447139998,-10.107996944778165,nan,nan,3,0.0,0.0,0.0,0.0,1.0,0.0,0.0,3.0,2.3333333333333335,0.0,0.0,1.0,600.0,-10.107996944778165
1617,3311616,-0.0024437071445087594,0.2616942510008812,4.250941546758016,0.002549604062611858,0.02373046875,0.47772118548552195,0.035799890756607056,0.5202520489692688,1.0,0.000121172736,0.0040390912,-0.0021760836243629456,0.997830331325531,5,30,False,0.006207003258168697,436.5469808174655,4786.920728822617,824.5524812785006,188.7559248809266,1578.5480447139998,-10.164894738003204,nan,nan,5,0.0,0.0,0.0,0.0,1.0,0.0,0.0,3.0,2.6,0.0,0.0,1.0,600.0,-10.164894738003204
1618,3313664,-0.001260323318031927,5.4344995498657225,4.250214672088623,0.0033612874391353003,0.03480710133832569,0.44322510361671447,-0.2516371011734009,2.3145012855529785,0.9933268229166666,0.00012106214400000001,0.0040354048,-0.0022085425443947315,0.9977988004684448,5,30,False,0.007324323523789644,436.6000317526234,4789.978697077662,825.0156653814047,188.86171336392,1578.5480447139998,-23.360048275271083,nan,nan,3,0.0,0.0,0.0,0.0,1.0,0.0,0.6666666666666666,2.3333333333333335,3.0,0.0,0.0,1.0,600.0,-23.360048275271083
1619,3315712,-0.003342492925003171,0.44636731743812563,4.250258127848308,0.003639764294105892,0.03372395833333333,0.4258594517906507,0.03023548424243927,0.7027220726013184,1.0,0.00012095155199999999,0.004031718399999999,-0.0020925099961459637,0.9979140162467957,5,30,False,0.006603909190744162,436.6552208693319,4792.824216689696,825.5023748194508,188.99376587191364,1578.5480447139998,-10.29324100622739,nan,nan,4,0.0,0.0,0.0,0.0,1.0,0.0,0.0,3.0,1.5,0.0,0.0,1.0,600.0,-10.29324100622739
1620,3317760,-0.00308271364774555,0.16595959961414336,4.250924221674601,0.00481311283656396,0.055891927083333334,0.457145760456721,0.06852912157773972,0.4325016438961029,1.0,0.00012084096,0.004028031999999999,-0.001930675352923572,0.9980740547180176,5,30,False,0.007856301963329315,436.6923705929633,4796.123115778639,825.9632843473664,189.1201199759089,1578.5480447139998,-10.267075786897294,nan,nan,3,0.0,0.0,0.0,0.0,1.0,0.0,0.0,3.0,1.6666666666666667,0.0,0.0,1.0,600.0,-10.267075786897294
1621,3319808,-0.0018069105281028897,1.914804470539093,4.250862566630046,0.0043092822708190445,0.047783145463714996,0.4086363558967908,-0.0303486417979002,1.3996983766555786,0.998046875,0.00012073036799999998,0.004024345599999999,-0.002139014657586813,0.9978656768798828,5,30,False,0.008338059298694134,436.7130261395452,4799.718875125589,826.422453693318,189.25387999491068,1578.5480447139998,-10.175901549446584,nan,nan,3,0.0,0.0,0.0,0.0,1.0,0.0,0.0,3.0,3.0,0.0,0.0,1.0,600.0,-10.175901549446584
1622,3321856,-0.0023425919003784656,0.14754858016967773,4.249690341949463,0.003402984208635947,0.032670463412068786,0.4736653397480647,0.05865868926048279,0.3929555416107178,0.9925130208333334,0.000120619776,0.004020659199999999,-0.002557148924097419,0.9974478483200073,5,30,False,0.0072845895774662495,436.73048656814217,4803.306275397685,826.9158044742508,189.39071014091314,1578.5480447139998,-16.85402747077084,nan,nan,3,0.0,0.0,0.0,0.0,1.0,0.0,0.3333333333333333,2.6666666666666665,2.3333333333333335,0.0,0.0,1.0,600.0,-16.85402747077084
1623,3323904,-0.0006641278819491466,2.0490816473960876,4.2480861186981205,0.0010900838363403053,0.003008497576229274,0.5137479255596796,-0.06420320272445679,1.465248942375183,0.9952799479166666,0.00012050918400000003,0.0040169728,-0.003445994108915329,0.9965620040893555,5,30,False,0.0025200729724019766,436.7116225760807,4807.438159994723,827.4802107102878,189.5414979699126,1578.5480447139998,-10.280437588575296,nan,nan,3,0.0,0.0,0.0,0.0,1.0,0.0,0.0,3.0,2.3333333333333335,0.0,0.0,1.0,600.0,-10.280437588575296
1624,3325952,0.005682417324611119,1.7778042554855347,4.246197359902518,0.006677094223185013,0.00028614357246884277,0.46378523111343384,0.024434182792901993,1.3876794576644897,0.9765625,0.00012039859200000001,0.0040132864,-0.0036539477296173573,0.9963548183441162,2,7,True,0.02300686202943325,436.6714244072981,4812.02127500964,828.018362614268,189.63164705090458,1578.5480447139998,-15.163590522382265,nan,nan,4,0.0,0.0,0.0,0.0,1.0,0.0,0.25,2.75,2.5,0.0,0.0,1.0,600.0,-15.163590522382265
1625,3328000,-0.00222823986162742,0.1605870619416237,4.2450349966684975,0.0035234256776048413,0.03564384210233887,0.5215172668298086,0.23729844391345978,0.419556200504303,0.974609375,0.00012028800000000002,0.0040095999999999994,-0.0040899235755205154,0.9959218502044678,5,30,False,0.008972220122814178,436.6174613996341,4816.626427114621,828.5871126233396,189.7902872008999,1578.5480447139998,-15.281317495149494,nan,nan,4,0.0,0.0,0.0,0.0,1.0,0.0,0.25,2.75,2.5,0.0,0.0,1.0,600.0,-15.281317495149494
1626,3330048,-0.0030594254417034487,1.9901641011238098,4.244383478164673,0.005360834869598582,0.06221875507229318,0.5488701487580935,-0.24784594774246216,1.4275553226470947,0.9840494791666666,0.00012017740800000001,0.0040059136,-0.004205976612865925,0.9958054423332214,5,30,False,0.013418790884315968,436.5201929643151,4822.167593882652,829.1227131383057,189.93096117190726,1578.5480447139998,-10.208097565967364,nan,nan,4,0.0,0.0,0.0,0.0,1.0,0.0,0.0,3.0,3.0,0.0,0.0,1.0,600.0,-10.208097565967364
1627,3332096,-0.0025420226738788188,0.25953998863697053,4.243437576293945,0.0031872164367525713,0.03143683441060906,0.4753402039408684,0.15351548790931702,0.5074164271354675,0.9847005208333334,0.00012006681600000002,0.0040022272,-0.0047810254618525505,0.9952332973480225,5,30,False,0.006390876602381468,436.53218937307145,4825.859790493749,829.6201857394335,190.06127410191402,1578.5480447139998,-16.909160114380455,nan,nan,3,0.0,0.0,0.0,0.0,1.0,0.0,0.3333333333333333,2.6666666666666665,1.6666666666666667,0.0,0.0,1.0,600.0,-16.909160114380455
1628,3334144,-0.001392858847975731,0.14818233847618104,4.242327260971069,0.0023925061260039607,0.015625,0.5114955882231395,0.20305204391479492,0.4049144387245178,1.0,0.000119956224,0.0039985407999999995,-0.004839031025767326,0.995175838470459,5,30,False,0.004693005234003067,436.55823604520447,4829.269697725846,830.1351860113937,190.19574730291788,1578.5480447139998,-10.114896339929487,nan,nan,3,0.0,0.0,0.0,0.0,1.0,0.0,0.0,3.0,3.0,0.0,0.0,1.0,600.0,-10.114896339929487
1629,3336192,-0.0016640443199624618,0.09598899111151696,4.242374165852865,0.0027053760093015927,0.022005208333333335,0.4486607626080513,0.09161760658025742,0.3238329589366913,1.0,0.00011984563200000001,0.003994854399999999,-0.004798831418156624,0.9952141046524048,5,30,False,0.005049608647823334,436.5858055008823,4832.685128203899,830.6509097632952,190.31922318492434,1578.5480447139998,-10.296180860575987,nan,nan,3,0.0,0.0,0.0,0.0,1.0,0.0,0.0,3.0,3.0,0.0,0.0,1.0,600.0,-10.296180860575987
1630,3338240,-0.0029453426599502564,0.242450450360775,4.242215855916341,0.004179059712138648,0.044108072916666664,0.47171484033266703,-0.055316925048828125,0.5266901850700378,1.0,0.00011973504,0.003991167999999999,-0.00495539978146553,0.9950581789016724,5,30,False,0.007396286353468895,436.6271703905851,4835.829730256926,831.1946360791335,190.4406895479333,1578.5480447139998,-10.274821900381767,nan,nan,3,0.0,0.0,0.0,0.0,1.0,0.0,0.0,3.0,2.3333333333333335,0.0,0.0,1.0,600.0,-10.274821900381767
1631,3340288,-0.003042093152180314,0.7616295427083969,4.243162218729655,0.004144746167973305,0.04794921875,0.43530773321787514,0.03279242664575577,0.9195502996444702,1.0,0.000119624448,0.0039874815999999995,-0.003928686957806349,0.9960803985595703,5,30,False,0.011324850842356682,436.65499099636213,4839.292177364769,831.647700632253,190.57294266993995,1578.5480447139998,-10.210947128241742,nan,nan,4,0.0,0.0,0.0,0.0,1.0,0.0,0.0,3.0,2.0,0.0,0.0,1.0,600.0,-10.210947128241742
1632,3342336,-0.0014349449736376604,0.20990345776081085,4.245878092447916,0.005368584846534455,0.06901041666666667,0.6206942016879717,0.06101192161440849,0.46476632356643677,1.0,0.00011951385599999999,0.003983795199999999,-0.003595310728996992,0.9964134693145752,5,30,False,0.011725371703505516,436.6246466547215,4843.788611889744,832.0794024882634,190.72126386893797,1578.5480447139998,-10.284851805975677,nan,nan,4,0.0,0.0,0.0,0.0,1.0,0.0,0.0,3.0,2.0,0.0,0.0,1.0,600.0,-10.284851805975677
1633,3344384,-0.0010568856067645052,1.5783213019371032,4.245510323842367,0.0032967370952180866,0.02598238894715905,0.4649526908993721,-0.19778302311897278,1.279089093208313,0.9925130208333334,0.000119403264,0.003980108799999999,-0.0040305061265826225,0.9959797859191895,5,30,False,0.005871395580470562,436.60201143698487,4848.119790966608,832.5258419693273,190.8801943439321,1578.5480447139998,-9.95864724932278,nan,nan,4,0.0,0.0,0.0,0.0,1.0,0.0,0.0,3.0,3.0,0.0,0.0,1.0,600.0,-9.95864724932278
1634,3346432,-0.0029663701716344804,0.429874512553215,4.244741821289063,0.0031411309424020334,0.030543822531277933,0.4906254639228185,0.14151321351528168,0.6459922194480896,0.9833984375,0.00011929267200000003,0.0039764223999999996,-0.0037643704563379288,0.9962444305419922,5,30,False,0.008463420905172825,436.5585773551363,4852.702127666722,833.0803373471863,191.03733340493636,1578.5480447139998,-16.82681948773931,nan,nan,3,0.0,0.0,0.0,0.0,1.0,0.0,0.3333333333333333,2.6666666666666665,3.0,0.0,0.0,1.0,600.0,-16.82681948773931
1635,3348480,-0.0006795152565852429,1.6116432905197144,4.245839595794678,0.0038368455826581402,0.036200779986878234,0.5592470919092496,0.015634218230843544,1.2937957048416138,0.978515625,0.00011918208000000002,0.003972736,-0.003743812907487154,0.9962664842605591,5,30,False,0.007086757104843855,436.5146489353466,4857.34711959456,833.6120986522292,191.1721363629331,1578.5480447139998,-10.227173977849475,nan,nan,3,0.0,0.0,0.0,0.0,1.0,0.0,0.0,3.0,2.3333333333333335,0.0,0.0,1.0,600.0,-10.227173977849475
1636,3350528,-0.002386226981373814,0.09948215931653977,4.24597282409668,0.0032940771155189454,0.028682066570036115,0.4320359393954277,0.1586354523897171,0.2718605101108551,0.994140625,0.00011907148800000003,0.0039690496,-0.0034598801285028458,0.996549129486084,5,30,False,0.004632560536265373,436.4988928979785,4861.5773827214725,834.0724202422425,191.29366689993185,1578.5480447139998,-16.69072859296375,nan,nan,3,0.0,0.0,0.0,0.0,1.0,0.0,0.3333333333333333,2.6666666666666665,3.0,0.0,0.0,1.0,600.0,-16.69072859296375
1637,3352576,-3.440449945628643e-05,1.6454883337020874,4.246148173014323,0.0010148327792083003,0.004077530951083948,0.4758464202284813,-0.05887747183442116,1.3138290643692017,0.9833984375,0.00011896089600000001,0.0039653632,-0.0038070380687713623,0.9962038397789001,5,30,False,0.0038787471130490303,436.5017705313615,4865.419235953552,834.5286386093212,191.42152768293454,1578.5480447139998,-10.15238725771538,nan,nan,3,0.0,0.0,0.0,0.0,1.0,0.0,0.0,3.0,2.3333333333333335,0.0,0.0,1.0,600.0,-10.15238725771538
1638,3354624,-0.0015762916630289207,0.2162405014038086,4.245301818847656,0.0032408895143949696,0.014136154119235774,0.5323883747061093,0.04747159034013748,0.49599218368530273,0.9899088541666666,0.00011885030400000002,0.003961676799999999,-0.003746566129848361,0.9962641596794128,5,30,False,0.008203346282243729,436.5199471381414,4869.0959277416405,834.9790107862791,191.53771142693586,1578.5480447139998,-15.072469970083915,nan,nan,4,0.0,0.0,0.0,0.0,1.0,0.0,0.25,2.75,3.0,0.0,0.0,1.0,600.0,-15.072469970083915
1639,3356672,-0.0017607954951624075,0.11184601485729218,4.2461240768432615,0.002534842952930679,0.020865885416666667,0.5308673242727916,0.11555900424718857,0.33973243832588196,1.0,0.000118739712,0.0039579904,-0.0034214328043162823,0.9965872764587402,5,30,False,0.007630278822034597,436.53560045035397,4872.836306292549,835.4141170163202,191.64722680793784,1578.5480447139998,-10.193817214858427,nan,nan,4,0.0,0.0,0.0,0.0,1.0,0.0,0.0,3.0,3.0,0.0,0.0,1.0,600.0,-10.193817214858427
1640,3358720,-0.0015036477319275339,3.14187867641449,4.246776421864827,0.0026747630970786434,0.021464163592706125,0.5243569483359655,-0.19639751315116882,1.8224055767059326,0.9554036458333334,0.00011862912000000001,0.003954304,-0.0032800212502479553,0.9967271089553833,5,30,False,0.005697439890354872,436.56571580830706,4876.282068860644,835.8503510091105,191.78883859993948,1578.5480447139998,-20.09504866213547,nan,nan,4,0.0,0.0,0.0,0.0,1.0,0.0,0.5,2.5,3.0,0.0,0.0,1.0,600.0,-20.09504866213547
1641,3360768,-0.0020953588085831144,1.725213772058487,4.248087803522746,0.004095515121650332,0.047453877267738184,0.41782085100809735,0.05557052418589592,1.3588191270828247,0.9728190104166666,0.000118518528,0.003950617599999999,-0.002614521887153387,0.997390627861023,5,30,False,0.0080031743273139,436.58328290371463,4879.910901340612,836.3185968189646,191.92902388694347,1578.5480447139998,-10.340549813950872,nan,nan,2,0.0,0.0,0.0,0.0,1.0,0.0,0.0,3.0,2.0,0.0,0.0,1.0,600.0,-10.340549813950872
1642,3362816,-0.0014891592552885413,0.1975773021578789,4.247309064865112,0.003382949342873568,0.03315514229858915,0.5490109503269196,0.13179084658622742,0.4177234470844269,0.9993489583333334,0.00011840793600000001,0.003946931199999999,-0.004218255169689655,0.9957913160324097,5,30,False,0.009271416813135147,436.5804648091568,4883.873193862615,836.8106799978996,192.06435868093104,1578.5480447139998,-15.19543745075373,nan,nan,4,0.0,0.0,0.0,0.0,1.0,0.0,0.25,2.75,2.0,0.0,0.0,1.0,600.0,-15.19543745075373
1643,3364864,-0.0022708674504732093,0.07609926275908947,4.242923227945964,0.004153254552511499,0.04013671875,0.5725826064745585,0.09832712262868881,0.29040637612342834,1.0,0.00011829734399999999,0.003943244799999999,-0.004638087935745716,0.9953729510307312,5,30,False,0.007714805193245411,436.5876714069744,4887.710045820582,837.263632499933,192.19204468093812,1578.5480447139998,-10.008704607871854,nan,nan,3,0.0,0.0,0.0,0.0,1.0,0.0,0.0,3.0,3.0,0.0,0.0,1.0,600.0,-10.008704607871854
1644,3366912,-0.0027211066801100968,0.1968289390206337,4.2432730038960775,0.0031389156744504967,0.0259765625,0.4376497973998388,0.12476783990859985,0.45449399948120117,1.0,0.000118186752,0.003939558399999999,-0.004322316497564316,0.9956874847412109,5,30,False,0.0057806698605418205,436.592041388987,4891.622093860467,837.7074781689735,192.30567348394834,1578.5480447139998,-10.263280850553807,nan,nan,3,0.0,0.0,0.0,0.0,1.0,0.0,0.0,3.0,2.3333333333333335,0.0,0.0,1.0,600.0,-10.263280850553807
1645,3368960,-0.0025522195268422366,0.19545153230428697,4.244140068689982,0.0040558676953272275,0.0421875,0.5002716432015101,0.06593342870473862,0.44668468832969666,1.0,0.00011807616000000001,0.003935872,-0.004223202355206013,0.9957865476608276,5,30,False,0.008560551330447197,436.60872153761903,4895.273187562518,838.1806771619886,192.42477567493916,1578.5480447139998,-10.203839499222795,nan,nan,4,0.0,0.0,0.0,0.0,1.0,0.0,0.0,3.0,3.0,0.0,0.0,1.0,600.0,-10.203839499222795
1646,3371008,-0.0009118626592680811,0.24306624084711076,4.245565064748129,0.0032542918595330167,0.01669921875,0.472420364121596,0.15406984090805054,0.4984704852104187,1.0,0.00011796556800000002,0.0039321856,-0.0030922642908990383,0.9969139099121094,5,30,False,0.00838744267821312,436.6286119135041,4898.695949402681,838.7015418829396,192.54842351893603,1578.5480447139998,-10.16924768547699,nan,nan,4,0.0,0.0,0.0,0.0,1.0,0.0,0.0,3.0,3.0,0.0,0.0,1.0,600.0,-10.16924768547699
1647,3373056,-0.0036270609338923047,1.2855020761489868,4.2491569995880125,0.005124918742046466,0.061191999601821104,0.43724437604347866,0.10210240632295609,1.1471151113510132,0.9752604166666666,0.00011785497600000003,0.003928499199999999,-0.0020581490825861692,0.9979453086853027,5,30,False,0.010378151200711727,436.66194498502995,4902.005582469719,839.2095648399409,192.6664477259328,1578.5480447139998,-15.117324211880373,nan,nan,4,0.0,0.0,0.0,0.0,1.0,0.0,0.25,2.75,2.5,0.0,0.0,1.0,600.0,-15.117324211880373
1648,3375104,-0.0027385000605136154,0.12673938050866126,4.2509965896606445,0.0036669613589765506,0.030631510416666667,0.486746783554554,0.17154619097709656,0.3360865116119385,1.0,0.00011774438400000001,0.0039248128,-0.0018882518634200096,0.9981147050857544,5,30,False,0.006093696225434542,436.68761001032027,4905.424757277811,839.7127524668031,192.82094569793844,1578.5480447139998,-10.241683199925319,nan,nan,2,0.0,0.0,0.0,0.0,1.0,0.0,0.0,3.0,3.0,0.0,0.0,1.0,600.0,-10.241683199925319
1649,3377152,-0.0029069811726609865,0.4088071197271347,4.250859371821085,0.0037088771738732853,0.03704427083333333,0.5300937602917354,-0.0482371523976326,0.6454840898513794,1.0,0.00011763379200000002,0.0039211264,-0.002058424986898899,0.997945249080658,5,30,False,0.007373602129518986,436.716441885991,4908.787611354739,840.2146817717876,192.9556583539379,1578.5480447139998,-10.184994743162719,nan,nan,4,0.0,0.0,0.0,0.0,1.0,0.0,0.0,3.0,2.5,0.0,0.0,1.0,600.0,-10.184994743162719
1650,3379200,-0.0008573462100078662,0.2955155223608017,4.250318765640259,0.0017516446687902013,0.01015625,0.4983722557624181,-0.011539961211383343,0.5643524527549744,1.0,0.0001175232,0.0039174399999999995,-0.0022556022740900517,0.9977483749389648,5,30,False,0.0035001952201128006,436.7569557826038,4912.037182831846,840.6768625668192,193.0657236679399,1578.5480447139998,-10.124109189861732,nan,nan,3,0.0,0.0,0.0,0.0,1.0,0.0,0.0,3.0,2.3333333333333335,0.0,0.0,1.0,600.0,-10.124109189861732
1651,3381248,-0.0023970413021743298,1.7295567512512207,4.2507498105367025,0.003992339329491568,0.040468579282363255,0.41197372575600943,-0.1002107709646225,1.3461410999298096,0.9959309895833334,0.00011741260800000002,0.003913753599999999,-0.001665737247094512,0.9983365535736084,5,30,False,0.006491767708212137,436.7656687135054,4915.779810181935,841.2048135698715,193.18228081094276,1578.5480447139998,-10.10659530068248,nan,nan,3,0.0,0.0,0.0,0.0,1.0,0.0,0.0,3.0,3.0,0.0,0.0,1.0,600.0,-10.10659530068248
1652,3383296,-0.0020072076780100665,0.30424792468547823,4.251890484491984,0.002163011215591363,0.013384894960715125,0.4161057750384013,0.03807027265429497,0.533073902130127,0.9772135416666666,0.000117302016,0.0039100672,-0.00176145788282156,0.9982413053512573,5,30,False,0.004422096535563469,436.78775741717044,4919.263592633011,841.711292606793,193.33112323393289,1578.5480447139998,-15.219555759528362,nan,nan,4,0.0,0.0,0.0,0.0,1.0,0.0,0.25,2.75,2.0,0.0,0.0,1.0,600.0,-15.219555759528362
1653,3385344,-0.0012324437809487184,0.18402549475431443,4.251277335484823,0.002493031945778057,0.01337890625,0.47021747281153997,0.056238435208797455,0.4379388689994812,1.0,0.00011719142400000001,0.0039063807999999995,-0.0019097072072327137,0.9980936050415039,5,30,False,0.005490557290613651,436.7638126450714,4923.484080317023,842.3016270007065,193.46243047792814,1578.5480447139998,-9.87119465325057,nan,nan,4,0.0,0.0,0.0,0.0,1.0,0.0,0.0,3.0,2.5,0.0,0.0,1.0,600.0,-9.87119465325057
1654,3387392,-0.0014773713580022256,0.652773243188858,4.250573794047038,0.0032299214547189575,0.02373046875,0.48144176304340364,-0.05428662151098251,0.8284496665000916,1.0,0.00011708083199999999,0.0039026943999999992,-0.0022513808216899633,0.9977543354034424,5,30,False,0.007370068226009607,436.7730820250524,4927.20790454917,842.7990329056338,193.58715868691797,1578.5480447139998,-10.036331697587684,nan,nan,4,0.0,0.0,0.0,0.0,1.0,0.0,0.0,3.0,3.0,0.0,0.0,1.0,600.0,-10.036331697587684
1655,3389440,-0.0011227885299983124,1.4832654625177384,4.250558360417684,0.003434112926642759,0.03188028895917038,0.4346049005786578,-0.06875500828027725,1.2515374422073364,0.9952799479166666,0.00011697024,0.003899007999999999,-0.0017397748306393623,0.9982643127441406,5,30,False,0.007815583609044552,436.810975712301,4930.407483090952,843.2628016976814,193.70772795792436,1578.5480447139998,-19.974703354306158,nan,nan,2,0.0,0.0,0.0,0.0,1.0,0.0,0.5,2.5,2.0,0.0,0.0,1.0,600.0,-19.974703354306158
1656,3391488,-0.0028199811931699514,0.2108160987496376,4.252623653411865,0.004057187024348726,0.04033203125,0.493047762910525,0.16563735902309418,0.45179593563079834,1.0,0.00011685964800000001,0.0038953216000000004,-0.0011038297088816762,0.9988976716995239,5,30,False,0.007684164214879274,436.87148869815957,4933.304458536048,843.7004639487277,193.8188460919191,1578.5480447139998,-10.209167606237619,nan,nan,3,0.0,0.0,0.0,0.0,1.0,0.0,0.0,3.0,3.0,0.0,0.0,1.0,600.0,-10.209167606237619
1657,3393536,-0.0023992812959477304,0.2513648882508278,4.252966896692912,0.004888878401834518,0.05634765625,0.47914539724588395,-0.021809618920087814,0.5234240889549255,1.0,0.00011674905600000002,0.0038916352,-0.0017039177473634481,0.9982990622520447,5,30,False,0.010674401186406612,436.9211731761697,4936.351534075075,844.1804877776885,193.93641911190934,1578.5480447139998,-10.315257895620334,nan,nan,4,0.0,0.0,0.0,0.0,1.0,0.0,0.0,3.0,1.5,0.0,0.0,1.0,600.0,-10.315257895620334
1658,3395584,0.0022242750662068525,0.3583055019378662,4.250581487019857,0.0022215313045307996,0.010514322916666667,0.5233258321881294,0.013147092424333096,0.6222341060638428,1.0,0.000116638464,0.0038879488,-0.002448790241032839,0.997556209564209,5,30,False,0.005195616744458675,436.9724379426386,4939.4649746861105,844.5960483514937,194.05211106091156,1578.5480447139998,-10.101331315219388,nan,nan,3,0.0,0.0,0.0,0.0,1.0,0.0,0.0,3.0,2.3333333333333335,0.0,0.0,1.0,600.0,-10.101331315219388
1659,3397632,-0.0018646702480812868,0.16912832260131835,4.248154417673747,0.002843838161788881,0.019205729166666668,0.4642750923832258,0.07800684869289398,0.4131256639957428,1.0,0.00011652787200000002,0.0038842623999999996,-0.003505053697153926,0.9965028762817383,5,30,False,0.005388365127146244,437.00243460687886,4942.827590269953,845.0863965054014,194.19568242890819,1578.5480447139998,-10.078614551683927,nan,nan,4,0.0,0.0,0.0,0.0,1.0,0.0,0.0,3.0,3.0,0.0,0.0,1.0,600.0,-10.078614551683927
1660,3399680,-0.0027675602429856855,0.16392230242490768,4.246098534266154,0.003921402338892222,0.04296875,0.5178341249624888,0.10732334852218628,0.4203665852546692,1.0,0.00011641728,0.0038805759999999993,-0.0035238536074757576,0.9964841604232788,5,30,False,0.008492514491081238,437.0213226704179,4946.400360625019,845.5617444795207,194.33775932090066,1578.5480447139998,-10.250737405232371,nan,nan,4,0.0,0.0,0.0,0.0,1.0,0.0,0.0,3.0,1.5,0.0,0.0,1.0,600.0,-10.250737405232371
